ts_code,symbol,name,area,industry,list_date,delist_date,list_status,exchange,market
920298.BJ,920298,腾信精密,广东,机械基件,20260916,,L,BSE,北交所
601091.SH,601091,C沈鼓,辽宁,机械基件,20260917,,L,SSE,主板
920268.BJ,920268,百迈科,海南,医疗保健,20260909,,L,BSE,北交所
688837.SH,688837,C信诺维,江苏,生物制药,20260916,,L,SSE,科创板
688801.SH,688801,燧原科技,上海,半导体,20260911,,L,SSE,科创板
920269.BJ,920269,杰锋动力,安徽,汽车配件,20260907,,L,BSE,北交所
920289.BJ,920289,华汇智能,广东,专用机械,20260904,,L,BSE,北交所
301689.SZ,301689,电科思仪,山东,电器仪表,20260910,,L,SZSE,创业板
920071.BJ,920071,金钛股份,辽宁,小金属,20260903,,L,BSE,北交所
603448.SH,603448,天博智能,山东,汽车配件,20260907,,L,SSE,主板
301699.SZ,301699,洛轴股份,河南,机械基件,20260909,,L,SZSE,创业板
920288.BJ,920288,华大海天,浙江,造纸,20260828,,L,BSE,北交所
601123.SH,601123,马矿股份,福建,普钢,20260901,,L,SSE,主板
920093.BJ,920093,信胜科技,浙江,纺织机械,20260821,,L,BSE,北交所
301697.SZ,301697,贝特利,江苏,化工原料,20260901,,L,SZSE,创业板
920059.BJ,920059,双英集团,广西,汽车配件,20260819,,L,BSE,北交所
688835.SH,688835,高凯技术,江苏,专用机械,20260825,,L,SSE,科创板
301688.SZ,301688,格林生物,浙江,化工原料,20260902,,L,SZSE,创业板
920107.BJ,920107,恒兴股份,湖南,染料涂料,20260817,,L,BSE,北交所
920138.BJ,920138,杰理科技,广东,软件服务,20260812,,L,BSE,北交所
688836.SH,688836,宇树科技,浙江,专用机械,20260819,,L,SSE,科创板
301655.SZ,301655,绿控传动,江苏,汽车配件,20260820,,L,SZSE,创业板
688826.SH,688826,频准激光,上海,元器件,20260818,,L,SSE,科创板
920165.BJ,920165,珈凯生物,上海,日用化工,20260811,,L,BSE,北交所
920038.BJ,920038,森合高科,广西,化工原料,20260805,,L,BSE,北交所
688828.SH,688828,国仪公司,安徽,电器仪表,20260811,,L,SSE,科创板
301717.SZ,301717,超纯应材,四川,半导体,20260811,,L,SZSE,创业板
920258.BJ,920258,聚仁新材,湖南,化工原料,20260803,,L,BSE,北交所
920065.BJ,920065,千岸科技,深圳,互联网,20260729,,L,BSE,北交所
301707.SZ,301707,展芯股份,江苏,元器件,20260807,,L,SZSE,创业板
603468.SH,603468,津富士达,天津,摩托车,20260806,,L,SSE,主板
001232.SZ,001232,嘉立创,深圳,元器件,20260804,,L,SZSE,主板
920238.BJ,920238,长鹰硬科,江苏,机械基件,20260724,,L,BSE,北交所
301677.SZ,301677,欣兴工具,浙江,机械基件,20260730,,L,SZSE,创业板
920176.BJ,920176,维琪科技,深圳,化工原料,20260727,,L,BSE,北交所
688825.SH,688825,长鑫科技,安徽,半导体,20260727,,L,SSE,科创板
920079.BJ,920079,乔路铭,浙江,汽车配件,20260722,,L,BSE,北交所
920117.BJ,920117,龙鑫智能,江苏,专用机械,20260716,,L,BSE,北交所
688806.SH,688806,泰诺麦博,广东,生物制药,20260721,,L,SSE,科创板
920081.BJ,920081,欧伦电气,浙江,家用电器,20260710,,L,BSE,北交所
920189.BJ,920189,康美特,北京,化工原料,20260708,,L,BSE,北交所
920136.BJ,920136,永励精密,浙江,汽车配件,20260709,,L,BSE,北交所
301583.SZ,301583,托伦斯,江苏,机械基件,20260710,,L,SZSE,创业板
920222.BJ,920222,益坤电气,浙江,电气设备,20260630,,L,BSE,北交所
920193.BJ,920193,吉和昌,湖北,化工原料,20260702,,L,BSE,北交所
001248.SZ,001248,华润新能源,深圳,新型电力,20260702,,L,SZSE,主板
920072.BJ,920072,科莱瑞迪,广东,医疗保健,20260629,,L,BSE,北交所
001399.SZ,001399,惠科股份,深圳,元器件,20260626,,L,SZSE,主板
688797.SH,688797,臻宝科技,重庆,半导体,20260624,,L,SSE,科创板
920220.BJ,920220,朗信电气,江苏,汽车配件,20260522,,L,BSE,北交所
920218.BJ,920218,新天力,浙江,塑料,20260529,,L,BSE,北交所
920211.BJ,920211,新睿电子,浙江,专用机械,20260605,,L,BSE,北交所
920206.BJ,920206,彩客科技,河北,染料涂料,20260608,,L,BSE,北交所
920200.BJ,920200,振宏股份,江苏,电气设备,20260507,,L,BSE,北交所
920191.BJ,920191,瑞尔竞达,安徽,其他建材,20260420,,L,BSE,北交所
920188.BJ,920188,悦龙科技,山东,橡胶,20260330,,L,BSE,北交所
920187.BJ,920187,通领科技,上海,汽车配件,20260305,,L,BSE,北交所
920186.BJ,920186,中科仪,辽宁,机械基件,20260429,,L,BSE,北交所
920183.BJ,920183,海菲曼,江苏,IT设备,20260304,,L,BSE,北交所
920181.BJ,920181,赛英电子,江苏,元器件,20260410,,L,BSE,北交所
920180.BJ,920180,爱得科技,江苏,医疗保健,20260210,,L,BSE,北交所
920178.BJ,920178,锐翔智能,广东,专用机械,20260515,,L,BSE,北交所
920177.BJ,920177,恒道科技,浙江,专用机械,20260416,,L,BSE,北交所
920168.BJ,920168,通宝光电,江苏,汽车配件,20260226,,L,BSE,北交所
920166.BJ,920166,海圣医疗,浙江,医疗保健,20260212,,L,BSE,北交所
920161.BJ,920161,龙辰科技,湖北,元器件,20260527,,L,BSE,北交所
920159.BJ,920159,农大科技,山东,农药化肥,20260128,,L,BSE,北交所
920156.BJ,920156,海昌智能,河南,专用机械,20260427,,L,BSE,北交所
920126.BJ,920126,永大股份,江苏,专用机械,20260615,,L,BSE,北交所
920125.BJ,920125,鸿仕达,江苏,专用机械,20260424,,L,BSE,北交所
920119.BJ,920119,美德乐,辽宁,专用机械,20260130,,L,BSE,北交所
920096.BJ,920096,嘉晨智能,河南,电器仪表,20260518,,L,BSE,北交所
920083.BJ,920083,金戈新材,广东,矿物制品,20260611,,L,BSE,北交所
920078.BJ,920078,族兴新材,湖南,小金属,20260318,,L,BSE,北交所
920069.BJ,920069,普昂医疗,浙江,医疗保健,20260327,,L,BSE,北交所
920055.BJ,920055,隆源股份,浙江,汽车配件,20260331,,L,BSE,北交所
920036.BJ,920036,觅睿科技,浙江,IT设备,20260309,,L,BSE,北交所
920028.BJ,920028,新恒泰,浙江,塑料,20260320,,L,BSE,北交所
920012.BJ,920012,创达新材,江苏,元器件,20260413,,L,BSE,北交所
920011.BJ,920011,晨光电机,浙江,电气设备,20260408,,L,BSE,北交所
688820.SH,688820,盛合晶微,江苏,半导体,20260421,,L,SSE,科创板
688818.SH,688818,电科蓝天,天津,航空,20260210,,L,SSE,科创板
688816.SH,688816,易思维,浙江,专用机械,20260211,,L,SSE,科创板
688813.SH,688813,泰金新能,陕西,专用机械,20260331,,L,SSE,科创板
688811.SH,688811,有研复材,北京,小金属,20260410,,L,SSE,科创板
688808.SH,688808,联讯仪器,江苏,电器仪表,20260424,,L,SSE,科创板
688785.SH,688785,恒运昌,深圳,半导体,20260128,,L,SSE,科创板
688781.SH,688781,视涯科技,安徽,元器件,20260325,,L,SSE,科创板
688712.SH,688712,北芯生命,深圳,医疗保健,20260205,,L,SSE,科创板
688635.SH,688635,长进光子,湖北,通信设备,20260527,,L,SSE,科创板
603459.SH,603459,红板科技,江西,元器件,20260408,,L,SSE,主板
603435.SH,603435,嘉德利,福建,元器件,20260522,,L,SSE,主板
603407.SH,603407,长裕集团,山东,化工原料,20260511,,L,SSE,主板
603293.SH,603293,埃泰克,安徽,汽车配件,20260416,,L,SSE,主板
603284.SH,603284,林平发展,安徽,造纸,20260210,,L,SSE,主板
601112.SH,601112,振石股份,浙江,玻璃,20260129,,L,SSE,主板
301696.SZ,301696,三瑞智能,江西,电气设备,20260410,,L,SZSE,创业板
301683.SZ,301683,慧谷新材,广东,染料涂料,20260401,,L,SZSE,创业板
301682.SZ,301682,宏明电子,四川,元器件,20260325,,L,SZSE,创业板
301680.SZ,301680,固德电材,江苏,汽车配件,20260306,,L,SZSE,创业板
301669.SZ,301669,高特电子,浙江,电气设备,20260609,,L,SZSE,创业板
301666.SZ,301666,大普微,深圳,IT设备,20260416,,L,SZSE,创业板
301599.SZ,301599,理奇智能,江苏,专用机械,20260430,,L,SZSE,创业板
301531.SZ,301531,春光集团,山东,矿物制品,20260511,,L,SZSE,创业板
301513.SZ,301513,尚水智能,深圳,专用机械,20260417,,L,SZSE,创业板
001393.SZ,001393,维通利,北京,电气设备,20260515,,L,SZSE,主板
001365.SZ,001365,天海电子,河南,汽车配件,20260518,,L,SZSE,主板
001312.SZ,001312,福恩股份,浙江,纺织,20260421,,L,SZSE,主板
001257.SZ,001257,盛龙股份,河南,小金属,20260331,,L,SZSE,主板
001237.SZ,001237,惠康科技,浙江,电气设备,20260522,,L,SZSE,主板
001220.SZ,001220,世盟股份,北京,仓储物流,20260203,,L,SZSE,主板
689009.SH,689009,九号公司,北京,摩托车,20201029,,L,SSE,科创板
920992.BJ,920992,中科美菱,安徽,医疗保健,20221018,,L,BSE,北交所
920985.BJ,920985,海泰新能,河北,电气设备,20220808,,L,BSE,北交所
920982.BJ,920982,锦波生物,山西,医疗保健,20230720,,L,BSE,北交所
920981.BJ,920981,晶赛科技,安徽,元器件,20211115,,L,BSE,北交所
920978.BJ,920978,开特股份,湖北,汽车配件,20230928,,L,BSE,北交所
920976.BJ,920976,视声智能,广东,通信设备,20230901,,L,BSE,北交所
920974.BJ,920974,凯大催化,浙江,化工原料,20230308,,L,BSE,北交所
920971.BJ,920971,天马新材,河南,化工原料,20220927,,L,BSE,北交所
920970.BJ,920970,大禹生物,山西,饲料,20220518,,L,BSE,北交所
920964.BJ,920964,润农节水,河北,建筑工程,20200727,,L,BSE,北交所
920961.BJ,920961,创远信科,上海,电器仪表,20200727,,L,BSE,北交所
920957.BJ,920957,汉维科技,广东,化工原料,20221214,,L,BSE,北交所
920953.BJ,920953,国子软件,山东,软件服务,20230823,,L,BSE,北交所
920950.BJ,920950,迅安科技,江苏,元器件,20230111,,L,BSE,北交所
920946.BJ,920946,森萱医药,江苏,化学制药,20200727,,L,BSE,北交所
920943.BJ,920943,优机股份,四川,机械基件,20220624,,L,BSE,北交所
920942.BJ,920942,恒立钻具,湖北,机械基件,20221208,,L,BSE,北交所
920932.BJ,920932,科达自控,山西,软件服务,20211115,,L,BSE,北交所
920931.BJ,920931,无锡鼎邦,江苏,化工机械,20240408,,L,BSE,北交所
920926.BJ,920926,鸿智科技,广东,家用电器,20230808,,L,BSE,北交所
920925.BJ,920925,锦好医疗,广东,医疗保健,20211025,,L,BSE,北交所
920924.BJ,920924,广脉科技,浙江,通信设备,20211103,,L,BSE,北交所
920914.BJ,920914,远航精密,江苏,小金属,20221111,,L,BSE,北交所
920906.BJ,920906,舜宇精工,浙江,汽车配件,20230222,,L,BSE,北交所
920896.BJ,920896,旺成科技,重庆,汽车配件,20230419,,L,BSE,北交所
920895.BJ,920895,花溪科技,河南,农用机械,20230406,,L,BSE,北交所
920892.BJ,920892,广咨国际,广东,建筑工程,20211028,,L,BSE,北交所
920885.BJ,920885,星辰科技,广西,电器仪表,20210708,,L,BSE,北交所
920879.BJ,920879,基康技术,北京,电器仪表,20221220,,L,BSE,北交所
920876.BJ,920876,慧为智能,深圳,元器件,20221109,,L,BSE,北交所
920873.BJ,920873,中设咨询,重庆,建筑工程,20211115,,L,BSE,北交所
920871.BJ,920871,派特尔,广东,塑料,20220722,,L,BSE,北交所
920870.BJ,920870,恒进感应,湖北,机床制造,20220705,,L,BSE,北交所
920866.BJ,920866,绿亨科技,广东,农药化肥,20221209,,L,BSE,北交所
920857.BJ,920857,泓禧科技,重庆,元器件,20220228,,L,BSE,北交所
920856.BJ,920856,浩淼科技,安徽,专用机械,20201225,,L,BSE,北交所
920855.BJ,920855,浙江大农,浙江,机床制造,20221229,,L,BSE,北交所
920839.BJ,920839,万通液压,山东,工程机械,20201109,,L,BSE,北交所
920837.BJ,920837,华原股份,广西,汽车配件,20230515,,L,BSE,北交所
920834.BJ,920834,三维装备,江苏,塑料,20220822,,L,BSE,北交所
920833.BJ,920833,美心翼申,重庆,汽车配件,20231108,,L,BSE,北交所
920832.BJ,920832,齐鲁华信,山东,化工原料,20210223,,L,BSE,北交所
920826.BJ,920826,盖世食品,辽宁,食品,20210112,,L,BSE,北交所
920821.BJ,920821,则成电子,深圳,元器件,20220706,,L,BSE,北交所
920819.BJ,920819,颖泰生物,北京,农药化肥,20200727,,L,BSE,北交所
920810.BJ,920810,春光智能,辽宁,专用机械,20221216,,L,BSE,北交所
920809.BJ,920809,安达科技,贵州,电气设备,20230323,,L,BSE,北交所
920808.BJ,920808,曙光数创,北京,IT设备,20221118,,L,BSE,北交所
920807.BJ,920807,奔朗新材,广东,机械基件,20221220,,L,BSE,北交所
920806.BJ,920806,云星宇,北京,软件服务,20240111,,L,BSE,北交所
920802.BJ,920802,保丽洁,江苏,环境保护,20230206,,L,BSE,北交所
920799.BJ,920799,艾融软件,上海,软件服务,20200727,,L,BSE,北交所
920792.BJ,920792,东和新材,辽宁,其他建材,20230330,,L,BSE,北交所
920790.BJ,920790,联迪信息,江苏,软件服务,20220902,,L,BSE,北交所
920786.BJ,920786,骑士乳业,内蒙,乳制品,20231013,,L,BSE,北交所
920781.BJ,920781,瑞奇智造,四川,专用机械,20221226,,L,BSE,北交所
920779.BJ,920779,武汉蓝电,湖北,电器仪表,20230601,,L,BSE,北交所
920770.BJ,920770,艾能聚,浙江,电气设备,20230228,,L,BSE,北交所
920768.BJ,920768,拾比佰,广东,家用电器,20210628,,L,BSE,北交所
920765.BJ,920765,美之高,深圳,家居用品,20210705,,L,BSE,北交所
920753.BJ,920753,天纺标,天津,纺织,20221031,,L,BSE,北交所
920751.BJ,920751,惠同新材,湖南,小金属,20230717,,L,BSE,北交所
920748.BJ,920748,路桥信息,福建,软件服务,20230816,,L,BSE,北交所
920735.BJ,920735,德源药业,江苏,化学制药,20210219,,L,BSE,北交所
920729.BJ,920729,永顺生物,广东,农业综合,20200727,,L,BSE,北交所
920726.BJ,920726,朱老六,吉林,食品,20210527,,L,BSE,北交所
920725.BJ,920725,惠丰钻石,河南,矿物制品,20220718,,L,BSE,北交所
920720.BJ,920720,吉冈精密,江苏,机械基件,20211124,,L,BSE,北交所
920719.BJ,920719,宁新新材,江西,化工原料,20230526,,L,BSE,北交所
920718.BJ,920718,合肥高科,安徽,家用电器,20221222,,L,BSE,北交所
920717.BJ,920717,瑞星股份,河北,专用机械,20230703,,L,BSE,北交所
920706.BJ,920706,铁拓机械,福建,工程机械,20240308,,L,BSE,北交所
920703.BJ,920703,广厦环能,北京,专用机械,20231205,,L,BSE,北交所
920701.BJ,920701,豪声电子,浙江,元器件,20230719,,L,BSE,北交所
920699.BJ,920699,海达尔,江苏,家用电器,20230509,,L,BSE,北交所
920694.BJ,920694,中裕科技,江苏,塑料,20230424,,L,BSE,北交所
920693.BJ,920693,阿为特,上海,机械基件,20231027,,L,BSE,北交所
920690.BJ,920690,捷众科技,浙江,汽车配件,20240105,,L,BSE,北交所
920689.BJ,920689,克莱特,山东,专用机械,20220321,,L,BSE,北交所
920685.BJ,920685,新芝生物,浙江,电器仪表,20221010,,L,BSE,北交所
920682.BJ,920682,球冠电缆,浙江,电气设备,20200727,,L,BSE,北交所
920679.BJ,920679,前进科技,浙江,机械基件,20231110,,L,BSE,北交所
920675.BJ,920675,秉扬科技,四川,矿物制品,20201228,,L,BSE,北交所
920670.BJ,920670,数字人,山东,软件服务,20201208,,L,BSE,北交所
920665.BJ,920665,科强股份,江苏,橡胶,20230926,,L,BSE,北交所
920663.BJ,920663,明阳科技,江苏,汽车配件,20230315,,L,BSE,北交所
920662.BJ,920662,方盛股份,江苏,机械基件,20221128,,L,BSE,北交所
920656.BJ,920656,海昇药业,浙江,化学制药,20240202,,L,BSE,北交所
920651.BJ,920651,天罡股份,山东,电器仪表,20230627,,L,BSE,北交所
920642.BJ,920642,通易航天,江苏,航空,20210816,,L,BSE,北交所
920641.BJ,920641,格利尔,江苏,元器件,20221202,,L,BSE,北交所
920640.BJ,920640,富士达,陕西,通信设备,20200727,,L,BSE,北交所
920639.BJ,920639,晨光电缆,浙江,电气设备,20220712,,L,BSE,北交所
920634.BJ,920634,新威凌,湖南,铅锌,20221124,,L,BSE,北交所
920627.BJ,920627,力王股份,广东,电气设备,20230907,,L,BSE,北交所
920608.BJ,920608,丰安股份,浙江,机械基件,20221216,,L,BSE,北交所
920599.BJ,920599,同力股份,陕西,工程机械,20210222,,L,BSE,北交所
920593.BJ,920593,鼎智科技,江苏,机械基件,20230413,,L,BSE,北交所
920592.BJ,920592,华信永道,北京,软件服务,20230710,,L,BSE,北交所
920580.BJ,920580,科创新材,河南,其他建材,20220513,,L,BSE,北交所
920579.BJ,920579,机科股份,北京,机械基件,20231130,,L,BSE,北交所
920578.BJ,920578,巨能股份,宁夏,专用机械,20230512,,L,BSE,北交所
920576.BJ,920576,天力复合,陕西,小金属,20230712,,L,BSE,北交所
920575.BJ,920575,*ST康乐,北京,生物制药,20230315,,L,BSE,北交所
920571.BJ,920571,国航远洋,福建,水运,20221215,,L,BSE,北交所
920570.BJ,920570,坤博精工,浙江,机械基件,20231123,,L,BSE,北交所
920566.BJ,920566,梓橦宫,四川,化学制药,20210813,,L,BSE,北交所
920564.BJ,920564,天润科技,陕西,软件服务,20220617,,L,BSE,北交所
920556.BJ,920556,雅达股份,广东,电器仪表,20230317,,L,BSE,北交所
920553.BJ,920553,凯腾精工,北京,专用机械,20210806,,L,BSE,北交所
920547.BJ,920547,无锡晶海,江苏,化学制药,20231212,,L,BSE,北交所
920541.BJ,920541,铁大科技,上海,运输设备,20230310,,L,BSE,北交所
920533.BJ,920533,骏创科技,江苏,汽车配件,20220524,,L,BSE,北交所
920527.BJ,920527,夜光明,浙江,纺织,20221027,,L,BSE,北交所
920526.BJ,920526,凯华材料,天津,化工原料,20221222,,L,BSE,北交所
920523.BJ,920523,德瑞锂电,广东,电气设备,20210603,,L,BSE,北交所
920522.BJ,920522,纳科诺尔,河北,专用机械,20231116,,L,BSE,北交所
920519.BJ,920519,万德股份,陕西,化工原料,20230915,,L,BSE,北交所
920510.BJ,920510,丰光精密,山东,机械基件,20201228,,L,BSE,北交所
920509.BJ,920509,同惠电子,江苏,电器仪表,20210111,,L,BSE,北交所
920508.BJ,920508,殷图网联,北京,电气设备,20200727,,L,BSE,北交所
920505.BJ,920505,九菱科技,湖北,机械基件,20221221,,L,BSE,北交所
920504.BJ,920504,博迅生物,上海,医疗保健,20230817,,L,BSE,北交所
920496.BJ,920496,许昌智能,河南,电气设备,20240126,,L,BSE,北交所
920493.BJ,920493,并行科技,北京,软件服务,20231101,,L,BSE,北交所
920491.BJ,920491,奥迪威,广东,元器件,20220614,,L,BSE,北交所
920489.BJ,920489,佳先股份,安徽,化工原料,20200727,,L,BSE,北交所
920478.BJ,920478,峆一药业,安徽,化学制药,20230223,,L,BSE,北交所
920476.BJ,920476,海能技术,山东,电器仪表,20221014,,L,BSE,北交所
920475.BJ,920475,三友科技,浙江,专用机械,20200727,,L,BSE,北交所
920471.BJ,920471,美邦科技,河北,化工原料,20230525,,L,BSE,北交所
920469.BJ,920469,富恒新材,深圳,塑料,20230918,,L,BSE,北交所
920455.BJ,920455,汇隆活塞,辽宁,专用机械,20230621,,L,BSE,北交所
920454.BJ,920454,同心传动,河南,汽车配件,20211115,,L,BSE,北交所
920445.BJ,920445,龙竹科技,福建,家居用品,20200727,,L,BSE,北交所
920438.BJ,920438,戈碧迦,湖北,元器件,20240325,,L,BSE,北交所
920436.BJ,920436,大地电气,江苏,汽车配件,20211115,,L,BSE,北交所
920433.BJ,920433,大唐药业,内蒙,中成药,20200727,,L,BSE,北交所
920429.BJ,920429,康比特,北京,食品,20221215,,L,BSE,北交所
920427.BJ,920427,华维设计,江西,建筑工程,20210205,,L,BSE,北交所
920425.BJ,920425,乐创技术,四川,专用机械,20230130,,L,BSE,北交所
920422.BJ,920422,润普食品,江苏,食品,20230301,,L,BSE,北交所
920419.BJ,920419,路斯股份,山东,饲料,20220311,,L,BSE,北交所
920418.BJ,920418,苏轴股份,江苏,汽车配件,20200727,,L,BSE,北交所
920415.BJ,920415,恒拓开源,河南,软件服务,20200727,,L,BSE,北交所
920414.BJ,920414,欧普泰,上海,电器仪表,20221212,,L,BSE,北交所
920407.BJ,920407,驰诚股份,河南,电器仪表,20230216,,L,BSE,北交所
920405.BJ,920405,海希通讯,上海,电器仪表,20211105,,L,BSE,北交所
920403.BJ,920403,康农种业,湖北,种植业,20240118,,L,BSE,北交所
920402.BJ,920402,硅烷科技,河南,化工原料,20220928,,L,BSE,北交所
920396.BJ,920396,常辅股份,江苏,电器仪表,20201118,,L,BSE,北交所
920395.BJ,920395,朗鸿科技,浙江,IT设备,20220901,,L,BSE,北交所
920394.BJ,920394,民士达,山东,造纸,20230425,,L,BSE,北交所
920392.BJ,920392,佳合科技,江苏,广告包装,20221230,,L,BSE,北交所
920378.BJ,920378,泰德股份,山东,汽车配件,20220620,,L,BSE,北交所
920375.BJ,920375,派诺科技,广东,电气设备,20231214,,L,BSE,北交所
920374.BJ,920374,云里物里,深圳,通信设备,20221129,,L,BSE,北交所
920371.BJ,920371,欧福蛋业,江苏,食品,20230118,,L,BSE,北交所
920370.BJ,920370,新安洁,重庆,环境保护,20200727,,L,BSE,北交所
920368.BJ,920368,连城数控,辽宁,专用机械,20200727,,L,BSE,北交所
920367.BJ,920367,新赣江,江西,化学制药,20230209,,L,BSE,北交所
920363.BJ,920363,莱赛激光,江苏,电器仪表,20231228,,L,BSE,北交所
920357.BJ,920357,雅葆轩,安徽,元器件,20221118,,L,BSE,北交所
920351.BJ,920351,华光源海,湖南,仓储物流,20221229,,L,BSE,北交所
920346.BJ,920346,威贸电子,上海,元器件,20220223,,L,BSE,北交所
920344.BJ,920344,三元基因,北京,生物制药,20210108,,L,BSE,北交所
920339.BJ,920339,恒太照明,江苏,家用电器,20221117,,L,BSE,北交所
920304.BJ,920304,迪尔化工,山东,化工原料,20230418,,L,BSE,北交所
920300.BJ,920300,辰光医疗,上海,医疗保健,20221207,,L,BSE,北交所
920299.BJ,920299,灿能电力,江苏,电气设备,20220610,,L,BSE,北交所
920284.BJ,920284,灵鸽科技,江苏,专用机械,20231219,,L,BSE,北交所
920278.BJ,920278,鹿得医疗,江苏,医疗保健,20200727,,L,BSE,北交所
920275.BJ,920275,驱动力,广东,农业综合,20210125,,L,BSE,北交所
920274.BJ,920274,宏裕包材,湖北,广告包装,20230818,,L,BSE,北交所
920273.BJ,920273,一致魔芋,湖北,食品,20230221,,L,BSE,北交所
920271.BJ,920271,邦德股份,山东,汽车配件,20220602,,L,BSE,北交所
920270.BJ,920270,天铭科技,浙江,汽车配件,20220902,,L,BSE,北交所
920267.BJ,920267,鑫汇科,深圳,元器件,20220527,,L,BSE,北交所
920266.BJ,920266,生物谷,云南,中成药,20200727,,L,BSE,北交所
920263.BJ,920263,中航泰达,北京,环境保护,20200727,,L,BSE,北交所
920262.BJ,920262,太湖雪,江苏,纺织,20221230,,L,BSE,北交所
920261.BJ,920261,一诺威,山东,化工原料,20230403,,L,BSE,北交所
920260.BJ,920260,中寰股份,四川,专用机械,20211115,,L,BSE,北交所
920252.BJ,920252,天宏锂电,浙江,电气设备,20230119,,L,BSE,北交所
920249.BJ,920249,利尔达,浙江,元器件,20230217,,L,BSE,北交所
920247.BJ,920247,华密新材,河北,橡胶,20221223,,L,BSE,北交所
920245.BJ,920245,威博液压,江苏,机械基件,20220106,,L,BSE,北交所
920242.BJ,920242,建邦科技,山东,汽车配件,20200727,,L,BSE,北交所
920239.BJ,920239,长虹能源,四川,电气设备,20210209,,L,BSE,北交所
920237.BJ,920237,力佳科技,湖北,电气设备,20221125,,L,BSE,北交所
920230.BJ,920230,欧康医药,四川,生物制药,20221209,,L,BSE,北交所
920227.BJ,920227,美登科技,浙江,软件服务,20221228,,L,BSE,北交所
920225.BJ,920225,利通科技,河南,橡胶,20210225,,L,BSE,北交所
920223.BJ,920223,荣亿精密,浙江,机械基件,20220609,,L,BSE,北交所
920221.BJ,920221,易实精密,江苏,汽车配件,20230608,,L,BSE,北交所
920212.BJ,920212,智新电子,山东,元器件,20210608,,L,BSE,北交所
920208.BJ,920208,青矩技术,北京,建筑工程,20230629,,L,BSE,北交所
920207.BJ,920207,众诚科技,河南,软件服务,20220923,,L,BSE,北交所
920204.BJ,920204,沪江材料,江苏,塑料,20220118,,L,BSE,北交所
920199.BJ,920199,倍益康,四川,家用电器,20221201,,L,BSE,北交所
920198.BJ,920198,微创光电,湖北,IT设备,20200727,,L,BSE,北交所
920195.BJ,920195,三祥科技,山东,汽车配件,20221230,,L,BSE,北交所
920190.BJ,920190,雷神科技,山东,IT设备,20221223,,L,BSE,北交所
920185.BJ,920185,贝特瑞,深圳,化工原料,20200727,,L,BSE,北交所
920184.BJ,920184,国源科技,北京,软件服务,20200727,,L,BSE,北交所
920179.BJ,920179,凯德石英,北京,矿物制品,20220304,,L,BSE,北交所
920175.BJ,920175,东方碳素,河南,化工原料,20230630,,L,BSE,北交所
920174.BJ,920174,五新智能,湖南,工程机械,20210820,,L,BSE,北交所
920171.BJ,920171,志晟信息,河北,软件服务,20211115,,L,BSE,北交所
920169.BJ,920169,七丰精工,浙江,机械基件,20220415,,L,BSE,北交所
920167.BJ,920167,同享科技,江苏,小金属,20200727,,L,BSE,北交所
920163.BJ,920163,方大新材,河北,塑料,20200727,,L,BSE,北交所
920160.BJ,920160,北矿检测,北京,电器仪表,20251118,,L,BSE,北交所
920158.BJ,920158,长江能科,江苏,专用机械,20251016,,L,BSE,北交所
920152.BJ,920152,昆工科技,云南,小金属,20220901,,L,BSE,北交所
920149.BJ,920149,旭杰科技,江苏,建筑工程,20200727,,L,BSE,北交所
920146.BJ,920146,华阳变速,湖北,汽车配件,20210720,,L,BSE,北交所
920145.BJ,920145,恒合股份,北京,环境保护,20211115,,L,BSE,北交所
920139.BJ,920139,华岭股份,上海,半导体,20221028,,L,BSE,北交所
920132.BJ,920132,泰鹏智能,山东,家居用品,20231116,,L,BSE,北交所
920130.BJ,920130,立方控股,浙江,软件服务,20231102,,L,BSE,北交所
920128.BJ,920128,胜业电气,广东,元器件,20241129,,L,BSE,北交所
920124.BJ,920124,南特科技,广东,机械基件,20251127,,L,BSE,北交所
920123.BJ,920123,芭薇股份,广东,日用化工,20240329,,L,BSE,北交所
920122.BJ,920122,中纺标,北京,综合类,20220927,,L,BSE,北交所
920121.BJ,920121,江天科技,江苏,广告包装,20251225,,L,BSE,北交所
920118.BJ,920118,太湖远大,浙江,塑料,20240822,,L,BSE,北交所
920116.BJ,920116,星图测控,安徽,软件服务,20250102,,L,BSE,北交所
920112.BJ,920112,巴兰仕,上海,专用机械,20250828,,L,BSE,北交所
920111.BJ,920111,聚星科技,浙江,电气设备,20241111,,L,BSE,北交所
920110.BJ,920110,雷特科技,广东,电气设备,20221206,,L,BSE,北交所
920108.BJ,920108,宏海科技,湖北,家用电器,20250206,,L,BSE,北交所
920106.BJ,920106,林泰新材,江苏,汽车配件,20241218,,L,BSE,北交所
920101.BJ,920101,志高机械,浙江,专用机械,20250814,,L,BSE,北交所
920100.BJ,920100,三协电机,江苏,电气设备,20250908,,L,BSE,北交所
920099.BJ,920099,瑞华技术,江苏,石油加工,20240925,,L,BSE,北交所
920098.BJ,920098,科隆新材,陕西,橡胶,20241205,,L,BSE,北交所
920092.BJ,920092,汉鑫科技,山东,软件服务,20211115,,L,BSE,北交所
920091.BJ,920091,大鹏工业,黑龙江,专用机械,20251121,,L,BSE,北交所
920090.BJ,920090,*ST同辉,北京,IT设备,20210809,,L,BSE,北交所
920089.BJ,920089,禾昌聚合,江苏,塑料,20211109,,L,BSE,北交所
920088.BJ,920088,科力股份,新疆,石油开采,20241029,,L,BSE,北交所
920087.BJ,920087,秋乐种业,河南,种植业,20221207,,L,BSE,北交所
920086.BJ,920086,科马材料,浙江,汽车配件,20260116,,L,BSE,北交所
920082.BJ,920082,方正阀门,浙江,机械基件,20241226,,L,BSE,北交所
920080.BJ,920080,奥美森,广东,专用机械,20251010,,L,BSE,北交所
920077.BJ,920077,吉林碳谷,吉林,化纤,20210831,,L,BSE,北交所
920076.BJ,920076,国亮新材,河北,其他建材,20260122,,L,BSE,北交所
920075.BJ,920075,柏星龙,深圳,广告包装,20221214,,L,BSE,北交所
920068.BJ,920068,天工股份,江苏,小金属,20250513,,L,BSE,北交所
920066.BJ,920066,科拜尔,安徽,塑料,20241031,,L,BSE,北交所
920062.BJ,920062,科润智控,浙江,电气设备,20220713,,L,BSE,北交所
920061.BJ,920061,西磁科技,浙江,专用机械,20231221,,L,BSE,北交所
920060.BJ,920060,万源通,江苏,元器件,20241119,,L,BSE,北交所
920058.BJ,920058,华洋赛车,浙江,摩托车,20230810,,L,BSE,北交所
920057.BJ,920057,百甲科技,江苏,钢加工,20230314,,L,BSE,北交所
920056.BJ,920056,能之光,浙江,塑料,20250822,,L,BSE,北交所
920050.BJ,920050,爱伦医疗,江苏,医疗保健,20260121,,L,BSE,北交所
920047.BJ,920047,诺思兰德,北京,生物制药,20201124,,L,BSE,北交所
920046.BJ,920046,亿能电力,江苏,电气设备,20221013,,L,BSE,北交所
920045.BJ,920045,蘅东光,深圳,通信设备,20251231,,L,BSE,北交所
920039.BJ,920039,国义招标,广东,建筑工程,20210818,,L,BSE,北交所
920037.BJ,920037,广信科技,湖南,电气设备,20250626,,L,BSE,北交所
920035.BJ,920035,精创电气,江苏,专用机械,20251202,,L,BSE,北交所
920033.BJ,920033,康普化学,重庆,化工原料,20221221,,L,BSE,北交所
920030.BJ,920030,德众汽车,湖南,汽车服务,20201127,,L,BSE,北交所
920029.BJ,920029,开发科技,四川,电器仪表,20250328,,L,BSE,北交所
920027.BJ,920027,交大铁发,四川,运输设备,20250610,,L,BSE,北交所
920026.BJ,920026,卓兆点胶,江苏,机械基件,20231019,,L,BSE,北交所
920023.BJ,920023,*ST田野,广西,食品,20230202,,L,BSE,北交所
920022.BJ,920022,世昌股份,河北,汽车配件,20250919,,L,BSE,北交所
920021.BJ,920021,流金科技,北京,影视音像,20200727,,L,BSE,北交所
920020.BJ,920020,泰凯英,山东,汽车配件,20251028,,L,BSE,北交所
920019.BJ,920019,铜冠矿建,安徽,建筑工程,20241011,,L,BSE,北交所
920018.BJ,920018,宏远股份,辽宁,电气设备,20250820,,L,BSE,北交所
920017.BJ,920017,星昊医药,北京,化学制药,20230531,,L,BSE,北交所
920016.BJ,920016,中草香料,安徽,日用化工,20240913,,L,BSE,北交所
920015.BJ,920015,锦华新材,浙江,化工原料,20250925,,L,BSE,北交所
920014.BJ,920014,特瑞斯,江苏,专用机械,20221213,,L,BSE,北交所
920010.BJ,920010,凯添燃气,宁夏,供气供热,20200727,,L,BSE,北交所
920009.BJ,920009,丹娜生物,天津,医疗保健,20251103,,L,BSE,北交所
920008.BJ,920008,成电光信,四川,通信设备,20240829,,L,BSE,北交所
920007.BJ,920007,酉立智能,江苏,电气设备,20250808,,L,BSE,北交所
920006.BJ,920006,晟楠科技,江苏,航空,20230518,,L,BSE,北交所
920005.BJ,920005,鼎佳精密,江苏,元器件,20250731,,L,BSE,北交所
920003.BJ,920003,中诚咨询,江苏,建筑工程,20251107,,L,BSE,北交所
920002.BJ,920002,万达轴承,江苏,工程机械,20240530,,L,BSE,北交所
920001.BJ,920001,纬达光电,广东,元器件,20221227,,L,BSE,北交所
920000.BJ,920000,安徽凤凰,安徽,汽车配件,20201223,,L,BSE,北交所
688981.SH,688981,中芯国际,上海,半导体,20200716,,L,SSE,科创板
688819.SH,688819,天能股份,浙江,电气设备,20210118,,L,SSE,科创板
688809.SH,688809,强一股份,江苏,半导体,20251230,,L,SSE,科创板
688807.SH,688807,优迅股份,福建,半导体,20251219,,L,SSE,科创板
688805.SH,688805,健信超导,浙江,医疗保健,20251224,,L,SSE,科创板
688802.SH,688802,沐曦股份,上海,半导体,20251217,,L,SSE,科创板
688800.SH,688800,瑞可达,江苏,元器件,20210722,,L,SSE,科创板
688799.SH,688799,华纳药厂,湖南,化学制药,20210713,,L,SSE,科创板
688798.SH,688798,艾为电子,上海,半导体,20210816,,L,SSE,科创板
688796.SH,688796,百奥赛图,北京,生物制药,20251210,,L,SSE,科创板
688795.SH,688795,摩尔线程,北京,半导体,20251205,,L,SSE,科创板
688793.SH,688793,倍轻松,深圳,家用电器,20210715,,L,SSE,科创板
688790.SH,688790,昂瑞微,北京,半导体,20251216,,L,SSE,科创板
688789.SH,688789,宏华数科,浙江,专用机械,20210708,,L,SSE,科创板
688788.SH,688788,科思科技,深圳,通信设备,20201022,,L,SSE,科创板
688787.SH,688787,海天瑞声,北京,软件服务,20210813,,L,SSE,科创板
688786.SH,688786,悦安新材,江西,小金属,20210826,,L,SSE,科创板
688783.SH,688783,西安奕材,陕西,半导体,20251028,,L,SSE,科创板
688779.SH,688779,五矿新能,湖南,电气设备,20210811,,L,SSE,科创板
688778.SH,688778,厦钨新能,福建,电气设备,20210805,,L,SSE,科创板
688777.SH,688777,中控技术,浙江,专用机械,20201124,,L,SSE,科创板
688776.SH,688776,国光电气,四川,元器件,20210831,,L,SSE,科创板
688775.SH,688775,影石创新,深圳,IT设备,20250611,,L,SSE,科创板
688772.SH,688772,珠海冠宇,广东,电气设备,20211015,,L,SSE,科创板
688768.SH,688768,容知日新,安徽,电器仪表,20210726,,L,SSE,科创板
688767.SH,688767,博拓生物,浙江,医疗保健,20210908,,L,SSE,科创板
688766.SH,688766,普冉股份,上海,半导体,20210823,,L,SSE,科创板
688765.SH,688765,禾元生物,湖北,生物制药,20251028,,L,SSE,科创板
688759.SH,688759,必贝特,广东,生物制药,20251028,,L,SSE,科创板
688758.SH,688758,赛分科技,江苏,化工原料,20250110,,L,SSE,科创板
688757.SH,688757,胜科纳米,江苏,电器仪表,20250325,,L,SSE,科创板
688755.SH,688755,汉邦科技,江苏,专用机械,20250516,,L,SSE,科创板
688750.SH,688750,金天钛业,湖南,小金属,20241120,,L,SSE,科创板
688739.SH,688739,成大生物,辽宁,生物制药,20211028,,L,SSE,科创板
688737.SH,688737,中自科技,四川,汽车配件,20211022,,L,SSE,科创板
688733.SH,688733,壹石通,安徽,矿物制品,20210817,,L,SSE,科创板
688729.SH,688729,屹唐股份,北京,半导体,20250708,,L,SSE,科创板
688728.SH,688728,格科微,上海,半导体,20210818,,L,SSE,科创板
688727.SH,688727,恒坤新材,福建,半导体,20251118,,L,SSE,科创板
688726.SH,688726,拉普拉斯,深圳,专用机械,20241029,,L,SSE,科创板
688722.SH,688722,同益中,北京,化纤,20211019,,L,SSE,科创板
688721.SH,688721,龙图光罩,深圳,半导体,20240806,,L,SSE,科创板
688720.SH,688720,艾森股份,江苏,半导体,20231206,,L,SSE,科创板
688719.SH,688719,爱科赛博,陕西,电气设备,20230928,,L,SSE,科创板
688718.SH,688718,唯赛勃,上海,塑料,20210728,,L,SSE,科创板
688717.SH,688717,艾罗能源,浙江,电气设备,20240103,,L,SSE,科创板
688716.SH,688716,中研股份,吉林,化工原料,20230920,,L,SSE,科创板
688711.SH,688711,宏微科技,江苏,半导体,20210901,,L,SSE,科创板
688710.SH,688710,益诺思,上海,生物制药,20240903,,L,SSE,科创板
688709.SH,688709,成都华微,四川,半导体,20240207,,L,SSE,科创板
688708.SH,688708,佳驰科技,四川,化工原料,20241205,,L,SSE,科创板
688707.SH,688707,振华新材,贵州,电气设备,20210914,,L,SSE,科创板
688702.SH,688702,盛科通信,江苏,半导体,20230914,,L,SSE,科创板
688701.SH,688701,卓锦股份,浙江,环境保护,20210916,,L,SSE,科创板
688700.SH,688700,东威科技,江苏,专用机械,20210615,,L,SSE,科创板
688699.SH,688699,明微电子,深圳,半导体,20201218,,L,SSE,科创板
688698.SH,688698,伟创电气,江苏,电气设备,20201229,,L,SSE,科创板
688697.SH,688697,纽威数控,江苏,机床制造,20210917,,L,SSE,科创板
688696.SH,688696,极米科技,四川,家用电器,20210303,,L,SSE,科创板
688695.SH,688695,中创股份,山东,软件服务,20240313,,L,SSE,科创板
688693.SH,688693,锴威特,江苏,半导体,20230818,,L,SSE,科创板
688692.SH,688692,达梦数据,湖北,软件服务,20240612,,L,SSE,科创板
688691.SH,688691,灿芯股份,上海,半导体,20240411,,L,SSE,科创板
688690.SH,688690,纳微科技,江苏,化工原料,20210623,,L,SSE,科创板
688689.SH,688689,银河微电,江苏,半导体,20210127,,L,SSE,科创板
688687.SH,688687,凯因科技,北京,生物制药,20210208,,L,SSE,科创板
688686.SH,688686,奥普特,广东,电器仪表,20201231,,L,SSE,科创板
688685.SH,688685,迈信林,江苏,航空,20210513,,L,SSE,科创板
688683.SH,688683,莱尔科技,广东,元器件,20210412,,L,SSE,科创板
688682.SH,688682,霍莱沃,上海,软件服务,20210420,,L,SSE,科创板
688681.SH,688681,科汇股份,山东,电气设备,20210616,,L,SSE,科创板
688680.SH,688680,海优新材,上海,塑料,20210122,,L,SSE,科创板
688679.SH,688679,通源环境,安徽,环境保护,20201225,,L,SSE,科创板
688678.SH,688678,福立旺,江苏,元器件,20201223,,L,SSE,科创板
688677.SH,688677,海泰新光,山东,医疗保健,20210226,,L,SSE,科创板
688676.SH,688676,金盘科技,海南,电气设备,20210309,,L,SSE,科创板
688671.SH,688671,碧兴物联,深圳,环境保护,20230809,,L,SSE,科创板
688670.SH,688670,金迪克,江苏,生物制药,20210802,,L,SSE,科创板
688669.SH,688669,聚石化学,广东,化工原料,20210125,,L,SSE,科创板
688668.SH,688668,鼎通科技,广东,通信设备,20201221,,L,SSE,科创板
688667.SH,688667,菱电电控,湖北,汽车配件,20210312,,L,SSE,科创板
688665.SH,688665,四方光电,湖北,电器仪表,20210209,,L,SSE,科创板
688663.SH,688663,新风光,山东,电气设备,20210413,,L,SSE,科创板
688662.SH,688662,富信科技,广东,元器件,20210401,,L,SSE,科创板
688661.SH,688661,和林微纳,江苏,元器件,20210329,,L,SSE,科创板
688660.SH,688660,电气风电,上海,电气设备,20210519,,L,SSE,科创板
688659.SH,688659,元琛科技,安徽,环境保护,20210331,,L,SSE,科创板
688658.SH,688658,悦康药业,北京,化学制药,20201224,,L,SSE,科创板
688657.SH,688657,浩辰软件,江苏,软件服务,20231010,,L,SSE,科创板
688656.SH,688656,浩欧博,江苏,医疗保健,20210113,,L,SSE,科创板
688655.SH,688655,迅捷兴,深圳,元器件,20210511,,L,SSE,科创板
688653.SH,688653,康希通信,上海,半导体,20231117,,L,SSE,科创板
688652.SH,688652,京仪装备,北京,半导体,20231129,,L,SSE,科创板
688651.SH,688651,盛邦安全,北京,软件服务,20230726,,L,SSE,科创板
688648.SH,688648,中邮科技,上海,机床制造,20231113,,L,SSE,科创板
688646.SH,688646,逸飞激光,湖北,专用机械,20230728,,L,SSE,科创板
688639.SH,688639,华恒生物,安徽,化学制药,20210422,,L,SSE,科创板
688638.SH,688638,誉辰智能,深圳,专用机械,20230712,,L,SSE,科创板
688636.SH,688636,智明达,四川,元器件,20210408,,L,SSE,科创板
688633.SH,688633,星球石墨,江苏,专用机械,20210324,,L,SSE,科创板
688631.SH,688631,莱斯信息,江苏,软件服务,20230628,,L,SSE,科创板
688630.SH,688630,芯碁微装,安徽,专用机械,20210401,,L,SSE,科创板
688629.SH,688629,华丰科技,四川,元器件,20230627,,L,SSE,科创板
688628.SH,688628,优利德,广东,电器仪表,20210201,,L,SSE,科创板
688627.SH,688627,精智达,深圳,专用机械,20230718,,L,SSE,科创板
688626.SH,688626,翔宇医疗,河南,医疗保健,20210331,,L,SSE,科创板
688625.SH,688625,呈和科技,广东,化工原料,20210607,,L,SSE,科创板
688623.SH,688623,双元科技,浙江,专用机械,20230608,,L,SSE,科创板
688622.SH,688622,*ST禾信,广东,电器仪表,20210913,,L,SSE,科创板
688621.SH,688621,阳光诺和,北京,医疗保健,20210621,,L,SSE,科创板
688620.SH,688620,安凯微,广东,半导体,20230627,,L,SSE,科创板
688619.SH,688619,罗普特,福建,软件服务,20210223,,L,SSE,科创板
688618.SH,688618,三旺通信,深圳,通信设备,20201230,,L,SSE,科创板
688617.SH,688617,惠泰医疗,深圳,医疗保健,20210107,,L,SSE,科创板
688616.SH,688616,西力科技,浙江,电器仪表,20210318,,L,SSE,科创板
688615.SH,688615,合合信息,上海,软件服务,20240926,,L,SSE,科创板
688613.SH,688613,奥精医疗,北京,医疗保健,20210521,,L,SSE,科创板
688612.SH,688612,威迈斯,深圳,汽车配件,20230726,,L,SSE,科创板
688611.SH,688611,杭州柯林,浙江,电气设备,20210412,,L,SSE,科创板
688610.SH,688610,埃科光电,安徽,电器仪表,20230719,,L,SSE,科创板
688609.SH,688609,九联科技,广东,家用电器,20210323,,L,SSE,科创板
688608.SH,688608,恒玄科技,上海,半导体,20201216,,L,SSE,科创板
688607.SH,688607,康众科技,江苏,医疗保健,20210201,,L,SSE,科创板
688606.SH,688606,奥泰生物,浙江,医疗保健,20210325,,L,SSE,科创板
688605.SH,688605,先锋精科,江苏,半导体,20241212,,L,SSE,科创板
688603.SH,688603,天承科技,上海,化工原料,20230710,,L,SSE,科创板
688602.SH,688602,康鹏科技,上海,化工原料,20230720,,L,SSE,科创板
688601.SH,688601,力芯微,江苏,半导体,20210628,,L,SSE,科创板
688600.SH,688600,皖仪科技,安徽,电器仪表,20200703,,L,SSE,科创板
688599.SH,688599,天合光能,江苏,电气设备,20200610,,L,SSE,科创板
688598.SH,688598,金博股份,湖南,矿物制品,20200518,,L,SSE,科创板
688597.SH,688597,煜邦电力,北京,电器仪表,20210617,,L,SSE,科创板
688596.SH,688596,正帆科技,上海,专用机械,20200820,,L,SSE,科创板
688595.SH,688595,芯海科技,深圳,半导体,20200928,,L,SSE,科创板
688593.SH,688593,新相微,上海,半导体,20230601,,L,SSE,科创板
688592.SH,688592,司南导航,上海,通信设备,20230816,,L,SSE,科创板
688591.SH,688591,泰凌微,上海,半导体,20230825,,L,SSE,科创板
688590.SH,688590,新致软件,上海,软件服务,20201207,,L,SSE,科创板
688589.SH,688589,力合微,深圳,半导体,20200722,,L,SSE,科创板
688588.SH,688588,凌志软件,江苏,软件服务,20200511,,L,SSE,科创板
688586.SH,688586,江航装备,安徽,航空,20200731,,L,SSE,科创板
688585.SH,688585,上纬新材,上海,化工原料,20200928,,L,SSE,科创板
688584.SH,688584,上海合晶,上海,半导体,20240208,,L,SSE,科创板
688583.SH,688583,思看科技,浙江,电器仪表,20250115,,L,SSE,科创板
688582.SH,688582,芯动联科,安徽,元器件,20230630,,L,SSE,科创板
688581.SH,688581,安杰思,浙江,医疗保健,20230519,,L,SSE,科创板
688580.SH,688580,伟思医疗,江苏,医疗保健,20200721,,L,SSE,科创板
688579.SH,688579,地纬智能,山东,软件服务,20200717,,L,SSE,科创板
688578.SH,688578,艾力斯,上海,化学制药,20201202,,L,SSE,科创板
688577.SH,688577,浙海德曼,浙江,机床制造,20200916,,L,SSE,科创板
688576.SH,688576,西山科技,重庆,医疗保健,20230606,,L,SSE,科创板
688575.SH,688575,亚辉龙,深圳,医疗保健,20210517,,L,SSE,科创板
688573.SH,688573,信宇人,深圳,专用机械,20230817,,L,SSE,科创板
688571.SH,688571,杭华股份,浙江,染料涂料,20201211,,L,SSE,科创板
688570.SH,688570,天玛智控,北京,专用机械,20230605,,L,SSE,科创板
688569.SH,688569,铁科轨道,北京,运输设备,20200831,,L,SSE,科创板
688568.SH,688568,中科星图,北京,软件服务,20200708,,L,SSE,科创板
688567.SH,688567,孚能科技,江西,电气设备,20200717,,L,SSE,科创板
688566.SH,688566,吉贝尔,江苏,化学制药,20200518,,L,SSE,科创板
688565.SH,688565,力源科技,浙江,环境保护,20210513,,L,SSE,科创板
688563.SH,688563,航材股份,北京,航空,20230719,,L,SSE,科创板
688562.SH,688562,航天软件,北京,软件服务,20230524,,L,SSE,科创板
688561.SH,688561,奇安信,北京,软件服务,20200722,,L,SSE,科创板
688560.SH,688560,明冠新材,江西,电气设备,20201224,,L,SSE,科创板
688559.SH,688559,海目星,深圳,专用机械,20200909,,L,SSE,科创板
688558.SH,688558,国盛智科,江苏,机床制造,20200630,,L,SSE,科创板
688557.SH,688557,兰剑智能,山东,专用机械,20201202,,L,SSE,科创板
688556.SH,688556,高测股份,山东,专用机械,20200807,,L,SSE,科创板
688553.SH,688553,汇宇制药,四川,化学制药,20211026,,L,SSE,科创板
688552.SH,688552,航天南湖,湖北,通信设备,20230518,,L,SSE,科创板
688551.SH,688551,科威尔,安徽,专用机械,20200910,,L,SSE,科创板
688550.SH,688550,瑞联新材,陕西,化工原料,20200902,,L,SSE,科创板
688549.SH,688549,中巨芯,浙江,元器件,20230908,,L,SSE,科创板
688548.SH,688548,广钢气体,广东,化工原料,20230815,,L,SSE,科创板
688545.SH,688545,兴福电子,湖北,元器件,20250122,,L,SSE,科创板
688543.SH,688543,国科军工,江西,专用机械,20230621,,L,SSE,科创板
688539.SH,688539,高华科技,江苏,电器仪表,20230418,,L,SSE,科创板
688538.SH,688538,和辉光电,上海,半导体,20210528,,L,SSE,科创板
688536.SH,688536,思瑞浦,江苏,半导体,20200921,,L,SSE,科创板
688535.SH,688535,华海诚科,江苏,半导体,20230404,,L,SSE,科创板
688533.SH,688533,上声电子,江苏,汽车配件,20210419,,L,SSE,科创板
688531.SH,688531,日联科技,江苏,专用机械,20230331,,L,SSE,科创板
688530.SH,688530,欧莱新材,广东,半导体,20240509,,L,SSE,科创板
688529.SH,688529,豪森智能,辽宁,专用机械,20201109,,L,SSE,科创板
688528.SH,688528,秦川物联,四川,电器仪表,20200701,,L,SSE,科创板
688526.SH,688526,科前生物,湖北,农业综合,20200922,,L,SSE,科创板
688525.SH,688525,佰维存储,深圳,半导体,20221230,,L,SSE,科创板
688523.SH,688523,航天环宇,湖南,航空,20230602,,L,SSE,科创板
688522.SH,688522,纳睿雷达,广东,通信设备,20230301,,L,SSE,科创板
688521.SH,688521,芯原股份,上海,半导体,20200818,,L,SSE,科创板
688520.SH,688520,神州细胞,北京,生物制药,20200622,,L,SSE,科创板
688519.SH,688519,南亚新材,上海,元器件,20200818,,L,SSE,科创板
688518.SH,688518,联赢激光,深圳,专用机械,20200622,,L,SSE,科创板
688517.SH,688517,金冠电气,河南,电气设备,20210618,,L,SSE,科创板
688516.SH,688516,奥特维,江苏,专用机械,20200521,,L,SSE,科创板
688515.SH,688515,裕太微,江苏,半导体,20230210,,L,SSE,科创板
688513.SH,688513,苑东生物,四川,化学制药,20200902,,L,SSE,科创板
688512.SH,688512,慧智微,广东,半导体,20230516,,L,SSE,科创板
688511.SH,688511,天微电子,四川,元器件,20210730,,L,SSE,科创板
688510.SH,688510,航亚科技,江苏,航空,20201216,,L,SSE,科创板
688509.SH,688509,正元地信,北京,软件服务,20210730,,L,SSE,科创板
688508.SH,688508,芯朋微,江苏,半导体,20200722,,L,SSE,科创板
688507.SH,688507,索辰科技,上海,软件服务,20230418,,L,SSE,科创板
688506.SH,688506,百利天恒,四川,化学制药,20230106,,L,SSE,科创板
688505.SH,688505,复旦张江,上海,化学制药,20200619,,L,SSE,科创板
688503.SH,688503,聚和材料,江苏,电气设备,20221209,,L,SSE,科创板
688502.SH,688502,茂莱光学,江苏,元器件,20230309,,L,SSE,科创板
688501.SH,688501,青达环保,山东,环境保护,20210716,,L,SSE,科创板
688500.SH,688500,慧辰股份,北京,互联网,20200716,,L,SSE,科创板
688499.SH,688499,利元亨,广东,专用机械,20210701,,L,SSE,科创板
688498.SH,688498,源杰科技,陕西,半导体,20221221,,L,SSE,科创板
688496.SH,688496,*ST清越,江苏,元器件,20221228,,L,SSE,科创板
688489.SH,688489,三未信安,北京,IT设备,20221202,,L,SSE,科创板
688488.SH,688488,艾迪药业,江苏,生物制药,20200720,,L,SSE,科创板
688486.SH,688486,龙迅股份,安徽,半导体,20230221,,L,SSE,科创板
688485.SH,688485,九州一轨,北京,运输设备,20230118,,L,SSE,科创板
688484.SH,688484,南芯科技,上海,半导体,20230407,,L,SSE,科创板
688480.SH,688480,赛恩斯,湖南,环境保护,20221125,,L,SSE,科创板
688479.SH,688479,友车科技,上海,软件服务,20230511,,L,SSE,科创板
688478.SH,688478,晶升股份,江苏,半导体,20230424,,L,SSE,科创板
688475.SH,688475,萤石网络,浙江,IT设备,20221228,,L,SSE,科创板
688472.SH,688472,阿特斯,江苏,电气设备,20230609,,L,SSE,科创板
688469.SH,688469,芯联集成,浙江,半导体,20230510,,L,SSE,科创板
688468.SH,688468,科美诊断,北京,医疗保健,20210409,,L,SSE,科创板
688466.SH,688466,金科环境,北京,环境保护,20200508,,L,SSE,科创板
688459.SH,688459,哈铁科技,黑龙江,运输设备,20221012,,L,SSE,科创板
688458.SH,688458,美芯晟,北京,半导体,20230522,,L,SSE,科创板
688456.SH,688456,有研粉材,北京,铜,20210317,,L,SSE,科创板
688455.SH,688455,科捷智能,山东,机械基件,20220915,,L,SSE,科创板
688450.SH,688450,光格科技,江苏,电器仪表,20230724,,L,SSE,科创板
688449.SH,688449,联芸科技,浙江,半导体,20241129,,L,SSE,科创板
688448.SH,688448,磁谷科技,江苏,专用机械,20220921,,L,SSE,科创板
688443.SH,688443,智翔金泰,重庆,生物制药,20230620,,L,SSE,科创板
688439.SH,688439,振华风光,贵州,元器件,20220826,,L,SSE,科创板
688435.SH,688435,英方软件,上海,软件服务,20230119,,L,SSE,科创板
688433.SH,688433,华曙高科,湖南,专用机械,20230417,,L,SSE,科创板
688432.SH,688432,有研硅,北京,半导体,20221110,,L,SSE,科创板
688429.SH,688429,时创能源,江苏,电气设备,20230629,,L,SSE,科创板
688428.SH,688428,诺诚健华,北京,生物制药,20220921,,L,SSE,科创板
688426.SH,688426,康为世纪,江苏,生物制药,20221025,,L,SSE,科创板
688425.SH,688425,铁建重工,湖南,工程机械,20210622,,L,SSE,科创板
688420.SH,688420,美腾科技,天津,专用机械,20221209,,L,SSE,科创板
688419.SH,688419,耐科装备,安徽,半导体,20221107,,L,SSE,科创板
688418.SH,688418,震有科技,深圳,通信设备,20200722,,L,SSE,科创板
688416.SH,688416,恒烁股份,安徽,半导体,20220829,,L,SSE,科创板
688411.SH,688411,海博思创,北京,电气设备,20250127,,L,SSE,科创板
688410.SH,688410,山外山,重庆,医疗保健,20221226,,L,SSE,科创板
688409.SH,688409,富创精密,辽宁,半导体,20221010,,L,SSE,科创板
688408.SH,688408,中信博,江苏,电气设备,20200828,,L,SSE,科创板
688403.SH,688403,汇成股份,安徽,半导体,20220818,,L,SSE,科创板
688401.SH,688401,路维光电,深圳,半导体,20220817,,L,SSE,科创板
688400.SH,688400,凌云光,北京,专用机械,20220706,,L,SSE,科创板
688399.SH,688399,硕世生物,江苏,医疗保健,20191205,,L,SSE,科创板
688398.SH,688398,赛特新材,福建,矿物制品,20200211,,L,SSE,科创板
688396.SH,688396,华润微,江苏,半导体,20200227,,L,SSE,科创板
688395.SH,688395,正弦电气,深圳,机械基件,20210429,,L,SSE,科创板
688393.SH,688393,安必平,广东,医疗保健,20200820,,L,SSE,科创板
688392.SH,688392,骄成超声,上海,专用机械,20220927,,L,SSE,科创板
688391.SH,688391,钜泉科技,上海,半导体,20220913,,L,SSE,科创板
688390.SH,688390,固德威,江苏,电气设备,20200904,,L,SSE,科创板
688389.SH,688389,普门科技,深圳,医疗保健,20191105,,L,SSE,科创板
688388.SH,688388,嘉元科技,广东,电气设备,20190722,,L,SSE,科创板
688387.SH,688387,信科移动,湖北,通信设备,20220926,,L,SSE,科创板
688386.SH,688386,泛亚微透,江苏,化工原料,20201016,,L,SSE,科创板
688385.SH,688385,复旦微电,上海,半导体,20210804,,L,SSE,科创板
688383.SH,688383,新益昌,深圳,专用机械,20210428,,L,SSE,科创板
688382.SH,688382,益方生物,上海,生物制药,20220725,,L,SSE,科创板
688381.SH,688381,帝奥微,江苏,半导体,20220823,,L,SSE,科创板
688380.SH,688380,中微半导,深圳,半导体,20220805,,L,SSE,科创板
688379.SH,688379,华光新材,浙江,机械基件,20200819,,L,SSE,科创板
688378.SH,688378,奥来德,吉林,专用机械,20200903,,L,SSE,科创板
688377.SH,688377,迪威尔,江苏,专用机械,20200708,,L,SSE,科创板
688376.SH,688376,美埃科技,江苏,专用机械,20221118,,L,SSE,科创板
688375.SH,688375,国博电子,江苏,元器件,20220722,,L,SSE,科创板
688373.SH,688373,盟科药业,上海,化学制药,20220805,,L,SSE,科创板
688372.SH,688372,伟测科技,上海,半导体,20221026,,L,SSE,科创板
688371.SH,688371,菲沃泰,江苏,元器件,20220802,,L,SSE,科创板
688370.SH,688370,丛麟科技,上海,环境保护,20220825,,L,SSE,科创板
688369.SH,688369,致远互联,北京,软件服务,20191031,,L,SSE,科创板
688368.SH,688368,晶丰明源,上海,半导体,20191014,,L,SSE,科创板
688367.SH,688367,工大高科,安徽,运输设备,20210628,,L,SSE,科创板
688366.SH,688366,昊海生科,上海,医疗保健,20191030,,L,SSE,科创板
688365.SH,688365,光云科技,浙江,软件服务,20200429,,L,SSE,科创板
688363.SH,688363,华熙生物,山东,医疗保健,20191106,,L,SSE,科创板
688362.SH,688362,甬矽电子,浙江,半导体,20221116,,L,SSE,科创板
688361.SH,688361,中科飞测,深圳,半导体,20230519,,L,SSE,科创板
688360.SH,688360,德马科技,浙江,机械基件,20200602,,L,SSE,科创板
688359.SH,688359,三孚新科,广东,化工原料,20210521,,L,SSE,科创板
688358.SH,688358,祥生医疗,江苏,医疗保健,20191203,,L,SSE,科创板
688357.SH,688357,建龙微纳,河南,化工原料,20191204,,L,SSE,科创板
688356.SH,688356,键凯科技,北京,化学制药,20200826,,L,SSE,科创板
688355.SH,688355,明志科技,江苏,机械基件,20210512,,L,SSE,科创板
688353.SH,688353,华盛锂电,江苏,化工原料,20220713,,L,SSE,科创板
688352.SH,688352,颀中科技,安徽,半导体,20230420,,L,SSE,科创板
688351.SH,688351,微电生理,上海,医疗保健,20220831,,L,SSE,科创板
688350.SH,688350,富淼科技,江苏,化工原料,20210128,,L,SSE,科创板
688349.SH,688349,三一重能,北京,电气设备,20220622,,L,SSE,科创板
688348.SH,688348,昱能科技,浙江,电气设备,20220608,,L,SSE,科创板
688347.SH,688347,华虹宏力,上海,半导体,20230807,,L,SSE,科创板
688345.SH,688345,博力威,广东,电气设备,20210611,,L,SSE,科创板
688343.SH,688343,云天励飞,深圳,软件服务,20230404,,L,SSE,科创板
688339.SH,688339,亿华通,北京,汽车配件,20200810,,L,SSE,科创板
688338.SH,688338,赛科希德,北京,医疗保健,20200806,,L,SSE,科创板
688337.SH,688337,普源精电,江苏,电器仪表,20220408,,L,SSE,科创板
688336.SH,688336,三生国健,上海,生物制药,20200722,,L,SSE,科创板
688335.SH,688335,复洁科技,上海,环境保护,20200817,,L,SSE,科创板
688334.SH,688334,西高院,陕西,电气设备,20230619,,L,SSE,科创板
688333.SH,688333,铂力特,陕西,机械基件,20190722,,L,SSE,科创板
688332.SH,688332,中科蓝讯,深圳,半导体,20220715,,L,SSE,科创板
688331.SH,688331,荣昌生物,山东,生物制药,20220331,,L,SSE,科创板
688330.SH,688330,宏力达,上海,电气设备,20201015,,L,SSE,科创板
688329.SH,688329,艾隆科技,江苏,专用机械,20210329,,L,SSE,科创板
688328.SH,688328,深科达,深圳,专用机械,20210309,,L,SSE,科创板
688327.SH,688327,云从科技,广东,软件服务,20220527,,L,SSE,科创板
688326.SH,688326,经纬恒润,北京,汽车配件,20220419,,L,SSE,科创板
688325.SH,688325,赛微微电,广东,半导体,20220422,,L,SSE,科创板
688323.SH,688323,瑞华泰,深圳,塑料,20210428,,L,SSE,科创板
688322.SH,688322,奥比中光,深圳,元器件,20220707,,L,SSE,科创板
688321.SH,688321,微芯生物,深圳,化学制药,20190812,,L,SSE,科创板
688320.SH,688320,禾川科技,浙江,电器仪表,20220428,,L,SSE,科创板
688319.SH,688319,欧林生物,四川,生物制药,20210608,,L,SSE,科创板
688318.SH,688318,财富趋势,深圳,软件服务,20200427,,L,SSE,科创板
688317.SH,688317,之江生物,上海,医疗保健,20210118,,L,SSE,科创板
688316.SH,688316,青云科技,北京,软件服务,20210316,,L,SSE,科创板
688315.SH,688315,诺禾致源,北京,医疗保健,20210413,,L,SSE,科创板
688314.SH,688314,康拓医疗,陕西,医疗保健,20210518,,L,SSE,科创板
688313.SH,688313,仕佳光子,河南,通信设备,20200812,,L,SSE,科创板
688312.SH,688312,燕麦科技,深圳,专用机械,20200608,,L,SSE,科创板
688311.SH,688311,盟升电子,四川,元器件,20200731,,L,SSE,科创板
688310.SH,688310,迈得医疗,浙江,医疗保健,20191203,,L,SSE,科创板
688309.SH,688309,恒誉科技,山东,环境保护,20200714,,L,SSE,科创板
688308.SH,688308,欧科亿,湖南,机械基件,20201210,,L,SSE,科创板
688307.SH,688307,中润光学,浙江,元器件,20230216,,L,SSE,科创板
688306.SH,688306,均普智能,浙江,专用机械,20220322,,L,SSE,科创板
688305.SH,688305,科德数控,辽宁,机床制造,20210709,,L,SSE,科创板
688303.SH,688303,大全能源,新疆,电气设备,20210722,,L,SSE,科创板
688302.SH,688302,海创药业,四川,生物制药,20220412,,L,SSE,科创板
688301.SH,688301,奕瑞科技,上海,医疗保健,20200918,,L,SSE,科创板
688300.SH,688300,联瑞新材,江苏,矿物制品,20191115,,L,SSE,科创板
688299.SH,688299,长阳科技,浙江,元器件,20191106,,L,SSE,科创板
688298.SH,688298,东方生物,浙江,医疗保健,20200205,,L,SSE,科创板
688297.SH,688297,中无人机,四川,航空,20220629,,L,SSE,科创板
688296.SH,688296,和达科技,浙江,软件服务,20210727,,L,SSE,科创板
688295.SH,688295,中复神鹰,江苏,化纤,20220406,,L,SSE,科创板
688293.SH,688293,奥浦迈,上海,生物制药,20220902,,L,SSE,科创板
688292.SH,688292,浩瀚深度,北京,通信设备,20220818,,L,SSE,科创板
688291.SH,688291,金橙子,北京,软件服务,20221026,,L,SSE,科创板
688290.SH,688290,景业智能,浙江,专用机械,20220429,,L,SSE,科创板
688289.SH,688289,圣湘生物,湖南,医疗保健,20200828,,L,SSE,科创板
688288.SH,688288,鸿泉技术,浙江,IT设备,20191106,,L,SSE,科创板
688286.SH,688286,敏芯股份,江苏,半导体,20200810,,L,SSE,科创板
688285.SH,688285,高铁电气,陕西,运输设备,20211020,,L,SSE,科创板
688283.SH,688283,坤恒顺维,四川,电器仪表,20220215,,L,SSE,科创板
688282.SH,688282,理工导航,北京,通信设备,20220318,,L,SSE,科创板
688281.SH,688281,华秦科技,陕西,航空,20220307,,L,SSE,科创板
688280.SH,688280,精进电动,北京,汽车配件,20211027,,L,SSE,科创板
688279.SH,688279,峰岹科技,深圳,半导体,20220420,,L,SSE,科创板
688278.SH,688278,特宝生物,福建,生物制药,20200117,,L,SSE,科创板
688277.SH,688277,天智航,北京,医疗保健,20200707,,L,SSE,科创板
688276.SH,688276,百克生物,吉林,生物制药,20210625,,L,SSE,科创板
688275.SH,688275,万润新能,湖北,电气设备,20220929,,L,SSE,科创板
688273.SH,688273,麦澜德,江苏,医疗保健,20220811,,L,SSE,科创板
688272.SH,688272,富吉瑞,北京,元器件,20211018,,L,SSE,科创板
688271.SH,688271,联影医疗,上海,医疗保健,20220822,,L,SSE,科创板
688270.SH,688270,ST臻镭,浙江,半导体,20220127,,L,SSE,科创板
688269.SH,688269,凯立新材,陕西,化工原料,20210609,,L,SSE,科创板
688268.SH,688268,华特气体,广东,化工原料,20191226,,L,SSE,科创板
688267.SH,688267,中触媒,辽宁,化工原料,20220216,,L,SSE,科创板
688266.SH,688266,泽璟制药,江苏,生物制药,20200123,,L,SSE,科创板
688265.SH,688265,南模生物,上海,医疗保健,20211228,,L,SSE,科创板
688262.SH,688262,国芯科技,江苏,半导体,20220106,,L,SSE,科创板
688261.SH,688261,东微半导,江苏,半导体,20220210,,L,SSE,科创板
688260.SH,688260,昀冢科技,江苏,元器件,20210406,,L,SSE,科创板
688259.SH,688259,创耀科技,江苏,半导体,20220112,,L,SSE,科创板
688258.SH,688258,卓易信息,江苏,软件服务,20191209,,L,SSE,科创板
688257.SH,688257,新锐股份,江苏,机械基件,20211027,,L,SSE,科创板
688256.SH,688256,寒武纪,北京,半导体,20200720,,L,SSE,科创板
688255.SH,688255,凯尔达,浙江,机械基件,20211025,,L,SSE,科创板
688253.SH,688253,英诺特,北京,医疗保健,20220728,,L,SSE,科创板
688252.SH,688252,天德钰,深圳,半导体,20220927,,L,SSE,科创板
688251.SH,688251,井松智能,安徽,专用机械,20220606,,L,SSE,科创板
688249.SH,688249,晶合集成,安徽,半导体,20230505,,L,SSE,科创板
688248.SH,688248,南网科技,广东,电气设备,20211222,,L,SSE,科创板
688247.SH,688247,宣泰医药,上海,化学制药,20220825,,L,SSE,科创板
688246.SH,688246,嘉和美康,北京,软件服务,20211214,,L,SSE,科创板
688244.SH,688244,永信至诚,北京,软件服务,20221019,,L,SSE,科创板
688239.SH,688239,航宇科技,贵州,航空,20210705,,L,SSE,科创板
688238.SH,688238,和元生物,上海,医疗保健,20220322,,L,SSE,科创板
688237.SH,688237,超卓航科,湖北,航空,20220701,,L,SSE,科创板
688236.SH,688236,春立医疗,北京,医疗保健,20211230,,L,SSE,科创板
688235.SH,688235,百济神州,北京,生物制药,20211215,,L,SSE,科创板
688234.SH,688234,天岳先进,山东,半导体,20220112,,L,SSE,科创板
688233.SH,688233,神工股份,辽宁,半导体,20200221,,L,SSE,科创板
688232.SH,688232,新点软件,江苏,软件服务,20211117,,L,SSE,科创板
688231.SH,688231,隆达股份,江苏,航空,20220722,,L,SSE,科创板
688230.SH,688230,芯导科技,上海,半导体,20211201,,L,SSE,科创板
688229.SH,688229,博睿数据,北京,软件服务,20200817,,L,SSE,科创板
688228.SH,688228,开普云,广东,软件服务,20200327,,L,SSE,科创板
688227.SH,688227,品高股份,广东,软件服务,20211230,,L,SSE,科创板
688226.SH,688226,威腾电气,江苏,电气设备,20210707,,L,SSE,科创板
688225.SH,688225,亚信安全,江苏,软件服务,20220209,,L,SSE,科创板
688223.SH,688223,晶科能源,江西,电气设备,20220126,,L,SSE,科创板
688222.SH,688222,成都先导,四川,化学制药,20200416,,L,SSE,科创板
688221.SH,688221,前沿生物,江苏,生物制药,20201028,,L,SSE,科创板
688220.SH,688220,翱捷科技,上海,半导体,20220114,,L,SSE,科创板
688219.SH,688219,会通股份,安徽,塑料,20201118,,L,SSE,科创板
688218.SH,688218,江苏北人,江苏,专用机械,20191211,,L,SSE,科创板
688217.SH,688217,睿昂基因,上海,医疗保健,20210517,,L,SSE,科创板
688216.SH,688216,气派科技,深圳,半导体,20210623,,L,SSE,科创板
688215.SH,688215,瑞晟智能,浙江,专用机械,20200828,,L,SSE,科创板
688213.SH,688213,思特威,上海,半导体,20220520,,L,SSE,科创板
688212.SH,688212,澳华内镜,上海,医疗保健,20211115,,L,SSE,科创板
688211.SH,688211,中科微至,江苏,专用机械,20211026,,L,SSE,科创板
688210.SH,688210,统联精密,深圳,元器件,20211227,,L,SSE,科创板
688209.SH,688209,英集芯,深圳,半导体,20220419,,L,SSE,科创板
688208.SH,688208,道通科技,深圳,IT设备,20200213,,L,SSE,科创板
688207.SH,688207,格灵深瞳,北京,软件服务,20220317,,L,SSE,科创板
688206.SH,688206,概伦电子,上海,半导体,20211228,,L,SSE,科创板
688205.SH,688205,德科立,江苏,通信设备,20220809,,L,SSE,科创板
688203.SH,688203,海正生材,浙江,塑料,20220816,,L,SSE,科创板
688202.SH,688202,美迪西,上海,医疗保健,20191105,,L,SSE,科创板
688201.SH,688201,ST信安,北京,软件服务,20210421,,L,SSE,科创板
688200.SH,688200,华峰测控,北京,半导体,20200218,,L,SSE,科创板
688199.SH,688199,久日新材,天津,化工原料,20191105,,L,SSE,科创板
688198.SH,688198,佰仁医疗,北京,医疗保健,20191209,,L,SSE,科创板
688197.SH,688197,首药控股,北京,化学制药,20220323,,L,SSE,科创板
688196.SH,688196,卓越新能,福建,环境保护,20191121,,L,SSE,科创板
688195.SH,688195,腾景科技,福建,元器件,20210326,,L,SSE,科创板
688193.SH,688193,仁度生物,上海,医疗保健,20220330,,L,SSE,科创板
688192.SH,688192,迪哲医药,江苏,生物制药,20211210,,L,SSE,科创板
688191.SH,688191,智洋创新,山东,软件服务,20210408,,L,SSE,科创板
688190.SH,688190,云路股份,山东,矿物制品,20211126,,L,SSE,科创板
688189.SH,688189,ST南新,湖南,化学制药,20200326,,L,SSE,科创板
688188.SH,688188,柏楚电子,上海,专用机械,20190808,,L,SSE,科创板
688187.SH,688187,时代电气,湖南,运输设备,20210907,,L,SSE,科创板
688186.SH,688186,广大特材,江苏,特种钢,20200211,,L,SSE,科创板
688185.SH,688185,康希诺,天津,生物制药,20200813,,L,SSE,科创板
688184.SH,688184,ST帕瓦,浙江,电气设备,20220919,,L,SSE,科创板
688183.SH,688183,生益电子,广东,元器件,20210225,,L,SSE,科创板
688182.SH,688182,灿勤科技,江苏,通信设备,20211116,,L,SSE,科创板
688181.SH,688181,八亿时空,北京,元器件,20200106,,L,SSE,科创板
688180.SH,688180,君实生物,上海,生物制药,20200715,,L,SSE,科创板
688179.SH,688179,阿拉丁,上海,化学制药,20201026,,L,SSE,科创板
688178.SH,688178,万德斯,江苏,环境保护,20200114,,L,SSE,科创板
688177.SH,688177,百奥泰,广东,生物制药,20200221,,L,SSE,科创板
688176.SH,688176,亚虹医药,江苏,化学制药,20220107,,L,SSE,科创板
688175.SH,688175,高凌信息,广东,通信设备,20220315,,L,SSE,科创板
688173.SH,688173,希荻微,广东,半导体,20220121,,L,SSE,科创板
688172.SH,688172,燕东微,北京,半导体,20221216,,L,SSE,科创板
688171.SH,688171,纬德信息,广东,软件服务,20220127,,L,SSE,科创板
688170.SH,688170,德龙激光,江苏,专用机械,20220429,,L,SSE,科创板
688169.SH,688169,石头科技,北京,家用电器,20200221,,L,SSE,科创板
688168.SH,688168,安博通,北京,软件服务,20190906,,L,SSE,科创板
688167.SH,688167,炬光科技,陕西,元器件,20211224,,L,SSE,科创板
688166.SH,688166,博瑞医药,江苏,化学制药,20191108,,L,SSE,科创板
688165.SH,688165,埃夫特,安徽,专用机械,20200715,,L,SSE,科创板
688163.SH,688163,赛伦生物,上海,生物制药,20220311,,L,SSE,科创板
688162.SH,688162,巨一科技,安徽,专用机械,20211110,,L,SSE,科创板
688161.SH,688161,威高骨科,山东,医疗保健,20210630,,L,SSE,科创板
688160.SH,688160,步科股份,上海,电器仪表,20201112,,L,SSE,科创板
688159.SH,688159,有方科技,深圳,通信设备,20200123,,L,SSE,科创板
688158.SH,688158,优刻得,上海,软件服务,20200120,,L,SSE,科创板
688157.SH,688157,松井股份,湖南,染料涂料,20200609,,L,SSE,科创板
688156.SH,688156,路德科技,湖北,饲料,20200922,,L,SSE,科创板
688155.SH,688155,先惠技术,上海,电气设备,20200811,,L,SSE,科创板
688153.SH,688153,唯捷创芯,天津,半导体,20220412,,L,SSE,科创板
688152.SH,688152,麒麟信安,湖南,软件服务,20221028,,L,SSE,科创板
688151.SH,688151,华强科技,湖北,医疗保健,20211206,,L,SSE,科创板
688150.SH,688150,莱特光电,陕西,元器件,20220318,,L,SSE,科创板
688148.SH,688148,芳源股份,广东,电气设备,20210806,,L,SSE,科创板
688147.SH,688147,微导纳米,江苏,专用机械,20221223,,L,SSE,科创板
688146.SH,688146,中船特气,河北,半导体,20230421,,L,SSE,科创板
688143.SH,688143,长盈通,湖北,通信设备,20221212,,L,SSE,科创板
688141.SH,688141,杰华特,浙江,半导体,20221223,,L,SSE,科创板
688139.SH,688139,海尔生物,山东,医疗保健,20191025,,L,SSE,科创板
688138.SH,688138,清溢光电,深圳,半导体,20191120,,L,SSE,科创板
688137.SH,688137,近岸蛋白,江苏,生物制药,20220929,,L,SSE,科创板
688136.SH,688136,科兴制药,山东,生物制药,20201214,,L,SSE,科创板
688135.SH,688135,利扬芯片,广东,半导体,20201111,,L,SSE,科创板
688133.SH,688133,泰坦科技,上海,化工原料,20201030,,L,SSE,科创板
688132.SH,688132,邦彦技术,深圳,通信设备,20220923,,L,SSE,科创板
688131.SH,688131,皓元医药,上海,化学制药,20210608,,L,SSE,科创板
688130.SH,688130,晶华微,浙江,半导体,20220729,,L,SSE,科创板
688129.SH,688129,东来技术,上海,染料涂料,20201023,,L,SSE,科创板
688128.SH,688128,中国电研,广东,专用机械,20191105,,L,SSE,科创板
688127.SH,688127,蓝特光学,浙江,元器件,20200921,,L,SSE,科创板
688126.SH,688126,沪硅产业,上海,半导体,20200420,,L,SSE,科创板
688125.SH,688125,安达智能,广东,专用机械,20220415,,L,SSE,科创板
688123.SH,688123,聚辰股份,上海,半导体,20191223,,L,SSE,科创板
688122.SH,688122,西部超导,陕西,小金属,20190722,,L,SSE,科创板
688121.SH,688121,*ST卓然,上海,专用机械,20210906,,L,SSE,科创板
688120.SH,688120,华海清科,天津,半导体,20220608,,L,SSE,科创板
688119.SH,688119,中钢洛耐,河南,其他建材,20220606,,L,SSE,科创板
688118.SH,688118,普元信息,上海,软件服务,20191204,,L,SSE,科创板
688117.SH,688117,圣诺生物,四川,生物制药,20210603,,L,SSE,科创板
688116.SH,688116,天奈科技,江苏,化工原料,20190925,,L,SSE,科创板
688115.SH,688115,思林杰,广东,电器仪表,20220314,,L,SSE,科创板
688114.SH,688114,华大智造,深圳,医疗保健,20220909,,L,SSE,科创板
688113.SH,688113,联测科技,江苏,专用机械,20210506,,L,SSE,科创板
688112.SH,688112,鼎阳科技,深圳,电器仪表,20211201,,L,SSE,科创板
688111.SH,688111,金山办公,北京,软件服务,20191118,,L,SSE,科创板
688110.SH,688110,东芯股份,上海,半导体,20211210,,L,SSE,科创板
688109.SH,688109,品茗科技,浙江,软件服务,20210330,,L,SSE,科创板
688108.SH,688108,赛诺医疗,天津,医疗保健,20191030,,L,SSE,科创板
688107.SH,688107,安路科技,上海,半导体,20211112,,L,SSE,科创板
688106.SH,688106,金宏气体,江苏,化工原料,20200616,,L,SSE,科创板
688105.SH,688105,诺唯赞,江苏,生物制药,20211115,,L,SSE,科创板
688103.SH,688103,国力电子,江苏,元器件,20210910,,L,SSE,科创板
688102.SH,688102,斯瑞新材,陕西,铜,20220316,,L,SSE,科创板
688101.SH,688101,三达膜,陕西,环境保护,20191115,,L,SSE,科创板
688100.SH,688100,威胜信息,湖南,通信设备,20200121,,L,SSE,科创板
688099.SH,688099,晶晨股份,上海,半导体,20190808,,L,SSE,科创板
688098.SH,688098,申联生物,上海,农业综合,20191028,,L,SSE,科创板
688097.SH,688097,博众精工,江苏,专用机械,20210512,,L,SSE,科创板
688096.SH,688096,京源环保,江苏,环境保护,20200409,,L,SSE,科创板
688095.SH,688095,福昕软件,福建,软件服务,20200908,,L,SSE,科创板
688093.SH,688093,世华科技,江苏,化工原料,20200930,,L,SSE,科创板
688092.SH,688092,爱科科技,浙江,专用机械,20210319,,L,SSE,科创板
688091.SH,688091,上海谊众,上海,化学制药,20210909,,L,SSE,科创板
688090.SH,688090,瑞松科技,广东,专用机械,20200217,,L,SSE,科创板
688089.SH,688089,ST嘉必优,湖北,食品,20191219,,L,SSE,科创板
688088.SH,688088,虹软科技,浙江,软件服务,20190722,,L,SSE,科创板
688087.SH,688087,英科再生,山东,环境保护,20210709,,L,SSE,科创板
688085.SH,688085,三友医疗,上海,医疗保健,20200409,,L,SSE,科创板
688084.SH,688084,晶品特装,北京,专用机械,20221208,,L,SSE,科创板
688083.SH,688083,中望软件,广东,软件服务,20210311,,L,SSE,科创板
688082.SH,688082,盛美上海,上海,半导体,20211118,,L,SSE,科创板
688081.SH,688081,兴图新科,湖北,软件服务,20200106,,L,SSE,科创板
688080.SH,688080,映翰通,北京,通信设备,20200212,,L,SSE,科创板
688079.SH,688079,美迪凯,浙江,元器件,20210302,,L,SSE,科创板
688078.SH,688078,龙软科技,北京,软件服务,20191230,,L,SSE,科创板
688077.SH,688077,大地熊,安徽,矿物制品,20200722,,L,SSE,科创板
688076.SH,688076,ST诺泰,江苏,生物制药,20210520,,L,SSE,科创板
688075.SH,688075,安旭生物,浙江,医疗保健,20211118,,L,SSE,科创板
688073.SH,688073,毕得医药,上海,化学制药,20221011,,L,SSE,科创板
688072.SH,688072,拓荆科技,辽宁,半导体,20220420,,L,SSE,科创板
688071.SH,688071,华依科技,上海,专用机械,20210729,,L,SSE,科创板
688070.SH,688070,纵横股份,四川,航空,20210210,,L,SSE,科创板
688069.SH,688069,德林海,江苏,环境保护,20200722,,L,SSE,科创板
688068.SH,688068,热景生物,北京,医疗保健,20190930,,L,SSE,科创板
688067.SH,688067,爱威科技,湖南,医疗保健,20210616,,L,SSE,科创板
688066.SH,688066,*ST航图,北京,软件服务,20190722,,L,SSE,科创板
688065.SH,688065,凯赛生物,上海,化工原料,20200812,,L,SSE,科创板
688063.SH,688063,派能科技,上海,电气设备,20201230,,L,SSE,科创板
688062.SH,688062,迈威生物,上海,生物制药,20220118,,L,SSE,科创板
688061.SH,688061,灿瑞科技,上海,半导体,20221018,,L,SSE,科创板
688060.SH,688060,云涌科技,江苏,IT设备,20200710,,L,SSE,科创板
688059.SH,688059,华锐精密,湖南,机械基件,20210208,,L,SSE,科创板
688058.SH,688058,宝兰德,北京,软件服务,20191101,,L,SSE,科创板
688057.SH,688057,金达莱,江西,环境保护,20201111,,L,SSE,科创板
688056.SH,688056,莱伯泰科,北京,电器仪表,20200902,,L,SSE,科创板
688055.SH,688055,龙腾光电,江苏,元器件,20200817,,L,SSE,科创板
688053.SH,688053,ST思科瑞,四川,元器件,20220708,,L,SSE,科创板
688052.SH,688052,纳芯微,江苏,半导体,20220422,,L,SSE,科创板
688051.SH,688051,佳华科技,北京,软件服务,20200320,,L,SSE,科创板
688050.SH,688050,爱博医疗,北京,医疗保健,20200729,,L,SSE,科创板
688049.SH,688049,炬芯科技,广东,半导体,20211129,,L,SSE,科创板
688048.SH,688048,长光华芯,江苏,半导体,20220401,,L,SSE,科创板
688047.SH,688047,龙芯中科,北京,半导体,20220624,,L,SSE,科创板
688046.SH,688046,药康生物,江苏,生物制药,20220425,,L,SSE,科创板
688045.SH,688045,必易微,深圳,半导体,20220526,,L,SSE,科创板
688041.SH,688041,海光信息,天津,半导体,20220812,,L,SSE,科创板
688039.SH,688039,当虹科技,浙江,软件服务,20191211,,L,SSE,科创板
688038.SH,688038,中科通达,湖北,软件服务,20210713,,L,SSE,科创板
688037.SH,688037,芯源微,辽宁,半导体,20191216,,L,SSE,科创板
688036.SH,688036,传音控股,深圳,通信设备,20190930,,L,SSE,科创板
688035.SH,688035,德邦科技,山东,半导体,20220919,,L,SSE,科创板
688033.SH,688033,*ST天宜,北京,电气设备,20190722,,L,SSE,科创板
688032.SH,688032,禾迈股份,浙江,电气设备,20211220,,L,SSE,科创板
688031.SH,688031,星环科技,上海,软件服务,20221018,,L,SSE,科创板
688030.SH,688030,山石网科,江苏,软件服务,20190930,,L,SSE,科创板
688029.SH,688029,南微医学,江苏,医疗保健,20190722,,L,SSE,科创板
688028.SH,688028,沃尔德,北京,机械基件,20190722,,L,SSE,科创板
688027.SH,688027,国盾量子,安徽,通信设备,20200709,,L,SSE,科创板
688026.SH,688026,洁特生物,广东,医疗保健,20200122,,L,SSE,科创板
688025.SH,688025,杰普特,深圳,专用机械,20191031,,L,SSE,科创板
688023.SH,688023,安恒信息,浙江,软件服务,20191105,,L,SSE,科创板
688022.SH,688022,ST瀚川,江苏,专用机械,20190722,,L,SSE,科创板
688021.SH,688021,奥福科技,山东,汽车配件,20191106,,L,SSE,科创板
688020.SH,688020,方邦股份,广东,元器件,20190722,,L,SSE,科创板
688019.SH,688019,安集科技,上海,半导体,20190722,,L,SSE,科创板
688018.SH,688018,乐鑫科技,上海,半导体,20190722,,L,SSE,科创板
688017.SH,688017,绿的谐波,江苏,机械基件,20200828,,L,SSE,科创板
688016.SH,688016,心脉医疗,上海,医疗保健,20190722,,L,SSE,科创板
688015.SH,688015,交控科技,北京,运输设备,20190722,,L,SSE,科创板
688013.SH,688013,天臣医疗,江苏,医疗保健,20200928,,L,SSE,科创板
688012.SH,688012,中微公司,上海,半导体,20190722,,L,SSE,科创板
688011.SH,688011,新光光电,黑龙江,元器件,20190722,,L,SSE,科创板
688010.SH,688010,福光股份,福建,元器件,20190722,,L,SSE,科创板
688009.SH,688009,中国通号,北京,运输设备,20190722,,L,SSE,科创板
688008.SH,688008,澜起科技,上海,半导体,20190722,,L,SSE,科创板
688007.SH,688007,光峰科技,深圳,元器件,20190722,,L,SSE,科创板
688006.SH,688006,杭可科技,浙江,电气设备,20190722,,L,SSE,科创板
688005.SH,688005,容百科技,浙江,电气设备,20190722,,L,SSE,科创板
688004.SH,688004,博汇科技,北京,软件服务,20200612,,L,SSE,科创板
688003.SH,688003,天准科技,江苏,专用机械,20190722,,L,SSE,科创板
688002.SH,688002,睿创微纳,山东,通信设备,20190722,,L,SSE,科创板
688001.SH,688001,华兴源创,江苏,专用机械,20190722,,L,SSE,科创板
605599.SH,605599,菜百股份,北京,服饰,20210909,,L,SSE,主板
605598.SH,605598,上海港湾,上海,建筑工程,20210917,,L,SSE,主板
605589.SH,605589,圣泉集团,山东,化工原料,20210810,,L,SSE,主板
605588.SH,605588,冠石科技,江苏,元器件,20210812,,L,SSE,主板
605580.SH,605580,恒盛能源,浙江,供气供热,20210819,,L,SSE,主板
605577.SH,605577,龙版传媒,黑龙江,出版业,20210824,,L,SSE,主板
605567.SH,605567,春雪食品,山东,食品,20211013,,L,SSE,主板
605566.SH,605566,福莱蒽特,浙江,染料涂料,20211025,,L,SSE,主板
605555.SH,605555,德昌股份,浙江,家用电器,20211021,,L,SSE,主板
605507.SH,605507,国邦医药,浙江,化学制药,20210802,,L,SSE,主板
605500.SH,605500,森林包装,浙江,造纸,20201222,,L,SSE,主板
605499.SH,605499,东鹏饮料,深圳,软饮料,20210527,,L,SSE,主板
605488.SH,605488,福莱新材,浙江,塑料,20210513,,L,SSE,主板
605399.SH,605399,晨光新材,江西,化工原料,20200804,,L,SSE,主板
605398.SH,605398,新炬网络,上海,软件服务,20210121,,L,SSE,主板
605389.SH,605389,长龄液压,江苏,机械基件,20210322,,L,SSE,主板
605388.SH,605388,均瑶健康,湖北,乳制品,20200818,,L,SSE,主板
605378.SH,605378,野马电池,浙江,电气设备,20210412,,L,SSE,主板
605377.SH,605377,华旺科技,浙江,造纸,20201228,,L,SSE,主板
605376.SH,605376,博迁新材,江苏,小金属,20201208,,L,SSE,主板
605369.SH,605369,拱东医疗,浙江,医疗保健,20200916,,L,SSE,主板
605368.SH,605368,蓝天燃气,河南,供气供热,20210129,,L,SSE,主板
605366.SH,605366,宏柏新材,江西,化工原料,20200812,,L,SSE,主板
605365.SH,605365,立达信,福建,家用电器,20210720,,L,SSE,主板
605358.SH,605358,立昂微,浙江,半导体,20200911,,L,SSE,主板
605339.SH,605339,南侨食品,上海,食品,20210518,,L,SSE,主板
605338.SH,605338,巴比食品,上海,食品,20201012,,L,SSE,主板
605337.SH,605337,李子园,浙江,乳制品,20210208,,L,SSE,主板
605336.SH,605336,*ST帅电,浙江,家用电器,20201019,,L,SSE,主板
605333.SH,605333,沪光股份,江苏,汽车配件,20200818,,L,SSE,主板
605319.SH,605319,无锡振华,江苏,汽车配件,20210607,,L,SSE,主板
605318.SH,605318,法狮龙,浙江,其他建材,20200803,,L,SSE,主板
605305.SH,605305,中际联合,北京,工程机械,20210506,,L,SSE,主板
605303.SH,605303,园林股份,浙江,建筑工程,20210301,,L,SSE,主板
605300.SH,605300,佳禾食品,江苏,乳制品,20210430,,L,SSE,主板
605299.SH,605299,舒华体育,福建,文教休闲,20201215,,L,SSE,主板
605298.SH,605298,必得科技,江苏,运输设备,20210301,,L,SSE,主板
605296.SH,605296,神农集团,云南,农业综合,20210528,,L,SSE,主板
605289.SH,605289,罗曼股份,上海,建筑工程,20210426,,L,SSE,主板
605288.SH,605288,凯迪股份,江苏,电气设备,20200601,,L,SSE,主板
605287.SH,605287,德才股份,山东,装修装饰,20210706,,L,SSE,主板
605286.SH,605286,同力天启,江苏,运输设备,20210322,,L,SSE,主板
605277.SH,605277,新亚电子,浙江,元器件,20210106,,L,SSE,主板
605268.SH,605268,王力安防,浙江,家居用品,20210224,,L,SSE,主板
605266.SH,605266,健之佳,云南,医药商业,20201201,,L,SSE,主板
605259.SH,605259,绿田机械,浙江,农用机械,20210615,,L,SSE,主板
605258.SH,605258,协和电子,江苏,元器件,20201203,,L,SSE,主板
605255.SH,605255,天普股份,浙江,汽车配件,20200825,,L,SSE,主板
605228.SH,605228,神通科技,浙江,汽车配件,20210120,,L,SSE,主板
605222.SH,605222,起帆电缆,上海,电气设备,20200731,,L,SSE,主板
605218.SH,605218,伟时电子,江苏,元器件,20200928,,L,SSE,主板
605208.SH,605208,永茂泰,上海,铝,20210308,,L,SSE,主板
605199.SH,605199,ST葫芦娃,海南,中成药,20200710,,L,SSE,主板
605198.SH,605198,安德利,山东,软饮料,20200918,,L,SSE,主板
605196.SH,605196,华通线缆,河北,电气设备,20210511,,L,SSE,主板
605189.SH,605189,富春染织,安徽,纺织,20210528,,L,SSE,主板
605188.SH,605188,国光连锁,江西,超市连锁,20200728,,L,SSE,主板
605186.SH,605186,健麾信息,上海,专用机械,20201222,,L,SSE,主板
605183.SH,605183,确成股份,江苏,化工原料,20201207,,L,SSE,主板
605180.SH,605180,华生科技,浙江,纺织,20210430,,L,SSE,主板
605179.SH,605179,一鸣食品,浙江,乳制品,20201228,,L,SSE,主板
605178.SH,605178,时空科技,北京,装修装饰,20200821,,L,SSE,主板
605177.SH,605177,东亚药业,浙江,化学制药,20201125,,L,SSE,主板
605169.SH,605169,洪通燃气,新疆,供气供热,20201030,,L,SSE,主板
605168.SH,605168,三人行,陕西,互联网,20200528,,L,SSE,主板
605167.SH,605167,利柏特,江苏,建筑工程,20210726,,L,SSE,主板
605166.SH,605166,聚合顺,浙江,化纤,20200618,,L,SSE,主板
605162.SH,605162,新中港,浙江,供气供热,20210707,,L,SSE,主板
605158.SH,605158,华达新材,浙江,钢加工,20200805,,L,SSE,主板
605155.SH,605155,西大门,浙江,家居用品,20201231,,L,SSE,主板
605151.SH,605151,西上海,上海,汽车配件,20201215,,L,SSE,主板
605138.SH,605138,盛泰集团,浙江,服饰,20211027,,L,SSE,主板
605136.SH,605136,丽人丽妆,上海,其他商业,20200929,,L,SSE,主板
605133.SH,605133,嵘泰股份,江苏,汽车配件,20210224,,L,SSE,主板
605128.SH,605128,上海沿浦,上海,汽车配件,20200915,,L,SSE,主板
605123.SH,605123,派克新材,江苏,航空,20200825,,L,SSE,主板
605122.SH,605122,四方新材,重庆,水泥,20210310,,L,SSE,主板
605118.SH,605118,力鼎光电,福建,元器件,20200730,,L,SSE,主板
605117.SH,605117,德业股份,浙江,电气设备,20210420,,L,SSE,主板
605116.SH,605116,奥锐特,浙江,化学制药,20200921,,L,SSE,主板
605111.SH,605111,新洁能,江苏,半导体,20200928,,L,SSE,主板
605108.SH,605108,同庆楼,安徽,酒店餐饮,20200716,,L,SSE,主板
605100.SH,605100,华丰股份,山东,机械基件,20200811,,L,SSE,主板
605099.SH,605099,共创草坪,江苏,文教休闲,20200930,,L,SSE,主板
605098.SH,605098,行动教育,上海,文教休闲,20210421,,L,SSE,主板
605090.SH,605090,九丰能源,江西,供气供热,20210525,,L,SSE,主板
605089.SH,605089,味知香,江苏,食品,20210427,,L,SSE,主板
605088.SH,605088,冠盛股份,浙江,汽车配件,20200817,,L,SSE,主板
605086.SH,605086,龙高股份,福建,矿物制品,20210416,,L,SSE,主板
605080.SH,605080,浙江自然,浙江,文教休闲,20210506,,L,SSE,主板
605077.SH,605077,华康股份,浙江,食品,20210209,,L,SSE,主板
605069.SH,605069,正和生态,北京,环境保护,20210816,,L,SSE,主板
605068.SH,605068,明新旭腾,浙江,汽车配件,20201123,,L,SSE,主板
605066.SH,605066,天正电气,浙江,电气设备,20200807,,L,SSE,主板
605060.SH,605060,联德股份,浙江,机械基件,20210301,,L,SSE,主板
605058.SH,605058,澳弘电子,江苏,元器件,20201021,,L,SSE,主板
605056.SH,605056,咸亨国际,浙江,电器仪表,20210720,,L,SSE,主板
605055.SH,605055,迎丰股份,浙江,纺织,20210129,,L,SSE,主板
605050.SH,605050,福然德,上海,仓储物流,20200924,,L,SSE,主板
605033.SH,605033,美邦股份,陕西,农药化肥,20210916,,L,SSE,主板
605028.SH,605028,世茂能源,浙江,供气供热,20210712,,L,SSE,主板
605020.SH,605020,永和股份,浙江,化工原料,20210709,,L,SSE,主板
605018.SH,605018,长华集团,浙江,汽车配件,20200929,,L,SSE,主板
605016.SH,605016,百龙创园,山东,食品,20210421,,L,SSE,主板
605011.SH,605011,杭州热电,浙江,供气供热,20210630,,L,SSE,主板
605009.SH,605009,豪悦护理,浙江,造纸,20200911,,L,SSE,主板
605008.SH,605008,长鸿高科,浙江,橡胶,20200821,,L,SSE,主板
605007.SH,605007,五洲特纸,浙江,造纸,20201110,,L,SSE,主板
605006.SH,605006,山东玻纤,山东,玻璃,20200903,,L,SSE,主板
605005.SH,605005,合兴股份,浙江,汽车配件,20210119,,L,SSE,主板
605003.SH,605003,众望布艺,浙江,纺织,20200908,,L,SSE,主板
605001.SH,605001,威奥股份,山东,运输设备,20200522,,L,SSE,主板
603999.SH,603999,读者传媒,甘肃,出版业,20151210,,L,SSE,主板
603998.SH,603998,方盛制药,湖南,中成药,20141205,,L,SSE,主板
603997.SH,603997,继峰股份,浙江,汽车配件,20150302,,L,SSE,主板
603995.SH,603995,甬金股份,浙江,特种钢,20191224,,L,SSE,主板
603993.SH,603993,洛阳钼业,河南,小金属,20121009,,L,SSE,主板
603992.SH,603992,松霖科技,福建,家居用品,20190826,,L,SSE,主板
603991.SH,603991,领先股份,深圳,半导体,20170308,,L,SSE,主板
603990.SH,603990,麦迪科技,江苏,软件服务,20161208,,L,SSE,主板
603989.SH,603989,艾华集团,湖南,元器件,20150515,,L,SSE,主板
603988.SH,603988,中电电机,江苏,电气设备,20141104,,L,SSE,主板
603987.SH,603987,康德莱,上海,医疗保健,20161121,,L,SSE,主板
603986.SH,603986,兆易创新,北京,半导体,20160818,,L,SSE,主板
603985.SH,603985,恒润股份,江苏,电气设备,20170505,,L,SSE,主板
603983.SH,603983,丸美生物,广东,日用化工,20190725,,L,SSE,主板
603982.SH,603982,泉峰汽车,江苏,汽车配件,20190522,,L,SSE,主板
603980.SH,603980,吉华集团,浙江,染料涂料,20170615,,L,SSE,主板
603979.SH,603979,金诚信,北京,铜,20150630,,L,SSE,主板
603978.SH,603978,深圳新星,深圳,小金属,20170807,,L,SSE,主板
603977.SH,603977,国泰集团,江西,化工原料,20161111,,L,SSE,主板
603976.SH,603976,正川股份,重庆,医疗保健,20170822,,L,SSE,主板
603970.SH,603970,中农立华,北京,农药化肥,20171116,,L,SSE,主板
603969.SH,603969,银龙股份,天津,其他建材,20150227,,L,SSE,主板
603968.SH,603968,醋化股份,江苏,化工原料,20150518,,L,SSE,主板
603967.SH,603967,中创物流,山东,仓储物流,20190429,,L,SSE,主板
603966.SH,603966,法兰泰克,江苏,专用机械,20170125,,L,SSE,主板
603960.SH,603960,克来机电,上海,汽车配件,20170314,,L,SSE,主板
603959.SH,603959,ST百利,湖南,建筑工程,20160517,,L,SSE,主板
603958.SH,603958,哈森股份,江苏,服饰,20160629,,L,SSE,主板
603956.SH,603956,威派格,上海,专用机械,20190222,,L,SSE,主板
603955.SH,603955,大千生态,江苏,建筑工程,20170310,,L,SSE,主板
603950.SH,603950,长源东谷,湖北,汽车配件,20200526,,L,SSE,主板
603949.SH,603949,雪龙集团,浙江,汽车配件,20200310,,L,SSE,主板
603948.SH,603948,建业股份,浙江,化工原料,20200302,,L,SSE,主板
603939.SH,603939,益丰药房,湖南,医药商业,20150217,,L,SSE,主板
603938.SH,603938,三孚股份,河北,化工原料,20170628,,L,SSE,主板
603937.SH,603937,丽岛新材,江苏,铝,20171102,,L,SSE,主板
603936.SH,603936,博敏电子,广东,元器件,20151209,,L,SSE,主板
603933.SH,603933,睿能科技,福建,元器件,20170706,,L,SSE,主板
603931.SH,603931,格林达,浙江,化工原料,20200819,,L,SSE,主板
603929.SH,603929,亚翔集成,江苏,装修装饰,20161230,,L,SSE,主板
603928.SH,603928,兴业股份,江苏,化工原料,20161212,,L,SSE,主板
603927.SH,603927,中科软,北京,软件服务,20190909,,L,SSE,主板
603926.SH,603926,铁流股份,浙江,汽车配件,20170510,,L,SSE,主板
603922.SH,603922,ST金鸿顺,江苏,汽车配件,20171023,,L,SSE,主板
603920.SH,603920,世运电路,广东,元器件,20170426,,L,SSE,主板
603919.SH,603919,金徽酒,甘肃,白酒,20160310,,L,SSE,主板
603918.SH,603918,金桥信息,上海,软件服务,20150528,,L,SSE,主板
603917.SH,603917,合力科技,浙江,汽车配件,20171204,,L,SSE,主板
603916.SH,603916,苏博特,江苏,化工原料,20171110,,L,SSE,主板
603915.SH,603915,国茂股份,江苏,机械基件,20190614,,L,SSE,主板
603912.SH,603912,佳力图,江苏,专用机械,20171101,,L,SSE,主板
603909.SH,603909,建发合诚,福建,建筑工程,20160628,,L,SSE,主板
603908.SH,603908,牧高笛,浙江,纺织,20170307,,L,SSE,主板
603906.SH,603906,龙蟠科技,江苏,电气设备,20170410,,L,SSE,主板
603903.SH,603903,中持股份,北京,环境保护,20170314,,L,SSE,主板
603901.SH,603901,永创智能,浙江,专用机械,20150529,,L,SSE,主板
603900.SH,603900,莱绅通灵,江苏,服饰,20161123,,L,SSE,主板
603899.SH,603899,晨光股份,上海,文教休闲,20150127,,L,SSE,主板
603898.SH,603898,好莱客,广东,家居用品,20150217,,L,SSE,主板
603897.SH,603897,长城科技,浙江,电气设备,20180410,,L,SSE,主板
603896.SH,603896,寿仙谷,浙江,中成药,20170510,,L,SSE,主板
603895.SH,603895,天永智能,上海,专用机械,20180122,,L,SSE,主板
603893.SH,603893,瑞芯微,福建,半导体,20200207,,L,SSE,主板
603890.SH,603890,春秋电子,江苏,元器件,20171212,,L,SSE,主板
603889.SH,603889,新澳股份,浙江,纺织,20141231,,L,SSE,主板
603888.SH,603888,新华网,北京,互联网,20161028,,L,SSE,主板
603887.SH,603887,城地香江,上海,软件服务,20161010,,L,SSE,主板
603886.SH,603886,元祖股份,上海,食品,20161228,,L,SSE,主板
603885.SH,603885,吉祥航空,上海,空运,20150527,,L,SSE,主板
603883.SH,603883,老百姓,湖南,医药商业,20150423,,L,SSE,主板
603882.SH,603882,金域医学,广东,医疗保健,20170908,,L,SSE,主板
603881.SH,603881,数据港,上海,软件服务,20170208,,L,SSE,主板
603880.SH,603880,南卫股份,江苏,医疗保健,20170807,,L,SSE,主板
603879.SH,603879,永悦科技,江苏,化工原料,20170614,,L,SSE,主板
603878.SH,603878,武进不锈,江苏,钢加工,20161219,,L,SSE,主板
603877.SH,603877,太平鸟,浙江,服饰,20170109,,L,SSE,主板
603876.SH,603876,鼎胜新材,江苏,铝,20180418,,L,SSE,主板
603871.SH,603871,嘉友国际,北京,仓储物流,20180206,,L,SSE,主板
603869.SH,603869,ST智知,广西,软件服务,20150326,,L,SSE,主板
603868.SH,603868,飞科电器,上海,家用电器,20160418,,L,SSE,主板
603867.SH,603867,新化股份,浙江,化工原料,20190627,,L,SSE,主板
603866.SH,603866,桃李面包,辽宁,食品,20151222,,L,SSE,主板
603863.SH,603863,松炀资源,广东,造纸,20190621,,L,SSE,主板
603861.SH,603861,白云电器,广东,电气设备,20160322,,L,SSE,主板
603860.SH,603860,中公高科,北京,建筑工程,20170802,,L,SSE,主板
603859.SH,603859,能科科技,北京,软件服务,20161021,,L,SSE,主板
603858.SH,603858,步长制药,山东,中成药,20161118,,L,SSE,主板
603856.SH,603856,东宏股份,山东,塑料,20171106,,L,SSE,主板
603855.SH,603855,华荣股份,上海,专用机械,20170524,,L,SSE,主板
603848.SH,603848,好太太,广东,家居用品,20171201,,L,SSE,主板
603843.SH,603843,*ST正平,青海,建筑工程,20160905,,L,SSE,主板
603839.SH,603839,安正时尚,浙江,服饰,20170214,,L,SSE,主板
603838.SH,603838,*ST四通,广东,家居用品,20150701,,L,SSE,主板
603836.SH,603836,海程邦达,山东,仓储物流,20210526,,L,SSE,主板
603833.SH,603833,欧派家居,广东,家居用品,20170328,,L,SSE,主板
603829.SH,603829,洛凯股份,江苏,电气设备,20171017,,L,SSE,主板
603828.SH,603828,*ST利达,江苏,装修装饰,20150226,,L,SSE,主板
603826.SH,603826,坤彩科技,福建,染料涂料,20170414,,L,SSE,主板
603825.SH,603825,ST华扬,湖南,互联网,20170802,,L,SSE,主板
603823.SH,603823,百合花,浙江,染料涂料,20161220,,L,SSE,主板
603822.SH,603822,ST嘉澳,浙江,化工原料,20160428,,L,SSE,主板
603819.SH,603819,神力股份,江苏,电气设备,20161125,,L,SSE,主板
603818.SH,603818,曲美家居,北京,家居用品,20150422,,L,SSE,主板
603817.SH,603817,海峡环保,福建,环境保护,20170220,,L,SSE,主板
603816.SH,603816,顾家家居,浙江,家居用品,20161014,,L,SSE,主板
603815.SH,603815,交建股份,安徽,建筑工程,20191021,,L,SSE,主板
603813.SH,603813,原尚股份,广东,公路,20170918,,L,SSE,主板
603811.SH,603811,诚意药业,浙江,化学制药,20170315,,L,SSE,主板
603810.SH,603810,丰山集团,江苏,农药化肥,20180917,,L,SSE,主板
603809.SH,603809,豪能股份,四川,汽车配件,20171128,,L,SSE,主板
603808.SH,603808,歌力思,深圳,服饰,20150422,,L,SSE,主板
603806.SH,603806,福斯特,浙江,塑料,20140905,,L,SSE,主板
603803.SH,603803,瑞斯康达,北京,通信设备,20170420,,L,SSE,主板
603801.SH,603801,志邦家居,安徽,家居用品,20170630,,L,SSE,主板
603800.SH,603800,洪田股份,江苏,专用机械,20151210,,L,SSE,主板
603799.SH,603799,华友钴业,浙江,小金属,20150129,,L,SSE,主板
603798.SH,603798,康普顿,山东,石油加工,20160406,,L,SSE,主板
603797.SH,603797,联泰环保,广东,环境保护,20170413,,L,SSE,主板
603790.SH,603790,雅运股份,上海,染料涂料,20180912,,L,SSE,主板
603789.SH,603789,ST星农,浙江,农用机械,20150427,,L,SSE,主板
603788.SH,603788,宁波高发,浙江,汽车配件,20150120,,L,SSE,主板
603787.SH,603787,新日股份,江苏,摩托车,20170427,,L,SSE,主板
603786.SH,603786,科博达,上海,汽车配件,20191015,,L,SSE,主板
603779.SH,603779,威龙股份,山东,红黄酒,20160516,,L,SSE,主板
603778.SH,603778,国晟科技,北京,电气设备,20151231,,L,SSE,主板
603777.SH,603777,来伊份,上海,食品,20161012,,L,SSE,主板
603776.SH,603776,永安行,江苏,公共交通,20170817,,L,SSE,主板
603773.SH,603773,沃格光电,江西,元器件,20180417,,L,SSE,主板
603768.SH,603768,常青股份,安徽,汽车配件,20170324,,L,SSE,主板
603767.SH,603767,中马传动,浙江,汽车配件,20170613,,L,SSE,主板
603766.SH,603766,隆鑫通用,重庆,摩托车,20120810,,L,SSE,主板
603759.SH,603759,海天股份,四川,水务,20210326,,L,SSE,主板
603758.SH,603758,秦安股份,重庆,汽车配件,20170517,,L,SSE,主板
603757.SH,603757,大元泵业,浙江,机械基件,20170711,,L,SSE,主板
603755.SH,603755,日辰股份,山东,食品,20190828,,L,SSE,主板
603739.SH,603739,蔚蓝生物,山东,农业综合,20190116,,L,SSE,主板
603738.SH,603738,泰晶科技,湖北,元器件,20160928,,L,SSE,主板
603737.SH,603737,三棵树,福建,染料涂料,20160603,,L,SSE,主板
603733.SH,603733,仙鹤股份,浙江,造纸,20180420,,L,SSE,主板
603730.SH,603730,岱美股份,上海,汽车配件,20170728,,L,SSE,主板
603729.SH,603729,ST龙韵,上海,广告包装,20150324,,L,SSE,主板
603728.SH,603728,鸣志电器,上海,电气设备,20170509,,L,SSE,主板
603727.SH,603727,博迈科,天津,石油开采,20161122,,L,SSE,主板
603726.SH,603726,朗迪集团,浙江,家用电器,20160421,,L,SSE,主板
603725.SH,603725,天安新材,广东,塑料,20170906,,L,SSE,主板
603722.SH,603722,阿科力,江苏,化工原料,20171025,,L,SSE,主板
603721.SH,603721,中广天择,湖南,影视音像,20170811,,L,SSE,主板
603719.SH,603719,良品铺子,湖北,食品,20200224,,L,SSE,主板
603718.SH,603718,*ST海利,上海,医疗保健,20150515,,L,SSE,主板
603717.SH,603717,天域生物,重庆,农业综合,20170327,,L,SSE,主板
603716.SH,603716,塞力医疗,湖北,医药商业,20161031,,L,SSE,主板
603713.SH,603713,密尔克卫,上海,仓储物流,20180713,,L,SSE,主板
603712.SH,603712,七一二,天津,通信设备,20180226,,L,SSE,主板
603711.SH,603711,香飘飘,浙江,软饮料,20171130,,L,SSE,主板
603709.SH,603709,中源家居,浙江,家居用品,20180208,,L,SSE,主板
603708.SH,603708,家家悦,山东,超市连锁,20161213,,L,SSE,主板
603707.SH,603707,健友股份,江苏,生物制药,20170719,,L,SSE,主板
603706.SH,603706,东方环宇,新疆,供气供热,20180709,,L,SSE,主板
603703.SH,603703,盛洋科技,浙江,元器件,20150423,,L,SSE,主板
603701.SH,603701,德宏股份,浙江,汽车配件,20160412,,L,SSE,主板
603700.SH,603700,宁水集团,浙江,电器仪表,20190122,,L,SSE,主板
603699.SH,603699,纽威股份,江苏,机械基件,20140117,,L,SSE,主板
603698.SH,603698,航天工程,北京,专用机械,20150128,,L,SSE,主板
603697.SH,603697,有友食品,重庆,食品,20190508,,L,SSE,主板
603696.SH,603696,安记食品,福建,食品,20151209,,L,SSE,主板
603693.SH,603693,江苏新能,江苏,新型电力,20180703,,L,SSE,主板
603690.SH,603690,至纯科技,上海,半导体,20170113,,L,SSE,主板
603689.SH,603689,皖天然气,安徽,供气供热,20170110,,L,SSE,主板
603688.SH,603688,石英股份,江苏,矿物制品,20141031,,L,SSE,主板
603687.SH,603687,大胜达,浙江,广告包装,20190726,,L,SSE,主板
603686.SH,603686,福龙马,福建,环境保护,20150126,,L,SSE,主板
603685.SH,603685,晨丰科技,浙江,电气设备,20171127,,L,SSE,主板
603683.SH,603683,晶华新材,上海,化工原料,20171020,,L,SSE,主板
603682.SH,603682,锦和商管,上海,房产服务,20200421,,L,SSE,主板
603681.SH,603681,永冠新材,上海,化工原料,20190326,,L,SSE,主板
603680.SH,603680,今创集团,江苏,运输设备,20180227,,L,SSE,主板
603679.SH,603679,华体科技,四川,电气设备,20170621,,L,SSE,主板
603678.SH,603678,火炬电子,福建,元器件,20150126,,L,SSE,主板
603677.SH,603677,奇精机械,浙江,家用电器,20170206,,L,SSE,主板
603676.SH,603676,卫信康,西藏,化学制药,20170721,,L,SSE,主板
603669.SH,603669,灵康药业,西藏,化学制药,20150528,,L,SSE,主板
603668.SH,603668,天马科技,福建,饲料,20170117,,L,SSE,主板
603667.SH,603667,五洲新春,浙江,机械基件,20161025,,L,SSE,主板
603666.SH,603666,亿嘉和,江苏,专用机械,20180612,,L,SSE,主板
603665.SH,603665,康隆达,浙江,服饰,20170313,,L,SSE,主板
603663.SH,603663,三祥新材,福建,小金属,20160801,,L,SSE,主板
603662.SH,603662,柯力传感,浙江,电器仪表,20190806,,L,SSE,主板
603661.SH,603661,恒林股份,浙江,家居用品,20171121,,L,SSE,主板
603660.SH,603660,苏州科达,江苏,IT设备,20161201,,L,SSE,主板
603659.SH,603659,璞泰来,上海,化工原料,20171103,,L,SSE,主板
603658.SH,603658,安图生物,河南,医疗保健,20160901,,L,SSE,主板
603657.SH,603657,春光科技,浙江,家用电器,20180730,,L,SSE,主板
603656.SH,603656,泰禾智能,安徽,专用机械,20170321,,L,SSE,主板
603655.SH,603655,朗博科技,江苏,汽车配件,20171229,,L,SSE,主板
603650.SH,603650,彤程新材,上海,化工原料,20180627,,L,SSE,主板
603648.SH,603648,畅联股份,上海,仓储物流,20170913,,L,SSE,主板
603639.SH,603639,海利尔,山东,农药化肥,20170112,,L,SSE,主板
603638.SH,603638,艾迪精密,山东,专用机械,20170120,,L,SSE,主板
603637.SH,603637,镇海股份,浙江,建筑工程,20170208,,L,SSE,主板
603636.SH,603636,南威软件,福建,软件服务,20141230,,L,SSE,主板
603633.SH,603633,徕木股份,上海,汽车配件,20161117,,L,SSE,主板
603630.SH,603630,拉芳家化,广东,日用化工,20170313,,L,SSE,主板
603629.SH,603629,利通电子,江苏,元器件,20181224,,L,SSE,主板
603628.SH,603628,清源股份,福建,电气设备,20170112,,L,SSE,主板
603626.SH,603626,科森科技,江苏,元器件,20170209,,L,SSE,主板
603619.SH,603619,中曼石油,上海,石油开采,20171117,,L,SSE,主板
603618.SH,603618,杭电股份,浙江,电气设备,20150217,,L,SSE,主板
603617.SH,603617,君禾股份,浙江,机械基件,20170703,,L,SSE,主板
603616.SH,603616,韩建河山,北京,水泥,20150611,,L,SSE,主板
603615.SH,603615,茶花股份,福建,家居用品,20170213,,L,SSE,主板
603613.SH,603613,国联股份,北京,互联网,20190730,,L,SSE,主板
603612.SH,603612,索通发展,山东,矿物制品,20170718,,L,SSE,主板
603611.SH,603611,诺力股份,浙江,专用机械,20150128,,L,SSE,主板
603610.SH,603610,麒盛科技,浙江,家居用品,20191029,,L,SSE,主板
603609.SH,603609,禾丰股份,辽宁,饲料,20140808,,L,SSE,主板
603608.SH,603608,天创时尚,广东,服饰,20160218,,L,SSE,主板
603607.SH,603607,京华激光,浙江,造纸,20171025,,L,SSE,主板
603606.SH,603606,东方电缆,浙江,电气设备,20141015,,L,SSE,主板
603605.SH,603605,珀莱雅,浙江,日用化工,20171115,,L,SSE,主板
603602.SH,603602,纵横通信,浙江,通信设备,20170810,,L,SSE,主板
603601.SH,603601,再升科技,重庆,玻璃,20150122,,L,SSE,主板
603600.SH,603600,永艺股份,浙江,家居用品,20150123,,L,SSE,主板
603599.SH,603599,广信股份,安徽,农药化肥,20150513,,L,SSE,主板
603598.SH,603598,引力传媒,北京,互联网,20150527,,L,SSE,主板
603596.SH,603596,伯特利,安徽,汽车配件,20180427,,L,SSE,主板
603595.SH,603595,ST东尼,浙江,元器件,20170712,,L,SSE,主板
603590.SH,603590,康辰药业,北京,生物制药,20180827,,L,SSE,主板
603589.SH,603589,口子窖,安徽,白酒,20150629,,L,SSE,主板
603588.SH,603588,高能环境,北京,环境保护,20141229,,L,SSE,主板
603587.SH,603587,地素时尚,上海,服饰,20180622,,L,SSE,主板
603586.SH,603586,金麒麟,山东,汽车配件,20170406,,L,SSE,主板
603585.SH,603585,苏利股份,江苏,农药化肥,20161214,,L,SSE,主板
603583.SH,603583,捷昌驱动,浙江,电气设备,20180921,,L,SSE,主板
603580.SH,603580,艾艾精工,上海,塑料,20170525,,L,SSE,主板
603579.SH,603579,荣泰健康,上海,家用电器,20170111,,L,SSE,主板
603578.SH,603578,三星新材,浙江,家用电器,20170306,,L,SSE,主板
603577.SH,603577,汇金通,山东,电气设备,20161222,,L,SSE,主板
603569.SH,603569,长久物流,北京,公路,20160810,,L,SSE,主板
603568.SH,603568,伟明环保,浙江,环境保护,20150528,,L,SSE,主板
603567.SH,603567,珍宝岛,黑龙江,中成药,20150424,,L,SSE,主板
603566.SH,603566,普莱柯,河南,农业综合,20150518,,L,SSE,主板
603565.SH,603565,中谷物流,上海,水运,20200925,,L,SSE,主板
603559.SH,603559,中通国脉,吉林,通信设备,20161202,,L,SSE,主板
603558.SH,603558,健盛集团,浙江,纺织,20150127,,L,SSE,主板
603557.SH,603557,*ST起步,浙江,服饰,20170818,,L,SSE,主板
603556.SH,603556,海兴电力,浙江,电器仪表,20161110,,L,SSE,主板
603551.SH,603551,奥普科技,浙江,家居用品,20200115,,L,SSE,主板
603538.SH,603538,美诺华,浙江,化学制药,20170407,,L,SSE,主板
603536.SH,603536,惠发食品,山东,食品,20170613,,L,SSE,主板
603535.SH,603535,嘉诚国际,广东,仓储物流,20170808,,L,SSE,主板
603533.SH,603533,掌阅科技,北京,互联网,20170921,,L,SSE,主板
603530.SH,603530,神马电力,江苏,电气设备,20190805,,L,SSE,主板
603529.SH,603529,爱玛科技,天津,摩托车,20210615,,L,SSE,主板
603528.SH,603528,多伦科技,江苏,软件服务,20160503,,L,SSE,主板
603527.SH,603527,众源新材,安徽,铜,20170907,,L,SSE,主板
603520.SH,603520,司太立,浙江,化学制药,20160309,,L,SSE,主板
603519.SH,603519,立霸股份,江苏,家用电器,20150319,,L,SSE,主板
603518.SH,603518,锦泓集团,江苏,服饰,20141203,,L,SSE,主板
603517.SH,603517,ST绝味,湖南,食品,20170317,,L,SSE,主板
603516.SH,603516,淳中科技,北京,IT设备,20180202,,L,SSE,主板
603515.SH,603515,欧普照明,上海,家用电器,20160819,,L,SSE,主板
603511.SH,603511,爱慕股份,北京,服饰,20210531,,L,SSE,主板
603508.SH,603508,思维列控,河南,IT设备,20151224,,L,SSE,主板
603507.SH,603507,振江股份,江苏,电气设备,20171106,,L,SSE,主板
603506.SH,603506,南都物业,浙江,房产服务,20180201,,L,SSE,主板
603505.SH,603505,金石资源,浙江,化工原料,20170503,,L,SSE,主板
603501.SH,603501,豪威集团,上海,半导体,20170504,,L,SSE,主板
603500.SH,603500,祥和实业,浙江,运输设备,20170904,,L,SSE,主板
603499.SH,603499,翔港科技,上海,广告包装,20171016,,L,SSE,主板
603496.SH,603496,恒为科技,上海,IT设备,20170607,,L,SSE,主板
603489.SH,603489,八方股份,江苏,电气设备,20191111,,L,SSE,主板
603488.SH,603488,展鹏科技,江苏,运输设备,20170516,,L,SSE,主板
603486.SH,603486,科沃斯,江苏,家用电器,20180528,,L,SSE,主板
603477.SH,603477,巨星农牧,四川,农业综合,20171218,,L,SSE,主板
603466.SH,603466,风语筑,上海,文教休闲,20171020,,L,SSE,主板
603458.SH,603458,勘设股份,贵州,建筑工程,20170809,,L,SSE,主板
603456.SH,603456,九洲药业,浙江,医疗保健,20141010,,L,SSE,主板
603444.SH,603444,吉比特,福建,互联网,20170104,,L,SSE,主板
603439.SH,603439,三力制药,贵州,中成药,20200428,,L,SSE,主板
603429.SH,603429,*ST集友,安徽,广告包装,20170124,,L,SSE,主板
603421.SH,603421,鼎信通讯,山东,通信设备,20161011,,L,SSE,主板
603418.SH,603418,友升股份,上海,汽车配件,20250923,,L,SSE,主板
603416.SH,603416,信捷电气,江苏,电器仪表,20161221,,L,SSE,主板
603409.SH,603409,汇通控股,安徽,汽车配件,20250304,,L,SSE,主板
603408.SH,603408,建霖家居,福建,家居用品,20200730,,L,SSE,主板
603406.SH,603406,天富龙,江苏,化纤,20250808,,L,SSE,主板
603402.SH,603402,陕西旅游,陕西,旅游景点,20260106,,L,SSE,主板
603400.SH,603400,华之杰,江苏,机械基件,20250620,,L,SSE,主板
603399.SH,603399,永杉锂业,辽宁,小金属,20120824,,L,SSE,主板
603398.SH,603398,*ST沐邦,江西,电气设备,20151209,,L,SSE,主板
603396.SH,603396,金辰股份,辽宁,专用机械,20171018,,L,SSE,主板
603395.SH,603395,红四方,安徽,农药化肥,20241126,,L,SSE,主板
603393.SH,603393,新天然气,新疆,石油开采,20160912,,L,SSE,主板
603392.SH,603392,万泰生物,北京,生物制药,20200429,,L,SSE,主板
603391.SH,603391,力聚热能,浙江,专用机械,20240731,,L,SSE,主板
603390.SH,603390,通达电气,广东,汽车配件,20191125,,L,SSE,主板
603389.SH,603389,亚振家居,江苏,家居用品,20161215,,L,SSE,主板
603387.SH,603387,基蛋生物,江苏,医疗保健,20170717,,L,SSE,主板
603386.SH,603386,骏亚科技,广东,元器件,20170912,,L,SSE,主板
603385.SH,603385,惠达卫浴,河北,家居用品,20170405,,L,SSE,主板
603383.SH,603383,顶点软件,福建,软件服务,20170522,,L,SSE,主板
603382.SH,603382,海阳科技,江苏,化纤,20250612,,L,SSE,主板
603381.SH,603381,永臻股份,江苏,电气设备,20240626,,L,SSE,主板
603380.SH,603380,易德龙,江苏,元器件,20170622,,L,SSE,主板
603379.SH,603379,三美股份,浙江,化工原料,20190402,,L,SSE,主板
603378.SH,603378,*ST亚士,上海,染料涂料,20170928,,L,SSE,主板
603377.SH,603377,ST东时,北京,汽车服务,20160205,,L,SSE,主板
603376.SH,603376,大明电子,浙江,汽车配件,20251106,,L,SSE,主板
603375.SH,603375,盛景微,江苏,半导体,20240124,,L,SSE,主板
603373.SH,603373,安邦护卫,浙江,仓储物流,20231220,,L,SSE,主板
603370.SH,603370,华新精科,江苏,电气设备,20250905,,L,SSE,主板
603369.SH,603369,今世缘,江苏,白酒,20140703,,L,SSE,主板
603368.SH,603368,柳药集团,广西,医药商业,20141204,,L,SSE,主板
603367.SH,603367,辰欣药业,山东,化学制药,20170929,,L,SSE,主板
603366.SH,603366,日出东方,江苏,家用电器,20120521,,L,SSE,主板
603365.SH,603365,水星家纺,上海,纺织,20171120,,L,SSE,主板
603363.SH,603363,傲农生物,福建,饲料,20170926,,L,SSE,主板
603360.SH,603360,百傲化学,辽宁,农药化肥,20170206,,L,SSE,主板
603359.SH,603359,*ST东珠,江苏,建筑工程,20170901,,L,SSE,主板
603358.SH,603358,华达科技,江苏,汽车配件,20170125,,L,SSE,主板
603357.SH,603357,设计总院,安徽,建筑工程,20170801,,L,SSE,主板
603356.SH,603356,华菱精工,安徽,运输设备,20180124,,L,SSE,主板
603355.SH,603355,莱克电气,江苏,家用电器,20150513,,L,SSE,主板
603353.SH,603353,和顺石油,湖南,石油贸易,20200407,,L,SSE,主板
603352.SH,603352,至信股份,重庆,汽车配件,20260115,,L,SSE,主板
603351.SH,603351,威尔药业,江苏,化学制药,20190130,,L,SSE,主板
603350.SH,603350,安乃达,上海,电气设备,20240703,,L,SSE,主板
603348.SH,603348,文灿股份,广东,汽车配件,20180426,,L,SSE,主板
603345.SH,603345,安井食品,福建,食品,20170222,,L,SSE,主板
603344.SH,603344,星德胜,江苏,电气设备,20240320,,L,SSE,主板
603341.SH,603341,龙旗科技,上海,通信设备,20240301,,L,SSE,主板
603339.SH,603339,四方科技,江苏,专用机械,20160519,,L,SSE,主板
603338.SH,603338,浙江鼎力,浙江,工程机械,20150325,,L,SSE,主板
603337.SH,603337,杰克科技,浙江,纺织机械,20170119,,L,SSE,主板
603336.SH,603336,宏辉果蔬,广东,农业综合,20161124,,L,SSE,主板
603335.SH,603335,迪生力,广东,汽车配件,20170620,,L,SSE,主板
603334.SH,603334,丰倍生物,江苏,化工原料,20251105,,L,SSE,主板
603333.SH,603333,福华尚纬,四川,电气设备,20120507,,L,SSE,主板
603332.SH,603332,苏州龙杰,江苏,化纤,20190117,,L,SSE,主板
603331.SH,603331,百达精工,浙江,专用机械,20170705,,L,SSE,主板
603330.SH,603330,天洋新材,上海,塑料,20170213,,L,SSE,主板
603329.SH,603329,上海雅仕,上海,仓储物流,20171229,,L,SSE,主板
603328.SH,603328,依顿电子,广东,元器件,20140701,,L,SSE,主板
603327.SH,603327,福蓉科技,四川,元器件,20190523,,L,SSE,主板
603326.SH,603326,我乐家居,江苏,家居用品,20170616,,L,SSE,主板
603325.SH,603325,博隆技术,上海,化工机械,20240110,,L,SSE,主板
603324.SH,603324,盛剑科技,上海,环境保护,20210407,,L,SSE,主板
603323.SH,603323,苏农银行,江苏,银行,20161129,,L,SSE,主板
603322.SH,603322,超讯科技,广东,通信设备,20160728,,L,SSE,主板
603321.SH,603321,梅轮电梯,浙江,运输设备,20170915,,L,SSE,主板
603320.SH,603320,迪贝电气,浙江,电气设备,20170502,,L,SSE,主板
603319.SH,603319,美湖股份,湖南,汽车配件,20161130,,L,SSE,主板
603318.SH,603318,水发燃气,辽宁,供气供热,20150424,,L,SSE,主板
603317.SH,603317,天味食品,四川,食品,20190416,,L,SSE,主板
603316.SH,603316,诚邦股份,浙江,建筑工程,20170619,,L,SSE,主板
603315.SH,603315,福鞍股份,辽宁,环境保护,20150424,,L,SSE,主板
603313.SH,603313,梦百合,江苏,家居用品,20161013,,L,SSE,主板
603312.SH,603312,西典新能,江苏,电气设备,20240111,,L,SSE,主板
603311.SH,603311,金海高科,浙江,家用电器,20150518,,L,SSE,主板
603310.SH,603310,巍华新材,浙江,化工原料,20240814,,L,SSE,主板
603309.SH,603309,维力医疗,广东,医疗保健,20150302,,L,SSE,主板
603308.SH,603308,应流股份,安徽,机械基件,20140122,,L,SSE,主板
603307.SH,603307,扬州金泉,江苏,文教休闲,20230216,,L,SSE,主板
603306.SH,603306,华懋科技,福建,汽车配件,20140926,,L,SSE,主板
603305.SH,603305,旭升集团,浙江,汽车配件,20170710,,L,SSE,主板
603303.SH,603303,得邦照明,浙江,家用电器,20170330,,L,SSE,主板
603301.SH,603301,振德医疗,浙江,医疗保健,20180412,,L,SSE,主板
603300.SH,603300,海南华铁,浙江,多元金融,20150529,,L,SSE,主板
603299.SH,603299,苏盐井神,江苏,食品,20151231,,L,SSE,主板
603298.SH,603298,杭叉集团,浙江,工程机械,20161227,,L,SSE,主板
603297.SH,603297,永新光学,浙江,元器件,20180910,,L,SSE,主板
603296.SH,603296,华勤技术,上海,元器件,20230808,,L,SSE,主板
603291.SH,603291,联合水务,江苏,水务,20230327,,L,SSE,主板
603290.SH,603290,斯达半导,浙江,半导体,20200204,,L,SSE,主板
603289.SH,603289,泰瑞机器,浙江,专用机械,20171031,,L,SSE,主板
603288.SH,603288,海天味业,广东,食品,20140211,,L,SSE,主板
603286.SH,603286,日盈电子,江苏,汽车配件,20170627,,L,SSE,主板
603285.SH,603285,键邦股份,山东,化工原料,20240705,,L,SSE,主板
603283.SH,603283,赛腾股份,江苏,专用机械,20171225,,L,SSE,主板
603282.SH,603282,亚光股份,浙江,专用机械,20230315,,L,SSE,主板
603281.SH,603281,江瀚新材,湖北,化工原料,20230131,,L,SSE,主板
603280.SH,603280,南方路机,福建,工程机械,20221108,,L,SSE,主板
603279.SH,603279,景津装备,山东,环境保护,20190729,,L,SSE,主板
603278.SH,603278,大业股份,山东,钢加工,20171113,,L,SSE,主板
603277.SH,603277,银都股份,浙江,专用机械,20170911,,L,SSE,主板
603276.SH,603276,恒兴新材,江苏,化工原料,20230925,,L,SSE,主板
603275.SH,603275,众辰科技,上海,电器仪表,20230823,,L,SSE,主板
603273.SH,603273,天元智能,江苏,专用机械,20231023,,L,SSE,主板
603272.SH,603272,*ST联翔,浙江,家居用品,20220520,,L,SSE,主板
603271.SH,603271,永杰新材,浙江,铝,20250311,,L,SSE,主板
603270.SH,603270,金帝股份,山东,机械基件,20230901,,L,SSE,主板
603269.SH,603269,海鸥股份,江苏,机械基件,20170517,,L,SSE,主板
603268.SH,603268,松发股份,广东,船舶,20150319,,L,SSE,主板
603267.SH,603267,鸿远电子,北京,元器件,20190515,,L,SSE,主板
603266.SH,603266,天龙股份,浙江,汽车配件,20170110,,L,SSE,主板
603262.SH,603262,技源集团,江苏,食品,20250723,,L,SSE,主板
603261.SH,603261,立航科技,四川,航空,20220315,,L,SSE,主板
603260.SH,603260,合盛硅业,浙江,化工原料,20171030,,L,SSE,主板
603259.SH,603259,药明康德,江苏,化学制药,20180508,,L,SSE,主板
603258.SH,603258,电魂网络,浙江,互联网,20161026,,L,SSE,主板
603257.SH,603257,中国瑞林,江西,建筑工程,20250408,,L,SSE,主板
603256.SH,603256,宏和科技,上海,玻璃,20190719,,L,SSE,主板
603255.SH,603255,鼎际得,辽宁,化工原料,20220818,,L,SSE,主板
603248.SH,603248,锡华科技,江苏,机械基件,20251223,,L,SSE,主板
603239.SH,603239,浙江仙通,浙江,汽车配件,20161230,,L,SSE,主板
603238.SH,603238,诺邦股份,浙江,纺织,20170222,,L,SSE,主板
603237.SH,603237,五芳斋,浙江,食品,20220831,,L,SSE,主板
603236.SH,603236,移远通信,上海,通信设备,20190716,,L,SSE,主板
603235.SH,603235,天新药业,江西,化学制药,20220712,,L,SSE,主板
603233.SH,603233,大参林,广东,医药商业,20170731,,L,SSE,主板
603232.SH,603232,格尔软件,上海,软件服务,20170421,,L,SSE,主板
603231.SH,603231,索宝蛋白,浙江,食品,20231215,,L,SSE,主板
603230.SH,603230,内蒙新华,内蒙,出版业,20211224,,L,SSE,主板
603229.SH,603229,奥翔药业,浙江,化学制药,20170509,,L,SSE,主板
603228.SH,603228,景旺电子,深圳,元器件,20170106,,L,SSE,主板
603227.SH,603227,雪峰科技,新疆,化工原料,20150515,,L,SSE,主板
603226.SH,603226,菲林格尔,上海,家居用品,20170615,,L,SSE,主板
603225.SH,603225,新凤鸣,浙江,化纤,20170418,,L,SSE,主板
603223.SH,603223,恒通股份,山东,公路,20150630,,L,SSE,主板
603222.SH,603222,济民健康,浙江,医疗保健,20150217,,L,SSE,主板
603221.SH,603221,爱丽家居,江苏,家居用品,20200323,,L,SSE,主板
603220.SH,603220,中贝通信,湖北,通信设备,20181115,,L,SSE,主板
603219.SH,603219,富佳股份,浙江,家用电器,20211122,,L,SSE,主板
603218.SH,603218,日月股份,浙江,电气设备,20161228,,L,SSE,主板
603217.SH,603217,元利科技,山东,化工原料,20190620,,L,SSE,主板
603216.SH,603216,梦天家居,浙江,家居用品,20211215,,L,SSE,主板
603215.SH,603215,比依股份,浙江,家用电器,20220218,,L,SSE,主板
603214.SH,603214,爱婴室,上海,百货,20180330,,L,SSE,主板
603213.SH,603213,镇洋发展,浙江,化工原料,20211111,,L,SSE,主板
603212.SH,603212,赛伍技术,江苏,塑料,20200430,,L,SSE,主板
603211.SH,603211,晋拓股份,上海,汽车配件,20220725,,L,SSE,主板
603210.SH,603210,泰鸿万立,浙江,汽车配件,20250409,,L,SSE,主板
603209.SH,603209,兴通股份,福建,水运,20220324,,L,SSE,主板
603208.SH,603208,江山欧派,浙江,家居用品,20170210,,L,SSE,主板
603207.SH,603207,小方制药,上海,化学制药,20240826,,L,SSE,主板
603206.SH,603206,嘉环科技,江苏,通信设备,20220506,,L,SSE,主板
603205.SH,603205,健尔康,江苏,医疗保健,20241107,,L,SSE,主板
603203.SH,603203,快克智能,江苏,专用机械,20161108,,L,SSE,主板
603202.SH,603202,天有为,黑龙江,汽车配件,20250424,,L,SSE,主板
603201.SH,603201,常润股份,江苏,汽车配件,20220729,,L,SSE,主板
603200.SH,603200,上海洗霸,上海,环境保护,20170601,,L,SSE,主板
603199.SH,603199,九华旅游,安徽,旅游景点,20150326,,L,SSE,主板
603198.SH,603198,迎驾贡酒,安徽,白酒,20150528,,L,SSE,主板
603197.SH,603197,保隆科技,上海,汽车配件,20170519,,L,SSE,主板
603196.SH,603196,璞源材料,上海,服饰,20170531,,L,SSE,主板
603195.SH,603195,公牛集团,浙江,家用电器,20200206,,L,SSE,主板
603194.SH,603194,中力股份,浙江,工程机械,20241224,,L,SSE,主板
603193.SH,603193,润本股份,广东,日用化工,20231017,,L,SSE,主板
603192.SH,603192,汇得科技,上海,化工原料,20180828,,L,SSE,主板
603191.SH,603191,望变电气,重庆,电气设备,20220428,,L,SSE,主板
603190.SH,603190,亚通精工,山东,汽车配件,20230217,,L,SSE,主板
603189.SH,603189,*ST网达,上海,软件服务,20160914,,L,SSE,主板
603188.SH,603188,亚邦股份,江苏,染料涂料,20140909,,L,SSE,主板
603187.SH,603187,海容冷链,山东,机械基件,20181129,,L,SSE,主板
603186.SH,603186,华正新材,浙江,元器件,20170103,,L,SSE,主板
603185.SH,603185,弘元绿能,江苏,电气设备,20181228,,L,SSE,主板
603183.SH,603183,建研院,江苏,建筑工程,20170905,,L,SSE,主板
603182.SH,603182,嘉华股份,山东,食品,20220909,,L,SSE,主板
603181.SH,603181,皇马科技,浙江,化工原料,20170824,,L,SSE,主板
603180.SH,603180,金牌家居,福建,家居用品,20170512,,L,SSE,主板
603179.SH,603179,新泉股份,江苏,汽车配件,20170317,,L,SSE,主板
603178.SH,603178,圣龙股份,浙江,汽车配件,20170328,,L,SSE,主板
603177.SH,603177,德创环保,浙江,环境保护,20170207,,L,SSE,主板
603176.SH,603176,汇通集团,河北,建筑工程,20211231,,L,SSE,主板
603175.SH,603175,超颖电子,湖北,元器件,20251024,,L,SSE,主板
603173.SH,603173,福斯达,浙江,机械基件,20230130,,L,SSE,主板
603172.SH,603172,万丰股份,浙江,染料涂料,20230510,,L,SSE,主板
603171.SH,603171,税友股份,浙江,软件服务,20210630,,L,SSE,主板
603170.SH,603170,宝立食品,上海,食品,20220715,,L,SSE,主板
603169.SH,603169,兰石重装,甘肃,专用机械,20141009,,L,SSE,主板
603168.SH,603168,莎普爱思,浙江,化学制药,20140702,,L,SSE,主板
603167.SH,603167,渤海轮渡,山东,水运,20120906,,L,SSE,主板
603166.SH,603166,福达股份,广西,汽车配件,20141127,,L,SSE,主板
603165.SH,603165,荣晟环保,浙江,造纸,20170117,,L,SSE,主板
603163.SH,603163,圣晖集成,江苏,建筑工程,20221013,,L,SSE,主板
603162.SH,603162,海通发展,福建,水运,20230329,,L,SSE,主板
603161.SH,603161,科华控股,江苏,汽车配件,20180105,,L,SSE,主板
603160.SH,603160,汇顶科技,深圳,半导体,20161017,,L,SSE,主板
603159.SH,603159,上海亚虹,上海,专用机械,20160812,,L,SSE,主板
603158.SH,603158,腾龙股份,江苏,汽车配件,20150320,,L,SSE,主板
603156.SH,603156,养元饮品,河北,软饮料,20180212,,L,SSE,主板
603155.SH,603155,新亚强,江苏,化工原料,20200901,,L,SSE,主板
603153.SH,603153,上海建科,上海,建筑工程,20230313,,L,SSE,主板
603151.SH,603151,邦基科技,山东,饲料,20221019,,L,SSE,主板
603150.SH,603150,万朗磁塑,安徽,塑料,20220124,,L,SSE,主板
603139.SH,603139,康惠股份,陕西,中成药,20170421,,L,SSE,主板
603138.SH,603138,海量数据,北京,软件服务,20170306,,L,SSE,主板
603137.SH,603137,恒尚节能,江苏,装修装饰,20230419,,L,SSE,主板
603136.SH,603136,天目湖,江苏,旅游景点,20170927,,L,SSE,主板
603135.SH,603135,中重科技,天津,专用机械,20230410,,L,SSE,主板
603132.SH,603132,金徽股份,甘肃,铅锌,20220222,,L,SSE,主板
603131.SH,603131,上海沪工,上海,专用机械,20160607,,L,SSE,主板
603130.SH,603130,云中马,浙江,纺织,20221118,,L,SSE,主板
603129.SH,603129,春风动力,浙江,摩托车,20170818,,L,SSE,主板
603128.SH,603128,华贸物流,上海,仓储物流,20120529,,L,SSE,主板
603127.SH,603127,昭衍新药,北京,医疗保健,20170825,,L,SSE,主板
603126.SH,603126,中材节能,天津,环境保护,20140731,,L,SSE,主板
603125.SH,603125,常青科技,江苏,化工原料,20230410,,L,SSE,主板
603124.SH,603124,江南新材,江西,铜,20250320,,L,SSE,主板
603123.SH,603123,翠微股份,北京,多元金融,20120503,,L,SSE,主板
603122.SH,603122,合富中国,上海,医药商业,20220216,,L,SSE,主板
603121.SH,603121,华培动力,上海,汽车配件,20190111,,L,SSE,主板
603120.SH,603120,肯特催化,浙江,化工原料,20250416,,L,SSE,主板
603119.SH,603119,浙江荣泰,浙江,汽车配件,20230801,,L,SSE,主板
603118.SH,603118,共进股份,深圳,通信设备,20150225,,L,SSE,主板
603117.SH,603117,万林物流,江苏,仓储物流,20150629,,L,SSE,主板
603116.SH,603116,红蜻蜓,浙江,服饰,20150629,,L,SSE,主板
603115.SH,603115,海星股份,江苏,铝,20190809,,L,SSE,主板
603113.SH,603113,金能科技,山东,化工原料,20170511,,L,SSE,主板
603112.SH,603112,华翔股份,山西,机械基件,20200917,,L,SSE,主板
603111.SH,603111,康尼机电,江苏,运输设备,20140801,,L,SSE,主板
603110.SH,603110,东方材料,安徽,染料涂料,20171013,,L,SSE,主板
603109.SH,603109,神驰机电,重庆,电气设备,20191231,,L,SSE,主板
603108.SH,603108,润达医疗,上海,医药商业,20150527,,L,SSE,主板
603107.SH,603107,上海汽配,上海,汽车配件,20231101,,L,SSE,主板
603106.SH,603106,恒银科技,天津,IT设备,20170920,,L,SSE,主板
603105.SH,603105,芯能科技,浙江,电气设备,20180709,,L,SSE,主板
603103.SH,603103,横店影视,浙江,影视音像,20171012,,L,SSE,主板
603102.SH,603102,百合股份,山东,医疗保健,20220125,,L,SSE,主板
603101.SH,603101,汇嘉时代,新疆,百货,20160506,,L,SSE,主板
603100.SH,603100,川仪股份,重庆,电器仪表,20140805,,L,SSE,主板
603099.SH,603099,长白山,吉林,旅游景点,20140822,,L,SSE,主板
603098.SH,603098,森特股份,北京,装修装饰,20161216,,L,SSE,主板
603097.SH,603097,江苏华辰,江苏,电气设备,20220512,,L,SSE,主板
603096.SH,603096,新经典,天津,出版业,20170425,,L,SSE,主板
603095.SH,603095,越剑智能,浙江,纺织机械,20200415,,L,SSE,主板
603093.SH,603093,南华期货,浙江,多元金融,20190830,,L,SSE,主板
603092.SH,603092,德力佳,江苏,机械基件,20251107,,L,SSE,主板
603091.SH,603091,众鑫股份,浙江,家居用品,20240920,,L,SSE,主板
603090.SH,603090,宏盛股份,江苏,专用机械,20160831,,L,SSE,主板
603089.SH,603089,正裕工业,浙江,汽车配件,20170126,,L,SSE,主板
603088.SH,603088,宁波精达,浙江,机床制造,20141111,,L,SSE,主板
603087.SH,603087,甘李药业,北京,生物制药,20200629,,L,SSE,主板
603086.SH,603086,先达股份,山东,农药化肥,20170511,,L,SSE,主板
603085.SH,603085,天成自控,浙江,汽车配件,20150630,,L,SSE,主板
603083.SH,603083,剑桥科技,上海,通信设备,20171110,,L,SSE,主板
603082.SH,603082,北自科技,北京,运输设备,20240130,,L,SSE,主板
603081.SH,603081,大丰实业,浙江,专用机械,20170420,,L,SSE,主板
603080.SH,603080,新疆火炬,新疆,供气供热,20180103,,L,SSE,主板
603079.SH,603079,圣达生物,浙江,食品,20170823,,L,SSE,主板
603078.SH,603078,江化微,江苏,半导体,20170410,,L,SSE,主板
603077.SH,603077,和邦生物,四川,化工原料,20120731,,L,SSE,主板
603076.SH,603076,乐惠国际,浙江,专用机械,20171113,,L,SSE,主板
603075.SH,603075,热威股份,浙江,家用电器,20230911,,L,SSE,主板
603073.SH,603073,彩蝶实业,浙江,纺织,20230316,,L,SSE,主板
603072.SH,603072,天和磁材,内蒙,矿物制品,20250103,,L,SSE,主板
603071.SH,603071,物产环能,浙江,批发业,20211216,,L,SSE,主板
603070.SH,603070,万控智造,浙江,电气设备,20220310,,L,SSE,主板
603069.SH,603069,海汽集团,海南,公共交通,20160712,,L,SSE,主板
603068.SH,603068,博通集成,上海,半导体,20190415,,L,SSE,主板
603067.SH,603067,振华股份,湖北,化工原料,20160913,,L,SSE,主板
603066.SH,603066,音飞储存,江苏,仓储物流,20150611,,L,SSE,主板
603065.SH,603065,宿迁联盛,江苏,化工原料,20230321,,L,SSE,主板
603063.SH,603063,禾望电气,深圳,电气设备,20170728,,L,SSE,主板
603062.SH,603062,麦加芯彩,上海,染料涂料,20231107,,L,SSE,主板
603061.SH,603061,金海通,天津,半导体,20230303,,L,SSE,主板
603060.SH,603060,国检集团,北京,建筑工程,20161109,,L,SSE,主板
603059.SH,603059,倍加洁,江苏,日用化工,20180302,,L,SSE,主板
603058.SH,603058,永吉股份,贵州,广告包装,20161223,,L,SSE,主板
603057.SH,603057,紫燕食品,上海,食品,20220926,,L,SSE,主板
603055.SH,603055,台华新材,浙江,纺织,20170921,,L,SSE,主板
603053.SH,603053,成都燃气,四川,供气供热,20191217,,L,SSE,主板
603052.SH,603052,可川科技,江苏,元器件,20221011,,L,SSE,主板
603051.SH,603051,鹿山新材,广东,塑料,20220325,,L,SSE,主板
603050.SH,603050,科林电气,河北,电气设备,20170414,,L,SSE,主板
603049.SH,603049,中策橡胶,浙江,汽车配件,20250605,,L,SSE,主板
603048.SH,603048,浙江黎明,浙江,汽车配件,20211116,,L,SSE,主板
603045.SH,603045,福达合金,浙江,小金属,20180517,,L,SSE,主板
603043.SH,603043,广州酒家,广东,食品,20170627,,L,SSE,主板
603042.SH,603042,华脉科技,江苏,通信设备,20170602,,L,SSE,主板
603041.SH,603041,美思德,江苏,化工原料,20170330,,L,SSE,主板
603040.SH,603040,新坐标,浙江,汽车配件,20170209,,L,SSE,主板
603039.SH,603039,泛微网络,上海,软件服务,20170113,,L,SSE,主板
603038.SH,603038,华立股份,广东,家居用品,20170116,,L,SSE,主板
603037.SH,603037,凯众股份,上海,汽车配件,20170120,,L,SSE,主板
603036.SH,603036,如通股份,江苏,专用机械,20161209,,L,SSE,主板
603035.SH,603035,常熟汽饰,江苏,汽车配件,20170105,,L,SSE,主板
603033.SH,603033,三维股份,浙江,橡胶,20161207,,L,SSE,主板
603032.SH,603032,德新科技,新疆,专用机械,20170105,,L,SSE,主板
603031.SH,603031,安孚科技,安徽,电气设备,20160822,,L,SSE,主板
603030.SH,603030,全筑股份,上海,装修装饰,20150320,,L,SSE,主板
603029.SH,603029,天鹅股份,山东,农用机械,20160427,,L,SSE,主板
603028.SH,603028,赛福天,江苏,钢加工,20160331,,L,SSE,主板
603027.SH,603027,千禾味业,四川,食品,20160307,,L,SSE,主板
603026.SH,603026,石大胜华,山东,化工原料,20150529,,L,SSE,主板
603025.SH,603025,大豪科技,北京,纺织机械,20150422,,L,SSE,主板
603023.SH,603023,威帝股份,黑龙江,汽车配件,20150527,,L,SSE,主板
603022.SH,603022,新通联,上海,广告包装,20150518,,L,SSE,主板
603021.SH,603021,*ST华鹏,山东,家居用品,20150423,,L,SSE,主板
603020.SH,603020,爱普股份,上海,食品,20150325,,L,SSE,主板
603019.SH,603019,中科曙光,天津,IT设备,20141106,,L,SSE,主板
603018.SH,603018,华设集团,江苏,建筑工程,20141013,,L,SSE,主板
603017.SH,603017,中衡设计,江苏,建筑工程,20141231,,L,SSE,主板
603016.SH,603016,新宏泰,江苏,电气设备,20160701,,L,SSE,主板
603015.SH,603015,弘讯科技,浙江,电气设备,20150303,,L,SSE,主板
603014.SH,603014,威高血净,山东,医疗保健,20250519,,L,SSE,主板
603013.SH,603013,亚普股份,江苏,汽车配件,20180509,,L,SSE,主板
603012.SH,603012,创力集团,上海,专用机械,20150320,,L,SSE,主板
603011.SH,603011,合锻智能,安徽,专用机械,20141107,,L,SSE,主板
603010.SH,603010,万盛股份,浙江,化工原料,20141010,,L,SSE,主板
603009.SH,603009,北特科技,上海,汽车配件,20140718,,L,SSE,主板
603008.SH,603008,ST喜临门,浙江,家居用品,20120717,,L,SSE,主板
603007.SH,603007,顺景科技,江苏,建筑工程,20160826,,L,SSE,主板
603006.SH,603006,联明股份,上海,汽车配件,20140630,,L,SSE,主板
603005.SH,603005,晶方科技,江苏,半导体,20140210,,L,SSE,主板
603004.SH,603004,鼎龙科技,浙江,化工原料,20231227,,L,SSE,主板
603002.SH,603002,宏昌电子,广东,化工原料,20120518,,L,SSE,主板
603001.SH,603001,奥康国际,浙江,服饰,20120426,,L,SSE,主板
603000.SH,603000,人民网,北京,互联网,20120427,,L,SSE,主板
601999.SH,601999,出版传媒,辽宁,出版业,20071221,,L,SSE,主板
601998.SH,601998,中信银行,北京,银行,20070427,,L,SSE,主板
601997.SH,601997,贵阳银行,贵州,银行,20160816,,L,SSE,主板
601996.SH,601996,丰林集团,广西,家居用品,20110929,,L,SSE,主板
601995.SH,601995,中金公司,北京,证券,20201102,,L,SSE,主板
601992.SH,601992,金隅集团,北京,水泥,20110301,,L,SSE,主板
601991.SH,601991,大唐发电,北京,火力发电,20061220,,L,SSE,主板
601990.SH,601990,南京证券,江苏,证券,20180613,,L,SSE,主板
601988.SH,601988,中国银行,北京,银行,20060705,,L,SSE,主板
601985.SH,601985,中国核电,北京,新型电力,20150610,,L,SSE,主板
601975.SH,601975,招商南油,江苏,水运,20190108,,L,SSE,主板
601969.SH,601969,海南矿业,海南,普钢,20141209,,L,SSE,主板
601968.SH,601968,宝钢包装,上海,广告包装,20150611,,L,SSE,主板
601966.SH,601966,玲珑轮胎,山东,汽车配件,20160706,,L,SSE,主板
601965.SH,601965,中国汽研,重庆,汽车服务,20120611,,L,SSE,主板
601963.SH,601963,重庆银行,重庆,银行,20210205,,L,SSE,主板
601958.SH,601958,金钼股份,陕西,小金属,20080417,,L,SSE,主板
601956.SH,601956,东贝集团,湖北,家用电器,20201225,,L,SSE,主板
601952.SH,601952,苏垦农发,江苏,种植业,20170515,,L,SSE,主板
601949.SH,601949,中国出版,北京,出版业,20170821,,L,SSE,主板
601939.SH,601939,建设银行,北京,银行,20070925,,L,SSE,主板
601933.SH,601933,永辉超市,福建,超市连锁,20101215,,L,SSE,主板
601929.SH,601929,吉视传媒,吉林,影视音像,20120223,,L,SSE,主板
601928.SH,601928,凤凰传媒,江苏,出版业,20111130,,L,SSE,主板
601921.SH,601921,浙版传媒,浙江,出版业,20210723,,L,SSE,主板
601919.SH,601919,中远海控,天津,水运,20070626,,L,SSE,主板
601918.SH,601918,新集能源,安徽,煤炭开采,20071219,,L,SSE,主板
601916.SH,601916,浙商银行,浙江,银行,20191126,,L,SSE,主板
601908.SH,601908,京运通,北京,电气设备,20110908,,L,SSE,主板
601901.SH,601901,方正证券,湖南,证券,20110810,,L,SSE,主板
601900.SH,601900,南方传媒,广东,出版业,20160215,,L,SSE,主板
601899.SH,601899,紫金矿业,福建,铜,20080425,,L,SSE,主板
601898.SH,601898,中煤能源,北京,煤炭开采,20080201,,L,SSE,主板
601890.SH,601890,亚星锚链,江苏,船舶,20101228,,L,SSE,主板
601888.SH,601888,中国中免,北京,旅游服务,20091015,,L,SSE,主板
601886.SH,601886,江河集团,北京,装修装饰,20110818,,L,SSE,主板
601882.SH,601882,海天精工,浙江,机床制造,20161107,,L,SSE,主板
601881.SH,601881,中国银河,北京,证券,20170123,,L,SSE,主板
601880.SH,601880,辽港股份,辽宁,港口,20101206,,L,SSE,主板
601878.SH,601878,浙商证券,浙江,证券,20170626,,L,SSE,主板
601877.SH,601877,正泰电器,浙江,电气设备,20100121,,L,SSE,主板
601872.SH,601872,招商轮船,上海,水运,20061201,,L,SSE,主板
601869.SH,601869,长飞光纤,湖北,通信设备,20180720,,L,SSE,主板
601868.SH,601868,中国能建,北京,建筑工程,20210928,,L,SSE,主板
601866.SH,601866,中远海发,上海,水运,20071212,,L,SSE,主板
601865.SH,601865,福莱特,浙江,玻璃,20190215,,L,SSE,主板
601860.SH,601860,紫金银行,江苏,银行,20190103,,L,SSE,主板
601858.SH,601858,中国科传,北京,出版业,20170118,,L,SSE,主板
601857.SH,601857,中国石油,北京,石油开采,20071105,,L,SSE,主板
601838.SH,601838,成都银行,四川,银行,20180131,,L,SSE,主板
601828.SH,601828,美凯龙,上海,其他商业,20180117,,L,SSE,主板
601827.SH,601827,三峰环境,重庆,环境保护,20200605,,L,SSE,主板
601825.SH,601825,沪农商行,上海,银行,20210819,,L,SSE,主板
601818.SH,601818,光大银行,北京,银行,20100818,,L,SSE,主板
601816.SH,601816,京沪高铁,北京,铁路,20200116,,L,SSE,主板
601811.SH,601811,新华文轩,四川,出版业,20160808,,L,SSE,主板
601808.SH,601808,中海油服,天津,石油开采,20070928,,L,SSE,主板
601801.SH,601801,皖新传媒,安徽,出版业,20100118,,L,SSE,主板
601800.SH,601800,中国交建,北京,建筑工程,20120309,,L,SSE,主板
601799.SH,601799,星宇股份,江苏,汽车配件,20110201,,L,SSE,主板
601798.SH,601798,蓝科高新,甘肃,化工机械,20110622,,L,SSE,主板
601789.SH,601789,宁波建工,浙江,建筑工程,20110816,,L,SSE,主板
601788.SH,601788,光大证券,上海,证券,20090818,,L,SSE,主板
601778.SH,601778,晶科科技,江西,新型电力,20200519,,L,SSE,主板
601777.SH,601777,千里科技,重庆,摩托车,20101125,,L,SSE,主板
601766.SH,601766,中国中车,北京,运输设备,20080818,,L,SSE,主板
601728.SH,601728,中国电信,北京,电信运营,20210820,,L,SSE,主板
601727.SH,601727,上海电气,上海,电气设备,20081205,,L,SSE,主板
601718.SH,601718,ST际华,北京,服饰,20100816,,L,SSE,主板
601717.SH,601717,中创智领,河南,专用机械,20100803,,L,SSE,主板
601702.SH,601702,华峰铝业,上海,铝,20200907,,L,SSE,主板
601700.SH,601700,风范股份,江苏,电气设备,20110118,,L,SSE,主板
601699.SH,601699,潞安环能,山西,煤炭开采,20060922,,L,SSE,主板
601698.SH,601698,中国卫通,北京,电信运营,20190628,,L,SSE,主板
601696.SH,601696,中银证券,上海,证券,20200226,,L,SSE,主板
601689.SH,601689,拓普集团,浙江,汽车配件,20150319,,L,SSE,主板
601688.SH,601688,华泰证券,江苏,证券,20100226,,L,SSE,主板
601686.SH,601686,友发集团,天津,钢加工,20201204,,L,SSE,主板
601678.SH,601678,滨化股份,山东,化工原料,20100223,,L,SSE,主板
601677.SH,601677,明泰铝业,河南,铝,20110919,,L,SSE,主板
601669.SH,601669,中国电建,北京,建筑工程,20111018,,L,SSE,主板
601668.SH,601668,中国建筑,北京,建筑工程,20090729,,L,SSE,主板
601666.SH,601666,平煤股份,河南,煤炭开采,20061123,,L,SSE,主板
601665.SH,601665,齐鲁银行,山东,银行,20210618,,L,SSE,主板
601658.SH,601658,邮储银行,北京,银行,20191210,,L,SSE,主板
601636.SH,601636,旗滨集团,湖南,玻璃,20110812,,L,SSE,主板
601633.SH,601633,长城汽车,河北,汽车整车,20110928,,L,SSE,主板
601628.SH,601628,中国人寿,北京,保险,20070109,,L,SSE,主板
601619.SH,601619,嘉泽新能,宁夏,新型电力,20170720,,L,SSE,主板
601618.SH,601618,中国中冶,北京,建筑工程,20090921,,L,SSE,主板
601616.SH,601616,广电电气,上海,电气设备,20110201,,L,SSE,主板
601615.SH,601615,明阳智能,广东,电气设备,20190123,,L,SSE,主板
601611.SH,601611,中国核建,上海,建筑工程,20160606,,L,SSE,主板
601609.SH,601609,金田股份,浙江,铜,20200422,,L,SSE,主板
601608.SH,601608,中信重工,河南,专用机械,20120706,,L,SSE,主板
601607.SH,601607,上海医药,上海,医药商业,19940324,,L,SSE,主板
601606.SH,601606,长城军工,安徽,专用机械,20180806,,L,SSE,主板
601601.SH,601601,中国太保,上海,保险,20071225,,L,SSE,主板
601600.SH,601600,中国铝业,北京,铝,20070430,,L,SSE,主板
601599.SH,601599,浙文影业,浙江,纺织,20110527,,L,SSE,主板
601598.SH,601598,中国外运,北京,仓储物流,20190118,,L,SSE,主板
601595.SH,601595,上海电影,上海,影视音像,20160817,,L,SSE,主板
601588.SH,601588,北辰实业,北京,区域地产,20061016,,L,SSE,主板
601579.SH,601579,会稽山,浙江,红黄酒,20140825,,L,SSE,主板
601577.SH,601577,长沙银行,湖南,银行,20180926,,L,SSE,主板
601568.SH,601568,北元化工,陕西,化工原料,20201020,,L,SSE,主板
601567.SH,601567,三星电气,浙江,电气设备,20110615,,L,SSE,主板
601566.SH,601566,九牧王,福建,服饰,20110530,,L,SSE,主板
601555.SH,601555,东吴证券,江苏,证券,20111212,,L,SSE,主板
601528.SH,601528,瑞丰银行,浙江,银行,20210625,,L,SSE,主板
601519.SH,601519,大智慧,上海,软件服务,20110128,,L,SSE,主板
601518.SH,601518,吉林高速,吉林,路桥,20100319,,L,SSE,主板
601515.SH,601515,衢州东峰,浙江,广告包装,20120216,,L,SSE,主板
601512.SH,601512,中新集团,江苏,园区开发,20191220,,L,SSE,主板
601500.SH,601500,通用股份,江苏,汽车配件,20160919,,L,SSE,主板
601456.SH,601456,国联民生,江苏,证券,20200731,,L,SSE,主板
601399.SH,601399,国机重装,四川,工程机械,20200608,,L,SSE,主板
601398.SH,601398,工商银行,北京,银行,20061027,,L,SSE,主板
601390.SH,601390,中国中铁,北京,建筑工程,20071203,,L,SSE,主板
601388.SH,601388,怡球资源,江苏,铝,20120423,,L,SSE,主板
601377.SH,601377,兴业证券,福建,证券,20101013,,L,SSE,主板
601375.SH,601375,中原证券,河南,证券,20170103,,L,SSE,主板
601369.SH,601369,陕鼓动力,陕西,机械基件,20100428,,L,SSE,主板
601368.SH,601368,绿城水务,广西,水务,20150612,,L,SSE,主板
601366.SH,601366,利群股份,山东,百货,20170412,,L,SSE,主板
601360.SH,601360,三六零,天津,互联网,20120116,,L,SSE,主板
601339.SH,601339,百隆东方,浙江,纺织,20120612,,L,SSE,主板
601336.SH,601336,新华保险,北京,保险,20111216,,L,SSE,主板
601333.SH,601333,广深铁路,深圳,铁路,20061222,,L,SSE,主板
601330.SH,601330,绿色动力,深圳,环境保护,20180611,,L,SSE,主板
601328.SH,601328,交通银行,上海,银行,20070515,,L,SSE,主板
601326.SH,601326,秦港股份,河北,港口,20170816,,L,SSE,主板
601319.SH,601319,中国人保,北京,保险,20181116,,L,SSE,主板
601318.SH,601318,中国平安,深圳,保险,20070301,,L,SSE,主板
601311.SH,601311,骆驼股份,湖北,电气设备,20110602,,L,SSE,主板
601298.SH,601298,青岛港,山东,港口,20190121,,L,SSE,主板
601288.SH,601288,农业银行,北京,银行,20100715,,L,SSE,主板
601279.SH,601279,英利汽车,吉林,汽车配件,20210415,,L,SSE,主板
601238.SH,601238,广汽集团,广东,汽车整车,20120329,,L,SSE,主板
601236.SH,601236,红塔证券,云南,证券,20190705,,L,SSE,主板
601233.SH,601233,桐昆股份,浙江,化纤,20110518,,L,SSE,主板
601231.SH,601231,环旭电子,上海,元器件,20120220,,L,SSE,主板
601229.SH,601229,上海银行,上海,银行,20161116,,L,SSE,主板
601228.SH,601228,广州港,广东,港口,20170329,,L,SSE,主板
601226.SH,601226,华电科工,北京,建筑工程,20141211,,L,SSE,主板
601225.SH,601225,陕西煤业,陕西,煤炭开采,20140128,,L,SSE,主板
601222.SH,601222,林洋能源,江苏,新型电力,20110808,,L,SSE,主板
601218.SH,601218,吉鑫科技,江苏,电气设备,20110506,,L,SSE,主板
601216.SH,601216,君正集团,内蒙,化工原料,20110222,,L,SSE,主板
601212.SH,601212,白银有色,甘肃,铜,20170215,,L,SSE,主板
601211.SH,601211,国泰海通,上海,证券,20150626,,L,SSE,主板
601208.SH,601208,东材科技,四川,化工原料,20110520,,L,SSE,主板
601200.SH,601200,上海环境,上海,环境保护,20170331,,L,SSE,主板
601199.SH,601199,江南水务,江苏,水务,20110317,,L,SSE,主板
601198.SH,601198,东兴证券,北京,证券,20150226,,L,SSE,主板
601188.SH,601188,龙江交通,黑龙江,路桥,20100319,,L,SSE,主板
601187.SH,601187,厦门银行,福建,银行,20201027,,L,SSE,主板
601186.SH,601186,中国铁建,北京,建筑工程,20080310,,L,SSE,主板
601179.SH,601179,中国西电,陕西,电气设备,20100128,,L,SSE,主板
601177.SH,601177,杭齿前进,浙江,机械基件,20101011,,L,SSE,主板
601169.SH,601169,北京银行,北京,银行,20070919,,L,SSE,主板
601168.SH,601168,西部矿业,青海,铜,20070712,,L,SSE,主板
601166.SH,601166,兴业银行,福建,银行,20070205,,L,SSE,主板
601163.SH,601163,三角轮胎,山东,汽车配件,20160909,,L,SSE,主板
601162.SH,601162,天风证券,湖北,证券,20181019,,L,SSE,主板
601158.SH,601158,重庆水务,重庆,水务,20100329,,L,SSE,主板
601156.SH,601156,东航物流,上海,仓储物流,20210609,,L,SSE,主板
601155.SH,601155,新城控股,江苏,区域地产,20151204,,L,SSE,主板
601139.SH,601139,深圳燃气,深圳,供气供热,20091225,,L,SSE,主板
601138.SH,601138,工业富联,深圳,通信设备,20180608,,L,SSE,主板
601137.SH,601137,博威合金,浙江,小金属,20110127,,L,SSE,主板
601136.SH,601136,首创证券,北京,证券,20221222,,L,SSE,主板
601133.SH,601133,柏诚股份,江苏,建筑工程,20230410,,L,SSE,主板
601128.SH,601128,常熟银行,江苏,银行,20160930,,L,SSE,主板
601127.SH,601127,赛力斯,重庆,汽车整车,20160615,,L,SSE,主板
601126.SH,601126,四方股份,北京,电气设备,20101231,,L,SSE,主板
601121.SH,601121,宝地矿业,新疆,普钢,20230310,,L,SSE,主板
601118.SH,601118,海南橡胶,海南,橡胶,20110107,,L,SSE,主板
601117.SH,601117,中国化学,北京,建筑工程,20100107,,L,SSE,主板
601116.SH,601116,三江购物,浙江,超市连锁,20110302,,L,SSE,主板
601113.SH,601113,华鼎股份,浙江,化纤,20110509,,L,SSE,主板
601111.SH,601111,中国国航,北京,空运,20060818,,L,SSE,主板
601108.SH,601108,财通证券,浙江,证券,20171024,,L,SSE,主板
601107.SH,601107,四川成渝,四川,路桥,20090727,,L,SSE,主板
601106.SH,601106,中国一重,黑龙江,工程机械,20100209,,L,SSE,主板
601101.SH,601101,昊华能源,北京,煤炭开采,20100331,,L,SSE,主板
601100.SH,601100,恒立液压,江苏,工程机械,20111028,,L,SSE,主板
601099.SH,601099,太平洋,云南,证券,20071228,,L,SSE,主板
601098.SH,601098,中南传媒,湖南,出版业,20101028,,L,SSE,主板
601096.SH,601096,宏盛华源,山东,钢加工,20231222,,L,SSE,主板
601089.SH,601089,福元医药,北京,化学制药,20220630,,L,SSE,主板
601088.SH,601088,中国神华,北京,煤炭开采,20071009,,L,SSE,主板
601086.SH,601086,国芳集团,甘肃,百货,20170929,,L,SSE,主板
601083.SH,601083,锦江航运,上海,水运,20231205,,L,SSE,主板
601077.SH,601077,渝农商行,重庆,银行,20191029,,L,SSE,主板
601069.SH,601069,西部黄金,新疆,黄金,20150122,,L,SSE,主板
601068.SH,601068,中铝国际,北京,建筑工程,20180831,,L,SSE,主板
601066.SH,601066,中信建投,北京,证券,20180620,,L,SSE,主板
601065.SH,601065,江盐集团,江西,化工原料,20230410,,L,SSE,主板
601061.SH,601061,中信金属,北京,商贸代理,20230410,,L,SSE,主板
601059.SH,601059,信达证券,北京,证券,20230201,,L,SSE,主板
601058.SH,601058,赛轮轮胎,山东,汽车配件,20110630,,L,SSE,主板
601038.SH,601038,一拖股份,河南,农用机械,20120808,,L,SSE,主板
601033.SH,601033,永兴股份,广东,环境保护,20240118,,L,SSE,主板
601026.SH,601026,道生天合,上海,电气设备,20251017,,L,SSE,主板
601022.SH,601022,宁波远洋,浙江,水运,20221208,,L,SSE,主板
601021.SH,601021,春秋航空,上海,空运,20150121,,L,SSE,主板
601020.SH,601020,华钰矿业,西藏,铅锌,20160316,,L,SSE,主板
601019.SH,601019,山东出版,山东,出版业,20171122,,L,SSE,主板
601018.SH,601018,宁波港,浙江,港口,20100928,,L,SSE,主板
601016.SH,601016,节能风电,北京,新型电力,20140929,,L,SSE,主板
601015.SH,601015,陕西黑猫,陕西,焦炭加工,20141105,,L,SSE,主板
601012.SH,601012,隆基绿能,陕西,电气设备,20120411,,L,SSE,主板
601011.SH,601011,宝泰隆,黑龙江,焦炭加工,20110309,,L,SSE,主板
601010.SH,601010,ST文峰,江苏,百货,20110603,,L,SSE,主板
601009.SH,601009,南京银行,江苏,银行,20070719,,L,SSE,主板
601008.SH,601008,连云港,江苏,港口,20070426,,L,SSE,主板
601007.SH,601007,金陵饭店,江苏,酒店餐饮,20070406,,L,SSE,主板
601006.SH,601006,大秦铁路,山西,铁路,20060801,,L,SSE,主板
601005.SH,601005,重庆钢铁,重庆,普钢,20070228,,L,SSE,主板
601003.SH,601003,柳钢股份,广西,普钢,20070227,,L,SSE,主板
601002.SH,601002,晋亿实业,浙江,机械基件,20070126,,L,SSE,主板
601001.SH,601001,晋控煤业,山西,煤炭开采,20060623,,L,SSE,主板
601000.SH,601000,唐山港,河北,港口,20100705,,L,SSE,主板
600999.SH,600999,招商证券,深圳,证券,20091117,,L,SSE,主板
600998.SH,600998,九州通,湖北,医药商业,20101102,,L,SSE,主板
600997.SH,600997,开滦股份,河北,焦炭加工,20040602,,L,SSE,主板
600996.SH,600996,贵广网络,贵州,影视音像,20161226,,L,SSE,主板
600995.SH,600995,南网储能,云南,水力发电,20040615,,L,SSE,主板
600993.SH,600993,马应龙,湖北,中成药,20040517,,L,SSE,主板
600992.SH,600992,贵绳股份,贵州,钢加工,20040514,,L,SSE,主板
600990.SH,600990,四创电子,安徽,通信设备,20040510,,L,SSE,主板
600989.SH,600989,宝丰能源,宁夏,化工原料,20190516,,L,SSE,主板
600988.SH,600988,赤峰黄金,内蒙,黄金,20040414,,L,SSE,主板
600987.SH,600987,航民股份,浙江,纺织,20040809,,L,SSE,主板
600986.SH,600986,浙文互联,浙江,互联网,20040426,,L,SSE,主板
600985.SH,600985,淮北矿业,安徽,煤炭开采,20040428,,L,SSE,主板
600984.SH,600984,建设机械,陕西,工程机械,20040707,,L,SSE,主板
600983.SH,600983,惠而浦,安徽,家用电器,20040727,,L,SSE,主板
600982.SH,600982,宁波能源,浙江,供气供热,20040706,,L,SSE,主板
600981.SH,600981,苏豪汇鸿,江苏,商贸代理,20040630,,L,SSE,主板
600980.SH,600980,北矿科技,北京,专用机械,20040512,,L,SSE,主板
600979.SH,600979,广安爱众,四川,水力发电,20040906,,L,SSE,主板
600977.SH,600977,中国电影,北京,影视音像,20160809,,L,SSE,主板
600976.SH,600976,健民集团,湖北,中成药,20040419,,L,SSE,主板
600975.SH,600975,新五丰,湖南,农业综合,20040609,,L,SSE,主板
600973.SH,600973,宝胜股份,江苏,电气设备,20040802,,L,SSE,主板
600971.SH,600971,恒源煤电,安徽,煤炭开采,20040817,,L,SSE,主板
600970.SH,600970,中材国际,江苏,建筑工程,20050412,,L,SSE,主板
600969.SH,600969,郴电国际,湖南,水力发电,20040408,,L,SSE,主板
600968.SH,600968,海油发展,北京,石油开采,20190626,,L,SSE,主板
600967.SH,600967,内蒙一机,内蒙,运输设备,20040518,,L,SSE,主板
600966.SH,600966,博汇纸业,山东,造纸,20040608,,L,SSE,主板
600965.SH,600965,*ST福成,河北,农业综合,20040713,,L,SSE,主板
600963.SH,600963,岳阳林纸,湖南,造纸,20040525,,L,SSE,主板
600962.SH,600962,国投中鲁,北京,软饮料,20040622,,L,SSE,主板
600961.SH,600961,株冶集团,湖南,铅锌,20040830,,L,SSE,主板
600960.SH,600960,渤海汽车,山东,汽车配件,20040407,,L,SSE,主板
600959.SH,600959,江苏有线,江苏,影视音像,20150428,,L,SSE,主板
600958.SH,600958,东方证券,上海,证券,20150323,,L,SSE,主板
600956.SH,600956,新天绿能,河北,供气供热,20200629,,L,SSE,主板
600955.SH,600955,维远股份,山东,化工原料,20210915,,L,SSE,主板
600941.SH,600941,中国移动,北京,电信运营,20220105,,L,SSE,主板
600939.SH,600939,重庆建工,重庆,建筑工程,20170221,,L,SSE,主板
600938.SH,600938,中国海油,北京,石油开采,20220421,,L,SSE,主板
600936.SH,600936,北投科技,广西,软件服务,20160815,,L,SSE,主板
600935.SH,600935,华塑股份,安徽,化工原料,20211126,,L,SSE,主板
600933.SH,600933,爱柯迪,浙江,汽车配件,20171117,,L,SSE,主板
600930.SH,600930,华电新能,福建,新型电力,20250716,,L,SSE,主板
600929.SH,600929,雪天盐业,湖南,食品,20180326,,L,SSE,主板
600928.SH,600928,西安银行,陕西,银行,20190301,,L,SSE,主板
600927.SH,600927,永安期货,浙江,多元金融,20211223,,L,SSE,主板
600926.SH,600926,杭州银行,浙江,银行,20161027,,L,SSE,主板
600925.SH,600925,苏能股份,江苏,煤炭开采,20230329,,L,SSE,主板
600919.SH,600919,江苏银行,江苏,银行,20160802,,L,SSE,主板
600918.SH,600918,中泰证券,山东,证券,20200603,,L,SSE,主板
600917.SH,600917,重庆燃气,重庆,供气供热,20140930,,L,SSE,主板
600916.SH,600916,中国黄金,北京,服饰,20210205,,L,SSE,主板
600909.SH,600909,华安证券,安徽,证券,20161206,,L,SSE,主板
600908.SH,600908,无锡银行,江苏,银行,20160923,,L,SSE,主板
600906.SH,600906,财达证券,河北,证券,20210507,,L,SSE,主板
600905.SH,600905,三峡能源,北京,新型电力,20210610,,L,SSE,主板
600903.SH,600903,贵州燃气,贵州,供气供热,20171107,,L,SSE,主板
600901.SH,600901,江苏金租,江苏,多元金融,20180301,,L,SSE,主板
600900.SH,600900,长江电力,北京,水力发电,20031118,,L,SSE,主板
600897.SH,600897,厦门空港,福建,机场,19960531,,L,SSE,主板
600895.SH,600895,张江高科,上海,园区开发,19960422,,L,SSE,主板
600894.SH,600894,广日股份,广东,运输设备,19960328,,L,SSE,主板
600893.SH,600893,航发动力,陕西,航空,19960408,,L,SSE,主板
600892.SH,600892,大晟文化,深圳,互联网,19960315,,L,SSE,主板
600889.SH,600889,*ST京化,江苏,机械基件,19960308,,L,SSE,主板
600888.SH,600888,新疆众和,新疆,铝,19960215,,L,SSE,主板
600887.SH,600887,伊利股份,内蒙,乳制品,19960312,,L,SSE,主板
600886.SH,600886,国投电力,北京,水力发电,19960118,,L,SSE,主板
600885.SH,600885,宏发股份,湖北,电气设备,19960205,,L,SSE,主板
600884.SH,600884,杉杉股份,浙江,电气设备,19960130,,L,SSE,主板
600883.SH,600883,博闻科技,云南,种植业,19951208,,L,SSE,主板
600882.SH,600882,妙可蓝多,上海,乳制品,19951206,,L,SSE,主板
600881.SH,600881,亚泰集团,吉林,综合类,19951115,,L,SSE,主板
600880.SH,600880,博瑞传播,四川,广告包装,19951115,,L,SSE,主板
600879.SH,600879,航天电子,湖北,航空,19951115,,L,SSE,主板
600877.SH,600877,电科芯片,重庆,半导体,19951013,,L,SSE,主板
600876.SH,600876,凯盛新能,河南,玻璃,19951031,,L,SSE,主板
600875.SH,600875,东方电气,四川,电气设备,19951010,,L,SSE,主板
600874.SH,600874,创业环保,天津,环境保护,19950630,,L,SSE,主板
600873.SH,600873,梅花生物,西藏,食品,19950217,,L,SSE,主板
600872.SH,600872,中炬高新,广东,食品,19950124,,L,SSE,主板
600871.SH,600871,石化油服,北京,石油开采,19950411,,L,SSE,主板
600869.SH,600869,远东股份,青海,电气设备,19950206,,L,SSE,主板
600868.SH,600868,梅雁吉祥,广东,水力发电,19940912,,L,SSE,主板
600867.SH,600867,通化东宝,吉林,生物制药,19940824,,L,SSE,主板
600866.SH,600866,星湖科技,广东,饲料,19940818,,L,SSE,主板
600865.SH,600865,百大集团,浙江,百货,19940809,,L,SSE,主板
600864.SH,600864,哈投股份,黑龙江,证券,19940809,,L,SSE,主板
600863.SH,600863,华能蒙电,内蒙,火力发电,19940520,,L,SSE,主板
600862.SH,600862,中航高科,江苏,航空,19940520,,L,SSE,主板
600861.SH,600861,北京人力,北京,文教休闲,19940520,,L,SSE,主板
600860.SH,600860,京城股份,北京,专用机械,19940506,,L,SSE,主板
600859.SH,600859,王府井,北京,百货,19940506,,L,SSE,主板
600858.SH,600858,银座股份,山东,百货,19940506,,L,SSE,主板
600857.SH,600857,宁波中百,浙江,百货,19940425,,L,SSE,主板
600855.SH,600855,航天长峰,北京,专用机械,19940425,,L,SSE,主板
600854.SH,600854,春兰股份,江苏,家用电器,19940425,,L,SSE,主板
600853.SH,600853,龙建股份,黑龙江,建筑工程,19940404,,L,SSE,主板
600851.SH,600851,海欣股份,上海,化学制药,19940404,,L,SSE,主板
600850.SH,600850,电科数字,上海,软件服务,19940324,,L,SSE,主板
600848.SH,600848,上海临港,上海,园区开发,19940324,,L,SSE,主板
600847.SH,600847,万里股份,重庆,电气设备,19940324,,L,SSE,主板
600846.SH,600846,同济科技,上海,建筑工程,19940311,,L,SSE,主板
600845.SH,600845,宝信软件,上海,软件服务,19940311,,L,SSE,主板
600844.SH,600844,金煤科技,内蒙,化工原料,19940311,,L,SSE,主板
600843.SH,600843,上工申贝,上海,纺织机械,19940311,,L,SSE,主板
600841.SH,600841,动力新科,上海,汽车配件,19940311,,L,SSE,主板
600839.SH,600839,四川长虹,四川,家用电器,19940311,,L,SSE,主板
600838.SH,600838,上海九百,上海,百货,19940224,,L,SSE,主板
600835.SH,600835,上海机电,上海,运输设备,19940224,,L,SSE,主板
600834.SH,600834,申通地铁,上海,公共交通,19940224,,L,SSE,主板
600833.SH,600833,第一医药,上海,医药商业,19940224,,L,SSE,主板
600831.SH,600831,广电网络,陕西,影视音像,19940224,,L,SSE,主板
600830.SH,600830,香溢融通,浙江,多元金融,19940224,,L,SSE,主板
600829.SH,600829,人民同泰,黑龙江,医药商业,19940224,,L,SSE,主板
600828.SH,600828,茂业商业,四川,百货,19940224,,L,SSE,主板
600827.SH,600827,百联股份,上海,超市连锁,19940204,,L,SSE,主板
600826.SH,600826,兰生股份,上海,文教休闲,19940204,,L,SSE,主板
600825.SH,600825,新华传媒,上海,出版业,19940204,,L,SSE,主板
600824.SH,600824,益民集团,上海,百货,19940204,,L,SSE,主板
600822.SH,600822,上海物贸,上海,汽车服务,19940204,,L,SSE,主板
600821.SH,600821,金开新能,天津,新型电力,19940128,,L,SSE,主板
600820.SH,600820,隧道股份,上海,建筑工程,19940128,,L,SSE,主板
600819.SH,600819,耀皮玻璃,上海,玻璃,19940128,,L,SSE,主板
600818.SH,600818,ST中路,上海,文教休闲,19940128,,L,SSE,主板
600817.SH,600817,宇通重工,河南,专用机械,19940128,,L,SSE,主板
600816.SH,600816,建元信托,上海,多元金融,19940128,,L,SSE,主板
600815.SH,600815,厦工股份,福建,工程机械,19940128,,L,SSE,主板
600814.SH,600814,杭州解百,浙江,百货,19940114,,L,SSE,主板
600812.SH,600812,华北制药,河北,化学制药,19940114,,L,SSE,主板
600810.SH,600810,神马股份,河南,化纤,19940106,,L,SSE,主板
600809.SH,600809,山西汾酒,山西,白酒,19940106,,L,SSE,主板
600808.SH,600808,马钢股份,安徽,普钢,19940106,,L,SSE,主板
600807.SH,600807,济高发展,山东,医疗保健,19940103,,L,SSE,主板
600805.SH,600805,悦达投资,江苏,综合类,19940103,,L,SSE,主板
600803.SH,600803,新奥股份,河北,供气供热,19940103,,L,SSE,主板
600802.SH,600802,福建水泥,福建,水泥,19940103,,L,SSE,主板
600801.SH,600801,华新建材,湖北,水泥,19940103,,L,SSE,主板
600800.SH,600800,渤海化学,天津,化工原料,19931206,,L,SSE,主板
600798.SH,600798,宁波海运,浙江,水运,19970423,,L,SSE,主板
600797.SH,600797,浙大网新,浙江,软件服务,19970418,,L,SSE,主板
600796.SH,600796,钱江生化,浙江,环境保护,19970408,,L,SSE,主板
600795.SH,600795,国电电力,辽宁,火力发电,19970318,,L,SSE,主板
600794.SH,600794,保税科技,江苏,仓储物流,19970306,,L,SSE,主板
600793.SH,600793,宜宾纸业,四川,造纸,19970220,,L,SSE,主板
600792.SH,600792,云煤能源,云南,焦炭加工,19970123,,L,SSE,主板
600791.SH,600791,京能置业,北京,全国地产,19970130,,L,SSE,主板
600790.SH,600790,轻纺城,浙江,商品城,19970228,,L,SSE,主板
600789.SH,600789,鲁抗医药,山东,化学制药,19970226,,L,SSE,主板
600787.SH,600787,中储股份,天津,仓储物流,19970121,,L,SSE,主板
600785.SH,600785,新华百货,宁夏,百货,19970108,,L,SSE,主板
600784.SH,600784,鲁银投资,山东,综合类,19961225,,L,SSE,主板
600783.SH,600783,鲁信创投,山东,专用机械,19961225,,L,SSE,主板
600782.SH,600782,新钢股份,江西,普钢,19961225,,L,SSE,主板
600780.SH,600780,通宝能源,山西,火力发电,19961205,,L,SSE,主板
600779.SH,600779,水井坊,四川,白酒,19961206,,L,SSE,主板
600778.SH,600778,友好集团,新疆,百货,19961203,,L,SSE,主板
600777.SH,600777,新潮能源,山东,石油开采,19961121,,L,SSE,主板
600776.SH,600776,东方通信,浙江,通信设备,19961126,,L,SSE,主板
600775.SH,600775,南京熊猫,江苏,通信设备,19961118,,L,SSE,主板
600774.SH,600774,汉商集团,湖北,化学制药,19961108,,L,SSE,主板
600773.SH,600773,西藏城投,西藏,区域地产,19961108,,L,SSE,主板
600771.SH,600771,广誉远,山西,中成药,19961105,,L,SSE,主板
600770.SH,600770,综艺股份,江苏,综合类,19961120,,L,SSE,主板
600769.SH,600769,祥龙电业,湖北,水务,19961101,,L,SSE,主板
600768.SH,600768,富邦新材,浙江,铝,19961111,,L,SSE,主板
600765.SH,600765,中航重机,贵州,航空,19961106,,L,SSE,主板
600764.SH,600764,中国海防,北京,船舶,19961104,,L,SSE,主板
600763.SH,600763,通策医疗,浙江,医疗保健,19961030,,L,SSE,主板
600761.SH,600761,安徽合力,安徽,工程机械,19961009,,L,SSE,主板
600760.SH,600760,中航沈飞,山东,航空,19961011,,L,SSE,主板
600759.SH,600759,ST洲际,海南,石油开采,19961008,,L,SSE,主板
600758.SH,600758,辽宁能源,辽宁,煤炭开采,19961029,,L,SSE,主板
600757.SH,600757,长江传媒,湖北,出版业,19961003,,L,SSE,主板
600756.SH,600756,浪潮软件,山东,软件服务,19960923,,L,SSE,主板
600755.SH,600755,厦门国贸,福建,仓储物流,19961003,,L,SSE,主板
600754.SH,600754,锦江酒店,上海,酒店餐饮,19961011,,L,SSE,主板
600753.SH,600753,ST海钦,福建,商贸代理,19960927,,L,SSE,主板
600751.SH,600751,海航科技,天津,水运,19960909,,L,SSE,主板
600750.SH,600750,华润江中,江西,中成药,19960923,,L,SSE,主板
600749.SH,600749,西藏旅游,西藏,旅游景点,19961015,,L,SSE,主板
600748.SH,600748,上实发展,上海,全国地产,19960925,,L,SSE,主板
600746.SH,600746,江苏索普,江苏,化工原料,19960918,,L,SSE,主板
600745.SH,600745,*ST闻泰,湖北,半导体,19960828,,L,SSE,主板
600744.SH,600744,华银电力,湖南,火力发电,19960905,,L,SSE,主板
600743.SH,600743,华远控股,北京,区域地产,19960909,,L,SSE,主板
600742.SH,600742,富维股份,吉林,汽车配件,19960826,,L,SSE,主板
600741.SH,600741,华域汽车,上海,汽车配件,19960826,,L,SSE,主板
600740.SH,600740,山西焦化,山西,焦炭加工,19960808,,L,SSE,主板
600739.SH,600739,辽宁成大,辽宁,生物制药,19960819,,L,SSE,主板
600738.SH,600738,丽尚国潮,甘肃,百货,19960802,,L,SSE,主板
600737.SH,600737,中粮糖业,新疆,食品,19960731,,L,SSE,主板
600736.SH,600736,苏州高新,江苏,园区开发,19960815,,L,SSE,主板
600735.SH,600735,ST新华锦,山东,服饰,19960726,,L,SSE,主板
600734.SH,600734,*ST实达,福建,软件服务,19960808,,L,SSE,主板
600733.SH,600733,北汽蓝谷,北京,汽车整车,19960816,,L,SSE,主板
600732.SH,600732,爱旭股份,上海,电气设备,19960816,,L,SSE,主板
600731.SH,600731,湖南海利,湖南,农药化肥,19960802,,L,SSE,主板
600730.SH,600730,*ST高科,北京,文教休闲,19960726,,L,SSE,主板
600729.SH,600729,重百集团,重庆,百货,19960702,,L,SSE,主板
600728.SH,600728,佳都科技,广东,软件服务,19960716,,L,SSE,主板
600727.SH,600727,鲁北化工,山东,化工原料,19960702,,L,SSE,主板
600726.SH,600726,华电能源,黑龙江,火力发电,19960701,,L,SSE,主板
600725.SH,600725,云维股份,云南,商贸代理,19960702,,L,SSE,主板
600724.SH,600724,宁波富达,浙江,综合类,19960716,,L,SSE,主板
600722.SH,600722,金牛化工,河北,化工原料,19960626,,L,SSE,主板
600721.SH,600721,百花医药,新疆,生物制药,19960626,,L,SSE,主板
600720.SH,600720,中交设计,甘肃,建筑工程,19960716,,L,SSE,主板
600719.SH,600719,大连热电,辽宁,供气供热,19960716,,L,SSE,主板
600718.SH,600718,东软集团,辽宁,软件服务,19960618,,L,SSE,主板
600717.SH,600717,天津港,天津,港口,19960614,,L,SSE,主板
600716.SH,600716,凤凰股份,江苏,区域地产,19960702,,L,SSE,主板
600715.SH,600715,文投控股,北京,影视音像,19960701,,L,SSE,主板
600714.SH,600714,金瑞矿业,青海,化工原料,19960606,,L,SSE,主板
600713.SH,600713,南京医药,江苏,医药商业,19960701,,L,SSE,主板
600712.SH,600712,南宁百货,广西,百货,19960626,,L,SSE,主板
600711.SH,600711,盛屯矿业,福建,小金属,19960531,,L,SSE,主板
600710.SH,600710,苏美达,江苏,商贸代理,19960701,,L,SSE,主板
600708.SH,600708,光明地产,上海,全国地产,19960606,,L,SSE,主板
600707.SH,600707,彩虹股份,陕西,元器件,19960520,,L,SSE,主板
600706.SH,600706,曲江文旅,陕西,旅游景点,19960516,,L,SSE,主板
600704.SH,600704,物产中大,浙江,仓储物流,19960606,,L,SSE,主板
600703.SH,600703,三安光电,湖北,半导体,19960528,,L,SSE,主板
600702.SH,600702,舍得酒业,四川,白酒,19960524,,L,SSE,主板
600699.SH,600699,均胜电子,浙江,汽车配件,19931206,,L,SSE,主板
600698.SH,600698,湖南天雁,湖南,汽车配件,19931206,,L,SSE,主板
600697.SH,600697,欧亚集团,吉林,百货,19931206,,L,SSE,主板
600694.SH,600694,大商股份,辽宁,百货,19931122,,L,SSE,主板
600693.SH,600693,东百集团,福建,百货,19931122,,L,SSE,主板
600692.SH,600692,亚通股份,上海,区域地产,19931119,,L,SSE,主板
600691.SH,600691,潞化科技,山西,农药化肥,19931119,,L,SSE,主板
600690.SH,600690,海尔智家,山东,家用电器,19931119,,L,SSE,主板
600689.SH,600689,上海三毛,上海,综合类,19931108,,L,SSE,主板
600688.SH,600688,上海石化,上海,石油加工,19931108,,L,SSE,主板
600686.SH,600686,金龙汽车,福建,汽车整车,19931108,,L,SSE,主板
600685.SH,600685,中船防务,广东,船舶,19931028,,L,SSE,主板
600684.SH,600684,珠江股份,广东,区域地产,19931028,,L,SSE,主板
600683.SH,600683,京投发展,北京,区域地产,19931025,,L,SSE,主板
600682.SH,600682,南京新百,江苏,综合类,19931018,,L,SSE,主板
600681.SH,600681,百川能源,湖北,供气供热,19931018,,L,SSE,主板
600679.SH,600679,上海凤凰,上海,文教休闲,19931008,,L,SSE,主板
600678.SH,600678,ST金顶,四川,水泥,19931008,,L,SSE,主板
600676.SH,600676,久事动娱,上海,汽车配件,19930928,,L,SSE,主板
600675.SH,600675,中华企业,上海,区域地产,19930924,,L,SSE,主板
600674.SH,600674,川投能源,四川,水力发电,19930924,,L,SSE,主板
600673.SH,600673,东阳光,广东,综合类,19930917,,L,SSE,主板
600671.SH,600671,天目药业,浙江,中成药,19930823,,L,SSE,主板
600668.SH,600668,尖峰集团,浙江,水泥,19930728,,L,SSE,主板
600667.SH,600667,太极实业,江苏,半导体,19930728,,L,SSE,主板
600666.SH,600666,奥瑞德,黑龙江,元器件,19930712,,L,SSE,主板
600665.SH,600665,天地源,陕西,全国地产,19930709,,L,SSE,主板
600664.SH,600664,哈药股份,黑龙江,化学制药,19930629,,L,SSE,主板
600663.SH,600663,陆家嘴,上海,园区开发,19930628,,L,SSE,主板
600662.SH,600662,外服控股,上海,文教休闲,19930614,,L,SSE,主板
600661.SH,600661,昂立教育,上海,文教休闲,19930614,,L,SSE,主板
600660.SH,600660,福耀玻璃,福建,汽车配件,19930610,,L,SSE,主板
600658.SH,600658,电子城,北京,园区开发,19930524,,L,SSE,主板
600657.SH,600657,信达地产,北京,全国地产,19930524,,L,SSE,主板
600655.SH,600655,豫园股份,上海,百货,19920902,,L,SSE,主板
600654.SH,600654,中安科,湖北,仓储物流,19901219,,L,SSE,主板
600653.SH,600653,申华控股,辽宁,汽车服务,19901219,,L,SSE,主板
600651.SH,600651,飞乐音响,上海,电器仪表,19901219,,L,SSE,主板
600650.SH,600650,锦江在线,上海,公共交通,19930607,,L,SSE,主板
600649.SH,600649,城投控股,上海,区域地产,19930518,,L,SSE,主板
600648.SH,600648,外高桥,上海,园区开发,19930504,,L,SSE,主板
600645.SH,600645,中源协和,天津,医疗保健,19930504,,L,SSE,主板
600644.SH,600644,乐山电力,四川,水力发电,19930426,,L,SSE,主板
600643.SH,600643,爱建集团,上海,多元金融,19930426,,L,SSE,主板
600642.SH,600642,申能股份,上海,火力发电,19930416,,L,SSE,主板
600641.SH,600641,先导基电,上海,半导体,19930407,,L,SSE,主板
600640.SH,600640,国脉文化,上海,影视音像,19930407,,L,SSE,主板
600639.SH,600639,浦东金桥,上海,园区开发,19930326,,L,SSE,主板
600638.SH,600638,新黄浦,上海,区域地产,19930326,,L,SSE,主板
600637.SH,600637,东方明珠,上海,影视音像,19930316,,L,SSE,主板
600635.SH,600635,大众公用,上海,供气供热,19930304,,L,SSE,主板
600633.SH,600633,浙数文化,浙江,互联网,19930304,,L,SSE,主板
600630.SH,600630,龙头股份,上海,服饰,19930209,,L,SSE,主板
600629.SH,600629,华建集团,上海,建筑工程,19930209,,L,SSE,主板
600628.SH,600628,新世界,上海,百货,19930119,,L,SSE,主板
600626.SH,600626,申达股份,上海,汽车配件,19930107,,L,SSE,主板
600624.SH,600624,ST复华,上海,化学制药,19930105,,L,SSE,主板
600623.SH,600623,华谊集团,上海,化工原料,19921204,,L,SSE,主板
600622.SH,600622,光大嘉宝,上海,区域地产,19921203,,L,SSE,主板
600621.SH,600621,华鑫股份,上海,证券,19921202,,L,SSE,主板
600620.SH,600620,天宸股份,上海,综合类,19921117,,L,SSE,主板
600619.SH,600619,海立股份,上海,家用电器,19921116,,L,SSE,主板
600618.SH,600618,氯碱化工,上海,化工原料,19921113,,L,SSE,主板
600617.SH,600617,国新能源,山西,供气供热,19921013,,L,SSE,主板
600616.SH,600616,金枫酒业,上海,红黄酒,19920929,,L,SSE,主板
600615.SH,600615,鑫源智造,重庆,铝,19920910,,L,SSE,主板
600613.SH,600613,神奇制药,上海,中成药,19920820,,L,SSE,主板
600612.SH,600612,老凤祥,上海,服饰,19920814,,L,SSE,主板
600611.SH,600611,大众交通,上海,公共交通,19920807,,L,SSE,主板
600610.SH,600610,中毅达,贵州,化工原料,19920805,,L,SSE,主板
600609.SH,600609,金杯汽车,辽宁,汽车配件,19920724,,L,SSE,主板
600606.SH,600606,绿地控股,上海,全国地产,19920327,,L,SSE,主板
600605.SH,600605,汇通能源,上海,房产服务,19920327,,L,SSE,主板
600604.SH,600604,市北高新,上海,园区开发,19920327,,L,SSE,主板
600603.SH,600603,广汇物流,四川,仓储物流,19920113,,L,SSE,主板
600602.SH,600602,云赛智联,上海,软件服务,19901219,,L,SSE,主板
600601.SH,600601,方正科技,上海,元器件,19901219,,L,SSE,主板
600600.SH,600600,青岛啤酒,山东,啤酒,19930827,,L,SSE,主板
600598.SH,600598,北大荒,黑龙江,种植业,20020329,,L,SSE,主板
600597.SH,600597,光明乳业,上海,乳制品,20020828,,L,SSE,主板
600596.SH,600596,新安股份,浙江,化工原料,20010906,,L,SSE,主板
600595.SH,600595,中孚实业,河南,铝,20020626,,L,SSE,主板
600594.SH,600594,益佰制药,贵州,中成药,20040323,,L,SSE,主板
600593.SH,600593,大连圣亚,辽宁,旅游景点,20020711,,L,SSE,主板
600592.SH,600592,龙溪股份,福建,机械基件,20020805,,L,SSE,主板
600590.SH,600590,泰豪科技,江西,通信设备,20020703,,L,SSE,主板
600589.SH,600589,大位科技,广东,软件服务,20010612,,L,SSE,主板
600588.SH,600588,用友网络,北京,软件服务,20010518,,L,SSE,主板
600587.SH,600587,新华医疗,山东,医疗保健,20020927,,L,SSE,主板
600586.SH,600586,金晶科技,山东,玻璃,20020815,,L,SSE,主板
600585.SH,600585,海螺水泥,安徽,水泥,20020207,,L,SSE,主板
600584.SH,600584,长电科技,江苏,半导体,20030603,,L,SSE,主板
600583.SH,600583,海油工程,天津,石油开采,20020205,,L,SSE,主板
600582.SH,600582,天地科技,北京,专用机械,20020515,,L,SSE,主板
600581.SH,600581,*ST八钢,新疆,普钢,20020816,,L,SSE,主板
600580.SH,600580,卧龙电驱,浙江,电气设备,20020606,,L,SSE,主板
600579.SH,600579,中化装备,山东,化工机械,20020809,,L,SSE,主板
600578.SH,600578,京能电力,北京,火力发电,20020510,,L,SSE,主板
600577.SH,600577,精达股份,安徽,电气设备,20020911,,L,SSE,主板
600576.SH,600576,祥源文旅,浙江,旅游景点,20030220,,L,SSE,主板
600575.SH,600575,淮河能源,安徽,火力发电,20030328,,L,SSE,主板
600573.SH,600573,惠泉啤酒,福建,啤酒,20030226,,L,SSE,主板
600572.SH,600572,康恩贝,浙江,中成药,20040412,,L,SSE,主板
600571.SH,600571,信雅达,浙江,软件服务,20021101,,L,SSE,主板
600570.SH,600570,恒生电子,浙江,软件服务,20031216,,L,SSE,主板
600569.SH,600569,安阳钢铁,河南,普钢,20010820,,L,SSE,主板
600568.SH,600568,ST中珠,湖北,医疗保健,20010518,,L,SSE,主板
600567.SH,600567,山鹰国际,安徽,造纸,20011218,,L,SSE,主板
600566.SH,600566,济川药业,湖北,中成药,20010822,,L,SSE,主板
600563.SH,600563,法拉电子,福建,元器件,20021210,,L,SSE,主板
600562.SH,600562,国睿科技,江苏,通信设备,20030128,,L,SSE,主板
600561.SH,600561,江西长运,江西,公共交通,20020716,,L,SSE,主板
600560.SH,600560,金自天正,北京,电气设备,20020919,,L,SSE,主板
600559.SH,600559,老白干酒,河北,白酒,20021029,,L,SSE,主板
600558.SH,600558,大西洋,四川,钢加工,20010227,,L,SSE,主板
600557.SH,600557,康缘药业,江苏,中成药,20020918,,L,SSE,主板
600556.SH,600556,天下秀,广西,互联网,20010807,,L,SSE,主板
600552.SH,600552,凯盛科技,安徽,元器件,20021108,,L,SSE,主板
600551.SH,600551,时代出版,安徽,出版业,20020905,,L,SSE,主板
600550.SH,600550,保变电气,河北,电气设备,20010228,,L,SSE,主板
600549.SH,600549,厦门钨业,福建,小金属,20021107,,L,SSE,主板
600548.SH,600548,深高速,深圳,路桥,20011225,,L,SSE,主板
600547.SH,600547,山东黄金,山东,黄金,20030828,,L,SSE,主板
600546.SH,600546,山煤国际,山西,煤炭开采,20030731,,L,SSE,主板
600545.SH,600545,卓郎智能,新疆,纺织机械,20031203,,L,SSE,主板
600543.SH,600543,*ST莫高,甘肃,红黄酒,20040324,,L,SSE,主板
600540.SH,600540,新赛股份,新疆,种植业,20040107,,L,SSE,主板
600539.SH,600539,狮头股份,山西,互联网,20010824,,L,SSE,主板
600538.SH,600538,国发股份,广西,医药商业,20030114,,L,SSE,主板
600537.SH,600537,*ST亿晶,浙江,电气设备,20030123,,L,SSE,主板
600536.SH,600536,中国软件,北京,软件服务,20020517,,L,SSE,主板
600535.SH,600535,天士力,天津,中成药,20020823,,L,SSE,主板
600533.SH,600533,栖霞建设,江苏,区域地产,20020328,,L,SSE,主板
600531.SH,600531,豫光金铅,河南,铅锌,20020730,,L,SSE,主板
600530.SH,600530,ST交昂,上海,医疗保健,20010702,,L,SSE,主板
600529.SH,600529,山东药玻,山东,医疗保健,20020603,,L,SSE,主板
600528.SH,600528,中铁工业,北京,运输设备,20010528,,L,SSE,主板
600527.SH,600527,江南高纤,江苏,化纤,20031127,,L,SSE,主板
600526.SH,600526,菲达环保,浙江,环境保护,20020722,,L,SSE,主板
600525.SH,600525,长园集团,深圳,电气设备,20021202,,L,SSE,主板
600523.SH,600523,贵航股份,贵州,汽车配件,20011227,,L,SSE,主板
600522.SH,600522,中天科技,江苏,通信设备,20021024,,L,SSE,主板
600521.SH,600521,华海药业,浙江,化学制药,20030304,,L,SSE,主板
600520.SH,600520,三佳科技,安徽,半导体,20020108,,L,SSE,主板
600519.SH,600519,贵州茅台,贵州,白酒,20010827,,L,SSE,主板
600518.SH,600518,康美药业,广东,中成药,20010319,,L,SSE,主板
600517.SH,600517,国网英大,上海,多元金融,20031010,,L,SSE,主板
600516.SH,600516,方大炭素,甘肃,矿物制品,20020830,,L,SSE,主板
600515.SH,600515,海南机场,海南,机场,20020806,,L,SSE,主板
600513.SH,600513,联环药业,江苏,化学制药,20030319,,L,SSE,主板
600512.SH,600512,腾达建设,浙江,建筑工程,20021226,,L,SSE,主板
600511.SH,600511,国药股份,北京,医药商业,20021127,,L,SSE,主板
600510.SH,600510,黑牡丹,江苏,全国地产,20020618,,L,SSE,主板
600509.SH,600509,天富能源,新疆,火力发电,20020228,,L,SSE,主板
600508.SH,600508,上海能源,上海,煤炭开采,20010829,,L,SSE,主板
600507.SH,600507,方大特钢,江西,特种钢,20030930,,L,SSE,主板
600506.SH,600506,统一股份,新疆,石油加工,20011226,,L,SSE,主板
600505.SH,600505,西昌电力,四川,水力发电,20020530,,L,SSE,主板
600503.SH,600503,华丽家族,上海,区域地产,20020709,,L,SSE,主板
600502.SH,600502,安徽建工,安徽,建筑工程,20030415,,L,SSE,主板
600501.SH,600501,航天晨光,江苏,专用机械,20010615,,L,SSE,主板
600500.SH,600500,中化国际,上海,塑料,20000301,,L,SSE,主板
600499.SH,600499,科达制造,广东,专用机械,20021010,,L,SSE,主板
600498.SH,600498,烽火通信,湖北,通信设备,20010823,,L,SSE,主板
600497.SH,600497,驰宏锌锗,云南,铅锌,20040420,,L,SSE,主板
600496.SH,600496,精工钢构,安徽,钢加工,20020605,,L,SSE,主板
600495.SH,600495,晋西车轴,山西,运输设备,20040526,,L,SSE,主板
600493.SH,600493,凤竹纺织,福建,纺织,20040421,,L,SSE,主板
600491.SH,600491,ST龙元,浙江,建筑工程,20040524,,L,SSE,主板
600490.SH,600490,鹏欣资源,上海,铜,20030626,,L,SSE,主板
600489.SH,600489,中金黄金,北京,黄金,20030814,,L,SSE,主板
600488.SH,600488,津药药业,天津,化学制药,20010618,,L,SSE,主板
600487.SH,600487,亨通光电,江苏,通信设备,20030822,,L,SSE,主板
600486.SH,600486,扬农化工,江苏,农药化肥,20020425,,L,SSE,主板
600483.SH,600483,福能股份,福建,新型电力,20040531,,L,SSE,主板
600482.SH,600482,中国动力,河北,船舶,20040714,,L,SSE,主板
600481.SH,600481,双良节能,江苏,电气设备,20030422,,L,SSE,主板
600480.SH,600480,凌云股份,河北,汽车配件,20030815,,L,SSE,主板
600479.SH,600479,千金药业,湖南,中成药,20040312,,L,SSE,主板
600478.SH,600478,科力远,湖南,电气设备,20030918,,L,SSE,主板
600477.SH,600477,杭萧钢构,浙江,钢加工,20031110,,L,SSE,主板
600476.SH,600476,*ST湘邮,湖南,软件服务,20031210,,L,SSE,主板
600475.SH,600475,华光环能,江苏,电气设备,20030721,,L,SSE,主板
600470.SH,600470,六国化工,安徽,农药化肥,20040305,,L,SSE,主板
600469.SH,600469,风神股份,河南,汽车配件,20031021,,L,SSE,主板
600468.SH,600468,百利电气,天津,电气设备,20010615,,L,SSE,主板
600467.SH,600467,好当家,山东,渔业,20040405,,L,SSE,主板
600463.SH,600463,空港股份,北京,园区开发,20040318,,L,SSE,主板
600461.SH,600461,洪城环境,江西,水务,20040601,,L,SSE,主板
600460.SH,600460,士兰微,浙江,半导体,20030311,,L,SSE,主板
600459.SH,600459,贵研铂业,云南,小金属,20030516,,L,SSE,主板
600458.SH,600458,时代新材,湖南,塑料,20021219,,L,SSE,主板
600456.SH,600456,宝钛股份,陕西,小金属,20020412,,L,SSE,主板
600455.SH,600455,博通股份,陕西,文教休闲,20040329,,L,SSE,主板
600452.SH,600452,涪陵电力,重庆,水力发电,20040303,,L,SSE,主板
600449.SH,600449,宁夏建材,宁夏,水泥,20030829,,L,SSE,主板
600448.SH,600448,华纺股份,山东,纺织,20010903,,L,SSE,主板
600446.SH,600446,金证股份,深圳,软件服务,20031224,,L,SSE,主板
600444.SH,600444,国机通用,安徽,专用机械,20040219,,L,SSE,主板
600439.SH,600439,ST瑞贝卡,河南,服饰,20030710,,L,SSE,主板
600438.SH,600438,通威股份,四川,电气设备,20040302,,L,SSE,主板
600436.SH,600436,片仔癀,福建,中成药,20030616,,L,SSE,主板
600435.SH,600435,北方导航,北京,专用机械,20030704,,L,SSE,主板
600433.SH,600433,冠豪高新,广东,造纸,20030619,,L,SSE,主板
600429.SH,600429,三元股份,北京,乳制品,20030915,,L,SSE,主板
600428.SH,600428,中远海特,广东,水运,20020418,,L,SSE,主板
600426.SH,600426,华鲁恒升,山东,农药化肥,20020620,,L,SSE,主板
600425.SH,600425,青松建化,新疆,水泥,20030724,,L,SSE,主板
600423.SH,600423,*ST柳化,广西,农药化肥,20030717,,L,SSE,主板
600422.SH,600422,昆药集团,云南,中成药,20001206,,L,SSE,主板
600420.SH,600420,国药现代,上海,化学制药,20040616,,L,SSE,主板
600419.SH,600419,天润乳业,新疆,乳制品,20010628,,L,SSE,主板
600418.SH,600418,江淮汽车,安徽,汽车整车,20010824,,L,SSE,主板
600416.SH,600416,湘电股份,湖南,电气设备,20020718,,L,SSE,主板
600415.SH,600415,小商品城,浙江,商品城,20020509,,L,SSE,主板
600410.SH,600410,华胜天成,北京,软件服务,20040427,,L,SSE,主板
600409.SH,600409,三友化工,河北,化纤,20030618,,L,SSE,主板
600408.SH,600408,安泰集团,山西,焦炭加工,20030212,,L,SSE,主板
600406.SH,600406,国电南瑞,江苏,电气设备,20031016,,L,SSE,主板
600405.SH,600405,动力源,北京,电气设备,20040401,,L,SSE,主板
600403.SH,600403,大有能源,河南,煤炭开采,20031009,,L,SSE,主板
600400.SH,600400,红豆股份,江苏,服饰,20010108,,L,SSE,主板
600399.SH,600399,抚顺特钢,辽宁,特种钢,20001229,,L,SSE,主板
600398.SH,600398,海澜之家,江苏,服饰,20001228,,L,SSE,主板
600397.SH,600397,江钨装备,江西,专用机械,20020702,,L,SSE,主板
600396.SH,600396,华电辽能,辽宁,火力发电,20010328,,L,SSE,主板
600395.SH,600395,盘江股份,贵州,煤炭开采,20010531,,L,SSE,主板
600392.SH,600392,盛和资源,四川,小金属,20030529,,L,SSE,主板
600391.SH,600391,航发科技,四川,航空,20011212,,L,SSE,主板
600390.SH,600390,五矿资本,湖南,多元金融,20010115,,L,SSE,主板
600389.SH,600389,江山股份,江苏,农药化肥,20010110,,L,SSE,主板
600388.SH,600388,紫金龙净,福建,环境保护,20001229,,L,SSE,主板
600386.SH,600386,北巴传媒,北京,汽车服务,20010216,,L,SSE,主板
600383.SH,600383,金地集团,深圳,全国地产,20010412,,L,SSE,主板
600382.SH,600382,广东明珠,广东,普钢,20010118,,L,SSE,主板
600381.SH,600381,*ST春天,青海,医疗保健,20010508,,L,SSE,主板
600380.SH,600380,健康元,深圳,化学制药,20010608,,L,SSE,主板
600379.SH,600379,宝光股份,陕西,电气设备,20020116,,L,SSE,主板
600378.SH,600378,昊华科技,四川,化工原料,20010111,,L,SSE,主板
600377.SH,600377,宁沪高速,江苏,路桥,20010116,,L,SSE,主板
600376.SH,600376,首开股份,北京,区域地产,20010312,,L,SSE,主板
600375.SH,600375,汉马科技,安徽,汽车整车,20030401,,L,SSE,主板
600373.SH,600373,中文传媒,江西,出版业,20020304,,L,SSE,主板
600372.SH,600372,中航机载,北京,航空,20010706,,L,SSE,主板
600371.SH,600371,万向德农,黑龙江,种植业,20020916,,L,SSE,主板
600370.SH,600370,*ST三房,江苏,化工原料,20030306,,L,SSE,主板
600369.SH,600369,西南证券,重庆,证券,20010109,,L,SSE,主板
600368.SH,600368,五洲交通,广西,路桥,20001221,,L,SSE,主板
600367.SH,600367,红星发展,贵州,化工原料,20010320,,L,SSE,主板
600366.SH,600366,宁波韵升,浙江,矿物制品,20001030,,L,SSE,主板
600365.SH,600365,ST通葡,吉林,互联网,20010115,,L,SSE,主板
600363.SH,600363,联创光电,江西,元器件,20010329,,L,SSE,主板
600362.SH,600362,江西铜业,江西,铜,20020111,,L,SSE,主板
600361.SH,600361,创新新材,北京,铝,20011129,,L,SSE,主板
600360.SH,600360,华微电子,吉林,半导体,20010316,,L,SSE,主板
600359.SH,600359,新农开发,新疆,种植业,19990429,,L,SSE,主板
600358.SH,600358,国旅联合,江西,广告包装,20000922,,L,SSE,主板
600356.SH,600356,恒丰纸业,黑龙江,造纸,20010419,,L,SSE,主板
600354.SH,600354,敦煌种业,甘肃,种植业,20040115,,L,SSE,主板
600353.SH,600353,旭光电子,四川,元器件,20021120,,L,SSE,主板
600352.SH,600352,浙江龙盛,浙江,染料涂料,20030801,,L,SSE,主板
600351.SH,600351,亚宝药业,山西,中成药,20020926,,L,SSE,主板
600350.SH,600350,山东高速,山东,路桥,20020318,,L,SSE,主板
600348.SH,600348,华阳股份,山西,煤炭开采,20030821,,L,SSE,主板
600346.SH,600346,恒力石化,辽宁,石油加工,20010820,,L,SSE,主板
600345.SH,600345,长江通信,湖北,通信设备,20001222,,L,SSE,主板
600343.SH,600343,航天动力,陕西,机械基件,20030408,,L,SSE,主板
600340.SH,600340,*ST华幸,河北,园区开发,20031230,,L,SSE,主板
600339.SH,600339,中油工程,新疆,石油开采,20001225,,L,SSE,主板
600338.SH,600338,西藏珠峰,西藏,铅锌,20001227,,L,SSE,主板
600337.SH,600337,ST美克,江西,家居用品,20001127,,L,SSE,主板
600336.SH,600336,澳柯玛,山东,家用电器,20001229,,L,SSE,主板
600335.SH,600335,国机汽车,天津,汽车服务,20010305,,L,SSE,主板
600333.SH,600333,长春燃气,吉林,供气供热,20001211,,L,SSE,主板
600332.SH,600332,白云山,广东,中成药,20010206,,L,SSE,主板
600331.SH,600331,宏达股份,四川,农药化肥,20011220,,L,SSE,主板
600330.SH,600330,天通股份,浙江,专用机械,20010118,,L,SSE,主板
600329.SH,600329,达仁堂,天津,中成药,20010606,,L,SSE,主板
600328.SH,600328,中盐化工,内蒙,化工原料,20001222,,L,SSE,主板
600327.SH,600327,大东方,江苏,医疗保健,20020625,,L,SSE,主板
600326.SH,600326,西藏天路,西藏,水泥,20010116,,L,SSE,主板
600325.SH,600325,华发股份,广东,区域地产,20040225,,L,SSE,主板
600323.SH,600323,瀚蓝环境,广东,环境保护,20001225,,L,SSE,主板
600322.SH,600322,津投城开,天津,区域地产,20010910,,L,SSE,主板
600320.SH,600320,振华重工,上海,专用机械,20001221,,L,SSE,主板
600319.SH,600319,亚星化学,山东,化工原料,20010326,,L,SSE,主板
600318.SH,600318,新力金融,安徽,多元金融,20001208,,L,SSE,主板
600316.SH,600316,洪都航空,江西,航空,20001215,,L,SSE,主板
600315.SH,600315,上海家化,上海,日用化工,20010315,,L,SSE,主板
600313.SH,600313,农发种业,北京,种植业,20010119,,L,SSE,主板
600312.SH,600312,平高电气,河南,电气设备,20010221,,L,SSE,主板
600310.SH,600310,广西能源,广西,水力发电,20010228,,L,SSE,主板
600309.SH,600309,万华化学,山东,化工原料,20010105,,L,SSE,主板
600308.SH,600308,华泰股份,山东,造纸,20000928,,L,SSE,主板
600307.SH,600307,酒钢宏兴,甘肃,普钢,20001220,,L,SSE,主板
600305.SH,600305,恒顺醋业,江苏,食品,20010206,,L,SSE,主板
600303.SH,600303,曙光股份,辽宁,汽车整车,20001226,,L,SSE,主板
600302.SH,600302,ST标准,陕西,纺织机械,20001213,,L,SSE,主板
600301.SH,600301,华锡有色,广西,小金属,20000712,,L,SSE,主板
600300.SH,600300,维维股份,江苏,软饮料,20000630,,L,SSE,主板
600299.SH,600299,安迪苏,北京,饲料,20000420,,L,SSE,主板
600298.SH,600298,安琪酵母,湖北,食品,20000818,,L,SSE,主板
600295.SH,600295,鄂尔多斯,内蒙,特种钢,20010426,,L,SSE,主板
600293.SH,600293,三峡新材,湖北,玻璃,20000919,,L,SSE,主板
600292.SH,600292,电投水电,重庆,水力发电,20001101,,L,SSE,主板
600289.SH,600289,ST信通,黑龙江,软件服务,20000720,,L,SSE,主板
600288.SH,600288,大恒科技,北京,元器件,20001129,,L,SSE,主板
600287.SH,600287,苏豪时尚,江苏,商贸代理,20000901,,L,SSE,主板
600285.SH,600285,羚锐制药,河南,中成药,20001018,,L,SSE,主板
600284.SH,600284,浦东建设,上海,建筑工程,20040316,,L,SSE,主板
600283.SH,600283,钱江水利,浙江,水务,20001018,,L,SSE,主板
600282.SH,600282,南钢股份,江苏,普钢,20000919,,L,SSE,主板
600281.SH,600281,华阳新材,山西,小金属,20001109,,L,SSE,主板
600280.SH,600280,中央商场,江苏,百货,20000926,,L,SSE,主板
600279.SH,600279,重庆港,重庆,港口,20000731,,L,SSE,主板
600278.SH,600278,东方创业,上海,商贸代理,20000712,,L,SSE,主板
600276.SH,600276,恒瑞医药,江苏,化学制药,20001018,,L,SSE,主板
600273.SH,600273,嘉化能源,浙江,化工原料,20030627,,L,SSE,主板
600272.SH,600272,开开实业,上海,医药商业,20010228,,L,SSE,主板
600271.SH,600271,航天信息,北京,软件服务,20030711,,L,SSE,主板
600269.SH,600269,赣粤高速,江西,路桥,20000518,,L,SSE,主板
600268.SH,600268,国电南自,江苏,电气设备,19991118,,L,SSE,主板
600267.SH,600267,海正药业,浙江,化学制药,20000725,,L,SSE,主板
600266.SH,600266,城建发展,北京,区域地产,19990203,,L,SSE,主板
600265.SH,600265,*ST景谷,云南,林业,20000825,,L,SSE,主板
600262.SH,600262,北方股份,内蒙,专用机械,20000630,,L,SSE,主板
600261.SH,600261,阳光照明,浙江,家用电器,20000720,,L,SSE,主板
600259.SH,600259,中稀有色,海南,小金属,20000525,,L,SSE,主板
600258.SH,600258,首旅酒店,北京,酒店餐饮,20000601,,L,SSE,主板
600257.SH,600257,大湖股份,湖南,渔业,20000612,,L,SSE,主板
600256.SH,600256,广汇能源,新疆,石油开采,20000526,,L,SSE,主板
600255.SH,600255,鑫科材料,安徽,小金属,20001122,,L,SSE,主板
600252.SH,600252,中恒集团,广西,中成药,20001130,,L,SSE,主板
600251.SH,600251,冠农股份,新疆,农业综合,20030609,,L,SSE,主板
600250.SH,600250,南京商旅,江苏,商贸代理,20010306,,L,SSE,主板
600249.SH,600249,两面针,广西,日用化工,20040130,,L,SSE,主板
600248.SH,600248,陕建股份,陕西,建筑工程,20000622,,L,SSE,主板
600246.SH,600246,万通发展,北京,区域地产,20000922,,L,SSE,主板
600243.SH,600243,*ST海华,青海,运输设备,20001120,,L,SSE,主板
600241.SH,600241,时代万恒,辽宁,电气设备,20001128,,L,SSE,主板
600239.SH,600239,ST云城,云南,区域地产,19991202,,L,SSE,主板
600238.SH,600238,ST椰岛,海南,红黄酒,20000120,,L,SSE,主板
600237.SH,600237,铜峰电子,安徽,元器件,20000609,,L,SSE,主板
600236.SH,600236,桂冠电力,广西,水力发电,20000323,,L,SSE,主板
600235.SH,600235,民丰特纸,浙江,造纸,20000615,,L,SSE,主板
600234.SH,600234,科新发展,山西,装修装饰,20000615,,L,SSE,主板
600233.SH,600233,圆通速递,辽宁,仓储物流,20000608,,L,SSE,主板
600232.SH,600232,金鹰股份,浙江,纺织机械,20000602,,L,SSE,主板
600231.SH,600231,凌钢股份,辽宁,普钢,20000511,,L,SSE,主板
600230.SH,600230,沧州大化,河北,化工原料,20000406,,L,SSE,主板
600229.SH,600229,城市传媒,山东,出版业,20000309,,L,SSE,主板
600228.SH,600228,返利科技,江西,互联网,19990119,,L,SSE,主板
600227.SH,600227,赤天化,贵州,农药化肥,20000221,,L,SSE,主板
600226.SH,600226,亨通股份,浙江,供气供热,19991116,,L,SSE,主板
600223.SH,600223,福瑞达,山东,日用化工,20000113,,L,SSE,主板
600222.SH,600222,太龙药业,河南,中成药,19991105,,L,SSE,主板
600221.SH,600221,海航控股,海南,空运,19991125,,L,SSE,主板
600219.SH,600219,南山铝业,山东,铝,19991223,,L,SSE,主板
600218.SH,600218,全柴动力,安徽,汽车配件,19981203,,L,SSE,主板
600217.SH,600217,中再资环,陕西,环境保护,19991216,,L,SSE,主板
600216.SH,600216,浙江医药,浙江,化学制药,19991021,,L,SSE,主板
600215.SH,600215,派斯林,吉林,专用机械,19990909,,L,SSE,主板
600212.SH,600212,绿能慧充,山东,电气设备,19990817,,L,SSE,主板
600211.SH,600211,西藏药业,西藏,生物制药,19990721,,L,SSE,主板
600210.SH,600210,紫江企业,上海,广告包装,19990824,,L,SSE,主板
600208.SH,600208,衢州发展,浙江,全国地产,19990623,,L,SSE,主板
600207.SH,600207,安彩高科,河南,电气设备,19990714,,L,SSE,主板
600206.SH,600206,有研新材,北京,半导体,19990319,,L,SSE,主板
600203.SH,600203,福日电子,福建,元器件,19990514,,L,SSE,主板
600202.SH,600202,哈空调,黑龙江,专用机械,19990603,,L,SSE,主板
600201.SH,600201,生物股份,内蒙,农业综合,19990115,,L,SSE,主板
600199.SH,600199,金种子酒,安徽,白酒,19980812,,L,SSE,主板
600198.SH,600198,大唐电信,北京,通信设备,19981021,,L,SSE,主板
600197.SH,600197,伊力特,新疆,白酒,19990916,,L,SSE,主板
600196.SH,600196,复星医药,上海,化学制药,19980807,,L,SSE,主板
600195.SH,600195,中牧股份,北京,农业综合,19990107,,L,SSE,主板
600192.SH,600192,长城电工,甘肃,电气设备,19981224,,L,SSE,主板
600191.SH,600191,华资实业,内蒙,食品,19981210,,L,SSE,主板
600189.SH,600189,泉阳泉,吉林,软饮料,19981007,,L,SSE,主板
600188.SH,600188,兖矿能源,山东,煤炭开采,19980701,,L,SSE,主板
600187.SH,600187,*ST国中,黑龙江,水务,19981111,,L,SSE,主板
600186.SH,600186,莲花控股,河南,食品,19980825,,L,SSE,主板
600185.SH,600185,珠免集团,广东,旅游服务,19990611,,L,SSE,主板
600184.SH,600184,光电股份,湖北,专用机械,20031106,,L,SSE,主板
600183.SH,600183,生益科技,广东,元器件,19981028,,L,SSE,主板
600182.SH,600182,S佳通,黑龙江,汽车配件,19990507,,L,SSE,主板
600180.SH,600180,*ST瑞茂,山东,仓储物流,19980703,,L,SSE,主板
600179.SH,600179,安通控股,福建,水运,19981104,,L,SSE,主板
600178.SH,600178,东安动力,黑龙江,汽车配件,19981014,,L,SSE,主板
600177.SH,600177,雅戈尔,浙江,服饰,19981119,,L,SSE,主板
600176.SH,600176,中国巨石,浙江,玻璃,19990422,,L,SSE,主板
600173.SH,600173,卧龙新能,浙江,全国地产,19990415,,L,SSE,主板
600172.SH,600172,黄河旋风,河南,矿物制品,19981126,,L,SSE,主板
600171.SH,600171,上海贝岭,上海,半导体,19980924,,L,SSE,主板
600170.SH,600170,上海建工,上海,建筑工程,19980623,,L,SSE,主板
600169.SH,600169,ST太重,山西,工程机械,19980904,,L,SSE,主板
600168.SH,600168,武汉控股,湖北,水务,19980427,,L,SSE,主板
600167.SH,600167,联美控股,辽宁,供气供热,19990128,,L,SSE,主板
600166.SH,600166,福田汽车,北京,汽车整车,19980602,,L,SSE,主板
600165.SH,600165,宁科生物,宁夏,化工原料,19980529,,L,SSE,主板
600163.SH,600163,中闽能源,福建,新型电力,19980602,,L,SSE,主板
600162.SH,600162,香江控股,深圳,全国地产,19980609,,L,SSE,主板
600161.SH,600161,天坛生物,北京,生物制药,19980616,,L,SSE,主板
600160.SH,600160,巨化股份,浙江,化工原料,19980626,,L,SSE,主板
600159.SH,600159,大龙地产,北京,区域地产,19980526,,L,SSE,主板
600158.SH,600158,中体产业,天津,文教休闲,19980327,,L,SSE,主板
600157.SH,600157,永泰能源,山西,火力发电,19980513,,L,SSE,主板
600156.SH,600156,华升股份,湖南,纺织,19980527,,L,SSE,主板
600155.SH,600155,华创云信,北京,证券,19980918,,L,SSE,主板
600153.SH,600153,建发股份,福建,仓储物流,19980616,,L,SSE,主板
600152.SH,600152,维科技术,浙江,电气设备,19980609,,L,SSE,主板
600151.SH,600151,航天机电,上海,汽车配件,19980605,,L,SSE,主板
600150.SH,600150,中国船舶,上海,船舶,19980520,,L,SSE,主板
600149.SH,600149,廊坊发展,河北,综合类,19991014,,L,SSE,主板
600148.SH,600148,长春一东,吉林,汽车配件,19980520,,L,SSE,主板
600143.SH,600143,金发科技,广东,塑料,20040623,,L,SSE,主板
600141.SH,600141,兴发集团,湖北,农药化肥,19990616,,L,SSE,主板
600138.SH,600138,中青旅,北京,旅游景点,19971203,,L,SSE,主板
600137.SH,600137,浪莎股份,四川,服饰,19980416,,L,SSE,主板
600136.SH,600136,ST明诚,湖北,房产服务,19980303,,L,SSE,主板
600135.SH,600135,乐凯胶片,河北,塑料,19980122,,L,SSE,主板
600133.SH,600133,东湖高新,湖北,环境保护,19980212,,L,SSE,主板
600132.SH,600132,重庆啤酒,重庆,啤酒,19971030,,L,SSE,主板
600131.SH,600131,国网信通,四川,通信设备,19980402,,L,SSE,主板
600130.SH,600130,波导股份,浙江,元器件,20000706,,L,SSE,主板
600129.SH,600129,太极集团,重庆,中成药,19971118,,L,SSE,主板
600128.SH,600128,苏豪弘业,江苏,商贸代理,19970901,,L,SSE,主板
600127.SH,600127,金健米业,湖南,农业综合,19980506,,L,SSE,主板
600126.SH,600126,杭钢股份,浙江,普钢,19980311,,L,SSE,主板
600125.SH,600125,铁龙物流,辽宁,铁路,19980511,,L,SSE,主板
600123.SH,600123,兰花科创,山西,煤炭开采,19981217,,L,SSE,主板
600121.SH,600121,郑州煤电,河南,煤炭开采,19980107,,L,SSE,主板
600120.SH,600120,浙江东方,浙江,多元金融,19971201,,L,SSE,主板
600119.SH,600119,*ST长投,上海,仓储物流,19980115,,L,SSE,主板
600118.SH,600118,中国卫星,北京,航空,19970908,,L,SSE,主板
600117.SH,600117,西宁特钢,青海,特种钢,19971015,,L,SSE,主板
600116.SH,600116,三峡水利,重庆,水力发电,19970804,,L,SSE,主板
600115.SH,600115,中国东航,上海,空运,19971105,,L,SSE,主板
600114.SH,600114,东睦股份,浙江,机械基件,20040511,,L,SSE,主板
600113.SH,600113,浙江东日,浙江,区域地产,19971021,,L,SSE,主板
600111.SH,600111,北方稀土,内蒙,小金属,19970924,,L,SSE,主板
600110.SH,600110,诺德股份,吉林,电气设备,19971007,,L,SSE,主板
600109.SH,600109,国金证券,四川,证券,19970807,,L,SSE,主板
600108.SH,600108,亚盛集团,甘肃,种植业,19970818,,L,SSE,主板
600107.SH,600107,*ST尔雅,湖北,服饰,19971106,,L,SSE,主板
600106.SH,600106,重庆路桥,重庆,路桥,19970618,,L,SSE,主板
600105.SH,600105,永鼎股份,江苏,通信设备,19970929,,L,SSE,主板
600104.SH,600104,上汽集团,上海,汽车整车,19971125,,L,SSE,主板
600103.SH,600103,青山纸业,福建,造纸,19970703,,L,SSE,主板
600101.SH,600101,明星电力,四川,水力发电,19970627,,L,SSE,主板
600100.SH,600100,同方股份,北京,IT设备,19970627,,L,SSE,主板
600099.SH,600099,林海股份,江苏,汽车整车,19970704,,L,SSE,主板
600098.SH,600098,广州发展,广东,火力发电,19970718,,L,SSE,主板
600097.SH,600097,开创国际,上海,渔业,19970619,,L,SSE,主板
600096.SH,600096,云天化,云南,农药化肥,19970709,,L,SSE,主板
600095.SH,600095,湘财股份,黑龙江,证券,19970708,,L,SSE,主板
600094.SH,600094,大名城,上海,区域地产,19970703,,L,SSE,主板
600089.SH,600089,特变电工,新疆,电气设备,19970618,,L,SSE,主板
600088.SH,600088,中视传媒,上海,影视音像,19970616,,L,SSE,主板
600085.SH,600085,同仁堂,北京,中成药,19970625,,L,SSE,主板
600084.SH,600084,*ST尼雅,新疆,红黄酒,19970711,,L,SSE,主板
600082.SH,600082,ST海泰,天津,园区开发,19970620,,L,SSE,主板
600081.SH,600081,东风科技,上海,汽车配件,19970703,,L,SSE,主板
600080.SH,600080,ST金花,陕西,中成药,19970612,,L,SSE,主板
600079.SH,600079,ST人福,湖北,化学制药,19970606,,L,SSE,主板
600078.SH,600078,澄星股份,江苏,化工原料,19970627,,L,SSE,主板
600076.SH,600076,康欣新材,山东,广告包装,19970526,,L,SSE,主板
600075.SH,600075,新疆天业,新疆,化工原料,19970617,,L,SSE,主板
600073.SH,600073,光明肉业,上海,食品,19970704,,L,SSE,主板
600072.SH,600072,中船科技,上海,电气设备,19970603,,L,SSE,主板
600071.SH,600071,凤凰光学,江西,元器件,19970528,,L,SSE,主板
600067.SH,600067,冠城新材,福建,电气设备,19970508,,L,SSE,主板
600066.SH,600066,宇通客车,河南,汽车整车,19970508,,L,SSE,主板
600064.SH,600064,南京高科,江苏,园区开发,19970506,,L,SSE,主板
600063.SH,600063,皖维高新,安徽,化纤,19970528,,L,SSE,主板
600062.SH,600062,华润双鹤,北京,化学制药,19970522,,L,SSE,主板
600061.SH,600061,国投资本,上海,证券,19970519,,L,SSE,主板
600060.SH,600060,海信视像,山东,家用电器,19970422,,L,SSE,主板
600059.SH,600059,古越龙山,浙江,红黄酒,19970516,,L,SSE,主板
600058.SH,600058,五矿发展,北京,商贸代理,19970528,,L,SSE,主板
600057.SH,600057,厦门象屿,福建,仓储物流,19970604,,L,SSE,主板
600056.SH,600056,中国医药,北京,医药商业,19970515,,L,SSE,主板
600055.SH,600055,万东医疗,北京,医疗保健,19970519,,L,SSE,主板
600054.SH,600054,黄山旅游,安徽,旅游景点,19970506,,L,SSE,主板
600053.SH,600053,*ST九鼎,江西,多元金融,19970418,,L,SSE,主板
600052.SH,600052,东望时代,浙江,供气供热,19970415,,L,SSE,主板
600051.SH,600051,宁波联合,浙江,综合类,19970410,,L,SSE,主板
600050.SH,600050,中国联通,北京,电信运营,20021009,,L,SSE,主板
600048.SH,600048,保利发展,广东,全国地产,20060731,,L,SSE,主板
600039.SH,600039,四川路桥,四川,建筑工程,20030325,,L,SSE,主板
600038.SH,600038,中直股份,黑龙江,航空,20001218,,L,SSE,主板
600037.SH,600037,歌华有线,北京,影视音像,20010208,,L,SSE,主板
600036.SH,600036,招商银行,深圳,银行,20020409,,L,SSE,主板
600035.SH,600035,楚天高速,湖北,路桥,20040310,,L,SSE,主板
600033.SH,600033,福建高速,福建,路桥,20010209,,L,SSE,主板
600032.SH,600032,浙江新能,浙江,新型电力,20210525,,L,SSE,主板
600031.SH,600031,三一重工,北京,工程机械,20030703,,L,SSE,主板
600030.SH,600030,中信证券,深圳,证券,20030106,,L,SSE,主板
600029.SH,600029,南方航空,广东,空运,20030725,,L,SSE,主板
600028.SH,600028,中国石化,北京,石油加工,20010808,,L,SSE,主板
600027.SH,600027,华电国际,山东,火力发电,20050203,,L,SSE,主板
600026.SH,600026,中远海能,上海,水运,20020523,,L,SSE,主板
600025.SH,600025,华能水电,云南,水力发电,20171215,,L,SSE,主板
600023.SH,600023,浙能电力,浙江,火力发电,20131219,,L,SSE,主板
600022.SH,600022,山东钢铁,山东,普钢,20040629,,L,SSE,主板
600021.SH,600021,上海电力,上海,火力发电,20031029,,L,SSE,主板
600020.SH,600020,中原高速,河南,路桥,20030808,,L,SSE,主板
600019.SH,600019,宝钢股份,上海,普钢,20001212,,L,SSE,主板
600018.SH,600018,上港集团,上海,港口,20061026,,L,SSE,主板
600017.SH,600017,日照港,山东,港口,20061017,,L,SSE,主板
600016.SH,600016,民生银行,北京,银行,20001219,,L,SSE,主板
600015.SH,600015,华夏银行,北京,银行,20030912,,L,SSE,主板
600012.SH,600012,皖通高速,安徽,路桥,20030107,,L,SSE,主板
600011.SH,600011,华能国际,北京,火力发电,20011206,,L,SSE,主板
600010.SH,600010,包钢股份,内蒙,普钢,20010309,,L,SSE,主板
600009.SH,600009,上海机场,上海,机场,19980218,,L,SSE,主板
600008.SH,600008,首创环保,北京,水务,20000427,,L,SSE,主板
600007.SH,600007,中国国贸,北京,园区开发,19990312,,L,SSE,主板
600006.SH,600006,东风股份,湖北,汽车整车,19990727,,L,SSE,主板
600004.SH,600004,白云机场,广东,机场,20030428,,L,SSE,主板
600000.SH,600000,浦发银行,上海,银行,19991110,,L,SSE,主板
302132.SZ,302132,中航成飞,陕西,航空,20100827,,L,SZSE,创业板
301687.SZ,301687,新广益,江苏,化工原料,20251231,,L,SZSE,创业板
301678.SZ,301678,新恒汇,山东,半导体,20250620,,L,SZSE,创业板
301668.SZ,301668,昊创瑞通,北京,电气设备,20250926,,L,SZSE,创业板
301667.SZ,301667,纳百川,浙江,汽车配件,20251223,,L,SZSE,创业板
301665.SZ,301665,泰禾股份,江苏,农药化肥,20250411,,L,SZSE,创业板
301662.SZ,301662,宏工科技,广东,专用机械,20250417,,L,SZSE,创业板
301658.SZ,301658,首航新能,深圳,电气设备,20250402,,L,SZSE,创业板
301656.SZ,301656,联合动力,江苏,汽车配件,20250925,,L,SZSE,创业板
301638.SZ,301638,南网数字,广东,软件服务,20251118,,L,SZSE,创业板
301636.SZ,301636,泽润新能,江苏,电气设备,20250516,,L,SZSE,创业板
301633.SZ,301633,港迪技术,湖北,专用机械,20241107,,L,SZSE,创业板
301632.SZ,301632,广东建科,广东,建筑工程,20250812,,L,SZSE,创业板
301631.SZ,301631,壹连科技,深圳,元器件,20241122,,L,SZSE,创业板
301630.SZ,301630,同宇新材,广东,化工原料,20250710,,L,SZSE,创业板
301629.SZ,301629,矽电股份,深圳,半导体,20250324,,L,SZSE,创业板
301628.SZ,301628,强达电路,深圳,元器件,20241031,,L,SZSE,创业板
301626.SZ,301626,苏州天脉,江苏,元器件,20241024,,L,SZSE,创业板
301622.SZ,301622,英思特,内蒙,矿物制品,20241204,,L,SZSE,创业板
301618.SZ,301618,长联科技,广东,染料涂料,20240930,,L,SZSE,创业板
301617.SZ,301617,博苑新材,山东,化工原料,20241211,,L,SZSE,创业板
301616.SZ,301616,浙江华业,浙江,机械基件,20250327,,L,SZSE,创业板
301613.SZ,301613,新铝时代,重庆,汽车配件,20241025,,L,SZSE,创业板
301611.SZ,301611,珂玛科技,江苏,半导体,20240816,,L,SZSE,创业板
301609.SZ,301609,山大电力,山东,电气设备,20250723,,L,SZSE,创业板
301608.SZ,301608,博实结,深圳,通信设备,20240801,,L,SZSE,创业板
301607.SZ,301607,富特科技,浙江,汽车配件,20240904,,L,SZSE,创业板
301606.SZ,301606,绿联科技,深圳,元器件,20240726,,L,SZSE,创业板
301603.SZ,301603,乔锋智能,广东,机床制造,20240710,,L,SZSE,创业板
301602.SZ,301602,超研股份,广东,医疗保健,20250122,,L,SZSE,创业板
301601.SZ,301601,惠通科技,江苏,专用机械,20250115,,L,SZSE,创业板
301600.SZ,301600,慧翰股份,福建,通信设备,20240911,,L,SZSE,创业板
301598.SZ,301598,博科测试,北京,专用机械,20241220,,L,SZSE,创业板
301596.SZ,301596,瑞迪智驱,四川,机械基件,20240513,,L,SZSE,创业板
301595.SZ,301595,太力科技,广东,橡胶,20250519,,L,SZSE,创业板
301592.SZ,301592,六九一二,四川,软件服务,20241024,,L,SZSE,创业板
301591.SZ,301591,肯特股份,江苏,塑料,20240228,,L,SZSE,创业板
301590.SZ,301590,优优绿能,深圳,电气设备,20250605,,L,SZSE,创业板
301589.SZ,301589,诺瓦星云,陕西,IT设备,20240208,,L,SZSE,创业板
301588.SZ,301588,美新科技,广东,家居用品,20240313,,L,SZSE,创业板
301587.SZ,301587,中瑞股份,江苏,电气设备,20240408,,L,SZSE,创业板
301586.SZ,301586,佳力奇,安徽,航空,20240828,,L,SZSE,创业板
301585.SZ,301585,蓝宇股份,浙江,染料涂料,20241220,,L,SZSE,创业板
301584.SZ,301584,建发致新,上海,医药商业,20250925,,L,SZSE,创业板
301581.SZ,301581,黄山谷捷,安徽,半导体,20250103,,L,SZSE,创业板
301580.SZ,301580,爱迪特,河北,医疗保健,20240626,,L,SZSE,创业板
301578.SZ,301578,辰奕智能,广东,IT设备,20231228,,L,SZSE,创业板
301577.SZ,301577,美信科技,广东,元器件,20240124,,L,SZSE,创业板
301575.SZ,301575,艾芬达,江西,家居用品,20250910,,L,SZSE,创业板
301571.SZ,301571,国科天成,北京,元器件,20240821,,L,SZSE,创业板
301568.SZ,301568,思泰克,福建,专用机械,20231128,,L,SZSE,创业板
301567.SZ,301567,贝隆精密,浙江,元器件,20240116,,L,SZSE,创业板
301566.SZ,301566,达利凯普,辽宁,元器件,20231229,,L,SZSE,创业板
301565.SZ,301565,中仑新材,福建,塑料,20240620,,L,SZSE,创业板
301563.SZ,301563,云汉芯城,上海,元器件,20250930,,L,SZSE,创业板
301560.SZ,301560,众捷股份,江苏,汽车配件,20250425,,L,SZSE,创业板
301559.SZ,301559,中集环科,江苏,专用机械,20231011,,L,SZSE,创业板
301558.SZ,301558,三态股份,深圳,互联网,20230928,,L,SZSE,创业板
301557.SZ,301557,常友科技,江苏,电气设备,20250304,,L,SZSE,创业板
301556.SZ,301556,托普云农,浙江,软件服务,20241017,,L,SZSE,创业板
301555.SZ,301555,惠柏新材,上海,化工原料,20231031,,L,SZSE,创业板
301552.SZ,301552,科力装备,河北,汽车配件,20240722,,L,SZSE,创业板
301551.SZ,301551,无线传媒,河北,影视音像,20240926,,L,SZSE,创业板
301550.SZ,301550,斯菱智驱,浙江,汽车配件,20230915,,L,SZSE,创业板
301548.SZ,301548,崇德科技,湖南,机械基件,20230920,,L,SZSE,创业板
301539.SZ,301539,宏鑫科技,浙江,汽车配件,20240415,,L,SZSE,创业板
301538.SZ,301538,骏鼎达,深圳,塑料,20240320,,L,SZSE,创业板
301536.SZ,301536,星宸科技,福建,半导体,20240328,,L,SZSE,创业板
301535.SZ,301535,浙江华远,浙江,汽车配件,20250327,,L,SZSE,创业板
301533.SZ,301533,威马农机,重庆,农用机械,20230818,,L,SZSE,创业板
301529.SZ,301529,福赛科技,安徽,汽车配件,20230911,,L,SZSE,创业板
301528.SZ,301528,多浦乐,广东,电器仪表,20230828,,L,SZSE,创业板
301526.SZ,301526,国际复材,重庆,玻璃,20231226,,L,SZSE,创业板
301525.SZ,301525,儒竞科技,上海,家用电器,20230830,,L,SZSE,创业板
301522.SZ,301522,上大股份,河北,小金属,20241016,,L,SZSE,创业板
301520.SZ,301520,万邦医药,安徽,生物制药,20230925,,L,SZSE,创业板
301519.SZ,301519,舜禹股份,安徽,专用机械,20230727,,L,SZSE,创业板
301518.SZ,301518,长华化学,江苏,化工原料,20230803,,L,SZSE,创业板
301517.SZ,301517,陕西华达,陕西,元器件,20231017,,L,SZSE,创业板
301516.SZ,301516,中远通,深圳,电气设备,20231208,,L,SZSE,创业板
301515.SZ,301515,港通医疗,四川,医疗保健,20230725,,L,SZSE,创业板
301512.SZ,301512,智信精密,深圳,专用机械,20230720,,L,SZSE,创业板
301511.SZ,301511,德福科技,江西,电气设备,20230817,,L,SZSE,创业板
301510.SZ,301510,固高科技,深圳,电器仪表,20230815,,L,SZSE,创业板
301509.SZ,301509,金凯生科,辽宁,化学制药,20230803,,L,SZSE,创业板
301508.SZ,301508,中机认检,北京,电器仪表,20231201,,L,SZSE,创业板
301507.SZ,301507,民生健康,浙江,化学制药,20230905,,L,SZSE,创业板
301505.SZ,301505,苏州规划,江苏,建筑工程,20230719,,L,SZSE,创业板
301503.SZ,301503,智迪科技,广东,IT设备,20230717,,L,SZSE,创业板
301502.SZ,301502,华阳智能,江苏,电气设备,20240202,,L,SZSE,创业板
301501.SZ,301501,恒鑫生活,安徽,造纸,20250319,,L,SZSE,创业板
301500.SZ,301500,飞南资源,广东,环境保护,20230921,,L,SZSE,创业板
301499.SZ,301499,维科精密,上海,汽车配件,20230721,,L,SZSE,创业板
301498.SZ,301498,乖宝宠物,山东,饲料,20230816,,L,SZSE,创业板
301491.SZ,301491,汉桑科技,江苏,IT设备,20250806,,L,SZSE,创业板
301489.SZ,301489,思泉新材,广东,元器件,20231024,,L,SZSE,创业板
301488.SZ,301488,豪恩汽电,深圳,汽车配件,20230704,,L,SZSE,创业板
301487.SZ,301487,盟固利,天津,化工原料,20230809,,L,SZSE,创业板
301486.SZ,301486,致尚科技,深圳,元器件,20230707,,L,SZSE,创业板
301479.SZ,301479,弘景光电,广东,元器件,20250318,,L,SZSE,创业板
301469.SZ,301469,恒达新材,浙江,造纸,20230822,,L,SZSE,创业板
301468.SZ,301468,博盈特焊,广东,专用机械,20230724,,L,SZSE,创业板
301459.SZ,301459,丰茂股份,浙江,汽车配件,20231213,,L,SZSE,创业板
301458.SZ,301458,钧崴电子,广东,元器件,20250110,,L,SZSE,创业板
301456.SZ,301456,盘古智能,山东,电气设备,20230714,,L,SZSE,创业板
301449.SZ,301449,天溯计量,深圳,电器仪表,20251223,,L,SZSE,创业板
301448.SZ,301448,开创电气,浙江,机械基件,20230619,,L,SZSE,创业板
301446.SZ,301446,福事特,江西,机械基件,20230725,,L,SZSE,创业板
301439.SZ,301439,泓淋电力,山东,电气设备,20230317,,L,SZSE,创业板
301429.SZ,301429,森泰股份,安徽,其他建材,20230417,,L,SZSE,创业板
301428.SZ,301428,世纪恒通,贵州,互联网,20230519,,L,SZSE,创业板
301421.SZ,301421,波长光电,江苏,元器件,20230823,,L,SZSE,创业板
301419.SZ,301419,阿莱德,上海,通信设备,20230209,,L,SZSE,创业板
301418.SZ,301418,协昌科技,江苏,电气设备,20230821,,L,SZSE,创业板
301413.SZ,301413,安培龙,深圳,电器仪表,20231218,,L,SZSE,创业板
301408.SZ,301408,华人健康,安徽,医药商业,20230301,,L,SZSE,创业板
301399.SZ,301399,英特科技,浙江,机械基件,20230523,,L,SZSE,创业板
301398.SZ,301398,星源卓镁,浙江,汽车配件,20221215,,L,SZSE,创业板
301397.SZ,301397,溯联股份,重庆,汽车配件,20230628,,L,SZSE,创业板
301396.SZ,301396,宏景科技,广东,软件服务,20221111,,L,SZSE,创业板
301395.SZ,301395,仁信新材,广东,化工原料,20230703,,L,SZSE,创业板
301393.SZ,301393,昊帆生物,江苏,化工原料,20230712,,L,SZSE,创业板
301392.SZ,301392,汇成真空,广东,专用机械,20240605,,L,SZSE,创业板
301391.SZ,301391,卡莱特,深圳,IT设备,20221201,,L,SZSE,创业板
301390.SZ,301390,经纬股份,浙江,建筑工程,20230508,,L,SZSE,创业板
301389.SZ,301389,隆扬电子,江苏,元器件,20221031,,L,SZSE,创业板
301388.SZ,301388,欣灵电气,浙江,电气设备,20221109,,L,SZSE,创业板
301387.SZ,301387,光大同创,深圳,元器件,20230418,,L,SZSE,创业板
301386.SZ,301386,未来电器,江苏,电气设备,20230329,,L,SZSE,创业板
301383.SZ,301383,天键股份,江西,元器件,20230609,,L,SZSE,创业板
301382.SZ,301382,蜂助手,广东,互联网,20230517,,L,SZSE,创业板
301381.SZ,301381,赛维时代,深圳,互联网,20230712,,L,SZSE,创业板
301380.SZ,301380,挖金客,北京,软件服务,20221025,,L,SZSE,创业板
301379.SZ,301379,天山电子,广西,元器件,20221101,,L,SZSE,创业板
301378.SZ,301378,通达海,江苏,软件服务,20230320,,L,SZSE,创业板
301377.SZ,301377,鼎泰高科,广东,机械基件,20221122,,L,SZSE,创业板
301376.SZ,301376,致欧科技,河南,家居用品,20230621,,L,SZSE,创业板
301373.SZ,301373,凌玮科技,广东,化工原料,20230208,,L,SZSE,创业板
301372.SZ,301372,科净源,北京,环境保护,20230811,,L,SZSE,创业板
301371.SZ,301371,敷尔佳,黑龙江,日用化工,20230801,,L,SZSE,创业板
301370.SZ,301370,国科恒泰,北京,医药商业,20230712,,L,SZSE,创业板
301369.SZ,301369,联动科技,广东,半导体,20220922,,L,SZSE,创业板
301368.SZ,301368,丰立智能,浙江,机械基件,20221215,,L,SZSE,创业板
301367.SZ,301367,瑞迈特,北京,医疗保健,20221101,,L,SZSE,创业板
301366.SZ,301366,一博科技,深圳,元器件,20220926,,L,SZSE,创业板
301365.SZ,301365,矩阵股份,深圳,建筑工程,20221122,,L,SZSE,创业板
301363.SZ,301363,美好医疗,深圳,医疗保健,20221012,,L,SZSE,创业板
301362.SZ,301362,民爆光电,深圳,电气设备,20230804,,L,SZSE,创业板
301361.SZ,301361,众智科技,河南,电气设备,20221116,,L,SZSE,创业板
301360.SZ,301360,荣旗科技,江苏,专用机械,20230425,,L,SZSE,创业板
301359.SZ,301359,东南电子,浙江,元器件,20221109,,L,SZSE,创业板
301358.SZ,301358,湖南裕能,湖南,电气设备,20230209,,L,SZSE,创业板
301357.SZ,301357,北方长龙,陕西,专用机械,20230418,,L,SZSE,创业板
301356.SZ,301356,天振股份,浙江,家居用品,20221114,,L,SZSE,创业板
301355.SZ,301355,南王科技,福建,广告包装,20230612,,L,SZSE,创业板
301353.SZ,301353,普莱得,浙江,专用机械,20230530,,L,SZSE,创业板
301349.SZ,301349,信德新材,辽宁,化工原料,20220909,,L,SZSE,创业板
301348.SZ,301348,蓝箭电子,广东,半导体,20230810,,L,SZSE,创业板
301345.SZ,301345,涛涛车业,浙江,摩托车,20230321,,L,SZSE,创业板
301339.SZ,301339,通行宝,江苏,IT设备,20220909,,L,SZSE,创业板
301338.SZ,301338,凯格精机,广东,专用机械,20220816,,L,SZSE,创业板
301337.SZ,301337,亚华电子,山东,软件服务,20230526,,L,SZSE,创业板
301336.SZ,301336,趣睡科技,四川,家居用品,20220812,,L,SZSE,创业板
301335.SZ,301335,天元宠物,浙江,文教休闲,20221118,,L,SZSE,创业板
301333.SZ,301333,诺思格,北京,医疗保健,20220802,,L,SZSE,创业板
301332.SZ,301332,德尔玛,广东,家用电器,20230518,,L,SZSE,创业板
301331.SZ,301331,恩威医药,西藏,中成药,20220921,,L,SZSE,创业板
301330.SZ,301330,熵基科技,广东,IT设备,20220817,,L,SZSE,创业板
301329.SZ,301329,信音电子,江苏,元器件,20230717,,L,SZSE,创业板
301328.SZ,301328,维峰电子,广东,元器件,20220908,,L,SZSE,创业板
301327.SZ,301327,华宝新能,深圳,电气设备,20220919,,L,SZSE,创业板
301326.SZ,301326,捷邦科技,广东,元器件,20220921,,L,SZSE,创业板
301325.SZ,301325,曼恩斯特,深圳,专用机械,20230512,,L,SZSE,创业板
301323.SZ,301323,新莱福,广东,橡胶,20230606,,L,SZSE,创业板
301322.SZ,301322,绿通科技,广东,摩托车,20230306,,L,SZSE,创业板
301321.SZ,301321,翰博高新,安徽,元器件,20220818,,L,SZSE,创业板
301320.SZ,301320,豪江智能,山东,电气设备,20230609,,L,SZSE,创业板
301319.SZ,301319,唯特偶,深圳,元器件,20220929,,L,SZSE,创业板
301318.SZ,301318,维海德,深圳,IT设备,20220810,,L,SZSE,创业板
301317.SZ,301317,鑫磊股份,浙江,机械基件,20230119,,L,SZSE,创业板
301316.SZ,301316,慧博云通,浙江,软件服务,20221013,,L,SZSE,创业板
301315.SZ,301315,威士顿,上海,软件服务,20230621,,L,SZSE,创业板
301314.SZ,301314,科瑞思,广东,元器件,20230328,,L,SZSE,创业板
301313.SZ,301313,凡拓数创,广东,文教休闲,20220930,,L,SZSE,创业板
301312.SZ,301312,智立方,深圳,专用机械,20220711,,L,SZSE,创业板
301311.SZ,301311,昆船智能,云南,机械基件,20221130,,L,SZSE,创业板
301310.SZ,301310,鑫宏业,江苏,汽车配件,20230602,,L,SZSE,创业板
301309.SZ,301309,万得凯,浙江,机械基件,20220919,,L,SZSE,创业板
301308.SZ,301308,江波龙,深圳,半导体,20220805,,L,SZSE,创业板
301307.SZ,301307,美利信,重庆,通信设备,20230424,,L,SZSE,创业板
301306.SZ,301306,西测测试,陕西,航空,20220726,,L,SZSE,创业板
301305.SZ,301305,朗坤科技,深圳,环境保护,20230523,,L,SZSE,创业板
301303.SZ,301303,真兰仪表,上海,电器仪表,20230220,,L,SZSE,创业板
301302.SZ,301302,华如科技,北京,软件服务,20220623,,L,SZSE,创业板
301301.SZ,301301,川宁生物,新疆,化学制药,20221227,,L,SZSE,创业板
301300.SZ,301300,远翔新材,福建,化工原料,20220819,,L,SZSE,创业板
301299.SZ,301299,卓创资讯,山东,互联网,20221019,,L,SZSE,创业板
301298.SZ,301298,东利机械,河北,汽车配件,20220606,,L,SZSE,创业板
301297.SZ,301297,富乐德,安徽,半导体,20221230,,L,SZSE,创业板
301296.SZ,301296,新巨丰,山东,广告包装,20220902,,L,SZSE,创业板
301295.SZ,301295,美硕科技,浙江,电气设备,20230628,,L,SZSE,创业板
301293.SZ,301293,三博脑科,北京,医疗保健,20230505,,L,SZSE,创业板
301292.SZ,301292,海科新源,山东,化工原料,20230707,,L,SZSE,创业板
301291.SZ,301291,明阳电气,广东,电气设备,20230630,,L,SZSE,创业板
301290.SZ,301290,东星医疗,江苏,医疗保健,20221130,,L,SZSE,创业板
301289.SZ,301289,国缆检测,上海,电器仪表,20220622,,L,SZSE,创业板
301288.SZ,301288,清研环境,深圳,环境保护,20220422,,L,SZSE,创业板
301287.SZ,301287,康力源,江苏,文教休闲,20230614,,L,SZSE,创业板
301286.SZ,301286,侨源股份,四川,化工原料,20220614,,L,SZSE,创业板
301285.SZ,301285,鸿日达,江苏,元器件,20220928,,L,SZSE,创业板
301283.SZ,301283,聚胶股份,广东,日用化工,20220902,,L,SZSE,创业板
301282.SZ,301282,金禄电子,广东,元器件,20220826,,L,SZSE,创业板
301281.SZ,301281,科源制药,山东,化学制药,20230404,,L,SZSE,创业板
301280.SZ,301280,珠城科技,浙江,元器件,20221226,,L,SZSE,创业板
301279.SZ,301279,金道科技,浙江,工程机械,20220413,,L,SZSE,创业板
301278.SZ,301278,快可电子,江苏,电气设备,20220804,,L,SZSE,创业板
301277.SZ,301277,新天地,河南,化学制药,20221116,,L,SZSE,创业板
301276.SZ,301276,嘉曼服饰,北京,服饰,20220909,,L,SZSE,创业板
301275.SZ,301275,汉朔科技,浙江,元器件,20250311,,L,SZSE,创业板
301273.SZ,301273,瑞晨环保,上海,机械基件,20221025,,L,SZSE,创业板
301272.SZ,301272,英华特,江苏,专用机械,20230713,,L,SZSE,创业板
301270.SZ,301270,汉仪股份,北京,软件服务,20220831,,L,SZSE,创业板
301269.SZ,301269,华大九天,北京,半导体,20220729,,L,SZSE,创业板
301268.SZ,301268,铭利达,深圳,机械基件,20220407,,L,SZSE,创业板
301267.SZ,301267,华厦眼科,福建,医疗保健,20221107,,L,SZSE,创业板
301266.SZ,301266,宇邦新材,江苏,电气设备,20220608,,L,SZSE,创业板
301265.SZ,301265,华新科技,北京,环境保护,20221216,,L,SZSE,创业板
301263.SZ,301263,泰恩康,广东,医药商业,20220329,,L,SZSE,创业板
301262.SZ,301262,海看股份,山东,影视音像,20230620,,L,SZSE,创业板
301261.SZ,301261,恒工精密,河北,机械基件,20230710,,L,SZSE,创业板
301260.SZ,301260,格力博,江苏,专用机械,20230208,,L,SZSE,创业板
301259.SZ,301259,艾布鲁,湖南,环境保护,20220426,,L,SZSE,创业板
301258.SZ,301258,富士莱,江苏,化学制药,20220329,,L,SZSE,创业板
301257.SZ,301257,普蕊斯,上海,医疗保健,20220517,,L,SZSE,创业板
301256.SZ,301256,华融化学,四川,化工原料,20220322,,L,SZSE,创业板
301255.SZ,301255,通力科技,浙江,机械基件,20221227,,L,SZSE,创业板
301252.SZ,301252,同星科技,浙江,机械基件,20230525,,L,SZSE,创业板
301251.SZ,301251,威尔高,江西,元器件,20230906,,L,SZSE,创业板
301248.SZ,301248,杰创智能,广东,软件服务,20220420,,L,SZSE,创业板
301246.SZ,301246,宏源药业,湖北,化学制药,20230320,,L,SZSE,创业板
301239.SZ,301239,普瑞眼科,四川,医疗保健,20220705,,L,SZSE,创业板
301238.SZ,301238,瑞泰新材,江苏,化工原料,20220617,,L,SZSE,创业板
301237.SZ,301237,和顺科技,浙江,塑料,20220323,,L,SZSE,创业板
301236.SZ,301236,软通动力,北京,软件服务,20220315,,L,SZSE,创业板
301235.SZ,301235,华康洁净,湖北,医疗保健,20220128,,L,SZSE,创业板
301234.SZ,301234,五洲医疗,安徽,医疗保健,20220705,,L,SZSE,创业板
301233.SZ,301233,盛帮股份,四川,汽车配件,20220706,,L,SZSE,创业板
301232.SZ,301232,飞沃科技,湖南,机械基件,20230615,,L,SZSE,创业板
301231.SZ,301231,荣信文化,陕西,出版业,20220908,,L,SZSE,创业板
301230.SZ,301230,泓博医药,上海,生物制药,20221101,,L,SZSE,创业板
301229.SZ,301229,纽泰格,江苏,汽车配件,20220222,,L,SZSE,创业板
301228.SZ,301228,实朴检测,上海,电器仪表,20220128,,L,SZSE,创业板
301227.SZ,301227,森鹰窗业,黑龙江,家居用品,20220926,,L,SZSE,创业板
301226.SZ,301226,祥明智能,江苏,电气设备,20220325,,L,SZSE,创业板
301225.SZ,301225,恒勃股份,浙江,汽车配件,20230616,,L,SZSE,创业板
301223.SZ,301223,中荣股份,广东,广告包装,20221026,,L,SZSE,创业板
301222.SZ,301222,浙江恒威,浙江,电气设备,20220309,,L,SZSE,创业板
301221.SZ,301221,光庭信息,湖北,软件服务,20211222,,L,SZSE,创业板
301220.SZ,301220,亚香股份,江苏,化工原料,20220622,,L,SZSE,创业板
301219.SZ,301219,腾远钴业,江西,小金属,20220317,,L,SZSE,创业板
301218.SZ,301218,华是科技,浙江,软件服务,20220307,,L,SZSE,创业板
301217.SZ,301217,铜冠铜箔,安徽,元器件,20220127,,L,SZSE,创业板
301216.SZ,301216,万凯新材,浙江,化工原料,20220329,,L,SZSE,创业板
301215.SZ,301215,中汽股份,江苏,汽车服务,20220308,,L,SZSE,创业板
301213.SZ,301213,观想科技,四川,软件服务,20211206,,L,SZSE,创业板
301212.SZ,301212,联盛化学,浙江,化工原料,20220419,,L,SZSE,创业板
301211.SZ,301211,亨迪药业,湖北,化学制药,20211222,,L,SZSE,创业板
301210.SZ,301210,金杨精密,江苏,电气设备,20230630,,L,SZSE,创业板
301209.SZ,301209,联合化学,山东,染料涂料,20220825,,L,SZSE,创业板
301208.SZ,301208,中亦科技,北京,软件服务,20220707,,L,SZSE,创业板
301207.SZ,301207,华兰疫苗,河南,生物制药,20220218,,L,SZSE,创业板
301206.SZ,301206,三元生物,山东,食品,20220210,,L,SZSE,创业板
301205.SZ,301205,联特科技,湖北,通信设备,20220913,,L,SZSE,创业板
301203.SZ,301203,国泰环保,浙江,环境保护,20230404,,L,SZSE,创业板
301202.SZ,301202,朗威股份,江苏,机械基件,20230705,,L,SZSE,创业板
301201.SZ,301201,诚达药业,浙江,生物制药,20220120,,L,SZSE,创业板
301200.SZ,301200,大族数控,深圳,专用机械,20220228,,L,SZSE,创业板
301199.SZ,301199,迈赫股份,山东,专用机械,20211207,,L,SZSE,创业板
301198.SZ,301198,喜悦智行,浙江,塑料,20211202,,L,SZSE,创业板
301197.SZ,301197,工大科雅,河北,软件服务,20220808,,L,SZSE,创业板
301196.SZ,301196,唯科科技,福建,专用机械,20220111,,L,SZSE,创业板
301195.SZ,301195,北路智控,江苏,软件服务,20220801,,L,SZSE,创业板
301193.SZ,301193,家联科技,浙江,家居用品,20211209,,L,SZSE,创业板
301192.SZ,301192,泰祥股份,湖北,汽车配件,20220811,,L,SZSE,创业板
301191.SZ,301191,菲菱科思,深圳,通信设备,20220526,,L,SZSE,创业板
301190.SZ,301190,善水科技,江西,染料涂料,20211224,,L,SZSE,创业板
301189.SZ,301189,奥尼电子,深圳,IT设备,20211228,,L,SZSE,创业板
301188.SZ,301188,力诺药包,山东,玻璃,20211111,,L,SZSE,创业板
301187.SZ,301187,欧圣电气,江苏,家用电器,20220422,,L,SZSE,创业板
301186.SZ,301186,超达装备,江苏,专用机械,20211223,,L,SZSE,创业板
301185.SZ,301185,鸥玛软件,山东,软件服务,20211119,,L,SZSE,创业板
301183.SZ,301183,东田微,湖北,元器件,20220524,,L,SZSE,创业板
301182.SZ,301182,凯旺科技,河南,元器件,20211223,,L,SZSE,创业板
301181.SZ,301181,标榜股份,江苏,汽车配件,20220221,,L,SZSE,创业板
301180.SZ,301180,万祥科技,江苏,元器件,20211116,,L,SZSE,创业板
301179.SZ,301179,泽宇智能,江苏,软件服务,20211208,,L,SZSE,创业板
301178.SZ,301178,天亿马,广东,软件服务,20211112,,L,SZSE,创业板
301177.SZ,301177,迪阿股份,深圳,服饰,20211215,,L,SZSE,创业板
301176.SZ,301176,逸豪新材,江西,元器件,20220928,,L,SZSE,创业板
301175.SZ,301175,中科环保,北京,环境保护,20220708,,L,SZSE,创业板
301173.SZ,301173,毓恬冠佳,上海,汽车配件,20250303,,L,SZSE,创业板
301172.SZ,301172,君逸数码,四川,软件服务,20230726,,L,SZSE,创业板
301171.SZ,301171,易点天下,陕西,互联网,20220819,,L,SZSE,创业板
301170.SZ,301170,锡南科技,江苏,汽车配件,20230627,,L,SZSE,创业板
301169.SZ,301169,零点有数,北京,文教休闲,20211103,,L,SZSE,创业板
301168.SZ,301168,通灵股份,江苏,电气设备,20211210,,L,SZSE,创业板
301167.SZ,301167,建研设计,安徽,建筑工程,20211206,,L,SZSE,创业板
301166.SZ,301166,优宁维,上海,医药商业,20211228,,L,SZSE,创业板
301165.SZ,301165,锐捷网络,福建,通信设备,20221121,,L,SZSE,创业板
301163.SZ,301163,宏德股份,江苏,电气设备,20220419,,L,SZSE,创业板
301162.SZ,301162,国能日新,北京,软件服务,20220429,,L,SZSE,创业板
301161.SZ,301161,唯万密封,上海,工程机械,20220914,,L,SZSE,创业板
301160.SZ,301160,翔楼新材,江苏,机械基件,20220606,,L,SZSE,创业板
301159.SZ,301159,三维天地,北京,软件服务,20220107,,L,SZSE,创业板
301158.SZ,301158,德石股份,山东,专用机械,20220117,,L,SZSE,创业板
301157.SZ,301157,华塑科技,浙江,电气设备,20230309,,L,SZSE,创业板
301156.SZ,301156,美农生物,上海,饲料,20220617,,L,SZSE,创业板
301155.SZ,301155,海力风电,江苏,电气设备,20211124,,L,SZSE,创业板
301153.SZ,301153,中科江南,北京,软件服务,20220518,,L,SZSE,创业板
301152.SZ,301152,天力锂能,河南,小金属,20220829,,L,SZSE,创业板
301151.SZ,301151,冠龙节能,上海,机械基件,20220411,,L,SZSE,创业板
301150.SZ,301150,中一科技,湖北,电气设备,20220421,,L,SZSE,创业板
301149.SZ,301149,隆华新材,山东,化工原料,20211110,,L,SZSE,创业板
301148.SZ,301148,嘉戎技术,福建,环境保护,20220421,,L,SZSE,创业板
301141.SZ,301141,中科磁业,浙江,矿物制品,20230403,,L,SZSE,创业板
301139.SZ,301139,*ST元道,新疆,通信设备,20220708,,L,SZSE,创业板
301138.SZ,301138,华研精机,广东,专用机械,20211215,,L,SZSE,创业板
301137.SZ,301137,哈焊华通,江苏,机械基件,20220322,,L,SZSE,创业板
301136.SZ,301136,招标股份,福建,建筑工程,20220111,,L,SZSE,创业板
301135.SZ,301135,瑞德智能,广东,元器件,20220412,,L,SZSE,创业板
301133.SZ,301133,金钟股份,广东,汽车配件,20211126,,L,SZSE,创业板
301132.SZ,301132,满坤科技,江西,元器件,20220810,,L,SZSE,创业板
301131.SZ,301131,聚赛龙,广东,塑料,20220314,,L,SZSE,创业板
301130.SZ,301130,西点药业,吉林,化学制药,20220223,,L,SZSE,创业板
301129.SZ,301129,瑞纳智能,安徽,电器仪表,20211102,,L,SZSE,创业板
301128.SZ,301128,强瑞技术,深圳,专用机械,20211110,,L,SZSE,创业板
301127.SZ,301127,武汉天源,湖北,环境保护,20211230,,L,SZSE,创业板
301126.SZ,301126,达嘉维康,湖南,医药商业,20211207,,L,SZSE,创业板
301125.SZ,301125,腾亚精工,江苏,机械基件,20220608,,L,SZSE,创业板
301123.SZ,301123,奕东电子,广东,元器件,20220125,,L,SZSE,创业板
301122.SZ,301122,采纳股份,江苏,医疗保健,20220126,,L,SZSE,创业板
301121.SZ,301121,紫建电子,重庆,电气设备,20220808,,L,SZSE,创业板
301120.SZ,301120,新特电气,北京,电气设备,20220419,,L,SZSE,创业板
301119.SZ,301119,正强股份,浙江,汽车配件,20211122,,L,SZSE,创业板
301118.SZ,301118,恒光股份,湖南,化工原料,20211118,,L,SZSE,创业板
301117.SZ,301117,ST佳缘,四川,软件服务,20220117,,L,SZSE,创业板
301116.SZ,301116,益客食品,江苏,食品,20220118,,L,SZSE,创业板
301115.SZ,301115,联检科技,江苏,建筑工程,20220831,,L,SZSE,创业板
301113.SZ,301113,雅艺科技,浙江,家居用品,20211222,,L,SZSE,创业板
301112.SZ,301112,信邦智能,广东,专用机械,20220629,,L,SZSE,创业板
301111.SZ,301111,粤万年青,广东,中成药,20211207,,L,SZSE,创业板
301110.SZ,301110,青木科技,广东,互联网,20220311,,L,SZSE,创业板
301109.SZ,301109,军信股份,湖南,环境保护,20220413,,L,SZSE,创业板
301108.SZ,301108,洁雅股份,安徽,日用化工,20211203,,L,SZSE,创业板
301107.SZ,301107,瑜欣电子,重庆,机械基件,20220524,,L,SZSE,创业板
301106.SZ,301106,骏成科技,江苏,元器件,20220128,,L,SZSE,创业板
301105.SZ,301105,鸿铭股份,广东,专用机械,20221230,,L,SZSE,创业板
301103.SZ,301103,何氏眼科,辽宁,医疗保健,20220322,,L,SZSE,创业板
301102.SZ,301102,兆讯传媒,天津,广告包装,20220328,,L,SZSE,创业板
301101.SZ,301101,明月镜片,江苏,文教休闲,20211216,,L,SZSE,创业板
301100.SZ,301100,风光股份,辽宁,化工原料,20211217,,L,SZSE,创业板
301099.SZ,301099,雅创电子,上海,元器件,20211122,,L,SZSE,创业板
301098.SZ,301098,金埔园林,江苏,建筑工程,20211112,,L,SZSE,创业板
301097.SZ,301097,天益医疗,浙江,医疗保健,20220407,,L,SZSE,创业板
301096.SZ,301096,百诚医药,浙江,医疗保健,20211220,,L,SZSE,创业板
301095.SZ,301095,广立微,浙江,半导体,20220805,,L,SZSE,创业板
301093.SZ,301093,华兰股份,江苏,医疗保健,20211101,,L,SZSE,创业板
301092.SZ,301092,争光股份,浙江,化工原料,20211102,,L,SZSE,创业板
301091.SZ,301091,深城交,深圳,建筑工程,20211029,,L,SZSE,创业板
301090.SZ,301090,华润材料,江苏,化工原料,20211026,,L,SZSE,创业板
301089.SZ,301089,拓新药业,河南,化学制药,20211027,,L,SZSE,创业板
301088.SZ,301088,戎美股份,江苏,服饰,20211028,,L,SZSE,创业板
301087.SZ,301087,可孚医疗,湖南,医疗保健,20211025,,L,SZSE,创业板
301086.SZ,301086,鸿富瀚,深圳,元器件,20211020,,L,SZSE,创业板
301085.SZ,301085,亚康股份,北京,软件服务,20211018,,L,SZSE,创业板
301083.SZ,301083,百胜智能,江西,专用机械,20211021,,L,SZSE,创业板
301082.SZ,301082,久盛电气,浙江,电气设备,20211027,,L,SZSE,创业板
301081.SZ,301081,严牌股份,浙江,环境保护,20211020,,L,SZSE,创业板
301080.SZ,301080,百普赛斯,北京,生物制药,20211018,,L,SZSE,创业板
301079.SZ,301079,邵阳液压,湖南,机械基件,20211019,,L,SZSE,创业板
301078.SZ,301078,孩子王,江苏,其他商业,20211014,,L,SZSE,创业板
301077.SZ,301077,星华新材,浙江,化工原料,20210930,,L,SZSE,创业板
301076.SZ,301076,新瀚新材,江苏,化工原料,20211011,,L,SZSE,创业板
301075.SZ,301075,多瑞医药,西藏,化学制药,20210929,,L,SZSE,创业板
301073.SZ,301073,君亭酒店,浙江,酒店餐饮,20210930,,L,SZSE,创业板
301072.SZ,301072,中捷精工,江苏,汽车配件,20210929,,L,SZSE,创业板
301071.SZ,301071,力量钻石,河南,矿物制品,20210924,,L,SZSE,创业板
301070.SZ,301070,开勒股份,上海,机械基件,20210923,,L,SZSE,创业板
301069.SZ,301069,凯盛新材,山东,化工原料,20210927,,L,SZSE,创业板
301068.SZ,301068,大地海洋,浙江,环境保护,20210928,,L,SZSE,创业板
301067.SZ,301067,显盈科技,深圳,元器件,20210922,,L,SZSE,创业板
301066.SZ,301066,万事利,浙江,纺织,20210922,,L,SZSE,创业板
301065.SZ,301065,本立科技,浙江,化学制药,20210914,,L,SZSE,创业板
301063.SZ,301063,海锅股份,江苏,电气设备,20210924,,L,SZSE,创业板
301062.SZ,301062,上海艾录,上海,广告包装,20210914,,L,SZSE,创业板
301061.SZ,301061,匠心家居,江苏,家居用品,20210913,,L,SZSE,创业板
301060.SZ,301060,兰卫医学,上海,医疗保健,20210913,,L,SZSE,创业板
301059.SZ,301059,金三江,广东,化工原料,20210913,,L,SZSE,创业板
301058.SZ,301058,中粮科工,江苏,建筑工程,20210909,,L,SZSE,创业板
301057.SZ,301057,汇隆新材,浙江,化纤,20210909,,L,SZSE,创业板
301056.SZ,301056,森赫股份,浙江,运输设备,20210907,,L,SZSE,创业板
301055.SZ,301055,张小泉,浙江,家居用品,20210906,,L,SZSE,创业板
301053.SZ,301053,远信工业,浙江,专用机械,20210901,,L,SZSE,创业板
301052.SZ,301052,果麦文化,浙江,出版业,20210830,,L,SZSE,创业板
301051.SZ,301051,信濠光电,深圳,元器件,20210827,,L,SZSE,创业板
301050.SZ,301050,雷电微力,四川,航空,20210824,,L,SZSE,创业板
301049.SZ,301049,超越科技,安徽,环境保护,20210824,,L,SZSE,创业板
301048.SZ,301048,金鹰重工,湖北,运输设备,20210818,,L,SZSE,创业板
301047.SZ,301047,义翘神州,北京,生物制药,20210816,,L,SZSE,创业板
301046.SZ,301046,能辉科技,上海,建筑工程,20210817,,L,SZSE,创业板
301045.SZ,301045,天禄科技,江苏,元器件,20210813,,L,SZSE,创业板
301043.SZ,301043,绿岛风,广东,机械基件,20210811,,L,SZSE,创业板
301042.SZ,301042,安联锐视,广东,IT设备,20210805,,L,SZSE,创业板
301041.SZ,301041,金百泽,深圳,元器件,20210811,,L,SZSE,创业板
301040.SZ,301040,中环海陆,江苏,机械基件,20210803,,L,SZSE,创业板
301039.SZ,301039,中集车辆,深圳,汽车整车,20210708,,L,SZSE,创业板
301038.SZ,301038,深水规院,深圳,建筑工程,20210804,,L,SZSE,创业板
301037.SZ,301037,保立佳,上海,染料涂料,20210730,,L,SZSE,创业板
301036.SZ,301036,双乐股份,江苏,染料涂料,20210729,,L,SZSE,创业板
301035.SZ,301035,润丰股份,山东,农药化肥,20210728,,L,SZSE,创业板
301033.SZ,301033,迈普医学,广东,医疗保健,20210726,,L,SZSE,创业板
301032.SZ,301032,新柴股份,浙江,工程机械,20210722,,L,SZSE,创业板
301031.SZ,301031,中熔电气,陕西,电气设备,20210715,,L,SZSE,创业板
301030.SZ,301030,*ST仕净,江苏,环境保护,20210722,,L,SZSE,创业板
301029.SZ,301029,怡合达,广东,专用机械,20210723,,L,SZSE,创业板
301028.SZ,301028,鼎熔岩,福建,专用机械,20210720,,L,SZSE,创业板
301027.SZ,301027,华蓝集团,广西,建筑工程,20210715,,L,SZSE,创业板
301026.SZ,301026,浩通科技,江苏,小金属,20210716,,L,SZSE,创业板
301025.SZ,301025,读客文化,上海,出版业,20210719,,L,SZSE,创业板
301024.SZ,301024,霍普股份,上海,建筑工程,20210728,,L,SZSE,创业板
301023.SZ,301023,奕帆传动,江苏,电气设备,20210707,,L,SZSE,创业板
301022.SZ,301022,海泰科,山东,专用机械,20210702,,L,SZSE,创业板
301021.SZ,301021,英诺激光,深圳,专用机械,20210706,,L,SZSE,创业板
301020.SZ,301020,密封科技,山东,汽车配件,20210706,,L,SZSE,创业板
301019.SZ,301019,宁波色母,浙江,塑料,20210628,,L,SZSE,创业板
301018.SZ,301018,申菱环境,广东,专用机械,20210707,,L,SZSE,创业板
301017.SZ,301017,漱玉平民,山东,医药商业,20210705,,L,SZSE,创业板
301016.SZ,301016,雷尔伟,江苏,运输设备,20210630,,L,SZSE,创业板
301015.SZ,301015,百洋医药,山东,医药商业,20210630,,L,SZSE,创业板
301013.SZ,301013,利和兴,深圳,专用机械,20210629,,L,SZSE,创业板
301012.SZ,301012,扬电科技,江苏,电气设备,20210622,,L,SZSE,创业板
301011.SZ,301011,华立科技,广东,文教休闲,20210617,,L,SZSE,创业板
301010.SZ,301010,晶雪节能,江苏,其他建材,20210618,,L,SZSE,创业板
301009.SZ,301009,可靠股份,浙江,造纸,20210617,,L,SZSE,创业板
301008.SZ,301008,宏昌科技,浙江,家用电器,20210611,,L,SZSE,创业板
301007.SZ,301007,德迈仕,辽宁,汽车配件,20210616,,L,SZSE,创业板
301006.SZ,301006,迈拓股份,江苏,电器仪表,20210607,,L,SZSE,创业板
301005.SZ,301005,超捷股份,上海,汽车配件,20210601,,L,SZSE,创业板
301004.SZ,301004,嘉益股份,浙江,家居用品,20210625,,L,SZSE,创业板
301003.SZ,301003,江苏博云,江苏,塑料,20210601,,L,SZSE,创业板
301002.SZ,301002,崧盛股份,深圳,电气设备,20210607,,L,SZSE,创业板
301001.SZ,301001,凯淳股份,上海,互联网,20210528,,L,SZSE,创业板
301000.SZ,301000,肇民科技,上海,汽车配件,20210528,,L,SZSE,创业板
300999.SZ,300999,金龙鱼,上海,食品,20201015,,L,SZSE,创业板
300998.SZ,300998,宁波方正,浙江,专用机械,20210602,,L,SZSE,创业板
300997.SZ,300997,欢乐家,广东,软饮料,20210602,,L,SZSE,创业板
300996.SZ,300996,普联软件,山东,软件服务,20210603,,L,SZSE,创业板
300995.SZ,300995,奇德新材,广东,塑料,20210526,,L,SZSE,创业板
300994.SZ,300994,久祺股份,浙江,文教休闲,20210812,,L,SZSE,创业板
300993.SZ,300993,玉马科技,山东,家居用品,20210524,,L,SZSE,创业板
300992.SZ,300992,泰福泵业,浙江,机械基件,20210525,,L,SZSE,创业板
300991.SZ,300991,创益通,深圳,元器件,20210520,,L,SZSE,创业板
300990.SZ,300990,同飞股份,河北,专用机械,20210512,,L,SZSE,创业板
300989.SZ,300989,蕾奥规划,深圳,建筑工程,20210507,,L,SZSE,创业板
300988.SZ,300988,津荣天宇,天津,机械基件,20210512,,L,SZSE,创业板
300987.SZ,300987,川网传媒,四川,互联网,20210511,,L,SZSE,创业板
300986.SZ,300986,志特新材,江西,建筑工程,20210430,,L,SZSE,创业板
300985.SZ,300985,致远新能,吉林,汽车配件,20210429,,L,SZSE,创业板
300984.SZ,300984,金沃股份,浙江,机械基件,20210618,,L,SZSE,创业板
300983.SZ,300983,尤安设计,上海,建筑工程,20210420,,L,SZSE,创业板
300982.SZ,300982,苏文电能,江苏,建筑工程,20210427,,L,SZSE,创业板
300981.SZ,300981,中红医疗,河北,医疗保健,20210427,,L,SZSE,创业板
300980.SZ,300980,祥源新材,湖北,塑料,20210421,,L,SZSE,创业板
300979.SZ,300979,华利集团,广东,服饰,20210426,,L,SZSE,创业板
300978.SZ,300978,东箭科技,广东,汽车配件,20210426,,L,SZSE,创业板
300977.SZ,300977,深圳瑞捷,深圳,建筑工程,20210420,,L,SZSE,创业板
300976.SZ,300976,达瑞电子,广东,元器件,20210419,,L,SZSE,创业板
300975.SZ,300975,商络电子,江苏,元器件,20210421,,L,SZSE,创业板
300973.SZ,300973,立高食品,广东,食品,20210415,,L,SZSE,创业板
300972.SZ,300972,万辰集团,福建,食品,20210419,,L,SZSE,创业板
300971.SZ,300971,博亚精工,湖北,机械基件,20210415,,L,SZSE,创业板
300970.SZ,300970,华绿生物,江苏,种植业,20210412,,L,SZSE,创业板
300969.SZ,300969,恒帅股份,浙江,汽车配件,20210412,,L,SZSE,创业板
300968.SZ,300968,格林精密,广东,元器件,20210415,,L,SZSE,创业板
300967.SZ,300967,晓鸣股份,宁夏,农业综合,20210413,,L,SZSE,创业板
300966.SZ,300966,共同药业,湖北,化学制药,20210409,,L,SZSE,创业板
300965.SZ,300965,恒宇信通,北京,航空,20210402,,L,SZSE,创业板
300964.SZ,300964,本川智能,江苏,元器件,20210805,,L,SZSE,创业板
300963.SZ,300963,中洲特材,上海,小金属,20210409,,L,SZSE,创业板
300962.SZ,300962,中金辐照,深圳,医疗保健,20210409,,L,SZSE,创业板
300961.SZ,300961,深水海纳,深圳,环境保护,20210330,,L,SZSE,创业板
300960.SZ,300960,通业科技,深圳,运输设备,20210329,,L,SZSE,创业板
300959.SZ,300959,线上线下,江苏,电信运营,20210322,,L,SZSE,创业板
300958.SZ,300958,建工修复,北京,环境保护,20210329,,L,SZSE,创业板
300957.SZ,300957,贝泰妮,云南,日用化工,20210325,,L,SZSE,创业板
300956.SZ,300956,英力股份,安徽,元器件,20210326,,L,SZSE,创业板
300955.SZ,300955,嘉亨家化,福建,日用化工,20210324,,L,SZSE,创业板
300953.SZ,300953,震裕科技,浙江,电气设备,20210318,,L,SZSE,创业板
300952.SZ,300952,恒辉安防,江苏,纺织,20210311,,L,SZSE,创业板
300951.SZ,300951,博硕科技,深圳,元器件,20210226,,L,SZSE,创业板
300950.SZ,300950,德固特,山东,专用机械,20210303,,L,SZSE,创业板
300949.SZ,300949,奥雅股份,深圳,建筑工程,20210226,,L,SZSE,创业板
300948.SZ,300948,冠中生态,山东,环境保护,20210225,,L,SZSE,创业板
300947.SZ,300947,德必集团,上海,房产服务,20210210,,L,SZSE,创业板
300946.SZ,300946,恒而达,福建,机械基件,20210208,,L,SZSE,创业板
300945.SZ,300945,曼卡龙,浙江,服饰,20210210,,L,SZSE,创业板
300943.SZ,300943,春晖智控,浙江,机械基件,20210210,,L,SZSE,创业板
300942.SZ,300942,易瑞生物,深圳,医疗保健,20210209,,L,SZSE,创业板
300941.SZ,300941,创识科技,福建,IT设备,20210209,,L,SZSE,创业板
300940.SZ,300940,南极光,深圳,元器件,20210203,,L,SZSE,创业板
300939.SZ,300939,秋田微,深圳,元器件,20210128,,L,SZSE,创业板
300938.SZ,300938,信测标准,深圳,电器仪表,20210127,,L,SZSE,创业板
300937.SZ,300937,药易购,四川,医药商业,20210127,,L,SZSE,创业板
300936.SZ,300936,中英科技,江苏,元器件,20210126,,L,SZSE,创业板
300935.SZ,300935,盈建科,北京,软件服务,20210120,,L,SZSE,创业板
300933.SZ,300933,中辰股份,江苏,电气设备,20210122,,L,SZSE,创业板
300932.SZ,300932,三友联众,广东,电气设备,20210122,,L,SZSE,创业板
300931.SZ,300931,通用电梯,江苏,运输设备,20210121,,L,SZSE,创业板
300930.SZ,300930,屹通新材,浙江,小金属,20210121,,L,SZSE,创业板
300929.SZ,300929,华骐环保,安徽,环境保护,20210120,,L,SZSE,创业板
300928.SZ,300928,华安鑫创,北京,汽车配件,20210106,,L,SZSE,创业板
300927.SZ,300927,江天化学,江苏,化工原料,20210107,,L,SZSE,创业板
300926.SZ,300926,博俊科技,江苏,汽车配件,20210107,,L,SZSE,创业板
300925.SZ,300925,法本信息,深圳,软件服务,20201230,,L,SZSE,创业板
300923.SZ,300923,研奥股份,吉林,运输设备,20201224,,L,SZSE,创业板
300922.SZ,300922,天秦装备,河北,专用机械,20201225,,L,SZSE,创业板
300921.SZ,300921,南凌科技,深圳,互联网,20201222,,L,SZSE,创业板
300920.SZ,300920,润阳科技,浙江,塑料,20201225,,L,SZSE,创业板
300919.SZ,300919,中伟新材,贵州,电气设备,20201223,,L,SZSE,创业板
300918.SZ,300918,南山智尚,山东,纺织,20201222,,L,SZSE,创业板
300917.SZ,300917,特发服务,深圳,房产服务,20201221,,L,SZSE,创业板
300916.SZ,300916,朗特智能,深圳,元器件,20201202,,L,SZSE,创业板
300915.SZ,300915,海融科技,上海,乳制品,20201202,,L,SZSE,创业板
300913.SZ,300913,兆龙互连,浙江,通信设备,20201207,,L,SZSE,创业板
300912.SZ,300912,凯龙高科,江苏,汽车配件,20201207,,L,SZSE,创业板
300911.SZ,300911,亿田智能,浙江,家用电器,20201203,,L,SZSE,创业板
300910.SZ,300910,瑞丰新材,河南,化工原料,20201127,,L,SZSE,创业板
300909.SZ,300909,汇创达,深圳,元器件,20201118,,L,SZSE,创业板
300908.SZ,300908,仲景食品,河南,食品,20201123,,L,SZSE,创业板
300907.SZ,300907,康平科技,江苏,电气设备,20201118,,L,SZSE,创业板
300906.SZ,300906,日月明,江西,运输设备,20201105,,L,SZSE,创业板
300905.SZ,300905,宝丽迪,江苏,染料涂料,20201105,,L,SZSE,创业板
300904.SZ,300904,威力传动,宁夏,电气设备,20230809,,L,SZSE,创业板
300903.SZ,300903,科翔股份,广东,元器件,20201105,,L,SZSE,创业板
300902.SZ,300902,国安达,福建,专用机械,20201029,,L,SZSE,创业板
300901.SZ,300901,中胤时尚,浙江,服饰,20201029,,L,SZSE,创业板
300900.SZ,300900,广联航空,黑龙江,航空,20201029,,L,SZSE,创业板
300899.SZ,300899,上海凯鑫,上海,环境保护,20201016,,L,SZSE,创业板
300898.SZ,300898,熊猫乳品,浙江,乳制品,20201016,,L,SZSE,创业板
300897.SZ,300897,山科智能,浙江,电器仪表,20200928,,L,SZSE,创业板
300896.SZ,300896,爱美客,北京,医疗保健,20200928,,L,SZSE,创业板
300895.SZ,300895,铜牛信息,北京,软件服务,20200924,,L,SZSE,创业板
300894.SZ,300894,火星人,浙江,家用电器,20201231,,L,SZSE,创业板
300893.SZ,300893,松原安全,浙江,汽车配件,20200924,,L,SZSE,创业板
300892.SZ,300892,品渥食品,上海,乳制品,20200924,,L,SZSE,创业板
300891.SZ,300891,惠云钛业,广东,化工原料,20200917,,L,SZSE,创业板
300890.SZ,300890,翔丰华,上海,电气设备,20200917,,L,SZSE,创业板
300889.SZ,300889,爱克股份,深圳,电气设备,20200916,,L,SZSE,创业板
300888.SZ,300888,稳健医疗,深圳,医疗保健,20200917,,L,SZSE,创业板
300887.SZ,300887,谱尼测试,北京,电器仪表,20200916,,L,SZSE,创业板
300886.SZ,300886,华业香料,安徽,化工原料,20200916,,L,SZSE,创业板
300885.SZ,300885,海昌新材,江苏,机械基件,20200910,,L,SZSE,创业板
300884.SZ,300884,狄耐克,福建,IT设备,20201112,,L,SZSE,创业板
300883.SZ,300883,龙利得,安徽,造纸,20200910,,L,SZSE,创业板
300882.SZ,300882,万胜智能,浙江,电器仪表,20200910,,L,SZSE,创业板
300881.SZ,300881,盛德鑫泰,江苏,钢加工,20200901,,L,SZSE,创业板
300880.SZ,300880,迦南智能,浙江,电器仪表,20200901,,L,SZSE,创业板
300879.SZ,300879,大叶股份,浙江,农用机械,20200901,,L,SZSE,创业板
300878.SZ,300878,维康药业,浙江,中成药,20200824,,L,SZSE,创业板
300877.SZ,300877,金春股份,安徽,纺织,20200824,,L,SZSE,创业板
300876.SZ,300876,蒙泰高新,广东,化纤,20200824,,L,SZSE,创业板
300875.SZ,300875,捷强装备,天津,专用机械,20200824,,L,SZSE,创业板
300873.SZ,300873,海晨股份,江苏,仓储物流,20200824,,L,SZSE,创业板
300872.SZ,300872,天阳科技,西藏,软件服务,20200824,,L,SZSE,创业板
300871.SZ,300871,回盛生物,湖北,农业综合,20200824,,L,SZSE,创业板
300870.SZ,300870,欧陆通,深圳,电气设备,20200824,,L,SZSE,创业板
300869.SZ,300869,康泰医学,河北,医疗保健,20200824,,L,SZSE,创业板
300868.SZ,300868,杰美特,深圳,元器件,20200824,,L,SZSE,创业板
300867.SZ,300867,圣元环保,福建,环境保护,20200824,,L,SZSE,创业板
300866.SZ,300866,安克创新,湖南,元器件,20200824,,L,SZSE,创业板
300865.SZ,300865,大宏立,四川,专用机械,20200824,,L,SZSE,创业板
300864.SZ,300864,南大环境,江苏,环境保护,20200824,,L,SZSE,创业板
300863.SZ,300863,卡倍亿,浙江,汽车配件,20200824,,L,SZSE,创业板
300862.SZ,300862,蓝盾光电,安徽,电器仪表,20200824,,L,SZSE,创业板
300861.SZ,300861,美畅股份,陕西,矿物制品,20200824,,L,SZSE,创业板
300860.SZ,300860,锋尚文化,北京,文教休闲,20200824,,L,SZSE,创业板
300859.SZ,300859,西域旅游,新疆,旅游服务,20200806,,L,SZSE,创业板
300858.SZ,300858,科拓生物,北京,食品,20200727,,L,SZSE,创业板
300857.SZ,300857,协创数据,深圳,IT设备,20200727,,L,SZSE,创业板
300856.SZ,300856,科思股份,江苏,日用化工,20200722,,L,SZSE,创业板
300855.SZ,300855,图南股份,江苏,小金属,20200723,,L,SZSE,创业板
300854.SZ,300854,中兰环保,深圳,环境保护,20210916,,L,SZSE,创业板
300853.SZ,300853,申昊科技,浙江,专用机械,20200724,,L,SZSE,创业板
300852.SZ,300852,四会富仕,广东,元器件,20200713,,L,SZSE,创业板
300851.SZ,300851,交大思诺,北京,运输设备,20200717,,L,SZSE,创业板
300850.SZ,300850,新强联,河南,机械基件,20200713,,L,SZSE,创业板
300849.SZ,300849,锦盛新材,浙江,塑料,20200710,,L,SZSE,创业板
300848.SZ,300848,美瑞新材,山东,化工原料,20200720,,L,SZSE,创业板
300847.SZ,300847,中船汉光,河北,化工原料,20200709,,L,SZSE,创业板
300846.SZ,300846,首都在线,北京,软件服务,20200701,,L,SZSE,创业板
300845.SZ,300845,捷安高科,河南,软件服务,20200703,,L,SZSE,创业板
300844.SZ,300844,山水比德,广东,建筑工程,20210813,,L,SZSE,创业板
300843.SZ,300843,胜蓝股份,广东,元器件,20200702,,L,SZSE,创业板
300842.SZ,300842,帝科股份,江苏,电气设备,20200618,,L,SZSE,创业板
300841.SZ,300841,康华生物,四川,生物制药,20200616,,L,SZSE,创业板
300840.SZ,300840,酷特智能,山东,服饰,20200708,,L,SZSE,创业板
300839.SZ,300839,博汇股份,浙江,石油加工,20200630,,L,SZSE,创业板
300838.SZ,300838,浙江力诺,浙江,机械基件,20200608,,L,SZSE,创业板
300837.SZ,300837,浙矿股份,浙江,专用机械,20200605,,L,SZSE,创业板
300836.SZ,300836,佰奥智能,江苏,专用机械,20200528,,L,SZSE,创业板
300835.SZ,300835,龙磁科技,安徽,矿物制品,20200525,,L,SZSE,创业板
300834.SZ,300834,星辉环材,广东,化工原料,20220113,,L,SZSE,创业板
300833.SZ,300833,浩洋股份,广东,专用机械,20200520,,L,SZSE,创业板
300832.SZ,300832,新产业,深圳,医疗保健,20200512,,L,SZSE,创业板
300831.SZ,300831,ST派瑞,陕西,半导体,20200507,,L,SZSE,创业板
300830.SZ,300830,金现代,山东,软件服务,20200506,,L,SZSE,创业板
300829.SZ,300829,金丹科技,河南,食品,20200422,,L,SZSE,创业板
300828.SZ,300828,锐新科技,天津,机械基件,20200421,,L,SZSE,创业板
300827.SZ,300827,上能电气,江苏,电气设备,20200410,,L,SZSE,创业板
300826.SZ,300826,测绘股份,江苏,建筑工程,20200403,,L,SZSE,创业板
300825.SZ,300825,阿尔特,北京,汽车服务,20200327,,L,SZSE,创业板
300824.SZ,300824,北鼎股份,深圳,家用电器,20200619,,L,SZSE,创业板
300823.SZ,300823,建科智能,天津,专用机械,20200319,,L,SZSE,创业板
300822.SZ,300822,贝仕达克,深圳,元器件,20200313,,L,SZSE,创业板
300821.SZ,300821,东岳硅材,山东,化工原料,20200312,,L,SZSE,创业板
300820.SZ,300820,英杰电气,四川,电气设备,20200213,,L,SZSE,创业板
300819.SZ,300819,聚杰微纤,江苏,纺织,20200312,,L,SZSE,创业板
300818.SZ,300818,耐普矿机,江西,专用机械,20200212,,L,SZSE,创业板
300817.SZ,300817,双飞集团,浙江,机械基件,20200218,,L,SZSE,创业板
300816.SZ,300816,艾可蓝,安徽,汽车配件,20200210,,L,SZSE,创业板
300815.SZ,300815,玉禾田,安徽,环境保护,20200123,,L,SZSE,创业板
300814.SZ,300814,中富电路,深圳,元器件,20210812,,L,SZSE,创业板
300813.SZ,300813,泰林生物,浙江,医疗保健,20200114,,L,SZSE,创业板
300812.SZ,300812,易天股份,深圳,专用机械,20200109,,L,SZSE,创业板
300811.SZ,300811,铂科新材,深圳,矿物制品,20191230,,L,SZSE,创业板
300810.SZ,300810,中科海讯,北京,船舶,20191206,,L,SZSE,创业板
300809.SZ,300809,华辰装备,江苏,机床制造,20191204,,L,SZSE,创业板
300808.SZ,300808,久量股份,湖北,家用电器,20191129,,L,SZSE,创业板
300807.SZ,300807,天迈科技,河南,软件服务,20191219,,L,SZSE,创业板
300806.SZ,300806,斯迪克,江苏,塑料,20191125,,L,SZSE,创业板
300805.SZ,300805,电声股份,广东,广告包装,20191121,,L,SZSE,创业板
300804.SZ,300804,广康生化,广东,农药化肥,20230627,,L,SZSE,创业板
300803.SZ,300803,指南针,北京,软件服务,20191118,,L,SZSE,创业板
300802.SZ,300802,矩子科技,上海,专用机械,20191114,,L,SZSE,创业板
300801.SZ,300801,泰和科技,山东,化工原料,20191128,,L,SZSE,创业板
300800.SZ,300800,力合科技,湖南,环境保护,20191106,,L,SZSE,创业板
300798.SZ,300798,锦鸡股份,江苏,染料涂料,20191122,,L,SZSE,创业板
300797.SZ,300797,钢研纳克,北京,电器仪表,20191101,,L,SZSE,创业板
300796.SZ,300796,贝斯美,浙江,农药化肥,20191115,,L,SZSE,创业板
300795.SZ,300795,米奥会展,浙江,文教休闲,20191022,,L,SZSE,创业板
300793.SZ,300793,佳禾智能,广东,IT设备,20191018,,L,SZSE,创业板
300792.SZ,300792,壹网壹创,浙江,互联网,20190927,,L,SZSE,创业板
300791.SZ,300791,仙乐健康,广东,医疗保健,20190925,,L,SZSE,创业板
300790.SZ,300790,宇瞳光学,广东,元器件,20190920,,L,SZSE,创业板
300789.SZ,300789,唐源电气,四川,运输设备,20190828,,L,SZSE,创业板
300788.SZ,300788,中信出版,北京,出版业,20190705,,L,SZSE,创业板
300787.SZ,300787,海能实业,江西,元器件,20190815,,L,SZSE,创业板
300786.SZ,300786,国林科技,山东,环境保护,20190723,,L,SZSE,创业板
300785.SZ,300785,值得买,北京,互联网,20190715,,L,SZSE,创业板
300784.SZ,300784,利安科技,浙江,塑料,20240607,,L,SZSE,创业板
300783.SZ,300783,三只松鼠,安徽,食品,20190712,,L,SZSE,创业板
300782.SZ,300782,卓胜微,江苏,半导体,20190618,,L,SZSE,创业板
300781.SZ,300781,因赛集团,广东,广告包装,20190606,,L,SZSE,创业板
300780.SZ,300780,德恩精工,四川,机械基件,20190531,,L,SZSE,创业板
300779.SZ,300779,惠城环保,山东,环境保护,20190522,,L,SZSE,创业板
300778.SZ,300778,新城市,深圳,建筑工程,20190510,,L,SZSE,创业板
300777.SZ,300777,中简科技,江苏,化纤,20190516,,L,SZSE,创业板
300776.SZ,300776,帝尔激光,湖北,专用机械,20190517,,L,SZSE,创业板
300775.SZ,300775,三角防务,陕西,航空,20190521,,L,SZSE,创业板
300774.SZ,300774,倍杰特,北京,环境保护,20210804,,L,SZSE,创业板
300773.SZ,300773,拉卡拉,北京,软件服务,20190425,,L,SZSE,创业板
300772.SZ,300772,运达股份,浙江,电气设备,20190426,,L,SZSE,创业板
300771.SZ,300771,智莱科技,深圳,IT设备,20190422,,L,SZSE,创业板
300770.SZ,300770,新媒股份,广东,影视音像,20190419,,L,SZSE,创业板
300769.SZ,300769,德方纳米,深圳,化工原料,20190415,,L,SZSE,创业板
300768.SZ,300768,迪普科技,浙江,软件服务,20190412,,L,SZSE,创业板
300767.SZ,300767,震安科技,云南,橡胶,20190329,,L,SZSE,创业板
300766.SZ,300766,每日互动,浙江,互联网,20190325,,L,SZSE,创业板
300765.SZ,300765,石药创新,河北,生物制药,20190322,,L,SZSE,创业板
300763.SZ,300763,锦浪科技,浙江,电气设备,20190319,,L,SZSE,创业板
300762.SZ,300762,上海瀚讯,上海,通信设备,20190314,,L,SZSE,创业板
300761.SZ,300761,立华股份,江苏,农业综合,20190218,,L,SZSE,创业板
300760.SZ,300760,迈瑞医疗,深圳,医疗保健,20181016,,L,SZSE,创业板
300759.SZ,300759,康龙化成,北京,化学制药,20190128,,L,SZSE,创业板
300758.SZ,300758,七彩化学,辽宁,染料涂料,20190222,,L,SZSE,创业板
300757.SZ,300757,罗博特科,江苏,专用机械,20190108,,L,SZSE,创业板
300756.SZ,300756,金马游乐,广东,专用机械,20181228,,L,SZSE,创业板
300755.SZ,300755,华致酒行,云南,其他商业,20190129,,L,SZSE,创业板
300753.SZ,300753,爱朋医疗,江苏,医疗保健,20181213,,L,SZSE,创业板
300752.SZ,300752,隆利科技,深圳,元器件,20181130,,L,SZSE,创业板
300751.SZ,300751,迈为股份,江苏,专用机械,20181109,,L,SZSE,创业板
300750.SZ,300750,宁德时代,福建,电气设备,20180611,,L,SZSE,创业板
300749.SZ,300749,顶固集创,广东,家居用品,20180925,,L,SZSE,创业板
300748.SZ,300748,金力永磁,江西,矿物制品,20180921,,L,SZSE,创业板
300747.SZ,300747,锐科激光,湖北,专用机械,20180625,,L,SZSE,创业板
300746.SZ,300746,汉嘉数智,浙江,建筑工程,20180525,,L,SZSE,创业板
300745.SZ,300745,欣锐科技,深圳,汽车配件,20180523,,L,SZSE,创业板
300743.SZ,300743,天地数码,浙江,IT设备,20180427,,L,SZSE,创业板
300741.SZ,300741,华宝股份,西藏,食品,20180301,,L,SZSE,创业板
300740.SZ,300740,水羊股份,湖南,日用化工,20180208,,L,SZSE,创业板
300739.SZ,300739,明阳电路,深圳,元器件,20180201,,L,SZSE,创业板
300738.SZ,300738,奥飞数据,广东,软件服务,20180119,,L,SZSE,创业板
300737.SZ,300737,科顺股份,广东,其他建材,20180125,,L,SZSE,创业板
300736.SZ,300736,百邦科技,北京,通信设备,20180109,,L,SZSE,创业板
300735.SZ,300735,光弘科技,广东,元器件,20171229,,L,SZSE,创业板
300733.SZ,300733,西菱动力,四川,汽车配件,20180116,,L,SZSE,创业板
300732.SZ,300732,设研院,河南,建筑工程,20171212,,L,SZSE,创业板
300731.SZ,300731,科创新源,深圳,橡胶,20171208,,L,SZSE,创业板
300730.SZ,300730,科创信息,湖南,软件服务,20171205,,L,SZSE,创业板
300729.SZ,300729,乐歌股份,浙江,家居用品,20171201,,L,SZSE,创业板
300727.SZ,300727,润禾材料,浙江,化工原料,20171127,,L,SZSE,创业板
300726.SZ,300726,宏达电子,湖南,元器件,20171121,,L,SZSE,创业板
300725.SZ,300725,药石科技,江苏,化学制药,20171110,,L,SZSE,创业板
300724.SZ,300724,捷佳伟创,深圳,专用机械,20180810,,L,SZSE,创业板
300723.SZ,300723,一品红,广东,化学制药,20171116,,L,SZSE,创业板
300722.SZ,300722,新余国科,江西,航空,20171110,,L,SZSE,创业板
300721.SZ,300721,怡达股份,江苏,化工原料,20171115,,L,SZSE,创业板
300720.SZ,300720,海川智能,广东,电器仪表,20171106,,L,SZSE,创业板
300719.SZ,300719,安达维尔,北京,航空,20171109,,L,SZSE,创业板
300718.SZ,300718,长盛轴承,浙江,机械基件,20171106,,L,SZSE,创业板
300717.SZ,300717,华信新材,江苏,塑料,20171106,,L,SZSE,创业板
300716.SZ,300716,*ST泉为,广东,塑料,20171109,,L,SZSE,创业板
300715.SZ,300715,凯伦股份,江苏,其他建材,20171026,,L,SZSE,创业板
300713.SZ,300713,英可瑞,深圳,电气设备,20171101,,L,SZSE,创业板
300712.SZ,300712,永福股份,福建,建筑工程,20171031,,L,SZSE,创业板
300711.SZ,300711,广哈通信,广东,通信设备,20171101,,L,SZSE,创业板
300710.SZ,300710,万隆光电,浙江,通信设备,20171019,,L,SZSE,创业板
300709.SZ,300709,精研科技,江苏,元器件,20171019,,L,SZSE,创业板
300708.SZ,300708,聚灿光电,江苏,半导体,20171016,,L,SZSE,创业板
300707.SZ,300707,威唐工业,江苏,汽车配件,20171010,,L,SZSE,创业板
300706.SZ,300706,阿石创,福建,元器件,20170926,,L,SZSE,创业板
300705.SZ,300705,九典制药,湖南,化学制药,20171010,,L,SZSE,创业板
300703.SZ,300703,创源股份,浙江,文教休闲,20170919,,L,SZSE,创业板
300702.SZ,300702,天宇股份,浙江,化学制药,20170919,,L,SZSE,创业板
300701.SZ,300701,森霸传感,河南,元器件,20170915,,L,SZSE,创业板
300700.SZ,300700,岱勒新材,湖南,矿物制品,20170912,,L,SZSE,创业板
300699.SZ,300699,光威复材,山东,化纤,20170901,,L,SZSE,创业板
300698.SZ,300698,万马科技,浙江,通信设备,20170831,,L,SZSE,创业板
300697.SZ,300697,电工合金,江苏,铜,20170907,,L,SZSE,创业板
300696.SZ,300696,爱乐达,四川,航空,20170822,,L,SZSE,创业板
300695.SZ,300695,兆丰股份,浙江,汽车配件,20170908,,L,SZSE,创业板
300694.SZ,300694,蠡湖股份,江苏,汽车配件,20181015,,L,SZSE,创业板
300693.SZ,300693,盛弘股份,深圳,电气设备,20170822,,L,SZSE,创业板
300692.SZ,300692,中赋科技,安徽,环境保护,20170821,,L,SZSE,创业板
300691.SZ,300691,联合光电,广东,元器件,20170811,,L,SZSE,创业板
300690.SZ,300690,双一科技,山东,电气设备,20170808,,L,SZSE,创业板
300689.SZ,300689,澄天伟业,深圳,通信设备,20170809,,L,SZSE,创业板
300688.SZ,300688,创业黑马,北京,文教休闲,20170810,,L,SZSE,创业板
300687.SZ,300687,赛意信息,广东,软件服务,20170803,,L,SZSE,创业板
300686.SZ,300686,智动力,深圳,元器件,20170804,,L,SZSE,创业板
300685.SZ,300685,艾德生物,福建,医疗保健,20170802,,L,SZSE,创业板
300684.SZ,300684,中石科技,北京,元器件,20171227,,L,SZSE,创业板
300683.SZ,300683,海特生物,湖北,生物制药,20170808,,L,SZSE,创业板
300682.SZ,300682,朗新科技,江苏,软件服务,20170801,,L,SZSE,创业板
300681.SZ,300681,英搏尔,广东,汽车配件,20170725,,L,SZSE,创业板
300680.SZ,300680,隆盛科技,江苏,汽车配件,20170725,,L,SZSE,创业板
300679.SZ,300679,电连技术,深圳,元器件,20170731,,L,SZSE,创业板
300678.SZ,300678,中科信息,四川,软件服务,20170728,,L,SZSE,创业板
300677.SZ,300677,英科医疗,山东,医疗保健,20170721,,L,SZSE,创业板
300676.SZ,300676,华大基因,深圳,医疗保健,20170714,,L,SZSE,创业板
300675.SZ,300675,建科院,深圳,建筑工程,20170719,,L,SZSE,创业板
300674.SZ,300674,宇信科技,北京,软件服务,20181107,,L,SZSE,创业板
300673.SZ,300673,佩蒂股份,浙江,饲料,20170711,,L,SZSE,创业板
300672.SZ,300672,国科微,湖南,半导体,20170712,,L,SZSE,创业板
300671.SZ,300671,富满微,深圳,半导体,20170705,,L,SZSE,创业板
300670.SZ,300670,大烨智能,江苏,电气设备,20170703,,L,SZSE,创业板
300669.SZ,300669,沪宁股份,浙江,运输设备,20170629,,L,SZSE,创业板
300668.SZ,300668,杰恩股份,深圳,装修装饰,20170619,,L,SZSE,创业板
300667.SZ,300667,必创科技,北京,电器仪表,20170619,,L,SZSE,创业板
300666.SZ,300666,江丰电子,浙江,半导体,20170615,,L,SZSE,创业板
300665.SZ,300665,飞鹿股份,湖南,染料涂料,20170613,,L,SZSE,创业板
300664.SZ,300664,鹏鹞环保,江苏,环境保护,20180105,,L,SZSE,创业板
300663.SZ,300663,科蓝软件,北京,软件服务,20170608,,L,SZSE,创业板
300662.SZ,300662,科锐国际,北京,文教休闲,20170608,,L,SZSE,创业板
300661.SZ,300661,圣邦股份,北京,半导体,20170606,,L,SZSE,创业板
300660.SZ,300660,江苏雷利,江苏,电气设备,20170602,,L,SZSE,创业板
300659.SZ,300659,中孚信息,山东,IT设备,20170526,,L,SZSE,创业板
300658.SZ,300658,延江股份,福建,纺织,20170602,,L,SZSE,创业板
300657.SZ,300657,弘信电子,福建,元器件,20170523,,L,SZSE,创业板
300656.SZ,300656,民德电子,深圳,IT设备,20170519,,L,SZSE,创业板
300655.SZ,300655,晶瑞电材,江苏,半导体,20170523,,L,SZSE,创业板
300654.SZ,300654,世纪天鸿,山东,出版业,20170926,,L,SZSE,创业板
300653.SZ,300653,正海生物,山东,医疗保健,20170516,,L,SZSE,创业板
300652.SZ,300652,雷迪克,浙江,汽车配件,20170516,,L,SZSE,创业板
300651.SZ,300651,金陵体育,江苏,文教休闲,20170509,,L,SZSE,创业板
300650.SZ,300650,太龙股份,福建,元器件,20170503,,L,SZSE,创业板
300649.SZ,300649,杭州园林,浙江,建筑工程,20170505,,L,SZSE,创业板
300648.SZ,300648,星云股份,福建,电气设备,20170425,,L,SZSE,创业板
300647.SZ,300647,超频三,深圳,化工原料,20170503,,L,SZSE,创业板
300645.SZ,300645,正元智慧,浙江,软件服务,20170421,,L,SZSE,创业板
300644.SZ,300644,南京聚隆,江苏,塑料,20180206,,L,SZSE,创业板
300643.SZ,300643,万通智控,浙江,汽车配件,20170505,,L,SZSE,创业板
300642.SZ,300642,透景生命,上海,医疗保健,20170421,,L,SZSE,创业板
300641.SZ,300641,正丹股份,江苏,化工原料,20170418,,L,SZSE,创业板
300640.SZ,300640,德艺文创,福建,家居用品,20170417,,L,SZSE,创业板
300639.SZ,300639,凯普生物,广东,医疗保健,20170412,,L,SZSE,创业板
300638.SZ,300638,广和通,深圳,通信设备,20170413,,L,SZSE,创业板
300637.SZ,300637,扬帆新材,浙江,化工原料,20170412,,L,SZSE,创业板
300636.SZ,300636,同和药业,江西,化学制药,20170331,,L,SZSE,创业板
300635.SZ,300635,中达安,广东,建筑工程,20170331,,L,SZSE,创业板
300634.SZ,300634,彩讯股份,深圳,软件服务,20180323,,L,SZSE,创业板
300633.SZ,300633,开立医疗,深圳,医疗保健,20170406,,L,SZSE,创业板
300632.SZ,300632,光莆股份,福建,半导体,20170406,,L,SZSE,创业板
300631.SZ,300631,久吾高科,江苏,环境保护,20170323,,L,SZSE,创业板
300629.SZ,300629,新劲刚,广东,元器件,20170324,,L,SZSE,创业板
300628.SZ,300628,亿联网络,福建,通信设备,20170317,,L,SZSE,创业板
300627.SZ,300627,华测导航,上海,通信设备,20170321,,L,SZSE,创业板
300626.SZ,300626,华瑞股份,浙江,电气设备,20170320,,L,SZSE,创业板
300625.SZ,300625,三雄极光,广东,家用电器,20170317,,L,SZSE,创业板
300624.SZ,300624,万兴科技,西藏,软件服务,20180118,,L,SZSE,创业板
300623.SZ,300623,捷捷微电,江苏,半导体,20170314,,L,SZSE,创业板
300622.SZ,300622,博士眼镜,深圳,其他商业,20170315,,L,SZSE,创业板
300621.SZ,300621,维业股份,深圳,装修装饰,20170316,,L,SZSE,创业板
300620.SZ,300620,光库科技,广东,通信设备,20170310,,L,SZSE,创业板
300619.SZ,300619,金银河,广东,专用机械,20170301,,L,SZSE,创业板
300618.SZ,300618,寒锐钴业,江苏,小金属,20170306,,L,SZSE,创业板
300617.SZ,300617,安靠智电,江苏,电气设备,20170228,,L,SZSE,创业板
300616.SZ,300616,尚品宅配,广东,家居用品,20170307,,L,SZSE,创业板
300615.SZ,300615,欣天科技,深圳,通信设备,20170215,,L,SZSE,创业板
300614.SZ,300614,百川畅银,河南,环境保护,20210525,,L,SZSE,创业板
300613.SZ,300613,富瀚微,上海,半导体,20170220,,L,SZSE,创业板
300612.SZ,300612,宣亚国际,北京,广告包装,20170215,,L,SZSE,创业板
300611.SZ,300611,美力科技,浙江,汽车配件,20170220,,L,SZSE,创业板
300610.SZ,300610,晨化股份,江苏,化工原料,20170213,,L,SZSE,创业板
300609.SZ,300609,汇纳科技,上海,软件服务,20170215,,L,SZSE,创业板
300608.SZ,300608,思特奇,北京,软件服务,20170213,,L,SZSE,创业板
300607.SZ,300607,拓斯达,广东,专用机械,20170209,,L,SZSE,创业板
300606.SZ,300606,金太阳,广东,机械基件,20170208,,L,SZSE,创业板
300605.SZ,300605,恒锋信息,福建,软件服务,20170208,,L,SZSE,创业板
300604.SZ,300604,长川科技,浙江,半导体,20170417,,L,SZSE,创业板
300603.SZ,300603,立昂技术,新疆,通信设备,20170126,,L,SZSE,创业板
300602.SZ,300602,飞荣达,深圳,元器件,20170126,,L,SZSE,创业板
300601.SZ,300601,康泰生物,深圳,生物制药,20170207,,L,SZSE,创业板
300600.SZ,300600,国瑞科技,江苏,船舶,20170125,,L,SZSE,创业板
300599.SZ,300599,雄塑科技,广东,塑料,20170123,,L,SZSE,创业板
300598.SZ,300598,诚迈科技,江苏,软件服务,20170120,,L,SZSE,创业板
300597.SZ,300597,吉大通信,吉林,通信设备,20170123,,L,SZSE,创业板
300596.SZ,300596,利安隆,天津,化工原料,20170119,,L,SZSE,创业板
300595.SZ,300595,欧普康视,安徽,医疗保健,20170117,,L,SZSE,创业板
300594.SZ,300594,ST朗进,山东,运输设备,20190621,,L,SZSE,创业板
300593.SZ,300593,新雷能,北京,电气设备,20170113,,L,SZSE,创业板
300592.SZ,300592,华凯易佰,湖南,互联网,20170120,,L,SZSE,创业板
300591.SZ,300591,万里马,广东,服饰,20170110,,L,SZSE,创业板
300590.SZ,300590,移为通信,上海,通信设备,20170111,,L,SZSE,创业板
300589.SZ,300589,江龙船艇,广东,船舶,20170113,,L,SZSE,创业板
300588.SZ,300588,熙菱信息,新疆,IT设备,20170105,,L,SZSE,创业板
300587.SZ,300587,天铁科技,浙江,橡胶,20170105,,L,SZSE,创业板
300586.SZ,300586,美联新材,广东,化工原料,20170104,,L,SZSE,创业板
300585.SZ,300585,奥联电子,江苏,汽车配件,20161229,,L,SZSE,创业板
300584.SZ,300584,海辰药业,江苏,化学制药,20170112,,L,SZSE,创业板
300583.SZ,300583,赛托生物,山东,化学制药,20170106,,L,SZSE,创业板
300582.SZ,300582,英飞特,浙江,元器件,20161228,,L,SZSE,创业板
300581.SZ,300581,晨曦航空,陕西,航空,20161220,,L,SZSE,创业板
300580.SZ,300580,贝斯特,江苏,汽车配件,20170111,,L,SZSE,创业板
300579.SZ,300579,数字认证,北京,软件服务,20161223,,L,SZSE,创业板
300578.SZ,300578,会畅科技,上海,通信设备,20170125,,L,SZSE,创业板
300577.SZ,300577,开润股份,安徽,纺织,20161221,,L,SZSE,创业板
300576.SZ,300576,容大感光,深圳,染料涂料,20161220,,L,SZSE,创业板
300575.SZ,300575,中旗股份,江苏,农药化肥,20161220,,L,SZSE,创业板
300573.SZ,300573,兴齐眼药,辽宁,化学制药,20161208,,L,SZSE,创业板
300572.SZ,300572,安车检测,深圳,电器仪表,20161206,,L,SZSE,创业板
300571.SZ,300571,平治信息,浙江,互联网,20161213,,L,SZSE,创业板
300570.SZ,300570,太辰光,深圳,通信设备,20161206,,L,SZSE,创业板
300569.SZ,300569,天能重工,山东,电气设备,20161125,,L,SZSE,创业板
300568.SZ,300568,星源材质,深圳,化工原料,20161201,,L,SZSE,创业板
300567.SZ,300567,精测电子,湖北,电器仪表,20161122,,L,SZSE,创业板
300566.SZ,300566,激智科技,浙江,元器件,20161115,,L,SZSE,创业板
300565.SZ,300565,科信技术,深圳,通信设备,20161122,,L,SZSE,创业板
300564.SZ,300564,筑博设计,西藏,建筑工程,20191108,,L,SZSE,创业板
300563.SZ,300563,神宇股份,江苏,通信设备,20161114,,L,SZSE,创业板
300562.SZ,300562,乐心股份,广东,医疗保健,20161116,,L,SZSE,创业板
300561.SZ,300561,汇金科技,广东,软件服务,20161117,,L,SZSE,创业板
300560.SZ,300560,中富通,福建,通信设备,20161101,,L,SZSE,创业板
300559.SZ,300559,佳发教育,四川,软件服务,20161101,,L,SZSE,创业板
300558.SZ,300558,贝达药业,浙江,化学制药,20161107,,L,SZSE,创业板
300557.SZ,300557,理工光科,湖北,电器仪表,20161101,,L,SZSE,创业板
300556.SZ,300556,丝路视觉,深圳,软件服务,20161104,,L,SZSE,创业板
300555.SZ,300555,ST路通,江苏,通信设备,20161018,,L,SZSE,创业板
300554.SZ,300554,三超新材,江苏,矿物制品,20170421,,L,SZSE,创业板
300553.SZ,300553,集智股份,浙江,电器仪表,20161021,,L,SZSE,创业板
300552.SZ,300552,万集科技,北京,IT设备,20161021,,L,SZSE,创业板
300551.SZ,300551,古鳌科技,上海,软件服务,20161018,,L,SZSE,创业板
300550.SZ,300550,和仁科技,浙江,软件服务,20161018,,L,SZSE,创业板
300549.SZ,300549,优德精密,江苏,专用机械,20160930,,L,SZSE,创业板
300548.SZ,300548,长芯博创,浙江,通信设备,20161012,,L,SZSE,创业板
300547.SZ,300547,川环科技,四川,汽车配件,20160930,,L,SZSE,创业板
300546.SZ,300546,雄帝科技,深圳,IT设备,20160928,,L,SZSE,创业板
300545.SZ,300545,联得装备,深圳,专用机械,20160928,,L,SZSE,创业板
300543.SZ,300543,朗科智能,深圳,元器件,20160908,,L,SZSE,创业板
300542.SZ,300542,新晨科技,北京,软件服务,20160920,,L,SZSE,创业板
300541.SZ,300541,先进数通,北京,软件服务,20160913,,L,SZSE,创业板
300540.SZ,300540,蜀道装备,四川,专用机械,20160823,,L,SZSE,创业板
300539.SZ,300539,横河精密,浙江,塑料,20160830,,L,SZSE,创业板
300538.SZ,300538,同益股份,深圳,塑料,20160826,,L,SZSE,创业板
300537.SZ,300537,广信材料,江苏,染料涂料,20160830,,L,SZSE,创业板
300536.SZ,300536,农尚环境,湖北,建筑工程,20160920,,L,SZSE,创业板
300535.SZ,300535,达威股份,四川,化工原料,20160812,,L,SZSE,创业板
300534.SZ,300534,陇神戎发,甘肃,中成药,20160913,,L,SZSE,创业板
300533.SZ,300533,冰川网络,深圳,互联网,20160818,,L,SZSE,创业板
300532.SZ,300532,今天国际,深圳,软件服务,20160818,,L,SZSE,创业板
300531.SZ,300531,优博讯,深圳,IT设备,20160809,,L,SZSE,创业板
300530.SZ,300530,领湃科技,湖南,电气设备,20160809,,L,SZSE,创业板
300529.SZ,300529,健帆生物,广东,医疗保健,20160802,,L,SZSE,创业板
300528.SZ,300528,幸福蓝海,江苏,影视音像,20160808,,L,SZSE,创业板
300527.SZ,300527,ST应急,湖北,专用机械,20160805,,L,SZSE,创业板
300525.SZ,300525,博思软件,福建,软件服务,20160726,,L,SZSE,创业板
300523.SZ,300523,辰安科技,北京,软件服务,20160726,,L,SZSE,创业板
300522.SZ,300522,世名科技,江苏,染料涂料,20160705,,L,SZSE,创业板
300521.SZ,300521,爱司凯,广东,专用机械,20160705,,L,SZSE,创业板
300520.SZ,300520,科大国创,安徽,软件服务,20160708,,L,SZSE,创业板
300519.SZ,300519,新光药业,浙江,中成药,20160624,,L,SZSE,创业板
300518.SZ,300518,新迅达,广西,互联网,20160624,,L,SZSE,创业板
300517.SZ,300517,海波重科,湖北,建筑工程,20160719,,L,SZSE,创业板
300516.SZ,300516,久之洋,湖北,电器仪表,20160602,,L,SZSE,创业板
300515.SZ,300515,三德科技,湖南,电器仪表,20160608,,L,SZSE,创业板
300514.SZ,300514,友讯达,深圳,电器仪表,20170426,,L,SZSE,创业板
300513.SZ,300513,恒实科技,北京,软件服务,20160530,,L,SZSE,创业板
300512.SZ,300512,中亚股份,浙江,专用机械,20160526,,L,SZSE,创业板
300511.SZ,300511,雪榕生物,上海,种植业,20160504,,L,SZSE,创业板
300510.SZ,300510,金冠股份,吉林,电气设备,20160506,,L,SZSE,创业板
300509.SZ,300509,新美星,江苏,专用机械,20160425,,L,SZSE,创业板
300508.SZ,300508,维宏股份,上海,软件服务,20160419,,L,SZSE,创业板
300507.SZ,300507,苏奥传感,江苏,汽车配件,20160429,,L,SZSE,创业板
300506.SZ,300506,名家汇,深圳,建筑工程,20160324,,L,SZSE,创业板
300505.SZ,300505,川金诺,云南,农药化肥,20160315,,L,SZSE,创业板
300504.SZ,300504,天邑股份,四川,通信设备,20180330,,L,SZSE,创业板
300503.SZ,300503,昊志机电,广东,机械基件,20160309,,L,SZSE,创业板
300502.SZ,300502,新易盛,四川,通信设备,20160303,,L,SZSE,创业板
300501.SZ,300501,海顺新材,上海,广告包装,20160204,,L,SZSE,创业板
300500.SZ,300500,启迪设计,江苏,建筑工程,20160204,,L,SZSE,创业板
300499.SZ,300499,高澜股份,广东,专用机械,20160202,,L,SZSE,创业板
300498.SZ,300498,温氏股份,广东,农业综合,20151102,,L,SZSE,创业板
300497.SZ,300497,富祥股份,江西,化学制药,20151222,,L,SZSE,创业板
300496.SZ,300496,中科创达,北京,软件服务,20151210,,L,SZSE,创业板
300494.SZ,300494,盛天网络,湖北,互联网,20151231,,L,SZSE,创业板
300493.SZ,300493,润欣科技,上海,元器件,20151210,,L,SZSE,创业板
300492.SZ,300492,华图山鼎,四川,文教休闲,20151223,,L,SZSE,创业板
300491.SZ,300491,通合科技,河北,电气设备,20151231,,L,SZSE,创业板
300490.SZ,300490,华自科技,湖南,专用机械,20151231,,L,SZSE,创业板
300489.SZ,300489,光智科技,浙江,专用机械,20150701,,L,SZSE,创业板
300488.SZ,300488,恒锋工具,浙江,机械基件,20150701,,L,SZSE,创业板
300487.SZ,300487,蓝晓科技,陕西,化工原料,20150702,,L,SZSE,创业板
300486.SZ,300486,东杰智能,山西,专用机械,20150630,,L,SZSE,创业板
300485.SZ,300485,赛升药业,北京,生物制药,20150626,,L,SZSE,创业板
300484.SZ,300484,蓝海华腾,深圳,电气设备,20160322,,L,SZSE,创业板
300483.SZ,300483,首华燃气,上海,石油开采,20150630,,L,SZSE,创业板
300482.SZ,300482,万孚生物,广东,医疗保健,20150630,,L,SZSE,创业板
300481.SZ,300481,濮阳惠成,河南,化工原料,20150630,,L,SZSE,创业板
300480.SZ,300480,光力科技,河南,专用机械,20150702,,L,SZSE,创业板
300479.SZ,300479,神思电子,山东,软件服务,20150612,,L,SZSE,创业板
300478.SZ,300478,杭州高新,浙江,塑料,20150610,,L,SZSE,创业板
300477.SZ,300477,ST合纵,北京,电气设备,20150610,,L,SZSE,创业板
300476.SZ,300476,胜宏科技,广东,元器件,20150611,,L,SZSE,创业板
300475.SZ,300475,香农芯创,安徽,元器件,20150610,,L,SZSE,创业板
300474.SZ,300474,景嘉微,湖南,元器件,20160331,,L,SZSE,创业板
300473.SZ,300473,德尔股份,辽宁,汽车配件,20150612,,L,SZSE,创业板
300472.SZ,300472,ST新元,江西,专用机械,20150611,,L,SZSE,创业板
300471.SZ,300471,厚普股份,四川,专用机械,20150611,,L,SZSE,创业板
300470.SZ,300470,中密控股,四川,机械基件,20150612,,L,SZSE,创业板
300469.SZ,300469,信息发展,浙江,软件服务,20150611,,L,SZSE,创业板
300468.SZ,300468,四方精创,深圳,软件服务,20150527,,L,SZSE,创业板
300467.SZ,300467,迅游科技,四川,互联网,20150527,,L,SZSE,创业板
300466.SZ,300466,赛摩智能,江苏,电器仪表,20150528,,L,SZSE,创业板
300465.SZ,300465,高伟达,北京,软件服务,20150528,,L,SZSE,创业板
300464.SZ,300464,星徽股份,广东,机械基件,20150610,,L,SZSE,创业板
300463.SZ,300463,迈克生物,四川,医疗保健,20150528,,L,SZSE,创业板
300462.SZ,300462,ST华铭,上海,IT设备,20150527,,L,SZSE,创业板
300461.SZ,300461,田中精机,浙江,专用机械,20150519,,L,SZSE,创业板
300460.SZ,300460,ST惠伦,广东,元器件,20150515,,L,SZSE,创业板
300459.SZ,300459,汤姆猫,浙江,互联网,20150515,,L,SZSE,创业板
300458.SZ,300458,全志科技,广东,半导体,20150515,,L,SZSE,创业板
300457.SZ,300457,赢合科技,深圳,专用机械,20150514,,L,SZSE,创业板
300456.SZ,300456,赛微电子,北京,半导体,20150514,,L,SZSE,创业板
300455.SZ,300455,航天智装,北京,IT设备,20150515,,L,SZSE,创业板
300454.SZ,300454,深信服,深圳,软件服务,20180516,,L,SZSE,创业板
300453.SZ,300453,三鑫医疗,江西,医疗保健,20150515,,L,SZSE,创业板
300452.SZ,300452,山河药辅,安徽,化学制药,20150515,,L,SZSE,创业板
300451.SZ,300451,创业慧康,浙江,软件服务,20150514,,L,SZSE,创业板
300450.SZ,300450,先导智能,江苏,专用机械,20150518,,L,SZSE,创业板
300449.SZ,300449,汉邦高科,北京,IT设备,20150422,,L,SZSE,创业板
300448.SZ,300448,浩云科技,广东,软件服务,20150424,,L,SZSE,创业板
300447.SZ,300447,全信股份,江苏,电气设备,20150422,,L,SZSE,创业板
300446.SZ,300446,航天智造,河北,汽车配件,20150423,,L,SZSE,创业板
300445.SZ,300445,康斯特,北京,电器仪表,20150424,,L,SZSE,创业板
300444.SZ,300444,双杰电气,北京,电气设备,20150423,,L,SZSE,创业板
300443.SZ,300443,金雷股份,山东,电气设备,20150422,,L,SZSE,创业板
300442.SZ,300442,润泽科技,河北,软件服务,20150424,,L,SZSE,创业板
300441.SZ,300441,鲍斯股份,浙江,机床制造,20150423,,L,SZSE,创业板
300440.SZ,300440,运达科技,四川,软件服务,20150423,,L,SZSE,创业板
300439.SZ,300439,美康生物,浙江,医疗保健,20150422,,L,SZSE,创业板
300438.SZ,300438,鹏辉能源,广东,电气设备,20150424,,L,SZSE,创业板
300437.SZ,300437,清水源,河南,化工原料,20150423,,L,SZSE,创业板
300436.SZ,300436,广生堂,福建,化学制药,20150422,,L,SZSE,创业板
300435.SZ,300435,中泰股份,浙江,供气供热,20150326,,L,SZSE,创业板
300434.SZ,300434,金石亚药,四川,化学制药,20150424,,L,SZSE,创业板
300433.SZ,300433,蓝思科技,湖南,元器件,20150318,,L,SZSE,创业板
300432.SZ,300432,富临精工,四川,汽车配件,20150319,,L,SZSE,创业板
300430.SZ,300430,*ST益通,北京,电器仪表,20150319,,L,SZSE,创业板
300429.SZ,300429,强力新材,江苏,化工原料,20150324,,L,SZSE,创业板
300428.SZ,300428,立中集团,河北,汽车配件,20150319,,L,SZSE,创业板
300427.SZ,300427,红相股份,福建,电气设备,20150217,,L,SZSE,创业板
300426.SZ,300426,华智数媒,浙江,影视音像,20150217,,L,SZSE,创业板
300425.SZ,300425,中建环能,四川,环境保护,20150216,,L,SZSE,创业板
300424.SZ,300424,航新科技,广东,航空,20150422,,L,SZSE,创业板
300423.SZ,300423,昇辉科技,山东,电气设备,20150217,,L,SZSE,创业板
300422.SZ,300422,博世科,广西,环境保护,20150217,,L,SZSE,创业板
300421.SZ,300421,力星股份,江苏,机械基件,20150217,,L,SZSE,创业板
300420.SZ,300420,五洋自控,江苏,机械基件,20150217,,L,SZSE,创业板
300419.SZ,300419,ST浩丰,北京,软件服务,20150122,,L,SZSE,创业板
300418.SZ,300418,昆仑万维,北京,互联网,20150121,,L,SZSE,创业板
300417.SZ,300417,南华仪器,广东,电器仪表,20150123,,L,SZSE,创业板
300416.SZ,300416,苏试试验,江苏,电器仪表,20150122,,L,SZSE,创业板
300415.SZ,300415,伊之密,广东,专用机械,20150123,,L,SZSE,创业板
300414.SZ,300414,中光防雷,四川,通信设备,20150513,,L,SZSE,创业板
300413.SZ,300413,芒果超媒,湖南,影视音像,20150121,,L,SZSE,创业板
300412.SZ,300412,迦南科技,浙江,医疗保健,20141231,,L,SZSE,创业板
300411.SZ,300411,金盾股份,浙江,专用机械,20141231,,L,SZSE,创业板
300410.SZ,300410,正业科技,广东,专用机械,20141231,,L,SZSE,创业板
300409.SZ,300409,道氏技术,广东,电气设备,20141203,,L,SZSE,创业板
300408.SZ,300408,三环集团,广东,元器件,20141203,,L,SZSE,创业板
300407.SZ,300407,凯发电气,天津,电气设备,20141203,,L,SZSE,创业板
300406.SZ,300406,九强生物,北京,医疗保健,20141030,,L,SZSE,创业板
300405.SZ,300405,科隆股份,辽宁,化工原料,20141030,,L,SZSE,创业板
300404.SZ,300404,博济医药,广东,医疗保健,20150424,,L,SZSE,创业板
300403.SZ,300403,汉宇集团,广东,家用电器,20141030,,L,SZSE,创业板
300402.SZ,300402,宝色股份,江苏,专用机械,20141010,,L,SZSE,创业板
300401.SZ,300401,花园生物,浙江,化学制药,20141009,,L,SZSE,创业板
300400.SZ,300400,劲拓股份,深圳,专用机械,20141010,,L,SZSE,创业板
300399.SZ,300399,天利科技,江西,互联网,20141009,,L,SZSE,创业板
300398.SZ,300398,飞凯材料,上海,化工原料,20141009,,L,SZSE,创业板
300397.SZ,300397,天和防务,陕西,通信设备,20140910,,L,SZSE,创业板
300396.SZ,300396,ST迪瑞,吉林,医疗保健,20140910,,L,SZSE,创业板
300395.SZ,300395,菲利华,湖北,玻璃,20140910,,L,SZSE,创业板
300394.SZ,300394,天孚通信,江苏,通信设备,20150217,,L,SZSE,创业板
300393.SZ,300393,中来股份,江苏,塑料,20140912,,L,SZSE,创业板
300390.SZ,300390,天华新能,江苏,电气设备,20140731,,L,SZSE,创业板
300389.SZ,300389,艾比森,深圳,元器件,20140801,,L,SZSE,创业板
300388.SZ,300388,节能国祯,安徽,环境保护,20140801,,L,SZSE,创业板
300387.SZ,300387,富邦科技,湖北,农药化肥,20140702,,L,SZSE,创业板
300386.SZ,300386,飞天诚信,北京,IT设备,20140626,,L,SZSE,创业板
300385.SZ,300385,ST雪浪,江苏,环境保护,20140626,,L,SZSE,创业板
300384.SZ,300384,三联虹普,北京,建筑工程,20140801,,L,SZSE,创业板
300383.SZ,300383,光环新网,北京,软件服务,20140129,,L,SZSE,创业板
300382.SZ,300382,斯莱克,江苏,专用机械,20140129,,L,SZSE,创业板
300381.SZ,300381,溢多利,广东,化学制药,20140128,,L,SZSE,创业板
300380.SZ,300380,安硕信息,上海,软件服务,20140128,,L,SZSE,创业板
300378.SZ,300378,鼎捷数智,上海,软件服务,20140127,,L,SZSE,创业板
300377.SZ,300377,赢时胜,深圳,软件服务,20140127,,L,SZSE,创业板
300376.SZ,300376,易事特,广东,电气设备,20140127,,L,SZSE,创业板
300375.SZ,300375,鹏翎股份,天津,汽车配件,20140127,,L,SZSE,创业板
300374.SZ,300374,中铁装配,北京,其他建材,20150319,,L,SZSE,创业板
300373.SZ,300373,扬杰科技,江苏,半导体,20140123,,L,SZSE,创业板
300371.SZ,300371,汇中股份,河北,电器仪表,20140123,,L,SZSE,创业板
300370.SZ,300370,安控科技,四川,电器仪表,20140123,,L,SZSE,创业板
300369.SZ,300369,绿盟科技,北京,软件服务,20140129,,L,SZSE,创业板
300368.SZ,300368,汇金股份,河北,IT设备,20140123,,L,SZSE,创业板
300366.SZ,300366,ST创意,四川,软件服务,20140127,,L,SZSE,创业板
300365.SZ,300365,恒华科技,北京,软件服务,20140123,,L,SZSE,创业板
300364.SZ,300364,中文在线,北京,出版业,20150121,,L,SZSE,创业板
300363.SZ,300363,博腾股份,重庆,化学制药,20140129,,L,SZSE,创业板
300360.SZ,300360,炬华科技,浙江,电器仪表,20140121,,L,SZSE,创业板
300359.SZ,300359,全通教育,广东,文教休闲,20140121,,L,SZSE,创业板
300358.SZ,300358,楚天科技,湖南,医疗保健,20140121,,L,SZSE,创业板
300357.SZ,300357,我武生物,浙江,生物制药,20140121,,L,SZSE,创业板
300355.SZ,300355,蒙草生态,内蒙,环境保护,20120927,,L,SZSE,创业板
300354.SZ,300354,东华测试,江苏,电器仪表,20120920,,L,SZSE,创业板
300353.SZ,300353,东土科技,北京,通信设备,20120927,,L,SZSE,创业板
300352.SZ,300352,ST信源,北京,软件服务,20120912,,L,SZSE,创业板
300351.SZ,300351,永贵电器,浙江,运输设备,20120920,,L,SZSE,创业板
300350.SZ,300350,华鹏飞,深圳,仓储物流,20120821,,L,SZSE,创业板
300349.SZ,300349,金卡智能,浙江,电器仪表,20120817,,L,SZSE,创业板
300348.SZ,300348,长亮科技,深圳,软件服务,20120817,,L,SZSE,创业板
300347.SZ,300347,泰格医药,浙江,医疗保健,20120817,,L,SZSE,创业板
300346.SZ,300346,南大光电,江苏,半导体,20120807,,L,SZSE,创业板
300345.SZ,300345,华民股份,湖南,电气设备,20120801,,L,SZSE,创业板
300343.SZ,300343,联创股份,山东,化工原料,20120801,,L,SZSE,创业板
300342.SZ,300342,天银机电,江苏,家用电器,20120726,,L,SZSE,创业板
300341.SZ,300341,麦克奥迪,福建,电气设备,20120726,,L,SZSE,创业板
300340.SZ,300340,科恒股份,广东,电气设备,20120726,,L,SZSE,创业板
300339.SZ,300339,润和软件,江苏,软件服务,20120718,,L,SZSE,创业板
300338.SZ,300338,*ST开元,湖南,文教休闲,20120726,,L,SZSE,创业板
300337.SZ,300337,银邦股份,江苏,铝,20120718,,L,SZSE,创业板
300335.SZ,300335,迪森股份,广东,供气供热,20120710,,L,SZSE,创业板
300334.SZ,300334,津膜科技,天津,专用机械,20120705,,L,SZSE,创业板
300333.SZ,300333,兆日科技,深圳,IT设备,20120628,,L,SZSE,创业板
300332.SZ,300332,天壕能源,北京,供气供热,20120628,,L,SZSE,创业板
300331.SZ,300331,苏大维格,江苏,元器件,20120628,,L,SZSE,创业板
300329.SZ,300329,海伦钢琴,浙江,文教休闲,20120619,,L,SZSE,创业板
300328.SZ,300328,宜安科技,广东,小金属,20120619,,L,SZSE,创业板
300327.SZ,300327,中颖电子,上海,半导体,20120613,,L,SZSE,创业板
300326.SZ,300326,ST凯利,上海,医疗保健,20120613,,L,SZSE,创业板
300324.SZ,300324,旋极信息,北京,软件服务,20120608,,L,SZSE,创业板
300323.SZ,300323,华灿光电,湖北,半导体,20120601,,L,SZSE,创业板
300322.SZ,300322,硕贝德,广东,元器件,20120608,,L,SZSE,创业板
300321.SZ,300321,同大股份,山东,塑料,20120523,,L,SZSE,创业板
300320.SZ,300320,海达股份,江苏,橡胶,20120601,,L,SZSE,创业板
300319.SZ,300319,麦捷科技,深圳,元器件,20120523,,L,SZSE,创业板
300318.SZ,300318,博晖创新,北京,医疗保健,20120523,,L,SZSE,创业板
300317.SZ,300317,珈伟新能,深圳,电气设备,20120511,,L,SZSE,创业板
300316.SZ,300316,晶盛机电,浙江,专用机械,20120511,,L,SZSE,创业板
300315.SZ,300315,掌趣科技,北京,互联网,20120511,,L,SZSE,创业板
300314.SZ,300314,戴维医疗,浙江,医疗保健,20120508,,L,SZSE,创业板
300313.SZ,300313,天山生物,新疆,农业综合,20120425,,L,SZSE,创业板
300311.SZ,300311,任子行,深圳,软件服务,20120425,,L,SZSE,创业板
300310.SZ,300310,宜通世纪,广东,通信设备,20120425,,L,SZSE,创业板
300308.SZ,300308,中际旭创,山东,通信设备,20120410,,L,SZSE,创业板
300307.SZ,300307,慈星股份,浙江,纺织机械,20120329,,L,SZSE,创业板
300306.SZ,300306,远方信息,浙江,电器仪表,20120329,,L,SZSE,创业板
300305.SZ,300305,裕兴股份,江苏,塑料,20120329,,L,SZSE,创业板
300304.SZ,300304,云意电气,江苏,汽车配件,20120321,,L,SZSE,创业板
300303.SZ,300303,聚飞光电,深圳,半导体,20120319,,L,SZSE,创业板
300302.SZ,300302,同有科技,北京,IT设备,20120321,,L,SZSE,创业板
300301.SZ,300301,ST长方,深圳,半导体,20120321,,L,SZSE,创业板
300300.SZ,300300,海峡创新,福建,软件服务,20120319,,L,SZSE,创业板
300299.SZ,300299,富春股份,福建,互联网,20120319,,L,SZSE,创业板
300298.SZ,300298,三诺生物,湖南,医疗保健,20120319,,L,SZSE,创业板
300296.SZ,300296,利亚德,北京,元器件,20120315,,L,SZSE,创业板
300295.SZ,300295,*ST三六五,江苏,互联网,20120315,,L,SZSE,创业板
300294.SZ,300294,博雅生物,江西,生物制药,20120308,,L,SZSE,创业板
300293.SZ,300293,蓝英装备,辽宁,专用机械,20120308,,L,SZSE,创业板
300292.SZ,300292,吴通控股,江苏,互联网,20120229,,L,SZSE,创业板
300291.SZ,300291,百纳千成,北京,影视音像,20120209,,L,SZSE,创业板
300290.SZ,300290,ST荣科,辽宁,软件服务,20120216,,L,SZSE,创业板
300289.SZ,300289,利德曼,北京,医疗保健,20120216,,L,SZSE,创业板
300288.SZ,300288,朗玛信息,贵州,软件服务,20120216,,L,SZSE,创业板
300287.SZ,300287,飞利信,北京,软件服务,20120201,,L,SZSE,创业板
300286.SZ,300286,安科瑞,上海,电器仪表,20120113,,L,SZSE,创业板
300285.SZ,300285,国瓷材料,山东,陶瓷,20120113,,L,SZSE,创业板
300284.SZ,300284,苏交科,江苏,建筑工程,20120110,,L,SZSE,创业板
300283.SZ,300283,温州宏丰,浙江,电气设备,20120110,,L,SZSE,创业板
300281.SZ,300281,金明精机,广东,专用机械,20111229,,L,SZSE,创业板
300279.SZ,300279,和晶科技,江苏,元器件,20111229,,L,SZSE,创业板
300278.SZ,300278,华昌达,湖北,专用机械,20111216,,L,SZSE,创业板
300277.SZ,300277,汽轮科技,浙江,机械基件,20111123,,L,SZSE,创业板
300276.SZ,300276,三丰智能,湖北,专用机械,20111115,,L,SZSE,创业板
300275.SZ,300275,梅安森,重庆,工程机械,20111102,,L,SZSE,创业板
300274.SZ,300274,阳光电源,安徽,电气设备,20111102,,L,SZSE,创业板
300272.SZ,300272,开能健康,上海,家用电器,20111102,,L,SZSE,创业板
300271.SZ,300271,华宇软件,北京,软件服务,20111026,,L,SZSE,创业板
300270.SZ,300270,中威电子,浙江,IT设备,20111012,,L,SZSE,创业板
300269.SZ,300269,联建光电,深圳,元器件,20111012,,L,SZSE,创业板
300268.SZ,300268,佳沃食品,湖南,农业综合,20110927,,L,SZSE,创业板
300267.SZ,300267,尔康制药,湖南,化学制药,20110927,,L,SZSE,创业板
300266.SZ,300266,兴源环境,浙江,环境保护,20110927,,L,SZSE,创业板
300265.SZ,300265,通光线缆,江苏,电气设备,20110916,,L,SZSE,创业板
300264.SZ,300264,佳创视讯,深圳,软件服务,20110916,,L,SZSE,创业板
300263.SZ,300263,隆华科技,河南,专用机械,20110916,,L,SZSE,创业板
300261.SZ,300261,雅本化学,江苏,农药化肥,20110906,,L,SZSE,创业板
300260.SZ,300260,新莱应材,江苏,机械基件,20110906,,L,SZSE,创业板
300259.SZ,300259,新天科技,河南,电器仪表,20110831,,L,SZSE,创业板
300258.SZ,300258,精锻科技,江苏,汽车配件,20110826,,L,SZSE,创业板
300257.SZ,300257,开山股份,上海,机械基件,20110819,,L,SZSE,创业板
300256.SZ,300256,星星科技,江西,摩托车,20110819,,L,SZSE,创业板
300255.SZ,300255,常山药业,河北,生物制药,20110819,,L,SZSE,创业板
300254.SZ,300254,仟源医药,山西,化学制药,20110819,,L,SZSE,创业板
300253.SZ,300253,卫宁健康,上海,软件服务,20110818,,L,SZSE,创业板
300252.SZ,300252,金信诺,深圳,通信设备,20110818,,L,SZSE,创业板
300251.SZ,300251,光线传媒,北京,影视音像,20110803,,L,SZSE,创业板
300250.SZ,300250,初灵信息,浙江,软件服务,20110803,,L,SZSE,创业板
300249.SZ,300249,依米康,四川,IT设备,20110803,,L,SZSE,创业板
300248.SZ,300248,新开普,河南,软件服务,20110729,,L,SZSE,创业板
300247.SZ,300247,融捷健康,安徽,医疗保健,20110729,,L,SZSE,创业板
300246.SZ,300246,宝莱特,广东,医疗保健,20110719,,L,SZSE,创业板
300245.SZ,300245,ST天玑,上海,软件服务,20110719,,L,SZSE,创业板
300244.SZ,300244,迪安诊断,浙江,医疗保健,20110719,,L,SZSE,创业板
300243.SZ,300243,瑞丰高材,山东,化工原料,20110712,,L,SZSE,创业板
300242.SZ,300242,佳云科技,广东,互联网,20110712,,L,SZSE,创业板
300241.SZ,300241,瑞丰光电,深圳,半导体,20110712,,L,SZSE,创业板
300240.SZ,300240,飞力达,江苏,仓储物流,20110706,,L,SZSE,创业板
300239.SZ,300239,东宝生物,内蒙,生物制药,20110706,,L,SZSE,创业板
300238.SZ,300238,冠昊生物,广东,医疗保健,20110706,,L,SZSE,创业板
300237.SZ,300237,ST美晨,山东,汽车配件,20110629,,L,SZSE,创业板
300236.SZ,300236,上海新阳,上海,半导体,20110629,,L,SZSE,创业板
300235.SZ,300235,方直科技,深圳,软件服务,20110629,,L,SZSE,创业板
300234.SZ,300234,开尔新材,浙江,陶瓷,20110622,,L,SZSE,创业板
300233.SZ,300233,金城医药,山东,化学制药,20110622,,L,SZSE,创业板
300232.SZ,300232,洲明科技,深圳,元器件,20110622,,L,SZSE,创业板
300231.SZ,300231,银信科技,北京,软件服务,20110615,,L,SZSE,创业板
300230.SZ,300230,永利股份,上海,塑料,20110615,,L,SZSE,创业板
300229.SZ,300229,拓尔思,北京,软件服务,20110615,,L,SZSE,创业板
300228.SZ,300228,富瑞特装,江苏,化工机械,20110608,,L,SZSE,创业板
300227.SZ,300227,光韵达,深圳,专用机械,20110608,,L,SZSE,创业板
300226.SZ,300226,上海钢联,上海,互联网,20110608,,L,SZSE,创业板
300225.SZ,300225,金力泰,上海,染料涂料,20110531,,L,SZSE,创业板
300224.SZ,300224,正海磁材,山东,矿物制品,20110531,,L,SZSE,创业板
300223.SZ,300223,君正股份,北京,半导体,20110531,,L,SZSE,创业板
300222.SZ,300222,科大智能,上海,电气设备,20110525,,L,SZSE,创业板
300221.SZ,300221,银禧科技,广东,塑料,20110525,,L,SZSE,创业板
300220.SZ,300220,金运激光,湖北,专用机械,20110525,,L,SZSE,创业板
300219.SZ,300219,鸿利智汇,广东,元器件,20110518,,L,SZSE,创业板
300218.SZ,300218,安利股份,安徽,塑料,20110518,,L,SZSE,创业板
300217.SZ,300217,东方电热,江苏,家用电器,20110518,,L,SZSE,创业板
300215.SZ,300215,电科院,江苏,电气设备,20110511,,L,SZSE,创业板
300214.SZ,300214,日科化学,山东,化工原料,20110511,,L,SZSE,创业板
300213.SZ,300213,佳讯飞鸿,北京,通信设备,20110505,,L,SZSE,创业板
300212.SZ,300212,*ST易录,北京,软件服务,20110505,,L,SZSE,创业板
300211.SZ,300211,*ST亿通,江苏,通信设备,20110505,,L,SZSE,创业板
300210.SZ,300210,森远股份,辽宁,专用机械,20110426,,L,SZSE,创业板
300209.SZ,300209,行云科技,湖南,互联网,20110426,,L,SZSE,创业板
300207.SZ,300207,欣旺达,深圳,电气设备,20110421,,L,SZSE,创业板
300206.SZ,300206,理邦仪器,深圳,医疗保健,20110421,,L,SZSE,创业板
300205.SZ,300205,*ST天喻,湖北,通信设备,20110421,,L,SZSE,创业板
300204.SZ,300204,舒泰神,北京,生物制药,20110415,,L,SZSE,创业板
300203.SZ,300203,聚光科技,浙江,电器仪表,20110415,,L,SZSE,创业板
300201.SZ,300201,海伦哲,江苏,工程机械,20110407,,L,SZSE,创业板
300200.SZ,300200,高盟新材,北京,化工原料,20110407,,L,SZSE,创业板
300199.SZ,300199,翰宇药业,深圳,化学制药,20110407,,L,SZSE,创业板
300198.SZ,300198,*ST纳川,福建,塑料,20110407,,L,SZSE,创业板
300197.SZ,300197,节能铁汉,深圳,环境保护,20110329,,L,SZSE,创业板
300196.SZ,300196,长海股份,江苏,玻璃,20110329,,L,SZSE,创业板
300195.SZ,300195,长荣股份,天津,轻工机械,20110329,,L,SZSE,创业板
300194.SZ,300194,福安药业,重庆,化学制药,20110322,,L,SZSE,创业板
300193.SZ,300193,佳士科技,深圳,专用机械,20110322,,L,SZSE,创业板
300192.SZ,300192,科德教育,江苏,文教休闲,20110322,,L,SZSE,创业板
300191.SZ,300191,潜能恒信,北京,石油开采,20110316,,L,SZSE,创业板
300190.SZ,300190,维尔利,江苏,环境保护,20110316,,L,SZSE,创业板
300189.SZ,300189,神农种业,海南,种植业,20110316,,L,SZSE,创业板
300188.SZ,300188,国投智能,福建,软件服务,20110316,,L,SZSE,创业板
300187.SZ,300187,永清环保,湖南,环境保护,20110308,,L,SZSE,创业板
300185.SZ,300185,通裕重工,山东,工程机械,20110308,,L,SZSE,创业板
300184.SZ,300184,力源信息,湖北,元器件,20110222,,L,SZSE,创业板
300183.SZ,300183,东软载波,山东,通信设备,20110222,,L,SZSE,创业板
300182.SZ,300182,捷成股份,北京,影视音像,20110222,,L,SZSE,创业板
300181.SZ,300181,佐力药业,浙江,中成药,20110222,,L,SZSE,创业板
300180.SZ,300180,华峰超纤,上海,化纤,20110222,,L,SZSE,创业板
300179.SZ,300179,四方达,河南,矿物制品,20110215,,L,SZSE,创业板
300177.SZ,300177,中海达,广东,通信设备,20110215,,L,SZSE,创业板
300176.SZ,300176,鸿特科技,广东,汽车配件,20110215,,L,SZSE,创业板
300175.SZ,300175,朗源股份,山东,食品,20110215,,L,SZSE,创业板
300174.SZ,300174,元力股份,福建,化工原料,20110201,,L,SZSE,创业板
300173.SZ,300173,ST福能,广东,轻工机械,20110201,,L,SZSE,创业板
300172.SZ,300172,中电环保,江苏,环境保护,20110201,,L,SZSE,创业板
300171.SZ,300171,东富龙,上海,医疗保健,20110201,,L,SZSE,创业板
300170.SZ,300170,汉得信息,上海,软件服务,20110201,,L,SZSE,创业板
300169.SZ,300169,天晟新材,江苏,塑料,20110125,,L,SZSE,创业板
300168.SZ,300168,万达信息,上海,软件服务,20110125,,L,SZSE,创业板
300167.SZ,300167,ST迪威迅,深圳,软件服务,20110125,,L,SZSE,创业板
300166.SZ,300166,东方国信,北京,软件服务,20110125,,L,SZSE,创业板
300165.SZ,300165,天瑞仪器,江苏,电器仪表,20110125,,L,SZSE,创业板
300164.SZ,300164,通源石油,陕西,石油开采,20110113,,L,SZSE,创业板
300163.SZ,300163,先锋新材,浙江,家居用品,20110113,,L,SZSE,创业板
300162.SZ,300162,雷曼光电,深圳,元器件,20110113,,L,SZSE,创业板
300161.SZ,300161,华中数控,湖北,机床制造,20110113,,L,SZSE,创业板
300160.SZ,300160,秀强股份,江苏,家用电器,20110113,,L,SZSE,创业板
300159.SZ,300159,新研股份,新疆,农用机械,20110107,,L,SZSE,创业板
300158.SZ,300158,振东制药,山西,化学制药,20110107,,L,SZSE,创业板
300157.SZ,300157,新锦动力,北京,专用机械,20110107,,L,SZSE,创业板
300155.SZ,300155,安居宝,广东,IT设备,20110107,,L,SZSE,创业板
300154.SZ,300154,瑞凌股份,深圳,机械基件,20101229,,L,SZSE,创业板
300153.SZ,300153,科泰电源,上海,电气设备,20101229,,L,SZSE,创业板
300152.SZ,300152,*ST动力,河北,环境保护,20101229,,L,SZSE,创业板
300151.SZ,300151,昌红科技,深圳,专用机械,20101222,,L,SZSE,创业板
300150.SZ,300150,世纪瑞尔,北京,软件服务,20101222,,L,SZSE,创业板
300149.SZ,300149,睿智医药,广东,生物制药,20101222,,L,SZSE,创业板
300148.SZ,300148,天舟文化,湖南,出版业,20101215,,L,SZSE,创业板
300147.SZ,300147,*ST香雪,广东,中成药,20101215,,L,SZSE,创业板
300146.SZ,300146,汤臣倍健,广东,食品,20101215,,L,SZSE,创业板
300145.SZ,300145,南方泵业,浙江,机械基件,20101209,,L,SZSE,创业板
300144.SZ,300144,宋城演艺,浙江,旅游景点,20101209,,L,SZSE,创业板
300143.SZ,300143,盈康生命,山东,医疗保健,20101209,,L,SZSE,创业板
300142.SZ,300142,沃森生物,云南,生物制药,20101112,,L,SZSE,创业板
300141.SZ,300141,和顺电气,江苏,电气设备,20101112,,L,SZSE,创业板
300140.SZ,300140,节能环境,陕西,环境保护,20101112,,L,SZSE,创业板
300139.SZ,300139,晓程科技,北京,黄金,20101112,,L,SZSE,创业板
300138.SZ,300138,晨光生物,河北,食品,20101105,,L,SZSE,创业板
300137.SZ,300137,先河环保,河北,环境保护,20101105,,L,SZSE,创业板
300136.SZ,300136,信维通信,深圳,元器件,20101105,,L,SZSE,创业板
300135.SZ,300135,宝利国际,江苏,石油加工,20101026,,L,SZSE,创业板
300134.SZ,300134,大富科技,安徽,通信设备,20101026,,L,SZSE,创业板
300133.SZ,300133,华策影视,浙江,影视音像,20101026,,L,SZSE,创业板
300132.SZ,300132,诺斯贝尔,福建,化工原料,20101026,,L,SZSE,创业板
300131.SZ,300131,英唐智控,深圳,元器件,20101019,,L,SZSE,创业板
300130.SZ,300130,新国都,深圳,IT设备,20101019,,L,SZSE,创业板
300129.SZ,300129,泰胜风能,上海,电气设备,20101019,,L,SZSE,创业板
300128.SZ,300128,锦富技术,江苏,元器件,20101013,,L,SZSE,创业板
300127.SZ,300127,银河磁体,四川,矿物制品,20101013,,L,SZSE,创业板
300126.SZ,300126,锐奇股份,上海,轻工机械,20101013,,L,SZSE,创业板
300125.SZ,300125,聆达股份,辽宁,电气设备,20101013,,L,SZSE,创业板
300124.SZ,300124,汇川技术,深圳,电器仪表,20100928,,L,SZSE,创业板
300123.SZ,300123,ST亚光,湖南,半导体,20100928,,L,SZSE,创业板
300122.SZ,300122,智飞生物,重庆,生物制药,20100928,,L,SZSE,创业板
300121.SZ,300121,阳谷华泰,山东,化工原料,20100917,,L,SZSE,创业板
300120.SZ,300120,经纬辉开,天津,元器件,20100917,,L,SZSE,创业板
300119.SZ,300119,瑞普生物,天津,农业综合,20100917,,L,SZSE,创业板
300118.SZ,300118,东方日升,浙江,电气设备,20100902,,L,SZSE,创业板
300115.SZ,300115,长盈精密,深圳,元器件,20100902,,L,SZSE,创业板
300113.SZ,300113,顺网科技,浙江,互联网,20100827,,L,SZSE,创业板
300112.SZ,300112,万讯自控,深圳,电器仪表,20100827,,L,SZSE,创业板
300111.SZ,300111,向日葵,浙江,化学制药,20100827,,L,SZSE,创业板
300110.SZ,300110,华仁药业,山东,化学制药,20100825,,L,SZSE,创业板
300109.SZ,300109,新开源,河南,化工原料,20100825,,L,SZSE,创业板
300107.SZ,300107,建新股份,河北,化工原料,20100820,,L,SZSE,创业板
300106.SZ,300106,西部牧业,新疆,乳制品,20100820,,L,SZSE,创业板
300105.SZ,300105,龙源技术,山东,环境保护,20100820,,L,SZSE,创业板
300103.SZ,300103,达刚控股,陕西,专用机械,20100812,,L,SZSE,创业板
300102.SZ,300102,乾照光电,福建,半导体,20100812,,L,SZSE,创业板
300101.SZ,300101,振芯科技,四川,通信设备,20100806,,L,SZSE,创业板
300100.SZ,300100,双林股份,浙江,汽车配件,20100806,,L,SZSE,创业板
300099.SZ,300099,尤洛卡,山东,电器仪表,20100806,,L,SZSE,创业板
300098.SZ,300098,高新兴,广东,软件服务,20100728,,L,SZSE,创业板
300097.SZ,300097,智云股份,辽宁,专用机械,20100728,,L,SZSE,创业板
300096.SZ,300096,ST易联众,福建,软件服务,20100728,,L,SZSE,创业板
300095.SZ,300095,华伍股份,江西,专用机械,20100728,,L,SZSE,创业板
300094.SZ,300094,国联水产,广东,渔业,20100708,,L,SZSE,创业板
300093.SZ,300093,金刚光伏,甘肃,电气设备,20100708,,L,SZSE,创业板
300092.SZ,300092,科新机电,四川,专用机械,20100708,,L,SZSE,创业板
300091.SZ,300091,*ST金灵,江苏,机械基件,20100625,,L,SZSE,创业板
300088.SZ,300088,长信科技,安徽,元器件,20100526,,L,SZSE,创业板
300087.SZ,300087,ST荃银,安徽,种植业,20100526,,L,SZSE,创业板
300086.SZ,300086,康芝药业,海南,化学制药,20100526,,L,SZSE,创业板
300085.SZ,300085,银之杰,深圳,软件服务,20100526,,L,SZSE,创业板
300084.SZ,300084,海默科技,甘肃,专用机械,20100520,,L,SZSE,创业板
300083.SZ,300083,创世纪,广东,机床制造,20100520,,L,SZSE,创业板
300082.SZ,300082,奥克股份,辽宁,化工原料,20100520,,L,SZSE,创业板
300081.SZ,300081,ST恒信,北京,文教休闲,20100520,,L,SZSE,创业板
300080.SZ,300080,易成新能,河南,电气设备,20100625,,L,SZSE,创业板
300079.SZ,300079,数码视讯,北京,IT设备,20100430,,L,SZSE,创业板
300078.SZ,300078,思创智联,浙江,软件服务,20100430,,L,SZSE,创业板
300077.SZ,300077,国民技术,深圳,半导体,20100430,,L,SZSE,创业板
300076.SZ,300076,*ST宁视,浙江,IT设备,20100430,,L,SZSE,创业板
300075.SZ,300075,数字政通,北京,软件服务,20100427,,L,SZSE,创业板
300074.SZ,300074,华平股份,上海,软件服务,20100427,,L,SZSE,创业板
300073.SZ,300073,当升科技,北京,电气设备,20100427,,L,SZSE,创业板
300072.SZ,300072,海新能科,北京,化工原料,20100427,,L,SZSE,创业板
300071.SZ,300071,福石控股,北京,广告包装,20100421,,L,SZSE,创业板
300070.SZ,300070,碧水源,北京,环境保护,20100421,,L,SZSE,创业板
300069.SZ,300069,金利华电,山西,电气设备,20100421,,L,SZSE,创业板
300068.SZ,300068,ST南都,浙江,电气设备,20100421,,L,SZSE,创业板
300067.SZ,300067,安诺其,上海,染料涂料,20100421,,L,SZSE,创业板
300066.SZ,300066,三川智慧,江西,电器仪表,20100326,,L,SZSE,创业板
300065.SZ,300065,海兰信,北京,船舶,20100326,,L,SZSE,创业板
300063.SZ,300063,天龙集团,广东,互联网,20100326,,L,SZSE,创业板
300062.SZ,300062,中能电气,福建,电气设备,20100319,,L,SZSE,创业板
300061.SZ,300061,旗天科技,上海,互联网,20100319,,L,SZSE,创业板
300059.SZ,300059,东方财富,上海,证券,20100319,,L,SZSE,创业板
300058.SZ,300058,蓝色光标,北京,广告包装,20100226,,L,SZSE,创业板
300057.SZ,300057,万顺新材,广东,铝,20100226,,L,SZSE,创业板
300056.SZ,300056,中创环保,福建,环境保护,20100226,,L,SZSE,创业板
300055.SZ,300055,万邦达,北京,石油加工,20100226,,L,SZSE,创业板
300054.SZ,300054,鼎龙股份,湖北,化工原料,20100211,,L,SZSE,创业板
300053.SZ,300053,航宇微,广东,半导体,20100211,,L,SZSE,创业板
300052.SZ,300052,中青宝,深圳,互联网,20100211,,L,SZSE,创业板
300051.SZ,300051,琏升科技,江苏,综合类,20100211,,L,SZSE,创业板
300050.SZ,300050,世纪鼎利,广东,通信设备,20100120,,L,SZSE,创业板
300049.SZ,300049,福瑞医科,内蒙,医疗保健,20100120,,L,SZSE,创业板
300048.SZ,300048,合康新能,北京,建筑工程,20100120,,L,SZSE,创业板
300047.SZ,300047,天源迪科,深圳,软件服务,20100120,,L,SZSE,创业板
300046.SZ,300046,台基股份,湖北,半导体,20100120,,L,SZSE,创业板
300045.SZ,300045,华力创通,北京,IT设备,20100120,,L,SZSE,创业板
300044.SZ,300044,*ST赛为,深圳,软件服务,20100120,,L,SZSE,创业板
300043.SZ,300043,星辉娱乐,广东,互联网,20100120,,L,SZSE,创业板
300042.SZ,300042,朗科科技,深圳,IT设备,20100108,,L,SZSE,创业板
300041.SZ,300041,回天新材,湖北,化工原料,20100108,,L,SZSE,创业板
300040.SZ,300040,九洲集团,黑龙江,新型电力,20100108,,L,SZSE,创业板
300039.SZ,300039,上海凯宝,上海,中成药,20100108,,L,SZSE,创业板
300037.SZ,300037,新宙邦,深圳,化工原料,20100108,,L,SZSE,创业板
300036.SZ,300036,超图软件,北京,软件服务,20091225,,L,SZSE,创业板
300035.SZ,300035,中科电气,湖南,电气设备,20091225,,L,SZSE,创业板
300034.SZ,300034,钢研高纳,北京,航空,20091225,,L,SZSE,创业板
300033.SZ,300033,同花顺,浙江,软件服务,20091225,,L,SZSE,创业板
300032.SZ,300032,金龙机电,浙江,元器件,20091225,,L,SZSE,创业板
300031.SZ,300031,宝通科技,江苏,互联网,20091225,,L,SZSE,创业板
300030.SZ,300030,阳普医疗,广东,医疗保健,20091225,,L,SZSE,创业板
300027.SZ,300027,ST华谊,浙江,影视音像,20091030,,L,SZSE,创业板
300026.SZ,300026,红日药业,天津,中成药,20091030,,L,SZSE,创业板
300025.SZ,300025,华星创业,浙江,通信设备,20091030,,L,SZSE,创业板
300024.SZ,300024,机器人,辽宁,专用机械,20091030,,L,SZSE,创业板
300022.SZ,300022,吉峰科技,四川,农用机械,20091030,,L,SZSE,创业板
300021.SZ,300021,大禹节水,甘肃,建筑工程,20091030,,L,SZSE,创业板
300020.SZ,300020,ST银江,浙江,软件服务,20091030,,L,SZSE,创业板
300019.SZ,300019,硅宝科技,四川,化工原料,20091030,,L,SZSE,创业板
300018.SZ,300018,中元股份,湖北,电气设备,20091030,,L,SZSE,创业板
300017.SZ,300017,网宿科技,上海,软件服务,20091030,,L,SZSE,创业板
300016.SZ,300016,北陆药业,北京,化学制药,20091030,,L,SZSE,创业板
300015.SZ,300015,爱尔眼科,湖南,医疗保健,20091030,,L,SZSE,创业板
300014.SZ,300014,亿纬锂能,广东,电气设备,20091030,,L,SZSE,创业板
300013.SZ,300013,新宁物流,河南,仓储物流,20091030,,L,SZSE,创业板
300012.SZ,300012,华测检测,深圳,电器仪表,20091030,,L,SZSE,创业板
300011.SZ,300011,鼎汉技术,北京,运输设备,20091030,,L,SZSE,创业板
300010.SZ,300010,ST豆神,北京,软件服务,20091030,,L,SZSE,创业板
300009.SZ,300009,安科生物,安徽,生物制药,20091030,,L,SZSE,创业板
300008.SZ,300008,天海防务,上海,船舶,20091030,,L,SZSE,创业板
300007.SZ,300007,汉威科技,河南,电器仪表,20091030,,L,SZSE,创业板
300006.SZ,300006,莱美药业,重庆,化学制药,20091030,,L,SZSE,创业板
300005.SZ,300005,探路者,北京,服饰,20091030,,L,SZSE,创业板
300004.SZ,300004,南风股份,广东,电气设备,20091030,,L,SZSE,创业板
300003.SZ,300003,乐普医疗,北京,医疗保健,20091030,,L,SZSE,创业板
300002.SZ,300002,神州泰岳,北京,互联网,20091030,,L,SZSE,创业板
300001.SZ,300001,特锐德,山东,电气设备,20091030,,L,SZSE,创业板
003816.SZ,003816,中国广核,深圳,新型电力,20190826,,L,SZSE,主板
003043.SZ,003043,华亚智能,江苏,半导体,20210406,,L,SZSE,主板
003042.SZ,003042,中农联合,山东,农药化肥,20210406,,L,SZSE,主板
003041.SZ,003041,真爱美家,浙江,纺织,20210406,,L,SZSE,主板
003040.SZ,003040,楚天龙,广东,通信设备,20210322,,L,SZSE,主板
003039.SZ,003039,顺控发展,广东,水务,20210308,,L,SZSE,主板
003038.SZ,003038,鑫铂股份,安徽,铝,20210210,,L,SZSE,主板
003037.SZ,003037,三和管桩,广东,水泥,20210204,,L,SZSE,主板
003036.SZ,003036,泰坦股份,浙江,纺织机械,20210128,,L,SZSE,主板
003035.SZ,003035,南网能源,广东,新型电力,20210119,,L,SZSE,主板
003033.SZ,003033,征和工业,山东,汽车配件,20210111,,L,SZSE,主板
003032.SZ,003032,传智教育,江苏,文教休闲,20210112,,L,SZSE,主板
003031.SZ,003031,中瓷电子,河北,元器件,20210104,,L,SZSE,主板
003030.SZ,003030,祖名股份,浙江,食品,20210106,,L,SZSE,主板
003029.SZ,003029,吉大正元,吉林,软件服务,20201224,,L,SZSE,主板
003028.SZ,003028,振邦智能,深圳,元器件,20201228,,L,SZSE,主板
003027.SZ,003027,同兴科技,安徽,环境保护,20201218,,L,SZSE,主板
003026.SZ,003026,中晶科技,浙江,半导体,20201218,,L,SZSE,主板
003025.SZ,003025,思进智能,浙江,机床制造,20201211,,L,SZSE,主板
003023.SZ,003023,彩虹集团,四川,家用电器,20201211,,L,SZSE,主板
003022.SZ,003022,联泓新科,山东,化工原料,20201208,,L,SZSE,主板
003021.SZ,003021,兆威机电,深圳,元器件,20201204,,L,SZSE,主板
003020.SZ,003020,立方制药,安徽,化学制药,20201215,,L,SZSE,主板
003019.SZ,003019,宸展光电,福建,元器件,20201117,,L,SZSE,主板
003018.SZ,003018,金富科技,广东,塑料,20201106,,L,SZSE,主板
003017.SZ,003017,大洋生物,浙江,化工原料,20201026,,L,SZSE,主板
003016.SZ,003016,欣贺股份,福建,服饰,20201026,,L,SZSE,主板
003015.SZ,003015,日久光电,江苏,元器件,20201021,,L,SZSE,主板
003013.SZ,003013,地铁设计,广东,建筑工程,20201022,,L,SZSE,主板
003012.SZ,003012,东鹏控股,广东,陶瓷,20201019,,L,SZSE,主板
003011.SZ,003011,海象新材,浙江,家居用品,20200930,,L,SZSE,主板
003010.SZ,003010,若羽臣,广东,互联网,20200925,,L,SZSE,主板
003009.SZ,003009,中天火箭,陕西,航空,20200925,,L,SZSE,主板
003008.SZ,003008,开普检测,河南,电气设备,20200923,,L,SZSE,主板
003007.SZ,003007,直真科技,北京,软件服务,20200923,,L,SZSE,主板
003006.SZ,003006,百亚股份,重庆,造纸,20200921,,L,SZSE,主板
003005.SZ,003005,竞业达,北京,软件服务,20200922,,L,SZSE,主板
003004.SZ,003004,声迅股份,北京,IT设备,20201126,,L,SZSE,主板
003003.SZ,003003,天元股份,广东,广告包装,20200921,,L,SZSE,主板
003002.SZ,003002,壶化股份,山西,化工原料,20200922,,L,SZSE,主板
003001.SZ,003001,中岩大地,北京,建筑工程,20201013,,L,SZSE,主板
003000.SZ,003000,劲仔食品,湖南,食品,20200914,,L,SZSE,主板
002999.SZ,002999,天禾股份,广东,批发业,20200903,,L,SZSE,主板
002998.SZ,002998,优彩资源,江苏,化纤,20200925,,L,SZSE,主板
002997.SZ,002997,瑞鹄模具,安徽,汽车配件,20200903,,L,SZSE,主板
002996.SZ,002996,顺博合金,重庆,铝,20200828,,L,SZSE,主板
002995.SZ,002995,天地在线,北京,互联网,20200805,,L,SZSE,主板
002993.SZ,002993,奥海科技,广东,元器件,20200817,,L,SZSE,主板
002992.SZ,002992,宝明科技,深圳,元器件,20200803,,L,SZSE,主板
002991.SZ,002991,甘源食品,江西,食品,20200731,,L,SZSE,主板
002990.SZ,002990,盛视科技,深圳,软件服务,20200525,,L,SZSE,主板
002989.SZ,002989,中天精装,深圳,装修装饰,20200610,,L,SZSE,主板
002988.SZ,002988,豪美新材,广东,铝,20200518,,L,SZSE,主板
002987.SZ,002987,京北方,北京,软件服务,20200507,,L,SZSE,主板
002986.SZ,002986,宇新股份,广东,化工原料,20200602,,L,SZSE,主板
002985.SZ,002985,北摩高科,北京,航空,20200429,,L,SZSE,主板
002984.SZ,002984,森麒麟,山东,汽车配件,20200911,,L,SZSE,主板
002983.SZ,002983,芯瑞达,安徽,元器件,20200428,,L,SZSE,主板
002982.SZ,002982,湘佳股份,湖南,农业综合,20200424,,L,SZSE,主板
002981.SZ,002981,朝阳科技,广东,元器件,20200417,,L,SZSE,主板
002980.SZ,002980,华盛昌,深圳,电器仪表,20200415,,L,SZSE,主板
002979.SZ,002979,雷赛智能,深圳,专用机械,20200408,,L,SZSE,主板
002978.SZ,002978,安宁股份,四川,小金属,20200417,,L,SZSE,主板
002977.SZ,002977,*ST天箭,四川,通信设备,20200317,,L,SZSE,主板
002976.SZ,002976,瑞玛精密,江苏,汽车配件,20200306,,L,SZSE,主板
002975.SZ,002975,博杰股份,广东,专用机械,20200205,,L,SZSE,主板
002973.SZ,002973,侨银股份,广东,环境保护,20200106,,L,SZSE,主板
002972.SZ,002972,科安达,深圳,运输设备,20191227,,L,SZSE,主板
002971.SZ,002971,和远气体,湖北,化工原料,20200113,,L,SZSE,主板
002970.SZ,002970,锐明技术,深圳,IT设备,20191217,,L,SZSE,主板
002969.SZ,002969,嘉美包装,安徽,广告包装,20191202,,L,SZSE,主板
002968.SZ,002968,新大正,重庆,房产服务,20191203,,L,SZSE,主板
002967.SZ,002967,广电计量,广东,电器仪表,20191108,,L,SZSE,主板
002966.SZ,002966,苏州银行,江苏,银行,20190802,,L,SZSE,主板
002965.SZ,002965,祥鑫科技,广东,汽车配件,20191025,,L,SZSE,主板
002963.SZ,002963,豪尔赛,北京,装修装饰,20191028,,L,SZSE,主板
002962.SZ,002962,五方光电,湖北,元器件,20190917,,L,SZSE,主板
002961.SZ,002961,瑞达期货,福建,多元金融,20190905,,L,SZSE,主板
002960.SZ,002960,青鸟智控,河北,专用机械,20190809,,L,SZSE,主板
002959.SZ,002959,小熊电器,广东,家用电器,20190823,,L,SZSE,主板
002958.SZ,002958,青农商行,山东,银行,20190326,,L,SZSE,主板
002957.SZ,002957,科瑞技术,深圳,专用机械,20190726,,L,SZSE,主板
002956.SZ,002956,西麦食品,广西,食品,20190619,,L,SZSE,主板
002955.SZ,002955,鸿合科技,深圳,IT设备,20190523,,L,SZSE,主板
002953.SZ,002953,日丰股份,广东,电气设备,20190509,,L,SZSE,主板
002952.SZ,002952,亚世光电,辽宁,元器件,20190328,,L,SZSE,主板
002951.SZ,002951,金时科技,四川,广告包装,20190315,,L,SZSE,主板
002950.SZ,002950,奥美医疗,湖北,医疗保健,20190311,,L,SZSE,主板
002949.SZ,002949,华阳国际,深圳,建筑工程,20190226,,L,SZSE,主板
002948.SZ,002948,青岛银行,山东,银行,20190116,,L,SZSE,主板
002947.SZ,002947,恒铭达,江苏,元器件,20190201,,L,SZSE,主板
002946.SZ,002946,新乳业,四川,乳制品,20190125,,L,SZSE,主板
002945.SZ,002945,华林证券,西藏,证券,20190117,,L,SZSE,主板
002943.SZ,002943,宇晶股份,湖南,机床制造,20181129,,L,SZSE,主板
002942.SZ,002942,新农股份,浙江,农药化肥,20181205,,L,SZSE,主板
002941.SZ,002941,新疆交建,新疆,建筑工程,20181128,,L,SZSE,主板
002940.SZ,002940,昂利康,浙江,化学制药,20181023,,L,SZSE,主板
002939.SZ,002939,长城证券,深圳,证券,20181026,,L,SZSE,主板
002938.SZ,002938,鹏鼎控股,深圳,元器件,20180918,,L,SZSE,主板
002937.SZ,002937,兴瑞科技,浙江,元器件,20180926,,L,SZSE,主板
002936.SZ,002936,郑州银行,河南,银行,20180919,,L,SZSE,主板
002935.SZ,002935,天奥电子,四川,航空,20180903,,L,SZSE,主板
002933.SZ,002933,新兴装备,北京,航空,20180828,,L,SZSE,主板
002932.SZ,002932,*ST明德,湖北,医疗保健,20180710,,L,SZSE,主板
002931.SZ,002931,锋龙股份,浙江,机械基件,20180403,,L,SZSE,主板
002930.SZ,002930,宏川智慧,广东,仓储物流,20180328,,L,SZSE,主板
002929.SZ,002929,润建股份,广西,通信设备,20180301,,L,SZSE,主板
002928.SZ,002928,华夏航空,贵州,空运,20180302,,L,SZSE,主板
002927.SZ,002927,泰永长征,贵州,电气设备,20180223,,L,SZSE,主板
002926.SZ,002926,华西证券,四川,证券,20180205,,L,SZSE,主板
002925.SZ,002925,盈趣科技,福建,元器件,20180115,,L,SZSE,主板
002923.SZ,002923,润都股份,广东,化学制药,20180105,,L,SZSE,主板
002922.SZ,002922,伊戈尔,广东,电气设备,20171229,,L,SZSE,主板
002921.SZ,002921,联诚精密,山东,汽车配件,20171227,,L,SZSE,主板
002920.SZ,002920,德赛西威,广东,汽车配件,20171226,,L,SZSE,主板
002919.SZ,002919,名臣健康,广东,互联网,20171218,,L,SZSE,主板
002918.SZ,002918,蒙娜丽莎,广东,陶瓷,20171219,,L,SZSE,主板
002917.SZ,002917,金奥博,深圳,化工原料,20171208,,L,SZSE,主板
002916.SZ,002916,深南电路,深圳,元器件,20171213,,L,SZSE,主板
002915.SZ,002915,中欣氟材,浙江,化工原料,20171205,,L,SZSE,主板
002913.SZ,002913,奥士康,湖南,元器件,20171201,,L,SZSE,主板
002912.SZ,002912,中新赛克,深圳,IT设备,20171121,,L,SZSE,主板
002911.SZ,002911,佛燃能源,广东,供气供热,20171122,,L,SZSE,主板
002910.SZ,002910,庄园牧场,甘肃,乳制品,20171031,,L,SZSE,主板
002909.SZ,002909,集泰股份,广东,化工原料,20171026,,L,SZSE,主板
002908.SZ,002908,德生科技,广东,软件服务,20171020,,L,SZSE,主板
002907.SZ,002907,华森制药,重庆,中成药,20171020,,L,SZSE,主板
002906.SZ,002906,华阳集团,广东,汽车配件,20171013,,L,SZSE,主板
002905.SZ,002905,金逸影视,广东,影视音像,20171016,,L,SZSE,主板
002903.SZ,002903,宇环数控,湖南,机床制造,20171013,,L,SZSE,主板
002902.SZ,002902,铭普光磁,广东,通信设备,20170929,,L,SZSE,主板
002901.SZ,002901,大博医疗,福建,医疗保健,20170922,,L,SZSE,主板
002900.SZ,002900,哈三联,黑龙江,化学制药,20170922,,L,SZSE,主板
002899.SZ,002899,英派斯,山东,文教休闲,20170915,,L,SZSE,主板
002897.SZ,002897,意华股份,浙江,元器件,20170907,,L,SZSE,主板
002896.SZ,002896,中大力德,浙江,机械基件,20170829,,L,SZSE,主板
002895.SZ,002895,川恒股份,贵州,化工原料,20170825,,L,SZSE,主板
002893.SZ,002893,京能热力,北京,供气供热,20170915,,L,SZSE,主板
002892.SZ,002892,科力尔,湖南,电气设备,20170817,,L,SZSE,主板
002891.SZ,002891,中宠股份,山东,饲料,20170821,,L,SZSE,主板
002890.SZ,002890,弘宇股份,山东,农用机械,20170802,,L,SZSE,主板
002889.SZ,002889,东方嘉盛,深圳,仓储物流,20170731,,L,SZSE,主板
002888.SZ,002888,惠威科技,广东,元器件,20170721,,L,SZSE,主板
002887.SZ,002887,绿茵生态,天津,环境保护,20170801,,L,SZSE,主板
002886.SZ,002886,沃特股份,深圳,塑料,20170627,,L,SZSE,主板
002885.SZ,002885,京泉华,深圳,元器件,20170627,,L,SZSE,主板
002884.SZ,002884,凌霄泵业,广东,机械基件,20170711,,L,SZSE,主板
002883.SZ,002883,*ST中设,江苏,建筑工程,20170620,,L,SZSE,主板
002882.SZ,002882,金龙羽,深圳,电气设备,20170717,,L,SZSE,主板
002881.SZ,002881,美格智能,深圳,元器件,20170622,,L,SZSE,主板
002880.SZ,002880,卫光生物,深圳,生物制药,20170616,,L,SZSE,主板
002879.SZ,002879,长缆科技,湖南,电气设备,20170707,,L,SZSE,主板
002878.SZ,002878,元隆雅图,北京,广告包装,20170606,,L,SZSE,主板
002877.SZ,002877,智能自控,江苏,机械基件,20170605,,L,SZSE,主板
002876.SZ,002876,三利谱,深圳,元器件,20170525,,L,SZSE,主板
002875.SZ,002875,安奈儿,深圳,服饰,20170601,,L,SZSE,主板
002873.SZ,002873,新天药业,贵州,中成药,20170519,,L,SZSE,主板
002872.SZ,002872,ST天圣,重庆,医药商业,20170519,,L,SZSE,主板
002871.SZ,002871,伟隆股份,山东,机械基件,20170511,,L,SZSE,主板
002870.SZ,002870,香山股份,广东,汽车配件,20170515,,L,SZSE,主板
002869.SZ,002869,金溢科技,深圳,通信设备,20170515,,L,SZSE,主板
002868.SZ,002868,绿康生化,福建,农业综合,20170503,,L,SZSE,主板
002867.SZ,002867,周大生,深圳,服饰,20170427,,L,SZSE,主板
002866.SZ,002866,传艺科技,江苏,IT设备,20170426,,L,SZSE,主板
002865.SZ,002865,钧达股份,海南,电气设备,20170425,,L,SZSE,主板
002864.SZ,002864,盘龙药业,陕西,中成药,20171116,,L,SZSE,主板
002863.SZ,002863,今飞凯达,浙江,汽车配件,20170418,,L,SZSE,主板
002862.SZ,002862,实丰文化,广东,文教休闲,20170411,,L,SZSE,主板
002861.SZ,002861,瀛通通讯,湖北,元器件,20170413,,L,SZSE,主板
002860.SZ,002860,星帅尔,浙江,家用电器,20170412,,L,SZSE,主板
002859.SZ,002859,洁美科技,浙江,元器件,20170407,,L,SZSE,主板
002858.SZ,002858,力盛体育,上海,文教休闲,20170324,,L,SZSE,主板
002857.SZ,002857,三晖电气,河南,电器仪表,20170323,,L,SZSE,主板
002856.SZ,002856,*ST美芝,深圳,装修装饰,20170320,,L,SZSE,主板
002855.SZ,002855,捷荣技术,广东,元器件,20170321,,L,SZSE,主板
002853.SZ,002853,皮阿诺,广东,家居用品,20170310,,L,SZSE,主板
002852.SZ,002852,道道全,湖南,食品,20170310,,L,SZSE,主板
002851.SZ,002851,麦格米特,深圳,电气设备,20170306,,L,SZSE,主板
002850.SZ,002850,科达利,深圳,电气设备,20170302,,L,SZSE,主板
002849.SZ,002849,威星智能,浙江,电器仪表,20170217,,L,SZSE,主板
002848.SZ,002848,高斯贝尔,湖南,家用电器,20170213,,L,SZSE,主板
002847.SZ,002847,盐津铺子,湖南,食品,20170208,,L,SZSE,主板
002846.SZ,002846,英联股份,广东,广告包装,20170207,,L,SZSE,主板
002845.SZ,002845,同兴达,深圳,元器件,20170125,,L,SZSE,主板
002843.SZ,002843,泰嘉股份,湖南,钢加工,20170120,,L,SZSE,主板
002842.SZ,002842,翔鹭钨业,广东,小金属,20170119,,L,SZSE,主板
002841.SZ,002841,视源股份,广东,元器件,20170119,,L,SZSE,主板
002840.SZ,002840,华统股份,浙江,食品,20170110,,L,SZSE,主板
002839.SZ,002839,张家港行,江苏,银行,20170124,,L,SZSE,主板
002838.SZ,002838,道恩股份,山东,塑料,20170106,,L,SZSE,主板
002837.SZ,002837,英维克,深圳,专用机械,20161229,,L,SZSE,主板
002836.SZ,002836,新宏泽,广东,广告包装,20161229,,L,SZSE,主板
002835.SZ,002835,同为股份,深圳,IT设备,20161228,,L,SZSE,主板
002833.SZ,002833,弘亚数控,广东,专用机械,20161228,,L,SZSE,主板
002832.SZ,002832,比音勒芬,广东,服饰,20161223,,L,SZSE,主板
002831.SZ,002831,裕同科技,深圳,广告包装,20161216,,L,SZSE,主板
002830.SZ,002830,名雕股份,深圳,装修装饰,20161213,,L,SZSE,主板
002829.SZ,002829,星网宇达,北京,航空,20161213,,L,SZSE,主板
002828.SZ,002828,贝肯能源,新疆,石油开采,20161208,,L,SZSE,主板
002827.SZ,002827,高争民爆,西藏,化工原料,20161209,,L,SZSE,主板
002826.SZ,002826,易明医药,西藏,化学制药,20161209,,L,SZSE,主板
002825.SZ,002825,纳尔股份,上海,化工原料,20161129,,L,SZSE,主板
002824.SZ,002824,和胜股份,广东,铝,20170112,,L,SZSE,主板
002823.SZ,002823,凯中精密,深圳,机械基件,20161124,,L,SZSE,主板
002822.SZ,002822,ST中装,深圳,装修装饰,20161129,,L,SZSE,主板
002821.SZ,002821,凯莱英,天津,生物制药,20161118,,L,SZSE,主板
002820.SZ,002820,桂发祥,天津,食品,20161118,,L,SZSE,主板
002819.SZ,002819,东方中科,北京,电器仪表,20161111,,L,SZSE,主板
002818.SZ,002818,富森美,四川,其他商业,20161109,,L,SZSE,主板
002817.SZ,002817,黄山胶囊,安徽,化学制药,20161025,,L,SZSE,主板
002816.SZ,002816,*ST和科,深圳,专用机械,20161025,,L,SZSE,主板
002815.SZ,002815,崇达技术,深圳,元器件,20161012,,L,SZSE,主板
002813.SZ,002813,路畅科技,深圳,汽车配件,20161012,,L,SZSE,主板
002812.SZ,002812,恩捷股份,云南,电气设备,20160914,,L,SZSE,主板
002811.SZ,002811,郑中设计,深圳,装修装饰,20160908,,L,SZSE,主板
002810.SZ,002810,山东赫达,山东,化工原料,20160826,,L,SZSE,主板
002809.SZ,002809,红墙股份,广东,化工原料,20160823,,L,SZSE,主板
002807.SZ,002807,江阴银行,江苏,银行,20160902,,L,SZSE,主板
002806.SZ,002806,华锋股份,广东,汽车配件,20160726,,L,SZSE,主板
002805.SZ,002805,丰元股份,山东,电气设备,20160707,,L,SZSE,主板
002803.SZ,002803,吉宏股份,福建,互联网,20160712,,L,SZSE,主板
002802.SZ,002802,洪汇新材,江苏,化工原料,20160629,,L,SZSE,主板
002801.SZ,002801,微光股份,浙江,电气设备,20160622,,L,SZSE,主板
002800.SZ,002800,天顺股份,新疆,仓储物流,20160530,,L,SZSE,主板
002799.SZ,002799,环球印务,陕西,广告包装,20160608,,L,SZSE,主板
002798.SZ,002798,帝欧水华,四川,家居用品,20160525,,L,SZSE,主板
002797.SZ,002797,第一创业,深圳,证券,20160511,,L,SZSE,主板
002796.SZ,002796,世嘉科技,江苏,通信设备,20160510,,L,SZSE,主板
002795.SZ,002795,永和智控,浙江,机械基件,20160428,,L,SZSE,主板
002793.SZ,002793,罗欣药业,山东,化学制药,20160415,,L,SZSE,主板
002792.SZ,002792,通宇通讯,广东,通信设备,20160328,,L,SZSE,主板
002791.SZ,002791,坚朗五金,广东,其他建材,20160329,,L,SZSE,主板
002790.SZ,002790,瑞尔特,福建,家居用品,20160308,,L,SZSE,主板
002789.SZ,002789,*ST建艺,深圳,装修装饰,20160311,,L,SZSE,主板
002788.SZ,002788,鹭燕医药,福建,医药商业,20160218,,L,SZSE,主板
002787.SZ,002787,华源控股,江苏,广告包装,20151231,,L,SZSE,主板
002786.SZ,002786,银宝山新,深圳,专用机械,20151223,,L,SZSE,主板
002785.SZ,002785,万里石,福建,其他建材,20151223,,L,SZSE,主板
002783.SZ,002783,凯龙股份,湖北,化工原料,20151209,,L,SZSE,主板
002782.SZ,002782,可立克,深圳,元器件,20151222,,L,SZSE,主板
002780.SZ,002780,三夫户外,北京,服饰,20151209,,L,SZSE,主板
002779.SZ,002779,中坚科技,浙江,农用机械,20151209,,L,SZSE,主板
002778.SZ,002778,中晟高科,江苏,环境保护,20160106,,L,SZSE,主板
002777.SZ,002777,久远银海,四川,软件服务,20151231,,L,SZSE,主板
002775.SZ,002775,文科股份,广东,建筑工程,20150629,,L,SZSE,主板
002774.SZ,002774,快意电梯,广东,运输设备,20170324,,L,SZSE,主板
002773.SZ,002773,康弘药业,四川,化学制药,20150626,,L,SZSE,主板
002772.SZ,002772,众兴菌业,甘肃,种植业,20150626,,L,SZSE,主板
002771.SZ,002771,真视通,北京,软件服务,20150629,,L,SZSE,主板
002769.SZ,002769,普路通,广东,仓储物流,20150629,,L,SZSE,主板
002768.SZ,002768,国恩股份,山东,塑料,20150630,,L,SZSE,主板
002767.SZ,002767,先锋电子,浙江,电器仪表,20150612,,L,SZSE,主板
002766.SZ,002766,索菱股份,深圳,汽车配件,20150611,,L,SZSE,主板
002765.SZ,002765,蓝黛科技,重庆,元器件,20150612,,L,SZSE,主板
002763.SZ,002763,汇洁股份,深圳,服饰,20150610,,L,SZSE,主板
002762.SZ,002762,金发拉比,广东,服饰,20150610,,L,SZSE,主板
002761.SZ,002761,浙江建投,浙江,建筑工程,20150610,,L,SZSE,主板
002760.SZ,002760,凤形股份,江西,机械基件,20150611,,L,SZSE,主板
002759.SZ,002759,ST天际,广东,电气设备,20150528,,L,SZSE,主板
002758.SZ,002758,浙农股份,浙江,批发业,20150527,,L,SZSE,主板
002757.SZ,002757,南兴股份,广东,专用机械,20150527,,L,SZSE,主板
002756.SZ,002756,永兴材料,浙江,小金属,20150515,,L,SZSE,主板
002755.SZ,002755,奥赛康,北京,化学制药,20150515,,L,SZSE,主板
002753.SZ,002753,永东股份,山西,化工原料,20150519,,L,SZSE,主板
002752.SZ,002752,昇兴股份,福建,广告包装,20150422,,L,SZSE,主板
002749.SZ,002749,国光股份,四川,农药化肥,20150320,,L,SZSE,主板
002748.SZ,002748,世龙实业,江西,化工原料,20150319,,L,SZSE,主板
002747.SZ,002747,埃斯顿,江苏,机械基件,20150320,,L,SZSE,主板
002746.SZ,002746,仙坛股份,山东,农业综合,20150216,,L,SZSE,主板
002745.SZ,002745,木林森,广东,元器件,20150217,,L,SZSE,主板
002743.SZ,002743,ST富煌,安徽,钢加工,20150217,,L,SZSE,主板
002742.SZ,002742,冀衡医药,重庆,化学制药,20150217,,L,SZSE,主板
002741.SZ,002741,光华科技,广东,化工原料,20150216,,L,SZSE,主板
002739.SZ,002739,儒意电影,北京,影视音像,20150122,,L,SZSE,主板
002738.SZ,002738,中矿资源,北京,小金属,20141230,,L,SZSE,主板
002737.SZ,002737,葵花药业,黑龙江,中成药,20141230,,L,SZSE,主板
002736.SZ,002736,国信证券,深圳,证券,20141229,,L,SZSE,主板
002735.SZ,002735,王子新材,深圳,塑料,20141203,,L,SZSE,主板
002734.SZ,002734,利民股份,江苏,农药化肥,20150127,,L,SZSE,主板
002733.SZ,002733,雄韬股份,深圳,电气设备,20141203,,L,SZSE,主板
002732.SZ,002732,燕塘乳业,广东,乳制品,20141205,,L,SZSE,主板
002731.SZ,002731,*ST萃华,辽宁,服饰,20141104,,L,SZSE,主板
002730.SZ,002730,电光科技,浙江,专用机械,20141009,,L,SZSE,主板
002729.SZ,002729,好利科技,福建,元器件,20140912,,L,SZSE,主板
002728.SZ,002728,特一药业,广东,中成药,20140731,,L,SZSE,主板
002727.SZ,002727,一心堂,云南,医药商业,20140702,,L,SZSE,主板
002726.SZ,002726,ST龙大,山东,食品,20140626,,L,SZSE,主板
002725.SZ,002725,跃岭股份,浙江,汽车配件,20140129,,L,SZSE,主板
002724.SZ,002724,海洋王,深圳,元器件,20141104,,L,SZSE,主板
002723.SZ,002723,小崧股份,广东,家用电器,20140129,,L,SZSE,主板
002722.SZ,002722,物产金轮,江苏,钢加工,20140128,,L,SZSE,主板
002721.SZ,002721,金一文化,北京,服饰,20140127,,L,SZSE,主板
002719.SZ,002719,ST麦趣,新疆,乳制品,20140128,,L,SZSE,主板
002718.SZ,002718,友邦吊顶,浙江,其他建材,20140128,,L,SZSE,主板
002717.SZ,002717,*ST岭南,广东,环境保护,20140219,,L,SZSE,主板
002716.SZ,002716,湖南白银,湖南,小金属,20140128,,L,SZSE,主板
002715.SZ,002715,登云股份,广东,汽车配件,20140219,,L,SZSE,主板
002714.SZ,002714,牧原股份,河南,农业综合,20140128,,L,SZSE,主板
002713.SZ,002713,东易日盛,北京,装修装饰,20140219,,L,SZSE,主板
002712.SZ,002712,思美传媒,浙江,广告包装,20140123,,L,SZSE,主板
002709.SZ,002709,天赐材料,广东,化工原料,20140123,,L,SZSE,主板
002708.SZ,002708,光洋股份,江苏,汽车配件,20140121,,L,SZSE,主板
002707.SZ,002707,众信旅游,北京,旅游服务,20140123,,L,SZSE,主板
002706.SZ,002706,良信股份,上海,电气设备,20140121,,L,SZSE,主板
002705.SZ,002705,新宝股份,广东,家用电器,20140121,,L,SZSE,主板
002703.SZ,002703,浙江世宝,浙江,汽车配件,20121102,,L,SZSE,主板
002702.SZ,002702,海欣食品,福建,食品,20121011,,L,SZSE,主板
002701.SZ,002701,奥瑞金,北京,广告包装,20121011,,L,SZSE,主板
002700.SZ,002700,万憬能源,新疆,供气供热,20120921,,L,SZSE,主板
002698.SZ,002698,博实股份,黑龙江,化工机械,20120911,,L,SZSE,主板
002697.SZ,002697,红旗连锁,四川,超市连锁,20120905,,L,SZSE,主板
002696.SZ,002696,百洋股份,广西,饲料,20120905,,L,SZSE,主板
002695.SZ,002695,煌上煌,江西,食品,20120905,,L,SZSE,主板
002694.SZ,002694,*ST顾地,湖北,塑料,20120816,,L,SZSE,主板
002693.SZ,002693,双成药业,海南,生物制药,20120808,,L,SZSE,主板
002692.SZ,002692,远程股份,江苏,电气设备,20120808,,L,SZSE,主板
002691.SZ,002691,*ST冀凯,河北,专用机械,20120731,,L,SZSE,主板
002690.SZ,002690,美亚光电,安徽,专用机械,20120731,,L,SZSE,主板
002689.SZ,002689,ST远智,辽宁,运输设备,20120717,,L,SZSE,主板
002688.SZ,002688,金河生物,内蒙,农业综合,20120713,,L,SZSE,主板
002687.SZ,002687,乔治白,浙江,服饰,20120713,,L,SZSE,主板
002686.SZ,002686,亿利达,浙江,专用机械,20120703,,L,SZSE,主板
002685.SZ,002685,华东重机,江苏,机床制造,20120612,,L,SZSE,主板
002683.SZ,002683,广东宏大,广东,化工原料,20120612,,L,SZSE,主板
002682.SZ,002682,龙洲股份,福建,仓储物流,20120612,,L,SZSE,主板
002681.SZ,002681,奋达科技,深圳,元器件,20120605,,L,SZSE,主板
002679.SZ,002679,福建金森,福建,林业,20120605,,L,SZSE,主板
002678.SZ,002678,珠江钢琴,广东,文教休闲,20120530,,L,SZSE,主板
002677.SZ,002677,浙江美大,浙江,家用电器,20120525,,L,SZSE,主板
002676.SZ,002676,顺威股份,广东,家用电器,20120525,,L,SZSE,主板
002675.SZ,002675,东诚药业,山东,化学制药,20120525,,L,SZSE,主板
002674.SZ,002674,兴业科技,福建,纺织,20120507,,L,SZSE,主板
002673.SZ,002673,西部证券,陕西,证券,20120503,,L,SZSE,主板
002672.SZ,002672,东江环保,深圳,环境保护,20120426,,L,SZSE,主板
002671.SZ,002671,龙泉股份,山东,水泥,20120426,,L,SZSE,主板
002670.SZ,002670,国盛证券,江西,证券,20120416,,L,SZSE,主板
002669.SZ,002669,康达新材,上海,化工原料,20120416,,L,SZSE,主板
002668.SZ,002668,TCL智家,广东,家用电器,20120416,,L,SZSE,主板
002667.SZ,002667,*ST威领,湖南,小金属,20120329,,L,SZSE,主板
002666.SZ,002666,德联集团,广东,化工原料,20120327,,L,SZSE,主板
002664.SZ,002664,信质集团,浙江,汽车配件,20120316,,L,SZSE,主板
002663.SZ,002663,普邦股份,广东,建筑工程,20120316,,L,SZSE,主板
002662.SZ,002662,峰璟股份,北京,汽车配件,20120309,,L,SZSE,主板
002661.SZ,002661,克明食品,湖南,食品,20120316,,L,SZSE,主板
002660.SZ,002660,茂硕电源,深圳,电气设备,20120316,,L,SZSE,主板
002659.SZ,002659,凯文教育,北京,文教休闲,20120309,,L,SZSE,主板
002658.SZ,002658,雪迪龙,北京,环境保护,20120309,,L,SZSE,主板
002657.SZ,002657,中科金财,北京,软件服务,20120228,,L,SZSE,主板
002656.SZ,002656,摩登大道,广东,服饰,20120228,,L,SZSE,主板
002655.SZ,002655,共达电声,山东,元器件,20120217,,L,SZSE,主板
002654.SZ,002654,万润科技,深圳,互联网,20120217,,L,SZSE,主板
002653.SZ,002653,海思科,西藏,化学制药,20120117,,L,SZSE,主板
002652.SZ,002652,扬子新材,江苏,其他建材,20120119,,L,SZSE,主板
002651.SZ,002651,利君股份,四川,航空,20120106,,L,SZSE,主板
002650.SZ,002650,ST加加,湖南,食品,20120106,,L,SZSE,主板
002649.SZ,002649,博彦科技,北京,软件服务,20120106,,L,SZSE,主板
002648.SZ,002648,卫星化学,浙江,化工原料,20111228,,L,SZSE,主板
002647.SZ,002647,仁东控股,广东,多元金融,20111228,,L,SZSE,主板
002646.SZ,002646,天佑德酒,青海,白酒,20111222,,L,SZSE,主板
002645.SZ,002645,华宏科技,江苏,专用机械,20111220,,L,SZSE,主板
002644.SZ,002644,佛慈制药,甘肃,中成药,20111222,,L,SZSE,主板
002643.SZ,002643,万润股份,山东,化工原料,20111220,,L,SZSE,主板
002642.SZ,002642,荣联科技,北京,软件服务,20111220,,L,SZSE,主板
002641.SZ,002641,公元股份,浙江,塑料,20111208,,L,SZSE,主板
002640.SZ,002640,跨境通,山西,互联网,20111208,,L,SZSE,主板
002639.SZ,002639,雪人集团,福建,专用机械,20111205,,L,SZSE,主板
002638.SZ,002638,勤上股份,广东,家用电器,20111125,,L,SZSE,主板
002637.SZ,002637,赞宇科技,浙江,日用化工,20111125,,L,SZSE,主板
002636.SZ,002636,金安国纪,上海,元器件,20111125,,L,SZSE,主板
002635.SZ,002635,安洁科技,江苏,元器件,20111125,,L,SZSE,主板
002634.SZ,002634,*ST棒杰,浙江,服饰,20111205,,L,SZSE,主板
002633.SZ,002633,申科股份,浙江,机械基件,20111122,,L,SZSE,主板
002632.SZ,002632,道明光学,浙江,塑料,20111122,,L,SZSE,主板
002631.SZ,002631,德尔未来,江苏,家居用品,20111111,,L,SZSE,主板
002630.SZ,002630,*ST华西,四川,专用机械,20111111,,L,SZSE,主板
002629.SZ,002629,仁智股份,浙江,石油开采,20111103,,L,SZSE,主板
002628.SZ,002628,成都路桥,四川,建筑工程,20111103,,L,SZSE,主板
002627.SZ,002627,三峡旅游,湖北,旅游景点,20111103,,L,SZSE,主板
002626.SZ,002626,金达威,福建,医疗保健,20111028,,L,SZSE,主板
002625.SZ,002625,光启技术,深圳,航空,20111103,,L,SZSE,主板
002624.SZ,002624,完美世界,浙江,互联网,20111028,,L,SZSE,主板
002623.SZ,002623,亚玛顿,江苏,玻璃,20111013,,L,SZSE,主板
002622.SZ,002622,皓宸医疗,吉林,医疗保健,20111018,,L,SZSE,主板
002620.SZ,002620,*ST瑞和,深圳,装修装饰,20110929,,L,SZSE,主板
002617.SZ,002617,露笑科技,浙江,电气设备,20110920,,L,SZSE,主板
002616.SZ,002616,长青集团,广东,环境保护,20110920,,L,SZSE,主板
002615.SZ,002615,哈尔斯,浙江,家居用品,20110909,,L,SZSE,主板
002614.SZ,002614,奥佳华,福建,家用电器,20110909,,L,SZSE,主板
002613.SZ,002613,北玻股份,河南,专用机械,20110830,,L,SZSE,主板
002612.SZ,002612,朗姿股份,北京,服饰,20110830,,L,SZSE,主板
002611.SZ,002611,东方精工,广东,轻工机械,20110830,,L,SZSE,主板
002609.SZ,002609,捷顺科技,深圳,软件服务,20110815,,L,SZSE,主板
002608.SZ,002608,江苏国信,江苏,火力发电,20110810,,L,SZSE,主板
002607.SZ,002607,中公教育,安徽,文教休闲,20110810,,L,SZSE,主板
002606.SZ,002606,大连电瓷,辽宁,电气设备,20110805,,L,SZSE,主板
002605.SZ,002605,姚记科技,上海,互联网,20110805,,L,SZSE,主板
002603.SZ,002603,以岭药业,河北,中成药,20110728,,L,SZSE,主板
002602.SZ,002602,世纪华通,浙江,互联网,20110728,,L,SZSE,主板
002601.SZ,002601,龙佰集团,河南,化工原料,20110715,,L,SZSE,主板
002600.SZ,002600,领益智造,广东,元器件,20110715,,L,SZSE,主板
002599.SZ,002599,盛通股份,北京,广告包装,20110715,,L,SZSE,主板
002598.SZ,002598,ST章鼓,山东,机械基件,20110707,,L,SZSE,主板
002597.SZ,002597,金禾实业,安徽,食品,20110707,,L,SZSE,主板
002596.SZ,002596,海南瑞泽,海南,水泥,20110707,,L,SZSE,主板
002595.SZ,002595,豪迈科技,山东,专用机械,20110628,,L,SZSE,主板
002594.SZ,002594,比亚迪,深圳,汽车整车,20110630,,L,SZSE,主板
002593.SZ,002593,日上集团,福建,钢加工,20110628,,L,SZSE,主板
002592.SZ,002592,ST八菱,广西,汽车配件,20111111,,L,SZSE,主板
002591.SZ,002591,恒大高新,江西,环境保护,20110621,,L,SZSE,主板
002590.SZ,002590,万安科技,浙江,汽车配件,20110610,,L,SZSE,主板
002589.SZ,002589,瑞康医药,山东,医药商业,20110610,,L,SZSE,主板
002588.SZ,002588,史丹利,山东,农药化肥,20110610,,L,SZSE,主板
002587.SZ,002587,奥拓电子,深圳,元器件,20110610,,L,SZSE,主板
002586.SZ,002586,围海股份,浙江,建筑工程,20110602,,L,SZSE,主板
002585.SZ,002585,双星新材,江苏,塑料,20110602,,L,SZSE,主板
002584.SZ,002584,西陇科学,广东,化工原料,20110602,,L,SZSE,主板
002583.SZ,002583,海能达,深圳,通信设备,20110527,,L,SZSE,主板
002582.SZ,002582,好想你,河南,食品,20110520,,L,SZSE,主板
002581.SZ,002581,*ST未名,山东,生物制药,20110520,,L,SZSE,主板
002580.SZ,002580,圣阳股份,山东,电气设备,20110506,,L,SZSE,主板
002579.SZ,002579,中京电子,广东,元器件,20110506,,L,SZSE,主板
002578.SZ,002578,闽发铝业,福建,铝,20110428,,L,SZSE,主板
002577.SZ,002577,雷柏科技,深圳,IT设备,20110428,,L,SZSE,主板
002576.SZ,002576,通达动力,江苏,电气设备,20110428,,L,SZSE,主板
002575.SZ,002575,群兴玩具,广东,文教休闲,20110422,,L,SZSE,主板
002574.SZ,002574,明牌珠宝,浙江,服饰,20110422,,L,SZSE,主板
002573.SZ,002573,清新环境,北京,环境保护,20110422,,L,SZSE,主板
002572.SZ,002572,索菲亚,广东,家居用品,20110412,,L,SZSE,主板
002571.SZ,002571,德力股份,安徽,家居用品,20110412,,L,SZSE,主板
002570.SZ,002570,贝因美,浙江,乳制品,20110412,,L,SZSE,主板
002569.SZ,002569,*ST步森,浙江,服饰,20110412,,L,SZSE,主板
002568.SZ,002568,百润股份,上海,红黄酒,20110325,,L,SZSE,主板
002567.SZ,002567,唐人神,湖南,饲料,20110325,,L,SZSE,主板
002566.SZ,002566,益盛药业,吉林,中成药,20110318,,L,SZSE,主板
002565.SZ,002565,顺灏股份,上海,造纸,20110318,,L,SZSE,主板
002564.SZ,002564,天沃科技,江苏,化工机械,20110310,,L,SZSE,主板
002563.SZ,002563,森马服饰,浙江,服饰,20110311,,L,SZSE,主板
002562.SZ,002562,兄弟科技,浙江,化学制药,20110310,,L,SZSE,主板
002561.SZ,002561,徐家汇,上海,百货,20110303,,L,SZSE,主板
002560.SZ,002560,通达股份,河南,电气设备,20110303,,L,SZSE,主板
002559.SZ,002559,亚威股份,江苏,机床制造,20110303,,L,SZSE,主板
002558.SZ,002558,巨人网络,重庆,互联网,20110302,,L,SZSE,主板
002557.SZ,002557,洽洽食品,安徽,食品,20110302,,L,SZSE,主板
002556.SZ,002556,辉隆股份,安徽,农药化肥,20110302,,L,SZSE,主板
002555.SZ,002555,三七互娱,安徽,互联网,20110302,,L,SZSE,主板
002554.SZ,002554,惠博普,湖南,石油开采,20110225,,L,SZSE,主板
002553.SZ,002553,南方精工,江苏,汽车配件,20110225,,L,SZSE,主板
002552.SZ,002552,宝鼎科技,浙江,元器件,20110225,,L,SZSE,主板
002551.SZ,002551,尚荣医疗,深圳,医疗保健,20110225,,L,SZSE,主板
002550.SZ,002550,千红制药,江苏,生物制药,20110218,,L,SZSE,主板
002549.SZ,002549,凯美特气,湖南,环境保护,20110218,,L,SZSE,主板
002548.SZ,002548,金新农,深圳,饲料,20110218,,L,SZSE,主板
002547.SZ,002547,*ST春兴,江苏,汽车配件,20110218,,L,SZSE,主板
002546.SZ,002546,新联电子,江苏,电气设备,20110211,,L,SZSE,主板
002545.SZ,002545,东方铁塔,山东,农药化肥,20110211,,L,SZSE,主板
002544.SZ,002544,普天科技,广东,通信设备,20110128,,L,SZSE,主板
002543.SZ,002543,万和电气,广东,家用电器,20110128,,L,SZSE,主板
002542.SZ,002542,*ST中岩,北京,建筑工程,20110128,,L,SZSE,主板
002541.SZ,002541,鸿路钢构,安徽,钢加工,20110118,,L,SZSE,主板
002540.SZ,002540,亚太科技,江苏,铝,20110118,,L,SZSE,主板
002539.SZ,002539,云图控股,四川,农药化肥,20110118,,L,SZSE,主板
002538.SZ,002538,ST司特,安徽,农药化肥,20110118,,L,SZSE,主板
002537.SZ,002537,海联金汇,山东,汽车配件,20110110,,L,SZSE,主板
002536.SZ,002536,飞龙股份,河南,汽车配件,20110111,,L,SZSE,主板
002535.SZ,002535,林州重机,河南,工程机械,20110111,,L,SZSE,主板
002534.SZ,002534,西子洁能,浙江,专用机械,20110110,,L,SZSE,主板
002533.SZ,002533,金杯电工,湖南,电气设备,20101231,,L,SZSE,主板
002532.SZ,002532,天山铝业,新疆,铝,20101231,,L,SZSE,主板
002531.SZ,002531,天顺风能,江苏,电气设备,20101231,,L,SZSE,主板
002530.SZ,002530,金财互联,江苏,专用机械,20101231,,L,SZSE,主板
002529.SZ,002529,海源复材,江西,专用机械,20101224,,L,SZSE,主板
002528.SZ,002528,*ST英飞,深圳,IT设备,20101224,,L,SZSE,主板
002527.SZ,002527,新时达,上海,电器仪表,20101224,,L,SZSE,主板
002526.SZ,002526,山东矿机,山东,工程机械,20101217,,L,SZSE,主板
002524.SZ,002524,光正眼科,新疆,医疗保健,20101217,,L,SZSE,主板
002523.SZ,002523,天桥起重,湖南,专用机械,20101210,,L,SZSE,主板
002522.SZ,002522,浙江众成,浙江,塑料,20101210,,L,SZSE,主板
002521.SZ,002521,齐峰新材,山东,造纸,20101210,,L,SZSE,主板
002520.SZ,002520,日发精机,浙江,机床制造,20101210,,L,SZSE,主板
002519.SZ,002519,银河电子,江苏,通信设备,20101207,,L,SZSE,主板
002518.SZ,002518,科士达,深圳,电气设备,20101207,,L,SZSE,主板
002517.SZ,002517,恺英网络,福建,互联网,20101207,,L,SZSE,主板
002516.SZ,002516,旷达科技,湖南,汽车配件,20101207,,L,SZSE,主板
002515.SZ,002515,金字火腿,浙江,食品,20101203,,L,SZSE,主板
002514.SZ,002514,*ST宝馨,江苏,机械基件,20101203,,L,SZSE,主板
002513.SZ,002513,蓝丰生化,江苏,新型电力,20101203,,L,SZSE,主板
002512.SZ,002512,ST达华,福建,IT设备,20101203,,L,SZSE,主板
002511.SZ,002511,中顺洁柔,广东,造纸,20101125,,L,SZSE,主板
002510.SZ,002510,天汽模,天津,汽车配件,20101125,,L,SZSE,主板
002508.SZ,002508,老板电器,浙江,家用电器,20101123,,L,SZSE,主板
002507.SZ,002507,涪陵榨菜,重庆,食品,20101123,,L,SZSE,主板
002506.SZ,002506,协鑫集成,上海,电气设备,20101118,,L,SZSE,主板
002501.SZ,002501,*ST利源,吉林,铝,20101117,,L,SZSE,主板
002500.SZ,002500,山西证券,山西,证券,20101115,,L,SZSE,主板
002498.SZ,002498,汉缆股份,山东,电气设备,20101109,,L,SZSE,主板
002497.SZ,002497,雅化集团,四川,小金属,20101109,,L,SZSE,主板
002496.SZ,002496,辉丰股份,江苏,农药化肥,20101109,,L,SZSE,主板
002495.SZ,002495,佳隆股份,广东,食品,20101102,,L,SZSE,主板
002494.SZ,002494,华斯股份,河北,服饰,20101102,,L,SZSE,主板
002493.SZ,002493,荣盛石化,浙江,化纤,20101102,,L,SZSE,主板
002492.SZ,002492,恒基达鑫,广东,仓储物流,20101102,,L,SZSE,主板
002491.SZ,002491,通鼎互联,江苏,通信设备,20101021,,L,SZSE,主板
002490.SZ,002490,山东墨龙,山东,化工机械,20101021,,L,SZSE,主板
002489.SZ,002489,浙江永强,浙江,家居用品,20101021,,L,SZSE,主板
002488.SZ,002488,金固股份,浙江,汽车配件,20101021,,L,SZSE,主板
002487.SZ,002487,大金重工,辽宁,电气设备,20101015,,L,SZSE,主板
002486.SZ,002486,嘉麟杰,上海,服饰,20101015,,L,SZSE,主板
002485.SZ,002485,ST雪发,山东,商贸代理,20101015,,L,SZSE,主板
002484.SZ,002484,江海股份,江苏,元器件,20100929,,L,SZSE,主板
002483.SZ,002483,润邦股份,江苏,专用机械,20100929,,L,SZSE,主板
002482.SZ,002482,广田集团,深圳,装修装饰,20100929,,L,SZSE,主板
002481.SZ,002481,双塔食品,山东,食品,20100921,,L,SZSE,主板
002480.SZ,002480,新筑股份,四川,运输设备,20100921,,L,SZSE,主板
002479.SZ,002479,富春环保,浙江,新型电力,20100921,,L,SZSE,主板
002478.SZ,002478,常宝股份,江苏,钢加工,20100921,,L,SZSE,主板
002476.SZ,002476,新叶股份,山东,化工原料,20100915,,L,SZSE,主板
002475.SZ,002475,立讯精密,深圳,元器件,20100915,,L,SZSE,主板
002474.SZ,002474,榕基软件,福建,软件服务,20100915,,L,SZSE,主板
002472.SZ,002472,双环传动,浙江,汽车配件,20100910,,L,SZSE,主板
002471.SZ,002471,中超控股,江苏,电气设备,20100910,,L,SZSE,主板
002470.SZ,002470,金正大,山东,农药化肥,20100908,,L,SZSE,主板
002469.SZ,002469,三维化学,山东,化工原料,20100908,,L,SZSE,主板
002468.SZ,002468,申通快递,浙江,仓储物流,20100908,,L,SZSE,主板
002467.SZ,002467,二六三,北京,互联网,20100908,,L,SZSE,主板
002466.SZ,002466,天齐锂业,四川,小金属,20100831,,L,SZSE,主板
002465.SZ,002465,海格通信,广东,通信设备,20100831,,L,SZSE,主板
002463.SZ,002463,沪电股份,江苏,元器件,20100818,,L,SZSE,主板
002462.SZ,002462,嘉事堂,北京,医药商业,20100818,,L,SZSE,主板
002461.SZ,002461,珠江啤酒,广东,啤酒,20100818,,L,SZSE,主板
002460.SZ,002460,赣锋锂业,江西,小金属,20100810,,L,SZSE,主板
002459.SZ,002459,晶澳科技,河北,电气设备,20100810,,L,SZSE,主板
002458.SZ,002458,益生股份,山东,农业综合,20100810,,L,SZSE,主板
002457.SZ,002457,青龙管业,宁夏,塑料,20100803,,L,SZSE,主板
002456.SZ,002456,欧菲光,深圳,元器件,20100803,,L,SZSE,主板
002455.SZ,002455,百川股份,江苏,化工原料,20100803,,L,SZSE,主板
002454.SZ,002454,松芝股份,上海,汽车配件,20100720,,L,SZSE,主板
002453.SZ,002453,华软科技,北京,化工原料,20100720,,L,SZSE,主板
002452.SZ,002452,长高电气,湖南,电气设备,20100720,,L,SZSE,主板
002451.SZ,002451,摩恩电气,上海,电气设备,20100720,,L,SZSE,主板
002449.SZ,002449,国星光电,广东,半导体,20100716,,L,SZSE,主板
002448.SZ,002448,中原内配,河南,汽车配件,20100716,,L,SZSE,主板
002446.SZ,002446,盛路通信,广东,通信设备,20100713,,L,SZSE,主板
002445.SZ,002445,中南文化,江苏,钢加工,20100713,,L,SZSE,主板
002444.SZ,002444,巨星科技,浙江,轻工机械,20100713,,L,SZSE,主板
002443.SZ,002443,金洲管道,浙江,钢加工,20100706,,L,SZSE,主板
002442.SZ,002442,龙星科技,河北,化工原料,20100706,,L,SZSE,主板
002441.SZ,002441,众业达,广东,电气设备,20100706,,L,SZSE,主板
002440.SZ,002440,闰土股份,浙江,染料涂料,20100706,,L,SZSE,主板
002439.SZ,002439,启明星辰,北京,软件服务,20100623,,L,SZSE,主板
002438.SZ,002438,江苏神通,江苏,机械基件,20100623,,L,SZSE,主板
002437.SZ,002437,誉衡药业,黑龙江,化学制药,20100623,,L,SZSE,主板
002436.SZ,002436,兴森科技,深圳,元器件,20100618,,L,SZSE,主板
002434.SZ,002434,万里扬,浙江,汽车配件,20100618,,L,SZSE,主板
002432.SZ,002432,九安医疗,天津,医疗保健,20100610,,L,SZSE,主板
002431.SZ,002431,ST棕榈,河南,建筑工程,20100610,,L,SZSE,主板
002430.SZ,002430,杭氧股份,浙江,化工机械,20100610,,L,SZSE,主板
002429.SZ,002429,兆驰股份,深圳,家用电器,20100610,,L,SZSE,主板
002428.SZ,002428,云南锗业,云南,小金属,20100608,,L,SZSE,主板
002427.SZ,002427,尤夫股份,浙江,化纤,20100608,,L,SZSE,主板
002426.SZ,002426,胜利精密,江苏,元器件,20100608,,L,SZSE,主板
002425.SZ,002425,凯撒文化,广东,互联网,20100608,,L,SZSE,主板
002424.SZ,002424,ST百灵,贵州,中成药,20100603,,L,SZSE,主板
002423.SZ,002423,中粮资本,河南,多元金融,20100603,,L,SZSE,主板
002422.SZ,002422,科伦药业,四川,化学制药,20100603,,L,SZSE,主板
002421.SZ,002421,达实智能,深圳,软件服务,20100603,,L,SZSE,主板
002420.SZ,002420,毅昌科技,广东,家用电器,20100601,,L,SZSE,主板
002419.SZ,002419,天虹股份,深圳,百货,20100601,,L,SZSE,主板
002418.SZ,002418,康盛股份,浙江,家用电器,20100601,,L,SZSE,主板
002416.SZ,002416,爱施德,深圳,电器连锁,20100528,,L,SZSE,主板
002415.SZ,002415,海康威视,浙江,IT设备,20100528,,L,SZSE,主板
002414.SZ,002414,高德红外,湖北,电器仪表,20100716,,L,SZSE,主板
002413.SZ,002413,雷科防务,北京,通信设备,20100528,,L,SZSE,主板
002412.SZ,002412,汉森制药,湖南,中成药,20100525,,L,SZSE,主板
002410.SZ,002410,广联达,北京,软件服务,20100525,,L,SZSE,主板
002409.SZ,002409,雅克科技,江苏,半导体,20100525,,L,SZSE,主板
002408.SZ,002408,齐翔腾达,山东,化工原料,20100518,,L,SZSE,主板
002407.SZ,002407,多氟多,河南,化工原料,20100518,,L,SZSE,主板
002406.SZ,002406,远东传动,河南,汽车配件,20100518,,L,SZSE,主板
002405.SZ,002405,四维图新,北京,软件服务,20100518,,L,SZSE,主板
002404.SZ,002404,嘉欣丝绸,浙江,纺织,20100511,,L,SZSE,主板
002403.SZ,002403,爱仕达,浙江,家用电器,20100511,,L,SZSE,主板
002402.SZ,002402,和而泰,深圳,元器件,20100511,,L,SZSE,主板
002401.SZ,002401,中远海科,上海,软件服务,20100506,,L,SZSE,主板
002400.SZ,002400,省广集团,广东,广告包装,20100506,,L,SZSE,主板
002399.SZ,002399,海普瑞,深圳,化学制药,20100506,,L,SZSE,主板
002398.SZ,002398,垒知集团,福建,其他建材,20100506,,L,SZSE,主板
002397.SZ,002397,梦洁股份,湖南,纺织,20100429,,L,SZSE,主板
002396.SZ,002396,星网锐捷,福建,通信设备,20100623,,L,SZSE,主板
002395.SZ,002395,双象股份,江苏,塑料,20100429,,L,SZSE,主板
002394.SZ,002394,联发股份,江苏,纺织,20100423,,L,SZSE,主板
002393.SZ,002393,力生制药,天津,化学制药,20100423,,L,SZSE,主板
002392.SZ,002392,北京利尔,北京,其他建材,20100423,,L,SZSE,主板
002391.SZ,002391,长青股份,江苏,农药化肥,20100416,,L,SZSE,主板
002390.SZ,002390,信邦制药,贵州,医药商业,20100416,,L,SZSE,主板
002389.SZ,002389,航天彩虹,浙江,航空,20100413,,L,SZSE,主板
002388.SZ,002388,新亚制程,浙江,元器件,20100413,,L,SZSE,主板
002387.SZ,002387,维信诺,江苏,元器件,20100413,,L,SZSE,主板
002386.SZ,002386,天原股份,四川,化工原料,20100409,,L,SZSE,主板
002385.SZ,002385,大北农,北京,饲料,20100409,,L,SZSE,主板
002384.SZ,002384,东山精密,江苏,元器件,20100409,,L,SZSE,主板
002383.SZ,002383,合众思壮,北京,通信设备,20100402,,L,SZSE,主板
002382.SZ,002382,蓝帆医疗,山东,医疗保健,20100402,,L,SZSE,主板
002381.SZ,002381,双箭股份,浙江,橡胶,20100402,,L,SZSE,主板
002380.SZ,002380,科远智慧,江苏,软件服务,20100331,,L,SZSE,主板
002379.SZ,002379,宏桥控股,山东,铝,20100331,,L,SZSE,主板
002378.SZ,002378,章源钨业,江西,小金属,20100331,,L,SZSE,主板
002377.SZ,002377,国创高新,湖北,其他建材,20100323,,L,SZSE,主板
002376.SZ,002376,新北洋,山东,IT设备,20100323,,L,SZSE,主板
002375.SZ,002375,亚厦股份,浙江,装修装饰,20100323,,L,SZSE,主板
002374.SZ,002374,中锐股份,山东,广告包装,20100318,,L,SZSE,主板
002373.SZ,002373,千方科技,北京,软件服务,20100318,,L,SZSE,主板
002372.SZ,002372,伟星新材,浙江,其他建材,20100318,,L,SZSE,主板
002371.SZ,002371,北方华创,北京,半导体,20100316,,L,SZSE,主板
002370.SZ,002370,亚太药业,浙江,化学制药,20100316,,L,SZSE,主板
002369.SZ,002369,卓翼科技,深圳,通信设备,20100316,,L,SZSE,主板
002368.SZ,002368,太极股份,北京,软件服务,20100312,,L,SZSE,主板
002367.SZ,002367,康力电梯,江苏,运输设备,20100312,,L,SZSE,主板
002366.SZ,002366,融发核电,四川,专用机械,20100312,,L,SZSE,主板
002365.SZ,002365,永安药业,湖北,化学制药,20100305,,L,SZSE,主板
002364.SZ,002364,中恒电气,浙江,电气设备,20100305,,L,SZSE,主板
002363.SZ,002363,隆基机械,山东,汽车配件,20100305,,L,SZSE,主板
002362.SZ,002362,汉王科技,北京,软件服务,20100303,,L,SZSE,主板
002361.SZ,002361,神剑股份,安徽,化工原料,20100303,,L,SZSE,主板
002360.SZ,002360,ST同德,山西,化工原料,20100303,,L,SZSE,主板
002358.SZ,002358,森源电气,河南,电气设备,20100210,,L,SZSE,主板
002357.SZ,002357,富临运业,四川,公共交通,20100210,,L,SZSE,主板
002356.SZ,002356,鹏飞绿能,深圳,其他商业,20100209,,L,SZSE,主板
002355.SZ,002355,兴民智通,山东,汽车配件,20100209,,L,SZSE,主板
002354.SZ,002354,天娱数科,辽宁,互联网,20100209,,L,SZSE,主板
002353.SZ,002353,杰瑞股份,山东,化工机械,20100205,,L,SZSE,主板
002352.SZ,002352,顺丰控股,深圳,仓储物流,20100205,,L,SZSE,主板
002351.SZ,002351,漫步者,深圳,IT设备,20100205,,L,SZSE,主板
002350.SZ,002350,北京科锐,北京,电气设备,20100203,,L,SZSE,主板
002349.SZ,002349,精华制药,江苏,中成药,20100203,,L,SZSE,主板
002348.SZ,002348,高乐股份,广东,文教休闲,20100203,,L,SZSE,主板
002347.SZ,002347,泰尔股份,安徽,机械基件,20100128,,L,SZSE,主板
002346.SZ,002346,柘中股份,上海,电气设备,20100128,,L,SZSE,主板
002345.SZ,002345,潮宏基,广东,服饰,20100128,,L,SZSE,主板
002344.SZ,002344,海宁皮城,浙江,商品城,20100126,,L,SZSE,主板
002343.SZ,002343,慈文传媒,江西,影视音像,20100126,,L,SZSE,主板
002342.SZ,002342,巨力索具,河北,机械基件,20100126,,L,SZSE,主板
002340.SZ,002340,格林美,深圳,小金属,20100122,,L,SZSE,主板
002339.SZ,002339,积成电子,山东,电气设备,20100122,,L,SZSE,主板
002338.SZ,002338,奥普光电,吉林,电器仪表,20100115,,L,SZSE,主板
002337.SZ,002337,赛象科技,天津,化工机械,20100115,,L,SZSE,主板
002335.SZ,002335,科华数据,福建,电气设备,20100113,,L,SZSE,主板
002334.SZ,002334,英威腾,深圳,电气设备,20100113,,L,SZSE,主板
002333.SZ,002333,罗普斯金,江苏,其他建材,20100112,,L,SZSE,主板
002332.SZ,002332,仙琚制药,浙江,化学制药,20100112,,L,SZSE,主板
002331.SZ,002331,皖通科技,安徽,软件服务,20100106,,L,SZSE,主板
002330.SZ,002330,得利斯,山东,食品,20100106,,L,SZSE,主板
002329.SZ,002329,皇氏集团,广西,乳制品,20100106,,L,SZSE,主板
002328.SZ,002328,新朋股份,上海,汽车配件,20091230,,L,SZSE,主板
002327.SZ,002327,富安娜,深圳,纺织,20091230,,L,SZSE,主板
002326.SZ,002326,永太科技,浙江,化工原料,20091222,,L,SZSE,主板
002324.SZ,002324,普利特,上海,塑料,20091218,,L,SZSE,主板
002323.SZ,002323,*ST雅博,山东,建筑工程,20091218,,L,SZSE,主板
002322.SZ,002322,理工能科,浙江,软件服务,20091218,,L,SZSE,主板
002321.SZ,002321,华英农业,河南,农业综合,20091216,,L,SZSE,主板
002320.SZ,002320,海峡股份,海南,水运,20091216,,L,SZSE,主板
002319.SZ,002319,乐通股份,广东,染料涂料,20091211,,L,SZSE,主板
002318.SZ,002318,久立特材,浙江,特种钢,20091211,,L,SZSE,主板
002317.SZ,002317,众生药业,广东,中成药,20091211,,L,SZSE,主板
002316.SZ,002316,亚联发展,吉林,软件服务,20091209,,L,SZSE,主板
002315.SZ,002315,焦点科技,江苏,互联网,20091209,,L,SZSE,主板
002314.SZ,002314,南山控股,深圳,区域地产,20091203,,L,SZSE,主板
002313.SZ,002313,日海智能,深圳,通信设备,20091203,,L,SZSE,主板
002312.SZ,002312,川发龙蟒,四川,化工原料,20091203,,L,SZSE,主板
002311.SZ,002311,海大集团,广东,饲料,20091127,,L,SZSE,主板
002310.SZ,002310,东方新能,北京,新型电力,20091127,,L,SZSE,主板
002309.SZ,002309,中利集团,江苏,电气设备,20091127,,L,SZSE,主板
002307.SZ,002307,北新路桥,新疆,建筑工程,20091111,,L,SZSE,主板
002306.SZ,002306,ST云网,北京,酒店餐饮,20091111,,L,SZSE,主板
002305.SZ,002305,*ST南置,湖北,区域地产,20091106,,L,SZSE,主板
002304.SZ,002304,洋河股份,江苏,白酒,20091106,,L,SZSE,主板
002303.SZ,002303,美盈森,深圳,造纸,20091103,,L,SZSE,主板
002302.SZ,002302,西部建设,新疆,水泥,20091103,,L,SZSE,主板
002301.SZ,002301,齐心集团,深圳,文教休闲,20091021,,L,SZSE,主板
002300.SZ,002300,太阳电缆,福建,电气设备,20091021,,L,SZSE,主板
002299.SZ,002299,圣农发展,福建,农业综合,20091021,,L,SZSE,主板
002298.SZ,002298,中电鑫龙,安徽,电气设备,20090929,,L,SZSE,主板
002297.SZ,002297,博云新材,湖南,航空,20090929,,L,SZSE,主板
002296.SZ,002296,辉煌科技,河南,通信设备,20090929,,L,SZSE,主板
002295.SZ,002295,精艺股份,广东,铜,20090929,,L,SZSE,主板
002294.SZ,002294,信立泰,深圳,化学制药,20090910,,L,SZSE,主板
002293.SZ,002293,罗莱生活,江苏,纺织,20090910,,L,SZSE,主板
002292.SZ,002292,奥飞娱乐,广东,影视音像,20090910,,L,SZSE,主板
002291.SZ,002291,遥望科技,广东,广告包装,20090903,,L,SZSE,主板
002290.SZ,002290,禾盛新材,江苏,家用电器,20090903,,L,SZSE,主板
002289.SZ,002289,宇顺电子,深圳,元器件,20090903,,L,SZSE,主板
002287.SZ,002287,奇正藏药,西藏,中成药,20090828,,L,SZSE,主板
002286.SZ,002286,保龄宝,山东,食品,20090828,,L,SZSE,主板
002285.SZ,002285,世联行,深圳,房产服务,20090828,,L,SZSE,主板
002284.SZ,002284,亚太股份,浙江,汽车配件,20090828,,L,SZSE,主板
002283.SZ,002283,天润工业,山东,汽车配件,20090821,,L,SZSE,主板
002282.SZ,002282,博深股份,河北,机械基件,20090821,,L,SZSE,主板
002281.SZ,002281,光迅科技,湖北,通信设备,20090821,,L,SZSE,主板
002279.SZ,002279,久其软件,北京,软件服务,20090811,,L,SZSE,主板
002278.SZ,002278,神开股份,上海,化工机械,20090811,,L,SZSE,主板
002277.SZ,002277,友阿股份,湖南,百货,20090717,,L,SZSE,主板
002276.SZ,002276,万马股份,浙江,电气设备,20090710,,L,SZSE,主板
002275.SZ,002275,桂林三金,广西,中成药,20090710,,L,SZSE,主板
002274.SZ,002274,华昌化工,江苏,农药化肥,20080925,,L,SZSE,主板
002273.SZ,002273,水晶光电,浙江,元器件,20080919,,L,SZSE,主板
002272.SZ,002272,川润股份,四川,机械基件,20080919,,L,SZSE,主板
002271.SZ,002271,东方雨虹,北京,其他建材,20080910,,L,SZSE,主板
002270.SZ,002270,华明装备,山东,电气设备,20080905,,L,SZSE,主板
002269.SZ,002269,美邦服饰,上海,服饰,20080828,,L,SZSE,主板
002268.SZ,002268,电科网安,四川,IT设备,20080811,,L,SZSE,主板
002267.SZ,002267,陕天然气,陕西,供气供热,20080813,,L,SZSE,主板
002266.SZ,002266,浙富控股,浙江,环境保护,20080806,,L,SZSE,主板
002265.SZ,002265,建设工业,云南,专用机械,20080806,,L,SZSE,主板
002264.SZ,002264,新华都,福建,互联网,20080731,,L,SZSE,主板
002263.SZ,002263,大东南,浙江,塑料,20080728,,L,SZSE,主板
002262.SZ,002262,恩华药业,江苏,化学制药,20080723,,L,SZSE,主板
002261.SZ,002261,拓维信息,湖南,软件服务,20080723,,L,SZSE,主板
002259.SZ,002259,升达林业,四川,供气供热,20080716,,L,SZSE,主板
002258.SZ,002258,利尔化学,四川,农药化肥,20080708,,L,SZSE,主板
002256.SZ,002256,兆新股份,深圳,新型电力,20080625,,L,SZSE,主板
002255.SZ,002255,海陆重工,江苏,专用机械,20080625,,L,SZSE,主板
002254.SZ,002254,泰和新材,山东,化纤,20080625,,L,SZSE,主板
002253.SZ,002253,川大智胜,四川,软件服务,20080623,,L,SZSE,主板
002252.SZ,002252,上海莱士,上海,生物制药,20080623,,L,SZSE,主板
002251.SZ,002251,步步高,湖南,超市连锁,20080619,,L,SZSE,主板
002250.SZ,002250,联化科技,浙江,化工原料,20080619,,L,SZSE,主板
002249.SZ,002249,大洋电机,广东,电气设备,20080619,,L,SZSE,主板
002248.SZ,002248,华东数控,山东,机床制造,20080612,,L,SZSE,主板
002247.SZ,002247,聚力文化,浙江,其他建材,20080612,,L,SZSE,主板
002246.SZ,002246,北化股份,四川,化工原料,20080605,,L,SZSE,主板
002245.SZ,002245,蔚蓝锂芯,江苏,电气设备,20080605,,L,SZSE,主板
002244.SZ,002244,滨江集团,浙江,区域地产,20080529,,L,SZSE,主板
002243.SZ,002243,力合科创,深圳,广告包装,20080528,,L,SZSE,主板
002242.SZ,002242,九阳股份,山东,家用电器,20080528,,L,SZSE,主板
002241.SZ,002241,歌尔股份,山东,元器件,20080522,,L,SZSE,主板
002240.SZ,002240,盛新锂能,四川,小金属,20080523,,L,SZSE,主板
002239.SZ,002239,奥特佳,江苏,汽车配件,20080522,,L,SZSE,主板
002238.SZ,002238,天威视讯,深圳,影视音像,20080526,,L,SZSE,主板
002237.SZ,002237,恒邦股份,山东,黄金,20080520,,L,SZSE,主板
002236.SZ,002236,大华股份,浙江,IT设备,20080520,,L,SZSE,主板
002235.SZ,002235,安妮股份,福建,造纸,20080516,,L,SZSE,主板
002234.SZ,002234,民和股份,山东,农业综合,20080516,,L,SZSE,主板
002233.SZ,002233,塔牌集团,广东,水泥,20080516,,L,SZSE,主板
002232.SZ,002232,启明信息,吉林,软件服务,20080509,,L,SZSE,主板
002230.SZ,002230,科大讯飞,安徽,软件服务,20080512,,L,SZSE,主板
002229.SZ,002229,鸿博股份,福建,广告包装,20080508,,L,SZSE,主板
002228.SZ,002228,合兴包装,福建,广告包装,20080508,,L,SZSE,主板
002227.SZ,002227,*ST特迅,深圳,电气设备,20080506,,L,SZSE,主板
002226.SZ,002226,江南化工,安徽,化工原料,20080506,,L,SZSE,主板
002225.SZ,002225,濮耐股份,河南,其他建材,20080425,,L,SZSE,主板
002224.SZ,002224,三力士,浙江,橡胶,20080425,,L,SZSE,主板
002223.SZ,002223,鱼跃医疗,江苏,医疗保健,20080418,,L,SZSE,主板
002222.SZ,002222,福晶科技,福建,元器件,20080319,,L,SZSE,主板
002221.SZ,002221,东华能源,广东,石油加工,20080306,,L,SZSE,主板
002219.SZ,002219,新里程,甘肃,医疗保健,20080306,,L,SZSE,主板
002218.SZ,002218,拓日新能,深圳,新型电力,20080228,,L,SZSE,主板
002217.SZ,002217,ST合力泰,福建,元器件,20080220,,L,SZSE,主板
002216.SZ,002216,三全食品,河南,食品,20080220,,L,SZSE,主板
002215.SZ,002215,诺普信,深圳,农药化肥,20080218,,L,SZSE,主板
002214.SZ,002214,大立科技,浙江,电器仪表,20080218,,L,SZSE,主板
002213.SZ,002213,大为股份,深圳,半导体,20080201,,L,SZSE,主板
002212.SZ,002212,天融信,广东,软件服务,20080201,,L,SZSE,主板
002211.SZ,002211,ST宏达,上海,橡胶,20080201,,L,SZSE,主板
002210.SZ,002210,飞马国际,深圳,环境保护,20080130,,L,SZSE,主板
002209.SZ,002209,达意隆,广东,轻工机械,20080130,,L,SZSE,主板
002208.SZ,002208,合肥城建,安徽,区域地产,20080128,,L,SZSE,主板
002207.SZ,002207,*ST准油,新疆,石油开采,20080128,,L,SZSE,主板
002206.SZ,002206,海利得,浙江,化纤,20080123,,L,SZSE,主板
002205.SZ,002205,国统股份,新疆,水泥,20080123,,L,SZSE,主板
002204.SZ,002204,大连重工,辽宁,专用机械,20080116,,L,SZSE,主板
002203.SZ,002203,海亮股份,浙江,铜,20080116,,L,SZSE,主板
002202.SZ,002202,金风科技,新疆,电气设备,20071226,,L,SZSE,主板
002201.SZ,002201,九鼎新材,江苏,玻璃,20071226,,L,SZSE,主板
002200.SZ,002200,交投生态,云南,建筑工程,20071221,,L,SZSE,主板
002199.SZ,002199,东晶电子,浙江,元器件,20071221,,L,SZSE,主板
002198.SZ,002198,ST嘉应,广东,中成药,20071218,,L,SZSE,主板
002197.SZ,002197,证通电子,深圳,IT设备,20071218,,L,SZSE,主板
002196.SZ,002196,方正电机,浙江,纺织机械,20071212,,L,SZSE,主板
002195.SZ,002195,岩山科技,上海,软件服务,20071212,,L,SZSE,主板
002194.SZ,002194,武汉凡谷,湖北,通信设备,20071207,,L,SZSE,主板
002193.SZ,002193,ST如意,山东,纺织,20071207,,L,SZSE,主板
002192.SZ,002192,融捷股份,广东,小金属,20071205,,L,SZSE,主板
002191.SZ,002191,劲嘉股份,深圳,广告包装,20071205,,L,SZSE,主板
002190.SZ,002190,成飞集成,四川,汽车配件,20071203,,L,SZSE,主板
002189.SZ,002189,中光学,河南,元器件,20071203,,L,SZSE,主板
002188.SZ,002188,中天服务,浙江,房产服务,20071122,,L,SZSE,主板
002187.SZ,002187,广百股份,广东,百货,20071122,,L,SZSE,主板
002186.SZ,002186,全聚德,北京,酒店餐饮,20071120,,L,SZSE,主板
002185.SZ,002185,华天科技,甘肃,半导体,20071120,,L,SZSE,主板
002184.SZ,002184,海得控制,上海,机械基件,20071116,,L,SZSE,主板
002183.SZ,002183,怡亚通,深圳,仓储物流,20071113,,L,SZSE,主板
002182.SZ,002182,宝武镁业,江苏,小金属,20071113,,L,SZSE,主板
002181.SZ,002181,粤传媒,广东,出版业,20071116,,L,SZSE,主板
002180.SZ,002180,奔图科技,广东,IT设备,20071113,,L,SZSE,主板
002179.SZ,002179,中航光电,河南,元器件,20071101,,L,SZSE,主板
002178.SZ,002178,延华智能,上海,软件服务,20071101,,L,SZSE,主板
002177.SZ,002177,御银股份,广东,其他商业,20071101,,L,SZSE,主板
002176.SZ,002176,江特电机,江西,小金属,20071012,,L,SZSE,主板
002175.SZ,002175,*ST东智,广西,电器仪表,20071012,,L,SZSE,主板
002174.SZ,002174,游族网络,福建,互联网,20070925,,L,SZSE,主板
002173.SZ,002173,创新医疗,浙江,医疗保健,20070925,,L,SZSE,主板
002172.SZ,002172,澳洋健康,江苏,医疗保健,20070921,,L,SZSE,主板
002171.SZ,002171,楚江新材,安徽,铜,20070921,,L,SZSE,主板
002170.SZ,002170,芭田股份,深圳,农药化肥,20070919,,L,SZSE,主板
002169.SZ,002169,智光电气,广东,电气设备,20070919,,L,SZSE,主板
002168.SZ,002168,ST惠程,重庆,电气设备,20070919,,L,SZSE,主板
002167.SZ,002167,东方锆业,广东,小金属,20070913,,L,SZSE,主板
002166.SZ,002166,莱茵生物,广西,中成药,20070913,,L,SZSE,主板
002165.SZ,002165,红宝丽,江苏,化工原料,20070913,,L,SZSE,主板
002164.SZ,002164,宁波东力,浙江,机械基件,20070823,,L,SZSE,主板
002163.SZ,002163,海南发展,深圳,装修装饰,20070823,,L,SZSE,主板
002162.SZ,002162,悦心健康,上海,陶瓷,20070823,,L,SZSE,主板
002161.SZ,002161,远望谷,深圳,通信设备,20070821,,L,SZSE,主板
002160.SZ,002160,常铝股份,江苏,铝,20070821,,L,SZSE,主板
002159.SZ,002159,三特索道,湖北,旅游服务,20070817,,L,SZSE,主板
002158.SZ,002158,汉钟精机,上海,工程机械,20070817,,L,SZSE,主板
002157.SZ,002157,正邦科技,江西,农业综合,20070817,,L,SZSE,主板
002156.SZ,002156,通富微电,江苏,半导体,20070816,,L,SZSE,主板
002155.SZ,002155,湖南黄金,湖南,黄金,20070816,,L,SZSE,主板
002154.SZ,002154,报喜鸟,浙江,服饰,20070816,,L,SZSE,主板
002153.SZ,002153,石基信息,北京,软件服务,20070813,,L,SZSE,主板
002152.SZ,002152,广电运通,广东,IT设备,20070813,,L,SZSE,主板
002151.SZ,002151,北斗星通,北京,通信设备,20070813,,L,SZSE,主板
002150.SZ,002150,正泰电源,江苏,机械基件,20070810,,L,SZSE,主板
002149.SZ,002149,西部材料,陕西,小金属,20070810,,L,SZSE,主板
002148.SZ,002148,北纬科技,北京,互联网,20070810,,L,SZSE,主板
002146.SZ,002146,荣盛发展,河北,全国地产,20070808,,L,SZSE,主板
002145.SZ,002145,钛能化学,甘肃,化工原料,20070803,,L,SZSE,主板
002144.SZ,002144,宏达高科,浙江,纺织,20070803,,L,SZSE,主板
002142.SZ,002142,宁波银行,浙江,银行,20070719,,L,SZSE,主板
002141.SZ,002141,贤丰控股,广东,元器件,20070720,,L,SZSE,主板
002140.SZ,002140,东华科技,安徽,建筑工程,20070712,,L,SZSE,主板
002139.SZ,002139,拓邦股份,深圳,元器件,20070629,,L,SZSE,主板
002138.SZ,002138,顺络电子,深圳,元器件,20070613,,L,SZSE,主板
002137.SZ,002137,实益达,深圳,元器件,20070613,,L,SZSE,主板
002136.SZ,002136,安纳达,安徽,化工原料,20070530,,L,SZSE,主板
002135.SZ,002135,东南网架,浙江,钢加工,20070530,,L,SZSE,主板
002134.SZ,002134,天津普林,天津,元器件,20070516,,L,SZSE,主板
002133.SZ,002133,广宇集团,浙江,全国地产,20070427,,L,SZSE,主板
002132.SZ,002132,恒星科技,河南,钢加工,20070427,,L,SZSE,主板
002131.SZ,002131,利欧股份,浙江,互联网,20070427,,L,SZSE,主板
002130.SZ,002130,沃尔核材,深圳,电气设备,20070420,,L,SZSE,主板
002129.SZ,002129,TCL中环,天津,电气设备,20070420,,L,SZSE,主板
002128.SZ,002128,电投能源,内蒙,煤炭开采,20070418,,L,SZSE,主板
002127.SZ,002127,南极电商,江苏,互联网,20070418,,L,SZSE,主板
002126.SZ,002126,银轮股份,浙江,汽车配件,20070418,,L,SZSE,主板
002125.SZ,002125,湘潭电化,湖南,化工原料,20070403,,L,SZSE,主板
002124.SZ,002124,天邦食品,浙江,农业综合,20070403,,L,SZSE,主板
002123.SZ,002123,梦网科技,辽宁,互联网,20070328,,L,SZSE,主板
002122.SZ,002122,ST汇洲,浙江,机床制造,20070328,,L,SZSE,主板
002121.SZ,002121,科陆电子,深圳,电器仪表,20070306,,L,SZSE,主板
002120.SZ,002120,韵达股份,浙江,仓储物流,20070306,,L,SZSE,主板
002119.SZ,002119,康强电子,浙江,半导体,20070302,,L,SZSE,主板
002117.SZ,002117,东港股份,山东,广告包装,20070302,,L,SZSE,主板
002116.SZ,002116,中国海诚,上海,建筑工程,20070215,,L,SZSE,主板
002115.SZ,002115,三维通信,浙江,互联网,20070215,,L,SZSE,主板
002114.SZ,002114,罗平锌电,云南,铅锌,20070215,,L,SZSE,主板
002112.SZ,002112,三变科技,浙江,电气设备,20070208,,L,SZSE,主板
002111.SZ,002111,威海广泰,山东,航空,20070126,,L,SZSE,主板
002110.SZ,002110,三钢闽光,福建,普钢,20070126,,L,SZSE,主板
002109.SZ,002109,ST兴化,陕西,化工原料,20070126,,L,SZSE,主板
002108.SZ,002108,沧州明珠,河北,塑料,20070124,,L,SZSE,主板
002107.SZ,002107,沃华医药,山东,中成药,20070124,,L,SZSE,主板
002106.SZ,002106,莱宝高科,深圳,元器件,20070112,,L,SZSE,主板
002105.SZ,002105,信隆健康,深圳,摩托车,20070112,,L,SZSE,主板
002104.SZ,002104,恒宝股份,江苏,通信设备,20070110,,L,SZSE,主板
002103.SZ,002103,广博股份,浙江,文教休闲,20070110,,L,SZSE,主板
002102.SZ,002102,ST能特,湖北,化学制药,20061229,,L,SZSE,主板
002101.SZ,002101,广东鸿图,广东,汽车配件,20061229,,L,SZSE,主板
002100.SZ,002100,天康生物,新疆,饲料,20061226,,L,SZSE,主板
002099.SZ,002099,海翔药业,浙江,化学制药,20061226,,L,SZSE,主板
002098.SZ,002098,浔兴股份,福建,服饰,20061222,,L,SZSE,主板
002097.SZ,002097,山河智能,湖南,工程机械,20061222,,L,SZSE,主板
002096.SZ,002096,易普力,湖南,化工原料,20061222,,L,SZSE,主板
002095.SZ,002095,生意宝,浙江,互联网,20061215,,L,SZSE,主板
002094.SZ,002094,青岛金王,山东,日用化工,20061215,,L,SZSE,主板
002093.SZ,002093,国脉科技,福建,文教休闲,20061215,,L,SZSE,主板
002092.SZ,002092,中泰化学,新疆,化工原料,20061208,,L,SZSE,主板
002091.SZ,002091,江苏国泰,江苏,商贸代理,20061208,,L,SZSE,主板
002090.SZ,002090,金智科技,江苏,电气设备,20061208,,L,SZSE,主板
002088.SZ,002088,鲁阳节能,山东,矿物制品,20061130,,L,SZSE,主板
002086.SZ,002086,东方海洋,山东,渔业,20061128,,L,SZSE,主板
002085.SZ,002085,万丰奥威,浙江,汽车配件,20061128,,L,SZSE,主板
002084.SZ,002084,海鸥住工,广东,家居用品,20061124,,L,SZSE,主板
002083.SZ,002083,孚日股份,山东,纺织,20061124,,L,SZSE,主板
002082.SZ,002082,ST万邦,浙江,中成药,20061120,,L,SZSE,主板
002081.SZ,002081,金螳螂,江苏,装修装饰,20061120,,L,SZSE,主板
002080.SZ,002080,中材科技,江苏,玻璃,20061120,,L,SZSE,主板
002079.SZ,002079,苏州固锝,江苏,电气设备,20061116,,L,SZSE,主板
002078.SZ,002078,太阳纸业,山东,造纸,20061116,,L,SZSE,主板
002077.SZ,002077,大港股份,江苏,半导体,20061116,,L,SZSE,主板
002076.SZ,002076,星光股份,广东,家用电器,20061025,,L,SZSE,主板
002075.SZ,002075,沙钢股份,江苏,特种钢,20061025,,L,SZSE,主板
002074.SZ,002074,国轩高科,安徽,电气设备,20061018,,L,SZSE,主板
002073.SZ,002073,软控股份,山东,专用机械,20061018,,L,SZSE,主板
002072.SZ,002072,凯瑞德,湖北,商贸代理,20061018,,L,SZSE,主板
002069.SZ,002069,獐子岛,辽宁,渔业,20060928,,L,SZSE,主板
002068.SZ,002068,黑猫股份,江西,化工原料,20060915,,L,SZSE,主板
002067.SZ,002067,景兴纸业,浙江,造纸,20060915,,L,SZSE,主板
002066.SZ,002066,瑞泰科技,北京,其他建材,20060823,,L,SZSE,主板
002065.SZ,002065,东华软件,北京,软件服务,20060823,,L,SZSE,主板
002064.SZ,002064,华峰化学,浙江,化纤,20060823,,L,SZSE,主板
002063.SZ,002063,远光软件,广东,软件服务,20060823,,L,SZSE,主板
002062.SZ,002062,宏润建设,浙江,建筑工程,20060816,,L,SZSE,主板
002061.SZ,002061,浙江交科,浙江,建筑工程,20060816,,L,SZSE,主板
002060.SZ,002060,广东建工,广东,建筑工程,20060810,,L,SZSE,主板
002059.SZ,002059,云南旅游,云南,旅游景点,20060810,,L,SZSE,主板
002058.SZ,002058,紫竹高科,上海,电气设备,20060802,,L,SZSE,主板
002057.SZ,002057,中钢天源,安徽,矿物制品,20060802,,L,SZSE,主板
002056.SZ,002056,横店东磁,浙江,电气设备,20060802,,L,SZSE,主板
002055.SZ,002055,ST得润,深圳,元器件,20060725,,L,SZSE,主板
002054.SZ,002054,德美化工,广东,染料涂料,20060725,,L,SZSE,主板
002053.SZ,002053,云南能投,云南,新型电力,20060627,,L,SZSE,主板
002052.SZ,002052,同洲电子,深圳,家用电器,20060627,,L,SZSE,主板
002051.SZ,002051,中工国际,北京,建筑工程,20060619,,L,SZSE,主板
002050.SZ,002050,三花智控,浙江,家用电器,20050607,,L,SZSE,主板
002049.SZ,002049,紫光国微,河北,半导体,20050606,,L,SZSE,主板
002048.SZ,002048,宁波华翔,浙江,汽车配件,20050603,,L,SZSE,主板
002047.SZ,002047,宝鹰股份,深圳,装修装饰,20050531,,L,SZSE,主板
002046.SZ,002046,国机精工,河南,机械基件,20050526,,L,SZSE,主板
002045.SZ,002045,国光电器,广东,元器件,20050523,,L,SZSE,主板
002044.SZ,002044,美年健康,浙江,医疗保健,20050518,,L,SZSE,主板
002043.SZ,002043,兔宝宝,浙江,其他建材,20050510,,L,SZSE,主板
002042.SZ,002042,华孚时尚,安徽,纺织,20050427,,L,SZSE,主板
002041.SZ,002041,登海种业,山东,种植业,20050418,,L,SZSE,主板
002040.SZ,002040,南京港,江苏,港口,20050325,,L,SZSE,主板
002039.SZ,002039,黔源电力,贵州,水力发电,20050303,,L,SZSE,主板
002038.SZ,002038,双鹭药业,北京,生物制药,20040909,,L,SZSE,主板
002037.SZ,002037,保利联合,贵州,化工原料,20040908,,L,SZSE,主板
002036.SZ,002036,联创电子,江西,元器件,20040903,,L,SZSE,主板
002035.SZ,002035,华帝股份,广东,家用电器,20040901,,L,SZSE,主板
002034.SZ,002034,旺能环境,浙江,环境保护,20040826,,L,SZSE,主板
002033.SZ,002033,丽江股份,云南,旅游景点,20040825,,L,SZSE,主板
002032.SZ,002032,苏泊尔,浙江,家用电器,20040817,,L,SZSE,主板
002031.SZ,002031,巨轮智能,广东,汽车配件,20040816,,L,SZSE,主板
002030.SZ,002030,达安基因,广东,医疗保健,20040809,,L,SZSE,主板
002029.SZ,002029,七匹狼,福建,服饰,20040806,,L,SZSE,主板
002028.SZ,002028,思源电气,上海,电气设备,20040805,,L,SZSE,主板
002027.SZ,002027,分众传媒,上海,广告包装,20040804,,L,SZSE,主板
002026.SZ,002026,山东威达,山东,机械基件,20040727,,L,SZSE,主板
002025.SZ,002025,航天电器,贵州,元器件,20040726,,L,SZSE,主板
002024.SZ,002024,ST易购,江苏,电器连锁,20040721,,L,SZSE,主板
002023.SZ,002023,海特高新,四川,航空,20040721,,L,SZSE,主板
002022.SZ,002022,科华生物,上海,医疗保健,20040721,,L,SZSE,主板
002021.SZ,002021,中捷资源,浙江,纺织机械,20040715,,L,SZSE,主板
002020.SZ,002020,京新药业,浙江,化学制药,20040715,,L,SZSE,主板
002019.SZ,002019,亿帆医药,浙江,化学制药,20040713,,L,SZSE,主板
002017.SZ,002017,东信和平,广东,通信设备,20040713,,L,SZSE,主板
002016.SZ,002016,世荣兆业,广东,区域地产,20040708,,L,SZSE,主板
002015.SZ,002015,协鑫能科,江苏,新型电力,20040708,,L,SZSE,主板
002014.SZ,002014,永新股份,安徽,塑料,20040708,,L,SZSE,主板
002012.SZ,002012,凯恩股份,浙江,造纸,20040705,,L,SZSE,主板
002011.SZ,002011,盾安环境,浙江,家用电器,20040705,,L,SZSE,主板
002010.SZ,002010,传化智联,浙江,仓储物流,20040629,,L,SZSE,主板
002009.SZ,002009,天奇股份,江苏,工程机械,20040629,,L,SZSE,主板
002008.SZ,002008,大族激光,深圳,专用机械,20040625,,L,SZSE,主板
002007.SZ,002007,华兰生物,河南,生物制药,20040625,,L,SZSE,主板
002006.SZ,002006,精工科技,浙江,专用机械,20040625,,L,SZSE,主板
002005.SZ,002005,德豪润达,安徽,家用电器,20040625,,L,SZSE,主板
002004.SZ,002004,华邦健康,重庆,农药化肥,20040625,,L,SZSE,主板
002003.SZ,002003,伟星股份,浙江,服饰,20040625,,L,SZSE,主板
002001.SZ,002001,新和成,浙江,化学制药,20040625,,L,SZSE,主板
001979.SZ,001979,招商蛇口,深圳,全国地产,20151230,,L,SZSE,主板
001965.SZ,001965,招商公路,天津,路桥,20171225,,L,SZSE,主板
001914.SZ,001914,招商积余,深圳,房产服务,19940928,,L,SZSE,主板
001896.SZ,001896,豫能控股,河南,火力发电,19980122,,L,SZSE,主板
001872.SZ,001872,招商港口,深圳,港口,19930505,,L,SZSE,主板
001696.SZ,001696,宗申动力,重庆,摩托车,19970306,,L,SZSE,主板
001400.SZ,001400,江顺科技,江苏,专用机械,20250424,,L,SZSE,主板
001396.SZ,001396,誉帆科技,上海,建筑工程,20251230,,L,SZSE,主板
001395.SZ,001395,亚联机械,吉林,专用机械,20250127,,L,SZSE,主板
001391.SZ,001391,国货航,北京,仓储物流,20241230,,L,SZSE,主板
001390.SZ,001390,古麒绒材,安徽,纺织,20250529,,L,SZSE,主板
001389.SZ,001389,广合科技,广东,元器件,20240402,,L,SZSE,主板
001388.SZ,001388,信通电子,山东,电气设备,20250701,,L,SZSE,主板
001387.SZ,001387,雪祺电气,安徽,家用电器,20240111,,L,SZSE,主板
001386.SZ,001386,马可波罗,广东,家居用品,20251022,,L,SZSE,主板
001382.SZ,001382,新亚电缆,广东,电气设备,20250321,,L,SZSE,主板
001380.SZ,001380,华纬科技,浙江,汽车配件,20230516,,L,SZSE,主板
001379.SZ,001379,腾达科技,山东,机械基件,20240119,,L,SZSE,主板
001378.SZ,001378,德冠新材,广东,塑料,20231030,,L,SZSE,主板
001376.SZ,001376,百通能源,江西,供气供热,20231103,,L,SZSE,主板
001373.SZ,001373,翔腾新材,江苏,元器件,20230601,,L,SZSE,主板
001369.SZ,001369,双欣材料,内蒙,化纤,20251230,,L,SZSE,主板
001368.SZ,001368,通达创智,福建,文教休闲,20230313,,L,SZSE,主板
001367.SZ,001367,海森药业,浙江,化学制药,20230410,,L,SZSE,主板
001366.SZ,001366,播恩集团,江西,饲料,20230307,,L,SZSE,主板
001360.SZ,001360,南矿集团,江西,工程机械,20230410,,L,SZSE,主板
001359.SZ,001359,平安电工,湖北,矿物制品,20240328,,L,SZSE,主板
001358.SZ,001358,兴欣新材,浙江,化工原料,20231221,,L,SZSE,主板
001356.SZ,001356,富岭股份,浙江,塑料,20250123,,L,SZSE,主板
001339.SZ,001339,智微智能,深圳,IT设备,20220815,,L,SZSE,主板
001338.SZ,001338,永顺泰,广东,啤酒,20221116,,L,SZSE,主板
001337.SZ,001337,四川黄金,四川,黄金,20230303,,L,SZSE,主板
001336.SZ,001336,楚环科技,浙江,专用机械,20220725,,L,SZSE,主板
001335.SZ,001335,信凯科技,浙江,化工原料,20250415,,L,SZSE,主板
001333.SZ,001333,光华股份,浙江,化工原料,20221208,,L,SZSE,主板
001332.SZ,001332,锡装股份,江苏,专用机械,20220920,,L,SZSE,主板
001331.SZ,001331,胜通能源,山东,供气供热,20220908,,L,SZSE,主板
001330.SZ,001330,博纳影业,新疆,影视音像,20220818,,L,SZSE,主板
001328.SZ,001328,登康口腔,重庆,日用化工,20230410,,L,SZSE,主板
001326.SZ,001326,联域股份,深圳,电气设备,20231109,,L,SZSE,主板
001325.SZ,001325,元创股份,浙江,橡胶,20251218,,L,SZSE,主板
001324.SZ,001324,长青科技,江苏,运输设备,20230522,,L,SZSE,主板
001323.SZ,001323,慕思股份,广东,家居用品,20220623,,L,SZSE,主板
001322.SZ,001322,箭牌家居,广东,家居用品,20221026,,L,SZSE,主板
001319.SZ,001319,铭科精技,广东,汽车配件,20220512,,L,SZSE,主板
001318.SZ,001318,阳光乳业,江西,乳制品,20220520,,L,SZSE,主板
001317.SZ,001317,三羊马,重庆,铁路,20211130,,L,SZSE,主板
001316.SZ,001316,润贝航科,深圳,批发业,20220624,,L,SZSE,主板
001314.SZ,001314,亿道信息,深圳,元器件,20230214,,L,SZSE,主板
001313.SZ,001313,粤海饲料,广东,饲料,20220216,,L,SZSE,主板
001311.SZ,001311,多利科技,安徽,汽车配件,20230227,,L,SZSE,主板
001309.SZ,001309,德明利,深圳,半导体,20220701,,L,SZSE,主板
001308.SZ,001308,康冠科技,深圳,元器件,20220318,,L,SZSE,主板
001306.SZ,001306,夏厦精密,浙江,机械基件,20231116,,L,SZSE,主板
001301.SZ,001301,尚太科技,河北,电气设备,20221228,,L,SZSE,主板
001300.SZ,001300,三柏硕,山东,文教休闲,20221019,,L,SZSE,主板
001299.SZ,001299,美能能源,陕西,供气供热,20221031,,L,SZSE,主板
001298.SZ,001298,好上好,深圳,元器件,20221031,,L,SZSE,主板
001296.SZ,001296,长江材料,重庆,其他建材,20211224,,L,SZSE,主板
001289.SZ,001289,龙源电力,北京,新型电力,20220124,,L,SZSE,主板
001288.SZ,001288,运机集团,四川,专用机械,20211101,,L,SZSE,主板
001287.SZ,001287,中电港,深圳,元器件,20230410,,L,SZSE,主板
001286.SZ,001286,陕西能源,陕西,火力发电,20230410,,L,SZSE,主板
001285.SZ,001285,瑞立科密,广东,汽车配件,20250930,,L,SZSE,主板
001283.SZ,001283,豪鹏科技,深圳,电气设备,20220905,,L,SZSE,主板
001282.SZ,001282,三联锻造,安徽,汽车配件,20230524,,L,SZSE,主板
001280.SZ,001280,中国铀业,北京,小金属,20251203,,L,SZSE,主板
001279.SZ,001279,强邦新材,安徽,广告包装,20241011,,L,SZSE,主板
001278.SZ,001278,一彬科技,浙江,汽车配件,20230308,,L,SZSE,主板
001277.SZ,001277,速达股份,河南,专用机械,20240903,,L,SZSE,主板
001270.SZ,001270,铖昌科技,浙江,半导体,20220606,,L,SZSE,主板
001269.SZ,001269,欧晶科技,内蒙,矿物制品,20220930,,L,SZSE,主板
001268.SZ,001268,联合精密,广东,机械基件,20220630,,L,SZSE,主板
001267.SZ,001267,汇绿生态,湖北,通信设备,20211117,,L,SZSE,主板
001266.SZ,001266,宏英智能,上海,电器仪表,20220228,,L,SZSE,主板
001260.SZ,001260,坤泰股份,山东,汽车配件,20230216,,L,SZSE,主板
001259.SZ,001259,利仁科技,北京,家用电器,20220831,,L,SZSE,主板
001258.SZ,001258,立新能源,新疆,新型电力,20220727,,L,SZSE,主板
001256.SZ,001256,炜冈科技,浙江,轻工机械,20221205,,L,SZSE,主板
001255.SZ,001255,博菲电气,浙江,电气设备,20220930,,L,SZSE,主板
001239.SZ,001239,永达股份,湖南,工程机械,20231212,,L,SZSE,主板
001238.SZ,001238,浙江正特,浙江,家居用品,20220919,,L,SZSE,主板
001236.SZ,001236,弘业期货,江苏,多元金融,20220805,,L,SZSE,主板
001234.SZ,001234,泰慕士,江苏,服饰,20220111,,L,SZSE,主板
001233.SZ,001233,海安集团,福建,汽车配件,20251125,,L,SZSE,主板
001231.SZ,001231,农心科技,陕西,农药化肥,20220819,,L,SZSE,主板
001230.SZ,001230,劲旅环境,安徽,环境保护,20220715,,L,SZSE,主板
001229.SZ,001229,魅视科技,广东,IT设备,20220808,,L,SZSE,主板
001228.SZ,001228,永泰运,浙江,仓储物流,20220429,,L,SZSE,主板
001227.SZ,001227,兰州银行,甘肃,银行,20220117,,L,SZSE,主板
001226.SZ,001226,拓山重工,安徽,工程机械,20220622,,L,SZSE,主板
001225.SZ,001225,和泰机电,浙江,专用机械,20230222,,L,SZSE,主板
001223.SZ,001223,欧克科技,江西,专用机械,20221212,,L,SZSE,主板
001222.SZ,001222,源飞宠物,浙江,文教休闲,20220818,,L,SZSE,主板
001221.SZ,001221,悍高集团,广东,家居用品,20250730,,L,SZSE,主板
001219.SZ,001219,青岛食品,山东,食品,20211021,,L,SZSE,主板
001218.SZ,001218,丽臣实业,湖南,化工原料,20211015,,L,SZSE,主板
001217.SZ,001217,华尔泰,安徽,化工原料,20210929,,L,SZSE,主板
001216.SZ,001216,华瓷股份,湖南,家居用品,20211019,,L,SZSE,主板
001215.SZ,001215,千味央厨,河南,食品,20210906,,L,SZSE,主板
001213.SZ,001213,中铁特货,北京,铁路,20210908,,L,SZSE,主板
001212.SZ,001212,中旗新材,广东,其他建材,20210823,,L,SZSE,主板
001211.SZ,001211,双枪科技,浙江,家居用品,20210805,,L,SZSE,主板
001210.SZ,001210,金房能源,北京,供气供热,20210729,,L,SZSE,主板
001209.SZ,001209,洪兴股份,广东,服饰,20210723,,L,SZSE,主板
001208.SZ,001208,华菱线缆,湖南,电气设备,20210624,,L,SZSE,主板
001207.SZ,001207,联科科技,山东,化工原料,20210623,,L,SZSE,主板
001206.SZ,001206,依依股份,天津,造纸,20210518,,L,SZSE,主板
001205.SZ,001205,盛航股份,江苏,水运,20210513,,L,SZSE,主板
001203.SZ,001203,大中矿业,内蒙,普钢,20210510,,L,SZSE,主板
001202.SZ,001202,炬申股份,广东,仓储物流,20210429,,L,SZSE,主板
001201.SZ,001201,东瑞股份,广东,农业综合,20210428,,L,SZSE,主板
000999.SZ,000999,华润三九,深圳,中成药,20000309,,L,SZSE,主板
000998.SZ,000998,隆平高科,湖南,种植业,20001211,,L,SZSE,主板
000997.SZ,000997,新大陆,福建,IT设备,20000807,,L,SZSE,主板
000995.SZ,000995,皇台酒业,甘肃,白酒,20000807,,L,SZSE,主板
000993.SZ,000993,闽东电力,福建,水力发电,20000731,,L,SZSE,主板
000990.SZ,000990,诚志股份,江西,化工原料,20000706,,L,SZSE,主板
000989.SZ,000989,九芝堂,湖南,中成药,20000628,,L,SZSE,主板
000988.SZ,000988,华工科技,湖北,专用机械,20000608,,L,SZSE,主板
000987.SZ,000987,越秀资本,广东,多元金融,20000718,,L,SZSE,主板
000985.SZ,000985,大庆华科,黑龙江,化工原料,20000726,,L,SZSE,主板
000983.SZ,000983,山西焦煤,山西,煤炭开采,20000726,,L,SZSE,主板
000981.SZ,000981,山子高科,甘肃,汽车配件,20000622,,L,SZSE,主板
000980.SZ,000980,众泰汽车,浙江,汽车配件,20000616,,L,SZSE,主板
000978.SZ,000978,桂林旅游,广西,旅游景点,20000518,,L,SZSE,主板
000977.SZ,000977,浪潮信息,山东,IT设备,20000608,,L,SZSE,主板
000975.SZ,000975,山金国际,内蒙,黄金,20000608,,L,SZSE,主板
000973.SZ,000973,佛塑科技,广东,塑料,20000525,,L,SZSE,主板
000972.SZ,000972,中基健康,新疆,食品,20000926,,L,SZSE,主板
000970.SZ,000970,中科三环,北京,矿物制品,20000420,,L,SZSE,主板
000969.SZ,000969,安泰科技,北京,小金属,20000529,,L,SZSE,主板
000968.SZ,000968,蓝焰控股,山西,石油开采,20000622,,L,SZSE,主板
000967.SZ,000967,盈峰环境,浙江,环境保护,20000330,,L,SZSE,主板
000966.SZ,000966,长源电力,湖北,火力发电,20000316,,L,SZSE,主板
000965.SZ,000965,天保基建,天津,区域地产,20000406,,L,SZSE,主板
000963.SZ,000963,华东医药,浙江,化学制药,20000127,,L,SZSE,主板
000962.SZ,000962,东方钽业,宁夏,小金属,20000120,,L,SZSE,主板
000960.SZ,000960,锡业股份,云南,小金属,20000221,,L,SZSE,主板
000959.SZ,000959,首钢股份,北京,普钢,19991216,,L,SZSE,主板
000958.SZ,000958,电投产融,河北,新型电力,19991223,,L,SZSE,主板
000957.SZ,000957,中通客车,山东,汽车整车,20000113,,L,SZSE,主板
000955.SZ,000955,欣龙控股,海南,纺织,19991209,,L,SZSE,主板
000953.SZ,000953,中哲精化,广西,化学制药,19991202,,L,SZSE,主板
000952.SZ,000952,广济药业,湖北,化学制药,19991112,,L,SZSE,主板
000951.SZ,000951,中国重汽,山东,汽车整车,19991125,,L,SZSE,主板
000950.SZ,000950,重药控股,重庆,医药商业,19990916,,L,SZSE,主板
000949.SZ,000949,新乡化纤,河南,化纤,19991021,,L,SZSE,主板
000948.SZ,000948,南天信息,云南,软件服务,19991014,,L,SZSE,主板
000938.SZ,000938,紫光股份,北京,IT设备,19991104,,L,SZSE,主板
000937.SZ,000937,冀中能源,河北,煤炭开采,19990909,,L,SZSE,主板
000936.SZ,000936,华西股份,江苏,化纤,19990810,,L,SZSE,主板
000935.SZ,000935,四川双马,四川,水泥,19990824,,L,SZSE,主板
000933.SZ,000933,神火股份,河南,铝,19990831,,L,SZSE,主板
000932.SZ,000932,华菱钢铁,湖南,普钢,19990803,,L,SZSE,主板
000931.SZ,000931,中关村,北京,化学制药,19990712,,L,SZSE,主板
000930.SZ,000930,中粮科技,安徽,农业综合,19990712,,L,SZSE,主板
000929.SZ,000929,兰州黄河,甘肃,啤酒,19990623,,L,SZSE,主板
000928.SZ,000928,中钢国际,吉林,建筑工程,19990312,,L,SZSE,主板
000927.SZ,000927,中国铁物,天津,仓储物流,19990727,,L,SZSE,主板
000926.SZ,000926,福星股份,湖北,区域地产,19990618,,L,SZSE,主板
000925.SZ,000925,众合科技,浙江,运输设备,19990611,,L,SZSE,主板
000923.SZ,000923,河钢资源,河北,普钢,19990714,,L,SZSE,主板
000922.SZ,000922,佳电股份,黑龙江,电气设备,19990618,,L,SZSE,主板
000921.SZ,000921,海信家电,山东,家用电器,19990713,,L,SZSE,主板
000920.SZ,000920,沃顿科技,贵州,塑料,19990616,,L,SZSE,主板
000919.SZ,000919,金陵药业,江苏,化学制药,19991118,,L,SZSE,主板
000917.SZ,000917,电广传媒,湖南,广告包装,19990325,,L,SZSE,主板
000915.SZ,000915,华特达因,山东,化学制药,19990609,,L,SZSE,主板
000913.SZ,000913,钱江摩托,浙江,摩托车,19990514,,L,SZSE,主板
000912.SZ,000912,泸天化,四川,农药化肥,19990603,,L,SZSE,主板
000911.SZ,000911,*ST广糖,广西,食品,19990527,,L,SZSE,主板
000910.SZ,000910,大亚圣象,江苏,家居用品,19990630,,L,SZSE,主板
000909.SZ,000909,*ST数源,浙江,区域地产,19990507,,L,SZSE,主板
000908.SZ,000908,石药景峰,湖南,化学制药,19990203,,L,SZSE,主板
000906.SZ,000906,浙商中拓,浙江,仓储物流,19990707,,L,SZSE,主板
000905.SZ,000905,厦门港务,福建,港口,19990429,,L,SZSE,主板
000903.SZ,000903,ST云动,云南,汽车配件,19990415,,L,SZSE,主板
000902.SZ,000902,新洋丰,湖北,农药化肥,19990408,,L,SZSE,主板
000901.SZ,000901,航天科技,黑龙江,汽车配件,19990401,,L,SZSE,主板
000900.SZ,000900,现代投资,湖南,路桥,19990128,,L,SZSE,主板
000899.SZ,000899,赣能股份,江西,火力发电,19971126,,L,SZSE,主板
000898.SZ,000898,鞍钢股份,辽宁,普钢,19971225,,L,SZSE,主板
000897.SZ,000897,津滨发展,天津,区域地产,19990422,,L,SZSE,主板
000895.SZ,000895,双汇发展,河南,食品,19981210,,L,SZSE,主板
000893.SZ,000893,亚钾国际,广东,农药化肥,19981224,,L,SZSE,主板
000892.SZ,000892,欢瑞世纪,重庆,影视音像,19990115,,L,SZSE,主板
000890.SZ,000890,法尔胜,江苏,环境保护,19990119,,L,SZSE,主板
000889.SZ,000889,中嘉博创,河北,通信设备,19971218,,L,SZSE,主板
000888.SZ,000888,峨眉山A,四川,旅游景点,19971021,,L,SZSE,主板
000887.SZ,000887,中鼎股份,安徽,汽车配件,19981203,,L,SZSE,主板
000886.SZ,000886,海南高速,海南,区域地产,19980123,,L,SZSE,主板
000885.SZ,000885,城发环境,河南,环境保护,19990319,,L,SZSE,主板
000883.SZ,000883,湖北能源,湖北,水力发电,19980519,,L,SZSE,主板
000882.SZ,000882,华联股份,北京,其他商业,19980616,,L,SZSE,主板
000881.SZ,000881,中广核技,辽宁,化工原料,19980902,,L,SZSE,主板
000880.SZ,000880,潍柴重机,山东,专用机械,19980402,,L,SZSE,主板
000878.SZ,000878,云南铜业,云南,铜,19980602,,L,SZSE,主板
000877.SZ,000877,天山股份,新疆,水泥,19990107,,L,SZSE,主板
000876.SZ,000876,新希望,四川,饲料,19980311,,L,SZSE,主板
000875.SZ,000875,电投绿能,吉林,火力发电,20020926,,L,SZSE,主板
000869.SZ,000869,张裕A,山东,红黄酒,20001026,,L,SZSE,主板
000868.SZ,000868,安凯客车,安徽,汽车整车,19970725,,L,SZSE,主板
000863.SZ,000863,三湘印象,上海,区域地产,19970925,,L,SZSE,主板
000862.SZ,000862,银星能源,宁夏,新型电力,19980915,,L,SZSE,主板
000860.SZ,000860,顺鑫农业,北京,白酒,19981104,,L,SZSE,主板
000859.SZ,000859,国风新材,安徽,塑料,19981119,,L,SZSE,主板
000858.SZ,000858,五粮液,四川,白酒,19980427,,L,SZSE,主板
000856.SZ,000856,冀东装备,河北,专用机械,19980813,,L,SZSE,主板
000852.SZ,000852,石化机械,湖北,化工机械,19981126,,L,SZSE,主板
000850.SZ,000850,华茂股份,安徽,纺织,19981007,,L,SZSE,主板
000848.SZ,000848,承德露露,河北,软饮料,19971113,,L,SZSE,主板
000839.SZ,000839,国安股份,北京,综合类,19971031,,L,SZSE,主板
000838.SZ,000838,*ST发展,重庆,区域地产,19970626,,L,SZSE,主板
000837.SZ,000837,秦川机床,陕西,机床制造,19980928,,L,SZSE,主板
000833.SZ,000833,粤桂股份,广西,综合类,19981111,,L,SZSE,主板
000831.SZ,000831,中国稀土,江西,小金属,19980911,,L,SZSE,主板
000830.SZ,000830,鲁西化工,山东,化工原料,19980807,,L,SZSE,主板
000829.SZ,000829,天音控股,江西,其他商业,19971202,,L,SZSE,主板
000828.SZ,000828,东莞控股,广东,路桥,19970617,,L,SZSE,主板
000826.SZ,000826,*ST启环,湖北,环境保护,19980225,,L,SZSE,主板
000825.SZ,000825,太钢不锈,山西,特种钢,19981021,,L,SZSE,主板
000823.SZ,000823,超声电子,广东,元器件,19971008,,L,SZSE,主板
000822.SZ,000822,山东海化,山东,化工原料,19980703,,L,SZSE,主板
000821.SZ,000821,ST京机,湖北,电气设备,19980626,,L,SZSE,主板
000820.SZ,000820,神雾节能,江西,综合类,19980630,,L,SZSE,主板
000819.SZ,000819,岳阳兴长,湖南,石油加工,19970625,,L,SZSE,主板
000818.SZ,000818,航锦科技,辽宁,化工原料,19971017,,L,SZSE,主板
000816.SZ,000816,智慧农业,江苏,农用机械,19970818,,L,SZSE,主板
000815.SZ,000815,美利云,宁夏,通信设备,19980609,,L,SZSE,主板
000813.SZ,000813,德展健康,新疆,化学制药,19980519,,L,SZSE,主板
000812.SZ,000812,陕西金叶,陕西,广告包装,19980623,,L,SZSE,主板
000811.SZ,000811,冰轮环境,山东,工程机械,19980528,,L,SZSE,主板
000810.SZ,000810,创维数字,四川,家用电器,19980602,,L,SZSE,主板
000809.SZ,000809,和展能源,辽宁,电气设备,19980616,,L,SZSE,主板
000807.SZ,000807,云铝股份,云南,铝,19980408,,L,SZSE,主板
000803.SZ,000803,山高环能,四川,环境保护,19980303,,L,SZSE,主板
000802.SZ,000802,北京文化,北京,影视音像,19980108,,L,SZSE,主板
000801.SZ,000801,四川九洲,四川,家用电器,19980506,,L,SZSE,主板
000800.SZ,000800,一汽解放,吉林,汽车整车,19970618,,L,SZSE,主板
000799.SZ,000799,酒鬼酒,湖南,白酒,19970718,,L,SZSE,主板
000798.SZ,000798,中水渔业,北京,渔业,19980212,,L,SZSE,主板
000797.SZ,000797,中国武夷,福建,全国地产,19970715,,L,SZSE,主板
000796.SZ,000796,凯撒旅业,海南,旅游服务,19970703,,L,SZSE,主板
000795.SZ,000795,英洛华,浙江,矿物制品,19970808,,L,SZSE,主板
000793.SZ,000793,ST华闻,海南,出版业,19970729,,L,SZSE,主板
000792.SZ,000792,盐湖股份,青海,农药化肥,19970904,,L,SZSE,主板
000791.SZ,000791,甘肃能源,甘肃,水力发电,19971014,,L,SZSE,主板
000790.SZ,000790,华神科技,四川,中成药,19980327,,L,SZSE,主板
000789.SZ,000789,万年青,江西,水泥,19970923,,L,SZSE,主板
000788.SZ,000788,北大医药,重庆,化学制药,19970616,,L,SZSE,主板
000786.SZ,000786,北新建材,北京,其他建材,19970606,,L,SZSE,主板
000785.SZ,000785,居然智家,湖北,百货,19970711,,L,SZSE,主板
000783.SZ,000783,长江证券,湖北,证券,19970731,,L,SZSE,主板
000782.SZ,000782,恒申新材,广东,化纤,19970619,,L,SZSE,主板
000779.SZ,000779,甘咨询,甘肃,建筑工程,19970528,,L,SZSE,主板
000778.SZ,000778,新兴铸管,河北,钢加工,19970606,,L,SZSE,主板
000777.SZ,000777,中核科技,江苏,机械基件,19970710,,L,SZSE,主板
000776.SZ,000776,广发证券,广东,证券,19970611,,L,SZSE,主板
000768.SZ,000768,中航西飞,陕西,航空,19970626,,L,SZSE,主板
000767.SZ,000767,晋控电力,山西,火力发电,19970609,,L,SZSE,主板
000766.SZ,000766,通化金马,吉林,化学制药,19970430,,L,SZSE,主板
000762.SZ,000762,西藏矿业,西藏,小金属,19970708,,L,SZSE,主板
000761.SZ,000761,本钢板材,辽宁,普钢,19980115,,L,SZSE,主板
000759.SZ,000759,中百集团,湖北,超市连锁,19970519,,L,SZSE,主板
000758.SZ,000758,中色股份,北京,铅锌,19970416,,L,SZSE,主板
000757.SZ,000757,浩物股份,四川,汽车服务,19970627,,L,SZSE,主板
000756.SZ,000756,新华制药,山东,化学制药,19970806,,L,SZSE,主板
000755.SZ,000755,山西高速,山西,路桥,19970627,,L,SZSE,主板
000753.SZ,000753,漳州发展,福建,综合类,19970626,,L,SZSE,主板
000752.SZ,000752,*ST西发,西藏,啤酒,19970625,,L,SZSE,主板
000751.SZ,000751,锌业股份,辽宁,铅锌,19970626,,L,SZSE,主板
000750.SZ,000750,国海证券,广西,证券,19970709,,L,SZSE,主板
000739.SZ,000739,普洛药业,浙江,化学制药,19970509,,L,SZSE,主板
000738.SZ,000738,航发控制,江苏,航空,19970626,,L,SZSE,主板
000737.SZ,000737,北方铜业,山西,铜,19970428,,L,SZSE,主板
000736.SZ,000736,中交发展,重庆,全国地产,19970425,,L,SZSE,主板
000735.SZ,000735,罗牛山,海南,农业综合,19970611,,L,SZSE,主板
000733.SZ,000733,振华科技,贵州,元器件,19970703,,L,SZSE,主板
000731.SZ,000731,四川美丰,四川,农药化肥,19970617,,L,SZSE,主板
000729.SZ,000729,燕京啤酒,北京,啤酒,19970716,,L,SZSE,主板
000728.SZ,000728,国元证券,安徽,证券,19970616,,L,SZSE,主板
000727.SZ,000727,冠捷科技,江苏,元器件,19970520,,L,SZSE,主板
000726.SZ,000726,鲁泰A,山东,纺织,20001225,,L,SZSE,主板
000725.SZ,000725,京东方A,北京,元器件,20010112,,L,SZSE,主板
000723.SZ,000723,美锦能源,山西,焦炭加工,19970515,,L,SZSE,主板
000722.SZ,000722,湖南发展,湖南,水力发电,19970522,,L,SZSE,主板
000721.SZ,000721,西安饮食,陕西,酒店餐饮,19970430,,L,SZSE,主板
000720.SZ,000720,新能泰山,山东,电气设备,19970509,,L,SZSE,主板
000719.SZ,000719,中原传媒,河南,出版业,19970331,,L,SZSE,主板
000718.SZ,000718,苏宁环球,吉林,区域地产,19970408,,L,SZSE,主板
000717.SZ,000717,中南股份,广东,普钢,19970508,,L,SZSE,主板
000716.SZ,000716,黑芝麻,广西,食品,19970418,,L,SZSE,主板
000715.SZ,000715,中兴商业,辽宁,百货,19970508,,L,SZSE,主板
000713.SZ,000713,国投丰乐,安徽,种植业,19970422,,L,SZSE,主板
000712.SZ,000712,锦龙股份,广东,证券,19970415,,L,SZSE,主板
000711.SZ,000711,京蓝科技,黑龙江,环境保护,19970411,,L,SZSE,主板
000710.SZ,000710,贝瑞基因,四川,医疗保健,19970422,,L,SZSE,主板
000709.SZ,000709,河钢股份,河北,普钢,19970416,,L,SZSE,主板
000708.SZ,000708,中信特钢,湖北,特种钢,19970326,,L,SZSE,主板
000707.SZ,000707,双环科技,湖北,化工原料,19970415,,L,SZSE,主板
000705.SZ,000705,浙江震元,浙江,医药商业,19970410,,L,SZSE,主板
000703.SZ,000703,恒逸石化,广西,化纤,19970328,,L,SZSE,主板
000702.SZ,000702,正虹科技,湖南,饲料,19970318,,L,SZSE,主板
000701.SZ,000701,厦门信达,福建,商贸代理,19970226,,L,SZSE,主板
000700.SZ,000700,模塑科技,江苏,汽车配件,19970228,,L,SZSE,主板
000698.SZ,000698,ST沈化,辽宁,石油加工,19970220,,L,SZSE,主板
000697.SZ,000697,炼石航空,陕西,航空,19970325,,L,SZSE,主板
000695.SZ,000695,滨海能源,天津,化工原料,19970218,,L,SZSE,主板
000692.SZ,000692,惠天热电,辽宁,供气供热,19970227,,L,SZSE,主板
000691.SZ,000691,亚太实业,甘肃,化工原料,19970228,,L,SZSE,主板
000690.SZ,000690,宝新能源,广东,火力发电,19970128,,L,SZSE,主板
000688.SZ,000688,国城矿业,四川,铅锌,19970120,,L,SZSE,主板
000686.SZ,000686,东北证券,吉林,证券,19970227,,L,SZSE,主板
000685.SZ,000685,中山公用,广东,水务,19970123,,L,SZSE,主板
000683.SZ,000683,博源化工,内蒙,化工原料,19970131,,L,SZSE,主板
000682.SZ,000682,东方电子,山东,电气设备,19970121,,L,SZSE,主板
000681.SZ,000681,视觉中国,江苏,互联网,19970121,,L,SZSE,主板
000680.SZ,000680,山推股份,山东,工程机械,19970122,,L,SZSE,主板
000679.SZ,000679,大连友谊,辽宁,百货,19970124,,L,SZSE,主板
000678.SZ,000678,襄阳轴承,湖北,汽车配件,19970106,,L,SZSE,主板
000677.SZ,000677,ST海龙,山东,化纤,19961226,,L,SZSE,主板
000676.SZ,000676,智度股份,广东,互联网,19961224,,L,SZSE,主板
000672.SZ,000672,上峰材料,甘肃,水泥,19961218,,L,SZSE,主板
000670.SZ,000670,盈方微,湖北,元器件,19961217,,L,SZSE,主板
000669.SZ,000669,ST金鸿,湖南,供气供热,19961210,,L,SZSE,主板
000668.SZ,000668,荣丰控股,山东,房产服务,19961210,,L,SZSE,主板
000665.SZ,000665,湖北广电,湖北,影视音像,19961210,,L,SZSE,主板
000663.SZ,000663,永安林业,福建,林业,19961206,,L,SZSE,主板
000661.SZ,000661,长春高新,吉林,生物制药,19961218,,L,SZSE,主板
000659.SZ,000659,珠海中富,广东,广告包装,19961203,,L,SZSE,主板
000657.SZ,000657,中钨高新,海南,小金属,19961205,,L,SZSE,主板
000656.SZ,000656,金科股份,重庆,全国地产,19961128,,L,SZSE,主板
000655.SZ,000655,金岭矿业,山东,普钢,19961128,,L,SZSE,主板
000652.SZ,000652,泰达股份,天津,批发业,19961128,,L,SZSE,主板
000651.SZ,000651,格力电器,广东,家用电器,19961118,,L,SZSE,主板
000650.SZ,000650,仁和药业,江西,中成药,19961210,,L,SZSE,主板
000639.SZ,000639,ST西王,山东,食品,19961126,,L,SZSE,主板
000637.SZ,000637,茂化实华,广东,石油加工,19961114,,L,SZSE,主板
000636.SZ,000636,风华高科,广东,元器件,19961129,,L,SZSE,主板
000635.SZ,000635,英力特,宁夏,化工原料,19961120,,L,SZSE,主板
000633.SZ,000633,合金投资,新疆,小金属,19961112,,L,SZSE,主板
000632.SZ,000632,ST三木,福建,综合类,19961121,,L,SZSE,主板
000631.SZ,000631,顺发恒能,浙江,综合类,19961122,,L,SZSE,主板
000630.SZ,000630,铜陵有色,安徽,铜,19961120,,L,SZSE,主板
000629.SZ,000629,钒钛股份,四川,小金属,19961115,,L,SZSE,主板
000628.SZ,000628,高新发展,四川,建筑工程,19961118,,L,SZSE,主板
000626.SZ,000626,远大控股,江苏,商贸代理,19961128,,L,SZSE,主板
000625.SZ,000625,长安汽车,重庆,汽车整车,19970610,,L,SZSE,主板
000623.SZ,000623,吉林敖东,吉林,中成药,19961028,,L,SZSE,主板
000620.SZ,000620,盈新发展,北京,全国地产,19961029,,L,SZSE,主板
000619.SZ,000619,海螺新材,安徽,其他建材,19961023,,L,SZSE,主板
000617.SZ,000617,中油资本,新疆,多元金融,19961022,,L,SZSE,主板
000615.SZ,000615,*ST美谷,湖北,医疗保健,19961016,,L,SZSE,主板
000612.SZ,000612,焦作万方,河南,铝,19960926,,L,SZSE,主板
000610.SZ,000610,*ST西旅,陕西,旅游服务,19960926,,L,SZSE,主板
000609.SZ,000609,*ST中迪,北京,区域地产,19961010,,L,SZSE,主板
000608.SZ,000608,阳光股份,广西,区域地产,19960919,,L,SZSE,主板
000607.SZ,000607,华媒控股,浙江,广告包装,19960830,,L,SZSE,主板
000605.SZ,000605,渤海股份,北京,水务,19960913,,L,SZSE,主板
000603.SZ,000603,盛达资源,北京,铅锌,19960823,,L,SZSE,主板
000601.SZ,000601,韶能股份,广东,水力发电,19960830,,L,SZSE,主板
000600.SZ,000600,建投能源,河北,火力发电,19960606,,L,SZSE,主板
000599.SZ,000599,青岛双星,山东,汽车配件,19960430,,L,SZSE,主板
000598.SZ,000598,兴蓉环境,四川,水务,19960529,,L,SZSE,主板
000597.SZ,000597,东北制药,辽宁,化学制药,19960523,,L,SZSE,主板
000596.SZ,000596,古井贡酒,安徽,白酒,19960927,,L,SZSE,主板
000595.SZ,000595,新能股份,宁夏,新型电力,19960419,,L,SZSE,主板
000593.SZ,000593,德龙汇能,四川,供气供热,19960312,,L,SZSE,主板
000592.SZ,000592,平潭发展,福建,林业,19960327,,L,SZSE,主板
000591.SZ,000591,太阳能,重庆,新型电力,19960208,,L,SZSE,主板
000590.SZ,000590,古汉医药,湖南,中成药,19960119,,L,SZSE,主板
000589.SZ,000589,贵州轮胎,贵州,汽车配件,19960308,,L,SZSE,主板
000586.SZ,000586,汇源通信,四川,通信设备,19951220,,L,SZSE,主板
000582.SZ,000582,北部湾港,广西,港口,19951102,,L,SZSE,主板
000581.SZ,000581,威孚高科,江苏,汽车配件,19980924,,L,SZSE,主板
000576.SZ,000576,甘化科工,广东,电气设备,19940907,,L,SZSE,主板
000573.SZ,000573,粤宏远A,广东,区域地产,19940815,,L,SZSE,主板
000572.SZ,000572,海马汽车,海南,汽车整车,19940808,,L,SZSE,主板
000571.SZ,000571,新大洲A,海南,煤炭开采,19940525,,L,SZSE,主板
000570.SZ,000570,苏常柴A,江苏,农用机械,19940701,,L,SZSE,主板
000568.SZ,000568,泸州老窖,四川,白酒,19940509,,L,SZSE,主板
000567.SZ,000567,海德股份,海南,多元金融,19940525,,L,SZSE,主板
000566.SZ,000566,海南海药,海南,化学制药,19940525,,L,SZSE,主板
000565.SZ,000565,渝三峡A,重庆,染料涂料,19940408,,L,SZSE,主板
000564.SZ,000564,供销大集,陕西,百货,19940110,,L,SZSE,主板
000563.SZ,000563,陕国投A,陕西,多元金融,19940110,,L,SZSE,主板
000561.SZ,000561,烽火电子,陕西,通信设备,19940509,,L,SZSE,主板
000560.SZ,000560,我爱我家,云南,房产服务,19940202,,L,SZSE,主板
000559.SZ,000559,万向钱潮,浙江,汽车配件,19940110,,L,SZSE,主板
000558.SZ,000558,天府文旅,四川,旅游景点,19940509,,L,SZSE,主板
000557.SZ,000557,西部创业,宁夏,铁路,19940617,,L,SZSE,主板
000555.SZ,000555,神州信息,深圳,软件服务,19940408,,L,SZSE,主板
000554.SZ,000554,泰山石油,山东,石油贸易,19931215,,L,SZSE,主板
000553.SZ,000553,安道麦A,湖北,农药化肥,19931203,,L,SZSE,主板
000552.SZ,000552,甘肃能化,甘肃,煤炭开采,19940106,,L,SZSE,主板
000551.SZ,000551,创元科技,江苏,专用机械,19940106,,L,SZSE,主板
000550.SZ,000550,江铃汽车,江西,汽车整车,19931201,,L,SZSE,主板
000548.SZ,000548,湖南投资,湖南,路桥,19931220,,L,SZSE,主板
000547.SZ,000547,航天发展,福建,通信设备,19931130,,L,SZSE,主板
000546.SZ,000546,金圆股份,吉林,环境保护,19931215,,L,SZSE,主板
000545.SZ,000545,金浦钛业,吉林,化工原料,19931215,,L,SZSE,主板
000544.SZ,000544,中原环保,河南,环境保护,19931208,,L,SZSE,主板
000543.SZ,000543,皖能电力,安徽,火力发电,19931220,,L,SZSE,主板
000541.SZ,000541,佛山照明,广东,家用电器,19931123,,L,SZSE,主板
000539.SZ,000539,粤电力A,广东,火力发电,19931126,,L,SZSE,主板
000538.SZ,000538,云南白药,云南,中成药,19931215,,L,SZSE,主板
000537.SZ,000537,绿发电力,天津,新型电力,19931210,,L,SZSE,主板
000536.SZ,000536,华映科技,福建,元器件,19931126,,L,SZSE,主板
000534.SZ,000534,万泽股份,广东,生物制药,19940110,,L,SZSE,主板
000533.SZ,000533,顺钠股份,广东,电气设备,19940103,,L,SZSE,主板
000532.SZ,000532,华金资本,广东,多元金融,19940103,,L,SZSE,主板
000531.SZ,000531,穗恒运A,广东,火力发电,19940106,,L,SZSE,主板
000530.SZ,000530,冰山冷热,辽宁,机械基件,19931208,,L,SZSE,主板
000529.SZ,000529,广弘控股,广东,食品,19931118,,L,SZSE,主板
000528.SZ,000528,柳工,广西,工程机械,19931118,,L,SZSE,主板
000526.SZ,000526,学大教育,福建,文教休闲,19931101,,L,SZSE,主板
000525.SZ,000525,红太阳,江苏,农药化肥,19931028,,L,SZSE,主板
000524.SZ,000524,岭南控股,广东,旅游服务,19931118,,L,SZSE,主板
000523.SZ,000523,红棉股份,广东,食品,19931108,,L,SZSE,主板
000521.SZ,000521,长虹美菱,安徽,家用电器,19931018,,L,SZSE,主板
000520.SZ,000520,凤凰航运,湖北,水运,19931025,,L,SZSE,主板
000519.SZ,000519,中兵红箭,河南,专用机械,19931008,,L,SZSE,主板
000518.SZ,000518,四环生物,江苏,生物制药,19930908,,L,SZSE,主板
000517.SZ,000517,荣安地产,浙江,区域地产,19930806,,L,SZSE,主板
000516.SZ,000516,国际医学,陕西,医疗保健,19930809,,L,SZSE,主板
000514.SZ,000514,渝开发,重庆,区域地产,19930712,,L,SZSE,主板
000513.SZ,000513,丽珠集团,广东,化学制药,19931028,,L,SZSE,主板
000510.SZ,000510,新金路,四川,化工原料,19930507,,L,SZSE,主板
000509.SZ,000509,华塑控股,四川,元器件,19930507,,L,SZSE,主板
000507.SZ,000507,珠海港,广东,新型电力,19930326,,L,SZSE,主板
000506.SZ,000506,招金黄金,山东,黄金,19930312,,L,SZSE,主板
000505.SZ,000505,京粮控股,海南,食品,19921221,,L,SZSE,主板
000504.SZ,000504,南华生物,湖南,医疗保健,19921208,,L,SZSE,主板
000503.SZ,000503,国新健康,山东,软件服务,19921130,,L,SZSE,主板
000501.SZ,000501,武商集团,湖北,百货,19921120,,L,SZSE,主板
000498.SZ,000498,山东路桥,山东,建筑工程,19970609,,L,SZSE,主板
000488.SZ,000488,ST晨鸣,山东,造纸,20001120,,L,SZSE,主板
000430.SZ,000430,张家界,湖南,旅游景点,19960829,,L,SZSE,主板
000429.SZ,000429,粤高速A,广东,路桥,19980220,,L,SZSE,主板
000428.SZ,000428,华天酒店,湖南,酒店餐饮,19960808,,L,SZSE,主板
000426.SZ,000426,兴业银锡,内蒙,铅锌,19960828,,L,SZSE,主板
000425.SZ,000425,徐工机械,江苏,工程机械,19960828,,L,SZSE,主板
000423.SZ,000423,东阿阿胶,山东,中成药,19960729,,L,SZSE,主板
000422.SZ,000422,湖北宜化,湖北,农药化肥,19960815,,L,SZSE,主板
000421.SZ,000421,南京公用,江苏,供气供热,19960806,,L,SZSE,主板
000420.SZ,000420,吉林化纤,吉林,化纤,19960802,,L,SZSE,主板
000419.SZ,000419,通程控股,湖南,百货,19960816,,L,SZSE,主板
000417.SZ,000417,合百集团,安徽,百货,19960812,,L,SZSE,主板
000415.SZ,000415,渤海租赁,新疆,多元金融,19960716,,L,SZSE,主板
000411.SZ,000411,英特集团,浙江,医药商业,19960716,,L,SZSE,主板
000410.SZ,000410,沈阳机床,辽宁,机床制造,19960718,,L,SZSE,主板
000409.SZ,000409,云鼎科技,山东,软件服务,19960627,,L,SZSE,主板
000408.SZ,000408,藏格矿业,青海,农药化肥,19960628,,L,SZSE,主板
000407.SZ,000407,胜利股份,山东,供气供热,19960703,,L,SZSE,主板
000404.SZ,000404,长虹华意,江西,家用电器,19960619,,L,SZSE,主板
000403.SZ,000403,派林生物,山西,生物制药,19960628,,L,SZSE,主板
000402.SZ,000402,金融街,北京,全国地产,19960626,,L,SZSE,主板
000401.SZ,000401,金隅冀东,河北,水泥,19960614,,L,SZSE,主板
000400.SZ,000400,许继电气,河南,电气设备,19970418,,L,SZSE,主板
000338.SZ,000338,潍柴动力,山东,汽车配件,20070430,,L,SZSE,主板
000333.SZ,000333,美的集团,广东,家用电器,20130918,,L,SZSE,主板
000301.SZ,000301,东方盛虹,江苏,化纤,20000529,,L,SZSE,主板
000166.SZ,000166,申万宏源,新疆,证券,20150126,,L,SZSE,主板
000159.SZ,000159,国际实业,新疆,石油贸易,20000926,,L,SZSE,主板
000158.SZ,000158,常山北明,河北,软件服务,20000724,,L,SZSE,主板
000157.SZ,000157,中联重科,湖南,工程机械,20001012,,L,SZSE,主板
000156.SZ,000156,华数传媒,浙江,影视音像,20000906,,L,SZSE,主板
000155.SZ,000155,川能动力,四川,新型电力,20000926,,L,SZSE,主板
000153.SZ,000153,丰原药业,安徽,化学制药,20000920,,L,SZSE,主板
000151.SZ,000151,中成股份,北京,商贸代理,20000906,,L,SZSE,主板
000100.SZ,000100,TCL科技,广东,元器件,20040130,,L,SZSE,主板
000099.SZ,000099,中信海直,深圳,空运,20000731,,L,SZSE,主板
000096.SZ,000096,广聚能源,深圳,石油贸易,20000724,,L,SZSE,主板
000090.SZ,000090,天健集团,深圳,建筑工程,19990721,,L,SZSE,主板
000089.SZ,000089,深圳机场,深圳,机场,19980420,,L,SZSE,主板
000088.SZ,000088,盐田港,深圳,港口,19970728,,L,SZSE,主板
000078.SZ,000078,ST海王,深圳,医药商业,19981218,,L,SZSE,主板
000070.SZ,000070,特发信息,深圳,通信设备,20000511,,L,SZSE,主板
000069.SZ,000069,华侨城A,深圳,全国地产,19970910,,L,SZSE,主板
000068.SZ,000068,华控赛格,深圳,环境保护,19970611,,L,SZSE,主板
000066.SZ,000066,中国长城,深圳,IT设备,19970626,,L,SZSE,主板
000065.SZ,000065,北方国际,北京,建筑工程,19980605,,L,SZSE,主板
000063.SZ,000063,中兴通讯,深圳,通信设备,19971118,,L,SZSE,主板
000062.SZ,000062,深圳华强,深圳,元器件,19970130,,L,SZSE,主板
000061.SZ,000061,农产品,深圳,农业综合,19970110,,L,SZSE,主板
000060.SZ,000060,中金岭南,深圳,铅锌,19970123,,L,SZSE,主板
000059.SZ,000059,华锦股份,辽宁,石油加工,19970130,,L,SZSE,主板
000058.SZ,000058,深赛格,深圳,商品城,19961226,,L,SZSE,主板
000056.SZ,000056,*ST皇庭,深圳,其他商业,19960708,,L,SZSE,主板
000055.SZ,000055,方大集团,深圳,其他建材,19960415,,L,SZSE,主板
000050.SZ,000050,深天马A,深圳,元器件,19950315,,L,SZSE,主板
000049.SZ,000049,德赛电池,深圳,电气设备,19950320,,L,SZSE,主板
000048.SZ,000048,京基智农,深圳,农业综合,19941101,,L,SZSE,主板
000045.SZ,000045,深纺织A,深圳,元器件,19940815,,L,SZSE,主板
000042.SZ,000042,中洲控股,深圳,全国地产,19940921,,L,SZSE,主板
000039.SZ,000039,中集集团,深圳,运输设备,19940408,,L,SZSE,主板
000037.SZ,000037,深南电A,深圳,火力发电,19940701,,L,SZSE,主板
000036.SZ,000036,华联控股,深圳,全国地产,19940617,,L,SZSE,主板
000035.SZ,000035,中国天楹,江苏,环境保护,19940408,,L,SZSE,主板
000034.SZ,000034,神州数码,深圳,软件服务,19940509,,L,SZSE,主板
000032.SZ,000032,深桑达A,深圳,建筑工程,19931028,,L,SZSE,主板
000031.SZ,000031,大悦城,深圳,全国地产,19931008,,L,SZSE,主板
000030.SZ,000030,富奥股份,吉林,汽车配件,19930929,,L,SZSE,主板
000029.SZ,000029,深深房A,深圳,区域地产,19930915,,L,SZSE,主板
000028.SZ,000028,国药一致,深圳,医药商业,19930809,,L,SZSE,主板
000027.SZ,000027,深圳能源,深圳,火力发电,19930903,,L,SZSE,主板
000026.SZ,000026,飞亚达,深圳,服饰,19930603,,L,SZSE,主板
000025.SZ,000025,特力A,深圳,综合类,19930621,,L,SZSE,主板
000021.SZ,000021,深科技,深圳,元器件,19940202,,L,SZSE,主板
000020.SZ,000020,深华发A,深圳,元器件,19920428,,L,SZSE,主板
000019.SZ,000019,深粮控股,深圳,农业综合,19921012,,L,SZSE,主板
000017.SZ,000017,深中华A,深圳,服饰,19920331,,L,SZSE,主板
000016.SZ,000016,*ST康佳A,深圳,家用电器,19920327,,L,SZSE,主板
000014.SZ,000014,沙河股份,深圳,全国地产,19920602,,L,SZSE,主板
000012.SZ,000012,南玻A,深圳,玻璃,19920228,,L,SZSE,主板
000011.SZ,000011,深物业A,深圳,房产服务,19920330,,L,SZSE,主板
000010.SZ,000010,*ST美丽,深圳,建筑工程,19951027,,L,SZSE,主板
000009.SZ,000009,中国宝安,深圳,电气设备,19910625,,L,SZSE,主板
000008.SZ,000008,神州高铁,北京,运输设备,19920507,,L,SZSE,主板
000007.SZ,000007,全新好,深圳,其他商业,19920413,,L,SZSE,主板
000006.SZ,000006,深振业A,深圳,区域地产,19920427,,L,SZSE,主板
000002.SZ,000002,万科A,深圳,全国地产,19910129,,L,SZSE,主板
000001.SZ,000001,平安银行,深圳,银行,19910403,,L,SZSE,主板
T600018.SH,T600018,上港集箱(退),,,20000719,20061020,D,SSE,
920680.BJ,920680,广道退(退),,,20211115,20260105,D,BSE,北交所
920305.BJ,920305,云创退,,,20210826,20260730,D,BSE,北交所
833994.BJ,833994,翰博高新(退),,,20200727,20220725,D,BSE,北交所
833874.BJ,833874,泰祥股份(退),,,20200727,20220718,D,BSE,北交所
832317.BJ,832317,观典防务(退),,,20200727,20220426,D,BSE,北交所
688555.SH,688555,退泽达(退),,,20200623,20230707,D,SSE,科创板
688287.SH,688287,退市观典,,,20220525,20260610,D,SSE,科创板
688086.SH,688086,退紫晶(退),,,20200226,20230707,D,SSE,科创板
605081.SH,605081,退市太和,,,20210209,20260703,D,SSE,主板
603996.SH,603996,退中新(退),,,20151222,20220524,D,SSE,主板
603963.SH,603963,*ST大药(退),,,20170922,20250321,D,SSE,主板
603603.SH,603603,退博天(退),,,20170217,20240425,D,SSE,主板
603555.SH,603555,ST贵人(退),,,20140124,20240329,D,SSE,主板
603388.SH,603388,*ST元成(退),,,20170324,20251205,D,SSE,主板
603157.SH,603157,退拉夏(退),,,20170925,20220524,D,SSE,主板
603133.SH,603133,退碳元(退),,,20170320,20240703,D,SSE,主板
603056.SH,603056,德邦股份,上海,仓储物流,20180116,20260331,D,SSE,主板
603003.SH,603003,退龙宇(退),,,20120817,20250703,D,SSE,主板
601989.SH,601989,中国重工(退),,,20091216,20250905,D,SSE,主板
601558.SH,601558,退锐电(退),,,20110113,20200702,D,SSE,主板
601299.SH,601299,中国北车(退),,,20091229,20150520,D,SSE,主板
601268.SH,601268,*ST二重(退),,,20100202,20150521,D,SSE,主板
601258.SH,601258,*ST庞大(退),,,20110428,20230630,D,SSE,主板
601028.SH,601028,玉龙股份(退),,,20111107,20250527,D,SSE,主板
600991.SH,600991,广汽长丰(退),,,20040614,20120320,D,SSE,主板
600978.SH,600978,*ST宜生(退),,,20040824,20210322,D,SSE,主板
600899.SH,600899,*ST信联(退),,,19960426,20050921,D,SSE,主板
600898.SH,600898,*ST美讯(退),,,19960418,20250210,D,SSE,主板
600896.SH,600896,退海医(退),,,19960503,20220725,D,SSE,主板
600891.SH,600891,退秋林(退),,,19960325,20210512,D,SSE,主板
600890.SH,600890,退中房(退),,,19960318,20220621,D,SSE,主板
600878.SH,600878,*ST北科(退),,,19951013,20040915,D,SSE,主板
600870.SH,600870,退厦华(退),,,19950228,20220630,D,SSE,主板
600856.SH,600856,退中天(退),,,19940425,20220622,D,SSE,主板
600852.SH,600852,*ST中川(退),,,19940404,20050916,D,SSE,主板
600842.SH,600842,中西药业(退),,,19940311,20100212,D,SSE,主板
600840.SH,600840,新湖创业(退),,,19940311,20090827,D,SSE,主板
600837.SH,600837,海通证券(退),,,19940224,20250304,D,SSE,主板
600836.SH,600836,*ST易连(退),,,19940224,20240711,D,SSE,主板
600832.SH,600832,东方明珠(退),,,19940224,20150520,D,SSE,主板
600823.SH,600823,*ST世茂(退),,,19940204,20240614,D,SSE,主板
600813.SH,600813,ST鞍一工(退),,,19940114,20020916,D,SSE,主板
600811.SH,600811,*ST东方(退),,,19940106,20250430,D,SSE,主板
600806.SH,600806,退昆机(退),,,19940103,20180713,D,SSE,主板
600804.SH,600804,退鹏博(退),,,19940103,20250703,D,SSE,主板
600799.SH,600799,*ST龙科(退),,,19970416,20060104,D,SSE,主板
600788.SH,600788,*ST达曼(退),,,19961230,20050325,D,SSE,主板
600786.SH,600786,东方锅炉(退),,,19961227,20080318,D,SSE,主板
600781.SH,600781,退辅仁(退),,,19961218,20230628,D,SSE,主板
600772.SH,600772,S*ST龙昌(退),,,19961104,20061130,D,SSE,主板
600767.SH,600767,退运盛(退),,,19961115,20230629,D,SSE,主板
600766.SH,600766,退园城(退),,,19961028,20240703,D,SSE,主板
600762.SH,600762,S*ST金荔(退),,,19961025,20071120,D,SSE,主板
600752.SH,600752,*ST哈慈(退),,,19960925,20050922,D,SSE,主板
600747.SH,600747,退大控(退),,,19960916,20191212,D,SSE,主板
600723.SH,600723,首商股份(退),,,19960716,20211022,D,SSE,主板
600709.SH,600709,ST生态(退),,,19960618,20030523,D,SSE,主板
600705.SH,600705,中航产融(退),,,19960516,20250527,D,SSE,主板
600701.SH,600701,退工新(退),,,19960528,20210430,D,SSE,主板
600700.SH,600700,*ST数码(退),,,19960430,20050920,D,SSE,主板
600696.SH,600696,退市岩石,,,19931206,20260629,D,SSE,主板
600695.SH,600695,退绿庭(退),,,19931122,20220614,D,SSE,主板
600687.SH,600687,退刚泰(退),,,19931108,20210303,D,SSE,主板
600680.SH,600680,*ST上普(退),,,19931018,20190523,D,SSE,主板
600677.SH,600677,*ST航通(退),,,19930928,20210318,D,SSE,主板
600672.SH,600672,*ST华圣(退),,,19930917,20050805,D,SSE,主板
600670.SH,600670,*ST斯达(退),,,19930809,20040924,D,SSE,主板
600669.SH,600669,*ST鞍成(退),,,19930806,20040915,D,SSE,主板
600659.SH,600659,*ST花雕(退),,,19930528,20060323,D,SSE,主板
600656.SH,600656,退博元(退),,,19901219,20160513,D,SSE,主板
600652.SH,600652,退游久(退),,,19901219,20220621,D,SSE,主板
600647.SH,600647,退同达(退),,,19930504,20240703,D,SSE,主板
600646.SH,600646,ST国嘉(退),,,19930504,20030922,D,SSE,主板
600636.SH,600636,退市国化,,,19930316,20260629,D,SSE,主板
600634.SH,600634,退富控(退),,,19930304,20210721,D,SSE,主板
600632.SH,600632,华联商厦(退),,,19930219,20041118,D,SSE,主板
600631.SH,600631,百联股份(退),,,19930219,20110823,D,SSE,主板
600627.SH,600627,上电股份(退),,,19930118,20081126,D,SSE,主板
600625.SH,600625,PT水仙(退),,,19930106,20010423,D,SSE,主板
600614.SH,600614,退鹏起(退),,,19920828,20210721,D,SSE,主板
600608.SH,600608,退市沪科,,,19920327,20260703,D,SSE,主板
600607.SH,600607,上实医药(退),,,19920327,20100212,D,SSE,主板
600599.SH,600599,退市熊猫,,,20010828,20260626,D,SSE,主板
600591.SH,600591,*ST上航(退),,,20021011,20100125,D,SSE,主板
600565.SH,600565,ST迪马(退),,,20020723,20240807,D,SSE,主板
600555.SH,600555,退海创(退),,,20010328,20220713,D,SSE,主板
600553.SH,600553,太行水泥(退),,,20020822,20110218,D,SSE,主板
600532.SH,600532,退未来(退),,,20021031,20230628,D,SSE,主板
600485.SH,600485,*ST信威(退),,,20030807,20210601,D,SSE,主板
600472.SH,600472,包头铝业(退),,,20050509,20071226,D,SSE,主板
600466.SH,600466,*ST蓝光(退),,,20010212,20230606,D,SSE,主板
600462.SH,600462,退九有(退),,,20030903,20250721,D,SSE,主板
600432.SH,600432,退吉恩(退),,,20030905,20180713,D,SSE,主板
600421.SH,600421,退市华嵘,,,20040607,20260626,D,SSE,主板
600401.SH,600401,退海润(退),,,20030924,20190712,D,SSE,主板
600393.SH,600393,ST粤泰(退),,,20010319,20230718,D,SSE,主板
600387.SH,600387,退海越(退),,,20040218,20250711,D,SSE,主板
600385.SH,600385,退金泰(退),,,20010723,20220707,D,SSE,主板
600357.SH,600357,承德钒钛(退),,,20020906,20091229,D,SSE,主板
600355.SH,600355,*ST精伦,湖北,专用机械,20020613,20260427,D,SSE,主板
600321.SH,600321,正源股份(退),,,20010524,20240627,D,SSE,主板
600317.SH,600317,营口港(退),,,20020131,20210129,D,SSE,主板
600311.SH,600311,*ST荣华(退),,,20010626,20230327,D,SSE,主板
600306.SH,600306,退商城(退),,,20001226,20240626,D,SSE,主板
600297.SH,600297,广汇汽车(退),,,20001116,20240828,D,SSE,主板
600296.SH,600296,S兰铝(退),,,20000719,20070430,D,SSE,主板
600291.SH,600291,退西水(退),,,20000731,20220614,D,SSE,主板
600290.SH,600290,*ST华仪(退),,,20001106,20240116,D,SSE,主板
600286.SH,600286,S*ST国瓷(退),,,19991209,20070531,D,SSE,主板
600277.SH,600277,ST亿利(退),,,20000725,20240718,D,SSE,主板
600275.SH,600275,退昌鱼(退),,,20000810,20220622,D,SSE,主板
600270.SH,600270,外运发展(退),,,20001228,20181228,D,SSE,主板
600263.SH,600263,路桥建设(退),,,20000725,20120301,D,SSE,主板
600260.SH,600260,*ST凯乐(退),,,20000706,20230215,D,SSE,主板
600253.SH,600253,天方药业(退),,,20001227,20130715,D,SSE,主板
600247.SH,600247,*ST成城(退),,,20001123,20210322,D,SSE,主板
600242.SH,600242,退中昌(退),,,20001207,20230629,D,SSE,主板
600240.SH,600240,退华业(退),,,20000628,20200205,D,SSE,主板
600225.SH,600225,退卓朗(退),,,20000127,20250306,D,SSE,主板
600220.SH,600220,ST阳光(退),,,19990927,20240710,D,SSE,主板
600213.SH,600213,*ST亚星(退),,,19990831,20241017,D,SSE,主板
600209.SH,600209,退罗顿(退),,,19990325,20220622,D,SSE,主板
600205.SH,600205,S山东铝(退),,,19990630,20070430,D,SSE,主板
600200.SH,600200,退苏吴(退),,,19990401,20251231,D,SSE,主板
600193.SH,600193,退市创兴,,,19990527,20260706,D,SSE,主板
600190.SH,600190,退锦港(退),,,19990609,20250725,D,SSE,主板
600181.SH,600181,*ST云大(退),,,19980928,20070601,D,SSE,主板
600175.SH,600175,退美都(退),,,19990408,20200814,D,SSE,主板
600146.SH,600146,退环球(退),,,19990707,20220630,D,SSE,主板
600145.SH,600145,退新亿(退),,,19990923,20220428,D,SSE,主板
600139.SH,600139,*ST西源(退),,,19980225,20230327,D,SSE,主板
600122.SH,600122,*ST宏图(退),,,19980420,20230626,D,SSE,主板
600112.SH,600112,*ST天成(退),,,19971127,20240815,D,SSE,主板
600102.SH,600102,莱钢股份(退),,,19970828,20120228,D,SSE,主板
600093.SH,600093,退易见(退),,,19970626,20220623,D,SSE,主板
600092.SH,600092,S*ST精密(退),,,19970626,20061130,D,SSE,主板
600091.SH,600091,退明科(退),,,19970704,20220621,D,SSE,主板
600090.SH,600090,退济堂(退),,,19970616,20220707,D,SSE,主板
600087.SH,600087,退长油(退),,,19970612,20140605,D,SSE,主板
600086.SH,600086,退金钰(退),,,19970606,20210317,D,SSE,主板
600083.SH,600083,*ST博信(退),,,19970606,20250305,D,SSE,主板
600077.SH,600077,*ST宋都(退),,,19970520,20230725,D,SSE,主板
600074.SH,600074,退保千(退),,,19970623,20200602,D,SSE,主板
600070.SH,600070,*ST富润(退),,,19970604,20250430,D,SSE,主板
600069.SH,600069,退银鸽(退),,,19970430,20200827,D,SSE,主板
600068.SH,600068,葛洲坝(退),,,19970526,20210913,D,SSE,主板
600065.SH,600065,*ST联谊(退),,,19970523,20071213,D,SSE,主板
600005.SH,600005,武钢股份(退),,,19990803,20170214,D,SSE,主板
600003.SH,600003,ST东北高(退),,,19990810,20100226,D,SSE,主板
600002.SH,600002,齐鲁石化(退),,,19980408,20060424,D,SSE,主板
600001.SH,600001,邯郸钢铁(退),,,19980122,20091229,D,SSE,主板
300799.SZ,300799,左江退(退),,,20191029,20240729,D,SZSE,创业板
300742.SZ,300742,越博退(退),,,20180508,20240722,D,SZSE,创业板
300630.SZ,300630,普利退(退),,,20170328,20250522,D,SZSE,创业板
300526.SZ,300526,中潜退(退),,,20160802,20230712,D,SZSE,创业板
300495.SZ,300495,*ST美尚(退),,,20151222,20240920,D,SZSE,创业板
300431.SZ,300431,暴风退(退),,,20150324,20201110,D,SZSE,创业板
300392.SZ,300392,腾信退(退),,,20140910,20230710,D,SZSE,创业板
300391.SZ,300391,*ST长药,湖北,中成药,20140801,20260413,D,SZSE,创业板
300379.SZ,300379,东通退,,,20140128,20260122,D,SZSE,创业板
300372.SZ,300372,欣泰退(退),,,20140127,20170828,D,SZSE,创业板
300367.SZ,300367,网力退(退),,,20140129,20220630,D,SZSE,创业板
300362.SZ,300362,天翔退(退),,,20140121,20210830,D,SZSE,创业板
300356.SZ,300356,光一退(退),,,20121009,20230713,D,SZSE,创业板
300344.SZ,300344,*ST立方,安徽,软件服务,20120801,20260422,D,SZSE,创业板
300336.SZ,300336,新文退(退),,,20120710,20230705,D,SZSE,创业板
300330.SZ,300330,计通退(退),,,20120619,20230524,D,SZSE,创业板
300325.SZ,300325,德威退(退),,,20120601,20220628,D,SZSE,创业板
300312.SZ,300312,邦讯退(退),,,20120508,20220704,D,SZSE,创业板
300309.SZ,300309,吉艾退(退),,,20120410,20230530,D,SZSE,创业板
300297.SZ,300297,蓝盾退(退),,,20120315,20230731,D,SZSE,创业板
300282.SZ,300282,三盛退(退),,,20111229,20240718,D,SZSE,创业板
300280.SZ,300280,紫天退(退),,,20111229,20251014,D,SZSE,创业板
300273.SZ,300273,和佳退(退),,,20111026,20230706,D,SZSE,创业板
300262.SZ,300262,*ST巴安(退),,,20110916,20240819,D,SZSE,创业板
300216.SZ,300216,千山退(退),,,20110511,20200916,D,SZSE,创业板
300208.SZ,300208,中程退(退),,,20110426,20250721,D,SZSE,创业板
300202.SZ,300202,聚龙退(退),,,20110415,20220704,D,SZSE,创业板
300186.SZ,300186,大华农(退),,,20110308,20151102,D,SZSE,创业板
300178.SZ,300178,腾邦退(退),,,20110215,20220622,D,SZSE,创业板
300156.SZ,300156,神雾退(退),,,20110107,20200825,D,SZSE,创业板
300117.SZ,300117,*ST嘉寓(退),,,20100902,20250430,D,SZSE,创业板
300116.SZ,300116,*ST保力(退),,,20100902,20240725,D,SZSE,创业板
300108.SZ,300108,*ST吉药(退),,,20100825,20250529,D,SZSE,创业板
300104.SZ,300104,乐视退(退),,,20100812,20200721,D,SZSE,创业板
300090.SZ,300090,盛运退(退),,,20100625,20200825,D,SZSE,创业板
300089.SZ,300089,文化退(退),,,20100625,20230713,D,SZSE,创业板
300064.SZ,300064,金刚退(退),,,20100326,20220627,D,SZSE,创业板
300038.SZ,300038,数知退(退),,,20100108,20220630,D,SZSE,创业板
300029.SZ,300029,天龙退,,,20091225,20260710,D,SZSE,创业板
300028.SZ,300028,金亚退(退),,,20091030,20200803,D,SZSE,创业板
300023.SZ,300023,宝德退(退),,,20091030,20220629,D,SZSE,创业板
002898.SZ,002898,赛隆退,,,20170912,20260717,D,SZSE,主板
002808.SZ,002808,恒久退,,,20160812,20260714,D,SZSE,主板
002781.SZ,002781,奇信退(退),,,20151222,20230705,D,SZSE,主板
002776.SZ,002776,*ST柏龙(退),,,20150626,20240125,D,SZSE,主板
002770.SZ,002770,科迪退(退),,,20150630,20220623,D,SZSE,主板
002751.SZ,002751,易尚退(退),,,20150424,20230713,D,SZSE,主板
002750.SZ,002750,龙津退(退),,,20150324,20250627,D,SZSE,主板
002740.SZ,002740,*ST爱迪(退),,,20150122,20240304,D,SZSE,主板
002711.SZ,002711,欧浦退(退),,,20140127,20210715,D,SZSE,主板
002699.SZ,002699,*ST美盛(退),,,20120911,20240605,D,SZSE,主板
002684.SZ,002684,猛狮退(退),,,20120612,20220627,D,SZSE,主板
002680.SZ,002680,长生退(退),,,20120605,20191127,D,SZSE,主板
002665.SZ,002665,ST航高(退),,,20120327,20240826,D,SZSE,主板
002621.SZ,002621,*ST美吉(退),,,20110929,20240805,D,SZSE,主板
002619.SZ,002619,*ST艾格(退),,,20110929,20220428,D,SZSE,主板
002618.SZ,002618,丹邦退(退),,,20110920,20220622,D,SZSE,主板
002610.SZ,002610,ST爱康(退),,,20110815,20240812,D,SZSE,主板
002604.SZ,002604,龙力退(退),,,20110728,20200715,D,SZSE,主板
002509.SZ,002509,天茂退(退),,,20101123,20200720,D,SZSE,主板
002505.SZ,002505,鹏都农牧(退),,,20101118,20240830,D,SZSE,主板
002504.SZ,002504,*ST弘高(退),,,20101118,20230821,D,SZSE,主板
002503.SZ,002503,*ST搜特(退),,,20101117,20230811,D,SZSE,主板
002502.SZ,002502,ST鼎龙(退),,,20101117,20240905,D,SZSE,主板
002499.SZ,002499,科林退(退),,,20101109,20230418,D,SZSE,主板
002477.SZ,002477,雏鹰退(退),,,20100915,20191016,D,SZSE,主板
002473.SZ,002473,圣莱退(退),,,20100910,20220622,D,SZSE,主板
002464.SZ,002464,众应退(退),,,20100831,20220628,D,SZSE,主板
002450.SZ,002450,康得退(退),,,20100716,20210531,D,SZSE,主板
002447.SZ,002447,晨鑫退(退),,,20100713,20220627,D,SZSE,主板
002435.SZ,002435,ST长康(退),,,20100618,20240815,D,SZSE,主板
002433.SZ,002433,太安退(退),,,20100618,20240705,D,SZSE,主板
002417.SZ,002417,深南退(退),,,20100601,20230710,D,SZSE,主板
002411.SZ,002411,必康退(退),,,20100525,20230712,D,SZSE,主板
002359.SZ,002359,北讯退(退),,,20100210,20210723,D,SZSE,主板
002341.SZ,002341,ST新纶(退),,,20100122,20240823,D,SZSE,主板
002336.SZ,002336,人乐退(退),,,20100113,20250704,D,SZSE,主板
002325.SZ,002325,*ST洪涛(退),,,20091222,20240815,D,SZSE,主板
002308.SZ,002308,*ST威创(退),,,20091127,20240927,D,SZSE,主板
002288.SZ,002288,*ST超华(退),,,20090903,20240819,D,SZSE,主板
002280.SZ,002280,ST联络(退),,,20090821,20240816,D,SZSE,主板
002260.SZ,002260,德奥退(退),,,20080716,20220617,D,SZSE,主板
002231.SZ,002231,*ST奥维,辽宁,通信设备,20080512,20260327,D,SZSE,主板
002220.SZ,002220,天宝退(退),,,20080228,20200811,D,SZSE,主板
002147.SZ,002147,新光退(退),,,20070808,20220623,D,SZSE,主板
002143.SZ,002143,印纪退(退),,,20070720,20191129,D,SZSE,主板
002118.SZ,002118,*ST紫鑫(退),,,20070302,20230804,D,SZSE,主板
002113.SZ,002113,*ST天润(退),,,20070208,20230811,D,SZSE,主板
002089.SZ,002089,新海退(退),,,20061130,20240418,D,SZSE,主板
002087.SZ,002087,新纺退(退),,,20061130,20240628,D,SZSE,主板
002071.SZ,002071,长城退(退),,,20061012,20210507,D,SZSE,主板
002070.SZ,002070,众和退(退),,,20061012,20190709,D,SZSE,主板
002018.SZ,002018,华信退(退),,,20040713,20191101,D,SZSE,主板
002013.SZ,002013,中航机电(退),,,20040705,20230317,D,SZSE,主板
002002.SZ,002002,ST鸿达(退),,,20040625,20240318,D,SZSE,主板
000996.SZ,000996,中期退(退),,,20000718,20240628,D,SZSE,主板
000982.SZ,000982,中银绒业(退),,,20000706,20240812,D,SZSE,主板
000979.SZ,000979,中弘退(退),,,20000616,20181228,D,SZSE,主板
000976.SZ,000976,*ST华铁(退),,,20000601,20240827,D,SZSE,主板
000971.SZ,000971,*ST高升(退),,,20000427,20240724,D,SZSE,主板
000961.SZ,000961,ST中南(退),,,20000301,20240711,D,SZSE,主板
000956.SZ,000956,中原油气(退),,,19991110,20060421,D,SZSE,主板
000939.SZ,000939,凯迪退(退),,,19990923,20201217,D,SZSE,主板
000918.SZ,000918,*ST嘉凯(退),,,19990720,20230728,D,SZSE,主板
000916.SZ,000916,华北高速(退),,,19990927,20171225,D,SZSE,主板
000866.SZ,000866,扬子石化(退),,,19980512,20060421,D,SZSE,主板
000861.SZ,000861,海印股份(退),,,19981028,20240918,D,SZSE,主板
000851.SZ,000851,*ST高鸿(退),,,19980609,20251111,D,SZSE,主板
000836.SZ,000836,ST富通(退),,,19970929,20240812,D,SZSE,主板
000835.SZ,000835,长动退(退),,,19990625,20220523,D,SZSE,主板
000832.SZ,000832,*ST龙涤(退),,,19980825,20060629,D,SZSE,主板
000827.SZ,000827,*ST长兴(退),,,19981016,20050921,D,SZSE,主板
000817.SZ,000817,辽河油田(退),,,19980528,20060104,D,SZSE,主板
000806.SZ,000806,银河退(退),,,19980416,20230706,D,SZSE,主板
000805.SZ,000805,*ST炎黄(退),,,19980529,20130327,D,SZSE,主板
000787.SZ,000787,*ST创智(退),,,19970626,20130208,D,SZSE,主板
000780.SZ,000780,ST平能(退),,,19970606,20220124,D,SZSE,主板
000769.SZ,000769,*ST大菲(退),,,19970530,20050921,D,SZSE,主板
000765.SZ,000765,*ST华信(退),,,19971103,20050704,D,SZSE,主板
000763.SZ,000763,锦州石化(退),,,19970915,20060104,D,SZSE,主板
000760.SZ,000760,斯太退(退),,,19970627,20210723,D,SZSE,主板
000748.SZ,000748,长城信息(退),,,19970704,20170118,D,SZSE,主板
000732.SZ,000732,ST泰禾(退),,,19970704,20230804,D,SZSE,主板
000730.SZ,000730,*ST环保(退),,,19970522,20040924,D,SZSE,主板
000699.SZ,000699,S*ST佳纸(退),,,19970310,20070404,D,SZSE,主板
000693.SZ,000693,华泽退(退),,,19970226,20190709,D,SZSE,主板
000689.SZ,000689,ST宏业(退),,,19961231,20020905,D,SZSE,主板
000687.SZ,000687,华讯退(退),,,19970221,20220617,D,SZSE,主板
000675.SZ,000675,ST银山(退),,,19961226,20020820,D,SZSE,主板
000673.SZ,000673,当代退(退),,,19970124,20220704,D,SZSE,主板
000671.SZ,000671,ST阳光城(退),,,19961218,20230816,D,SZSE,主板
000667.SZ,000667,ST美置(退),,,19961205,20230714,D,SZSE,主板
000666.SZ,000666,经纬纺机(退),,,19961210,20231026,D,SZSE,主板
000662.SZ,000662,天夏退(退),,,19961216,20210412,D,SZSE,主板
000660.SZ,000660,*ST南华(退),,,19961209,20040913,D,SZSE,主板
000658.SZ,000658,ST海洋(退),,,19961218,20020920,D,SZSE,主板
000653.SZ,000653,ST九州(退),,,19961126,20020913,D,SZSE,主板
000638.SZ,000638,*ST万方,吉林,农业综合,19961126,20260603,D,SZSE,主板
000627.SZ,000627,*ST天茂(退),,,19961112,20250930,D,SZSE,主板
000622.SZ,000622,恒立退(退),,,19961107,20250716,D,SZSE,主板
000621.SZ,000621,*ST比特(退),,,19961105,20040927,D,SZSE,主板
000618.SZ,000618,吉林化工(退),,,19961015,20060220,D,SZSE,主板
000616.SZ,000616,*ST海投(退),,,19961108,20230823,D,SZSE,主板
000613.SZ,000613,东海A退(退),,,19970128,20220629,D,SZSE,主板
000611.SZ,000611,天首退(退),,,19961008,20220628,D,SZSE,主板
000606.SZ,000606,顺利退(退),,,19961004,20230706,D,SZSE,主板
000602.SZ,000602,金马集团(退),,,19960819,20130814,D,SZSE,主板
000594.SZ,000594,国恒退(退),,,19960320,20150713,D,SZSE,主板
000588.SZ,000588,PT粤金曼(退),,,19960123,20010615,D,SZSE,主板
000587.SZ,000587,*ST金洲(退),,,19960425,20230403,D,SZSE,主板
000585.SZ,000585,东电退(退),,,19951213,20220524,D,SZSE,主板
000584.SZ,000584,工智退(退),,,19951128,20250711,D,SZSE,主板
000583.SZ,000583,S*ST托普(退),,,19951101,20070521,D,SZSE,主板
000578.SZ,000578,盐湖集团(退),,,19950303,20110322,D,SZSE,主板
000569.SZ,000569,长城股份(退),,,19940425,20090506,D,SZSE,主板
000562.SZ,000562,宏源证券(退),,,19940202,20150126,D,SZSE,主板
000556.SZ,000556,PT南洋(退),,,19940525,20020529,D,SZSE,主板
000549.SZ,000549,S湘火炬(退),,,19931220,20070427,D,SZSE,主板
000542.SZ,000542,TCL通讯(退),,,19931201,20040113,D,SZSE,主板
000540.SZ,000540,*ST中天(退),,,19940202,20230630,D,SZSE,主板
000535.SZ,000535,*ST猴王(退),,,19931130,20050921,D,SZSE,主板
000527.SZ,000527,美的电器(退),,,19931112,20130918,D,SZSE,主板
000522.SZ,000522,白云山A(退),,,19931108,20130426,D,SZSE,主板
000515.SZ,000515,攀渝钛业(退),,,19930712,20090506,D,SZSE,主板
000511.SZ,000511,烯碳退(退),,,19930518,20180718,D,SZSE,主板
000508.SZ,000508,琼民源A(退),,,19930430,19990712,D,SZSE,主板
000502.SZ,000502,绿景退(退),,,19921123,20220627,D,SZSE,主板
000418.SZ,000418,小天鹅A(退),,,19970328,20190621,D,SZSE,主板
000416.SZ,000416,*ST民控(退),,,19960719,20240605,D,SZSE,主板
000413.SZ,000413,ST旭电(退),,,19960925,20241011,D,SZSE,主板
000412.SZ,000412,ST五环(退),,,19960715,20030919,D,SZSE,主板
000406.SZ,000406,石油大明(退),,,19960628,20060421,D,SZSE,主板
000405.SZ,000405,ST鑫光(退),,,19960620,20040319,D,SZSE,主板
000150.SZ,000150,*ST宜康(退),,,20000807,20230609,D,SZSE,主板
000047.SZ,000047,ST中侨(退),,,19941021,20030530,D,SZSE,主板
000046.SZ,000046,*ST泛海(退),,,19940912,20240207,D,SZSE,主板
000040.SZ,000040,*ST旭蓝(退),,,19940808,20250430,D,SZSE,主板
000038.SZ,000038,大通退(退),,,19940808,20230712,D,SZSE,主板
000033.SZ,000033,新都退(退),,,19940103,20170707,D,SZSE,主板
000024.SZ,000024,招商地产(退),,,19930607,20151230,D,SZSE,主板
000023.SZ,000023,*ST深天(退),,,19930429,20240902,D,SZSE,主板
000018.SZ,000018,神城A退(退),,,19920616,20200107,D,SZSE,主板
000015.SZ,000015,PT中浩A(退),,,19920625,20011022,D,SZSE,主板
000013.SZ,000013,*ST石化A(退),,,19920506,20040920,D,SZSE,主板
000005.SZ,000005,ST星源(退),,,19901210,20240426,D,SZSE,主板
000004.SZ,000004,国华退,,,19901201,20260714,D,SZSE,主板
000003.SZ,000003,PT金田A(退),,,19910703,20020614,D,SZSE,主板
