trade_date,open,high,low,close,volume,amount,turnover,pct_change,adjust
2007-08-13,91.000,92.370,82.170,83.310,69330,,,,hfq
2007-08-14,87.000,91.000,85.330,87.700,22469,,,5.2695,hfq
2007-08-15,86.000,87.850,83.350,85.800,16505,,,-2.1665,hfq
2007-08-16,85.000,85.000,82.200,82.360,13943,,,-4.0093,hfq
2007-08-17,81.890,84.600,80.580,81.700,8561,,,-0.8014,hfq
2007-08-20,82.500,84.500,82.000,82.500,7289,,,0.9792,hfq
2007-08-21,82.030,84.220,82.000,82.760,6911,,,0.3152,hfq
2007-08-22,81.500,82.790,81.000,81.230,7153,,,-1.8487,hfq
2007-08-23,81.400,82.290,80.160,81.390,5550,,,0.1970,hfq
2007-08-24,81.690,81.850,79.900,80.500,7725,,,-1.0935,hfq
2007-08-27,80.630,81.190,78.960,80.110,5475,,,-0.4845,hfq
2007-08-28,80.200,80.990,78.900,80.700,3831,,,0.7365,hfq
2007-08-29,80.350,82.760,80.000,80.310,2902,,,-0.4833,hfq
2007-08-30,81.780,81.780,80.000,81.100,2751,,,0.9837,hfq
2007-08-31,81.680,82.660,80.760,80.850,2644,,,-0.3083,hfq
2007-09-03,81.010,81.030,79.630,80.030,5076,,,-1.0142,hfq
2007-09-04,80.030,80.030,78.010,78.200,4058,,,-2.2866,hfq
2007-09-05,77.810,79.530,77.770,78.880,3083,,,0.8696,hfq
2007-09-06,77.500,80.360,77.500,79.490,3017,,,0.7733,hfq
2007-09-07,79.490,79.490,77.580,77.620,2691,,,-2.3525,hfq
2007-09-10,76.980,76.980,74.020,75.640,4219,,,-2.5509,hfq
2007-09-11,75.250,75.640,74.100,74.100,4177,,,-2.0360,hfq
2007-09-12,74.100,74.990,73.000,74.740,3477,,,0.8637,hfq
2007-09-13,74.740,76.770,70.000,76.450,2845,,,2.2879,hfq
2007-09-14,75.900,83.480,75.900,81.700,7541,,,6.8672,hfq
2007-09-17,81.000,83.000,80.000,82.490,4946,,,0.9670,hfq
2007-09-18,81.980,82.520,81.100,81.620,2912,,,-1.0547,hfq
2007-09-19,80.730,82.200,79.500,79.600,1620,,,-2.4749,hfq
2007-09-20,79.310,80.000,77.680,79.570,1590,,,-0.0377,hfq
2007-09-21,79.600,80.300,78.030,79.660,2180,,,0.1131,hfq
2007-09-24,79.660,84.370,78.000,83.200,5040,,,4.4439,hfq
2007-09-25,82.980,85.800,82.980,84.790,4944,,,1.9111,hfq
2007-09-26,84.000,86.300,84.000,85.010,3793,,,0.2595,hfq
2007-09-27,84.600,90.770,84.600,90.180,5594,,,6.0816,hfq
2007-09-28,90.000,94.900,88.010,93.600,5579,,,3.7924,hfq
2007-10-08,95.120,95.250,92.510,93.050,7057,,,-0.5876,hfq
2007-10-09,92.050,102.360,92.000,102.360,14411,,,10.0054,hfq
2007-10-10,103.900,107.500,100.010,103.900,6937,,,1.5045,hfq
2007-10-11,104.000,108.980,100.980,105.600,4012,,,1.6362,hfq
2007-10-12,104.000,106.660,98.000,101.990,5786,,,-3.4186,hfq
2007-10-15,100.550,108.500,100.180,106.290,3356,,,4.2161,hfq
2007-10-16,106.200,106.990,101.990,103.600,1660,,,-2.5308,hfq
2007-10-17,102.080,104.900,101.510,103.500,1794,,,-0.0965,hfq
2007-10-18,103.500,113.850,99.500,112.000,4673,,,8.2126,hfq
2007-10-19,111.000,123.000,111.000,121.500,4958,,,8.4821,hfq
2007-10-22,121.000,127.300,115.000,121.000,3485,,,-0.4115,hfq
2007-10-23,120.000,126.000,118.050,122.600,2698,,,1.3223,hfq
2007-10-24,122.860,127.480,120.010,122.000,1994,,,-0.4894,hfq
2007-10-25,122.100,122.510,114.790,116.000,2329,,,-4.9180,hfq
2007-10-26,113.330,121.980,113.330,118.200,1393,,,1.8966,hfq
2007-10-29,118.220,120.000,111.120,113.880,2458,,,-3.6548,hfq
2007-10-30,112.000,120.000,111.000,117.500,1293,,,3.1788,hfq
2007-10-31,119.880,120.000,114.000,117.880,2564,,,0.3234,hfq
2007-11-01,116.120,122.500,114.310,121.020,2756,,,2.6637,hfq
2007-11-02,119.350,129.000,119.350,123.120,2285,,,1.7353,hfq
2007-11-05,123.000,125.550,117.010,118.500,1576,,,-3.7524,hfq
2007-11-06,116.200,119.000,115.900,115.900,793,,,-2.1941,hfq
2007-11-07,118.000,118.000,113.050,115.000,1196,,,-0.7765,hfq
2007-11-08,114.030,114.800,103.500,103.500,2357,,,-10.0000,hfq
2007-11-09,100.250,105.000,99.100,103.860,2042,,,0.3478,hfq
2007-11-12,100.010,102.020,94.010,98.990,1916,,,-4.6890,hfq
2007-11-13,97.000,99.880,94.000,97.630,14057,,,-1.3739,hfq
2007-11-14,97.400,101.500,95.000,100.070,3157,,,2.4992,hfq
2007-11-15,101.690,101.690,97.410,97.990,2121,,,-2.0785,hfq
2007-11-16,97.000,99.900,95.020,98.970,2558,,,1.0001,hfq
2007-11-19,99.990,103.990,98.000,100.990,2452,,,2.0410,hfq
2007-11-21,100.010,102.990,98.260,99.800,1510,,,-1.1783,hfq
2007-11-22,99.500,101.980,96.500,99.510,2254,,,-0.2906,hfq
2007-11-23,99.990,101.980,96.700,101.700,1120,,,2.2008,hfq
2007-11-26,102.670,104.980,102.000,103.480,1974,,,1.7502,hfq
2007-11-27,102.000,104.000,102.000,102.110,891,,,-1.3239,hfq
2007-11-28,102.100,103.500,101.100,102.140,290,,,0.0294,hfq
2007-11-29,102.000,105.790,102.000,105.410,1221,,,3.2015,hfq
2007-11-30,105.900,109.600,103.000,105.990,1237,,,0.5502,hfq
2007-12-03,105.010,108.980,105.010,107.800,703,,,1.7077,hfq
2007-12-04,110.000,110.000,104.000,105.000,1673,,,-2.5974,hfq
2007-12-05,104.100,107.000,103.500,106.330,1736,,,1.2667,hfq
2007-12-06,106.000,112.000,102.300,110.800,2491,,,4.2039,hfq
2007-12-07,110.810,112.700,108.590,111.680,646,,,0.7942,hfq
2007-12-10,107.110,119.000,107.110,118.000,1855,,,5.6590,hfq
2007-12-11,117.890,120.300,117.000,118.000,995,,,0.0000,hfq
2007-12-12,118.000,125.000,117.190,122.000,1380,,,3.3898,hfq
2007-12-13,122.500,126.000,118.220,120.000,2035,,,-1.6393,hfq
2007-12-14,117.800,124.800,115.180,123.960,1673,,,3.3000,hfq
2007-12-17,125.000,126.900,123.960,125.100,1640,,,0.9197,hfq
2007-12-18,125.100,128.000,122.000,126.500,1122,,,1.1191,hfq
2007-12-19,127.000,139.150,125.510,139.140,4228,,,9.9921,hfq
2007-12-20,139.880,144.000,137.020,137.160,3837,,,-1.4230,hfq
2007-12-21,137.140,139.180,135.620,137.600,1482,,,0.3208,hfq
2007-12-24,139.600,148.500,135.800,143.490,3108,,,4.2805,hfq
2007-12-25,144.860,148.300,142.100,146.600,2374,,,2.1674,hfq
2007-12-26,146.000,149.300,139.300,142.990,2717,,,-2.4625,hfq
2007-12-27,142.000,145.000,136.800,138.490,3436,,,-3.1471,hfq
2007-12-28,138.450,141.000,137.870,139.000,1939,,,0.3683,hfq
2008-01-02,139.000,144.680,135.000,142.990,2865,,,2.8705,hfq
2008-01-03,142.500,144.950,140.110,143.990,2449,,,0.6993,hfq
2008-01-04,144.010,144.500,140.000,144.290,1697,,,0.2083,hfq
2008-01-07,143.950,156.500,142.500,156.200,3101,,,8.2542,hfq
2008-01-08,157.600,158.000,153.620,156.960,2377,,,0.4866,hfq
2008-01-09,154.300,158.000,154.300,157.180,534,,,0.1402,hfq
2008-01-10,158.000,161.000,156.000,156.900,915,,,-0.1781,hfq
2008-01-11,156.000,157.950,150.020,154.000,1080,,,-1.8483,hfq
2008-01-14,155.000,155.000,150.000,153.370,1701,,,-0.4091,hfq
2008-01-15,151.100,159.000,151.090,153.370,1988,,,0.0000,hfq
2008-01-16,152.980,154.980,150.800,153.000,813,,,-0.2412,hfq
2008-01-17,151.600,158.970,151.600,158.890,2142,,,3.8497,hfq
2008-01-18,158.890,163.560,156.690,162.900,1806,,,2.5238,hfq
2008-01-21,162.900,164.880,155.500,156.020,2082,,,-4.2234,hfq
2008-01-22,154.900,154.900,141.000,149.000,3443,,,-4.4994,hfq
2008-01-23,146.010,154.800,146.010,152.990,1395,,,2.6779,hfq
2008-01-24,153.950,155.000,151.190,152.000,973,,,-0.6471,hfq
2008-01-25,151.990,157.940,151.100,153.050,945,,,0.6908,hfq
2008-01-28,152.000,154.000,142.200,147.990,1881,,,-3.3061,hfq
2008-01-29,146.000,148.880,145.120,148.100,968,,,0.0743,hfq
2008-01-30,150.500,155.990,146.000,150.980,2127,,,1.9446,hfq
2008-01-31,147.500,153.690,143.200,144.630,575,,,-4.2059,hfq
2008-02-01,142.880,142.880,131.000,132.450,1286,,,-8.4215,hfq
2008-02-04,136.200,144.980,135.000,144.980,1790,,,9.4602,hfq
2008-02-05,145.000,145.870,140.000,143.400,455,,,-1.0898,hfq
2008-02-13,143.000,147.000,140.110,146.800,480,,,2.3710,hfq
2008-02-14,144.200,148.970,144.200,147.570,430,,,0.5245,hfq
2008-02-15,147.500,155.950,145.000,153.800,674,,,4.2217,hfq
2008-02-18,155.880,157.970,154.000,157.290,737,,,2.2692,hfq
2008-02-19,157.350,161.980,155.010,157.410,613,,,0.0763,hfq
2008-02-20,158.390,158.390,153.020,153.500,456,,,-2.4840,hfq
2008-02-21,154.600,155.370,150.600,154.000,424,,,0.3257,hfq
2008-02-22,155.000,155.680,152.500,154.980,1183,,,0.6364,hfq
2008-02-25,155.000,157.500,153.020,154.630,1330,,,-0.2258,hfq
2008-02-26,156.000,162.000,146.000,153.660,2389,,,-0.6273,hfq
2008-02-27,151.000,159.000,151.000,157.940,869,,,2.7854,hfq
2008-02-28,161.000,165.000,155.000,159.700,1593,,,1.1143,hfq
2008-02-29,161.000,175.670,159.000,175.670,7193,,,10.0000,hfq
2008-03-03,176.020,184.000,175.670,179.880,4469,,,2.3965,hfq
2008-03-04,177.870,180.000,174.000,176.490,1629,,,-1.8846,hfq
2008-03-05,174.010,177.470,168.680,172.200,1338,,,-2.4307,hfq
2008-03-06,171.110,175.990,168.300,171.900,1147,,,-0.1742,hfq
2008-03-07,169.010,172.990,168.610,170.480,581,,,-0.8261,hfq
2008-03-10,170.010,170.480,165.120,168.330,930,,,-1.2611,hfq
2008-03-11,166.200,166.200,158.010,161.980,2440,,,-3.7724,hfq
2008-03-12,162.500,167.400,156.010,156.500,1128,,,-3.3831,hfq
2008-03-13,156.000,156.000,149.000,153.000,1381,,,-2.2364,hfq
2008-03-14,151.090,160.000,150.000,160.000,907,,,4.5752,hfq
2008-03-17,158.300,163.880,152.180,152.400,883,,,-4.7500,hfq
2008-03-18,148.000,153.330,137.160,137.160,1912,,,-10.0000,hfq
2008-03-20,137.210,150.880,136.550,150.400,4941,,,9.6530,hfq
2008-03-21,148.000,165.000,148.000,158.800,1425,,,5.5851,hfq
2008-03-24,159.960,166.990,159.960,160.100,2070,,,0.8186,hfq
2008-03-25,160.200,160.200,150.610,159.450,914,,,-0.4060,hfq
2008-03-26,156.000,162.460,153.290,156.990,1026,,,-1.5428,hfq
2008-03-27,158.680,162.000,155.550,159.660,2880,,,1.7007,hfq
2008-03-28,159.660,165.640,149.500,158.400,4620,,,-0.7892,hfq
2008-03-31,150.700,152.100,142.620,148.500,6721,,,-6.2500,hfq
2008-04-01,144.500,146.500,133.700,134.500,5589,,,-9.4276,hfq
2008-04-02,134.500,134.540,121.100,126.500,6038,,,-5.9480,hfq
2008-04-03,121.100,126.060,116.100,124.200,2537,,,-1.8182,hfq
2008-04-07,122.480,132.460,112.580,131.120,5074,,,5.5717,hfq
2008-04-08,128.620,134.100,127.720,133.900,4152,,,2.1202,hfq
2008-04-09,130.500,144.500,128.500,136.300,6449,,,1.7924,hfq
2008-04-10,132.700,142.480,132.000,136.940,4004,,,0.4696,hfq
2008-04-11,134.500,140.460,134.500,139.600,3143,,,1.9425,hfq
2008-04-14,136.500,139.160,126.500,129.060,2015,,,-7.5501,hfq
2008-04-15,128.520,137.600,126.500,137.500,2884,,,6.5396,hfq
2008-04-16,140.300,145.500,136.500,138.260,1743,,,0.5527,hfq
2008-04-17,136.500,138.560,130.500,138.320,2971,,,0.0434,hfq
2008-04-18,137.400,137.400,131.480,132.800,946,,,-3.9907,hfq
2008-04-21,141.500,143.500,128.520,131.140,1889,,,-1.2500,hfq
2008-04-22,128.260,130.500,118.500,128.500,3529,,,-2.0131,hfq
2008-04-23,128.500,134.260,122.700,132.440,3257,,,3.0661,hfq
2008-04-24,140.500,145.420,138.500,144.220,6066,,,8.8946,hfq
2008-04-25,144.600,149.320,140.400,142.500,4511,,,-1.1926,hfq
2008-04-28,142.040,142.060,138.300,138.720,2426,,,-2.6526,hfq
2008-04-29,136.120,145.500,136.120,143.400,1754,,,3.3737,hfq
2008-04-30,144.500,149.700,143.400,149.500,3225,,,4.2538,hfq
2008-05-05,153.500,153.500,146.620,151.020,3367,,,1.0167,hfq
2008-05-06,151.020,151.020,145.160,146.720,1870,,,-2.8473,hfq
2008-05-07,146.720,148.500,140.300,140.500,2110,,,-4.2394,hfq
2008-05-08,138.500,143.100,137.820,142.960,1229,,,1.7509,hfq
2008-05-09,144.480,146.320,139.280,141.300,1666,,,-1.1612,hfq
2008-05-12,139.500,145.080,139.500,143.820,1564,,,1.7834,hfq
2008-05-13,142.100,144.500,136.520,142.260,1811,,,-1.0847,hfq
2008-05-14,140.500,146.080,140.300,144.600,1703,,,1.6449,hfq
2008-05-15,145.200,152.460,144.620,150.300,2582,,,3.9419,hfq
2008-05-16,150.400,165.060,150.400,162.500,6974,,,8.1171,hfq
2008-05-19,162.500,172.480,157.500,170.700,4269,,,5.0462,hfq
2008-05-20,171.900,177.700,166.640,168.500,4492,,,-1.2888,hfq
2008-05-21,160.660,170.700,160.660,169.300,3559,,,0.4748,hfq
2008-05-22,166.520,170.500,161.500,164.500,2368,,,-2.8352,hfq
2008-05-23,162.500,164.500,156.480,156.500,2593,,,-4.8632,hfq
2008-05-26,155.500,160.100,150.700,156.800,1684,,,0.1917,hfq
2008-05-27,158.500,158.780,155.100,157.300,934,,,0.3189,hfq
2008-05-28,160.520,165.500,155.300,162.280,2371,,,3.1659,hfq
2008-05-29,160.900,163.500,158.660,159.100,946,,,-1.9596,hfq
2008-05-30,159.100,168.500,159.100,165.040,2215,,,3.7335,hfq
2008-06-02,164.480,174.460,162.520,174.460,3492,,,5.7077,hfq
2008-06-03,174.700,175.500,167.240,171.700,2823,,,-1.5820,hfq
2008-06-04,170.640,171.480,165.540,168.700,1811,,,-1.7472,hfq
2008-06-05,166.500,174.100,165.700,169.500,2536,,,0.4742,hfq
2008-06-06,169.500,178.700,166.620,173.260,1961,,,2.2183,hfq
2008-06-10,163.200,169.200,158.900,162.100,3092,,,-6.4412,hfq
2008-06-11,159.780,164.280,157.100,157.540,2358,,,-2.8131,hfq
2008-06-12,154.300,157.300,146.000,150.900,4214,,,-4.2148,hfq
2008-06-13,155.400,155.400,138.120,138.520,2795,,,-8.2041,hfq
2008-06-16,138.540,142.460,125.500,128.880,4487,,,-6.9593,hfq
2008-06-17,126.900,133.700,124.540,131.260,2050,,,1.8467,hfq
2008-06-18,127.600,143.300,127.500,136.560,3101,,,4.0378,hfq
2008-06-19,136.560,138.100,123.300,126.500,2898,,,-7.3667,hfq
2008-06-20,127.700,135.500,120.640,127.300,2345,,,0.6324,hfq
2008-06-23,125.240,127.060,121.700,126.500,2270,,,-0.6284,hfq
2008-06-24,125.480,131.500,125.080,129.460,1063,,,2.3399,hfq
2008-06-25,130.860,134.940,127.200,134.260,1308,,,3.7077,hfq
2008-06-26,135.300,137.260,132.920,135.500,1118,,,0.9236,hfq
2008-06-27,132.900,135.500,128.500,135.500,2582,,,0.0000,hfq
2008-06-30,134.300,137.060,130.580,136.900,1221,,,1.0332,hfq
2008-07-01,137.020,137.020,132.100,132.620,914,,,-3.1264,hfq
2008-07-02,132.700,136.900,132.500,136.620,1609,,,3.0161,hfq
2008-07-03,134.520,146.020,133.840,145.100,2252,,,6.2070,hfq
2008-07-04,142.500,144.900,140.500,144.460,1901,,,-0.4411,hfq
2008-07-07,143.920,151.500,141.920,150.500,1734,,,4.1811,hfq
2008-07-08,148.900,155.500,148.900,154.500,2952,,,2.6578,hfq
2008-07-09,157.500,158.500,154.280,155.280,2005,,,0.5049,hfq
2008-07-10,156.200,156.200,152.560,153.200,1098,,,-1.3395,hfq
2008-07-11,150.720,153.100,148.740,150.700,1177,,,-1.6319,hfq
2008-07-14,154.860,154.860,150.100,150.400,692,,,-0.1991,hfq
2008-07-15,151.600,154.500,148.520,151.500,1278,,,0.7314,hfq
2008-07-16,149.500,152.460,142.500,144.900,1412,,,-4.3564,hfq
2008-07-17,146.880,147.460,143.500,144.500,819,,,-0.2761,hfq
2008-07-18,147.480,147.480,136.500,142.700,1452,,,-1.2457,hfq
2008-07-21,142.700,148.860,140.900,147.680,1416,,,3.4898,hfq
2008-07-22,148.100,155.500,146.200,154.700,1764,,,4.7535,hfq
2008-07-23,154.500,156.200,150.500,150.660,1535,,,-2.6115,hfq
2008-07-24,149.100,153.460,149.100,150.500,2091,,,-0.1062,hfq
2008-07-28,150.500,152.500,146.900,147.500,837,,,-1.9934,hfq
2008-07-29,148.500,148.500,137.500,142.100,2703,,,-3.6610,hfq
2008-07-30,142.500,144.060,136.500,137.500,1674,,,-3.2372,hfq
2008-07-31,136.500,137.220,128.500,132.500,3120,,,-3.6364,hfq
2008-08-01,131.500,134.480,129.700,132.500,1260,,,0.0000,hfq
2008-08-04,132.140,132.140,127.740,127.740,1222,,,-3.5925,hfq
2008-08-05,126.500,129.500,126.500,129.060,752,,,1.0333,hfq
2008-08-06,129.060,130.440,127.600,129.060,918,,,0.0000,hfq
2008-08-07,130.100,130.100,127.700,129.060,301,,,0.0000,hfq
2008-08-08,126.520,128.880,118.500,118.500,2301,,,-8.1822,hfq
2008-08-11,118.480,118.480,112.460,113.700,1976,,,-4.0506,hfq
2008-08-12,112.900,115.500,108.720,114.500,702,,,0.7036,hfq
2008-08-13,112.720,117.280,112.500,115.720,1227,,,1.0655,hfq
2008-08-14,116.660,117.120,115.740,116.140,268,,,0.3629,hfq
2008-08-15,115.100,117.060,115.100,115.500,268,,,-0.5511,hfq
2008-08-18,114.920,114.920,111.500,112.780,877,,,-2.3550,hfq
2008-08-19,112.500,114.480,109.700,113.160,316,,,0.3369,hfq
2008-08-20,111.160,121.100,111.160,121.040,709,,,6.9636,hfq
2008-08-21,121.000,121.000,116.720,118.000,1032,,,-2.5116,hfq
2008-08-22,116.720,117.620,114.500,116.360,699,,,-1.3898,hfq
2008-08-25,116.480,118.500,115.600,116.100,176,,,-0.2234,hfq
2008-08-26,116.080,116.100,111.300,111.300,355,,,-4.1344,hfq
2008-08-27,111.260,112.900,100.220,105.500,1710,,,-5.2111,hfq
2008-08-28,104.500,105.460,99.860,103.900,2345,,,-1.5166,hfq
2008-08-29,103.900,106.260,103.900,106.220,510,,,2.2329,hfq
2008-09-01,106.220,106.540,101.500,106.220,923,,,0.0000,hfq
2008-09-02,104.580,105.940,102.620,104.560,653,,,-1.5628,hfq
2008-09-03,102.900,104.420,100.500,101.500,3110,,,-2.9265,hfq
2008-09-04,100.500,103.360,100.000,103.080,660,,,1.5567,hfq
2008-09-05,100.500,102.500,100.500,100.500,833,,,-2.5029,hfq
2008-09-08,100.520,100.740,96.500,97.020,1484,,,-3.4627,hfq
2008-09-09,96.700,98.180,92.900,95.400,1742,,,-1.6698,hfq
2008-09-10,95.180,95.200,85.920,90.500,2083,,,-5.1363,hfq
2008-09-11,88.100,88.440,82.900,84.380,2263,,,-6.7624,hfq
2008-09-12,84.380,85.500,81.380,84.520,1046,,,0.1659,hfq
2008-09-16,83.500,86.460,83.500,85.300,1044,,,0.9229,hfq
2008-09-17,86.480,86.480,80.860,82.520,244,,,-3.2591,hfq
2008-09-18,80.900,82.520,76.500,82.500,2991,,,-0.0242,hfq
2008-09-19,90.700,90.700,88.700,90.700,3655,,,9.9394,hfq
2008-09-22,94.800,99.660,90.500,93.100,3066,,,2.6461,hfq
2008-09-23,92.320,92.320,88.500,90.540,1166,,,-2.7497,hfq
2008-09-24,90.500,94.300,88.700,93.820,707,,,3.6227,hfq
2008-09-25,92.500,99.000,92.500,98.480,972,,,4.9670,hfq
2008-09-26,98.480,103.500,98.480,102.700,2033,,,4.2851,hfq
2008-10-06,100.700,102.500,94.520,94.700,1690,,,-7.7897,hfq
2008-10-07,88.860,99.660,88.860,96.820,1512,,,2.2386,hfq
2008-10-08,96.700,96.780,93.500,96.500,1520,,,-0.3305,hfq
2008-10-09,96.540,102.500,96.540,100.480,2170,,,4.1244,hfq
2008-10-10,100.480,100.480,93.900,98.180,993,,,-2.2890,hfq
2008-10-13,98.080,98.500,94.500,98.100,442,,,-0.0815,hfq
2008-10-14,98.500,102.660,95.820,96.160,276,,,-1.9776,hfq
2008-10-15,94.520,98.440,94.500,96.360,686,,,0.2080,hfq
2008-10-16,96.360,96.360,92.860,94.480,892,,,-1.9510,hfq
2008-10-17,94.560,96.500,92.900,95.980,1099,,,1.5876,hfq
2008-10-20,93.520,97.260,93.520,96.500,439,,,0.5418,hfq
2008-10-21,96.160,98.100,95.000,97.500,680,,,1.0363,hfq
2008-10-22,95.940,97.400,93.800,95.820,683,,,-1.7231,hfq
2008-10-23,95.820,95.820,92.660,94.100,124,,,-1.7950,hfq
2008-10-24,92.540,96.900,90.820,96.360,544,,,2.4017,hfq
2008-10-27,96.300,96.300,89.380,91.920,426,,,-4.6077,hfq
2008-10-28,90.500,91.700,88.600,91.500,509,,,-0.4569,hfq
2008-10-29,92.300,94.080,88.500,90.100,265,,,-1.5301,hfq
2008-10-30,90.100,91.900,89.320,90.380,150,,,0.3108,hfq
2008-10-31,89.500,90.700,87.900,90.480,324,,,0.1106,hfq
2008-11-03,88.520,91.280,88.300,90.260,438,,,-0.2431,hfq
2008-11-04,90.220,90.220,85.320,87.480,294,,,-3.0800,hfq
2008-11-05,87.480,90.100,86.500,88.460,562,,,1.1203,hfq
2008-11-06,88.460,88.460,81.900,86.440,639,,,-2.2835,hfq
2008-11-07,83.860,86.380,82.500,86.260,346,,,-0.2082,hfq
2008-11-10,86.260,92.080,86.260,92.080,922,,,6.7470,hfq
2008-11-11,90.100,92.860,89.500,89.500,268,,,-2.8019,hfq
2008-11-12,89.300,90.900,89.300,90.200,192,,,0.7821,hfq
2008-11-13,90.420,93.620,90.400,91.520,2339,,,1.4634,hfq
2008-11-14,91.940,94.420,90.700,94.300,1390,,,3.0376,hfq
2008-11-17,94.500,97.500,92.500,96.020,2058,,,1.8240,hfq
2008-11-18,95.500,95.500,89.140,89.380,1190,,,-6.9152,hfq
2008-11-19,85.580,92.800,85.500,92.800,1697,,,3.8264,hfq
2008-11-20,91.100,94.300,88.920,93.940,1185,,,1.2284,hfq
2008-11-21,92.100,94.300,87.500,92.780,1289,,,-1.2348,hfq
2008-11-24,92.460,92.460,88.100,90.780,1558,,,-2.1556,hfq
2008-11-25,90.400,90.900,88.080,89.220,659,,,-1.7184,hfq
2008-11-26,86.900,89.500,86.900,88.180,176,,,-1.1657,hfq
2008-11-27,90.760,94.200,89.520,90.260,1582,,,2.3588,hfq
2008-11-28,90.900,90.920,82.660,88.260,1461,,,-2.2158,hfq
2008-12-01,86.440,88.300,85.160,87.460,997,,,-0.9064,hfq
2008-12-02,86.520,88.840,85.540,88.520,1249,,,1.2120,hfq
2008-12-03,87.900,96.800,87.900,96.500,2268,,,9.0149,hfq
2008-12-04,96.700,100.100,96.100,96.560,2389,,,0.0622,hfq
2008-12-05,96.500,102.100,96.500,101.300,2028,,,4.9089,hfq
2008-12-08,101.460,107.500,101.100,106.480,1348,,,5.1135,hfq
2008-12-09,105.500,107.060,101.900,103.500,925,,,-2.7986,hfq
2008-12-10,100.580,105.820,100.580,104.000,798,,,0.4831,hfq
2008-12-11,104.400,104.400,100.500,101.020,1097,,,-2.8654,hfq
2008-12-15,99.500,101.520,98.500,100.540,2337,,,-0.4752,hfq
2008-12-16,99.200,100.480,98.500,99.500,788,,,-1.0344,hfq
2008-12-17,99.500,104.480,99.500,102.820,728,,,3.3367,hfq
2008-12-18,102.480,103.840,101.320,103.460,692,,,0.6224,hfq
2008-12-19,103.500,106.060,103.480,105.300,2417,,,1.7785,hfq
2008-12-22,105.500,108.080,104.900,107.500,1072,,,2.0893,hfq
2008-12-23,108.840,108.840,98.300,98.300,4115,,,-8.5581,hfq
2008-12-24,96.520,98.300,90.700,94.500,1641,,,-3.8657,hfq
2008-12-25,94.500,96.020,93.500,93.760,895,,,-0.7831,hfq
2008-12-26,93.760,97.100,93.520,95.880,1496,,,2.2611,hfq
2008-12-29,95.880,96.860,93.500,95.960,970,,,0.0834,hfq
2008-12-30,95.880,98.880,95.880,96.900,1499,,,0.9796,hfq
2008-12-31,96.500,98.420,96.100,97.420,804,,,0.5366,hfq
2009-01-05,98.280,100.500,96.500,100.260,1310,,,2.9152,hfq
2009-01-06,99.000,100.720,97.640,99.860,917,,,-0.3990,hfq
2009-01-07,100.340,100.340,97.520,98.200,1079,,,-1.6623,hfq
2009-01-08,96.320,97.900,94.920,95.480,818,,,-2.7699,hfq
2009-01-09,94.720,98.100,94.720,98.100,1198,,,2.7440,hfq
2009-01-12,98.120,102.100,97.520,100.960,1093,,,2.9154,hfq
2009-01-13,100.920,100.920,96.500,96.500,747,,,-4.4176,hfq
2009-01-14,95.440,100.600,95.440,100.300,1236,,,3.9378,hfq
2009-01-15,99.900,102.100,98.800,100.980,902,,,0.6780,hfq
2009-01-16,101.400,104.500,99.300,100.220,1145,,,-0.7526,hfq
2009-01-19,99.500,100.740,97.500,97.620,820,,,-2.5943,hfq
2009-01-20,96.540,98.500,96.500,97.520,843,,,-0.1024,hfq
2009-01-21,97.480,100.200,97.460,97.520,1152,,,0.0000,hfq
2009-01-22,97.520,99.940,93.540,96.480,5156,,,-1.0664,hfq
2009-01-23,96.420,97.220,94.520,95.720,1462,,,-0.7877,hfq
2009-02-02,95.800,97.200,95.200,95.900,952,,,0.1880,hfq
2009-02-03,96.100,99.500,95.720,98.500,2102,,,2.7112,hfq
2009-02-04,100.060,103.120,98.820,102.020,2444,,,3.5736,hfq
2009-02-05,104.000,104.000,100.740,102.220,2310,,,0.1960,hfq
2009-02-06,101.500,105.420,101.500,104.720,3407,,,2.4457,hfq
2009-02-09,105.200,110.480,105.200,110.100,3804,,,5.1375,hfq
2009-02-10,109.980,110.000,105.500,108.100,2568,,,-1.8165,hfq
2009-02-11,106.500,109.100,105.520,106.480,3186,,,-1.4986,hfq
2009-02-12,106.700,107.960,104.520,107.120,2528,,,0.6011,hfq
2009-02-13,106.720,110.800,106.140,110.500,4268,,,3.1553,hfq
2009-02-16,111.640,121.500,111.640,121.500,6957,,,9.9548,hfq
2009-02-17,124.880,129.280,121.720,122.120,7997,,,0.5103,hfq
2009-02-18,118.500,120.500,112.100,114.200,5424,,,-6.4854,hfq
2009-02-19,114.500,119.500,114.500,116.260,3568,,,1.8039,hfq
2009-02-20,116.760,117.440,112.520,116.080,2240,,,-0.1548,hfq
2009-02-23,116.100,119.100,112.700,118.500,3031,,,2.0848,hfq
2009-02-24,118.240,118.240,113.200,114.500,4605,,,-3.3755,hfq
2009-02-25,114.920,116.020,110.800,112.900,2887,,,-1.3974,hfq
2009-02-26,112.540,115.260,108.100,108.400,2776,,,-3.9858,hfq
2009-02-27,108.380,108.380,102.500,104.500,2050,,,-3.5978,hfq
2009-03-02,106.100,106.100,103.000,104.700,1074,,,0.1914,hfq
2009-03-03,103.280,105.120,100.960,104.280,1267,,,-0.4011,hfq
2009-03-04,104.560,109.300,104.500,109.100,4161,,,4.6222,hfq
2009-03-05,109.500,110.380,105.500,107.020,2362,,,-1.9065,hfq
2009-03-06,105.660,105.860,103.520,104.840,2030,,,-2.0370,hfq
2009-03-09,104.820,105.400,101.460,102.900,1490,,,-1.8504,hfq
2009-03-10,102.500,103.740,101.520,103.100,1737,,,0.1944,hfq
2009-03-11,105.320,105.540,103.540,104.100,1710,,,0.9699,hfq
2009-03-12,104.080,104.500,102.700,103.680,1211,,,-0.4035,hfq
2009-03-13,103.780,112.000,103.780,109.200,3044,,,5.3241,hfq
2009-03-16,108.400,110.220,105.720,109.220,1549,,,0.0183,hfq
2009-03-17,109.220,111.700,107.600,111.700,2935,,,2.2706,hfq
2009-03-18,116.500,118.300,112.500,112.500,5599,,,0.7162,hfq
2009-03-19,111.540,117.100,110.820,116.940,4400,,,3.9467,hfq
2009-03-20,118.240,118.240,113.100,113.720,3685,,,-2.7535,hfq
2009-03-23,112.520,116.100,112.520,114.240,2948,,,0.4573,hfq
2009-03-24,114.700,117.500,113.460,116.720,3912,,,2.1709,hfq
2009-03-25,115.700,118.500,114.540,114.700,2475,,,-1.7306,hfq
2009-03-26,113.700,115.480,111.660,114.820,2411,,,0.1046,hfq
2009-03-27,114.820,116.400,113.640,114.300,2651,,,-0.4529,hfq
2009-03-30,112.620,114.500,112.620,112.860,1830,,,-1.2598,hfq
2009-03-31,111.900,113.000,110.500,112.500,2396,,,-0.3190,hfq
2009-04-01,112.860,118.500,112.300,117.260,3854,,,4.2311,hfq
2009-04-02,117.400,122.280,115.700,120.220,4814,,,2.5243,hfq
2009-04-03,121.820,122.080,117.700,118.820,3564,,,-1.1645,hfq
2009-04-07,120.080,121.460,117.880,118.980,3100,,,0.1347,hfq
2009-04-08,117.500,124.260,117.500,118.360,5471,,,-0.5211,hfq
2009-04-09,117.500,119.940,116.920,119.780,3226,,,1.1997,hfq
2009-04-10,120.480,131.220,120.480,128.720,7005,,,7.4637,hfq
2009-04-13,129.060,138.480,127.860,137.000,10021,,,6.4326,hfq
2009-04-14,136.500,145.600,133.500,142.100,8765,,,3.7226,hfq
2009-04-15,142.140,144.440,136.500,139.700,7916,,,-1.6890,hfq
2009-04-17,142.400,142.400,130.500,133.520,5389,,,-4.4238,hfq
2009-04-20,133.520,136.100,131.120,134.500,2965,,,0.7340,hfq
2009-04-21,132.380,132.380,127.600,130.640,4374,,,-2.8699,hfq
2009-04-22,130.660,133.500,123.000,124.300,4068,,,-4.8530,hfq
2009-04-23,124.400,128.040,123.200,127.000,2928,,,2.1722,hfq
2009-04-24,125.380,127.500,122.500,127.300,4716,,,0.2362,hfq
2009-04-27,130.500,132.220,125.300,128.300,5339,,,0.7855,hfq
2009-04-28,128.500,128.500,122.900,125.520,3646,,,-2.1668,hfq
2009-04-29,125.480,127.460,123.100,127.000,2987,,,1.1791,hfq
2009-04-30,126.900,138.300,125.880,134.620,5848,,,6.0000,hfq
2009-05-04,136.360,140.400,134.540,139.240,7700,,,3.4319,hfq
2009-05-05,141.100,141.100,132.700,134.220,13184,,,-3.6053,hfq
2009-05-06,133.100,137.100,131.140,136.540,12917,,,1.7285,hfq
2009-05-07,136.580,139.580,133.100,134.500,10942,,,-1.4941,hfq
2009-05-08,134.500,138.300,131.820,136.100,10252,,,1.1896,hfq
2009-05-11,136.100,136.900,132.300,132.340,7924,,,-2.7627,hfq
2009-05-12,132.380,132.700,128.300,131.940,7794,,,-0.3023,hfq
2009-05-13,132.020,132.140,129.140,131.220,4989,,,-0.5457,hfq
2009-05-14,131.820,133.100,130.300,131.780,3396,,,0.4268,hfq
2009-05-15,132.700,132.700,130.500,131.780,4509,,,0.0000,hfq
2009-05-18,131.380,132.220,129.900,130.900,4314,,,-0.6678,hfq
2009-05-19,131.860,131.900,129.900,131.500,4322,,,0.4584,hfq
2009-05-20,131.100,131.460,128.620,129.100,5166,,,-1.8251,hfq
2009-05-21,128.900,132.620,128.620,130.500,5240,,,1.0844,hfq
2009-05-22,129.900,130.460,126.580,127.100,6256,,,-2.6054,hfq
2009-05-25,123.100,126.300,120.540,126.180,5062,,,-0.7238,hfq
2009-05-26,131.100,138.700,131.100,138.420,29698,,,9.7004,hfq
2009-05-27,139.100,139.100,133.220,133.820,11272,,,-3.3232,hfq
2009-06-01,134.700,136.620,131.540,133.460,6010,,,-0.2690,hfq
2009-06-02,133.420,134.100,130.140,132.820,6910,,,-0.4795,hfq
2009-06-03,132.820,136.940,132.740,132.820,4953,,,0.0000,hfq
2009-06-04,132.820,132.820,127.500,128.780,9286,,,-3.0417,hfq
2009-06-05,128.540,128.860,125.100,128.300,6950,,,-0.3727,hfq
2009-06-08,127.860,130.900,125.580,127.100,6308,,,-0.9353,hfq
2009-06-09,126.340,128.540,125.380,126.700,4250,,,-0.3147,hfq
2009-06-10,127.860,131.100,125.300,128.900,5700,,,1.7364,hfq
2009-06-11,128.900,132.620,128.300,129.940,5797,,,0.8068,hfq
2009-06-12,129.940,133.500,129.940,131.460,9409,,,1.1698,hfq
2009-06-15,132.260,136.380,131.620,135.660,8696,,,3.1949,hfq
2009-06-16,133.140,135.060,130.420,131.020,4913,,,-3.4203,hfq
2009-06-17,129.500,133.020,128.100,129.500,5176,,,-1.1601,hfq
2009-06-18,131.020,132.580,128.300,131.700,5681,,,1.6988,hfq
2009-06-19,130.820,130.980,129.140,129.700,3848,,,-1.5186,hfq
2009-06-22,129.740,132.260,129.500,129.740,4133,,,0.0308,hfq
2009-06-23,129.540,129.540,128.140,128.780,4396,,,-0.7399,hfq
2009-06-24,128.780,131.060,127.900,129.980,3692,,,0.9318,hfq
2009-06-25,129.980,130.260,127.900,128.940,4615,,,-0.8001,hfq
2009-06-26,128.940,131.100,128.940,129.380,5437,,,0.3412,hfq
2009-06-29,129.420,134.860,129.420,132.300,5629,,,2.2569,hfq
2009-06-30,132.300,132.300,128.700,129.900,4080,,,-1.8141,hfq
2009-07-01,130.620,130.900,128.700,129.420,3319,,,-0.3695,hfq
2009-07-02,129.180,130.260,128.700,129.100,4069,,,-0.2473,hfq
2009-07-03,129.300,129.900,127.900,129.500,6086,,,0.3098,hfq
2009-07-06,129.420,129.420,127.740,128.620,3372,,,-0.6795,hfq
2009-07-07,127.940,131.060,127.540,129.900,6798,,,0.9952,hfq
2009-07-08,129.900,131.500,129.100,131.500,6224,,,1.2317,hfq
2009-07-09,131.700,144.540,131.700,144.540,38599,,,9.9163,hfq
2009-07-10,147.100,147.500,139.140,140.940,26657,,,-2.4907,hfq
2009-07-13,138.300,143.900,137.500,141.500,13311,,,0.3973,hfq
2009-07-14,141.660,144.660,139.700,143.180,14063,,,1.1873,hfq
2009-07-15,143.260,144.460,141.580,142.620,13405,,,-0.3911,hfq
2009-07-16,143.460,143.460,140.340,140.900,12154,,,-1.2060,hfq
2009-07-17,141.100,153.860,140.620,150.900,26622,,,7.0972,hfq
2009-07-20,153.860,161.100,150.900,151.340,35409,,,0.2916,hfq
2009-07-21,150.740,150.780,142.700,145.420,18886,,,-3.9117,hfq
2009-07-22,145.140,146.900,143.100,144.780,10288,,,-0.4401,hfq
2009-07-23,144.820,146.980,144.380,145.100,9392,,,0.2210,hfq
2009-07-24,146.300,148.020,141.100,142.700,11348,,,-1.6540,hfq
2009-07-27,143.500,146.700,140.940,144.860,13764,,,1.5137,hfq
2009-07-28,144.300,146.260,141.140,144.100,10238,,,-0.5246,hfq
2009-07-29,144.060,144.220,131.820,139.100,13900,,,-3.4698,hfq
2009-07-30,139.100,143.900,137.220,142.460,12090,,,2.4155,hfq
2009-07-31,143.340,147.700,142.500,144.940,15075,,,1.7408,hfq
2009-08-03,145.100,145.100,141.100,142.900,14256,,,-1.4075,hfq
2009-08-04,142.180,142.900,139.140,141.060,11593,,,-1.2876,hfq
2009-08-05,141.140,149.020,141.140,145.540,21797,,,3.1760,hfq
2009-08-06,145.300,145.300,139.540,141.820,11933,,,-2.5560,hfq
2009-08-07,142.060,143.060,137.900,138.620,9501,,,-2.2564,hfq
2009-08-10,139.300,141.100,135.180,137.220,7966,,,-1.0100,hfq
2009-08-11,137.260,139.020,135.540,137.100,6102,,,-0.0875,hfq
2009-08-12,137.140,138.500,127.100,131.500,8020,,,-4.0846,hfq
2009-08-13,131.740,133.420,127.940,131.500,5645,,,0.0000,hfq
2009-08-14,131.900,133.100,125.580,126.220,7600,,,-4.0152,hfq
2009-08-17,125.420,125.420,114.260,114.780,10188,,,-9.0635,hfq
2009-08-18,114.700,120.420,114.500,118.540,5682,,,3.2758,hfq
2009-08-19,118.540,120.900,114.580,115.900,6329,,,-2.2271,hfq
2009-08-20,117.860,121.500,115.980,121.060,6486,,,4.4521,hfq
2009-08-21,121.100,123.100,118.700,122.300,10197,,,1.0243,hfq
2009-08-24,122.420,131.100,120.620,130.700,15283,,,6.8684,hfq
2009-08-25,130.420,130.420,124.100,126.460,12264,,,-3.2441,hfq
2009-08-26,125.100,129.900,124.300,127.540,6992,,,0.8540,hfq
2009-08-27,127.100,129.900,125.140,127.140,6945,,,-0.3136,hfq
2009-08-28,125.940,127.540,123.100,123.100,7050,,,-3.1776,hfq
2009-08-31,123.020,123.020,115.500,116.300,6729,,,-5.5240,hfq
2009-09-01,116.140,119.140,115.100,116.580,4226,,,0.2408,hfq
2009-09-02,118.700,118.700,116.020,117.940,3201,,,1.1666,hfq
2009-09-03,118.300,124.700,118.300,124.500,24146,,,5.5622,hfq
2009-09-04,121.620,126.300,121.620,124.980,18206,,,0.3855,hfq
2009-09-07,125.100,125.900,122.300,123.700,12312,,,-1.0242,hfq
2009-09-08,121.220,124.220,121.220,124.060,8836,,,0.2910,hfq
2009-09-09,124.300,128.220,124.300,125.940,11809,,,1.5154,hfq
2009-09-10,125.940,128.220,123.820,125.740,10413,,,-0.1588,hfq
2009-09-11,125.700,127.860,124.300,126.340,10228,,,0.4772,hfq
2009-09-14,127.100,131.100,126.620,128.980,9075,,,2.0896,hfq
2009-09-15,129.060,141.780,127.700,141.780,37322,,,9.9240,hfq
2009-09-16,141.780,147.100,139.140,142.860,51763,,,0.7617,hfq
2009-09-17,143.900,154.780,139.700,151.100,41666,,,5.7679,hfq
2009-09-18,150.300,153.100,139.940,141.900,27838,,,-6.0887,hfq
2009-09-21,138.620,143.100,134.300,142.900,17761,,,0.7047,hfq
2009-09-22,141.100,142.300,135.900,135.900,12675,,,-4.8985,hfq
2009-09-23,134.700,139.420,128.620,128.700,14704,,,-5.2980,hfq
2009-09-24,129.100,129.900,121.860,124.700,14167,,,-3.1080,hfq
2009-09-25,124.780,127.060,123.100,125.580,6879,,,0.7057,hfq
2009-09-28,125.900,127.220,121.020,121.500,7647,,,-3.2489,hfq
2009-09-29,121.580,122.420,118.500,120.140,5014,,,-1.1193,hfq
2009-09-30,120.220,126.580,120.220,123.100,5452,,,2.4638,hfq
2009-10-09,126.620,128.900,123.740,128.340,5526,,,4.2567,hfq
2009-10-12,128.900,135.100,126.340,130.460,9960,,,1.6519,hfq
2009-10-13,129.100,131.460,128.740,130.420,5360,,,-0.0307,hfq
2009-10-14,130.820,132.620,128.940,129.300,9162,,,-0.8588,hfq
2009-10-15,131.100,131.100,126.700,127.180,6613,,,-1.6396,hfq
2009-10-16,127.620,128.700,124.300,126.620,7732,,,-0.4403,hfq
2009-10-19,126.620,134.660,126.620,134.260,15672,,,6.0338,hfq
2009-10-20,134.700,135.580,132.340,135.380,11837,,,0.8342,hfq
2009-10-21,135.460,135.460,132.540,132.980,8153,,,-1.7728,hfq
2009-10-22,132.980,139.100,130.700,136.700,11953,,,2.7974,hfq
2009-10-23,136.700,143.460,136.220,140.060,17796,,,2.4579,hfq
2009-10-26,138.860,141.100,135.220,136.140,9824,,,-2.7988,hfq
2009-10-27,136.220,137.900,133.540,134.100,8599,,,-1.4985,hfq
2009-10-28,132.780,135.220,131.060,134.340,8677,,,0.1790,hfq
2009-10-29,131.940,132.300,129.860,130.420,7734,,,-2.9180,hfq
2009-10-30,131.620,132.700,129.860,130.700,7210,,,0.2147,hfq
2009-11-02,128.700,133.900,127.140,133.020,6710,,,1.7751,hfq
2009-11-03,133.140,136.300,133.100,135.220,8624,,,1.6539,hfq
2009-11-04,135.100,138.780,133.900,137.860,12950,,,1.9524,hfq
2009-11-05,139.700,139.700,136.100,136.980,10146,,,-0.6383,hfq
2009-11-06,135.500,138.980,135.500,138.140,22326,,,0.8468,hfq
2009-11-09,138.900,142.900,137.580,141.100,19381,,,2.1428,hfq
2009-11-10,141.100,141.900,138.300,138.300,11497,,,-1.9844,hfq
2009-11-11,137.900,138.260,135.820,136.460,11463,,,-1.3304,hfq
2009-11-12,136.540,141.100,136.540,138.100,11831,,,1.2018,hfq
2009-11-13,137.580,139.820,136.500,139.300,9667,,,0.8689,hfq
2009-11-16,141.100,147.100,140.300,143.540,23023,,,3.0438,hfq
2009-11-17,143.540,145.900,142.700,143.620,13702,,,0.0557,hfq
2009-11-18,143.740,147.060,143.740,145.340,16875,,,1.1976,hfq
2009-11-19,145.580,149.100,143.500,148.740,21654,,,2.3393,hfq
2009-11-20,148.460,150.620,146.740,148.180,18819,,,-0.3765,hfq
2009-11-23,147.900,151.100,147.900,150.100,17725,,,1.2957,hfq
2009-11-24,150.380,154.300,141.300,141.980,30135,,,-5.4097,hfq
2009-11-25,141.940,144.300,138.020,143.500,19384,,,1.0706,hfq
2009-11-26,143.100,143.100,134.700,135.700,20587,,,-5.4355,hfq
2009-11-27,135.540,138.300,134.140,137.340,11658,,,1.2085,hfq
2009-11-30,137.340,140.700,137.340,140.620,20131,,,2.3882,hfq
2009-12-01,140.340,142.620,138.980,141.460,14886,,,0.5974,hfq
2009-12-02,141.740,142.940,140.460,141.540,13254,,,0.0566,hfq
2009-12-03,141.700,143.340,139.780,143.340,18838,,,1.2717,hfq
2009-12-04,143.420,146.900,137.940,140.380,23808,,,-2.0650,hfq
2009-12-07,140.260,142.260,139.100,141.900,9997,,,1.0828,hfq
2009-12-08,141.740,143.020,139.100,140.260,8767,,,-1.1557,hfq
2009-12-09,140.260,144.220,139.300,141.060,12185,,,0.5704,hfq
2009-12-10,141.060,142.900,139.940,142.100,6913,,,0.7373,hfq
2009-12-11,142.100,144.220,141.140,142.900,13274,,,0.5630,hfq
2009-12-14,143.500,149.020,143.500,148.260,31441,,,3.7509,hfq
2009-12-15,147.900,148.100,144.700,145.700,15266,,,-1.7267,hfq
2009-12-16,146.140,146.260,137.500,139.260,30027,,,-4.4200,hfq
2009-12-17,137.220,139.140,133.140,133.500,14647,,,-4.1361,hfq
2009-12-18,133.100,133.100,128.700,130.340,8923,,,-2.3670,hfq
2009-12-21,130.340,132.820,130.340,131.580,6062,,,0.9514,hfq
2009-12-22,132.300,132.300,125.900,126.700,8142,,,-3.7088,hfq
2009-12-23,126.700,128.900,126.300,128.420,4914,,,1.3575,hfq
2009-12-24,129.060,132.620,128.380,132.620,7959,,,3.2705,hfq
2009-12-25,132.700,134.140,130.860,132.780,9801,,,0.1206,hfq
2009-12-28,132.700,136.180,131.900,134.180,7852,,,1.0544,hfq
2009-12-29,134.300,134.700,130.900,133.500,11137,,,-0.5068,hfq
2009-12-30,133.500,134.380,131.700,132.100,6592,,,-1.0487,hfq
2009-12-31,132.180,134.500,132.100,133.020,8338,,,0.6964,hfq
2010-01-04,133.100,136.900,132.500,135.900,14280,,,2.1651,hfq
2010-01-05,135.900,144.580,133.140,141.700,24811,,,4.2678,hfq
2010-01-06,139.500,146.780,139.500,144.700,32284,,,2.1171,hfq
2010-01-07,144.700,145.860,139.980,141.780,20176,,,-2.0180,hfq
2010-01-08,141.100,147.500,138.420,147.300,31432,,,3.8934,hfq
2010-01-11,147.500,152.900,145.300,148.900,31103,,,1.0862,hfq
2010-01-12,147.900,162.300,146.900,159.020,63804,,,6.7965,hfq
2010-01-13,156.700,163.020,153.100,161.420,41527,,,1.5092,hfq
2010-01-14,161.300,165.100,159.100,162.740,31078,,,0.8177,hfq
2010-01-15,163.020,164.180,158.180,162.300,26057,,,-0.2704,hfq
2010-01-18,161.140,166.700,161.140,165.860,24743,,,2.1935,hfq
2010-01-19,166.260,166.260,156.740,161.100,22669,,,-2.8699,hfq
2010-01-20,160.300,160.300,149.100,150.340,21862,,,-6.6791,hfq
2010-01-21,150.180,152.700,147.900,151.900,16650,,,1.0376,hfq
2010-01-22,151.900,159.260,142.620,157.300,31256,,,3.5550,hfq
2010-01-25,153.100,156.300,149.100,152.740,13797,,,-2.8989,hfq
2010-01-26,153.100,153.820,147.100,147.700,11234,,,-3.2997,hfq
2010-01-27,146.540,150.060,144.740,146.700,8505,,,-0.6770,hfq
2010-01-28,146.980,153.900,145.500,151.860,10553,,,3.5174,hfq
2010-01-29,149.900,154.100,149.900,152.540,10763,,,0.4478,hfq
2010-02-01,160.300,160.300,152.700,154.820,10925,,,1.4947,hfq
2010-02-02,153.500,156.300,151.900,151.900,5344,,,-1.8861,hfq
2010-02-03,150.620,153.900,144.700,150.740,7504,,,-0.7637,hfq
2010-02-04,151.500,153.100,149.100,151.180,5198,,,0.2919,hfq
2010-02-05,147.140,152.620,147.100,151.020,10763,,,-0.1058,hfq
2010-02-08,151.820,153.020,150.100,151.180,3139,,,0.1059,hfq
2010-02-09,152.180,152.500,149.700,149.700,2432,,,-0.9790,hfq
2010-02-10,150.620,152.700,150.620,152.140,4849,,,1.6299,hfq
2010-02-12,153.060,153.780,149.100,149.500,4938,,,-1.7352,hfq
2010-02-22,149.620,152.460,149.620,149.980,3735,,,0.3211,hfq
2010-02-23,149.980,151.380,146.380,147.500,7352,,,-1.6536,hfq
2010-02-24,147.100,155.340,146.500,154.660,11635,,,4.8542,hfq
2010-02-25,154.940,162.300,154.940,161.540,20256,,,4.4485,hfq
2010-02-26,159.500,162.100,157.900,161.100,13816,,,-0.2724,hfq
2010-03-01,161.100,166.300,158.660,165.980,17895,,,3.0292,hfq
2010-03-02,165.820,165.900,160.700,162.300,10007,,,-2.2171,hfq
2010-03-03,161.180,162.420,158.220,159.620,10052,,,-1.6513,hfq
2010-03-04,159.620,160.660,157.100,157.540,8666,,,-1.3031,hfq
2010-03-05,157.420,160.300,155.380,158.780,6425,,,0.7871,hfq
2010-03-08,158.300,159.180,154.100,154.460,10949,,,-2.7207,hfq
2010-03-09,155.500,157.020,153.100,154.540,6683,,,0.0518,hfq
2010-03-10,156.300,156.740,153.340,154.260,5669,,,-0.1812,hfq
2010-03-11,153.500,155.100,151.900,153.580,5054,,,-0.4408,hfq
2010-03-12,153.580,155.900,151.700,151.980,6189,,,-1.0418,hfq
2010-03-15,150.300,153.060,149.060,149.660,5344,,,-1.5265,hfq
2010-03-16,149.100,152.540,149.100,152.540,3837,,,1.9244,hfq
2010-03-17,152.620,155.460,150.780,154.980,7350,,,1.5996,hfq
2010-03-18,154.700,156.460,150.580,150.740,12869,,,-2.7358,hfq
2010-03-19,152.100,152.260,149.900,150.620,9072,,,-0.0796,hfq
2010-03-22,151.100,152.260,149.860,151.780,12396,,,0.7702,hfq
2010-03-23,152.500,155.100,151.580,153.340,10739,,,1.0278,hfq
2010-03-24,152.140,155.060,151.580,152.420,6002,,,-0.6000,hfq
2010-03-25,152.220,156.300,150.820,155.620,14298,,,2.0995,hfq
2010-03-26,155.420,157.100,153.140,154.900,8793,,,-0.4627,hfq
2010-03-29,155.740,156.420,151.780,152.460,8892,,,-1.5752,hfq
2010-03-30,152.540,154.100,151.900,153.180,5728,,,0.4723,hfq
2010-03-31,153.180,156.980,153.180,155.300,7827,,,1.3840,hfq
2010-04-01,156.140,159.140,155.540,158.140,8077,,,1.8287,hfq
2010-04-02,157.180,158.500,157.180,157.580,10931,,,-0.3541,hfq
2010-04-06,158.020,158.060,154.180,155.420,10445,,,-1.3707,hfq
2010-04-07,155.500,155.900,153.900,155.100,8328,,,-0.2059,hfq
2010-04-08,155.100,159.140,154.140,159.140,13965,,,2.6048,hfq
2010-04-09,159.700,163.140,158.500,162.940,22448,,,2.3878,hfq
2010-04-12,163.940,163.940,159.820,161.100,17374,,,-1.1293,hfq
2010-04-13,160.700,161.700,153.140,157.220,13412,,,-2.4084,hfq
2010-04-14,156.100,158.260,155.860,156.820,8066,,,-0.2544,hfq
2010-04-15,156.820,157.100,149.100,151.260,14243,,,-3.5455,hfq
2010-04-16,151.180,154.580,150.300,153.060,6228,,,1.1900,hfq
2010-04-19,152.700,152.700,149.500,149.660,4643,,,-2.2214,hfq
2010-04-20,149.660,155.460,145.140,154.540,9756,,,3.2607,hfq
2010-04-21,155.100,161.900,155.100,158.580,30491,,,2.6142,hfq
2010-04-22,157.860,162.540,153.100,162.260,20641,,,2.3206,hfq
2010-04-23,161.100,167.100,161.100,166.300,24797,,,2.4898,hfq
2010-04-26,167.540,182.820,165.100,181.900,34709,,,9.3806,hfq
2010-04-27,175.180,182.300,173.500,177.900,24260,,,-2.1990,hfq
2010-04-28,176.980,185.100,176.980,177.900,19445,,,0.0000,hfq
2010-04-29,178.300,179.500,165.700,165.700,11909,,,-6.8578,hfq
2010-04-30,165.700,170.300,159.500,169.340,19732,,,2.1967,hfq
2010-05-04,168.300,174.620,162.500,166.700,10436,,,-1.5590,hfq
2010-05-05,166.700,177.100,162.700,176.980,10644,,,6.1668,hfq
2010-05-07,163.460,171.540,163.420,169.660,13988,,,-4.1361,hfq
2010-05-10,168.620,171.060,152.820,153.100,14334,,,-9.7607,hfq
2010-05-11,153.940,157.020,141.980,144.980,14518,,,-5.3037,hfq
2010-05-12,143.980,147.100,140.340,143.100,6880,,,-1.2967,hfq
2010-05-13,143.500,148.980,143.500,146.900,7195,,,2.6555,hfq
2010-05-14,145.140,149.100,145.140,147.660,4005,,,0.5174,hfq
2010-05-17,147.660,149.100,133.500,135.700,10439,,,-8.0997,hfq
2010-05-18,131.900,140.500,131.900,137.700,6547,,,1.4738,hfq
2010-05-19,140.300,142.500,135.020,140.900,4713,,,2.3239,hfq
2010-05-20,140.620,144.340,137.500,138.740,6585,,,-1.5330,hfq
2010-05-21,136.500,142.380,133.180,142.300,8165,,,2.5660,hfq
2010-05-24,143.900,151.100,141.300,150.500,10814,,,5.7625,hfq
2010-05-25,147.900,151.900,147.820,148.340,4755,,,-1.4352,hfq
2010-05-26,150.300,151.900,147.700,149.500,3415,,,0.7820,hfq
2010-05-27,149.500,154.300,146.820,152.100,3879,,,1.7391,hfq
2010-05-28,153.500,155.460,149.140,149.540,8706,,,-1.6831,hfq
2010-05-31,149.020,149.020,144.540,144.820,7542,,,-3.1563,hfq
2010-06-01,144.580,146.780,138.300,145.500,6520,,,0.4695,hfq
2010-06-02,145.620,147.100,140.500,145.940,2660,,,0.3024,hfq
2010-06-03,147.500,149.780,146.300,147.100,4140,,,0.7948,hfq
2010-06-04,144.700,149.340,143.980,148.900,2481,,,1.2237,hfq
2010-06-07,144.860,157.060,144.300,154.260,7124,,,3.5997,hfq
2010-06-08,153.300,155.460,150.460,151.420,4428,,,-1.8410,hfq
2010-06-09,152.300,156.300,151.500,153.900,4603,,,1.6378,hfq
2010-06-10,151.500,156.300,151.300,154.660,4497,,,0.4938,hfq
2010-06-11,155.500,156.700,151.460,152.220,5373,,,-1.5777,hfq
2010-06-17,154.100,154.100,149.540,150.100,2431,,,-1.3927,hfq
2010-06-18,150.300,150.300,143.940,144.100,4420,,,-3.9973,hfq
2010-06-21,144.100,147.460,144.100,146.460,7694,,,1.6378,hfq
2010-06-22,147.100,147.900,145.300,146.060,2338,,,-0.2731,hfq
2010-06-23,144.500,147.980,144.300,145.900,2677,,,-0.1095,hfq
2010-06-24,145.820,146.780,143.100,146.140,2413,,,0.1645,hfq
2010-06-25,146.300,146.300,140.420,142.220,3311,,,-2.6824,hfq
2010-06-28,142.220,143.100,140.620,141.220,2277,,,-0.7031,hfq
2010-06-29,141.220,142.260,132.300,139.140,5893,,,-1.4729,hfq
2010-06-30,139.060,139.060,133.820,136.140,4796,,,-2.1561,hfq
2010-07-01,136.980,137.820,134.300,134.500,3356,,,-1.2046,hfq
2010-07-02,135.540,136.700,122.580,129.620,6322,,,-3.6283,hfq
2010-07-05,126.220,130.300,126.220,128.500,1958,,,-0.8641,hfq
2010-07-06,128.540,134.220,126.620,133.180,2490,,,3.6420,hfq
2010-07-07,133.860,134.260,131.420,133.140,2330,,,-0.0300,hfq
2010-07-08,134.300,134.300,130.540,131.660,1470,,,-1.1116,hfq
2010-07-09,130.540,135.260,130.540,134.940,2765,,,2.4913,hfq
2010-07-12,133.700,136.180,133.700,135.300,2677,,,0.2668,hfq
2010-07-13,135.220,135.460,130.300,132.100,3489,,,-2.3651,hfq
2010-07-14,132.340,135.500,132.340,132.940,3133,,,0.6359,hfq
2010-07-15,133.100,136.460,132.700,133.140,3455,,,0.1504,hfq
2010-07-16,132.660,136.300,131.100,136.020,2689,,,2.1631,hfq
2010-07-19,134.100,141.300,134.100,141.260,3706,,,3.8524,hfq
2010-07-20,139.500,142.260,139.100,141.900,3254,,,0.4531,hfq
2010-07-21,143.300,143.300,138.420,140.020,7182,,,-1.3249,hfq
2010-07-22,140.300,141.380,139.100,140.340,3083,,,0.2285,hfq
2010-07-23,141.060,143.300,140.300,141.180,3574,,,0.5985,hfq
2010-07-26,141.180,145.700,139.420,144.900,3729,,,2.6349,hfq
2010-07-27,144.900,144.900,142.620,142.860,2113,,,-1.4079,hfq
2010-07-28,143.940,144.980,141.860,143.900,8142,,,0.7280,hfq
2010-07-29,143.900,145.060,143.060,143.220,5320,,,-0.4726,hfq
2010-07-30,143.100,145.980,141.820,143.500,5579,,,0.1955,hfq
2010-08-02,144.860,145.900,142.900,144.500,6689,,,0.6969,hfq
2010-08-03,144.420,144.500,141.540,141.900,5485,,,-1.7993,hfq
2010-08-04,141.500,142.900,139.740,142.900,3279,,,0.7047,hfq
2010-08-05,142.540,142.900,140.620,141.460,3369,,,-1.0077,hfq
2010-08-06,140.540,144.700,140.340,144.540,8544,,,2.1773,hfq
2010-08-09,144.740,147.020,143.020,145.260,12225,,,0.4981,hfq
2010-08-10,145.260,146.380,140.300,141.460,8222,,,-2.6160,hfq
2010-08-11,139.860,141.500,137.900,139.580,9167,,,-1.3290,hfq
2010-08-12,138.300,141.380,137.740,140.420,6292,,,0.6018,hfq
2010-08-13,140.420,148.500,140.420,148.500,8786,,,5.7542,hfq
2010-08-16,148.900,156.220,148.300,150.260,18006,,,1.1852,hfq
2010-08-17,150.340,150.900,147.900,149.580,6562,,,-0.4525,hfq
2010-08-18,149.580,153.300,148.940,151.940,6137,,,1.5778,hfq
2010-08-19,151.940,152.780,149.420,149.580,3842,,,-1.5532,hfq
2010-08-20,149.700,151.300,143.100,145.100,5556,,,-2.9951,hfq
2010-08-23,145.180,152.420,145.180,150.260,11761,,,3.5562,hfq
2010-08-24,151.100,160.100,150.500,157.500,23530,,,4.8183,hfq
2010-08-25,157.500,159.020,155.140,157.500,9260,,,0.0000,hfq
2010-08-26,157.300,161.900,156.340,158.020,8255,,,0.3302,hfq
2010-08-27,156.700,159.100,156.300,157.420,5455,,,-0.3797,hfq
2010-08-30,159.180,164.300,158.900,161.580,12624,,,2.6426,hfq
2010-08-31,161.700,162.260,157.380,159.460,6443,,,-1.3120,hfq
2010-09-01,159.020,165.060,158.300,159.540,9510,,,0.0502,hfq
2010-09-02,161.780,163.860,159.580,161.100,6778,,,0.9778,hfq
2010-09-03,161.860,168.300,160.820,165.860,10137,,,2.9547,hfq
2010-09-06,166.700,169.220,162.300,162.660,6905,,,-1.9293,hfq
2010-09-07,163.580,165.500,162.300,162.540,6067,,,-0.0738,hfq
2010-09-08,162.300,164.300,160.700,163.820,4893,,,0.7875,hfq
2010-09-09,165.020,165.060,159.500,160.660,6390,,,-1.9289,hfq
2010-09-10,161.020,161.460,157.020,160.900,7186,,,0.1494,hfq
2010-09-13,160.700,165.900,159.700,164.900,5520,,,2.4860,hfq
2010-09-14,164.980,172.620,164.980,169.500,8123,,,2.7896,hfq
2010-09-15,168.340,171.460,167.140,167.340,2940,,,-1.2743,hfq
2010-09-16,166.420,169.500,162.300,162.500,5679,,,-2.8923,hfq
2010-09-17,162.500,164.700,161.180,162.300,3506,,,-0.1231,hfq
2010-09-20,163.060,163.980,159.780,162.300,3697,,,0.0000,hfq
2010-09-21,162.420,166.100,161.580,164.420,3113,,,1.3062,hfq
2010-09-27,163.580,169.820,163.580,166.220,4024,,,1.0948,hfq
2010-09-28,166.220,169.420,161.340,162.500,4670,,,-2.2380,hfq
2010-09-29,162.580,163.060,158.700,160.980,5435,,,-0.9354,hfq
2010-09-30,162.300,164.500,160.300,162.500,4773,,,0.9442,hfq
2010-10-08,163.900,166.300,162.740,165.540,5702,,,1.8708,hfq
2010-10-11,165.580,166.900,154.300,160.300,11100,,,-3.1654,hfq
2010-10-12,158.380,161.020,156.700,159.220,7073,,,-0.6737,hfq
2010-10-13,158.500,159.820,155.100,158.540,9260,,,-0.4271,hfq
2010-10-14,158.540,158.540,151.900,153.500,16995,,,-3.1790,hfq
2010-10-15,153.500,155.420,149.500,151.580,6894,,,-1.2508,hfq
2010-10-18,146.540,151.300,146.540,150.700,7749,,,-0.5806,hfq
2010-10-19,150.700,155.700,150.700,154.620,11498,,,2.6012,hfq
2010-10-20,154.180,155.500,151.620,154.660,11034,,,0.0259,hfq
2010-10-21,155.020,157.420,154.300,155.940,9243,,,0.8276,hfq
2010-10-22,155.940,158.300,154.980,157.380,5293,,,0.9234,hfq
2010-10-25,158.980,163.100,157.420,162.340,17054,,,3.1516,hfq
2010-10-26,165.500,165.500,158.140,162.980,10668,,,0.3942,hfq
2010-10-27,162.060,165.500,160.540,161.100,7594,,,-1.1535,hfq
2010-10-28,162.100,164.700,159.140,163.380,8434,,,1.4153,hfq
2010-10-29,164.700,169.540,162.740,167.500,9449,,,2.5217,hfq
2010-11-01,167.100,175.500,164.300,170.980,27157,,,2.0776,hfq
2010-11-02,171.500,172.300,165.780,167.700,21941,,,-1.9184,hfq
2010-11-03,166.380,171.820,163.500,169.100,36958,,,0.8348,hfq
2010-11-04,167.100,169.500,165.500,166.220,14763,,,-1.7031,hfq
2010-11-05,167.100,182.620,166.300,182.620,40998,,,9.8664,hfq
2010-11-08,186.220,196.700,181.060,194.300,36319,,,6.3958,hfq
2010-11-09,190.700,204.140,186.780,203.420,23079,,,4.6938,hfq
2010-11-10,200.340,213.380,194.380,210.300,31909,,,3.3822,hfq
2010-11-11,206.300,215.300,202.380,207.100,21305,,,-1.5216,hfq
2010-11-12,206.100,206.100,189.020,194.700,31650,,,-5.9874,hfq
2010-11-16,203.100,205.900,185.500,190.300,29123,,,-2.2599,hfq
2010-11-17,190.380,193.820,180.700,181.500,10934,,,-4.6243,hfq
2010-11-18,184.660,189.900,179.100,189.700,7128,,,4.5179,hfq
2010-11-19,186.340,197.020,186.340,196.700,13648,,,3.6900,hfq
2010-11-22,194.700,216.140,194.580,213.100,31915,,,8.3376,hfq
2010-11-23,210.500,221.660,205.540,218.460,25510,,,2.5153,hfq
2010-11-24,217.820,222.260,216.300,221.500,8095,,,1.3916,hfq
2010-11-25,224.100,224.100,215.500,222.140,9526,,,0.2889,hfq
2010-11-26,222.140,222.700,215.940,220.940,6897,,,-0.5402,hfq
2010-11-29,220.620,234.300,212.420,230.300,9862,,,4.2364,hfq
2010-11-30,226.500,232.100,214.500,218.300,16959,,,-5.2106,hfq
2010-12-01,214.500,219.940,211.180,215.660,6917,,,-1.2093,hfq
2010-12-02,215.620,218.300,212.300,214.220,7024,,,-0.6677,hfq
2010-12-03,212.340,214.900,205.620,207.220,6377,,,-3.2677,hfq
2010-12-06,205.820,212.260,201.740,202.300,5948,,,-2.3743,hfq
2010-12-07,202.340,210.300,201.540,209.500,5198,,,3.5591,hfq
2010-12-08,206.700,213.620,206.500,211.620,4548,,,1.0119,hfq
2010-12-09,210.500,216.100,209.060,209.900,5566,,,-0.8128,hfq
2010-12-10,209.100,219.820,208.300,216.140,5527,,,2.9728,hfq
2010-12-13,216.300,226.180,216.300,222.940,6197,,,3.1461,hfq
2010-12-14,225.820,225.820,222.340,224.100,5128,,,0.5203,hfq
2010-12-15,224.140,225.860,218.300,222.300,7769,,,-0.8032,hfq
2010-12-16,222.220,225.820,222.220,223.820,6777,,,0.6838,hfq
2010-12-17,225.500,225.500,217.900,220.220,4521,,,-1.6084,hfq
2010-12-20,220.100,220.700,206.300,220.700,15318,,,0.2180,hfq
2010-12-21,215.100,219.900,214.540,219.500,6297,,,-0.5437,hfq
2010-12-22,218.620,218.620,213.540,218.140,3588,,,-0.6196,hfq
2010-12-23,216.620,217.900,213.300,217.100,5035,,,-0.4768,hfq
2010-12-24,213.140,216.060,208.300,210.300,4416,,,-3.1322,hfq
2010-12-27,210.300,216.300,200.300,204.300,11536,,,-2.8531,hfq
2010-12-28,202.300,206.300,196.740,205.700,4844,,,0.6853,hfq
2010-12-29,203.900,207.460,202.180,205.540,2410,,,-0.0778,hfq
2010-12-30,203.620,217.860,203.620,215.900,9325,,,5.0404,hfq
2010-12-31,212.300,230.300,212.300,228.300,12991,,,5.7434,hfq
2011-01-04,228.100,230.300,218.100,221.620,14108,,,-2.9260,hfq
2011-01-05,220.300,220.300,215.500,216.420,5266,,,-2.3464,hfq
2011-01-06,217.300,218.300,211.940,213.740,3935,,,-1.2383,hfq
2011-01-07,212.620,213.900,209.820,211.060,3666,,,-1.2539,hfq
2011-01-10,210.900,212.500,203.100,203.540,3722,,,-3.5630,hfq
2011-01-11,202.380,204.700,199.020,202.220,2782,,,-0.6485,hfq
2011-01-12,202.900,207.500,202.300,206.980,4658,,,2.3539,hfq
2011-01-13,208.340,211.500,205.380,205.500,2477,,,-0.7150,hfq
2011-01-14,203.500,204.300,196.300,198.180,6594,,,-3.5620,hfq
2011-01-17,194.300,196.900,186.300,188.300,7532,,,-4.9854,hfq
2011-01-18,187.620,189.700,186.300,188.020,1590,,,-0.1487,hfq
2011-01-19,187.860,191.340,187.860,191.060,1984,,,1.6168,hfq
2011-01-20,191.140,191.500,182.300,185.820,4141,,,-2.7426,hfq
2011-01-21,188.220,188.220,177.100,184.300,12954,,,-0.8180,hfq
2011-01-24,182.500,183.780,174.300,174.340,6633,,,-5.4042,hfq
2011-01-25,174.380,177.500,168.300,173.500,9193,,,-0.4818,hfq
2011-01-26,173.740,175.980,172.300,173.860,12195,,,0.2075,hfq
2011-01-27,173.860,177.100,169.940,175.020,4627,,,0.6672,hfq
2011-01-28,172.300,178.540,172.300,178.300,2646,,,1.8741,hfq
2011-01-31,177.900,180.340,175.980,178.860,4794,,,0.3141,hfq
2011-02-01,179.260,181.900,179.100,181.300,2914,,,1.3642,hfq
2011-02-09,177.500,181.500,175.900,177.860,3792,,,-1.8974,hfq
2011-02-10,177.900,181.900,176.620,181.900,2856,,,2.2714,hfq
2011-02-11,183.820,192.540,180.460,189.340,6526,,,4.0902,hfq
2011-02-14,190.220,195.580,188.300,193.460,6179,,,2.1760,hfq
2011-02-15,193.340,195.020,191.180,191.900,3154,,,-0.8064,hfq
2011-02-16,192.300,194.420,190.220,192.860,2777,,,0.5003,hfq
2011-02-17,192.340,198.300,192.340,197.020,3131,,,2.1570,hfq
2011-02-18,195.500,198.220,191.580,191.580,3153,,,-2.7611,hfq
2011-02-21,190.620,194.300,190.340,193.380,2051,,,0.9396,hfq
2011-02-22,193.460,195.780,188.300,188.300,3290,,,-2.6270,hfq
2011-02-23,187.900,189.540,185.540,188.420,1807,,,0.0637,hfq
2011-02-24,187.180,192.380,187.180,192.380,1312,,,2.1017,hfq
2011-02-25,194.660,198.300,191.300,197.900,2930,,,2.8693,hfq
2011-02-28,196.780,205.380,196.780,204.420,7735,,,3.2946,hfq
2011-03-01,203.900,205.020,200.980,201.220,2991,,,-1.5654,hfq
2011-03-02,199.820,202.180,197.060,198.100,2764,,,-1.5505,hfq
2011-03-03,198.300,200.180,190.300,193.020,2948,,,-2.5644,hfq
2011-03-04,192.900,193.100,189.980,193.100,2408,,,0.0414,hfq
2011-03-07,194.220,195.900,190.300,192.020,2553,,,-0.5593,hfq
2011-03-08,190.540,194.260,189.580,190.500,4140,,,-0.7916,hfq
2011-03-09,193.500,199.500,192.700,195.420,7428,,,2.5827,hfq
2011-03-10,195.500,198.060,195.500,196.580,4414,,,0.5936,hfq
2011-03-11,196.220,198.060,194.500,195.900,3539,,,-0.3459,hfq
2011-03-14,195.900,199.100,192.700,198.940,3769,,,1.5518,hfq
2011-03-15,198.940,204.500,198.300,204.500,9889,,,2.7948,hfq
2011-03-16,203.900,203.900,200.340,202.540,2961,,,-0.9584,hfq
2011-03-17,202.100,202.100,198.540,198.860,2970,,,-1.8169,hfq
2011-03-18,200.500,202.900,196.540,202.700,3952,,,1.9310,hfq
2011-03-21,203.500,203.500,197.540,197.620,2515,,,-2.5062,hfq
2011-03-22,197.540,201.260,197.180,197.900,1642,,,0.1417,hfq
2011-03-23,198.300,200.380,190.300,199.020,2162,,,0.5659,hfq
2011-03-24,199.740,202.180,198.820,201.180,2291,,,1.0853,hfq
2011-03-25,201.820,205.700,200.700,204.700,3764,,,1.7497,hfq
2011-03-28,204.820,205.220,201.140,202.300,4221,,,-1.1724,hfq
2011-03-29,196.220,202.660,194.700,194.860,3784,,,-3.6777,hfq
2011-03-30,193.140,196.980,190.700,196.620,1861,,,0.9032,hfq
2011-03-31,197.700,197.700,191.100,192.500,2351,,,-2.0954,hfq
2011-04-01,191.100,194.700,190.500,192.300,1687,,,-0.1039,hfq
2011-04-06,192.300,192.700,186.740,188.500,3294,,,-1.9761,hfq
2011-04-07,188.380,190.300,183.500,185.500,4291,,,-1.5915,hfq
2011-04-08,187.820,188.580,185.500,187.740,3156,,,1.2075,hfq
2011-04-11,186.900,204.300,186.900,192.340,5660,,,2.4502,hfq
2011-04-13,192.500,195.220,190.460,195.220,16473,,,1.4973,hfq
2011-04-14,192.700,195.500,191.900,191.980,3389,,,-1.6597,hfq
2011-04-15,190.300,193.500,190.300,192.220,1405,,,0.1250,hfq
2011-04-18,193.860,200.220,192.580,198.300,6818,,,3.1630,hfq
2011-04-19,195.500,197.900,193.500,194.300,3066,,,-2.0171,hfq
2011-04-20,194.340,197.820,192.820,196.300,1838,,,1.0293,hfq
2011-04-21,196.300,199.740,194.300,197.980,4603,,,0.8558,hfq
2011-04-22,198.660,198.660,192.202,197.280,5245,,,-0.3536,hfq
2011-04-25,197.335,197.335,192.643,195.900,2587,,,-0.6995,hfq
2011-04-26,196.452,198.274,193.140,194.520,3689,,,-0.7044,hfq
2011-04-27,197.556,197.556,187.675,193.140,4063,,,-0.7094,hfq
2011-04-28,193.140,193.140,184.142,184.142,5646,,,-4.6588,hfq
2011-04-29,184.142,187.565,178.788,185.633,3009,,,0.8097,hfq
2011-05-03,184.860,190.656,184.860,188.834,1952,,,1.7244,hfq
2011-05-04,190.325,190.325,185.467,186.240,3054,,,-1.3737,hfq
2011-05-05,186.240,188.503,185.854,187.068,2039,,,0.4446,hfq
2011-05-06,187.123,190.380,186.516,189.828,2991,,,1.4754,hfq
2011-05-09,187.951,191.926,187.730,188.338,2085,,,-0.7849,hfq
2011-05-10,188.172,189.276,185.633,187.013,2335,,,-0.7035,hfq
2011-05-11,185.246,187.344,182.873,186.847,3129,,,-0.0888,hfq
2011-05-12,185.964,188.062,185.136,185.412,2336,,,-0.7680,hfq
2011-05-13,184.032,186.019,181.603,185.909,1222,,,0.2681,hfq
2011-05-16,185.909,187.344,185.412,187.123,1248,,,0.6530,hfq
2011-05-17,188.172,188.448,185.467,187.565,1068,,,0.2362,hfq
2011-05-18,188.062,189.552,186.902,189.221,3236,,,0.8829,hfq
2011-05-19,189.718,193.085,187.896,193.030,4650,,,2.0130,hfq
2011-05-20,193.692,197.556,192.146,196.397,5712,,,1.7443,hfq
2011-05-23,196.010,197.280,193.637,195.900,5228,,,-0.2531,hfq
2011-05-24,195.790,209.590,193.416,201.420,6182,,,2.8178,hfq
2011-05-25,201.696,206.278,195.900,201.972,10049,,,0.2741,hfq
2011-05-26,202.248,204.622,199.598,201.696,3148,,,-0.1367,hfq
2011-05-27,202.910,205.174,193.747,197.556,9840,,,-2.0526,hfq
2011-05-30,198.384,202.469,195.127,200.040,5512,,,1.2574,hfq
2011-05-31,197.556,201.144,193.471,198.384,4983,,,-0.8278,hfq
2011-06-01,198.660,199.764,196.286,199.433,3273,,,0.5288,hfq
2011-06-02,197.170,199.764,195.348,198.881,2188,,,-0.2768,hfq
2011-06-03,197.004,204.898,197.004,203.407,3839,,,2.2757,hfq
2011-06-07,203.628,205.560,201.420,205.560,4461,,,1.0585,hfq
2011-06-08,205.505,210.252,201.751,209.148,4837,,,1.7455,hfq
2011-06-09,208.596,212.460,207.216,209.148,5772,,,0.0000,hfq
2011-06-10,208.596,211.356,201.475,206.498,4581,,,-1.2670,hfq
2011-06-13,205.836,206.609,200.868,206.278,2573,,,-0.1065,hfq
2011-06-14,206.222,207.658,203.573,205.781,3061,,,-0.2409,hfq
2011-06-15,203.738,206.278,195.845,202.027,3672,,,-1.8243,hfq
2011-06-16,198.936,200.426,193.030,193.030,4719,,,-4.4534,hfq
2011-06-17,192.091,195.624,188.614,191.484,2259,,,-0.8009,hfq
2011-06-20,191.374,194.796,186.516,190.380,2481,,,-0.5765,hfq
2011-06-21,190.380,191.484,189.331,190.270,2223,,,-0.0578,hfq
2011-06-22,190.380,191.374,187.454,189.994,2193,,,-0.1451,hfq
2011-06-23,188.834,194.465,188.724,193.802,2811,,,2.0043,hfq
2011-06-24,192.478,198.384,192.146,196.728,2506,,,1.5098,hfq
2011-06-27,196.728,198.936,195.569,197.942,2354,,,0.6171,hfq
2011-06-28,198.274,198.384,196.176,197.556,1132,,,-0.1950,hfq
2011-06-29,197.114,198.550,194.796,196.231,2106,,,-0.6707,hfq
2011-06-30,198.329,198.329,194.299,195.348,2721,,,-0.4500,hfq
2011-07-01,195.900,196.894,193.306,193.802,1858,,,-0.7914,hfq
2011-07-04,193.858,201.199,184.860,198.108,6867,,,2.2219,hfq
2011-07-05,198.108,199.709,196.894,199.046,2865,,,0.4735,hfq
2011-07-06,199.709,200.813,197.004,197.611,3676,,,-0.7209,hfq
2011-07-07,196.562,202.800,196.562,200.813,6377,,,1.6204,hfq
2011-07-08,200.095,203.407,199.874,201.806,2970,,,0.4945,hfq
2011-07-11,200.868,204.070,198.550,202.524,2415,,,0.3558,hfq
2011-07-12,201.420,203.076,197.170,202.414,2940,,,-0.0543,hfq
2011-07-13,202.414,208.817,200.371,206.719,6774,,,2.1268,hfq
2011-07-14,204.180,208.927,204.180,208.817,3731,,,1.0149,hfq
2011-07-15,207.823,209.424,205.174,208.154,7026,,,-0.3175,hfq
2011-07-18,207.492,213.454,207.492,212.405,17732,,,2.0422,hfq
2011-07-19,209.148,212.957,206.002,212.957,7585,,,0.2599,hfq
2011-07-20,213.454,214.944,209.479,213.288,5522,,,0.1554,hfq
2011-07-21,212.460,213.288,207.106,207.106,2612,,,-2.8984,hfq
2011-07-22,207.216,210.252,204.346,205.450,4236,,,-0.7996,hfq
2011-07-25,205.394,206.830,199.819,203.076,5285,,,-1.1555,hfq
2011-07-26,202.800,205.063,199.212,201.806,3290,,,-0.6254,hfq
2011-07-27,201.420,205.560,199.212,204.953,5918,,,1.5594,hfq
2011-07-28,202.800,203.352,198.108,199.930,5637,,,-2.4508,hfq
2011-07-29,198.936,199.764,192.588,195.845,7560,,,-2.0432,hfq
2011-08-01,195.238,198.274,193.526,197.501,1890,,,0.8456,hfq
2011-08-02,197.501,200.150,196.231,198.936,2979,,,0.7266,hfq
2011-08-03,198.218,200.150,197.722,198.550,2114,,,-0.1940,hfq
2011-08-04,198.218,199.433,193.250,195.072,4618,,,-1.7517,hfq
2011-08-05,190.932,193.085,190.214,191.705,5005,,,-1.7260,hfq
2011-08-08,187.951,193.030,177.132,187.344,4752,,,-2.2748,hfq
2011-08-09,184.860,188.614,182.652,186.847,2932,,,-0.2653,hfq
2011-08-10,188.393,195.017,188.393,191.760,5444,,,2.6294,hfq
2011-08-11,191.484,195.403,188.448,194.410,3559,,,1.3819,hfq
2011-08-12,195.624,196.562,193.582,194.741,3272,,,0.1703,hfq
2011-08-15,195.734,195.734,192.036,192.533,5538,,,-1.1338,hfq
2011-08-16,192.091,194.078,189.276,189.994,3567,,,-1.3187,hfq
2011-08-17,189.276,192.036,188.448,189.166,2719,,,-0.4358,hfq
2011-08-18,189.276,189.883,185.136,186.516,2342,,,-1.4009,hfq
2011-08-19,184.639,187.013,183.425,186.902,2144,,,0.2070,hfq
2011-08-22,184.308,184.805,180.444,183.149,8606,,,-2.0080,hfq
2011-08-23,183.094,184.529,178.236,181.769,14505,,,-0.7535,hfq
2011-08-24,180.996,186.406,179.616,186.406,5911,,,2.5510,hfq
2011-08-25,186.406,186.958,182.210,184.805,9549,,,-0.8589,hfq
2011-08-26,183.259,185.854,182.707,184.087,4814,,,-0.3885,hfq
2011-08-29,183.811,183.866,180.720,181.106,9715,,,-1.6193,hfq
2011-08-30,182.542,183.370,181.272,182.431,2398,,,0.7316,hfq
2011-08-31,182.376,182.376,176.359,177.960,8141,,,-2.4508,hfq
2011-09-01,178.622,179.230,172.164,173.323,6296,,,-2.6056,hfq
2011-09-02,173.158,173.820,169.956,172.992,2279,,,-0.1910,hfq
2011-09-05,172.937,172.937,168.079,171.115,3130,,,-1.0850,hfq
2011-09-06,168.962,175.476,164.270,169.294,2858,,,-1.0642,hfq
2011-09-07,169.459,172.882,168.466,172.330,1657,,,1.7933,hfq
2011-09-08,172.164,174.262,170.784,171.612,2612,,,-0.4166,hfq
2011-09-09,172.716,173.158,171.060,171.391,1746,,,-0.1288,hfq
2011-09-13,169.294,171.005,165.871,170.508,2663,,,-0.5152,hfq
2011-09-14,169.183,172.054,169.183,171.336,1399,,,0.4856,hfq
2011-09-15,170.618,173.268,170.618,172.826,2623,,,0.8696,hfq
2011-09-16,172.882,173.213,169.183,170.177,3354,,,-1.5328,hfq
2011-09-19,169.459,171.502,163.884,168.300,4682,,,-1.1030,hfq
2011-09-20,168.245,169.404,162.890,169.349,2781,,,0.6233,hfq
2011-09-21,168.300,172.440,164.988,171.391,5093,,,1.2058,hfq
2011-09-22,169.901,170.066,166.644,167.803,4202,,,-2.0935,hfq
2011-09-23,164.436,165.816,162.228,165.540,2928,,,-1.3486,hfq
2011-09-26,163.884,164.546,161.952,162.780,2095,,,-1.6673,hfq
2011-09-27,164.381,164.381,158.916,162.725,1599,,,-0.0338,hfq
2011-09-28,162.725,162.780,158.806,159.137,1381,,,-2.2049,hfq
2011-09-29,159.082,160.848,156.156,157.315,851,,,-1.1449,hfq
2011-09-30,156.598,159.744,155.825,158.364,682,,,0.6668,hfq
2011-10-10,160.020,161.952,157.260,157.867,523,,,-0.3138,hfq
2011-10-11,160.020,161.676,155.770,158.750,1274,,,0.5593,hfq
2011-10-12,158.585,163.718,156.763,163.222,2941,,,2.8170,hfq
2011-10-13,161.731,165.816,161.731,162.780,2842,,,-0.2708,hfq
2011-10-14,162.835,164.160,160.020,160.517,1291,,,-1.3902,hfq
2011-10-17,160.517,168.079,159.689,167.030,3249,,,4.0575,hfq
2011-10-18,167.141,167.141,161.676,161.731,1952,,,-3.1725,hfq
2011-10-19,161.731,163.884,161.234,161.290,994,,,-0.2727,hfq
2011-10-20,160.848,160.848,153.451,155.604,2060,,,-3.5253,hfq
2011-10-21,154.058,156.432,153.672,154.997,730,,,-0.3901,hfq
2011-10-24,154.997,157.260,153.948,156.763,886,,,1.1394,hfq
2011-10-25,157.426,161.124,155.604,160.572,1340,,,2.4298,hfq
2011-10-26,160.351,163.774,157.315,161.179,1265,,,0.3780,hfq
2011-10-27,160.627,162.614,160.075,160.130,1008,,,-0.6508,hfq
2011-10-28,162.062,169.349,161.731,168.300,2895,,,5.1021,hfq
2011-10-31,168.355,173.544,166.202,169.735,2739,,,0.8526,hfq
2011-11-01,169.073,173.820,168.300,168.576,3421,,,-0.6828,hfq
2011-11-02,168.190,176.580,166.644,174.814,5916,,,3.7004,hfq
2011-11-03,174.317,179.285,173.047,173.820,4803,,,-0.5686,hfq
2011-11-04,173.820,176.249,170.563,171.612,2904,,,-1.2703,hfq
2011-11-07,170.784,172.440,169.956,169.956,900,,,-0.9650,hfq
2011-11-08,172.716,172.716,164.436,167.527,2608,,,-1.4292,hfq
2011-11-09,168.024,171.943,166.534,171.778,1996,,,2.5375,hfq
2011-11-10,171.226,174.814,168.797,173.047,2219,,,0.7387,hfq
2011-11-11,173.047,173.710,169.956,171.170,2828,,,-1.0847,hfq
2011-11-14,170.950,174.924,170.618,174.814,2219,,,2.1289,hfq
2011-11-15,174.703,179.340,174.372,177.353,2654,,,1.4524,hfq
2011-11-16,177.408,178.788,171.502,175.476,3298,,,-1.0583,hfq
2011-11-17,175.200,177.353,172.109,172.606,1473,,,-1.6356,hfq
2011-11-18,171.336,173.930,168.521,169.349,1703,,,-1.8870,hfq
2011-11-21,167.858,169.073,165.540,169.018,933,,,-0.1955,hfq
2011-11-22,167.472,173.268,167.362,172.716,1774,,,2.1879,hfq
2011-11-23,173.434,173.710,169.956,170.287,816,,,-1.4064,hfq
2011-11-24,171.833,172.550,168.631,172.164,976,,,1.1023,hfq
2011-11-25,172.164,172.164,168.300,170.508,816,,,-0.9619,hfq
2011-11-28,166.644,171.502,166.644,171.502,830,,,0.5830,hfq
2011-11-29,168.852,176.525,168.852,175.034,2690,,,2.0595,hfq
2011-11-30,174.869,176.249,167.362,170.784,1279,,,-2.4281,hfq
2011-12-01,174.703,176.470,172.330,173.268,2534,,,1.4545,hfq
2011-12-02,172.274,173.489,168.355,170.784,877,,,-1.4336,hfq
2011-12-05,169.073,169.735,163.332,166.644,2562,,,-2.4241,hfq
2011-12-06,164.270,169.294,161.786,168.576,1044,,,1.1594,hfq
2011-12-07,168.466,169.073,166.092,168.245,591,,,-0.1964,hfq
2011-12-08,168.300,171.060,165.430,167.141,895,,,-0.6562,hfq
2011-12-09,165.540,167.582,161.786,162.173,1373,,,-2.9723,hfq
2011-12-12,160.738,163.608,158.364,158.364,628,,,-2.3487,hfq
2011-12-13,158.364,160.572,156.432,156.984,1282,,,-0.8714,hfq
2011-12-14,160.186,160.186,152.954,153.782,1123,,,-2.0397,hfq
2011-12-15,152.126,154.445,146.662,149.422,3972,,,-2.8352,hfq
2011-12-16,147.931,151.022,147.214,150.194,4330,,,0.5167,hfq
2011-12-19,148.152,151.078,147.103,151.078,2340,,,0.5886,hfq
2011-12-20,147.876,151.354,147.876,150.636,1794,,,-0.2926,hfq
2011-12-21,150.636,151.519,148.980,149.422,1348,,,-0.8059,hfq
2011-12-22,148.428,149.035,146.220,148.980,1737,,,-0.2958,hfq
2011-12-23,148.318,150.802,147.986,149.532,1283,,,0.3705,hfq
2011-12-26,148.870,149.974,147.655,147.655,631,,,-1.2552,hfq
2011-12-27,148.428,148.428,142.908,143.460,2148,,,-2.8411,hfq
2011-12-28,142.522,144.564,140.700,142.301,1347,,,-0.8079,hfq
2011-12-29,142.466,142.742,139.044,141.086,2980,,,-0.8538,hfq
2011-12-30,141.086,143.736,140.203,143.626,4822,,,1.8003,hfq
2012-01-04,143.460,143.736,137.940,141.086,2418,,,-1.7685,hfq
2012-01-05,140.700,140.700,136.284,139.044,1363,,,-1.4473,hfq
2012-01-06,137.112,138.823,135.898,137.609,1199,,,-1.0320,hfq
2012-01-09,138.658,141.197,136.339,140.921,4319,,,2.4068,hfq
2012-01-10,140.148,147.324,139.320,146.772,6056,,,4.1520,hfq
2012-01-11,146.772,150.250,144.288,147.876,5721,,,0.7522,hfq
2012-01-12,145.613,147.876,144.674,144.785,1978,,,-2.0903,hfq
2012-01-13,144.785,147.158,139.927,140.038,2790,,,-3.2787,hfq
2012-01-16,138.382,139.430,132.530,132.972,1668,,,-5.0458,hfq
2012-01-17,132.530,139.872,130.322,136.781,2546,,,2.8645,hfq
2012-01-18,136.891,137.940,131.316,131.592,1789,,,-3.7937,hfq
2012-01-19,130.212,132.751,129.660,130.267,2212,,,-1.0069,hfq
2012-01-20,131.868,135.070,130.378,135.070,2013,,,3.6870,hfq
2012-01-30,135.180,137.830,133.358,135.070,2450,,,0.0000,hfq
2012-01-31,134.076,136.229,132.972,134.794,1282,,,-0.2043,hfq
2012-02-01,135.180,135.180,133.138,134.297,2947,,,-0.3687,hfq
2012-02-02,134.076,134.849,132.199,134.849,6537,,,0.4110,hfq
2012-02-03,134.849,137.333,134.628,137.112,4280,,,1.6782,hfq
2012-02-06,138.161,138.161,136.229,137.112,3092,,,0.0000,hfq
2012-02-07,135.235,136.284,133.524,134.297,2093,,,-2.0531,hfq
2012-02-08,134.076,137.940,134.076,137.830,7286,,,2.6307,hfq
2012-02-09,137.830,140.700,136.670,139.044,7232,,,0.8808,hfq
2012-02-10,139.044,141.362,137.995,140.645,5279,,,1.1514,hfq
2012-02-13,138.547,143.460,137.940,143.460,9082,,,2.0015,hfq
2012-02-14,142.908,145.447,141.914,142.632,7973,,,-0.5772,hfq
2012-02-15,142.632,144.895,142.356,143.846,6275,,,0.8511,hfq
2012-02-16,142.908,146.662,142.356,143.736,4712,,,-0.0765,hfq
2012-02-17,142.411,145.116,141.914,143.460,3552,,,-0.1920,hfq
2012-02-20,145.116,147.214,142.632,142.798,4235,,,-0.4615,hfq
2012-02-21,142.632,146.054,141.804,145.116,3923,,,1.6233,hfq
2012-02-22,145.116,148.925,145.116,148.262,7591,,,2.1679,hfq
2012-02-23,148.152,150.470,146.220,147.434,2834,,,-0.5585,hfq
2012-02-24,149.422,149.422,146.772,148.925,3460,,,1.0113,hfq
2012-02-27,149.863,155.880,147.931,154.500,11642,,,3.7435,hfq
2012-02-28,152.347,155.604,149.311,152.292,7480,,,-1.4291,hfq
2012-02-29,151.133,154.390,148.152,149.532,4782,,,-1.8123,hfq
2012-03-01,149.753,151.188,148.594,150.029,1947,,,0.3324,hfq
2012-03-02,150.360,152.734,149.642,151.906,2342,,,1.2511,hfq
2012-03-05,151.795,152.844,149.918,149.918,2884,,,-1.3087,hfq
2012-03-06,149.974,150.305,145.834,145.834,5088,,,-2.7242,hfq
2012-03-07,145.392,145.392,143.184,143.460,5249,,,-1.6279,hfq
2012-03-08,144.288,146.717,143.515,146.717,6494,,,2.2703,hfq
2012-03-09,147.876,148.152,145.171,148.152,5365,,,0.9781,hfq
2012-03-12,147.600,150.581,146.938,149.808,5400,,,1.1178,hfq
2012-03-13,150.526,150.526,148.428,150.139,3993,,,0.2209,hfq
2012-03-14,151.022,151.795,141.694,142.908,11390,,,-4.8162,hfq
2012-03-15,143.074,145.116,141.362,144.454,7816,,,1.0818,hfq
2012-03-16,144.619,146.772,143.460,146.220,2829,,,1.2225,hfq
2012-03-19,148.152,150.029,147.214,148.925,10669,,,1.8500,hfq
2012-03-20,147.655,148.870,145.558,145.668,7469,,,-2.1870,hfq
2012-03-21,143.570,146.662,143.570,145.834,4550,,,0.1140,hfq
2012-03-22,145.944,146.165,144.122,145.116,2025,,,-0.4923,hfq
2012-03-23,144.288,146.220,143.460,144.895,2214,,,-0.1523,hfq
2012-03-26,145.006,145.006,140.148,142.632,3178,,,-1.5618,hfq
2012-03-27,142.632,156.653,142.632,156.653,27416,,,9.8302,hfq
2012-03-28,157.702,161.676,154.666,157.757,24675,,,0.7047,hfq
2012-03-29,156.874,164.546,146.938,159.026,15730,,,0.8044,hfq
2012-03-30,156.598,158.088,154.334,154.997,11508,,,-2.5335,hfq
2012-04-05,153.838,160.682,148.980,159.910,16769,,,3.1697,hfq
2012-04-06,158.916,165.871,153.948,163.332,20819,,,2.1400,hfq
2012-04-09,160.462,163.222,156.156,160.682,13401,,,-1.6225,hfq
2012-04-10,157.591,164.436,156.377,163.332,9601,,,1.6492,hfq
2012-04-11,161.621,165.374,160.186,163.056,7243,,,-0.1690,hfq
2012-04-12,164.160,175.862,164.160,168.300,17261,,,3.2161,hfq
2012-04-13,168.300,173.599,166.202,173.268,11439,,,2.9519,hfq
2012-04-17,171.060,179.230,164.436,164.546,9953,,,-5.0338,hfq
2012-04-18,164.988,167.914,160.020,165.430,7356,,,0.5372,hfq
2012-04-19,166.092,168.134,162.890,166.975,4038,,,0.9339,hfq
2012-04-20,165.595,166.368,162.780,164.436,5616,,,-1.5206,hfq
2012-04-23,163.829,163.829,158.750,160.572,3917,,,-2.3499,hfq
2012-04-24,158.916,162.835,155.825,160.627,4899,,,0.0343,hfq
2012-04-25,159.192,162.228,159.192,161.069,4748,,,0.2752,hfq
2012-04-26,161.731,167.086,161.179,164.050,3927,,,1.8508,hfq
2012-04-27,163.939,166.810,161.676,162.780,3270,,,-0.7742,hfq
2012-05-02,162.780,167.638,162.780,164.215,2560,,,0.8816,hfq
2012-05-03,164.436,165.430,162.173,164.546,3528,,,0.2016,hfq
2012-05-04,165.485,168.024,164.712,166.258,2798,,,1.0404,hfq
2012-05-07,165.540,166.644,161.621,163.608,2627,,,-1.5939,hfq
2012-05-08,163.663,163.663,159.634,161.676,4002,,,-1.1809,hfq
2012-05-09,158.309,163.498,158.254,162.394,2850,,,0.4441,hfq
2012-05-10,162.118,165.540,160.462,165.043,2622,,,1.6312,hfq
2012-05-11,163.994,164.933,161.455,161.952,2013,,,-1.8728,hfq
2012-05-14,162.228,164.270,160.020,163.056,2867,,,0.6817,hfq
2012-05-15,162.780,162.946,156.432,160.738,6992,,,-1.4216,hfq
2012-05-16,160.406,160.406,157.260,157.260,1381,,,-2.1638,hfq
2012-05-17,160.462,160.462,153.396,153.948,2718,,,-2.1061,hfq
2012-05-18,154.003,155.052,148.704,150.912,3841,,,-1.9721,hfq
2012-05-21,151.022,154.003,149.642,152.789,3702,,,1.2438,hfq
2012-05-22,154.279,154.500,151.243,153.010,2502,,,0.1446,hfq
2012-05-23,153.286,153.672,151.298,151.630,994,,,-0.9019,hfq
2012-05-24,152.954,152.954,149.532,151.574,1827,,,-0.0369,hfq
2012-05-25,149.974,152.568,147.876,147.876,1430,,,-2.4397,hfq
2012-05-28,147.710,150.029,145.944,149.753,3279,,,1.2693,hfq
2012-05-29,149.918,151.906,148.428,151.133,3989,,,0.9215,hfq
2012-05-30,150.636,150.636,147.434,148.980,4923,,,-1.4246,hfq
2012-05-31,147.986,149.146,146.662,148.594,5134,,,-0.2591,hfq
2012-06-01,148.594,148.594,146.772,147.103,2220,,,-1.0034,hfq
2012-06-04,145.006,148.980,143.074,145.944,5205,,,-0.7879,hfq
2012-06-05,146.772,147.600,145.392,146.606,2710,,,0.4536,hfq
2012-06-06,145.944,147.545,142.356,144.564,4210,,,-1.3928,hfq
2012-06-07,144.785,145.889,143.570,144.895,2029,,,0.2290,hfq
2012-06-08,145.668,145.668,143.460,144.454,3987,,,-0.3044,hfq
2012-06-11,143.294,147.048,143.294,146.772,2136,,,1.6047,hfq
2012-06-12,145.944,148.428,145.226,147.214,2134,,,0.3011,hfq
2012-06-13,147.600,150.857,146.882,150.581,4051,,,2.2871,hfq
2012-06-14,150.967,153.893,150.636,150.636,4355,,,0.0365,hfq
2012-06-15,150.084,153.010,149.477,150.636,2256,,,0.0000,hfq
2012-06-18,149.808,153.838,148.483,153.562,4563,,,1.9424,hfq
2012-06-19,153.562,153.948,151.464,151.630,1523,,,-1.2581,hfq
2012-06-20,152.844,152.844,150.084,150.360,1190,,,-0.8376,hfq
2012-06-21,150.470,150.470,146.330,148.428,1702,,,-1.2849,hfq
2012-06-25,148.428,148.428,145.668,145.889,1384,,,-1.7106,hfq
2012-06-26,145.668,152.734,142.742,147.214,1479,,,0.9082,hfq
2012-06-27,144.178,147.600,144.178,145.613,1481,,,-1.0875,hfq
2012-06-28,145.778,146.717,144.343,145.116,1141,,,-0.3413,hfq
2012-06-29,147.214,147.655,144.012,145.944,1566,,,0.5706,hfq
2012-07-02,145.944,147.103,144.950,146.220,1778,,,0.1891,hfq
2012-07-03,145.778,147.766,145.447,146.606,2512,,,0.2640,hfq
2012-07-04,146.054,147.214,143.460,145.061,1460,,,-1.0538,hfq
2012-07-05,144.730,144.785,140.755,143.350,2034,,,-1.1795,hfq
2012-07-06,145.061,145.061,139.099,141.528,1809,,,-1.2710,hfq
2012-07-09,140.148,141.804,139.706,140.148,3688,,,-0.9751,hfq
2012-07-10,138.492,140.479,138.492,138.602,966,,,-1.1031,hfq
2012-07-11,137.940,140.590,136.560,139.817,1559,,,0.8766,hfq
2012-07-12,138.106,148.704,136.008,146.717,4476,,,4.9350,hfq
2012-07-13,143.736,147.710,142.908,145.778,2084,,,-0.6400,hfq
2012-07-16,145.668,145.778,139.762,140.148,2292,,,-3.8620,hfq
2012-07-17,140.700,142.577,139.044,141.970,711,,,1.3001,hfq
2012-07-18,141.970,144.454,139.596,142.908,1700,,,0.6607,hfq
2012-07-19,142.301,144.178,142.301,142.742,1718,,,-0.1162,hfq
2012-07-20,141.086,142.356,137.940,141.252,2385,,,-1.0438,hfq
2012-07-23,140.148,140.700,139.210,140.148,751,,,-0.7816,hfq
2012-07-24,140.093,142.853,140.093,142.853,3304,,,1.9301,hfq
2012-07-25,141.859,143.736,141.086,141.970,849,,,-0.6181,hfq
2012-07-26,141.252,142.908,140.424,140.424,1133,,,-1.0890,hfq
2012-07-27,140.479,141.362,138.768,140.038,985,,,-0.2749,hfq
2012-07-30,141.197,141.197,139.154,140.093,786,,,0.0393,hfq
2012-07-31,139.154,141.749,138.602,139.651,716,,,-0.3155,hfq
2012-08-01,140.093,142.632,140.093,140.976,1310,,,0.9488,hfq
2012-08-02,140.424,140.976,138.492,139.320,2526,,,-1.1747,hfq
2012-08-03,137.995,139.486,137.002,139.044,1291,,,-0.1981,hfq
2012-08-06,139.044,141.473,137.664,140.700,3984,,,1.1910,hfq
2012-08-07,141.252,142.356,140.369,141.694,2587,,,0.7065,hfq
2012-08-08,140.755,144.012,140.700,141.142,1618,,,-0.3896,hfq
2012-08-09,140.645,143.902,140.148,142.356,1703,,,0.8601,hfq
2012-08-10,143.129,143.129,141.252,141.583,1100,,,-0.5430,hfq
2012-08-13,141.252,141.252,136.560,136.891,2136,,,-3.3140,hfq
2012-08-14,135.842,140.093,134.242,139.596,2817,,,1.9760,hfq
2012-08-15,139.044,139.044,136.008,137.443,1403,,,-1.5423,hfq
2012-08-16,136.063,137.774,135.346,135.566,571,,,-1.3657,hfq
2012-08-17,135.622,137.940,134.628,136.836,1617,,,0.9368,hfq
2012-08-20,137.554,139.596,135.180,138.768,1070,,,1.4119,hfq
2012-08-21,139.265,139.817,138.106,139.375,6631,,,0.4374,hfq
2012-08-22,139.927,139.927,137.278,137.443,1706,,,-1.3862,hfq
2012-08-23,137.443,138.492,136.339,137.554,4040,,,0.0808,hfq
2012-08-24,136.946,137.940,135.732,136.174,1942,,,-1.0032,hfq
2012-08-27,135.235,136.008,129.163,132.199,9196,,,-2.9191,hfq
2012-08-28,131.040,132.365,128.335,130.874,831,,,-1.0023,hfq
2012-08-29,130.709,131.095,129.163,130.212,747,,,-0.5058,hfq
2012-08-30,130.709,130.709,126.624,128.556,1977,,,-1.2718,hfq
2012-08-31,128.501,129.108,127.231,128.556,516,,,0.0000,hfq
2012-09-03,128.556,130.157,127.176,129.991,1772,,,1.1162,hfq
2012-09-04,129.550,131.261,128.556,128.611,852,,,-1.0616,hfq
2012-09-05,128.998,130.598,127.231,129.936,2323,,,1.0302,hfq
2012-09-06,129.384,130.985,128.942,130.543,1339,,,0.4672,hfq
2012-09-07,130.819,134.628,130.819,132.641,7331,,,1.6071,hfq
2012-09-10,132.641,133.800,132.199,132.917,5132,,,0.2081,hfq
2012-09-11,132.530,134.242,132.530,133.910,2710,,,0.7471,hfq
2012-09-12,134.518,134.959,130.874,131.923,3227,,,-1.4838,hfq
2012-09-13,132.034,132.696,131.371,131.426,2729,,,-0.3767,hfq
2012-09-14,132.144,133.248,129.550,132.144,3535,,,0.5463,hfq
2012-09-17,131.592,132.144,129.108,129.218,1500,,,-2.2143,hfq
2012-09-18,129.163,129.163,125.796,126.293,1637,,,-2.2636,hfq
2012-09-19,126.790,127.397,126.293,127.121,1115,,,0.6556,hfq
2012-09-20,126.900,126.900,123.422,124.195,1756,,,-2.3017,hfq
2012-09-21,124.582,124.582,122.484,122.650,1085,,,-1.2440,hfq
2012-09-24,122.263,122.374,118.068,119.669,3278,,,-2.4305,hfq
2012-09-25,119.448,120.166,118.399,118.675,1502,,,-0.8306,hfq
2012-09-26,119.172,119.227,116.743,117.019,1447,,,-1.3954,hfq
2012-09-27,117.847,119.172,116.302,118.565,2265,,,1.3212,hfq
2012-09-28,118.565,121.932,117.516,121.932,2686,,,2.8398,hfq
2012-10-08,120.552,121.877,119.779,120.276,1308,,,-1.3581,hfq
2012-10-09,121.270,124.913,120.386,124.692,4526,,,3.6716,hfq
2012-10-10,124.582,124.637,123.146,124.250,953,,,-0.3545,hfq
2012-10-11,123.974,123.974,122.870,123.036,1167,,,-0.9771,hfq
2012-10-12,124.030,124.306,121.601,123.864,1136,,,0.6730,hfq
2012-10-15,122.870,123.146,119.558,120.331,2019,,,-2.8523,hfq
2012-10-16,119.945,122.098,119.393,120.938,1115,,,0.5044,hfq
2012-10-17,122.153,122.318,119.724,120.994,1374,,,0.0463,hfq
2012-10-18,120.055,125.741,120.055,125.023,4029,,,3.3299,hfq
2012-10-19,123.643,126.348,120.828,124.692,1234,,,-0.2648,hfq
2012-10-22,124.140,125.189,122.208,125.134,1246,,,0.3545,hfq
2012-10-23,124.582,125.465,121.932,122.926,1756,,,-1.7645,hfq
2012-10-24,123.809,123.809,120.000,120.276,3529,,,-2.1558,hfq
2012-10-25,121.159,121.159,118.786,120.276,1485,,,0.0000,hfq
2012-10-26,120.110,121.325,118.510,119.227,5222,,,-0.8722,hfq
2012-10-29,117.682,118.896,116.964,117.682,965,,,-1.2958,hfq
2012-10-30,117.516,121.877,117.516,120.773,3041,,,2.6266,hfq
2012-10-31,120.773,121.711,119.558,121.380,739,,,0.5026,hfq
2012-11-01,121.159,123.864,120.386,122.539,1787,,,0.9549,hfq
2012-11-02,123.588,123.588,120.386,121.435,818,,,-0.9009,hfq
2012-11-05,120.718,122.318,120.607,121.932,1694,,,0.4093,hfq
2012-11-06,121.270,122.594,120.221,122.318,1022,,,0.3166,hfq
2012-11-07,122.318,122.374,120.055,120.055,1473,,,-1.8501,hfq
2012-11-08,120.276,120.828,118.896,118.896,1415,,,-0.9654,hfq
2012-11-09,117.626,120.276,117.571,118.951,915,,,0.0463,hfq
2012-11-12,117.626,120.718,117.626,118.510,2156,,,-0.3707,hfq
2012-11-13,119.338,119.338,117.516,118.454,1761,,,-0.0473,hfq
2012-11-14,117.571,118.786,117.516,117.958,1297,,,-0.4187,hfq
2012-11-15,117.792,118.620,116.964,117.571,1313,,,-0.3281,hfq
2012-11-16,117.792,117.792,115.474,115.639,709,,,-1.6433,hfq
2012-11-19,114.811,115.970,114.259,115.860,1220,,,0.1911,hfq
2012-11-20,115.805,116.854,114.811,115.308,638,,,-0.4764,hfq
2012-11-21,116.522,116.522,114.370,114.811,1500,,,-0.4310,hfq
2012-11-22,114.811,116.136,114.370,114.480,1599,,,-0.2883,hfq
2012-11-23,114.425,115.860,113.928,115.860,2083,,,1.2055,hfq
2012-11-26,115.860,116.302,114.866,116.136,1160,,,0.2382,hfq
2012-11-27,115.860,116.909,111.996,116.909,4250,,,0.6656,hfq
2012-11-28,116.854,120.166,116.412,118.896,8087,,,1.6996,hfq
2012-11-29,118.234,119.890,117.130,117.958,4072,,,-0.7889,hfq
2012-11-30,119.117,119.117,112.603,116.688,6449,,,-1.0767,hfq
2012-12-03,115.308,116.688,111.499,116.412,7237,,,-0.2365,hfq
2012-12-04,113.652,114.922,109.291,114.756,7875,,,-1.4225,hfq
2012-12-05,113.983,116.854,111.610,116.026,14431,,,1.1067,hfq
2012-12-06,116.026,116.522,112.824,113.321,4456,,,-2.3314,hfq
2012-12-07,113.100,114.094,112.217,114.038,8142,,,0.6327,hfq
2012-12-10,113.652,116.026,113.652,115.694,13865,,,1.4521,hfq
2012-12-11,115.805,119.006,115.750,119.006,23295,,,2.8627,hfq
2012-12-12,119.006,119.503,116.357,117.406,11342,,,-1.3445,hfq
2012-12-13,117.074,118.344,112.769,112.934,9600,,,-3.8090,hfq
2012-12-14,112.879,116.191,112.548,115.639,23934,,,2.3952,hfq
2012-12-17,116.964,118.344,115.639,117.902,15642,,,1.9570,hfq
2012-12-18,117.571,118.510,116.246,117.516,11267,,,-0.3274,hfq
2012-12-19,117.516,123.257,116.467,122.594,19662,,,4.3211,hfq
2012-12-20,122.594,122.594,119.503,121.822,10857,,,-0.6297,hfq
2012-12-21,121.490,124.692,120.276,123.809,12642,,,1.6311,hfq
2012-12-24,123.588,124.140,121.932,121.932,10191,,,-1.5160,hfq
2012-12-25,121.932,124.140,120.994,123.478,10756,,,1.2679,hfq
2012-12-26,123.533,125.796,122.208,124.968,14994,,,1.2067,hfq
2012-12-27,124.747,124.968,121.987,121.987,12916,,,-2.3854,hfq
2012-12-28,122.539,122.539,120.386,121.822,8902,,,-0.1353,hfq
2012-12-31,121.987,125.520,121.987,124.250,11408,,,1.9931,hfq
2013-01-04,124.250,125.465,120.331,121.380,9864,,,-2.3099,hfq
2013-01-07,121.435,121.877,119.172,119.724,16109,,,-1.3643,hfq
2013-01-08,120.552,124.416,120.331,121.932,24095,,,1.8442,hfq
2013-04-03,133.524,133.524,126.790,127.507,78971,,,4.5722,hfq
2013-04-08,125.686,125.741,117.130,120.110,35233,,,-5.8013,hfq
2013-04-09,119.338,131.702,117.240,130.212,58831,,,8.4106,hfq
2013-04-10,128.335,128.335,124.030,126.182,31024,,,-3.0950,hfq
2013-04-11,125.520,126.679,122.539,122.705,16980,,,-2.7555,hfq
2013-04-12,122.760,125.189,122.098,122.870,14904,,,0.1345,hfq
2013-04-15,121.380,121.766,117.406,117.792,15018,,,-4.1328,hfq
2013-04-16,115.032,115.860,112.824,115.032,14751,,,-2.3431,hfq
2013-04-17,115.308,116.909,114.480,116.412,9529,,,1.1997,hfq
2013-04-18,115.529,116.302,114.204,114.425,12438,,,-1.7069,hfq
2013-04-19,114.425,116.909,113.928,115.750,22495,,,1.1580,hfq
2013-04-22,116.136,118.013,114.646,118.013,15097,,,1.9551,hfq
2013-04-23,117.461,118.013,113.100,113.542,11681,,,-3.7886,hfq
2013-04-24,113.266,115.694,110.450,115.584,16730,,,1.7985,hfq
2013-04-25,115.198,116.191,112.162,112.162,11950,,,-2.9606,hfq
2013-04-26,111.444,114.425,110.340,112.272,13254,,,0.0981,hfq
2013-05-02,112.548,112.990,110.506,111.499,5155,,,-0.6885,hfq
2013-05-03,111.278,113.542,111.278,112.824,10563,,,1.1884,hfq
2013-05-06,113.210,116.026,112.824,115.694,12366,,,2.5438,hfq
2013-05-07,115.694,116.798,114.204,116.191,10019,,,0.4296,hfq
2013-05-08,116.191,121.601,115.584,119.172,17984,,,2.5656,hfq
2013-05-09,120.331,125.741,120.276,125.189,31294,,,5.0490,hfq
2013-05-10,126.403,127.894,123.698,127.010,24183,,,1.4546,hfq
2013-05-13,126.403,132.199,124.526,127.397,20141,,,0.3047,hfq
2013-05-14,127.452,128.666,122.594,123.588,13726,,,-2.9899,hfq
2013-05-15,122.484,130.212,122.374,130.102,12592,,,5.2707,hfq
2013-05-16,131.261,133.800,126.569,127.949,16310,,,-1.6549,hfq
2013-05-17,128.004,131.592,127.010,129.053,11557,,,0.8628,hfq
2013-05-20,129.053,133.800,128.556,132.089,15473,,,2.3525,hfq
2013-05-21,132.144,136.836,130.654,136.118,21825,,,3.0502,hfq
2013-05-22,136.174,139.927,132.751,134.021,18383,,,-1.5406,hfq
2013-05-23,134.021,138.050,134.021,137.057,19168,,,2.2653,hfq
2013-05-24,137.388,139.375,135.180,137.885,10620,,,0.6041,hfq
2013-05-27,137.995,138.216,133.524,134.628,18592,,,-2.3621,hfq
2013-05-28,134.628,140.590,134.628,140.148,22354,,,4.1002,hfq
2013-05-29,140.755,141.528,137.664,140.369,14954,,,0.1577,hfq
2013-05-30,140.424,140.700,138.492,140.148,8039,,,-0.1574,hfq
2013-05-31,140.645,141.197,137.443,137.885,12187,,,-1.6147,hfq
2013-06-03,137.885,139.762,131.813,133.358,17109,,,-3.2832,hfq
2013-06-04,132.751,134.021,127.618,128.280,13815,,,-3.8078,hfq
2013-06-05,128.501,132.144,127.783,129.936,8889,,,1.2909,hfq
2013-06-06,128.832,130.212,126.238,127.397,6556,,,-1.9540,hfq
2013-06-07,128.114,129.936,126.127,127.231,7570,,,-0.1303,hfq
2013-06-13,125.796,128.390,121.380,124.692,6210,,,-1.9956,hfq
2013-06-14,124.692,127.342,124.250,127.231,6711,,,2.0362,hfq
2013-06-17,127.838,130.654,126.348,128.501,8083,,,0.9982,hfq
2013-06-18,128.556,129.163,126.900,128.446,4690,,,-0.0428,hfq
2013-06-19,128.059,128.059,124.526,126.348,4581,,,-1.6334,hfq
2013-06-20,125.796,126.900,119.172,119.172,9525,,,-5.6796,hfq
2013-06-21,118.013,118.399,114.811,117.737,10812,,,-1.2041,hfq
2013-06-24,116.467,117.350,111.002,111.996,7221,,,-4.8761,hfq
2013-06-25,111.941,113.652,104.378,111.444,15739,,,-0.4929,hfq
2013-06-26,112.438,120.828,110.450,119.338,12411,,,7.0834,hfq
2013-06-27,120.000,120.166,113.983,114.646,11756,,,-3.9317,hfq
2013-06-28,113.100,117.682,113.100,115.418,7244,,,0.6734,hfq
2013-07-01,115.418,117.626,114.204,117.516,8324,,,1.8177,hfq
2013-07-02,117.406,121.932,116.633,120.607,11107,,,2.6303,hfq
2013-07-03,120.828,121.766,117.792,120.331,9045,,,-0.2288,hfq
2013-07-04,120.166,124.140,118.675,121.490,8685,,,0.9632,hfq
2013-07-05,121.490,122.815,116.964,119.558,5963,,,-1.5903,hfq
2013-07-08,116.688,119.062,115.860,115.970,7377,,,-3.0011,hfq
2013-07-09,116.578,116.578,114.259,115.915,2633,,,-0.0474,hfq
2013-07-10,116.854,127.010,116.854,127.010,14606,,,9.5717,hfq
2013-07-11,134.352,136.284,129.439,132.144,33846,,,4.0422,hfq
2013-07-12,130.488,144.895,129.384,144.895,51832,,,9.6493,hfq
2013-07-15,148.980,158.916,148.980,158.916,37701,,,9.6767,hfq
2013-07-16,159.468,164.878,158.364,163.442,75554,,,2.8480,hfq
2013-07-17,161.290,162.725,157.867,159.468,39238,,,-2.4314,hfq
2013-07-18,157.922,163.056,157.812,159.468,27396,,,0.0000,hfq
2013-07-19,159.468,174.648,155.770,168.797,55313,,,5.8501,hfq
2013-07-22,164.436,185.191,162.835,178.622,41836,,,5.8206,hfq
2013-07-23,176.028,184.308,173.378,176.746,52419,,,-1.0503,hfq
2013-07-24,175.476,184.860,172.495,177.077,33760,,,0.1873,hfq
2013-07-25,174.317,182.928,169.128,171.612,28172,,,-3.0862,hfq
2013-07-26,168.852,172.716,162.173,169.018,20695,,,-1.5115,hfq
2013-07-29,168.190,168.355,159.910,159.965,17724,,,-5.3562,hfq
2013-07-30,160.462,162.449,151.133,156.377,21436,,,-2.2430,hfq
2013-07-31,156.322,161.014,155.494,156.046,16761,,,-0.2117,hfq
2013-08-01,156.542,171.170,154.500,171.170,20794,,,9.6920,hfq
2013-08-02,175.531,187.786,172.164,187.786,53042,,,9.7073,hfq
2013-08-05,190.932,193.416,184.363,191.208,34801,,,1.8223,hfq
2013-08-06,188.448,195.569,183.204,191.153,27731,,,-0.0288,hfq
2013-08-07,189.276,189.662,180.444,187.068,21156,,,-2.1370,hfq
2013-08-08,186.074,186.516,178.346,181.493,24280,,,-2.9802,hfq
2013-08-09,181.493,183.977,171.888,175.697,22388,,,-3.1935,hfq
2013-08-12,175.973,179.561,172.495,179.340,23512,,,2.0735,hfq
2013-08-13,178.126,182.983,173.875,178.788,17889,,,-0.3078,hfq
2013-08-14,176.194,182.873,172.992,181.824,21537,,,1.6981,hfq
2013-08-15,181.548,183.204,177.298,178.346,15404,,,-1.9128,hfq
2013-08-16,176.580,176.580,163.332,169.128,35343,,,-5.1686,hfq
2013-08-19,167.472,174.262,164.326,172.054,15334,,,1.7301,hfq
2013-08-20,171.943,172.992,166.644,172.054,21242,,,0.0000,hfq
2013-08-21,172.164,178.733,170.950,176.856,23995,,,2.7910,hfq
2013-08-22,175.421,180.168,173.268,178.843,18236,,,1.1235,hfq
2013-08-23,177.850,185.964,175.034,182.873,29544,,,2.2534,hfq
2013-08-26,185.026,185.357,177.574,181.051,19966,,,-0.9963,hfq
2013-08-27,180.168,180.941,174.924,177.353,24482,,,-2.0425,hfq
2013-08-28,175.918,179.837,172.330,176.028,13466,,,-0.7471,hfq
2013-08-29,173.323,176.470,169.294,170.508,13043,,,-3.1359,hfq
2013-08-30,168.521,170.508,156.542,158.916,20278,,,-6.7985,hfq
2013-09-02,158.530,173.268,156.984,170.287,19864,,,7.1554,hfq
2013-09-03,170.508,179.726,168.742,179.450,24902,,,5.3809,hfq
2013-09-04,176.856,180.775,173.268,179.340,20036,,,-0.0613,hfq
2013-09-05,178.622,181.438,174.869,179.506,14556,,,0.0926,hfq
2013-09-06,180.278,186.019,177.298,179.892,15853,,,0.2150,hfq
2013-09-09,177.684,181.272,170.398,171.115,15712,,,-4.8790,hfq
2013-09-10,171.115,173.158,167.858,170.453,10800,,,-0.3869,hfq
2013-09-11,169.404,170.398,164.215,166.699,14466,,,-2.2024,hfq
2013-09-12,168.245,177.629,166.037,172.937,16698,,,3.7421,hfq
2013-09-13,172.550,177.684,170.508,172.054,9414,,,-0.5106,hfq
2013-09-16,172.054,186.240,172.054,181.714,22584,,,5.6145,hfq
2013-09-17,181.603,188.669,181.382,183.204,19974,,,0.8200,hfq
2013-09-18,184.198,185.136,176.028,178.788,12800,,,-2.4104,hfq
2013-09-23,179.395,184.860,171.778,184.474,24298,,,3.1803,hfq
2013-09-24,185.302,202.414,181.658,202.414,29454,,,9.7249,hfq
2013-09-25,207.492,222.175,202.910,214.668,48641,,,6.0539,hfq
2013-09-26,214.723,221.071,206.388,207.492,25101,,,-3.3428,hfq
2013-09-27,206.057,215.220,199.322,200.813,18772,,,-3.2189,hfq
2013-09-30,202.138,220.409,202.082,214.668,19074,,,6.8995,hfq
2013-10-08,214.116,217.428,205.726,214.944,20082,,,0.1286,hfq
2013-10-09,212.681,213.178,205.008,207.492,28892,,,-3.4669,hfq
2013-10-10,205.836,227.750,205.560,227.750,37679,,,9.7633,hfq
2013-10-11,223.500,250.051,220.188,243.372,52159,,,6.8593,hfq
2013-10-14,247.678,267.218,243.593,267.218,42293,,,9.7982,hfq
2013-10-15,266.446,285.600,259.987,264.293,30581,,,-1.0946,hfq
2013-10-16,263.244,275.112,241.219,262.195,28628,,,-0.7938,hfq
2013-10-17,263.244,281.515,259.380,264.955,20308,,,1.0527,hfq
2013-10-18,260.484,275.388,254.026,268.488,11438,,,1.3334,hfq
2013-10-21,269.040,294.874,269.040,294.874,44971,,,9.8276,hfq
2013-10-22,289.188,292.500,265.894,265.894,33541,,,-9.8279,hfq
2013-10-23,263.686,269.316,246.132,254.026,37227,,,-4.4634,hfq
2013-10-24,254.136,261.864,243.924,245.470,24465,,,-3.3682,hfq
2013-10-25,246.684,250.493,234.982,238.294,23527,,,-2.9234,hfq
2013-10-28,239.011,247.788,238.846,244.642,29665,,,2.6639,hfq
2013-10-29,245.194,247.788,220.685,236.196,30471,,,-3.4524,hfq
2013-10-30,233.878,245.028,233.712,238.680,28133,,,1.0517,hfq
2013-10-31,237.190,255.461,237.190,253.308,22713,,,6.1287,hfq
2013-11-01,251.542,257.724,242.378,249.389,11229,,,-1.5471,hfq
2013-11-04,248.892,273.842,248.892,267.053,35821,,,7.0829,hfq
2013-11-05,263.244,280.632,259.380,280.356,19757,,,4.9814,hfq
2013-11-06,275.554,282.840,268.764,269.040,14403,,,-4.0363,hfq
2013-11-07,264.348,265.342,242.654,242.654,30309,,,-9.8075,hfq
2013-11-08,236.748,246.629,234.540,237.742,7128,,,-2.0243,hfq
2013-11-11,237.300,257.724,237.300,246.960,14582,,,3.8773,hfq
2013-11-12,251.045,253.198,243.427,249.334,8116,,,0.9613,hfq
2013-11-13,247.126,250.990,244.145,246.022,8518,,,-1.3283,hfq
2013-11-14,247.622,254.026,240.612,248.450,9475,,,0.9869,hfq
2013-11-15,243.924,261.588,243.262,252.756,11462,,,1.7331,hfq
2013-11-18,251.983,264.348,245.635,262.692,12016,,,3.9311,hfq
2013-11-19,262.913,262.913,255.019,257.724,9852,,,-1.8912,hfq
2013-11-20,256.620,260.374,253.970,258.938,4532,,,0.4710,hfq
2013-11-21,258.938,263.244,253.308,262.471,5694,,,1.3644,hfq
2013-11-22,262.471,269.868,254.688,262.471,13292,,,0.0000,hfq
2013-11-25,263.078,263.078,251.100,253.308,9871,,,-3.4911,hfq
2013-11-26,251.155,257.834,243.979,256.013,8516,,,1.0679,hfq
2013-11-27,255.240,262.526,252.646,261.588,5698,,,2.1776,hfq
2013-11-28,266.004,267.108,259.104,259.546,4238,,,-0.7806,hfq
2013-11-29,259.601,280.908,255.295,275.167,11287,,,6.0186,hfq
2013-12-02,269.868,273.732,249.444,253.308,13273,,,-7.9439,hfq
2013-12-03,253.308,260.926,250.548,260.374,7679,,,2.7895,hfq
2013-12-04,258.828,263.686,254.854,258.662,8585,,,-0.6575,hfq
2013-12-05,256.454,262.195,248.340,251.045,7573,,,-2.9448,hfq
2013-12-06,247.788,251.045,234.595,239.398,12556,,,-4.6394,hfq
2013-12-09,239.508,242.158,234.816,241.882,6469,,,1.0376,hfq
2013-12-10,242.323,249.996,240.226,249.886,9478,,,3.3091,hfq
2013-12-11,252.922,252.922,240.888,244.090,7728,,,-2.3195,hfq
2013-12-12,241.771,253.860,241.771,253.253,10408,,,3.7539,hfq
2013-12-13,249.996,262.968,249.996,261.146,9581,,,3.1166,hfq
2013-12-16,263.244,263.244,252.535,254.302,7561,,,-2.6208,hfq
2013-12-17,254.302,255.295,250.548,253.087,3735,,,-0.4778,hfq
2013-12-18,253.860,258.828,249.610,253.860,6294,,,0.3054,hfq
2013-12-19,253.363,257.669,250.990,252.646,3399,,,-0.4782,hfq
2013-12-20,250.603,253.308,243.482,246.132,4300,,,-2.5783,hfq
2013-12-23,242.268,247.457,237.907,238.404,4985,,,-3.1398,hfq
2013-12-24,238.018,246.684,234.595,245.580,5471,,,3.0100,hfq
2013-12-25,243.372,248.837,240.667,247.236,5276,,,0.6743,hfq
2013-12-26,246.132,251.100,242.323,248.947,4790,,,0.6921,hfq
2013-12-27,249.334,250.493,245.414,247.788,3118,,,-0.4656,hfq
2013-12-30,249.168,259.656,247.843,256.896,8951,,,3.6757,hfq
2013-12-31,257.172,270.862,254.412,266.998,22604,,,3.9323,hfq
2014-01-02,264.127,266.446,262.085,265.783,9010,,,-0.4551,hfq
2014-01-03,264.348,274.505,264.348,266.887,12327,,,0.4154,hfq
2014-01-06,269.758,270.420,255.074,260.042,11031,,,-2.5648,hfq
2014-01-07,259.987,269.868,251.652,269.150,10096,,,3.5025,hfq
2014-01-08,265.507,273.842,265.452,269.261,11952,,,0.0412,hfq
2014-01-09,268.322,280.025,264.348,273.290,14136,,,1.4963,hfq
2014-01-10,273.346,273.346,261.588,270.089,8192,,,-1.1713,hfq
2014-01-13,269.261,296.585,266.059,293.935,35517,,,8.8289,hfq
2014-01-14,291.948,306.079,279.804,301.332,28665,,,2.5165,hfq
2014-01-15,297.468,325.565,297.468,316.788,25757,,,5.1292,hfq
2014-01-16,312.979,319.493,308.563,310.495,8246,,,-1.9865,hfq
2014-01-17,311.213,330.478,309.060,314.028,13942,,,1.1379,hfq
2014-01-20,311.268,319.548,294.929,302.215,13077,,,-3.7618,hfq
2014-01-21,299.179,325.068,297.468,324.130,17585,,,7.2515,hfq
2014-01-22,330.588,335.777,315.850,323.412,13320,,,-0.2215,hfq
2014-01-23,322.308,339.972,316.291,336.053,20655,,,3.9086,hfq
2014-01-24,334.397,341.573,325.344,333.900,16569,,,-0.6407,hfq
2014-01-27,333.348,333.348,322.970,325.123,10270,,,-2.6286,hfq
2014-01-28,335.004,354.324,325.896,332.520,16446,,,2.2751,hfq
2014-01-29,335.998,352.558,325.123,350.460,11789,,,5.3952,hfq
2014-01-30,348.749,368.897,348.749,358.188,11105,,,2.2051,hfq
2014-02-07,357.636,358.740,349.908,352.668,12858,,,-1.5411,hfq
2014-02-10,353.220,363.156,343.339,345.492,20282,,,-2.0348,hfq
2014-02-11,347.258,347.258,322.860,326.724,30734,,,-5.4323,hfq
2014-02-12,327.773,327.828,313.366,322.253,17777,,,-1.3684,hfq
2014-02-13,320.431,332.686,313.531,317.892,20568,,,-1.3533,hfq
2014-02-14,319.548,333.790,319.548,330.312,21094,,,3.9070,hfq
2014-02-17,330.312,335.556,326.724,330.478,18707,,,0.0503,hfq
2014-02-18,331.416,332.023,315.850,323.357,17890,,,-2.1548,hfq
2014-02-19,319.603,325.013,317.340,322.584,13096,,,-0.2391,hfq
2014-02-20,321.756,322.584,306.466,307.128,22710,,,-4.7913,hfq
2014-02-21,304.092,309.778,296.364,304.534,13368,,,-0.8446,hfq
2014-02-24,301.884,315.132,286.428,312.924,36448,,,2.7550,hfq
2014-02-25,309.336,313.862,282.564,283.337,26272,,,-9.4550,hfq
2014-02-26,284.772,303.043,268.046,294.156,36289,,,3.8184,hfq
2014-02-27,295.094,323.081,295.094,318.444,44233,,,8.2568,hfq
2014-02-28,323.964,323.964,307.956,315.684,13779,,,-0.8667,hfq
2014-03-03,322.308,324.902,310.716,318.058,9006,,,0.7520,hfq
2014-03-04,320.652,331.140,314.083,315.684,19986,,,-0.7464,hfq
2014-03-05,314.028,323.136,310.992,311.820,10176,,,-1.2240,hfq
2014-03-06,311.930,315.132,295.757,297.468,17182,,,-4.6027,hfq
2014-03-07,297.468,300.670,291.948,297.192,7803,,,-0.0928,hfq
2014-03-10,297.192,301.222,292.003,295.260,7205,,,-0.6501,hfq
2014-03-11,293.052,296.364,274.284,278.700,15787,,,-5.6086,hfq
2014-03-12,278.148,290.844,274.339,281.570,9899,,,1.0298,hfq
2014-03-13,277.872,290.844,277.872,286.428,9697,,,1.7253,hfq
2014-03-14,284.717,288.581,258.828,269.813,28930,,,-5.8008,hfq
2014-03-17,261.588,263.796,248.395,259.932,30406,,,-3.6622,hfq
2014-03-18,261.478,274.946,253.308,269.261,28155,,,3.5890,hfq
2014-03-19,269.316,269.813,261.643,263.410,13842,,,-2.1730,hfq
2014-03-20,263.686,264.238,247.788,248.340,17562,,,-5.7211,hfq
2014-03-21,247.954,248.340,235.092,246.684,21299,,,-0.6668,hfq
2014-03-24,246.739,247.788,223.500,227.364,47809,,,-7.8319,hfq
2014-03-25,226.260,230.786,223.445,227.364,31916,,,0.0000,hfq
2014-03-26,227.309,232.332,226.481,229.572,31617,,,0.9711,hfq
2014-03-27,229.627,232.387,225.101,225.211,23157,,,-1.8996,hfq
2014-03-28,225.156,232.111,217.428,223.997,20643,,,-0.5391,hfq
2014-03-31,245.028,245.028,230.566,233.050,55207,,,4.0416,hfq
2014-04-01,231.670,253.308,227.474,251.100,32404,,,7.7451,hfq
2014-04-02,251.045,251.652,235.975,244.034,24033,,,-2.8140,hfq
2014-04-29,220.133,220.133,220.133,220.133,3260,,,-9.7941,hfq
2014-04-30,208.596,220.078,207.492,214.282,37635,,,-2.6579,hfq
2014-05-05,214.282,235.202,211.411,235.202,29260,,,9.7628,hfq
2014-05-06,235.534,246.242,235.202,243.869,33124,,,3.6849,hfq
2014-05-07,243.703,245.635,237.410,243.814,22138,,,-0.0226,hfq
2014-05-08,245.525,248.782,239.784,248.230,28253,,,1.8112,hfq
2014-05-09,245.746,247.678,241.606,244.862,19328,,,-1.3568,hfq
2014-05-12,245.525,249.168,244.476,246.960,13113,,,0.8568,hfq
2014-05-13,247.622,261.533,247.181,257.834,23035,,,4.4031,hfq
2014-05-14,257.724,271.414,253.308,268.874,22964,,,4.2818,hfq
2014-05-15,268.764,274.836,258.331,258.828,29824,,,-3.7363,hfq
2014-05-16,259.380,263.796,248.782,258.828,18940,,,0.0000,hfq
2014-05-19,254.467,264.072,254.412,262.416,14258,,,1.3862,hfq
2014-05-20,262.692,274.174,260.484,266.556,21839,,,1.5776,hfq
2014-05-21,266.390,272.518,263.520,267.660,10995,,,0.4142,hfq
2014-05-22,269.316,272.352,264.679,269.868,14837,,,0.8249,hfq
2014-05-23,268.267,272.628,265.894,269.150,15824,,,-0.2661,hfq
2014-05-26,269.095,272.076,262.085,263.244,15910,,,-2.1943,hfq
2014-05-27,263.796,265.231,250.658,252.701,14344,,,-4.0050,hfq
2014-05-28,252.811,264.900,251.431,264.514,16659,,,4.6747,hfq
2014-05-29,264.348,266.280,255.516,257.724,16163,,,-2.5670,hfq
2014-05-30,256.565,260.760,253.253,257.006,9259,,,-0.2786,hfq
2014-06-03,257.006,268.157,256.068,266.059,21465,,,3.5225,hfq
2014-06-04,264.127,269.868,263.410,265.397,11345,,,-0.2488,hfq
2014-06-05,265.452,272.076,253.308,272.076,19994,,,2.5166,hfq
2014-06-06,272.242,273.180,265.452,269.150,9782,,,-1.0754,hfq
2014-06-09,267.715,272.131,259.766,261.533,8295,,,-2.8300,hfq
2014-06-10,261.588,264.348,256.730,261.809,7270,,,0.1055,hfq
2014-06-11,261.809,271.469,259.877,270.696,9535,,,3.3945,hfq
2014-06-12,270.972,287.808,268.764,287.146,25281,,,6.0769,hfq
2014-06-13,285.600,291.893,279.362,286.538,14882,,,-0.2117,hfq
2014-06-16,284.386,288.084,279.970,282.785,11684,,,-1.3098,hfq
2014-06-17,283.226,295.150,283.061,289.574,12123,,,2.4008,hfq
2014-06-18,289.133,291.396,283.226,285.766,6485,,,-1.3150,hfq
2014-06-19,287.256,287.256,268.874,277.430,9403,,,-2.9171,hfq
2014-06-20,276.161,278.755,270.530,277.706,7846,,,0.0995,hfq
2014-06-23,277.706,285.379,275.057,284.220,7687,,,2.3456,hfq
2014-06-24,286.428,290.402,283.116,285.158,9487,,,0.3300,hfq
2014-06-25,285.158,288.084,277.154,279.086,9262,,,-2.1293,hfq
2014-06-26,278.921,288.470,278.866,283.778,10117,,,1.6812,hfq
2014-06-27,287.090,290.402,281.570,282.122,10049,,,-0.5836,hfq
2014-06-30,282.122,289.022,277.817,288.746,14038,,,2.3479,hfq
2014-07-01,288.746,289.409,283.502,285.434,7413,,,-1.1470,hfq
2014-07-02,285.158,289.906,284.330,286.318,7496,,,0.3097,hfq
2014-07-03,286.483,297.578,285.269,296.971,14688,,,3.7207,hfq
2014-07-04,297.026,300.835,292.610,298.682,10389,,,0.5762,hfq
2014-07-07,298.572,300.062,288.250,290.568,8765,,,-2.7166,hfq
2014-07-08,290.678,291.286,276.050,280.577,25254,,,-3.4384,hfq
2014-07-09,279.583,282.122,272.573,272.573,10582,,,-2.8527,hfq
2014-07-10,272.462,272.462,259.104,264.017,20250,,,-3.1390,hfq
2014-07-11,263.906,265.949,259.490,263.630,10463,,,-0.1466,hfq
2014-07-14,263.630,271.634,263.630,270.365,10298,,,2.5547,hfq
2014-07-15,271.138,271.358,260.594,262.250,13059,,,-3.0015,hfq
2014-07-16,264.182,275.443,264.182,271.248,21729,,,3.4311,hfq
2014-07-17,274.284,274.284,269.482,270.475,4970,,,-0.2850,hfq
2014-07-18,268.874,270.530,264.734,267.770,7322,,,-1.0001,hfq
2014-07-21,267.494,267.494,250.769,263.354,16334,,,-1.6492,hfq
2014-07-22,262.250,273.290,253.418,272.904,18603,,,3.6263,hfq
2014-07-23,276.602,298.130,276.602,289.298,33216,,,6.0072,hfq
2014-07-24,290.734,290.954,279.914,286.538,28614,,,-0.9540,hfq
2014-07-25,286.538,288.194,278.203,286.980,18750,,,0.1543,hfq
2014-07-28,284.717,289.850,282.122,286.814,11975,,,-0.0578,hfq
2014-07-29,284.551,289.298,284.386,288.526,19242,,,0.5969,hfq
2014-07-30,287.642,289.795,283.392,287.090,6947,,,-0.4977,hfq
2014-07-31,284.606,287.532,279.362,286.980,13792,,,-0.0383,hfq
2014-08-01,285.434,287.256,281.626,287.090,6012,,,0.0383,hfq
2014-08-04,287.090,304.202,286.318,302.546,21259,,,5.3837,hfq
2014-08-05,302.436,304.478,295.481,299.952,9520,,,-0.8574,hfq
2014-08-06,298.130,320.210,298.130,310.274,18471,,,3.4412,hfq
2014-08-07,311.654,324.516,304.258,315.684,15594,,,1.7436,hfq
2014-08-08,315.684,327.938,310.716,325.675,15898,,,3.1649,hfq
2014-09-29,357.691,357.691,357.691,357.691,389,,,9.8307,hfq
2014-09-30,392.909,392.909,392.909,392.909,1518,,,9.8459,hfq
2014-10-08,431.659,431.659,395.393,415.706,98540,,,5.8021,hfq
2014-10-09,407.978,414.878,400.306,407.150,41590,,,-2.0582,hfq
2014-10-10,403.286,404.611,386.450,392.026,39726,,,-3.7146,hfq
2014-10-13,382.586,383.690,367.682,381.427,49278,,,-2.7036,hfq
2014-10-14,379.826,393.074,376.570,386.616,27178,,,1.3604,hfq
2014-10-15,386.450,395.558,383.690,390.977,21020,,,1.1280,hfq
2014-10-16,390.314,390.314,377.232,379.274,16937,,,-2.9933,hfq
2014-10-17,379.274,393.571,376.128,387.830,17948,,,2.2559,hfq
2014-10-20,387.886,412.946,387.886,407.868,37587,,,5.1667,hfq
2014-10-21,407.868,415.872,400.858,403.894,19349,,,-0.9743,hfq
2014-10-22,403.121,407.813,386.450,388.382,19517,,,-3.8406,hfq
2014-10-23,386.506,389.486,377.066,380.378,15156,,,-2.0609,hfq
2014-10-24,384.242,415.982,384.242,406.046,25229,,,6.7480,hfq
2014-10-27,411.842,416.810,405.715,414.878,30562,,,2.1751,hfq
2014-10-28,414.878,449.765,409.966,441.982,29287,,,6.5330,hfq
2014-10-29,443.858,458.100,434.916,438.890,29650,,,-0.6996,hfq
2014-10-30,439.884,447.170,435.578,438.890,15996,,,0.0000,hfq
2014-10-31,436.296,442.092,417.638,426.470,19469,,,-2.8299,hfq
2014-11-03,425.035,438.670,418.356,420.674,16454,,,-1.3591,hfq
2014-11-04,423.986,427.850,413.388,414.050,13684,,,-1.5746,hfq
2014-11-05,415.762,430.555,407.482,429.948,15540,,,3.8396,hfq
2014-11-06,433.370,439.166,427.850,433.978,21052,,,0.9373,hfq
2014-11-07,434.474,445.514,425.146,430.058,16583,,,-0.9033,hfq
2014-11-10,431.328,431.714,413.222,415.817,20685,,,-3.3114,hfq
2014-11-11,417.086,419.515,388.438,393.626,28803,,,-5.3367,hfq
2014-11-12,392.522,402.955,389.210,391.970,20172,,,-0.4207,hfq
2014-11-13,393.130,393.130,378.170,380.930,14149,,,-2.8165,hfq
2014-11-14,380.710,393.626,377.232,385.843,9856,,,1.2897,hfq
2014-11-17,381.924,399.698,381.924,395.834,10879,,,2.5894,hfq
2014-11-18,392.578,402.900,388.769,391.970,16949,,,-0.9762,hfq
2014-11-19,389.818,414.823,389.818,403.010,26109,,,2.8165,hfq
2014-11-20,403.010,405.826,395.834,405.218,11174,,,0.5479,hfq
2014-11-21,407.150,408.420,397.490,400.250,10164,,,-1.2260,hfq
2014-11-24,401.686,402.458,389.045,390.866,23876,,,-2.3445,hfq
2014-11-25,392.412,395.834,385.898,391.418,26388,,,0.1412,hfq
2014-11-26,391.474,398.594,387.334,394.730,23071,,,0.8462,hfq
2014-11-27,397.490,397.490,382.310,388.106,25157,,,-1.6781,hfq
2014-11-28,389.818,390.204,375.466,388.658,37277,,,0.1422,hfq
2014-12-01,390.977,426.967,386.340,426.967,48173,,,9.8567,hfq
2014-12-02,426.746,463.068,420.122,452.690,55321,,,6.0246,hfq
2014-12-03,447.226,463.454,433.260,449.378,37842,,,-0.7316,hfq
2014-12-04,445.901,491.330,445.901,484.154,37317,,,7.7387,hfq
2014-12-05,480.235,480.290,436.296,458.210,35452,,,-5.3586,hfq
2014-12-08,449.820,451.366,426.967,431.162,38410,,,-5.9030,hfq
2014-12-09,419.570,430.500,394.896,405.218,34312,,,-6.0172,hfq
2014-12-10,405.218,427.795,404.556,422.330,22864,,,4.2229,hfq
2014-12-11,420.122,430.610,414.878,418.301,17912,,,-0.9540,hfq
2014-12-12,419.570,452.690,419.570,452.525,27688,,,8.1817,hfq
2014-12-15,449.930,497.237,446.398,497.237,43673,,,9.8806,hfq
2014-12-16,512.030,512.306,472.894,479.076,28370,,,-3.6524,hfq
2014-12-17,476.592,513.355,467.594,491.330,23872,,,2.5578,hfq
2014-12-18,487.411,493.759,472.066,474.494,20057,,,-3.4266,hfq
2014-12-19,477.917,477.917,436.958,451.090,22332,,,-4.9324,hfq
2014-12-22,445.901,445.901,406.543,406.543,35280,,,-9.8754,hfq
2014-12-23,406.322,439.166,393.130,400.526,32527,,,-1.4800,hfq
2014-12-24,407.150,411.732,391.198,407.261,23468,,,1.6815,hfq
2014-12-25,403.066,414.050,399.146,411.014,18914,,,0.9215,hfq
2014-12-26,411.677,411.677,397.656,403.010,20468,,,-1.9474,hfq
2014-12-29,402.182,402.182,364.591,377.563,34769,,,-6.3142,hfq
2014-12-30,377.618,379.164,357.802,363.266,30200,,,-3.7867,hfq
2014-12-31,363.211,374.141,353.441,367.682,25006,,,1.2156,hfq
2015-01-05,366.192,366.192,339.254,353.330,32313,,,-3.9034,hfq
2015-01-06,350.570,377.453,337.654,375.410,70677,,,6.2491,hfq
2015-01-07,368.455,369.780,357.139,358.354,36892,,,-4.5433,hfq
2015-01-08,356.146,382.586,353.386,373.092,51608,,,4.1127,hfq
2015-01-09,375.410,394.620,370.884,386.782,42774,,,3.6693,hfq
2015-01-12,380.930,402.348,373.644,398.318,31449,,,2.9826,hfq
2015-01-13,394.730,422.882,392.964,413.112,35741,,,3.7141,hfq
2015-01-14,410.186,419.460,394.786,414.050,28941,,,0.2271,hfq
2015-01-15,411.180,417.252,403.010,403.010,15597,,,-2.6663,hfq
2015-01-16,399.036,438.835,391.970,430.942,62027,,,6.9308,hfq
2015-01-19,411.622,443.803,406.212,416.203,43144,,,-3.4202,hfq
2015-01-20,418.356,457.272,411.842,457.272,49396,,,9.8675,hfq
2015-01-21,463.730,472.728,441.650,460.970,49260,,,0.8087,hfq
2015-01-22,462.185,474.274,454.346,465.386,29030,,,0.9580,hfq
2015-01-23,462.792,463.730,432.266,436.627,38991,,,-6.1796,hfq
2015-01-26,436.130,462.626,435.965,456.830,26354,,,4.6271,hfq
2015-01-27,454.346,470.134,439.001,463.786,21316,,,1.5227,hfq
2015-01-28,458.818,492.986,450.538,464.227,22363,,,0.0951,hfq
2015-01-29,455.616,463.399,449.930,451.697,17716,,,-2.6991,hfq
2015-01-30,447.557,456.941,422.330,424.759,24827,,,-5.9637,hfq
2015-02-02,417.418,435.468,412.339,430.610,19480,,,1.3775,hfq
2015-02-03,425.090,473.114,425.090,473.114,29622,,,9.8706,hfq
2015-02-04,485.810,496.188,469.306,475.874,43315,,,0.5834,hfq
2015-02-05,475.819,522.905,466.490,522.905,72009,,,9.8831,hfq
2015-02-06,538.195,574.462,527.045,552.050,64033,,,5.5737,hfq
2015-02-09,552.050,568.224,520.145,526.382,30619,,,-4.6496,hfq
2015-02-10,525.554,542.390,508.498,535.490,31663,,,1.7303,hfq
2015-02-11,538.306,588.482,538.306,588.482,34150,,,9.8960,hfq
2015-02-12,593.726,610.562,557.570,587.930,37885,,,-0.0938,hfq
2015-02-13,596.210,615.530,568.555,587.930,33722,,,0.0000,hfq
2015-02-16,585.170,615.530,575.952,603.883,28241,,,2.7134,hfq
2015-02-17,603.386,612.715,565.850,579.926,22389,,,-3.9672,hfq
2015-02-25,579.650,601.068,529.970,551.995,41137,,,-4.8163,hfq
2015-02-26,543.108,550.118,509.822,549.842,34974,,,-0.3900,hfq
2015-02-27,541.010,549.180,522.242,544.543,27154,,,-0.9637,hfq
2015-03-02,541.010,581.582,524.506,574.517,41854,,,5.5044,hfq
2015-03-03,566.402,568.500,538.858,546.310,31629,,,-4.9097,hfq
2015-03-04,543.329,543.770,522.463,534.110,38646,,,-2.2332,hfq
2015-03-05,533.282,533.282,512.858,523.402,29318,,,-2.0048,hfq
2015-03-06,522.794,535.987,503.474,508.222,29264,,,-2.9003,hfq
2015-03-09,506.179,538.526,496.906,528.314,35835,,,3.9534,hfq
2015-03-10,525.113,558.122,524.947,542.114,38094,,,2.6121,hfq
2015-03-11,549.346,568.610,539.906,546.530,26961,,,0.8146,hfq
2015-03-12,541.562,546.199,521.470,527.210,23046,,,-3.5350,hfq
2015-03-13,518.986,549.290,518.986,541.010,21104,,,2.6176,hfq
2015-03-16,550.394,577.001,536.098,573.578,37614,,,6.0199,hfq
2015-03-17,581.306,581.306,553.706,561.103,24565,,,-2.1749,hfq
2015-03-18,561.103,561.103,544.322,552.050,35908,,,-1.6134,hfq
2015-03-19,551.940,606.698,549.953,606.698,49244,,,9.8991,hfq
2015-03-20,601.730,660.132,591.794,633.139,43310,,,4.3582,hfq
2015-03-23,646.442,693.859,646.442,680.666,41378,,,7.5066,hfq
2015-03-24,671.006,748.176,671.006,748.176,36710,,,9.9182,hfq
2015-03-25,748.176,822.420,726.648,750.715,38556,,,0.3394,hfq
2015-03-26,726.096,726.096,676.195,676.195,37674,,,-9.9265,hfq
2015-03-27,662.450,676.140,642.026,673.490,37175,,,-0.4000,hfq
2015-03-30,661.126,673.435,615.530,637.555,44112,,,-5.3356,hfq
2015-03-31,628.061,681.384,624.583,678.458,47401,,,6.4156,hfq
2015-04-01,695.570,744.698,667.860,713.234,40689,,,5.1257,hfq
2015-04-02,723.170,745.195,692.258,734.100,37881,,,2.9255,hfq
2015-04-03,728.690,743.042,706.610,716.491,24699,,,-2.3987,hfq
2015-04-07,717.650,728.746,686.738,692.810,34320,,,-3.3051,hfq
2015-04-08,695.515,703.850,650.748,667.694,37274,,,-3.6252,hfq
2015-04-09,667.308,667.308,607.250,656.875,49318,,,-1.6204,hfq
2015-04-10,648.595,716.988,640.370,702.194,48536,,,6.8992,hfq
2015-04-13,695.570,703.850,667.639,682.874,28934,,,-2.7514,hfq
2015-04-14,683.095,726.096,683.095,713.786,40869,,,4.5268,hfq
2015-04-15,713.234,713.621,656.378,657.372,24210,,,-7.9035,hfq
2015-04-16,645.725,679.010,640.370,656.268,29728,,,-0.1679,hfq
2015-04-17,656.268,656.544,627.122,643.848,27342,,,-1.8925,hfq
2015-04-20,634.906,645.062,580.037,590.690,46329,,,-8.2563,hfq
2015-04-21,590.635,635.402,585.722,612.053,44295,,,3.6166,hfq
2015-04-22,617.186,656.930,617.186,646.056,44811,,,5.5556,hfq
2015-04-23,649.810,667.418,630.986,642.523,28180,,,-0.5469,hfq
2015-04-24,636.617,636.672,593.450,612.218,43887,,,-4.7166,hfq
2015-04-27,618.290,664.106,613.874,655.164,50548,,,7.0148,hfq
2015-04-28,640.260,677.796,634.850,672.110,44172,,,2.5865,hfq
2015-04-29,671.834,730.954,662.450,701.642,47010,,,4.3939,hfq
2015-04-30,703.298,731.450,697.226,702.250,43685,,,0.0867,hfq
2015-05-04,689.719,704.954,674.042,690.492,23469,,,-1.6743,hfq
2015-05-05,679.010,689.885,623.810,638.770,34046,,,-7.4906,hfq
2015-05-06,651.134,702.084,640.978,701.090,51330,,,9.7563,hfq
2015-05-07,705.948,770.090,690.106,757.118,47366,,,7.9916,hfq
2015-05-08,757.394,811.490,748.176,790.294,36334,,,4.3819,hfq
2015-05-11,790.459,844.610,772.850,828.050,46891,,,4.7775,hfq
2015-05-12,817.010,822.530,766.282,797.083,52805,,,-3.7398,hfq
2015-05-13,817.010,817.010,772.906,781.517,34966,,,-1.9529,hfq
2015-05-14,803.210,817.010,749.114,789.410,39232,,,1.0100,hfq
2015-05-15,763.356,812.153,762.583,790.073,34992,,,0.0840,hfq
2015-05-18,791.122,868.457,790.625,868.457,27489,,,9.9211,hfq
2015-05-19,883.913,908.090,823.248,870.168,51252,,,0.1970,hfq
2015-05-20,869.450,941.873,855.540,889.433,30288,,,2.2139,hfq
2015-05-21,875.633,911.513,859.073,886.673,25336,,,-0.3103,hfq
2015-05-22,887.170,933.593,855.209,858.521,24161,,,-3.1750,hfq
2015-05-25,834.233,883.747,806.688,861.833,56036,,,0.3858,hfq
2015-05-26,877.234,888.329,844.721,872.707,34676,,,1.2617,hfq
2015-05-27,878.393,959.371,869.671,959.371,33277,,,9.9305,hfq
2015-05-28,955.673,1036.044,928.073,940.327,45067,,,-1.9851,hfq
2015-05-29,950.153,1032.290,877.565,1010.873,28761,,,7.5023,hfq
2015-06-01,1041.785,1111.337,983.273,1093.507,32702,,,8.1745,hfq
2015-06-02,1082.688,1201.589,1072.697,1184.753,29130,,,8.3443,hfq
2015-06-03,1170.953,1176.418,1088.153,1099.193,30019,,,-7.2218,hfq
2015-06-04,1121.273,1198.001,1066.128,1198.001,45438,,,8.9891,hfq
2015-06-05,1206.833,1236.089,1089.809,1207.385,31289,,,0.7833,hfq
2015-06-08,1177.356,1177.356,1087.270,1087.270,34207,,,-9.9484,hfq
2015-06-09,1054.481,1087.490,979.574,994.865,25284,,,-8.4988,hfq
2015-06-10,994.313,1093.728,984.984,1093.728,26177,,,9.9373,hfq
2015-06-11,1077.113,1199.105,1077.113,1180.889,24383,,,7.9692,hfq
2015-06-12,1176.473,1237.193,1088.208,1110.233,15587,,,-5.9833,hfq
2015-06-15,1126.682,1126.793,999.833,999.833,29091,,,-9.9439,hfq
2015-06-16,954.845,989.345,900.473,911.734,33324,,,-8.8114,hfq
2015-06-17,917.033,991.222,867.408,960.089,33812,,,5.3036,hfq
2015-06-18,950.153,953.741,867.353,899.866,22851,,,-6.2726,hfq
2015-06-19,894.953,917.033,867.353,908.753,25889,,,0.9876,hfq
2015-06-23,908.642,960.089,867.353,939.113,23155,,,3.3408,hfq
2015-06-24,917.033,944.633,881.705,911.844,20502,,,-2.9037,hfq
2015-06-25,912.617,921.890,821.261,821.261,30300,,,-9.9340,hfq
2015-06-26,748.673,760.872,739.786,739.786,20230,,,-9.9207,hfq
2015-06-29,734.321,734.707,666.425,666.425,27562,,,-9.9165,hfq
2015-06-30,640.757,732.058,600.406,723.778,74303,,,8.6061,hfq
2015-07-01,677.023,756.953,652.018,652.073,42497,,,-9.9070,hfq
2015-07-02,652.073,669.185,587.489,587.489,46280,,,-9.9044,hfq
2015-07-03,576.007,643.793,541.673,585.833,47467,,,-0.2819,hfq
2015-07-06,632.753,643.241,527.873,527.873,44820,,,-9.8936,hfq
2015-07-07,487.080,497.458,475.709,475.709,61444,,,-9.8819,hfq
2015-07-08,428.789,494.808,428.789,458.818,215899,,,-3.5507,hfq
2015-07-09,458.818,504.082,458.818,504.082,41412,,,9.8653,hfq
2015-07-10,544.433,553.872,530.633,553.872,13298,,,9.8774,hfq
2015-07-13,608.630,608.630,581.251,608.630,33206,,,9.8864,hfq
2015-07-14,668.854,668.854,636.230,668.854,42476,,,9.8950,hfq
2015-07-15,679.673,679.673,602.614,602.614,19544,,,-9.9035,hfq
2015-07-16,542.998,635.513,542.998,580.865,27279,,,-3.6091,hfq
2015-07-17,586.385,635.513,586.385,631.814,16208,,,8.7712,hfq
2015-07-20,637.169,690.713,630.048,660.684,25351,,,4.5694,hfq
2015-07-21,641.033,693.418,624.473,690.713,22217,,,4.5451,hfq
2015-07-22,693.749,702.305,639.377,690.602,26107,,,-0.0161,hfq
2015-07-23,679.728,739.123,653.011,734.873,23631,,,6.4105,hfq
2015-07-24,743.153,807.737,724.164,773.292,23209,,,5.2280,hfq
2015-07-27,777.763,779.033,696.564,696.564,22502,,,-9.9223,hfq
2015-07-28,630.269,718.037,627.509,638.383,43702,,,-8.3526,hfq
2015-07-29,652.128,678.955,585.888,662.671,45983,,,3.8046,hfq
2015-07-30,666.977,673.104,613.212,613.212,19762,,,-7.4636,hfq
2015-07-31,601.068,636.617,585.833,614.868,15834,,,0.2701,hfq
2015-08-03,580.313,607.913,553.982,553.982,21873,,,-9.9023,hfq
2015-08-04,558.233,604.049,516.833,601.454,35255,,,8.5692,hfq
2015-08-05,591.353,602.393,571.094,575.510,15416,,,-4.3135,hfq
2015-08-06,552.713,579.209,544.985,556.963,13775,,,-3.2227,hfq
2015-08-07,573.137,612.053,564.470,612.053,17794,,,9.8911,hfq
2015-08-10,632.753,672.662,629.993,672.662,13766,,,9.9026,hfq
2015-08-11,712.793,717.761,672.773,677.630,27502,,,0.7386,hfq
2015-08-12,668.633,744.754,629.993,718.865,28255,,,6.0852,hfq
2015-08-13,707.273,742.877,685.745,731.395,16373,,,1.7430,hfq
2015-08-14,734.321,753.530,715.277,731.782,12319,,,0.0529,hfq
2015-08-17,718.313,728.746,693.031,712.793,11024,,,-2.5949,hfq
2015-08-18,711.689,730.015,642.137,642.137,20817,,,-9.9126,hfq
2015-08-19,602.393,685.193,585.888,664.769,15679,,,3.5245,hfq
2015-08-20,653.177,682.874,637.721,640.867,13258,,,-3.5955,hfq
2015-08-21,613.433,640.481,586.109,602.117,14678,,,-6.0465,hfq
2015-08-24,558.233,624.473,542.556,542.556,10983,,,-9.8919,hfq
2015-08-25,488.902,514.073,488.902,488.902,24566,,,-9.8891,hfq
2015-08-26,500.549,535.049,453.353,481.505,21809,,,-1.5130,hfq
2015-08-27,496.409,527.707,464.669,525.665,17184,,,9.1712,hfq
2015-08-28,531.185,577.553,514.294,577.001,24541,,,9.7659,hfq
2015-08-31,561.048,565.078,519.924,546.420,28236,,,-5.3000,hfq
2015-09-01,530.633,533.393,492.379,509.215,22967,,,-6.8089,hfq
2015-09-02,481.505,538.637,464.724,537.478,26797,,,5.5503,hfq
2015-09-07,535.490,578.105,484.375,496.961,42551,,,-7.5384,hfq
2015-09-08,478.193,509.602,467.153,507.725,18017,,,2.1660,hfq
2015-09-09,505.793,535.270,472.673,484.099,115966,,,-4.6533,hfq
2015-09-10,458.873,497.347,458.762,484.541,49415,,,0.0913,hfq
2015-09-11,476.868,506.179,476.868,498.065,33978,,,2.7911,hfq
2015-09-14,519.593,520.807,448.882,448.882,30466,,,-9.8748,hfq
2015-09-15,431.549,442.313,404.611,404.611,26700,,,-9.8625,hfq
2015-09-16,396.497,444.466,396.497,444.466,21312,,,9.8502,hfq
2015-09-17,457.769,462.626,431.328,432.984,21356,,,-2.5833,hfq
2015-09-18,441.043,444.521,426.360,435.137,14349,,,0.4972,hfq
2015-09-21,421.834,478.027,421.392,478.027,24738,,,9.8567,hfq
2015-09-22,486.086,512.141,484.210,494.698,24529,,,3.4875,hfq
2015-09-23,480.953,494.477,474.384,480.290,10892,,,-2.9125,hfq
2015-09-24,480.235,502.757,480.235,486.418,11316,,,1.2759,hfq
2015-09-25,486.473,491.772,438.449,460.750,24121,,,-5.2769,hfq
2015-09-28,460.805,479.021,445.183,479.021,22854,,,3.9655,hfq
2015-09-29,467.153,479.297,465.497,474.384,18387,,,-0.9680,hfq
2015-09-30,478.469,482.719,451.145,467.594,11064,,,-1.4313,hfq
2015-10-08,494.753,508.553,471.127,495.857,12633,,,6.0443,hfq
2015-10-09,490.226,513.907,488.515,512.196,14772,,,3.2951,hfq
2015-10-12,515.729,562.814,514.680,558.785,21729,,,9.0959,hfq
2015-10-13,558.233,579.982,542.335,556.577,11629,,,-0.3951,hfq
2015-10-14,555.197,565.574,530.633,540.017,14160,,,-2.9753,hfq
2015-10-15,543.329,584.618,540.624,574.793,16941,,,6.4398,hfq
2015-10-16,571.039,588.538,560.606,576.283,12599,,,0.2592,hfq
2015-10-19,579.209,603.718,545.978,558.012,22315,,,-3.1705,hfq
2015-10-20,552.713,613.212,547.193,613.212,24864,,,9.8923,hfq
2015-10-21,635.513,666.756,596.762,596.873,41985,,,-2.6645,hfq
2015-10-22,602.172,644.897,591.905,636.010,24035,,,6.5570,hfq
2015-10-23,639.763,651.410,618.953,627.674,25428,,,-1.3107,hfq
2015-10-26,630.986,630.986,590.359,602.393,24031,,,-4.0277,hfq
2015-10-27,603.221,627.233,558.509,606.809,22438,,,0.7331,hfq
2015-10-28,594.113,602.393,572.750,574.793,14910,,,-5.2761,hfq
2015-10-29,575.400,602.172,563.808,581.803,15030,,,1.2196,hfq
2015-10-30,591.242,639.377,581.803,639.377,34100,,,9.8958,hfq
2015-11-02,605.153,701.090,602.393,645.890,36994,,,1.0186,hfq
2015-11-03,652.073,679.507,652.073,660.242,18098,,,2.2221,hfq
2015-11-04,668.909,723.722,663.113,705.617,17653,,,6.8725,hfq
2015-11-05,698.993,768.545,677.906,709.481,35541,,,0.5476,hfq
2015-11-06,697.337,763.301,697.337,735.480,25911,,,3.6645,hfq
2015-11-09,736.032,765.233,711.137,729.408,41486,,,-0.8256,hfq
2015-11-10,729.353,754.193,710.474,732.996,26231,,,0.4919,hfq
2015-11-11,736.529,761.866,707.273,747.127,19159,,,1.9278,hfq
2015-11-12,740.448,767.386,715.553,732.058,21088,,,-2.0169,hfq
2015-11-13,718.423,734.873,690.713,696.233,22261,,,-4.8937,hfq
2015-11-16,690.437,706.942,679.728,703.740,20347,,,1.0782,hfq
2015-11-17,703.906,744.588,688.505,709.426,27638,,,0.8080,hfq
2015-11-18,709.426,714.890,691.265,692.921,15630,,,-2.3265,hfq
2015-11-19,692.203,739.123,688.615,735.425,12655,,,6.1340,hfq
2015-11-20,734.652,756.953,716.657,732.113,17965,,,-0.4504,hfq
2015-11-23,739.289,751.433,729.353,731.285,12405,,,-0.1131,hfq
2015-11-24,731.285,748.397,707.273,735.866,11553,,,0.6264,hfq
2015-11-25,726.593,752.702,700.649,738.902,53114,,,0.4126,hfq
2015-11-26,739.565,745.250,712.572,722.894,28056,,,-2.1665,hfq
2015-11-27,718.313,721.514,661.346,665.376,18993,,,-7.9566,hfq
2015-11-30,666.038,694.963,654.943,690.161,18315,,,3.7250,hfq
2015-12-01,687.125,696.067,641.585,661.733,13455,,,-4.1190,hfq
2015-12-02,670.510,673.049,601.786,652.901,17266,,,-1.3347,hfq
2015-12-03,663.113,707.273,649.478,701.918,21995,,,7.5076,hfq
2015-12-04,690.713,725.489,679.728,713.731,26928,,,1.6830,hfq
2015-12-07,713.731,734.762,707.273,711.689,13801,,,-0.2861,hfq
2015-12-08,712.793,712.793,689.609,690.161,11104,,,-3.0249,hfq
2015-12-09,685.745,700.097,658.697,673.877,12950,,,-2.3594,hfq
2015-12-10,674.098,682.322,663.665,672.221,12230,,,-0.2457,hfq
2015-12-11,664.769,671.448,646.553,661.788,10257,,,-1.5520,hfq
2015-12-14,652.073,675.146,649.865,673.601,6908,,,1.7850,hfq
2015-12-15,672.221,685.745,668.743,677.465,8776,,,0.5736,hfq
2015-12-16,679.121,682.985,663.113,671.062,9283,,,-0.9451,hfq
2015-12-17,674.153,699.545,674.153,691.265,12849,,,3.0106,hfq
2015-12-18,689.609,702.194,682.433,688.781,14670,,,-0.3593,hfq
2015-12-21,681.329,688.505,650.969,659.801,25641,,,-4.2074,hfq
2015-12-22,659.801,673.877,654.888,667.253,18706,,,1.1294,hfq
2015-12-23,664.051,666.922,645.449,646.718,12590,,,-3.0775,hfq
2015-12-24,648.540,710.750,648.540,710.750,32668,,,9.9011,hfq
2015-12-25,728.580,769.980,718.313,756.677,37545,,,6.4618,hfq
2015-12-28,756.953,821.923,751.488,763.853,44555,,,0.9484,hfq
2015-12-29,784.166,790.073,740.503,772.409,28356,,,1.1201,hfq
2015-12-30,767.993,849.026,764.129,849.026,43060,,,9.9192,hfq
2015-12-31,850.793,872.873,812.153,839.753,44768,,,-1.0922,hfq
2016-01-04,830.810,832.908,756.401,756.401,15761,,,-9.9258,hfq
2016-01-05,701.753,717.706,681.384,685.469,24620,,,-9.3776,hfq
2016-01-06,688.946,698.551,658.145,678.624,32800,,,-0.9986,hfq
2016-01-07,657.703,657.869,611.390,611.390,5405,,,-9.9074,hfq
2016-01-08,609.017,624.473,550.891,585.060,46958,,,-4.3066,hfq
2016-01-11,558.233,574.903,541.673,548.462,23036,,,-6.2554,hfq
2016-01-12,549.014,563.753,508.498,530.854,47096,,,-3.2104,hfq
2016-01-13,533.006,535.601,480.953,483.602,34425,,,-8.9011,hfq
2016-01-14,463.289,508.001,453.463,503.309,34960,,,4.0750,hfq
2016-01-15,499.169,506.897,457.382,469.416,36243,,,-6.7340,hfq
2016-01-18,458.818,496.133,456.113,484.817,26705,,,3.2809,hfq
2016-01-19,483.713,515.287,475.433,509.105,30413,,,5.0097,hfq
2016-01-20,506.897,511.313,484.596,489.233,30086,,,-3.9033,hfq
2016-01-21,481.505,517.274,481.505,487.301,44375,,,-0.3949,hfq
2016-01-22,497.513,501.653,462.185,487.853,26554,,,0.1133,hfq
2016-01-25,490.889,512.141,488.957,498.838,26641,,,2.2517,hfq
2016-01-26,492.048,494.753,449.599,455.009,23787,,,-8.7862,hfq
2016-01-27,449.765,458.542,420.233,447.943,25335,,,-1.5529,hfq
2016-01-28,440.657,456.113,415.817,425.753,31430,,,-4.9538,hfq
2016-01-29,425.201,453.353,421.337,448.330,18769,,,5.3028,hfq
2016-02-01,448.330,461.412,442.313,450.482,18186,,,0.4800,hfq
2016-02-02,457.769,484.541,450.593,469.416,21407,,,4.2031,hfq
2016-02-03,459.259,466.380,451.145,464.393,15596,,,-1.0701,hfq
2016-02-04,465.938,482.664,465.938,474.163,18778,,,2.1038,hfq
2016-02-05,475.433,479.573,460.805,460.805,13444,,,-2.8172,hfq
2016-02-15,433.922,455.947,433.922,452.801,20718,,,-1.7370,hfq
2016-02-16,453.353,485.700,453.353,484.265,26168,,,6.9487,hfq
2016-02-17,478.193,497.513,474.329,492.324,31460,,,1.6642,hfq
2016-02-18,493.097,539.796,488.239,534.497,36389,,,8.5661,hfq
2016-02-19,523.181,533.282,514.238,528.204,15075,,,-1.1774,hfq
2016-02-22,536.098,544.433,516.778,521.414,20615,,,-1.2855,hfq
2016-02-23,525.113,529.474,496.850,505.351,22465,,,-3.0807,hfq
2016-02-24,505.351,507.449,472.673,489.785,26268,,,-3.0802,hfq
2016-02-25,483.713,487.577,441.430,441.430,31659,,,-9.8727,hfq
2016-02-26,441.761,451.145,432.377,442.258,25155,,,0.1876,hfq
2016-02-29,439.553,439.553,398.650,398.650,23364,,,-9.8603,hfq
2016-03-01,391.860,410.297,387.113,406.985,27452,,,2.0908,hfq
2016-03-02,403.397,424.649,402.569,422.220,31654,,,3.7434,hfq
2016-03-03,420.233,438.449,414.161,417.528,36450,,,-1.1113,hfq
2016-03-04,409.193,412.505,387.996,395.172,30237,,,-5.3544,hfq
2016-03-07,395.448,417.749,395.448,406.543,22257,,,2.8775,hfq
2016-03-08,403.121,405.605,370.663,402.017,25094,,,-1.1133,hfq
2016-03-09,391.970,399.919,381.593,389.321,23259,,,-3.1581,hfq
2016-03-10,389.321,394.841,379.164,381.538,18486,,,-1.9991,hfq
2016-03-11,378.833,383.580,370.663,377.232,16771,,,-1.1286,hfq
2016-03-14,384.794,412.505,381.924,406.985,39559,,,7.8872,hfq
2016-03-15,403.728,405.605,391.418,396.386,22239,,,-2.6043,hfq
2016-03-16,401.465,411.953,391.915,406.985,32196,,,2.6739,hfq
2016-03-17,407.261,444.742,404.777,438.283,44449,,,7.6902,hfq
2016-03-18,438.449,479.518,436.848,465.718,52017,,,6.2597,hfq
2016-03-21,466.546,475.433,458.266,474.329,40496,,,1.8490,hfq
2016-03-22,465.497,508.442,457.824,495.250,55462,,,4.4107,hfq
2016-03-23,486.473,514.183,478.193,508.994,54900,,,2.7752,hfq
2016-03-24,494.753,496.685,475.488,491.993,48146,,,-3.3401,hfq
2016-03-25,481.284,509.657,478.745,486.583,29372,,,-1.0996,hfq
2016-03-28,481.505,494.753,475.654,477.365,22624,,,-1.8944,hfq
2016-03-29,479.573,479.573,457.217,461.743,21994,,,-3.2725,hfq
2016-03-30,466.601,490.061,466.601,487.687,29458,,,5.6187,hfq
2016-03-31,519.593,520.697,497.513,506.179,50793,,,3.7918,hfq
2016-04-01,506.234,526.051,502.426,508.553,41577,,,0.4690,hfq
2016-04-05,509.767,530.633,496.409,521.138,50575,,,2.4747,hfq
2016-04-06,520.421,572.640,514.790,567.617,68738,,,8.9188,hfq
2016-04-07,564.305,590.194,555.473,556.798,65618,,,-1.9060,hfq
2016-04-08,547.193,574.406,542.390,574.241,47795,,,3.1327,hfq
2016-04-11,589.476,590.690,561.103,563.201,53689,,,-1.9225,hfq
2016-04-12,558.233,563.090,513.521,534.000,46804,,,-5.1848,hfq
2016-04-13,541.673,555.473,535.601,537.422,37229,,,0.6408,hfq
2016-04-14,539.851,552.050,527.652,538.913,29831,,,0.2774,hfq
2016-04-15,539.189,541.286,528.149,533.890,20711,,,-0.9321,hfq
2016-04-18,530.633,546.365,527.928,537.533,28310,,,0.6824,hfq
2016-04-19,542.225,546.034,530.633,534.386,22418,,,-0.5855,hfq
2016-04-20,534.883,537.809,481.560,485.369,61324,,,-9.1726,hfq
2016-04-21,475.543,484.265,457.603,459.425,40545,,,-5.3452,hfq
2016-04-22,458.873,491.938,453.353,474.494,39488,,,3.2800,hfq
2016-04-25,469.913,473.390,450.427,473.390,28491,,,-0.2327,hfq
2016-04-26,466.601,471.293,462.185,470.354,24566,,,-0.6413,hfq
2016-04-27,474.218,474.218,458.928,461.578,23375,,,-1.8658,hfq
2016-04-28,464.393,468.257,456.113,466.104,22571,,,0.9805,hfq
2016-04-29,463.841,463.841,455.009,456.002,21965,,,-2.1673,hfq
2016-05-03,454.457,475.488,453.463,475.322,43010,,,4.2368,hfq
2016-05-04,473.777,488.129,467.042,482.057,57090,,,1.4169,hfq
2016-05-05,486.528,529.639,482.609,529.639,86494,,,9.8706,hfq
2016-05-06,538.913,541.452,497.513,497.513,81478,,,-6.0656,hfq
2016-05-09,498.065,502.370,480.787,500.825,53104,,,0.6657,hfq
2016-05-10,497.513,509.878,468.146,473.501,56070,,,-5.4558,hfq
2016-05-11,475.543,483.823,426.857,426.857,192944,,,-9.8509,hfq
2016-05-12,404.832,418.411,389.100,404.998,129313,,,-5.1209,hfq
2016-05-13,406.819,432.487,406.819,413.443,120664,,,2.0852,hfq
2016-05-16,412.615,412.946,393.571,412.615,119300,,,-0.2003,hfq
2016-05-17,411.456,427.354,399.864,412.615,122907,,,0.0000,hfq
2016-05-18,405.329,405.329,386.119,392.909,103198,,,-4.7759,hfq
2016-05-19,399.533,431.494,399.533,422.386,275969,,,7.5022,hfq
2016-05-20,409.469,432.653,409.469,430.831,193161,,,1.9994,hfq
2016-05-23,425.863,436.627,425.863,430.003,130739,,,-0.1922,hfq
2016-05-24,427.354,427.354,414.437,419.736,86070,,,-2.3877,hfq
2016-05-25,425.863,432.156,417.086,420.730,97280,,,0.2368,hfq
2016-05-26,418.411,427.519,404.004,426.857,123848,,,1.4563,hfq
2016-05-27,422.551,430.169,419.239,419.902,95743,,,-1.6294,hfq
2016-05-30,418.411,422.551,405.991,415.099,58562,,,-1.1438,hfq
2016-05-31,417.583,452.359,415.927,449.047,168629,,,8.1783,hfq
2016-06-01,452.028,470.410,446.729,448.385,161357,,,-0.1474,hfq
2016-06-02,448.385,458.486,443.582,455.671,111318,,,1.6249,hfq
2016-06-03,454.346,478.690,446.563,462.626,171410,,,1.5263,hfq
2016-06-06,458.983,468.257,454.346,459.149,102227,,,-0.7516,hfq
2016-06-07,458.652,467.594,455.671,458.983,81896,,,-0.0362,hfq
2016-06-08,455.671,461.964,446.232,451.366,93634,,,-1.6595,hfq
2016-06-13,442.920,444.079,406.985,407.316,111269,,,-9.7593,hfq
2016-06-14,407.813,417.583,405.329,410.959,69794,,,0.8944,hfq
2016-06-15,405.660,429.506,401.189,425.366,77387,,,3.5057,hfq
2016-06-16,426.194,428.844,412.615,416.424,78669,,,-2.1022,hfq
2016-06-17,418.411,436.958,418.411,422.717,83853,,,1.5112,hfq
2016-06-20,418.411,426.691,413.443,422.054,63052,,,-0.1568,hfq
2016-06-21,425.863,431.990,409.303,413.940,77768,,,-1.9225,hfq
2016-06-22,413.443,427.188,410.131,425.532,72718,,,2.8004,hfq
2016-06-23,424.207,429.175,418.742,424.042,74162,,,-0.3501,hfq
2016-06-24,423.379,432.322,397.380,419.074,111921,,,-1.1716,hfq
2016-06-27,415.099,442.423,409.303,436.627,129400,,,4.1885,hfq
2016-06-28,431.162,450.206,431.162,443.748,126647,,,1.6309,hfq
2016-06-29,444.245,448.054,437.786,441.430,100433,,,-0.5224,hfq
2016-06-30,442.423,445.073,437.952,443.748,77483,,,0.5251,hfq
2016-07-01,444.079,448.054,437.786,441.595,80764,,,-0.4852,hfq
2016-07-04,440.767,450.206,436.296,448.550,97096,,,1.5750,hfq
2016-07-05,448.882,451.697,441.098,441.926,89276,,,-1.4768,hfq
2016-07-06,442.092,446.894,438.283,444.079,78621,,,0.4872,hfq
2016-07-07,442.258,446.563,430.831,435.799,103413,,,-1.8645,hfq
2016-07-08,435.634,452.359,430.003,441.595,142282,,,1.3300,hfq
2016-07-11,442.423,447.060,437.786,438.780,110443,,,-0.6375,hfq
2016-07-12,437.621,450.538,432.487,450.538,141989,,,2.6797,hfq
2016-07-13,450.538,456.830,447.557,451.697,164152,,,0.2572,hfq
2016-07-14,452.359,493.759,447.391,486.804,261319,,,7.7722,hfq
2016-07-15,479.021,482.995,470.906,478.193,155963,,,-1.7689,hfq
2016-07-18,475.543,482.995,465.773,479.849,139735,,,0.3463,hfq
2016-07-19,477.199,481.670,470.575,478.524,105244,,,-0.2761,hfq
2016-07-20,479.683,480.346,470.741,473.887,85233,,,-0.9690,hfq
2016-07-21,477.199,480.014,471.238,473.887,101525,,,0.0000,hfq
2016-07-22,471.900,473.556,460.474,463.786,92242,,,-2.1315,hfq
2016-07-25,462.130,469.747,455.506,458.983,73410,,,-1.0356,hfq
2016-07-26,463.951,469.416,460.142,468.422,68393,,,2.0565,hfq
2016-07-27,469.747,469.747,422.220,422.551,196972,,,-9.7927,hfq
2016-07-28,423.545,425.863,402.679,411.456,146203,,,-2.6257,hfq
2016-07-29,411.290,417.583,407.813,411.622,61887,,,0.0403,hfq
2016-08-01,409.303,412.118,399.367,406.157,56978,,,-1.3277,hfq
2016-08-02,407.150,415.762,407.150,411.787,49163,,,1.3862,hfq
2016-08-03,410.959,413.443,407.978,409.138,39365,,,-0.6433,hfq
2016-08-04,409.966,415.265,406.488,412.781,48526,,,0.8904,hfq
2016-08-05,412.118,414.437,407.316,407.316,51236,,,-1.3239,hfq
2016-08-08,408.641,410.462,402.348,409.966,54551,,,0.6506,hfq
2016-08-09,409.469,419.074,408.144,418.411,69708,,,2.0599,hfq
2016-08-10,418.411,419.074,412.615,413.940,56512,,,-1.0686,hfq
2016-08-11,414.106,417.086,409.303,410.628,41817,,,-0.8001,hfq
2016-08-12,408.972,416.093,404.335,414.437,54936,,,0.9276,hfq
2016-08-15,415.927,432.487,412.284,431.162,90167,,,4.0356,hfq
2016-08-16,430.003,432.156,427.022,428.844,59991,,,-0.5376,hfq
2016-08-17,429.010,430.334,422.551,427.519,60510,,,-0.3090,hfq
2016-08-18,425.863,434.640,423.876,430.831,63346,,,0.7747,hfq
2016-08-19,430.003,432.487,423.379,423.710,66076,,,-1.6529,hfq
2016-08-22,425.698,428.678,415.430,418.908,49925,,,-1.1333,hfq
2016-08-23,417.418,420.398,409.966,416.424,55171,,,-0.5930,hfq
2016-08-24,415.596,418.080,411.787,415.099,51804,,,-0.3182,hfq
2016-08-25,412.615,412.615,406.819,410.462,51650,,,-1.1171,hfq
2016-08-26,411.787,417.418,411.290,412.284,45176,,,0.4439,hfq
2016-08-29,411.787,416.755,410.628,412.946,27809,,,0.1606,hfq
2016-08-30,414.602,416.590,411.456,412.450,35382,,,-0.1201,hfq
2016-08-31,412.450,422.386,408.310,418.577,49471,,,1.4855,hfq
2016-09-01,418.080,419.239,414.271,414.271,36632,,,-1.0287,hfq
2016-09-02,408.475,424.870,408.475,417.252,50383,,,0.7196,hfq
2016-09-05,420.730,421.061,414.437,414.602,31532,,,-0.6351,hfq
2016-09-06,415.099,425.201,409.966,425.035,75066,,,2.5164,hfq
2016-09-07,423.379,427.188,419.570,420.564,54831,,,-1.0519,hfq
2016-09-08,420.398,428.347,420.398,423.048,42082,,,0.5906,hfq
2016-09-09,423.214,423.876,415.099,416.424,46719,,,-1.5658,hfq
2016-09-12,407.647,411.622,404.666,406.819,51029,,,-2.3065,hfq
2016-09-13,408.475,410.959,407.647,409.138,25610,,,0.5700,hfq
2016-09-14,407.647,412.450,402.845,410.462,29573,,,0.3236,hfq
2016-09-19,406.819,418.080,406.819,414.602,28251,,,1.0086,hfq
2016-09-20,413.774,415.099,410.959,412.450,24544,,,-0.5191,hfq
2016-09-21,412.781,415.430,410.297,412.450,22035,,,0.0000,hfq
2016-09-22,416.258,416.590,409.303,410.959,27114,,,-0.3615,hfq
2016-09-23,412.118,413.278,406.654,407.813,28443,,,-0.7655,hfq
2016-09-26,408.475,412.284,402.679,404.335,38244,,,-0.8528,hfq
2016-09-27,402.679,413.278,402.679,412.781,38035,,,2.0889,hfq
2016-09-28,414.271,414.934,407.813,414.437,32015,,,0.4012,hfq
2016-09-29,414.934,416.424,409.303,411.787,26180,,,-0.6394,hfq
2016-09-30,411.787,412.946,410.297,411.290,14619,,,-0.1207,hfq
2016-10-10,414.271,423.379,413.609,420.398,54537,,,2.2145,hfq
2016-10-11,419.405,421.558,415.596,417.583,40571,,,-0.6696,hfq
2016-10-12,415.596,419.570,414.768,416.921,30477,,,-0.1585,hfq
2016-10-13,418.411,419.902,414.271,419.902,36013,,,0.7150,hfq
2016-10-14,419.570,420.398,414.768,417.914,23306,,,-0.4734,hfq
2016-10-17,416.921,418.908,410.131,411.622,31900,,,-1.5056,hfq
2016-10-18,410.628,417.583,410.628,416.590,32697,,,1.2069,hfq
2016-10-19,417.086,418.577,411.290,412.781,31253,,,-0.9143,hfq
2016-10-20,413.112,445.570,413.112,432.322,114059,,,4.7340,hfq
2016-10-21,431.162,431.162,419.074,424.373,66616,,,-1.8387,hfq
2016-10-24,423.545,436.627,422.220,433.150,75594,,,2.0682,hfq
2016-10-25,432.487,436.793,428.844,432.156,56988,,,-0.2295,hfq
2016-10-26,431.659,433.150,423.048,425.532,48115,,,-1.5328,hfq
2016-10-27,425.863,427.354,420.895,423.876,37269,,,-0.3892,hfq
2016-10-28,423.545,425.863,416.590,416.755,54870,,,-1.6800,hfq
2016-10-31,418.080,420.564,414.437,419.405,25975,,,0.6359,hfq
2016-11-01,419.405,422.220,416.921,420.730,38259,,,0.3159,hfq
2016-11-02,418.080,427.188,418.080,424.207,66937,,,0.8264,hfq
2016-11-03,423.876,429.506,421.061,427.188,55002,,,0.7027,hfq
2016-11-04,428.347,428.844,422.882,425.201,37439,,,-0.4651,hfq
2016-11-07,424.207,426.360,419.239,421.226,32997,,,-0.9349,hfq
2016-11-08,422.551,430.169,422.551,429.175,48138,,,1.8871,hfq
2016-11-09,430.666,430.831,418.577,425.863,48018,,,-0.7717,hfq
2016-11-10,427.850,432.487,425.035,429.175,55047,,,0.7777,hfq
2016-11-11,427.354,429.175,421.723,424.373,52242,,,-1.1189,hfq
2016-11-14,424.207,440.270,424.207,439.111,109315,,,3.4729,hfq
2016-11-15,439.939,441.761,432.818,439.774,72130,,,0.1510,hfq
2016-11-16,438.449,444.079,434.971,440.270,66926,,,0.1128,hfq
2016-11-17,438.118,438.118,430.997,431.659,39250,,,-1.9558,hfq
2016-11-18,432.322,437.124,429.672,430.169,24279,,,-0.3452,hfq
2016-11-21,429.341,435.634,428.513,433.315,39163,,,0.7313,hfq
2016-11-22,432.487,435.634,429.672,435.137,42618,,,0.4205,hfq
2016-11-23,433.646,435.634,426.691,427.354,47705,,,-1.7886,hfq
2016-11-24,427.850,430.003,423.379,427.519,43193,,,0.0386,hfq
2016-11-25,427.519,430.666,418.908,430.003,41349,,,0.5810,hfq
2016-11-28,433.150,433.812,427.022,427.188,29453,,,-0.6546,hfq
2016-11-29,426.029,429.010,423.048,427.519,31398,,,0.0775,hfq
2016-11-30,426.857,434.806,423.545,431.659,39555,,,0.9684,hfq
2016-12-01,432.653,434.971,429.175,430.500,26640,,,-0.2685,hfq
2016-12-02,427.685,429.838,420.564,422.717,41226,,,-1.8079,hfq
2016-12-05,417.583,428.844,414.437,425.698,43831,,,0.7052,hfq
2016-12-06,425.698,443.417,425.698,435.137,89013,,,2.2173,hfq
2016-12-07,433.812,443.582,432.487,442.589,75337,,,1.7126,hfq
2016-12-08,443.914,444.907,436.130,437.786,50400,,,-1.0852,hfq
2016-12-09,436.627,440.602,431.659,435.137,48945,,,-0.6051,hfq
2016-12-12,434.143,434.143,394.068,402.017,92515,,,-7.6114,hfq
2016-12-13,395.062,403.673,391.418,397.711,47928,,,-1.0711,hfq
2016-12-14,395.393,398.705,391.584,397.711,30416,,,0.0000,hfq
2016-12-15,397.380,405.991,396.055,399.202,29031,,,0.3749,hfq
2016-12-16,399.202,407.647,396.883,402.182,22480,,,0.7465,hfq
2016-12-19,400.526,402.679,394.730,396.386,19672,,,-1.4411,hfq
2016-12-20,399.202,400.692,395.724,397.049,19257,,,0.1673,hfq
2016-12-21,397.711,403.507,397.049,401.851,25560,,,1.2094,hfq
2016-12-22,400.195,412.615,400.195,410.297,34952,,,2.1018,hfq
2016-12-23,407.647,420.398,405.660,414.934,39091,,,1.1302,hfq
2016-12-26,405.163,419.736,397.711,419.405,36701,,,1.0775,hfq
2016-12-27,416.424,417.418,411.456,415.927,20194,,,-0.8293,hfq
2016-12-28,415.596,416.424,409.800,415.762,16302,,,-0.0397,hfq
2016-12-29,414.271,415.762,409.800,415.762,18794,,,0.0000,hfq
2016-12-30,415.596,416.093,410.131,410.462,12259,,,-1.2748,hfq
2017-01-03,409.303,412.284,404.335,406.819,19989,,,-0.8875,hfq
2017-01-04,406.654,408.972,403.010,407.813,19288,,,0.2443,hfq
2017-01-05,409.303,409.634,404.666,405.826,19546,,,-0.4872,hfq
2017-01-06,405.329,406.819,399.864,401.023,20355,,,-1.1835,hfq
2017-01-09,400.195,401.189,396.221,401.023,32341,,,0.0000,hfq
2017-01-10,400.858,400.858,397.049,397.049,14627,,,-0.9910,hfq
2017-01-11,397.049,401.023,396.221,396.552,14988,,,-0.1252,hfq
2017-01-12,397.380,403.673,396.883,397.380,20933,,,0.2088,hfq
2017-01-13,400.361,400.361,387.775,388.438,21035,,,-2.2502,hfq
2017-01-16,388.603,390.094,350.515,380.986,46279,,,-1.9185,hfq
2017-01-17,377.839,391.087,364.591,390.756,26230,,,2.5644,hfq
2017-01-18,389.266,389.266,381.317,385.457,17346,,,-1.3561,hfq
2017-01-19,383.635,386.616,378.170,384.463,14853,,,-0.2579,hfq
2017-01-20,382.145,388.272,379.826,385.622,18773,,,0.3015,hfq
2017-01-23,385.457,389.100,383.138,385.291,13786,,,-0.0858,hfq
2017-01-24,385.291,385.291,377.674,377.674,14664,,,-1.9769,hfq
2017-01-25,377.674,378.833,374.858,375.190,11737,,,-0.6577,hfq
2017-01-26,377.177,377.674,374.527,377.342,10804,,,0.5736,hfq
2017-02-03,377.342,377.342,371.381,371.712,17760,,,-1.4920,hfq
2017-02-06,371.712,375.852,371.712,374.693,14886,,,0.8020,hfq
2017-02-07,375.024,375.686,372.209,373.368,14154,,,-0.3536,hfq
2017-02-08,374.196,378.667,372.871,377.839,17170,,,1.1975,hfq
2017-02-09,377.839,383.138,376.183,382.476,25480,,,1.2272,hfq
2017-02-10,382.476,382.642,378.667,379.164,15105,,,-0.8659,hfq
2017-02-13,380.323,382.476,376.514,381.317,17952,,,0.5678,hfq
2017-02-14,381.317,381.814,378.667,379.826,13050,,,-0.3910,hfq
2017-02-15,378.833,381.814,372.209,373.037,17103,,,-1.7874,hfq
2017-02-16,375.355,380.986,374.362,376.680,17952,,,0.9766,hfq
2017-02-17,381.648,399.202,377.011,391.915,61432,,,4.0445,hfq
2017-02-20,391.087,410.131,384.629,404.335,63155,,,3.1691,hfq
2017-02-21,400.361,409.303,400.030,401.686,39617,,,-0.6551,hfq
2017-02-22,400.030,405.991,395.890,404.170,32695,,,0.6184,hfq
2017-02-23,402.514,402.679,394.730,397.049,20714,,,-1.7619,hfq
2017-02-24,397.711,400.030,394.234,397.049,13381,,,0.0000,hfq
2017-02-27,398.705,400.692,395.227,395.227,19152,,,-0.4589,hfq
2017-02-28,394.896,405.660,393.902,399.202,21664,,,1.0058,hfq
2017-03-01,400.858,403.176,396.883,397.711,17455,,,-0.3735,hfq
2017-03-02,398.042,400.361,391.087,391.087,22871,,,-1.6655,hfq
2017-03-03,391.087,400.030,391.087,395.393,21276,,,1.1010,hfq
2017-03-06,397.546,403.673,395.393,400.692,18863,,,1.3402,hfq
2017-03-07,399.367,402.514,396.552,399.036,18807,,,-0.4133,hfq
2017-03-08,397.380,401.520,396.055,396.221,14641,,,-0.7055,hfq
2017-03-09,397.214,397.214,389.431,390.259,18140,,,-1.5047,hfq
2017-03-10,388.106,392.081,387.775,388.438,12867,,,-0.4666,hfq
2017-03-13,391.750,391.750,385.788,388.603,23035,,,0.0425,hfq
2017-03-14,388.603,390.756,387.610,388.438,14009,,,-0.0425,hfq
2017-03-15,388.438,390.259,386.119,388.603,11367,,,0.0425,hfq
2017-03-16,387.775,391.087,387.775,389.431,19108,,,0.2131,hfq
2017-03-17,390.425,391.087,383.138,383.138,28510,,,-1.6159,hfq
2017-03-20,383.138,387.775,379.164,386.947,21304,,,0.9942,hfq
2017-03-21,385.622,386.947,380.820,382.310,19333,,,-1.1984,hfq
2017-03-22,380.323,387.444,376.183,384.960,23983,,,0.6932,hfq
2017-03-23,384.960,387.278,383.138,386.450,20281,,,0.3871,hfq
2017-03-24,386.450,386.782,379.495,382.476,26475,,,-1.0283,hfq
2017-03-27,380.986,381.151,379.330,379.992,18379,,,-0.6495,hfq
2017-03-28,377.177,379.495,375.521,376.183,19921,,,-1.0024,hfq
2017-03-29,375.852,379.330,373.534,375.852,13348,,,-0.0880,hfq
2017-03-30,375.355,377.011,369.559,372.871,23013,,,-0.7931,hfq
2017-03-31,373.534,374.858,360.948,364.426,27245,,,-2.2649,hfq
2017-04-05,365.585,370.718,364.591,369.725,22370,,,1.4541,hfq
2017-04-06,371.546,373.037,367.903,371.712,16363,,,0.5374,hfq
2017-04-07,372.374,372.374,366.247,369.062,15930,,,-0.7129,hfq
2017-04-10,369.559,371.546,363.101,364.094,19291,,,-1.3461,hfq
2017-04-11,365.916,370.387,363.598,369.890,18725,,,1.5919,hfq
2017-04-12,367.738,377.177,365.916,373.368,28357,,,0.9403,hfq
2017-04-13,372.871,375.521,369.559,375.190,24429,,,0.4880,hfq
2017-04-14,374.196,379.495,363.929,378.998,32035,,,1.0150,hfq
2017-04-17,375.852,375.852,365.750,366.247,21842,,,-3.3644,hfq
2017-04-18,366.247,368.897,362.935,365.419,21826,,,-0.2261,hfq
2017-04-19,363.763,365.088,355.649,358.630,25057,,,-1.8579,hfq
2017-04-20,367.903,367.903,356.311,358.133,18293,,,-0.1386,hfq
2017-04-21,358.133,361.776,355.649,356.146,14488,,,-0.5548,hfq
2017-04-24,356.146,358.133,347.866,356.311,21437,,,0.0463,hfq
2017-04-25,353.330,357.139,353.330,354.655,12371,,,-0.4648,hfq
2017-04-26,354.655,355.814,350.846,350.846,17792,,,-1.0740,hfq
2017-04-27,350.846,357.802,346.375,355.152,21731,,,1.2273,hfq
2017-04-28,354.821,360.120,354.490,358.795,12678,,,1.0258,hfq
2017-05-02,357.802,359.458,355.152,358.795,13019,,,0.0000,hfq
2017-05-03,357.967,367.075,355.980,363.763,22292,,,1.3846,hfq
2017-05-04,362.107,368.069,360.451,366.082,21150,,,0.6375,hfq
2017-05-05,362.935,371.050,362.770,362.770,14353,,,-0.9047,hfq
2017-05-08,362.604,362.935,352.999,361.279,16387,,,-0.4110,hfq
2017-05-09,356.974,362.604,352.502,362.604,12670,,,0.3668,hfq
2017-05-10,361.279,367.406,358.795,360.286,13558,,,-0.6393,hfq
2017-05-11,359.954,360.451,346.375,359.954,25181,,,-0.0921,hfq
2017-05-12,358.795,365.585,353.662,361.445,16470,,,0.4142,hfq
2017-05-15,363.929,366.578,361.610,365.254,11988,,,1.0538,hfq
2017-05-16,364.757,366.578,358.464,365.916,24212,,,0.1812,hfq
2017-05-17,362.935,367.572,361.279,364.094,21141,,,-0.4979,hfq
2017-05-18,361.279,362.273,358.133,358.464,15976,,,-1.5463,hfq
2017-05-19,358.464,360.617,352.999,354.158,19454,,,-1.2012,hfq
2017-05-22,354.655,355.152,348.031,351.178,13176,,,-0.8414,hfq
2017-05-23,350.184,350.184,339.751,348.528,22614,,,-0.7546,hfq
2017-05-24,346.210,352.337,340.910,351.178,15777,,,0.7603,hfq
2017-05-25,351.178,358.133,346.872,354.324,16144,,,0.8958,hfq
2017-05-26,354.655,356.311,351.343,351.343,8647,,,-0.8413,hfq
2017-05-31,353.496,356.311,344.719,348.362,20183,,,-0.8485,hfq
2017-06-01,347.866,348.362,340.745,348.197,27518,,,-0.0474,hfq
2017-06-02,343.560,351.012,343.394,348.528,16431,,,0.0951,hfq
2017-06-05,349.190,350.515,344.719,345.050,22152,,,-0.9979,hfq
2017-06-06,345.713,347.534,343.726,345.878,10224,,,0.2400,hfq
2017-06-07,344.222,353.993,344.222,351.178,23989,,,1.5323,hfq
2017-06-08,351.343,352.668,348.528,348.694,15583,,,-0.7073,hfq
2017-06-09,347.534,349.687,345.547,346.872,11869,,,-0.5225,hfq
2017-06-12,346.541,347.369,341.242,345.050,16522,,,-0.5253,hfq
2017-06-13,342.401,351.178,342.401,349.356,16867,,,1.2479,hfq
2017-06-14,348.031,349.356,346.210,348.859,18721,,,-0.1423,hfq
2017-06-15,347.866,353.662,347.038,350.846,31566,,,0.5696,hfq
2017-06-16,350.681,352.834,349.025,349.190,15775,,,-0.4720,hfq
2017-06-19,349.190,355.980,348.859,353.993,22955,,,1.3755,hfq
2017-06-20,354.158,360.617,352.171,352.171,24624,,,-0.5147,hfq
2017-06-21,357.305,359.623,348.694,350.350,25348,,,-0.5171,hfq
2017-06-22,350.018,384.629,349.687,384.629,182053,,,9.7842,hfq
2017-06-23,386.782,397.546,373.037,391.087,235125,,,1.6790,hfq
2017-06-26,385.126,403.010,382.642,390.756,171528,,,-0.0846,hfq
2017-06-27,390.259,394.068,381.979,383.966,126265,,,-1.7377,hfq
2017-06-28,385.126,387.775,378.502,383.801,85908,,,-0.0430,hfq
2017-06-29,383.138,393.902,382.310,387.610,120823,,,0.9924,hfq
2017-06-30,383.470,390.094,379.164,383.966,76438,,,-0.9401,hfq
2017-07-03,382.476,390.922,380.489,388.603,76060,,,1.2077,hfq
2017-07-04,387.113,393.074,383.801,391.750,92417,,,0.8098,hfq
2017-07-05,391.915,394.234,383.635,388.769,78802,,,-0.7609,hfq
2017-07-06,386.782,392.578,378.502,384.463,86484,,,-1.1076,hfq
2017-07-07,380.986,385.622,377.177,378.170,72787,,,-1.6368,hfq
2017-07-10,379.826,388.438,378.170,383.138,75806,,,1.3137,hfq
2017-07-11,383.138,387.444,374.030,374.693,73557,,,-2.2042,hfq
2017-07-12,370.222,373.534,361.279,368.566,64376,,,-1.6352,hfq
2017-07-13,368.731,378.502,362.438,373.037,62761,,,1.2131,hfq
2017-07-14,378.502,392.909,377.011,379.992,113290,,,1.8644,hfq
2017-07-17,367.903,379.661,342.732,374.693,126730,,,-1.3945,hfq
2017-07-18,366.910,378.502,366.247,376.846,57040,,,0.5746,hfq
2017-07-19,376.846,379.330,368.566,376.514,54278,,,-0.0881,hfq
2017-07-20,376.514,379.826,369.394,373.865,52987,,,-0.7036,hfq
2017-07-21,376.680,376.680,365.254,372.871,52432,,,-0.2659,hfq
2017-07-24,370.718,371.878,366.082,368.400,32384,,,-1.1991,hfq
2017-07-25,368.566,370.884,358.795,370.222,50192,,,0.4946,hfq
2017-07-26,369.228,370.884,365.585,365.750,18951,,,-1.2079,hfq
2017-07-27,363.763,387.113,356.642,385.457,97274,,,5.3881,hfq
2017-07-28,381.648,385.457,376.018,376.018,44806,,,-2.4488,hfq
2017-07-31,372.209,379.495,372.209,375.852,30921,,,-0.0441,hfq
2017-08-01,373.865,382.973,372.706,378.998,36435,,,0.8370,hfq
2017-08-02,379.164,383.304,371.878,371.878,35965,,,-1.8786,hfq
2017-08-03,370.222,380.158,367.406,373.368,38522,,,0.4007,hfq
2017-08-04,373.534,380.323,371.050,375.686,39842,,,0.6208,hfq
2017-08-07,375.852,388.438,372.706,380.158,67542,,,1.1904,hfq
2017-08-08,381.648,390.094,378.005,389.100,78811,,,2.3522,hfq
2017-08-09,386.450,393.074,382.807,383.635,58120,,,-1.4045,hfq
2017-08-10,383.801,394.896,382.807,392.412,93144,,,2.2879,hfq
2017-08-11,388.769,398.705,386.947,388.272,83752,,,-1.0550,hfq
2017-08-14,391.418,397.877,383.470,395.724,82573,,,1.9193,hfq
2017-08-15,395.062,397.546,386.782,387.278,56498,,,-2.1343,hfq
2017-08-16,385.457,397.711,385.457,397.380,68863,,,2.6085,hfq
2017-08-17,394.730,417.749,390.094,405.163,149838,,,1.9586,hfq
2017-08-18,401.354,416.590,394.399,395.724,117529,,,-2.3297,hfq
2017-08-21,398.705,401.354,389.431,397.546,78671,,,0.4604,hfq
2017-08-22,396.718,400.030,391.915,392.743,54241,,,-1.2082,hfq
2017-08-23,391.915,394.896,386.782,386.782,40850,,,-1.5178,hfq
2017-08-24,385.291,390.094,373.534,374.030,65165,,,-3.2969,hfq
2017-08-25,374.030,384.132,372.871,379.495,45556,,,1.4611,hfq
2017-08-28,380.986,389.762,380.158,384.960,45950,,,1.4401,hfq
2017-08-29,385.291,393.737,380.158,380.986,38657,,,-1.0323,hfq
2017-08-30,380.986,393.240,380.986,386.616,45611,,,1.4777,hfq
2017-08-31,386.782,391.750,385.954,388.272,29177,,,0.4283,hfq
2017-09-01,387.278,417.583,386.782,404.998,156956,,,4.3078,hfq
2017-09-04,403.010,411.953,401.686,405.329,99075,,,0.0817,hfq
2017-09-05,405.329,410.794,401.686,403.838,55068,,,-0.3678,hfq
2017-09-06,403.673,405.494,396.386,401.686,50170,,,-0.5329,hfq
2017-09-07,401.354,407.150,396.883,397.049,64495,,,-1.1544,hfq
2017-09-08,398.539,407.978,395.890,407.978,87543,,,2.7526,hfq
2017-09-11,413.112,425.035,404.666,419.405,190923,,,2.8009,hfq
2017-09-12,419.736,423.876,410.794,412.615,124453,,,-1.6190,hfq
2017-09-13,409.634,426.194,407.482,423.379,108107,,,2.6087,hfq
2017-09-14,423.214,425.698,416.590,421.061,104221,,,-0.5475,hfq
2017-09-15,419.074,421.392,410.628,410.959,67156,,,-2.3992,hfq
2017-09-18,407.647,412.284,403.342,408.310,42388,,,-0.6446,hfq
2017-09-19,410.131,414.602,402.017,402.679,56975,,,-1.3791,hfq
2017-09-20,400.195,408.144,400.195,406.322,46517,,,0.9047,hfq
2017-09-21,403.673,410.297,403.673,404.832,37396,,,-0.3667,hfq
2017-09-22,404.998,408.144,400.361,407.978,42090,,,0.7771,hfq
2017-09-25,405.991,413.609,401.686,402.348,44241,,,-1.3800,hfq
2017-09-26,401.686,403.838,392.081,395.227,36381,,,-1.7699,hfq
2017-09-27,393.406,401.520,393.074,398.374,34273,,,0.7963,hfq
2017-09-28,399.533,399.533,394.068,394.565,23212,,,-0.9561,hfq
2017-09-29,395.724,401.023,394.234,397.049,24339,,,0.6296,hfq
2017-10-09,401.686,410.959,400.858,408.806,50277,,,2.9611,hfq
2017-10-10,408.972,414.271,406.488,411.456,41294,,,0.6482,hfq
2017-10-11,413.112,414.934,407.647,409.966,42897,,,-0.3621,hfq
2017-10-12,410.131,413.609,402.017,405.660,51901,,,-1.0503,hfq
2017-10-13,404.998,408.806,401.686,406.819,25913,,,0.2857,hfq
2017-10-16,407.482,411.290,394.234,394.234,52363,,,-3.0935,hfq
2017-10-17,395.724,399.864,391.750,396.055,32785,,,0.4619,hfq
2017-10-18,396.718,407.316,396.055,403.342,51346,,,1.8399,hfq
2017-11-02,438.118,442.589,416.258,427.354,262215,,,5.9533,hfq
2017-11-03,434.640,442.920,417.086,424.538,180471,,,-0.6589,hfq
2017-11-06,424.042,424.042,400.030,407.482,105009,,,-4.0175,hfq
2017-11-07,402.679,444.576,400.361,437.952,165122,,,7.4776,hfq
2017-11-08,434.640,438.118,428.182,429.175,140877,,,-2.0041,hfq
2017-11-09,426.526,432.322,415.762,430.666,72641,,,0.3474,hfq
2017-11-10,430.003,443.914,421.723,434.640,158377,,,0.9228,hfq
2017-11-13,435.965,464.448,433.150,458.321,218863,,,5.4484,hfq
2017-11-14,456.996,461.136,450.869,457.162,160408,,,-0.2529,hfq
2017-11-15,454.678,475.378,449.710,455.340,157336,,,-0.3985,hfq
2017-11-16,456.665,462.958,441.430,444.410,104404,,,-2.4004,hfq
2017-11-17,443.086,448.882,426.194,433.150,139051,,,-2.5337,hfq
2017-11-20,427.354,447.888,426.857,447.060,101206,,,3.2114,hfq
2017-11-21,448.219,460.142,445.570,449.544,114991,,,0.5556,hfq
2017-11-22,449.544,472.397,448.550,467.926,150672,,,4.0890,hfq
2017-11-23,465.110,487.798,461.302,468.422,180315,,,0.1060,hfq
2017-11-24,468.422,504.358,468.257,494.256,202795,,,5.5151,hfq
2017-11-27,487.798,494.753,456.830,467.926,144429,,,-5.3272,hfq
2017-11-28,470.906,512.638,461.964,506.842,167538,,,8.3167,hfq
2017-11-29,502.370,506.676,489.785,500.714,147626,,,-1.2091,hfq
2017-11-30,500.714,500.714,474.550,477.862,145447,,,-4.5639,hfq
2017-12-01,478.027,497.402,478.027,481.505,110201,,,0.7624,hfq
2017-12-04,482.002,482.498,463.620,472.397,85718,,,-1.8916,hfq
2017-12-05,472.562,477.862,436.296,443.914,150372,,,-6.0295,hfq
2017-12-06,438.449,451.697,434.971,450.041,82220,,,1.3802,hfq
2017-12-07,450.041,455.174,443.251,450.372,53389,,,0.0735,hfq
2017-12-08,445.735,467.263,444.742,456.334,89131,,,1.3238,hfq
2017-12-11,462.461,501.211,462.130,501.211,224655,,,9.8342,hfq
2017-12-12,510.982,513.300,494.753,497.568,183615,,,-0.7268,hfq
2017-12-13,498.727,508.994,488.626,497.734,129167,,,0.0334,hfq
2017-12-14,497.237,528.204,494.090,501.542,284627,,,0.7651,hfq
2017-12-15,504.192,508.001,489.454,502.039,161878,,,0.0991,hfq
2017-12-18,487.798,491.110,463.454,473.225,153845,,,-5.7394,hfq
2017-12-19,471.569,496.078,468.588,494.422,137748,,,4.4793,hfq
2017-12-20,489.619,493.097,480.346,484.154,75520,,,-2.0768,hfq
2017-12-21,484.154,499.390,481.670,489.288,102806,,,1.0604,hfq
2017-12-22,486.473,492.931,473.887,478.193,84203,,,-2.2676,hfq
2017-12-25,476.040,479.352,459.811,466.270,87747,,,-2.4933,hfq
2017-12-26,465.607,475.709,463.454,475.543,57190,,,1.9888,hfq
2017-12-27,478.193,479.021,457.824,459.646,81573,,,-3.3429,hfq
2017-12-28,458.321,465.276,449.047,455.506,57822,,,-0.9007,hfq
2017-12-29,456.334,463.123,447.226,449.047,83782,,,-1.4180,hfq
2018-01-02,451.697,460.805,446.729,460.639,72640,,,2.5815,hfq
2018-01-03,457.990,466.601,457.824,463.620,79912,,,0.6471,hfq
2018-01-04,461.302,463.454,452.359,453.850,80890,,,-2.1073,hfq
2018-01-05,455.506,462.626,453.022,454.678,69768,,,0.1824,hfq
2018-01-08,451.862,455.009,428.016,433.646,108101,,,-4.6257,hfq
2018-01-09,430.666,437.124,423.710,436.296,67619,,,0.6111,hfq
2018-01-10,433.812,451.366,428.513,448.054,93197,,,2.6950,hfq
2018-01-11,442.754,462.958,433.150,458.321,105460,,,2.2915,hfq
2018-01-12,454.512,458.652,450.538,453.022,59847,,,-1.1562,hfq
2018-01-15,448.219,452.194,432.818,435.634,74459,,,-3.8382,hfq
2018-01-16,431.659,439.277,421.889,424.870,69177,,,-2.4709,hfq
2018-01-17,421.558,435.634,401.686,428.513,95400,,,0.8574,hfq
2018-01-18,422.386,430.831,417.914,418.080,36029,,,-2.4347,hfq
2018-01-19,413.774,419.902,405.991,407.482,78176,,,-2.5349,hfq
2018-01-22,403.342,426.857,403.342,423.545,72091,,,3.9420,hfq
2018-01-23,425.366,427.850,418.246,420.564,40676,,,-0.7038,hfq
2018-01-24,423.048,459.646,413.278,459.480,119894,,,9.2533,hfq
2018-01-25,461.136,474.218,448.882,449.047,94960,,,-2.2706,hfq
2018-01-26,449.710,459.149,446.563,447.888,48836,,,-0.2581,hfq
2018-01-29,446.729,451.366,428.016,429.010,67228,,,-4.2149,hfq
2018-01-30,431.162,436.627,427.354,429.175,34482,,,0.0385,hfq
2018-01-31,431.494,431.494,415.762,426.857,37044,,,-0.5401,hfq
2018-02-01,425.698,428.182,405.329,424.870,42714,,,-0.4655,hfq
2018-02-02,421.889,445.901,418.246,434.971,65418,,,2.3774,hfq
2018-02-05,427.850,434.806,421.558,428.678,27429,,,-1.4468,hfq
2018-02-06,418.246,424.538,403.176,416.093,47857,,,-2.9358,hfq
2018-02-07,421.392,431.494,406.985,425.201,53508,,,2.1889,hfq
2018-02-08,421.558,466.270,421.558,445.735,110391,,,4.8292,hfq
2018-02-09,429.010,449.047,422.220,434.806,79370,,,-2.4519,hfq
2018-02-12,438.780,460.805,435.302,453.353,113524,,,4.2656,hfq
2018-02-13,452.194,462.958,446.894,456.002,89604,,,0.5843,hfq
2018-02-14,455.506,455.671,442.754,447.888,54089,,,-1.7794,hfq
2018-02-22,448.219,460.639,444.079,460.639,74125,,,2.8469,hfq
2018-02-23,457.162,464.614,455.174,461.302,79349,,,0.1439,hfq
2018-02-26,466.435,473.722,456.996,465.442,112210,,,0.8975,hfq
2018-02-27,467.926,487.798,462.958,471.238,145089,,,1.2453,hfq
2018-02-28,466.766,482.167,458.321,477.862,127154,,,1.4057,hfq
2018-03-01,474.384,502.536,471.734,499.721,206622,,,4.5743,hfq
2018-03-02,498.396,498.727,479.518,479.518,139023,,,-4.0429,hfq
2018-03-05,480.346,489.454,470.741,482.002,111883,,,0.5180,hfq
2018-03-06,481.174,485.976,472.894,473.722,109918,,,-1.7178,hfq
2018-03-07,473.722,494.256,469.747,486.307,144026,,,2.6566,hfq
2018-03-08,486.307,491.938,472.562,476.868,117487,,,-1.9410,hfq
2018-03-09,475.874,499.721,470.741,494.090,174090,,,3.6115,hfq
2018-03-12,501.046,503.695,484.817,495.581,188550,,,0.3018,hfq
2018-03-13,490.282,495.581,479.518,480.346,109884,,,-3.0742,hfq
2018-03-14,478.524,481.836,469.582,470.575,85620,,,-2.0342,hfq
2018-03-15,464.779,469.913,457.162,464.117,92908,,,-1.3724,hfq
2018-03-16,471.403,479.518,463.123,465.607,112979,,,0.3210,hfq
2018-03-19,461.964,471.569,454.678,462.295,71952,,,-0.7113,hfq
2018-03-20,454.678,459.646,445.238,455.506,95292,,,-1.4685,hfq
2018-03-21,454.678,464.282,437.124,440.270,120118,,,-3.3449,hfq
2018-03-22,438.118,446.066,434.309,438.946,88803,,,-0.3007,hfq
2018-03-23,419.736,426.526,395.890,395.890,161805,,,-9.8090,hfq
2018-03-26,386.119,401.686,372.043,400.195,104848,,,1.0874,hfq
2018-03-27,406.985,424.042,403.507,414.934,135846,,,3.6830,hfq
2018-03-28,411.290,440.602,406.819,428.182,163228,,,3.1928,hfq
2018-03-29,429.341,439.442,421.723,428.182,86354,,,0.0000,hfq
2018-03-30,428.844,458.155,428.182,451.862,148919,,,5.5304,hfq
2018-04-02,452.856,490.778,452.856,474.550,215508,,,5.0210,hfq
2018-04-03,461.136,470.906,449.875,464.117,135398,,,-2.1985,hfq
2018-04-04,464.282,465.607,442.423,442.589,100364,,,-4.6385,hfq
2018-04-09,439.111,484.154,439.111,475.378,152009,,,7.4085,hfq
2018-04-10,468.091,474.550,454.346,468.919,104752,,,-1.3587,hfq
2018-04-11,468.919,477.696,463.454,467.429,89830,,,-0.3178,hfq
2018-04-12,465.110,471.403,456.334,459.646,69279,,,-1.6651,hfq
2018-04-13,466.270,476.868,461.302,466.270,104257,,,1.4411,hfq
2018-04-16,464.117,487.301,463.454,482.167,156408,,,3.4094,hfq
2018-04-17,484.486,485.976,452.194,455.009,114651,,,-5.6325,hfq
2018-04-18,456.334,479.186,444.742,477.199,117880,,,4.8768,hfq
2018-04-19,476.206,476.206,456.168,459.811,102553,,,-3.6438,hfq
2018-04-20,457.162,457.162,418.246,426.029,148462,,,-7.3469,hfq
2018-04-23,426.029,433.812,412.781,420.398,94017,,,-1.3217,hfq
2018-04-24,421.392,437.455,417.086,435.634,78566,,,3.6242,hfq
2018-04-25,429.010,441.098,427.354,433.978,67760,,,-0.3801,hfq
2018-04-26,434.640,439.774,421.558,421.723,61706,,,-2.8239,hfq
2018-04-27,425.201,429.010,415.927,419.736,54985,,,-0.4712,hfq
2018-05-02,422.386,426.526,403.342,413.112,77538,,,-1.5781,hfq
2018-05-03,411.290,431.162,403.507,427.354,69645,,,3.4475,hfq
2018-05-04,423.545,430.997,421.558,424.538,51616,,,-0.6589,hfq
2018-05-07,426.526,437.952,424.042,437.952,64424,,,3.1597,hfq
2018-05-08,437.952,437.952,427.354,431.328,74100,,,-1.5125,hfq
2018-05-09,431.162,432.818,415.430,422.717,74748,,,-1.9964,hfq
2018-05-10,419.902,429.010,417.583,424.207,58038,,,0.3525,hfq
2018-05-11,425.035,426.194,413.443,413.443,47163,,,-2.5374,hfq
2018-05-14,411.787,417.749,403.838,404.335,73434,,,-2.2030,hfq
2018-05-15,407.482,434.309,406.488,431.990,126051,,,6.8396,hfq
2018-05-16,431.494,468.754,428.182,451.531,246906,,,4.5235,hfq
2018-05-17,457.162,465.442,450.703,459.811,153785,,,1.8338,hfq
2018-05-18,458.486,464.614,451.862,460.970,90452,,,0.2521,hfq
2018-05-21,464.614,494.090,461.964,483.492,199895,,,4.8858,hfq
2018-05-22,483.989,512.141,480.677,502.039,221147,,,3.8361,hfq
2018-05-23,499.058,506.842,491.441,502.205,133636,,,0.0331,hfq
2018-05-24,497.734,542.446,494.090,522.739,220917,,,4.0888,hfq
2018-05-25,524.561,526.548,511.147,519.758,113760,,,-0.5703,hfq
2018-05-28,519.593,528.701,505.351,525.886,183313,,,1.1790,hfq
2018-05-29,527.542,527.542,489.619,493.594,204126,,,-6.1405,hfq
2018-05-30,490.944,504.192,478.690,492.766,184811,,,-0.1677,hfq
2018-05-31,496.078,503.530,479.683,502.370,192679,,,1.9490,hfq
2018-06-01,495.415,495.746,469.085,476.371,142517,,,-5.1753,hfq
2018-06-04,482.002,520.752,478.193,514.294,224972,,,7.9608,hfq
2018-06-05,515.122,525.223,503.530,525.058,158142,,,2.0930,hfq
2018-06-06,522.077,533.503,511.810,515.784,140076,,,-1.7663,hfq
2018-06-07,517.606,540.790,491.110,503.530,171087,,,-2.3758,hfq
2018-06-08,499.721,510.154,497.734,505.351,98692,,,0.3616,hfq
2018-06-11,498.065,510.154,494.422,497.899,90906,,,-1.4746,hfq
2018-06-12,497.402,500.714,473.059,486.307,128291,,,-2.3282,hfq
2018-06-13,485.976,494.090,468.919,469.582,110864,,,-3.4392,hfq
2018-06-14,467.926,480.346,463.123,475.874,104206,,,1.3399,hfq
2018-06-15,474.550,476.206,452.690,461.302,98327,,,-3.0622,hfq
2018-06-19,448.054,464.614,419.902,438.283,122766,,,-4.9900,hfq
2018-06-20,437.786,463.620,432.818,455.506,95300,,,3.9297,hfq
2018-06-21,458.321,459.314,435.965,443.417,95170,,,-2.6540,hfq
2018-06-22,437.952,467.263,432.487,462.461,96460,,,4.2948,hfq
2018-06-25,462.958,470.575,456.499,463.951,80780,,,0.3222,hfq
2018-06-26,455.837,482.995,450.206,479.186,106621,,,3.2838,hfq
2018-06-27,477.696,484.154,462.792,464.614,96550,,,-3.0410,hfq
2018-06-28,462.130,477.199,456.499,458.486,81713,,,-1.3189,hfq
2018-06-29,454.678,492.766,451.366,489.454,148027,,,6.7544,hfq
2018-07-02,489.454,492.434,470.575,481.174,111665,,,-1.6917,hfq
2018-07-03,482.167,510.816,477.862,504.358,153196,,,4.8182,hfq
2018-07-04,499.058,500.218,485.479,496.906,124010,,,-1.4775,hfq
2018-07-05,493.594,497.899,477.530,478.358,99234,,,-3.7327,hfq
2018-07-06,480.346,501.874,472.397,487.301,136334,,,1.8695,hfq
2018-07-09,485.976,500.218,484.320,492.931,111188,,,1.1553,hfq
2018-07-10,493.097,495.912,476.371,490.282,98545,,,-0.5374,hfq
2018-07-11,479.352,481.008,455.671,474.550,113728,,,-3.2088,hfq
2018-07-12,474.715,498.727,472.562,489.950,139309,,,3.2452,hfq
2018-07-13,491.110,494.918,482.995,483.823,70931,,,-1.2505,hfq
2018-07-16,488.626,509.657,486.142,504.523,133839,,,4.2784,hfq
2018-07-17,501.046,532.510,499.555,529.529,204396,,,4.9564,hfq
2018-07-18,525.886,580.368,520.752,568.279,221936,,,7.3178,hfq
2018-07-19,556.356,571.922,552.050,564.802,115963,,,-0.6118,hfq
2018-07-20,560.662,586.661,548.407,555.694,192429,,,-1.6126,hfq
2018-07-23,561.490,604.049,550.726,603.718,213362,,,8.6422,hfq
2018-07-24,600.406,600.406,582.190,589.145,151416,,,-2.4139,hfq
2018-07-25,583.846,600.240,579.043,583.680,117911,,,-0.9276,hfq
2018-07-26,576.062,580.368,555.694,562.483,127683,,,-3.6316,hfq
2018-07-27,559.006,571.260,552.050,558.178,81750,,,-0.7654,hfq
2018-07-30,559.171,565.464,539.465,546.586,99954,,,-2.0768,hfq
2018-07-31,553.210,558.178,541.618,550.229,86570,,,0.6665,hfq
2018-08-01,553.706,565.961,542.942,545.758,115391,,,-0.8126,hfq
2018-08-02,539.962,541.618,511.478,528.038,119383,,,-3.2469,hfq
2018-08-03,530.191,532.510,506.179,506.842,101385,,,-4.0141,hfq
2018-08-06,514.625,518.434,502.702,508.663,105319,,,0.3593,hfq
2018-08-07,512.638,540.790,510.154,539.962,142004,,,6.1532,hfq
2018-08-08,533.338,542.280,528.204,530.854,82480,,,-1.6868,hfq
2018-08-09,532.675,573.082,527.707,564.802,148921,,,6.3950,hfq
2018-08-10,562.318,573.082,561.158,568.942,96746,,,0.7330,hfq
2018-08-13,562.152,618.787,559.834,618.787,176873,,,8.7610,hfq
2018-08-14,610.010,617.959,597.756,611.832,129330,,,-1.1240,hfq
2018-08-15,611.832,612.163,573.082,583.514,108597,,,-4.6284,hfq
2018-08-16,577.222,595.438,564.139,572.254,101359,,,-1.9297,hfq
2018-08-17,580.202,588.648,535.822,541.452,132842,,,-5.3826,hfq
2018-08-20,548.076,577.056,538.802,569.770,132699,,,5.2300,hfq
2018-08-21,568.942,579.043,558.509,573.082,96894,,,0.5813,hfq
2018-08-22,575.069,578.546,561.655,573.578,80605,,,0.0865,hfq
2018-08-23,573.578,615.475,571.260,610.176,145058,,,6.3806,hfq
2018-08-24,603.221,614.482,596.266,600.406,87578,,,-1.6012,hfq
2018-08-27,603.718,636.506,597.094,609.514,122931,,,1.5170,hfq
2018-08-28,611.998,630.710,607.526,628.226,112378,,,3.0700,hfq
2018-08-29,619.450,623.424,590.635,610.010,106030,,,-2.8996,hfq
2018-08-30,598.750,623.921,596.100,605.870,99719,,,-0.6787,hfq
2018-08-31,610.010,620.774,599.081,602.062,70270,,,-0.6285,hfq
2018-09-03,595.438,639.322,571.922,635.678,119375,,,5.5835,hfq
2018-09-04,629.386,669.461,625.577,656.710,142813,,,3.3086,hfq
2018-09-05,655.054,660.518,638.494,640.150,92943,,,-2.5217,hfq
2018-09-06,640.978,659.856,630.214,642.634,85890,,,0.3880,hfq
2018-09-07,640.150,654.722,581.858,588.482,190745,,,-8.4266,hfq
2018-09-10,572.254,592.954,568.114,588.814,112466,,,0.0564,hfq
2018-09-11,588.151,599.412,577.718,594.113,92181,,,0.8999,hfq
2018-09-12,593.782,601.399,568.942,576.559,84752,,,-2.9547,hfq
2018-09-13,587.158,602.062,561.158,588.814,139861,,,2.1255,hfq
2018-09-14,585.667,590.304,554.534,561.655,125525,,,-4.6125,hfq
2018-09-17,551.719,561.490,537.146,553.541,74291,,,-1.4447,hfq
2018-09-18,552.382,572.750,539.134,569.438,110535,,,2.8719,hfq
2018-09-19,563.974,588.814,558.674,574.075,107874,,,0.8143,hfq
2018-09-20,572.419,582.024,569.273,580.368,65833,,,1.0962,hfq
2018-09-21,580.368,586.330,570.598,582.521,71713,,,0.3710,hfq
2018-09-25,581.527,606.533,578.712,597.094,86642,,,2.5017,hfq
2018-09-26,593.782,604.049,589.145,598.584,65959,,,0.2495,hfq
2018-09-27,597.756,604.877,575.731,576.394,90102,,,-3.7071,hfq
2018-09-28,576.062,582.686,555.694,568.279,83353,,,-1.4079,hfq
2018-10-08,553.706,572.088,546.089,549.898,73449,,,-3.2345,hfq
2018-10-09,553.210,563.477,517.606,530.026,113680,,,-3.6138,hfq
2018-10-10,530.191,540.790,521.414,540.127,70266,,,1.9058,hfq
2018-10-11,518.434,525.554,486.970,486.970,111571,,,-9.8416,hfq
2018-10-12,479.518,501.377,459.811,495.912,116130,,,1.8363,hfq
2018-10-15,495.912,501.046,487.798,491.938,75814,,,-0.8014,hfq
2018-10-16,481.174,496.078,456.499,466.932,90663,,,-5.0832,hfq
2018-10-17,477.530,504.854,474.218,501.542,127522,,,7.4122,hfq
2018-10-18,494.422,509.491,488.129,494.256,101740,,,-1.4527,hfq
2018-10-19,484.154,516.943,477.530,513.134,101768,,,3.8195,hfq
2018-10-22,528.204,546.751,511.313,539.630,116773,,,5.1636,hfq
2018-10-23,532.510,537.146,519.262,523.402,59327,,,-3.0072,hfq
2018-10-24,523.567,532.510,500.714,508.994,76417,,,-2.7528,hfq
2018-10-25,482.664,501.542,473.887,495.746,64383,,,-2.6028,hfq
2018-10-26,504.026,507.338,477.530,487.632,60026,,,-1.6367,hfq
2018-10-29,488.294,494.587,473.059,492.103,57805,,,0.9169,hfq
2018-10-30,488.626,494.587,467.098,491.275,74929,,,-0.1683,hfq
2018-10-31,491.110,502.039,486.473,491.938,85260,,,0.1350,hfq
2018-11-01,497.734,517.440,491.275,507.504,134215,,,3.1642,hfq
2018-11-02,519.262,527.376,510.982,523.070,127549,,,3.0672,hfq
2018-11-05,517.274,530.026,511.810,526.714,75944,,,0.6967,hfq
2018-11-06,517.771,524.064,506.510,513.631,47980,,,-2.4839,hfq
2018-11-07,517.606,540.458,515.950,527.707,98491,,,2.7405,hfq
2018-11-08,530.026,534.828,510.982,512.969,56719,,,-2.7928,hfq
2018-11-09,509.326,522.242,507.007,510.650,42271,,,-0.4521,hfq
2018-11-12,502.702,538.140,502.702,537.974,85091,,,5.3508,hfq
2018-11-13,529.198,553.044,525.389,544.433,96388,,,1.2006,hfq
2018-11-14,544.102,546.917,534.994,542.114,49102,,,-0.4259,hfq
2018-11-15,539.465,550.063,537.146,546.751,48207,,,0.8554,hfq
2018-11-16,546.586,573.910,544.930,556.853,80256,,,1.8476,hfq
2018-11-19,554.866,560.662,540.293,553.210,53080,,,-0.6542,hfq
2018-11-20,550.229,550.726,528.535,530.191,48006,,,-4.1610,hfq
2018-11-21,523.402,532.344,514.294,525.886,53075,,,-0.8120,hfq
2018-11-22,526.382,531.847,516.281,519.262,45262,,,-1.2596,hfq
2018-11-23,521.414,521.414,496.078,501.874,53540,,,-3.3486,hfq
2018-11-26,501.046,507.670,494.422,498.230,27204,,,-0.7261,hfq
2018-11-27,503.530,511.478,501.046,506.014,39683,,,1.5623,hfq
2018-11-28,506.510,509.822,499.390,508.994,39810,,,0.5889,hfq
2018-11-29,514.459,514.790,489.454,493.594,41535,,,-3.0256,hfq
2018-11-30,489.454,493.594,469.747,484.486,79800,,,-1.8452,hfq
2018-12-03,498.562,504.358,491.938,501.211,71480,,,3.4521,hfq
2018-12-04,501.211,504.192,493.262,500.383,38785,,,-0.1652,hfq
2018-12-05,487.798,509.326,484.154,506.014,46121,,,1.1253,hfq
2018-12-06,501.377,501.377,481.174,488.791,56671,,,-3.4037,hfq
2018-12-07,490.116,496.740,486.142,487.798,21731,,,-0.2032,hfq
2018-12-10,484.154,492.434,469.582,470.575,48069,,,-3.5308,hfq
2018-12-11,476.206,488.791,475.212,487.466,44618,,,3.5894,hfq
2018-12-12,487.798,502.205,487.798,494.753,45904,,,1.4949,hfq
2018-12-13,495.746,500.549,490.613,493.759,37150,,,-0.2009,hfq
2018-12-14,493.097,493.097,472.894,477.862,42445,,,-3.2196,hfq
2018-12-17,476.206,481.174,473.225,479.186,21922,,,0.2771,hfq
2018-12-18,478.524,482.167,465.938,470.906,42378,,,-1.7279,hfq
2018-12-19,470.906,475.378,463.620,465.442,23987,,,-1.1603,hfq
2018-12-20,465.442,470.410,462.626,469.582,23049,,,0.8895,hfq
2018-12-21,469.582,479.021,464.614,471.569,34532,,,0.4231,hfq
2018-12-24,471.569,477.862,466.435,473.556,30331,,,0.4214,hfq
2018-12-25,466.270,470.244,454.346,460.474,43581,,,-2.7625,hfq
2018-12-26,460.639,463.454,442.920,448.054,43230,,,-2.6972,hfq
2018-12-27,453.187,458.652,439.939,439.939,34255,,,-1.8112,hfq
2018-12-28,446.066,446.066,424.042,439.111,35469,,,-0.1882,hfq
2019-01-02,439.774,444.742,428.182,431.659,34203,,,-1.6971,hfq
2019-01-03,431.494,435.965,418.411,423.214,38347,,,-1.9564,hfq
2019-01-04,419.902,442.754,416.921,438.283,42287,,,3.5606,hfq
2019-01-07,441.761,463.454,438.283,457.327,74799,,,4.3451,hfq
2019-01-08,452.194,459.149,448.882,450.206,29736,,,-1.5571,hfq
2019-01-09,451.366,458.486,445.570,445.735,40580,,,-0.9931,hfq
2019-01-10,451.200,451.200,440.105,443.086,28528,,,-0.5943,hfq
2019-01-11,443.086,449.213,434.971,441.595,28350,,,-0.3365,hfq
2019-01-14,446.066,452.690,440.105,451.034,35510,,,2.1375,hfq
2019-01-15,448.054,458.983,443.251,457.493,39432,,,1.4320,hfq
2019-01-16,460.474,487.466,456.996,461.302,86230,,,0.8326,hfq
2019-01-17,467.263,467.263,455.837,456.334,34520,,,-1.0770,hfq
2019-01-18,455.174,459.314,444.742,453.850,34863,,,-0.5443,hfq
2019-01-21,454.181,470.906,453.850,465.442,49328,,,2.5541,hfq
2019-01-22,466.104,467.594,459.646,462.295,21008,,,-0.6761,hfq
2019-01-23,459.149,467.760,459.149,466.104,26104,,,0.8239,hfq
2019-01-24,466.104,474.881,461.467,466.270,32055,,,0.0356,hfq
2019-01-25,464.282,471.569,461.964,462.461,30875,,,-0.8169,hfq
2019-01-28,462.461,480.677,462.461,474.881,49356,,,2.6856,hfq
2019-01-29,473.225,479.518,461.302,477.365,31029,,,0.5231,hfq
2019-01-30,472.894,477.862,470.575,470.906,15941,,,-1.3531,hfq
2019-01-31,470.575,476.206,466.270,469.250,20412,,,-0.3517,hfq
2019-02-01,471.238,480.511,470.906,478.855,28664,,,2.0469,hfq
2019-02-11,474.881,519.593,474.881,518.930,96678,,,8.3689,hfq
2019-02-12,513.300,530.854,513.300,517.606,63769,,,-0.2551,hfq
2019-02-13,520.752,547.414,515.784,539.134,82592,,,4.1591,hfq
2019-02-14,534.828,538.968,527.045,530.854,43915,,,-1.5358,hfq
2019-02-15,527.542,542.942,522.739,524.395,45035,,,-1.2167,hfq
2019-02-18,530.854,546.917,526.548,543.274,45727,,,3.6001,hfq
2019-02-19,542.114,556.853,534.000,539.962,67396,,,-0.6096,hfq
2019-02-20,543.936,546.586,521.083,529.363,52520,,,-1.9629,hfq
2019-02-21,527.542,545.095,526.879,529.694,73776,,,0.0625,hfq
2019-02-22,525.886,538.471,517.606,536.318,58387,,,1.2505,hfq
2019-02-25,539.465,581.858,539.465,577.056,120688,,,7.5959,hfq
2019-02-26,577.056,577.222,540.955,559.502,115548,,,-3.0420,hfq
2019-02-27,559.834,564.139,526.382,538.968,104764,,,-3.6700,hfq
2019-02-28,532.510,547.414,532.013,539.962,44317,,,0.1844,hfq
2019-03-01,541.949,554.369,528.866,537.478,74565,,,-0.4600,hfq
2019-03-04,545.758,564.802,538.637,544.433,152667,,,1.2940,hfq
2019-03-05,544.433,562.152,538.471,561.490,138991,,,3.1330,hfq
2019-03-06,559.006,565.630,547.910,561.655,116629,,,0.0294,hfq
2019-03-07,560.165,609.514,550.560,588.151,202601,,,4.7175,hfq
2019-03-08,569.770,619.118,560.662,586.330,187374,,,-0.3096,hfq
2019-03-11,595.934,608.189,579.706,605.374,129592,,,3.2480,hfq
2019-03-12,618.622,648.098,606.698,628.061,166358,,,3.7476,hfq
2019-03-13,626.074,626.074,577.884,578.878,142981,,,-7.8309,hfq
2019-03-14,585.005,586.992,558.012,564.470,75946,,,-2.4890,hfq
2019-03-15,569.770,574.406,547.414,555.197,91742,,,-1.6428,hfq
2019-03-18,558.012,566.126,547.414,565.298,67345,,,1.8194,hfq
2019-03-19,564.967,582.852,562.649,568.279,70386,,,0.5273,hfq
2019-03-20,564.802,571.426,546.751,563.642,71160,,,-0.8160,hfq
2019-03-21,563.642,577.553,559.171,567.286,74911,,,0.6465,hfq
2019-03-22,572.088,572.088,553.872,562.483,59403,,,-0.8467,hfq
2019-03-25,547.414,561.324,543.605,544.930,68847,,,-3.1206,hfq
2019-03-26,549.732,555.362,530.688,533.338,67439,,,-2.1272,hfq
2019-03-27,535.822,538.968,519.593,529.363,58557,,,-0.7453,hfq
2019-03-28,529.363,543.108,521.083,532.013,54434,,,0.5006,hfq
2019-03-29,529.363,553.210,520.918,549.898,85986,,,3.3618,hfq
2019-04-01,552.878,574.572,552.713,571.757,91707,,,3.9751,hfq
2019-04-02,570.598,587.323,569.273,574.738,90031,,,0.5214,hfq
2019-04-03,572.088,588.814,570.101,576.725,56820,,,0.3457,hfq
2019-04-04,577.056,585.502,559.337,563.974,95664,,,-2.2109,hfq
2019-04-08,575.234,575.234,540.458,548.407,84955,,,-2.7602,hfq
2019-04-09,545.758,560.993,540.458,547.910,57608,,,-0.0906,hfq
2019-04-10,543.770,547.910,532.510,540.293,58213,,,-1.3902,hfq
2019-04-11,538.140,543.770,528.204,529.032,51063,,,-2.0842,hfq
2019-04-12,526.714,533.006,523.898,529.363,37809,,,0.0626,hfq
2019-04-15,534.994,546.420,525.223,525.720,60000,,,-0.6882,hfq
2019-04-16,525.389,545.261,509.491,541.452,79101,,,2.9925,hfq
2019-04-17,540.790,547.414,535.987,539.134,58834,,,-0.4281,hfq
2019-04-18,541.783,543.770,534.166,542.446,41422,,,0.6143,hfq
2019-04-19,542.446,547.414,537.478,541.286,42197,,,-0.2138,hfq
2019-04-22,540.955,543.770,530.854,531.185,40191,,,-1.8661,hfq
2019-04-23,536.318,539.465,520.752,526.382,44662,,,-0.9042,hfq
2019-04-24,527.542,538.637,514.625,538.306,63306,,,2.2653,hfq
2019-04-25,535.159,537.146,512.638,517.440,56269,,,-3.8762,hfq
2019-04-26,517.440,521.249,506.842,510.154,47297,,,-1.4081,hfq
2019-04-29,518.765,538.802,516.281,519.262,100033,,,1.7853,hfq
2019-04-30,516.778,535.325,514.294,524.892,36923,,,1.0842,hfq
2019-05-06,504.358,504.358,473.390,479.352,70928,,,-8.6761,hfq
2019-05-07,482.002,486.804,468.588,474.715,49694,,,-0.9673,hfq
2019-05-08,464.448,483.658,455.009,471.569,59864,,,-0.6627,hfq
2019-05-09,467.926,480.677,466.270,474.550,31109,,,0.6321,hfq
2019-05-10,476.868,503.364,476.868,499.058,72678,,,5.1645,hfq
2019-05-13,491.275,510.650,491.275,500.880,38396,,,0.3651,hfq
2019-05-14,496.078,505.848,487.466,490.447,38844,,,-2.0829,hfq
2019-05-15,497.734,500.880,491.110,499.390,30052,,,1.8234,hfq
2019-05-16,498.065,503.364,495.746,496.409,24383,,,-0.5969,hfq
2019-05-17,500.218,519.427,498.727,504.358,71848,,,1.6013,hfq
2019-05-20,500.549,517.606,500.549,515.950,44147,,,2.2984,hfq
2019-05-21,514.294,526.714,504.026,516.778,47630,,,0.1605,hfq
2019-05-22,515.950,531.019,515.122,529.694,58793,,,2.4993,hfq
2019-05-23,531.350,531.350,507.835,509.822,45524,,,-3.7516,hfq
2019-05-24,511.478,520.090,499.555,499.555,35544,,,-2.0138,hfq
2019-05-27,503.861,539.134,503.861,536.815,81815,,,7.4586,hfq
2019-05-28,536.981,542.114,528.701,539.134,70952,,,0.4320,hfq
2019-05-29,542.942,550.394,536.981,543.605,78712,,,0.8293,hfq
2019-05-30,541.618,549.070,533.172,545.426,52880,,,0.3350,hfq
2019-05-31,541.949,568.942,540.127,561.490,77550,,,2.9452,hfq
2019-06-03,561.324,578.050,553.044,555.362,88162,,,-1.0914,hfq
2019-06-04,561.489,561.489,526.713,539.961,90504,,,-2.7731,hfq
2019-06-05,544.929,552.215,530.687,530.853,60497,,,-1.6868,hfq
2019-06-06,534.827,545.260,528.369,532.509,49813,,,0.3120,hfq
2019-06-10,532.509,547.413,529.693,546.750,43813,,,2.6743,hfq
2019-06-11,545.757,562.317,533.171,560.992,65077,,,2.6048,hfq
2019-06-12,560.992,565.463,554.368,557.845,33196,,,-0.5610,hfq
2019-06-13,555.693,576.724,552.546,571.093,75702,,,2.3749,hfq
2019-06-14,568.941,578.214,561.489,561.489,50362,,,-1.6817,hfq
2019-06-17,563.973,569.106,550.228,551.553,28124,,,-1.7696,hfq
2019-06-18,552.049,576.393,552.049,572.253,63931,,,3.7530,hfq
2019-06-19,583.679,598.749,575.068,576.393,74995,,,0.7235,hfq
2019-06-20,574.405,593.284,574.240,584.838,53196,,,1.4651,hfq
2019-06-21,587.653,600.405,585.501,593.284,53131,,,1.4442,hfq
2019-06-24,596.596,611.169,588.978,597.424,62005,,,0.6978,hfq
2019-06-25,596.596,596.596,579.870,588.978,33607,,,-1.4137,hfq
2019-06-26,585.501,601.729,584.341,593.284,37353,,,0.7311,hfq
2019-06-27,590.800,603.220,588.813,597.755,34189,,,0.7536,hfq
2019-06-28,591.462,611.997,586.163,610.175,53491,,,2.0778,hfq
2019-07-01,621.933,632.697,612.990,622.429,59491,,,2.0083,hfq
2019-07-02,618.621,630.213,609.016,611.997,38764,,,-1.6760,hfq
2019-07-03,610.672,611.169,598.749,605.373,29761,,,-1.0824,hfq
2019-07-04,609.181,618.621,601.233,606.201,31842,,,0.1368,hfq
2019-07-05,608.022,608.519,588.813,599.577,37907,,,-1.0927,hfq
2019-07-08,602.226,604.545,552.049,568.609,80573,,,-5.1650,hfq
2019-07-09,570.100,577.883,557.349,564.635,59814,,,-0.6989,hfq
2019-07-10,570.762,574.737,560.661,564.304,36561,,,-0.0586,hfq
2019-07-11,570.928,573.909,558.342,562.979,29220,,,-0.2348,hfq
2019-07-12,558.839,568.609,552.381,561.985,24240,,,-0.1766,hfq
2019-07-15,555.361,585.169,549.234,574.240,56398,,,2.1807,hfq
2019-07-16,574.240,578.877,561.985,566.953,40630,,,-1.2690,hfq
2019-07-17,566.953,573.743,561.985,569.437,21549,,,0.4381,hfq
2019-07-18,562.979,567.947,552.877,554.368,33618,,,-2.6463,hfq
2019-07-19,554.202,584.673,554.202,574.902,63631,,,3.7040,hfq
2019-07-22,578.380,581.029,557.845,562.317,39683,,,-2.1891,hfq
2019-07-23,563.641,598.749,560.495,591.131,61335,,,5.1242,hfq
2019-07-24,591.131,600.239,585.832,592.953,47992,,,0.3082,hfq
2019-07-25,592.290,597.093,585.997,595.437,40132,,,0.4189,hfq
2019-07-26,592.290,594.940,584.673,587.488,29120,,,-1.3350,hfq
2019-07-29,588.150,607.029,582.354,588.813,43278,,,0.2255,hfq
2019-07-30,589.806,598.749,584.507,587.157,44738,,,-0.2812,hfq
2019-07-31,584.838,603.717,578.877,603.717,59247,,,2.8204,hfq
2019-08-01,596.761,603.385,587.157,590.965,38798,,,-2.1122,hfq
2019-08-02,571.093,586.329,564.801,576.061,38794,,,-2.5220,hfq
2019-08-05,578.545,583.017,566.457,566.457,33157,,,-1.6672,hfq
2019-08-06,552.877,560.329,535.821,550.062,50342,,,-2.8943,hfq
2019-08-07,555.361,575.730,553.871,567.285,49870,,,3.1311,hfq
2019-08-08,568.444,578.049,562.648,566.788,31912,,,-0.0876,hfq
2019-08-09,566.788,573.909,555.693,560.164,34172,,,-1.1687,hfq
2019-08-12,562.648,565.794,544.101,563.973,53165,,,0.6800,hfq
2019-08-13,557.680,560.661,521.910,542.776,85784,,,-3.7585,hfq
2019-08-14,542.776,553.871,532.177,534.165,55480,,,-1.5865,hfq
2019-08-15,524.229,542.776,520.917,540.789,52035,,,1.2401,hfq
2019-08-16,540.623,557.349,538.636,550.725,49862,,,1.8373,hfq
2019-08-19,554.699,581.361,553.209,577.386,65344,,,4.8411,hfq
2019-08-20,577.552,588.481,565.960,572.584,32684,,,-0.8317,hfq
2019-08-21,572.584,575.565,559.336,565.297,38494,,,-1.2727,hfq
2019-08-22,564.801,568.609,549.069,556.024,43699,,,-1.6404,hfq
2019-08-23,558.342,568.609,550.890,559.501,44390,,,0.6253,hfq
2019-08-26,547.413,563.145,540.954,554.037,51815,,,-0.9766,hfq
2019-08-27,557.017,565.629,545.591,550.725,77724,,,-0.5978,hfq
2019-08-28,548.903,550.062,529.362,539.133,66873,,,-2.1049,hfq
2019-08-29,543.438,591.959,542.445,591.959,165096,,,9.7983,hfq
2019-08-30,595.271,604.710,572.584,573.909,129178,,,-3.0492,hfq
2019-09-02,579.870,590.800,572.584,588.978,118738,,,2.6257,hfq
2019-09-03,586.329,606.035,578.877,600.239,110926,,,1.9120,hfq
2019-09-04,596.596,625.576,594.940,622.098,117316,,,3.6417,hfq
2019-09-05,623.754,644.785,618.455,619.945,119146,,,-0.3461,hfq
2019-09-06,622.595,676.581,622.595,648.594,161527,,,4.6212,hfq
2019-09-09,657.537,693.141,656.709,689.497,125764,,,6.3064,hfq
2019-09-10,685.854,711.853,677.905,690.822,106190,,,0.1922,hfq
2019-09-11,689.829,699.433,674.428,683.536,62624,,,-1.0547,hfq
2019-09-12,690.657,694.797,674.097,690.491,51219,,,1.0175,hfq
2019-09-16,692.147,701.586,682.542,695.625,53188,,,0.7435,hfq
2019-09-17,694.300,694.300,669.957,678.237,53146,,,-2.4996,hfq
2019-09-18,688.007,688.173,673.269,682.708,40760,,,0.6592,hfq
2019-09-19,682.873,690.325,671.613,690.325,45513,,,1.1157,hfq
2019-09-20,689.663,691.485,666.976,676.249,61542,,,-2.0390,hfq
2019-09-23,671.281,676.249,659.027,676.249,65694,,,0.0000,hfq
2019-09-24,670.453,742.821,661.677,728.413,137586,,,7.7137,hfq
2019-09-25,722.949,737.025,701.421,704.733,85935,,,-3.2509,hfq
2019-09-26,710.529,719.140,663.333,679.230,76903,,,-3.6188,hfq
2019-09-27,684.861,685.689,665.817,678.899,43568,,,-0.0487,hfq
2019-09-30,673.600,686.351,656.709,664.161,37609,,,-2.1709,hfq
2019-10-08,663.995,683.205,646.441,651.078,48899,,,-1.9699,hfq
2019-10-09,648.097,667.307,648.097,658.530,44496,,,1.1446,hfq
2019-10-10,660.849,676.084,650.581,670.785,47577,,,1.8610,hfq
2019-10-11,668.301,674.925,657.040,663.167,25713,,,-1.1357,hfq
2019-10-14,674.759,692.644,665.154,673.269,44623,,,1.5233,hfq
2019-10-15,668.301,668.301,631.869,654.721,60385,,,-2.7549,hfq
2019-10-16,648.925,663.001,648.097,648.263,21325,,,-0.9864,hfq
2019-10-17,654.887,657.868,645.117,649.257,24334,,,0.1533,hfq
2019-10-18,653.893,654.225,635.843,635.843,29273,,,-2.0661,hfq
2019-10-21,640.314,644.785,629.385,637.333,25132,,,0.2343,hfq
2019-10-22,637.002,660.021,636.837,652.237,31284,,,2.3385,hfq
2019-10-23,651.906,655.053,638.658,641.805,22480,,,-1.5994,hfq
2019-10-24,633.856,647.766,633.690,641.970,19055,,,0.0257,hfq
2019-10-25,641.308,646.110,629.053,640.314,28071,,,-0.2580,hfq
2019-10-28,655.053,665.982,653.562,659.193,47363,,,2.9484,hfq
2019-10-29,664.989,664.989,630.378,635.181,56301,,,-3.6426,hfq
2019-10-30,635.346,638.493,614.315,624.251,53245,,,-1.7208,hfq
2019-10-31,625.245,631.041,608.353,612.990,41641,,,-1.8039,hfq
2019-11-01,611.997,619.283,607.029,613.818,33996,,,0.1351,hfq
2019-11-04,618.621,655.881,618.124,648.594,72037,,,5.6655,hfq
2019-11-05,653.397,654.887,639.321,653.893,39787,,,0.8170,hfq
2019-11-06,652.072,664.989,644.289,650.913,37685,,,-0.4557,hfq
2019-11-07,647.435,667.473,645.613,663.333,41440,,,1.9081,hfq
2019-11-08,668.301,677.243,662.505,664.492,39314,,,0.1747,hfq
2019-11-11,667.638,672.275,653.562,656.377,37216,,,-1.2212,hfq
2019-11-12,659.689,662.008,642.633,655.053,34896,,,-0.2017,hfq
2019-11-13,655.881,663.829,649.753,657.537,33978,,,0.3792,hfq
2019-11-14,654.059,675.587,654.059,672.109,45626,,,2.2161,hfq
2019-11-15,669.625,687.676,666.313,671.944,52999,,,-0.0245,hfq
2019-11-18,671.778,678.237,658.033,668.797,36014,,,-0.4683,hfq
2019-11-19,669.129,680.721,663.995,677.574,35098,,,1.3124,hfq
2019-11-20,683.039,691.153,673.931,676.581,42819,,,-0.1466,hfq
2019-11-21,678.568,678.568,660.186,666.313,38094,,,-1.5176,hfq
2019-11-22,669.294,689.829,652.072,658.033,52906,,,-1.2427,hfq
2019-11-25,656.874,663.333,605.207,612.328,108695,,,-6.9457,hfq
2019-11-26,618.621,641.805,613.653,625.245,84966,,,2.1095,hfq
2019-11-27,626.073,631.869,613.321,615.805,56496,,,-1.5098,hfq
2019-11-28,617.130,621.601,601.398,603.054,48295,,,-2.0706,hfq
2019-11-29,602.889,615.309,600.405,608.519,35800,,,0.9062,hfq
2019-12-02,608.519,613.156,597.093,601.233,45746,,,-1.1973,hfq
2019-12-03,605.538,606.863,594.609,606.697,36278,,,0.9088,hfq
2019-12-04,603.054,606.035,594.443,599.908,41325,,,-1.1190,hfq
2019-12-05,603.385,617.958,599.080,614.481,38309,,,2.4292,hfq
2019-12-06,610.506,629.881,609.513,629.550,42089,,,2.4523,hfq
2019-12-09,624.251,634.021,616.965,626.404,38116,,,-0.4997,hfq
2019-12-10,626.569,626.569,610.175,619.614,38279,,,-1.0840,hfq
2019-12-11,618.621,625.079,614.481,622.761,34243,,,0.5079,hfq
2019-12-12,622.429,631.703,615.474,622.761,39662,,,0.0000,hfq
2019-12-13,627.563,634.849,620.277,628.391,53629,,,0.9040,hfq
2019-12-16,627.232,642.798,621.105,642.798,57026,,,2.2927,hfq
2019-12-17,640.811,653.397,640.314,653.397,60247,,,1.6489,hfq
2019-12-18,656.709,658.696,646.441,648.925,42948,,,-0.6844,hfq
2019-12-19,649.091,656.377,634.849,644.951,36216,,,-0.6124,hfq
2019-12-20,647.601,647.601,625.245,626.238,35748,,,-2.9015,hfq
2019-12-23,626.073,629.385,606.366,613.653,54541,,,-2.0096,hfq
2019-12-24,610.672,617.793,607.525,616.468,37387,,,0.4587,hfq
2019-12-25,617.296,654.556,610.506,651.906,80021,,,5.7486,hfq
2019-12-26,646.938,657.205,641.308,657.205,41122,,,0.8128,hfq
2019-12-27,660.021,672.275,654.225,654.887,64097,,,-0.3527,hfq
2019-12-30,656.874,672.772,643.461,661.677,59963,,,1.0368,hfq
2019-12-31,661.511,673.103,652.403,656.709,40934,,,-0.7508,hfq
2020-01-02,658.530,672.441,653.397,668.797,50854,,,1.8407,hfq
2020-01-03,671.613,672.772,655.053,659.689,41216,,,-1.3618,hfq
2020-01-06,657.868,672.606,653.397,668.632,45119,,,1.3556,hfq
2020-01-07,668.632,679.893,659.855,679.893,58477,,,1.6842,hfq
2020-01-08,679.065,679.065,650.913,654.390,75846,,,-3.7510,hfq
2020-01-09,660.021,669.460,655.384,663.829,54353,,,1.4424,hfq
2020-01-10,668.301,681.217,661.677,662.173,55808,,,-0.2495,hfq
2020-01-13,664.989,677.905,654.721,677.243,61821,,,2.2758,hfq
2020-01-14,678.237,679.893,668.301,670.453,38259,,,-1.0026,hfq
2020-01-15,670.288,681.549,668.135,680.721,45159,,,1.5315,hfq
2020-01-16,681.714,688.173,670.785,679.893,39330,,,-0.1216,hfq
2020-01-17,681.880,704.401,677.409,691.981,58508,,,1.7779,hfq
2020-01-20,689.166,689.829,668.135,688.669,68218,,,-0.4786,hfq
2020-01-21,680.058,684.364,663.498,663.498,44924,,,-3.6550,hfq
2020-01-22,653.397,667.473,640.149,661.677,49939,,,-0.2745,hfq
2020-01-23,654.887,672.275,621.105,632.862,69034,,,-4.3548,hfq
2020-02-03,570.597,570.597,570.597,570.597,7520,,,-9.8386,hfq
2020-02-04,515.783,563.641,515.783,547.909,145311,,,-3.9762,hfq
2020-02-05,551.718,593.449,550.725,571.921,94560,,,4.3825,hfq
2020-02-06,568.941,592.456,565.629,587.653,64116,,,2.7507,hfq
2020-02-07,591.793,620.277,577.386,616.302,95705,,,4.8752,hfq
2020-02-10,617.130,633.525,610.009,628.888,67692,,,2.0422,hfq
2020-02-11,623.589,635.346,618.289,627.066,43230,,,-0.2897,hfq
2020-02-12,622.264,666.645,622.264,664.161,74302,,,5.9156,hfq
2020-02-13,658.365,672.109,653.728,660.849,68225,,,-0.4987,hfq
2020-02-14,655.053,664.161,641.308,646.773,58635,,,-2.1300,hfq
2020-02-17,653.231,679.561,653.231,660.021,50963,,,2.0483,hfq
2020-02-18,665.651,680.886,657.040,675.753,61586,,,2.3836,hfq
2020-02-19,673.269,681.549,662.670,665.817,39286,,,-1.4704,hfq
2020-02-20,665.154,698.771,650.747,688.835,104099,,,3.4571,hfq
2020-02-21,689.829,708.541,678.402,687.179,64968,,,-0.2404,hfq
2020-02-24,691.485,754.413,686.517,747.789,102545,,,8.8201,hfq
2020-02-25,731.229,772.629,722.452,752.757,91190,,,0.6644,hfq
2020-02-26,741.165,755.903,681.549,687.345,93393,,,-8.6897,hfq
2020-02-27,689.663,726.592,670.453,703.242,80160,,,2.3128,hfq
2020-02-28,677.409,694.465,653.562,653.562,70244,,,-7.0644,hfq
2020-03-02,616.965,717.815,616.965,713.013,172450,,,9.0965,hfq
2020-03-03,756.069,760.705,696.453,702.414,105080,,,-1.4865,hfq
2020-03-04,702.414,746.133,674.925,723.114,101801,,,2.9470,hfq
2020-03-05,747.789,769.317,718.809,726.261,79393,,,0.4352,hfq
2020-03-06,714.172,724.605,701.421,720.961,37307,,,-0.7298,hfq
2020-03-09,691.485,698.109,649.919,649.919,191844,,,-9.8538,hfq
2020-03-10,636.671,654.721,616.799,631.869,147707,,,-2.7773,hfq
2020-03-11,636.837,643.461,612.825,613.818,97093,,,-2.8568,hfq
2020-03-12,607.029,607.029,583.845,598.417,58478,,,-2.5090,hfq
2020-03-13,573.081,598.749,552.381,587.322,84958,,,-1.8541,hfq
2020-03-16,592.953,601.067,557.514,557.514,78824,,,-5.0752,hfq
2020-03-17,568.941,571.921,533.005,556.355,88170,,,-0.2079,hfq
2020-03-18,564.469,568.278,531.515,531.681,69242,,,-4.4349,hfq
2020-03-19,528.369,545.757,522.904,540.623,65084,,,1.6818,hfq
2020-03-20,545.757,550.393,530.521,540.954,50266,,,0.0612,hfq
2020-03-23,526.547,534.165,504.191,512.140,79055,,,-5.3265,hfq
2020-03-24,520.089,525.885,494.421,512.968,86218,,,0.1617,hfq
2020-03-25,535.489,535.489,514.127,523.401,85085,,,2.0339,hfq
2020-03-26,522.407,526.216,515.949,519.592,45379,,,-0.7277,hfq
2020-03-27,528.369,548.903,525.057,527.872,80435,,,1.5936,hfq
2020-03-30,514.293,515.121,487.797,493.758,72674,,,-6.4626,hfq
2020-03-31,501.376,502.701,490.446,490.446,40986,,,-0.6708,hfq
2020-04-01,494.255,503.694,485.809,494.255,50307,,,0.7766,hfq
2020-04-02,494.255,514.293,488.790,514.293,53285,,,4.0542,hfq
2020-04-03,514.624,514.624,497.070,500.051,47003,,,-2.7692,hfq
2020-04-07,512.305,515.286,506.344,514.789,53461,,,2.9473,hfq
2020-04-08,512.968,524.229,509.821,516.777,50397,,,0.3862,hfq
2020-04-09,521.745,525.719,514.293,523.401,45097,,,1.2818,hfq
2020-04-10,523.732,531.515,502.204,503.363,61870,,,-3.8284,hfq
2020-04-13,503.363,503.363,486.803,486.969,38746,,,-3.2569,hfq
2020-04-14,488.625,495.580,488.625,495.249,33843,,,1.7003,hfq
2020-04-15,499.554,516.777,493.096,508.000,60450,,,2.5747,hfq
2020-04-16,504.357,512.637,486.969,507.834,43095,,,-0.0327,hfq
2020-04-17,515.286,518.929,499.554,501.045,56082,,,-1.3369,hfq
2020-04-20,506.178,509.325,498.229,508.828,43837,,,1.5534,hfq
2020-04-21,506.013,507.669,496.242,503.032,39760,,,-1.1391,hfq
2020-04-22,502.701,525.719,496.242,521.413,82332,,,3.6540,hfq
2020-04-23,526.878,532.177,516.114,524.229,64548,,,0.5401,hfq
2020-04-24,527.044,542.445,520.254,528.369,71078,,,0.7897,hfq
2020-04-27,528.865,534.165,498.561,502.701,84804,,,-4.8580,hfq
2020-04-28,496.077,497.070,453.517,473.389,114258,,,-5.8309,hfq
2020-04-29,472.893,487.465,462.294,482.001,53897,,,1.8192,hfq
2020-04-30,486.141,524.229,481.669,518.598,83901,,,7.5927,hfq
2020-05-06,509.490,538.305,509.490,527.209,75848,,,1.6604,hfq
2020-05-07,535.489,535.655,514.293,518.267,47223,,,-1.6961,hfq
2020-05-08,523.235,537.973,519.757,530.025,48861,,,2.2687,hfq
2020-05-11,537.311,561.820,531.184,556.024,92888,,,4.9052,hfq
2020-05-12,558.177,560.992,541.948,555.858,60025,,,-0.0299,hfq
2020-05-13,551.884,559.005,544.101,550.228,43424,,,-1.0128,hfq
2020-05-14,545.922,553.209,541.617,542.610,36152,,,-1.3845,hfq
2020-05-15,542.941,553.209,535.821,548.903,54528,,,1.1598,hfq
2020-05-18,549.069,552.381,529.197,530.687,48807,,,-3.3186,hfq
2020-05-19,539.133,539.133,518.598,529.031,54439,,,-0.3120,hfq
2020-05-20,529.197,529.197,510.484,519.261,59748,,,-1.8468,hfq
2020-05-21,522.738,544.763,514.293,521.745,73900,,,0.4784,hfq
2020-05-22,519.261,527.872,494.917,499.389,67293,,,-4.2849,hfq
2020-05-25,499.057,503.363,485.478,488.625,44694,,,-2.1554,hfq
2020-05-26,492.268,502.369,490.281,498.561,34639,,,2.0335,hfq
2020-05-27,498.561,499.885,488.459,494.421,28815,,,-0.8304,hfq
2020-05-28,491.440,494.089,478.854,491.109,53557,,,-0.6699,hfq
2020-05-29,488.790,502.535,486.472,502.535,43680,,,2.3266,hfq
2020-06-01,504.191,514.127,500.217,510.153,62577,,,1.5159,hfq
2020-06-02,510.815,513.133,504.853,507.006,43973,,,-0.6169,hfq
2020-06-03,507.834,517.936,505.185,509.159,50872,,,0.4246,hfq
2020-06-04,511.146,512.140,502.701,505.516,36247,,,-0.7155,hfq
2020-06-05,507.006,512.637,502.038,508.331,36388,,,0.5569,hfq
2020-06-08,513.133,534.661,510.815,520.751,82980,,,2.4433,hfq
2020-06-09,519.261,571.756,518.598,571.756,146745,,,9.7945,hfq
2020-06-10,606.532,626.735,587.157,603.882,242776,,,5.6188,hfq
2020-06-11,604.048,634.353,598.417,628.391,168159,,,4.0586,hfq
2020-06-12,607.029,623.423,607.029,617.461,97272,,,-1.7394,hfq
2020-06-15,608.519,629.881,606.697,614.149,86764,,,-0.5364,hfq
2020-06-16,620.442,645.117,618.124,637.333,111671,,,3.7750,hfq
2020-06-17,634.518,634.518,615.309,627.563,68694,,,-1.5330,hfq
2020-06-18,625.410,634.849,618.621,626.901,48053,,,-0.1055,hfq
2020-06-19,626.901,650.913,622.264,642.633,88961,,,2.5095,hfq
2020-06-22,642.964,664.161,638.161,641.805,84119,,,-0.1288,hfq
2020-06-23,646.441,662.008,640.314,659.358,72023,,,2.7349,hfq
2020-06-24,648.760,687.841,648.594,656.709,96251,,,-0.4018,hfq
2020-06-29,656.709,669.625,646.773,657.371,64177,,,0.1008,hfq
2020-06-30,657.371,664.657,647.601,657.868,58849,,,0.0756,hfq
2020-07-01,657.371,665.154,620.608,633.690,85694,,,-3.6752,hfq
2020-07-02,648.263,648.594,626.735,630.875,74382,,,-0.4442,hfq
2020-07-03,632.862,639.155,619.945,626.901,70481,,,-0.6299,hfq
2020-07-06,632.531,674.593,632.531,668.963,162319,,,6.7095,hfq
2020-07-07,672.109,699.930,655.881,685.689,127566,,,2.5003,hfq
2020-07-08,684.198,691.816,678.237,687.179,64466,,,0.2173,hfq
2020-07-09,687.179,710.363,681.880,693.637,93614,,,0.9398,hfq
2020-07-10,693.803,698.771,668.963,669.129,90869,,,-3.5333,hfq
2020-07-13,663.664,703.739,663.664,694.797,84605,,,3.8360,hfq
2020-07-14,693.472,703.739,677.077,700.427,91556,,,0.8103,hfq
2020-07-15,698.274,726.592,678.899,710.197,128500,,,1.3949,hfq
2020-07-16,707.051,716.987,644.123,657.205,116665,,,-7.4616,hfq
2020-07-17,655.549,656.543,617.461,629.219,87957,,,-4.2583,hfq
2020-07-20,631.703,635.346,611.003,634.684,51122,,,0.8685,hfq
2020-07-21,645.448,656.377,624.251,632.531,53194,,,-0.3392,hfq
2020-07-22,633.856,668.632,630.544,660.849,73332,,,4.4769,hfq
2020-07-23,654.059,670.619,621.767,636.174,87840,,,-3.7338,hfq
2020-07-24,632.531,645.448,612.493,612.493,59698,,,-3.7224,hfq
2020-07-27,613.487,636.340,601.067,630.378,67402,,,2.9200,hfq
2020-07-28,637.499,643.295,621.105,624.251,33031,,,-0.9720,hfq
2020-07-29,620.773,650.416,620.773,639.817,60366,,,2.4935,hfq
2020-07-30,634.684,640.811,613.984,618.455,59165,,,-3.3388,hfq
2020-07-31,624.085,640.314,613.984,620.111,48890,,,0.2678,hfq
2020-08-03,625.907,643.461,620.277,641.970,72060,,,3.5250,hfq
2020-08-04,640.811,648.263,622.098,625.907,58494,,,-2.5021,hfq
2020-08-05,633.028,635.512,616.799,621.105,54055,,,-0.7672,hfq
2020-08-06,619.614,619.780,599.411,610.672,68959,,,-1.6797,hfq
2020-08-07,615.474,615.474,583.017,589.309,65921,,,-3.4983,hfq
2020-08-10,597.424,612.825,577.883,583.182,81440,,,-1.0397,hfq
2020-08-11,583.348,587.157,569.603,571.590,71329,,,-1.9877,hfq
2020-08-12,566.291,571.093,538.967,555.527,65742,,,-2.8102,hfq
2020-08-13,555.527,565.794,551.387,553.374,36736,,,-0.3876,hfq
2020-08-14,554.865,559.667,548.075,556.852,41617,,,0.6285,hfq
2020-08-17,558.342,564.304,552.381,564.138,65038,,,1.3084,hfq
2020-08-18,563.973,568.278,558.177,566.457,65676,,,0.4111,hfq
2020-08-19,562.648,562.648,544.101,545.094,63192,,,-3.7713,hfq
2020-08-20,539.795,550.725,534.827,546.750,51982,,,0.3038,hfq
2020-08-21,548.903,553.209,540.457,543.935,39609,,,-0.5149,hfq
2020-08-24,548.075,550.725,538.139,545.260,40562,,,0.2436,hfq
2020-08-25,550.062,554.037,540.954,543.273,44619,,,-0.3644,hfq
2020-08-26,543.769,545.591,523.069,526.713,53488,,,-3.0482,hfq
2020-08-27,531.515,571.259,531.515,569.934,122351,,,8.2058,hfq
2020-08-28,568.113,573.412,559.833,569.934,71109,,,0.0000,hfq
2020-08-31,574.571,579.539,552.546,556.355,78405,,,-2.3826,hfq
2020-09-01,559.833,584.507,545.757,580.698,102818,,,4.3754,hfq
2020-09-02,579.539,588.481,572.584,582.520,77378,,,0.3138,hfq
2020-09-03,577.883,593.615,569.934,585.335,79923,,,0.4832,hfq
2020-09-04,574.737,601.895,572.087,593.781,81002,,,1.4429,hfq
2020-09-07,594.112,598.252,583.348,589.144,60034,,,-0.7809,hfq
2020-09-08,583.845,596.761,576.724,581.195,39944,,,-1.3492,hfq
2020-09-09,572.915,586.825,556.852,574.405,48206,,,-1.1683,hfq
2020-09-10,576.061,585.501,563.641,564.635,37392,,,-1.7009,hfq
2020-09-11,561.323,574.074,559.005,566.291,27836,,,0.2933,hfq
2020-09-14,605.207,621.767,604.379,621.767,57240,,,9.7964,hfq
2020-09-15,638.327,642.633,610.341,617.793,110839,,,-0.6391,hfq
2020-09-16,625.907,640.314,612.162,626.238,83015,,,1.3670,hfq
2020-09-17,622.429,627.729,615.805,620.111,42770,,,-0.9784,hfq
2020-09-18,617.296,681.052,615.309,681.052,182258,,,9.8274,hfq
2020-09-21,673.269,676.581,654.887,663.167,78314,,,-2.6261,hfq
2020-09-22,655.384,663.001,636.174,640.811,45223,,,-3.3711,hfq
2020-09-23,644.123,655.549,637.333,650.250,32732,,,1.4730,hfq
2020-09-24,643.129,643.129,624.251,624.251,34440,,,-3.9983,hfq
2020-09-25,626.238,636.671,619.945,631.703,28482,,,1.1938,hfq
2020-09-28,628.391,656.212,628.391,650.085,39246,,,2.9099,hfq
2020-09-29,650.085,657.371,645.448,652.072,23887,,,0.3057,hfq
2020-09-30,652.403,665.485,642.633,645.779,36183,,,-0.9651,hfq
2020-10-09,657.371,697.115,657.371,687.179,64492,,,6.4109,hfq
2020-10-12,687.179,690.657,673.103,690.657,44299,,,0.5061,hfq
2020-10-13,690.822,711.191,681.383,702.414,46441,,,1.7023,hfq
2020-10-14,697.115,697.115,672.275,678.733,47800,,,-3.3714,hfq
2020-10-15,678.071,685.523,662.339,669.791,44601,,,-1.3175,hfq
2020-10-16,673.765,673.765,657.371,660.683,42676,,,-1.3598,hfq
2020-10-19,664.492,669.294,650.085,652.569,29661,,,-1.2281,hfq
2020-10-20,647.601,671.944,645.448,668.135,34876,,,2.3853,hfq
2020-10-21,671.613,672.441,659.027,668.301,27559,,,0.0248,hfq
2020-10-22,667.473,680.721,662.339,668.797,26967,,,0.0742,hfq
2020-10-23,667.307,671.281,636.009,636.174,34800,,,-4.8779,hfq
2020-10-26,635.512,644.123,624.251,637.499,17649,,,0.2083,hfq
2020-10-27,637.168,649.091,624.251,638.327,25263,,,0.1299,hfq
2020-10-28,643.295,693.803,627.894,682.045,48805,,,6.8488,hfq
2020-10-29,673.931,697.777,663.829,689.332,48080,,,1.0684,hfq
2020-10-30,685.523,689.166,621.601,621.601,109354,,,-9.8256,hfq
2020-11-02,615.143,618.621,601.895,607.857,49063,,,-2.2111,hfq
2020-11-03,615.805,637.002,609.181,628.060,52031,,,3.3236,hfq
2020-11-04,627.894,627.894,609.513,619.614,29956,,,-1.3448,hfq
2020-11-05,629.881,629.881,601.233,607.691,83748,,,-1.9243,hfq
2020-11-06,605.373,607.691,563.973,576.227,82857,,,-5.1776,hfq
2020-11-09,582.023,620.939,580.367,611.334,66983,,,6.0926,hfq
2020-11-10,645.448,671.281,632.531,642.798,115500,,,5.1468,hfq
2020-11-11,640.149,640.149,591.131,602.392,72816,,,-6.2860,hfq
2020-11-12,601.564,623.257,597.424,610.506,33892,,,1.3470,hfq
2020-11-13,614.481,621.933,599.411,604.379,24132,,,-1.0036,hfq
2020-11-16,599.411,605.373,592.456,601.233,21776,,,-0.5205,hfq
2020-11-17,601.233,603.220,580.367,592.456,34997,,,-1.4598,hfq
2020-11-18,598.583,598.583,589.475,591.959,24739,,,-0.0839,hfq
2020-11-19,588.316,597.258,584.010,593.615,18788,,,0.2797,hfq
2020-11-20,591.793,595.437,580.698,585.335,30288,,,-1.3948,hfq
2020-11-23,585.997,585.997,559.170,567.450,68260,,,-3.0555,hfq
2020-11-24,566.291,576.061,561.323,574.571,25339,,,1.2549,hfq
2020-11-25,577.883,577.883,564.138,564.469,18015,,,-1.7582,hfq
2020-11-26,562.979,574.240,562.979,565.463,19008,,,0.1761,hfq
2020-11-27,564.469,577.386,560.826,574.902,28377,,,1.6693,hfq
2020-11-30,572.915,576.889,564.304,564.304,34467,,,-1.8434,hfq
2020-12-01,564.304,572.915,561.489,572.915,32423,,,1.5260,hfq
2020-12-02,571.425,575.730,564.635,570.928,27042,,,-0.3468,hfq
2020-12-03,575.068,586.329,571.756,585.169,34998,,,2.4944,hfq
2020-12-04,588.978,594.277,575.730,590.303,27502,,,0.8774,hfq
2020-12-07,594.112,594.112,578.214,581.195,23618,,,-1.5429,hfq
2020-12-08,582.851,590.634,575.565,578.380,22777,,,-0.4843,hfq
2020-12-09,573.743,588.647,573.246,579.208,28772,,,0.1432,hfq
2020-12-10,573.412,579.208,564.801,566.622,21192,,,-2.1730,hfq
2020-12-11,564.966,566.622,537.477,554.699,48994,,,-2.1042,hfq
2020-12-14,549.897,556.355,543.935,547.081,19717,,,-1.3734,hfq
2020-12-15,553.871,558.839,542.279,556.355,20596,,,1.6952,hfq
2020-12-16,556.024,557.349,549.234,550.393,16800,,,-1.0716,hfq
2020-12-17,550.062,553.705,540.457,550.062,16234,,,-0.0601,hfq
2020-12-18,551.221,551.221,527.706,532.343,40473,,,-3.2213,hfq
2020-12-21,533.999,559.501,527.872,551.718,30440,,,3.6396,hfq
2020-12-22,549.069,551.884,524.229,527.541,37898,,,-4.3821,hfq
2020-12-23,531.515,531.515,522.573,531.018,13245,,,0.6591,hfq
2020-12-24,528.865,544.101,522.904,529.197,31748,,,-0.3429,hfq
2020-12-25,528.203,546.916,525.057,543.107,35101,,,2.6285,hfq
2020-12-28,543.107,546.585,508.662,510.815,44604,,,-5.9458,hfq
2020-12-29,515.121,523.069,508.331,517.605,28501,,,1.3292,hfq
2020-12-30,517.605,531.515,513.299,519.095,25122,,,0.2879,hfq
2020-12-31,519.095,528.203,515.783,526.381,21056,,,1.4036,hfq
2021-01-04,524.229,552.712,522.407,543.107,33009,,,3.1775,hfq
2021-01-05,549.069,550.062,519.261,525.885,76989,,,-3.1710,hfq
2021-01-06,527.872,527.872,504.853,509.325,56909,,,-3.1490,hfq
2021-01-07,505.019,513.133,486.969,508.000,61775,,,-0.2601,hfq
2021-01-08,506.013,518.929,498.892,512.471,50477,,,0.8801,hfq
2021-01-11,508.331,528.369,504.522,509.159,72497,,,-0.6463,hfq
2021-01-12,511.643,518.101,497.236,505.847,56597,,,-0.6505,hfq
2021-01-13,505.847,506.013,476.205,483.822,67970,,,-4.3541,hfq
2021-01-14,485.975,519.923,482.994,506.675,71285,,,4.7234,hfq
2021-01-15,513.299,516.114,489.949,497.898,64171,,,-1.7323,hfq
2021-01-18,498.064,532.509,497.236,529.197,86677,,,6.2862,hfq
2021-01-19,525.057,537.311,510.815,513.299,60463,,,-3.0042,hfq
2021-01-20,515.783,521.248,501.873,507.006,44102,,,-1.2260,hfq
2021-01-21,508.497,556.521,508.497,549.731,192541,,,8.4269,hfq
2021-01-22,536.317,546.419,516.445,532.177,126156,,,-3.1932,hfq
2021-01-25,526.878,572.915,514.955,567.285,158632,,,6.5971,hfq
2021-01-26,561.820,573.743,549.897,568.775,72771,,,0.2627,hfq
2021-01-27,558.011,573.743,555.196,571.425,61818,,,0.4659,hfq
2021-01-28,564.138,566.291,533.502,540.126,61651,,,-5.4774,hfq
2021-01-29,543.604,571.756,538.139,565.463,85763,,,4.6909,hfq
2021-02-01,551.387,583.348,548.406,572.915,55987,,,1.3179,hfq
2021-02-02,572.253,584.176,561.820,565.794,38793,,,-1.2429,hfq
2021-02-03,561.323,567.119,551.387,556.355,34885,,,-1.6683,hfq
2021-02-04,554.699,566.457,534.827,559.667,44388,,,0.5953,hfq
2021-02-05,555.196,601.067,554.699,584.507,60416,,,4.4384,hfq
2021-02-08,585.004,604.213,579.705,598.417,39821,,,2.3798,hfq
2021-02-09,594.609,597.755,580.698,587.157,32034,,,-1.8816,hfq
2021-02-10,585.169,592.456,567.947,573.909,32619,,,-2.2563,hfq
2021-02-18,589.144,615.640,586.329,605.538,44729,,,5.5112,hfq
2021-02-19,610.837,615.474,599.411,612.328,33636,,,1.1213,hfq
2021-02-22,607.691,634.849,605.704,629.053,47470,,,2.7314,hfq
2021-02-23,627.563,633.525,593.118,605.704,40254,,,-3.7118,hfq
2021-02-24,607.691,630.047,599.411,623.754,46927,,,2.9800,hfq
2021-02-25,624.417,627.397,597.755,609.347,33382,,,-2.3097,hfq
2021-02-26,591.131,609.016,587.985,593.284,28678,,,-2.6361,hfq
2021-03-01,601.729,609.347,586.825,595.768,20154,,,0.4187,hfq
2021-03-02,601.564,607.691,584.507,587.819,22939,,,-1.3342,hfq
2021-03-03,589.144,611.003,587.819,597.589,25526,,,1.6621,hfq
2021-03-04,591.793,601.067,574.571,576.558,29012,,,-3.5193,hfq
2021-03-05,577.717,584.341,564.304,568.941,22447,,,-1.3211,hfq
2021-03-08,574.571,579.208,552.215,552.215,26047,,,-2.9398,hfq
2021-03-09,546.585,554.368,517.439,546.750,72149,,,-0.9897,hfq
2021-03-10,546.585,550.559,535.821,539.795,28606,,,-1.2721,hfq
2021-03-11,535.324,546.419,528.700,537.477,46309,,,-0.4294,hfq
2021-03-12,537.973,542.445,525.222,541.285,29456,,,0.7085,hfq
2021-03-15,541.782,542.279,521.910,530.356,32913,,,-2.0191,hfq
2021-03-16,532.674,537.973,520.089,527.209,19597,,,-0.5934,hfq
2021-03-17,523.235,532.177,520.917,527.209,16484,,,0.0000,hfq
2021-03-18,533.668,564.138,533.668,540.292,44943,,,2.4816,hfq
2021-03-19,538.801,543.769,521.082,535.821,30156,,,-0.8275,hfq
2021-03-22,543.604,561.985,536.814,558.177,43203,,,4.1723,hfq
2021-03-23,560.826,562.979,540.292,543.107,28717,,,-2.6999,hfq
2021-03-24,541.120,545.260,528.700,533.502,23586,,,-1.7685,hfq
2021-03-25,533.668,537.311,522.573,523.401,22630,,,-1.8933,hfq
2021-03-26,524.560,532.343,520.751,528.700,20524,,,1.0124,hfq
2021-03-29,530.521,534.827,506.344,512.802,43055,,,-3.0070,hfq
2021-03-30,509.656,515.783,502.369,506.344,32714,,,-1.2594,hfq
2021-03-31,504.853,510.981,497.567,500.548,25104,,,-1.1447,hfq
2021-04-01,505.847,506.841,501.873,506.178,14234,,,1.1248,hfq
2021-04-02,506.178,511.312,504.191,506.675,14807,,,0.0982,hfq
2021-04-06,556.024,556.189,524.891,529.362,77847,,,4.4776,hfq
2021-04-07,524.725,524.891,502.866,513.299,65199,,,-3.0344,hfq
2021-04-08,507.669,521.745,506.013,512.637,33150,,,-0.1290,hfq
2021-04-09,512.802,515.286,506.509,512.140,22343,,,-0.0969,hfq
2021-04-12,510.153,512.140,494.752,499.223,34261,,,-2.5222,hfq
2021-04-13,497.567,506.344,492.102,501.045,15090,,,0.3650,hfq
2021-04-14,498.064,519.095,498.064,518.267,29634,,,3.4372,hfq
2021-04-15,514.127,523.235,512.637,518.598,19392,,,0.0639,hfq
2021-04-16,518.598,526.381,515.783,524.891,24052,,,1.2135,hfq
2021-04-19,524.891,537.808,520.751,534.330,29721,,,1.7983,hfq
2021-04-20,533.833,533.999,518.433,519.923,22815,,,-2.6963,hfq
2021-04-21,520.917,522.573,515.121,517.936,15812,,,-0.3822,hfq
2021-04-22,519.426,520.917,509.325,512.802,16138,,,-0.9912,hfq
2021-04-23,503.529,527.375,497.236,521.413,25291,,,1.6792,hfq
2021-04-26,518.267,521.248,503.032,505.019,26990,,,-3.1441,hfq
2021-04-27,504.522,507.503,495.580,497.733,20468,,,-1.4427,hfq
2021-04-28,500.051,500.051,485.809,490.777,30615,,,-1.3975,hfq
2021-04-29,495.911,498.395,479.517,482.001,37707,,,-1.7882,hfq
2021-04-30,484.485,492.765,481.338,484.319,24002,,,0.4809,hfq
2021-05-06,488.956,489.121,477.861,479.682,27572,,,-0.9574,hfq
2021-05-07,483.160,490.943,478.689,486.803,19363,,,1.4845,hfq
2021-05-10,487.631,493.593,482.001,492.599,25528,,,1.1906,hfq
2021-05-11,492.433,525.719,489.618,517.605,59058,,,5.0763,hfq
2021-05-12,515.949,549.234,511.809,545.757,69754,,,5.4389,hfq
2021-05-13,546.088,557.680,544.763,554.037,44751,,,1.5172,hfq
2021-05-14,549.400,562.813,547.413,560.329,37277,,,1.1357,hfq
2021-05-17,566.788,587.819,565.960,581.195,42595,,,3.7239,hfq
2021-05-18,582.851,582.851,566.125,574.405,21573,,,-1.1683,hfq
2021-05-19,574.405,581.692,566.622,574.240,19821,,,-0.0287,hfq
2021-05-20,579.705,579.705,564.801,567.450,35390,,,-1.1824,hfq
2021-05-21,569.769,576.558,553.871,558.839,42660,,,-1.5175,hfq
2021-05-24,558.673,576.724,553.043,568.941,27115,,,1.8077,hfq
2021-05-25,563.310,594.940,563.145,591.959,45629,,,4.0458,hfq
2021-05-26,599.908,610.672,589.806,607.691,44732,,,2.6576,hfq
2021-05-27,599.577,642.633,599.411,630.544,50550,,,3.7606,hfq
2021-05-28,628.060,641.639,612.659,629.053,47115,,,-0.2365,hfq
2021-05-31,627.232,639.817,613.984,620.939,45156,,,-1.2899,hfq
2021-06-01,620.939,637.499,614.812,632.531,25079,,,1.8669,hfq
2021-06-02,631.869,637.333,623.257,629.550,21405,,,-0.4713,hfq
2021-06-03,624.251,637.333,624.251,629.385,21998,,,-0.0262,hfq
2021-06-04,626.404,642.136,622.926,634.021,28293,,,0.7366,hfq
2021-06-07,640.480,650.250,632.697,640.811,37751,,,1.0709,hfq
2021-06-08,641.805,642.467,624.748,637.168,29294,,,-0.5685,hfq
2021-06-09,636.505,659.855,636.505,652.569,43938,,,2.4171,hfq
2021-06-10,652.403,660.021,643.792,651.078,26887,,,-0.2285,hfq
2021-06-11,648.594,651.244,619.117,624.085,61696,,,-4.1459,hfq
2021-06-15,624.417,635.677,617.958,624.913,29668,,,0.1327,hfq
2021-06-16,632.133,653.463,619.846,621.701,62225,,,-0.5140,hfq
2021-06-17,626.337,634.452,612.195,623.092,54396,,,0.2237,hfq
2021-06-18,623.092,634.452,594.344,595.735,64459,,,-4.3905,hfq
2021-06-21,604.545,610.341,589.011,599.676,47349,,,0.6615,hfq
2021-06-22,605.008,609.181,581.361,587.620,49902,,,-2.0104,hfq
2021-06-23,588.316,593.648,580.433,585.997,44763,,,-0.2762,hfq
2021-06-24,591.793,591.793,574.173,577.187,30565,,,-1.5034,hfq
2021-06-25,573.942,584.838,565.595,570.696,55127,,,-1.1246,hfq
2021-06-28,572.551,574.173,560.263,566.986,50649,,,-0.6501,hfq
2021-06-29,573.014,587.157,564.204,578.115,91815,,,1.9628,hfq
2021-06-30,574.405,574.405,553.540,557.249,62493,,,-3.6093,hfq
2021-07-01,560.263,563.277,547.744,549.598,46252,,,-1.3730,hfq
2021-07-02,552.381,552.381,523.401,527.805,90513,,,-3.9653,hfq
2021-07-05,533.601,543.339,528.037,541.716,41032,,,2.6356,hfq
2021-07-06,543.571,544.730,529.197,539.397,40620,,,-0.4281,hfq
2021-07-07,535.456,538.470,530.588,534.761,39037,,,-0.8595,hfq
2021-07-08,536.152,550.062,534.993,538.470,58354,,,0.6936,hfq
2021-07-09,533.833,539.861,522.241,525.255,54409,,,-2.4542,hfq
2021-07-12,528.965,536.847,522.241,534.529,49293,,,1.7656,hfq
2021-07-13,534.297,555.858,527.342,533.370,59577,,,-0.2168,hfq
2021-07-14,529.892,537.775,526.414,528.269,50673,,,-0.9564,hfq
2021-07-15,530.356,530.819,517.836,518.996,39292,,,-1.7554,hfq
2021-07-16,519.923,526.646,510.881,511.809,39132,,,-1.3848,hfq
2021-07-19,512.040,516.909,504.853,510.417,32893,,,-0.2720,hfq
2021-07-20,510.649,516.677,500.448,515.286,34233,,,0.9539,hfq
2021-07-21,515.750,533.138,512.040,531.515,71222,,,3.1495,hfq
2021-07-22,531.515,537.079,522.241,524.096,45094,,,-1.3958,hfq
2021-07-23,520.155,523.864,502.535,502.999,62778,,,-4.0254,hfq
2021-07-26,505.085,512.272,496.739,499.521,43943,,,-0.6915,hfq
2021-07-27,502.999,511.577,493.029,493.957,46645,,,-1.1139,hfq
2021-07-28,494.189,494.189,476.105,479.583,53626,,,-2.9100,hfq
2021-07-29,486.306,488.393,473.555,484.915,46719,,,1.1118,hfq
2021-07-30,486.306,499.521,474.946,480.510,70406,,,-0.9084,hfq
2021-08-02,482.829,494.884,471.237,493.029,70903,,,2.6054,hfq
2021-08-03,491.870,505.549,488.856,490.479,56134,,,-0.5172,hfq
2021-08-04,487.465,495.116,483.292,486.306,67034,,,-0.8508,hfq
2021-08-05,483.756,483.756,467.991,472.164,81688,,,-2.9080,hfq
2021-08-06,471.932,471.932,447.589,454.544,108569,,,-3.7318,hfq
2021-08-09,454.312,473.787,449.907,473.323,81416,,,4.1314,hfq
2021-08-10,470.077,470.077,458.485,466.136,70381,,,-1.5184,hfq
2021-08-11,468.223,470.077,458.485,460.108,69457,,,-1.2932,hfq
2021-08-12,461.963,469.614,459.876,460.108,44714,,,0.0000,hfq
2021-08-13,460.108,461.731,445.039,448.980,74065,,,-2.4186,hfq
2021-08-16,448.980,453.617,445.039,448.748,46869,,,-0.0517,hfq
2021-08-17,448.516,448.748,431.360,432.519,70628,,,-3.6165,hfq
2021-08-18,432.519,439.706,431.360,437.620,52151,,,1.1794,hfq
2021-08-19,434.838,441.329,433.215,434.606,30744,,,-0.6887,hfq
2021-08-20,432.983,439.011,422.782,425.332,56050,,,-2.1339,hfq
2021-08-23,424.869,437.620,422.550,435.069,45275,,,2.2893,hfq
2021-08-24,434.374,438.547,431.824,433.215,35160,,,-0.4261,hfq
2021-08-25,433.215,442.025,427.187,429.273,55053,,,-0.9099,hfq
2021-08-26,427.187,435.997,421.159,423.014,60893,,,-1.4580,hfq
2021-08-27,423.014,428.578,407.017,413.045,99313,,,-2.3567,hfq
2021-08-30,410.726,423.246,410.263,419.768,83120,,,1.6277,hfq
2021-08-31,419.768,421.391,399.830,408.176,89399,,,-2.7615,hfq
2021-09-01,412.813,420.927,399.830,416.522,78524,,,2.0447,hfq
2021-09-02,417.218,425.796,404.698,421.623,108257,,,1.2247,hfq
2021-09-03,421.623,462.658,419.304,462.658,214706,,,9.7326,hfq
2021-09-06,468.686,468.686,444.575,455.703,168087,,,-1.5033,hfq
2021-09-07,453.385,454.544,446.198,451.762,85566,,,-0.8648,hfq
2021-09-08,450.371,458.022,443.184,444.111,100961,,,-1.6936,hfq
2021-09-09,444.575,449.907,438.315,444.111,84961,,,0.0000,hfq
2021-09-10,445.502,448.516,437.156,438.779,67942,,,-1.2006,hfq
2021-09-13,436.461,444.575,420.695,423.709,106271,,,-3.4345,hfq
2021-09-14,424.869,437.156,422.086,425.796,70593,,,0.4926,hfq
2021-09-15,425.796,426.260,412.581,417.450,68161,,,-1.9601,hfq
2021-09-16,416.754,424.173,409.567,422.318,61727,,,1.1661,hfq
2021-09-17,463.354,463.354,463.354,463.354,51843,,,9.7168,hfq
2021-09-22,508.563,508.563,508.563,508.563,34170,,,9.7569,hfq
2021-09-23,544.962,558.177,533.833,558.177,332818,,,9.7557,hfq
2021-09-24,558.408,612.891,545.889,612.891,432819,,,9.8023,hfq
2021-09-27,614.977,672.937,581.361,649.753,437552,,,6.0144,hfq
2021-09-28,641.175,648.594,616.137,622.628,212682,,,-4.1747,hfq
2021-09-29,628.888,630.279,591.793,617.528,149662,,,-0.8191,hfq
2021-09-30,626.569,632.133,594.575,602.922,177032,,,-2.3652,hfq
2021-10-08,613.586,636.538,598.749,628.424,152921,,,4.2297,hfq
2021-10-11,610.804,632.829,599.908,614.745,91590,,,-2.1767,hfq
2021-10-12,614.977,614.977,582.520,590.170,95144,,,-3.9976,hfq
2021-10-13,591.098,601.299,570.928,600.603,86477,,,1.7678,hfq
2021-10-14,589.707,609.181,580.433,609.181,61164,,,1.4282,hfq
2021-10-15,603.385,605.472,583.679,596.198,68188,,,-2.1312,hfq
2021-10-18,597.126,598.749,580.201,590.402,67118,,,-0.9722,hfq
2021-10-19,584.838,599.908,579.738,584.143,82671,,,-1.0601,hfq
2021-10-20,585.070,598.517,573.246,582.520,94803,,,-0.2778,hfq
2021-10-21,585.534,589.011,566.755,574.637,62132,,,-1.3533,hfq
2021-10-22,574.869,577.187,556.322,560.031,81871,,,-2.5418,hfq
2021-10-25,557.713,561.190,540.789,556.090,76946,,,-0.7037,hfq
2021-10-26,551.685,556.090,536.615,547.744,90222,,,-1.5008,hfq
2021-10-27,550.294,557.713,542.643,548.207,63170,,,0.0845,hfq
2021-10-28,551.917,561.654,530.356,539.166,79888,,,-1.6492,hfq
2021-10-29,524.792,563.277,516.213,561.190,121801,,,4.0848,hfq
2021-11-01,556.090,557.017,525.023,540.325,118157,,,-3.7180,hfq
2021-11-02,536.615,551.221,527.574,543.107,74491,,,0.5149,hfq
2021-11-03,547.280,585.534,534.065,580.433,119963,,,6.8727,hfq
2021-11-04,577.187,577.187,543.107,566.291,122023,,,-2.4365,hfq
2021-11-05,582.752,594.344,563.045,573.478,125352,,,1.2691,hfq
2021-11-08,580.201,621.933,569.769,603.617,177407,,,5.2555,hfq
2021-11-09,595.966,617.296,581.361,594.344,89502,,,-1.5362,hfq
2021-11-10,588.779,615.673,583.911,614.514,101443,,,3.3937,hfq
2021-11-11,614.050,627.729,606.167,610.109,75088,,,-0.7168,hfq
2021-11-12,620.310,620.541,591.793,599.908,84650,,,-1.6720,hfq
2021-11-15,594.807,609.877,594.807,606.863,51772,,,1.1593,hfq
2021-11-16,611.500,614.514,592.953,598.053,33336,,,-1.4517,hfq
2021-11-17,599.676,650.913,583.679,649.058,84474,,,8.5285,hfq
2021-11-18,646.508,647.899,621.933,638.161,52361,,,-1.6789,hfq
2021-11-19,632.133,689.630,629.120,679.197,88321,,,6.4304,hfq
2021-11-22,672.937,703.077,661.577,692.644,72880,,,1.9798,hfq
2021-11-23,678.270,707.713,675.256,693.571,45401,,,0.1338,hfq
2021-11-24,697.049,713.973,672.937,686.848,50433,,,-0.9693,hfq
2021-11-25,683.138,744.576,660.882,705.395,65638,,,2.7003,hfq
2021-11-26,693.803,721.624,636.075,704.931,76163,,,-0.0658,hfq
2021-11-29,684.066,703.772,657.404,677.806,62411,,,-3.8479,hfq
2021-11-30,677.574,709.800,665.055,669.692,54183,,,-1.1971,hfq
2021-12-01,673.401,673.401,643.957,662.273,61998,,,-1.1078,hfq
2021-12-02,661.345,667.141,633.525,634.916,50861,,,-4.1308,hfq
2021-12-03,638.161,643.030,617.296,631.206,77216,,,-0.5843,hfq
2021-12-06,624.251,634.452,608.022,621.701,41906,,,-1.5058,hfq
2021-12-07,624.946,631.670,615.209,621.237,39480,,,-0.0746,hfq
2021-12-08,621.237,656.709,618.455,643.957,54963,,,3.6572,hfq
2021-12-09,645.580,707.250,637.234,704.236,94128,,,9.3607,hfq
2021-12-10,700.294,700.294,665.055,669.692,95540,,,-4.9052,hfq
2021-12-13,663.896,676.183,659.027,662.041,46883,,,-1.1425,hfq
2021-12-14,669.692,704.931,660.186,691.485,73698,,,4.4475,hfq
2021-12-15,687.080,687.080,656.709,662.736,49549,,,-4.1576,hfq
2021-12-16,660.186,680.820,653.231,677.342,37512,,,2.2039,hfq
2021-12-17,676.647,687.775,663.664,675.256,36004,,,-0.3080,hfq
2021-12-20,669.923,687.775,665.982,678.733,34405,,,0.5149,hfq
2021-12-21,676.415,701.685,665.750,691.253,46837,,,1.8446,hfq
2021-12-22,690.325,714.437,664.359,673.169,55411,,,-2.6161,hfq
2021-12-23,673.169,681.747,656.709,675.024,32417,,,0.2756,hfq
2021-12-24,671.778,712.582,661.345,700.758,59863,,,3.8123,hfq
2021-12-27,707.250,735.302,666.446,666.446,67659,,,-4.8964,hfq
2021-12-28,670.619,705.395,665.518,696.121,49370,,,4.4527,hfq
2021-12-29,693.803,693.803,650.681,660.882,57866,,,-5.0622,hfq
2021-12-30,661.113,682.211,658.100,675.256,44273,,,2.1750,hfq
2021-12-31,676.879,686.384,661.345,678.501,45632,,,0.4806,hfq
2022-01-04,688.239,688.239,652.767,675.256,52332,,,-0.4783,hfq
2022-01-05,678.501,679.661,646.276,646.739,53041,,,-4.2231,hfq
2022-01-06,643.030,651.144,636.307,643.494,48100,,,-0.5017,hfq
2022-01-07,640.016,650.913,628.656,633.061,33581,,,-1.6213,hfq
2022-01-10,633.293,641.639,614.050,635.379,30712,,,0.3662,hfq
2022-01-11,634.684,644.189,630.511,633.988,36470,,,-0.2189,hfq
2022-01-12,633.988,657.404,633.988,647.435,33185,,,2.1210,hfq
2022-01-13,647.203,652.535,637.234,642.798,16214,,,-0.7162,hfq
2022-01-14,638.161,646.739,628.888,637.466,23339,,,-0.8295,hfq
2022-01-17,633.061,661.113,633.061,659.027,43721,,,3.3823,hfq
2022-01-18,657.172,665.518,651.144,656.013,25001,,,-0.4573,hfq
2022-01-19,651.840,665.055,649.985,659.027,19956,,,0.4594,hfq
2022-01-20,661.577,710.032,653.463,695.889,86043,,,5.5934,hfq
2022-01-21,700.294,723.710,689.166,701.917,65055,,,0.8662,hfq
2022-01-24,697.512,771.006,690.093,771.006,110566,,,9.8429,hfq
2022-01-25,772.629,788.857,756.400,777.497,73708,,,0.8419,hfq
2022-01-26,769.383,771.006,731.129,748.517,68084,,,-3.7273,hfq
2022-01-27,759.645,784.916,733.216,744.112,87603,,,-0.5885,hfq
2022-01-28,761.500,766.137,735.534,745.503,47255,,,0.1869,hfq
2022-02-07,698.903,752.690,698.903,736.693,84040,,,-1.1818,hfq
2022-02-08,743.417,743.417,668.301,678.733,79852,,,-7.8676,hfq
2022-02-09,684.066,697.281,656.709,668.301,68728,,,-1.5370,hfq
2022-02-10,662.273,667.141,603.385,622.628,113478,,,-6.8342,hfq
2022-02-11,614.977,617.296,597.126,600.603,50543,,,-3.5374,hfq
2022-02-14,597.126,600.603,576.724,580.201,53928,,,-3.3969,hfq
2022-02-15,582.056,612.891,580.665,607.558,73720,,,4.7151,hfq
2022-02-16,610.341,615.905,597.589,602.226,41313,,,-0.8776,hfq
2022-02-17,602.226,605.008,582.520,585.997,45850,,,-2.6948,hfq
2022-02-18,585.997,600.140,580.433,595.039,30064,,,1.5430,hfq
2022-02-21,593.184,601.762,591.330,595.735,29408,,,0.1170,hfq
2022-02-22,591.793,592.721,567.450,577.883,52238,,,-2.9966,hfq
2022-02-23,576.028,585.302,572.319,579.738,51810,,,0.3210,hfq
2022-02-24,574.405,576.028,541.252,550.989,91330,,,-4.9590,hfq
2022-02-25,551.221,568.609,551.221,561.654,43952,,,1.9356,hfq
2022-02-28,560.031,571.391,560.031,567.218,27744,,,0.9906,hfq
2022-03-01,559.336,571.623,559.336,560.727,20410,,,-1.1444,hfq
2022-03-02,557.249,560.727,553.076,553.772,25872,,,-1.2404,hfq
2022-03-03,558.872,559.336,544.730,547.048,22063,,,-1.2142,hfq
2022-03-04,543.339,550.526,532.906,539.861,37774,,,-1.3138,hfq
2022-03-07,536.847,536.847,516.909,520.387,29597,,,-3.6072,hfq
2022-03-08,518.996,526.878,503.694,503.694,38218,,,-3.2078,hfq
2022-03-09,503.694,513.200,490.943,511.345,52274,,,1.5190,hfq
2022-03-10,518.300,532.210,512.504,521.778,44131,,,2.0403,hfq
2022-03-11,518.764,526.646,502.071,521.314,29811,,,-0.0889,hfq
2022-03-14,521.314,522.009,503.694,503.694,31238,,,-3.3799,hfq
2022-03-15,503.230,512.040,487.465,489.552,42903,,,-2.8077,hfq
2022-03-16,494.189,506.013,471.700,501.144,51243,,,2.3679,hfq
2022-03-17,514.822,535.688,501.144,527.574,65083,,,5.2739,hfq
2022-03-18,528.037,533.833,513.431,520.387,30756,,,-1.3623,hfq
2022-03-21,519.459,529.197,503.926,516.677,47681,,,-0.7129,hfq
2022-03-22,516.909,517.605,506.244,512.272,23092,,,-0.8526,hfq
2022-03-23,510.881,514.127,501.376,505.317,26063,,,-1.3577,hfq
2022-03-24,499.985,500.912,487.697,493.957,31875,,,-2.2481,hfq
2022-03-25,503.462,503.694,482.829,485.379,23910,,,-1.7366,hfq
2022-03-28,484.220,488.856,472.859,480.510,33501,,,-1.0031,hfq
2022-03-29,478.655,484.220,465.441,466.600,31617,,,-2.8948,hfq
2022-03-30,471.237,490.016,470.541,489.552,28497,,,4.9190,hfq
2022-03-31,489.552,489.784,472.164,473.555,31035,,,-3.2677,hfq
2022-04-01,471.005,498.594,469.614,489.320,49122,,,3.3291,hfq
2022-04-06,489.552,492.566,471.932,475.178,41753,,,-2.8901,hfq
2022-04-07,471.005,476.569,459.645,459.645,26225,,,-3.2689,hfq
2022-04-08,459.181,466.600,449.907,458.485,20966,,,-0.2524,hfq
2022-04-11,457.094,461.731,441.097,441.561,35758,,,-3.6913,hfq
2022-04-12,445.502,460.108,434.142,459.876,30215,,,4.1478,hfq
2022-04-13,462.427,462.427,444.575,446.661,20501,,,-2.8736,hfq
2022-04-14,449.212,452.457,440.634,444.343,27266,,,-0.5190,hfq
2022-04-15,443.648,443.648,430.665,435.069,24563,,,-2.0871,hfq
2022-04-18,435.765,443.879,422.550,441.793,26102,,,1.5455,hfq
2022-04-19,441.793,466.136,435.997,440.170,50966,,,-0.3674,hfq
2022-04-20,443.184,448.053,432.287,432.751,26855,,,-1.6855,hfq
2022-04-21,431.824,440.865,420.927,422.550,30271,,,-2.3572,hfq
2022-04-22,422.782,424.405,410.726,416.754,28224,,,-1.3717,hfq
2022-04-25,415.595,416.290,392.179,392.179,38301,,,-5.8968,hfq
2022-04-26,393.106,400.525,379.428,379.660,31979,,,-3.1922,hfq
2022-04-27,377.341,395.889,371.313,394.961,30391,,,4.0302,hfq
2022-04-28,390.556,395.657,380.819,389.397,25626,,,-1.4087,hfq
2022-04-29,394.729,427.187,390.324,427.187,54999,,,9.7047,hfq
2022-05-05,425.796,445.270,419.304,423.246,50984,,,-0.9225,hfq
2022-05-06,419.768,428.810,411.654,420.232,28752,,,-0.7121,hfq
2022-05-09,420.000,424.637,413.740,423.014,20040,,,0.6620,hfq
2022-05-10,420.232,447.589,417.913,445.734,58206,,,5.3710,hfq
2022-05-11,446.893,486.538,440.170,475.641,80213,,,6.7096,hfq
2022-05-12,471.468,481.437,466.136,480.510,41979,,,1.0237,hfq
2022-05-13,480.510,483.292,465.441,467.063,32923,,,-2.7985,hfq
2022-05-16,474.946,477.264,459.876,468.686,29014,,,0.3475,hfq
2022-05-17,468.918,471.005,460.804,464.513,21159,,,-0.8904,hfq
2022-05-18,469.614,472.859,454.544,456.399,40027,,,-1.7468,hfq
2022-05-19,458.717,458.717,446.198,455.240,24023,,,-0.2539,hfq
2022-05-20,454.544,472.859,452.689,459.645,41776,,,0.9676,hfq
2022-05-23,463.586,463.586,447.589,453.153,26716,,,-1.4124,hfq
2022-05-24,452.921,453.153,427.651,427.882,41651,,,-5.5767,hfq
2022-05-25,428.346,448.516,426.955,443.416,27586,,,3.6304,hfq
2022-05-26,445.966,463.122,439.011,458.949,42660,,,3.5030,hfq
2022-05-27,459.181,469.614,451.762,455.935,32688,,,-0.6567,hfq
2022-05-30,457.558,487.233,455.471,484.915,64138,,,6.3562,hfq
2022-05-31,484.915,490.943,476.337,487.929,47596,,,0.6216,hfq
2022-06-01,491.870,491.870,471.237,472.628,38592,,,-3.1359,hfq
2022-06-02,472.628,483.988,468.223,480.510,33859,,,1.6677,hfq
2022-06-06,477.264,501.376,472.859,496.507,44821,,,3.3292,hfq
2022-06-07,500.217,500.217,487.697,495.580,29885,,,-0.1867,hfq
2022-06-08,501.376,518.254,496.507,512.411,72899,,,3.3962,hfq
2022-06-09,514.359,517.929,498.455,503.648,45991,,,-1.7102,hfq
2022-06-10,511.438,511.438,492.937,501.376,67235,,,-0.4511,hfq
2022-06-13,493.261,499.428,483.524,491.314,49998,,,-2.0069,hfq
2022-06-14,486.445,486.445,465.672,479.629,72271,,,-2.3783,hfq
2022-06-15,480.927,508.841,478.655,496.507,82708,,,3.5190,hfq
2022-06-16,494.560,502.349,483.524,487.744,62678,,,-1.7649,hfq
2022-06-17,484.498,495.209,468.918,489.691,64057,,,0.3992,hfq
2022-06-20,492.612,501.051,486.770,489.042,38693,,,-0.1325,hfq
2022-06-21,487.094,493.261,477.033,483.199,46899,,,-1.1948,hfq
2022-06-22,482.875,482.875,460.155,462.427,66911,,,-4.2988,hfq
2022-06-23,462.751,473.787,456.584,472.164,62837,,,2.1056,hfq
2022-06-24,475.410,516.631,473.138,507.867,140725,,,7.5616,hfq
2022-06-27,516.955,518.903,496.182,501.700,108714,,,-1.2143,hfq
2022-06-28,502.349,512.736,486.121,511.762,94415,,,2.0056,hfq
2022-06-29,525.719,561.747,515.982,544.220,334792,,,6.3424,hfq
2022-06-30,544.220,548.439,508.192,527.991,235188,,,-2.9821,hfq
2022-07-01,520.850,525.394,493.261,500.077,136056,,,-5.2868,hfq
2022-07-04,502.349,508.516,487.744,504.621,62812,,,0.9087,hfq
2022-07-05,502.349,506.569,487.094,492.288,60638,,,-2.4440,hfq
2022-07-06,493.261,500.077,484.822,493.261,43427,,,0.1976,hfq
2022-07-07,489.366,494.884,476.708,479.954,59277,,,-2.6978,hfq
2022-07-08,483.199,485.471,476.059,476.059,51940,,,-0.8115,hfq
2022-07-11,475.085,479.629,465.348,474.760,49721,,,-0.2729,hfq
2022-07-12,477.033,478.331,467.944,475.085,30071,,,0.0685,hfq
2022-07-13,475.085,479.305,470.541,477.033,30934,,,0.4100,hfq
2022-07-14,476.059,492.288,471.190,482.875,45041,,,1.2247,hfq
2022-07-15,481.577,489.366,467.620,468.594,73177,,,-2.9575,hfq
2022-07-18,468.918,485.471,465.023,477.033,42683,,,1.8009,hfq
2022-07-19,476.708,490.016,472.813,482.550,38069,,,1.1565,hfq
2022-07-20,482.875,499.428,482.875,489.366,66189,,,1.4125,hfq
2022-07-21,489.042,494.884,478.655,478.980,48976,,,-2.1223,hfq
2022-07-22,478.980,482.875,465.023,469.243,67955,,,-2.0329,hfq
2022-07-25,469.243,471.839,464.049,469.567,32243,,,0.0690,hfq
2022-07-26,478.980,502.999,472.164,492.937,113667,,,4.9769,hfq
2022-07-27,492.937,494.884,471.190,481.252,99879,,,-2.3705,hfq
2022-07-28,480.278,480.278,473.138,476.383,53576,,,-1.0117,hfq
2022-07-29,476.708,477.682,471.190,474.760,36204,,,-0.3407,hfq
2022-08-01,474.760,475.085,467.944,468.594,40377,,,-1.2988,hfq
2022-08-02,467.295,467.295,431.267,449.444,107693,,,-4.0867,hfq
2022-08-03,444.250,455.935,443.277,443.926,52134,,,-1.2277,hfq
2022-08-04,447.496,450.417,434.838,443.277,31648,,,-0.1462,hfq
2022-08-05,446.198,465.672,439.057,464.699,77590,,,4.8326,hfq
2022-08-08,462.102,471.839,458.532,469.243,43014,,,0.9778,hfq
2022-08-09,466.971,471.515,456.584,460.804,40500,,,-1.7984,hfq
2022-08-10,462.102,463.076,451.066,453.014,46927,,,-1.6905,hfq
2022-08-11,456.260,461.777,453.338,459.181,45477,,,1.3613,hfq
2022-08-12,460.155,472.164,452.689,462.427,65290,,,0.7069,hfq
2022-08-15,461.453,461.453,451.716,453.014,47238,,,-2.0356,hfq
2022-08-16,453.338,455.610,441.329,442.952,75289,,,-2.2211,hfq
2022-08-17,443.601,444.575,435.487,442.303,54933,,,-0.1465,hfq
2022-08-18,442.952,443.277,433.215,435.487,52330,,,-1.5410,hfq
2022-08-19,435.811,447.172,430.943,431.916,64210,,,-0.8200,hfq
2022-08-22,431.592,441.329,421.855,440.355,48586,,,1.9539,hfq
2022-08-23,439.057,440.355,435.811,437.434,23800,,,-0.6633,hfq
2022-08-24,436.136,437.110,423.477,423.477,51311,,,-3.1907,hfq
2022-08-25,423.477,426.723,410.819,416.012,53334,,,-1.7628,hfq
2022-08-26,416.661,420.232,415.363,416.986,27837,,,0.2341,hfq
2022-08-29,414.714,426.723,411.468,425.100,40453,,,1.9459,hfq
2022-08-30,424.451,430.618,420.556,426.074,30230,,,0.2291,hfq
2022-08-31,422.179,437.434,418.609,435.811,68692,,,2.2853,hfq
2022-09-01,434.838,454.312,431.916,452.689,98961,,,3.8728,hfq
2022-09-02,448.470,460.155,447.821,448.794,69996,,,-0.8604,hfq
2022-09-05,445.549,451.391,434.838,438.733,42256,,,-2.2418,hfq
2022-09-06,457.558,470.866,451.066,460.155,102656,,,4.8827,hfq
2022-09-07,456.584,462.427,448.145,458.532,59617,,,-0.3527,hfq
2022-09-08,460.479,474.760,455.610,472.813,91299,,,3.1145,hfq
2022-09-09,472.813,483.199,468.918,477.033,65042,,,0.8925,hfq
2022-09-13,477.682,484.498,464.374,466.321,59394,,,-2.2455,hfq
2022-09-14,459.181,483.524,457.558,483.199,83961,,,3.6194,hfq
2022-09-15,482.875,482.875,467.295,472.488,66905,,,-2.2167,hfq
2022-09-16,472.813,482.226,461.128,464.699,75987,,,-1.6485,hfq
2022-09-19,464.699,464.699,447.821,455.286,79092,,,-2.0256,hfq
2022-09-20,457.558,459.830,438.083,441.978,59973,,,-2.9230,hfq
2022-09-21,440.680,461.777,432.241,456.584,75541,,,3.3047,hfq
2022-09-22,453.014,465.672,451.391,452.040,54374,,,-0.9952,hfq
2022-09-23,454.312,459.830,435.162,437.759,52683,,,-3.1592,hfq
2022-09-26,435.162,436.461,422.504,422.828,53295,,,-3.4108,hfq
2022-09-27,423.153,434.838,412.766,431.592,93018,,,2.0727,hfq
2022-09-28,428.346,439.706,413.740,414.714,76890,,,-3.9106,hfq
2022-09-29,421.205,428.346,412.117,415.038,48077,,,0.0781,hfq
2022-09-30,415.038,419.907,410.170,414.389,42465,,,-0.1564,hfq
2022-10-10,414.065,414.714,389.722,390.371,71498,,,-5.7960,hfq
2022-10-11,389.722,392.318,377.063,383.230,64450,,,-1.8293,hfq
2022-10-12,384.528,398.485,377.388,395.889,80830,,,3.3032,hfq
2022-10-13,395.889,404.652,392.643,400.108,89141,,,1.0657,hfq
2022-10-14,402.055,406.275,396.862,399.459,89689,,,-0.1622,hfq
2022-10-17,394.266,412.117,392.643,407.573,78685,,,2.0312,hfq
2022-10-18,405.626,413.091,403.678,408.547,65002,,,0.2390,hfq
2022-10-19,408.872,411.468,399.459,404.003,45634,,,-1.1122,hfq
2022-10-20,403.354,419.907,397.836,411.144,76108,,,1.7676,hfq
2022-10-21,410.819,422.179,406.275,416.986,50970,,,1.4209,hfq
2022-10-24,416.986,428.022,406.275,409.521,53480,,,-1.7902,hfq
2022-10-25,405.626,414.389,400.108,405.626,58430,,,-0.9511,hfq
2022-10-26,402.705,433.215,402.705,429.320,134096,,,5.8413,hfq
2022-10-27,433.215,443.601,424.776,441.329,86553,,,2.7972,hfq
2022-10-28,435.811,446.198,418.284,423.802,80501,,,-3.9714,hfq
2022-10-31,414.389,432.566,413.740,423.153,83722,,,-0.1531,hfq
2022-11-01,423.153,457.558,419.583,456.584,130967,,,7.9005,hfq
2022-11-02,458.207,499.428,446.198,495.533,302712,,,8.5305,hfq
2022-11-03,491.314,492.937,450.093,456.260,188008,,,-7.9254,hfq
2022-11-04,456.584,500.727,453.338,500.727,252098,,,9.7460,hfq
2022-11-07,498.130,498.130,482.550,490.016,207068,,,-2.1391,hfq
2022-11-08,484.822,489.691,469.892,474.111,169759,,,-3.2458,hfq
2022-11-09,474.760,489.691,465.672,477.033,130780,,,0.6163,hfq
2022-11-10,473.787,522.473,468.918,504.297,225705,,,5.7153,hfq
2022-11-11,537.079,553.308,515.982,520.850,377201,,,3.2824,hfq
2022-11-14,515.657,520.850,494.884,496.832,153792,,,-4.6113,hfq
2022-11-15,495.533,521.175,493.586,504.621,126645,,,1.5677,hfq
2022-11-16,499.104,525.719,498.130,522.149,127103,,,3.4735,hfq
2022-11-17,514.683,540.649,505.595,533.833,128276,,,2.2377,hfq
2022-11-18,533.184,542.272,519.552,523.122,147191,,,-2.0064,hfq
2022-11-21,519.227,523.122,487.744,494.235,145463,,,-5.5220,hfq
2022-11-22,490.016,500.727,470.866,473.462,186047,,,-4.2031,hfq
2022-11-23,473.138,477.682,464.049,473.138,75782,,,-0.0684,hfq
2022-11-24,472.488,475.734,460.804,464.049,75523,,,-1.9210,hfq
2022-11-25,460.804,465.348,452.040,454.637,58716,,,-2.0282,hfq
2022-11-28,448.794,454.637,443.926,454.312,56230,,,-0.0715,hfq
2022-11-29,454.312,498.455,452.689,498.455,221037,,,9.7165,hfq
2022-11-30,481.901,502.999,481.901,494.560,189079,,,-0.7814,hfq
2022-12-01,507.218,515.982,493.910,506.244,165465,,,2.3625,hfq
2022-12-02,506.893,514.034,495.209,497.481,101645,,,-1.7310,hfq
2022-12-05,504.297,514.034,491.638,499.104,126782,,,0.3262,hfq
2022-12-06,497.156,519.227,493.261,506.893,119567,,,1.5606,hfq
2022-12-07,504.621,525.719,500.402,512.087,125118,,,1.0247,hfq
2022-12-08,512.736,514.683,490.989,501.376,128089,,,-2.0916,hfq
2022-12-09,497.481,502.025,489.366,494.235,64572,,,-1.4243,hfq
2022-12-12,492.937,507.543,489.366,493.261,65144,,,-0.1971,hfq
2022-12-13,491.963,502.674,482.875,484.822,77308,,,-1.7109,hfq
2022-12-14,491.963,512.411,483.849,506.244,147806,,,4.4185,hfq
2022-12-15,499.753,509.490,495.858,495.858,73659,,,-2.0516,hfq
2022-12-16,488.393,502.674,488.393,498.130,59548,,,0.4582,hfq
2022-12-19,496.507,502.999,484.173,485.796,45768,,,-2.4761,hfq
2022-12-20,484.822,491.638,473.787,473.787,39332,,,-2.4720,hfq
2022-12-21,472.488,480.927,466.646,471.839,47665,,,-0.4112,hfq
2022-12-22,477.682,486.445,468.269,472.813,44549,,,0.2064,hfq
2022-12-23,468.918,489.042,468.918,482.226,45759,,,1.9909,hfq
2022-12-26,485.471,504.297,481.901,500.402,70602,,,3.7692,hfq
2022-12-27,509.490,510.139,490.989,499.104,57051,,,-0.2594,hfq
2022-12-28,500.727,506.244,491.638,495.858,41649,,,-0.6504,hfq
2022-12-29,493.261,507.218,490.016,496.832,63124,,,0.1964,hfq
2022-12-30,499.753,508.841,498.779,499.428,45474,,,0.5225,hfq
2023-01-03,498.130,516.631,496.832,512.411,76128,,,2.5996,hfq
2023-01-04,512.411,527.342,508.192,519.877,91974,,,1.4570,hfq
2023-01-05,515.332,522.798,511.113,515.008,60661,,,-0.9366,hfq
2023-01-06,514.359,516.306,502.999,504.946,57690,,,-1.9538,hfq
2023-01-09,505.271,514.359,502.349,505.271,47134,,,0.0644,hfq
2023-01-10,504.621,515.982,500.402,511.438,52566,,,1.2205,hfq
2023-01-11,511.438,511.438,498.130,498.455,38491,,,-2.5385,hfq
2023-01-12,498.455,507.218,493.910,502.674,37767,,,0.8464,hfq
2023-01-13,498.779,525.394,494.884,520.201,87942,,,3.4868,hfq
2023-01-16,525.394,534.807,516.631,521.824,89712,,,0.3120,hfq
2023-01-17,522.149,525.394,511.438,515.657,41038,,,-1.1818,hfq
2023-01-18,515.657,537.079,511.438,525.719,70987,,,1.9513,hfq
2023-01-19,525.719,558.177,518.578,551.685,115364,,,4.9391,hfq
2023-01-20,548.764,576.028,546.816,572.782,107727,,,3.8241,hfq
2023-01-30,579.599,606.214,575.704,599.722,190590,,,4.7034,hfq
2023-01-31,586.739,587.064,564.993,567.589,111668,,,-5.3580,hfq
2023-02-01,567.589,570.510,548.439,566.615,130835,,,-0.1716,hfq
2023-02-02,566.615,566.940,551.685,564.019,90982,,,-0.4582,hfq
2023-02-03,560.773,594.854,557.203,592.582,117423,,,5.0642,hfq
2023-02-06,580.897,589.985,572.782,576.677,90755,,,-2.6840,hfq
2023-02-07,577.651,579.599,551.360,553.308,116026,,,-4.0524,hfq
2023-02-08,556.554,556.554,544.544,546.492,63773,,,-1.2319,hfq
2023-02-09,546.492,556.554,536.105,553.308,70899,,,1.2472,hfq
2023-02-10,553.632,562.721,546.816,559.475,81307,,,1.1146,hfq
2023-02-13,557.527,598.749,553.957,592.906,159386,,,5.9754,hfq
2023-02-14,593.231,597.126,581.871,582.844,71394,,,-1.6971,hfq
2023-02-15,590.310,597.126,582.195,584.143,58223,,,0.2229,hfq
2023-02-16,583.169,589.985,561.098,566.615,73208,,,-3.0006,hfq
2023-02-17,572.133,575.704,548.115,548.115,65766,,,-3.2650,hfq
2023-02-20,549.088,570.186,545.518,564.019,55142,,,2.9016,hfq
2023-02-21,564.019,569.861,553.957,558.826,41309,,,-0.9207,hfq
2023-02-22,554.931,567.589,552.334,561.422,25289,,,0.4645,hfq
2023-02-23,556.554,562.396,549.413,553.632,26956,,,-1.3875,hfq
2023-02-24,553.957,561.422,550.062,552.334,52497,,,-0.2345,hfq
2023-02-27,545.843,559.799,542.272,557.527,62113,,,0.9402,hfq
2023-02-28,558.177,566.940,545.193,552.334,75757,,,-0.9314,hfq
2023-03-01,552.334,576.028,548.439,571.160,110975,,,3.4084,hfq
2023-03-02,577.651,577.651,556.878,564.668,57949,,,-1.1366,hfq
2023-03-03,559.475,562.721,549.088,554.931,83270,,,-1.7244,hfq
2023-03-06,554.931,575.704,551.685,567.265,73525,,,2.2226,hfq
2023-03-07,566.940,573.756,545.193,545.193,51556,,,-3.8910,hfq
2023-03-08,545.193,554.282,545.193,553.632,34840,,,1.5479,hfq
2023-03-09,552.010,557.203,542.921,552.983,35763,,,-0.1172,hfq
2023-03-10,549.088,553.308,542.272,543.571,36588,,,-1.7020,hfq
2023-03-13,542.597,574.405,539.351,569.537,95649,,,4.7769,hfq
2023-03-14,568.563,570.186,551.685,558.501,51169,,,-1.9377,hfq
2023-03-15,562.071,565.966,548.115,549.413,44203,,,-1.6272,hfq
2023-03-16,546.816,549.413,519.227,525.719,92730,,,-4.3126,hfq
2023-03-17,526.368,552.983,526.368,546.167,80438,,,3.8895,hfq
2023-03-20,543.571,549.738,516.955,516.955,123211,,,-5.3485,hfq
2023-03-21,517.605,545.193,514.034,540.649,81643,,,4.5834,hfq
2023-03-22,540.649,542.921,531.886,534.807,48986,,,-1.0806,hfq
2023-03-23,529.289,584.792,529.289,581.546,178853,,,8.7394,hfq
2023-03-24,582.520,627.960,575.379,606.538,316611,,,4.2975,hfq
2023-03-27,665.936,665.936,665.936,665.936,37483,,,9.7930,hfq
2023-03-28,731.176,731.176,726.956,731.176,408824,,,9.7967,hfq
2023-03-29,735.395,782.134,671.454,759.414,1054743,,,3.8620,hfq
2023-03-30,733.772,814.267,725.333,814.267,854260,,,7.2231,hfq
2023-03-31,791.547,860.032,772.721,845.751,638306,,,3.8665,hfq
2023-04-03,847.698,929.167,847.049,899.306,751969,,,6.3322,hfq
2023-04-04,893.139,898.981,810.697,864.576,720855,,,-3.8619,hfq
2023-04-06,824.329,832.768,779.537,779.537,733370,,,-9.8359,hfq
2023-04-07,753.571,811.670,749.027,802.582,624903,,,2.9562,hfq
2023-04-10,787.003,818.486,723.710,724.035,536849,,,-9.7868,hfq
2023-04-11,717.219,772.721,711.052,746.106,637087,,,3.0483,hfq
2023-04-12,740.264,774.020,739.939,760.712,344177,,,1.9576,hfq
2023-04-13,756.168,775.642,726.956,735.070,319934,,,-3.3708,hfq
2023-04-14,728.579,746.431,697.744,722.087,333227,,,-1.7662,hfq
2023-04-17,720.789,733.448,705.534,710.403,241588,,,-1.6181,hfq
2023-04-18,707.806,714.947,687.682,707.157,200513,,,-0.4569,hfq
2023-04-19,707.157,739.290,701.639,725.333,332623,,,2.5703,hfq
2023-04-20,744.159,744.159,691.253,708.455,335415,,,-2.3269,hfq
2023-04-21,729.877,743.185,677.620,680.542,386988,,,-3.9400,hfq
2023-04-24,660.093,686.709,642.566,652.953,511774,,,-4.0540,hfq
2023-04-25,643.215,654.900,618.548,629.259,355500,,,-3.6287,hfq
2023-04-26,629.583,637.698,598.749,622.767,302933,,,-1.0317,hfq
2023-04-27,626.337,648.409,601.345,611.082,241639,,,-1.8763,hfq
2023-04-28,609.135,648.733,609.135,634.452,274572,,,3.8244,hfq
2023-05-04,631.206,635.426,603.293,626.662,242412,,,-1.2278,hfq
2023-05-05,623.092,642.891,614.653,629.583,193028,,,0.4661,hfq
2023-05-08,642.566,642.891,608.486,613.354,211666,,,-2.5777,hfq
2023-05-09,607.187,623.092,599.722,604.266,161078,,,-1.4817,hfq
2023-05-10,595.827,622.767,595.827,610.758,166550,,,1.0744,hfq
2023-05-11,611.082,640.619,611.082,621.793,240406,,,1.8068,hfq
2023-05-12,618.548,633.478,615.626,624.390,144457,,,0.4177,hfq
2023-05-15,648.409,667.883,600.696,620.495,367112,,,-0.6238,hfq
2023-05-16,608.810,616.925,593.231,595.503,233199,,,-4.0278,hfq
2023-05-17,591.608,612.056,584.467,600.047,145282,,,0.7631,hfq
2023-05-18,658.795,658.795,658.795,658.795,48073,,,9.7906,hfq
2023-05-19,679.243,692.876,635.101,651.005,609991,,,-1.1825,hfq
2023-05-22,626.662,632.504,592.582,598.424,480241,,,-8.0769,hfq
2023-05-23,603.617,608.486,589.011,591.283,207741,,,-1.1933,hfq
2023-05-24,580.897,588.037,564.993,574.405,243769,,,-2.8545,hfq
2023-05-25,574.405,595.503,574.405,593.231,219426,,,3.2775,hfq
2023-05-26,585.765,615.302,582.844,608.486,169601,,,2.5715,hfq
2023-05-29,609.784,635.750,607.837,632.829,211206,,,4.0006,hfq
2023-05-30,627.311,640.943,617.249,640.294,145495,,,1.1796,hfq
2023-05-31,635.750,651.005,633.803,645.487,138816,,,0.8110,hfq
2023-06-01,641.268,670.155,629.583,659.120,213029,,,2.1120,hfq
2023-06-02,659.769,663.015,649.707,660.093,130175,,,0.1476,hfq
2023-06-05,657.821,663.664,652.304,659.444,85936,,,-0.0983,hfq
2023-06-06,658.795,659.769,635.750,637.698,109406,,,-3.2976,hfq
2023-06-07,642.242,663.988,637.373,639.970,113318,,,0.3563,hfq
2023-06-08,638.671,638.671,618.548,626.013,124023,,,-2.1809,hfq
2023-06-09,628.934,638.022,622.443,629.259,98498,,,0.5185,hfq
2023-06-12,632.180,649.382,629.583,636.724,109809,,,1.1863,hfq
2023-06-13,637.048,668.532,619.846,662.041,186070,,,3.9761,hfq
2023-06-14,675.024,715.920,668.532,704.236,374805,,,6.3735,hfq
2023-06-15,704.236,704.236,664.637,667.883,276483,,,-5.1620,hfq
2023-06-16,669.181,680.542,652.953,678.594,156791,,,1.6037,hfq
2023-06-19,673.239,696.868,666.909,693.070,220873,,,2.1332,hfq
2023-06-20,688.007,759.738,682.100,739.485,443816,,,6.6970,hfq
2023-06-21,725.560,727.248,688.007,688.007,271374,,,-6.9613,hfq
2023-06-26,679.990,681.678,620.495,620.495,302765,,,-9.8127,hfq
2023-06-27,604.461,627.246,604.461,613.744,203737,,,-1.0880,hfq
2023-06-28,620.073,620.073,588.005,604.461,187919,,,-1.5125,hfq
2023-06-29,599.820,620.495,578.300,615.010,270002,,,1.7452,hfq
2023-06-30,612.056,612.900,598.976,603.617,118696,,,-1.8525,hfq
2023-07-03,604.039,606.993,586.739,600.664,153327,,,-0.4892,hfq
2023-07-04,601.507,606.571,584.629,594.334,171930,,,-1.0538,hfq
2023-07-05,593.912,601.507,576.612,578.300,157398,,,-2.6978,hfq
2023-07-06,576.612,593.068,574.081,577.456,127023,,,-0.1459,hfq
2023-07-07,577.878,580.832,552.983,571.971,188907,,,-0.9499,hfq
2023-07-10,576.612,579.988,567.751,571.127,79893,,,-0.1476,hfq
2023-07-11,570.283,574.503,563.954,565.642,102400,,,-0.9604,hfq
2023-07-12,564.798,568.595,554.249,554.671,106372,,,-1.9396,hfq
2023-07-13,558.047,573.237,548.342,568.173,91241,,,2.4342,hfq
2023-07-14,569.861,584.208,567.751,578.300,140278,,,1.7824,hfq
2023-07-17,578.300,581.676,570.283,574.081,86648,,,-0.7296,hfq
2023-07-18,576.190,578.722,563.954,565.220,79885,,,-1.5435,hfq
2023-07-19,582.520,594.334,566.486,567.751,115157,,,0.4478,hfq
2023-07-20,567.751,568.595,554.249,555.093,87715,,,-2.2295,hfq
2023-07-21,552.983,568.173,551.295,561.422,74060,,,1.1402,hfq
2023-07-24,561.422,588.849,555.515,585.895,177758,,,4.3591,hfq
2023-07-25,586.739,588.427,577.456,584.208,128923,,,-0.2879,hfq
2023-07-26,582.098,584.629,571.549,574.081,75411,,,-1.7335,hfq
2023-07-27,570.283,578.722,567.751,569.861,51296,,,-0.7351,hfq
2023-07-28,572.393,576.190,565.642,572.815,79740,,,0.5184,hfq
2023-07-31,574.503,601.507,571.971,600.242,186174,,,4.7881,hfq
2023-08-01,598.132,598.132,587.583,594.756,110780,,,-0.9140,hfq
2023-08-02,591.381,599.820,590.537,595.178,62886,,,0.0710,hfq
2023-08-03,595.600,598.132,586.739,596.866,79031,,,0.2836,hfq
2023-08-04,596.444,617.541,592.646,612.478,167294,,,2.6157,hfq
2023-08-07,612.056,619.229,605.305,609.102,113434,,,-0.5512,hfq
2023-08-08,606.149,612.056,598.976,601.085,79390,,,-1.3162,hfq
2023-08-09,599.820,607.837,594.756,596.022,61910,,,-0.8423,hfq
2023-08-10,593.490,605.727,592.225,600.242,46907,,,0.7080,hfq
2023-08-11,603.617,604.883,586.739,587.161,59688,,,-2.1793,hfq
2023-08-14,583.786,605.727,578.300,605.305,93596,,,3.0901,hfq
2023-08-15,605.727,608.259,585.895,598.976,87289,,,-1.0456,hfq
2023-08-16,596.866,599.820,566.486,574.925,105369,,,-4.0154,hfq
2023-08-17,574.081,580.410,563.954,577.878,56675,,,0.5136,hfq
2023-08-18,577.878,587.161,574.503,575.769,86295,,,-0.3650,hfq
2023-08-21,574.081,588.005,569.017,569.017,54209,,,-1.1727,hfq
2023-08-22,571.971,585.895,566.908,583.786,80230,,,2.5955,hfq
2023-08-23,580.410,583.786,533.996,540.747,209997,,,-7.3724,hfq
2023-08-24,547.920,553.827,536.105,536.527,113789,,,-0.7804,hfq
2023-08-25,534.839,536.949,518.805,522.603,117724,,,-2.5952,hfq
2023-08-28,553.827,555.515,536.527,538.215,124573,,,2.9874,hfq
2023-08-29,537.371,579.566,536.105,574.081,142801,,,6.6639,hfq
2023-08-30,571.971,590.959,571.971,589.271,88751,,,2.6460,hfq
2023-08-31,591.381,591.803,580.832,586.317,100055,,,-0.5013,hfq
2023-09-01,585.895,588.849,564.376,567.330,79463,,,-3.2384,hfq
2023-09-04,572.815,576.612,565.642,576.612,70215,,,1.6361,hfq
2023-09-05,576.190,578.722,569.017,571.549,57150,,,-0.8781,hfq
2023-09-06,569.861,571.549,561.422,565.642,57688,,,-1.0335,hfq
2023-09-07,565.642,569.439,556.359,557.625,64611,,,-1.4173,hfq
2023-09-08,557.203,562.266,552.983,556.359,49339,,,-0.2270,hfq
2023-09-11,559.734,563.532,548.764,560.578,95072,,,0.7583,hfq
2023-09-12,560.578,563.532,550.030,550.874,72700,,,-1.7311,hfq
2023-09-13,556.359,556.359,531.042,536.949,97803,,,-2.5278,hfq
2023-09-14,540.325,540.325,517.540,519.227,144203,,,-3.3005,hfq
2023-09-15,519.227,523.447,502.771,506.991,185459,,,-2.3566,hfq
2023-09-18,503.615,512.054,501.084,506.147,102504,,,-0.1665,hfq
2023-09-19,506.147,507.413,494.754,498.130,107967,,,-1.5839,hfq
2023-09-20,496.864,503.615,493.067,493.910,75719,,,-0.8472,hfq
2023-09-21,491.801,501.084,484.628,489.269,113418,,,-0.9396,hfq
2023-09-22,488.847,503.615,485.893,501.084,108806,,,2.4148,hfq
2023-09-25,501.927,506.147,488.003,492.645,93968,,,-1.6841,hfq
2023-09-26,490.535,501.084,488.847,494.754,93836,,,0.4281,hfq
2023-09-27,492.645,498.974,490.957,493.489,64894,,,-0.2557,hfq
2023-09-28,494.754,497.708,491.379,496.020,64508,,,0.5129,hfq
2023-10-09,493.067,497.286,483.784,489.269,94049,,,-1.3610,hfq
2023-10-10,491.379,493.910,485.893,487.159,77140,,,-0.4313,hfq
2023-10-11,490.535,497.708,485.050,490.113,86944,,,0.6064,hfq
2023-10-12,492.645,496.442,484.628,485.050,89947,,,-1.0330,hfq
2023-10-13,483.362,483.362,475.767,476.611,100229,,,-1.7398,hfq
2023-10-16,476.611,478.720,467.750,471.125,87420,,,-1.1510,hfq
2023-10-17,471.547,481.252,468.594,474.079,96996,,,0.6270,hfq
2023-10-18,471.969,473.657,462.686,465.218,86832,,,-1.8691,hfq
2023-10-19,463.530,474.079,461.420,461.420,88601,,,-0.8164,hfq
2023-10-20,456.357,464.796,447.496,449.606,101537,,,-2.5604,hfq
2023-10-23,449.606,450.028,436.103,438.635,94806,,,-2.4401,hfq
2023-10-24,441.589,451.294,438.635,446.652,99317,,,1.8277,hfq
2023-10-25,449.606,459.733,446.652,450.028,77233,,,0.7558,hfq
2023-10-26,447.074,455.935,446.652,455.091,71282,,,1.1250,hfq
2023-10-27,453.825,458.889,449.184,456.357,91877,,,0.2782,hfq
2023-10-30,453.825,471.125,452.981,466.906,122589,,,2.3116,hfq
2023-10-31,467.328,471.547,452.559,456.779,107500,,,-2.1690,hfq
2023-11-01,458.889,465.640,457.201,459.733,85820,,,0.6467,hfq
2023-11-02,459.733,466.062,454.247,454.669,71827,,,-1.1015,hfq
2023-11-03,453.825,468.594,452.559,463.530,100570,,,1.9489,hfq
2023-11-06,466.484,477.033,466.484,475.345,96226,,,2.5489,hfq
2023-11-07,481.252,482.940,470.703,477.033,93673,,,0.3551,hfq
2023-11-08,479.142,488.425,476.189,481.674,97450,,,0.9729,hfq
2023-11-09,480.830,486.315,478.720,481.252,92248,,,-0.0876,hfq
2023-11-10,477.876,479.564,469.437,471.969,96198,,,-1.9289,hfq
2023-11-13,473.657,485.050,472.813,479.564,102674,,,1.6092,hfq
2023-11-14,480.408,488.425,479.142,488.425,84042,,,1.8477,hfq
2023-11-15,493.067,493.489,481.674,484.206,89024,,,-0.8638,hfq
2023-11-16,482.940,488.847,479.564,483.362,76003,,,-0.1743,hfq
2023-11-17,481.252,489.691,479.564,487.581,110766,,,0.8728,hfq
2023-11-20,488.425,497.286,484.628,493.489,115401,,,1.2117,hfq
2023-11-21,493.489,501.927,491.801,493.910,100748,,,0.0853,hfq
2023-11-22,490.113,498.552,484.628,485.471,95933,,,-1.7086,hfq
2023-11-23,486.315,486.737,474.923,485.050,109420,,,-0.0867,hfq
2023-11-24,485.050,485.050,468.594,471.125,82229,,,-2.8708,hfq
2023-11-27,466.906,475.767,466.906,469.015,68069,,,-0.4479,hfq
2023-11-28,469.859,472.813,464.374,470.703,57782,,,0.3599,hfq
2023-11-29,471.547,471.547,464.796,466.484,51715,,,-0.8963,hfq
2023-11-30,466.484,468.172,458.889,463.108,69470,,,-0.7237,hfq
2023-12-01,461.842,482.518,458.045,478.298,117190,,,3.2800,hfq
2023-12-04,477.454,482.518,474.079,475.345,105182,,,-0.6174,hfq
2023-12-05,473.235,475.767,456.779,458.045,93840,,,-3.6395,hfq
2023-12-06,458.467,463.530,448.340,458.467,80362,,,0.0921,hfq
2023-12-07,465.218,472.391,458.467,469.015,146449,,,2.3007,hfq
2023-12-08,468.172,477.033,465.218,466.906,130409,,,-0.4497,hfq
2023-12-11,466.062,477.876,455.935,476.189,122498,,,1.9882,hfq
2023-12-12,477.033,478.298,471.969,474.501,77983,,,-0.3545,hfq
2023-12-13,472.813,474.501,463.108,463.952,80324,,,-2.2232,hfq
2023-12-14,465.218,471.547,460.155,460.577,66400,,,-0.7274,hfq
2023-12-15,461.420,464.374,452.981,453.825,81334,,,-1.4660,hfq
2023-12-18,454.669,454.669,443.277,444.121,94661,,,-2.1383,hfq
2023-12-19,442.855,446.652,436.947,441.167,101406,,,-0.6651,hfq
2023-12-20,442.433,444.121,422.601,423.867,135662,,,-3.9214,hfq
2023-12-21,423.867,430.618,420.069,427.664,109865,,,0.8958,hfq
2023-12-22,425.977,428.508,415.006,416.272,140131,,,-2.6638,hfq
2023-12-25,415.428,424.289,411.630,413.740,109202,,,-0.6083,hfq
2023-12-26,413.740,415.006,401.504,404.035,102801,,,-2.3457,hfq
2023-12-27,404.035,411.630,404.035,407.833,87965,,,0.9400,hfq
2023-12-28,406.567,422.179,401.504,419.226,124810,,,2.7935,hfq
2023-12-29,420.069,425.555,417.538,423.867,71418,,,1.1070,hfq
2024-01-02,423.867,424.289,411.630,412.052,100780,,,-2.7874,hfq
2024-01-03,412.052,416.694,408.255,413.740,90558,,,0.4097,hfq
2024-01-04,413.740,413.740,405.723,407.411,66066,,,-1.5297,hfq
2024-01-05,408.677,408.677,396.018,398.550,89989,,,-2.1750,hfq
2024-01-08,397.284,397.284,385.048,385.048,152579,,,-3.3878,hfq
2024-01-09,386.735,395.174,385.048,387.157,102791,,,0.5477,hfq
2024-01-10,386.735,389.689,379.140,383.782,82477,,,-0.8717,hfq
2024-01-11,387.579,394.752,384.626,392.221,101063,,,2.1989,hfq
2024-01-12,391.377,391.377,376.187,376.609,199350,,,-3.9804,hfq
2024-01-15,376.187,385.470,374.077,379.984,147417,,,0.8962,hfq
2024-01-16,379.562,379.984,371.123,378.718,110277,,,-0.3332,hfq
2024-01-17,378.718,378.718,364.794,365.638,128579,,,-3.4538,hfq
2024-01-18,363.528,370.279,355.089,366.482,142925,,,0.2308,hfq
2024-01-19,363.950,369.858,360.997,361.419,96415,,,-1.3815,hfq
2024-01-22,358.887,362.684,334.414,337.367,241673,,,-6.6549,hfq
2024-01-23,334.836,344.119,334.836,340.321,230361,,,0.8756,hfq
2024-01-24,342.009,347.916,331.038,347.072,205731,,,1.9837,hfq
2024-01-25,349.604,360.153,342.431,359.309,191006,,,3.5258,hfq
2024-01-26,358.043,359.309,350.870,352.136,141716,,,-1.9963,hfq
2024-01-29,352.136,356.777,337.789,339.055,202630,,,-3.7148,hfq
2024-01-30,336.524,342.431,325.553,327.241,157750,,,-3.4844,hfq
2024-01-31,328.085,331.460,311.207,313.316,185515,,,-4.2553,hfq
2024-02-01,311.207,318.380,303.190,309.519,249574,,,-1.2119,hfq
2024-02-02,310.363,315.426,281.248,293.485,276917,,,-5.1803,hfq
2024-02-05,295.595,295.595,265.636,272.809,333671,,,-7.0450,hfq
2024-02-06,272.809,290.531,263.104,287.156,361326,,,5.2590,hfq
2024-02-07,285.890,309.519,283.358,308.675,357412,,,7.4938,hfq
2024-02-08,309.941,327.241,308.253,319.646,308074,,,3.5542,hfq
2024-02-19,324.709,325.131,313.738,323.865,276839,,,1.3199,hfq
2024-02-20,316.692,322.599,311.629,321.755,178940,,,-0.6515,hfq
2024-02-21,318.802,340.743,314.160,328.085,220048,,,1.9673,hfq
2024-02-22,329.350,336.946,328.085,336.524,158395,,,2.5722,hfq
2024-02-23,336.524,348.760,329.350,346.650,250267,,,3.0090,hfq
2024-02-26,345.384,352.136,340.321,347.916,193434,,,0.3652,hfq
2024-02-27,344.119,358.887,341.165,358.887,186079,,,3.1533,hfq
2024-02-28,358.887,362.262,334.836,336.102,257897,,,-6.3488,hfq
2024-02-29,333.570,354.667,333.148,352.558,356082,,,4.8961,hfq
2024-03-01,358.043,358.043,346.650,354.245,236265,,,0.4785,hfq
2024-03-04,354.667,360.575,348.338,352.980,167246,,,-0.3571,hfq
2024-03-05,352.980,353.402,342.853,346.650,155270,,,-1.7933,hfq
2024-03-06,345.384,349.604,338.633,345.384,127147,,,-0.3652,hfq
2024-03-07,344.963,346.228,329.350,329.772,211446,,,-4.5202,hfq
2024-03-08,329.772,335.680,326.397,334.414,125503,,,1.4076,hfq
2024-03-11,333.992,344.119,331.460,344.119,168956,,,2.9021,hfq
2024-03-12,346.650,350.026,343.697,347.916,130217,,,1.1034,hfq
2024-03-13,350.448,363.950,347.916,358.043,222133,,,2.9108,hfq
2024-03-14,356.777,356.777,344.119,350.026,156320,,,-2.2391,hfq
2024-03-15,346.650,349.604,340.743,347.494,131078,,,-0.7234,hfq
2024-03-18,347.494,352.136,345.384,352.136,131570,,,1.3359,hfq
2024-03-19,350.448,354.245,347.494,350.026,105645,,,-0.5992,hfq
2024-03-20,348.338,361.840,347.494,359.309,180749,,,2.6521,hfq
2024-03-21,360.997,366.904,355.511,358.043,161690,,,-0.3523,hfq
2024-03-22,355.089,358.043,344.119,350.448,142766,,,-2.1213,hfq
2024-03-25,351.292,353.402,333.570,333.992,224321,,,-4.6957,hfq
2024-03-26,331.882,334.836,318.802,323.021,185568,,,-3.2848,hfq
2024-03-27,323.021,323.865,304.455,304.877,183314,,,-5.6170,hfq
2024-03-28,303.190,317.958,301.080,312.051,153445,,,2.3531,hfq
2024-03-29,311.629,311.629,303.190,308.675,124319,,,-1.0819,hfq
2024-04-01,310.785,324.287,310.363,323.865,169858,,,4.9210,hfq
2024-04-02,326.397,326.397,310.363,312.051,205654,,,-3.6478,hfq
2024-04-03,314.582,315.004,300.658,302.346,179736,,,-3.1101,hfq
2024-04-08,302.768,302.768,293.063,294.329,143413,,,-2.6516,hfq
2024-04-09,295.595,299.392,293.063,298.548,111157,,,1.4334,hfq
2024-04-10,296.860,298.970,287.999,291.375,120622,,,-2.4026,hfq
2024-04-11,290.953,298.548,288.843,293.485,134001,,,0.7242,hfq
2024-04-12,292.641,296.438,287.577,287.999,105654,,,-1.8693,hfq
2024-04-15,285.046,291.797,279.560,285.046,177321,,,-1.0254,hfq
2024-04-16,281.248,287.156,271.121,271.543,210869,,,-4.7371,hfq
2024-04-17,272.809,285.046,272.809,282.092,190394,,,3.8848,hfq
2024-04-18,282.514,292.219,277.029,285.046,191057,,,1.0472,hfq
2024-04-19,283.358,285.468,277.451,281.670,149609,,,-1.1844,hfq
2024-04-22,279.139,290.531,277.873,283.358,171689,,,0.5993,hfq
2024-04-23,283.358,296.016,282.936,292.219,219284,,,3.1271,hfq
2024-04-24,292.641,301.080,292.641,298.970,154508,,,2.3103,hfq
2024-04-25,297.282,299.392,293.485,297.282,119429,,,-0.5646,hfq
2024-04-26,299.392,307.831,297.282,306.987,133657,,,3.2646,hfq
2024-04-29,307.831,317.536,307.831,316.270,177962,,,3.0239,hfq
2024-04-30,314.160,318.380,310.785,316.692,177101,,,0.1334,hfq
2024-05-06,321.333,323.443,311.629,312.894,191533,,,-1.1993,hfq
2024-05-07,312.051,316.270,308.675,313.738,138606,,,0.2697,hfq
2024-05-08,315.004,315.426,299.814,300.658,161951,,,-4.1691,hfq
2024-05-09,301.502,310.785,300.658,309.097,141644,,,2.8068,hfq
2024-05-10,309.519,311.207,301.502,302.768,103308,,,-2.0476,hfq
2024-05-13,299.814,302.346,293.485,295.595,130001,,,-2.3691,hfq
2024-05-14,295.173,304.455,295.173,302.768,129856,,,2.4266,hfq
2024-05-15,301.080,303.612,295.595,296.438,104179,,,-2.0907,hfq
2024-05-16,296.860,305.721,296.438,299.392,129596,,,0.9965,hfq
2024-05-17,299.392,308.675,297.282,306.143,147934,,,2.2549,hfq
2024-05-20,306.987,310.785,299.814,301.080,198353,,,-1.6538,hfq
2024-05-21,300.236,301.080,296.016,297.282,114499,,,-1.2615,hfq
2024-05-22,297.282,304.877,294.329,304.033,157396,,,2.2709,hfq
2024-05-23,301.924,303.612,293.485,293.907,164713,,,-3.3306,hfq
2024-05-24,294.751,296.016,287.156,287.577,131978,,,-2.1537,hfq
2024-05-27,289.687,290.953,280.826,286.734,118182,,,-0.2931,hfq
2024-05-28,287.999,296.860,285.890,286.734,172519,,,0.0000,hfq
2024-05-29,285.890,293.063,285.046,287.156,114176,,,0.1472,hfq
2024-05-30,287.999,290.109,282.092,288.421,92724,,,0.4405,hfq
2024-05-31,287.577,294.751,286.312,291.375,107896,,,1.0242,hfq
2024-06-03,290.109,292.641,282.092,285.046,128701,,,-2.1721,hfq
2024-06-04,286.734,286.734,278.717,284.202,125363,,,-0.2961,hfq
2024-06-05,284.202,290.109,283.358,285.890,138755,,,0.5939,hfq
2024-06-06,287.577,287.999,272.809,274.497,166309,,,-3.9851,hfq
2024-06-07,276.607,279.560,271.543,272.809,134273,,,-0.6149,hfq
2024-06-11,272.387,282.092,266.902,280.404,182245,,,2.7840,hfq
2024-06-12,280.404,285.890,279.139,281.248,113834,,,0.3010,hfq
2024-06-13,281.670,283.780,276.607,280.404,93483,,,-0.3001,hfq
2024-06-14,279.139,281.670,275.341,276.607,145337,,,-1.3541,hfq
2024-06-17,275.763,281.248,274.919,278.295,131150,,,0.6103,hfq
2024-06-18,278.295,284.624,277.451,282.092,113944,,,1.3644,hfq
2024-06-19,283.358,284.624,277.451,279.139,86126,,,-1.0468,hfq
2024-06-20,277.451,278.717,269.856,270.278,111366,,,-3.1744,hfq
2024-06-21,270.700,271.121,266.058,266.480,118786,,,-1.4052,hfq
2024-06-24,260.573,263.104,255.087,257.619,156425,,,-3.3252,hfq
2024-06-25,257.619,260.151,246.648,250.024,164059,,,-2.9482,hfq
2024-06-26,249.602,267.746,249.180,266.480,183693,,,6.5818,hfq
2024-06-27,266.902,269.434,262.261,263.104,134677,,,-1.2669,hfq
2024-06-28,260.151,265.214,254.665,255.087,146608,,,-3.0471,hfq
2024-07-01,255.509,257.619,249.602,253.400,116650,,,-0.6613,hfq
2024-07-02,254.665,263.526,253.822,258.463,147882,,,1.9980,hfq
2024-07-03,257.619,260.151,253.822,254.665,106848,,,-1.4695,hfq
2024-07-04,255.087,257.619,245.805,246.648,116926,,,-3.1481,hfq
2024-07-05,245.383,250.446,244.117,248.758,99684,,,0.8555,hfq
2024-07-08,247.914,247.914,238.631,239.897,116981,,,-3.5621,hfq
2024-07-09,239.053,241.585,233.990,240.319,127619,,,0.1759,hfq
2024-07-10,239.053,246.648,237.788,242.429,111749,,,0.8780,hfq
2024-07-11,248.758,250.446,243.273,249.180,114630,,,2.7847,hfq
2024-07-12,248.336,252.134,247.070,249.602,81476,,,0.1694,hfq
2024-07-15,247.914,249.180,240.319,240.741,108462,,,-3.5501,hfq
2024-07-16,240.319,244.539,238.209,242.429,93394,,,0.7012,hfq
2024-07-17,243.695,244.961,239.897,241.163,97909,,,-0.5222,hfq
2024-07-18,241.163,241.163,234.412,238.631,108769,,,-1.0499,hfq
2024-07-19,238.209,242.007,236.100,239.897,90464,,,0.5305,hfq
2024-07-22,241.163,244.539,238.631,241.585,125978,,,0.7036,hfq
2024-07-23,240.741,242.851,235.256,235.256,106547,,,-2.6198,hfq
2024-07-24,234.412,235.256,228.505,229.349,125111,,,-2.5109,hfq
2024-07-25,227.661,234.412,226.817,231.036,99152,,,0.7356,hfq
2024-07-26,231.458,236.100,230.614,232.724,77545,,,0.7306,hfq
2024-07-29,232.724,236.522,227.661,233.568,92795,,,0.3627,hfq
2024-07-30,232.724,237.788,231.880,236.100,96153,,,1.0841,hfq
2024-07-31,236.944,250.024,235.256,249.602,158653,,,5.7188,hfq
2024-08-01,249.602,249.602,244.117,246.648,109348,,,-1.1835,hfq
2024-08-02,244.961,249.602,241.585,242.429,99238,,,-1.7105,hfq
2024-08-05,240.741,246.227,236.100,236.944,132541,,,-2.2625,hfq
2024-08-06,238.631,242.429,238.209,242.007,94023,,,2.1368,hfq
2024-08-07,241.163,244.961,240.319,241.163,110796,,,-0.3488,hfq
2024-08-08,240.319,242.007,234.834,239.897,85808,,,-0.5250,hfq
2024-08-09,241.163,242.007,235.256,235.678,79460,,,-1.7587,hfq
2024-08-12,234.834,235.256,230.614,231.880,80597,,,-1.6115,hfq
2024-08-13,231.880,233.568,229.771,232.724,65959,,,0.3640,hfq
2024-08-14,232.302,233.146,227.661,231.036,90210,,,-0.7253,hfq
2024-08-15,230.614,239.897,228.927,236.944,124852,,,2.5572,hfq
2024-08-16,236.944,237.788,233.568,233.990,85261,,,-1.2467,hfq
2024-08-19,233.990,240.319,233.990,237.788,104936,,,1.6231,hfq
2024-08-20,236.522,237.366,229.349,230.192,111702,,,-3.1944,hfq
2024-08-21,230.192,233.568,228.083,229.349,84759,,,-0.3662,hfq
2024-08-22,228.505,231.880,220.488,221.753,140666,,,-3.3120,hfq
2024-08-23,222.175,226.395,220.488,224.707,129339,,,1.3321,hfq
2024-08-26,226.395,230.192,224.285,227.661,118232,,,1.3146,hfq
2024-08-27,226.817,228.083,219.222,220.066,109894,,,-3.3361,hfq
2024-08-28,219.222,223.441,216.268,220.066,97590,,,0.0000,hfq
2024-08-29,221.753,235.678,219.222,233.568,213125,,,6.1354,hfq
2024-08-30,233.568,242.429,231.880,238.631,185604,,,2.1677,hfq
2024-09-02,240.741,240.741,232.302,233.146,152591,,,-2.2985,hfq
2024-09-03,232.724,243.273,232.302,242.851,191902,,,4.1626,hfq
2024-09-04,240.741,247.492,239.475,243.273,200014,,,0.1738,hfq
2024-09-05,247.070,255.509,245.805,253.400,221008,,,4.1628,hfq
2024-09-06,252.556,258.041,248.758,250.446,189044,,,-1.1657,hfq
2024-09-09,248.758,253.822,245.805,247.070,155617,,,-1.3480,hfq
2024-09-10,247.070,262.683,243.273,260.151,267757,,,5.2945,hfq
2024-09-11,260.151,260.151,252.556,256.775,251037,,,-1.2977,hfq
2024-09-12,259.307,260.995,255.509,257.197,166377,,,0.1643,hfq
2024-09-13,257.197,258.885,252.134,252.556,126313,,,-1.8045,hfq
2024-09-18,251.712,255.509,245.383,247.914,128886,,,-1.8380,hfq
2024-09-19,250.024,257.619,248.758,255.931,120838,,,3.2338,hfq
2024-09-20,255.087,258.885,253.400,255.931,110511,,,0.0000,hfq
2024-09-23,257.619,261.417,254.665,258.041,141820,,,0.8244,hfq
2024-09-24,258.885,262.683,254.665,262.261,163139,,,1.6354,hfq
2024-09-25,262.683,269.434,262.261,262.683,198639,,,0.1609,hfq
2024-09-26,264.792,277.451,262.261,277.451,261355,,,5.6220,hfq
2024-09-27,281.248,302.768,280.826,294.329,444846,,,6.0832,hfq
2024-09-30,303.612,322.599,302.346,322.599,530346,,,9.6049,hfq
2024-10-08,353.402,353.402,346.650,353.402,401041,,,9.5484,hfq
2024-10-09,356.777,371.967,342.431,345.384,799091,,,-2.2688,hfq
2024-10-10,342.853,347.916,317.114,317.958,619345,,,-7.9407,hfq
2024-10-11,314.582,322.599,301.080,305.721,314113,,,-3.8486,hfq
2024-10-14,306.565,319.224,301.924,319.224,297154,,,4.4168,hfq
2024-10-15,317.536,327.241,310.785,312.051,296860,,,-2.2470,hfq
2024-10-16,305.299,315.848,304.033,311.207,201992,,,-0.2705,hfq
2024-10-17,313.316,321.333,309.519,310.785,231104,,,-0.1356,hfq
2024-10-18,310.363,330.616,304.455,322.599,343944,,,3.8013,hfq
2024-10-21,327.663,333.992,322.599,331.038,315913,,,2.6159,hfq
2024-10-22,333.570,333.570,318.380,322.177,283405,,,-2.6767,hfq
2024-10-23,322.599,328.085,319.646,323.021,237329,,,0.2620,hfq
2024-10-24,321.333,321.755,313.316,315.848,212239,,,-2.2206,hfq
2024-10-25,314.160,319.646,313.738,318.802,201524,,,0.9353,hfq
2024-10-28,319.224,325.131,315.004,323.021,297687,,,1.3234,hfq
2024-10-29,328.928,353.823,328.507,353.823,270597,,,9.5356,hfq
2024-10-30,353.402,353.402,331.882,343.275,1047737,,,-2.9812,hfq
2024-10-31,337.367,344.963,326.819,340.743,793709,,,-0.7376,hfq
2024-11-01,338.211,355.933,329.772,333.570,632638,,,-2.1051,hfq
2024-11-04,332.726,332.726,317.536,326.819,469874,,,-2.0239,hfq
2024-11-05,325.131,344.119,322.599,342.853,589910,,,4.9061,hfq
2024-11-06,343.697,348.338,335.258,340.321,539154,,,-0.7385,hfq
2024-11-07,338.211,358.465,334.414,355.511,614689,,,4.4634,hfq
2024-11-08,357.621,371.123,351.714,354.667,634343,,,-0.2374,hfq
2024-11-11,359.309,367.748,357.199,364.372,507409,,,2.7364,hfq
2024-11-12,366.904,369.858,352.980,357.621,437049,,,-1.8528,hfq
2024-11-13,353.823,371.545,351.292,366.482,560798,,,2.4778,hfq
2024-11-14,366.904,367.326,350.870,351.714,351425,,,-4.0297,hfq
2024-11-15,351.292,361.419,341.587,342.009,325051,,,-2.7593,hfq
2024-11-18,343.275,345.384,323.443,325.975,344209,,,-4.6882,hfq
2024-11-19,327.241,333.570,321.755,333.148,218376,,,2.2005,hfq
2024-11-20,329.772,346.228,329.772,342.009,286027,,,2.6598,hfq
2024-11-21,340.321,344.963,337.789,341.165,195014,,,-0.2468,hfq
2024-11-22,339.477,346.650,326.819,327.241,253434,,,-4.0813,hfq
2024-11-25,328.928,331.038,319.224,325.975,192743,,,-0.3869,hfq
2024-11-26,325.975,331.882,322.599,323.021,153513,,,-0.9062,hfq
2024-11-27,323.443,330.194,315.848,329.772,188424,,,2.0900,hfq
2024-11-28,329.772,335.680,326.819,327.663,168257,,,-0.6395,hfq
2024-11-29,326.819,340.321,325.553,337.367,195041,,,2.9616,hfq
2024-12-02,336.102,352.558,332.304,352.136,271935,,,4.3777,hfq
2024-12-03,350.448,357.621,342.431,353.823,260479,,,0.4791,hfq
2024-12-04,351.714,360.997,348.760,350.870,263062,,,-0.8346,hfq
2024-12-05,348.760,365.216,348.760,362.262,312767,,,3.2468,hfq
2024-12-06,363.528,366.904,357.199,360.997,261391,,,-0.3492,hfq
2024-12-09,360.575,365.216,352.980,356.777,187617,,,-1.1690,hfq
2024-12-10,366.904,379.140,363.528,364.372,430762,,,2.1288,hfq
2024-12-11,364.372,367.326,361.840,366.904,212051,,,0.6949,hfq
2024-12-12,366.482,370.279,361.419,369.858,204602,,,0.8051,hfq
2024-12-13,367.326,373.233,360.575,361.840,233472,,,-2.1679,hfq
2024-12-16,362.262,369.436,351.714,353.402,275060,,,-2.3320,hfq
2024-12-17,346.650,350.026,340.743,341.587,220886,,,-3.3432,hfq
2024-12-18,343.275,350.870,340.743,346.228,137426,,,1.3587,hfq
2024-12-19,342.009,349.604,341.587,349.182,126132,,,0.8532,hfq
2024-12-20,347.072,353.823,344.541,350.448,124678,,,0.3626,hfq
2024-12-23,351.714,352.136,335.680,336.102,168572,,,-4.0936,hfq
2024-12-24,337.789,340.743,332.304,336.524,107451,,,0.1256,hfq
2024-12-25,336.102,336.102,322.599,325.975,160226,,,-3.1347,hfq
2024-12-26,325.975,332.726,325.975,329.772,78086,,,1.1648,hfq
2024-12-27,328.928,339.899,327.663,332.304,115772,,,0.7678,hfq
2024-12-30,333.148,333.148,323.865,329.350,97752,,,-0.8889,hfq
2024-12-31,330.616,331.882,314.582,314.582,151440,,,-4.4840,hfq
2025-01-02,315.004,317.114,296.016,299.392,200622,,,-4.8286,hfq
2025-01-03,299.814,303.612,286.312,287.577,159751,,,-3.9463,hfq
2025-01-06,287.156,290.953,282.514,287.577,131760,,,0.0000,hfq
2025-01-07,287.577,290.531,283.780,289.687,106030,,,0.7337,hfq
2025-01-08,288.843,290.953,279.139,287.999,138414,,,-0.5827,hfq
2025-01-09,288.421,293.485,285.468,288.843,112323,,,0.2931,hfq
2025-01-10,289.687,294.329,281.670,281.670,90841,,,-2.4834,hfq
2025-01-13,279.139,288.421,274.497,286.312,95745,,,1.6480,hfq
2025-01-14,288.421,298.970,287.156,298.970,119858,,,4.4211,hfq
2025-01-15,298.970,299.814,292.219,293.907,99655,,,-1.6935,hfq
2025-01-16,295.173,301.924,293.063,294.329,94481,,,0.1436,hfq
2025-01-17,292.641,298.548,291.797,296.016,78704,,,0.5732,hfq
2025-01-20,298.126,299.814,292.219,293.485,130685,,,-0.8550,hfq
2025-01-21,293.485,296.438,291.797,295.173,82633,,,0.5752,hfq
2025-01-22,293.485,295.173,289.687,293.063,83792,,,-0.7148,hfq
2025-01-23,297.282,303.190,293.485,293.485,155462,,,0.1440,hfq
2025-01-24,283.358,298.548,282.514,298.126,190388,,,1.5813,hfq
2025-01-27,298.126,302.768,290.109,290.109,139232,,,-2.6891,hfq
2025-02-05,297.704,317.958,294.329,311.629,494583,,,7.4179,hfq
2025-02-06,315.004,320.490,303.190,317.536,436677,,,1.8955,hfq
2025-02-07,317.114,333.148,315.426,327.663,359460,,,3.1892,hfq
2025-02-10,333.992,350.870,330.194,349.182,579277,,,6.5674,hfq
2025-02-11,346.650,346.650,334.414,337.367,368056,,,-3.3836,hfq
2025-02-12,357.621,369.858,357.621,369.858,243981,,,9.6308,hfq
2025-02-13,382.938,405.723,362.684,390.955,1617502,,,5.7041,hfq
2025-02-14,375.343,402.348,363.106,394.752,1220288,,,0.9712,hfq
2025-02-17,401.926,431.040,382.516,388.845,1221505,,,-1.4964,hfq
2025-02-18,381.250,387.579,362.262,363.950,885786,,,-6.4023,hfq
2025-02-19,366.904,370.701,362.684,369.014,488122,,,1.3914,hfq
2025-02-20,369.436,371.123,359.309,366.060,443288,,,-0.8005,hfq
2025-02-21,379.984,384.626,365.216,381.672,812782,,,4.2649,hfq
2025-02-24,382.938,383.360,367.748,372.389,525726,,,-2.4322,hfq
2025-02-25,363.106,369.858,359.731,362.684,385692,,,-2.6061,hfq
2025-02-26,365.216,366.904,357.621,363.528,312850,,,0.2327,hfq
2025-02-27,365.216,366.482,349.604,355.511,345613,,,-2.2053,hfq
2025-02-28,352.558,354.245,333.992,334.836,343682,,,-5.8156,hfq
2025-03-03,336.102,347.494,331.038,343.275,305418,,,2.5203,hfq
2025-03-04,338.211,351.714,336.524,347.916,281495,,,1.3520,hfq
2025-03-05,348.760,351.714,342.009,347.916,227060,,,0.0000,hfq
2025-03-06,351.714,381.250,351.292,381.250,869743,,,9.5810,hfq
2025-03-07,377.453,392.221,371.967,375.343,971452,,,-1.5494,hfq
2025-03-10,373.233,376.609,360.153,364.372,503234,,,-2.9229,hfq
2025-03-11,359.309,366.060,356.777,361.840,293008,,,-0.6949,hfq
2025-03-12,367.326,369.858,360.997,361.419,370808,,,-0.1163,hfq
2025-03-13,360.153,361.419,349.604,353.402,299999,,,-2.2182,hfq
2025-03-14,351.292,359.309,348.338,358.043,230329,,,1.3132,hfq
2025-03-17,358.043,360.153,353.823,356.355,194481,,,-0.4715,hfq
2025-03-18,358.465,363.950,354.245,355.933,209735,,,-0.1184,hfq
2025-03-19,354.667,355.511,347.494,350.026,187535,,,-1.6596,hfq
2025-03-20,349.182,352.136,344.963,345.384,192124,,,-1.3262,hfq
2025-03-21,343.275,344.119,335.680,337.789,236205,,,-2.1990,hfq
2025-03-24,336.946,338.211,324.287,331.460,244603,,,-1.8737,hfq
2025-03-25,330.194,342.431,323.865,339.899,415317,,,2.5460,hfq
2025-03-26,337.367,360.997,335.258,358.043,707060,,,5.3381,hfq
2025-03-27,355.089,363.528,351.292,354.245,288214,,,-1.0608,hfq
2025-03-28,353.402,356.355,347.916,352.136,219279,,,-0.5954,hfq
2025-03-31,350.026,350.448,339.477,348.338,200901,,,-1.0786,hfq
2025-04-01,346.650,349.182,341.165,342.431,152182,,,-1.6958,hfq
2025-04-02,340.321,347.916,339.055,343.697,117362,,,0.3697,hfq
2025-04-03,339.899,348.760,337.789,342.009,132313,,,-0.4911,hfq
2025-04-07,314.160,324.709,309.097,309.097,183329,,,-9.6231,hfq
2025-04-08,303.612,309.097,284.624,290.953,380687,,,-5.8700,hfq
2025-04-09,285.890,301.924,276.185,299.392,280754,,,2.9005,hfq
2025-04-10,305.721,313.738,303.190,307.831,219184,,,2.8187,hfq
2025-04-11,306.987,311.207,304.455,308.675,151475,,,0.2742,hfq
2025-04-14,313.738,321.755,312.051,319.646,230419,,,3.5542,hfq
2025-04-15,319.646,320.490,314.160,318.802,116702,,,-0.2640,hfq
2025-04-16,316.692,347.494,314.582,333.148,639586,,,4.5000,hfq
2025-04-17,327.241,365.216,324.709,365.216,723999,,,9.6258,hfq
2025-04-18,363.528,363.528,351.292,356.355,597266,,,-2.4262,hfq
2025-04-21,355.933,390.533,355.933,390.533,602754,,,9.5910,hfq
2025-04-25,428.086,428.086,372.389,372.389,1523817,,,-4.6460,hfq
2025-04-28,352.980,362.262,336.524,336.524,1070992,,,-9.6311,hfq
2025-04-29,328.507,354.245,322.177,346.228,766070,,,2.8836,hfq
2025-04-30,351.714,371.123,350.870,364.794,653910,,,5.3624,hfq
2025-05-06,367.748,372.811,361.840,366.904,551779,,,0.5784,hfq
2025-05-07,371.967,374.921,355.511,359.731,457752,,,-1.9550,hfq
2025-05-08,364.372,364.372,354.667,358.043,272738,,,-0.4692,hfq
2025-05-09,358.043,358.043,347.916,348.338,273961,,,-2.7106,hfq
2025-05-12,353.402,371.967,350.026,360.997,575408,,,3.6341,hfq
2025-05-13,365.638,368.170,353.823,355.089,316236,,,-1.6366,hfq
2025-05-14,353.823,354.667,345.806,352.980,348691,,,-0.5939,hfq
2025-05-15,350.870,351.292,339.899,342.009,269417,,,-3.1081,hfq
2025-05-16,341.165,344.119,338.633,341.165,182785,,,-0.2468,hfq
2025-05-19,341.165,345.384,336.946,344.541,174858,,,0.9896,hfq
2025-05-20,345.384,347.494,340.321,346.228,182291,,,0.4896,hfq
2025-05-21,345.806,345.806,339.899,341.587,160238,,,-1.3404,hfq
2025-05-22,340.321,350.870,338.211,346.228,323018,,,1.3587,hfq
2025-05-23,347.916,348.338,336.524,336.946,208407,,,-2.6809,hfq
2025-05-26,335.258,347.916,335.258,343.697,228573,,,2.0036,hfq
2025-05-27,344.541,344.963,338.211,341.587,126888,,,-0.6139,hfq
2025-05-28,341.587,344.541,339.899,342.431,127405,,,0.2471,hfq
2025-05-29,342.431,358.043,340.321,357.621,341761,,,4.4359,hfq
2025-05-30,357.621,361.419,351.292,355.933,246493,,,-0.4720,hfq
2025-06-03,352.980,363.106,352.980,354.667,217589,,,-0.3557,hfq
2025-06-04,354.245,356.777,352.980,356.777,150666,,,0.5949,hfq
2025-06-05,356.355,359.731,354.245,358.887,157629,,,0.5914,hfq
2025-06-06,388.001,393.487,376.609,393.487,298669,,,9.6409,hfq
2025-06-09,431.040,431.462,385.470,413.318,1424136,,,5.0398,hfq
2025-06-10,404.879,408.677,382.094,384.626,811550,,,-6.9419,hfq
2025-06-11,385.048,388.423,377.453,381.250,399973,,,-0.8777,hfq
2025-06-12,379.140,386.735,376.609,379.562,284463,,,-0.4428,hfq
2025-06-13,378.718,382.938,367.748,370.701,342880,,,-2.3345,hfq
2025-06-16,366.060,381.250,366.060,376.609,265427,,,1.5937,hfq
2025-06-17,376.609,379.984,371.967,374.077,200521,,,-0.6723,hfq
2025-06-18,374.499,378.718,373.233,376.609,186803,,,0.6769,hfq
2025-06-19,376.187,379.984,363.950,365.216,261418,,,-3.0252,hfq
2025-06-20,363.528,365.638,355.933,356.355,238442,,,-2.4262,hfq
2025-06-23,353.823,369.014,353.402,368.592,197696,,,3.4339,hfq
2025-06-24,368.592,373.655,367.326,371.967,181260,,,0.9156,hfq
2025-06-25,370.701,379.562,368.170,378.718,231760,,,1.8149,hfq
2025-06-26,379.984,388.423,376.187,383.360,288885,,,1.2257,hfq
2025-06-27,385.470,385.892,377.875,380.406,190136,,,-0.7706,hfq
2025-06-30,382.094,383.782,376.609,379.140,211261,,,-0.3328,hfq
2025-07-01,379.984,380.828,372.389,376.187,152533,,,-0.7789,hfq
2025-07-02,376.609,376.609,369.436,371.967,121082,,,-1.1218,hfq
2025-07-03,371.967,375.765,369.858,372.811,106208,,,0.2269,hfq
2025-07-04,373.233,377.031,366.904,371.123,163018,,,-0.4528,hfq
2025-07-07,379.984,406.989,374.077,406.989,918656,,,9.6642,hfq
2025-07-08,402.348,410.787,393.909,407.833,911828,,,0.2074,hfq
2025-07-09,407.833,412.052,404.035,409.099,571857,,,0.3104,hfq
2025-07-10,405.723,410.787,399.394,406.989,421236,,,-0.5158,hfq
2025-07-11,409.099,426.821,398.128,412.896,690242,,,1.4514,hfq
2025-07-14,418.804,452.981,410.365,452.981,941205,,,9.7083,hfq
2025-07-15,456.357,494.754,437.369,474.501,1545296,,,4.7508,hfq
2025-07-16,452.981,462.686,444.542,446.652,889379,,,-5.8691,hfq
2025-07-17,439.901,450.872,436.947,440.323,622982,,,-1.4170,hfq
2025-07-18,441.167,456.357,441.167,447.496,630988,,,1.6290,hfq
2025-07-21,442.433,482.096,441.167,465.640,777987,,,4.0546,hfq
2025-07-22,460.998,460.998,442.011,446.230,586164,,,-4.1685,hfq
2025-07-23,441.589,460.998,431.462,460.998,545669,,,3.3095,hfq
2025-07-24,455.091,481.674,452.559,467.750,703103,,,1.4646,hfq
2025-07-25,464.796,493.067,456.357,482.518,669400,,,3.1572,hfq
2025-07-28,485.893,515.008,466.906,468.594,786723,,,-2.8857,hfq
2025-07-29,458.889,470.281,452.559,464.374,487417,,,-0.9006,hfq
2025-07-30,460.998,464.796,447.496,450.450,370721,,,-2.9984,hfq
2025-07-31,450.450,458.889,444.121,447.074,345774,,,-0.7495,hfq
2025-08-01,447.074,452.559,434.416,445.808,409156,,,-0.2832,hfq
2025-08-04,442.855,452.138,439.901,451.716,231350,,,1.3252,hfq
2025-08-05,451.716,453.403,442.433,444.121,234762,,,-1.6814,hfq
2025-08-06,442.433,450.028,440.745,447.074,204953,,,0.6649,hfq
2025-08-07,447.074,448.340,439.057,442.433,191494,,,-1.0381,hfq
2025-08-08,440.323,442.855,434.416,437.791,213403,,,-1.0492,hfq
2025-08-11,436.103,451.716,435.260,450.028,273949,,,2.7952,hfq
2025-08-12,448.762,451.716,444.542,448.762,181926,,,-0.2813,hfq
2025-08-13,449.184,453.825,442.011,450.872,260245,,,0.4702,hfq
2025-08-14,473.657,482.096,453.825,455.513,693815,,,1.0293,hfq
2025-08-15,447.918,457.201,440.323,456.779,399303,,,0.2779,hfq
2025-08-18,452.559,458.467,451.294,455.513,366424,,,-0.2772,hfq
2025-08-19,453.403,477.454,450.872,465.640,531614,,,2.2232,hfq
2025-08-20,463.530,463.952,453.403,463.108,280256,,,-0.5438,hfq
2025-08-21,463.108,498.552,463.108,490.957,742439,,,6.0135,hfq
2025-08-22,487.581,493.489,478.720,493.067,488468,,,0.4298,hfq
2025-08-25,493.067,494.332,478.298,488.425,457409,,,-0.9415,hfq
2025-08-26,486.737,498.552,476.611,492.223,422519,,,0.7776,hfq
2025-08-27,497.286,503.193,481.674,482.518,552084,,,-1.9717,hfq
2025-08-28,482.518,485.893,459.733,479.142,525563,,,-0.6997,hfq
2025-08-29,475.767,483.362,468.594,479.986,333690,,,0.1761,hfq
2025-09-01,485.471,496.442,476.611,479.142,301595,,,-0.1758,hfq
2025-09-02,475.767,477.876,460.155,461.842,309197,,,-3.6106,hfq
2025-09-03,461.842,464.374,442.433,444.964,245863,,,-3.6545,hfq
2025-09-04,444.964,450.450,426.399,433.994,261590,,,-2.4654,hfq
2025-09-05,436.103,441.589,427.243,441.167,188031,,,1.6528,hfq
2025-09-08,441.167,449.606,438.213,444.542,214445,,,0.7650,hfq
2025-09-09,444.121,486.315,434.838,486.315,628412,,,9.3969,hfq
2025-09-10,473.235,481.252,459.733,464.374,628297,,,-4.5117,hfq
2025-09-11,457.201,466.906,449.184,465.218,362724,,,0.1818,hfq
2025-09-12,467.328,484.206,465.218,475.345,478562,,,2.1768,hfq
2025-09-15,485.893,521.337,479.142,489.691,807785,,,3.0180,hfq
2025-09-16,499.818,501.084,478.298,483.784,395938,,,-1.2063,hfq
2025-09-17,483.784,493.910,481.252,484.628,323890,,,0.1745,hfq
2025-09-18,482.518,485.050,458.889,464.796,415887,,,-4.0922,hfq
2025-09-19,466.062,472.813,456.779,463.952,284053,,,-0.1816,hfq
2025-09-22,461.420,461.420,454.669,458.889,183486,,,-1.0913,hfq
2025-09-23,460.998,462.264,438.213,448.340,255734,,,-2.2988,hfq
2025-09-24,447.496,471.547,444.964,471.547,315557,,,5.1762,hfq
2025-09-25,473.657,488.425,472.391,477.876,379880,,,1.3422,hfq
2025-09-26,477.033,478.298,459.311,460.577,257923,,,-3.6200,hfq
2025-09-29,460.577,469.859,457.201,469.859,201651,,,2.0153,hfq
2025-09-30,470.703,471.547,460.998,464.796,175382,,,-1.0776,hfq
2025-10-09,464.374,498.974,463.530,490.957,559503,,,5.6285,hfq
2025-10-10,486.315,486.315,466.062,466.062,368439,,,-5.0707,hfq
2025-10-13,451.716,478.298,448.340,463.108,316677,,,-0.6338,hfq
2025-10-14,462.686,472.391,444.121,447.074,303894,,,-3.4623,hfq
2025-10-15,451.716,464.374,444.542,457.201,203041,,,2.2652,hfq
2025-10-16,457.623,459.733,442.855,447.074,187481,,,-2.2150,hfq
2025-10-17,444.121,445.808,421.335,421.757,259817,,,-5.6628,hfq
2025-10-20,425.133,429.774,423.445,427.243,117990,,,1.3007,hfq
2025-10-21,426.821,434.838,425.133,433.994,132408,,,1.5801,hfq
2025-10-22,431.884,434.838,428.508,431.462,86632,,,-0.5834,hfq
2025-10-23,430.196,432.306,421.335,431.462,103896,,,0.0000,hfq
2025-10-24,431.884,438.213,431.040,435.260,128106,,,0.8803,hfq
2025-10-27,436.103,438.635,427.664,431.884,137804,,,-0.7756,hfq
2025-10-28,430.196,437.791,428.086,434.416,119274,,,0.5863,hfq
2025-10-29,431.040,433.150,425.977,431.884,134715,,,-0.5829,hfq
2025-10-30,431.462,431.462,422.179,422.179,177116,,,-2.2471,hfq
2025-10-31,422.179,433.572,419.226,430.196,176660,,,1.8990,hfq
2025-11-03,433.572,433.994,425.555,432.728,128181,,,0.5886,hfq
2025-11-04,429.352,430.618,414.584,420.069,223968,,,-2.9254,hfq
2025-11-05,415.006,418.382,407.411,416.694,160313,,,-0.8034,hfq
2025-11-06,416.272,416.272,408.677,410.787,141838,,,-1.4176,hfq
2025-11-07,409.099,411.208,406.145,406.567,113184,,,-1.0273,hfq
2025-11-10,406.145,409.943,405.723,408.677,86363,,,0.5190,hfq
2025-11-11,408.677,409.521,404.457,406.567,106329,,,-0.5163,hfq
2025-11-12,405.301,405.723,398.128,401.082,120050,,,-1.3491,hfq
2025-11-13,401.926,439.901,400.238,439.901,267891,,,9.6786,hfq
2025-11-14,435.682,437.791,421.335,424.711,569965,,,-3.4530,hfq
2025-11-17,418.382,441.167,411.630,436.947,474846,,,2.8810,hfq
2025-11-18,439.901,479.142,439.901,479.142,687640,,,9.6568,hfq
2025-11-19,495.176,519.649,479.142,488.425,1519144,,,1.9374,hfq
2025-11-20,486.737,488.003,457.201,466.484,898281,,,-4.4922,hfq
2025-11-21,457.201,467.328,442.855,452.559,705524,,,-2.9851,hfq
2025-11-24,461.420,496.442,449.606,496.442,615360,,,9.6966,hfq
2025-11-25,520.493,544.544,517.118,532.730,2100175,,,7.3096,hfq
2025-11-26,526.822,584.629,526.822,584.629,1183802,,,9.7421,hfq
2025-11-27,555.093,555.093,527.666,527.666,1138638,,,-9.7434,hfq
2025-11-28,517.540,541.169,512.054,524.291,1276611,,,-0.6396,hfq
2025-12-01,519.649,532.308,512.054,519.649,862665,,,-0.8854,hfq
2025-12-02,515.008,515.852,490.957,497.708,811886,,,-4.2223,hfq
2025-12-03,500.662,501.506,477.033,478.720,671416,,,-3.8151,hfq
2025-12-04,477.033,483.784,469.437,470.703,526867,,,-1.6747,hfq
2025-12-05,470.703,477.033,464.374,476.611,463248,,,1.2551,hfq
2025-12-08,474.079,488.003,472.391,484.628,614919,,,1.6821,hfq
2025-12-09,482.518,488.425,471.125,471.547,453326,,,-2.6992,hfq
2025-12-10,472.813,480.830,470.281,475.345,343795,,,0.8054,hfq
2025-12-11,480.830,491.801,467.328,469.859,578835,,,-1.1541,hfq
2025-12-12,469.859,474.923,456.779,461.842,447149,,,-1.7063,hfq
2025-12-15,456.779,459.733,449.184,450.450,305636,,,-2.4666,hfq
2025-12-16,448.762,452.138,437.369,439.057,292835,,,-2.5292,hfq
2025-12-17,442.011,446.652,433.994,444.542,266945,,,1.2493,hfq
2025-12-18,440.323,455.935,437.791,447.496,300364,,,0.6645,hfq
2025-12-19,448.340,452.138,442.855,449.184,229612,,,0.3772,hfq
2025-12-22,450.028,467.328,446.652,455.513,455698,,,1.4090,hfq
2025-12-23,451.294,455.091,442.433,445.386,291768,,,-2.2232,hfq
2025-12-24,441.167,451.716,440.745,450.028,216247,,,1.0422,hfq
2025-12-25,448.340,456.357,447.918,454.669,214051,,,1.0313,hfq
2025-12-26,453.825,459.311,447.918,455.513,232263,,,0.1856,hfq
2025-12-29,452.981,458.889,450.450,453.403,205446,,,-0.4632,hfq
2025-12-30,454.669,467.328,454.669,459.311,426155,,,1.3030,hfq
2025-12-31,458.889,487.581,457.201,470.703,708885,,,2.4802,hfq
2026-01-05,471.125,492.223,469.437,491.379,741314,,,4.3926,hfq
2026-01-06,488.425,495.176,484.628,492.223,552466,,,0.1718,hfq
2026-01-07,490.535,491.379,480.408,482.096,420544,,,-2.0574,hfq
2026-01-08,482.518,509.523,477.033,492.223,580255,,,2.1006,hfq
2026-01-09,488.425,520.915,485.893,519.649,767612,,,5.5719,hfq
2026-01-12,529.354,570.283,520.493,558.891,1312634,,,7.5516,hfq
2026-01-13,570.705,604.039,552.983,576.612,1247785,,,3.1707,hfq
2026-01-14,632.732,632.732,632.732,632.732,172116,,,9.7327,hfq
2026-01-15,694.758,694.758,680.834,694.758,711047,,,9.8029,hfq
2026-01-16,631.044,688.007,631.044,664.800,1985630,,,-4.3120,hfq
2026-01-19,650.032,721.763,647.078,678.724,1382837,,,2.0945,hfq
2026-01-20,688.851,712.902,612.056,623.871,1394116,,,-8.0818,hfq
2026-01-21,625.558,646.234,599.820,601.085,836197,,,-3.6524,hfq
2026-01-22,590.959,604.461,584.208,590.115,627469,,,-1.8250,hfq
2026-01-23,601.929,620.495,577.878,587.161,1032553,,,-0.5006,hfq
2026-01-26,590.959,601.929,560.578,574.503,731424,,,-2.1558,hfq
2026-01-27,574.925,590.115,551.295,577.034,827306,,,0.4406,hfq
2026-01-28,579.566,589.271,565.642,566.064,775331,,,-1.9011,hfq
2026-01-29,558.469,598.554,553.827,570.705,920024,,,0.8199,hfq
2026-01-30,562.688,574.925,544.544,553.827,569968,,,-2.9574,hfq
2026-02-02,547.498,587.583,540.325,553.827,768638,,,0.0000,hfq
2026-02-03,563.954,581.254,561.844,577.878,709477,,,4.3427,hfq
2026-02-04,574.503,579.144,549.608,562.688,594834,,,-2.6286,hfq
2026-02-05,561.000,586.739,554.671,580.410,912575,,,3.1495,hfq
2026-02-06,574.925,582.942,524.291,556.359,1206544,,,-4.1438,hfq
2026-02-09,563.110,566.908,536.949,547.498,884751,,,-1.5927,hfq
2026-02-10,552.139,572.815,536.105,562.266,880172,,,2.6974,hfq
2026-02-11,561.844,570.705,551.295,555.515,477748,,,-1.2007,hfq
2026-02-12,553.827,558.891,548.764,550.452,390026,,,-0.9114,hfq
2026-02-13,548.342,558.891,539.481,541.169,350458,,,-1.6864,hfq
2026-02-24,542.013,542.013,511.210,511.632,576888,,,-5.4580,hfq
2026-02-25,513.742,517.540,508.679,516.696,331091,,,0.9898,hfq
2026-02-26,515.430,517.540,509.523,510.788,248341,,,-1.1434,hfq
2026-02-27,509.101,522.603,507.835,513.742,346151,,,0.5783,hfq
2026-03-02,498.974,509.523,492.645,497.708,373502,,,-3.1210,hfq
2026-03-03,496.864,501.927,474.501,476.611,309164,,,-4.2388,hfq
2026-03-04,469.437,481.252,468.172,471.547,270025,,,-1.0625,hfq
2026-03-05,480.830,482.940,475.767,477.876,222290,,,1.3422,hfq
2026-03-06,474.501,482.940,474.079,479.142,149115,,,0.2649,hfq
2026-03-09,472.391,487.581,467.750,485.893,296144,,,1.4090,hfq
2026-03-10,488.425,498.130,483.362,489.691,279457,,,0.7817,hfq
2026-03-11,489.691,491.379,482.096,484.628,200241,,,-1.0339,hfq
2026-03-12,484.628,488.847,479.142,481.252,177840,,,-0.6966,hfq
2026-03-13,479.564,481.252,469.437,471.125,186147,,,-2.1043,hfq
2026-03-16,471.969,481.674,469.859,479.564,203678,,,1.7912,hfq
2026-03-17,482.940,483.784,469.437,469.859,196004,,,-2.0237,hfq
2026-03-18,473.657,479.564,469.437,479.142,171458,,,1.9757,hfq
2026-03-19,470.703,473.235,466.062,469.015,185820,,,-2.1136,hfq
2026-03-20,472.813,472.813,454.669,455.091,211624,,,-2.9688,hfq
2026-03-23,444.964,447.496,424.711,427.243,291082,,,-6.1192,hfq
2026-03-24,436.947,441.589,430.196,440.745,216400,,,3.1603,hfq
2026-03-25,442.433,454.669,441.167,448.762,199851,,,1.8190,hfq
2026-03-26,445.808,448.340,432.728,434.416,202966,,,-3.1968,hfq
2026-03-27,432.728,439.901,428.930,435.682,156484,,,0.2914,hfq
2026-03-30,427.664,434.416,423.023,432.306,163933,,,-0.7749,hfq
2026-03-31,431.884,440.323,428.930,429.352,151208,,,-0.6833,hfq
2026-04-01,439.057,439.057,430.618,433.572,128160,,,0.9829,hfq
2026-04-02,430.618,432.306,408.677,412.052,245466,,,-4.9634,hfq
2026-04-03,414.584,417.116,401.082,402.348,146892,,,-2.3550,hfq
2026-04-07,403.191,409.521,402.770,406.989,128446,,,1.1535,hfq
2026-04-08,414.584,432.306,414.162,431.884,249813,,,6.1169,hfq
2026-04-09,425.133,426.821,418.382,419.226,165281,,,-2.9309,hfq
2026-04-10,423.023,430.618,423.023,425.977,161330,,,1.6103,hfq
2026-04-13,418.804,424.711,417.538,421.335,119280,,,-1.0897,hfq
2026-04-14,427.243,428.930,417.116,422.179,125927,,,0.2003,hfq
2026-04-15,424.289,425.977,415.850,417.538,148638,,,-1.0993,hfq
2026-04-16,417.960,428.508,417.960,425.555,190580,,,1.9201,hfq
2026-04-17,425.133,427.664,419.226,425.555,132007,,,0.0000,hfq
2026-04-20,425.133,436.947,423.445,430.618,196561,,,1.1897,hfq
2026-04-21,429.774,429.774,419.647,420.913,152342,,,-2.2537,hfq
2026-04-22,420.069,428.508,417.960,427.664,148772,,,1.6039,hfq
2026-04-23,427.664,430.618,417.116,420.069,159121,,,-1.7759,hfq
2026-04-24,417.960,420.069,409.099,413.318,153210,,,-1.6071,hfq
2026-04-27,412.474,423.445,406.989,418.382,191929,,,1.2252,hfq
2026-04-28,425.555,444.121,423.445,427.664,504830,,,2.2185,hfq
2026-04-29,424.711,438.213,424.289,433.994,300689,,,1.4801,hfq
2026-04-30,431.884,445.808,431.462,439.057,290105,,,1.1666,hfq
2026-05-06,440.745,450.450,440.323,444.542,382070,,,1.2493,hfq
2026-05-07,445.386,450.450,441.589,449.606,303243,,,1.1391,hfq
2026-05-08,451.716,467.328,447.496,465.218,582851,,,3.4724,hfq
2026-05-11,460.998,467.328,452.559,455.091,456372,,,-2.1768,hfq
2026-05-12,452.981,453.825,440.323,441.589,391817,,,-2.9669,hfq
2026-05-13,440.745,442.433,433.572,442.011,490017,,,0.0956,hfq
2026-05-14,448.762,450.872,419.226,420.069,446496,,,-4.9641,hfq
2026-05-15,420.913,428.508,407.411,410.787,396324,,,-2.2096,hfq
2026-05-18,406.567,425.555,404.457,412.052,431714,,,0.3079,hfq
2026-05-19,411.630,416.694,400.660,409.943,331241,,,-0.5118,hfq
2026-05-20,406.567,407.411,392.643,393.909,323949,,,-3.9113,hfq
2026-05-21,396.440,402.770,382.094,383.782,308976,,,-2.5709,hfq
2026-05-22,385.470,389.689,378.296,386.314,216514,,,0.6597,hfq
2026-05-25,388.001,391.799,381.250,386.735,183302,,,0.1090,hfq
2026-05-26,383.360,384.626,371.967,378.296,228824,,,-2.1821,hfq
2026-05-27,376.609,378.718,363.106,364.372,220739,,,-3.6807,hfq
2026-05-28,364.794,371.967,355.511,367.748,259564,,,0.9265,hfq
2026-05-29,371.967,382.516,358.887,361.419,229609,,,-1.7210,hfq
2026-06-01,361.419,383.782,360.153,371.967,335930,,,2.9185,hfq
2026-06-02,372.389,379.562,364.372,369.014,224498,,,-0.7939,hfq
2026-06-03,365.216,370.279,358.043,361.840,223321,,,-1.9441,hfq
2026-06-04,358.465,363.950,351.714,354.667,197559,,,-1.9824,hfq
2026-06-05,356.355,362.684,353.823,354.245,164888,,,-0.1190,hfq
2026-06-08,347.494,354.667,339.899,345.384,195493,,,-2.5014,hfq
2026-06-09,348.338,378.718,341.587,363.528,529937,,,5.2533,hfq
2026-06-10,365.216,370.279,353.823,355.089,374285,,,-2.3214,hfq
2026-06-11,352.136,358.887,337.367,340.743,287978,,,-4.0401,hfq
2026-06-12,345.806,350.870,340.743,345.806,221959,,,1.4859,hfq
2026-06-15,351.292,354.245,344.963,349.182,197245,,,0.9763,hfq
2026-06-16,347.494,347.916,338.211,341.165,224355,,,-2.2959,hfq
2026-06-17,342.009,342.431,334.836,340.743,201189,,,-0.1237,hfq
2026-06-18,339.477,344.963,333.992,338.211,181118,,,-0.7431,hfq
2026-06-22,333.992,344.963,327.663,342.853,260991,,,1.3725,hfq
2026-06-23,340.321,347.494,334.836,336.946,200160,,,-1.7229,hfq
2026-06-24,336.946,336.946,324.709,330.616,185128,,,-1.8786,hfq
2026-06-25,328.507,331.460,321.755,325.975,191085,,,-1.4037,hfq
2026-06-26,323.443,325.553,310.363,310.785,226106,,,-4.6599,hfq
2026-06-29,309.519,315.848,305.299,313.738,180743,,,0.9502,hfq
2026-06-30,312.894,321.333,312.894,319.224,164233,,,1.7486,hfq
2026-07-01,319.224,333.148,316.692,328.085,225315,,,2.7758,hfq
2026-07-02,327.663,333.992,325.131,329.350,237559,,,0.3856,hfq
2026-07-03,330.194,335.680,327.663,333.570,186292,,,1.2813,hfq
2026-07-06,333.148,336.524,327.663,328.928,140154,,,-1.3916,hfq
2026-07-07,328.507,330.194,320.490,322.177,119383,,,-2.0524,hfq
2026-07-08,322.177,337.367,321.333,333.992,267317,,,3.6672,hfq
2026-07-09,331.038,338.633,326.819,332.726,238971,,,-0.3791,hfq
2026-07-10,332.726,348.338,329.772,340.743,282042,,,2.4095,hfq
2026-07-13,339.055,342.431,327.663,328.507,211647,,,-3.5910,hfq
2026-07-14,328.507,330.194,320.068,327.241,175558,,,-0.3854,hfq
2026-07-15,327.241,336.102,324.709,332.304,176839,,,1.5472,hfq
2026-07-16,334.414,349.604,329.350,340.743,289840,,,2.5395,hfq
2026-07-17,335.258,342.853,321.333,323.443,286419,,,-5.0771,hfq
2026-07-20,325.975,332.304,321.333,330.616,264881,,,2.2177,hfq
2026-07-21,328.085,342.853,328.085,339.899,346958,,,2.8078,hfq
2026-07-22,336.102,339.477,330.616,337.789,259640,,,-0.6208,hfq
2026-07-23,334.414,336.524,328.507,336.102,235328,,,-0.4994,hfq
2026-07-24,332.726,332.726,322.177,322.177,189054,,,-4.1431,hfq
2026-07-27,322.599,333.148,319.224,333.148,200375,,,3.4053,hfq
2026-07-28,331.038,352.558,329.350,351.292,491678,,,5.4462,hfq
2026-07-29,347.916,358.043,347.494,349.604,332537,,,-0.4805,hfq
2026-07-30,349.604,365.638,348.338,361.419,413461,,,3.3795,hfq
2026-07-31,353.823,387.579,351.714,373.655,704699,,,3.3855,hfq
2026-08-03,373.655,377.875,366.060,371.967,441181,,,-0.4518,hfq
2026-08-04,371.967,379.140,369.858,374.921,381021,,,0.7942,hfq
2026-08-05,371.123,383.782,371.123,375.765,395551,,,0.2251,hfq
2026-08-06,372.389,383.782,371.123,374.499,322167,,,-0.3369,hfq
2026-08-07,372.811,372.811,357.199,360.997,430636,,,-3.6054,hfq
2026-08-10,360.575,395.596,356.355,395.596,413792,,,9.5843,hfq
2026-08-11,420.069,428.508,381.672,387.579,1070221,,,-2.0266,hfq
2026-08-12,388.001,392.221,375.343,377.875,628817,,,-2.5037,hfq
2026-08-13,379.140,398.128,367.326,367.748,589755,,,-2.6800,hfq
2026-08-14,366.482,403.191,365.638,385.048,1036011,,,4.7043,hfq
2026-08-17,377.031,377.031,356.355,365.216,838043,,,-5.1505,hfq
2026-08-18,360.575,361.840,350.448,359.309,531234,,,-1.6174,hfq
2026-08-19,352.980,354.667,339.055,339.477,319221,,,-5.5195,hfq
2026-08-20,342.431,347.072,339.477,339.899,256844,,,0.1243,hfq
2026-08-21,336.102,339.477,332.726,338.211,195520,,,-0.4966,hfq
2026-08-24,338.211,338.211,329.772,333.992,159666,,,-1.2474,hfq
2026-08-25,332.726,343.275,330.616,342.009,187056,,,2.4004,hfq
2026-08-26,338.211,346.650,338.211,341.165,190009,,,-0.2468,hfq
2026-08-27,340.321,342.853,337.789,339.899,167714,,,-0.3711,hfq
2026-08-28,342.009,348.760,341.165,342.009,253285,,,0.6208,hfq
2026-08-31,338.211,347.916,336.946,347.494,223095,,,1.6038,hfq
2026-09-01,347.916,355.933,346.228,354.667,338952,,,2.0642,hfq
2026-09-02,351.292,353.402,346.650,348.760,171829,,,-1.6655,hfq
2026-09-03,350.448,353.402,345.384,346.650,137988,,,-0.6050,hfq
2026-09-04,348.760,360.997,348.760,353.402,354229,,,1.9478,hfq
2026-09-07,352.136,355.933,348.760,350.870,222039,,,-0.7165,hfq
2026-09-08,349.604,354.667,347.072,353.823,151781,,,0.8416,hfq
2026-09-09,352.558,352.980,343.275,346.228,160927,,,-2.1466,hfq
2026-09-10,344.119,346.650,339.899,340.743,116441,,,-1.5842,hfq
2026-09-11,339.477,339.477,331.882,336.524,139203,,,-1.2382,hfq
2026-09-14,336.102,341.587,333.570,338.633,97170,,,0.6267,hfq
2026-09-15,337.789,341.165,331.460,332.726,116672,,,-1.7444,hfq
2026-09-16,331.038,333.570,327.241,331.038,114750,,,-0.5073,hfq
2026-09-17,328.928,334.836,328.928,331.882,80714,,,0.2550,hfq
2026-09-18,333.148,336.102,331.882,333.570,103940,,,0.5086,hfq
