trade_date,open,high,low,close,volume,amount,turnover,pct_change,adjust
2010-02-05,33.500,34.640,33.100,33.670,122832,,,,hfq
2010-02-08,34.000,34.340,33.160,34.040,61967,,,1.0989,hfq
2010-02-09,33.450,33.600,32.850,33.050,30747,,,-2.9083,hfq
2010-02-10,33.190,33.450,32.700,33.370,21134,,,0.9682,hfq
2010-02-11,33.280,33.280,32.910,33.030,14005,,,-1.0189,hfq
2010-02-12,33.200,33.700,33.000,33.550,16222,,,1.5743,hfq
2010-02-22,33.300,33.520,33.030,33.110,11075,,,-1.3115,hfq
2010-02-23,33.000,33.220,31.900,32.670,14629,,,-1.3289,hfq
2010-02-24,32.380,33.890,32.150,33.800,27176,,,3.4588,hfq
2010-02-25,33.960,35.880,33.900,35.250,57502,,,4.2899,hfq
2010-02-26,35.010,35.600,34.800,35.560,34782,,,0.8794,hfq
2010-03-01,35.810,38.800,35.800,37.740,60985,,,6.1305,hfq
2010-03-02,37.700,38.530,37.200,38.300,30188,,,1.4838,hfq
2010-03-03,38.120,38.420,37.100,37.770,27814,,,-1.3838,hfq
2010-03-04,37.640,38.180,36.890,37.600,30237,,,-0.4501,hfq
2010-03-05,37.500,38.990,37.020,38.100,28956,,,1.3298,hfq
2010-03-08,38.000,38.060,37.370,37.560,18134,,,-1.4173,hfq
2010-03-09,37.730,37.890,37.130,37.890,15881,,,0.8786,hfq
2010-03-10,37.890,37.890,35.610,35.810,24374,,,-5.4896,hfq
2010-03-11,35.610,36.360,34.820,35.860,21986,,,0.1396,hfq
2010-03-12,35.690,36.630,35.100,35.190,18473,,,-1.8684,hfq
2010-03-15,35.480,35.480,34.500,34.830,12341,,,-1.0230,hfq
2010-03-16,35.000,35.350,34.630,35.030,13068,,,0.5742,hfq
2010-03-17,35.450,36.290,35.400,36.050,18346,,,2.9118,hfq
2010-03-18,36.060,36.100,35.510,35.960,13049,,,-0.2497,hfq
2010-03-19,35.750,36.840,35.600,36.720,15496,,,2.1135,hfq
2010-03-22,36.550,37.280,36.430,37.040,15222,,,0.8715,hfq
2010-03-23,37.470,37.470,36.550,37.000,12387,,,-0.1080,hfq
2010-03-24,37.190,38.800,36.690,38.450,32164,,,3.9189,hfq
2010-03-25,38.500,38.600,37.500,37.650,18053,,,-2.0806,hfq
2010-03-26,36.900,37.180,36.200,36.840,24675,,,-2.1514,hfq
2010-03-29,36.950,37.600,36.520,37.550,17476,,,1.9273,hfq
2010-03-30,37.450,40.200,37.050,39.960,37714,,,6.4181,hfq
2010-03-31,39.540,40.460,39.540,40.050,21464,,,0.2252,hfq
2010-04-01,39.850,41.300,39.150,39.250,25745,,,-1.9975,hfq
2010-04-02,39.260,39.990,38.700,39.000,20865,,,-0.6369,hfq
2010-04-06,38.950,40.290,38.900,40.050,16355,,,2.6923,hfq
2010-04-07,39.830,40.600,39.680,40.440,15169,,,0.9738,hfq
2010-04-08,40.390,40.680,39.900,40.180,16359,,,-0.6429,hfq
2010-04-09,40.180,41.290,39.930,41.150,15217,,,2.4141,hfq
2010-04-12,41.520,42.420,40.990,41.290,17310,,,0.3402,hfq
2010-04-13,41.290,41.500,37.520,38.900,23029,,,-5.7883,hfq
2010-04-14,38.800,39.000,38.000,38.290,11249,,,-1.5681,hfq
2010-04-16,37.000,38.750,36.900,38.610,8042,,,0.8357,hfq
2010-04-19,38.000,38.950,38.000,38.340,10389,,,-0.6993,hfq
2010-04-20,38.100,38.880,37.300,38.870,6891,,,1.3824,hfq
2010-04-21,38.880,40.050,38.510,39.940,14737,,,2.7528,hfq
2010-04-22,39.940,40.600,39.700,39.910,14659,,,-0.0751,hfq
2010-04-23,40.110,40.460,38.410,38.450,15278,,,-3.6582,hfq
2010-04-26,38.210,39.500,38.210,38.740,13915,,,0.7542,hfq
2010-04-27,38.540,38.560,34.920,36.030,19102,,,-6.9954,hfq
2010-04-28,35.780,36.450,34.250,34.600,16562,,,-3.9689,hfq
2010-04-29,35.000,35.600,33.890,33.960,12013,,,-1.8497,hfq
2010-04-30,34.080,35.230,33.800,34.840,10812,,,2.5913,hfq
2010-05-04,34.280,35.840,33.900,35.500,9948,,,1.8944,hfq
2010-05-05,34.500,36.600,33.500,35.900,39549,,,1.1268,hfq
2010-05-06,35.700,35.900,34.700,35.200,24717,,,-1.9499,hfq
2010-05-07,34.800,37.450,33.700,36.990,42673,,,5.0852,hfq
2010-05-10,36.180,37.100,35.110,35.350,28197,,,-4.4336,hfq
2010-05-11,36.000,36.370,34.500,34.700,20606,,,-1.8388,hfq
2010-05-12,34.080,34.750,32.410,33.150,24039,,,-4.4669,hfq
2010-05-13,33.160,34.100,33.000,33.850,10855,,,2.1116,hfq
2010-05-14,33.860,34.280,33.540,33.840,7720,,,-0.0295,hfq
2010-05-17,33.500,33.660,32.750,32.840,9749,,,-2.9551,hfq
2010-05-18,32.700,33.000,31.460,32.860,17950,,,0.0609,hfq
2010-05-19,32.500,34.100,32.350,33.920,14480,,,3.2258,hfq
2010-05-20,33.380,34.520,33.020,33.220,10194,,,-2.0637,hfq
2010-05-21,32.050,34.500,31.500,34.360,13156,,,3.4317,hfq
2010-05-24,34.400,35.580,34.370,35.350,12913,,,2.8813,hfq
2010-05-25,35.000,35.340,34.520,34.820,10140,,,-1.4993,hfq
2010-05-26,34.820,35.280,33.710,33.810,10011,,,-2.9006,hfq
2010-05-27,33.810,35.150,33.510,35.150,10811,,,3.9633,hfq
2010-05-28,35.300,36.080,35.030,36.000,22162,,,2.4182,hfq
2010-05-31,35.810,36.350,34.830,34.840,18663,,,-3.2222,hfq
2010-06-01,34.460,34.860,32.760,32.800,24453,,,-5.8553,hfq
2010-06-02,32.750,33.880,32.500,33.710,16443,,,2.7744,hfq
2010-06-03,33.750,34.580,33.010,33.010,14463,,,-2.0765,hfq
2010-06-04,33.000,34.120,32.950,33.900,6789,,,2.6962,hfq
2010-06-07,33.480,35.560,33.060,34.900,22449,,,2.9499,hfq
2010-06-08,35.080,36.150,35.010,35.630,21099,,,2.0917,hfq
2010-06-09,35.550,36.730,35.280,36.450,19288,,,2.3014,hfq
2010-06-10,36.350,37.080,36.190,36.600,10210,,,0.4115,hfq
2010-06-11,36.860,37.000,36.060,36.200,8244,,,-1.0929,hfq
2010-06-17,36.250,36.780,35.000,35.110,6125,,,-3.0110,hfq
2010-06-18,35.130,36.450,34.140,34.650,11198,,,-1.3102,hfq
2010-06-21,34.600,35.650,33.660,35.400,7710,,,2.1645,hfq
2010-06-22,35.200,36.300,35.140,35.910,7358,,,1.4407,hfq
2010-06-23,35.670,36.730,35.320,36.090,8101,,,0.5013,hfq
2010-06-24,35.990,36.680,35.730,36.500,7126,,,1.1360,hfq
2010-06-25,36.200,36.690,34.900,35.400,6891,,,-3.0137,hfq
2010-06-28,35.260,35.620,34.600,34.750,6175,,,-1.8362,hfq
2010-06-29,34.550,35.120,32.500,32.840,10512,,,-5.4964,hfq
2010-06-30,32.500,33.240,32.080,33.000,5526,,,0.4872,hfq
2010-07-01,32.800,33.500,32.030,32.380,7597,,,-1.8788,hfq
2010-07-02,32.500,32.940,31.170,32.080,11816,,,-0.9265,hfq
2010-07-05,31.830,32.780,31.060,32.600,8837,,,1.6209,hfq
2010-07-06,32.110,33.180,32.110,33.050,7266,,,1.3804,hfq
2010-07-07,33.070,33.480,32.800,33.380,6638,,,0.9985,hfq
2010-07-08,33.600,33.860,32.810,33.430,7011,,,0.1498,hfq
2010-07-09,33.500,34.280,33.210,34.070,9037,,,1.9144,hfq
2010-07-12,34.120,34.120,33.500,33.700,5120,,,-1.0860,hfq
2010-07-13,33.330,33.400,32.610,32.900,7854,,,-2.3739,hfq
2010-07-14,32.900,33.360,32.790,33.160,4951,,,0.7903,hfq
2010-07-15,32.900,33.100,32.520,32.660,4368,,,-1.5078,hfq
2010-07-16,32.500,32.950,32.000,32.750,2676,,,0.2756,hfq
2010-07-19,32.480,33.470,32.020,33.350,3725,,,1.8321,hfq
2010-07-20,33.720,34.150,33.400,34.000,6198,,,1.9490,hfq
2010-07-21,34.000,34.290,33.350,33.800,7318,,,-0.5882,hfq
2010-07-22,33.800,34.100,33.490,34.000,5079,,,0.5917,hfq
2010-07-23,34.010,34.100,33.300,33.690,8539,,,-0.9118,hfq
2010-07-26,33.690,34.970,33.560,34.700,9774,,,2.9979,hfq
2010-07-27,34.700,34.700,34.190,34.350,7011,,,-1.0086,hfq
2010-07-28,34.350,34.940,34.110,34.810,6579,,,1.3392,hfq
2010-07-29,34.930,35.240,34.460,34.730,6781,,,-0.2298,hfq
2010-07-30,34.520,35.270,34.230,35.170,8320,,,1.2669,hfq
2010-08-02,35.110,35.820,34.980,35.500,13217,,,0.9383,hfq
2010-08-03,35.000,35.150,33.680,33.790,63271,,,-4.8169,hfq
2010-08-04,33.740,33.750,32.520,33.150,38173,,,-1.8941,hfq
2010-08-05,33.150,33.530,32.960,33.270,21425,,,0.3620,hfq
2010-08-06,33.290,33.740,32.910,33.650,24320,,,1.1422,hfq
2010-08-09,33.660,34.680,33.660,34.680,40325,,,3.0609,hfq
2010-08-10,34.700,34.850,33.200,33.200,25827,,,-4.2676,hfq
2010-08-11,32.600,33.730,32.600,33.580,15529,,,1.1446,hfq
2010-08-12,33.150,33.850,32.960,33.190,12221,,,-1.1614,hfq
2010-08-13,33.240,33.940,33.240,33.690,20125,,,1.5065,hfq
2010-08-16,33.650,34.290,33.480,34.200,28537,,,1.5138,hfq
2010-08-17,34.200,34.390,33.820,34.170,22542,,,-0.0877,hfq
2010-08-18,34.160,34.280,33.550,33.900,22232,,,-0.7902,hfq
2010-08-19,33.890,34.530,33.660,34.190,27853,,,0.8555,hfq
2010-08-20,34.190,34.330,33.090,33.300,23914,,,-2.6031,hfq
2010-08-23,33.330,33.440,33.120,33.300,13249,,,0.0000,hfq
2010-08-24,33.300,33.430,32.780,33.350,13601,,,0.1502,hfq
2010-08-26,32.910,33.150,32.300,32.620,18988,,,-2.1889,hfq
2010-08-27,32.660,32.700,32.240,32.660,17120,,,0.1226,hfq
2010-08-30,32.680,33.480,32.680,33.290,16515,,,1.9290,hfq
2010-08-31,33.300,33.570,33.080,33.450,10929,,,0.4806,hfq
2010-09-01,33.450,33.980,32.690,32.950,17351,,,-1.4948,hfq
2010-09-02,33.280,33.970,33.020,33.760,19569,,,2.4583,hfq
2010-09-03,33.910,34.550,33.610,33.940,26460,,,0.5332,hfq
2010-09-06,34.120,34.500,33.540,33.860,17499,,,-0.2357,hfq
2010-09-07,33.790,34.280,33.580,34.200,13596,,,1.0041,hfq
2010-09-08,34.000,34.570,33.920,34.420,22090,,,0.6433,hfq
2010-09-09,34.390,34.500,33.300,33.410,23267,,,-2.9343,hfq
2010-09-10,33.500,33.850,32.800,33.580,14327,,,0.5088,hfq
2010-09-13,33.640,34.240,33.370,34.240,15427,,,1.9655,hfq
2010-09-14,34.410,34.480,33.800,33.990,18692,,,-0.7301,hfq
2010-09-15,33.980,34.860,33.760,34.070,30339,,,0.2354,hfq
2010-09-16,34.110,34.290,32.860,33.190,19860,,,-2.5829,hfq
2010-09-17,33.000,33.240,32.520,32.940,15622,,,-0.7532,hfq
2010-09-20,32.920,33.030,32.620,32.780,9644,,,-0.4857,hfq
2010-09-21,32.870,32.870,32.100,32.120,10760,,,-2.0134,hfq
2010-09-27,32.000,32.450,31.910,32.400,8631,,,0.8717,hfq
2010-09-28,32.500,32.500,31.500,31.650,12752,,,-2.3148,hfq
2010-09-29,31.600,31.770,30.290,30.410,17665,,,-3.9179,hfq
2010-09-30,30.260,30.770,29.680,30.770,25436,,,1.1838,hfq
2010-10-08,30.800,31.520,30.530,31.250,16214,,,1.5600,hfq
2010-10-11,31.340,31.440,30.630,31.170,19526,,,-0.2560,hfq
2010-10-12,31.120,31.160,30.800,30.960,17157,,,-0.6737,hfq
2010-10-13,30.930,31.130,30.780,31.110,21711,,,0.4845,hfq
2010-10-14,31.250,31.300,29.700,29.890,29820,,,-3.9216,hfq
2010-10-15,29.770,30.150,29.580,30.020,18166,,,0.4349,hfq
2010-10-18,29.980,29.980,29.060,29.690,15322,,,-1.0993,hfq
2010-10-19,29.660,31.140,29.640,30.900,21660,,,4.0754,hfq
2010-10-20,30.500,31.280,30.210,30.750,17828,,,-0.4854,hfq
2010-10-21,30.770,31.080,30.440,31.080,12495,,,1.0732,hfq
2010-10-22,31.080,31.560,31.010,31.310,16971,,,0.7400,hfq
2010-10-25,31.050,31.450,30.700,31.290,24900,,,-0.0639,hfq
2010-10-26,31.310,31.350,30.720,30.900,16819,,,-1.2464,hfq
2010-10-27,30.900,31.130,30.640,30.640,14983,,,-0.8414,hfq
2010-10-28,30.650,30.890,30.400,30.640,13759,,,0.0000,hfq
2010-10-29,30.650,31.540,30.620,31.310,27191,,,2.1867,hfq
2010-11-02,31.950,32.050,31.300,31.310,30399,,,0.0000,hfq
2010-11-03,31.220,31.300,30.710,30.780,14515,,,-1.6927,hfq
2010-11-04,30.720,31.280,30.720,31.150,11994,,,1.2021,hfq
2010-11-05,31.340,31.960,31.170,31.800,27391,,,2.0867,hfq
2010-11-08,31.800,32.650,31.800,32.550,30910,,,2.3585,hfq
2010-11-09,32.600,32.850,32.000,32.630,26602,,,0.2458,hfq
2010-11-10,32.630,33.600,32.340,33.350,34183,,,2.2066,hfq
2010-11-11,33.080,33.570,32.500,32.510,25396,,,-2.5187,hfq
2010-11-12,32.250,32.400,31.080,31.500,24671,,,-3.1067,hfq
2010-11-15,31.450,32.850,31.320,32.780,19009,,,4.0635,hfq
2010-11-16,32.750,33.480,31.610,31.810,22690,,,-2.9591,hfq
2010-11-17,31.620,32.500,31.500,31.760,12594,,,-0.1572,hfq
2010-11-18,31.960,32.990,31.900,32.990,22178,,,3.8728,hfq
2010-11-19,33.310,34.030,32.900,33.520,29450,,,1.6065,hfq
2010-11-22,33.400,34.130,33.070,33.400,28357,,,-0.3580,hfq
2010-11-23,33.300,33.300,32.210,32.990,17078,,,-1.2275,hfq
2010-11-24,32.780,33.640,32.680,33.600,18992,,,1.8490,hfq
2010-11-25,33.600,34.130,33.080,33.480,19381,,,-0.3571,hfq
2010-11-26,33.500,33.580,33.080,33.400,12926,,,-0.2389,hfq
2010-11-29,33.340,34.030,32.930,33.840,16805,,,1.3174,hfq
2010-11-30,33.860,34.700,33.000,34.660,41160,,,2.4232,hfq
2010-12-01,34.680,35.260,34.200,34.720,32558,,,0.1731,hfq
2010-12-02,34.880,35.500,34.530,34.950,28769,,,0.6624,hfq
2010-12-03,35.050,35.180,33.350,33.600,35650,,,-3.8627,hfq
2010-12-06,33.440,33.560,32.410,32.580,20601,,,-3.0357,hfq
2010-12-07,32.560,33.000,31.810,32.740,12492,,,0.4911,hfq
2010-12-08,32.690,32.860,32.100,32.220,10710,,,-1.5883,hfq
2010-12-09,32.180,32.510,32.000,32.220,9732,,,0.0000,hfq
2010-12-10,32.040,32.560,31.820,32.400,6264,,,0.5587,hfq
2010-12-14,33.200,33.290,32.880,33.100,14556,,,2.1605,hfq
2010-12-15,33.120,33.440,33.000,33.250,11112,,,0.4532,hfq
2010-12-16,33.200,33.620,33.100,33.260,11989,,,0.0301,hfq
2010-12-17,33.440,33.550,33.120,33.530,9096,,,0.8118,hfq
2010-12-20,33.530,33.990,32.400,33.160,13848,,,-1.1035,hfq
2010-12-21,33.160,33.350,32.750,33.320,10344,,,0.4825,hfq
2010-12-22,33.340,33.790,33.080,33.730,20253,,,1.2305,hfq
2010-12-23,33.700,33.700,32.310,32.350,17676,,,-4.0913,hfq
2010-12-24,32.200,32.200,31.110,31.220,11985,,,-3.4930,hfq
2010-12-27,31.220,31.660,30.300,30.320,9091,,,-2.8828,hfq
2010-12-28,30.360,30.770,30.100,30.320,6452,,,0.0000,hfq
2010-12-29,30.420,30.750,30.320,30.750,4337,,,1.4182,hfq
2010-12-30,30.710,30.900,30.380,30.600,4006,,,-0.4878,hfq
2010-12-31,30.720,30.960,30.600,30.930,4539,,,1.0784,hfq
2011-01-04,30.950,31.270,30.950,31.200,5279,,,0.8729,hfq
2011-01-05,31.200,31.200,30.780,31.010,8100,,,-0.6090,hfq
2011-01-06,31.080,31.650,30.930,31.370,8054,,,1.1609,hfq
2011-01-07,31.300,31.460,31.010,31.010,5417,,,-1.1476,hfq
2011-01-10,31.030,31.130,30.230,30.250,5323,,,-2.4508,hfq
2011-01-11,30.230,30.240,29.510,30.050,3504,,,-0.6612,hfq
2011-01-12,30.050,30.380,29.900,30.340,2330,,,0.9651,hfq
2011-01-13,30.640,30.640,30.300,30.410,2090,,,0.2307,hfq
2011-01-14,30.390,30.390,29.400,29.500,5162,,,-2.9924,hfq
2011-01-17,29.350,29.350,28.240,28.320,6028,,,-4.0000,hfq
2011-01-18,28.320,28.580,28.100,28.550,2953,,,0.8121,hfq
2011-01-19,28.790,28.790,28.200,28.770,5736,,,0.7706,hfq
2011-01-20,28.750,28.750,27.620,27.680,6956,,,-3.7887,hfq
2011-01-21,27.800,27.970,27.460,27.890,4302,,,0.7587,hfq
2011-01-24,27.850,27.850,27.290,27.300,3633,,,-2.1155,hfq
2011-01-25,27.290,27.560,27.130,27.340,2478,,,0.1465,hfq
2011-01-26,27.540,28.000,27.490,27.770,2512,,,1.5728,hfq
2011-01-27,27.700,28.200,27.320,28.060,4602,,,1.0443,hfq
2011-01-28,28.000,28.400,28.000,28.110,2847,,,0.1782,hfq
2011-01-31,27.990,28.170,27.530,28.030,4356,,,-0.2846,hfq
2011-02-01,27.980,28.350,27.970,28.130,3940,,,0.3568,hfq
2011-02-09,28.000,28.300,27.810,28.060,2542,,,-0.2488,hfq
2011-02-10,28.060,28.570,27.880,28.560,3555,,,1.7819,hfq
2011-02-11,28.560,29.100,28.560,28.780,4386,,,0.7703,hfq
2011-02-14,28.790,29.080,28.780,29.000,9525,,,0.7644,hfq
2011-02-15,29.020,29.160,28.860,28.890,6421,,,-0.3793,hfq
2011-02-16,28.890,29.300,28.750,29.290,11358,,,1.3846,hfq
2011-02-17,29.500,29.650,28.790,29.500,11677,,,0.7170,hfq
2011-02-18,29.440,29.500,29.080,29.290,6807,,,-0.7119,hfq
2011-02-21,28.860,29.340,28.860,29.320,8086,,,0.1024,hfq
2011-02-22,29.360,29.460,28.590,28.610,10028,,,-2.4216,hfq
2011-02-23,28.500,29.090,28.500,29.080,7499,,,1.6428,hfq
2011-02-24,29.050,29.520,28.920,29.440,6040,,,1.2380,hfq
2011-02-25,29.400,29.500,28.980,29.440,6055,,,0.0000,hfq
2011-02-28,29.440,29.720,29.020,29.600,6385,,,0.5435,hfq
2011-03-01,29.750,29.840,29.380,29.700,7332,,,0.3378,hfq
2011-03-02,29.500,29.780,29.040,29.660,6411,,,-0.1347,hfq
2011-03-03,29.650,29.750,29.080,29.120,3944,,,-1.8206,hfq
2011-03-04,29.380,29.400,28.930,29.310,4212,,,0.6525,hfq
2011-03-07,29.390,29.580,29.210,29.520,6007,,,0.7165,hfq
2011-03-08,29.530,29.950,29.400,29.940,9053,,,1.4228,hfq
2011-03-09,29.900,30.200,29.620,29.920,7571,,,-0.0668,hfq
2011-03-10,29.730,29.960,29.490,29.600,4312,,,-1.0695,hfq
2011-03-11,29.500,29.960,29.360,29.530,4745,,,-0.2365,hfq
2011-03-14,29.500,31.130,29.490,30.690,15287,,,3.9282,hfq
2011-03-15,30.690,30.800,29.730,30.300,13282,,,-1.2708,hfq
2011-03-16,30.200,30.550,30.020,30.370,4438,,,0.2310,hfq
2011-03-17,30.180,30.270,29.670,29.850,4470,,,-1.7122,hfq
2011-03-18,30.140,30.400,29.890,30.290,3857,,,1.4740,hfq
2011-03-21,30.290,30.450,30.110,30.350,3168,,,0.1981,hfq
2011-03-22,30.350,30.870,30.220,30.740,7127,,,1.2850,hfq
2011-03-23,30.740,30.840,30.520,30.690,3670,,,-0.1627,hfq
2011-03-24,30.690,30.750,30.070,30.460,5677,,,-0.7494,hfq
2011-03-25,30.310,30.730,30.050,30.590,12281,,,0.4268,hfq
2011-03-28,32.500,32.500,30.880,30.990,24445,,,1.3076,hfq
2011-03-29,30.800,30.800,29.930,30.490,10054,,,-1.6134,hfq
2011-03-30,30.350,30.350,29.690,29.890,4453,,,-1.9679,hfq
2011-03-31,29.890,30.350,29.790,29.890,3974,,,0.0000,hfq
2011-04-01,29.890,30.080,29.700,29.980,5702,,,0.3011,hfq
2011-04-06,29.960,29.970,29.300,29.590,5965,,,-1.3009,hfq
2011-04-07,29.550,29.750,29.320,29.710,8980,,,0.4055,hfq
2011-04-08,29.700,30.100,29.460,29.900,10969,,,0.6395,hfq
2011-04-11,29.750,29.940,29.460,29.460,5662,,,-1.4716,hfq
2011-04-12,29.460,29.650,29.280,29.320,4125,,,-0.4752,hfq
2011-04-13,29.320,29.790,29.320,29.740,3795,,,1.4325,hfq
2011-04-14,29.610,29.770,29.580,29.680,2801,,,-0.2017,hfq
2011-04-15,29.500,29.740,29.370,29.550,4693,,,-0.4380,hfq
2011-04-18,29.550,29.720,29.330,29.720,4804,,,0.5753,hfq
2011-04-19,29.690,29.690,29.310,29.570,3217,,,-0.5047,hfq
2011-04-20,29.680,30.000,29.520,29.830,4418,,,0.8793,hfq
2011-04-21,29.880,30.450,29.880,30.320,8342,,,1.6426,hfq
2011-04-25,30.100,30.100,29.430,29.900,5603,,,-1.3852,hfq
2011-04-26,29.790,29.890,28.720,29.000,5093,,,-3.0100,hfq
2011-04-27,29.340,29.340,28.400,28.500,3808,,,-1.7241,hfq
2011-04-28,28.500,28.790,27.420,27.470,5199,,,-3.6140,hfq
2011-04-29,27.530,27.980,27.500,27.780,4088,,,1.1285,hfq
2011-05-03,27.780,28.590,27.610,28.590,5112,,,2.9158,hfq
2011-05-04,28.960,29.200,28.500,28.650,7657,,,0.2099,hfq
2011-05-05,28.650,28.920,28.500,28.840,3018,,,0.6632,hfq
2011-05-06,28.710,29.370,28.560,29.300,5567,,,1.5950,hfq
2011-05-09,29.480,29.480,29.160,29.300,6830,,,0.0000,hfq
2011-05-10,29.000,29.300,27.940,28.500,13046,,,-2.7304,hfq
2011-05-11,28.500,28.660,28.000,28.440,7933,,,-0.2105,hfq
2011-05-12,28.200,28.380,27.600,27.600,5063,,,-2.9536,hfq
2011-05-13,27.520,27.900,27.280,27.680,6388,,,0.2899,hfq
2011-05-16,27.680,27.860,27.560,27.660,4178,,,-0.0723,hfq
2011-05-17,27.600,27.780,26.900,27.380,8942,,,-1.0123,hfq
2011-05-18,27.380,28.000,27.160,27.900,10516,,,1.8992,hfq
2011-05-19,27.900,27.900,27.520,27.620,6278,,,-1.0036,hfq
2011-05-20,27.700,27.760,27.320,27.680,4516,,,0.2172,hfq
2011-05-23,27.680,27.680,26.180,26.700,7865,,,-3.5405,hfq
2011-05-24,26.660,26.780,25.800,26.600,6204,,,-0.3745,hfq
2011-05-25,26.560,26.660,25.900,26.100,4817,,,-1.8797,hfq
2011-05-26,26.100,26.380,25.540,25.600,4103,,,-1.9157,hfq
2011-05-27,25.600,25.680,25.080,25.360,6091,,,-0.9375,hfq
2011-05-30,25.260,25.280,24.680,24.820,5421,,,-2.1293,hfq
2011-05-31,24.920,25.240,24.400,25.160,7104,,,1.3699,hfq
2011-06-01,25.160,25.400,24.920,25.300,4681,,,0.5564,hfq
2011-06-02,25.060,25.100,24.400,24.940,6206,,,-1.4229,hfq
2011-06-03,24.740,25.280,24.700,25.240,4366,,,1.2029,hfq
2011-06-07,25.200,25.300,24.940,25.100,9664,,,-0.5547,hfq
2011-06-08,25.100,25.100,24.700,25.000,5310,,,-0.3984,hfq
2011-06-09,25.020,25.020,24.460,24.520,6651,,,-1.9200,hfq
2011-06-13,24.600,24.600,23.920,24.300,3863,,,-0.8972,hfq
2011-06-14,24.320,24.880,24.100,24.820,6182,,,2.1399,hfq
2011-06-15,24.660,24.700,24.440,24.460,4248,,,-1.4504,hfq
2011-06-16,24.460,24.460,23.720,23.800,5111,,,-2.6983,hfq
2011-06-17,23.800,23.800,23.260,23.300,4502,,,-2.1008,hfq
2011-06-20,23.100,23.300,22.820,23.240,3155,,,-0.2575,hfq
2011-06-21,23.300,23.520,23.080,23.440,4663,,,0.8606,hfq
2011-06-22,23.440,23.660,23.340,23.540,7030,,,0.4266,hfq
2011-06-23,23.500,24.240,23.480,24.100,18983,,,2.3789,hfq
2011-06-24,24.040,24.600,23.860,24.520,17376,,,1.7427,hfq
2011-06-27,24.520,24.980,24.400,24.860,13827,,,1.3866,hfq
2011-06-28,24.840,26.800,24.640,26.240,24308,,,5.5511,hfq
2011-06-29,26.020,26.360,25.580,25.580,26229,,,-2.5152,hfq
2011-06-30,25.680,25.840,25.380,25.640,8891,,,0.2346,hfq
2011-07-01,25.780,26.000,25.560,25.640,9519,,,0.0000,hfq
2011-07-04,25.640,26.100,25.600,26.100,20127,,,1.7941,hfq
2011-07-05,26.000,26.340,25.900,26.280,12988,,,0.6897,hfq
2011-07-06,26.140,26.280,25.900,26.200,10337,,,-0.3044,hfq
2011-07-07,26.060,26.500,25.940,26.100,15088,,,-0.3817,hfq
2011-07-08,26.060,26.320,25.940,26.180,10254,,,0.3065,hfq
2011-07-11,26.100,26.100,25.700,25.940,9543,,,-0.9167,hfq
2011-07-12,25.660,25.680,25.180,25.540,10800,,,-1.5420,hfq
2011-07-13,25.540,27.600,25.540,26.840,33262,,,5.0901,hfq
2011-07-14,26.500,27.500,26.380,27.240,30587,,,1.4903,hfq
2011-07-15,27.100,27.580,26.900,27.080,26449,,,-0.5874,hfq
2011-07-18,27.080,27.440,26.960,27.180,15550,,,0.3693,hfq
2011-07-19,27.140,27.140,26.500,26.560,12167,,,-2.2811,hfq
2011-07-20,26.580,26.800,26.100,26.440,8563,,,-0.4518,hfq
2011-07-21,26.420,26.420,26.100,26.140,7261,,,-1.1346,hfq
2011-07-22,26.140,26.280,25.860,26.020,5832,,,-0.4591,hfq
2011-07-25,26.020,26.280,24.140,24.200,13149,,,-6.9946,hfq
2011-07-26,24.300,24.420,23.900,24.280,5456,,,0.3306,hfq
2011-07-27,24.280,24.780,24.000,24.640,7336,,,1.4827,hfq
2011-07-28,24.600,24.600,24.320,24.480,7065,,,-0.6494,hfq
2011-07-29,24.480,24.660,24.120,24.480,6660,,,0.0000,hfq
2011-08-01,24.460,24.640,24.320,24.640,5452,,,0.6536,hfq
2011-08-02,24.560,24.560,23.940,24.300,5880,,,-1.3799,hfq
2011-08-03,24.260,25.100,24.000,25.100,12803,,,3.2922,hfq
2011-08-04,25.100,25.340,24.900,25.080,8833,,,-0.0797,hfq
2011-08-05,24.520,24.520,24.100,24.300,7778,,,-3.1100,hfq
2011-08-08,24.200,24.200,22.120,22.600,11610,,,-6.9959,hfq
2011-08-09,21.900,22.500,21.360,22.360,8545,,,-1.0619,hfq
2011-08-10,22.580,22.840,22.580,22.760,7962,,,1.7889,hfq
2011-08-11,22.260,23.100,22.060,23.060,12061,,,1.3181,hfq
2011-08-12,23.160,23.560,23.160,23.460,10054,,,1.7346,hfq
2011-08-15,23.500,24.180,23.400,24.140,12907,,,2.8986,hfq
2011-08-16,24.180,24.340,23.640,23.740,9225,,,-1.6570,hfq
2011-08-17,23.680,23.760,23.240,23.540,8512,,,-0.8425,hfq
2011-08-18,23.540,24.200,23.320,23.900,18932,,,1.5293,hfq
2011-08-19,23.700,25.820,23.340,25.420,42612,,,6.3598,hfq
2011-08-22,25.520,25.700,25.000,25.700,31870,,,1.1015,hfq
2011-08-23,26.080,27.300,25.560,26.680,66648,,,3.8132,hfq
2011-08-24,27.100,27.480,25.940,26.660,94506,,,-0.0750,hfq
2011-08-25,27.100,27.660,25.980,27.180,94102,,,1.9505,hfq
2011-08-26,27.180,27.800,26.500,27.000,84818,,,-0.6623,hfq
2011-08-29,27.020,27.640,26.020,26.100,53328,,,-3.3333,hfq
2011-08-30,26.120,26.500,25.500,25.500,30253,,,-2.2989,hfq
2011-08-31,25.400,25.700,24.800,25.460,18579,,,-0.1569,hfq
2011-09-01,25.540,25.580,25.160,25.360,9363,,,-0.3928,hfq
2011-09-02,25.360,25.480,24.800,24.980,8599,,,-1.4984,hfq
2011-09-05,24.780,24.780,23.900,23.920,10836,,,-4.2434,hfq
2011-09-06,23.800,23.800,23.080,23.400,11599,,,-2.1739,hfq
2011-09-07,23.620,24.040,23.380,23.980,10902,,,2.4786,hfq
2011-09-08,24.040,24.120,23.500,23.520,8922,,,-1.9183,hfq
2011-09-09,23.520,23.760,23.120,23.680,8399,,,0.6803,hfq
2011-09-13,23.420,24.480,23.220,24.160,14033,,,2.0270,hfq
2011-09-14,24.100,24.500,23.960,24.460,12240,,,1.2417,hfq
2011-09-15,24.460,24.820,22.900,24.220,9412,,,-0.9812,hfq
2011-09-16,24.100,24.660,23.980,24.000,7788,,,-0.9083,hfq
2011-09-19,23.920,23.920,23.160,23.200,6906,,,-3.3333,hfq
2011-09-20,23.140,23.460,22.980,23.260,4676,,,0.2586,hfq
2011-09-21,23.260,24.080,23.100,23.880,9823,,,2.6655,hfq
2011-09-22,23.780,23.900,23.200,23.220,7454,,,-2.7638,hfq
2011-09-23,22.980,22.980,22.580,22.780,10042,,,-1.8949,hfq
2011-09-26,22.780,22.880,22.120,22.160,6950,,,-2.7217,hfq
2011-09-27,22.480,22.500,22.100,22.320,4724,,,0.7220,hfq
2011-09-28,22.500,22.700,22.200,22.220,5893,,,-0.4480,hfq
2011-09-29,21.900,22.340,21.680,21.740,6070,,,-2.1602,hfq
2011-09-30,21.860,22.080,21.560,21.940,3770,,,0.9200,hfq
2011-10-10,22.100,22.300,21.740,21.880,3972,,,-0.2735,hfq
2011-10-11,22.560,22.860,21.880,22.000,6778,,,0.5484,hfq
2011-10-12,22.180,22.740,21.960,22.740,7232,,,3.3636,hfq
2011-10-13,22.700,23.140,22.640,22.900,9824,,,0.7036,hfq
2011-10-14,23.000,23.100,22.520,22.800,6334,,,-0.4367,hfq
2011-10-17,22.320,23.000,22.320,22.800,4741,,,0.0000,hfq
2011-10-18,22.520,22.800,21.980,21.980,5531,,,-3.5965,hfq
2011-10-19,22.100,22.300,21.820,21.900,3232,,,-0.3640,hfq
2011-10-20,21.820,21.980,21.360,21.460,6419,,,-2.0091,hfq
2011-10-21,21.540,21.560,21.160,21.220,3405,,,-1.1184,hfq
2011-10-24,21.280,21.280,20.240,21.000,7682,,,-1.0368,hfq
2011-10-25,21.000,21.540,20.720,21.480,9724,,,2.2857,hfq
2011-10-26,21.280,21.800,21.140,21.540,12489,,,0.2793,hfq
2011-10-27,21.500,21.820,21.340,21.460,7753,,,-0.3714,hfq
2011-10-28,21.680,21.880,21.580,21.860,10969,,,1.8639,hfq
2011-10-31,21.860,22.220,21.720,22.120,9288,,,1.1894,hfq
2011-11-01,21.900,22.180,21.660,22.120,10744,,,0.0000,hfq
2011-11-02,21.900,23.120,21.600,22.840,17539,,,3.2550,hfq
2011-11-03,22.760,23.840,22.720,23.460,27191,,,2.7145,hfq
2011-11-04,23.560,23.640,23.060,23.200,13588,,,-1.1083,hfq
2011-11-07,23.280,23.500,22.840,22.900,10204,,,-1.2931,hfq
2011-11-08,23.100,23.120,22.520,22.520,9266,,,-1.6594,hfq
2011-11-09,22.620,23.260,22.480,23.220,12058,,,3.1083,hfq
2011-11-10,22.900,24.240,22.520,23.260,22777,,,0.1723,hfq
2011-11-11,23.540,25.240,23.480,24.720,54002,,,6.2769,hfq
2011-11-14,24.740,25.800,24.300,25.280,59522,,,2.2654,hfq
2011-11-15,25.100,25.100,24.700,24.900,29242,,,-1.5032,hfq
2011-11-16,24.720,24.900,24.100,24.160,20307,,,-2.9719,hfq
2011-11-17,24.160,24.440,23.880,24.100,13097,,,-0.2483,hfq
2011-11-18,23.900,23.900,23.140,23.240,13996,,,-3.5685,hfq
2011-11-21,23.100,23.600,22.960,23.540,7017,,,1.2909,hfq
2011-11-22,23.220,23.560,23.040,23.460,8067,,,-0.3398,hfq
2011-11-23,23.500,23.740,23.320,23.440,8472,,,-0.0853,hfq
2011-11-24,23.320,23.420,22.860,23.200,8879,,,-1.0239,hfq
2011-11-25,23.120,23.340,22.940,23.060,4582,,,-0.6034,hfq
2011-11-28,22.900,23.300,22.900,23.160,6162,,,0.4337,hfq
2011-11-29,23.300,23.460,23.060,23.460,8633,,,1.2953,hfq
2011-11-30,23.580,23.580,21.280,21.420,12489,,,-8.6957,hfq
2011-12-01,22.060,22.800,21.920,22.740,15965,,,6.1625,hfq
2011-12-02,22.440,22.800,21.700,22.660,9617,,,-0.3518,hfq
2011-12-05,22.320,22.700,22.140,22.500,8868,,,-0.7061,hfq
2011-12-06,22.540,22.700,22.180,22.440,4835,,,-0.2667,hfq
2011-12-07,22.420,22.680,22.320,22.680,4736,,,1.0695,hfq
2011-12-08,22.700,22.920,22.220,22.900,8648,,,0.9700,hfq
2011-12-09,23.100,25.060,23.100,24.200,53599,,,5.6769,hfq
2011-12-12,23.500,24.700,23.400,24.120,35586,,,-0.3306,hfq
2011-12-13,23.800,24.040,22.540,23.200,22498,,,-3.8143,hfq
2011-12-14,23.100,23.260,22.060,22.300,14517,,,-3.8793,hfq
2011-12-15,21.840,21.840,20.800,20.840,22295,,,-6.5471,hfq
2011-12-16,20.740,21.400,20.520,21.400,11596,,,2.6871,hfq
2011-12-19,21.300,21.300,20.700,21.200,11620,,,-0.9346,hfq
2011-12-20,21.260,21.580,20.980,20.980,11354,,,-1.0377,hfq
2011-12-21,21.000,21.500,20.300,20.360,8812,,,-2.9552,hfq
2011-12-22,20.100,20.200,19.240,19.900,9910,,,-2.2593,hfq
2011-12-23,19.900,20.280,19.660,20.080,7870,,,0.9045,hfq
2011-12-26,20.140,20.620,20.020,20.220,6364,,,0.6972,hfq
2011-12-27,20.000,20.360,19.600,19.600,3422,,,-3.0663,hfq
2011-12-28,19.620,19.620,18.880,19.300,7560,,,-1.5306,hfq
2011-12-29,19.200,19.700,19.100,19.480,4551,,,0.9326,hfq
2011-12-30,19.660,19.800,19.300,19.800,4464,,,1.6427,hfq
2012-01-04,19.820,20.020,19.300,19.300,5814,,,-2.5253,hfq
2012-01-05,19.100,19.380,18.300,18.480,11094,,,-4.2487,hfq
2012-01-06,18.480,18.880,17.900,18.880,7102,,,2.1645,hfq
2012-01-09,18.820,19.420,18.220,19.400,9851,,,2.7542,hfq
2012-01-10,19.260,19.960,19.240,19.880,14443,,,2.4742,hfq
2012-01-11,19.840,19.980,19.500,19.800,11959,,,-0.4024,hfq
2012-01-12,19.700,20.040,19.600,19.680,11911,,,-0.6061,hfq
2012-01-13,19.700,19.700,18.540,18.900,10969,,,-3.9634,hfq
2012-01-16,18.520,18.860,18.140,18.340,6073,,,-2.9630,hfq
2012-01-17,18.320,19.300,18.300,19.240,8332,,,4.9073,hfq
2012-01-18,19.240,19.480,18.740,18.740,7969,,,-2.5988,hfq
2012-01-19,18.620,18.940,18.400,18.700,5605,,,-0.2134,hfq
2012-01-20,18.700,19.040,18.660,19.040,5770,,,1.8182,hfq
2012-01-30,19.100,19.100,18.900,19.020,5954,,,-0.1050,hfq
2012-01-31,18.920,19.000,18.800,19.000,3291,,,-0.1052,hfq
2012-02-01,19.000,19.140,18.820,19.000,4866,,,0.0000,hfq
2012-02-02,19.020,19.380,18.940,19.320,8641,,,1.6842,hfq
2012-02-03,19.180,19.580,19.180,19.520,9194,,,1.0352,hfq
2012-02-06,19.500,19.620,19.280,19.540,8573,,,0.1025,hfq
2012-02-07,19.540,19.540,19.020,19.100,7430,,,-2.2518,hfq
2012-02-08,19.120,19.620,19.040,19.520,9572,,,2.1990,hfq
2012-02-09,19.540,19.860,19.400,19.740,12917,,,1.1270,hfq
2012-02-10,19.740,19.960,19.600,19.760,13424,,,0.1013,hfq
2012-02-13,19.600,20.000,19.440,19.880,13645,,,0.6073,hfq
2012-02-14,19.880,20.720,19.800,20.500,26670,,,3.1187,hfq
2012-02-15,20.560,20.600,20.080,20.540,18558,,,0.1951,hfq
2012-02-16,20.540,20.800,20.240,20.420,20494,,,-0.5842,hfq
2012-02-17,20.420,20.540,19.980,20.180,10285,,,-1.1753,hfq
2012-02-20,20.500,20.700,20.280,20.340,11490,,,0.7929,hfq
2012-02-21,20.260,20.500,19.900,20.380,11622,,,0.1967,hfq
2012-02-22,20.420,20.840,20.220,20.840,21428,,,2.2571,hfq
2012-02-23,20.900,21.000,20.660,20.900,21803,,,0.2879,hfq
2012-02-24,20.940,21.300,20.720,21.160,19241,,,1.2440,hfq
2012-02-27,21.160,21.500,20.920,20.940,20900,,,-1.0397,hfq
2012-02-28,20.820,21.020,20.440,20.920,17063,,,-0.0955,hfq
2012-02-29,20.920,20.920,20.460,20.480,9046,,,-2.1033,hfq
2012-03-01,20.400,20.760,20.320,20.600,7094,,,0.5859,hfq
2012-03-02,20.700,20.860,20.620,20.800,9123,,,0.9709,hfq
2012-03-05,20.840,21.300,20.840,21.100,17787,,,1.4423,hfq
2012-03-06,21.000,21.040,20.520,20.620,9555,,,-2.2749,hfq
2012-03-07,20.560,21.020,20.420,20.620,11658,,,0.0000,hfq
2012-03-08,20.620,21.060,20.620,21.020,11732,,,1.9399,hfq
2012-03-09,21.180,21.580,20.900,21.520,21270,,,2.3787,hfq
2012-03-12,21.540,21.880,21.280,21.480,17065,,,-0.1859,hfq
2012-03-13,21.500,21.840,21.400,21.700,16610,,,1.0242,hfq
2012-03-14,21.880,22.600,21.280,22.040,60151,,,1.5668,hfq
2012-03-15,21.800,23.300,21.360,22.900,84855,,,3.9020,hfq
2012-03-16,22.400,22.900,22.160,22.700,53838,,,-0.8734,hfq
2012-03-19,22.720,22.720,21.920,22.480,32736,,,-0.9692,hfq
2012-03-20,22.400,22.400,21.420,21.440,26701,,,-4.6263,hfq
2012-03-21,21.500,21.740,21.000,21.500,14620,,,0.2799,hfq
2012-03-22,21.540,23.560,21.140,23.560,31614,,,9.5814,hfq
2012-03-23,24.180,25.540,23.580,24.180,125374,,,2.6316,hfq
2012-03-26,24.180,24.200,22.960,23.240,54592,,,-3.8875,hfq
2012-03-27,23.100,23.260,22.540,22.760,44277,,,-2.0654,hfq
2012-03-28,22.500,22.500,21.460,21.680,41021,,,-4.7452,hfq
2012-03-29,21.480,21.480,20.560,20.900,33434,,,-3.5978,hfq
2012-03-30,20.960,21.060,19.940,20.180,26124,,,-3.4450,hfq
2012-04-05,20.300,20.840,20.100,20.740,22583,,,2.7750,hfq
2012-04-06,20.600,20.800,20.240,20.520,24976,,,-1.0608,hfq
2012-04-09,20.460,20.560,20.140,20.180,13935,,,-1.6569,hfq
2012-04-10,20.000,20.260,19.300,20.100,21885,,,-0.3964,hfq
2012-04-11,19.840,20.220,19.720,20.140,12836,,,0.1990,hfq
2012-04-13,21.100,21.460,20.800,20.940,38834,,,3.9722,hfq
2012-04-16,20.560,20.900,20.500,20.600,15368,,,-1.6237,hfq
2012-04-17,20.540,20.940,20.500,20.500,12786,,,-0.4854,hfq
2012-04-18,20.640,20.980,20.460,20.900,17540,,,1.9512,hfq
2012-04-19,20.840,21.080,20.740,20.940,17607,,,0.1914,hfq
2012-04-20,20.960,21.060,20.560,20.960,18746,,,0.0955,hfq
2012-04-23,21.000,21.300,20.500,20.560,18292,,,-1.9084,hfq
2012-04-24,20.280,20.440,19.600,19.900,17401,,,-3.2101,hfq
2012-04-25,19.540,20.100,19.460,20.040,12119,,,0.7035,hfq
2012-04-26,20.060,20.180,19.700,20.040,11633,,,0.0000,hfq
2012-04-27,20.100,20.160,19.820,19.840,9673,,,-0.9980,hfq
2012-05-02,20.140,20.260,19.800,20.040,9274,,,1.0081,hfq
2012-05-03,20.040,20.860,19.920,20.740,16726,,,3.4930,hfq
2012-05-04,20.600,21.280,20.440,21.140,24358,,,1.9286,hfq
2012-05-07,20.680,21.100,20.680,21.000,12190,,,-0.6623,hfq
2012-05-08,21.000,21.280,20.780,21.260,16268,,,1.2381,hfq
2012-05-09,21.120,21.280,20.540,20.580,11583,,,-3.1985,hfq
2012-05-10,20.540,20.820,20.540,20.780,7269,,,0.9718,hfq
2012-05-11,20.700,20.800,20.380,20.380,8362,,,-1.9249,hfq
2012-05-14,20.640,20.640,20.340,20.460,6452,,,0.3925,hfq
2012-05-15,20.360,20.600,20.180,20.540,6620,,,0.3910,hfq
2012-05-16,20.600,20.600,20.320,20.480,5410,,,-0.2921,hfq
2012-05-17,20.480,20.820,20.300,20.740,9628,,,1.2695,hfq
2012-05-18,20.700,20.760,20.340,20.600,7818,,,-0.6750,hfq
2012-05-21,20.440,20.760,20.400,20.560,6174,,,-0.1942,hfq
2012-05-22,20.620,20.800,20.520,20.800,8556,,,1.1673,hfq
2012-05-23,20.860,20.960,20.640,20.920,9637,,,0.5769,hfq
2012-05-24,20.900,20.900,20.440,20.780,9080,,,-0.6692,hfq
2012-05-25,20.760,20.840,20.280,20.360,6266,,,-2.0212,hfq
2012-05-28,20.300,20.640,19.900,20.540,6697,,,0.8841,hfq
2012-05-29,20.420,20.780,20.340,20.780,9567,,,1.1685,hfq
2012-05-30,20.780,20.900,20.680,20.780,8256,,,0.0000,hfq
2012-05-31,20.760,21.700,20.740,21.700,53042,,,4.4273,hfq
2012-06-01,21.540,21.740,21.300,21.540,23534,,,-0.7373,hfq
2012-06-04,21.180,21.200,20.560,20.800,18013,,,-3.4355,hfq
2012-06-05,20.760,21.300,20.680,20.900,11588,,,0.4808,hfq
2012-06-06,20.920,21.240,20.620,20.820,11097,,,-0.3828,hfq
2012-06-07,21.060,21.300,20.760,20.760,14751,,,-0.2882,hfq
2012-06-08,20.800,21.160,20.220,20.500,14454,,,-1.2524,hfq
2012-06-11,20.400,20.560,20.040,20.420,15294,,,-0.3902,hfq
2012-06-12,20.260,20.440,19.980,20.220,7202,,,-0.9794,hfq
2012-06-13,20.340,20.340,19.900,20.160,21580,,,-0.2967,hfq
2012-06-14,20.100,20.280,19.960,20.140,19048,,,-0.0992,hfq
2012-06-15,20.160,20.160,19.900,20.100,8846,,,-0.1986,hfq
2012-06-18,20.160,20.280,20.100,20.200,10143,,,0.4975,hfq
2012-06-19,20.140,20.220,20.000,20.000,7138,,,-0.9901,hfq
2012-06-20,20.020,20.180,19.780,19.840,10800,,,-0.8000,hfq
2012-06-21,19.840,19.860,19.200,19.340,11577,,,-2.5202,hfq
2012-06-25,19.200,19.280,18.700,18.780,6986,,,-2.8956,hfq
2012-06-26,18.760,18.880,18.560,18.800,6230,,,0.1065,hfq
2012-06-27,18.780,18.980,18.660,18.780,5383,,,-0.1064,hfq
2012-06-28,18.800,18.940,18.360,18.800,5222,,,0.1065,hfq
2012-06-29,18.600,19.040,18.400,19.020,7225,,,1.1702,hfq
2012-07-02,19.060,19.120,18.860,18.980,5631,,,-0.2103,hfq
2012-07-03,18.840,19.080,18.840,18.980,4556,,,0.0000,hfq
2012-07-04,19.000,19.200,18.920,19.160,6976,,,0.9484,hfq
2012-07-05,19.460,20.200,19.120,19.140,16522,,,-0.1044,hfq
2012-07-06,19.100,19.280,18.620,19.280,9318,,,0.7315,hfq
2012-07-09,19.100,19.100,18.580,18.600,5383,,,-3.5270,hfq
2012-07-10,18.560,18.820,18.380,18.500,3439,,,-0.5376,hfq
2012-07-11,18.320,18.700,18.260,18.480,4428,,,-0.1081,hfq
2012-07-12,18.380,18.640,18.320,18.540,5694,,,0.3247,hfq
2012-07-13,18.540,18.600,18.420,18.500,3503,,,-0.2157,hfq
2012-07-16,18.460,18.580,17.280,17.300,9145,,,-6.4865,hfq
2012-07-17,17.300,17.460,17.240,17.340,5030,,,0.2312,hfq
2012-07-18,17.340,17.380,16.660,17.060,6632,,,-1.6148,hfq
2012-07-19,16.880,17.380,16.860,17.240,5826,,,1.0551,hfq
2012-07-20,17.240,17.340,16.920,17.340,4894,,,0.5800,hfq
2012-07-23,17.280,17.280,16.900,17.020,2981,,,-1.8454,hfq
2012-07-24,17.000,17.220,16.880,17.180,2757,,,0.9401,hfq
2012-07-25,17.200,17.260,16.980,17.040,2778,,,-0.8149,hfq
2012-07-26,17.040,17.140,16.880,16.920,2474,,,-0.7042,hfq
2012-07-27,16.860,17.040,16.760,16.760,2688,,,-0.9456,hfq
2012-07-30,16.820,16.920,16.120,16.220,5627,,,-3.2220,hfq
2012-07-31,16.100,16.280,15.800,15.880,4120,,,-2.0962,hfq
2012-08-01,15.880,17.040,15.880,16.180,4349,,,1.8892,hfq
2012-08-02,16.200,16.260,16.060,16.180,2410,,,0.0000,hfq
2012-08-03,16.380,16.500,16.160,16.420,3155,,,1.4833,hfq
2012-08-06,16.300,16.800,16.300,16.740,4840,,,1.9488,hfq
2012-08-07,16.840,17.200,16.620,17.200,11890,,,2.7479,hfq
2012-08-08,17.100,17.600,17.100,17.240,16548,,,0.2326,hfq
2012-08-09,17.280,17.320,16.980,17.280,5337,,,0.2320,hfq
2012-08-10,17.300,17.320,17.060,17.120,3160,,,-0.9259,hfq
2012-08-13,17.100,17.100,16.720,16.720,4609,,,-2.3364,hfq
2012-08-14,16.660,17.180,16.300,16.960,5366,,,1.4354,hfq
2012-08-15,16.900,17.100,16.700,16.860,4378,,,-0.5896,hfq
2012-08-16,16.820,16.960,16.740,16.760,1621,,,-0.5931,hfq
2012-08-17,16.800,16.800,16.600,16.660,2418,,,-0.5967,hfq
2012-08-20,16.620,16.780,16.540,16.720,2033,,,0.3601,hfq
2012-08-21,16.820,17.100,16.800,16.980,4763,,,1.5550,hfq
2012-08-22,16.960,17.380,16.920,17.360,8219,,,2.2379,hfq
2012-08-23,17.380,17.740,17.380,17.500,13710,,,0.8065,hfq
2012-08-24,17.400,17.460,17.060,17.160,7077,,,-1.9429,hfq
2012-08-27,17.060,17.060,16.620,16.700,3780,,,-2.6807,hfq
2012-08-28,16.620,17.000,16.620,16.840,3327,,,0.8383,hfq
2012-08-29,16.840,17.000,16.800,16.920,3069,,,0.4751,hfq
2012-08-30,16.920,16.980,16.460,16.720,2867,,,-1.1820,hfq
2012-08-31,16.720,16.840,16.540,16.720,1597,,,0.0000,hfq
2012-09-03,16.720,17.080,16.640,17.000,5142,,,1.6746,hfq
2012-09-04,17.140,17.220,16.960,17.100,6277,,,0.5882,hfq
2012-09-05,17.060,17.400,16.940,17.380,9768,,,1.6374,hfq
2012-09-06,17.520,17.560,17.200,17.440,7646,,,0.3452,hfq
2012-09-07,17.600,17.980,17.440,17.660,16571,,,1.2615,hfq
2012-09-10,17.800,17.860,17.600,17.860,10638,,,1.1325,hfq
2012-09-11,17.860,17.940,17.620,17.700,7266,,,-0.8959,hfq
2012-09-12,17.740,18.080,17.540,17.780,7783,,,0.4520,hfq
2012-09-13,17.700,17.860,17.480,17.480,6893,,,-1.6873,hfq
2012-09-14,17.580,17.620,17.380,17.400,6165,,,-0.4577,hfq
2012-09-17,17.380,17.440,16.860,16.860,7874,,,-3.1034,hfq
2012-09-18,16.840,16.840,16.600,16.700,3557,,,-0.9490,hfq
2012-09-19,16.880,17.180,16.620,17.120,6936,,,2.5150,hfq
2012-09-20,17.200,17.880,15.880,16.880,16138,,,-1.4019,hfq
2012-09-21,16.860,17.580,16.020,16.660,9539,,,-1.3033,hfq
2012-09-24,16.160,16.880,16.100,16.660,5515,,,0.0000,hfq
2012-09-25,16.400,17.260,16.100,16.880,9741,,,1.3205,hfq
2012-09-26,16.720,17.680,16.560,16.660,5994,,,-1.3033,hfq
2012-09-27,16.600,17.080,16.540,16.820,7508,,,0.9604,hfq
2012-09-28,16.800,17.080,16.620,16.980,5160,,,0.9512,hfq
2012-10-08,17.100,17.200,16.860,16.980,4710,,,0.0000,hfq
2012-10-09,16.900,17.400,16.900,17.340,5811,,,2.1201,hfq
2012-10-10,17.320,17.520,17.160,17.460,6139,,,0.6920,hfq
2012-10-11,17.380,17.500,17.100,17.120,4886,,,-1.9473,hfq
2012-10-12,17.120,17.300,16.960,17.200,3876,,,0.4673,hfq
2012-10-15,17.200,17.320,16.940,17.060,3589,,,-0.8140,hfq
2012-10-16,16.980,17.140,16.940,17.020,4158,,,-0.2345,hfq
2012-10-17,17.100,17.100,16.700,16.840,4429,,,-1.0576,hfq
2012-10-18,16.860,17.080,16.840,17.000,3920,,,0.9501,hfq
2012-10-19,17.000,17.300,16.920,17.260,6238,,,1.5294,hfq
2012-10-22,17.300,17.500,17.120,17.480,8971,,,1.2746,hfq
2012-10-23,17.480,17.480,17.060,17.060,6970,,,-2.4027,hfq
2012-10-24,16.920,17.100,16.880,16.960,4613,,,-0.5862,hfq
2012-10-25,16.940,17.080,16.740,16.740,3397,,,-1.2972,hfq
2012-10-26,16.700,16.840,16.420,16.600,4104,,,-0.8363,hfq
2012-10-29,16.540,16.740,16.440,16.620,2248,,,0.1205,hfq
2012-10-30,16.600,16.680,16.500,16.620,1390,,,0.0000,hfq
2012-10-31,16.620,16.760,16.460,16.580,2322,,,-0.2407,hfq
2012-11-01,16.700,16.980,16.640,16.900,3148,,,1.9300,hfq
2012-11-02,16.820,16.980,16.800,16.920,3153,,,0.1183,hfq
2012-11-05,16.900,17.000,16.760,16.920,3207,,,0.0000,hfq
2012-11-06,16.760,16.960,16.580,16.660,3083,,,-1.5366,hfq
2012-11-07,16.480,16.800,16.480,16.680,1579,,,0.1200,hfq
2012-11-08,16.520,16.600,16.200,16.200,3675,,,-2.8777,hfq
2012-11-09,16.240,16.420,16.200,16.240,1904,,,0.2469,hfq
2012-11-12,16.400,16.400,16.200,16.300,1383,,,0.3695,hfq
2012-11-13,16.180,16.400,16.000,16.200,1272,,,-0.6135,hfq
2012-11-14,16.100,16.300,16.100,16.180,1744,,,-0.1235,hfq
2012-11-15,16.180,16.180,15.900,15.920,2783,,,-1.6069,hfq
2012-11-16,16.000,16.060,15.720,15.800,2524,,,-0.7538,hfq
2012-11-19,15.800,15.860,15.660,15.840,2538,,,0.2532,hfq
2012-11-20,15.860,15.920,15.820,15.840,1092,,,0.0000,hfq
2012-11-21,15.860,16.000,15.580,16.000,4128,,,1.0101,hfq
2012-11-22,15.980,15.980,15.700,15.820,1528,,,-1.1250,hfq
2012-11-23,15.760,15.920,15.720,15.780,1271,,,-0.2528,hfq
2012-11-26,15.780,15.900,15.680,15.720,1256,,,-0.3802,hfq
2012-11-27,15.780,15.780,14.500,14.980,3445,,,-4.7074,hfq
2012-11-28,15.000,15.000,14.320,14.620,2570,,,-2.4032,hfq
2012-11-29,14.620,14.740,14.400,14.500,1687,,,-0.8208,hfq
2012-11-30,14.680,14.820,14.500,14.660,1385,,,1.1034,hfq
2012-12-03,14.600,14.680,14.320,14.340,2200,,,-2.1828,hfq
2012-12-04,14.360,14.620,14.120,14.540,4451,,,1.3947,hfq
2012-12-05,14.600,15.080,14.400,14.920,5840,,,2.6135,hfq
2012-12-06,14.920,14.940,14.740,14.900,2264,,,-0.1340,hfq
2012-12-07,14.900,15.120,14.800,15.120,4680,,,1.4765,hfq
2012-12-10,15.120,15.480,15.040,15.400,8648,,,1.8519,hfq
2012-12-11,15.320,15.320,15.120,15.120,5107,,,-1.8182,hfq
2012-12-12,15.120,15.180,14.960,15.040,2729,,,-0.5291,hfq
2012-12-13,14.960,15.100,14.860,14.900,2350,,,-0.9309,hfq
2012-12-14,14.800,15.480,14.800,15.300,6763,,,2.6846,hfq
2012-12-17,15.420,15.480,15.260,15.460,5287,,,1.0458,hfq
2012-12-18,15.320,15.560,15.320,15.360,5055,,,-0.6468,hfq
2012-12-19,15.340,15.900,15.300,15.800,7864,,,2.8646,hfq
2012-12-20,15.600,15.880,15.580,15.720,8364,,,-0.5063,hfq
2012-12-21,15.720,15.920,15.660,15.760,7204,,,0.2545,hfq
2012-12-24,15.800,15.940,15.640,15.760,3372,,,0.0000,hfq
2012-12-25,15.760,16.060,15.480,16.020,11192,,,1.6497,hfq
2012-12-26,15.960,16.140,15.920,16.140,8712,,,0.7491,hfq
2012-12-27,16.180,17.500,16.060,17.120,48790,,,6.0719,hfq
2012-12-28,16.860,17.100,16.500,17.040,23794,,,-0.4673,hfq
2012-12-31,16.780,18.620,16.780,18.620,53771,,,9.2723,hfq
2013-01-04,18.900,19.280,18.280,18.920,79352,,,1.6112,hfq
2013-01-07,18.820,19.620,18.500,19.380,69362,,,2.4313,hfq
2013-01-08,19.260,19.600,18.600,18.940,72254,,,-2.2704,hfq
2013-01-09,18.880,19.220,18.120,18.300,51262,,,-3.3791,hfq
2013-01-10,18.340,18.440,18.020,18.420,34736,,,0.6557,hfq
2013-01-11,18.380,18.420,17.900,17.940,23116,,,-2.6059,hfq
2013-01-14,17.740,18.480,17.740,18.400,26572,,,2.5641,hfq
2013-01-15,18.580,18.640,18.140,18.440,29010,,,0.2174,hfq
2013-01-16,18.460,18.500,17.980,18.140,19571,,,-1.6269,hfq
2013-01-17,18.020,18.380,18.000,18.240,14504,,,0.5513,hfq
2013-01-18,18.240,18.380,18.160,18.340,17244,,,0.5482,hfq
2013-01-21,18.300,18.560,18.300,18.440,17850,,,0.5453,hfq
2013-01-22,18.500,18.500,17.760,17.840,18151,,,-3.2538,hfq
2013-01-23,17.800,18.020,17.360,17.540,13102,,,-1.6816,hfq
2013-01-24,17.660,17.700,17.120,17.180,15595,,,-2.0525,hfq
2013-01-25,17.160,17.400,17.140,17.220,7496,,,0.2328,hfq
2013-01-28,17.220,17.620,17.220,17.620,8953,,,2.3229,hfq
2013-01-29,17.620,17.700,17.520,17.680,10467,,,0.3405,hfq
2013-01-30,17.620,17.800,17.480,17.620,7253,,,-0.3394,hfq
2013-01-31,17.620,17.760,17.420,17.500,6111,,,-0.6810,hfq
2013-02-01,17.460,17.660,17.100,17.500,12165,,,0.0000,hfq
2013-02-04,17.500,17.620,17.320,17.620,7761,,,0.6857,hfq
2013-02-05,17.620,17.660,17.400,17.640,6474,,,0.1135,hfq
2013-02-06,17.640,17.860,17.640,17.800,8878,,,0.9070,hfq
2013-02-07,17.860,18.180,17.720,17.960,11838,,,0.8989,hfq
2013-02-08,17.960,18.100,17.900,18.000,11175,,,0.2227,hfq
2013-02-18,18.020,18.100,17.920,18.020,10887,,,0.1111,hfq
2013-02-19,18.040,18.080,17.420,17.460,12545,,,-3.1077,hfq
2013-02-20,17.480,17.780,17.400,17.740,7116,,,1.6037,hfq
2013-02-21,17.660,17.720,17.180,17.340,8483,,,-2.2548,hfq
2013-02-22,17.320,17.540,17.220,17.360,5273,,,0.1153,hfq
2013-02-25,17.380,17.560,17.320,17.440,6524,,,0.4608,hfq
2013-02-26,17.400,17.520,17.240,17.240,7341,,,-1.1468,hfq
2013-02-27,17.220,17.360,16.980,17.060,7157,,,-1.0441,hfq
2013-02-28,17.020,17.540,17.020,17.520,10349,,,2.6964,hfq
2013-03-01,17.460,17.860,17.420,17.780,11541,,,1.4840,hfq
2013-03-04,17.740,17.740,17.160,17.280,9185,,,-2.8121,hfq
2013-03-05,17.500,17.720,17.280,17.680,8429,,,2.3148,hfq
2013-03-06,17.480,18.500,17.480,18.460,32600,,,4.4118,hfq
2013-03-07,18.660,18.680,17.900,17.960,21044,,,-2.7086,hfq
2013-03-08,17.860,18.140,17.620,17.680,11730,,,-1.5590,hfq
2013-03-11,17.560,17.820,17.560,17.720,5991,,,0.2262,hfq
2013-03-12,17.700,17.880,17.020,17.220,12522,,,-2.8217,hfq
2013-03-13,17.020,17.300,16.840,17.020,5804,,,-1.1614,hfq
2013-03-14,16.960,17.080,16.820,17.020,5168,,,0.0000,hfq
2013-03-15,16.940,17.160,16.340,16.980,6599,,,-0.2350,hfq
2013-03-18,16.840,16.980,16.500,16.500,4505,,,-2.8269,hfq
2013-03-19,16.680,16.680,16.380,16.540,4510,,,0.2424,hfq
2013-03-20,16.540,16.860,16.300,16.820,6133,,,1.6929,hfq
2013-03-21,16.780,17.080,16.700,17.000,7450,,,1.0702,hfq
2013-03-22,17.020,17.180,16.900,17.060,4457,,,0.3529,hfq
2013-03-25,17.060,17.200,16.960,17.160,4879,,,0.5862,hfq
2013-03-26,17.080,17.080,16.840,16.880,5242,,,-1.6317,hfq
2013-03-27,17.000,17.020,16.780,16.860,5190,,,-0.1185,hfq
2013-03-28,16.840,16.840,16.000,16.020,9927,,,-4.9822,hfq
2013-03-29,16.020,16.180,15.900,15.960,4998,,,-0.3745,hfq
2013-04-01,15.960,16.100,15.820,16.000,4815,,,0.2506,hfq
2013-04-02,16.080,16.180,15.820,15.920,4779,,,-0.5000,hfq
2013-04-03,15.940,16.020,15.540,15.920,3275,,,0.0000,hfq
2013-04-08,15.780,15.980,15.620,15.980,4024,,,0.3769,hfq
2013-04-09,16.000,16.300,15.900,16.120,3797,,,0.8761,hfq
2013-04-10,16.180,16.180,15.920,16.100,3327,,,-0.1241,hfq
2013-04-11,16.080,16.160,15.720,15.880,2852,,,-1.3665,hfq
2013-04-12,15.780,16.000,15.780,15.840,2193,,,-0.2519,hfq
2013-04-15,15.660,15.880,15.540,15.680,2511,,,-1.0101,hfq
2013-04-16,15.620,15.840,15.460,15.820,2768,,,0.8929,hfq
2013-04-17,15.880,16.660,15.720,16.380,8508,,,3.5398,hfq
2013-04-18,16.220,16.540,16.140,16.300,3677,,,-0.4884,hfq
2013-04-19,16.300,16.520,16.160,16.520,5975,,,1.3497,hfq
2013-04-22,16.500,16.520,16.300,16.520,5143,,,0.0000,hfq
2013-04-23,16.780,16.800,16.080,16.260,4870,,,-1.5738,hfq
2013-04-24,16.060,16.460,15.900,16.380,5932,,,0.7380,hfq
2013-04-25,16.300,16.520,16.020,16.200,7124,,,-1.0989,hfq
2013-04-26,16.200,16.280,15.520,15.640,6138,,,-3.4568,hfq
2013-05-02,15.700,15.860,15.580,15.780,2767,,,0.8951,hfq
2013-05-03,15.780,16.000,15.700,15.920,6487,,,0.8872,hfq
2013-05-06,15.900,16.200,15.860,16.180,5490,,,1.6332,hfq
2013-05-07,16.160,16.340,15.920,16.060,4416,,,-0.7417,hfq
2013-05-08,16.100,16.600,16.100,16.600,12429,,,3.3624,hfq
2013-05-09,16.600,17.620,16.540,17.500,38183,,,5.4217,hfq
2013-05-10,17.440,17.840,17.300,17.540,27313,,,0.2286,hfq
2013-05-13,17.500,17.500,17.120,17.500,10957,,,-0.2281,hfq
2013-05-14,17.560,17.560,17.100,17.160,9158,,,-1.9429,hfq
2013-05-15,17.280,17.440,16.920,17.440,10234,,,1.6317,hfq
2013-05-16,17.320,17.580,17.300,17.520,18281,,,0.4587,hfq
2013-05-17,17.820,17.820,17.380,17.580,15328,,,0.3425,hfq
2013-05-20,17.640,18.320,17.580,18.320,28542,,,4.2093,hfq
2013-05-21,18.160,18.580,18.160,18.380,23216,,,0.3275,hfq
2013-05-22,18.380,18.400,17.700,17.900,21385,,,-2.6115,hfq
2013-05-23,17.840,18.180,17.740,17.860,15672,,,-0.2235,hfq
2013-05-24,17.860,18.400,17.780,18.400,22211,,,3.0235,hfq
2013-05-27,18.400,18.660,18.260,18.560,22666,,,0.8696,hfq
2013-05-28,18.560,18.600,18.060,18.300,16521,,,-1.4009,hfq
2013-05-29,18.300,18.860,18.120,18.600,25646,,,1.6393,hfq
2013-05-30,18.560,18.860,18.400,18.760,21755,,,0.8602,hfq
2013-05-31,18.800,19.000,18.520,18.540,15323,,,-1.1727,hfq
2013-06-03,18.600,20.220,18.360,20.220,64543,,,9.0615,hfq
2013-06-04,19.900,20.060,19.160,19.860,63215,,,-1.7804,hfq
2013-06-05,19.660,19.840,19.320,19.660,35111,,,-1.0070,hfq
2013-06-06,19.860,20.600,19.740,19.880,60347,,,1.1190,hfq
2013-06-07,19.360,19.760,18.780,18.900,36968,,,-4.9296,hfq
2013-06-13,18.600,18.600,17.180,17.680,23448,,,-6.4550,hfq
2013-06-14,17.620,18.340,17.480,18.300,21939,,,3.5068,hfq
2013-06-17,18.120,19.020,17.700,18.460,21598,,,0.8743,hfq
2013-06-18,18.400,18.440,17.900,18.220,11983,,,-1.3001,hfq
2013-06-19,17.980,18.940,17.760,18.860,23298,,,3.5126,hfq
2013-06-20,18.700,20.300,18.560,19.620,69401,,,4.0297,hfq
2013-06-21,18.900,21.320,18.820,20.880,92809,,,6.4220,hfq
2013-06-24,20.880,21.420,19.960,20.640,87566,,,-1.1494,hfq
2013-06-25,20.100,22.540,19.900,22.540,137067,,,9.2054,hfq
2013-06-26,22.960,24.400,22.600,23.900,165458,,,6.0337,hfq
2013-06-27,23.360,25.000,22.860,24.260,137154,,,1.5063,hfq
2013-06-28,23.700,23.940,22.580,22.740,78862,,,-6.2655,hfq
2013-07-01,22.200,23.900,21.920,23.740,89800,,,4.3975,hfq
2013-07-02,23.340,24.240,22.940,23.100,101912,,,-2.6959,hfq
2013-07-03,22.680,25.240,22.520,25.240,179593,,,9.2641,hfq
2013-07-04,24.640,24.880,23.740,24.220,139042,,,-4.0412,hfq
2013-07-05,23.920,24.800,22.860,23.260,94931,,,-3.9637,hfq
2013-07-08,22.680,22.680,21.440,21.700,70004,,,-6.7068,hfq
2013-07-09,21.800,22.180,21.120,22.060,57039,,,1.6590,hfq
2013-07-10,21.800,22.600,21.740,22.520,60156,,,2.0852,hfq
2013-07-11,22.320,22.880,21.820,22.500,60271,,,-0.0888,hfq
2013-07-12,22.400,23.680,22.300,22.960,69722,,,2.0444,hfq
2013-07-15,22.980,23.780,22.980,23.600,73955,,,2.7875,hfq
2013-07-16,23.600,23.640,23.000,23.600,50174,,,0.0000,hfq
2013-07-17,23.700,24.180,22.800,22.800,63351,,,-3.3898,hfq
2013-07-18,22.100,24.120,21.700,23.760,99303,,,4.2105,hfq
2013-07-19,23.700,24.580,23.400,23.400,91118,,,-1.5152,hfq
2013-07-22,22.900,23.680,22.100,23.380,56748,,,-0.0855,hfq
2013-07-23,23.380,24.700,23.140,24.460,94096,,,4.6193,hfq
2013-07-24,24.400,26.740,24.100,26.480,170114,,,8.2584,hfq
2013-07-25,26.140,26.200,24.000,24.260,118359,,,-8.3837,hfq
2013-07-26,24.260,24.980,23.200,24.560,66323,,,1.2366,hfq
2013-07-29,24.160,24.640,23.380,23.380,41952,,,-4.8046,hfq
2013-07-30,23.100,23.860,22.320,22.960,38443,,,-1.7964,hfq
2013-07-31,23.100,23.640,22.900,22.960,28403,,,0.0000,hfq
2013-08-01,22.920,23.860,22.720,23.620,44196,,,2.8746,hfq
2013-08-02,23.620,24.700,23.360,24.080,70236,,,1.9475,hfq
2013-08-05,24.060,24.400,23.760,24.340,37358,,,1.0797,hfq
2013-08-06,24.340,24.680,24.180,24.680,45509,,,1.3969,hfq
2013-08-07,24.520,24.640,23.240,23.400,48999,,,-5.1864,hfq
2013-08-08,23.020,23.480,22.880,22.980,37697,,,-1.7949,hfq
2013-08-09,22.960,23.160,21.960,22.340,45924,,,-2.7850,hfq
2013-08-12,22.340,22.740,22.020,22.660,33358,,,1.4324,hfq
2013-08-13,22.560,23.060,22.120,22.940,29310,,,1.2357,hfq
2013-08-14,22.900,23.200,22.520,22.940,32831,,,0.0000,hfq
2013-08-15,22.860,23.280,22.600,22.620,26920,,,-1.3949,hfq
2013-08-16,22.300,23.200,22.100,22.440,30184,,,-0.7958,hfq
2013-08-19,22.200,22.920,22.060,22.900,31398,,,2.0499,hfq
2013-08-20,22.700,23.160,22.460,22.640,24708,,,-1.1354,hfq
2013-08-21,22.640,23.900,22.300,23.900,73174,,,5.5654,hfq
2013-08-22,23.700,24.400,23.480,24.260,70611,,,1.5063,hfq
2013-08-23,24.260,24.340,23.020,23.800,50304,,,-1.8961,hfq
2013-08-26,23.700,24.180,23.420,23.960,44033,,,0.6723,hfq
2013-08-27,23.960,24.140,23.540,23.760,31218,,,-0.8347,hfq
2013-08-28,23.600,23.600,22.660,22.840,37803,,,-3.8721,hfq
2013-08-29,22.800,23.000,22.640,23.000,21681,,,0.7005,hfq
2013-08-30,22.920,22.920,21.060,21.360,56787,,,-7.1304,hfq
2013-09-02,21.420,21.660,20.940,21.620,19603,,,1.2172,hfq
2013-09-03,21.540,21.840,21.420,21.700,14406,,,0.3700,hfq
2013-09-04,21.820,21.980,21.680,21.760,17514,,,0.2765,hfq
2013-09-05,21.880,21.880,21.400,21.820,18117,,,0.2757,hfq
2013-09-06,22.680,22.680,21.900,22.060,18311,,,1.0999,hfq
2013-09-09,22.000,22.180,21.760,21.840,20072,,,-0.9973,hfq
2013-09-10,21.920,22.020,21.380,21.600,28399,,,-1.0989,hfq
2013-09-11,21.660,21.660,21.100,21.220,22398,,,-1.7593,hfq
2013-09-12,21.280,21.500,21.060,21.260,13971,,,0.1885,hfq
2013-09-13,21.300,21.420,20.820,21.220,18276,,,-0.1881,hfq
2013-09-16,21.240,22.040,21.240,21.780,40872,,,2.6390,hfq
2013-09-17,21.700,21.740,21.100,21.100,16555,,,-3.1221,hfq
2013-09-18,21.100,21.240,20.900,21.160,11626,,,0.2844,hfq
2013-09-23,21.200,21.820,21.200,21.820,20710,,,3.1191,hfq
2013-09-24,21.700,22.060,21.640,21.900,30157,,,0.3666,hfq
2013-09-25,21.840,21.980,21.300,21.360,19842,,,-2.4658,hfq
2013-09-26,21.300,21.560,21.100,21.140,10468,,,-1.0300,hfq
2013-09-27,21.100,21.220,20.880,20.980,13286,,,-0.7569,hfq
2013-09-30,21.000,21.900,20.980,21.700,19210,,,3.4318,hfq
2013-10-08,21.660,22.000,21.440,21.940,23533,,,1.1060,hfq
2013-10-09,22.000,22.200,21.860,22.100,21086,,,0.7293,hfq
2013-10-10,22.100,22.200,21.520,21.660,19953,,,-1.9910,hfq
2013-10-11,21.640,22.460,21.640,22.400,32908,,,3.4164,hfq
2013-10-14,22.420,22.500,21.940,22.180,30435,,,-0.9821,hfq
2013-10-15,22.180,22.240,21.740,21.820,20581,,,-1.6231,hfq
2013-10-16,21.820,21.820,21.060,21.100,21130,,,-3.2997,hfq
2013-10-17,21.080,21.460,21.080,21.280,9893,,,0.8531,hfq
2013-10-18,21.260,21.380,21.120,21.300,10240,,,0.0940,hfq
2013-10-21,21.300,21.900,21.220,21.860,19491,,,2.6291,hfq
2013-10-22,21.880,21.900,21.460,21.460,16156,,,-1.8298,hfq
2013-10-23,21.500,22.200,21.440,21.940,32741,,,2.2367,hfq
2013-10-24,21.960,23.600,21.900,23.420,109629,,,6.7457,hfq
2013-10-25,23.220,23.400,22.460,22.840,53847,,,-2.4765,hfq
2013-10-28,22.820,22.820,21.900,22.040,36509,,,-3.5026,hfq
2013-10-29,21.760,22.000,20.000,20.000,50363,,,-9.2559,hfq
2013-10-30,19.700,19.840,19.200,19.760,36492,,,-1.2000,hfq
2013-10-31,19.560,19.720,19.420,19.620,15455,,,-0.7085,hfq
2013-11-01,19.620,19.700,19.000,19.420,16405,,,-1.0194,hfq
2013-11-04,19.360,19.960,19.300,19.740,15872,,,1.6478,hfq
2013-11-05,19.600,19.860,19.400,19.800,14097,,,0.3040,hfq
2013-11-06,19.700,19.940,19.520,19.560,16879,,,-1.2121,hfq
2013-11-07,19.560,19.640,19.020,19.020,13841,,,-2.7607,hfq
2013-11-08,19.100,19.180,18.400,18.500,14675,,,-2.7340,hfq
2013-11-11,18.660,18.660,18.220,18.660,9425,,,0.8649,hfq
2013-11-12,18.660,19.160,18.580,19.160,16154,,,2.6795,hfq
2013-11-13,19.140,19.580,18.920,19.300,19073,,,0.7307,hfq
2013-11-14,19.280,19.880,19.120,19.460,15865,,,0.8290,hfq
2013-11-15,19.640,20.400,19.520,19.920,25588,,,2.3638,hfq
2013-11-18,20.000,20.100,19.740,20.020,23755,,,0.5020,hfq
2013-11-19,20.020,20.200,19.900,20.200,17597,,,0.8991,hfq
2013-11-20,20.200,20.460,19.940,20.460,21444,,,1.2871,hfq
2013-11-21,20.240,20.540,20.180,20.340,13654,,,-0.5865,hfq
2013-11-22,20.300,20.440,19.940,19.980,15514,,,-1.7699,hfq
2013-11-25,19.800,20.260,19.800,20.040,12646,,,0.3003,hfq
2013-11-26,20.060,21.140,20.000,20.880,39853,,,4.1916,hfq
2013-11-27,20.700,20.880,20.400,20.700,27650,,,-0.8621,hfq
2013-11-28,20.700,21.140,20.660,20.840,21827,,,0.6763,hfq
2013-11-29,20.840,21.440,20.760,21.320,21906,,,2.3033,hfq
2013-12-02,20.900,21.020,19.400,19.660,37513,,,-7.7861,hfq
2013-12-03,19.540,20.600,19.320,20.500,21774,,,4.2726,hfq
2013-12-04,20.500,21.120,20.300,20.820,19170,,,1.5610,hfq
2013-12-05,20.800,21.300,20.700,21.060,17010,,,1.1527,hfq
2013-12-06,21.080,21.280,20.720,20.860,16166,,,-0.9497,hfq
2013-12-09,20.860,21.140,20.840,21.080,9549,,,1.0547,hfq
2013-12-10,21.140,21.440,20.920,21.340,14930,,,1.2334,hfq
2013-12-11,21.400,21.400,20.900,21.100,12826,,,-1.1246,hfq
2013-12-12,20.940,21.160,20.660,20.860,13876,,,-1.1374,hfq
2013-12-13,20.740,21.700,20.560,21.580,28052,,,3.4516,hfq
2013-12-16,21.500,22.680,21.300,21.800,40112,,,1.0195,hfq
2013-12-17,21.700,23.820,21.600,23.820,106404,,,9.2661,hfq
2013-12-18,24.020,26.040,23.860,26.040,172335,,,9.3199,hfq
2013-12-19,25.860,26.500,24.700,25.700,142483,,,-1.3057,hfq
2013-12-20,25.500,25.940,23.860,24.100,133687,,,-6.2257,hfq
2013-12-23,24.180,24.240,23.020,23.260,115415,,,-3.4855,hfq
2013-12-24,23.100,25.420,22.800,25.420,161372,,,9.2863,hfq
2013-12-25,25.320,26.220,24.100,25.480,167493,,,0.2360,hfq
2013-12-26,24.920,27.860,24.760,27.860,159655,,,9.3407,hfq
2013-12-27,28.720,29.660,27.100,28.100,254452,,,0.8615,hfq
2013-12-30,27.740,30.620,27.340,29.720,215258,,,5.7651,hfq
2013-12-31,28.700,28.980,26.920,26.980,159751,,,-9.2194,hfq
2014-01-02,26.520,28.480,26.500,27.460,118416,,,1.7791,hfq
2014-01-03,27.440,28.280,26.920,27.820,98395,,,1.3110,hfq
2014-01-06,27.600,27.600,25.700,26.000,94959,,,-6.5421,hfq
2014-01-07,26.000,26.960,25.620,26.540,84692,,,2.0769,hfq
2014-01-08,26.500,27.700,26.500,26.980,94361,,,1.6579,hfq
2014-01-09,26.700,27.560,25.640,26.180,99306,,,-2.9652,hfq
2014-01-10,26.180,26.880,24.740,24.900,78008,,,-4.8892,hfq
2014-01-13,24.740,25.020,24.200,24.620,67860,,,-1.1245,hfq
2014-01-14,24.660,26.000,24.660,25.940,79409,,,5.3615,hfq
2014-01-15,25.720,25.980,25.200,25.660,62334,,,-1.0794,hfq
2014-01-16,25.520,27.660,25.400,27.160,120207,,,5.8457,hfq
2014-01-17,26.740,27.600,26.420,27.000,86015,,,-0.5891,hfq
2014-01-20,27.080,27.560,25.700,25.780,70910,,,-4.5185,hfq
2014-01-21,25.860,27.280,25.560,27.060,73458,,,4.9651,hfq
2014-01-22,27.000,28.280,26.700,27.880,116434,,,3.0303,hfq
2014-01-23,27.780,28.040,27.220,27.820,79523,,,-0.2152,hfq
2014-01-24,27.700,28.400,27.380,27.740,87973,,,-0.2876,hfq
2014-01-27,27.520,29.160,26.800,28.600,120052,,,3.1002,hfq
2014-01-28,28.500,28.700,27.420,27.600,67674,,,-3.4965,hfq
2014-01-29,27.540,28.100,27.140,27.580,55036,,,-0.0725,hfq
2014-01-30,27.020,27.560,26.420,26.420,45910,,,-4.2059,hfq
2014-02-07,26.040,27.040,25.620,26.920,46478,,,1.8925,hfq
2014-02-10,27.100,29.020,26.920,28.240,97256,,,4.9034,hfq
2014-02-11,28.020,30.200,27.480,29.720,138136,,,5.2408,hfq
2014-02-12,29.400,30.200,28.860,29.780,102437,,,0.2019,hfq
2014-02-13,29.500,29.680,27.720,27.960,84070,,,-6.1115,hfq
2014-02-14,27.620,28.600,27.320,28.280,68155,,,1.1445,hfq
2014-02-17,28.340,29.000,28.080,28.840,69092,,,1.9802,hfq
2014-02-18,29.060,30.040,28.500,29.380,103144,,,1.8724,hfq
2014-02-19,29.160,29.580,28.300,28.580,64705,,,-2.7229,hfq
2014-02-20,28.580,28.680,27.440,27.500,47931,,,-3.7789,hfq
2014-02-21,27.500,28.140,27.100,27.960,33328,,,1.6727,hfq
2014-02-24,27.900,28.020,27.400,27.960,31729,,,0.0000,hfq
2014-02-25,28.060,29.900,28.040,28.460,135794,,,1.7883,hfq
2014-02-26,27.760,27.760,25.920,26.980,78760,,,-5.2003,hfq
2014-02-27,26.560,27.260,26.000,26.000,58303,,,-3.6323,hfq
2014-02-28,26.020,26.180,24.440,25.260,57223,,,-2.8462,hfq
2014-03-03,25.200,25.720,24.880,25.720,28696,,,1.8211,hfq
2014-03-04,25.420,25.700,24.840,25.220,29796,,,-1.9440,hfq
2014-03-05,25.420,25.700,25.200,25.220,26314,,,0.0000,hfq
2014-03-06,25.100,25.340,24.400,24.860,29144,,,-1.4274,hfq
2014-03-07,24.800,25.280,24.700,24.760,24668,,,-0.4023,hfq
2014-03-10,24.740,24.740,23.700,23.760,24415,,,-4.0388,hfq
2014-03-11,23.660,24.400,23.660,24.060,19002,,,1.2626,hfq
2014-03-12,24.300,24.300,23.020,23.760,23253,,,-1.2469,hfq
2014-03-13,23.700,24.000,23.520,23.840,18513,,,0.3367,hfq
2014-03-14,23.840,24.180,23.440,24.020,24588,,,0.7550,hfq
2014-03-17,24.100,24.980,23.960,24.880,32656,,,3.5803,hfq
2014-03-18,24.900,25.140,24.660,24.840,25881,,,-0.1608,hfq
2014-03-19,24.700,25.000,24.220,24.660,18953,,,-0.7246,hfq
2014-03-20,24.640,24.840,23.600,23.740,19889,,,-3.7307,hfq
2014-03-21,23.460,24.260,23.260,24.240,17130,,,2.1061,hfq
2014-03-24,24.040,24.460,24.000,24.280,14250,,,0.1650,hfq
2014-03-25,24.280,24.860,23.920,24.860,27964,,,2.3888,hfq
2014-03-26,24.840,25.220,24.520,24.720,19808,,,-0.5632,hfq
2014-03-27,24.680,24.680,23.680,23.900,20877,,,-3.3172,hfq
2014-03-28,23.880,24.060,23.300,23.300,16854,,,-2.5105,hfq
2014-03-31,23.380,23.380,22.620,22.800,14347,,,-2.1459,hfq
2014-04-01,22.800,23.540,22.800,23.540,12900,,,3.2456,hfq
2014-04-02,23.500,23.580,22.980,23.200,10400,,,-1.4444,hfq
2014-04-03,23.200,23.520,23.140,23.440,9460,,,1.0345,hfq
2014-04-04,23.540,23.780,23.320,23.660,9452,,,0.9386,hfq
2014-04-08,23.480,24.060,23.340,23.900,12343,,,1.0144,hfq
2014-04-09,23.900,24.400,23.900,24.180,13486,,,1.1715,hfq
2014-04-10,24.180,24.400,23.960,23.960,17855,,,-0.9098,hfq
2014-04-11,23.840,24.220,23.700,24.160,13968,,,0.8347,hfq
2014-04-14,24.100,24.600,24.000,24.320,13998,,,0.6623,hfq
2014-04-15,24.180,24.360,23.880,24.060,11580,,,-1.0691,hfq
2014-04-16,24.060,24.100,23.800,23.940,7993,,,-0.4988,hfq
2014-04-17,24.000,24.500,23.960,24.380,15851,,,1.8379,hfq
2014-04-18,24.320,24.380,24.040,24.380,10447,,,0.0000,hfq
2014-04-21,24.300,24.300,23.540,23.580,14321,,,-3.2814,hfq
2014-04-22,23.300,23.580,22.760,23.080,14849,,,-2.1204,hfq
2014-04-23,23.080,23.260,22.900,23.060,5926,,,-0.0867,hfq
2014-04-24,23.120,23.200,22.880,22.900,7420,,,-0.6938,hfq
2014-04-25,23.040,23.040,21.900,21.900,14655,,,-4.3668,hfq
2014-04-28,21.800,21.820,20.500,21.000,13738,,,-4.1096,hfq
2014-04-29,20.980,21.460,20.920,21.380,9382,,,1.8095,hfq
2014-04-30,21.380,21.760,21.320,21.720,7521,,,1.5903,hfq
2014-05-05,21.900,22.080,21.400,22.060,12242,,,1.5654,hfq
2014-05-06,22.060,22.860,21.920,22.400,16311,,,1.5413,hfq
2014-05-07,22.200,22.380,21.620,21.800,9956,,,-2.6786,hfq
2014-05-08,21.600,22.060,21.540,21.740,8928,,,-0.2752,hfq
2014-05-09,22.260,23.740,22.260,23.740,17488,,,9.1996,hfq
2014-05-12,25.940,25.940,25.940,25.940,43027,,,9.2671,hfq
2014-05-13,26.700,27.300,25.400,25.860,137208,,,-0.3084,hfq
2014-05-14,25.500,25.800,24.960,25.220,67492,,,-2.4749,hfq
2014-05-15,25.100,25.580,24.420,24.600,56111,,,-2.4584,hfq
2014-05-16,24.300,24.980,24.180,24.800,37765,,,0.8130,hfq
2014-05-19,24.700,24.880,24.040,24.060,26450,,,-2.9839,hfq
2014-05-20,24.380,24.880,24.080,24.120,28913,,,0.2494,hfq
2014-05-21,23.880,26.320,23.320,26.320,42480,,,9.1211,hfq
2014-05-22,28.240,28.240,26.760,28.080,195790,,,6.6869,hfq
2014-05-23,27.440,27.660,26.080,26.800,110154,,,-4.5584,hfq
2014-05-26,26.660,27.020,26.260,26.540,79037,,,-0.9701,hfq
2014-05-27,26.420,26.700,25.820,25.900,57561,,,-2.4115,hfq
2014-05-28,25.820,26.620,25.660,26.340,55870,,,1.6988,hfq
2014-05-29,27.260,28.760,27.260,27.620,153384,,,4.8595,hfq
2014-05-30,26.660,27.200,26.520,26.760,80356,,,-3.1137,hfq
2014-06-03,26.420,27.120,26.260,26.260,46831,,,-1.8685,hfq
2014-06-04,26.220,26.780,25.660,26.340,53319,,,0.3046,hfq
2014-06-05,26.300,26.700,25.960,26.560,42346,,,0.8352,hfq
2014-06-06,26.460,27.000,25.980,26.040,52460,,,-1.9578,hfq
2014-06-09,25.760,25.780,24.860,25.040,50522,,,-3.8402,hfq
2014-06-10,25.100,25.720,24.620,25.600,46258,,,2.2364,hfq
2014-06-11,25.460,26.040,25.280,25.680,37998,,,0.3125,hfq
2014-06-12,25.560,26.760,25.500,26.420,63852,,,2.8816,hfq
2014-06-13,26.460,27.540,26.080,26.680,65257,,,0.9841,hfq
2014-06-16,26.660,27.220,26.460,27.020,50314,,,1.2744,hfq
2014-06-17,27.060,27.060,26.420,26.440,34265,,,-2.1466,hfq
2014-06-18,26.560,28.620,26.460,27.900,112750,,,5.5219,hfq
2014-06-19,27.840,27.840,25.340,25.860,82793,,,-7.3118,hfq
2014-06-20,25.600,26.380,25.360,26.320,35158,,,1.7788,hfq
2014-06-23,26.420,27.360,26.420,27.060,48310,,,2.8116,hfq
2014-06-24,27.240,27.480,26.920,27.320,35504,,,0.9608,hfq
2014-06-25,27.240,27.240,26.600,27.120,28355,,,-0.7321,hfq
2014-06-26,27.160,28.400,27.160,27.640,69876,,,1.9174,hfq
2014-06-27,27.460,28.960,27.320,28.920,79262,,,4.6310,hfq
2014-06-30,28.740,29.380,28.160,28.920,73073,,,0.0000,hfq
2014-07-01,28.860,29.020,28.220,28.460,52431,,,-1.5906,hfq
2014-07-02,28.680,28.820,27.720,28.200,58583,,,-0.9136,hfq
2014-07-03,28.100,28.820,28.020,28.300,51528,,,0.3546,hfq
2014-07-04,28.160,28.960,28.100,28.320,46191,,,0.0707,hfq
2014-07-07,28.260,28.260,27.660,27.960,36957,,,-1.2712,hfq
2014-07-08,27.960,28.800,27.660,28.740,44565,,,2.7897,hfq
2014-07-09,28.680,28.680,27.660,27.780,46014,,,-3.3403,hfq
2014-07-10,27.660,28.200,27.660,27.960,25352,,,0.6479,hfq
2014-07-11,27.940,28.640,27.720,28.620,40989,,,2.3605,hfq
2014-07-14,28.480,29.020,28.400,28.800,42775,,,0.6289,hfq
2014-07-15,28.800,29.360,28.160,28.340,38333,,,-1.5972,hfq
2014-07-16,28.040,28.280,27.280,27.560,38484,,,-2.7523,hfq
2014-07-17,27.560,27.780,27.400,27.660,14138,,,0.3628,hfq
2014-07-18,27.480,27.800,26.900,26.920,21904,,,-2.6753,hfq
2014-07-21,26.860,27.120,26.500,26.860,16108,,,-0.2229,hfq
2014-07-22,26.900,27.360,26.860,27.340,12996,,,1.7870,hfq
2014-07-23,27.380,27.420,26.480,26.640,17916,,,-2.5604,hfq
2014-07-24,26.660,26.940,25.860,25.900,23038,,,-2.7778,hfq
2014-07-25,25.980,26.580,25.980,26.240,13675,,,1.3127,hfq
2014-07-28,26.360,26.840,26.360,26.660,15315,,,1.6006,hfq
2014-07-29,26.660,27.280,26.660,26.860,22209,,,0.7502,hfq
2014-07-30,26.880,27.160,26.860,27.040,16924,,,0.6701,hfq
2014-07-31,27.060,27.160,26.680,27.060,22410,,,0.0740,hfq
2014-08-01,27.040,27.040,26.480,26.560,18958,,,-1.8477,hfq
2014-08-04,26.560,26.960,26.460,26.860,18064,,,1.1295,hfq
2014-08-05,26.820,27.300,26.560,27.240,33041,,,1.4147,hfq
2014-08-06,27.200,27.840,27.020,27.720,34421,,,1.7621,hfq
2014-08-07,27.700,27.820,27.160,27.260,22760,,,-1.6595,hfq
2014-08-08,27.200,28.020,27.200,27.940,31539,,,2.4945,hfq
2014-08-11,27.900,28.200,27.740,28.040,27045,,,0.3579,hfq
2014-08-12,27.960,28.180,27.760,27.900,20442,,,-0.4993,hfq
2014-08-13,27.900,28.060,27.380,27.720,22253,,,-0.6452,hfq
2014-08-14,27.700,28.420,27.180,28.120,45938,,,1.4430,hfq
2014-08-15,28.040,28.320,27.920,28.160,31172,,,0.1422,hfq
2014-08-18,28.140,28.600,28.020,28.540,42019,,,1.3494,hfq
2014-08-19,28.580,28.960,28.260,28.600,40273,,,0.2102,hfq
2014-08-20,28.460,28.600,28.200,28.420,29349,,,-0.6294,hfq
2014-08-21,28.420,28.500,27.720,28.240,24852,,,-0.6334,hfq
2014-08-22,28.200,29.400,28.060,29.120,61181,,,3.1161,hfq
2014-08-25,29.060,29.100,28.460,28.660,31886,,,-1.5797,hfq
2014-08-26,28.700,28.940,27.820,27.880,25008,,,-2.7216,hfq
2014-08-27,27.860,28.900,27.800,28.840,36451,,,3.4433,hfq
2014-08-28,28.660,29.100,28.240,29.100,43919,,,0.9015,hfq
2014-08-29,29.240,29.400,28.800,28.960,41705,,,-0.4811,hfq
2014-09-01,29.080,30.780,28.800,30.540,88572,,,5.4558,hfq
2014-09-02,30.260,30.600,30.060,30.600,58073,,,0.1965,hfq
2014-09-03,30.520,31.380,30.200,31.060,61735,,,1.5033,hfq
2014-09-04,30.960,31.040,30.220,30.520,62369,,,-1.7386,hfq
2014-09-05,30.320,30.480,29.940,30.320,37668,,,-0.6553,hfq
2014-09-09,30.380,30.760,30.080,30.700,35168,,,1.2533,hfq
2014-09-10,30.560,30.680,30.260,30.560,29103,,,-0.4560,hfq
2014-09-11,30.560,31.620,30.400,30.860,63677,,,0.9817,hfq
2014-09-12,30.420,30.760,30.080,30.580,45420,,,-0.9073,hfq
2014-09-15,30.360,30.900,30.240,30.900,38361,,,1.0464,hfq
2014-09-16,30.820,31.160,29.340,29.520,48137,,,-4.4660,hfq
2014-09-17,29.260,29.840,28.780,29.220,35165,,,-1.0163,hfq
2014-09-18,29.140,29.460,29.060,29.420,17429,,,0.6845,hfq
2014-09-19,29.420,29.880,29.340,29.760,22209,,,1.1557,hfq
2014-09-22,29.800,30.780,29.460,30.500,47394,,,2.4866,hfq
2014-09-23,30.500,30.660,30.120,30.500,28441,,,0.0000,hfq
2014-09-24,30.520,31.460,30.520,31.000,41263,,,1.6393,hfq
2014-09-25,31.080,31.940,30.880,31.580,61993,,,1.8710,hfq
2014-09-26,31.460,31.760,31.100,31.420,28254,,,-0.5066,hfq
2014-09-29,31.280,31.740,31.260,31.360,31251,,,-0.1910,hfq
2014-09-30,31.260,31.460,31.020,31.380,26972,,,0.0638,hfq
2014-10-08,31.480,32.180,31.160,32.000,40305,,,1.9758,hfq
2014-10-09,32.040,32.760,31.700,32.200,47796,,,0.6250,hfq
2014-10-10,31.860,32.620,31.480,32.560,50823,,,1.1180,hfq
2014-10-13,32.260,33.880,32.240,33.560,71908,,,3.0713,hfq
2014-10-14,33.380,35.360,33.280,34.320,74987,,,2.2646,hfq
2014-10-15,34.480,37.540,34.280,36.760,106733,,,7.1096,hfq
2014-10-16,36.560,37.160,35.460,35.520,85768,,,-3.3732,hfq
2014-10-17,35.180,36.360,34.360,35.460,75079,,,-0.1689,hfq
2014-10-20,35.460,37.740,35.260,37.020,60486,,,4.3993,hfq
2014-10-21,36.960,37.560,36.060,36.160,45993,,,-2.3231,hfq
2014-10-22,35.800,36.500,34.700,34.940,43468,,,-3.3739,hfq
2014-10-23,34.520,34.660,33.620,33.940,42413,,,-2.8620,hfq
2014-10-24,34.100,34.760,33.920,34.560,29249,,,1.8268,hfq
2014-10-27,34.180,34.600,33.760,34.300,21331,,,-0.7523,hfq
2014-10-28,34.360,36.240,34.360,36.060,53724,,,5.1312,hfq
2014-10-29,36.060,36.420,35.500,36.240,39096,,,0.4992,hfq
2014-10-30,36.180,37.100,35.660,36.040,47672,,,-0.5519,hfq
2014-10-31,36.360,36.840,35.560,36.800,35845,,,2.1088,hfq
2014-11-03,37.400,40.200,37.300,39.940,107747,,,8.5326,hfq
2014-11-04,39.260,40.580,39.260,39.580,55758,,,-0.9014,hfq
2014-11-05,39.500,41.380,39.300,41.000,65210,,,3.5877,hfq
2014-11-06,40.940,41.320,39.720,40.740,41242,,,-0.6341,hfq
2014-11-07,40.680,41.020,39.100,39.660,44644,,,-2.6510,hfq
2014-11-10,39.840,40.460,38.520,39.680,31970,,,0.0504,hfq
2014-11-11,39.800,39.900,37.260,39.120,34131,,,-1.4113,hfq
2014-11-12,38.660,39.660,38.100,39.160,15004,,,0.1022,hfq
2014-11-13,39.260,40.860,39.060,39.540,50998,,,0.9704,hfq
2014-11-14,39.500,41.660,39.060,41.640,59091,,,5.3111,hfq
2014-11-17,41.640,43.060,41.280,42.880,48542,,,2.9779,hfq
2014-11-18,42.900,43.200,41.500,41.820,36892,,,-2.4720,hfq
2014-11-19,41.440,42.340,40.460,41.560,38575,,,-0.6217,hfq
2014-11-20,41.160,44.040,40.620,43.760,44313,,,5.2936,hfq
2014-11-21,43.660,44.260,43.060,43.860,39519,,,0.2285,hfq
2014-11-24,43.660,44.960,43.180,44.340,34399,,,1.0944,hfq
2014-11-25,44.380,44.760,43.800,44.340,25911,,,0.0000,hfq
2014-11-26,44.340,44.500,42.500,44.280,52767,,,-0.1353,hfq
2014-11-27,43.980,44.060,43.080,43.300,33197,,,-2.2132,hfq
2014-11-28,43.380,43.920,42.820,43.620,24112,,,0.7390,hfq
2014-12-01,43.620,43.660,41.860,43.260,37675,,,-0.8253,hfq
2014-12-02,43.660,44.220,42.660,43.260,31484,,,0.0000,hfq
2014-12-03,43.280,43.460,42.060,42.660,21355,,,-1.3870,hfq
2014-12-04,42.660,43.940,42.220,43.360,38582,,,1.6409,hfq
2014-12-05,43.020,43.060,39.560,41.600,48896,,,-4.0590,hfq
2014-12-08,40.860,41.580,39.260,39.760,39894,,,-4.4231,hfq
2014-12-09,39.360,39.360,36.980,37.060,39937,,,-6.7907,hfq
2014-12-10,37.060,39.860,36.680,39.840,45492,,,7.5013,hfq
2015-01-16,36.060,36.060,36.060,36.060,27839,,,-9.4880,hfq
2015-01-19,35.060,36.620,33.900,34.820,62573,,,-3.4387,hfq
2015-01-20,35.120,35.940,34.420,35.680,43739,,,2.4698,hfq
2015-01-21,35.660,36.260,35.180,36.020,40342,,,0.9529,hfq
2015-01-22,35.940,39.420,35.660,39.420,83870,,,9.4392,hfq
2015-01-23,39.360,39.360,37.820,37.860,51110,,,-3.9574,hfq
2015-01-26,37.400,38.540,37.400,38.160,32414,,,0.7924,hfq
2015-01-27,38.140,38.140,36.920,37.760,25885,,,-1.0482,hfq
2015-01-28,37.760,38.520,37.480,37.780,19569,,,0.0530,hfq
2015-01-29,37.800,37.800,36.060,36.920,24341,,,-2.2763,hfq
2015-01-30,36.760,37.080,35.400,35.560,25874,,,-3.6836,hfq
2015-02-02,35.460,35.460,33.880,34.740,18000,,,-2.3060,hfq
2015-02-03,35.260,35.880,34.960,35.640,22110,,,2.5907,hfq
2015-02-04,35.760,36.920,35.560,36.740,32419,,,3.0864,hfq
2015-02-05,36.660,40.200,36.180,39.240,106642,,,6.8046,hfq
2015-02-06,38.980,40.780,37.180,37.620,50473,,,-4.1284,hfq
2015-02-09,37.660,41.180,37.660,41.180,92714,,,9.4631,hfq
2015-02-10,41.180,42.420,39.680,40.800,79701,,,-0.9228,hfq
2015-02-11,41.060,42.060,40.040,40.700,55554,,,-0.2451,hfq
2015-02-12,40.460,40.460,38.800,39.860,70358,,,-2.0639,hfq
2015-02-13,39.600,40.360,39.440,39.820,68398,,,-0.1004,hfq
2015-02-16,40.060,41.020,39.780,40.620,64256,,,2.0090,hfq
2015-02-17,40.520,40.640,39.840,40.420,35095,,,-0.4924,hfq
2015-02-25,40.380,40.380,39.260,40.100,24949,,,-0.7917,hfq
2015-02-26,40.040,42.420,39.660,41.980,63186,,,4.6883,hfq
2015-02-27,41.580,42.460,41.160,42.300,37233,,,0.7623,hfq
2015-03-02,42.500,43.660,42.060,43.260,53161,,,2.2695,hfq
2015-03-03,43.300,43.300,41.260,42.460,39030,,,-1.8493,hfq
2015-03-04,42.140,42.260,41.260,42.000,36640,,,-1.0834,hfq
2015-03-05,42.420,42.420,41.460,42.040,34460,,,0.0952,hfq
2015-03-06,42.460,43.040,41.060,41.920,35934,,,-0.2854,hfq
2015-03-09,42.020,42.040,40.680,41.660,26162,,,-0.6202,hfq
2015-03-10,41.440,42.220,41.100,41.660,28055,,,0.0000,hfq
2015-03-11,41.960,42.000,41.260,41.580,20238,,,-0.1920,hfq
2015-03-12,41.580,41.680,40.020,41.500,32883,,,-0.1924,hfq
2015-03-13,41.720,41.780,40.880,41.460,28721,,,-0.0964,hfq
2015-03-16,41.580,43.860,41.260,43.040,81755,,,3.8109,hfq
2015-03-17,43.040,43.520,42.360,42.740,61795,,,-0.6970,hfq
2015-03-18,42.660,43.060,42.300,42.920,44069,,,0.4212,hfq
2015-03-19,43.020,47.000,42.360,46.720,89581,,,8.8537,hfq
2015-03-20,46.080,50.560,45.840,49.660,118271,,,6.2928,hfq
2015-03-23,48.600,50.840,48.540,49.720,76854,,,0.1208,hfq
2015-03-24,49.540,49.920,47.220,48.840,50610,,,-1.7699,hfq
2015-03-25,48.580,50.080,47.180,48.940,61985,,,0.2048,hfq
2015-03-26,48.440,48.640,47.060,47.780,36355,,,-2.3702,hfq
2015-03-27,46.760,48.660,46.760,47.980,29301,,,0.4186,hfq
2015-03-30,48.360,48.440,47.040,47.840,35908,,,-0.2918,hfq
2015-03-31,47.860,49.660,47.420,47.820,37554,,,-0.0418,hfq
2015-04-01,47.760,49.120,47.560,48.580,33335,,,1.5893,hfq
2015-04-02,48.400,49.120,48.020,48.600,32171,,,0.0412,hfq
2015-04-03,48.400,53.260,48.280,53.260,70201,,,9.5885,hfq
2015-04-07,53.060,53.100,51.420,52.480,90923,,,-1.4645,hfq
2015-04-08,52.060,52.720,50.580,50.880,51008,,,-3.0488,hfq
2015-04-09,50.880,51.460,47.160,49.180,54535,,,-3.3412,hfq
2015-04-10,48.760,50.440,48.220,50.020,30969,,,1.7080,hfq
2015-04-13,49.960,51.220,48.820,49.960,56243,,,-0.1200,hfq
2015-04-14,50.040,53.240,49.980,52.080,69555,,,4.2434,hfq
2015-04-15,51.780,52.800,48.660,48.880,37499,,,-6.1444,hfq
2015-04-16,48.060,50.700,46.940,50.700,66028,,,3.7234,hfq
2015-04-17,51.580,55.560,51.560,52.640,166685,,,3.8264,hfq
2015-04-20,50.300,55.680,50.300,54.380,152737,,,3.3055,hfq
2015-04-21,54.080,59.260,52.640,58.000,97007,,,6.6569,hfq
2015-04-22,56.660,60.520,56.380,57.500,104154,,,-0.8621,hfq
2015-04-23,57.420,57.760,54.820,55.660,82563,,,-3.2000,hfq
2015-04-24,54.960,60.260,53.860,59.820,88197,,,7.4739,hfq
2015-04-27,59.140,62.460,59.100,60.640,85240,,,1.3708,hfq
2015-04-28,60.660,61.060,54.800,56.440,69271,,,-6.9261,hfq
2015-04-29,56.440,57.480,55.060,56.840,43783,,,0.7087,hfq
2015-04-30,56.920,57.200,54.860,55.300,54929,,,-2.7094,hfq
2015-05-04,55.000,56.720,53.820,56.020,65448,,,1.3020,hfq
2015-05-05,55.660,55.980,53.740,54.640,32740,,,-2.4634,hfq
2015-05-06,54.100,56.260,53.880,54.300,39664,,,-0.6223,hfq
2015-05-07,54.300,54.460,50.060,50.440,37200,,,-7.1087,hfq
2015-05-08,50.660,52.660,50.440,52.460,34055,,,4.0048,hfq
2015-05-11,52.660,56.580,52.220,56.020,56527,,,6.7861,hfq
2015-05-12,57.380,59.880,56.060,57.260,63028,,,2.2135,hfq
2015-05-13,57.280,62.780,56.960,62.780,137253,,,9.6402,hfq
2015-05-14,67.060,67.060,63.000,65.900,103222,,,4.9697,hfq
2015-05-15,65.060,65.220,61.140,62.220,67960,,,-5.5842,hfq
2015-05-18,62.520,68.240,62.520,68.240,97286,,,9.6753,hfq
2015-05-19,69.720,74.860,66.060,74.860,114463,,,9.7011,hfq
2015-05-20,74.060,81.080,74.060,76.560,101609,,,2.2709,hfq
2015-05-21,75.720,84.020,75.460,84.020,104046,,,9.7440,hfq
2015-05-22,85.160,87.300,78.480,81.660,136509,,,-2.8089,hfq
2015-05-25,78.580,82.000,76.860,79.940,79062,,,-2.1063,hfq
2015-05-26,79.920,87.720,79.920,87.720,59719,,,9.7323,hfq
2015-05-27,88.860,91.100,85.680,86.980,61955,,,-0.8436,hfq
2015-05-28,87.000,90.500,78.660,78.660,68402,,,-9.5654,hfq
2015-05-29,76.500,86.320,75.580,84.020,80668,,,6.8141,hfq
2015-06-01,84.060,90.460,83.680,88.560,52198,,,5.4035,hfq
2015-06-02,88.560,97.180,87.040,97.180,55787,,,9.7335,hfq
2015-06-03,98.560,106.660,96.580,101.420,72730,,,4.3630,hfq
2015-06-04,103.060,108.660,94.460,107.460,105822,,,5.9554,hfq
2015-06-05,109.480,110.060,101.620,105.160,68365,,,-2.1403,hfq
2015-06-08,104.060,104.060,95.460,97.460,48941,,,-7.3222,hfq
2015-06-09,94.460,100.440,88.480,95.460,71332,,,-2.0521,hfq
2015-06-10,95.060,101.820,91.860,101.460,66540,,,6.2854,hfq
2015-06-11,103.300,111.360,99.460,108.460,126120,,,6.8993,hfq
2015-06-12,111.360,114.460,105.640,107.740,102577,,,-0.6638,hfq
2015-06-15,107.720,108.840,100.460,102.460,57303,,,-4.9007,hfq
2015-06-16,100.460,102.660,92.460,92.460,60393,,,-9.7599,hfq
2015-06-17,88.460,95.700,85.460,94.440,60837,,,2.1415,hfq
2015-06-18,94.720,101.060,86.700,94.460,115456,,,0.0212,hfq
2015-06-19,88.660,92.440,85.280,89.060,51711,,,-5.7167,hfq
2015-06-23,88.860,90.740,80.400,89.660,64875,,,0.6737,hfq
2015-06-24,90.660,93.120,85.560,90.460,63977,,,0.8923,hfq
2015-06-25,90.460,92.220,82.440,85.060,50626,,,-5.9695,hfq
2015-06-26,82.060,82.060,76.800,76.800,42445,,,-9.7108,hfq
2015-06-29,76.800,78.900,69.360,69.360,62396,,,-9.6875,hfq
2015-06-30,69.360,74.460,62.680,73.820,109084,,,6.4302,hfq
2015-07-01,70.460,73.460,66.680,66.680,67534,,,-9.6722,hfq
2015-07-02,66.580,66.580,60.260,60.260,121924,,,-9.6281,hfq
2015-07-03,54.480,57.300,54.480,54.480,68993,,,-9.5918,hfq
2015-07-06,58.460,58.480,49.280,49.280,89315,,,-9.5448,hfq
2015-07-07,44.600,44.600,44.600,44.600,8156,,,-9.4968,hfq
2015-07-08,40.380,42.020,40.380,40.380,177209,,,-9.4619,hfq
2015-07-09,36.980,44.180,36.980,44.180,107148,,,9.4106,hfq
2015-07-10,45.960,48.360,44.260,48.360,53968,,,9.4613,hfq
2015-07-13,51.440,52.960,48.660,52.960,100542,,,9.5120,hfq
2015-07-14,53.060,58.020,52.060,54.260,185960,,,2.4547,hfq
2015-07-15,51.620,53.540,49.080,49.080,57748,,,-9.5466,hfq
2015-07-16,44.420,51.080,44.420,47.440,92375,,,-3.3415,hfq
2015-07-17,47.860,51.480,46.480,50.660,72709,,,6.7875,hfq
2015-07-20,51.640,53.840,49.460,52.820,90764,,,4.2637,hfq
2015-07-21,52.660,55.460,50.880,54.800,107766,,,3.7486,hfq
2015-07-22,54.460,56.560,52.060,54.800,114856,,,0.0000,hfq
2015-07-23,54.800,60.040,54.160,60.040,126999,,,9.5620,hfq
2015-07-24,60.560,62.460,56.620,58.220,168405,,,-3.0313,hfq
2015-07-27,54.520,58.460,52.640,52.640,95834,,,-9.5843,hfq
2015-07-28,47.660,52.060,47.620,47.620,114830,,,-9.5365,hfq
2015-07-29,48.560,50.560,45.060,50.260,89853,,,5.5439,hfq
2015-07-30,49.620,50.560,45.660,46.860,83258,,,-6.7648,hfq
2015-07-31,45.340,47.480,44.080,45.620,60767,,,-2.6462,hfq
2015-08-03,45.000,45.180,41.300,41.460,54276,,,-9.1188,hfq
2015-08-04,42.060,45.360,40.480,45.360,93876,,,9.4067,hfq
2015-08-05,45.940,48.060,45.180,46.080,101508,,,1.5873,hfq
2015-08-06,45.180,50.440,44.080,49.180,117452,,,6.7274,hfq
2015-08-07,49.260,51.120,47.860,50.720,99452,,,3.1314,hfq
2015-08-10,51.460,54.140,50.740,53.060,86419,,,4.6136,hfq
2015-08-11,53.160,54.160,51.160,52.580,106835,,,-0.9046,hfq
2015-08-12,51.580,53.000,50.520,50.540,75886,,,-3.8798,hfq
2015-08-13,50.220,52.780,49.900,52.780,68883,,,4.4321,hfq
2015-08-14,53.440,55.280,53.160,54.460,90437,,,3.1830,hfq
2015-08-17,54.480,59.620,54.060,58.740,111766,,,7.8590,hfq
2015-08-18,59.220,59.480,53.120,53.120,110801,,,-9.5676,hfq
2015-08-19,51.460,55.460,48.060,54.800,74164,,,3.1627,hfq
2015-08-20,56.040,58.660,55.660,56.620,117305,,,3.3212,hfq
2015-08-21,54.320,56.340,51.200,51.200,80868,,,-9.5726,hfq
2015-08-24,47.260,49.180,46.320,46.320,35547,,,-9.5313,hfq
2015-08-25,41.940,42.460,41.940,41.940,33476,,,-9.4560,hfq
2015-08-26,38.020,44.060,38.000,38.000,87225,,,-9.3944,hfq
2015-08-27,38.500,39.580,34.440,38.060,80053,,,0.1579,hfq
2015-08-28,39.060,41.400,38.120,40.960,65195,,,7.6195,hfq
2015-08-31,40.360,42.940,38.560,40.660,101162,,,-0.7324,hfq
2015-09-01,39.400,39.720,36.840,36.840,54119,,,-9.3950,hfq
2015-09-02,34.440,38.080,33.860,34.060,54954,,,-7.5461,hfq
2015-09-07,35.240,36.380,34.780,35.900,46255,,,5.4022,hfq
2015-09-08,35.420,39.240,34.860,39.240,74386,,,9.3036,hfq
2015-09-09,41.200,41.920,40.360,41.660,95788,,,6.1672,hfq
2015-09-10,40.820,45.580,39.980,43.400,94278,,,4.1767,hfq
2015-09-11,42.500,44.060,42.460,43.280,60452,,,-0.2765,hfq
2015-09-14,42.680,43.640,39.200,39.200,43116,,,-9.4270,hfq
2015-09-15,36.260,37.360,35.520,35.520,47755,,,-9.3878,hfq
2015-09-16,35.360,38.820,35.080,38.820,55915,,,9.2905,hfq
2015-09-17,39.460,40.900,36.660,37.060,61566,,,-4.5337,hfq
2015-09-18,37.260,38.760,36.260,37.960,44308,,,2.4285,hfq
2015-09-21,36.860,40.040,36.460,40.040,49131,,,5.4795,hfq
2015-09-22,40.560,41.460,38.960,40.460,64529,,,1.0490,hfq
2015-09-23,39.480,41.180,39.020,40.660,53561,,,0.4943,hfq
2015-09-24,40.620,42.160,40.580,41.780,53821,,,2.7545,hfq
2015-09-25,41.160,41.640,38.260,38.580,50065,,,-7.6592,hfq
2015-09-28,38.620,40.940,38.020,40.360,32106,,,4.6138,hfq
2015-09-29,39.340,40.260,38.860,39.140,25870,,,-3.0228,hfq
2015-09-30,39.440,40.180,38.460,39.160,17517,,,0.0511,hfq
2015-10-08,40.480,41.580,39.920,41.320,37732,,,5.5158,hfq
2015-10-09,41.460,42.880,41.320,42.340,49178,,,2.4685,hfq
2015-10-12,42.860,46.320,42.500,44.740,67888,,,5.6684,hfq
2015-10-13,44.520,45.260,43.660,44.800,57902,,,0.1341,hfq
2015-10-14,44.660,45.220,43.380,43.640,63892,,,-2.5893,hfq
2015-10-15,43.360,46.060,42.860,45.960,68323,,,5.3162,hfq
2015-10-16,46.100,47.220,44.700,46.700,78570,,,1.6101,hfq
2015-10-19,46.660,47.120,44.680,45.460,60694,,,-2.6552,hfq
2015-10-20,45.440,48.160,45.060,48.040,71406,,,5.6753,hfq
2015-10-21,47.460,47.840,43.480,43.480,82332,,,-9.4921,hfq
2015-10-22,43.060,45.740,42.920,45.460,62148,,,4.5538,hfq
2015-10-23,45.880,47.420,45.240,46.760,87225,,,2.8597,hfq
2015-10-26,47.460,48.860,47.100,48.260,91225,,,3.2079,hfq
2015-10-27,48.180,48.400,44.480,48.260,74752,,,0.0000,hfq
2015-10-28,48.420,49.180,46.060,46.360,74004,,,-3.9370,hfq
2015-10-29,47.260,48.220,46.260,47.360,53259,,,2.1570,hfq
2015-10-30,47.060,48.140,45.860,47.340,52214,,,-0.0422,hfq
2015-11-02,45.300,47.260,44.900,44.900,60243,,,-5.1542,hfq
2015-11-03,44.960,45.820,44.360,44.680,45877,,,-0.4900,hfq
2015-11-04,45.420,47.660,44.860,47.560,62318,,,6.4458,hfq
2015-11-05,47.660,51.460,46.900,49.660,127487,,,4.4155,hfq
2015-11-06,49.800,51.780,48.460,51.080,109626,,,2.8594,hfq
2015-11-09,51.100,54.860,50.060,52.960,102694,,,3.6805,hfq
2015-11-10,53.260,54.640,51.460,53.140,111421,,,0.3399,hfq
2015-11-11,52.500,56.460,52.120,55.500,83761,,,4.4411,hfq
2015-11-12,55.500,56.660,53.760,54.620,82830,,,-1.5856,hfq
2015-11-13,53.460,54.600,51.460,51.940,62543,,,-4.9066,hfq
2015-11-16,50.460,53.500,50.060,53.500,49837,,,3.0035,hfq
2015-11-17,54.060,56.060,52.260,52.760,98085,,,-1.3832,hfq
2015-11-18,52.460,57.460,52.360,55.240,140315,,,4.7005,hfq
2015-11-19,54.880,60.460,54.760,60.280,159841,,,9.1238,hfq
2015-11-20,59.460,61.800,58.100,61.460,160458,,,1.9575,hfq
2015-11-23,61.660,62.460,58.540,58.920,124968,,,-4.1328,hfq
2015-11-24,58.460,58.860,56.780,58.560,65576,,,-0.6110,hfq
2015-11-25,59.160,60.000,58.160,59.980,65346,,,2.4249,hfq
2015-11-26,59.720,60.400,57.660,57.720,80498,,,-3.7679,hfq
2015-11-27,57.960,58.240,52.820,53.760,74175,,,-6.8607,hfq
2015-11-30,53.280,54.260,49.180,53.540,83411,,,-0.4092,hfq
2015-12-01,53.160,54.120,51.760,52.760,61589,,,-1.4569,hfq
2015-12-02,52.260,53.460,49.060,52.240,47173,,,-0.9856,hfq
2015-12-03,53.520,57.220,53.520,57.220,68554,,,9.5329,hfq
2015-12-04,59.460,62.060,57.720,58.160,185258,,,1.6428,hfq
2015-12-07,58.660,63.020,58.660,61.780,167713,,,6.2242,hfq
2015-12-08,60.340,60.340,57.580,58.040,123230,,,-6.0537,hfq
2015-12-09,57.060,57.360,54.520,55.200,87479,,,-4.8932,hfq
2015-12-10,55.020,56.460,53.960,55.020,72932,,,-0.3261,hfq
2015-12-11,55.100,56.360,54.300,55.260,53628,,,0.4362,hfq
2015-12-14,54.240,56.060,53.180,56.060,54125,,,1.4477,hfq
2015-12-15,56.060,58.060,55.960,56.660,65279,,,1.0703,hfq
2015-12-16,57.420,57.420,55.280,57.160,69658,,,0.8825,hfq
2015-12-17,57.500,59.700,57.360,59.020,88663,,,3.2540,hfq
2015-12-18,59.060,59.460,57.460,58.020,59821,,,-1.6943,hfq
2015-12-21,58.040,58.760,57.000,58.020,63039,,,0.0000,hfq
2015-12-22,58.020,58.240,56.960,58.020,60222,,,0.0000,hfq
2015-12-23,57.720,60.060,57.660,58.960,93488,,,1.6201,hfq
2015-12-24,58.780,58.960,56.020,57.200,63524,,,-2.9851,hfq
2015-12-25,57.000,58.400,56.380,57.940,47136,,,1.2937,hfq
2015-12-28,57.960,58.600,54.560,54.560,67993,,,-5.8336,hfq
2015-12-29,54.340,55.120,52.980,54.340,64900,,,-0.4032,hfq
2015-12-30,54.340,55.800,54.340,55.720,48284,,,2.5396,hfq
2015-12-31,55.580,56.460,53.560,53.840,40485,,,-3.3740,hfq
2016-01-04,52.840,53.800,48.700,48.700,44682,,,-9.5468,hfq
2016-01-05,45.260,48.140,44.080,45.740,71537,,,-6.0780,hfq
2016-01-06,46.060,47.260,45.940,46.900,46879,,,2.5361,hfq
2016-01-07,45.760,46.460,42.460,42.460,10813,,,-9.4670,hfq
2016-01-08,43.460,43.820,38.880,41.960,46445,,,-1.1776,hfq
2016-01-11,40.480,41.100,38.020,38.460,51084,,,-8.3413,hfq
2016-01-12,37.980,39.440,37.980,38.760,33083,,,0.7800,hfq
2016-01-13,38.940,39.920,36.460,37.020,28316,,,-4.4892,hfq
2016-01-14,35.480,39.100,35.460,39.100,38139,,,5.6186,hfq
2016-01-15,38.720,39.440,36.460,36.900,34325,,,-5.6266,hfq
2016-01-18,36.060,38.760,35.880,38.160,32512,,,3.4146,hfq
2016-01-19,38.060,40.000,37.680,39.680,35051,,,3.9832,hfq
2016-01-20,39.500,39.960,38.480,39.260,34916,,,-1.0585,hfq
2016-01-21,38.080,39.960,37.860,37.920,34064,,,-3.4131,hfq
2016-01-22,37.800,38.940,36.800,38.660,29715,,,1.9515,hfq
2016-01-25,39.000,40.180,38.780,39.380,37906,,,1.8624,hfq
2016-01-26,38.860,38.980,35.680,35.680,33355,,,-9.3956,hfq
2016-01-27,37.020,37.020,33.120,35.700,34144,,,0.0561,hfq
2016-01-28,35.060,35.620,33.760,33.900,22667,,,-5.0420,hfq
2016-01-29,33.740,35.960,33.460,35.320,25329,,,4.1888,hfq
2016-02-01,35.260,35.480,34.220,34.900,18731,,,-1.1891,hfq
2016-02-02,34.920,36.520,34.760,36.120,26874,,,3.4957,hfq
2016-02-03,35.460,36.620,34.980,36.480,22988,,,0.9967,hfq
2016-02-04,36.700,37.760,36.480,37.340,30630,,,2.3575,hfq
2016-02-05,37.560,37.560,36.560,36.700,21255,,,-1.7140,hfq
2016-02-15,35.300,36.700,35.080,36.260,19272,,,-1.1989,hfq
2016-02-16,36.380,38.300,36.380,38.060,33903,,,4.9641,hfq
2016-02-17,38.420,39.600,38.360,39.600,51621,,,4.0462,hfq
2016-02-18,39.340,39.760,38.860,39.240,41882,,,-0.9091,hfq
2016-02-19,38.960,39.640,38.720,39.420,29624,,,0.4587,hfq
2016-02-22,40.060,40.100,39.460,40.060,41631,,,1.6235,hfq
2016-02-23,40.120,40.280,38.680,39.440,35999,,,-1.5477,hfq
2016-02-24,39.240,39.960,38.560,39.580,31043,,,0.3550,hfq
2016-02-25,39.540,39.540,35.860,35.860,44164,,,-9.3987,hfq
2016-02-26,35.960,36.460,34.440,35.160,35448,,,-1.9520,hfq
2016-02-29,35.000,35.000,31.900,32.120,40883,,,-8.6462,hfq
2016-03-01,32.160,33.460,31.740,33.220,35349,,,3.4247,hfq
2016-03-02,32.920,34.860,32.920,34.800,35309,,,4.7562,hfq
2016-03-03,34.800,35.560,34.480,34.780,34605,,,-0.0575,hfq
2016-03-04,34.780,35.060,33.060,33.380,31925,,,-4.0253,hfq
2016-03-07,33.560,34.740,33.560,34.120,26942,,,2.2169,hfq
2016-03-08,34.160,34.580,32.040,34.500,43614,,,1.1137,hfq
2016-03-09,33.820,34.120,33.220,33.660,24820,,,-2.4348,hfq
2016-03-10,34.220,34.220,33.020,33.060,17932,,,-1.7825,hfq
2016-03-11,32.800,33.280,32.220,33.020,16210,,,-0.1210,hfq
2016-03-14,33.660,34.880,33.500,34.360,42608,,,4.0581,hfq
2016-03-15,34.240,34.520,33.420,33.800,27326,,,-1.6298,hfq
2016-03-16,34.280,34.560,33.320,33.820,24975,,,0.0592,hfq
2016-03-17,33.720,35.380,33.720,35.160,44006,,,3.9622,hfq
2016-03-18,35.220,38.440,35.180,38.440,73465,,,9.3288,hfq
2016-03-21,39.520,39.780,38.560,39.320,87579,,,2.2893,hfq
2016-03-22,38.640,39.320,38.600,38.920,51791,,,-1.0173,hfq
2016-03-23,38.560,39.640,38.500,39.640,48776,,,1.8499,hfq
2016-03-24,39.040,40.860,38.660,39.100,69881,,,-1.3623,hfq
2016-03-25,38.960,42.760,38.820,42.760,94535,,,9.3606,hfq
2016-03-28,44.080,44.180,40.260,40.500,126805,,,-5.2853,hfq
2016-03-29,40.440,40.460,38.460,38.920,70584,,,-3.9012,hfq
2016-03-30,39.340,42.220,39.160,41.500,81286,,,6.6290,hfq
2016-03-31,41.860,45.400,41.260,45.400,122516,,,9.3976,hfq
2016-04-01,44.220,44.940,42.760,43.640,92054,,,-3.8767,hfq
2016-04-05,43.640,46.660,43.060,46.100,81318,,,5.6370,hfq
2016-04-06,45.340,45.940,44.260,45.420,77545,,,-1.4751,hfq
2016-04-07,45.660,46.520,43.760,43.840,70591,,,-3.4786,hfq
2016-04-08,43.180,43.200,41.860,42.760,51915,,,-2.4635,hfq
2016-04-11,42.660,45.020,42.660,43.800,50881,,,2.4322,hfq
2016-04-12,43.800,44.240,42.160,42.860,44539,,,-2.1461,hfq
2016-04-13,43.280,44.400,43.160,43.280,52857,,,0.9799,hfq
2016-04-14,43.260,44.380,43.220,44.280,47980,,,2.3105,hfq
2016-04-15,44.280,45.960,44.060,45.460,72358,,,2.6649,hfq
2016-04-18,45.260,45.260,44.000,44.500,42129,,,-2.1117,hfq
2016-04-19,44.840,45.380,44.420,45.140,39116,,,1.4382,hfq
2016-04-20,45.260,45.760,40.880,41.480,86589,,,-8.1081,hfq
2016-04-21,40.780,41.880,40.080,40.080,41291,,,-3.3751,hfq
2016-04-22,39.980,41.260,39.460,41.040,28212,,,2.3952,hfq
2016-04-25,41.060,41.820,39.880,41.820,31437,,,1.9006,hfq
2016-04-26,42.280,44.220,42.260,42.740,68348,,,2.1999,hfq
2016-04-27,42.460,43.060,41.860,42.160,41251,,,-1.3570,hfq
2016-04-28,42.200,42.360,40.080,41.340,44478,,,-1.9450,hfq
2016-04-29,40.760,41.540,40.480,40.920,22061,,,-1.0160,hfq
2016-05-03,40.960,42.340,40.960,42.240,38032,,,3.2258,hfq
2016-05-04,42.200,43.060,41.960,42.220,38615,,,-0.0473,hfq
2016-05-05,42.700,43.760,42.180,43.700,50942,,,3.5054,hfq
2016-05-06,43.420,43.960,41.620,41.660,58356,,,-4.6682,hfq
2016-05-09,41.060,41.060,39.300,39.420,43261,,,-5.3769,hfq
2016-05-10,39.180,39.740,38.760,39.200,21228,,,-0.5581,hfq
2016-05-11,39.460,39.860,38.820,39.060,25314,,,-0.3571,hfq
2016-05-12,38.440,38.820,36.480,38.620,27864,,,-1.1265,hfq
2016-05-13,38.220,38.960,37.560,37.920,24594,,,-1.8125,hfq
2016-05-16,38.260,39.220,37.460,39.220,21675,,,3.4283,hfq
2016-05-17,39.440,39.780,38.360,39.180,25106,,,-0.1020,hfq
2016-05-18,38.920,38.920,37.000,37.680,23960,,,-3.8285,hfq
2016-05-19,37.660,39.120,37.640,38.540,23777,,,2.2824,hfq
2016-05-20,38.120,38.960,37.780,38.880,20563,,,0.8822,hfq
2016-05-23,39.360,40.120,39.160,40.020,30619,,,2.9321,hfq
2016-05-24,39.860,39.960,38.880,39.560,21079,,,-1.1494,hfq
2016-05-25,39.720,40.020,38.840,39.100,22958,,,-1.1628,hfq
2016-05-26,39.060,39.240,37.580,39.180,25581,,,0.2046,hfq
2016-05-27,39.160,41.060,38.520,40.780,49237,,,4.0837,hfq
2016-05-30,40.060,40.940,39.720,40.160,38147,,,-1.5204,hfq
2016-05-31,39.940,42.060,39.860,41.720,60834,,,3.8845,hfq
2016-06-01,41.720,43.000,41.660,41.780,54166,,,0.1438,hfq
2016-06-02,41.880,43.040,41.580,42.960,55858,,,2.8243,hfq
2016-06-03,43.220,45.400,43.080,44.240,94714,,,2.9795,hfq
2016-06-06,48.420,48.420,48.420,48.420,19906,,,9.4485,hfq
2016-06-07,53.020,53.020,50.160,52.060,291105,,,7.5176,hfq
2016-06-08,52.260,57.020,51.800,57.020,275122,,,9.5275,hfq
2016-06-13,58.460,62.260,55.480,55.620,334091,,,-2.4553,hfq
2016-06-14,54.220,56.000,51.640,53.000,224468,,,-4.7105,hfq
2016-06-15,52.680,58.060,52.060,58.060,273984,,,9.5472,hfq
2016-06-16,57.860,62.060,56.960,61.260,273236,,,5.5115,hfq
2016-06-17,60.220,61.800,57.660,58.520,190679,,,-4.4727,hfq
2016-06-20,59.220,60.860,55.580,58.460,360521,,,-0.1025,hfq
2016-06-21,58.820,59.260,53.700,54.260,342018,,,-7.1844,hfq
2016-06-22,53.740,55.380,52.380,55.060,275760,,,1.4744,hfq
2016-06-23,54.860,55.020,52.860,54.100,200796,,,-1.7436,hfq
2016-06-24,54.780,54.820,49.420,51.980,269256,,,-3.9187,hfq
2016-06-27,51.660,53.460,51.300,53.140,188513,,,2.2316,hfq
2016-06-28,52.860,55.460,52.500,54.660,296535,,,2.8604,hfq
2016-06-29,54.660,54.660,53.260,53.860,229660,,,-1.4636,hfq
2016-06-30,54.060,56.620,52.900,54.700,315291,,,1.5596,hfq
2016-07-01,54.260,55.460,53.580,53.860,196281,,,-1.5356,hfq
2016-07-04,52.860,54.660,52.460,53.900,202704,,,0.0743,hfq
2016-07-05,53.900,53.940,52.780,53.180,165957,,,-1.3358,hfq
2016-07-06,53.180,53.980,52.780,53.100,154061,,,-0.1504,hfq
2016-07-07,53.180,53.900,51.340,53.300,216704,,,0.3766,hfq
2016-07-08,53.300,54.500,52.340,53.940,191496,,,1.2008,hfq
2016-07-11,53.460,53.980,52.300,52.420,148403,,,-2.8179,hfq
2016-07-12,52.060,52.540,50.860,52.260,116607,,,-0.3052,hfq
2016-07-13,52.300,53.020,52.060,52.500,105365,,,0.4592,hfq
2016-07-14,52.700,53.580,52.100,52.940,131354,,,0.8381,hfq
2016-07-15,52.940,53.260,52.140,52.460,77999,,,-0.9067,hfq
2016-07-18,52.180,52.380,51.420,51.500,71120,,,-1.8300,hfq
2016-07-19,51.340,52.060,51.300,51.940,59334,,,0.8544,hfq
2016-07-20,51.780,52.820,51.660,52.460,107964,,,1.0012,hfq
2016-07-21,52.500,52.740,51.700,51.740,87516,,,-1.3725,hfq
2016-07-22,51.300,51.860,50.700,50.700,98270,,,-2.0101,hfq
2016-07-25,50.500,51.060,49.940,50.260,63567,,,-0.8679,hfq
2016-07-26,50.260,51.020,50.260,50.980,52877,,,1.4326,hfq
2016-07-27,50.860,51.140,46.980,47.460,113009,,,-6.9047,hfq
2016-07-28,47.540,47.980,45.740,47.100,75793,,,-0.7585,hfq
2016-07-29,47.100,47.340,45.860,46.060,51065,,,-2.2081,hfq
2016-08-01,45.980,45.980,43.860,45.860,57253,,,-0.4342,hfq
2016-08-02,45.700,47.500,45.580,47.420,86981,,,3.4017,hfq
2016-08-03,47.140,47.260,46.660,46.820,52380,,,-1.2653,hfq
2016-08-04,47.180,47.180,46.300,46.980,47243,,,0.3417,hfq
2016-08-05,47.060,47.140,45.980,46.060,40114,,,-1.9583,hfq
2016-08-08,46.060,46.820,45.300,46.540,58839,,,1.0421,hfq
2016-08-09,46.580,47.460,46.260,47.420,64565,,,1.8908,hfq
2016-08-10,47.420,47.580,46.900,46.900,52314,,,-1.0966,hfq
2016-08-11,46.940,47.140,45.780,45.780,48108,,,-2.3881,hfq
2016-08-12,45.820,46.460,45.580,46.260,42258,,,1.0485,hfq
2016-08-15,46.820,47.660,46.180,47.340,75020,,,2.3346,hfq
2016-08-16,47.300,48.260,47.220,47.860,84834,,,1.0984,hfq
2016-08-17,47.860,48.060,47.220,47.780,46429,,,-0.1672,hfq
2016-08-18,47.740,48.060,47.340,48.060,53801,,,0.5860,hfq
2016-08-19,48.140,48.140,47.340,47.500,41467,,,-1.1652,hfq
2016-08-22,47.380,47.500,46.460,46.540,48570,,,-2.0211,hfq
2016-08-23,46.500,46.780,46.060,46.340,36187,,,-0.4297,hfq
2016-08-24,46.660,47.100,46.100,46.740,45782,,,0.8632,hfq
2016-08-25,46.380,46.660,45.260,45.820,50177,,,-1.9683,hfq
2016-08-26,46.020,47.100,45.820,46.900,65099,,,2.3570,hfq
2016-08-29,47.260,47.580,46.540,46.980,52421,,,0.1706,hfq
2016-08-30,46.860,50.380,46.860,49.420,212633,,,5.1937,hfq
2016-08-31,48.940,49.140,47.980,48.660,111562,,,-1.5378,hfq
2016-09-01,48.860,51.860,48.540,50.180,241764,,,3.1237,hfq
2016-09-02,49.060,51.620,48.780,50.620,221750,,,0.8768,hfq
2016-09-05,50.940,52.420,50.100,51.420,163878,,,1.5804,hfq
2016-09-06,50.780,51.580,49.660,50.820,149801,,,-1.1669,hfq
2016-09-07,50.940,50.940,49.460,49.540,130108,,,-2.5187,hfq
2016-09-08,49.460,50.780,48.940,50.420,122816,,,1.7763,hfq
2016-09-09,49.940,50.420,49.180,49.260,82742,,,-2.3007,hfq
2016-09-12,47.900,47.940,46.220,46.260,107366,,,-6.0901,hfq
2016-09-13,46.500,46.820,45.900,46.300,56874,,,0.0865,hfq
2016-09-14,45.580,47.540,45.580,47.180,83183,,,1.9006,hfq
2016-09-19,51.620,51.620,51.620,51.620,128347,,,9.4108,hfq
2016-09-20,52.460,55.780,51.620,54.700,611530,,,5.9667,hfq
2016-09-21,53.180,53.980,52.660,53.260,315842,,,-2.6325,hfq
2016-09-22,53.260,55.060,52.500,54.860,394128,,,3.0041,hfq
2016-09-23,54.180,55.260,53.500,53.580,301214,,,-2.3332,hfq
2016-09-26,52.860,53.260,50.860,50.940,202736,,,-4.9272,hfq
2016-09-27,50.860,51.140,49.300,50.460,156619,,,-0.9423,hfq
2016-09-28,50.380,51.060,49.700,50.500,115642,,,0.0793,hfq
2016-09-29,50.500,51.020,49.860,50.620,103128,,,0.2376,hfq
2016-09-30,50.380,50.780,49.700,49.780,96085,,,-1.6594,hfq
2016-10-10,49.980,51.300,49.780,51.140,112741,,,2.7320,hfq
2016-10-11,51.460,53.380,51.460,52.100,197458,,,1.8772,hfq
2016-10-12,51.500,54.300,51.180,53.660,230769,,,2.9942,hfq
2016-10-13,53.460,53.860,52.460,53.180,137781,,,-0.8945,hfq
2016-10-14,52.860,52.860,51.380,52.020,124383,,,-2.1813,hfq
2016-10-17,51.980,56.260,51.900,53.540,251554,,,2.9220,hfq
2016-10-18,53.860,56.260,53.660,55.260,392441,,,3.2126,hfq
2016-10-19,54.340,55.260,53.540,54.540,291766,,,-1.3029,hfq
2016-10-20,53.940,54.580,53.540,54.300,146615,,,-0.4400,hfq
2016-10-21,54.460,55.260,52.860,53.660,153491,,,-1.1786,hfq
2016-10-24,53.660,53.700,52.700,53.380,108708,,,-0.5218,hfq
2016-10-25,52.980,53.260,52.420,52.900,114488,,,-0.8992,hfq
2016-10-26,52.700,52.740,51.900,52.420,101082,,,-0.9074,hfq
2016-10-27,52.580,53.140,52.420,52.980,86028,,,1.0683,hfq
2016-10-28,53.180,53.220,50.980,51.220,101208,,,-3.3220,hfq
2016-10-31,50.700,51.300,50.260,51.100,58069,,,-0.2343,hfq
2016-11-01,51.100,51.740,51.100,51.540,58965,,,0.8611,hfq
2016-11-02,51.540,56.420,50.780,56.420,388985,,,9.4684,hfq
2016-11-03,56.060,59.180,55.700,56.860,651519,,,0.7799,hfq
2016-11-04,56.100,57.220,55.100,57.060,325103,,,0.3517,hfq
2016-11-07,56.260,56.780,55.020,55.060,235765,,,-3.5051,hfq
2016-11-08,55.140,59.060,54.540,57.460,436185,,,4.3589,hfq
2016-11-09,56.860,57.660,55.420,56.500,300930,,,-1.6707,hfq
2016-11-10,57.060,57.900,56.420,57.020,203794,,,0.9204,hfq
2016-11-11,57.020,58.420,56.500,57.660,282164,,,1.1224,hfq
2016-11-14,57.660,57.820,56.460,56.660,165869,,,-1.7343,hfq
2016-11-15,56.460,56.660,55.460,56.060,138458,,,-1.0589,hfq
2016-11-16,56.380,57.860,56.060,56.740,199613,,,1.2130,hfq
2016-11-17,56.460,56.460,55.260,55.620,128953,,,-1.9739,hfq
2016-11-18,55.460,55.940,55.180,55.740,85900,,,0.2157,hfq
2016-11-21,55.740,57.460,55.460,57.420,174222,,,3.0140,hfq
2016-11-22,57.660,58.220,56.860,57.540,167664,,,0.2090,hfq
2016-11-23,57.260,57.620,56.020,56.220,121879,,,-2.2941,hfq
2016-11-24,56.340,56.740,55.700,55.900,88325,,,-0.5692,hfq
2016-11-25,55.900,56.180,52.860,55.380,91698,,,-0.9302,hfq
2016-11-28,55.700,55.740,54.460,54.940,67526,,,-0.7945,hfq
2016-11-29,54.620,55.460,53.660,53.660,79558,,,-2.3298,hfq
2016-11-30,53.660,54.780,52.860,54.220,55556,,,1.0436,hfq
2016-12-01,54.580,54.580,54.020,54.460,42642,,,0.4426,hfq
2016-12-02,54.420,54.420,51.860,51.900,88984,,,-4.7007,hfq
2016-12-05,50.900,52.620,50.540,51.860,42421,,,-0.0771,hfq
2016-12-06,52.060,52.460,51.700,51.860,30074,,,0.0000,hfq
2016-12-07,51.900,52.380,51.660,52.300,33567,,,0.8484,hfq
2016-12-08,52.260,54.700,51.860,53.460,111382,,,2.2180,hfq
2016-12-09,52.700,53.460,52.260,52.540,53565,,,-1.7209,hfq
2016-12-12,52.500,52.740,47.700,47.940,90284,,,-8.7552,hfq
2016-12-13,47.660,49.340,47.340,48.820,69621,,,1.8356,hfq
2016-12-14,49.020,49.020,47.420,48.060,49544,,,-1.5567,hfq
2016-12-15,47.740,49.700,47.660,48.700,49850,,,1.3317,hfq
2016-12-16,48.740,53.180,48.500,50.940,121804,,,4.5996,hfq
2016-12-19,51.660,51.660,49.940,50.180,69630,,,-1.4920,hfq
2016-12-20,49.700,50.500,49.700,49.940,38565,,,-0.4783,hfq
2016-12-21,49.980,50.580,49.220,49.500,54267,,,-0.8811,hfq
2016-12-22,49.500,54.180,49.180,54.180,332777,,,9.4545,hfq
2016-12-23,53.340,54.020,50.980,51.340,227477,,,-5.2418,hfq
2016-12-26,50.460,52.060,49.260,51.980,115933,,,1.2466,hfq
2016-12-27,51.660,52.220,50.980,51.540,84173,,,-0.8465,hfq
2016-12-28,51.580,52.620,51.100,51.660,90490,,,0.2328,hfq
2016-12-29,51.380,51.660,50.260,50.540,73831,,,-2.1680,hfq
2016-12-30,50.380,51.020,50.060,50.460,54140,,,-0.1583,hfq
2017-01-03,50.780,51.100,50.500,50.860,47184,,,0.7927,hfq
2017-01-04,50.860,51.740,50.660,51.540,78672,,,1.3370,hfq
2017-01-05,51.420,52.820,50.940,51.660,109507,,,0.2328,hfq
2017-01-06,51.660,52.460,51.180,51.660,109259,,,0.0000,hfq
2017-01-09,51.540,52.060,51.180,51.940,68896,,,0.5420,hfq
2017-01-10,51.940,52.300,51.460,51.540,59632,,,-0.7701,hfq
2017-01-11,51.420,51.900,49.300,50.780,123451,,,-1.4746,hfq
2017-01-12,50.060,51.220,49.860,49.900,38438,,,-1.7330,hfq
2017-01-13,49.700,50.140,48.340,48.820,58793,,,-2.1643,hfq
2017-01-16,49.180,49.260,44.220,45.700,95771,,,-6.3908,hfq
2017-01-17,46.860,47.700,45.620,46.940,72788,,,2.7133,hfq
2017-01-18,46.460,47.180,46.300,46.580,41860,,,-0.7669,hfq
2017-01-19,47.260,47.380,46.460,46.700,37753,,,0.2576,hfq
2017-01-20,46.700,47.500,46.540,47.220,38246,,,1.1135,hfq
2017-01-23,47.380,47.660,46.980,47.340,35601,,,0.2541,hfq
2017-01-24,47.420,47.460,46.580,46.580,29646,,,-1.6054,hfq
2017-01-25,46.180,47.340,46.060,47.260,54753,,,1.4599,hfq
2017-01-26,47.460,47.900,47.180,47.780,32658,,,1.1003,hfq
2017-02-03,47.740,47.940,47.340,47.660,18049,,,-0.2512,hfq
2017-02-06,47.660,48.260,47.460,48.060,27153,,,0.8393,hfq
2017-02-07,48.100,50.260,47.700,49.860,100689,,,3.7453,hfq
2017-02-08,49.540,52.580,49.340,52.300,204359,,,4.8937,hfq
2017-02-09,51.900,52.740,51.180,51.660,115014,,,-1.2237,hfq
2017-02-10,51.420,53.260,51.060,51.820,208215,,,0.3097,hfq
2017-02-13,51.820,52.300,51.300,51.900,67133,,,0.1544,hfq
2017-02-14,51.980,53.500,51.740,53.060,199036,,,2.2351,hfq
2017-02-15,52.980,52.980,51.060,51.260,124142,,,-3.3924,hfq
2017-02-16,50.860,53.940,50.860,52.460,222610,,,2.3410,hfq
2017-02-17,51.860,52.700,51.500,51.740,112264,,,-1.3725,hfq
2017-02-20,52.020,52.460,51.500,52.260,75147,,,1.0050,hfq
2017-02-21,52.100,56.660,52.060,55.060,453299,,,5.3578,hfq
2017-02-22,55.020,56.820,54.060,55.900,355874,,,1.5256,hfq
2017-02-23,55.420,56.220,55.020,55.980,216127,,,0.1431,hfq
2017-02-24,55.460,59.860,55.180,57.220,571708,,,2.2151,hfq
2017-02-27,55.660,56.660,52.100,55.260,276329,,,-3.4254,hfq
2017-02-28,54.860,56.100,53.300,53.460,242155,,,-3.2573,hfq
2017-03-01,53.620,54.380,52.860,53.580,134104,,,0.2245,hfq
2017-03-02,53.740,55.260,52.860,53.860,162401,,,0.5226,hfq
2017-03-03,53.500,54.060,52.380,52.540,132924,,,-2.4508,hfq
2017-03-06,52.900,57.300,52.860,55.740,367199,,,6.0906,hfq
2017-03-07,55.380,59.860,54.500,58.740,412246,,,5.3821,hfq
2017-03-08,57.460,60.380,56.900,58.580,448449,,,-0.2724,hfq
2017-03-09,56.940,58.860,56.940,57.140,180317,,,-2.4582,hfq
2017-03-10,57.260,58.140,56.140,57.660,206362,,,0.9100,hfq
2017-03-13,57.620,59.260,57.140,58.380,256150,,,1.2487,hfq
2017-03-14,58.380,59.140,57.260,58.220,159236,,,-0.2741,hfq
2017-03-15,57.820,63.740,57.540,63.740,491381,,,9.4813,hfq
2017-03-16,63.660,67.060,63.340,66.980,614937,,,5.0832,hfq
2017-03-17,65.660,68.660,64.700,66.860,454806,,,-0.1792,hfq
2017-03-20,66.060,67.060,64.940,66.660,330248,,,-0.2991,hfq
2017-03-21,66.100,66.300,64.660,65.340,185849,,,-1.9802,hfq
2017-03-22,64.860,66.260,64.220,65.460,170107,,,0.1837,hfq
2017-03-23,65.260,65.540,63.420,65.020,192311,,,-0.6722,hfq
2017-03-24,64.980,68.060,63.780,66.460,322042,,,2.2147,hfq
2017-03-27,66.060,66.540,63.460,66.540,227899,,,0.1204,hfq
2017-03-28,65.660,66.660,65.300,66.300,162456,,,-0.3607,hfq
2017-03-29,66.180,66.580,64.620,65.540,147131,,,-1.1463,hfq
2017-03-30,64.700,65.220,62.260,63.820,172441,,,-2.6244,hfq
2017-03-31,63.820,67.660,63.460,66.340,222696,,,3.9486,hfq
2017-04-05,66.380,68.620,62.860,68.420,344459,,,3.1354,hfq
2017-04-06,68.260,69.460,66.740,66.820,216058,,,-2.3385,hfq
2017-04-07,65.460,73.220,65.300,70.500,483181,,,5.5073,hfq
2017-04-10,69.260,71.180,68.940,69.540,221890,,,-1.3617,hfq
2017-04-11,69.500,70.500,68.060,69.580,274490,,,0.0575,hfq
2017-04-12,68.900,70.460,67.620,68.620,204899,,,-1.3797,hfq
2017-04-13,67.860,68.380,62.060,62.060,292979,,,-9.5599,hfq
2017-04-14,56.140,60.020,56.140,56.220,580432,,,-9.4102,hfq
2017-04-17,53.500,54.820,50.900,50.900,107334,,,-9.4628,hfq
2017-04-18,46.100,51.220,46.100,48.020,430687,,,-5.6582,hfq
2017-04-19,46.500,49.420,46.220,48.740,279870,,,1.4994,hfq
2017-04-20,48.060,49.020,47.060,47.420,165392,,,-2.7082,hfq
2017-04-21,47.100,47.900,46.900,46.980,94418,,,-0.9279,hfq
2017-04-24,47.260,47.260,43.180,43.860,126991,,,-6.6411,hfq
2017-04-25,44.460,45.460,44.060,44.820,106596,,,2.1888,hfq
2017-04-26,44.780,45.500,44.380,44.780,93306,,,-0.0892,hfq
2017-04-27,44.900,47.300,44.460,47.060,177969,,,5.0916,hfq
2017-04-28,46.820,48.740,46.460,48.420,143536,,,2.8899,hfq
2017-05-02,48.700,49.660,47.780,48.180,121526,,,-0.4957,hfq
2017-05-03,47.980,48.420,47.340,48.100,98860,,,-0.1660,hfq
2017-05-04,47.780,48.420,47.100,48.060,93331,,,-0.0832,hfq
2017-05-05,47.580,48.180,47.260,47.300,78851,,,-1.5814,hfq
2017-05-08,47.340,47.900,46.940,47.020,73958,,,-0.5920,hfq
2017-05-09,46.860,47.460,44.180,45.900,98268,,,-2.3820,hfq
2017-05-10,45.940,46.500,44.380,44.740,89364,,,-2.5272,hfq
2017-05-11,44.100,45.780,43.300,45.500,85369,,,1.6987,hfq
2017-05-12,45.580,45.580,44.380,44.580,67470,,,-2.0220,hfq
2017-05-15,44.340,45.700,43.980,45.060,62766,,,1.0767,hfq
2017-05-16,45.140,48.260,45.060,48.100,191868,,,6.7466,hfq
2017-05-17,47.980,49.060,47.220,48.460,188341,,,0.7484,hfq
2017-05-18,47.900,50.780,47.540,49.540,188726,,,2.2286,hfq
2017-05-19,49.060,49.860,48.460,48.540,105712,,,-2.0186,hfq
2017-05-22,48.260,49.580,47.780,47.900,112688,,,-1.3185,hfq
2017-05-23,47.740,48.380,43.900,44.980,115656,,,-6.0960,hfq
2017-05-24,44.660,46.660,44.260,45.820,94077,,,1.8675,hfq
2017-05-25,45.900,49.260,45.820,48.460,172026,,,5.7617,hfq
2017-05-26,47.940,49.020,47.540,48.140,121448,,,-0.6603,hfq
2017-05-31,48.740,49.380,47.300,47.340,116008,,,-1.6618,hfq
2017-06-01,46.940,50.420,46.940,49.660,257043,,,4.9007,hfq
2017-06-02,48.940,50.380,48.020,50.300,217032,,,1.2888,hfq
2017-06-05,50.340,50.580,49.380,49.980,164217,,,-0.6362,hfq
2017-06-06,49.980,50.180,48.460,49.220,139768,,,-1.5206,hfq
2017-06-07,49.260,50.420,48.580,50.300,200086,,,2.1942,hfq
2017-06-08,50.060,50.380,48.580,48.820,209315,,,-2.9423,hfq
2017-06-09,48.420,48.860,47.820,48.180,127213,,,-1.3109,hfq
2017-06-12,48.060,48.900,47.860,47.940,92661,,,-0.4981,hfq
2017-06-13,47.620,48.620,47.180,48.340,83532,,,0.8344,hfq
2017-06-14,48.460,48.860,48.140,48.380,97352,,,0.0827,hfq
2017-06-15,48.300,50.140,48.060,49.580,163940,,,2.4804,hfq
2017-06-16,49.540,50.180,49.020,49.020,124575,,,-1.1295,hfq
2017-06-19,48.660,49.420,48.260,48.860,80890,,,-0.3264,hfq
2017-06-20,48.940,49.580,48.780,49.140,95242,,,0.5731,hfq
2017-06-21,49.380,49.380,48.260,48.580,91994,,,-1.1396,hfq
2017-06-22,48.540,48.540,46.580,46.660,142151,,,-3.9522,hfq
2017-06-23,46.380,47.020,45.460,46.620,86941,,,-0.0857,hfq
2017-06-26,46.860,47.020,46.180,46.420,87225,,,-0.4290,hfq
2017-06-27,46.540,46.900,45.660,46.820,107326,,,0.8617,hfq
2017-06-28,46.580,46.580,45.260,45.740,91450,,,-2.3067,hfq
2017-06-29,45.620,46.140,45.420,45.900,52150,,,0.3498,hfq
2017-06-30,46.180,48.180,45.820,47.540,174143,,,3.5730,hfq
2017-07-03,47.860,50.580,46.780,49.740,240142,,,4.6277,hfq
2017-07-04,48.860,54.380,48.860,52.340,498911,,,5.2272,hfq
2017-07-05,52.180,53.580,50.540,51.980,412514,,,-0.6878,hfq
2017-07-06,51.500,53.020,50.980,52.340,318050,,,0.6926,hfq
2017-07-07,51.660,51.900,50.780,50.900,220013,,,-2.7512,hfq
2017-07-10,50.460,51.540,50.020,50.900,136354,,,0.0000,hfq
2017-07-11,50.620,51.620,50.060,50.380,139657,,,-1.0216,hfq
2017-07-12,50.340,50.740,48.740,49.500,161011,,,-1.7467,hfq
2017-07-13,49.340,50.020,49.220,50.020,107062,,,1.0505,hfq
2017-07-14,49.940,51.340,49.460,51.140,150815,,,2.2391,hfq
2017-07-17,50.780,51.100,46.340,46.340,210619,,,-9.3860,hfq
2017-07-18,46.060,47.700,45.380,47.180,127873,,,1.8127,hfq
2017-07-19,46.820,47.660,46.060,47.500,110059,,,0.6783,hfq
2017-07-20,47.220,48.660,46.940,47.300,101988,,,-0.4211,hfq
2017-07-21,48.340,50.420,47.900,48.260,142556,,,2.0296,hfq
2017-07-24,47.820,48.220,46.940,47.860,94233,,,-0.8288,hfq
2017-07-25,47.860,49.060,47.340,48.700,113112,,,1.7551,hfq
2017-07-26,48.380,48.820,47.260,47.740,101353,,,-1.9713,hfq
2017-07-27,47.260,49.620,46.500,49.060,202920,,,2.7650,hfq
2017-07-28,48.660,49.460,48.220,48.220,111926,,,-1.7122,hfq
2017-07-31,48.140,50.020,47.740,49.140,143890,,,1.9079,hfq
2017-08-01,48.700,49.820,48.540,49.300,117414,,,0.3256,hfq
2017-08-02,49.100,49.740,47.740,47.820,111764,,,-3.0020,hfq
2017-08-03,47.660,49.060,47.380,48.260,110709,,,0.9201,hfq
2017-08-04,48.060,48.620,47.580,47.900,93219,,,-0.7460,hfq
2017-08-07,47.780,48.660,47.580,48.140,74352,,,0.5010,hfq
2017-08-08,48.060,48.380,47.300,47.620,87269,,,-1.0802,hfq
2017-08-09,47.620,47.900,47.300,47.420,70847,,,-0.4200,hfq
2017-08-10,47.420,47.660,46.460,46.700,81190,,,-1.5183,hfq
2017-08-11,46.260,46.820,46.060,46.060,72711,,,-1.3704,hfq
2017-08-14,45.940,47.180,45.940,46.980,57423,,,1.9974,hfq
2017-08-15,47.100,47.580,46.820,47.300,62879,,,0.6811,hfq
2017-08-16,47.140,48.140,47.100,47.700,89898,,,0.8457,hfq
2017-08-17,47.580,48.620,47.380,48.140,108439,,,0.9224,hfq
2017-08-18,47.660,47.900,47.300,47.620,75109,,,-1.0802,hfq
2017-08-21,47.620,48.220,47.620,47.940,57469,,,0.6720,hfq
2017-08-22,48.220,48.460,47.420,47.580,54305,,,-0.7509,hfq
2017-08-23,47.180,47.620,46.860,46.980,52736,,,-1.2610,hfq
2017-08-24,46.780,47.260,46.500,46.620,48623,,,-0.7663,hfq
2017-08-25,46.660,47.740,46.620,47.460,63525,,,1.8018,hfq
2017-08-28,47.460,48.380,47.380,47.900,85189,,,0.9271,hfq
2017-08-29,47.780,48.260,47.620,47.740,65158,,,-0.3340,hfq
2017-08-30,47.740,48.220,47.620,47.940,66561,,,0.4189,hfq
2017-08-31,48.020,48.100,47.340,47.540,63791,,,-0.8344,hfq
2017-09-01,47.660,48.780,47.540,48.340,115356,,,1.6828,hfq
2017-09-04,48.100,49.260,47.860,48.860,144253,,,1.0757,hfq
2017-09-05,49.180,49.180,48.260,48.420,79173,,,-0.9005,hfq
2017-09-06,48.380,49.180,48.100,48.940,123627,,,1.0739,hfq
2017-09-07,49.260,49.500,48.260,48.300,115998,,,-1.3077,hfq
2017-09-08,48.060,48.380,47.620,47.900,84920,,,-0.8282,hfq
2017-09-11,47.780,48.660,47.780,48.620,71256,,,1.5031,hfq
2017-09-12,48.580,48.780,47.780,48.140,77321,,,-0.9872,hfq
2017-09-13,48.180,48.580,47.940,48.420,52498,,,0.5816,hfq
2017-09-14,48.460,48.540,47.820,48.140,61080,,,-0.5783,hfq
2017-09-15,48.340,48.940,48.220,48.380,86036,,,0.4985,hfq
2017-09-18,48.140,48.300,47.860,48.220,54378,,,-0.3307,hfq
2017-09-19,48.220,50.380,48.100,49.980,218514,,,3.6499,hfq
2017-09-20,49.540,50.100,49.060,49.900,136697,,,-0.1601,hfq
2017-09-21,49.700,49.820,48.700,48.780,111185,,,-2.2445,hfq
2017-09-22,48.820,48.980,48.140,48.500,66034,,,-0.5740,hfq
2017-09-25,48.620,48.900,47.340,47.460,77889,,,-2.1443,hfq
2017-09-26,47.580,47.860,47.100,47.740,53594,,,0.5900,hfq
2017-09-27,47.460,47.820,47.260,47.660,37715,,,-0.1676,hfq
2017-09-28,47.860,48.180,47.460,47.460,43153,,,-0.4196,hfq
2017-09-29,47.420,47.940,47.340,47.780,39342,,,0.6743,hfq
2017-10-09,48.140,49.980,47.820,49.900,164715,,,4.4370,hfq
2017-10-10,49.460,49.780,48.980,49.460,123314,,,-0.8818,hfq
2017-10-11,49.340,49.660,48.780,48.860,86132,,,-1.2131,hfq
2017-10-12,48.820,51.660,48.740,51.180,268454,,,4.7483,hfq
2017-10-13,51.180,51.180,50.340,50.780,236506,,,-0.7816,hfq
2017-10-16,50.300,50.500,49.220,49.460,121427,,,-2.5994,hfq
2017-10-17,49.300,50.580,49.300,49.940,105850,,,0.9705,hfq
2017-10-18,49.780,50.380,48.540,49.020,89719,,,-1.8422,hfq
2017-10-19,49.020,49.340,48.260,48.740,71302,,,-0.5712,hfq
2017-10-20,48.740,49.620,48.300,49.460,58552,,,1.4772,hfq
2017-10-23,49.260,50.620,49.100,50.260,98604,,,1.6175,hfq
2017-10-24,50.180,50.180,49.060,49.700,78006,,,-1.1142,hfq
2017-10-25,49.700,50.900,49.460,50.380,109307,,,1.3682,hfq
2017-10-26,50.420,52.300,50.100,51.580,241314,,,2.3819,hfq
2017-10-27,51.140,51.460,50.500,50.820,125395,,,-1.4734,hfq
2017-10-30,50.780,50.780,49.100,49.540,101326,,,-2.5187,hfq
2017-10-31,48.180,48.460,46.260,47.140,163551,,,-4.8446,hfq
2017-11-01,47.020,47.340,46.340,46.860,68517,,,-0.5940,hfq
2017-11-02,46.740,46.900,45.300,45.340,96917,,,-3.2437,hfq
2017-11-03,45.380,45.940,44.980,45.460,50903,,,0.2647,hfq
2017-11-06,45.300,45.820,45.260,45.820,33870,,,0.7919,hfq
2017-11-07,46.060,46.060,45.540,45.860,34447,,,0.0873,hfq
2017-11-08,45.780,46.380,45.700,46.020,44179,,,0.3489,hfq
2017-11-09,46.100,46.500,45.620,45.980,44680,,,-0.0869,hfq
2017-11-10,45.700,45.940,44.300,44.460,110064,,,-3.3058,hfq
2017-11-13,44.620,44.860,44.300,44.780,50298,,,0.7197,hfq
2017-11-14,44.820,44.900,43.500,43.900,65784,,,-1.9652,hfq
2017-11-15,43.900,44.180,43.580,43.700,30758,,,-0.4556,hfq
2017-11-16,43.660,44.100,43.500,43.780,28792,,,0.1831,hfq
2017-11-17,43.980,43.980,40.980,41.660,80754,,,-4.8424,hfq
2017-11-20,41.100,41.300,39.300,40.660,48220,,,-2.4004,hfq
2017-11-21,40.580,40.860,39.740,40.180,38330,,,-1.1805,hfq
2017-11-22,40.140,40.580,39.940,40.380,33901,,,0.4978,hfq
2017-11-23,40.180,40.260,39.300,39.300,40303,,,-2.6746,hfq
2017-11-24,38.980,39.620,38.700,39.180,27174,,,-0.3053,hfq
2017-11-27,39.180,39.340,38.780,38.900,21228,,,-0.7147,hfq
2017-11-28,39.020,40.220,38.980,39.940,36509,,,2.6735,hfq
2017-11-29,39.780,40.060,39.580,40.020,27467,,,0.2003,hfq
2017-11-30,40.060,42.460,39.700,41.340,62589,,,3.2984,hfq
2017-12-01,40.980,41.340,40.340,41.020,39847,,,-0.7741,hfq
2017-12-04,40.940,40.980,39.340,39.660,34735,,,-3.3155,hfq
2017-12-05,39.820,40.060,38.740,39.500,30456,,,-0.4034,hfq
2017-12-06,39.140,39.860,39.100,39.860,22453,,,0.9114,hfq
2017-12-07,39.820,39.980,39.420,39.700,17634,,,-0.4014,hfq
2017-12-08,39.940,40.500,39.700,40.380,24565,,,1.7128,hfq
2017-12-11,40.420,40.660,40.100,40.460,24543,,,0.1981,hfq
2017-12-12,40.460,40.580,39.540,39.620,23827,,,-2.0761,hfq
2017-12-13,39.140,39.900,39.140,39.780,16132,,,0.4038,hfq
2017-12-14,39.820,40.020,39.540,39.980,15318,,,0.5028,hfq
2017-12-15,40.020,40.140,39.700,39.980,17710,,,0.0000,hfq
2017-12-18,39.860,40.340,39.740,39.900,15857,,,-0.2001,hfq
2017-12-19,39.900,40.340,39.780,40.140,27264,,,0.6015,hfq
2017-12-20,40.180,40.580,39.700,39.700,41205,,,-1.0962,hfq
2017-12-21,39.500,39.660,37.580,38.980,48491,,,-1.8136,hfq
2017-12-22,39.020,39.180,38.700,38.780,18171,,,-0.5131,hfq
2017-12-25,38.420,38.780,37.580,37.700,32082,,,-2.7849,hfq
2017-12-26,37.780,38.060,37.460,38.020,21021,,,0.8488,hfq
2017-12-27,38.020,38.100,37.180,37.340,28224,,,-1.7885,hfq
2017-12-28,37.340,37.740,37.300,37.460,27864,,,0.3214,hfq
2017-12-29,37.580,37.860,37.340,37.740,19147,,,0.7475,hfq
2018-01-02,37.860,38.100,37.660,38.060,24467,,,0.8479,hfq
2018-01-03,38.020,38.460,37.820,38.340,38825,,,0.7357,hfq
2018-01-04,38.260,38.500,38.060,38.140,28300,,,-0.5216,hfq
2018-01-05,38.140,38.340,37.980,38.300,24162,,,0.4195,hfq
2018-01-08,38.260,38.260,37.580,37.740,36539,,,-1.4621,hfq
2018-01-09,37.860,37.860,37.460,37.580,25547,,,-0.4240,hfq
2018-01-10,37.660,37.780,36.980,37.180,35776,,,-1.0644,hfq
2018-01-11,37.100,37.540,36.020,37.460,55141,,,0.7531,hfq
2018-01-12,37.580,37.580,36.660,36.660,34733,,,-2.1356,hfq
2018-01-15,36.580,36.580,34.860,35.380,56641,,,-3.4915,hfq
2018-01-16,35.380,35.740,35.020,35.300,26481,,,-0.2261,hfq
2018-01-17,35.300,35.780,34.900,35.380,28677,,,0.2266,hfq
2018-01-18,35.380,35.660,35.260,35.660,27923,,,0.7914,hfq
2018-01-19,35.580,36.020,35.460,35.820,31086,,,0.4487,hfq
2018-01-22,35.740,36.020,35.140,35.900,26916,,,0.2233,hfq
2018-01-23,35.740,35.940,35.460,35.940,24107,,,0.1114,hfq
2018-01-24,35.780,38.020,35.660,36.820,73255,,,2.4485,hfq
2018-01-25,36.580,37.220,36.340,36.460,51736,,,-0.9777,hfq
2018-01-26,36.300,36.740,36.260,36.460,24235,,,0.0000,hfq
2018-01-29,36.380,36.660,35.860,35.940,22870,,,-1.4262,hfq
2018-01-30,35.940,36.260,35.540,36.020,19767,,,0.2226,hfq
2018-01-31,35.940,36.140,34.940,35.060,30758,,,-2.6652,hfq
2018-02-01,35.060,35.300,33.500,33.580,42247,,,-4.2213,hfq
2018-02-02,33.460,33.660,32.260,33.060,23389,,,-1.5485,hfq
2018-02-05,33.060,35.780,32.660,34.580,45224,,,4.5977,hfq
2018-02-06,33.860,34.420,32.660,32.740,34789,,,-5.3210,hfq
2018-02-07,33.220,34.020,32.620,33.220,35017,,,1.4661,hfq
2018-02-08,33.220,34.420,33.060,34.140,31728,,,2.7694,hfq
2018-02-09,33.580,33.900,32.860,33.380,28390,,,-2.2261,hfq
2018-02-12,33.580,34.060,33.420,33.780,23022,,,1.1983,hfq
2018-02-13,33.900,34.300,33.500,33.580,22947,,,-0.5921,hfq
2018-02-14,33.620,33.940,33.420,33.940,16213,,,1.0721,hfq
2018-02-22,34.020,34.420,33.980,34.220,18563,,,0.8250,hfq
2018-02-23,34.300,34.340,33.900,34.180,15305,,,-0.1169,hfq
2018-02-26,34.100,36.260,34.060,35.300,51424,,,3.2768,hfq
2018-02-27,35.340,35.820,35.140,35.340,36362,,,0.1133,hfq
2018-02-28,34.900,35.820,34.860,35.300,30558,,,-0.1132,hfq
2018-03-01,35.060,36.100,34.900,35.900,42665,,,1.6997,hfq
2018-03-02,35.700,36.380,35.660,35.820,35481,,,-0.2228,hfq
2018-03-05,35.700,36.140,35.700,36.060,30214,,,0.6700,hfq
2018-03-06,36.100,38.180,35.900,36.940,84816,,,2.4404,hfq
2018-03-07,36.660,37.020,36.340,36.420,42291,,,-1.4077,hfq
2018-03-08,36.420,36.660,35.980,36.500,34452,,,0.2197,hfq
2018-03-09,36.540,37.180,36.140,36.900,48391,,,1.0959,hfq
2018-03-12,36.900,37.980,36.900,37.380,60284,,,1.3008,hfq
2018-03-13,37.380,37.780,36.980,37.100,46692,,,-0.7491,hfq
2018-03-14,36.900,37.220,35.940,36.220,43098,,,-2.3720,hfq
2018-03-15,36.180,36.460,35.460,35.900,32604,,,-0.8835,hfq
2018-03-16,36.020,36.620,35.900,36.020,28623,,,0.3343,hfq
2018-03-19,36.140,39.260,36.060,39.260,145846,,,8.9950,hfq
2018-03-20,38.180,38.980,37.580,38.220,165352,,,-2.6490,hfq
2018-03-21,38.060,40.660,37.980,39.060,191926,,,2.1978,hfq
2018-03-22,39.260,39.940,38.300,38.860,108089,,,-0.5120,hfq
2018-03-23,37.460,38.140,35.820,35.900,104837,,,-7.6171,hfq
2018-03-26,35.460,37.620,34.300,37.620,79230,,,4.7911,hfq
2018-03-27,39.980,41.020,39.980,41.020,115457,,,9.0377,hfq
2018-03-28,43.460,43.460,39.860,39.980,365465,,,-2.5353,hfq
2018-03-29,38.980,39.860,38.780,38.980,167178,,,-2.5013,hfq
2018-03-30,39.140,39.980,38.380,39.260,126137,,,0.7183,hfq
2018-04-02,39.420,39.460,38.460,38.660,97983,,,-1.5283,hfq
2018-04-03,37.940,40.980,37.620,39.580,145178,,,2.3797,hfq
2018-04-04,39.180,40.140,38.460,38.500,93921,,,-2.7287,hfq
2018-04-09,38.060,38.580,37.500,37.780,68566,,,-1.8701,hfq
2018-04-10,37.860,37.980,37.100,37.700,56584,,,-0.2118,hfq
2018-04-11,37.900,38.860,37.860,38.100,53637,,,1.0610,hfq
2018-04-12,37.860,38.460,37.500,37.540,48512,,,-1.4698,hfq
2018-04-13,37.700,38.100,37.180,37.340,43484,,,-0.5328,hfq
2018-04-16,36.980,37.420,36.460,37.300,39523,,,-0.1071,hfq
2018-04-17,37.220,37.540,35.980,36.220,46179,,,-2.8954,hfq
2018-04-18,36.460,37.460,35.460,37.060,48512,,,2.3192,hfq
2018-04-19,36.780,37.420,36.540,37.180,38501,,,0.3238,hfq
2018-04-20,37.380,37.420,35.820,36.020,49001,,,-3.1200,hfq
2018-04-23,35.780,36.460,35.780,36.220,33495,,,0.5552,hfq
2018-04-24,36.500,36.820,36.020,36.660,43679,,,1.2148,hfq
2018-04-25,36.500,37.020,36.260,37.020,39021,,,0.9820,hfq
2018-04-26,36.380,36.380,34.820,34.860,76272,,,-5.8347,hfq
2018-04-27,34.900,35.580,34.540,35.460,36290,,,1.7212,hfq
2018-05-02,35.420,35.860,34.340,34.700,29282,,,-2.1433,hfq
2018-05-03,34.460,35.500,33.740,35.300,43675,,,1.7291,hfq
2018-05-04,35.220,35.260,34.380,34.420,33145,,,-2.4929,hfq
2018-05-07,34.540,35.060,34.420,34.980,27176,,,1.6270,hfq
2018-05-08,34.820,35.220,34.820,35.100,27957,,,0.3431,hfq
2018-05-09,35.060,37.460,34.900,36.460,89478,,,3.8746,hfq
2018-05-10,36.180,36.500,35.860,36.460,48826,,,0.0000,hfq
2018-05-11,36.300,36.620,35.940,36.060,34955,,,-1.0971,hfq
2018-05-14,36.220,36.220,35.460,35.540,31186,,,-1.4420,hfq
2018-05-15,35.500,35.780,34.740,35.460,31897,,,-0.2251,hfq
2018-05-16,35.380,35.380,34.860,34.900,22383,,,-1.5792,hfq
2018-05-17,34.980,35.220,34.740,34.740,20892,,,-0.4585,hfq
2018-05-18,34.780,34.980,34.660,34.900,20188,,,0.4606,hfq
2018-05-21,35.140,35.580,35.020,35.260,26276,,,1.0315,hfq
2018-05-22,35.220,35.620,35.060,35.580,31420,,,0.9075,hfq
2018-05-23,35.460,35.580,34.820,34.940,23740,,,-1.7988,hfq
2018-05-24,34.860,35.220,34.780,34.860,16637,,,-0.2290,hfq
2018-05-25,34.860,34.980,34.060,34.180,29094,,,-1.9507,hfq
2018-05-28,34.020,34.220,33.580,33.780,20998,,,-1.1703,hfq
2018-05-29,33.860,34.140,33.700,33.860,13746,,,0.2368,hfq
2018-05-30,33.460,33.460,32.180,32.340,37615,,,-4.4891,hfq
2018-05-31,32.540,33.780,32.460,33.140,31006,,,2.4737,hfq
2018-06-01,33.940,36.100,33.940,35.020,153445,,,5.6729,hfq
2018-06-04,34.100,34.580,33.260,33.260,89139,,,-5.0257,hfq
2018-06-05,33.180,33.820,33.180,33.700,36296,,,1.3229,hfq
2018-06-06,33.540,34.460,33.220,33.780,46950,,,0.2374,hfq
2018-06-07,33.740,33.860,33.260,33.260,30946,,,-1.5394,hfq
2018-06-08,33.260,33.260,32.420,32.780,32233,,,-1.4432,hfq
2018-06-11,32.500,32.820,32.220,32.780,18175,,,0.0000,hfq
2018-06-12,32.820,33.860,32.260,33.260,31557,,,1.4643,hfq
2018-06-13,33.060,33.100,32.380,32.420,22829,,,-2.5256,hfq
2018-06-14,32.420,32.980,32.260,32.580,13865,,,0.4935,hfq
2018-06-15,32.620,32.900,31.780,31.980,25892,,,-1.8416,hfq
2018-06-19,31.500,31.500,29.140,29.340,46322,,,-8.2552,hfq
2018-06-20,29.300,29.860,29.140,29.820,27595,,,1.6360,hfq
2018-06-21,30.100,30.100,28.860,28.980,26974,,,-2.8169,hfq
2018-06-22,28.980,29.740,28.580,29.580,29184,,,2.0704,hfq
2018-06-25,29.860,30.060,29.300,29.300,15486,,,-0.9466,hfq
2018-06-26,28.460,29.820,28.460,29.540,19069,,,0.8191,hfq
2018-06-27,29.740,29.740,29.180,29.300,16303,,,-0.8125,hfq
2018-06-28,29.300,29.500,28.860,28.980,15305,,,-1.0922,hfq
2018-06-29,28.980,30.060,28.940,29.820,24403,,,2.8986,hfq
2018-07-02,29.860,30.020,29.100,29.380,21992,,,-1.4755,hfq
2018-07-03,29.660,30.860,29.420,30.180,31843,,,2.7229,hfq
2018-07-04,29.900,30.100,29.420,29.580,20737,,,-1.9881,hfq
2018-07-05,29.740,29.820,28.700,28.860,16837,,,-2.4341,hfq
2018-07-06,28.940,29.300,28.380,28.940,18740,,,0.2772,hfq
2018-07-09,31.300,31.460,30.500,30.500,106784,,,5.3905,hfq
2018-07-10,29.900,30.260,29.540,30.060,73726,,,-1.4426,hfq
2018-07-11,29.780,29.820,28.740,28.980,39233,,,-3.5928,hfq
2018-07-12,28.980,29.700,28.860,29.500,32958,,,1.7943,hfq
2018-07-13,29.580,29.780,29.300,29.460,16210,,,-0.1356,hfq
2018-07-16,29.460,29.820,29.420,29.540,15166,,,0.2716,hfq
2018-07-17,29.460,29.660,29.260,29.660,14920,,,0.4062,hfq
2018-07-18,29.660,29.860,29.540,29.580,18024,,,-0.2697,hfq
2018-07-19,29.620,29.660,28.980,29.220,17498,,,-1.2170,hfq
2018-07-20,29.060,29.580,29.060,29.580,17139,,,1.2320,hfq
2018-07-23,29.420,29.980,29.180,29.820,17185,,,0.8114,hfq
2018-07-24,29.660,30.260,29.660,30.140,34286,,,1.0731,hfq
2018-07-25,30.060,30.420,30.020,30.180,27827,,,0.1327,hfq
2018-07-26,30.220,30.420,29.980,30.300,30655,,,0.3976,hfq
2018-07-27,30.340,30.380,29.980,30.180,20120,,,-0.3960,hfq
2018-07-30,30.180,30.180,29.700,29.860,17867,,,-1.0603,hfq
2018-07-31,30.020,30.900,29.660,30.300,38046,,,1.4735,hfq
2018-08-01,30.540,31.140,30.180,30.460,57194,,,0.5281,hfq
2018-08-02,29.900,30.140,28.700,29.500,43075,,,-3.1517,hfq
2018-08-03,29.420,29.500,28.980,28.980,19595,,,-1.7627,hfq
2018-08-06,28.700,29.140,28.580,28.740,17018,,,-0.8282,hfq
2018-08-07,29.220,29.260,28.660,29.220,15379,,,1.6701,hfq
2018-08-08,29.860,31.140,29.540,29.780,66922,,,1.9165,hfq
2018-08-09,29.180,30.420,28.980,30.180,41600,,,1.3432,hfq
2018-08-10,29.900,30.380,29.780,29.900,24669,,,-0.9278,hfq
2018-08-13,29.540,29.700,28.980,29.700,28666,,,-0.6689,hfq
2018-08-14,29.500,29.620,29.060,29.500,16120,,,-0.6734,hfq
2018-08-15,29.460,29.500,28.980,29.100,15965,,,-1.3559,hfq
2018-08-16,29.020,29.220,28.660,29.020,11944,,,-0.2749,hfq
2018-08-17,29.060,29.260,28.140,28.300,19296,,,-2.4810,hfq
2018-08-20,28.260,28.460,27.980,28.420,13962,,,0.4240,hfq
2018-08-21,28.380,28.860,28.380,28.660,12336,,,0.8445,hfq
2018-08-22,28.740,28.740,28.220,28.340,9953,,,-1.1165,hfq
2018-08-23,28.260,29.660,28.100,29.020,29853,,,2.3994,hfq
2018-08-24,28.700,28.780,28.340,28.420,17749,,,-2.0675,hfq
2018-08-27,28.620,28.900,28.460,28.860,17597,,,1.5482,hfq
2018-08-28,29.020,29.180,28.740,28.820,15405,,,-0.1386,hfq
2018-08-29,29.020,29.020,28.660,28.780,10975,,,-0.1388,hfq
2018-08-30,28.900,28.900,28.260,28.300,13251,,,-1.6678,hfq
2018-08-31,28.340,28.620,28.060,28.300,10863,,,0.0000,hfq
2018-09-03,28.340,28.380,28.060,28.340,11552,,,0.1413,hfq
2018-09-04,28.220,28.660,28.220,28.500,13595,,,0.5646,hfq
2018-09-05,28.500,28.660,28.180,28.300,14946,,,-0.7018,hfq
2018-09-06,28.300,28.540,28.220,28.260,11537,,,-0.1413,hfq
2018-09-07,28.420,29.020,28.260,28.780,25118,,,1.8401,hfq
2018-09-10,28.220,28.500,27.660,27.780,34806,,,-3.4746,hfq
2018-09-11,27.780,27.860,27.260,27.500,14912,,,-1.0079,hfq
2018-09-12,27.300,27.700,27.300,27.460,8593,,,-0.1455,hfq
2018-09-13,27.820,27.860,27.420,27.620,9660,,,0.5827,hfq
2018-09-14,27.620,27.780,27.420,27.420,8644,,,-0.7241,hfq
2018-09-17,27.420,27.420,26.260,26.420,17857,,,-3.6470,hfq
2018-09-18,26.380,26.860,26.300,26.660,14016,,,0.9084,hfq
2018-09-19,26.700,27.420,26.540,26.860,13688,,,0.7502,hfq
2018-09-20,26.780,26.980,26.700,26.780,11751,,,-0.2978,hfq
2018-09-21,26.820,27.220,26.780,27.020,14280,,,0.8962,hfq
2018-09-25,27.020,27.100,26.860,27.020,8997,,,0.0000,hfq
2018-09-26,26.980,27.380,26.940,27.020,15309,,,0.0000,hfq
2018-09-27,27.060,27.060,26.500,26.540,14587,,,-1.7765,hfq
2018-09-28,26.700,26.740,26.540,26.660,7035,,,0.4521,hfq
2018-10-08,26.700,26.740,25.900,25.940,15214,,,-2.7007,hfq
2018-10-09,26.020,26.220,25.900,25.980,9993,,,0.1542,hfq
2018-10-10,25.980,26.500,25.860,26.260,15104,,,1.0778,hfq
2018-10-11,25.260,25.540,24.020,24.100,25362,,,-8.2254,hfq
2018-10-12,23.500,24.140,23.060,23.620,23217,,,-1.9917,hfq
2018-10-15,23.860,24.060,23.460,23.460,8220,,,-0.6774,hfq
2018-10-16,23.460,23.860,22.780,23.060,13824,,,-1.7050,hfq
2018-10-17,23.180,23.420,22.780,23.180,11300,,,0.5204,hfq
2018-10-18,23.180,23.180,22.180,22.260,19782,,,-3.9689,hfq
2018-10-19,22.060,22.700,21.900,22.660,21978,,,1.7969,hfq
2018-10-22,22.860,23.780,22.620,23.540,29327,,,3.8835,hfq
2018-10-23,23.660,23.700,23.100,23.180,16504,,,-1.5293,hfq
2018-10-24,23.100,23.580,23.100,23.180,16959,,,0.0000,hfq
2018-10-25,22.740,23.460,22.460,23.420,18309,,,1.0354,hfq
2018-10-26,23.500,23.660,23.180,23.420,16961,,,0.0000,hfq
2018-10-29,23.420,23.460,22.780,23.100,15801,,,-1.3664,hfq
2018-10-30,23.020,23.500,22.780,23.300,14241,,,0.8658,hfq
2018-10-31,23.220,23.660,23.220,23.580,13097,,,1.2017,hfq
2018-11-01,23.700,24.100,23.660,23.740,25585,,,0.6785,hfq
2018-11-02,23.940,24.180,23.820,24.140,23988,,,1.6849,hfq
2018-11-05,24.220,24.460,24.060,24.460,26180,,,1.3256,hfq
2018-11-06,24.580,24.580,23.980,24.380,19723,,,-0.3271,hfq
2018-11-07,24.260,24.740,24.260,24.540,24934,,,0.6563,hfq
2018-11-08,24.700,24.860,24.380,24.420,20759,,,-0.4890,hfq
2018-11-09,24.740,24.740,24.100,24.260,14111,,,-0.6552,hfq
2018-11-12,24.260,24.980,24.260,24.980,30885,,,2.9678,hfq
2018-11-13,24.580,25.700,24.580,25.580,47145,,,2.4019,hfq
2018-11-14,25.700,26.580,25.260,26.060,59942,,,1.8765,hfq
2018-11-15,26.220,26.460,25.700,26.100,58293,,,0.1535,hfq
2018-11-16,25.860,28.340,25.620,27.060,115505,,,3.6782,hfq
2018-11-19,27.860,27.860,26.300,26.820,82780,,,-0.8869,hfq
2018-11-20,26.500,26.620,25.620,25.900,46052,,,-3.4303,hfq
2018-11-21,25.300,26.060,25.060,26.020,26075,,,0.4633,hfq
2018-11-22,26.060,27.380,25.820,26.820,70323,,,3.0746,hfq
2018-11-23,26.620,26.820,25.260,25.460,52342,,,-5.0708,hfq
2018-11-26,24.940,25.460,24.940,25.060,27768,,,-1.5711,hfq
2018-11-27,25.140,25.700,25.140,25.380,24209,,,1.2769,hfq
2018-11-28,25.420,27.540,25.380,27.540,103079,,,8.5106,hfq
2018-11-29,27.980,28.020,26.500,26.500,132911,,,-3.7763,hfq
2018-11-30,26.140,26.740,25.660,26.620,86112,,,0.4528,hfq
2018-12-03,27.060,28.620,26.740,27.860,149465,,,4.6582,hfq
2018-12-04,28.180,29.260,27.900,28.180,139621,,,1.1486,hfq
2018-12-05,27.220,27.660,27.100,27.340,70127,,,-2.9808,hfq
2018-12-06,27.100,28.740,26.700,27.860,86924,,,1.9020,hfq
2018-12-07,27.660,28.420,27.260,28.300,77023,,,1.5793,hfq
2018-12-10,27.900,28.340,27.300,27.340,57115,,,-3.3922,hfq
2018-12-11,27.380,27.980,27.140,27.740,42644,,,1.4631,hfq
2018-12-12,27.820,28.220,27.260,27.980,53451,,,0.8652,hfq
2018-12-13,27.860,27.860,27.260,27.500,53691,,,-1.7155,hfq
2018-12-14,27.260,27.300,26.020,26.100,58995,,,-5.0909,hfq
2018-12-17,26.060,26.180,25.500,25.940,29741,,,-0.6130,hfq
2018-12-18,25.700,26.060,25.340,25.660,26428,,,-1.0794,hfq
2018-12-19,25.660,25.820,24.940,24.980,26159,,,-2.6500,hfq
2018-12-20,25.060,25.260,24.660,25.100,20653,,,0.4804,hfq
2018-12-21,24.980,25.100,24.380,24.580,22091,,,-2.0717,hfq
2018-12-24,24.860,24.940,24.620,24.820,16399,,,0.9764,hfq
2018-12-25,24.700,24.700,23.620,24.260,48921,,,-2.2562,hfq
2018-12-26,24.340,24.500,24.020,24.020,23207,,,-0.9893,hfq
2018-12-27,24.300,24.420,23.580,23.620,28899,,,-1.6653,hfq
2018-12-28,23.620,23.940,23.580,23.620,16499,,,0.0000,hfq
2019-01-02,23.620,23.780,23.460,23.460,14666,,,-0.6774,hfq
2019-01-03,23.500,23.940,23.460,23.500,18357,,,0.1705,hfq
2019-01-04,23.260,24.060,23.060,24.060,26533,,,2.3830,hfq
2019-01-07,24.140,24.700,24.060,24.580,32343,,,2.1613,hfq
2019-01-08,24.500,25.380,24.340,24.940,47887,,,1.4646,hfq
2019-01-09,24.620,25.140,24.620,24.780,43568,,,-0.6415,hfq
2019-01-10,24.900,25.260,24.740,24.980,34332,,,0.8071,hfq
2019-01-11,25.300,25.580,25.100,25.220,38800,,,0.9608,hfq
2019-01-14,25.500,25.700,24.900,25.180,23710,,,-0.1586,hfq
2019-01-15,24.900,25.620,24.900,25.380,29241,,,0.7943,hfq
2019-01-16,25.460,25.540,25.300,25.300,20655,,,-0.3152,hfq
2019-01-17,25.300,25.340,24.860,24.860,18554,,,-1.7391,hfq
2019-01-18,25.060,25.220,24.860,25.020,16137,,,0.6436,hfq
2019-01-21,25.100,26.060,24.940,25.380,37589,,,1.4388,hfq
2019-01-22,25.380,25.420,24.780,24.860,22124,,,-2.0489,hfq
2019-01-23,24.860,25.100,24.580,25.100,15921,,,0.9654,hfq
2019-01-24,25.060,25.700,24.820,25.220,29936,,,0.4781,hfq
2019-01-25,25.180,25.460,24.860,24.980,24823,,,-0.9516,hfq
2019-01-28,25.340,25.340,24.580,24.580,20685,,,-1.6013,hfq
2019-01-29,24.620,24.620,22.660,23.900,28574,,,-2.7665,hfq
2019-01-30,23.660,24.140,23.660,23.900,14050,,,0.0000,hfq
2019-01-31,23.860,24.140,23.460,23.540,19233,,,-1.5063,hfq
2019-02-01,23.460,24.180,23.460,24.140,22292,,,2.5489,hfq
2019-02-11,24.100,24.820,24.060,24.660,21513,,,2.1541,hfq
2019-02-12,24.780,25.140,24.660,24.900,28756,,,0.9732,hfq
2019-02-13,24.900,25.780,24.860,25.540,47101,,,2.5703,hfq
2019-02-14,25.460,25.660,25.180,25.420,28904,,,-0.4699,hfq
2019-02-15,25.620,25.860,25.340,25.580,32674,,,0.6294,hfq
2019-02-18,26.060,26.580,25.460,26.260,54818,,,2.6583,hfq
2019-02-19,26.300,26.740,25.860,26.300,44862,,,0.1523,hfq
2019-02-20,26.460,26.460,25.900,26.220,34864,,,-0.3042,hfq
2019-02-21,26.060,26.820,26.020,26.140,54038,,,-0.3051,hfq
2019-02-22,26.260,26.580,25.980,26.580,41312,,,1.6832,hfq
2019-02-25,26.860,27.820,26.500,27.580,87169,,,3.7622,hfq
2019-02-26,27.580,28.300,26.860,27.020,96153,,,-2.0305,hfq
2019-02-27,27.220,27.540,26.660,27.020,63479,,,0.0000,hfq
2019-02-28,27.060,28.260,26.900,27.620,96413,,,2.2206,hfq
2019-03-01,27.740,27.740,26.980,27.500,56236,,,-0.4345,hfq
2019-03-04,27.580,28.460,27.380,27.860,96979,,,1.3091,hfq
2019-03-05,27.740,28.900,27.420,28.860,135881,,,3.5894,hfq
2019-03-06,28.620,29.020,28.220,28.980,131853,,,0.4158,hfq
2019-03-07,29.060,29.700,28.660,29.380,154811,,,1.3803,hfq
2019-03-08,28.860,31.060,28.300,28.780,190389,,,-2.0422,hfq
2019-03-11,28.580,29.780,28.580,29.740,113278,,,3.3356,hfq
2019-03-12,30.140,30.420,29.340,30.180,159229,,,1.4795,hfq
2019-03-13,29.980,30.100,28.980,29.300,103570,,,-2.9158,hfq
2019-03-14,29.300,29.420,27.780,28.180,76906,,,-3.8225,hfq
2019-03-15,28.380,28.860,28.100,28.500,52726,,,1.1356,hfq
2019-03-18,28.660,29.100,28.300,29.100,66937,,,2.1053,hfq
2019-03-19,29.100,29.780,28.900,29.220,56822,,,0.4124,hfq
2019-03-20,29.180,29.380,28.460,29.100,49191,,,-0.4107,hfq
2019-03-21,28.980,29.660,28.900,29.460,78064,,,1.2371,hfq
2019-03-22,29.460,29.700,28.900,29.660,64543,,,0.6789,hfq
2019-03-25,29.180,30.300,28.940,29.660,87495,,,0.0000,hfq
2019-03-26,29.940,32.260,29.740,31.380,341368,,,5.7991,hfq
2019-03-27,30.580,30.580,28.620,29.900,282913,,,-4.7164,hfq
2019-03-28,29.260,29.700,28.340,28.500,141607,,,-4.6823,hfq
2019-03-29,28.380,29.060,28.060,29.020,97908,,,1.8246,hfq
2019-04-01,29.020,29.820,29.020,29.780,111865,,,2.6189,hfq
2019-04-02,29.860,30.100,29.580,29.860,104108,,,0.2686,hfq
2019-04-03,29.580,30.500,29.500,30.420,108504,,,1.8754,hfq
2019-04-04,30.420,30.580,29.940,30.500,98271,,,0.2630,hfq
2019-04-08,30.500,30.700,29.500,30.020,86342,,,-1.5738,hfq
2019-04-09,30.140,30.900,29.700,30.780,110331,,,2.5316,hfq
2019-04-10,30.780,30.780,29.820,30.100,78518,,,-2.2092,hfq
2019-04-11,30.220,30.580,29.500,29.980,78060,,,-0.3987,hfq
2019-04-12,30.020,30.060,29.180,29.460,67514,,,-1.7345,hfq
2019-04-15,29.780,30.460,29.300,29.380,65196,,,-0.2716,hfq
2019-04-16,29.300,30.740,28.900,30.460,91989,,,3.6760,hfq
2019-04-17,30.460,31.220,29.940,31.060,140764,,,1.9698,hfq
2019-04-18,30.260,30.380,29.540,29.580,129632,,,-4.7650,hfq
2019-04-19,29.420,30.540,29.060,30.540,91228,,,3.2454,hfq
2019-04-22,30.860,32.100,30.500,30.820,181218,,,0.9168,hfq
2019-04-23,30.660,30.860,29.620,29.820,77472,,,-3.2446,hfq
2019-04-24,29.820,30.260,29.100,29.700,60549,,,-0.4024,hfq
2019-04-25,29.780,29.780,28.180,28.220,85884,,,-4.9832,hfq
2019-04-26,27.940,28.180,27.500,27.540,53470,,,-2.4096,hfq
2019-04-29,27.700,27.820,26.860,26.980,47004,,,-2.0334,hfq
2019-04-30,26.860,27.580,26.860,27.380,26355,,,1.4826,hfq
2019-05-06,26.780,26.860,25.020,25.380,56410,,,-7.3046,hfq
2019-05-07,25.740,26.420,25.300,26.340,48988,,,3.7825,hfq
2019-05-08,25.860,27.260,25.740,27.260,48447,,,3.4928,hfq
2019-05-09,28.100,28.100,26.420,26.540,57799,,,-2.6412,hfq
2019-05-10,26.780,27.140,26.060,26.980,50771,,,1.6579,hfq
2019-05-13,26.900,27.780,26.660,27.340,48178,,,1.3343,hfq
2019-05-14,26.700,27.020,26.420,26.460,67333,,,-3.2187,hfq
2019-05-15,26.580,27.660,26.380,27.500,82363,,,3.9305,hfq
2019-05-16,28.340,28.340,27.220,27.340,86471,,,-0.5818,hfq
2019-05-17,27.100,27.340,26.300,26.380,55940,,,-3.5113,hfq
2019-05-20,26.340,26.620,25.660,26.540,33491,,,0.6065,hfq
2019-05-21,26.580,26.980,26.220,26.860,32770,,,1.2057,hfq
2019-05-22,26.860,27.020,26.340,26.460,29962,,,-1.4892,hfq
2019-05-23,26.460,26.820,25.940,26.380,30087,,,-0.3023,hfq
2019-05-24,25.860,26.460,25.860,26.100,22103,,,-1.0614,hfq
2019-05-27,26.100,26.980,25.940,26.900,34169,,,3.0651,hfq
2019-05-28,26.900,27.220,26.620,26.820,44231,,,-0.2974,hfq
2019-05-29,26.780,27.220,26.700,27.100,32462,,,1.0440,hfq
2019-05-30,27.140,27.140,26.380,26.700,35257,,,-1.4760,hfq
2019-05-31,26.700,27.060,26.500,26.580,26066,,,-0.4494,hfq
2019-06-03,26.380,27.100,26.300,26.940,39263,,,1.3544,hfq
2019-06-04,26.940,26.940,25.940,26.060,35693,,,-3.2665,hfq
2019-06-05,26.300,26.660,26.060,26.100,26911,,,0.1535,hfq
2019-06-06,26.260,26.260,23.860,25.620,33604,,,-1.8391,hfq
2019-06-10,25.660,25.900,25.380,25.500,23903,,,-0.4684,hfq
2019-06-11,25.580,26.540,25.260,26.460,31481,,,3.7647,hfq
2019-06-12,26.340,26.780,26.260,26.380,24181,,,-0.3023,hfq
2019-06-13,26.380,26.700,26.340,26.540,20559,,,0.6065,hfq
2019-06-14,26.580,26.660,25.980,26.140,20677,,,-1.5072,hfq
2019-06-17,26.500,26.500,25.820,26.180,19630,,,0.1530,hfq
2019-06-18,25.940,26.140,25.580,25.740,18980,,,-1.6807,hfq
2019-06-19,26.180,26.460,26.100,26.140,29863,,,1.5540,hfq
2019-06-20,26.380,26.780,25.900,26.620,32162,,,1.8363,hfq
2019-06-21,26.820,27.180,26.620,27.140,38864,,,1.9534,hfq
2019-06-24,27.180,27.420,26.900,27.220,27599,,,0.2948,hfq
2019-06-25,27.300,27.420,26.700,26.980,29867,,,-0.8817,hfq
2019-06-26,27.420,27.420,26.700,26.780,27435,,,-0.7413,hfq
2019-06-27,26.900,27.260,26.780,26.900,27250,,,0.4481,hfq
2019-06-28,26.940,27.020,26.460,26.780,24186,,,-0.4461,hfq
2019-07-01,27.100,27.460,26.780,27.380,34726,,,2.2405,hfq
2019-07-02,27.460,27.500,27.060,27.180,24166,,,-0.7305,hfq
2019-07-03,27.100,27.220,26.740,26.820,22718,,,-1.3245,hfq
2019-07-04,26.900,27.140,26.620,26.780,20018,,,-0.1491,hfq
2019-07-05,26.580,27.220,26.580,26.700,18522,,,-0.2987,hfq
2019-07-08,26.860,26.860,25.780,26.060,30788,,,-2.3970,hfq
2019-07-09,26.060,26.220,25.780,26.140,22992,,,0.3070,hfq
2019-07-10,26.220,26.380,25.900,26.180,17090,,,0.1530,hfq
2019-07-11,26.180,26.660,25.820,25.860,17946,,,-1.2223,hfq
2019-07-12,25.860,26.460,25.860,26.340,25337,,,1.8561,hfq
2019-07-15,26.460,26.820,25.980,26.700,24923,,,1.3667,hfq
2019-07-16,26.500,26.900,26.460,26.860,22603,,,0.5993,hfq
2019-07-17,26.620,26.980,26.620,26.740,18554,,,-0.4468,hfq
2019-07-18,26.740,26.940,26.340,26.860,21625,,,0.4488,hfq
2019-07-19,26.740,26.900,26.420,26.540,28693,,,-1.1914,hfq
2019-07-22,26.940,26.940,25.900,26.300,27205,,,-0.9043,hfq
2019-07-23,26.500,26.740,26.140,26.700,22250,,,1.5209,hfq
2019-07-24,26.700,27.260,26.700,27.180,29521,,,1.7978,hfq
2019-07-25,27.220,27.820,27.020,27.540,43741,,,1.3245,hfq
2019-07-26,27.540,27.660,27.300,27.460,27509,,,-0.2905,hfq
2019-07-29,27.380,27.860,27.300,27.660,28177,,,0.7283,hfq
2019-07-30,27.740,28.020,27.340,27.540,35230,,,-0.4338,hfq
2019-07-31,27.340,27.620,27.220,27.380,22330,,,-0.5810,hfq
2019-08-01,27.460,27.500,26.980,27.260,23206,,,-0.4383,hfq
2019-08-02,26.900,26.940,26.460,26.820,25484,,,-1.6141,hfq
2019-08-05,26.780,27.020,26.100,26.140,38048,,,-2.5354,hfq
2019-08-06,25.780,26.060,24.700,25.140,46268,,,-3.8256,hfq
2019-08-07,25.260,25.380,24.780,24.940,27378,,,-0.7955,hfq
2019-08-08,25.060,25.220,24.900,25.020,28815,,,0.3208,hfq
2019-08-09,26.260,27.100,26.260,27.100,54873,,,8.3133,hfq
2019-08-12,27.060,27.660,26.300,26.860,135418,,,-0.8856,hfq
2019-08-13,26.820,27.060,25.420,25.820,128948,,,-3.8719,hfq
2019-08-14,26.140,27.980,25.860,27.980,147774,,,8.3656,hfq
2019-08-15,27.060,28.980,26.900,28.180,335363,,,0.7148,hfq
2019-08-16,27.900,28.460,27.700,27.860,189025,,,-1.1356,hfq
2019-08-19,28.380,29.900,28.100,29.540,266796,,,6.0302,hfq
2019-08-20,29.180,29.700,28.900,29.660,212956,,,0.4062,hfq
2019-08-21,29.380,29.460,28.980,29.300,120551,,,-1.2138,hfq
2019-08-22,29.140,29.420,28.700,29.020,104340,,,-0.9556,hfq
2019-08-23,29.060,29.100,28.460,28.700,82553,,,-1.1027,hfq
2019-08-26,28.060,28.580,27.900,28.420,65821,,,-0.9756,hfq
2019-08-27,28.500,29.100,28.500,28.700,83418,,,0.9852,hfq
2019-08-28,28.540,28.820,28.300,28.380,57699,,,-1.1150,hfq
2019-08-29,28.580,29.660,28.460,29.220,143903,,,2.9598,hfq
2019-08-30,29.340,29.620,28.060,28.220,91115,,,-3.4223,hfq
2019-09-02,28.140,30.140,27.900,29.860,136116,,,5.8115,hfq
2019-09-03,29.940,30.460,29.460,30.140,131421,,,0.9377,hfq
2019-09-04,30.020,30.260,29.580,30.180,97683,,,0.1327,hfq
2019-09-05,30.260,30.460,29.860,29.860,111499,,,-1.0603,hfq
2019-09-06,30.060,31.060,29.900,30.220,95696,,,1.2056,hfq
2019-09-09,30.380,30.660,29.860,30.660,97312,,,1.4560,hfq
2019-09-10,30.420,30.540,29.940,30.300,75961,,,-1.1742,hfq
2019-09-11,30.340,30.860,30.020,30.460,106477,,,0.5281,hfq
2019-09-12,30.700,32.140,30.700,31.060,135992,,,1.9698,hfq
2019-09-16,30.940,33.420,30.700,32.420,192371,,,4.3786,hfq
2019-09-17,31.860,32.300,31.460,31.620,133259,,,-2.4676,hfq
2019-09-18,31.700,33.020,31.540,32.740,154301,,,3.5421,hfq
2019-09-19,33.100,33.340,32.060,32.780,118837,,,0.1222,hfq
2019-09-20,32.660,32.700,31.820,31.940,105990,,,-2.5625,hfq
2019-09-23,31.740,33.260,31.700,33.100,149524,,,3.6318,hfq
2019-09-24,32.900,33.820,32.740,33.140,120198,,,0.1208,hfq
2019-09-25,33.060,33.260,32.020,32.220,89078,,,-2.7761,hfq
2019-09-26,32.540,32.540,30.980,31.060,94021,,,-3.6002,hfq
2019-09-27,30.980,33.740,30.860,33.100,182843,,,6.5679,hfq
2019-09-30,32.860,35.500,32.860,34.340,201858,,,3.7462,hfq
2019-10-08,34.620,35.660,33.420,34.500,151365,,,0.4659,hfq
2019-10-09,34.100,34.180,33.020,33.820,129161,,,-1.9710,hfq
2019-10-10,33.580,36.260,33.260,35.460,176974,,,4.8492,hfq
2019-10-11,35.460,38.580,35.100,37.780,323730,,,6.5426,hfq
2019-10-14,37.860,39.740,37.140,37.700,293164,,,-0.2118,hfq
2019-10-15,37.180,41.060,36.740,41.060,284331,,,8.9125,hfq
2019-10-16,42.500,43.780,37.380,37.700,493558,,,-8.1831,hfq
2019-10-17,37.060,37.540,35.580,36.020,318454,,,-4.4562,hfq
2019-10-18,35.740,36.340,34.260,34.340,234197,,,-4.6641,hfq
2019-10-21,34.700,35.780,33.260,35.500,187296,,,3.3780,hfq
2019-10-22,35.660,38.620,35.140,38.140,316507,,,7.4366,hfq
2019-10-23,39.060,39.460,36.860,37.020,273944,,,-2.9365,hfq
2019-10-24,37.260,37.260,35.540,35.940,175083,,,-2.9173,hfq
2019-10-25,35.660,39.100,35.660,39.100,280279,,,8.7924,hfq
2019-10-28,40.940,42.580,40.900,42.580,518502,,,8.9003,hfq
2019-10-29,44.300,46.420,43.260,44.660,625999,,,4.8849,hfq
2019-10-30,46.580,48.700,45.020,48.700,687777,,,9.0461,hfq
2019-10-31,47.860,48.660,45.540,45.540,534675,,,-6.4887,hfq
2019-11-01,45.540,49.660,44.460,49.660,539498,,,9.0470,hfq
2019-11-04,52.820,54.220,51.780,54.220,232995,,,9.1824,hfq
2019-11-05,56.140,59.220,53.540,57.620,702516,,,6.2707,hfq
2019-11-06,57.060,57.300,53.100,55.020,585207,,,-4.5123,hfq
2019-11-07,54.620,56.660,53.540,55.700,552816,,,1.2359,hfq
2019-11-08,54.460,59.100,53.820,55.060,695320,,,-1.1490,hfq
2019-11-11,54.180,58.500,53.580,56.020,602094,,,1.7436,hfq
2019-11-12,54.660,61.060,52.540,58.540,723574,,,4.4984,hfq
2019-11-13,58.820,63.980,58.260,63.980,761551,,,9.2928,hfq
2019-11-14,64.780,69.940,64.180,69.940,625956,,,9.3154,hfq
2019-11-15,66.660,67.980,63.660,65.140,821577,,,-6.8630,hfq
2019-11-18,63.460,65.660,61.860,65.260,591612,,,0.1842,hfq
2019-11-19,64.300,65.460,62.060,65.260,617929,,,0.0000,hfq
2019-11-20,64.260,69.260,63.660,65.940,784337,,,1.0420,hfq
2019-11-21,63.460,63.460,59.780,60.220,662298,,,-8.6746,hfq
2019-11-22,61.340,61.860,57.420,58.500,535702,,,-2.8562,hfq
2019-11-25,58.460,58.460,55.940,56.660,336748,,,-3.1453,hfq
2019-11-26,57.060,58.140,56.060,56.660,328447,,,0.0000,hfq
2019-11-27,56.100,61.700,55.180,60.380,683707,,,6.5655,hfq
2019-11-28,63.420,65.980,62.220,65.980,635208,,,9.2746,hfq
2019-11-29,64.380,68.900,63.980,65.700,802908,,,-0.4244,hfq
2019-12-02,66.100,71.620,65.500,67.660,682573,,,2.9833,hfq
2019-12-03,66.700,69.420,65.740,67.460,522638,,,-0.2956,hfq
2019-12-04,67.180,73.780,65.460,73.780,750682,,,9.3685,hfq
2019-12-05,76.220,80.740,76.140,80.740,424353,,,9.4335,hfq
2019-12-06,86.260,88.380,84.380,88.380,575373,,,9.4625,hfq
2019-12-09,93.060,96.780,92.580,96.780,893326,,,9.5044,hfq
2019-12-10,100.420,106.020,98.260,106.020,645303,,,9.5474,hfq
2019-12-11,110.660,112.700,102.580,106.900,1192616,,,0.8300,hfq
2019-12-12,107.060,107.780,100.500,104.060,882320,,,-2.6567,hfq
2019-12-13,103.860,106.100,100.060,103.860,849553,,,-0.1922,hfq
2019-12-16,102.620,111.820,102.620,108.060,997792,,,4.0439,hfq
2019-12-17,112.700,118.460,109.140,118.460,850291,,,9.6243,hfq
2019-12-18,124.260,129.900,112.260,114.660,1372150,,,-3.2078,hfq
2019-12-19,108.940,109.420,104.180,104.420,943799,,,-8.9308,hfq
2019-12-20,105.740,105.940,102.580,105.540,583833,,,1.0726,hfq
2019-12-23,104.260,104.580,98.460,103.380,497158,,,-2.0466,hfq
2019-12-24,104.260,105.460,100.900,105.340,509942,,,1.8959,hfq
2019-12-25,103.060,108.220,101.060,103.780,559830,,,-1.4809,hfq
2019-12-26,102.660,106.020,101.300,102.660,490257,,,-1.0792,hfq
2019-12-27,103.540,109.940,101.700,104.020,778224,,,1.3248,hfq
2019-12-30,96.460,97.180,94.060,94.060,534302,,,-9.5751,hfq
2019-12-31,92.420,94.900,91.860,94.260,461403,,,0.2126,hfq
2020-01-02,94.380,103.260,93.460,103.260,818511,,,9.5481,hfq
2020-01-03,103.460,112.260,103.100,103.780,1028573,,,0.5036,hfq
2020-01-06,97.500,101.020,95.460,98.660,702928,,,-4.9335,hfq
2020-01-07,98.700,99.300,95.460,97.380,500909,,,-1.2974,hfq
2020-01-08,96.460,98.980,94.260,94.380,466672,,,-3.0807,hfq
2020-01-09,94.820,97.260,93.980,95.980,395787,,,1.6953,hfq
2020-01-10,96.260,97.460,94.340,94.620,298215,,,-1.4170,hfq
2020-01-13,93.460,97.100,91.820,97.020,387281,,,2.5365,hfq
2020-01-14,98.460,98.860,94.500,94.780,366557,,,-2.3088,hfq
2020-01-15,93.500,98.820,93.100,96.500,498863,,,1.8147,hfq
2020-01-16,94.660,105.740,93.900,105.740,836662,,,9.5751,hfq
2020-01-17,107.060,107.060,95.580,95.700,871014,,,-9.4950,hfq
2020-01-20,90.820,93.460,86.780,91.100,521760,,,-4.8067,hfq
2020-01-21,90.780,90.860,87.700,87.740,324916,,,-3.6883,hfq
2020-01-22,86.980,90.060,85.660,89.020,284052,,,1.4589,hfq
2020-01-23,89.420,90.060,81.460,83.620,361146,,,-6.0661,hfq
2020-02-03,75.700,75.700,75.700,75.700,43162,,,-9.4714,hfq
2020-02-04,68.700,82.140,68.700,78.860,433202,,,4.1744,hfq
2020-02-05,77.460,82.300,77.260,80.060,382292,,,1.5217,hfq
2020-02-06,80.780,87.660,78.940,87.660,665293,,,9.4929,hfq
2020-02-07,89.380,94.100,88.260,89.780,760554,,,2.4184,hfq
2020-02-10,89.460,89.460,83.780,86.500,467090,,,-3.6534,hfq
2020-02-11,85.940,93.060,83.460,90.620,543897,,,4.7630,hfq
2020-02-12,88.260,93.060,86.980,90.620,508457,,,0.0000,hfq
2020-02-13,90.780,91.780,87.460,87.940,318477,,,-2.9574,hfq
2020-02-14,87.580,88.940,85.660,86.380,269102,,,-1.7739,hfq
2020-02-17,86.940,88.660,85.900,88.660,296022,,,2.6395,hfq
2020-02-18,89.500,92.020,88.340,91.660,449999,,,3.3837,hfq
2020-02-19,90.300,91.460,88.740,88.780,328533,,,-3.1420,hfq
2020-02-20,88.180,90.100,85.100,88.340,328325,,,-0.4956,hfq
2020-02-21,91.820,95.860,90.340,93.780,642773,,,6.1580,hfq
2020-02-24,92.020,102.740,91.900,102.740,800807,,,9.5543,hfq
2020-02-25,100.220,100.740,93.060,98.300,779319,,,-4.3216,hfq
2020-02-26,95.700,95.700,89.220,90.220,498801,,,-8.2197,hfq
2020-02-27,89.500,92.020,88.300,90.660,243918,,,0.4877,hfq
2020-02-28,86.660,88.180,82.100,82.140,324301,,,-9.3977,hfq
2020-03-02,83.020,85.460,83.020,84.780,204868,,,3.2140,hfq
2020-03-03,85.740,88.860,85.100,86.300,252653,,,1.7929,hfq
2020-03-04,84.660,88.940,84.300,88.940,298006,,,3.0591,hfq
2020-03-05,90.620,91.140,86.340,87.780,283374,,,-1.3043,hfq
2020-03-06,85.860,96.140,85.100,94.780,782105,,,7.9745,hfq
2020-03-09,85.740,90.020,85.740,85.740,547275,,,-9.5379,hfq
2020-03-10,81.060,85.940,78.460,85.220,353116,,,-0.6065,hfq
2020-03-11,85.540,86.180,82.300,82.340,236833,,,-3.3795,hfq
2020-03-12,81.060,81.460,78.540,78.980,206417,,,-4.0806,hfq
2020-03-13,73.460,77.420,72.700,75.740,210738,,,-4.1023,hfq
2020-03-16,77.700,77.860,69.820,71.340,203727,,,-5.8093,hfq
2020-03-17,71.380,73.220,66.060,70.620,217462,,,-1.0093,hfq
2020-03-18,71.180,72.260,69.140,69.260,178231,,,-1.9258,hfq
2020-03-19,68.740,70.220,67.660,69.860,159550,,,0.8663,hfq
2020-03-20,71.060,71.340,68.780,71.300,156626,,,2.0613,hfq
2020-03-23,69.060,69.500,64.780,65.500,163581,,,-8.1346,hfq
2020-03-24,66.820,69.060,64.980,67.340,176719,,,2.8092,hfq
2020-03-25,68.740,72.020,68.500,70.620,244163,,,4.8708,hfq
2020-03-26,69.780,70.260,68.700,68.860,148006,,,-2.4922,hfq
2020-03-27,69.860,70.500,68.020,68.180,105925,,,-0.9875,hfq
2020-03-30,67.300,67.300,64.300,65.940,112520,,,-3.2854,hfq
2020-03-31,66.500,67.460,64.860,65.140,84653,,,-1.2132,hfq
2020-04-01,65.300,68.060,65.140,66.540,159812,,,2.1492,hfq
2020-04-02,66.500,69.460,64.980,69.180,228879,,,3.9675,hfq
2020-04-03,68.900,69.340,67.060,68.700,162743,,,-0.6938,hfq
2020-04-07,70.140,70.740,69.420,70.380,167988,,,2.4454,hfq
2020-04-08,70.460,72.340,69.900,70.900,188473,,,0.7388,hfq
2020-04-09,70.900,73.780,70.060,73.300,217849,,,3.3850,hfq
2020-04-10,72.260,72.740,67.860,68.780,215664,,,-6.1664,hfq
2020-04-13,68.460,68.460,65.500,67.340,81659,,,-2.0936,hfq
2020-04-14,68.060,72.060,67.820,71.300,237748,,,5.8806,hfq
2020-04-15,71.540,72.900,70.580,71.300,230374,,,0.0000,hfq
2020-04-16,70.380,71.860,69.980,70.260,167350,,,-1.4586,hfq
2020-04-17,71.060,71.940,70.340,71.020,207759,,,1.0817,hfq
2020-04-20,71.140,72.140,70.140,71.980,160033,,,1.3517,hfq
2020-04-21,71.300,71.700,68.940,69.940,153937,,,-2.8341,hfq
2020-04-22,68.820,70.620,68.660,70.380,123114,,,0.6291,hfq
2020-04-23,71.020,71.060,68.660,68.780,119301,,,-2.2734,hfq
2020-04-24,68.780,69.260,66.260,66.860,128736,,,-2.7915,hfq
2020-04-27,66.940,67.260,65.300,65.620,70629,,,-1.8546,hfq
2020-04-28,65.660,68.060,60.700,67.940,178619,,,3.5355,hfq
2020-04-29,69.420,72.140,68.260,71.540,313930,,,5.2988,hfq
2020-04-30,71.460,76.980,70.700,73.740,365655,,,3.0752,hfq
2020-05-06,72.380,74.580,71.780,74.100,252300,,,0.4882,hfq
2020-05-07,74.140,74.500,72.260,72.260,187490,,,-2.4831,hfq
2020-05-08,74.260,79.060,72.980,79.060,524406,,,9.4105,hfq
2020-05-11,82.260,86.260,80.740,84.180,641686,,,6.4761,hfq
2020-05-12,84.300,85.020,79.660,81.860,399698,,,-2.7560,hfq
2020-05-13,83.660,87.300,83.140,86.540,532158,,,5.7171,hfq
2020-05-14,84.460,94.780,84.140,91.260,545947,,,5.4541,hfq
2020-05-15,91.260,99.700,89.860,97.940,527396,,,7.3197,hfq
2020-05-18,98.820,99.540,88.740,89.460,449694,,,-8.6584,hfq
2020-05-19,91.900,95.420,90.260,92.580,315947,,,3.4876,hfq
2020-05-20,93.500,100.860,91.460,98.580,460957,,,6.4809,hfq
2020-05-21,98.660,102.580,95.060,97.620,394771,,,-0.9738,hfq
2020-05-22,97.580,97.580,90.660,92.700,279572,,,-5.0400,hfq
2020-05-25,92.740,95.620,89.860,90.660,197053,,,-2.2006,hfq
2020-05-26,91.100,99.300,91.100,99.300,346820,,,9.5301,hfq
2020-05-27,103.820,106.620,96.260,106.260,595760,,,7.0091,hfq
2020-05-28,104.260,116.460,103.380,116.460,579265,,,9.5991,hfq
2020-05-29,121.200,124.620,116.460,118.560,790744,,,1.8032,hfq
2020-06-01,118.920,129.960,118.920,129.960,448487,,,9.6154,hfq
2020-06-02,136.860,141.660,131.760,135.420,846464,,,4.2013,hfq
2020-06-03,134.220,144.840,128.280,138.060,842460,,,1.9495,hfq
2020-06-04,136.140,138.780,130.860,132.900,590236,,,-3.7375,hfq
2020-06-05,131.520,139.740,131.520,133.980,543770,,,0.8126,hfq
2020-06-08,134.460,136.860,124.920,126.000,736705,,,-5.9561,hfq
2020-06-09,126.840,128.100,123.660,126.960,454121,,,0.7619,hfq
2020-06-10,127.500,127.800,120.720,124.860,512736,,,-1.6541,hfq
2020-06-11,125.160,127.620,123.300,125.220,461449,,,0.2883,hfq
2020-06-12,121.860,126.480,120.060,124.200,394916,,,-0.8146,hfq
2020-06-15,123.300,132.060,122.640,128.160,570554,,,3.1884,hfq
2020-06-16,129.480,130.140,124.020,126.960,441436,,,-0.9363,hfq
2020-06-17,124.860,125.040,119.820,123.300,510383,,,-2.8828,hfq
2020-06-18,121.260,124.800,120.960,122.340,397443,,,-0.7786,hfq
2020-06-19,124.260,134.100,124.260,134.100,707656,,,9.6126,hfq
2020-06-22,139.200,139.200,131.040,134.940,882684,,,0.6264,hfq
2020-06-23,134.400,134.880,127.440,129.720,492401,,,-3.8684,hfq
2020-06-24,133.920,136.560,130.440,133.860,628665,,,3.1915,hfq
2020-06-29,129.240,129.900,125.940,129.480,377457,,,-3.2721,hfq
2020-06-30,132.720,135.000,131.460,131.580,517597,,,1.6219,hfq
2020-07-01,130.740,138.000,130.620,135.360,668771,,,2.8728,hfq
2020-07-02,132.120,134.700,129.300,133.260,493600,,,-1.5514,hfq
2020-07-03,133.380,133.980,127.740,129.780,473859,,,-2.6114,hfq
2020-07-06,126.960,141.060,125.940,135.780,800949,,,4.6232,hfq
2020-07-07,136.740,148.860,134.340,148.860,1135656,,,9.6332,hfq
2020-07-08,144.180,146.220,137.880,145.260,1247519,,,-2.4184,hfq
2020-07-09,144.660,148.680,141.060,146.220,936598,,,0.6609,hfq
2020-07-10,144.240,144.600,138.960,140.520,792820,,,-3.8982,hfq
2020-07-13,138.660,144.240,137.160,142.860,624788,,,1.6652,hfq
2020-07-14,139.860,140.940,135.480,137.580,617558,,,-3.6959,hfq
2020-07-15,138.780,139.680,134.580,135.960,366496,,,-1.1775,hfq
2020-07-16,135.120,137.220,122.880,123.300,501769,,,-9.3116,hfq
2020-07-17,120.480,125.940,120.480,123.300,289048,,,0.0000,hfq
2020-07-20,124.860,126.540,123.180,125.760,231563,,,1.9951,hfq
2020-07-21,125.760,127.740,124.260,125.040,214708,,,-0.5725,hfq
2020-07-22,125.160,128.460,123.120,126.720,281073,,,1.3436,hfq
2020-07-23,125.340,126.060,121.320,124.560,272870,,,-1.7045,hfq
2020-07-24,124.020,125.700,114.060,117.060,295171,,,-6.0212,hfq
2020-07-27,117.000,118.020,112.860,115.860,208090,,,-1.0251,hfq
2020-07-28,117.660,119.940,116.880,118.800,201561,,,2.5375,hfq
2020-07-29,118.320,121.860,117.180,121.800,222379,,,2.5253,hfq
2020-07-30,121.860,122.160,118.860,119.040,237287,,,-2.2660,hfq
2020-07-31,119.040,127.860,118.380,124.560,427354,,,4.6371,hfq
2020-08-03,125.460,126.540,122.820,125.760,328987,,,0.9634,hfq
2020-08-04,125.940,125.940,121.920,123.720,267950,,,-1.6221,hfq
2020-08-05,123.600,124.740,122.160,123.780,181199,,,0.0485,hfq
2020-08-06,123.720,123.720,120.540,121.920,193937,,,-1.5027,hfq
2020-08-07,121.320,122.820,117.060,119.220,202811,,,-2.2146,hfq
2020-08-10,118.080,119.880,116.940,119.460,145832,,,0.2013,hfq
2020-08-11,119.640,120.420,115.860,116.400,161790,,,-2.5615,hfq
2020-08-12,116.520,117.480,111.540,114.360,199861,,,-1.7526,hfq
2020-08-13,114.720,116.340,113.760,114.180,107248,,,-0.1574,hfq
2020-08-14,113.940,115.680,112.380,114.900,105613,,,0.6306,hfq
2020-08-17,114.900,117.600,114.660,117.420,152567,,,2.1932,hfq
2020-08-18,118.020,122.340,116.580,122.280,305772,,,4.1390,hfq
2020-08-19,122.280,122.280,117.420,117.720,273097,,,-3.7291,hfq
2020-08-20,115.560,117.720,114.240,114.720,168942,,,-2.5484,hfq
2020-08-21,116.040,121.560,115.260,120.960,347045,,,5.4393,hfq
2020-08-24,121.020,121.740,117.420,119.940,242133,,,-0.8433,hfq
2020-08-25,120.780,125.640,119.940,120.420,333316,,,0.4002,hfq
2020-08-26,118.260,118.260,115.260,115.560,237550,,,-4.0359,hfq
2020-08-27,114.840,115.560,112.200,115.380,159110,,,-0.1558,hfq
2020-08-28,114.660,115.320,113.160,115.260,119221,,,-0.1040,hfq
2020-08-31,115.740,116.400,114.900,114.960,112294,,,-0.2603,hfq
2020-09-01,114.720,114.840,113.220,114.420,93154,,,-0.4697,hfq
2020-09-02,114.960,116.220,114.120,114.600,103992,,,0.1573,hfq
2020-09-03,114.960,114.960,113.160,113.220,104399,,,-1.2042,hfq
2020-09-04,111.660,114.060,109.860,113.700,102801,,,0.4240,hfq
2020-09-07,113.700,114.420,111.180,111.540,104890,,,-1.8997,hfq
2020-09-08,111.540,112.560,108.300,109.140,119033,,,-2.1517,hfq
2020-09-09,108.000,108.000,100.860,102.540,173982,,,-6.0473,hfq
2020-09-10,102.840,104.280,98.220,99.000,132760,,,-3.4523,hfq
2020-09-11,98.880,103.860,97.320,103.560,164763,,,4.6061,hfq
2020-09-14,103.560,105.480,102.900,104.340,111775,,,0.7532,hfq
2020-09-15,104.460,104.460,102.720,103.500,74243,,,-0.8051,hfq
2020-09-16,103.620,104.100,101.280,101.760,81721,,,-1.6812,hfq
2020-09-17,102.420,103.800,101.700,102.900,96267,,,1.1203,hfq
2020-09-18,102.360,106.620,102.060,106.380,171198,,,3.3819,hfq
2020-09-21,105.900,107.760,104.820,106.740,118522,,,0.3384,hfq
2020-09-22,105.360,106.260,104.160,104.820,77120,,,-1.7988,hfq
2020-09-23,105.060,105.780,102.900,103.440,79306,,,-1.3165,hfq
2020-09-24,102.660,103.440,101.400,101.940,71718,,,-1.4501,hfq
2020-09-25,102.420,103.260,100.980,102.240,64457,,,0.2943,hfq
2020-09-28,102.060,103.140,101.700,101.700,46038,,,-0.5282,hfq
2020-09-29,102.120,103.260,101.400,102.480,72230,,,0.7670,hfq
2020-09-30,104.280,104.280,100.860,101.700,55018,,,-0.7611,hfq
2020-10-09,104.760,106.080,102.840,104.040,115608,,,2.3009,hfq
2020-10-12,106.260,108.180,104.820,108.060,203554,,,3.8639,hfq
2020-10-13,108.000,108.000,106.620,107.340,101302,,,-0.6663,hfq
2020-10-14,107.820,107.820,105.060,105.240,101443,,,-1.9564,hfq
2020-10-15,105.660,108.960,105.420,108.540,208968,,,3.1357,hfq
2020-10-16,109.620,109.920,106.920,107.760,116958,,,-0.7186,hfq
2020-10-19,107.700,108.840,105.660,105.720,101800,,,-1.8931,hfq
2020-10-20,105.060,106.980,103.440,106.860,83628,,,1.0783,hfq
2020-10-21,106.920,106.920,104.640,105.360,56602,,,-1.4037,hfq
2020-10-22,104.400,105.240,103.440,104.280,49547,,,-1.0251,hfq
2020-10-23,104.580,105.900,102.600,102.960,61392,,,-1.2658,hfq
2020-10-26,102.540,103.500,101.280,102.120,49415,,,-0.8159,hfq
2020-10-27,101.820,102.840,101.340,102.240,45472,,,0.1175,hfq
2020-10-28,102.300,109.800,102.120,107.160,207046,,,4.8122,hfq
2020-10-29,104.760,108.900,104.460,108.300,186796,,,1.0638,hfq
2020-10-30,109.020,109.620,102.660,103.320,209100,,,-4.5983,hfq
2020-11-02,102.660,104.400,100.920,102.120,102158,,,-1.1614,hfq
2020-11-03,102.540,103.800,101.520,103.260,69968,,,1.1163,hfq
2020-11-04,103.320,103.740,102.060,102.600,59532,,,-0.6392,hfq
2020-11-05,103.380,105.360,102.060,104.700,114470,,,2.0468,hfq
2020-11-06,105.000,105.060,103.020,103.440,89010,,,-1.2034,hfq
2020-11-09,103.740,108.180,103.740,107.460,209564,,,3.8863,hfq
2020-11-10,107.460,109.320,104.940,107.580,189838,,,0.1117,hfq
2020-11-11,107.160,107.940,104.760,104.820,113698,,,-2.5655,hfq
2020-11-12,105.360,106.200,103.560,104.160,65846,,,-0.6297,hfq
2020-11-13,103.380,105.000,102.480,104.040,51272,,,-0.1152,hfq
2020-11-16,104.040,104.760,102.960,103.560,56720,,,-0.4614,hfq
2020-11-17,103.560,103.560,101.340,102.060,84772,,,-1.4484,hfq
2020-11-18,102.660,102.780,101.580,102.180,50097,,,0.1176,hfq
2020-11-19,101.640,102.600,100.980,102.540,51827,,,0.3523,hfq
2020-11-20,103.440,105.720,103.080,104.700,107645,,,2.1065,hfq
2020-11-23,104.340,104.340,102.060,102.840,84105,,,-1.7765,hfq
2020-11-24,103.500,104.220,102.420,102.660,60821,,,-0.1750,hfq
2020-11-25,102.720,103.560,102.060,102.240,47414,,,-0.4091,hfq
2020-11-26,102.540,102.540,101.340,101.640,48146,,,-0.5869,hfq
2020-11-27,101.700,102.180,101.220,101.880,37609,,,0.2361,hfq
2020-11-30,102.000,102.540,101.340,101.880,51560,,,0.0000,hfq
2020-12-01,101.820,102.480,101.520,102.420,54334,,,0.5300,hfq
2020-12-02,103.500,104.460,103.200,103.620,93713,,,1.1716,hfq
2020-12-03,103.740,104.160,102.660,103.260,59727,,,-0.3474,hfq
2020-12-04,103.200,103.200,102.360,102.420,51324,,,-0.8135,hfq
2020-12-07,102.480,102.780,101.760,101.880,43150,,,-0.5272,hfq
2020-12-08,101.820,102.300,101.580,102.300,40640,,,0.4122,hfq
2020-12-09,102.840,106.800,102.780,104.340,292183,,,1.9941,hfq
2020-12-10,103.020,103.020,100.260,100.860,219131,,,-3.3353,hfq
2020-12-11,100.260,100.800,97.320,98.220,137216,,,-2.6175,hfq
2020-12-14,98.220,98.220,95.880,96.540,82699,,,-1.7104,hfq
2020-12-15,96.360,96.480,95.160,95.760,66131,,,-0.8080,hfq
2020-12-16,96.120,96.960,95.580,96.120,51930,,,0.3759,hfq
2020-12-17,95.940,96.060,90.600,93.660,149731,,,-2.5593,hfq
2020-12-18,93.900,93.900,91.620,91.920,77237,,,-1.8578,hfq
2020-12-21,91.860,93.060,90.360,92.220,60075,,,0.3264,hfq
2020-12-22,91.020,92.040,90.060,90.360,74146,,,-2.0169,hfq
2020-12-23,90.120,90.660,86.340,87.840,147628,,,-2.7888,hfq
2020-12-24,88.260,90.300,87.480,87.960,85160,,,0.1366,hfq
2020-12-25,87.180,87.240,85.320,85.680,92362,,,-2.5921,hfq
2020-12-28,85.680,85.680,82.920,82.980,107808,,,-3.1513,hfq
2020-12-29,82.260,85.500,81.720,84.180,110882,,,1.4461,hfq
2020-12-30,83.700,84.480,83.160,84.300,69320,,,0.1426,hfq
2020-12-31,84.420,86.280,84.420,85.380,82208,,,1.2811,hfq
2021-01-04,85.560,86.160,84.840,85.980,83504,,,0.7027,hfq
2021-01-05,85.560,89.760,85.140,88.380,152285,,,2.7913,hfq
2021-01-06,88.380,88.620,86.220,86.460,90318,,,-2.1724,hfq
2021-01-07,85.860,86.400,82.860,83.580,104211,,,-3.3310,hfq
2021-01-08,83.580,84.720,82.260,84.240,74216,,,0.7897,hfq
2021-01-11,84.480,86.580,83.220,83.580,96635,,,-0.7835,hfq
2021-01-12,83.520,84.600,82.140,84.420,72423,,,1.0050,hfq
2021-01-13,84.480,85.500,83.340,83.520,81827,,,-1.0661,hfq
2021-01-14,83.520,86.280,82.860,85.380,125420,,,2.2270,hfq
2021-01-15,85.560,88.020,84.660,87.660,161683,,,2.6704,hfq
2021-01-18,87.660,88.380,86.460,87.660,117890,,,0.0000,hfq
2021-01-19,87.900,87.960,85.860,85.920,100030,,,-1.9849,hfq
2021-01-20,85.860,85.860,84.060,84.360,100363,,,-1.8156,hfq
2021-01-21,84.300,85.080,83.580,84.360,93064,,,0.0000,hfq
2021-01-22,83.940,84.540,81.960,82.140,136988,,,-2.6316,hfq
2021-01-25,81.660,81.660,77.820,78.000,169441,,,-5.0402,hfq
2021-01-26,78.000,78.000,72.660,73.140,191528,,,-6.2308,hfq
2021-01-27,72.480,76.560,72.120,74.160,136221,,,1.3946,hfq
2021-01-28,73.260,75.180,73.140,73.440,95536,,,-0.9709,hfq
2021-01-29,74.040,80.280,73.860,80.280,409331,,,9.3137,hfq
2021-02-01,80.280,82.020,77.640,78.600,356435,,,-2.0927,hfq
2021-02-02,78.600,79.200,75.660,77.460,205720,,,-1.4504,hfq
2021-02-03,76.920,78.540,74.460,75.060,169520,,,-3.0984,hfq
2021-02-04,74.520,76.200,72.180,72.840,128673,,,-2.9576,hfq
2021-02-05,73.140,78.000,70.920,74.580,187162,,,2.3888,hfq
2021-02-08,74.100,74.580,72.360,72.960,106865,,,-2.1722,hfq
2021-02-09,72.660,74.820,72.480,73.920,88405,,,1.3158,hfq
2021-02-10,73.740,80.820,73.200,80.820,385858,,,9.3344,hfq
2021-02-18,80.820,84.480,79.860,83.460,389518,,,3.2665,hfq
2021-02-19,85.200,91.320,84.480,91.320,495493,,,9.4177,hfq
2021-02-22,92.820,97.080,89.220,90.840,483955,,,-0.5256,hfq
2021-02-23,90.120,98.940,89.100,96.000,450691,,,5.6803,hfq
2021-02-24,94.140,102.000,94.140,100.260,525037,,,4.4375,hfq
2021-02-25,99.660,101.400,96.360,100.440,335681,,,0.1795,hfq
2021-02-26,97.860,99.960,93.660,97.560,257323,,,-2.8674,hfq
2021-03-01,96.060,100.560,95.520,97.620,247980,,,0.0615,hfq
2021-03-02,96.780,99.900,95.820,98.340,224400,,,0.7376,hfq
2021-03-03,97.260,102.960,96.480,100.860,307353,,,2.5625,hfq
2021-03-04,99.840,101.400,95.940,96.540,226542,,,-4.2832,hfq
2021-03-05,95.160,99.600,93.720,97.260,164758,,,0.7458,hfq
2021-03-08,98.280,102.060,96.660,97.140,174565,,,-0.1234,hfq
2021-03-09,98.160,99.300,92.940,95.640,181308,,,-1.5442,hfq
2021-03-10,96.660,97.440,92.700,93.300,155531,,,-2.4467,hfq
2021-03-11,92.580,96.600,92.460,95.100,140794,,,1.9293,hfq
2021-03-12,95.040,96.360,93.780,94.680,113821,,,-0.4416,hfq
2021-03-15,94.800,96.000,93.060,95.220,101490,,,0.5703,hfq
2021-03-16,94.740,96.420,88.860,89.940,208293,,,-5.5451,hfq
2021-03-17,89.940,92.820,89.100,91.440,126509,,,1.6678,hfq
2021-03-18,91.260,92.100,90.300,91.020,78919,,,-0.4593,hfq
2021-03-19,90.540,91.140,89.160,90.060,69677,,,-1.0547,hfq
2021-03-22,89.580,91.140,89.520,90.000,52677,,,-0.0666,hfq
2021-03-23,89.580,91.800,88.140,90.300,99882,,,0.3333,hfq
2021-03-24,90.420,90.600,87.900,88.080,70388,,,-2.4585,hfq
2021-03-25,87.540,88.860,87.540,88.860,46801,,,0.8856,hfq
2021-03-26,88.860,91.080,88.860,90.660,80267,,,2.0257,hfq
2021-03-29,90.780,91.860,90.720,91.200,71193,,,0.5956,hfq
2021-03-30,91.320,91.740,90.120,90.480,55794,,,-0.7895,hfq
2021-03-31,90.180,90.600,89.340,90.060,36782,,,-0.4642,hfq
2021-04-01,90.300,91.200,89.880,90.420,40192,,,0.3997,hfq
2021-04-02,90.240,90.780,90.060,90.600,39848,,,0.1991,hfq
2021-04-06,90.600,98.940,90.600,98.220,230917,,,8.4106,hfq
2021-04-07,97.800,99.780,96.900,98.520,166412,,,0.3054,hfq
2021-04-08,98.160,98.940,95.220,95.460,99448,,,-3.1060,hfq
2021-04-09,95.700,97.320,94.560,94.920,71416,,,-0.5657,hfq
2021-04-12,94.920,96.000,93.000,93.660,65785,,,-1.3274,hfq
2021-04-13,93.540,97.620,93.540,95.220,96549,,,1.6656,hfq
2021-04-14,94.920,95.760,93.840,95.220,56284,,,0.0000,hfq
2021-04-15,95.760,95.760,92.340,92.700,65093,,,-2.6465,hfq
2021-04-16,92.760,94.020,92.220,93.360,43115,,,0.7120,hfq
2021-04-19,93.420,97.620,93.420,96.480,120252,,,3.3419,hfq
2021-04-20,96.360,96.720,95.340,95.760,52612,,,-0.7463,hfq
2021-04-21,95.820,96.000,94.140,94.560,42391,,,-1.2531,hfq
2021-04-22,94.800,98.820,94.560,97.920,149048,,,3.5533,hfq
2021-04-23,97.260,97.920,95.880,96.420,73761,,,-1.5319,hfq
2021-04-26,97.020,97.560,95.340,95.580,66743,,,-0.8712,hfq
2021-04-27,95.580,96.780,93.480,96.540,77616,,,1.0044,hfq
2021-04-28,100.140,101.280,97.920,98.160,173985,,,1.6781,hfq
2021-04-29,98.220,99.600,96.780,96.960,100044,,,-1.2225,hfq
2021-04-30,96.540,100.860,95.940,99.780,150360,,,2.9084,hfq
2021-05-06,100.320,105.480,100.320,104.640,242362,,,4.8707,hfq
2021-05-07,104.640,106.020,103.560,104.400,165124,,,-0.2294,hfq
2021-05-10,104.400,108.540,102.120,106.380,197729,,,1.8966,hfq
2021-05-11,106.380,108.600,105.660,107.040,156243,,,0.6204,hfq
2021-05-12,107.160,107.580,102.540,103.920,160750,,,-2.9148,hfq
2021-05-13,103.140,104.700,102.720,104.040,84641,,,0.1155,hfq
2021-05-14,104.460,104.640,100.140,100.620,158475,,,-3.2872,hfq
2021-05-17,100.620,101.940,99.900,100.860,90606,,,0.2385,hfq
2021-05-18,100.860,101.280,96.420,97.620,150157,,,-3.2124,hfq
2021-05-19,97.680,98.760,95.220,95.340,141344,,,-2.3356,hfq
2021-05-20,94.740,95.520,93.060,93.360,119537,,,-2.0768,hfq
2021-05-21,94.020,96.120,93.600,93.660,101074,,,0.3213,hfq
2021-05-24,93.840,99.600,93.840,97.860,205179,,,4.4843,hfq
2021-05-25,99.120,101.400,97.500,100.920,215840,,,3.1269,hfq
2021-05-26,101.580,101.580,98.820,99.120,119914,,,-1.7836,hfq
2021-05-27,99.120,101.100,98.640,99.660,103323,,,0.5448,hfq
2021-05-28,99.660,101.580,97.680,98.520,134270,,,-1.1439,hfq
2021-05-31,98.700,100.680,96.660,99.360,131318,,,0.8526,hfq
2021-06-01,99.240,100.140,98.280,99.720,78711,,,0.3623,hfq
2021-06-02,99.660,99.960,96.660,96.720,108200,,,-3.0084,hfq
2021-06-03,97.020,97.380,95.220,95.340,101409,,,-1.4268,hfq
2021-06-04,95.340,95.940,94.740,95.400,62320,,,0.0629,hfq
2021-06-07,95.400,96.600,95.400,96.300,47471,,,0.9434,hfq
2021-06-08,96.300,96.840,95.460,96.060,43956,,,-0.2492,hfq
2021-06-09,95.580,96.240,89.040,91.380,219734,,,-4.8720,hfq
2021-06-10,90.660,91.200,88.620,90.960,112381,,,-0.4596,hfq
2021-06-11,91.920,91.920,89.580,89.640,98277,,,-1.4512,hfq
2021-06-15,89.760,90.240,87.480,87.780,93614,,,-2.0750,hfq
2021-06-16,87.780,87.780,85.080,85.380,110583,,,-2.7341,hfq
2021-06-17,85.140,87.840,85.080,87.660,89432,,,2.6704,hfq
2021-06-18,88.020,90.600,87.240,89.760,114645,,,2.3956,hfq
2021-06-21,90.060,90.060,88.140,89.280,60037,,,-0.5348,hfq
2021-06-22,89.280,89.940,88.080,88.860,53875,,,-0.4704,hfq
2021-06-23,88.560,91.140,87.660,90.780,89532,,,2.1607,hfq
2021-06-24,91.440,91.440,88.620,89.400,82228,,,-1.5202,hfq
2021-06-25,89.340,89.640,88.320,89.040,53701,,,-0.4027,hfq
2021-06-28,89.160,90.660,89.160,89.760,70114,,,0.8086,hfq
2021-06-29,89.760,90.060,87.780,88.080,60413,,,-1.8717,hfq
2021-06-30,88.200,88.740,86.040,87.300,66512,,,-0.8856,hfq
2021-07-01,87.300,88.080,86.220,86.340,57513,,,-1.0997,hfq
2021-07-02,86.520,86.640,85.560,85.800,43083,,,-0.6254,hfq
2021-07-05,85.500,86.820,85.320,86.040,48204,,,0.2797,hfq
2021-07-06,86.040,87.540,85.260,86.760,50348,,,0.8368,hfq
2021-07-07,86.340,87.120,85.680,86.880,46793,,,0.1383,hfq
2021-07-08,92.040,94.980,91.140,91.380,221121,,,5.1796,hfq
2021-07-09,89.760,93.060,88.500,91.260,131645,,,-0.1313,hfq
2021-07-12,91.800,91.860,90.420,91.080,91707,,,-0.1972,hfq
2021-07-13,90.720,91.260,89.100,90.060,72020,,,-1.1199,hfq
2021-07-14,90.060,91.020,89.520,90.120,67498,,,0.0666,hfq
2021-07-15,90.780,91.860,89.040,89.700,73469,,,-0.4660,hfq
2021-07-16,89.520,89.880,87.660,88.680,78411,,,-1.1371,hfq
2021-07-19,88.740,91.080,87.180,90.540,102428,,,2.0974,hfq
2021-07-20,89.580,90.660,88.920,89.940,57515,,,-0.6627,hfq
2021-07-21,89.940,90.660,89.340,89.640,52603,,,-0.3336,hfq
2021-07-22,89.640,90.480,88.980,89.280,63814,,,-0.4016,hfq
2021-07-23,88.980,89.580,86.580,86.760,86900,,,-2.8226,hfq
2021-07-26,87.060,87.300,85.200,85.980,61362,,,-0.8990,hfq
2021-07-27,85.440,87.480,85.440,86.460,66427,,,0.5583,hfq
2021-07-28,86.460,86.580,81.660,83.520,71691,,,-3.4004,hfq
2021-07-29,84.420,84.840,83.580,83.820,50388,,,0.3592,hfq
2021-07-30,84.060,84.540,82.260,82.920,54393,,,-1.0737,hfq
2021-08-02,82.920,84.600,82.080,84.600,71488,,,2.0260,hfq
2021-08-03,84.960,85.020,83.460,84.060,61728,,,-0.6383,hfq
2021-08-04,83.520,84.840,83.520,84.360,48021,,,0.3569,hfq
2021-08-05,84.960,84.960,83.220,83.400,56204,,,-1.1380,hfq
2021-08-06,82.980,83.280,81.840,82.860,55764,,,-0.6475,hfq
2021-08-09,82.860,84.960,82.620,84.600,60614,,,2.0999,hfq
2021-08-10,84.900,86.160,84.240,85.980,70347,,,1.6312,hfq
2021-08-11,86.820,86.820,85.140,86.100,68788,,,0.1396,hfq
2021-08-12,85.980,88.980,85.560,87.480,86936,,,1.6028,hfq
2021-08-13,88.260,90.900,87.360,89.280,129278,,,2.0576,hfq
2021-08-16,88.920,92.220,88.560,92.220,202171,,,3.2930,hfq
2021-08-17,92.280,92.640,87.960,88.740,146717,,,-3.7736,hfq
2021-08-18,88.740,88.740,85.140,85.560,122532,,,-3.5835,hfq
2021-08-19,85.080,86.220,84.060,84.360,77471,,,-1.4025,hfq
2021-08-20,84.060,85.140,83.340,84.660,59211,,,0.3556,hfq
2021-08-23,84.840,85.080,84.120,84.900,77256,,,0.2835,hfq
2021-08-24,84.960,84.960,83.880,84.180,59419,,,-0.8481,hfq
2021-08-25,84.180,84.600,84.060,84.360,45885,,,0.2138,hfq
2021-08-26,84.240,84.240,82.860,82.860,71400,,,-1.7781,hfq
2021-08-27,82.560,84.360,82.020,83.700,65353,,,1.0138,hfq
2021-08-30,84.060,84.300,83.220,83.280,53438,,,-0.5018,hfq
2021-08-31,82.740,83.220,81.720,82.320,52670,,,-1.1527,hfq
2021-09-01,81.960,82.200,78.900,80.280,109719,,,-2.4781,hfq
2021-09-02,80.160,80.760,79.440,80.580,45500,,,0.3737,hfq
2021-09-03,80.760,81.360,80.160,80.700,50368,,,0.1489,hfq
2021-09-06,80.700,82.260,80.220,82.200,69894,,,1.8587,hfq
2021-09-07,83.340,83.340,81.720,82.260,52931,,,0.0730,hfq
2021-09-08,82.080,82.740,81.720,82.740,63333,,,0.5835,hfq
2021-09-09,82.740,83.340,82.260,82.560,48593,,,-0.2175,hfq
2021-09-10,82.620,82.680,81.720,82.380,53513,,,-0.2180,hfq
2021-09-13,81.660,82.200,81.300,81.780,45271,,,-0.7283,hfq
2021-09-14,81.720,82.020,80.040,80.340,59128,,,-1.7608,hfq
2021-09-15,80.400,81.720,79.860,81.240,47867,,,1.1202,hfq
2021-09-16,81.480,81.540,80.220,80.340,47480,,,-1.1078,hfq
2021-09-17,80.040,80.460,78.960,79.620,42733,,,-0.8962,hfq
2021-09-22,79.260,80.100,78.960,79.260,30522,,,-0.4521,hfq
2021-09-23,79.320,80.040,79.320,79.980,31835,,,0.9084,hfq
2021-09-24,80.100,80.460,79.380,79.860,30430,,,-0.1500,hfq
2021-09-27,79.860,79.920,77.460,77.700,61263,,,-2.7047,hfq
2021-09-28,77.700,77.760,76.560,76.980,32438,,,-0.9266,hfq
2021-09-29,76.500,76.680,74.460,74.460,52316,,,-3.2736,hfq
2021-09-30,74.820,75.360,74.700,75.000,22539,,,0.7252,hfq
2021-10-08,75.120,78.060,75.120,77.340,45421,,,3.1200,hfq
2021-10-11,77.700,80.040,76.920,79.440,69085,,,2.7153,hfq
2021-10-12,79.200,79.260,77.040,77.700,45652,,,-2.1903,hfq
2021-10-13,77.640,78.000,76.860,77.880,24970,,,0.2317,hfq
2021-10-14,77.940,78.360,77.340,77.940,17982,,,0.0770,hfq
2021-10-15,77.940,78.360,77.220,77.460,22011,,,-0.6159,hfq
2021-10-18,77.580,78.180,76.380,77.400,34167,,,-0.0775,hfq
2021-10-19,77.460,77.700,76.920,77.280,22059,,,-0.1550,hfq
2021-10-20,76.860,77.280,75.960,76.080,32741,,,-1.5528,hfq
2021-10-21,76.200,76.560,75.240,75.360,28846,,,-0.9464,hfq
2021-10-22,75.600,76.500,75.360,75.660,29547,,,0.3981,hfq
2021-10-25,75.840,76.500,74.940,75.900,38182,,,0.3172,hfq
2021-10-26,76.260,79.140,75.900,78.600,93557,,,3.5573,hfq
2021-10-27,78.360,78.420,75.780,75.960,66342,,,-3.3588,hfq
2021-10-28,75.360,75.780,74.640,75.060,36912,,,-1.1848,hfq
2021-10-29,72.960,74.580,72.960,73.860,55755,,,-1.5987,hfq
2021-11-01,73.860,75.540,73.860,74.160,51842,,,0.4062,hfq
2021-11-02,74.280,74.880,72.480,72.900,50838,,,-1.6990,hfq
2021-11-03,72.660,73.500,72.600,72.960,31852,,,0.0823,hfq
2021-11-04,72.720,74.040,72.720,73.500,39300,,,0.7401,hfq
2021-11-05,73.800,80.220,73.680,80.220,181804,,,9.1429,hfq
2021-11-08,80.220,80.760,78.120,78.660,223729,,,-1.9447,hfq
2021-11-09,78.480,79.680,78.120,78.780,91567,,,0.1526,hfq
2021-11-10,78.960,79.380,77.520,78.420,76543,,,-0.4570,hfq
2021-11-11,78.480,79.200,77.820,78.900,72846,,,0.6121,hfq
2021-11-12,78.660,79.440,78.000,78.900,72209,,,0.0000,hfq
2021-11-15,79.800,82.500,78.780,82.200,192134,,,4.1825,hfq
2021-11-16,82.020,82.020,80.040,80.640,104228,,,-1.8978,hfq
2021-11-17,80.280,80.820,79.740,80.700,65069,,,0.0744,hfq
2021-11-18,80.700,81.300,78.720,78.780,88874,,,-2.3792,hfq
2021-11-19,78.480,81.360,78.360,80.040,87217,,,1.5994,hfq
2021-11-22,79.140,80.940,79.020,80.220,71757,,,0.2249,hfq
2021-11-23,80.220,80.220,79.140,79.260,54346,,,-1.1967,hfq
2021-11-24,79.320,80.220,78.780,79.500,50601,,,0.3028,hfq
2021-11-25,79.140,79.500,78.660,78.780,43114,,,-0.9057,hfq
2021-11-26,78.360,78.720,76.740,77.940,66483,,,-1.0663,hfq
2021-11-29,76.440,77.160,76.260,76.500,47241,,,-1.8476,hfq
2021-11-30,76.680,77.880,76.680,77.340,39749,,,1.0980,hfq
2021-12-01,77.820,77.820,76.980,77.640,33854,,,0.3879,hfq
2021-12-02,77.640,77.700,76.500,76.560,38592,,,-1.3910,hfq
2021-12-03,76.680,77.400,76.380,76.740,28846,,,0.2351,hfq
2021-12-06,76.680,76.740,75.360,75.480,44484,,,-1.6419,hfq
2021-12-07,75.780,76.500,74.760,74.940,38953,,,-0.7154,hfq
2021-12-08,75.000,76.680,75.000,76.680,44655,,,2.3219,hfq
2021-12-09,76.920,76.920,76.320,76.680,43549,,,0.0000,hfq
2021-12-10,76.320,78.480,76.260,76.980,59443,,,0.3912,hfq
2021-12-13,77.160,80.880,76.200,79.500,104649,,,3.2736,hfq
2021-12-14,78.960,79.980,78.420,79.200,87415,,,-0.3774,hfq
2021-12-15,79.500,79.620,77.940,78.060,70410,,,-1.4394,hfq
2021-12-16,78.180,79.140,78.060,78.660,48254,,,0.7686,hfq
2021-12-17,78.660,78.660,77.100,77.160,58411,,,-1.9069,hfq
2021-12-20,77.100,77.220,75.660,75.780,47439,,,-1.7885,hfq
2021-12-21,75.660,76.920,75.360,76.680,31440,,,1.1876,hfq
2021-12-22,77.220,78.660,76.440,78.540,76173,,,2.4257,hfq
2021-12-23,78.480,78.600,76.680,77.880,62643,,,-0.8403,hfq
2021-12-24,78.180,78.180,76.620,76.740,35788,,,-1.4638,hfq
2021-12-27,76.740,77.820,76.260,76.980,32443,,,0.3127,hfq
2021-12-28,77.160,77.460,76.800,77.100,25189,,,0.1559,hfq
2021-12-29,77.280,77.340,76.140,76.260,32915,,,-1.0895,hfq
2021-12-30,76.260,77.100,76.080,76.140,42911,,,-0.1574,hfq
2021-12-31,76.260,76.560,75.960,76.380,27846,,,0.3152,hfq
2022-01-04,76.440,78.420,76.440,78.120,62374,,,2.2781,hfq
2022-01-05,78.000,78.360,76.980,77.460,49069,,,-0.8449,hfq
2022-01-06,77.040,78.660,76.680,78.540,79923,,,1.3943,hfq
2022-01-07,78.600,78.900,77.220,77.280,53942,,,-1.6043,hfq
2022-01-10,77.280,78.240,76.320,78.060,49132,,,1.0093,hfq
2022-01-11,77.700,78.420,77.280,77.280,42138,,,-0.9992,hfq
2022-01-12,77.520,77.940,77.340,77.760,29794,,,0.6211,hfq
2022-01-13,78.360,83.040,77.640,79.920,198524,,,2.7778,hfq
2022-01-14,79.140,79.860,78.240,79.440,126394,,,-0.6006,hfq
2022-01-17,79.140,80.460,78.960,80.220,97392,,,0.9819,hfq
2022-01-18,80.520,80.700,78.660,78.720,77577,,,-1.8699,hfq
2022-01-19,78.420,79.200,77.940,79.200,53641,,,0.6098,hfq
2022-01-20,78.960,79.020,76.440,76.500,77904,,,-3.4091,hfq
2022-01-21,76.260,76.800,75.120,75.420,44676,,,-1.4118,hfq
2022-01-24,75.120,76.020,74.880,75.600,23926,,,0.2387,hfq
2022-01-25,75.180,75.540,73.020,73.080,46431,,,-3.3333,hfq
2022-01-26,73.320,73.980,72.720,73.140,27712,,,0.0821,hfq
2022-01-27,73.560,73.560,70.080,70.260,49190,,,-3.9377,hfq
2022-01-28,70.500,71.580,69.300,70.620,33835,,,0.5124,hfq
2022-02-07,71.520,75.780,71.460,73.860,68215,,,4.5879,hfq
2022-02-08,73.860,74.280,72.960,74.160,27894,,,0.4062,hfq
2022-02-09,74.220,74.640,73.620,74.160,25648,,,0.0000,hfq
2022-02-10,74.220,75.300,73.140,73.440,26702,,,-0.9709,hfq
2022-02-11,73.380,73.380,72.120,72.120,30740,,,-1.7974,hfq
2022-02-14,71.940,72.660,71.400,71.880,18795,,,-0.3328,hfq
2022-02-15,71.880,72.420,71.520,72.180,18953,,,0.4174,hfq
2022-02-16,72.300,73.500,72.300,72.840,24033,,,0.9144,hfq
2022-02-17,72.960,72.960,72.180,72.240,22322,,,-0.8237,hfq
2022-02-18,71.760,73.440,71.640,72.660,23431,,,0.5814,hfq
2022-02-21,72.360,73.200,72.120,73.140,27410,,,0.6606,hfq
2022-02-22,73.020,73.020,71.640,71.820,33167,,,-1.8048,hfq
2022-02-23,72.000,72.600,71.880,72.540,24844,,,1.0025,hfq
2022-02-24,72.480,72.720,70.020,70.740,61900,,,-2.4814,hfq
2022-02-25,71.220,72.720,70.980,71.460,34091,,,1.0178,hfq
2022-02-28,71.760,72.360,70.560,72.000,29227,,,0.7557,hfq
2022-03-01,72.360,72.480,71.460,72.240,26813,,,0.3333,hfq
2022-03-02,71.940,71.940,71.520,71.640,18341,,,-0.8306,hfq
2022-03-03,71.700,72.120,71.280,71.340,17310,,,-0.4188,hfq
2022-03-04,71.160,71.940,70.680,70.680,28642,,,-0.9251,hfq
2022-03-07,70.620,70.620,68.460,68.820,39546,,,-2.6316,hfq
2022-03-08,68.760,69.480,66.060,66.720,43290,,,-3.0514,hfq
2022-03-09,66.660,67.140,60.720,63.540,146802,,,-4.7662,hfq
2022-03-10,64.260,65.160,62.880,63.000,81862,,,-0.8499,hfq
2022-03-11,62.760,63.840,60.660,63.600,51140,,,0.9524,hfq
2022-03-14,63.240,63.720,61.500,61.500,37515,,,-3.3019,hfq
2022-03-15,61.260,61.680,58.200,58.440,67098,,,-4.9756,hfq
2022-03-16,59.280,60.000,57.240,60.000,62270,,,2.6694,hfq
2022-03-17,60.540,61.560,60.420,60.480,48501,,,0.8000,hfq
2022-03-18,60.540,60.900,60.060,60.660,24944,,,0.2976,hfq
2022-03-21,60.780,61.260,60.120,60.840,29466,,,0.2967,hfq
2022-03-22,60.780,61.080,60.060,60.600,29522,,,-0.3945,hfq
2022-03-23,60.600,60.960,60.000,60.780,25762,,,0.2970,hfq
2022-03-24,60.660,60.660,59.340,59.400,38648,,,-2.2705,hfq
2022-03-25,59.520,60.720,59.160,59.160,40394,,,-0.4040,hfq
2022-03-28,58.740,60.420,58.020,59.700,42696,,,0.9128,hfq
2022-03-29,59.820,59.820,58.500,58.680,29784,,,-1.7085,hfq
2022-03-30,58.800,59.520,58.740,59.520,26946,,,1.4315,hfq
2022-03-31,59.280,59.760,58.800,58.920,26414,,,-1.0081,hfq
2022-04-01,58.800,58.800,57.720,58.740,26484,,,-0.3055,hfq
2022-04-06,58.680,59.340,58.500,59.040,18875,,,0.5107,hfq
2022-04-07,59.400,59.400,58.020,58.080,26485,,,-1.6260,hfq
2022-04-08,57.840,58.500,56.340,56.880,35300,,,-2.0661,hfq
2022-04-11,56.340,56.880,54.540,54.720,37676,,,-3.7975,hfq
2022-04-12,54.420,55.920,54.360,55.860,30566,,,2.0833,hfq
2022-04-13,55.740,56.340,55.020,55.320,26254,,,-0.9667,hfq
2022-04-14,55.560,56.160,55.380,55.800,18174,,,0.8677,hfq
2022-04-15,55.380,55.500,54.780,55.260,18654,,,-0.9677,hfq
2022-04-18,54.900,56.280,54.360,55.920,27145,,,1.1944,hfq
2022-04-19,55.920,56.340,55.440,55.800,18042,,,-0.2146,hfq
2022-04-20,55.980,56.460,55.440,55.560,28136,,,-0.4301,hfq
2022-04-21,55.500,55.800,54.060,54.360,33906,,,-2.1598,hfq
2022-04-22,54.180,54.600,52.260,53.940,44344,,,-0.7726,hfq
2022-04-25,52.980,53.340,49.200,49.380,66208,,,-8.4538,hfq
2022-04-26,49.380,50.100,47.820,49.080,58256,,,-0.6075,hfq
2022-04-27,47.580,49.380,46.920,49.140,52222,,,0.1222,hfq
2022-04-28,48.780,49.140,47.460,47.700,37626,,,-2.9304,hfq
2022-04-29,48.180,50.700,48.120,50.160,56515,,,5.1572,hfq
2022-05-05,50.520,50.940,49.620,50.520,31537,,,0.7177,hfq
2022-05-06,50.040,50.580,49.080,50.220,26302,,,-0.5938,hfq
2022-05-09,49.860,50.940,49.860,50.400,19578,,,0.3584,hfq
2022-05-10,50.100,50.940,49.920,50.880,24249,,,0.9524,hfq
2022-05-11,51.360,52.560,51.300,51.420,48039,,,1.0613,hfq
2022-05-12,51.120,51.960,51.060,51.840,27864,,,0.8168,hfq
2022-05-13,51.840,52.740,51.720,52.320,28082,,,0.9259,hfq
2022-05-16,52.380,52.980,52.380,52.740,31817,,,0.8028,hfq
2022-05-17,52.560,52.920,52.140,52.860,25311,,,0.2275,hfq
2022-05-18,52.920,55.380,52.920,53.580,73594,,,1.3621,hfq
2022-05-19,52.200,53.280,52.080,53.160,37117,,,-0.7839,hfq
2022-05-20,53.220,54.240,53.220,54.180,35838,,,1.9187,hfq
2022-05-23,54.480,54.900,53.760,54.720,36042,,,0.9967,hfq
2022-05-24,54.840,55.020,52.620,52.740,46283,,,-3.6184,hfq
2022-05-25,52.740,53.220,52.320,53.220,26607,,,0.9101,hfq
2022-05-26,53.400,54.660,52.200,54.000,46385,,,1.4656,hfq
2022-05-27,54.780,58.800,54.660,58.800,89025,,,8.8889,hfq
2022-05-30,60.540,63.780,58.920,59.820,305578,,,1.7347,hfq
2022-05-31,58.200,62.700,57.240,61.200,270246,,,2.3069,hfq
2022-06-01,59.880,60.720,59.160,59.760,151998,,,-2.3529,hfq
2022-06-02,59.520,60.180,58.560,58.560,102370,,,-2.0080,hfq
2022-06-06,58.620,59.280,58.260,58.920,87131,,,0.6148,hfq
2022-06-07,58.740,58.920,57.540,58.500,78998,,,-0.7128,hfq
2022-06-08,58.260,58.500,56.700,57.840,74394,,,-1.1282,hfq
2022-06-09,57.840,57.840,56.400,56.640,56279,,,-2.0747,hfq
2022-06-10,56.460,57.600,56.100,57.420,44204,,,1.3771,hfq
2022-06-13,57.420,58.680,57.060,58.380,58531,,,1.6719,hfq
2022-06-14,57.480,57.840,56.220,57.720,52974,,,-1.1305,hfq
2022-06-15,57.720,58.740,57.720,57.840,63560,,,0.2079,hfq
2022-06-16,57.840,59.160,57.540,58.740,68716,,,1.5560,hfq
2022-06-17,58.440,58.920,57.420,58.080,51298,,,-1.1236,hfq
2022-06-20,58.020,58.680,57.960,58.260,45872,,,0.3099,hfq
2022-06-21,58.320,58.680,57.480,57.960,58336,,,-0.5149,hfq
2022-06-22,57.960,58.140,56.340,56.340,55150,,,-2.7950,hfq
2022-06-23,56.460,57.840,56.400,57.780,47435,,,2.5559,hfq
2022-06-24,58.320,58.380,57.600,57.960,38680,,,0.3115,hfq
2022-06-27,58.080,58.620,57.660,58.020,36172,,,0.1035,hfq
2022-06-28,58.560,60.660,58.500,59.940,122316,,,3.3092,hfq
2022-06-29,59.640,60.300,58.140,58.320,77947,,,-2.7027,hfq
2022-06-30,58.140,58.980,57.840,57.900,43564,,,-0.7202,hfq
2022-07-01,57.960,58.380,57.780,58.140,28753,,,0.4145,hfq
2022-07-04,58.260,58.440,57.000,57.960,38152,,,-0.3096,hfq
2022-07-05,57.900,58.080,56.820,57.480,40775,,,-0.8282,hfq
2022-07-06,57.180,57.720,56.820,57.180,23211,,,-0.5219,hfq
2022-07-07,57.360,57.420,56.880,57.000,21565,,,-0.3148,hfq
2022-07-08,57.120,59.760,56.940,58.320,96347,,,2.3158,hfq
2022-07-11,58.440,58.440,56.520,56.820,59266,,,-2.5720,hfq
2022-07-12,57.060,57.180,55.620,55.740,45782,,,-1.9007,hfq
2022-07-13,55.560,56.100,55.560,55.920,21431,,,0.3229,hfq
2022-07-14,55.800,56.280,55.620,55.800,25113,,,-0.2146,hfq
2022-07-15,55.740,55.800,54.600,54.600,32572,,,-2.1505,hfq
2022-07-18,54.780,56.340,54.780,56.340,40246,,,3.1868,hfq
2022-07-19,56.340,56.940,56.340,56.940,35222,,,1.0650,hfq
2022-07-20,56.940,57.420,56.820,57.300,29729,,,0.6322,hfq
2022-07-21,57.180,58.320,56.940,57.660,51083,,,0.6283,hfq
2022-07-22,57.900,58.440,57.360,57.960,47184,,,0.5203,hfq
2022-07-25,57.900,58.500,56.940,57.300,30784,,,-1.1387,hfq
2022-07-26,57.060,57.840,56.700,57.720,29111,,,0.7330,hfq
2022-07-27,57.660,58.140,57.240,58.080,31579,,,0.6237,hfq
2022-07-28,58.200,59.460,58.200,58.800,58465,,,1.2397,hfq
2022-07-29,58.800,59.580,58.500,58.500,48632,,,-0.5102,hfq
2022-08-01,58.860,59.520,58.140,59.520,57447,,,1.7436,hfq
2022-08-02,58.680,58.920,57.060,57.480,72715,,,-3.4274,hfq
2022-08-03,57.720,58.860,57.060,57.120,46180,,,-0.6263,hfq
2022-08-04,57.480,58.080,56.760,57.540,38564,,,0.7353,hfq
2022-08-05,57.780,60.240,57.600,60.180,124276,,,4.5881,hfq
2022-08-08,60.180,60.180,58.980,59.580,62764,,,-0.9970,hfq
2022-08-09,59.340,61.380,58.860,60.660,107666,,,1.8127,hfq
2022-08-10,60.300,61.080,59.940,60.240,66572,,,-0.6924,hfq
2022-08-11,60.300,65.580,60.300,65.580,201683,,,8.8645,hfq
2022-08-12,68.040,71.400,67.380,71.400,338844,,,8.8747,hfq
2022-08-15,67.440,76.560,67.200,71.580,687313,,,0.2521,hfq
2022-08-16,69.480,75.840,68.940,73.740,602386,,,3.0176,hfq
2022-08-17,71.640,74.820,70.740,71.820,517560,,,-2.6037,hfq
2022-08-18,70.620,72.840,69.240,71.160,384295,,,-0.9190,hfq
2022-08-19,70.140,74.640,70.140,73.020,469679,,,2.6138,hfq
2022-08-22,71.940,79.620,70.860,79.620,384154,,,9.0386,hfq
2022-08-23,81.840,85.140,77.400,77.760,991193,,,-2.3361,hfq
2022-08-24,76.740,79.080,73.140,73.620,598285,,,-5.3241,hfq
2022-08-25,73.260,73.620,67.620,68.460,474014,,,-7.0090,hfq
2022-08-26,69.000,70.140,66.660,66.960,304899,,,-2.1911,hfq
2022-08-29,65.340,68.340,65.220,67.260,200423,,,0.4480,hfq
2022-08-30,67.860,69.360,66.600,68.520,236900,,,1.8733,hfq
2022-08-31,67.860,67.860,64.800,65.100,205373,,,-4.9912,hfq
2022-09-01,64.260,65.700,62.820,63.060,165269,,,-3.1336,hfq
2022-09-02,63.240,65.640,63.240,65.280,155596,,,3.5205,hfq
2022-09-05,65.280,66.420,64.200,65.580,111444,,,0.4596,hfq
2022-09-06,65.940,66.120,64.260,65.340,100612,,,-0.3660,hfq
2022-09-07,65.040,65.700,64.560,64.740,110566,,,-0.9183,hfq
2022-09-08,64.140,65.220,63.480,63.540,97035,,,-1.8536,hfq
2022-09-09,63.540,64.140,62.820,63.780,71667,,,0.3777,hfq
2022-09-13,63.540,65.100,63.540,63.960,74953,,,0.2822,hfq
2022-09-14,62.940,63.540,62.460,63.060,58465,,,-1.4071,hfq
2022-09-15,63.300,63.780,60.420,61.380,106270,,,-2.6641,hfq
2022-09-16,61.380,61.740,60.060,60.120,59640,,,-2.0528,hfq
2022-09-19,60.120,60.720,58.920,59.280,57737,,,-1.3972,hfq
2022-09-20,59.700,60.360,59.460,59.940,44693,,,1.1134,hfq
2022-09-21,59.880,60.060,58.740,59.880,47541,,,-0.1001,hfq
2022-09-22,59.340,60.360,58.860,58.860,54562,,,-1.7034,hfq
2022-09-23,58.860,59.160,56.640,57.060,70192,,,-3.0581,hfq
2022-09-26,57.240,57.300,56.040,56.160,50067,,,-1.5773,hfq
2022-09-27,56.220,57.180,56.220,57.120,45845,,,1.7094,hfq
2022-09-28,57.180,57.240,55.380,55.440,48134,,,-2.9412,hfq
2022-09-29,56.040,56.280,54.660,54.960,46220,,,-0.8658,hfq
2022-09-30,55.080,55.500,53.940,53.940,40126,,,-1.8559,hfq
2022-10-10,53.940,54.180,52.500,52.680,46493,,,-2.3359,hfq
2022-10-11,52.920,53.100,51.960,52.620,33798,,,-0.1139,hfq
2022-10-12,52.920,54.240,52.140,54.240,59880,,,3.0787,hfq
2022-10-13,54.300,55.080,54.000,54.420,57422,,,0.3319,hfq
2022-10-14,54.660,55.860,54.420,55.440,58717,,,1.8743,hfq
2022-10-17,55.680,56.580,55.380,56.340,62371,,,1.6234,hfq
2022-10-18,56.580,56.700,55.440,56.040,52905,,,-0.5325,hfq
2022-10-19,55.740,56.220,55.380,55.440,44646,,,-1.0707,hfq
2022-10-20,55.320,56.880,54.780,56.160,76081,,,1.2987,hfq
2022-10-21,56.760,56.940,55.260,55.740,54910,,,-0.7479,hfq
2022-10-24,55.980,57.000,54.960,55.260,61397,,,-0.8611,hfq
2022-10-25,55.080,55.320,54.000,54.660,46024,,,-1.0858,hfq
2022-10-26,55.740,57.420,55.740,56.760,120282,,,3.8419,hfq
2022-10-27,56.700,57.600,56.340,57.060,80400,,,0.5285,hfq
2022-10-28,57.060,57.060,54.180,54.480,93079,,,-4.5216,hfq
2022-10-31,54.300,56.220,54.060,55.680,58873,,,2.2026,hfq
2022-11-01,55.740,57.060,55.500,57.060,66204,,,2.4784,hfq
2022-11-02,59.160,62.040,57.840,62.040,115217,,,8.7277,hfq
2022-11-03,61.140,61.140,59.640,59.760,243767,,,-3.6750,hfq
2022-11-04,59.640,60.420,59.400,60.240,145891,,,0.8032,hfq
2022-11-07,60.540,61.800,60.060,61.380,168708,,,1.8924,hfq
2022-11-08,61.020,61.140,60.000,60.780,100074,,,-0.9775,hfq
2022-11-09,62.040,62.580,60.720,60.900,109414,,,0.1974,hfq
2022-11-10,60.240,60.840,59.940,60.240,89661,,,-1.0837,hfq
2022-11-11,60.900,61.620,60.000,60.060,94439,,,-0.2988,hfq
2022-11-14,60.060,60.420,59.460,59.760,61965,,,-0.4995,hfq
2022-11-15,59.700,60.900,59.340,60.840,92925,,,1.8072,hfq
2022-11-16,60.720,61.440,60.540,60.780,83843,,,-0.0986,hfq
2022-11-17,60.600,61.020,60.120,61.020,62310,,,0.3949,hfq
2022-11-18,60.960,62.100,60.420,60.540,87128,,,-0.7866,hfq
2022-11-21,60.120,60.660,59.700,60.480,51020,,,-0.0991,hfq
2022-11-22,60.480,60.720,59.100,59.460,69721,,,-1.6865,hfq
2022-11-23,59.340,59.760,57.780,58.680,59583,,,-1.3118,hfq
2022-11-24,58.680,59.460,58.440,59.220,40854,,,0.9202,hfq
2022-11-25,59.160,59.640,58.380,58.800,38540,,,-0.7092,hfq
2022-11-28,58.740,58.740,57.540,58.080,45455,,,-1.2245,hfq
2022-11-29,58.080,59.520,57.900,59.220,52082,,,1.9628,hfq
2022-11-30,59.340,60.120,58.740,59.460,57849,,,0.4053,hfq
2022-12-01,59.760,60.360,59.460,59.760,55944,,,0.5045,hfq
2022-12-02,60.240,60.300,59.760,60.180,50507,,,0.7028,hfq
2022-12-05,60.240,60.540,59.880,60.480,57713,,,0.4985,hfq
2022-12-06,60.480,60.720,60.120,60.420,43129,,,-0.0992,hfq
2022-12-07,60.420,60.420,59.700,60.000,40935,,,-0.6951,hfq
2022-12-08,59.820,59.880,59.100,59.280,38724,,,-1.2000,hfq
2022-12-09,59.340,60.060,59.340,59.520,38156,,,0.4049,hfq
2022-12-12,59.520,64.740,58.920,63.120,340901,,,6.0484,hfq
2022-12-13,62.880,63.420,61.380,61.860,269178,,,-1.9962,hfq
2022-12-14,62.160,62.940,61.500,61.920,131186,,,0.0970,hfq
2022-12-15,61.620,62.640,60.780,61.620,108396,,,-0.4845,hfq
2022-12-16,61.080,61.560,60.060,60.420,95789,,,-1.9474,hfq
2022-12-19,60.780,63.060,58.560,58.860,135076,,,-2.5819,hfq
2022-12-20,59.220,64.020,58.920,61.920,269234,,,5.1988,hfq
2022-12-21,61.200,65.760,61.200,64.680,384613,,,4.4574,hfq
2022-12-22,64.500,64.500,62.460,62.700,208389,,,-3.0612,hfq
2022-12-23,62.880,64.140,62.220,63.540,197871,,,1.3397,hfq
2022-12-26,63.000,63.300,61.380,63.060,138575,,,-0.7554,hfq
2022-12-27,62.940,63.060,61.200,62.100,128452,,,-1.5224,hfq
2022-12-28,61.440,61.740,60.000,60.420,129372,,,-2.7053,hfq
2022-12-29,59.880,61.380,59.400,60.660,75396,,,0.3972,hfq
2022-12-30,60.240,60.720,59.940,60.420,53680,,,-0.3956,hfq
2023-01-03,60.840,62.160,60.600,61.740,93276,,,2.1847,hfq
2023-01-04,61.860,62.580,60.480,60.840,106602,,,-1.4577,hfq
2023-01-05,61.140,66.240,60.480,64.080,361147,,,5.3254,hfq
2023-01-06,63.240,63.840,62.400,63.000,221161,,,-1.6854,hfq
2023-01-09,63.000,64.380,62.520,63.720,177535,,,1.1429,hfq
2023-01-10,63.720,64.560,63.000,63.900,123838,,,0.2825,hfq
2023-01-11,64.260,65.580,63.060,63.180,200342,,,-1.1268,hfq
2023-01-12,63.360,65.880,63.060,63.900,156274,,,1.1396,hfq
2023-01-13,63.660,64.020,62.280,62.820,119393,,,-1.6901,hfq
2023-01-16,62.460,63.300,62.460,62.760,84643,,,-0.0955,hfq
2023-01-17,62.520,64.620,62.520,63.720,107809,,,1.5296,hfq
2023-01-18,63.480,63.780,62.940,63.060,60777,,,-1.0358,hfq
2023-01-19,63.120,63.540,62.280,63.180,66411,,,0.1903,hfq
2023-01-20,63.300,63.720,62.880,63.600,68194,,,0.6648,hfq
2023-01-30,64.500,66.540,63.720,65.940,250417,,,3.6792,hfq
2023-01-31,65.700,66.240,65.040,66.060,134562,,,0.1820,hfq
2023-02-01,65.940,66.900,65.460,66.360,146291,,,0.4541,hfq
2023-02-02,66.240,66.240,65.460,65.820,113698,,,-0.8137,hfq
2023-02-03,65.880,70.860,64.740,68.820,310344,,,4.5579,hfq
2023-02-06,67.680,68.580,67.020,67.980,181249,,,-1.2206,hfq
2023-02-07,67.680,68.520,67.320,68.040,129160,,,0.0883,hfq
2023-02-08,67.680,69.540,67.440,67.560,124550,,,-0.7055,hfq
2023-02-09,67.320,68.340,66.780,68.340,116939,,,1.1545,hfq
2023-02-10,69.180,69.180,67.260,67.500,111835,,,-1.2291,hfq
2023-02-13,67.200,68.280,66.660,67.620,128066,,,0.1778,hfq
2023-02-14,67.620,68.040,66.780,66.960,85166,,,-0.9760,hfq
2023-02-15,67.140,68.040,66.540,67.440,93717,,,0.7168,hfq
2023-02-16,67.140,69.240,66.540,67.080,236673,,,-0.5338,hfq
2023-02-17,66.660,67.500,66.000,66.120,95821,,,-1.4311,hfq
2023-02-20,66.120,70.620,65.100,70.140,365777,,,6.0799,hfq
2023-02-21,69.720,71.400,69.240,70.020,205867,,,-0.1711,hfq
2023-02-22,69.240,69.900,68.820,69.000,97694,,,-1.4567,hfq
2023-02-23,68.760,69.120,67.140,67.800,129744,,,-1.7391,hfq
2023-02-24,67.860,67.980,67.080,67.320,74587,,,-0.7080,hfq
2023-02-27,67.140,67.440,66.420,66.780,65311,,,-0.8021,hfq
2023-02-28,66.780,67.980,66.720,67.920,83212,,,1.7071,hfq
2023-03-01,67.740,68.940,67.200,68.880,96673,,,1.4134,hfq
2023-03-02,68.460,68.880,67.860,67.980,57977,,,-1.3066,hfq
2023-03-03,68.340,68.760,67.500,68.220,50914,,,0.3530,hfq
2023-03-06,68.220,68.460,66.960,67.200,56526,,,-1.4952,hfq
2023-03-07,67.440,69.960,67.260,68.880,214567,,,2.5000,hfq
2023-03-08,68.640,69.660,67.500,69.120,120329,,,0.3484,hfq
2023-03-09,69.180,70.980,68.820,69.900,149889,,,1.1285,hfq
2023-03-10,70.980,76.200,70.140,76.200,750740,,,9.0129,hfq
2023-03-13,73.740,82.020,73.440,78.900,690949,,,3.5433,hfq
2023-03-14,79.440,80.100,75.840,77.700,424284,,,-1.5209,hfq
2023-03-15,76.620,78.300,76.560,76.680,199687,,,-1.3127,hfq
2023-03-16,77.580,77.640,72.780,73.140,338588,,,-4.6166,hfq
2023-03-17,73.800,79.740,73.200,79.740,482373,,,9.0238,hfq
2023-03-20,80.400,86.940,79.860,84.360,830498,,,5.7938,hfq
2023-03-21,83.040,86.940,82.440,84.720,429461,,,0.4267,hfq
2023-03-22,84.540,92.460,84.060,92.460,826151,,,9.1360,hfq
2023-03-23,90.300,94.320,87.720,91.200,724521,,,-1.3628,hfq
2023-03-24,90.420,99.120,90.360,97.320,590799,,,6.7105,hfq
2023-03-27,106.320,106.320,99.780,106.320,968607,,,9.2478,hfq
2023-03-28,104.340,105.120,98.760,99.480,585465,,,-6.4334,hfq
2023-03-29,99.120,100.920,92.640,94.200,659340,,,-5.3076,hfq
2023-03-30,94.140,95.040,91.620,92.460,379722,,,-1.8471,hfq
2023-03-31,91.800,95.460,89.940,93.960,472604,,,1.6223,hfq
2023-04-03,92.220,102.420,88.200,100.980,836126,,,7.4713,hfq
2023-04-04,97.140,110.340,95.940,108.300,976977,,,7.2490,hfq
2023-04-06,115.740,116.340,104.640,106.500,1006136,,,-1.6620,hfq
2023-04-07,104.100,111.840,101.880,109.260,855171,,,2.5915,hfq
2023-04-10,109.140,111.720,99.060,99.060,780476,,,-9.3355,hfq
2023-04-11,93.060,102.840,92.940,100.380,679446,,,1.3325,hfq
2023-04-12,101.940,104.100,98.220,102.420,537773,,,2.0323,hfq
2023-04-13,101.760,111.960,100.320,107.820,1118593,,,5.2724,hfq
2023-04-14,103.620,113.820,101.700,111.180,896156,,,3.1163,hfq
2023-04-17,109.800,115.020,108.480,113.280,727504,,,1.8888,hfq
2023-04-18,111.900,119.220,109.860,118.260,685649,,,4.3962,hfq
2023-04-19,117.540,126.240,115.980,118.440,780923,,,0.1522,hfq
2023-04-20,119.520,129.600,118.440,129.600,716278,,,9.4225,hfq
2023-04-21,132.060,132.540,124.620,126.240,525779,,,-2.5926,hfq
2023-04-24,125.580,128.940,124.140,128.940,410050,,,2.1388,hfq
2023-04-25,127.140,130.860,118.980,126.060,461379,,,-2.2336,hfq
2023-04-26,124.860,125.280,115.140,118.620,421994,,,-5.9020,hfq
2023-04-27,118.680,123.300,113.940,116.460,352680,,,-1.8209,hfq
2023-04-28,116.520,127.380,116.220,127.380,530863,,,9.3766,hfq
2023-05-04,132.420,139.380,129.300,139.380,584065,,,9.4206,hfq
2023-05-05,139.140,145.920,137.100,143.280,521553,,,2.7981,hfq
2023-05-08,141.540,145.020,135.540,143.340,460503,,,0.0419,hfq
2023-05-09,143.100,149.880,137.160,140.520,428294,,,-1.9674,hfq
2023-05-10,133.620,138.840,131.460,136.260,514486,,,-3.0316,hfq
2023-05-11,136.440,145.380,136.140,137.820,473017,,,1.1449,hfq
2023-05-12,136.320,137.760,129.300,134.160,338767,,,-2.6556,hfq
2023-05-15,135.000,139.140,128.880,139.140,294689,,,3.7120,hfq
2023-05-16,139.440,140.700,126.060,126.060,377165,,,-9.4006,hfq
2023-05-17,125.040,129.600,121.560,125.700,488713,,,-0.2856,hfq
2023-05-18,125.760,133.560,121.440,130.920,420673,,,4.1527,hfq
2023-05-19,131.940,135.240,127.920,131.160,323446,,,0.1833,hfq
2023-05-22,129.420,133.020,122.940,126.180,380314,,,-3.7969,hfq
2023-05-23,127.260,129.720,123.720,123.720,320986,,,-1.9496,hfq
2023-05-24,122.940,123.720,112.200,112.200,865089,,,-9.3113,hfq
2023-05-25,114.300,115.620,109.020,111.720,560917,,,-0.4278,hfq
2023-05-26,109.980,115.440,109.200,112.500,336210,,,0.6982,hfq
2023-05-29,112.140,114.780,109.740,111.360,300479,,,-1.0133,hfq
2023-05-30,109.860,115.920,107.100,115.260,383436,,,3.5022,hfq
2023-05-31,114.840,116.640,112.980,114.600,298704,,,-0.5726,hfq
2023-06-01,114.660,125.220,111.900,122.700,679069,,,7.0681,hfq
2023-06-02,120.420,122.340,118.740,119.820,388493,,,-2.3472,hfq
2023-06-05,118.140,122.100,117.300,121.320,311031,,,1.2519,hfq
2023-06-06,120.420,120.960,115.020,115.680,391635,,,-4.6489,hfq
2023-06-07,116.340,117.600,113.640,116.040,256002,,,0.3112,hfq
2023-06-08,113.340,115.920,111.060,114.300,234490,,,-1.4995,hfq
2023-06-09,113.340,118.020,113.340,117.480,277457,,,2.7822,hfq
2023-06-12,115.860,118.320,114.840,115.440,219580,,,-1.7365,hfq
2023-06-13,114.840,124.380,114.480,122.940,481155,,,6.4969,hfq
2023-06-14,123.480,127.500,120.900,125.520,475753,,,2.0986,hfq
2023-06-15,125.520,127.680,121.140,124.620,422059,,,-0.7170,hfq
2023-06-16,122.340,135.540,120.240,131.700,654154,,,5.6813,hfq
2023-06-19,130.860,139.140,129.540,137.640,656726,,,4.5103,hfq
2023-06-20,136.140,144.840,135.540,142.440,572261,,,3.4874,hfq
2023-06-21,141.120,143.880,136.560,137.340,393573,,,-3.5805,hfq
2023-06-26,135.120,138.780,124.740,126.360,562666,,,-7.9948,hfq
2023-06-27,128.340,129.780,124.080,126.960,281328,,,0.4748,hfq
2023-06-28,126.960,127.680,118.020,122.100,407699,,,-3.8280,hfq
2023-06-29,122.160,131.280,122.100,129.660,405395,,,6.1916,hfq
2023-06-30,129.540,133.740,126.720,132.420,356456,,,2.1286,hfq
2023-07-03,132.960,134.700,123.240,127.920,338847,,,-3.3983,hfq
2023-07-04,127.440,130.440,125.400,127.740,221158,,,-0.1407,hfq
2023-07-05,126.240,129.420,125.520,126.360,249555,,,-1.0803,hfq
2023-07-06,125.340,128.520,120.540,122.820,280249,,,-2.8015,hfq
2023-07-07,122.340,124.920,114.540,120.060,421844,,,-2.2472,hfq
2023-07-10,120.060,121.620,116.700,118.800,175216,,,-1.0495,hfq
2023-07-11,121.020,124.260,118.980,122.880,296089,,,3.4343,hfq
2023-07-12,123.360,124.560,118.080,119.340,248085,,,-2.8809,hfq
2023-07-13,119.100,121.020,116.640,120.180,203863,,,0.7039,hfq
2023-07-14,120.420,124.020,119.340,121.260,258148,,,0.8987,hfq
2023-07-17,121.140,121.140,117.960,119.160,186811,,,-1.7318,hfq
2023-07-18,119.760,120.780,117.240,117.840,174586,,,-1.1078,hfq
2023-07-19,120.660,121.740,118.500,118.920,169289,,,0.9165,hfq
2023-07-20,119.940,121.140,115.080,115.380,192664,,,-2.9768,hfq
2023-07-21,114.420,117.180,113.220,113.760,192293,,,-1.4041,hfq
2023-07-24,111.660,114.960,111.600,113.400,160573,,,-0.3165,hfq
2023-07-25,112.560,113.580,109.800,110.640,322745,,,-2.4339,hfq
2023-07-26,110.340,110.340,107.220,107.640,206083,,,-2.7115,hfq
2023-07-27,107.580,109.020,106.260,106.860,137021,,,-0.7246,hfq
2023-07-28,107.460,108.120,106.320,106.800,139005,,,-0.0561,hfq
2023-07-31,106.620,108.360,105.780,107.040,158205,,,0.2247,hfq
2023-08-01,106.620,109.020,105.060,107.580,184822,,,0.5045,hfq
2023-08-02,107.040,112.440,106.140,111.840,330332,,,3.9598,hfq
2023-08-03,110.940,110.940,107.460,108.240,236254,,,-3.2189,hfq
2023-08-04,108.060,114.120,106.860,112.860,322668,,,4.2683,hfq
2023-08-07,113.160,119.880,112.380,115.380,359491,,,2.2329,hfq
2023-08-08,114.600,115.980,113.640,115.140,161319,,,-0.2080,hfq
2023-08-09,114.720,116.640,112.440,112.740,160854,,,-2.0844,hfq
2023-08-10,111.960,114.180,111.420,112.320,106112,,,-0.3725,hfq
2023-08-11,112.260,113.100,109.740,109.800,112132,,,-2.2436,hfq
2023-08-14,110.400,111.060,108.600,110.220,126710,,,0.3825,hfq
2023-08-15,110.340,111.480,107.940,109.080,91315,,,-1.0343,hfq
2023-08-16,108.540,109.080,105.780,106.140,114583,,,-2.6953,hfq
2023-08-17,105.960,109.020,103.980,108.180,128563,,,1.9220,hfq
2023-08-18,108.240,110.940,106.740,106.740,129691,,,-1.3311,hfq
2023-08-21,106.380,107.820,105.420,105.780,79695,,,-0.8994,hfq
2023-08-22,106.440,109.140,105.360,108.600,130082,,,2.6659,hfq
2023-08-23,108.060,108.180,101.220,101.400,257882,,,-6.6298,hfq
2023-08-24,102.840,107.340,102.180,104.700,212537,,,3.2544,hfq
2023-08-25,104.880,104.880,99.960,100.620,166680,,,-3.8968,hfq
2023-08-28,106.620,106.620,101.940,102.600,176625,,,1.9678,hfq
2023-08-29,102.840,109.500,101.760,108.300,212659,,,5.5556,hfq
2023-08-30,109.140,112.500,108.000,111.840,219378,,,3.2687,hfq
2023-08-31,110.580,111.840,109.260,110.940,117076,,,-0.8047,hfq
2023-09-01,111.240,111.660,109.920,110.640,76612,,,-0.2704,hfq
2023-09-04,110.700,112.620,109.920,112.500,110712,,,1.6811,hfq
2023-09-05,112.140,113.460,110.340,111.120,130895,,,-1.2267,hfq
2023-09-06,110.340,111.000,109.020,110.040,95352,,,-0.9719,hfq
2023-09-07,110.280,111.240,107.940,108.060,86797,,,-1.7993,hfq
2023-09-08,107.580,109.200,106.740,109.020,78271,,,0.8884,hfq
2023-09-11,108.120,111.960,107.700,111.000,146525,,,1.8162,hfq
2023-09-12,110.640,111.600,109.140,109.380,97126,,,-1.4595,hfq
2023-09-13,108.600,109.140,105.900,107.040,105852,,,-2.1393,hfq
2023-09-14,106.740,107.460,105.660,106.020,68450,,,-0.9529,hfq
2023-09-15,106.680,107.220,104.040,105.000,94174,,,-0.9621,hfq
2023-09-18,104.760,105.540,103.140,103.560,105675,,,-1.3714,hfq
2023-09-19,103.440,103.680,101.340,102.000,87094,,,-1.5064,hfq
2023-09-20,102.720,103.320,100.740,100.920,108775,,,-1.0588,hfq
2023-09-21,100.140,102.780,99.000,99.660,118775,,,-1.2485,hfq
2023-09-22,99.180,102.180,99.120,102.060,130998,,,2.4082,hfq
2023-09-25,101.940,101.940,99.960,100.620,97715,,,-1.4109,hfq
2023-09-26,102.480,105.180,97.740,101.280,226095,,,0.6559,hfq
2023-09-27,99.840,101.640,99.660,99.660,122444,,,-1.5995,hfq
2023-09-28,100.140,108.780,99.660,105.540,365064,,,5.9001,hfq
2023-10-09,106.140,110.940,105.120,107.220,413880,,,1.5918,hfq
2023-10-10,106.920,108.060,105.900,106.980,203473,,,-0.2238,hfq
2023-10-11,106.620,115.140,105.120,113.340,428249,,,5.9450,hfq
2023-10-12,113.340,113.640,110.820,111.420,262970,,,-1.6940,hfq
2023-10-13,112.020,112.440,109.740,111.060,226928,,,-0.3231,hfq
2023-10-16,110.340,111.120,108.780,109.500,190773,,,-1.4046,hfq
2023-10-17,109.800,111.060,108.300,109.980,158833,,,0.4384,hfq
2023-10-18,108.960,109.440,107.100,107.520,172318,,,-2.2368,hfq
2023-10-19,106.260,108.420,106.140,106.380,119786,,,-1.0603,hfq
2023-10-20,106.740,107.340,102.360,102.540,166125,,,-3.6097,hfq
2023-10-23,101.400,103.980,98.340,100.020,203989,,,-2.4576,hfq
2023-10-24,101.160,102.960,100.620,101.820,138269,,,1.7996,hfq
2023-10-25,101.220,102.300,100.020,100.440,144699,,,-1.3553,hfq
2023-10-26,99.420,109.680,98.400,108.720,501426,,,8.2437,hfq
2023-10-27,107.160,108.300,104.700,106.440,367175,,,-2.0971,hfq
2023-10-30,106.440,110.280,103.140,109.320,305850,,,2.7057,hfq
2023-10-31,109.140,109.500,105.180,106.080,202761,,,-2.9638,hfq
2023-11-01,105.480,107.820,103.740,105.180,156015,,,-0.8484,hfq
2023-11-02,105.300,111.180,105.300,106.980,361151,,,1.7114,hfq
2023-11-03,108.000,112.500,106.140,111.360,408131,,,4.0942,hfq
2023-11-06,111.360,113.940,109.800,112.260,346644,,,0.8082,hfq
2023-11-07,114.240,114.960,112.320,113.460,347118,,,1.0689,hfq
2023-11-08,113.040,116.820,112.620,115.320,313712,,,1.6393,hfq
2023-11-09,114.900,117.420,112.200,113.340,247878,,,-1.7170,hfq
2023-11-10,112.140,114.540,111.600,112.140,210796,,,-1.0588,hfq
2023-11-13,112.200,119.340,110.940,119.280,503986,,,6.3670,hfq
2023-11-14,125.340,126.480,118.980,122.340,665896,,,2.5654,hfq
2023-11-15,128.940,133.740,126.000,133.020,1109879,,,8.7298,hfq
2023-11-16,128.400,128.820,123.900,124.260,780883,,,-6.5855,hfq
2023-11-17,122.760,124.200,120.540,122.280,469298,,,-1.5934,hfq
2023-11-20,120.900,121.440,117.600,118.560,484703,,,-3.0422,hfq
2023-11-21,118.560,120.540,117.540,118.320,372928,,,-0.2024,hfq
2023-11-22,117.840,121.560,117.180,118.620,361393,,,0.2535,hfq
2023-11-23,118.560,121.500,115.320,121.380,399208,,,2.3268,hfq
2023-11-24,119.100,120.720,115.560,115.980,348517,,,-4.4488,hfq
2023-11-27,113.700,117.840,113.700,117.240,198593,,,1.0864,hfq
2023-11-28,117.300,117.840,115.560,116.640,167242,,,-0.5118,hfq
2023-11-29,116.220,117.900,115.740,116.040,118970,,,-0.5144,hfq
2023-11-30,116.040,117.300,114.600,115.200,144499,,,-0.7239,hfq
2023-12-01,115.320,121.860,114.540,120.420,316716,,,4.5313,hfq
2023-12-04,121.080,121.560,118.740,119.280,279968,,,-0.9467,hfq
2023-12-05,118.800,119.220,114.420,114.420,213940,,,-4.0744,hfq
2023-12-06,113.700,116.940,113.520,114.480,154073,,,0.0524,hfq
2023-12-07,116.340,119.160,115.560,118.140,249589,,,3.1971,hfq
2023-12-08,118.320,119.580,117.000,117.780,202104,,,-0.3047,hfq
2023-12-11,116.820,121.440,116.820,119.940,276989,,,1.8339,hfq
2023-12-12,118.740,120.600,117.540,118.680,158146,,,-1.0505,hfq
2023-12-13,117.600,118.740,117.060,117.240,103138,,,-1.2133,hfq
2023-12-14,117.300,118.380,115.500,115.980,116930,,,-1.0747,hfq
2023-12-15,116.280,116.820,113.700,114.540,127278,,,-1.2416,hfq
2023-12-18,114.960,115.140,113.460,114.000,122598,,,-0.4715,hfq
2023-12-19,113.520,116.700,113.220,116.160,179350,,,1.8947,hfq
2023-12-20,116.520,116.880,112.620,113.280,166119,,,-2.4793,hfq
2023-12-21,111.960,113.220,108.840,110.580,263476,,,-2.3835,hfq
2023-12-22,112.560,113.340,109.200,110.640,222461,,,0.0543,hfq
2023-12-25,110.940,111.480,109.200,110.820,142044,,,0.1627,hfq
2023-12-26,110.580,111.120,105.780,107.460,173222,,,-3.0319,hfq
2023-12-27,107.760,108.540,106.200,108.120,154304,,,0.6142,hfq
2023-12-28,108.600,109.380,107.340,108.960,152438,,,0.7769,hfq
2023-12-29,108.720,114.660,108.600,114.360,218639,,,4.9559,hfq
2024-01-02,115.140,115.140,111.720,111.900,128571,,,-2.1511,hfq
2024-01-03,111.360,111.480,107.340,108.060,141010,,,-3.4316,hfq
2024-01-04,108.000,109.320,107.340,108.360,126263,,,0.2776,hfq
2024-01-05,108.060,109.260,104.460,104.700,169204,,,-3.3776,hfq
2024-01-08,104.700,106.620,101.700,102.000,146827,,,-2.5788,hfq
2024-01-09,102.060,103.860,101.700,102.540,126122,,,0.5294,hfq
2024-01-10,101.940,102.360,98.040,100.320,176368,,,-2.1650,hfq
2024-01-11,100.200,103.140,99.660,102.420,143150,,,2.0933,hfq
2024-01-12,102.540,109.260,102.540,103.140,215285,,,0.7030,hfq
2024-01-15,101.160,102.780,99.360,99.780,218585,,,-3.2577,hfq
2024-01-16,101.340,102.660,99.600,100.860,215140,,,1.0824,hfq
2024-01-17,100.440,100.440,96.660,97.020,190487,,,-3.8073,hfq
2024-01-18,96.180,97.500,92.340,95.520,317642,,,-1.5461,hfq
2024-01-19,95.580,96.480,94.560,94.680,130836,,,-0.8794,hfq
2024-01-22,95.400,95.580,87.480,89.340,208109,,,-5.6401,hfq
2024-01-23,89.160,90.960,87.240,90.360,172650,,,1.1417,hfq
2024-01-24,90.480,91.140,87.240,90.840,165093,,,0.5312,hfq
2024-01-25,91.020,92.940,89.460,92.520,158242,,,1.8494,hfq
2024-01-26,92.340,92.700,89.820,90.060,148247,,,-2.6589,hfq
2024-01-29,90.660,91.020,87.300,88.020,116241,,,-2.2652,hfq
2024-01-30,88.020,88.380,84.540,85.020,161334,,,-3.4083,hfq
2024-01-31,84.540,85.440,81.000,81.240,185957,,,-4.4460,hfq
2024-02-01,81.240,83.340,79.740,81.240,205275,,,0.0000,hfq
2024-02-02,81.840,82.380,74.940,77.880,190771,,,-4.1359,hfq
2024-02-05,77.100,77.460,70.920,71.940,258484,,,-7.6271,hfq
2024-02-06,71.400,77.580,69.600,76.320,265326,,,6.0884,hfq
2024-02-07,77.340,81.180,76.140,77.640,259717,,,1.7296,hfq
2024-02-08,78.840,82.320,78.000,82.200,292556,,,5.8733,hfq
2024-02-19,83.460,84.480,80.400,83.160,312565,,,1.1679,hfq
2024-02-20,82.140,84.360,81.120,83.940,200812,,,0.9380,hfq
2024-02-21,83.160,87.840,82.020,84.720,231866,,,0.9292,hfq
2024-02-22,84.720,87.120,84.660,87.000,202968,,,2.6912,hfq
2024-02-23,87.120,89.640,85.980,89.460,204318,,,2.8276,hfq
2024-02-26,89.280,94.380,88.140,91.200,362166,,,1.9450,hfq
2024-02-27,89.400,92.640,88.500,92.640,319577,,,1.5789,hfq
2024-02-28,91.800,93.120,85.620,85.800,369471,,,-7.3834,hfq
2024-02-29,84.540,90.060,84.420,89.940,275854,,,4.8252,hfq
2024-03-01,90.000,92.340,89.340,91.860,225989,,,2.1348,hfq
2024-03-04,91.920,93.540,90.120,92.460,225684,,,0.6532,hfq
2024-03-05,91.380,92.340,89.940,90.660,190597,,,-1.9468,hfq
2024-03-06,90.120,93.840,89.100,91.980,278470,,,1.4560,hfq
2024-03-07,91.200,91.500,88.200,88.440,243380,,,-3.8487,hfq
2024-03-08,89.220,89.940,88.260,89.820,137297,,,1.5604,hfq
2024-03-11,89.340,90.060,88.080,90.060,140057,,,0.2672,hfq
2024-03-12,90.540,91.920,90.060,91.080,169057,,,1.1326,hfq
2024-03-13,91.440,93.420,90.900,92.100,197731,,,1.1199,hfq
2024-03-14,91.320,91.860,88.560,89.760,176627,,,-2.5407,hfq
2024-03-15,89.700,90.540,88.620,90.420,117049,,,0.7353,hfq
2024-03-18,90.660,93.420,90.660,93.360,231037,,,3.2515,hfq
2024-03-19,93.540,94.860,92.400,92.880,202586,,,-0.5141,hfq
2024-03-20,92.880,94.380,92.640,94.080,159955,,,1.2920,hfq
2024-03-21,94.080,95.040,93.120,93.300,162171,,,-0.8291,hfq
2024-03-22,93.060,93.600,90.060,91.740,200925,,,-1.6720,hfq
2024-03-25,92.160,92.640,88.140,88.140,187771,,,-3.9241,hfq
2024-03-26,88.140,89.040,86.040,86.820,156681,,,-1.4976,hfq
2024-03-27,86.940,87.000,83.340,83.400,155224,,,-3.9392,hfq
2024-03-28,83.280,87.060,82.500,85.440,145261,,,2.4460,hfq
2024-03-29,85.440,85.680,83.760,85.320,97735,,,-0.1404,hfq
2024-04-01,86.100,88.740,85.920,88.680,170358,,,3.9381,hfq
2024-04-02,88.140,88.140,85.260,85.920,161541,,,-3.1123,hfq
2024-04-03,85.860,85.860,83.280,84.540,128032,,,-1.6061,hfq
2024-04-08,84.480,84.480,82.440,82.500,112800,,,-2.4131,hfq
2024-04-09,82.500,83.760,82.140,83.400,81975,,,1.0909,hfq
2024-04-10,83.340,83.820,79.860,80.640,141326,,,-3.3094,hfq
2024-04-11,79.860,81.840,79.620,80.580,106014,,,-0.0744,hfq
2024-04-12,80.520,81.480,80.160,80.280,101463,,,-0.3723,hfq
2024-04-15,79.800,81.000,77.700,79.200,135758,,,-1.3453,hfq
2024-04-16,78.780,79.980,75.420,75.600,166989,,,-4.5455,hfq
2024-04-17,76.440,80.160,76.440,79.200,166964,,,4.7619,hfq
2024-04-18,79.320,80.220,77.820,79.200,142991,,,0.0000,hfq
2024-04-19,78.840,79.200,77.220,77.880,121963,,,-1.6667,hfq
2024-04-22,77.340,79.080,76.140,77.940,93252,,,0.0770,hfq
2024-04-23,78.120,79.260,77.880,78.960,110882,,,1.3087,hfq
2024-04-24,79.080,80.820,78.240,80.760,127477,,,2.2796,hfq
2024-04-25,80.640,81.300,79.860,80.460,105158,,,-0.3715,hfq
2024-04-26,83.220,85.860,82.620,85.620,316311,,,6.4131,hfq
2024-04-29,85.680,86.940,85.620,86.100,233466,,,0.5606,hfq
2024-04-30,85.860,86.460,84.960,85.320,143396,,,-0.9059,hfq
2024-05-06,86.760,87.000,84.960,85.680,162542,,,0.4219,hfq
2024-05-07,85.680,86.220,84.660,85.800,162515,,,0.1401,hfq
2024-05-08,85.740,86.580,84.420,84.900,195699,,,-1.0490,hfq
2024-05-09,84.540,91.560,84.360,90.900,450646,,,7.0671,hfq
2024-05-10,90.480,90.720,87.360,87.720,250231,,,-3.4983,hfq
2024-05-13,88.080,95.640,87.960,92.580,667918,,,5.5404,hfq
2024-05-14,100.380,100.980,94.200,95.820,1009162,,,3.4997,hfq
2024-05-15,92.340,92.340,88.440,88.740,679396,,,-7.3889,hfq
2024-05-16,88.800,89.880,87.720,88.920,412633,,,0.2028,hfq
2024-05-17,87.900,89.880,87.420,89.040,276642,,,0.1350,hfq
2024-05-20,88.500,88.980,87.420,88.020,225189,,,-1.1456,hfq
2024-05-21,87.900,89.820,87.240,88.980,269657,,,1.0907,hfq
2024-05-22,88.320,88.800,87.540,88.500,179506,,,-0.5394,hfq
2024-05-23,88.320,88.860,86.700,86.820,189852,,,-1.8983,hfq
2024-05-24,85.920,86.520,84.480,84.540,190393,,,-2.6261,hfq
2024-05-27,84.540,85.440,83.340,85.320,150255,,,0.9226,hfq
2024-05-28,84.600,86.340,84.300,84.840,115358,,,-0.5626,hfq
2024-05-29,84.360,86.040,84.300,84.780,126944,,,-0.0707,hfq
2024-05-30,84.000,86.700,83.160,85.560,166825,,,0.9200,hfq
2024-05-31,85.560,89.220,85.560,88.560,258066,,,3.5063,hfq
2024-06-03,88.500,88.860,86.760,87.420,200913,,,-1.2873,hfq
2024-06-04,87.480,87.600,84.420,85.320,203178,,,-2.4022,hfq
2024-06-05,85.140,86.340,84.600,84.720,153783,,,-0.7032,hfq
2024-06-06,84.660,87.420,83.040,83.220,244342,,,-1.7705,hfq
2024-06-07,83.280,84.900,81.540,82.800,164034,,,-0.5047,hfq
2024-06-11,82.140,83.580,80.640,83.340,133593,,,0.6522,hfq
2024-06-12,83.940,87.420,83.940,85.740,235156,,,2.8798,hfq
2024-06-13,85.380,88.020,85.320,86.340,209060,,,0.6998,hfq
2024-06-14,86.160,87.300,83.940,85.980,174729,,,-0.4170,hfq
2024-06-17,85.858,87.958,85.438,87.778,195727,,,2.0912,hfq
2024-06-18,87.838,88.798,86.938,88.798,204638,,,1.1620,hfq
2024-06-19,88.858,89.458,87.178,87.778,180158,,,-1.1487,hfq
2024-06-20,87.298,87.838,85.858,85.978,114243,,,-2.0506,hfq
2024-06-21,85.798,86.578,84.118,86.098,95124,,,0.1396,hfq
2024-06-24,85.978,87.478,83.758,83.878,150437,,,-2.5785,hfq
2024-06-25,83.938,84.418,81.118,81.958,126024,,,-2.2890,hfq
2024-06-26,82.258,85.258,81.178,85.138,146584,,,3.8800,hfq
2024-06-27,84.958,90.418,84.118,88.018,441053,,,3.3827,hfq
2024-06-28,86.278,90.418,85.258,88.438,422402,,,0.4772,hfq
2024-07-01,88.438,88.978,84.178,86.878,301879,,,-1.7639,hfq
2024-07-02,86.818,87.418,84.718,85.258,176016,,,-1.8647,hfq
2024-07-03,84.958,85.198,82.258,83.338,177037,,,-2.2520,hfq
2024-07-04,83.398,88.618,83.398,84.478,355767,,,1.3679,hfq
2024-07-05,83.818,85.678,82.018,84.658,250527,,,0.2131,hfq
2024-07-08,84.118,84.358,81.538,81.598,213524,,,-3.6145,hfq
2024-07-09,81.418,86.338,80.518,86.278,354610,,,5.7354,hfq
2024-07-10,85.918,87.718,85.738,86.818,246977,,,0.6259,hfq
2024-07-11,88.438,92.878,87.298,91.078,441462,,,4.9068,hfq
2024-07-12,90.418,90.718,88.438,88.738,214856,,,-2.5692,hfq
2024-07-15,88.858,89.518,86.818,87.478,157275,,,-1.4199,hfq
2024-07-16,87.058,88.858,86.698,88.438,229059,,,1.0974,hfq
2024-07-17,88.138,88.138,86.158,86.218,163786,,,-2.5102,hfq
2024-07-18,85.078,85.798,83.158,85.138,164397,,,-1.2526,hfq
2024-07-19,85.138,86.938,84.478,85.438,149670,,,0.3524,hfq
2024-07-22,85.318,86.038,83.998,85.258,121060,,,-0.2107,hfq
2024-07-23,85.138,85.198,82.558,82.678,153609,,,-3.0261,hfq
2024-07-24,82.438,83.758,81.718,81.958,151440,,,-0.8708,hfq
2024-07-25,81.778,81.778,79.678,80.158,160072,,,-2.1962,hfq
2024-07-26,80.038,81.658,80.038,81.178,128730,,,1.2725,hfq
2024-07-29,80.818,81.418,79.858,80.038,117250,,,-1.4043,hfq
2024-07-30,79.678,79.678,76.798,77.398,209307,,,-3.2984,hfq
2024-07-31,77.278,80.518,76.978,80.518,197534,,,4.0311,hfq
2024-08-01,80.758,81.598,80.458,81.058,162367,,,0.6707,hfq
2024-08-02,80.338,81.238,79.198,79.198,123233,,,-2.2947,hfq
2024-08-05,78.538,79.498,76.438,76.498,142627,,,-3.4092,hfq
2024-08-06,77.518,77.998,76.438,77.458,87931,,,1.2549,hfq
2024-08-07,76.978,77.818,76.798,77.158,76870,,,-0.3873,hfq
2024-08-08,77.158,77.998,76.138,77.458,83745,,,0.3888,hfq
2024-08-09,77.458,78.418,77.338,77.698,82264,,,0.3098,hfq
2024-08-12,77.278,77.878,76.498,76.738,64984,,,-1.2356,hfq
2024-08-13,76.738,77.578,76.378,77.518,63025,,,1.0164,hfq
2024-08-14,77.638,80.278,76.978,79.258,173579,,,2.2446,hfq
2024-08-15,78.238,80.038,78.058,79.018,151158,,,-0.3028,hfq
2024-08-16,78.478,80.578,78.478,79.738,156110,,,0.9112,hfq
2024-08-19,79.738,80.038,78.598,78.958,85632,,,-0.9782,hfq
2024-08-20,78.718,79.078,77.338,77.638,83210,,,-1.6718,hfq
2024-08-21,77.038,79.138,76.858,78.538,114734,,,1.1592,hfq
2024-08-22,78.358,78.358,71.638,72.478,459351,,,-7.7160,hfq
2024-08-23,71.638,72.178,70.738,71.158,228282,,,-1.8212,hfq
2024-08-26,71.158,71.578,69.958,70.978,125460,,,-0.2530,hfq
2024-08-27,71.038,71.038,67.738,68.098,241299,,,-4.0576,hfq
2024-08-28,67.858,68.278,66.298,67.318,218011,,,-1.1454,hfq
2024-08-29,66.658,69.298,66.658,68.938,218055,,,2.4065,hfq
2024-08-30,69.058,72.958,69.058,71.938,301866,,,4.3517,hfq
2024-09-02,71.938,72.658,69.298,69.358,198066,,,-3.5864,hfq
2024-09-03,69.718,70.438,69.238,70.198,130831,,,1.2111,hfq
2024-09-04,69.478,70.618,69.058,69.718,139980,,,-0.6838,hfq
2024-09-05,70.018,70.558,69.478,70.018,115095,,,0.4303,hfq
2024-09-06,70.078,70.138,68.938,69.058,97514,,,-1.3711,hfq
2024-09-09,68.938,69.118,67.978,68.338,92660,,,-1.0426,hfq
2024-09-10,68.578,69.418,67.438,69.058,100921,,,1.0536,hfq
2024-09-11,68.758,68.818,67.738,68.098,70808,,,-1.3901,hfq
2024-09-12,68.458,68.878,67.558,67.558,76770,,,-0.7930,hfq
2024-09-13,67.558,67.858,65.998,66.058,111983,,,-2.2203,hfq
2024-09-18,66.298,66.358,63.958,64.978,114442,,,-1.6349,hfq
2024-09-19,65.638,67.438,65.218,67.078,122509,,,3.2319,hfq
2024-09-20,67.078,67.618,66.778,67.558,100391,,,0.7156,hfq
2024-09-23,68.818,69.718,67.198,67.378,193382,,,-0.2664,hfq
2024-09-24,67.438,70.198,66.778,69.838,281218,,,3.6510,hfq
2024-09-25,70.558,73.258,70.558,70.978,282722,,,1.6323,hfq
2024-09-26,70.738,73.138,70.138,73.078,239921,,,2.9587,hfq
2024-09-27,74.218,78.058,74.098,77.218,352041,,,5.6652,hfq
2024-09-30,81.478,83.938,78.538,83.938,537213,,,8.7026,hfq
2024-10-08,91.378,91.378,82.858,88.678,635127,,,5.6470,hfq
2024-10-09,85.678,88.258,82.198,83.338,490361,,,-6.0218,hfq
2024-10-10,84.538,90.718,82.558,88.198,912862,,,5.8317,hfq
2024-10-11,89.938,90.718,80.338,81.238,779743,,,-7.8913,hfq
2024-10-14,77.458,83.938,77.458,83.338,530765,,,2.5850,hfq
2024-10-15,82.498,83.878,81.418,81.418,407200,,,-2.3039,hfq
2024-10-16,79.858,81.418,79.558,80.578,242065,,,-1.0317,hfq
2024-10-17,80.818,84.418,80.818,82.738,377797,,,2.6806,hfq
2024-10-18,82.738,90.058,82.438,89.278,885359,,,7.9045,hfq
2024-10-21,89.098,93.358,88.138,91.138,729779,,,2.0834,hfq
2024-10-22,91.678,96.658,89.338,93.718,577352,,,2.8309,hfq
2024-10-23,93.538,93.538,90.898,91.138,357404,,,-2.7529,hfq
2024-10-24,90.418,94.558,89.578,92.398,373707,,,1.3825,hfq
2024-10-25,91.738,92.038,89.758,91.138,340412,,,-1.3637,hfq
2024-10-28,94.978,99.298,94.378,99.298,806161,,,8.9535,hfq
2024-10-29,100.498,103.138,96.718,96.958,891006,,,-2.3565,hfq
2024-10-30,95.698,101.278,95.578,97.438,594900,,,0.4951,hfq
2024-10-31,97.738,99.838,94.018,99.778,544080,,,2.4015,hfq
2024-11-01,99.238,100.318,94.738,94.738,428810,,,-5.0512,hfq
2024-11-04,94.018,97.438,93.898,96.178,236915,,,1.5200,hfq
2024-11-05,97.018,104.398,95.938,101.398,596755,,,5.4274,hfq
2024-11-06,101.938,101.938,98.278,98.878,384981,,,-2.4853,hfq
2024-11-07,97.618,98.458,96.058,97.498,317907,,,-1.3957,hfq
2024-11-08,97.738,99.178,96.298,96.538,282175,,,-0.9846,hfq
2024-11-11,95.818,104.998,95.398,103.678,631256,,,7.3961,hfq
2024-11-12,103.138,108.418,100.378,104.758,614270,,,1.0417,hfq
2024-11-13,102.538,110.518,102.538,109.198,653038,,,4.2383,hfq
2024-11-14,110.938,116.098,106.198,106.618,446892,,,-2.3627,hfq
2024-11-15,107.338,116.338,107.338,113.218,1051537,,,6.1903,hfq
2024-11-18,113.218,113.398,104.158,105.238,734675,,,-7.0483,hfq
2024-11-19,103.858,106.198,100.618,105.358,490001,,,0.1140,hfq
2024-11-20,104.998,112.618,104.398,109.498,471545,,,3.9295,hfq
2024-11-21,108.358,111.538,105.118,105.898,375455,,,-3.2877,hfq
2024-11-22,104.758,115.198,104.338,108.838,707872,,,2.7763,hfq
2024-11-25,108.658,110.818,98.938,100.558,696611,,,-7.6076,hfq
2024-11-26,99.538,101.518,98.458,98.698,287394,,,-1.8497,hfq
2024-11-27,98.338,105.538,95.398,104.998,488948,,,6.3831,hfq
2024-11-28,104.278,107.338,103.078,104.098,442854,,,-0.8572,hfq
2024-11-29,103.558,108.418,102.358,106.738,348776,,,2.5361,hfq
2024-12-02,106.258,113.338,106.198,110.518,449321,,,3.5414,hfq
2024-12-03,109.858,110.638,106.918,108.958,310515,,,-1.4115,hfq
2024-12-04,108.538,109.618,104.158,104.698,283384,,,-3.9098,hfq
2024-12-05,104.638,109.618,104.638,106.138,305175,,,1.3754,hfq
2024-12-06,105.838,109.078,104.818,106.378,247005,,,0.2261,hfq
2024-12-09,106.438,111.238,105.958,107.398,345507,,,0.9588,hfq
2024-12-10,110.338,114.838,107.938,110.698,605051,,,3.0727,hfq
2024-12-11,110.638,120.838,110.338,120.838,687572,,,9.1601,hfq
2024-12-12,123.478,124.078,116.998,120.838,760312,,,0.0000,hfq
2024-12-13,119.038,131.998,118.738,129.778,1047507,,,7.3983,hfq
2024-12-16,125.938,128.338,119.758,121.618,650172,,,-6.2877,hfq
2024-12-17,120.898,121.438,114.538,116.638,464877,,,-4.0948,hfq
2024-12-18,116.818,125.518,114.238,123.298,528381,,,5.7100,hfq
2024-12-19,120.298,122.638,114.538,118.138,612915,,,-4.1850,hfq
2024-12-20,116.818,124.738,116.338,119.458,532209,,,1.1173,hfq
2024-12-23,119.458,120.418,112.438,113.158,448265,,,-5.2738,hfq
2024-12-24,112.918,115.558,111.418,114.778,297150,,,1.4316,hfq
2024-12-25,114.418,118.258,111.058,115.798,332425,,,0.8887,hfq
2024-12-26,115.138,120.778,114.658,119.398,343027,,,3.1089,hfq
2024-12-27,119.098,123.298,118.558,118.798,365189,,,-0.5025,hfq
2024-12-30,117.958,121.138,114.538,116.338,358211,,,-2.0707,hfq
2024-12-31,115.618,115.918,108.298,108.538,397705,,,-6.7046,hfq
2025-01-02,107.938,110.038,105.298,106.618,236532,,,-1.7690,hfq
2025-01-03,107.338,109.498,103.258,106.978,305649,,,0.3377,hfq
2025-01-06,105.838,106.918,98.818,99.778,364146,,,-6.7304,hfq
2025-01-07,99.778,102.898,99.538,102.778,274602,,,3.0067,hfq
2025-01-08,102.238,102.838,96.718,100.318,324091,,,-2.3935,hfq
2025-01-09,99.538,104.038,99.538,102.538,262917,,,2.2130,hfq
2025-01-10,101.938,103.438,98.518,98.758,210956,,,-3.6864,hfq
2025-01-13,96.538,98.158,94.498,96.718,219600,,,-2.0657,hfq
2025-01-14,97.498,102.898,96.598,102.778,251931,,,6.2656,hfq
2025-01-15,102.838,103.378,101.518,102.118,178520,,,-0.6422,hfq
2025-01-16,102.778,104.578,99.958,101.398,203330,,,-0.7051,hfq
2025-01-17,100.498,102.718,99.958,101.998,182876,,,0.5917,hfq
2025-01-20,102.838,105.358,102.478,104.398,248506,,,2.3530,hfq
2025-01-21,105.358,109.258,104.938,108.298,343830,,,3.7357,hfq
2025-01-22,106.738,107.518,105.358,106.138,220014,,,-1.9945,hfq
2025-01-23,107.278,108.058,104.158,104.158,235626,,,-1.8655,hfq
2025-01-24,103.798,108.838,103.678,108.658,286070,,,4.3204,hfq
2025-01-27,109.318,110.098,105.538,105.538,178686,,,-2.8714,hfq
2025-02-05,107.518,111.958,107.518,109.438,283073,,,3.6954,hfq
2025-02-06,109.498,116.278,109.498,114.718,380954,,,4.8246,hfq
2025-02-07,114.058,115.138,111.538,113.218,324858,,,-1.3076,hfq
2025-02-10,113.158,114.838,111.598,114.418,264096,,,1.0599,hfq
2025-02-11,115.498,116.818,112.918,113.638,225475,,,-0.6817,hfq
2025-02-12,114.358,117.418,114.358,115.438,288854,,,1.5840,hfq
2025-02-13,115.438,115.558,109.558,110.098,366581,,,-4.6259,hfq
2025-02-14,109.798,110.518,107.638,110.158,225006,,,0.0545,hfq
2025-02-17,110.158,111.238,108.598,109.738,218272,,,-0.3813,hfq
2025-02-18,109.798,109.918,103.858,104.578,315076,,,-4.7021,hfq
2025-02-19,104.578,105.778,103.378,105.298,253591,,,0.6885,hfq
2025-02-20,106.078,109.918,105.598,109.438,392113,,,3.9317,hfq
2025-02-21,109.918,110.638,108.058,109.918,359354,,,0.4386,hfq
2025-02-24,108.838,109.618,106.738,107.278,262216,,,-2.4018,hfq
2025-02-25,105.538,111.058,104.578,108.838,365242,,,1.4542,hfq
2025-02-26,108.358,110.698,106.978,109.378,306846,,,0.4962,hfq
2025-02-27,109.498,110.038,104.938,106.918,281666,,,-2.2491,hfq
2025-02-28,106.018,106.018,101.698,101.878,233754,,,-4.7139,hfq
2025-03-03,101.998,103.198,99.538,100.378,219381,,,-1.4723,hfq
2025-03-04,100.198,101.278,99.658,101.278,143176,,,0.8966,hfq
2025-03-05,101.518,101.998,100.438,101.338,126783,,,0.0592,hfq
2025-03-06,101.998,104.278,101.638,103.798,214113,,,2.4275,hfq
2025-03-07,103.018,103.798,101.338,102.298,176919,,,-1.4451,hfq
2025-03-10,102.238,102.418,100.078,101.338,159213,,,-0.9384,hfq
2025-03-11,100.138,102.238,99.838,101.578,118407,,,0.2368,hfq
2025-03-12,101.938,104.338,100.858,102.898,255304,,,1.2995,hfq
2025-03-13,102.898,102.898,100.438,101.098,168650,,,-1.7493,hfq
2025-03-14,100.798,103.018,100.498,102.958,193283,,,1.8398,hfq
2025-03-17,104.398,105.898,103.078,103.678,170399,,,0.6993,hfq
2025-03-18,103.738,106.558,103.138,105.478,279527,,,1.7361,hfq
2025-03-19,105.118,108.238,103.858,106.558,295642,,,1.0239,hfq
2025-03-20,107.458,108.358,104.278,104.518,249229,,,-1.9145,hfq
2025-03-21,103.018,103.438,100.618,101.158,200725,,,-3.2148,hfq
2025-03-24,101.158,102.298,100.198,101.998,119410,,,0.8304,hfq
2025-03-25,101.698,102.238,100.738,101.398,91312,,,-0.5882,hfq
2025-03-26,100.978,101.878,100.978,101.158,69605,,,-0.2367,hfq
2025-03-27,100.918,101.518,99.478,101.038,76308,,,-0.1186,hfq
2025-03-28,100.978,101.458,100.378,100.378,64662,,,-0.6532,hfq
2025-03-31,99.238,99.238,96.838,97.018,134308,,,-3.3473,hfq
2025-04-01,97.258,97.798,96.238,96.658,75207,,,-0.3711,hfq
2025-04-02,97.018,97.978,95.338,97.678,112468,,,1.0553,hfq
2025-04-03,96.658,97.318,93.838,94.378,146816,,,-3.3784,hfq
2025-04-07,87.538,88.438,85.918,85.918,114454,,,-8.9640,hfq
2025-04-08,82.258,85.978,79.618,81.898,236779,,,-4.6789,hfq
2025-04-09,80.218,82.978,75.658,82.258,227153,,,0.4396,hfq
2025-04-10,85.138,86.578,84.418,84.778,192663,,,3.0635,hfq
2025-04-11,83.758,86.038,83.638,85.378,145168,,,0.7077,hfq
2025-04-14,88.198,88.618,85.858,86.158,165696,,,0.9136,hfq
2025-04-15,86.218,86.818,85.078,86.398,89659,,,0.2786,hfq
2025-04-16,86.398,86.398,83.998,85.318,96261,,,-1.2500,hfq
2025-04-17,84.658,86.638,84.538,85.618,89615,,,0.3516,hfq
2025-04-18,85.558,86.338,85.198,86.158,69082,,,0.6307,hfq
2025-04-21,86.278,87.418,85.438,87.238,82218,,,1.2535,hfq
2025-04-22,86.938,87.358,86.338,87.178,81168,,,-0.0688,hfq
2025-04-23,88.018,89.038,87.478,88.498,141599,,,1.5141,hfq
2025-04-24,88.138,89.158,87.298,87.598,97499,,,-1.0170,hfq
2025-04-25,86.878,87.718,86.218,86.398,147065,,,-1.3699,hfq
2025-04-28,86.038,86.398,84.958,85.558,88886,,,-0.9722,hfq
2025-04-29,85.438,86.938,84.718,86.398,84897,,,0.9818,hfq
2025-04-30,86.818,88.138,86.698,87.598,94734,,,1.3889,hfq
2025-05-06,87.898,89.278,87.418,89.218,148332,,,1.8494,hfq
2025-05-07,90.838,91.438,88.138,88.918,140101,,,-0.3363,hfq
2025-05-08,88.618,91.798,88.438,91.378,244435,,,2.7666,hfq
2025-05-09,91.318,91.318,89.398,89.638,130653,,,-1.9042,hfq
2025-05-12,90.778,91.378,90.298,91.378,133703,,,1.9411,hfq
2025-05-13,92.998,93.238,90.418,90.598,146723,,,-0.8536,hfq
2025-05-14,90.418,90.778,89.398,90.238,102055,,,-0.3974,hfq
2025-05-15,90.118,90.118,88.618,88.738,80739,,,-1.6623,hfq
2025-05-16,88.618,89.278,88.138,88.498,71287,,,-0.2705,hfq
2025-05-19,88.558,88.618,87.178,88.378,79534,,,-0.1356,hfq
2025-05-20,88.378,89.578,87.658,89.278,68418,,,1.0184,hfq
2025-05-21,89.038,89.338,87.778,88.198,83728,,,-1.2097,hfq
2025-05-22,88.078,91.378,87.658,90.118,239346,,,2.1769,hfq
2025-05-23,89.458,89.518,87.598,87.658,160284,,,-2.7298,hfq
2025-05-26,86.938,88.378,86.518,88.318,85130,,,0.7529,hfq
2025-05-27,87.838,88.258,87.298,87.418,56889,,,-1.0190,hfq
2025-05-28,87.358,87.958,86.458,86.638,67033,,,-0.8923,hfq
2025-05-29,86.878,89.638,86.878,89.038,159733,,,2.7701,hfq
2025-05-30,88.378,89.038,87.058,87.178,94759,,,-2.0890,hfq
2025-06-03,86.638,88.078,86.398,87.478,56518,,,0.3441,hfq
2025-06-04,87.358,88.498,87.298,88.078,62381,,,0.6859,hfq
2025-06-05,87.898,89.818,87.598,89.458,114177,,,1.5668,hfq
2025-06-06,89.398,89.398,88.138,88.438,72550,,,-1.1402,hfq
2025-06-09,88.678,89.638,88.438,89.098,73682,,,0.7463,hfq
2025-06-10,89.098,89.338,87.058,87.418,110409,,,-1.8856,hfq
2025-06-11,88.018,90.658,87.718,88.558,184844,,,1.3041,hfq
2025-06-12,88.318,89.398,87.898,88.438,108050,,,-0.1355,hfq
2025-06-13,87.898,88.018,85.918,86.278,155288,,,-2.4424,hfq
2025-06-16,85.978,87.118,85.678,87.058,66445,,,0.9041,hfq
2025-06-17,87.418,89.338,87.118,87.958,170643,,,1.0338,hfq
2025-06-18,87.958,88.618,87.178,88.018,95753,,,0.0682,hfq
2025-06-19,87.538,88.138,85.978,86.458,98595,,,-1.7724,hfq
2025-06-20,86.218,87.058,85.198,85.318,86477,,,-1.3186,hfq
2025-06-23,84.598,86.338,84.298,86.098,68191,,,0.9142,hfq
2025-06-24,86.338,88.018,86.278,87.958,116583,,,2.1603,hfq
2025-06-25,88.078,88.978,87.658,88.798,141520,,,0.9550,hfq
2025-06-26,88.858,89.278,87.958,88.078,120270,,,-0.8108,hfq
2025-06-27,88.738,88.918,87.958,88.438,102981,,,0.4087,hfq
2025-06-30,88.558,89.818,88.558,89.758,124761,,,1.4926,hfq
2025-07-01,89.638,89.758,88.558,89.698,96756,,,-0.0668,hfq
2025-07-02,89.818,89.818,88.438,88.918,96612,,,-0.8696,hfq
2025-07-03,88.618,93.238,88.618,92.098,417012,,,3.5763,hfq
2025-07-04,91.738,92.638,90.178,90.718,229959,,,-1.4984,hfq
2025-07-07,90.538,90.598,89.578,89.938,114666,,,-0.8598,hfq
2025-07-08,90.058,92.038,89.878,91.798,216214,,,2.0681,hfq
2025-07-09,91.438,92.398,91.258,91.438,164899,,,-0.3922,hfq
2025-07-10,91.138,91.618,90.598,91.198,116641,,,-0.2625,hfq
2025-07-11,91.138,91.438,90.418,90.778,130517,,,-0.4605,hfq
2025-07-14,90.838,90.898,90.238,90.358,89257,,,-0.4627,hfq
2025-07-15,90.358,90.658,89.458,89.878,120968,,,-0.5312,hfq
2025-07-16,89.878,90.658,89.698,90.178,86713,,,0.3338,hfq
2025-07-17,90.058,91.618,89.758,91.498,161794,,,1.4638,hfq
2025-07-18,91.498,91.918,90.718,91.078,101736,,,-0.4590,hfq
2025-07-21,91.078,91.438,90.838,91.438,94403,,,0.3953,hfq
2025-07-22,91.378,91.378,90.118,90.718,123950,,,-0.7874,hfq
2025-07-23,90.658,90.838,89.878,89.938,124394,,,-0.8598,hfq
2025-07-24,89.938,92.518,89.878,92.518,248068,,,2.8686,hfq
2025-07-25,92.578,92.878,91.558,92.158,189562,,,-0.3891,hfq
2025-07-28,92.458,92.578,91.438,91.678,108924,,,-0.5208,hfq
2025-07-29,91.678,94.138,90.838,93.538,293925,,,2.0288,hfq
2025-07-30,92.698,92.818,91.258,91.558,206069,,,-2.1168,hfq
2025-07-31,91.378,92.038,89.698,89.878,171388,,,-1.8349,hfq
2025-08-01,89.878,91.078,89.578,90.058,106969,,,0.2003,hfq
2025-08-04,89.458,90.178,89.158,90.118,71425,,,0.0666,hfq
2025-08-05,90.118,90.778,90.058,90.658,79554,,,0.5992,hfq
2025-08-06,90.658,93.238,90.058,92.338,231297,,,1.8531,hfq
2025-08-07,92.398,92.938,91.918,92.038,148833,,,-0.3249,hfq
2025-08-08,91.738,91.858,90.478,90.478,125801,,,-1.6950,hfq
2025-08-11,90.238,92.338,90.238,91.978,175990,,,1.6579,hfq
2025-08-12,91.678,92.518,91.558,92.098,110891,,,0.1305,hfq
2025-08-13,92.338,92.758,91.738,92.518,148252,,,0.4560,hfq
2025-08-14,92.638,93.358,91.378,92.398,199194,,,-0.1297,hfq
2025-08-15,92.458,93.118,92.218,92.698,173110,,,0.3247,hfq
2025-08-18,92.938,95.878,92.818,94.558,336116,,,2.0065,hfq
2025-08-19,94.678,95.638,93.778,95.278,248363,,,0.7614,hfq
2025-08-20,95.098,98.158,94.498,97.438,396312,,,2.2671,hfq
2025-08-21,97.678,97.918,96.058,96.658,275450,,,-0.8005,hfq
2025-08-22,96.838,97.258,96.058,97.138,207354,,,0.4966,hfq
2025-08-25,98.038,98.098,95.698,96.238,271302,,,-0.9265,hfq
2025-08-26,95.878,98.878,95.578,97.918,366173,,,1.7457,hfq
2025-08-27,98.458,100.978,95.818,95.938,363610,,,-2.0221,hfq
2025-08-28,95.578,96.778,93.478,96.718,273594,,,0.8130,hfq
2025-08-29,96.718,96.838,94.558,95.038,217411,,,-1.7370,hfq
2025-09-01,95.518,96.418,94.618,95.038,182079,,,0.0000,hfq
2025-09-02,94.558,95.038,91.438,91.978,267184,,,-3.2198,hfq
2025-09-03,92.998,92.998,89.878,90.238,160935,,,-1.8918,hfq
2025-09-04,90.538,92.518,88.618,89.758,207153,,,-0.5319,hfq
2025-09-05,89.938,91.978,89.338,91.918,182298,,,2.4065,hfq
2025-09-08,91.318,92.878,91.138,91.918,118312,,,0.0000,hfq
2025-09-09,91.738,91.858,89.938,90.238,134611,,,-1.8277,hfq
2025-09-10,90.058,90.658,89.638,89.938,100272,,,-0.3325,hfq
2025-09-11,89.758,91.498,89.098,91.498,155039,,,1.7345,hfq
2025-09-12,92.038,92.038,90.598,90.658,130617,,,-0.9181,hfq
2025-09-15,90.778,91.198,89.698,89.878,114106,,,-0.8604,hfq
2025-09-16,89.878,91.078,89.518,90.778,117215,,,1.0014,hfq
2025-09-17,90.778,91.918,90.298,91.258,138214,,,0.5288,hfq
2025-09-18,90.958,92.158,89.518,90.118,195472,,,-1.2492,hfq
2025-09-19,90.058,90.598,89.518,89.698,118823,,,-0.4661,hfq
2025-09-22,91.318,95.038,90.718,94.078,538164,,,4.8831,hfq
2025-09-23,94.018,94.438,90.118,92.338,367355,,,-1.8495,hfq
2025-09-24,91.558,92.158,90.418,92.158,260040,,,-0.1949,hfq
2025-09-25,92.158,98.338,91.198,94.798,615086,,,2.8646,hfq
2025-09-26,94.498,95.518,92.458,93.298,376361,,,-1.5823,hfq
2025-09-29,92.998,93.538,92.038,92.518,213847,,,-0.8360,hfq
2025-09-30,92.818,96.418,91.738,96.118,489338,,,3.8911,hfq
2025-10-09,95.038,96.238,94.798,95.338,338794,,,-0.8115,hfq
2025-10-10,94.978,96.178,94.198,94.558,279933,,,-0.8181,hfq
2025-10-13,91.078,93.718,90.898,92.278,240028,,,-2.4112,hfq
2025-10-14,92.338,93.058,90.598,90.598,209854,,,-1.8206,hfq
2025-10-15,90.538,91.378,89.518,91.378,131713,,,0.8609,hfq
2025-10-16,91.318,91.318,89.698,89.878,131232,,,-1.6415,hfq
2025-10-17,89.938,90.178,87.118,87.298,180161,,,-2.8706,hfq
2025-10-20,87.898,88.258,87.238,87.838,91427,,,0.6186,hfq
2025-10-21,88.138,89.218,87.718,88.858,98819,,,1.1612,hfq
2025-10-22,88.438,88.858,87.958,88.018,75800,,,-0.9453,hfq
2025-10-23,88.018,88.318,86.998,88.258,82600,,,0.2727,hfq
2025-10-24,88.258,88.798,88.258,88.678,84654,,,0.4759,hfq
2025-10-27,89.218,89.398,88.438,88.738,86538,,,0.0677,hfq
2025-10-28,88.438,88.558,87.718,88.018,94925,,,-0.8114,hfq
2025-10-29,88.018,88.378,87.238,88.378,89913,,,0.4090,hfq
2025-10-30,88.558,88.558,87.118,87.178,97488,,,-1.3578,hfq
2025-10-31,87.178,87.898,87.178,87.898,74312,,,0.8259,hfq
2025-11-03,87.538,88.078,87.238,88.078,71875,,,0.2048,hfq
2025-11-04,88.138,88.198,87.178,87.538,80872,,,-0.6131,hfq
2025-11-05,87.058,87.838,86.758,87.658,65661,,,0.1371,hfq
2025-11-06,87.718,87.898,87.358,87.838,58431,,,0.2053,hfq
2025-11-07,87.718,88.078,87.358,87.838,73206,,,0.0000,hfq
2025-11-10,87.898,88.378,87.478,88.318,84267,,,0.5465,hfq
2025-11-11,88.558,88.678,87.538,87.718,95850,,,-0.6794,hfq
2025-11-12,87.598,87.958,87.238,87.718,60292,,,0.0000,hfq
2025-11-13,87.718,87.838,87.358,87.838,55368,,,0.1368,hfq
2025-11-14,87.718,89.398,87.478,88.438,159465,,,0.6831,hfq
2025-11-17,88.138,88.978,87.958,88.918,96063,,,0.5428,hfq
2025-11-18,88.618,89.158,88.138,88.558,83461,,,-0.4049,hfq
2025-11-19,88.438,88.798,87.118,87.418,88826,,,-1.2873,hfq
2025-11-20,87.598,87.958,86.938,87.298,52380,,,-0.1373,hfq
2025-11-21,86.758,87.178,83.938,84.118,127117,,,-3.6427,hfq
2025-11-24,84.118,85.258,84.118,84.838,64260,,,0.8559,hfq
2025-11-25,85.018,85.978,84.898,85.318,64676,,,0.5658,hfq
2025-11-26,85.318,88.918,84.898,86.938,133212,,,1.8988,hfq
2025-11-27,86.098,87.838,86.098,86.818,90891,,,-0.1380,hfq
2025-11-28,86.578,87.058,86.278,86.698,57527,,,-0.1382,hfq
2025-12-01,86.698,89.818,86.458,89.518,280499,,,3.2527,hfq
2025-12-02,89.218,89.518,88.318,88.918,153409,,,-0.6703,hfq
2025-12-03,88.558,88.918,87.238,88.018,117430,,,-1.0122,hfq
2025-12-04,87.658,87.898,85.978,86.638,91178,,,-1.5679,hfq
2025-12-05,86.518,87.178,85.798,87.178,78380,,,0.6233,hfq
2025-12-08,86.938,87.538,86.758,86.818,77405,,,-0.4129,hfq
2025-12-09,86.698,87.058,85.918,86.098,67540,,,-0.8293,hfq
2025-12-10,85.978,86.218,85.258,85.858,64900,,,-0.2788,hfq
2025-12-11,86.098,86.098,84.478,84.538,66741,,,-1.5374,hfq
2025-12-12,84.718,85.378,84.358,85.138,47231,,,0.7097,hfq
2025-12-15,84.838,85.378,84.478,84.718,42992,,,-0.4933,hfq
2025-12-16,84.658,84.658,83.458,83.518,73458,,,-1.4165,hfq
2025-12-17,83.638,84.718,82.618,84.418,81401,,,1.0776,hfq
2025-12-18,84.298,84.598,83.878,84.058,44654,,,-0.4264,hfq
2025-12-19,83.998,84.778,83.998,84.658,51447,,,0.7138,hfq
2025-12-22,84.718,85.138,84.478,84.598,52570,,,-0.0709,hfq
2025-12-23,84.598,84.658,83.818,83.938,49973,,,-0.7802,hfq
2025-12-24,83.938,84.898,83.818,84.658,54927,,,0.8578,hfq
2025-12-25,84.658,84.778,84.058,84.598,58097,,,-0.0709,hfq
2025-12-26,84.418,84.718,83.998,84.238,60704,,,-0.4255,hfq
2025-12-29,84.238,84.358,83.698,83.758,55467,,,-0.5698,hfq
2025-12-30,83.518,83.998,83.278,83.398,49825,,,-0.4298,hfq
2025-12-31,83.998,84.238,83.398,83.398,60226,,,0.0000,hfq
2026-01-05,83.398,84.598,83.398,84.598,85167,,,1.4389,hfq
2026-01-06,84.658,85.198,84.538,85.078,94956,,,0.5674,hfq
2026-01-07,85.078,85.138,84.298,84.478,88654,,,-0.7052,hfq
2026-01-08,84.358,85.738,84.238,85.198,111631,,,0.8523,hfq
2026-01-09,85.198,85.618,84.958,85.618,110924,,,0.4930,hfq
2026-01-12,85.978,92.158,85.738,90.178,460144,,,5.3260,hfq
2026-01-13,90.718,90.718,87.838,87.958,253397,,,-2.4618,hfq
2026-01-14,88.078,89.638,87.418,88.618,247531,,,0.7504,hfq
2026-01-15,87.838,88.738,87.118,87.778,124098,,,-0.9479,hfq
2026-01-16,88.018,88.318,86.638,87.538,130080,,,-0.2734,hfq
2026-01-19,87.538,87.778,86.938,87.778,92724,,,0.2742,hfq
2026-01-20,87.598,87.778,86.638,87.118,94328,,,-0.7519,hfq
2026-01-21,86.638,87.298,86.338,86.698,89945,,,-0.4821,hfq
2026-01-22,86.818,87.418,86.698,87.058,78414,,,0.4152,hfq
2026-01-23,87.058,87.658,86.638,87.358,153735,,,0.3446,hfq
2026-01-26,87.358,87.478,85.738,86.158,146982,,,-1.3737,hfq
2026-01-27,86.038,86.458,84.718,86.098,103895,,,-0.0696,hfq
2026-01-28,86.038,86.158,85.018,85.258,86361,,,-0.9756,hfq
2026-01-29,85.138,86.098,84.118,84.898,104499,,,-0.4222,hfq
2026-01-30,84.538,85.318,84.118,84.958,77632,,,0.0707,hfq
2026-02-02,84.718,85.318,83.758,83.818,75307,,,-1.3418,hfq
2026-02-03,84.178,84.538,83.818,84.478,58598,,,0.7874,hfq
2026-02-04,84.118,84.718,83.938,84.718,57596,,,0.2841,hfq
2026-02-05,84.238,85.318,84.238,85.018,76165,,,0.3541,hfq
2026-02-06,84.778,85.438,84.238,84.778,54267,,,-0.2823,hfq
2026-02-09,85.318,85.558,85.078,85.498,54968,,,0.8493,hfq
2026-02-10,85.498,86.098,85.498,85.678,70965,,,0.2105,hfq
2026-02-11,85.978,86.038,85.378,85.558,45075,,,-0.1401,hfq
2026-02-12,85.558,85.738,85.018,85.138,50669,,,-0.4909,hfq
2026-02-13,85.018,85.798,84.598,84.598,53914,,,-0.6343,hfq
2026-02-24,85.258,85.378,84.658,85.078,47917,,,0.5674,hfq
2026-02-25,85.078,85.738,84.958,85.558,56506,,,0.5642,hfq
2026-02-26,85.498,85.798,85.258,85.498,53487,,,-0.0701,hfq
2026-02-27,85.498,85.918,85.078,85.738,64269,,,0.2807,hfq
2026-03-02,85.078,85.138,83.578,83.638,132403,,,-2.4493,hfq
2026-03-03,83.578,83.938,81.298,81.478,114762,,,-2.5826,hfq
2026-03-04,81.058,81.778,80.278,80.758,65699,,,-0.8837,hfq
2026-03-05,81.598,81.838,80.878,81.358,52680,,,0.7430,hfq
2026-03-06,80.998,81.538,80.938,81.538,41631,,,0.2212,hfq
2026-03-09,80.818,81.298,79.378,81.118,77242,,,-0.5151,hfq
2026-03-10,81.538,82.198,81.478,81.898,48092,,,0.9616,hfq
2026-03-11,82.018,82.318,81.538,81.838,40107,,,-0.0733,hfq
2026-03-12,81.718,82.078,80.938,81.178,40017,,,-0.8065,hfq
2026-03-13,80.878,81.658,80.638,81.118,39400,,,-0.0739,hfq
2026-03-16,80.938,81.658,80.458,81.598,41406,,,0.5917,hfq
2026-03-17,81.598,82.138,81.058,81.238,49115,,,-0.4412,hfq
2026-03-18,81.238,81.598,80.578,81.118,41336,,,-0.1477,hfq
2026-03-19,80.398,80.638,78.838,78.898,65609,,,-2.7368,hfq
2026-03-20,79.498,79.558,77.398,77.518,56086,,,-1.7491,hfq
2026-03-23,76.858,76.858,73.258,73.858,97579,,,-4.7215,hfq
2026-03-24,74.758,75.358,73.738,75.178,51677,,,1.7872,hfq
2026-03-25,75.178,76.258,74.938,76.018,47274,,,1.1173,hfq
2026-03-26,75.838,76.558,75.058,75.298,40374,,,-0.9471,hfq
2026-03-27,74.698,76.198,74.398,75.958,42924,,,0.8765,hfq
2026-03-30,77.098,79.438,76.858,77.998,124871,,,2.6857,hfq
2026-03-31,78.298,79.498,77.578,78.478,83573,,,0.6154,hfq
2026-04-01,79.318,79.618,78.478,78.898,50791,,,0.5352,hfq
2026-04-02,78.898,79.078,77.578,77.938,44935,,,-1.2168,hfq
2026-04-03,77.998,78.478,77.338,77.458,41626,,,-0.6159,hfq
2026-04-07,77.398,78.298,77.158,77.638,33759,,,0.2324,hfq
2026-04-08,78.718,79.378,78.358,79.318,77343,,,2.1639,hfq
2026-04-09,78.898,79.678,78.718,78.958,55299,,,-0.4539,hfq
2026-04-10,79.618,80.278,79.258,80.038,74042,,,1.3678,hfq
2026-04-13,79.318,80.038,79.258,79.798,39241,,,-0.2999,hfq
2026-04-14,80.038,80.278,79.258,79.498,47838,,,-0.3759,hfq
2026-04-15,79.858,80.158,79.138,79.198,42369,,,-0.3774,hfq
2026-04-16,79.138,79.618,79.018,79.438,42797,,,0.3030,hfq
2026-04-17,79.258,79.378,78.778,79.078,36338,,,-0.4532,hfq
2026-04-20,79.138,79.798,78.778,79.438,40560,,,0.4552,hfq
2026-04-21,79.198,79.498,78.598,78.898,34622,,,-0.6798,hfq
2026-04-22,78.838,79.138,78.598,79.018,36054,,,0.1521,hfq
2026-04-23,78.958,79.318,78.358,78.658,48515,,,-0.4556,hfq
2026-04-24,77.038,77.338,75.718,76.498,109444,,,-2.7461,hfq
2026-04-27,76.738,78.778,75.898,78.058,83603,,,2.0393,hfq
2026-04-28,77.758,78.538,76.918,77.458,51842,,,-0.7687,hfq
2026-04-29,77.098,78.598,77.038,78.238,55838,,,1.0070,hfq
2026-04-30,78.298,78.478,77.158,77.698,47940,,,-0.6902,hfq
2026-05-06,77.878,78.838,77.698,78.358,67536,,,0.8494,hfq
2026-05-07,78.658,78.718,77.998,78.658,55874,,,0.3829,hfq
2026-05-08,78.598,79.618,78.418,79.318,68211,,,0.8391,hfq
2026-05-11,79.798,79.978,78.538,78.958,81408,,,-0.4539,hfq
2026-05-12,79.018,79.078,76.438,76.438,121232,,,-3.1916,hfq
2026-05-13,76.378,79.138,76.138,78.718,130026,,,2.9828,hfq
2026-05-14,78.718,79.798,77.158,79.018,175487,,,0.3811,hfq
2026-05-15,79.078,80.458,78.778,79.558,152945,,,0.6834,hfq
2026-05-18,79.078,79.558,77.878,79.018,115445,,,-0.6788,hfq
2026-05-19,79.018,79.918,78.718,79.798,96237,,,0.9871,hfq
2026-05-20,79.438,79.558,77.758,78.058,103649,,,-2.1805,hfq
2026-05-21,78.771,80.031,77.871,78.051,135250,,,-0.0090,hfq
2026-05-22,78.411,78.891,76.431,78.351,117377,,,0.3844,hfq
2026-05-25,78.411,79.251,77.031,77.511,92285,,,-1.0721,hfq
2026-05-26,77.571,81.531,75.951,79.971,144614,,,3.1737,hfq
2026-05-27,78.711,80.811,78.351,79.251,198031,,,-0.9003,hfq
2026-05-28,78.891,80.511,77.991,80.151,197210,,,1.1356,hfq
2026-05-29,79.791,80.571,78.231,79.131,170354,,,-1.2726,hfq
2026-06-01,78.891,81.171,78.711,81.111,238028,,,2.5022,hfq
2026-06-02,80.451,81.591,80.151,80.451,179583,,,-0.8137,hfq
2026-06-03,79.791,81.231,79.491,80.151,161322,,,-0.3729,hfq
2026-06-04,79.311,80.091,77.751,77.991,136268,,,-2.6949,hfq
2026-06-05,77.631,79.071,75.951,77.811,107260,,,-0.2308,hfq
2026-06-08,76.371,77.151,75.411,76.011,95777,,,-2.3133,hfq
2026-06-09,76.311,76.431,74.091,74.511,97817,,,-1.9734,hfq
2026-06-10,74.031,74.031,71.691,72.351,119144,,,-2.8989,hfq
2026-06-11,72.171,72.771,70.731,71.211,78127,,,-1.5757,hfq
2026-06-12,72.171,75.171,71.811,73.911,158345,,,3.7915,hfq
2026-06-15,74.031,74.511,72.831,73.431,100708,,,-0.6494,hfq
2026-06-16,73.311,74.451,72.531,73.731,85231,,,0.4085,hfq
2026-06-17,73.431,74.211,72.111,72.471,78447,,,-1.7089,hfq
2026-06-18,72.171,72.711,71.391,72.231,57773,,,-0.3312,hfq
2026-06-22,71.991,71.991,70.251,71.811,93556,,,-0.5815,hfq
2026-06-23,71.271,73.731,71.271,73.251,120436,,,2.0053,hfq
2026-06-24,72.891,72.891,71.211,71.631,76622,,,-2.2116,hfq
2026-06-25,71.631,71.691,69.051,69.171,108577,,,-3.4343,hfq
2026-06-26,68.931,68.931,67.191,67.311,85607,,,-2.6890,hfq
2026-06-29,67.251,67.371,65.451,66.651,82840,,,-0.9805,hfq
2026-06-30,66.771,67.611,66.531,66.771,57957,,,0.1800,hfq
2026-07-01,66.891,68.211,66.651,67.431,69999,,,0.9885,hfq
2026-07-02,67.431,68.271,66.951,67.731,62888,,,0.4449,hfq
2026-07-03,67.971,70.371,67.911,69.291,106298,,,2.3032,hfq
2026-07-06,69.111,69.171,67.791,67.971,76215,,,-1.9050,hfq
2026-07-07,67.551,67.971,66.771,66.831,53007,,,-1.6772,hfq
2026-07-08,66.891,67.311,66.291,67.011,51570,,,0.2693,hfq
2026-07-09,66.951,67.731,66.471,67.491,60126,,,0.7163,hfq
2026-07-10,67.371,69.231,67.071,68.511,86997,,,1.5113,hfq
2026-07-13,68.271,68.811,67.371,67.611,71780,,,-1.3137,hfq
2026-07-14,67.311,68.571,67.131,68.391,70478,,,1.1537,hfq
2026-07-15,68.391,72.171,68.391,70.971,146197,,,3.7724,hfq
2026-07-16,70.371,74.391,70.371,72.891,192588,,,2.7053,hfq
2026-07-17,72.291,74.631,71.991,73.731,213836,,,1.1524,hfq
2026-07-20,73.371,74.331,72.411,73.851,168220,,,0.1628,hfq
2026-07-21,72.891,75.291,72.891,73.431,163580,,,-0.5687,hfq
2026-07-22,73.131,73.371,71.871,71.991,127003,,,-1.9610,hfq
2026-07-23,71.811,72.711,71.331,71.811,79633,,,-0.2500,hfq
2026-07-24,71.331,71.931,70.611,70.611,71153,,,-1.6711,hfq
2026-07-27,70.611,71.871,70.491,71.391,62962,,,1.1046,hfq
2026-07-28,70.611,71.931,70.611,71.691,70214,,,0.4202,hfq
2026-07-29,71.571,73.731,71.331,73.611,109209,,,2.6782,hfq
2026-07-30,73.611,74.511,73.191,74.211,88848,,,0.8151,hfq
2026-07-31,74.211,74.931,73.671,74.631,99813,,,0.5660,hfq
2026-08-03,74.391,76.371,74.271,76.011,91859,,,1.8491,hfq
2026-08-04,76.251,76.371,74.751,74.931,77359,,,-1.4208,hfq
2026-08-05,74.691,75.111,73.971,74.391,89224,,,-0.7207,hfq
2026-08-06,74.331,74.391,73.491,73.731,67623,,,-0.8872,hfq
2026-08-07,74.031,74.391,72.651,73.191,84856,,,-0.7324,hfq
2026-08-10,73.191,73.611,72.231,73.311,71226,,,0.1640,hfq
2026-08-11,73.191,73.311,72.471,72.771,64407,,,-0.7366,hfq
2026-08-12,72.771,73.011,72.351,72.531,61441,,,-0.3298,hfq
2026-08-13,72.531,72.771,71.391,71.571,92660,,,-1.3236,hfq
2026-08-14,71.571,71.931,70.731,71.151,69769,,,-0.5868,hfq
2026-08-17,71.151,71.511,70.311,71.451,63705,,,0.4216,hfq
2026-08-18,71.511,71.511,70.491,70.971,60661,,,-0.6718,hfq
2026-08-19,70.731,70.971,69.471,69.711,66497,,,-1.7754,hfq
2026-08-20,70.431,73.071,69.951,72.711,160847,,,4.3035,hfq
2026-08-21,72.291,72.531,71.151,71.451,83848,,,-1.7329,hfq
2026-08-24,71.391,72.411,70.551,71.691,76780,,,0.3359,hfq
2026-08-25,71.451,73.251,71.151,73.131,99715,,,2.0086,hfq
2026-08-26,72.831,74.031,72.651,73.251,79423,,,0.1641,hfq
2026-08-27,72.831,73.431,72.531,72.771,63986,,,-0.6553,hfq
2026-08-28,72.771,73.431,72.351,72.591,53348,,,-0.2474,hfq
2026-08-31,71.991,73.851,71.991,73.671,73696,,,1.4878,hfq
2026-09-01,73.671,74.331,73.311,73.971,70708,,,0.4072,hfq
2026-09-02,73.551,74.451,73.431,74.331,80885,,,0.4867,hfq
2026-09-03,74.511,74.751,73.131,73.311,67615,,,-1.3722,hfq
2026-09-04,73.371,74.031,72.951,73.071,57922,,,-0.3274,hfq
2026-09-07,73.071,73.311,72.651,72.891,63460,,,-0.2463,hfq
2026-09-08,72.891,73.131,72.591,72.771,47244,,,-0.1646,hfq
2026-09-09,72.711,72.951,71.631,71.811,62950,,,-1.3192,hfq
2026-09-10,71.691,71.811,70.971,71.271,38583,,,-0.7520,hfq
2026-09-11,71.091,71.091,70.371,70.731,55818,,,-0.7577,hfq
2026-09-14,70.491,71.271,70.131,70.731,40044,,,0.0000,hfq
2026-09-15,70.731,71.031,69.891,69.951,35024,,,-1.1028,hfq
2026-09-16,70.011,70.491,69.591,70.251,40304,,,0.4289,hfq
2026-09-17,70.251,71.391,70.131,71.271,53926,,,1.4519,hfq
2026-09-18,71.631,73.011,71.331,72.231,65205,,,1.3470,hfq
