trade_date,open,high,low,close,volume,amount,turnover,pct_change,adjust
2011-10-13,39.000,39.300,37.750,38.210,165628,,,,hfq
2011-10-14,37.000,37.080,35.200,35.690,93503,,,-6.5951,hfq
2011-10-17,35.500,37.890,35.500,37.300,88613,,,4.5111,hfq
2011-10-18,36.550,37.500,35.810,36.380,53675,,,-2.4665,hfq
2011-10-19,36.650,36.800,34.550,34.820,50631,,,-4.2881,hfq
2011-10-20,34.390,34.390,32.060,32.900,39753,,,-5.5141,hfq
2011-10-21,32.800,33.400,32.500,32.860,20647,,,-0.1216,hfq
2011-10-24,33.000,33.000,29.800,32.440,39430,,,-1.2781,hfq
2011-10-25,31.880,33.990,31.350,33.320,35850,,,2.7127,hfq
2011-10-26,33.420,34.000,32.680,32.900,40817,,,-1.2605,hfq
2011-10-27,32.800,34.200,32.560,33.950,42752,,,3.1915,hfq
2011-10-28,34.350,34.360,33.690,34.280,32610,,,0.9720,hfq
2011-10-31,34.280,34.650,33.700,34.170,26356,,,-0.3209,hfq
2011-11-01,33.830,34.380,33.510,33.930,24844,,,-0.7024,hfq
2011-11-02,33.490,34.560,32.720,34.370,34181,,,1.2968,hfq
2011-11-03,34.370,35.250,34.370,34.400,41160,,,0.0873,hfq
2011-11-04,34.490,35.500,34.350,34.990,35342,,,1.7151,hfq
2011-11-07,34.600,34.970,34.200,34.220,21452,,,-2.2006,hfq
2011-11-08,34.310,34.780,34.120,34.220,19607,,,0.0000,hfq
2011-11-09,34.230,34.630,33.730,34.390,19093,,,0.4968,hfq
2011-11-10,33.990,34.190,33.390,33.400,20005,,,-2.8787,hfq
2011-11-11,33.270,33.660,32.900,32.920,13816,,,-1.4371,hfq
2011-11-14,33.500,34.280,33.150,33.920,17957,,,3.0377,hfq
2011-11-15,33.800,34.330,33.710,34.150,14829,,,0.6781,hfq
2011-11-16,34.400,35.120,33.860,33.920,32193,,,-0.6735,hfq
2011-11-17,33.910,35.170,33.810,34.700,33527,,,2.2995,hfq
2011-11-18,34.370,35.220,34.300,35.100,39614,,,1.1527,hfq
2011-11-21,34.980,35.280,33.200,33.600,27911,,,-4.2735,hfq
2011-11-22,32.900,33.460,32.680,33.170,13738,,,-1.2798,hfq
2011-11-23,33.500,34.980,33.300,34.420,31216,,,3.7685,hfq
2011-11-24,34.010,35.280,34.010,34.970,31639,,,1.5979,hfq
2011-11-25,35.000,35.830,34.300,34.780,31037,,,-0.5433,hfq
2011-11-28,35.100,35.780,34.500,35.630,27164,,,2.4439,hfq
2011-11-29,36.000,36.110,35.050,35.370,25260,,,-0.7297,hfq
2011-11-30,35.180,35.180,32.710,32.940,28381,,,-6.8702,hfq
2011-12-01,34.400,34.400,33.200,33.210,23774,,,0.8197,hfq
2011-12-02,33.190,33.190,31.790,31.830,17063,,,-4.1554,hfq
2011-12-05,31.790,31.820,30.190,30.220,16397,,,-5.0581,hfq
2011-12-06,30.000,30.830,29.910,30.580,9096,,,1.1913,hfq
2011-12-07,30.380,31.150,30.350,30.740,7698,,,0.5232,hfq
2011-12-08,30.500,31.080,29.700,30.830,13383,,,0.2928,hfq
2011-12-09,30.350,30.780,30.100,30.260,5886,,,-1.8488,hfq
2011-12-12,30.030,30.390,29.910,29.920,5462,,,-1.1236,hfq
2011-12-13,29.800,29.810,28.310,28.360,10264,,,-5.2139,hfq
2011-12-14,28.700,28.930,27.840,27.900,5451,,,-1.6220,hfq
2011-12-15,28.040,28.250,27.350,27.600,8603,,,-1.0753,hfq
2011-12-16,27.730,28.560,27.520,28.500,8852,,,3.2609,hfq
2011-12-19,28.010,30.480,27.920,30.100,22762,,,5.6140,hfq
2011-12-20,29.720,30.140,29.150,29.150,12740,,,-3.1561,hfq
2011-12-21,29.290,29.980,28.280,28.280,8925,,,-2.9846,hfq
2011-12-22,28.010,28.220,26.650,27.930,9894,,,-1.2376,hfq
2011-12-23,27.750,28.460,27.520,27.820,5604,,,-0.3938,hfq
2011-12-26,27.650,28.380,27.400,27.680,4158,,,-0.5032,hfq
2011-12-27,27.590,27.740,26.010,26.100,7550,,,-5.7081,hfq
2011-12-28,26.080,26.450,25.030,25.800,5405,,,-1.1494,hfq
2011-12-29,25.530,26.160,25.000,25.550,3884,,,-0.9690,hfq
2011-12-30,25.850,26.160,25.630,26.000,4811,,,1.7613,hfq
2012-01-04,26.220,26.360,24.800,24.870,4844,,,-4.3462,hfq
2012-01-05,24.600,24.830,22.900,23.060,9672,,,-7.2778,hfq
2012-01-06,23.090,23.850,22.920,23.850,6167,,,3.4258,hfq
2012-01-09,23.700,25.080,23.400,25.040,7106,,,4.9895,hfq
2012-01-10,25.170,25.950,24.810,25.760,14017,,,2.8754,hfq
2012-01-11,25.690,25.880,25.380,25.690,11443,,,-0.2717,hfq
2012-01-12,25.590,26.420,25.460,25.650,12271,,,-0.1557,hfq
2012-01-13,26.000,26.000,23.090,23.150,45265,,,-9.7466,hfq
2012-01-16,22.680,22.930,22.090,22.200,13012,,,-4.1037,hfq
2012-01-17,22.250,23.640,22.210,23.540,12976,,,6.0360,hfq
2012-01-18,23.790,23.790,22.540,22.700,12714,,,-3.5684,hfq
2012-01-19,22.550,23.490,22.500,23.260,7732,,,2.4670,hfq
2012-01-20,23.390,23.710,23.250,23.620,11020,,,1.5477,hfq
2012-01-30,24.020,25.300,24.020,24.690,30632,,,4.5301,hfq
2012-01-31,24.370,24.880,24.230,24.500,12576,,,-0.7695,hfq
2012-02-01,24.480,25.070,24.320,24.480,11336,,,-0.0816,hfq
2012-02-02,24.560,24.980,24.500,24.960,11327,,,1.9608,hfq
2012-02-03,24.960,25.380,24.820,25.280,14297,,,1.2821,hfq
2012-02-06,25.220,25.480,24.700,25.280,15710,,,0.0000,hfq
2012-02-07,25.060,25.060,24.420,24.600,10521,,,-2.6899,hfq
2012-02-08,24.600,25.230,24.490,25.230,12343,,,2.5610,hfq
2012-02-09,25.280,25.870,25.110,25.440,18558,,,0.8323,hfq
2012-02-10,25.600,25.990,25.400,25.950,18116,,,2.0047,hfq
2012-02-13,25.790,26.750,25.600,26.540,20466,,,2.2736,hfq
2012-02-14,26.590,26.640,25.880,26.240,15738,,,-1.1304,hfq
2012-02-15,26.240,26.440,25.900,26.440,14182,,,0.7622,hfq
2012-02-16,26.480,27.170,26.180,26.500,19406,,,0.2269,hfq
2012-02-17,26.500,26.750,26.000,26.290,9452,,,-0.7925,hfq
2012-02-20,26.600,26.680,26.080,26.100,14379,,,-0.7227,hfq
2012-02-21,26.070,26.610,25.800,26.600,12960,,,1.9157,hfq
2012-02-22,26.640,27.880,26.620,27.680,28567,,,4.0602,hfq
2012-02-23,27.690,28.880,27.500,28.400,31763,,,2.6012,hfq
2012-02-24,28.220,28.790,27.960,28.290,18664,,,-0.3873,hfq
2012-02-27,28.200,28.450,27.790,28.010,35359,,,-0.9897,hfq
2012-02-28,27.800,27.890,27.180,27.740,21809,,,-0.9639,hfq
2012-02-29,27.600,27.910,27.360,27.460,10854,,,-1.0094,hfq
2012-03-01,27.210,27.770,27.200,27.470,8928,,,0.0364,hfq
2012-03-02,27.450,28.260,27.300,28.190,18758,,,2.6210,hfq
2012-03-05,28.200,28.730,28.060,28.640,26002,,,1.5963,hfq
2012-03-06,28.550,28.550,27.810,28.210,16285,,,-1.5014,hfq
2012-03-07,27.750,28.500,27.500,28.350,15750,,,0.4963,hfq
2012-03-08,28.390,28.870,28.100,28.210,13096,,,-0.4938,hfq
2012-03-09,28.260,29.040,28.260,29.030,19159,,,2.9068,hfq
2012-03-12,29.110,29.440,28.660,28.930,15138,,,-0.3445,hfq
2012-03-13,28.820,29.920,28.820,29.800,23879,,,3.0073,hfq
2012-03-14,29.930,30.060,27.580,27.890,31901,,,-6.4094,hfq
2012-03-15,27.890,28.300,26.700,27.780,17155,,,-0.3944,hfq
2012-03-16,27.720,28.270,27.400,28.180,9297,,,1.4399,hfq
2012-03-19,28.300,28.790,28.020,28.780,12981,,,2.1292,hfq
2012-03-20,28.700,28.700,27.860,27.880,10586,,,-3.1272,hfq
2012-03-21,28.020,28.280,27.100,27.560,8659,,,-1.1478,hfq
2012-03-22,27.450,27.450,27.100,27.200,9837,,,-1.3062,hfq
2012-03-23,27.060,27.100,26.300,26.460,12149,,,-2.7206,hfq
2012-03-26,26.320,26.670,26.150,26.230,4814,,,-0.8692,hfq
2012-03-27,26.480,26.650,26.280,26.400,4035,,,0.6481,hfq
2012-03-28,26.450,26.450,24.810,24.860,9334,,,-5.8333,hfq
2012-03-29,24.800,24.980,24.300,24.340,6226,,,-2.0917,hfq
2012-03-30,24.250,24.580,23.820,23.890,5881,,,-1.8488,hfq
2012-04-05,24.010,24.830,23.900,24.800,5455,,,3.8091,hfq
2012-04-06,24.640,25.090,24.620,24.820,5089,,,0.0806,hfq
2012-04-09,24.950,24.990,24.510,24.550,3199,,,-1.0878,hfq
2012-04-10,24.310,24.550,23.650,24.430,6472,,,-0.4888,hfq
2012-04-11,24.100,24.580,23.900,24.440,5072,,,0.0409,hfq
2012-04-12,24.460,25.160,24.450,25.110,7335,,,2.7414,hfq
2012-04-13,25.320,25.460,25.050,25.330,6397,,,0.8761,hfq
2012-04-16,25.200,25.300,24.820,25.190,4572,,,-0.5527,hfq
2012-04-17,25.190,25.280,24.820,25.080,4500,,,-0.4367,hfq
2012-04-18,25.030,25.730,25.030,25.700,7727,,,2.4721,hfq
2012-04-19,25.610,25.680,25.270,25.510,6816,,,-0.7393,hfq
2012-04-20,25.250,25.540,25.200,25.540,7615,,,0.1176,hfq
2012-04-23,25.590,25.720,24.340,24.620,8539,,,-3.6022,hfq
2012-04-24,24.490,25.240,23.930,24.000,11476,,,-2.5183,hfq
2012-04-25,22.250,22.800,21.610,21.910,29581,,,-8.7083,hfq
2012-04-26,22.060,22.180,21.820,21.890,12127,,,-0.0913,hfq
2012-04-27,21.890,22.030,21.820,21.970,6241,,,0.3655,hfq
2012-05-02,22.150,22.290,21.910,22.030,11456,,,0.2731,hfq
2012-05-03,22.000,22.500,21.820,22.370,12927,,,1.5433,hfq
2012-05-04,22.260,22.430,22.170,22.400,8124,,,0.1341,hfq
2012-05-07,22.260,22.650,22.030,22.600,11238,,,0.8929,hfq
2012-05-08,22.600,23.170,22.410,22.950,14648,,,1.5487,hfq
2012-05-09,22.900,22.900,22.280,22.340,11151,,,-2.6580,hfq
2012-05-10,22.300,22.550,22.220,22.320,4796,,,-0.0895,hfq
2012-05-11,22.480,22.490,22.200,22.300,4970,,,-0.0896,hfq
2012-05-14,22.360,22.480,22.080,22.200,7318,,,-0.4484,hfq
2012-05-15,22.020,22.040,21.700,21.880,7306,,,-1.4414,hfq
2012-05-16,21.870,21.940,21.690,21.700,4082,,,-0.8227,hfq
2012-05-17,21.510,21.990,21.510,21.900,5258,,,0.9217,hfq
2012-05-21,21.700,21.700,20.620,20.860,11163,,,-4.7489,hfq
2012-05-22,20.950,21.160,20.890,21.080,7355,,,1.0547,hfq
2012-05-23,21.090,21.210,20.600,20.700,7180,,,-1.8027,hfq
2012-05-24,20.510,22.450,20.510,21.950,24973,,,6.0386,hfq
2012-05-25,21.710,21.830,21.140,21.160,10616,,,-3.5991,hfq
2012-05-28,21.000,21.440,21.000,21.430,7211,,,1.2760,hfq
2012-05-29,21.350,22.780,21.350,22.440,23715,,,4.7130,hfq
2012-05-30,22.490,22.580,22.180,22.360,9826,,,-0.3565,hfq
2012-05-31,22.350,22.480,22.040,22.360,8502,,,0.0000,hfq
2012-06-01,22.360,22.510,22.000,22.170,6264,,,-0.8497,hfq
2012-06-04,21.790,21.790,21.000,21.010,10126,,,-5.2323,hfq
2012-06-05,21.040,21.310,20.810,21.020,4775,,,0.0476,hfq
2012-06-06,21.140,21.140,20.850,20.950,3669,,,-0.3330,hfq
2012-06-07,21.250,21.250,20.710,20.730,4712,,,-1.0501,hfq
2012-06-08,20.900,20.990,20.530,20.550,3913,,,-0.8683,hfq
2012-06-11,20.500,21.070,20.500,21.010,5353,,,2.2384,hfq
2012-06-12,21.000,21.540,20.950,21.490,10661,,,2.2846,hfq
2012-06-13,21.450,21.780,21.300,21.730,8569,,,1.1168,hfq
2012-06-14,21.780,21.780,21.470,21.500,5454,,,-1.0584,hfq
2012-06-15,21.620,21.620,21.100,21.360,5600,,,-0.6512,hfq
2012-06-18,21.360,21.970,21.360,21.750,6251,,,1.8258,hfq
2012-06-19,21.620,21.980,21.620,21.760,5515,,,0.0460,hfq
2012-06-20,21.800,21.940,21.670,21.760,4574,,,0.0000,hfq
2012-06-21,21.700,21.880,21.140,21.190,4897,,,-2.6195,hfq
2012-06-25,21.170,21.420,20.700,20.700,3699,,,-2.3124,hfq
2012-06-26,20.800,21.000,20.580,20.920,3741,,,1.0628,hfq
2012-06-27,20.840,21.140,20.840,20.940,3015,,,0.0956,hfq
2012-06-28,21.020,22.350,21.020,21.700,16424,,,3.6294,hfq
2012-06-29,21.570,22.460,21.420,22.400,17550,,,3.2258,hfq
2012-07-02,22.400,22.560,22.090,22.380,12774,,,-0.0893,hfq
2012-07-03,22.490,23.100,22.120,22.710,17428,,,1.4745,hfq
2012-07-04,22.660,22.990,22.400,22.440,10081,,,-1.1889,hfq
2012-07-05,22.440,22.480,21.690,21.840,9545,,,-2.6738,hfq
2012-07-06,22.110,22.580,21.750,22.570,8182,,,3.3425,hfq
2012-07-09,22.300,22.480,21.300,21.510,8553,,,-4.6965,hfq
2012-07-10,21.400,21.670,20.980,21.400,5980,,,-0.5114,hfq
2012-07-11,21.480,21.510,21.150,21.210,3479,,,-0.8879,hfq
2012-07-12,21.400,21.720,21.000,21.580,4894,,,1.7445,hfq
2012-07-13,21.510,21.820,21.210,21.220,6724,,,-1.6682,hfq
2012-07-16,21.150,21.160,19.130,19.130,13623,,,-9.8492,hfq
2012-07-17,18.400,18.760,18.350,18.580,8132,,,-2.8751,hfq
2012-07-18,18.430,18.660,18.340,18.660,4760,,,0.4306,hfq
2012-07-19,18.570,19.090,18.500,18.790,6202,,,0.6967,hfq
2012-07-20,18.800,20.250,18.720,19.400,8721,,,3.2464,hfq
2012-07-23,19.010,19.040,18.580,18.720,5068,,,-3.5052,hfq
2012-07-24,18.580,19.260,18.540,18.850,5035,,,0.6944,hfq
2012-07-25,18.800,18.990,18.600,18.700,3696,,,-0.7958,hfq
2012-07-26,18.700,18.750,18.420,18.440,4500,,,-1.3904,hfq
2012-07-27,18.460,18.550,17.900,18.100,6563,,,-1.8438,hfq
2012-07-30,18.230,18.300,17.950,17.960,3032,,,-0.7735,hfq
2012-07-31,17.940,18.060,17.550,17.640,3844,,,-1.7817,hfq
2012-08-01,17.820,18.030,17.670,17.850,3903,,,1.1905,hfq
2012-08-02,17.820,17.950,17.670,17.720,2704,,,-0.7283,hfq
2012-08-03,17.800,18.170,17.750,18.170,3901,,,2.5395,hfq
2012-08-06,18.180,18.560,17.970,18.540,5760,,,2.0363,hfq
2012-08-07,18.580,18.780,18.370,18.550,5698,,,0.0539,hfq
2012-08-08,18.580,18.630,18.320,18.480,4761,,,-0.3774,hfq
2012-08-09,18.480,18.720,18.410,18.720,5588,,,1.2987,hfq
2012-08-10,18.720,18.740,18.490,18.600,4659,,,-0.6410,hfq
2012-08-13,18.430,18.530,17.960,18.000,5487,,,-3.2258,hfq
2012-08-14,18.000,18.180,17.620,18.140,3858,,,0.7778,hfq
2012-08-15,17.970,18.090,17.830,17.870,2999,,,-1.4884,hfq
2012-08-16,17.880,17.990,17.700,17.750,2686,,,-0.6715,hfq
2012-08-17,17.760,18.090,17.750,17.970,3740,,,1.2394,hfq
2012-08-20,17.870,18.080,17.650,18.030,3585,,,0.3339,hfq
2012-08-21,17.830,18.470,17.830,18.340,4880,,,1.7194,hfq
2012-08-22,18.340,18.650,18.240,18.460,6007,,,0.6543,hfq
2012-08-23,18.400,18.650,18.250,18.640,5616,,,0.9751,hfq
2012-08-24,18.550,18.600,18.220,18.300,6519,,,-1.8240,hfq
2012-08-27,18.220,18.390,17.980,18.190,4200,,,-0.6011,hfq
2012-08-28,17.920,18.750,17.880,18.630,7301,,,2.4189,hfq
2012-08-29,18.590,19.180,18.320,18.880,13211,,,1.3419,hfq
2012-08-30,18.870,19.060,18.500,18.870,8396,,,-0.0530,hfq
2012-08-31,18.900,19.410,18.900,18.970,8619,,,0.5299,hfq
2012-09-03,18.870,19.080,18.610,19.060,7009,,,0.4744,hfq
2012-09-04,18.930,19.050,18.550,18.800,6731,,,-1.3641,hfq
2012-09-05,18.420,18.880,18.420,18.800,6719,,,0.0000,hfq
2012-09-06,18.800,18.920,18.660,18.910,5093,,,0.5851,hfq
2012-09-07,18.900,19.670,18.720,19.450,19498,,,2.8556,hfq
2012-09-10,19.330,19.750,19.220,19.750,12528,,,1.5424,hfq
2012-09-11,19.600,19.960,19.400,19.900,11967,,,0.7595,hfq
2012-09-12,19.900,20.040,19.580,19.800,7055,,,-0.5025,hfq
2012-09-13,19.970,19.970,19.320,19.320,6650,,,-2.4242,hfq
2012-09-14,19.500,19.650,19.050,19.240,7009,,,-0.4141,hfq
2012-09-17,19.110,19.120,18.140,18.190,9355,,,-5.4574,hfq
2012-09-18,18.070,18.700,17.920,18.240,6510,,,0.2749,hfq
2012-09-19,18.500,18.500,17.780,18.080,6745,,,-0.8772,hfq
2012-09-20,17.960,18.030,17.300,17.340,6638,,,-4.0929,hfq
2012-09-21,17.310,17.500,17.230,17.300,3912,,,-0.2307,hfq
2012-09-24,17.310,17.950,17.080,17.950,6491,,,3.7572,hfq
2012-09-25,17.940,18.000,17.700,18.000,4614,,,0.2786,hfq
2012-09-26,17.940,18.080,17.100,17.720,5301,,,-1.5556,hfq
2012-09-27,17.470,18.600,17.470,18.060,8724,,,1.9187,hfq
2012-09-28,18.060,18.650,17.890,18.550,7685,,,2.7132,hfq
2012-10-08,18.360,18.660,18.220,18.600,3311,,,0.2695,hfq
2012-10-09,18.470,19.150,18.470,19.100,5396,,,2.6882,hfq
2012-10-10,19.100,20.280,18.860,19.940,18856,,,4.3979,hfq
2012-10-11,19.600,19.730,19.270,19.590,7319,,,-1.7553,hfq
2012-10-12,19.550,19.560,18.790,19.020,4938,,,-2.9096,hfq
2012-10-15,18.900,19.000,18.520,18.700,2535,,,-1.6824,hfq
2012-10-16,18.780,18.870,18.570,18.620,2525,,,-0.4278,hfq
2012-10-17,18.750,18.750,18.430,18.450,3657,,,-0.9130,hfq
2012-10-18,18.500,18.610,18.420,18.590,8856,,,0.7588,hfq
2012-10-19,18.600,18.760,18.240,18.280,5781,,,-1.6676,hfq
2012-10-22,18.190,18.850,17.930,18.750,7118,,,2.5711,hfq
2012-10-23,18.750,18.780,18.440,18.510,5042,,,-1.2800,hfq
2012-10-24,18.310,18.570,18.310,18.400,2012,,,-0.5943,hfq
2012-10-25,18.360,18.630,18.190,18.190,3180,,,-1.1413,hfq
2012-10-26,18.080,18.390,17.510,17.600,3799,,,-3.2435,hfq
2012-10-29,17.600,17.770,17.510,17.530,1390,,,-0.3977,hfq
2012-10-30,17.700,17.760,17.530,17.550,1462,,,0.1141,hfq
2012-10-31,17.530,17.810,17.490,17.810,1806,,,1.4815,hfq
2012-11-01,17.810,18.800,17.780,18.690,5519,,,4.9410,hfq
2012-11-02,18.600,18.870,18.260,18.860,7258,,,0.9096,hfq
2012-11-05,18.880,18.900,18.400,18.450,2972,,,-2.1739,hfq
2012-11-06,18.410,18.800,17.960,18.760,3552,,,1.6802,hfq
2012-11-07,18.700,18.840,18.430,18.550,2064,,,-1.1194,hfq
2012-11-08,18.420,18.570,18.040,18.040,2614,,,-2.7493,hfq
2012-11-09,18.040,18.100,17.880,18.100,1394,,,0.3326,hfq
2012-11-12,18.000,18.180,17.960,18.100,942,,,0.0000,hfq
2012-11-13,17.980,18.100,17.710,18.040,1335,,,-0.3315,hfq
2012-11-14,17.860,18.010,17.810,17.900,985,,,-0.7761,hfq
2012-11-15,17.810,19.160,17.680,18.310,6417,,,2.2905,hfq
2012-11-16,18.120,18.120,17.600,17.650,3452,,,-3.6046,hfq
2012-11-19,17.660,17.880,17.510,17.710,1537,,,0.3399,hfq
2012-11-20,17.710,17.820,17.590,17.610,1445,,,-0.5647,hfq
2012-11-21,17.730,18.230,17.550,18.200,3524,,,3.3504,hfq
2012-11-22,17.950,18.270,17.830,18.200,3067,,,0.0000,hfq
2012-11-23,17.910,18.380,17.910,18.320,3620,,,0.6593,hfq
2012-11-26,18.240,18.400,17.900,17.930,1915,,,-2.1288,hfq
2012-11-27,17.810,17.810,17.300,17.560,2784,,,-2.0636,hfq
2012-11-28,17.110,17.550,16.600,17.030,3335,,,-3.0182,hfq
2012-11-29,16.950,17.110,16.840,17.050,1274,,,0.1174,hfq
2012-11-30,16.770,17.600,16.770,17.400,1646,,,2.0528,hfq
2012-12-03,17.280,17.340,16.950,17.250,1571,,,-0.8621,hfq
2012-12-04,17.190,17.520,16.900,17.450,2968,,,1.1594,hfq
2012-12-05,17.330,18.500,17.330,18.300,8811,,,4.8711,hfq
2012-12-06,18.530,18.550,18.100,18.130,1724,,,-0.9290,hfq
2012-12-07,17.910,18.600,17.910,18.490,3985,,,1.9857,hfq
2012-12-10,18.310,18.600,18.170,18.550,4383,,,0.3245,hfq
2012-12-11,18.380,18.500,17.950,18.090,3641,,,-2.4798,hfq
2012-12-12,18.090,18.280,18.030,18.200,1882,,,0.6081,hfq
2012-12-13,18.290,18.460,18.070,18.090,3576,,,-0.6044,hfq
2012-12-14,18.070,19.100,18.070,18.760,10428,,,3.7037,hfq
2012-12-17,18.980,19.210,18.500,18.620,4618,,,-0.7463,hfq
2012-12-18,18.600,18.860,18.600,18.830,5201,,,1.1278,hfq
2012-12-19,18.850,18.990,18.660,18.810,2803,,,-0.1062,hfq
2012-12-20,18.990,19.160,18.760,18.870,5345,,,0.3190,hfq
2012-12-21,18.790,19.480,18.720,19.240,11486,,,1.9608,hfq
2012-12-24,19.280,20.260,19.140,19.630,11052,,,2.0270,hfq
2012-12-25,19.510,20.260,19.510,19.980,12967,,,1.7830,hfq
2012-12-26,20.050,20.300,19.940,20.300,14495,,,1.6016,hfq
2012-12-27,20.310,21.690,20.310,21.300,29212,,,4.9261,hfq
2012-12-28,20.940,21.110,20.320,20.780,29386,,,-2.4413,hfq
2012-12-31,20.660,20.660,20.050,20.200,27688,,,-2.7911,hfq
2013-01-04,20.400,20.400,19.860,20.060,11919,,,-0.6931,hfq
2013-01-07,20.000,20.430,19.900,20.190,13311,,,0.6481,hfq
2013-01-08,20.220,20.690,19.990,20.690,24338,,,2.4765,hfq
2013-01-09,20.690,20.710,20.000,20.640,18479,,,-0.2417,hfq
2013-01-10,20.430,20.840,20.300,20.810,15779,,,0.8236,hfq
2013-01-11,21.000,21.000,20.450,20.540,14954,,,-1.2975,hfq
2013-01-14,20.520,21.270,20.350,21.020,11197,,,2.3369,hfq
2013-01-15,21.000,21.680,20.750,21.530,18105,,,2.4263,hfq
2013-01-16,21.410,21.500,20.800,21.000,9912,,,-2.4617,hfq
2013-01-17,21.250,22.280,21.200,21.200,11707,,,0.9524,hfq
2013-01-18,21.000,21.520,21.000,21.470,9159,,,1.2736,hfq
2013-01-21,21.390,21.450,21.050,21.170,6711,,,-1.3973,hfq
2013-01-22,21.200,21.200,20.400,20.460,7676,,,-3.3538,hfq
2013-01-23,20.630,20.680,19.900,20.640,11919,,,0.8798,hfq
2013-01-24,20.510,20.690,19.990,20.100,5052,,,-2.6163,hfq
2013-01-25,20.040,20.330,19.950,20.070,2695,,,-0.1493,hfq
2013-01-28,20.080,20.450,20.080,20.390,5108,,,1.5944,hfq
2013-01-29,20.300,20.350,19.980,20.020,7417,,,-1.8146,hfq
2013-01-30,20.120,20.240,19.690,19.710,7799,,,-1.5485,hfq
2013-01-31,19.700,19.850,19.590,19.600,7296,,,-0.5581,hfq
2013-02-01,19.590,19.800,19.490,19.700,4308,,,0.5102,hfq
2013-02-04,19.720,19.790,19.300,19.430,5357,,,-1.3706,hfq
2013-02-05,19.400,19.790,19.350,19.740,5308,,,1.5955,hfq
2013-02-06,19.700,19.870,19.500,19.680,5382,,,-0.3040,hfq
2013-02-07,19.660,19.770,19.620,19.730,2830,,,0.2541,hfq
2013-02-08,19.730,20.080,19.670,19.970,4985,,,1.2164,hfq
2013-02-18,20.100,20.180,19.900,20.150,6643,,,0.9014,hfq
2013-02-19,20.250,20.280,19.800,19.860,5034,,,-1.4392,hfq
2013-02-20,19.780,19.990,19.760,19.970,6692,,,0.5539,hfq
2013-02-21,19.900,19.930,19.530,19.600,6058,,,-1.8528,hfq
2013-02-22,19.610,19.710,19.500,19.530,3551,,,-0.3571,hfq
2013-02-25,19.480,19.660,19.480,19.580,3262,,,0.2560,hfq
2013-02-26,19.550,19.910,19.260,19.280,6626,,,-1.5322,hfq
2013-02-27,19.320,19.430,18.630,18.660,10147,,,-3.2158,hfq
2013-02-28,18.680,19.190,18.680,19.020,7473,,,1.9293,hfq
2013-03-01,19.000,19.420,18.980,19.360,9429,,,1.7876,hfq
2013-03-04,19.230,19.230,18.550,18.900,8531,,,-2.3760,hfq
2013-03-05,18.580,19.300,18.580,19.250,8387,,,1.8519,hfq
2013-03-06,19.190,19.390,19.050,19.290,7046,,,0.2078,hfq
2013-03-07,19.370,19.460,19.100,19.100,5370,,,-0.9850,hfq
2013-03-08,19.100,19.240,18.940,19.100,3724,,,0.0000,hfq
2013-03-11,19.100,19.130,18.910,18.970,2945,,,-0.6806,hfq
2013-03-12,18.900,19.080,18.150,18.250,6232,,,-3.7955,hfq
2013-03-13,18.180,18.390,17.810,18.240,4017,,,-0.0548,hfq
2013-03-14,17.920,18.290,17.920,18.100,1760,,,-0.7675,hfq
2013-03-15,18.120,18.320,17.900,18.080,2363,,,-0.1105,hfq
2013-03-18,18.050,18.260,17.630,17.710,4566,,,-2.0465,hfq
2013-03-19,17.600,17.700,17.570,17.680,2901,,,-0.1694,hfq
2013-03-20,17.690,18.080,17.690,18.040,3432,,,2.0362,hfq
2013-03-21,18.040,18.040,17.790,17.990,6836,,,-0.2772,hfq
2013-03-22,17.800,17.900,17.700,17.830,5961,,,-0.8894,hfq
2013-03-25,17.880,17.890,17.630,17.800,3568,,,-0.1683,hfq
2013-03-26,17.790,17.890,17.480,17.870,4563,,,0.3933,hfq
2013-03-27,17.770,18.160,17.770,18.160,7150,,,1.6228,hfq
2013-03-28,18.050,18.080,17.810,17.830,4901,,,-1.8172,hfq
2013-03-29,17.810,17.910,17.510,17.510,2931,,,-1.7947,hfq
2013-04-01,17.400,17.630,17.380,17.530,3002,,,0.1142,hfq
2013-04-02,17.700,17.700,17.350,17.360,2597,,,-0.9698,hfq
2013-04-03,17.790,17.790,17.410,17.450,3208,,,0.5184,hfq
2013-04-08,17.350,17.350,16.960,17.150,3750,,,-1.7192,hfq
2013-04-09,17.180,17.660,17.170,17.630,5328,,,2.7988,hfq
2013-04-10,18.320,18.780,17.900,17.960,10575,,,1.8718,hfq
2013-04-11,17.960,18.040,17.660,17.730,4953,,,-1.2806,hfq
2013-04-12,17.750,17.840,17.570,17.590,2625,,,-0.7896,hfq
2013-04-15,17.500,17.510,17.130,17.400,3083,,,-1.0802,hfq
2013-04-16,17.030,17.350,17.010,17.340,2204,,,-0.3448,hfq
2013-04-17,17.210,17.440,17.120,17.440,2276,,,0.5767,hfq
2013-04-18,17.180,17.490,17.180,17.460,1985,,,0.1147,hfq
2013-04-19,17.370,17.860,17.270,17.830,5161,,,2.1191,hfq
2013-04-22,17.670,17.850,17.540,17.830,4359,,,0.0000,hfq
2013-04-23,17.800,18.050,17.710,17.710,6065,,,-0.6730,hfq
2013-04-24,17.550,17.550,17.100,17.530,7622,,,-1.0164,hfq
2013-04-25,17.450,17.450,17.190,17.200,3054,,,-1.8825,hfq
2013-04-26,17.240,17.330,17.080,17.100,2336,,,-0.5814,hfq
2013-05-02,17.030,17.060,16.800,16.940,1692,,,-0.9357,hfq
2013-05-03,16.850,17.300,16.850,17.090,3436,,,0.8855,hfq
2013-05-06,17.090,17.300,17.090,17.230,7248,,,0.8192,hfq
2013-05-07,17.230,17.230,17.100,17.140,4540,,,-0.5223,hfq
2013-05-08,17.190,18.810,17.130,18.700,23820,,,9.1015,hfq
2013-05-09,18.300,19.300,17.890,18.950,45898,,,1.3369,hfq
2013-05-10,18.450,18.600,18.140,18.290,27320,,,-3.4828,hfq
2013-05-13,18.430,18.470,18.010,18.080,11876,,,-1.1482,hfq
2013-05-14,17.950,18.320,17.900,18.260,14462,,,0.9956,hfq
2013-05-15,18.200,18.420,18.050,18.240,10044,,,-0.1095,hfq
2013-05-16,18.350,18.600,18.180,18.220,13506,,,-0.1096,hfq
2013-05-17,18.220,18.470,18.070,18.420,15063,,,1.0977,hfq
2013-05-20,18.420,19.100,18.420,18.680,19592,,,1.4115,hfq
2013-05-21,19.000,19.600,18.790,18.880,33133,,,1.0707,hfq
2013-05-22,18.880,19.270,18.690,18.790,17545,,,-0.4767,hfq
2013-05-23,18.510,18.600,18.150,18.400,18854,,,-2.0756,hfq
2013-05-24,18.350,18.720,18.300,18.670,11534,,,1.4674,hfq
2013-05-27,18.670,19.020,18.560,18.950,14274,,,1.4997,hfq
2013-05-28,18.990,19.140,18.640,18.760,15004,,,-1.0026,hfq
2013-05-29,18.900,19.150,18.740,18.980,11358,,,1.1727,hfq
2013-05-30,18.990,19.180,18.740,19.040,11350,,,0.3161,hfq
2013-05-31,19.010,19.520,18.950,19.300,18310,,,1.3655,hfq
2013-06-03,19.300,19.900,19.080,19.120,21029,,,-0.9326,hfq
2013-06-04,19.200,19.200,18.430,18.610,11529,,,-2.6674,hfq
2013-06-05,18.370,18.540,18.130,18.270,8448,,,-1.8270,hfq
2013-06-06,18.080,18.220,17.800,17.800,7158,,,-2.5725,hfq
2013-06-07,18.000,18.010,17.480,17.510,5894,,,-1.6292,hfq
2013-06-13,17.390,17.700,17.150,17.420,5440,,,-0.5140,hfq
2013-06-14,17.520,17.930,17.450,17.700,6195,,,1.6073,hfq
2013-06-17,18.150,18.150,17.730,17.850,9104,,,0.8475,hfq
2013-06-18,17.950,18.090,17.430,17.450,13702,,,-2.2409,hfq
2013-06-19,17.420,17.420,17.040,17.250,5924,,,-1.1461,hfq
2013-06-20,17.070,17.400,16.950,16.970,5558,,,-1.6232,hfq
2013-06-21,16.890,17.000,16.450,16.900,4860,,,-0.4125,hfq
2013-06-24,16.800,16.950,15.600,15.720,6720,,,-6.9822,hfq
2013-06-25,15.670,15.900,14.200,15.700,10336,,,-0.1272,hfq
2013-06-26,15.650,15.800,15.440,15.640,12086,,,-0.3822,hfq
2013-06-27,15.710,15.840,15.160,15.160,6300,,,-3.0691,hfq
2013-06-28,15.090,15.600,14.750,15.310,6416,,,0.9894,hfq
2013-07-01,15.350,15.570,15.100,15.540,4250,,,1.5023,hfq
2013-07-02,15.550,15.750,15.500,15.560,5131,,,0.1287,hfq
2013-07-03,15.570,15.700,15.150,15.430,4568,,,-0.8355,hfq
2013-07-04,15.250,15.630,15.100,15.520,10625,,,0.5833,hfq
2013-07-05,15.360,15.580,15.230,15.320,9319,,,-1.2887,hfq
2013-07-08,15.250,15.250,14.600,14.600,6745,,,-4.6997,hfq
2013-07-09,14.610,14.640,14.370,14.550,3026,,,-0.3425,hfq
2013-07-10,14.650,14.900,14.590,14.890,3981,,,2.3368,hfq
2013-07-11,14.890,15.300,14.840,15.250,14996,,,2.4177,hfq
2013-07-12,15.180,15.320,15.080,15.100,8152,,,-0.9836,hfq
2013-07-15,15.030,15.290,14.890,15.220,9269,,,0.7947,hfq
2013-07-16,15.350,16.030,15.350,15.650,25666,,,2.8252,hfq
2013-07-17,15.600,15.710,15.360,15.420,11392,,,-1.4696,hfq
2013-07-18,15.310,15.430,15.050,15.160,11045,,,-1.6861,hfq
2013-07-19,15.190,15.320,14.770,14.770,9755,,,-2.5726,hfq
2013-07-22,14.740,14.900,14.630,14.800,8892,,,0.2031,hfq
2013-07-23,14.900,15.130,14.800,15.120,9446,,,2.1622,hfq
2013-07-24,15.000,15.160,14.820,15.160,8761,,,0.2646,hfq
2013-07-25,15.130,15.250,14.850,15.050,9282,,,-0.7256,hfq
2013-07-26,15.010,15.480,15.000,15.330,14985,,,1.8605,hfq
2013-07-29,15.510,16.420,15.510,15.810,35298,,,3.1311,hfq
2013-07-30,15.720,15.780,15.290,15.400,15525,,,-2.5933,hfq
2013-07-31,15.410,15.590,15.310,15.380,8235,,,-0.1299,hfq
2013-08-01,15.430,15.720,15.310,15.670,12289,,,1.8856,hfq
2013-08-02,15.810,15.960,15.610,15.790,16175,,,0.7658,hfq
2013-08-05,15.750,15.880,15.720,15.860,11449,,,0.4433,hfq
2013-08-06,15.810,15.880,15.680,15.850,14177,,,-0.0631,hfq
2013-08-07,15.850,15.850,15.430,15.450,26150,,,-2.5237,hfq
2013-08-08,15.350,15.720,15.350,15.600,18220,,,0.9709,hfq
2013-08-09,15.650,16.310,15.550,16.050,27870,,,2.8846,hfq
2013-08-12,16.020,16.110,15.860,16.060,20353,,,0.0623,hfq
2013-08-13,16.060,16.240,15.970,16.160,16281,,,0.6227,hfq
2013-08-14,16.150,16.400,16.100,16.100,20224,,,-0.3713,hfq
2013-08-15,16.050,16.150,15.890,15.930,11425,,,-1.0559,hfq
2013-08-16,15.860,16.090,15.560,15.630,15647,,,-1.8832,hfq
2013-08-19,15.550,15.890,15.460,15.860,10181,,,1.4715,hfq
2013-08-20,15.860,16.010,15.690,15.750,9177,,,-0.6936,hfq
2013-08-21,15.900,15.970,15.740,15.950,7456,,,1.2698,hfq
2013-08-22,15.900,16.000,15.780,15.830,12075,,,-0.7524,hfq
2013-08-23,15.940,15.940,15.400,15.620,12118,,,-1.3266,hfq
2013-08-26,15.670,15.930,15.520,15.870,12612,,,1.6005,hfq
2013-08-27,15.790,16.100,15.750,16.040,17348,,,1.0712,hfq
2013-08-28,15.930,16.390,15.850,16.020,17959,,,-0.1247,hfq
2013-08-29,16.000,16.100,15.770,15.790,10248,,,-1.4357,hfq
2013-08-30,15.770,15.860,15.430,15.530,13260,,,-1.6466,hfq
2013-09-02,15.550,15.820,15.530,15.760,8438,,,1.4810,hfq
2013-09-03,15.760,16.250,15.710,16.210,21656,,,2.8553,hfq
2013-09-04,16.200,16.420,16.080,16.230,21187,,,0.1234,hfq
2013-09-05,16.250,16.520,16.070,16.460,23870,,,1.4171,hfq
2013-09-06,16.430,16.500,16.200,16.370,14884,,,-0.5468,hfq
2013-09-09,16.370,16.450,16.230,16.350,13273,,,-0.1222,hfq
2013-09-10,16.350,16.510,16.150,16.350,12735,,,0.0000,hfq
2013-09-11,16.310,16.510,16.120,16.490,16892,,,0.8563,hfq
2013-09-12,16.530,16.580,16.340,16.340,13691,,,-0.9096,hfq
2013-09-13,16.350,16.400,16.260,16.330,7367,,,-0.0612,hfq
2013-09-16,16.370,16.460,16.120,16.330,7603,,,0.0000,hfq
2013-09-17,16.340,16.360,15.900,16.010,8037,,,-1.9596,hfq
2013-09-18,16.010,16.100,15.850,16.080,6192,,,0.4372,hfq
2013-09-23,16.030,16.340,16.030,16.280,9591,,,1.2438,hfq
2013-09-24,16.320,16.320,16.060,16.190,10178,,,-0.5528,hfq
2013-09-25,16.190,16.230,16.030,16.130,8304,,,-0.3706,hfq
2013-09-26,16.140,16.230,15.880,15.880,7059,,,-1.5499,hfq
2013-09-27,15.910,16.140,15.910,16.030,5016,,,0.9446,hfq
2013-09-30,16.110,17.110,16.110,16.650,33360,,,3.8677,hfq
2013-10-08,16.730,17.780,16.390,17.580,48814,,,5.5856,hfq
2013-10-09,17.680,17.930,17.350,17.640,30325,,,0.3413,hfq
2013-10-10,17.530,17.900,17.380,17.530,21728,,,-0.6236,hfq
2013-10-11,17.610,18.050,17.430,18.000,26288,,,2.6811,hfq
2013-10-14,17.950,17.990,17.480,17.610,17964,,,-2.1667,hfq
2013-10-15,17.610,17.650,17.160,17.500,15108,,,-0.6246,hfq
2013-10-16,17.470,17.540,16.970,17.050,10251,,,-2.5714,hfq
2013-10-17,17.060,17.850,17.060,17.540,15434,,,2.8739,hfq
2013-10-18,17.500,17.640,16.980,17.400,6770,,,-0.7982,hfq
2013-10-21,17.410,18.850,17.410,18.540,27233,,,6.5517,hfq
2013-10-22,18.550,19.350,18.540,18.660,28414,,,0.6472,hfq
2013-10-23,18.670,18.700,17.670,18.570,19531,,,-0.4823,hfq
2013-10-24,18.330,19.070,18.330,18.460,11603,,,-0.5924,hfq
2013-10-25,18.450,18.640,18.120,18.310,8481,,,-0.8126,hfq
2013-10-28,18.850,19.250,18.460,18.940,20395,,,3.4407,hfq
2013-10-29,18.940,19.170,17.680,18.250,19973,,,-3.6431,hfq
2013-10-30,18.280,18.370,17.960,18.370,8964,,,0.6575,hfq
2013-10-31,18.340,18.340,17.880,18.170,7825,,,-1.0887,hfq
2013-11-01,18.130,18.460,18.000,18.240,7648,,,0.3853,hfq
2013-11-04,18.350,18.730,18.150,18.410,6922,,,0.9320,hfq
2013-11-05,18.450,19.420,18.360,19.260,25238,,,4.6171,hfq
2013-11-06,19.440,20.320,19.130,19.850,38462,,,3.0633,hfq
2013-11-07,19.650,20.270,19.060,19.110,33212,,,-3.7280,hfq
2013-11-08,19.050,19.500,18.600,18.880,17875,,,-1.2036,hfq
2013-11-11,18.940,19.200,18.350,19.120,13851,,,1.2712,hfq
2013-11-12,19.220,19.600,19.020,19.590,18715,,,2.4582,hfq
2013-11-13,19.550,19.590,18.860,19.010,12523,,,-2.9607,hfq
2013-11-14,18.890,20.220,18.860,20.060,25398,,,5.5234,hfq
2013-11-15,19.950,20.470,19.870,20.050,27372,,,-0.0499,hfq
2013-11-18,20.090,20.460,19.930,20.170,19099,,,0.5985,hfq
2013-11-19,20.150,20.840,20.030,20.640,22092,,,2.3302,hfq
2013-11-20,20.740,21.330,20.410,21.170,23279,,,2.5678,hfq
2013-11-21,21.020,21.040,20.560,20.690,16924,,,-2.2674,hfq
2013-11-22,20.740,20.830,20.350,20.650,9931,,,-0.1933,hfq
2013-11-25,20.680,21.160,20.600,20.850,12844,,,0.9685,hfq
2013-11-26,20.990,21.140,20.650,20.810,10715,,,-0.1918,hfq
2013-11-27,20.850,21.200,20.490,21.160,22526,,,1.6819,hfq
2013-11-28,21.120,21.830,21.030,21.510,16717,,,1.6541,hfq
2013-11-29,21.430,22.220,21.270,21.630,25666,,,0.5579,hfq
2013-12-02,20.840,20.990,19.910,19.980,37368,,,-7.6283,hfq
2013-12-03,19.380,20.440,19.380,20.160,12881,,,0.9009,hfq
2013-12-04,20.320,20.650,20.160,20.340,16370,,,0.8929,hfq
2013-12-05,20.460,20.460,19.650,19.800,19046,,,-2.6549,hfq
2013-12-06,19.870,20.140,19.740,19.990,10024,,,0.9596,hfq
2013-12-09,20.040,20.820,20.040,20.770,16102,,,3.9020,hfq
2013-12-10,20.820,20.890,20.350,20.570,16433,,,-0.9629,hfq
2013-12-11,20.580,20.850,20.050,20.110,11962,,,-2.2363,hfq
2013-12-12,20.120,20.500,20.070,20.170,10303,,,0.2984,hfq
2013-12-13,20.060,20.140,19.530,19.750,17485,,,-2.0823,hfq
2013-12-16,19.750,19.850,18.800,18.900,27553,,,-4.3038,hfq
2013-12-17,18.870,19.200,18.800,19.010,19051,,,0.5820,hfq
2013-12-18,19.020,19.110,18.650,18.650,9834,,,-1.8937,hfq
2013-12-19,18.850,19.060,18.700,18.790,9301,,,0.7507,hfq
2013-12-20,18.850,18.930,18.670,18.810,6607,,,0.1064,hfq
2013-12-23,18.820,18.990,18.130,18.630,8615,,,-0.9569,hfq
2013-12-24,18.470,18.930,18.250,18.830,18233,,,1.0735,hfq
2013-12-25,18.770,19.540,18.770,19.350,17156,,,2.7616,hfq
2013-12-26,19.430,19.530,18.970,19.060,10731,,,-1.4987,hfq
2013-12-27,19.000,19.870,19.000,19.720,16567,,,3.4627,hfq
2013-12-30,19.850,19.920,19.530,19.550,13740,,,-0.8621,hfq
2013-12-31,19.480,19.500,18.960,19.030,13397,,,-2.6598,hfq
2014-01-02,19.100,19.330,19.010,19.150,12197,,,0.6306,hfq
2014-01-03,19.140,19.280,18.650,18.810,12894,,,-1.7755,hfq
2014-01-06,18.810,18.930,17.880,17.920,15965,,,-4.7315,hfq
2014-01-07,17.880,17.930,17.580,17.880,10610,,,-0.2232,hfq
2014-01-08,17.990,18.150,17.790,17.800,14036,,,-0.4474,hfq
2014-01-09,17.670,17.720,16.980,16.980,28514,,,-4.6067,hfq
2014-01-10,16.850,17.230,16.610,16.680,16292,,,-1.7668,hfq
2014-01-13,16.570,17.040,16.550,16.960,13804,,,1.6787,hfq
2014-01-14,16.960,17.300,16.770,17.210,16127,,,1.4741,hfq
2014-01-15,17.150,17.580,17.150,17.450,23795,,,1.3945,hfq
2014-01-16,17.450,17.650,17.340,17.550,13661,,,0.5731,hfq
2014-01-17,17.570,17.600,17.210,17.270,9980,,,-1.5954,hfq
2014-01-20,17.200,17.540,16.970,17.090,9805,,,-1.0423,hfq
2014-01-21,17.200,17.810,17.190,17.740,17515,,,3.8034,hfq
2014-01-22,17.750,18.170,17.640,18.050,15238,,,1.7475,hfq
2014-01-23,18.100,18.510,18.050,18.360,17923,,,1.7175,hfq
2014-01-24,18.380,18.670,18.230,18.410,18078,,,0.2723,hfq
2014-01-27,18.410,19.170,18.230,18.730,26400,,,1.7382,hfq
2014-01-28,18.560,19.230,18.550,19.100,21564,,,1.9754,hfq
2014-01-29,19.140,19.530,19.010,19.220,20716,,,0.6283,hfq
2014-01-30,19.150,19.350,18.950,19.330,10427,,,0.5723,hfq
2014-02-07,18.930,19.930,18.930,19.900,18222,,,2.9488,hfq
2014-02-10,19.900,20.440,19.750,19.850,35059,,,-0.2513,hfq
2014-02-11,19.800,20.650,19.800,20.270,27215,,,2.1159,hfq
2014-02-12,20.270,21.350,20.260,21.350,39427,,,5.3281,hfq
2014-02-13,21.330,21.620,20.670,20.730,25287,,,-2.9040,hfq
2014-02-14,20.700,21.560,20.700,21.390,17473,,,3.1838,hfq
2014-02-17,21.300,22.160,21.050,22.110,32274,,,3.3661,hfq
2014-02-18,22.040,23.500,21.960,23.200,44215,,,4.9299,hfq
2014-02-19,23.190,23.320,22.350,22.950,19495,,,-1.0776,hfq
2014-02-20,22.850,22.940,21.760,22.000,31830,,,-4.1394,hfq
2014-02-21,22.000,22.430,21.400,21.540,18076,,,-2.0909,hfq
2014-02-24,21.490,22.050,21.160,21.780,20128,,,1.1142,hfq
2014-02-25,21.780,21.950,19.840,20.190,41455,,,-7.3003,hfq
2014-02-26,20.140,20.300,19.650,20.160,18070,,,-0.1486,hfq
2014-02-27,20.250,20.530,19.540,19.540,21271,,,-3.0754,hfq
2014-02-28,19.640,19.910,19.050,19.790,24182,,,1.2794,hfq
2014-03-03,19.790,20.150,19.630,20.080,18436,,,1.4654,hfq
2014-03-04,20.340,20.450,19.860,20.300,22541,,,1.0956,hfq
2014-03-05,20.290,20.640,20.120,20.320,16330,,,0.0985,hfq
2014-03-06,20.050,20.670,19.920,20.650,14794,,,1.6240,hfq
2014-03-07,20.590,20.920,20.460,20.780,19571,,,0.6295,hfq
2014-03-10,20.500,20.500,19.360,19.570,14028,,,-5.8229,hfq
2014-03-11,19.510,19.820,19.150,19.440,9488,,,-0.6643,hfq
2014-03-12,19.400,19.600,18.750,18.810,11356,,,-3.2407,hfq
2014-03-13,18.920,19.300,18.810,19.260,9744,,,2.3923,hfq
2014-03-14,19.100,19.400,19.100,19.200,4842,,,-0.3115,hfq
2014-03-17,19.210,20.010,19.150,19.910,11174,,,3.6979,hfq
2014-03-18,20.000,20.070,19.770,19.900,11839,,,-0.0502,hfq
2014-03-19,19.790,20.070,19.630,20.060,7934,,,0.8040,hfq
2014-03-20,20.070,20.070,19.400,19.500,10014,,,-2.7916,hfq
2014-03-21,19.350,20.090,19.170,19.950,9295,,,2.3077,hfq
2014-03-24,19.950,20.430,19.910,20.050,10425,,,0.5013,hfq
2014-03-25,20.060,20.240,19.750,19.900,6600,,,-0.7481,hfq
2014-03-26,21.140,21.430,20.350,20.650,33431,,,3.7688,hfq
2014-03-27,20.650,20.900,20.300,20.360,22668,,,-1.4044,hfq
2014-03-28,20.250,20.440,19.250,19.450,18795,,,-4.4695,hfq
2014-03-31,19.340,19.610,18.850,19.350,10095,,,-0.5141,hfq
2014-04-01,19.360,19.810,19.350,19.710,6390,,,1.8605,hfq
2014-04-02,19.870,19.890,19.560,19.850,7168,,,0.7103,hfq
2014-04-03,19.950,20.180,19.610,19.680,10700,,,-0.8564,hfq
2014-04-04,19.700,19.820,19.530,19.730,11708,,,0.2541,hfq
2014-04-08,19.750,20.250,19.600,20.240,15125,,,2.5849,hfq
2014-04-09,20.330,20.600,20.240,20.480,22887,,,1.1858,hfq
2014-04-10,20.640,20.800,20.490,20.640,14252,,,0.7812,hfq
2014-04-11,20.490,20.630,20.220,20.490,10023,,,-0.7267,hfq
2014-04-14,20.450,20.760,20.340,20.650,8075,,,0.7809,hfq
2014-04-15,20.540,21.030,20.540,20.720,13886,,,0.3390,hfq
2014-04-16,20.690,20.690,20.310,20.450,7213,,,-1.3031,hfq
2014-04-17,20.400,20.750,20.400,20.430,5350,,,-0.0978,hfq
2014-04-18,20.490,20.990,20.350,20.930,11181,,,2.4474,hfq
2014-04-21,20.770,21.610,20.670,21.240,21577,,,1.4811,hfq
2014-04-22,21.230,21.250,20.450,20.760,15438,,,-2.2599,hfq
2014-04-23,20.750,21.310,20.600,21.310,14031,,,2.6493,hfq
2014-04-24,21.310,22.190,21.210,21.560,29954,,,1.1732,hfq
2014-04-25,21.470,21.560,20.300,20.300,20023,,,-5.8442,hfq
2014-04-28,19.050,19.550,18.360,19.330,24206,,,-4.7783,hfq
2014-04-29,19.280,19.480,18.940,19.430,11589,,,0.5173,hfq
2014-04-30,19.350,19.820,19.250,19.390,7129,,,-0.2059,hfq
2014-05-05,19.380,19.440,18.800,19.190,15383,,,-1.0315,hfq
2014-05-06,19.150,19.510,19.000,19.370,10772,,,0.9380,hfq
2014-05-07,19.230,19.330,18.990,19.060,8139,,,-1.6004,hfq
2014-05-08,19.050,19.400,18.850,19.120,6957,,,0.3148,hfq
2014-05-09,18.930,19.010,18.250,18.570,11151,,,-2.8766,hfq
2014-05-12,18.650,19.070,18.610,19.040,7894,,,2.5310,hfq
2014-05-13,19.000,19.130,18.810,18.850,7370,,,-0.9979,hfq
2014-05-14,18.790,19.050,18.790,18.910,4304,,,0.3183,hfq
2014-05-15,18.800,18.930,18.330,18.520,6108,,,-2.0624,hfq
2014-05-16,18.460,18.500,18.170,18.460,4909,,,-0.3240,hfq
2014-05-19,18.500,18.500,18.220,18.450,4330,,,-0.0542,hfq
2014-05-20,18.600,18.990,18.500,18.590,6828,,,0.7588,hfq
2014-05-21,18.590,18.730,18.330,18.700,7228,,,0.5917,hfq
2014-05-22,18.850,18.900,18.650,18.670,8077,,,-0.1604,hfq
2014-05-23,18.700,18.880,18.600,18.800,7127,,,0.6963,hfq
2014-05-26,18.930,19.260,18.900,19.260,22990,,,2.4468,hfq
2014-05-27,19.300,19.530,19.150,19.150,14986,,,-0.5711,hfq
2014-05-28,19.180,19.510,19.150,19.510,14173,,,1.8799,hfq
2014-05-29,19.530,19.550,19.110,19.200,14431,,,-1.5889,hfq
2014-05-30,19.170,19.450,19.030,19.160,11507,,,-0.2083,hfq
2014-06-03,19.180,19.450,19.050,19.060,11469,,,-0.5219,hfq
2014-06-04,18.950,19.090,18.460,18.650,12873,,,-2.1511,hfq
2014-06-05,18.590,18.920,18.430,18.870,8792,,,1.1796,hfq
2014-06-06,18.870,19.070,18.740,18.780,6238,,,-0.4769,hfq
2014-06-09,18.660,18.790,18.420,18.440,14130,,,-1.8104,hfq
2014-06-10,18.540,18.880,18.370,18.840,14018,,,2.1692,hfq
2014-06-11,18.820,19.180,18.730,19.110,10641,,,1.4331,hfq
2014-06-12,19.040,19.110,18.900,18.940,9199,,,-0.8896,hfq
2014-06-13,18.940,19.270,18.850,19.170,11676,,,1.2144,hfq
2014-06-16,19.170,19.380,19.170,19.340,10241,,,0.8868,hfq
2014-06-17,19.330,19.360,19.150,19.200,6121,,,-0.7239,hfq
2014-06-18,19.320,19.320,18.830,19.050,11234,,,-0.7812,hfq
2014-06-19,19.050,19.210,18.360,18.520,8366,,,-2.7822,hfq
2014-06-20,18.550,18.920,17.930,18.840,9281,,,1.7279,hfq
2014-06-23,18.860,19.550,18.850,19.430,20079,,,3.1316,hfq
2014-06-24,19.350,19.700,19.320,19.530,15541,,,0.5147,hfq
2014-06-25,19.450,20.290,19.360,20.080,35833,,,2.8162,hfq
2014-06-26,20.040,20.450,19.960,20.260,29135,,,0.8964,hfq
2014-06-27,20.200,20.570,20.150,20.350,24864,,,0.4442,hfq
2014-06-30,20.350,20.860,20.250,20.350,28063,,,0.0000,hfq
2014-07-01,20.400,20.770,20.080,20.730,30768,,,1.8673,hfq
2014-07-02,20.690,20.780,20.270,20.510,21946,,,-1.0613,hfq
2014-07-03,20.400,20.760,20.280,20.620,18174,,,0.5363,hfq
2014-07-04,20.550,21.130,20.530,20.960,26877,,,1.6489,hfq
2014-07-07,20.970,21.050,20.610,20.740,18305,,,-1.0496,hfq
2014-07-08,20.720,21.070,20.510,20.970,19360,,,1.1090,hfq
2014-07-09,20.870,21.380,20.420,20.510,27139,,,-2.1936,hfq
2014-07-10,20.510,21.380,20.510,21.030,27544,,,2.5353,hfq
2014-07-11,20.990,21.540,20.920,21.540,26972,,,2.4251,hfq
2014-07-14,20.390,20.780,20.180,20.650,54003,,,-4.1318,hfq
2014-07-15,20.550,21.220,20.490,21.220,34452,,,2.7603,hfq
2014-07-16,21.190,21.210,20.660,20.960,20965,,,-1.2253,hfq
2014-07-17,20.790,20.960,20.570,20.790,11437,,,-0.8111,hfq
2014-07-18,20.610,21.440,20.600,21.040,21097,,,1.2025,hfq
2014-07-21,21.060,21.240,20.290,20.440,19065,,,-2.8517,hfq
2014-07-22,20.340,20.710,20.290,20.620,12986,,,0.8806,hfq
2014-07-23,20.590,20.670,19.950,19.990,18022,,,-3.0553,hfq
2014-07-24,20.070,20.150,19.720,20.110,12525,,,0.6003,hfq
2014-07-25,20.170,20.300,20.020,20.220,9967,,,0.5470,hfq
2014-07-28,20.320,20.550,20.320,20.490,13893,,,1.3353,hfq
2014-07-29,20.440,20.930,20.440,20.870,18700,,,1.8546,hfq
2014-07-30,20.850,20.920,20.560,20.760,12942,,,-0.5271,hfq
2014-07-31,20.790,20.910,20.600,20.890,13249,,,0.6262,hfq
2014-08-01,20.870,21.010,20.480,20.490,17540,,,-1.9148,hfq
2014-08-04,20.530,20.690,20.440,20.620,12448,,,0.6345,hfq
2014-08-05,20.690,21.180,20.660,21.140,22856,,,2.5218,hfq
2014-08-06,21.040,21.340,20.940,20.990,19096,,,-0.7096,hfq
2014-08-07,21.090,21.530,21.030,21.160,24607,,,0.8099,hfq
2014-08-08,21.160,22.170,21.160,22.110,42487,,,4.4896,hfq
2014-08-11,22.140,22.700,21.900,22.000,33066,,,-0.4975,hfq
2014-08-12,22.110,22.530,21.970,22.170,22695,,,0.7727,hfq
2014-08-13,22.170,22.190,21.640,21.920,21629,,,-1.1276,hfq
2014-08-14,21.900,22.130,21.650,21.790,20655,,,-0.5931,hfq
2014-08-15,21.900,22.350,21.690,22.340,24242,,,2.5241,hfq
2014-08-18,21.890,22.160,21.540,21.810,59215,,,-2.3724,hfq
2014-08-19,21.780,21.850,21.500,21.710,21945,,,-0.4585,hfq
2014-08-20,21.720,22.070,21.610,21.980,26104,,,1.2437,hfq
2014-08-21,21.980,22.000,21.670,21.850,14713,,,-0.5914,hfq
2014-08-22,21.840,22.250,21.730,22.160,21182,,,1.4188,hfq
2014-08-25,22.240,22.240,21.590,21.650,23443,,,-2.3014,hfq
2014-08-26,21.560,21.650,21.040,21.530,23186,,,-0.5543,hfq
2014-08-27,21.350,21.570,21.290,21.360,8811,,,-0.7896,hfq
2014-08-28,21.270,21.700,21.270,21.590,12328,,,1.0768,hfq
2014-08-29,21.540,21.710,21.480,21.630,8874,,,0.1853,hfq
2014-09-01,21.670,21.950,21.500,21.930,14568,,,1.3870,hfq
2014-09-02,21.990,22.130,21.810,22.090,18298,,,0.7296,hfq
2014-09-03,22.180,22.340,21.940,22.240,20926,,,0.6790,hfq
2014-09-04,22.240,22.690,22.090,22.630,29455,,,1.7536,hfq
2014-09-05,22.790,23.890,22.790,23.320,53023,,,3.0490,hfq
2014-09-09,23.270,23.640,22.890,23.300,25481,,,-0.0858,hfq
2014-09-10,23.290,23.720,23.230,23.560,20733,,,1.1159,hfq
2014-09-11,23.680,23.780,23.360,23.450,30033,,,-0.4669,hfq
2014-09-12,23.460,23.510,23.070,23.360,20085,,,-0.3838,hfq
2014-09-15,23.360,24.310,23.130,24.260,48131,,,3.8527,hfq
2014-09-16,24.260,24.310,22.910,22.940,31893,,,-5.4411,hfq
2014-09-17,23.060,23.330,22.550,23.210,23658,,,1.1770,hfq
2014-09-18,23.170,23.630,23.100,23.490,15496,,,1.2064,hfq
2014-09-19,23.490,23.670,23.390,23.500,14040,,,0.0426,hfq
2014-09-22,23.480,23.480,22.890,23.080,15715,,,-1.7872,hfq
2014-09-23,23.080,23.770,23.010,23.690,21934,,,2.6430,hfq
2014-09-24,23.730,24.590,23.570,24.500,29650,,,3.4192,hfq
2014-09-25,24.670,25.780,24.670,24.720,41477,,,0.8980,hfq
2014-09-26,24.760,25.180,24.420,24.570,22493,,,-0.6068,hfq
2014-09-29,24.590,25.490,24.590,25.410,28356,,,3.4188,hfq
2014-09-30,26.290,27.910,26.290,27.210,86244,,,7.0838,hfq
2014-10-08,27.380,27.470,26.590,27.290,40905,,,0.2940,hfq
2014-10-09,26.950,27.230,26.540,26.970,34919,,,-1.1726,hfq
2014-10-10,26.690,28.370,26.640,26.860,47064,,,-0.4079,hfq
2014-10-13,26.710,27.640,25.970,27.600,33391,,,2.7550,hfq
2014-10-14,27.320,27.690,27.150,27.410,19662,,,-0.6884,hfq
2014-10-15,27.310,28.030,26.390,27.090,35434,,,-1.1675,hfq
2014-10-16,27.180,27.640,26.590,26.690,25029,,,-1.4766,hfq
2014-10-17,26.690,26.810,25.390,26.100,26541,,,-2.2106,hfq
2014-10-20,26.100,26.990,25.900,26.950,19678,,,3.2567,hfq
2014-10-21,26.790,27.240,26.500,26.560,15705,,,-1.4471,hfq
2014-10-22,26.650,26.750,25.820,26.000,15008,,,-2.1084,hfq
2014-10-23,25.540,26.000,24.880,24.990,24771,,,-3.8846,hfq
2014-10-24,25.090,25.220,24.690,24.890,11595,,,-0.4002,hfq
2014-10-27,24.830,25.720,24.500,25.710,19283,,,3.2945,hfq
2014-10-28,25.720,26.380,25.500,26.330,12531,,,2.4115,hfq
2014-10-29,26.340,26.740,26.090,26.220,19254,,,-0.4178,hfq
2014-10-30,26.220,26.520,25.770,26.120,27688,,,-0.3814,hfq
2014-10-31,26.110,26.140,25.590,26.010,18916,,,-0.4211,hfq
2014-11-03,26.010,26.420,25.730,25.790,29236,,,-0.8458,hfq
2014-11-04,25.840,26.090,24.790,25.170,37065,,,-2.4040,hfq
2014-11-05,25.220,25.240,24.890,25.240,25902,,,0.2781,hfq
2014-11-06,25.390,25.810,25.120,25.810,15998,,,2.2583,hfq
2014-11-07,26.090,26.320,25.450,25.540,22964,,,-1.0461,hfq
2014-11-10,25.490,25.640,25.070,25.290,22271,,,-0.9789,hfq
2014-11-11,25.320,25.460,24.170,24.290,22859,,,-3.9541,hfq
2014-11-12,24.280,24.640,24.190,24.620,9894,,,1.3586,hfq
2014-11-13,24.610,24.620,23.870,23.940,19283,,,-2.7620,hfq
2014-11-14,23.900,23.930,23.520,23.810,11538,,,-0.5430,hfq
2014-11-17,23.810,24.210,23.810,24.160,13696,,,1.4700,hfq
2014-11-18,24.030,24.290,24.000,24.210,8576,,,0.2070,hfq
2014-11-19,24.170,24.610,24.160,24.520,11786,,,1.2805,hfq
2014-11-20,24.520,24.670,24.290,24.410,8595,,,-0.4486,hfq
2014-11-21,24.550,25.720,24.540,25.450,35743,,,4.2605,hfq
2014-11-24,25.620,25.620,25.210,25.510,21031,,,0.2358,hfq
2014-11-25,25.410,26.210,25.410,25.860,19633,,,1.3720,hfq
2014-11-26,25.820,26.110,25.590,26.010,16397,,,0.5800,hfq
2014-11-27,25.890,26.190,25.180,25.750,27099,,,-0.9996,hfq
2014-11-28,25.690,25.860,25.090,25.560,22149,,,-0.7379,hfq
2014-12-01,25.540,25.630,24.500,24.580,27327,,,-3.8341,hfq
2014-12-02,24.620,25.120,24.620,25.010,21740,,,1.7494,hfq
2014-12-03,25.010,25.840,24.680,25.710,33154,,,2.7989,hfq
2014-12-04,25.730,26.420,25.710,25.990,28500,,,1.0891,hfq
2014-12-05,25.940,25.990,24.610,24.950,28459,,,-4.0015,hfq
2014-12-08,24.450,24.720,23.900,24.010,37260,,,-3.7675,hfq
2014-12-09,23.920,23.970,22.890,22.890,33348,,,-4.6647,hfq
2014-12-10,22.640,23.610,22.510,23.420,28268,,,2.3154,hfq
2014-12-11,23.340,23.800,22.990,23.630,16171,,,0.8967,hfq
2014-12-12,23.600,23.860,23.260,23.440,25099,,,-0.8041,hfq
2014-12-15,23.430,24.170,23.400,24.030,19723,,,2.5171,hfq
2014-12-16,24.090,24.180,23.590,24.030,24489,,,0.0000,hfq
2014-12-17,23.990,23.990,23.430,23.540,16650,,,-2.0391,hfq
2014-12-18,23.540,23.820,23.290,23.550,9535,,,0.0425,hfq
2014-12-19,23.520,23.770,22.940,23.170,19257,,,-1.6136,hfq
2014-12-22,23.000,23.000,21.390,21.790,20350,,,-5.9560,hfq
2014-12-23,21.800,22.050,21.390,21.480,14853,,,-1.4227,hfq
2014-12-24,21.660,22.540,21.490,22.540,22164,,,4.9348,hfq
2014-12-25,22.560,22.810,22.310,22.650,11941,,,0.4880,hfq
2014-12-26,22.600,22.730,22.390,22.680,9007,,,0.1325,hfq
2014-12-29,22.660,22.660,22.020,22.400,14155,,,-1.2346,hfq
2014-12-30,22.220,22.570,21.890,21.890,10323,,,-2.2768,hfq
2014-12-31,21.890,22.180,21.770,22.030,8941,,,0.6396,hfq
2015-01-05,22.000,22.500,21.890,22.390,12254,,,1.6341,hfq
2015-01-06,22.290,22.810,22.260,22.710,10553,,,1.4292,hfq
2015-01-07,22.710,22.840,22.270,22.340,12160,,,-1.6292,hfq
2015-01-08,22.400,23.040,22.190,22.660,16395,,,1.4324,hfq
2015-01-09,22.640,22.860,22.390,22.400,9600,,,-1.1474,hfq
2015-01-12,22.460,22.460,21.990,22.080,6784,,,-1.4286,hfq
2015-01-13,21.970,22.330,21.970,22.310,6226,,,1.0417,hfq
2015-01-14,22.290,23.350,22.080,23.190,26300,,,3.9444,hfq
2015-01-15,23.050,24.170,22.920,23.390,22397,,,0.8624,hfq
2015-01-16,23.440,23.790,23.400,23.490,11437,,,0.4275,hfq
2015-01-19,23.180,23.870,22.640,23.050,14177,,,-1.8731,hfq
2015-01-20,23.140,23.770,22.390,23.770,22636,,,3.1236,hfq
2015-01-21,23.510,24.090,23.470,23.890,19068,,,0.5048,hfq
2015-01-22,23.690,24.490,23.590,24.420,23788,,,2.2185,hfq
2015-01-23,24.390,24.670,24.050,24.190,15327,,,-0.9419,hfq
2015-01-26,24.210,24.770,24.190,24.720,17590,,,2.1910,hfq
2015-01-27,24.670,24.920,24.470,24.650,17266,,,-0.2832,hfq
2015-01-28,24.650,24.760,24.530,24.600,12368,,,-0.2028,hfq
2015-01-29,24.490,24.550,23.940,23.990,12571,,,-2.4797,hfq
2015-01-30,23.940,23.990,23.470,23.530,11217,,,-1.9175,hfq
2015-02-02,23.490,24.190,22.960,24.140,23436,,,2.5924,hfq
2015-02-03,23.990,24.580,23.920,24.550,19704,,,1.6984,hfq
2015-02-04,24.530,24.790,24.090,24.130,27284,,,-1.7108,hfq
2015-02-05,24.140,24.390,23.510,23.510,14797,,,-2.5694,hfq
2015-02-06,23.570,23.840,23.070,23.080,10547,,,-1.8290,hfq
2015-02-09,22.770,23.480,22.770,23.370,8827,,,1.2565,hfq
2015-02-10,23.290,23.430,23.120,23.280,7514,,,-0.3851,hfq
2015-02-11,23.290,23.760,23.280,23.750,8744,,,2.0189,hfq
2015-02-12,23.670,24.260,23.490,24.090,11165,,,1.4316,hfq
2015-02-13,24.180,25.280,24.180,25.090,32285,,,4.1511,hfq
2015-02-16,24.950,25.300,24.940,25.150,17275,,,0.2391,hfq
2015-02-17,25.110,25.290,24.900,25.010,9289,,,-0.5567,hfq
2015-02-25,25.010,25.240,24.810,24.860,11730,,,-0.5998,hfq
2015-02-26,24.860,25.060,24.690,25.000,11664,,,0.5632,hfq
2015-02-27,25.080,25.370,25.000,25.320,12352,,,1.2800,hfq
2015-03-02,25.390,25.670,25.250,25.350,21068,,,0.1185,hfq
2015-03-03,25.350,25.610,24.800,24.890,19595,,,-1.8146,hfq
2015-03-04,25.000,25.080,24.600,25.070,20353,,,0.7232,hfq
2015-03-05,25.010,25.830,24.900,25.800,27743,,,2.9118,hfq
2015-03-06,25.800,26.670,25.440,25.590,35055,,,-0.8140,hfq
2015-03-09,25.590,26.620,25.440,26.380,30307,,,3.0871,hfq
2015-03-10,26.380,27.380,26.300,26.600,25443,,,0.8340,hfq
2015-03-11,26.690,27.140,26.240,27.080,25218,,,1.8045,hfq
2015-03-12,27.270,27.670,26.480,26.770,23826,,,-1.1448,hfq
2015-03-13,26.770,26.940,26.580,26.700,18116,,,-0.2615,hfq
2015-03-16,26.770,27.290,26.740,27.150,17464,,,1.6854,hfq
2015-03-17,27.220,27.570,27.040,27.190,21262,,,0.1473,hfq
2015-03-18,27.560,27.930,27.210,27.380,28828,,,0.6988,hfq
2015-03-19,27.520,27.540,26.790,27.150,33034,,,-0.8400,hfq
2015-03-20,26.900,27.500,26.850,27.460,30285,,,1.1418,hfq
2015-03-23,27.480,28.660,27.200,28.440,49341,,,3.5688,hfq
2015-03-24,28.340,28.430,27.270,27.980,29966,,,-1.6174,hfq
2015-03-25,28.270,28.400,27.690,28.280,28880,,,1.0722,hfq
2015-03-26,28.190,28.740,27.690,27.980,24298,,,-1.0608,hfq
2015-03-27,27.970,28.530,27.780,28.340,20349,,,1.2866,hfq
2015-03-30,28.390,28.710,27.670,28.110,39087,,,-0.8116,hfq
2015-03-31,28.080,28.150,27.520,27.550,27539,,,-1.9922,hfq
2015-04-01,27.540,29.620,27.380,29.370,60152,,,6.6062,hfq
2015-04-02,29.100,30.200,28.870,29.990,48375,,,2.1110,hfq
2015-04-03,29.790,32.170,29.500,32.030,75231,,,6.8023,hfq
2015-04-07,31.870,32.730,31.290,32.240,40251,,,0.6556,hfq
2015-04-08,32.240,32.370,30.440,31.350,39507,,,-2.7605,hfq
2015-04-09,31.290,31.290,29.370,30.750,32726,,,-1.9139,hfq
2015-04-10,30.460,32.300,30.370,32.070,27797,,,4.2927,hfq
2015-04-13,32.170,34.390,32.170,33.560,33715,,,4.6461,hfq
2015-04-14,33.580,34.590,32.910,33.400,32099,,,-0.4768,hfq
2015-04-15,33.380,33.820,31.680,31.690,25382,,,-5.1198,hfq
2015-04-16,31.390,32.090,30.890,31.360,22546,,,-1.0413,hfq
2015-04-17,31.770,32.640,31.400,31.560,27768,,,0.6378,hfq
2015-04-20,31.560,31.790,30.270,30.510,29539,,,-3.3270,hfq
2015-04-21,30.320,31.820,30.320,31.820,21862,,,4.2937,hfq
2015-04-22,31.920,32.750,31.640,32.610,27536,,,2.4827,hfq
2015-04-23,32.620,33.050,31.890,32.640,37753,,,0.0920,hfq
2015-04-24,32.290,32.440,31.410,32.200,27499,,,-1.3480,hfq
2015-04-27,31.890,32.870,31.520,32.480,62099,,,0.8696,hfq
2015-04-28,32.270,32.390,30.270,30.530,44882,,,-6.0037,hfq
2015-04-29,30.550,31.260,30.490,30.900,21712,,,1.2119,hfq
2015-04-30,31.040,31.260,30.470,30.600,22919,,,-0.9709,hfq
2015-05-04,30.560,31.110,30.490,31.030,19656,,,1.4052,hfq
2015-05-05,31.290,31.660,30.710,30.920,28050,,,-0.3545,hfq
2015-05-06,31.100,31.820,30.800,30.890,25337,,,-0.0970,hfq
2015-05-07,30.970,30.970,29.210,29.880,28954,,,-3.2697,hfq
2015-05-08,29.940,30.470,29.880,30.390,21235,,,1.7068,hfq
2015-05-11,30.640,31.690,30.470,31.690,36473,,,4.2777,hfq
2015-05-12,31.870,32.370,31.520,32.290,42691,,,1.8933,hfq
2015-05-13,32.090,33.230,31.710,33.180,44882,,,2.7563,hfq
2015-05-14,33.090,33.690,32.700,33.690,36347,,,1.5371,hfq
2015-05-15,33.770,34.180,33.090,33.270,43483,,,-1.2467,hfq
2015-05-18,33.320,36.340,33.310,35.880,56753,,,7.8449,hfq
2015-05-19,36.390,38.390,35.890,37.890,59798,,,5.6020,hfq
2015-05-20,38.080,38.990,37.100,37.150,54241,,,-1.9530,hfq
2015-05-21,37.140,37.880,36.500,37.550,42626,,,1.0767,hfq
2015-05-22,37.540,39.750,37.540,38.780,50146,,,3.2756,hfq
2015-05-25,38.890,42.620,38.090,42.370,58952,,,9.2573,hfq
2015-05-26,41.650,44.480,41.650,42.790,59537,,,0.9913,hfq
2015-05-27,42.770,46.840,42.420,46.590,63609,,,8.8806,hfq
2015-05-28,46.390,50.390,44.200,44.500,80294,,,-4.4859,hfq
2015-05-29,44.390,48.270,40.670,48.090,80488,,,8.0674,hfq
2015-06-01,47.770,51.370,47.390,50.480,75424,,,4.9698,hfq
2015-06-02,50.440,53.390,49.450,52.990,58407,,,4.9723,hfq
2015-06-03,53.130,53.690,50.390,51.790,49593,,,-2.2646,hfq
2015-06-04,51.250,51.270,46.740,49.270,59930,,,-4.8658,hfq
2015-06-05,50.100,50.370,48.420,48.690,48749,,,-1.1772,hfq
2015-06-08,48.030,49.190,45.890,46.280,47849,,,-4.9497,hfq
2015-06-09,46.290,47.640,45.900,47.110,32156,,,1.7934,hfq
2015-06-10,47.200,49.130,46.840,48.290,32099,,,2.5048,hfq
2015-06-11,48.410,52.390,47.690,51.580,49416,,,6.8130,hfq
2015-06-12,51.560,54.340,51.090,52.180,56728,,,1.1632,hfq
2015-06-15,51.710,53.880,51.500,51.580,48430,,,-1.1499,hfq
2015-06-16,50.370,50.380,46.840,47.070,50536,,,-8.7437,hfq
2015-06-17,47.300,48.420,45.610,48.120,33930,,,2.2307,hfq
2015-06-18,47.470,48.920,45.680,45.820,34256,,,-4.7797,hfq
2015-06-19,44.520,45.210,41.280,41.420,34907,,,-9.6028,hfq
2015-06-23,40.780,42.320,38.080,42.010,39898,,,1.4244,hfq
2015-06-24,42.280,43.850,41.930,43.020,51336,,,2.4042,hfq
2015-06-25,42.780,43.320,39.420,40.490,37307,,,-5.8810,hfq
2015-06-26,39.400,41.790,37.420,38.650,67390,,,-4.5443,hfq
2015-06-29,41.170,41.970,37.020,40.150,85497,,,3.8810,hfq
2015-06-30,39.900,44.120,38.600,44.020,91339,,,9.6389,hfq
2015-07-01,43.290,45.620,40.370,40.830,88735,,,-7.2467,hfq
2015-07-02,41.430,41.610,36.790,36.790,65694,,,-9.8947,hfq
2015-07-03,34.420,36.540,33.150,33.150,53586,,,-9.8940,hfq
2015-07-06,36.420,36.420,29.880,29.880,63547,,,-9.8643,hfq
2015-07-07,27.020,27.410,26.930,26.930,12022,,,-9.8728,hfq
2015-07-08,24.280,25.020,24.280,24.280,105484,,,-9.8403,hfq
2015-07-09,23.520,26.670,23.520,26.670,71424,,,9.8435,hfq
2015-07-10,28.420,29.300,27.520,29.300,35865,,,9.8613,hfq
2015-07-13,31.320,32.190,30.420,32.190,62133,,,9.8635,hfq
2015-07-14,32.270,34.910,31.320,32.620,85928,,,1.3358,hfq
2015-07-15,31.910,32.220,29.400,29.400,63284,,,-9.8712,hfq
2015-07-16,27.440,31.370,27.220,30.560,52294,,,3.9456,hfq
2015-07-17,31.030,33.370,31.030,33.050,54331,,,8.1479,hfq
2015-07-20,33.070,34.460,32.170,34.210,68445,,,3.5098,hfq
2015-07-21,33.420,34.900,33.020,34.240,50839,,,0.0877,hfq
2015-07-22,34.080,35.890,33.920,34.920,51296,,,1.9860,hfq
2015-07-23,35.020,36.150,34.300,35.910,52983,,,2.8351,hfq
2015-07-24,36.230,37.330,35.020,35.120,68897,,,-2.1999,hfq
2015-07-27,34.320,35.730,31.650,31.650,65337,,,-9.8804,hfq
2015-07-28,29.710,32.320,28.780,30.900,58898,,,-2.3697,hfq
2015-07-29,31.730,33.100,29.430,33.020,52049,,,6.8608,hfq
2015-07-30,32.720,33.850,31.710,31.780,52246,,,-3.7553,hfq
2015-07-31,31.120,32.680,30.910,31.590,35233,,,-0.5979,hfq
2015-08-03,31.080,31.120,28.470,28.670,41632,,,-9.2434,hfq
2015-08-04,29.420,31.500,29.020,31.500,39213,,,9.8709,hfq
2015-08-05,31.500,32.720,31.040,32.050,49673,,,1.7460,hfq
2015-08-06,31.330,34.660,31.020,33.750,64354,,,5.3042,hfq
2015-08-07,33.790,35.020,33.420,34.760,53836,,,2.9926,hfq
2015-08-10,35.320,36.310,34.600,35.900,58281,,,3.2796,hfq
2015-08-11,35.770,36.210,34.930,35.420,57891,,,-1.3370,hfq
2015-08-12,34.950,36.270,34.780,34.930,43150,,,-1.3834,hfq
2015-08-13,34.590,36.200,33.710,36.120,46743,,,3.4068,hfq
2015-08-14,36.120,36.580,35.130,35.340,41216,,,-2.1595,hfq
2015-08-17,35.020,37.700,34.920,37.360,55285,,,5.7159,hfq
2015-08-18,37.380,37.900,33.670,33.670,57113,,,-9.8769,hfq
2015-08-19,32.630,35.290,30.920,35.000,46847,,,3.9501,hfq
2015-08-20,34.580,38.190,34.540,37.120,80386,,,6.0571,hfq
2015-08-21,33.460,34.780,33.450,33.450,71426,,,-9.8869,hfq
2015-08-24,30.220,31.620,30.150,30.150,17019,,,-9.8655,hfq
2015-08-25,27.180,27.720,27.180,27.180,31571,,,-9.8507,hfq
2015-08-26,27.120,27.680,24.500,24.500,65122,,,-9.8602,hfq
2015-08-27,25.350,25.770,23.280,24.970,46344,,,1.9184,hfq
2015-08-28,25.460,27.430,25.100,27.430,52092,,,9.8518,hfq
2015-08-31,27.500,27.500,25.720,25.920,40296,,,-5.5049,hfq
2015-09-01,25.430,25.450,23.370,23.370,33757,,,-9.8380,hfq
2015-09-02,22.410,24.520,21.320,22.270,27801,,,-4.7069,hfq
2015-09-07,23.020,24.100,22.730,23.190,25768,,,4.1311,hfq
2015-09-08,23.060,24.970,22.920,24.930,31479,,,7.5032,hfq
2015-09-09,25.020,26.020,24.950,25.650,37698,,,2.8881,hfq
2015-09-10,25.040,25.370,24.740,24.820,31818,,,-3.2359,hfq
2015-09-11,24.720,26.390,24.720,26.220,42127,,,5.6406,hfq
2015-09-14,25.960,26.280,23.640,23.640,31454,,,-9.8398,hfq
2015-09-15,22.810,23.320,21.320,21.390,44113,,,-9.5178,hfq
2015-09-16,21.720,23.490,21.420,23.490,31041,,,9.8177,hfq
2015-09-17,23.420,24.640,23.090,23.420,38190,,,-0.2980,hfq
2015-09-18,23.520,24.010,23.080,23.930,26367,,,2.1776,hfq
2015-09-21,23.820,25.290,23.330,25.270,40229,,,5.5997,hfq
2015-09-22,25.250,25.900,24.620,25.120,38095,,,-0.5936,hfq
2015-09-23,24.620,25.420,24.470,25.080,28468,,,-0.1592,hfq
2015-09-24,25.300,25.700,25.020,25.370,24626,,,1.1563,hfq
2015-09-25,25.180,25.410,23.720,23.970,28052,,,-5.5183,hfq
2015-09-28,23.830,24.490,23.470,24.400,33687,,,1.7939,hfq
2015-09-29,23.900,24.300,23.750,23.980,18555,,,-1.7213,hfq
2015-09-30,24.180,26.310,24.050,25.880,58051,,,7.9233,hfq
2015-10-08,26.710,27.020,26.030,26.570,51454,,,2.6662,hfq
2015-10-09,26.770,29.190,26.730,29.190,97742,,,9.8607,hfq
2015-10-12,29.190,30.910,28.730,30.610,107117,,,4.8647,hfq
2015-10-13,29.920,30.600,29.800,30.300,55998,,,-1.0127,hfq
2015-10-14,30.540,32.270,30.440,30.630,55516,,,1.0891,hfq
2015-10-15,30.460,31.640,30.230,31.490,46750,,,2.8077,hfq
2015-10-16,31.810,31.870,30.030,31.350,57632,,,-0.4446,hfq
2015-10-19,31.420,31.420,30.470,30.700,37329,,,-2.0734,hfq
2015-10-20,30.530,32.660,30.470,32.220,53634,,,4.9511,hfq
2015-10-21,31.920,32.220,29.040,29.050,62164,,,-9.8386,hfq
2015-10-22,29.520,30.460,29.300,30.350,49025,,,4.4750,hfq
2015-10-23,30.830,31.110,30.240,31.070,50777,,,2.3723,hfq
2015-10-26,31.430,32.400,31.120,31.820,52692,,,2.4139,hfq
2015-10-27,31.800,31.850,29.710,31.820,43070,,,0.0000,hfq
2015-10-28,31.720,32.390,30.860,31.210,39522,,,-1.9170,hfq
2015-10-29,31.720,32.920,31.140,32.590,51481,,,4.4217,hfq
2015-10-30,31.930,32.430,31.130,31.540,50055,,,-3.2218,hfq
2015-11-02,30.700,32.770,30.340,31.600,45025,,,0.1902,hfq
2015-11-03,31.520,33.520,31.430,33.220,67842,,,5.1266,hfq
2015-11-04,33.240,34.920,33.070,34.800,61499,,,4.7562,hfq
2015-11-05,34.920,36.040,34.400,34.500,64958,,,-0.8621,hfq
2015-11-06,34.510,36.370,34.510,35.570,48819,,,3.1014,hfq
2015-11-09,35.170,36.320,34.730,35.920,52820,,,0.9840,hfq
2015-11-10,35.620,36.220,35.230,35.420,46370,,,-1.3920,hfq
2015-11-11,35.430,37.100,34.980,36.920,55498,,,4.2349,hfq
2015-11-12,36.970,37.220,35.440,36.370,67414,,,-1.4897,hfq
2015-11-13,35.720,35.910,34.470,34.980,54655,,,-3.8218,hfq
2015-11-16,34.220,38.440,34.220,38.440,82514,,,9.8914,hfq
2015-11-17,38.920,39.690,37.320,37.670,78916,,,-2.0031,hfq
2015-11-18,37.920,39.270,37.030,37.290,53290,,,-1.0088,hfq
2015-11-19,37.350,38.870,37.350,38.870,42391,,,4.2371,hfq
2015-11-20,39.350,41.520,39.140,40.300,68957,,,3.6789,hfq
2015-11-23,39.900,42.300,39.530,41.010,59378,,,1.7618,hfq
2015-11-24,42.720,45.070,42.720,45.070,22349,,,9.9000,hfq
2015-11-25,49.540,49.540,46.520,47.670,160660,,,5.7688,hfq
2015-11-26,46.670,49.700,45.900,48.550,133177,,,1.8460,hfq
2015-11-27,47.240,49.790,44.420,45.270,104432,,,-6.7559,hfq
2015-11-30,46.020,47.230,42.870,46.920,91685,,,3.6448,hfq
2015-12-01,46.420,47.770,43.610,44.620,81383,,,-4.9020,hfq
2015-12-02,44.420,44.750,40.510,42.500,66824,,,-4.7512,hfq
2015-12-03,43.200,43.950,42.620,43.640,48531,,,2.6824,hfq
2015-12-04,43.420,43.920,41.930,42.570,53127,,,-2.4519,hfq
2015-12-07,42.570,45.090,42.520,44.920,61319,,,5.5203,hfq
2015-12-08,44.910,44.910,43.420,43.790,44475,,,-2.5156,hfq
2015-12-09,43.430,43.750,42.280,42.820,42094,,,-2.2151,hfq
2015-12-10,42.830,43.200,41.700,42.420,45407,,,-0.9341,hfq
2015-12-11,42.180,43.710,41.770,43.050,32203,,,1.4851,hfq
2015-12-14,42.720,46.880,42.440,45.870,54023,,,6.5505,hfq
2015-12-15,45.870,47.780,45.870,46.320,45219,,,0.9810,hfq
2015-12-16,46.740,49.410,45.880,48.420,61895,,,4.5337,hfq
2015-12-17,48.700,53.220,48.650,53.220,115359,,,9.9133,hfq
2015-12-18,52.220,52.700,50.020,50.310,93609,,,-5.4679,hfq
2015-12-21,50.420,50.980,48.990,50.400,53080,,,0.1789,hfq
2015-12-22,50.440,53.400,49.930,52.000,57331,,,3.1746,hfq
2015-12-23,51.520,52.010,48.940,49.380,53726,,,-5.0385,hfq
2015-12-24,48.930,50.350,47.470,49.930,44257,,,1.1138,hfq
2015-12-25,49.470,51.290,48.940,49.580,32865,,,-0.7010,hfq
2015-12-28,49.600,49.890,47.020,47.220,50267,,,-4.7600,hfq
2015-12-29,47.420,49.120,47.420,48.600,34201,,,2.9225,hfq
2015-12-30,48.640,49.420,48.030,49.130,29762,,,1.0905,hfq
2015-12-31,49.140,49.400,47.440,47.620,27846,,,-3.0735,hfq
2016-01-04,46.930,47.210,42.900,42.900,41143,,,-9.9118,hfq
2016-01-05,39.520,42.820,38.650,40.310,54520,,,-6.0373,hfq
2016-01-06,41.120,42.150,39.940,42.070,43285,,,4.3662,hfq
2016-01-07,40.690,40.690,37.910,37.910,11571,,,-9.8883,hfq
2016-01-08,39.310,39.780,35.930,38.340,42987,,,1.1343,hfq
2016-01-11,37.430,38.330,34.550,34.550,43154,,,-9.8852,hfq
2016-01-12,34.800,36.140,34.420,35.650,37931,,,3.1838,hfq
2016-01-13,35.720,36.670,34.010,34.230,36328,,,-3.9832,hfq
2016-01-14,33.410,36.820,32.730,36.520,39908,,,6.6900,hfq
2016-01-15,36.300,36.610,33.920,34.570,38160,,,-5.3395,hfq
2016-01-18,33.230,36.280,33.190,35.450,34152,,,2.5456,hfq
2016-01-19,35.210,37.510,35.120,37.170,39962,,,4.8519,hfq
2016-01-20,36.810,38.620,36.400,38.290,52393,,,3.0132,hfq
2016-01-21,37.430,38.520,35.420,35.520,43867,,,-7.2343,hfq
2016-01-22,36.420,37.610,35.120,37.350,35941,,,5.1520,hfq
2016-01-25,38.020,39.030,37.530,38.040,33457,,,1.8474,hfq
2016-01-26,37.520,37.920,34.560,34.870,41864,,,-8.3333,hfq
2016-01-27,35.320,35.520,31.720,34.780,37110,,,-0.2581,hfq
2016-01-28,32.380,32.400,31.340,31.340,45038,,,-9.8907,hfq
2016-01-29,29.300,32.020,28.920,31.490,47826,,,0.4786,hfq
2016-02-01,31.070,31.370,28.930,29.580,34452,,,-6.0654,hfq
2016-02-02,29.720,30.920,29.720,30.520,28797,,,3.1778,hfq
2016-02-03,29.940,31.390,29.930,31.110,24641,,,1.9332,hfq
2016-02-04,31.410,32.720,31.330,32.280,33306,,,3.7608,hfq
2016-02-05,32.320,33.140,31.890,31.950,20321,,,-1.0223,hfq
2016-02-15,30.120,31.770,29.870,31.600,18868,,,-1.0955,hfq
2016-02-16,32.150,33.400,31.920,33.210,35818,,,5.0949,hfq
2016-02-17,33.220,33.570,32.230,33.390,48221,,,0.5420,hfq
2016-02-18,33.730,36.380,33.730,34.880,72144,,,4.4624,hfq
2016-02-19,34.520,35.990,34.220,35.990,44382,,,3.1823,hfq
2016-02-22,36.300,37.530,36.120,36.320,48558,,,0.9169,hfq
2016-02-23,36.140,37.110,35.920,36.920,42758,,,1.6520,hfq
2016-02-24,36.420,36.860,35.140,36.390,41956,,,-1.4355,hfq
2016-02-25,36.170,36.370,32.790,32.790,50851,,,-9.8928,hfq
2016-02-26,33.220,33.510,31.540,33.120,34763,,,1.0064,hfq
2016-02-29,32.820,32.820,29.850,29.850,37163,,,-9.8732,hfq
2016-03-01,30.120,30.720,28.900,30.400,26506,,,1.8425,hfq
2016-03-02,30.320,31.970,30.120,31.890,29984,,,4.9013,hfq
2016-03-03,32.100,32.640,31.680,31.700,28309,,,-0.5958,hfq
2016-03-04,31.860,31.900,29.420,29.830,30276,,,-5.8991,hfq
2016-03-07,30.020,31.100,30.020,30.520,18894,,,2.3131,hfq
2016-03-08,30.420,30.790,29.120,30.660,24830,,,0.4587,hfq
2016-03-09,29.870,30.360,29.710,29.900,17516,,,-2.4788,hfq
2016-03-10,29.970,30.370,29.420,29.710,16313,,,-0.6355,hfq
2016-03-11,29.300,30.010,29.120,29.660,14304,,,-0.1683,hfq
2016-03-14,30.020,31.380,30.020,31.010,29422,,,4.5516,hfq
2016-03-15,31.000,31.400,30.800,30.900,18229,,,-0.3547,hfq
2016-03-16,31.040,31.370,29.940,30.040,17717,,,-2.7832,hfq
2016-03-17,30.270,31.300,30.170,31.130,27490,,,3.6285,hfq
2016-03-18,31.320,32.950,31.320,32.620,40977,,,4.7864,hfq
2016-03-21,33.270,33.580,32.480,33.320,38585,,,2.1459,hfq
2016-03-22,33.010,33.620,32.730,33.170,34287,,,-0.4502,hfq
2016-03-23,32.970,33.910,32.960,33.820,31522,,,1.9596,hfq
2016-03-24,33.510,35.190,33.020,34.020,47658,,,0.5914,hfq
2016-03-25,34.080,35.190,33.850,34.630,39268,,,1.7931,hfq
2016-03-28,34.870,35.720,34.720,34.930,47043,,,0.8663,hfq
2016-03-29,34.710,35.020,33.220,33.610,37207,,,-3.7790,hfq
2016-03-30,34.020,36.720,33.920,36.320,46691,,,8.0631,hfq
2016-03-31,36.520,39.020,36.430,38.750,74715,,,6.6905,hfq
2016-04-01,38.220,40.680,37.620,40.580,74319,,,4.7226,hfq
2016-04-05,40.280,40.920,38.930,39.570,88878,,,-2.4889,hfq
2016-04-06,36.750,37.170,35.750,36.040,159135,,,-8.9209,hfq
2016-04-07,36.070,36.600,35.310,36.190,90802,,,0.4162,hfq
2016-04-08,35.820,35.850,34.780,35.210,54116,,,-2.7079,hfq
2016-04-11,35.440,36.070,35.420,35.600,48268,,,1.1076,hfq
2016-04-12,35.670,35.670,34.520,34.920,38690,,,-1.9101,hfq
2016-04-13,35.240,36.600,35.220,35.970,69488,,,3.0069,hfq
2016-04-14,36.250,36.420,35.670,36.340,41832,,,1.0286,hfq
2016-04-15,36.220,36.400,35.740,35.900,32371,,,-1.2108,hfq
2016-04-18,35.670,35.720,34.540,34.690,30003,,,-3.3705,hfq
2016-04-19,34.900,35.340,34.770,35.120,20175,,,1.2396,hfq
2016-04-20,35.240,35.570,31.770,32.410,49231,,,-7.7164,hfq
2016-04-21,32.170,32.610,31.600,31.620,26819,,,-2.4375,hfq
2016-04-22,31.420,32.580,31.220,32.580,20218,,,3.0361,hfq
2016-04-25,32.620,33.600,31.420,33.170,28181,,,1.8109,hfq
2016-04-26,32.720,33.580,32.670,33.400,19721,,,0.6934,hfq
2016-04-27,33.500,33.640,32.820,32.900,20672,,,-1.4970,hfq
2016-04-28,33.280,33.280,31.920,32.920,18388,,,0.0608,hfq
2016-04-29,32.880,33.080,32.600,32.740,13052,,,-0.5468,hfq
2016-05-03,32.070,33.450,31.820,33.410,39725,,,2.0464,hfq
2016-05-04,33.220,33.540,32.900,33.200,27529,,,-0.6286,hfq
2016-05-05,33.050,33.520,32.930,33.480,24707,,,0.8434,hfq
2016-05-06,33.520,34.070,31.920,31.940,39206,,,-4.5998,hfq
2016-05-09,31.970,32.120,30.240,30.590,26499,,,-4.2267,hfq
2016-05-10,30.590,30.970,30.340,30.460,12520,,,-0.4250,hfq
2016-05-11,30.740,30.820,30.060,30.330,15295,,,-0.4268,hfq
2016-05-12,30.140,30.150,29.200,30.120,17003,,,-0.6924,hfq
2016-05-13,30.220,30.300,29.930,30.030,12115,,,-0.2988,hfq
2016-05-16,30.030,30.560,29.690,30.520,14550,,,1.6317,hfq
2016-05-17,30.540,30.770,30.260,30.390,15276,,,-0.4260,hfq
2016-05-18,29.840,30.250,28.830,29.200,17441,,,-3.9158,hfq
2016-05-19,29.300,29.920,29.120,29.340,13086,,,0.4795,hfq
2016-05-20,29.070,29.770,28.920,29.770,11736,,,1.4656,hfq
2016-05-23,29.790,30.560,29.790,30.320,15241,,,1.8475,hfq
2016-05-24,30.320,30.320,29.620,29.930,13320,,,-1.2863,hfq
2016-05-25,30.130,30.320,29.720,29.870,13319,,,-0.2005,hfq
2016-05-26,29.970,30.020,29.080,29.990,14049,,,0.4017,hfq
2016-05-27,29.870,30.110,29.650,29.910,10687,,,-0.2668,hfq
2016-05-30,29.750,29.780,29.220,29.570,12048,,,-1.1367,hfq
2016-05-31,29.560,30.870,29.560,30.860,27089,,,4.3625,hfq
2016-06-01,30.820,33.420,30.770,33.220,49753,,,7.6474,hfq
2016-06-02,32.800,34.620,32.560,33.520,71505,,,0.9031,hfq
2016-06-03,33.550,33.550,32.920,33.070,34735,,,-1.3425,hfq
2016-06-06,33.040,33.400,32.850,33.220,21921,,,0.4536,hfq
2016-06-07,33.190,33.210,32.740,33.040,20104,,,-0.5418,hfq
2016-06-08,33.060,34.050,32.940,33.330,31238,,,0.8777,hfq
2016-06-13,32.810,32.810,30.840,30.910,33510,,,-7.2607,hfq
2016-06-14,30.120,31.330,30.120,30.980,17541,,,0.2265,hfq
2016-06-15,30.570,32.410,30.510,31.900,23692,,,2.9697,hfq
2016-06-16,31.870,32.550,31.860,31.910,17765,,,0.0313,hfq
2016-06-17,31.930,32.670,31.930,32.060,16089,,,0.4701,hfq
2016-06-20,32.030,34.210,32.030,34.110,48636,,,6.3943,hfq
2016-06-21,34.180,34.290,33.420,33.860,51702,,,-0.7329,hfq
2016-06-22,33.530,34.210,33.500,34.160,37014,,,0.8860,hfq
2016-06-23,34.060,35.400,33.970,34.440,41589,,,0.8197,hfq
2016-06-24,34.440,34.730,32.860,33.560,38779,,,-2.5552,hfq
2016-06-27,33.640,35.220,33.520,35.120,36879,,,4.6484,hfq
2016-06-28,34.810,35.690,34.790,35.460,35682,,,0.9681,hfq
2016-06-29,35.400,35.600,35.020,35.160,22578,,,-0.8460,hfq
2016-06-30,35.660,36.960,35.640,36.190,51546,,,2.9295,hfq
2016-07-01,35.990,36.460,35.560,35.980,28331,,,-0.5803,hfq
2016-07-04,35.580,37.760,35.560,37.460,53072,,,4.1134,hfq
2016-07-05,37.360,38.260,36.920,37.560,49101,,,0.2670,hfq
2016-07-06,37.460,40.840,37.410,39.950,96707,,,6.3632,hfq
2016-07-07,39.670,39.960,38.460,39.640,67946,,,-0.7760,hfq
2016-07-08,39.360,40.290,39.010,39.070,48378,,,-1.4379,hfq
2016-07-11,38.780,39.160,36.470,36.780,68652,,,-5.8613,hfq
2016-07-12,36.910,38.160,35.860,37.760,56418,,,2.6645,hfq
2016-07-13,37.520,37.740,36.860,37.110,38533,,,-1.7214,hfq
2016-07-14,37.060,37.760,36.860,37.360,25936,,,0.6737,hfq
2016-07-15,37.460,37.460,36.660,36.890,19252,,,-1.2580,hfq
2016-07-18,36.730,37.400,36.530,37.080,23879,,,0.5150,hfq
2016-07-19,36.930,36.930,35.490,36.260,39242,,,-2.2114,hfq
2016-07-20,36.260,36.450,35.910,35.920,18498,,,-0.9377,hfq
2016-07-21,36.030,36.790,35.890,36.410,24314,,,1.3641,hfq
2016-07-22,36.430,37.210,35.970,36.910,31588,,,1.3732,hfq
2016-07-25,36.590,36.830,35.860,36.020,25320,,,-2.4113,hfq
2016-07-26,36.020,36.710,36.020,36.580,17812,,,1.5547,hfq
2016-07-27,36.500,36.850,33.360,34.060,38828,,,-6.8890,hfq
2016-07-28,34.120,34.550,33.460,34.050,17530,,,-0.0294,hfq
2016-07-29,34.160,34.350,33.370,33.700,13301,,,-1.0279,hfq
2016-08-01,33.210,33.210,31.860,32.470,23948,,,-3.6499,hfq
2016-08-02,32.540,33.060,32.540,32.810,11469,,,1.0471,hfq
2016-08-03,32.660,33.320,32.660,32.920,9704,,,0.3353,hfq
2016-08-04,32.920,33.220,32.470,33.160,13203,,,0.7290,hfq
2016-08-05,33.130,33.310,32.880,32.950,11034,,,-0.6333,hfq
2016-08-08,32.960,33.300,32.540,33.290,9069,,,1.0319,hfq
2016-08-09,33.350,33.950,33.290,33.740,11789,,,1.3518,hfq
2016-08-10,33.840,34.420,33.650,33.920,14568,,,0.5335,hfq
2016-08-11,33.770,33.770,32.880,32.970,12928,,,-2.8007,hfq
2016-08-12,33.200,33.580,32.970,33.520,10679,,,1.6682,hfq
2016-08-15,33.530,34.910,33.330,34.590,21010,,,3.1921,hfq
2016-08-16,34.600,34.910,34.480,34.640,14002,,,0.1446,hfq
2016-08-17,34.640,35.350,34.640,35.180,19213,,,1.5589,hfq
2016-08-18,35.160,36.440,34.740,36.410,39704,,,3.4963,hfq
2016-08-19,36.410,36.970,35.890,35.920,61683,,,-1.3458,hfq
2016-08-22,35.760,35.760,34.620,34.650,30835,,,-3.5356,hfq
2016-08-23,34.470,35.240,34.360,34.930,15501,,,0.8081,hfq
2016-08-24,34.920,35.410,34.780,35.060,15125,,,0.3722,hfq
2016-08-25,34.480,34.710,34.130,34.650,19646,,,-1.1694,hfq
2016-08-26,34.380,34.750,34.250,34.360,19726,,,-0.8369,hfq
2016-08-29,34.360,34.640,34.140,34.430,11847,,,0.2037,hfq
2016-08-30,34.380,35.390,34.380,35.180,18596,,,2.1783,hfq
2016-08-31,35.160,35.720,34.530,35.640,25338,,,1.3076,hfq
2016-09-01,35.460,35.930,35.110,35.120,19015,,,-1.4590,hfq
2016-09-02,35.130,35.850,35.120,35.360,16753,,,0.6834,hfq
2016-09-05,35.450,35.950,35.450,35.640,16909,,,0.7919,hfq
2016-09-06,35.710,36.320,35.140,36.260,29781,,,1.7396,hfq
2016-09-07,36.060,36.490,35.720,35.780,22956,,,-1.3238,hfq
2016-09-08,35.760,36.150,35.600,35.960,13345,,,0.5031,hfq
2016-09-09,36.120,36.660,35.660,35.760,22710,,,-0.5562,hfq
2016-09-12,35.080,35.650,34.460,34.500,24848,,,-3.5235,hfq
2016-09-13,34.760,34.940,34.150,34.460,14071,,,-0.1159,hfq
2016-09-14,34.340,34.860,34.190,34.500,11952,,,0.1161,hfq
2016-09-19,34.540,36.440,34.540,36.040,33064,,,4.4638,hfq
2016-09-20,36.160,36.660,35.960,36.390,36689,,,0.9711,hfq
2016-09-21,36.440,36.910,36.180,36.410,25503,,,0.0550,hfq
2016-09-22,36.710,37.730,36.660,36.850,44569,,,1.2085,hfq
2016-09-23,36.660,39.710,36.660,38.740,66741,,,5.1289,hfq
2016-09-26,38.160,39.040,37.480,37.520,45604,,,-3.1492,hfq
2016-09-27,37.760,38.050,36.730,38.000,35537,,,1.2793,hfq
2016-09-28,37.840,38.840,37.680,37.990,29893,,,-0.0263,hfq
2016-09-29,38.040,38.150,37.360,37.660,21940,,,-0.8686,hfq
2016-09-30,37.520,38.580,37.320,38.380,29718,,,1.9118,hfq
2016-10-10,38.380,39.310,38.080,38.710,41077,,,0.8598,hfq
2016-10-11,38.700,38.960,38.320,38.480,29913,,,-0.5942,hfq
2016-10-12,38.230,39.120,38.060,38.640,30756,,,0.4158,hfq
2016-10-13,38.650,38.840,37.810,37.960,38999,,,-1.7598,hfq
2016-10-14,37.920,38.360,37.560,38.360,27617,,,1.0537,hfq
2016-10-17,38.260,38.400,37.270,37.360,26228,,,-2.6069,hfq
2016-10-18,37.230,37.950,37.210,37.910,17452,,,1.4722,hfq
2016-10-19,37.990,38.740,37.770,38.570,33247,,,1.7410,hfq
2016-10-20,38.500,39.020,37.970,38.640,29583,,,0.1815,hfq
2016-10-21,38.490,38.640,37.380,37.970,24787,,,-1.7340,hfq
2016-10-24,37.960,38.120,37.310,37.450,41549,,,-1.3695,hfq
2016-10-25,37.410,37.860,37.380,37.610,21737,,,0.4272,hfq
2016-10-26,37.290,37.510,36.690,36.890,29271,,,-1.9144,hfq
2016-10-27,36.910,37.560,36.910,37.230,16513,,,0.9217,hfq
2016-10-28,37.610,40.910,37.610,39.480,132515,,,6.0435,hfq
2016-10-31,39.410,43.380,39.310,43.380,148189,,,9.8784,hfq
2016-11-01,45.390,47.670,45.170,47.670,112609,,,9.8893,hfq
2016-11-02,50.460,52.390,49.760,50.550,287213,,,6.0415,hfq
2016-11-03,49.910,54.920,49.600,51.610,292726,,,2.0969,hfq
2016-11-04,51.460,56.730,51.460,53.270,278008,,,3.2164,hfq
2016-11-07,52.460,56.460,51.640,55.510,233827,,,4.2050,hfq
2016-11-08,54.490,60.180,54.070,55.810,267793,,,0.5404,hfq
2016-11-09,54.790,56.440,54.080,55.300,208221,,,-0.9138,hfq
2016-11-10,55.410,57.670,54.510,55.410,210115,,,0.1989,hfq
2016-11-11,54.810,59.460,54.260,57.700,245385,,,4.1328,hfq
2016-11-14,56.980,57.810,54.860,56.410,159252,,,-2.2357,hfq
2016-11-15,56.040,57.610,54.920,55.650,123423,,,-1.3473,hfq
2016-11-16,55.710,55.910,51.810,52.510,152769,,,-5.6424,hfq
2016-11-17,52.190,52.980,51.970,52.250,69643,,,-0.4951,hfq
2016-11-18,54.450,56.390,53.460,53.460,174638,,,2.3158,hfq
2016-11-21,53.570,58.760,52.510,58.760,274430,,,9.9140,hfq
2016-11-22,58.460,58.460,53.450,54.010,243295,,,-8.0837,hfq
2016-11-23,52.950,53.940,52.000,52.570,133322,,,-2.6662,hfq
2016-11-24,52.790,53.090,48.960,49.560,127831,,,-5.7257,hfq
2016-11-25,49.660,49.890,47.700,49.040,90035,,,-1.0492,hfq
2016-11-28,48.600,49.600,48.380,48.440,63434,,,-1.2235,hfq
2016-11-29,48.740,49.330,47.050,47.210,69603,,,-2.5392,hfq
2016-11-30,47.170,48.110,46.540,47.950,56808,,,1.5675,hfq
2016-12-01,47.840,48.160,46.970,47.150,50307,,,-1.6684,hfq
2016-12-02,47.210,47.550,44.920,45.360,71892,,,-3.7964,hfq
2016-12-05,44.860,46.450,44.660,46.110,54405,,,1.6534,hfq
2016-12-06,46.310,48.350,45.960,47.340,82465,,,2.6675,hfq
2016-12-07,47.260,47.990,46.690,47.910,56254,,,1.2041,hfq
2016-12-08,48.060,48.060,46.760,46.920,49389,,,-2.0664,hfq
2016-12-09,47.160,48.980,45.410,48.360,89522,,,3.0691,hfq
2016-12-12,47.510,48.100,43.570,43.570,77663,,,-9.9049,hfq
2016-12-13,43.180,44.910,42.740,44.300,47043,,,1.6755,hfq
2016-12-14,44.210,44.930,43.340,44.260,58963,,,-0.0903,hfq
2016-12-15,44.140,45.930,44.120,45.240,75018,,,2.2142,hfq
2016-12-16,45.160,46.310,44.520,46.070,68408,,,1.8347,hfq
2016-12-19,46.060,46.410,45.200,45.560,46972,,,-1.1070,hfq
2016-12-20,45.640,46.440,45.260,46.210,56296,,,1.4267,hfq
2016-12-21,46.010,46.460,44.470,45.610,59362,,,-1.2984,hfq
2016-12-22,45.260,46.450,45.030,46.440,64968,,,1.8198,hfq
2016-12-23,46.460,47.240,44.310,44.460,64738,,,-4.2636,hfq
2016-12-26,43.780,44.580,42.790,44.450,36531,,,-0.0225,hfq
2016-12-27,44.600,44.710,43.580,43.660,28609,,,-1.7773,hfq
2016-12-28,43.470,44.650,43.470,44.470,34125,,,1.8552,hfq
2016-12-29,44.460,45.850,42.960,43.660,67926,,,-1.8215,hfq
2016-12-30,43.310,43.840,41.840,41.920,55921,,,-3.9853,hfq
2017-01-03,41.130,42.360,41.130,41.750,46675,,,-0.4055,hfq
2017-01-04,41.810,42.580,41.290,42.360,37159,,,1.4611,hfq
2017-01-05,42.470,42.750,41.880,41.960,29154,,,-0.9443,hfq
2017-01-06,41.760,42.460,41.660,42.460,37806,,,1.1916,hfq
2017-01-09,42.470,43.390,42.460,42.560,59032,,,0.2355,hfq
2017-01-10,42.060,42.940,41.720,42.920,43447,,,0.8459,hfq
2017-01-11,42.930,43.310,41.960,42.010,48764,,,-2.1202,hfq
2017-01-12,41.850,42.250,41.260,41.370,29717,,,-1.5234,hfq
2017-01-13,41.350,42.240,40.410,40.410,32670,,,-2.3205,hfq
2017-01-16,39.760,40.720,36.420,36.580,56620,,,-9.4779,hfq
2017-01-17,36.560,37.450,34.910,37.110,42778,,,1.4489,hfq
2017-01-18,36.700,37.040,35.960,36.080,22989,,,-2.7755,hfq
2017-01-19,35.990,37.070,35.990,36.730,28063,,,1.8016,hfq
2017-01-20,36.650,37.640,36.370,37.220,25149,,,1.3341,hfq
2017-01-23,37.360,38.020,37.220,37.660,21506,,,1.1822,hfq
2017-01-24,37.760,37.760,37.080,37.180,16750,,,-1.2746,hfq
2017-01-25,37.400,37.740,37.210,37.580,15060,,,1.0758,hfq
2017-01-26,36.460,37.310,36.460,37.220,25419,,,-0.9580,hfq
2017-02-03,37.360,37.360,36.610,36.910,14029,,,-0.8329,hfq
2017-02-06,36.960,37.750,36.790,37.680,18949,,,2.0862,hfq
2017-02-07,37.840,39.130,37.470,38.040,34793,,,0.9554,hfq
2017-02-08,37.760,38.240,37.220,38.100,24774,,,0.1577,hfq
2017-02-09,38.190,39.050,38.040,38.610,29260,,,1.3386,hfq
2017-02-10,38.930,39.450,38.460,38.510,26911,,,-0.2590,hfq
2017-02-13,38.310,38.960,38.070,38.750,22352,,,0.6232,hfq
2017-02-14,38.760,39.090,38.420,38.640,17077,,,-0.2839,hfq
2017-02-15,38.810,38.810,38.060,38.230,20431,,,-1.0611,hfq
2017-02-16,38.110,39.410,37.830,39.390,75885,,,3.0343,hfq
2017-02-17,39.400,39.760,38.080,38.160,61554,,,-3.1226,hfq
2017-02-20,37.760,38.140,37.160,37.740,30827,,,-1.1006,hfq
2017-02-21,37.930,38.270,37.460,38.060,21856,,,0.8479,hfq
2017-02-22,38.280,38.650,38.060,38.610,22161,,,1.4451,hfq
2017-02-23,38.670,38.800,38.140,38.510,19244,,,-0.2590,hfq
2017-02-24,38.460,39.350,38.150,39.130,55931,,,1.6100,hfq
2017-02-27,39.100,39.100,38.260,38.330,33933,,,-2.0445,hfq
2017-02-28,38.560,38.710,37.770,37.970,26730,,,-0.9392,hfq
2017-03-01,37.970,38.410,37.540,38.160,22666,,,0.5004,hfq
2017-03-02,38.190,38.340,37.370,37.510,26875,,,-1.7034,hfq
2017-03-03,37.310,38.410,37.310,38.410,31922,,,2.3994,hfq
2017-03-06,38.330,39.050,38.220,38.580,22486,,,0.4426,hfq
2017-03-07,38.390,39.260,38.260,39.260,46811,,,1.7626,hfq
2017-03-08,39.270,40.060,38.760,38.860,61293,,,-1.0188,hfq
2017-03-09,38.460,38.460,37.960,38.070,28377,,,-2.0329,hfq
2017-03-10,38.160,38.420,38.080,38.330,17221,,,0.6830,hfq
2017-03-13,38.400,38.600,37.460,38.340,14740,,,0.0261,hfq
2017-03-14,38.340,39.960,38.230,39.050,47756,,,1.8519,hfq
2017-03-15,38.660,39.220,38.410,38.990,31192,,,-0.1536,hfq
2017-03-16,38.920,39.840,38.860,39.410,44506,,,1.0772,hfq
2017-03-17,39.560,39.600,38.770,38.880,38657,,,-1.3448,hfq
2017-03-20,38.880,39.560,38.810,39.560,30374,,,1.7490,hfq
2017-03-21,39.560,40.810,39.350,40.810,69494,,,3.1598,hfq
2017-03-22,40.320,41.150,39.970,41.070,58779,,,0.6371,hfq
2017-03-23,40.840,41.310,39.740,40.440,41814,,,-1.5340,hfq
2017-03-24,40.250,40.500,40.060,40.190,22905,,,-0.6182,hfq
2017-04-12,37.640,38.440,36.220,36.230,73940,,,-9.8532,hfq
2017-04-13,35.960,36.340,33.570,34.580,54612,,,-4.5542,hfq
2017-04-14,33.610,35.050,33.610,34.520,29005,,,-0.1735,hfq
2017-04-17,31.110,32.940,31.110,31.120,48612,,,-9.8494,hfq
2017-04-18,31.190,31.660,30.480,31.140,29721,,,0.0643,hfq
2017-04-19,30.730,32.460,30.480,31.370,25143,,,0.7386,hfq
2017-04-20,31.110,31.840,31.110,31.130,14668,,,-0.7651,hfq
2017-04-21,31.210,31.410,30.520,30.610,15833,,,-1.6704,hfq
2017-04-24,30.610,30.800,28.960,28.960,22959,,,-5.3904,hfq
2017-04-25,29.060,29.390,28.890,28.940,13005,,,-0.0691,hfq
2017-04-26,29.080,29.620,28.960,29.310,11577,,,1.2785,hfq
2017-04-27,29.320,29.590,28.290,29.570,20804,,,0.8871,hfq
2017-04-28,29.560,29.810,29.260,29.720,11969,,,0.5073,hfq
2017-05-02,29.560,29.580,29.210,29.260,11990,,,-1.5478,hfq
2017-05-03,29.280,29.420,28.740,28.880,10815,,,-1.2987,hfq
2017-05-04,29.040,29.390,28.830,29.090,14071,,,0.7271,hfq
2017-05-05,29.350,30.810,28.990,29.960,30024,,,2.9907,hfq
2017-05-08,29.530,30.220,29.470,29.560,19318,,,-1.3351,hfq
2017-05-09,28.480,29.530,28.480,29.470,13069,,,-0.3045,hfq
2017-05-10,29.290,30.050,28.890,28.960,12819,,,-1.7306,hfq
2017-05-11,28.670,28.880,26.490,27.850,23766,,,-3.8329,hfq
2017-05-12,27.780,27.900,27.000,27.070,16394,,,-2.8007,hfq
2017-05-15,27.260,27.330,26.840,26.890,8958,,,-0.6649,hfq
2017-05-16,26.890,27.740,26.890,27.730,13564,,,3.1238,hfq
2017-05-17,27.860,28.460,27.680,27.830,15766,,,0.3606,hfq
2017-05-18,27.560,28.160,27.450,27.890,12486,,,0.2156,hfq
2017-05-19,27.900,28.250,27.640,27.860,9984,,,-0.1076,hfq
2017-05-22,27.670,27.970,26.840,26.840,12552,,,-3.6612,hfq
2017-05-23,26.660,26.870,25.120,25.150,19688,,,-6.2966,hfq
2017-05-24,25.060,25.400,24.480,25.400,10996,,,0.9940,hfq
2017-05-25,25.410,25.670,24.770,25.620,13081,,,0.8661,hfq
2017-05-26,25.790,26.120,25.660,25.760,10699,,,0.5464,hfq
2017-05-31,25.840,26.390,25.520,25.550,8745,,,-0.8152,hfq
2017-06-01,25.730,25.730,24.400,24.400,11092,,,-4.5010,hfq
2017-06-02,24.400,25.140,24.320,25.040,10906,,,2.6230,hfq
2017-06-05,25.050,25.670,25.050,25.370,8969,,,1.3179,hfq
2017-06-06,25.380,25.760,25.260,25.680,9362,,,1.2219,hfq
2017-06-07,25.690,26.430,25.440,26.370,15521,,,2.6869,hfq
2017-06-08,26.370,28.450,26.240,27.150,31764,,,2.9579,hfq
2017-06-09,26.760,27.660,26.760,27.160,18467,,,0.0368,hfq
2017-06-12,27.410,27.410,26.590,26.660,12901,,,-1.8409,hfq
2017-06-13,26.470,28.440,26.470,27.810,30135,,,4.3136,hfq
2017-06-14,27.340,29.940,27.340,29.520,60483,,,6.1489,hfq
2017-06-15,28.960,29.790,28.860,29.320,42094,,,-0.6775,hfq
2017-06-16,29.140,29.320,28.160,28.350,27872,,,-3.3083,hfq
2017-06-19,28.460,29.120,28.360,29.040,21954,,,2.4339,hfq
2017-06-20,29.023,29.033,28.433,28.523,18221,,,-1.7803,hfq
2017-06-21,28.613,28.733,27.753,27.963,18473,,,-1.9633,hfq
2017-06-22,28.173,28.183,27.213,27.263,18520,,,-2.5033,hfq
2017-06-23,27.253,28.083,27.223,27.843,16845,,,2.1274,hfq
2017-06-26,27.783,28.103,27.503,27.913,17381,,,0.2514,hfq
2017-06-27,27.893,28.463,27.773,28.463,18614,,,1.9704,hfq
2017-06-28,28.283,28.713,27.653,27.743,17826,,,-2.5296,hfq
2017-06-29,27.743,28.113,27.623,27.803,10206,,,0.2163,hfq
2017-06-30,27.603,27.793,27.273,27.493,12272,,,-1.1150,hfq
2017-07-03,27.513,27.663,27.343,27.653,9390,,,0.5820,hfq
2017-07-04,27.653,27.913,27.473,27.483,8508,,,-0.6148,hfq
2017-07-05,27.483,27.863,27.383,27.653,8461,,,0.6186,hfq
2017-07-06,27.693,28.103,27.613,27.823,17152,,,0.6148,hfq
2017-07-07,28.113,29.823,28.073,29.343,48446,,,5.4631,hfq
2017-07-10,29.173,29.173,28.483,28.703,28246,,,-2.1811,hfq
2017-07-11,28.923,29.163,28.163,28.233,21186,,,-1.6375,hfq
2017-07-12,28.003,28.353,27.593,28.013,14869,,,-0.7792,hfq
2017-07-13,28.013,28.303,27.683,28.163,10848,,,0.5355,hfq
2017-07-14,28.023,28.153,27.613,27.653,11846,,,-1.8109,hfq
2017-07-17,25.663,26.163,24.933,24.933,34443,,,-9.8362,hfq
2017-07-18,24.273,24.673,24.063,24.473,19413,,,-1.8449,hfq
2017-07-19,24.433,24.693,24.233,24.613,13602,,,0.5721,hfq
2017-07-20,24.613,24.923,24.453,24.653,13341,,,0.1625,hfq
2017-07-21,24.503,24.863,24.393,24.423,8636,,,-0.9329,hfq
2017-07-24,24.353,24.503,23.983,24.213,13038,,,-0.8598,hfq
2017-07-25,24.203,25.053,24.153,24.813,15342,,,2.4780,hfq
2017-07-26,24.533,24.803,24.293,24.583,9765,,,-0.9269,hfq
2017-07-27,24.483,25.173,24.373,25.053,15065,,,1.9119,hfq
2017-07-28,25.173,25.173,24.883,24.953,8330,,,-0.3992,hfq
2017-07-31,24.873,25.003,24.493,24.763,10088,,,-0.7614,hfq
2017-08-01,24.553,24.633,24.283,24.543,15605,,,-0.8884,hfq
2017-08-02,24.503,24.503,24.073,24.133,11576,,,-1.6705,hfq
2017-08-03,24.133,24.683,24.083,24.463,13004,,,1.3674,hfq
2017-08-04,24.473,24.653,24.193,24.223,7688,,,-0.9811,hfq
2017-08-07,24.453,24.483,24.233,24.303,6797,,,0.3303,hfq
2017-08-08,24.313,24.643,24.203,24.573,8502,,,1.1110,hfq
2017-08-09,24.573,24.803,24.413,24.653,9941,,,0.3256,hfq
2017-08-10,24.573,24.773,24.043,24.083,13662,,,-2.3121,hfq
2017-08-11,23.783,24.333,23.783,23.973,8587,,,-0.4568,hfq
2017-08-14,23.973,24.423,23.973,24.303,7161,,,1.3765,hfq
2017-08-15,24.393,24.443,24.223,24.353,7512,,,0.2057,hfq
2017-08-16,24.353,24.783,24.283,24.733,14832,,,1.5604,hfq
2017-08-17,24.823,24.823,24.533,24.743,11069,,,0.0404,hfq
2017-08-18,24.643,24.803,24.493,24.623,8693,,,-0.4850,hfq
2017-08-21,24.493,24.943,24.493,24.933,10943,,,1.2590,hfq
2017-08-22,24.933,25.053,24.823,24.913,13859,,,-0.0802,hfq
2017-08-23,24.933,25.013,24.753,24.903,9731,,,-0.0401,hfq
2017-08-24,24.913,24.953,24.553,24.623,8817,,,-1.1244,hfq
2017-08-25,24.623,25.233,24.623,25.143,16901,,,2.1118,hfq
2017-08-28,25.183,25.453,24.913,25.293,17044,,,0.5966,hfq
2017-08-29,25.343,25.413,25.043,25.043,13734,,,-0.9884,hfq
2017-08-30,25.023,25.423,24.903,25.153,11927,,,0.4392,hfq
2017-08-31,25.143,25.303,24.923,25.203,11281,,,0.1988,hfq
2017-09-01,25.173,25.373,25.093,25.283,12028,,,0.3174,hfq
2017-09-04,25.323,25.773,25.203,25.453,15254,,,0.6724,hfq
2017-09-05,25.363,25.723,25.363,25.533,13986,,,0.3143,hfq
2017-09-06,25.473,25.473,25.143,25.293,12069,,,-0.9400,hfq
2017-09-07,25.303,26.783,25.133,25.773,38027,,,1.8978,hfq
2017-09-08,25.473,25.823,25.333,25.383,19650,,,-1.5132,hfq
2017-09-11,25.483,25.793,25.323,25.773,14644,,,1.5365,hfq
2017-09-12,25.753,26.263,25.583,25.623,21697,,,-0.5820,hfq
2017-09-13,25.583,25.673,25.273,25.473,16805,,,-0.5854,hfq
2017-09-14,25.463,25.753,25.353,25.593,14917,,,0.4711,hfq
2017-09-15,25.573,25.573,25.303,25.343,10435,,,-0.9768,hfq
2017-09-18,25.313,25.773,25.313,25.763,14521,,,1.6573,hfq
2017-09-19,25.823,26.153,25.523,26.103,22503,,,1.3197,hfq
2017-09-20,26.043,27.133,25.963,26.973,49545,,,3.3330,hfq
2017-09-21,26.773,27.263,26.703,27.073,34550,,,0.3707,hfq
2017-09-22,26.953,27.903,26.733,27.473,44609,,,1.4775,hfq
2017-09-25,27.473,27.633,27.003,27.133,21762,,,-1.2376,hfq
2017-09-26,27.153,27.773,24.463,26.133,34357,,,-3.6855,hfq
2017-09-27,25.873,26.463,25.773,26.123,18907,,,-0.0383,hfq
2017-09-28,25.903,26.443,25.873,26.073,12491,,,-0.1914,hfq
2017-09-29,26.073,26.673,25.993,26.643,12530,,,2.1862,hfq
2017-10-09,27.243,28.073,26.713,27.743,30910,,,4.1287,hfq
2017-10-10,27.713,27.943,27.283,27.853,18766,,,0.3965,hfq
2017-10-11,27.773,27.843,27.223,27.413,14895,,,-1.5797,hfq
2017-10-12,27.353,27.613,27.173,27.543,13395,,,0.4742,hfq
2017-10-13,27.543,27.743,27.193,27.273,12135,,,-0.9803,hfq
2017-10-16,27.243,27.243,26.273,26.333,17908,,,-3.4466,hfq
2017-10-17,26.053,26.633,26.053,26.323,7925,,,-0.0380,hfq
2017-10-18,26.413,26.533,25.573,25.803,12367,,,-1.9755,hfq
2017-10-19,25.703,26.053,25.343,25.673,9941,,,-0.5038,hfq
2017-10-20,25.823,26.053,25.473,25.873,6209,,,0.7790,hfq
2017-10-23,26.193,26.243,25.773,26.243,9074,,,1.4301,hfq
2017-10-24,26.353,26.353,25.653,26.063,6178,,,-0.6859,hfq
2017-10-25,26.053,26.313,25.763,26.203,8381,,,0.5372,hfq
2017-10-26,26.123,26.283,25.933,26.123,7814,,,-0.3053,hfq
2017-10-27,26.023,28.153,26.013,27.373,41169,,,4.7851,hfq
2017-10-30,27.243,27.423,25.923,26.943,27476,,,-1.5709,hfq
2017-10-31,26.873,28.053,26.573,27.853,40371,,,3.3775,hfq
2017-11-01,27.913,28.043,27.253,27.273,27724,,,-2.0824,hfq
2017-11-02,27.123,27.673,26.793,27.333,19609,,,0.2200,hfq
2017-11-03,27.323,27.333,26.843,27.233,15363,,,-0.3659,hfq
2017-11-06,27.163,27.463,26.623,27.353,14774,,,0.4406,hfq
2017-11-07,27.353,27.473,26.753,27.003,14859,,,-1.2796,hfq
2017-11-08,26.953,27.153,26.293,26.473,18896,,,-1.9627,hfq
2017-11-09,26.323,26.833,26.223,26.683,10776,,,0.7933,hfq
2017-11-10,26.663,28.753,26.523,27.553,43010,,,3.2605,hfq
2017-11-13,27.583,29.783,27.583,29.483,98133,,,7.0047,hfq
2017-11-14,29.053,30.973,28.803,30.673,115920,,,4.0362,hfq
2017-11-15,31.473,31.873,29.593,30.113,88139,,,-1.8257,hfq
2017-11-16,30.613,31.463,28.873,28.973,81112,,,-3.7857,hfq
2017-11-17,28.943,29.853,28.313,29.123,72941,,,0.5177,hfq
2017-11-20,29.223,29.403,27.743,28.843,43649,,,-0.9614,hfq
2017-11-21,28.603,29.043,27.373,27.973,48343,,,-3.0163,hfq
2017-11-22,27.973,28.143,26.763,26.913,44340,,,-3.7894,hfq
2017-11-23,27.023,27.023,25.343,25.343,43331,,,-5.8336,hfq
2017-11-24,25.243,25.653,24.773,25.513,21649,,,0.6708,hfq
2017-11-27,25.483,25.793,24.263,24.263,21304,,,-4.8995,hfq
2017-11-28,24.603,24.853,24.473,24.683,12159,,,1.7310,hfq
2017-11-29,24.773,24.893,24.483,24.853,11758,,,0.6887,hfq
2017-11-30,24.853,24.853,24.603,24.653,10028,,,-0.8047,hfq
2017-12-01,24.573,25.143,24.553,24.993,9710,,,1.3791,hfq
2017-12-04,24.973,24.973,24.353,24.353,11939,,,-2.5607,hfq
2017-12-05,23.993,24.053,21.963,22.313,32316,,,-8.3768,hfq
2017-12-06,22.273,22.733,22.103,22.653,11429,,,1.5238,hfq
2017-12-07,22.653,23.073,22.483,22.753,7084,,,0.4414,hfq
2017-12-08,22.703,23.143,22.543,22.873,8362,,,0.5274,hfq
2017-12-11,22.873,24.373,22.803,23.713,12602,,,3.6725,hfq
2017-12-12,23.903,23.903,23.283,23.333,9502,,,-1.6025,hfq
2017-12-13,23.123,23.873,23.123,23.833,8231,,,2.1429,hfq
2017-12-14,23.833,24.323,23.643,24.143,10484,,,1.3007,hfq
2017-12-15,23.873,24.263,23.783,23.923,7620,,,-0.9112,hfq
2017-12-18,23.883,24.183,23.273,23.403,6377,,,-2.1736,hfq
2017-12-19,23.383,23.673,23.383,23.523,4595,,,0.5128,hfq
2017-12-20,23.533,23.553,22.723,22.813,8161,,,-3.0183,hfq
2017-12-21,22.703,22.973,22.553,22.863,6185,,,0.2192,hfq
2017-12-22,22.973,23.423,22.763,22.963,6403,,,0.4374,hfq
2017-12-25,23.073,23.413,22.663,22.773,6194,,,-0.8274,hfq
2017-12-26,22.673,23.253,22.493,23.203,6679,,,1.8882,hfq
2017-12-27,23.173,23.173,22.573,22.663,6417,,,-2.3273,hfq
2017-12-28,22.673,22.953,22.633,22.673,5310,,,0.0441,hfq
2017-12-29,22.573,23.013,22.573,23.003,6020,,,1.4555,hfq
2018-01-02,22.973,23.223,22.753,23.023,6445,,,0.0869,hfq
2018-01-03,22.583,23.433,22.583,23.283,10519,,,1.1293,hfq
2018-01-04,23.113,24.173,23.093,23.873,14623,,,2.5340,hfq
2018-01-05,23.773,24.063,23.553,23.563,8865,,,-1.2985,hfq
2018-01-08,23.473,23.633,23.473,23.523,7335,,,-0.1698,hfq
2018-01-09,23.543,23.663,23.273,23.343,6791,,,-0.7652,hfq
2018-01-10,23.343,23.453,22.673,22.773,8878,,,-2.4418,hfq
2018-01-11,22.773,23.253,22.693,23.133,7389,,,1.5808,hfq
2018-01-12,23.123,23.193,22.923,22.923,5011,,,-0.9078,hfq
2018-01-15,22.933,22.933,22.413,22.573,7168,,,-1.5269,hfq
2018-01-16,21.983,22.723,21.983,22.273,9782,,,-1.3290,hfq
2018-01-17,22.293,22.293,21.853,22.023,9317,,,-1.1224,hfq
2018-01-18,22.023,22.133,21.913,22.013,5384,,,-0.0454,hfq
2018-01-19,21.973,22.463,21.973,22.083,5897,,,0.3180,hfq
2018-01-22,22.173,22.393,21.973,22.323,5998,,,1.0868,hfq
2018-01-23,22.123,22.443,22.123,22.373,4784,,,0.2240,hfq
2018-01-24,22.273,22.923,22.113,22.923,15524,,,2.4583,hfq
2018-01-25,22.763,23.763,22.763,23.053,20700,,,0.5671,hfq
2018-01-26,22.973,22.973,22.673,22.673,9412,,,-1.6484,hfq
2018-01-29,22.703,22.703,22.103,22.113,8446,,,-2.4699,hfq
2018-01-30,22.113,22.253,21.983,22.033,6332,,,-0.3618,hfq
2018-01-31,22.033,22.033,21.263,21.313,10854,,,-3.2678,hfq
2018-02-01,21.313,21.813,20.173,20.353,13280,,,-4.5043,hfq
2018-02-02,20.313,20.313,19.613,19.853,7259,,,-2.4566,hfq
2018-02-05,19.753,19.763,19.583,19.713,5803,,,-0.7052,hfq
2018-02-06,19.593,19.673,17.793,17.793,15810,,,-9.7398,hfq
2018-02-07,18.323,18.343,16.993,17.773,8728,,,-0.1124,hfq
2018-02-08,17.783,18.153,17.773,17.963,6624,,,1.0690,hfq
2018-02-09,17.373,17.783,16.983,17.223,8742,,,-4.1196,hfq
2018-02-12,17.243,17.923,17.243,17.863,7535,,,3.7160,hfq
2018-02-13,17.963,18.143,17.843,17.863,5025,,,0.0000,hfq
2018-02-14,17.943,17.953,17.713,17.923,3599,,,0.3359,hfq
2018-02-22,18.053,18.233,17.993,18.183,3851,,,1.4507,hfq
2018-02-23,18.183,18.333,18.083,18.183,4962,,,0.0000,hfq
2018-02-26,18.353,18.923,18.213,18.783,6390,,,3.2998,hfq
2018-02-27,18.823,18.963,18.633,18.903,7344,,,0.6389,hfq
2018-02-28,18.783,18.903,18.493,18.613,5938,,,-1.5341,hfq
2018-03-01,18.753,18.993,18.703,18.923,5797,,,1.6655,hfq
2018-03-02,18.793,19.823,18.793,19.073,8575,,,0.7927,hfq
2018-03-05,19.033,19.203,18.873,19.193,6360,,,0.6292,hfq
2018-03-06,19.303,19.393,19.113,19.303,6518,,,0.5731,hfq
2018-03-07,19.313,19.433,19.183,19.303,7082,,,0.0000,hfq
2018-03-08,19.373,19.373,18.963,19.243,7272,,,-0.3108,hfq
2018-03-09,19.243,19.653,19.243,19.623,9392,,,1.9747,hfq
2018-03-12,19.583,20.083,19.583,20.023,10191,,,2.0384,hfq
2018-03-13,20.063,20.063,19.803,19.863,8972,,,-0.7991,hfq
2018-03-14,19.773,19.873,19.493,19.573,6240,,,-1.4600,hfq
2018-03-15,19.313,19.533,18.993,19.233,6222,,,-1.7371,hfq
2018-03-16,19.093,19.673,19.093,19.463,5875,,,1.1959,hfq
2018-03-19,19.573,19.693,19.483,19.553,6023,,,0.4624,hfq
2018-03-20,19.593,19.643,19.393,19.573,4970,,,0.1023,hfq
2018-03-21,19.673,20.313,19.593,19.963,18944,,,1.9925,hfq
2018-03-22,19.943,19.943,19.673,19.863,9385,,,-0.5009,hfq
2018-03-23,19.473,19.473,17.923,18.233,14363,,,-8.2062,hfq
2018-03-26,18.123,18.403,17.003,18.393,7834,,,0.8775,hfq
2018-03-27,18.483,19.483,18.483,19.273,14403,,,4.7844,hfq
2018-03-28,19.263,19.563,18.823,19.543,9014,,,1.4009,hfq
2018-03-29,19.573,20.173,19.493,20.123,14033,,,2.9678,hfq
2018-03-30,20.163,20.273,19.943,20.223,13822,,,0.4969,hfq
2018-04-02,21.473,21.593,20.563,20.833,61088,,,3.0164,hfq
2018-04-03,20.373,20.373,19.583,20.003,22745,,,-3.9841,hfq
2018-04-04,19.913,20.093,19.623,19.653,13866,,,-1.7497,hfq
2018-04-09,19.443,19.653,19.003,19.233,10738,,,-2.1371,hfq
2018-04-10,19.113,19.333,18.903,19.223,11651,,,-0.0520,hfq
2018-04-11,19.203,19.353,19.183,19.263,9058,,,0.2081,hfq
2018-04-12,19.223,19.323,19.043,19.113,6407,,,-0.7787,hfq
2018-04-13,19.303,19.533,19.133,19.463,11529,,,1.8312,hfq
2018-04-16,19.173,19.433,18.903,19.163,8170,,,-1.5414,hfq
2018-04-17,19.173,19.623,18.083,19.373,24994,,,1.0959,hfq
2018-04-18,19.273,19.543,18.823,19.273,24129,,,-0.5162,hfq
2018-04-19,19.233,19.233,18.973,19.073,11080,,,-1.0377,hfq
2018-04-20,19.013,19.033,18.473,18.503,9795,,,-2.9885,hfq
2018-04-23,18.503,18.793,18.353,18.443,6710,,,-0.3243,hfq
2018-04-24,18.673,19.123,18.563,18.973,8848,,,2.8737,hfq
2018-04-25,19.073,19.393,18.903,19.273,13387,,,1.5812,hfq
2018-04-26,19.353,19.753,19.103,19.493,15723,,,1.1415,hfq
2018-04-27,19.493,19.953,19.493,19.943,16681,,,2.3085,hfq
2018-05-02,19.873,20.213,19.633,19.943,14156,,,0.0000,hfq
2018-05-03,19.933,19.963,19.493,19.893,8738,,,-0.2507,hfq
2018-05-04,19.893,20.193,19.753,19.873,10121,,,-0.1005,hfq
2018-05-07,19.873,20.153,19.653,20.103,9049,,,1.1573,hfq
2018-05-08,20.093,20.173,19.943,20.083,7981,,,-0.0995,hfq
2018-05-09,19.983,20.463,19.983,20.193,11959,,,0.5477,hfq
2018-05-10,20.183,20.853,20.173,20.843,17958,,,3.2189,hfq
2018-05-11,20.873,20.933,20.123,20.123,15122,,,-3.4544,hfq
2018-05-14,20.063,20.513,20.063,20.223,7712,,,0.4969,hfq
2018-05-15,20.043,20.423,20.043,20.353,5558,,,0.6428,hfq
2018-05-16,20.353,20.353,20.143,20.233,6516,,,-0.5896,hfq
2018-05-17,20.023,20.203,19.823,19.893,7630,,,-1.6804,hfq
2018-05-18,19.973,20.153,19.913,20.123,5059,,,1.1562,hfq
2018-05-21,20.343,20.773,20.233,20.613,11727,,,2.4350,hfq
2018-05-22,20.553,21.013,20.553,20.753,11489,,,0.6792,hfq
2018-05-23,20.753,20.933,20.453,20.523,6916,,,-1.1083,hfq
2018-05-24,20.473,20.673,20.373,20.393,5008,,,-0.6334,hfq
2018-05-25,20.383,20.573,20.343,20.403,5960,,,0.0490,hfq
2018-05-28,20.403,20.453,19.943,20.053,6456,,,-1.7154,hfq
2018-05-29,20.343,20.343,19.303,19.343,9985,,,-3.5406,hfq
2018-05-30,19.113,19.163,18.693,18.833,9040,,,-2.6366,hfq
2018-05-31,19.073,19.273,18.923,19.163,4997,,,1.7522,hfq
2018-06-01,19.073,19.253,18.773,18.903,4240,,,-1.3568,hfq
2018-06-04,18.823,18.823,18.373,18.713,7415,,,-1.0051,hfq
2018-06-05,18.723,19.063,18.703,19.053,3886,,,1.8169,hfq
2018-06-06,18.873,19.243,18.723,18.993,3867,,,-0.3149,hfq
2018-06-07,19.003,19.433,18.943,19.083,6591,,,0.4739,hfq
2018-06-08,19.083,19.253,17.583,18.413,13332,,,-3.5110,hfq
2018-06-11,18.173,18.373,17.973,18.033,5970,,,-2.0638,hfq
2018-06-12,18.193,18.323,17.853,18.213,4490,,,0.9982,hfq
2018-06-13,18.213,18.213,17.373,17.763,6284,,,-2.4708,hfq
2018-06-14,17.623,17.973,17.613,17.793,3721,,,0.1689,hfq
2018-06-15,17.653,17.923,17.283,17.393,5979,,,-2.2481,hfq
2018-06-19,17.383,17.383,15.703,15.853,12877,,,-8.8541,hfq
2018-06-20,15.853,16.653,15.743,16.403,9147,,,3.4694,hfq
2018-06-21,16.403,16.533,15.733,15.993,6598,,,-2.4995,hfq
2018-06-22,15.943,16.823,15.713,16.693,9708,,,4.3769,hfq
2018-06-25,16.833,16.873,16.483,16.603,5809,,,-0.5391,hfq
2018-06-26,16.573,17.973,16.483,17.273,8649,,,4.0354,hfq
2018-06-27,16.653,18.173,16.653,17.573,11105,,,1.7368,hfq
2018-06-28,17.473,17.763,16.953,16.973,8285,,,-3.4143,hfq
2018-06-29,17.183,17.653,16.973,17.613,8550,,,3.7707,hfq
2018-07-02,17.773,17.873,17.323,17.423,6971,,,-1.0787,hfq
2018-07-03,17.553,17.693,17.283,17.653,6534,,,1.3201,hfq
2018-07-04,17.613,17.683,16.993,17.103,6511,,,-3.1156,hfq
2018-07-05,17.083,17.283,16.663,16.693,4236,,,-2.3972,hfq
2018-07-06,16.623,17.163,16.423,16.773,6156,,,0.4792,hfq
2018-07-09,16.873,17.263,16.863,17.203,4952,,,2.5636,hfq
2018-07-10,17.203,17.603,17.203,17.503,7174,,,1.7439,hfq
2018-07-11,17.343,17.343,16.703,17.063,7636,,,-2.5139,hfq
2018-07-12,17.143,17.613,17.003,17.503,8736,,,2.5787,hfq
2018-07-13,17.513,17.723,17.333,17.643,6999,,,0.7999,hfq
2018-07-16,17.333,17.423,17.203,17.323,7024,,,-1.8138,hfq
2018-07-17,17.263,17.433,17.083,17.333,4580,,,0.0577,hfq
2018-07-18,17.253,17.413,17.253,17.323,4393,,,-0.0577,hfq
2018-07-19,17.303,17.353,16.823,16.873,4691,,,-2.5977,hfq
2018-07-20,16.973,17.103,16.673,17.043,4518,,,1.0075,hfq
2018-07-23,16.873,17.393,16.873,17.393,4739,,,2.0536,hfq
2018-07-24,17.353,17.863,17.273,17.613,7640,,,1.2649,hfq
2018-07-25,17.323,17.643,17.323,17.543,4823,,,-0.3974,hfq
2018-07-26,17.593,17.773,17.373,17.673,7409,,,0.7410,hfq
2018-07-27,17.653,17.653,17.333,17.463,4274,,,-1.1883,hfq
2018-07-30,17.393,18.073,17.083,17.983,16409,,,2.9777,hfq
2018-07-31,17.863,17.873,17.353,17.453,14521,,,-2.9472,hfq
2018-08-01,17.443,17.633,17.153,17.183,6505,,,-1.5470,hfq
2018-08-02,17.223,17.223,16.343,16.623,9240,,,-3.2590,hfq
2018-08-03,16.573,16.703,16.363,16.363,3453,,,-1.5641,hfq
2018-08-06,16.273,16.473,16.173,16.253,3365,,,-0.6722,hfq
2018-08-07,16.253,16.703,16.183,16.603,4511,,,2.1534,hfq
2018-08-08,16.533,16.673,15.993,16.093,4755,,,-3.0717,hfq
2018-08-09,16.093,17.353,15.983,16.793,10762,,,4.3497,hfq
2018-08-10,16.733,16.833,16.523,16.673,5134,,,-0.7146,hfq
2018-08-13,16.643,16.693,16.273,16.623,5001,,,-0.2999,hfq
2018-08-14,16.573,16.873,16.573,16.753,4605,,,0.7820,hfq
2018-08-15,16.683,16.753,16.213,16.233,4054,,,-3.1039,hfq
2018-08-16,16.073,16.563,16.043,16.223,3620,,,-0.0616,hfq
2018-08-17,16.433,16.513,15.783,15.853,4514,,,-2.2807,hfq
2018-08-20,15.863,16.103,15.813,16.073,3696,,,1.3877,hfq
2018-08-21,16.163,16.403,16.003,16.273,3603,,,1.2443,hfq
2018-08-22,16.333,16.333,16.073,16.073,1761,,,-1.2290,hfq
2018-08-23,16.173,16.413,16.103,16.363,3148,,,1.8043,hfq
2018-08-24,16.323,16.833,16.323,16.813,8171,,,2.7501,hfq
2018-08-27,17.273,17.733,16.973,17.563,16604,,,4.4608,hfq
2018-08-28,17.123,17.323,16.813,16.983,17416,,,-3.3024,hfq
2018-08-29,16.983,17.113,16.823,16.843,5580,,,-0.8244,hfq
2018-08-30,17.003,17.043,16.673,16.753,5165,,,-0.5343,hfq
2018-08-31,16.743,16.833,16.593,16.753,4429,,,0.0000,hfq
2018-09-03,16.753,17.253,16.753,17.083,7446,,,1.9698,hfq
2018-09-04,17.033,17.203,16.853,17.123,5674,,,0.2342,hfq
2018-09-05,17.043,17.103,16.863,17.053,5063,,,-0.4088,hfq
2018-09-06,16.913,17.593,16.673,16.773,6292,,,-1.6419,hfq
2018-09-07,16.663,17.163,16.663,16.753,4299,,,-0.1192,hfq
2018-09-10,16.873,16.873,16.043,16.103,8903,,,-3.8799,hfq
2018-09-11,16.243,16.253,15.973,16.173,3295,,,0.4347,hfq
2018-09-12,16.153,16.293,16.043,16.183,1801,,,0.0618,hfq
2018-09-13,16.183,16.393,16.123,16.313,3068,,,0.8033,hfq
2018-09-14,16.313,16.413,16.183,16.253,2213,,,-0.3678,hfq
2018-09-17,16.263,16.263,15.843,15.843,4466,,,-2.5226,hfq
2018-09-18,15.863,16.073,15.783,15.993,4697,,,0.9468,hfq
2018-09-19,16.003,16.233,15.993,16.063,5039,,,0.4377,hfq
2018-09-20,16.023,16.153,15.993,16.033,3295,,,-0.1868,hfq
2018-09-21,16.013,16.273,16.013,16.213,3849,,,1.1227,hfq
2018-09-25,16.173,16.253,16.033,16.143,2823,,,-0.4318,hfq
2018-09-26,16.083,16.173,15.993,16.143,5389,,,0.0000,hfq
2018-09-27,16.123,16.123,15.803,15.863,6143,,,-1.7345,hfq
2018-09-28,15.903,16.423,15.893,16.183,5975,,,2.0173,hfq
2018-10-08,16.053,16.743,16.023,16.223,14556,,,0.2472,hfq
2018-10-09,16.363,16.653,16.093,16.623,10978,,,2.4656,hfq
2018-10-10,16.653,16.653,16.373,16.553,8408,,,-0.4211,hfq
2018-10-11,16.163,16.173,15.093,15.273,12529,,,-7.7327,hfq
2018-10-12,15.263,15.443,14.773,15.353,6911,,,0.5238,hfq
2018-10-15,15.483,15.583,14.903,14.903,5762,,,-2.9310,hfq
2018-10-16,14.943,15.193,14.373,14.443,6781,,,-3.0866,hfq
2018-10-17,14.723,14.863,14.083,14.613,6656,,,1.1770,hfq
2018-10-18,14.573,14.573,14.083,14.113,5792,,,-3.4216,hfq
2018-10-19,13.803,14.363,13.423,14.333,8600,,,1.5588,hfq
2018-10-22,14.343,15.173,14.303,15.073,12276,,,5.1629,hfq
2018-10-23,15.183,15.453,14.773,14.853,12549,,,-1.4596,hfq
2018-10-24,14.783,15.143,14.773,14.923,6614,,,0.4713,hfq
2018-10-25,14.583,14.903,14.413,14.893,5804,,,-0.2010,hfq
2018-10-26,14.913,15.143,14.913,15.003,4521,,,0.7386,hfq
2018-10-29,15.103,15.293,14.893,15.033,5765,,,0.2000,hfq
2018-10-30,15.033,15.333,14.643,15.133,5618,,,0.6652,hfq
2018-10-31,15.133,15.713,15.133,15.463,7251,,,2.1807,hfq
2018-11-01,15.603,15.603,15.323,15.403,7503,,,-0.3880,hfq
2018-11-02,15.573,15.743,15.473,15.683,8575,,,1.8178,hfq
2018-11-05,15.833,16.093,15.503,15.793,11273,,,0.7014,hfq
2018-11-06,15.583,15.733,15.393,15.663,7043,,,-0.8231,hfq
2018-11-07,15.623,15.813,15.553,15.593,7374,,,-0.4469,hfq
2018-11-08,15.623,15.843,15.603,15.653,7304,,,0.3848,hfq
2018-11-09,15.513,16.123,15.513,16.073,14704,,,2.6832,hfq
2018-11-12,15.973,16.863,15.973,16.473,21645,,,2.4886,hfq
2018-11-13,16.433,17.633,16.373,17.213,36787,,,4.4922,hfq
2018-11-14,17.173,17.613,16.973,17.293,24750,,,0.4648,hfq
2018-11-15,18.073,18.973,18.053,18.973,47875,,,9.7149,hfq
2018-11-16,20.663,20.823,19.293,20.223,107233,,,6.5883,hfq
2018-11-19,19.683,19.733,18.553,18.673,69067,,,-7.6645,hfq
2018-11-20,18.373,18.643,17.933,17.933,43234,,,-3.9629,hfq
2018-11-21,17.623,18.233,17.623,18.023,24573,,,0.5019,hfq
2018-11-22,18.453,18.553,17.783,17.783,21100,,,-1.3316,hfq
2018-11-23,17.673,17.843,17.073,17.173,30792,,,-3.4302,hfq
2018-11-26,16.783,17.163,16.553,16.743,23616,,,-2.5039,hfq
2018-11-27,16.773,16.923,16.503,16.683,17665,,,-0.3584,hfq
2018-11-28,16.573,16.823,16.473,16.813,17524,,,0.7792,hfq
2018-11-29,16.913,17.003,16.193,16.193,20859,,,-3.6876,hfq
2018-11-30,16.123,16.223,15.723,16.093,17624,,,-0.6176,hfq
2018-12-03,16.453,16.783,16.343,16.603,20353,,,3.1691,hfq
2018-12-04,16.553,16.823,16.503,16.773,13999,,,1.0239,hfq
2018-12-05,16.353,16.703,16.323,16.523,12095,,,-1.4905,hfq
2018-12-06,16.523,16.673,16.403,16.523,12185,,,0.0000,hfq
2018-12-07,16.503,16.703,16.503,16.663,10792,,,0.8473,hfq
2018-12-10,16.623,16.623,16.173,16.223,10220,,,-2.6406,hfq
2018-12-11,16.223,16.433,16.223,16.403,6370,,,1.1095,hfq
2018-12-12,16.453,16.673,16.453,16.543,7412,,,0.8535,hfq
2018-12-13,16.613,16.803,16.543,16.683,12326,,,0.8463,hfq
2018-12-14,16.693,16.763,16.173,16.173,10961,,,-3.0570,hfq
2018-12-17,16.083,16.453,16.033,16.453,8444,,,1.7313,hfq
2018-12-18,16.383,16.553,16.233,16.353,7604,,,-0.6078,hfq
2018-12-19,16.593,16.663,16.433,16.463,10147,,,0.6727,hfq
2018-12-20,16.443,16.573,16.233,16.573,9811,,,0.6682,hfq
2018-12-21,16.473,16.743,16.283,16.453,12479,,,-0.7241,hfq
2018-12-24,16.363,16.463,16.233,16.453,9429,,,0.0000,hfq
2018-12-25,16.363,16.373,15.503,15.933,14132,,,-3.1605,hfq
2018-12-26,15.933,16.033,15.703,15.883,7972,,,-0.3138,hfq
2018-12-27,16.113,16.243,15.533,15.563,8153,,,-2.0147,hfq
2018-12-28,15.603,16.033,15.603,15.793,9054,,,1.4779,hfq
2019-01-02,15.713,15.713,15.323,15.323,11313,,,-2.9760,hfq
2019-01-03,15.273,15.493,15.273,15.323,6623,,,0.0000,hfq
2019-01-04,15.173,15.713,14.993,15.703,11245,,,2.4799,hfq
2019-01-07,15.733,16.013,15.693,15.973,10921,,,1.7194,hfq
2019-01-08,15.993,16.103,15.853,15.863,6906,,,-0.6887,hfq
2019-01-09,16.133,16.183,15.823,15.823,11670,,,-0.2522,hfq
2019-01-10,15.993,16.603,15.813,16.263,16284,,,2.7808,hfq
2019-01-11,16.243,16.263,15.923,16.153,11703,,,-0.6764,hfq
2019-01-14,16.263,16.263,15.833,15.933,8312,,,-1.3620,hfq
2019-01-15,15.843,16.223,15.843,16.133,9853,,,1.2553,hfq
2019-01-16,16.153,16.223,16.023,16.073,8677,,,-0.3719,hfq
2019-01-17,15.953,16.103,15.823,15.913,9927,,,-0.9955,hfq
2019-01-18,15.843,16.043,15.843,16.033,7273,,,0.7541,hfq
2019-01-21,16.023,16.243,16.023,16.173,6306,,,0.8732,hfq
2019-01-22,16.173,16.613,16.093,16.553,15518,,,2.3496,hfq
2019-01-23,16.523,16.523,16.273,16.503,11520,,,-0.3021,hfq
2019-01-24,16.383,16.613,16.323,16.613,10337,,,0.6665,hfq
2019-01-25,16.593,16.603,16.253,16.253,9616,,,-2.1670,hfq
2019-01-28,16.283,16.703,16.263,16.463,11696,,,1.2921,hfq
2019-01-29,16.233,16.443,15.783,16.173,11225,,,-1.7615,hfq
2019-01-30,15.993,16.973,15.993,16.633,20406,,,2.8442,hfq
2019-01-31,16.673,16.733,16.073,16.333,15973,,,-1.8036,hfq
2019-02-01,16.343,17.123,16.173,17.093,25283,,,4.6532,hfq
2019-02-11,17.093,17.613,16.903,17.483,33189,,,2.2816,hfq
2019-02-12,17.373,17.603,17.233,17.353,23718,,,-0.7436,hfq
2019-02-13,17.373,17.553,17.223,17.433,23417,,,0.4610,hfq
2019-02-14,17.433,18.013,17.283,17.533,29938,,,0.5736,hfq
2019-02-15,17.423,17.463,17.193,17.233,21063,,,-1.7111,hfq
2019-02-18,17.383,17.733,17.223,17.673,22369,,,2.5532,hfq
2019-02-19,17.713,17.723,17.383,17.543,23599,,,-0.7356,hfq
2019-02-20,17.543,17.973,17.353,17.933,25224,,,2.2231,hfq
2019-02-21,17.953,18.403,17.593,17.643,37905,,,-1.6171,hfq
2019-02-22,17.533,17.733,17.273,17.663,23707,,,0.1134,hfq
2019-02-25,17.643,18.263,17.553,18.233,40943,,,3.2271,hfq
2019-02-26,18.243,18.443,17.883,18.133,31892,,,-0.5485,hfq
2019-02-27,18.133,18.233,17.773,17.883,23953,,,-1.3787,hfq
2019-02-28,17.923,18.063,17.773,18.063,12993,,,1.0065,hfq
2019-03-01,18.063,18.153,17.883,18.133,16405,,,0.3875,hfq
2019-03-04,18.173,18.473,18.033,18.123,29805,,,-0.0551,hfq
2019-03-05,18.123,18.453,18.023,18.433,25722,,,1.7105,hfq
2019-03-06,18.493,18.673,18.333,18.653,30130,,,1.1935,hfq
2019-03-07,18.673,18.843,18.393,18.723,31908,,,0.3753,hfq
2019-03-08,18.533,18.613,17.723,17.833,26415,,,-4.7535,hfq
2019-03-11,17.733,18.323,17.733,18.323,20443,,,2.7477,hfq
2019-03-12,18.433,19.443,18.423,19.353,48999,,,5.6214,hfq
2019-03-13,19.483,19.623,18.573,18.673,34045,,,-3.5137,hfq
2019-03-14,18.473,18.693,17.783,18.073,22670,,,-3.2132,hfq
2019-03-15,18.143,18.393,17.873,18.083,18914,,,0.0553,hfq
2019-03-18,18.113,18.543,18.003,18.523,18562,,,2.4332,hfq
2019-03-19,18.533,18.633,18.273,18.413,17030,,,-0.5939,hfq
2019-03-20,18.453,18.693,18.293,18.563,18232,,,0.8146,hfq
2019-03-21,18.633,18.773,18.473,18.663,19996,,,0.5387,hfq
2019-03-22,18.743,19.233,18.673,19.193,32059,,,2.8398,hfq
2019-03-25,18.903,19.103,18.723,18.843,18643,,,-1.8236,hfq
2019-03-26,18.843,19.003,18.323,18.443,17812,,,-2.1228,hfq
2019-03-27,18.443,18.643,18.003,18.483,13494,,,0.2169,hfq
2019-03-28,18.423,18.723,18.283,18.543,14682,,,0.3246,hfq
2019-03-29,18.573,19.023,18.283,18.993,19177,,,2.4268,hfq
2019-04-01,18.703,19.143,18.573,19.133,41745,,,0.7371,hfq
2019-04-02,19.063,19.163,18.813,18.853,30053,,,-1.4634,hfq
2019-04-03,18.823,18.963,18.693,18.913,16659,,,0.3183,hfq
2019-04-04,18.913,19.323,18.823,19.053,27252,,,0.7402,hfq
2019-04-08,19.083,19.253,18.533,18.723,23752,,,-1.7320,hfq
2019-04-09,18.703,18.843,18.573,18.833,15073,,,0.5875,hfq
2019-04-10,18.753,18.813,18.283,18.373,21408,,,-2.4425,hfq
2019-04-11,18.453,18.523,18.103,18.103,15358,,,-1.4695,hfq
2019-04-12,18.173,18.343,18.023,18.343,8941,,,1.3257,hfq
2019-04-15,18.433,18.553,18.023,18.053,15322,,,-1.5810,hfq
2019-04-16,18.003,18.283,17.593,18.273,12505,,,1.2186,hfq
2019-04-17,18.273,18.403,18.173,18.393,10678,,,0.6567,hfq
2019-04-18,18.373,18.393,18.223,18.263,7818,,,-0.7068,hfq
2019-04-19,18.313,18.453,18.143,18.453,10254,,,1.0404,hfq
2019-04-22,18.393,18.733,18.283,18.343,11596,,,-0.5961,hfq
2019-04-23,18.273,18.423,17.973,18.333,9909,,,-0.0545,hfq
2019-04-24,18.133,18.393,17.973,18.283,10518,,,-0.2727,hfq
2019-04-25,17.803,18.123,16.963,17.023,23856,,,-6.8916,hfq
2019-04-26,16.923,16.953,16.493,16.493,12591,,,-3.1134,hfq
2019-04-29,16.373,16.553,15.783,15.873,11782,,,-3.7592,hfq
2019-04-30,16.043,16.203,15.973,16.033,5803,,,1.0080,hfq
2019-05-06,15.573,15.743,14.743,14.893,14324,,,-7.1103,hfq
2019-05-07,14.963,15.313,14.793,15.003,8642,,,0.7386,hfq
2019-05-08,14.973,15.423,14.753,15.273,10088,,,1.7996,hfq
2019-05-09,15.183,15.373,14.983,15.123,5711,,,-0.9821,hfq
2019-05-10,15.233,15.453,15.003,15.443,11687,,,2.1160,hfq
2019-05-13,15.393,15.413,15.093,15.193,8560,,,-1.6189,hfq
2019-05-14,15.073,15.233,15.003,15.033,5828,,,-1.0531,hfq
2019-05-15,15.173,15.483,15.173,15.383,11026,,,2.3282,hfq
2019-05-16,15.473,15.743,15.473,15.593,9633,,,1.3651,hfq
2019-05-17,15.593,15.743,14.783,14.983,10980,,,-3.9120,hfq
2019-05-20,14.983,15.013,14.573,14.933,7604,,,-0.3337,hfq
2019-05-21,14.923,15.193,14.773,15.153,5213,,,1.4732,hfq
2019-05-22,15.103,15.303,15.023,15.163,5197,,,0.0660,hfq
2019-05-23,15.143,15.163,14.743,14.863,7254,,,-1.9785,hfq
2019-05-24,14.703,14.913,14.633,14.833,5504,,,-0.2018,hfq
2019-05-27,14.833,15.263,14.793,15.163,6677,,,2.2248,hfq
2019-05-28,15.163,15.333,15.153,15.173,7525,,,0.0660,hfq
2019-05-29,15.213,15.363,15.103,15.293,6491,,,0.7909,hfq
2019-05-30,15.273,15.293,15.023,15.223,4417,,,-0.4577,hfq
2019-05-31,15.193,15.543,15.093,15.433,8310,,,1.3795,hfq
2019-06-03,15.373,15.403,15.023,15.173,5766,,,-1.6847,hfq
2019-06-04,15.333,15.333,14.733,14.823,8001,,,-2.3067,hfq
2019-06-05,14.843,15.193,14.843,15.063,7993,,,1.6191,hfq
2019-06-06,15.213,15.213,14.683,14.843,6377,,,-1.4605,hfq
2019-06-10,14.633,14.953,14.633,14.763,4385,,,-0.5390,hfq
2019-06-11,14.803,15.353,14.803,15.213,8902,,,3.0482,hfq
2019-06-12,15.263,15.313,15.083,15.123,6574,,,-0.5916,hfq
2019-06-13,15.163,16.323,15.063,15.563,13784,,,2.9095,hfq
2019-06-14,15.633,15.663,15.093,15.263,10710,,,-1.9276,hfq
2019-06-17,15.033,15.183,15.013,15.073,6529,,,-1.2448,hfq
2019-06-18,15.033,15.133,14.803,14.973,4682,,,-0.6634,hfq
2019-06-19,15.173,15.343,15.163,15.183,7702,,,1.4025,hfq
2019-06-20,15.253,15.433,15.083,15.373,8131,,,1.2514,hfq
2019-06-21,15.333,15.723,15.323,15.513,9910,,,0.9107,hfq
2019-06-24,15.723,15.723,15.383,15.523,6120,,,0.0645,hfq
2019-06-25,15.513,15.543,15.173,15.363,6388,,,-1.0307,hfq
2019-06-26,15.193,15.583,15.193,15.553,5286,,,1.2367,hfq
2019-06-27,15.573,15.663,15.393,15.473,5676,,,-0.5144,hfq
2019-06-28,15.513,15.513,15.003,15.263,5598,,,-1.3572,hfq
2019-07-01,15.413,15.573,15.413,15.543,6343,,,1.8345,hfq
2019-07-02,15.533,15.643,15.473,15.613,6165,,,0.4504,hfq
2019-07-03,15.543,15.613,15.273,15.323,4902,,,-1.8574,hfq
2019-07-04,15.413,15.483,15.263,15.333,4686,,,0.0653,hfq
2019-07-05,15.383,15.463,15.343,15.423,4439,,,0.5870,hfq
2019-07-08,15.433,15.443,14.813,14.863,8128,,,-3.6309,hfq
2019-07-09,15.023,15.063,14.803,14.903,3975,,,0.2691,hfq
2019-07-10,14.953,15.073,14.883,15.073,4420,,,1.1407,hfq
2019-07-11,15.143,16.133,14.933,15.623,12037,,,3.6489,hfq
2019-07-12,15.553,16.053,15.383,15.683,27079,,,0.3840,hfq
2019-07-15,15.523,15.553,15.173,15.423,13305,,,-1.6578,hfq
2019-07-16,15.363,15.433,15.243,15.333,6283,,,-0.5835,hfq
2019-07-17,15.343,15.443,15.253,15.353,5786,,,0.1304,hfq
2019-07-18,15.413,15.413,15.033,15.073,6073,,,-1.8237,hfq
2019-07-19,15.173,15.363,15.103,15.293,5453,,,1.4596,hfq
2019-07-22,15.293,15.293,14.863,14.943,4752,,,-2.2886,hfq
2019-07-23,15.023,15.113,14.873,15.083,2652,,,0.9369,hfq
2019-07-24,15.083,15.313,15.023,15.193,6677,,,0.7293,hfq
2019-07-25,15.123,15.313,15.073,15.193,5152,,,0.0000,hfq
2019-07-26,15.123,15.203,15.033,15.113,3577,,,-0.5266,hfq
2019-07-29,15.173,15.233,15.093,15.123,2079,,,0.0662,hfq
2019-07-30,15.113,15.263,15.113,15.163,4247,,,0.2645,hfq
2019-07-31,15.123,15.173,14.923,15.023,4693,,,-0.9233,hfq
2019-08-01,14.973,14.973,14.753,14.793,5993,,,-1.5310,hfq
2019-08-02,14.583,14.593,14.373,14.393,7740,,,-2.7040,hfq
2019-08-05,14.313,14.613,14.213,14.323,3730,,,-0.4863,hfq
2019-08-06,14.193,14.193,13.453,13.793,10715,,,-3.7003,hfq
2019-08-07,13.783,13.903,13.693,13.713,3166,,,-0.5800,hfq
2019-08-08,13.703,13.923,13.623,13.783,3884,,,0.5105,hfq
2019-08-09,13.873,13.923,13.503,13.613,5355,,,-1.2334,hfq
2019-08-12,13.603,13.773,13.573,13.763,2980,,,1.1019,hfq
2019-08-13,13.703,13.793,13.633,13.783,2019,,,0.1453,hfq
2019-08-14,13.873,14.043,13.803,13.813,3795,,,0.2177,hfq
2019-08-15,13.683,13.803,13.343,13.803,3644,,,-0.0724,hfq
2019-08-16,13.773,13.963,13.713,13.833,3710,,,0.2173,hfq
2019-08-19,13.973,14.173,13.873,14.133,5132,,,2.1687,hfq
2019-08-20,14.223,14.223,14.083,14.133,3805,,,0.0000,hfq
2019-08-21,13.993,14.323,13.993,14.323,5715,,,1.3444,hfq
2019-08-22,14.323,14.323,14.143,14.213,4443,,,-0.7680,hfq
2019-08-23,14.103,14.393,14.053,14.243,6101,,,0.2111,hfq
2019-08-26,13.993,14.303,13.973,14.023,5077,,,-1.5446,hfq
2019-08-27,14.163,14.373,14.163,14.373,7047,,,2.4959,hfq
2019-08-28,14.313,14.613,14.313,14.423,4567,,,0.3479,hfq
2019-08-29,14.553,14.553,14.253,14.253,4641,,,-1.1787,hfq
2019-08-30,14.403,14.463,14.023,14.243,7278,,,-0.0702,hfq
2019-09-02,14.183,14.443,14.123,14.383,6170,,,0.9829,hfq
2019-09-03,14.353,14.573,14.303,14.533,6423,,,1.0429,hfq
2019-09-04,15.193,15.193,14.473,14.603,11278,,,0.4817,hfq
2019-09-05,14.563,14.783,14.563,14.623,8458,,,0.1370,hfq
2019-09-06,14.563,14.703,14.543,14.673,4824,,,0.3419,hfq
2019-09-09,14.773,14.893,14.693,14.883,8154,,,1.4312,hfq
2019-09-10,14.903,15.013,14.653,14.943,5401,,,0.4031,hfq
2019-09-11,15.013,15.033,14.823,14.933,7013,,,-0.0669,hfq
2019-09-12,14.863,15.003,14.823,14.933,5273,,,0.0000,hfq
2019-09-16,15.023,15.173,14.963,15.123,7834,,,1.2723,hfq
2019-09-17,14.973,15.133,14.783,14.993,8635,,,-0.8596,hfq
2019-09-18,15.623,15.623,14.833,14.833,12891,,,-1.0672,hfq
2019-09-19,14.833,14.873,14.643,14.803,7183,,,-0.2023,hfq
2019-09-20,14.883,14.943,14.743,14.863,4820,,,0.4053,hfq
2019-09-23,14.813,14.953,14.753,14.873,4464,,,0.0673,hfq
2019-09-24,14.853,15.143,14.853,15.043,6465,,,1.1430,hfq
2019-09-25,14.943,15.133,14.853,14.853,5414,,,-1.2630,hfq
2019-09-26,14.863,14.993,14.433,14.453,6878,,,-2.6931,hfq
2019-09-27,14.613,14.613,14.413,14.553,3465,,,0.6919,hfq
2019-09-30,14.613,14.763,14.373,14.383,3552,,,-1.1681,hfq
2019-10-08,14.373,14.583,14.313,14.373,3419,,,-0.0695,hfq
2019-10-09,14.283,14.453,14.113,14.433,3787,,,0.4174,hfq
2019-10-10,14.413,14.673,14.393,14.603,4590,,,1.1779,hfq
2019-10-11,14.563,14.763,14.563,14.693,6173,,,0.6163,hfq
2019-10-14,14.823,15.023,14.713,14.963,6868,,,1.8376,hfq
2019-10-15,14.973,14.973,14.783,14.803,4705,,,-1.0693,hfq
2019-10-16,14.723,14.913,14.453,14.523,6447,,,-1.8915,hfq
2019-10-17,14.523,14.643,14.323,14.363,3880,,,-1.1017,hfq
2019-10-18,14.333,14.463,13.973,14.013,6142,,,-2.4368,hfq
2019-10-21,13.993,14.393,13.793,14.383,7193,,,2.6404,hfq
2019-10-22,14.383,14.713,14.293,14.673,10073,,,2.0163,hfq
2019-10-23,14.673,14.673,14.003,14.133,10450,,,-3.6802,hfq
2019-10-24,14.183,14.223,14.023,14.143,4022,,,0.0708,hfq
2019-10-25,14.093,14.303,14.063,14.233,4248,,,0.6364,hfq
2019-10-28,14.183,14.343,14.123,14.323,3466,,,0.6323,hfq
2019-10-29,14.393,14.393,13.973,14.013,6539,,,-2.1644,hfq
2019-10-30,13.973,13.973,13.663,13.693,7087,,,-2.2836,hfq
2019-10-31,13.683,13.853,13.623,13.633,3629,,,-0.4382,hfq
2019-11-01,13.583,13.883,13.533,13.813,4346,,,1.3203,hfq
2019-11-04,13.893,13.983,13.753,13.783,3995,,,-0.2172,hfq
2019-11-05,13.733,13.833,13.573,13.723,4284,,,-0.4353,hfq
2019-11-06,13.683,13.803,13.643,13.783,4808,,,0.4372,hfq
2019-11-07,13.733,14.313,13.733,14.313,11696,,,3.8453,hfq
2019-11-08,14.233,14.343,13.873,13.923,16118,,,-2.7248,hfq
2019-11-11,13.813,13.813,13.343,13.433,9747,,,-3.5194,hfq
2019-11-12,13.433,13.563,13.353,13.493,4268,,,0.4467,hfq
2019-11-13,13.473,13.523,13.383,13.473,3054,,,-0.1482,hfq
2019-11-14,13.353,13.513,13.353,13.423,3002,,,-0.3711,hfq
2019-11-15,13.473,13.543,13.233,13.363,5817,,,-0.4470,hfq
2019-11-18,13.343,13.403,13.263,13.383,3120,,,0.1497,hfq
2019-11-19,13.343,13.603,13.343,13.603,2835,,,1.6439,hfq
2019-11-20,13.693,13.693,13.433,13.463,2994,,,-1.0292,hfq
2019-11-21,13.393,13.533,13.383,13.473,2284,,,0.0743,hfq
2019-11-22,13.453,13.623,13.373,13.433,3753,,,-0.2969,hfq
2019-11-25,13.433,13.513,13.383,13.493,2357,,,0.4467,hfq
2019-11-26,13.563,13.563,13.483,13.483,1968,,,-0.0741,hfq
2019-11-27,13.453,13.523,13.423,13.453,2009,,,-0.2225,hfq
2019-11-28,13.483,13.493,13.323,13.343,2677,,,-0.8177,hfq
2019-11-29,14.633,14.633,14.573,14.633,34928,,,9.6680,hfq
2019-12-02,14.633,15.453,14.183,14.863,58711,,,1.5718,hfq
2019-12-03,14.473,14.683,14.293,14.463,28891,,,-2.6912,hfq
2019-12-04,14.443,14.573,14.303,14.493,16384,,,0.2074,hfq
2019-12-05,14.543,14.913,14.543,14.763,20366,,,1.8630,hfq
2019-12-06,14.873,14.873,14.583,14.773,14133,,,0.0677,hfq
2019-12-09,14.783,14.843,14.593,14.743,8789,,,-0.2031,hfq
2019-12-10,14.953,15.953,14.873,15.743,42515,,,6.7829,hfq
2019-12-11,15.413,16.073,15.373,15.913,36066,,,1.0798,hfq
2019-12-12,15.923,16.073,15.693,15.953,17430,,,0.2514,hfq
2019-12-13,16.093,16.293,15.723,16.123,22229,,,1.0656,hfq
2019-12-16,16.123,16.773,16.053,16.553,22071,,,2.6670,hfq
2019-12-17,16.553,17.173,16.463,16.943,23053,,,2.3561,hfq
2019-12-18,16.873,18.593,16.783,18.593,28746,,,9.7385,hfq
2019-12-19,20.403,20.403,20.403,20.403,9621,,,9.7348,hfq
2019-12-20,22.393,22.393,22.393,22.393,16462,,,9.7535,hfq
2019-12-23,24.473,24.473,22.073,22.583,234977,,,0.8485,hfq
2019-12-24,21.793,23.273,21.073,22.873,89803,,,1.2842,hfq
2019-12-25,22.083,24.173,21.973,23.293,118923,,,1.8362,hfq
2019-12-26,23.393,25.573,23.333,25.573,150818,,,9.7883,hfq
2019-12-27,26.413,26.413,23.063,23.063,179087,,,-9.8150,hfq
2019-12-30,22.073,23.933,21.083,23.513,103159,,,1.9512,hfq
2019-12-31,23.323,23.603,22.563,22.773,52498,,,-3.1472,hfq
2020-01-02,22.993,25.003,22.993,25.003,88503,,,9.7923,hfq
2020-01-03,25.463,26.263,24.293,24.613,89080,,,-1.5598,hfq
2020-01-06,27.023,27.023,26.073,27.023,41272,,,9.7916,hfq
2020-01-07,29.673,29.683,29.113,29.683,24854,,,9.8435,hfq
2020-01-08,32.603,32.603,29.973,30.273,184066,,,1.9877,hfq
2020-01-09,30.273,33.253,28.893,33.253,136274,,,9.8438,hfq
2020-01-10,32.473,36.533,31.503,35.673,139778,,,7.2775,hfq
2020-01-13,35.853,37.463,34.783,35.753,107518,,,0.2243,hfq
2020-01-14,35.733,38.233,34.683,36.143,106560,,,1.0908,hfq
2020-01-15,34.473,36.483,33.803,34.843,69797,,,-3.5968,hfq
2020-01-16,35.283,36.073,33.813,34.553,53725,,,-0.8323,hfq
2020-01-17,34.463,35.023,33.973,34.413,51487,,,-0.4052,hfq
2020-01-20,34.373,34.993,31.023,34.973,64537,,,1.6273,hfq
2020-01-21,34.423,38.353,33.803,35.533,64487,,,1.6012,hfq
2020-01-22,35.533,36.983,33.983,36.473,56712,,,2.6454,hfq
2020-01-23,36.073,36.413,32.873,33.063,51706,,,-9.3494,hfq
2020-02-03,29.803,31.873,29.803,29.803,103523,,,-9.8600,hfq
2020-02-04,31.353,32.733,29.973,32.673,78948,,,9.6299,hfq
2020-02-05,34.553,35.893,34.473,35.893,62983,,,9.8552,hfq
2020-02-06,34.473,38.163,34.473,37.833,76316,,,5.4050,hfq
2020-02-07,38.073,38.443,35.353,36.353,69393,,,-3.9119,hfq
2020-02-10,35.593,36.953,35.133,36.643,56504,,,0.7977,hfq
2020-02-11,36.443,37.473,35.603,36.393,57545,,,-0.6823,hfq
2020-02-12,39.973,39.983,39.503,39.983,31319,,,9.8645,hfq
2020-02-13,43.933,43.933,42.103,43.933,130642,,,9.8792,hfq
2020-02-14,41.723,43.343,39.583,42.193,104656,,,-3.9606,hfq
2020-02-17,41.463,45.863,40.823,44.313,97268,,,5.0245,hfq
2020-02-18,43.723,47.673,43.593,47.323,77367,,,6.7926,hfq
2020-02-19,48.273,51.473,46.473,47.473,75334,,,0.3170,hfq
2020-02-20,49.323,49.783,45.113,46.623,62655,,,-1.7905,hfq
2020-02-21,46.473,48.173,44.273,46.273,78868,,,-0.7507,hfq
2020-02-24,44.623,49.033,44.623,48.403,62026,,,4.6031,hfq
2020-02-25,46.473,48.723,45.073,47.373,58407,,,-2.1280,hfq
2020-02-26,45.673,47.273,43.983,44.473,51577,,,-6.1216,hfq
2020-02-27,45.363,47.123,43.473,46.053,55794,,,3.5527,hfq
2020-02-28,44.523,44.973,41.493,41.493,79709,,,-9.9016,hfq
2020-03-02,40.513,41.863,37.973,41.133,72180,,,-0.8676,hfq
2020-03-03,42.473,42.473,39.473,40.613,47685,,,-1.2642,hfq
2020-03-04,39.973,41.703,39.173,39.873,49387,,,-1.8221,hfq
2020-03-05,41.473,42.983,41.073,41.853,70029,,,4.9658,hfq
2020-03-06,40.673,45.073,40.073,42.193,66585,,,0.8124,hfq
2020-03-09,41.223,42.153,38.023,38.023,67827,,,-9.8832,hfq
2020-03-10,36.743,39.143,35.503,38.623,64992,,,1.5780,hfq
2020-03-11,38.573,39.753,36.933,36.973,37705,,,-4.2721,hfq
2020-03-12,36.973,37.343,35.193,35.813,48380,,,-3.1374,hfq
2020-03-13,33.513,36.153,32.283,35.173,64401,,,-1.7871,hfq
2020-03-16,36.213,36.373,31.703,31.703,55765,,,-9.8655,hfq
2020-03-17,32.293,33.883,29.823,31.373,76705,,,-1.0409,hfq
2020-03-18,32.543,32.673,29.213,29.423,89469,,,-6.2155,hfq
2020-03-19,29.883,30.703,29.223,30.043,75476,,,2.1072,hfq
2020-03-20,31.433,31.823,29.793,30.113,63449,,,0.2330,hfq
2020-03-23,30.173,30.173,27.943,28.123,53852,,,-6.6084,hfq
2020-03-24,28.893,29.323,27.013,28.193,41894,,,0.2489,hfq
2020-03-25,30.133,30.963,30.133,30.963,15951,,,9.8251,hfq
2020-03-26,31.473,31.473,28.073,28.853,140599,,,-6.8146,hfq
2020-03-27,29.433,29.733,27.373,27.473,79461,,,-4.7829,hfq
2020-03-30,27.003,27.573,25.673,26.183,65762,,,-4.6955,hfq
2020-03-31,26.723,26.773,25.473,25.563,48767,,,-2.3679,hfq
2020-04-01,25.123,27.273,25.123,25.723,64626,,,0.6259,hfq
2020-04-02,25.713,27.413,25.703,27.273,65977,,,6.0257,hfq
2020-04-03,27.473,27.823,26.873,27.043,50195,,,-0.8433,hfq
2020-04-07,27.853,28.903,27.823,27.983,60061,,,3.4759,hfq
2020-04-08,27.813,28.273,27.463,27.623,36647,,,-1.2865,hfq
2020-04-09,27.873,30.343,27.333,30.343,85084,,,9.8469,hfq
2020-04-10,30.373,30.933,28.033,28.723,116842,,,-5.3390,hfq
2020-04-13,28.623,28.713,26.773,27.853,43037,,,-3.0289,hfq
2020-04-14,29.173,30.593,28.573,30.593,106537,,,9.8374,hfq
2020-04-15,30.003,32.573,30.003,31.083,119116,,,1.6017,hfq
2020-04-16,30.163,31.853,29.583,30.113,90899,,,-3.1207,hfq
2020-04-17,31.473,32.503,30.563,30.853,111256,,,2.4574,hfq
2020-04-20,30.833,31.563,30.273,30.953,77192,,,0.3241,hfq
2020-04-21,30.633,30.953,29.713,30.023,50428,,,-3.0046,hfq
2020-04-22,29.403,30.753,29.403,30.543,39851,,,1.7320,hfq
2020-04-23,30.663,31.443,30.273,31.023,44391,,,1.5716,hfq
2020-04-24,30.673,31.423,29.973,30.073,36723,,,-3.0622,hfq
2020-04-27,30.123,30.483,29.483,29.583,27386,,,-1.6294,hfq
2020-04-28,29.373,30.743,27.843,30.743,56442,,,3.9212,hfq
2020-04-29,30.273,33.773,30.273,33.573,117718,,,9.2053,hfq
2020-04-30,33.083,36.373,33.083,35.983,86106,,,7.1784,hfq
2020-05-06,35.473,37.373,34.883,36.193,61802,,,0.5836,hfq
2020-05-07,36.203,38.693,35.463,36.723,69498,,,1.4644,hfq
2020-05-08,37.023,37.473,36.073,36.963,51321,,,0.6535,hfq
2020-05-11,36.883,37.423,36.283,36.803,39225,,,-0.4329,hfq
2020-05-12,37.073,37.083,35.583,36.493,44064,,,-0.8423,hfq
2020-05-13,36.673,37.223,36.013,36.773,35412,,,0.7673,hfq
2020-05-14,36.503,38.653,36.423,37.023,49399,,,0.6798,hfq
2020-05-15,36.973,39.343,36.763,38.753,54836,,,4.6728,hfq
2020-05-18,38.973,40.133,37.883,38.263,46092,,,-1.2644,hfq
2020-05-19,38.603,39.233,37.773,38.673,32286,,,1.0715,hfq
2020-05-20,38.333,40.873,37.893,40.283,67313,,,4.1631,hfq
2020-05-21,39.723,40.223,36.323,38.193,56443,,,-5.1883,hfq
2020-05-22,38.973,38.973,36.573,37.333,44531,,,-2.2517,hfq
2020-05-25,38.273,39.443,35.373,36.103,43061,,,-3.2947,hfq
2020-05-26,35.673,36.713,35.533,36.273,40400,,,0.4709,hfq
2020-05-27,36.203,38.923,34.683,38.553,63742,,,6.2857,hfq
2020-05-28,38.213,39.273,37.373,38.373,35604,,,-0.4669,hfq
2020-05-29,38.173,38.443,37.703,38.093,26876,,,-0.7297,hfq
2020-06-01,38.463,39.463,37.873,39.263,43669,,,3.0714,hfq
2020-06-02,39.343,40.973,38.973,39.283,49039,,,0.0509,hfq
2020-06-03,39.283,39.803,38.073,38.553,38543,,,-1.8583,hfq
2020-06-04,38.423,38.963,37.693,37.833,24896,,,-1.8676,hfq
2020-06-05,37.483,38.003,36.473,37.033,37390,,,-2.1146,hfq
2020-06-08,37.033,37.973,37.033,37.663,27673,,,1.7012,hfq
2020-06-09,38.173,39.143,37.393,38.443,42094,,,2.0710,hfq
2020-06-10,37.973,39.153,37.973,38.823,41222,,,0.9885,hfq
2020-06-11,38.953,42.663,38.953,42.663,104895,,,9.8910,hfq
2020-06-12,41.473,45.673,40.893,43.683,103964,,,2.3908,hfq
2020-06-15,43.473,43.703,42.073,42.683,50892,,,-2.2892,hfq
2020-06-16,43.373,43.673,42.543,43.253,37072,,,1.3354,hfq
2020-06-17,43.153,44.833,42.173,42.643,38460,,,-1.4103,hfq
2020-06-18,42.243,42.843,41.673,41.703,29171,,,-2.2043,hfq
2020-06-19,41.713,43.223,41.433,42.573,50507,,,2.0862,hfq
2020-06-22,43.053,44.033,42.323,43.853,53569,,,3.0066,hfq
2020-06-23,43.673,44.673,41.973,43.673,57933,,,-0.4105,hfq
2020-06-24,43.703,45.953,43.703,45.273,56363,,,3.6636,hfq
2020-06-29,45.333,46.873,43.073,43.773,67116,,,-3.3132,hfq
2020-06-30,43.323,44.673,43.293,44.283,44376,,,1.1651,hfq
2020-07-01,45.583,46.073,43.473,44.463,57149,,,0.4065,hfq
2020-07-02,45.153,45.163,41.473,43.473,63282,,,-2.2266,hfq
2020-07-03,43.333,43.333,40.873,41.423,71010,,,-4.7156,hfq
2020-07-06,41.473,42.573,40.953,42.413,60855,,,2.3900,hfq
2020-07-07,42.473,44.323,42.273,43.693,78091,,,3.0179,hfq
2020-07-08,44.033,44.473,43.073,43.713,65049,,,0.0458,hfq
2020-07-09,44.223,47.973,42.703,47.373,88044,,,8.3728,hfq
2020-07-10,46.873,46.953,45.313,45.453,65678,,,-4.0529,hfq
2020-07-13,46.673,49.953,45.683,49.953,86826,,,9.9003,hfq
2020-07-14,49.473,51.073,48.673,50.673,77506,,,1.4414,hfq
2020-07-15,50.723,51.283,46.633,47.623,64887,,,-6.0190,hfq
2020-07-16,47.983,50.263,44.523,45.793,54672,,,-3.8427,hfq
2020-07-17,45.133,46.343,43.473,45.753,51572,,,-0.0873,hfq
2020-07-20,45.993,47.423,44.173,47.323,48202,,,3.4315,hfq
2020-07-21,47.323,47.853,45.823,46.373,33170,,,-2.0075,hfq
2020-07-22,46.283,46.463,45.533,45.863,32100,,,-1.0998,hfq
2020-07-23,45.213,46.973,44.473,45.463,50514,,,-0.8722,hfq
2020-07-24,43.993,44.893,40.963,40.963,60642,,,-9.8982,hfq
2020-07-27,40.473,40.473,37.073,37.563,79939,,,-8.3002,hfq
2020-07-28,39.273,39.273,36.553,37.563,62528,,,0.0000,hfq
2020-07-29,37.083,38.963,36.683,38.503,50929,,,2.5025,hfq
2020-07-30,38.613,39.403,37.153,37.393,46181,,,-2.8829,hfq
2020-07-31,37.693,37.933,35.863,36.953,71847,,,-1.1767,hfq
2020-08-03,37.453,38.653,36.903,38.353,65387,,,3.7886,hfq
2020-08-04,38.373,38.593,36.653,37.023,63199,,,-3.4678,hfq
2020-08-05,37.423,37.853,36.273,37.183,70649,,,0.4322,hfq
2020-08-06,37.173,40.853,36.823,39.303,115769,,,5.7015,hfq
2020-08-07,39.303,39.303,37.363,37.813,71151,,,-3.7911,hfq
2020-08-10,37.763,37.873,36.653,37.033,46842,,,-2.0628,hfq
2020-08-11,36.783,37.373,34.853,34.893,67015,,,-5.7786,hfq
2020-08-12,34.633,35.413,32.473,33.373,70004,,,-4.3562,hfq
2020-08-13,33.833,34.813,32.473,32.873,63285,,,-1.4982,hfq
2020-08-14,32.973,33.673,32.493,33.223,45859,,,1.0647,hfq
2020-08-17,33.233,35.873,32.883,34.783,86038,,,4.6955,hfq
2020-08-18,35.083,38.093,34.703,37.583,104915,,,8.0499,hfq
2020-08-19,37.583,38.213,36.003,36.223,72454,,,-3.6187,hfq
2020-08-20,36.143,36.673,34.543,35.213,47023,,,-2.7883,hfq
2020-08-21,35.293,38.173,35.293,37.893,76361,,,7.6108,hfq
2020-08-24,37.623,39.143,37.193,38.423,66735,,,1.3987,hfq
2020-08-25,37.773,38.423,36.693,36.953,57104,,,-3.8258,hfq
2020-08-26,36.943,37.473,36.273,36.933,46052,,,-0.0541,hfq
2020-08-27,36.933,37.253,35.703,36.023,34227,,,-2.4639,hfq
2020-08-28,35.513,36.773,35.513,36.373,28561,,,0.9716,hfq
2020-08-31,36.523,37.223,36.373,36.493,40976,,,0.3299,hfq
2020-09-01,36.383,37.163,35.753,37.133,35184,,,1.7538,hfq
2020-09-02,36.933,38.353,36.843,37.433,42280,,,0.8079,hfq
2020-09-03,37.203,37.203,35.803,35.963,36959,,,-3.9270,hfq
2020-09-04,35.083,35.553,34.223,35.423,33663,,,-1.5015,hfq
2020-09-07,35.063,35.973,34.253,34.293,22974,,,-3.1900,hfq
2020-09-08,34.293,35.703,33.053,34.973,39389,,,1.9829,hfq
2020-09-09,34.983,34.983,33.973,34.073,25502,,,-2.5734,hfq
2020-09-10,34.273,34.773,32.393,32.393,44992,,,-4.9306,hfq
2020-09-11,32.043,33.293,31.493,33.113,33091,,,2.2227,hfq
2020-09-14,33.503,35.743,33.423,34.523,43044,,,4.2581,hfq
2020-09-15,35.073,35.273,33.773,34.153,26029,,,-1.0717,hfq
2020-09-16,34.153,35.663,33.983,34.623,40281,,,1.3762,hfq
2020-09-17,34.673,35.123,34.053,34.753,23223,,,0.3755,hfq
2020-09-18,34.743,35.173,34.173,35.173,23872,,,1.2085,hfq
2020-09-21,35.353,35.923,34.523,34.773,22172,,,-1.1372,hfq
2020-09-22,34.773,34.773,34.083,34.613,21538,,,-0.4601,hfq
2020-09-23,34.323,34.403,32.873,34.353,42492,,,-0.7512,hfq
2020-09-24,34.173,35.273,33.103,33.173,37574,,,-3.4349,hfq
2020-09-25,33.173,33.723,32.473,32.913,27513,,,-0.7838,hfq
2020-09-28,33.423,33.603,32.583,32.903,20362,,,-0.0304,hfq
2020-09-29,33.283,34.423,32.373,34.263,38390,,,4.1334,hfq
2020-09-30,36.473,36.773,35.153,36.353,100804,,,6.0999,hfq
2020-10-09,39.943,39.943,39.943,39.943,14664,,,9.8754,hfq
2020-10-12,42.973,42.973,39.953,42.003,145325,,,5.1573,hfq
2020-10-13,41.353,42.253,40.483,41.573,87180,,,-1.0237,hfq
2020-10-14,41.473,45.683,40.743,43.673,158112,,,5.0514,hfq
2020-10-15,43.233,43.233,40.763,40.963,76027,,,-6.2052,hfq
2020-10-16,40.963,41.803,40.233,40.403,47441,,,-1.3671,hfq
2020-10-19,41.093,41.413,38.883,39.223,64985,,,-2.9206,hfq
2020-10-20,39.473,40.473,38.893,40.193,40687,,,2.4730,hfq
2020-10-21,40.263,41.883,40.073,40.973,58380,,,1.9406,hfq
2020-10-22,40.373,40.683,39.453,40.013,36091,,,-2.3430,hfq
2020-10-23,39.473,40.573,38.133,39.883,50836,,,-0.3249,hfq
2020-10-26,39.473,41.873,38.553,41.693,67772,,,4.5383,hfq
2020-10-27,42.023,43.803,41.483,42.953,84906,,,3.0221,hfq
2020-10-28,42.773,43.633,41.493,42.723,66237,,,-0.5355,hfq
2020-10-29,42.073,45.593,41.913,43.123,76604,,,0.9363,hfq
2020-10-30,43.483,43.763,41.263,41.433,62189,,,-3.9190,hfq
2020-11-02,42.273,44.913,41.793,44.353,80060,,,7.0475,hfq
2020-11-03,44.253,44.673,42.543,44.223,64812,,,-0.2931,hfq
2020-11-04,44.953,46.883,42.893,43.493,89846,,,-1.6507,hfq
2020-11-05,43.873,45.323,43.483,44.493,69232,,,2.2992,hfq
2020-11-06,45.173,47.033,44.483,45.853,84315,,,3.0567,hfq
2020-11-09,45.373,48.953,45.373,47.773,78036,,,4.1873,hfq
2020-11-10,47.683,47.963,45.583,47.273,44917,,,-1.0466,hfq
2020-11-11,47.253,47.763,44.773,44.873,48207,,,-5.0769,hfq
2020-11-12,45.213,46.023,44.873,45.473,27865,,,1.3371,hfq
2020-11-13,45.243,45.453,43.193,43.833,41473,,,-3.6065,hfq
2020-11-16,46.133,48.173,45.653,48.173,100790,,,9.9012,hfq
2020-11-17,47.993,48.253,44.673,44.973,78402,,,-6.6427,hfq
2020-11-18,45.063,46.953,45.023,45.373,58201,,,0.8894,hfq
2020-11-19,45.473,46.273,44.723,45.563,36782,,,0.4188,hfq
2020-11-20,45.373,45.723,44.373,44.863,38352,,,-1.5363,hfq
2020-11-23,44.863,47.223,44.003,46.613,54804,,,3.9008,hfq
2020-11-24,46.983,46.983,45.173,45.673,29510,,,-2.0166,hfq
2020-11-25,45.353,45.653,41.153,41.173,87292,,,-9.8526,hfq
2020-11-26,41.173,41.273,38.483,40.033,64349,,,-2.7688,hfq
2020-11-27,39.933,40.433,39.063,40.073,31917,,,0.0999,hfq
2020-11-30,40.033,40.073,38.823,39.163,29411,,,-2.2709,hfq
2020-12-01,38.973,39.623,38.153,39.263,28544,,,0.2553,hfq
2020-12-02,39.253,39.553,38.453,38.533,30130,,,-1.8593,hfq
2020-12-03,38.453,38.933,38.263,38.533,19341,,,0.0000,hfq
2020-12-04,38.523,38.613,37.573,38.353,20031,,,-0.4671,hfq
2020-12-07,38.073,39.353,38.073,39.193,32258,,,2.1902,hfq
2020-12-08,39.353,39.803,38.783,39.763,27138,,,1.4543,hfq
2020-12-09,39.753,39.753,38.393,38.413,23523,,,-3.3951,hfq
2020-12-10,38.413,40.223,38.073,39.273,34520,,,2.2388,hfq
2020-12-11,39.123,40.263,38.623,39.923,39343,,,1.6551,hfq
2020-12-14,40.043,41.273,40.043,40.973,50606,,,2.6301,hfq
2020-12-15,40.583,40.723,39.783,40.353,29281,,,-1.5132,hfq
2020-12-16,41.243,42.913,40.673,41.453,57297,,,2.7259,hfq
2020-12-17,41.153,41.153,39.133,39.803,48388,,,-3.9804,hfq
2020-12-18,39.793,40.713,39.373,40.393,38477,,,1.4823,hfq
2020-12-21,40.843,42.913,40.473,42.333,60006,,,4.8028,hfq
2020-12-22,42.463,43.013,41.043,41.163,45909,,,-2.7638,hfq
2020-12-23,41.263,44.273,41.263,43.243,61987,,,5.0531,hfq
2020-12-24,43.163,43.323,41.983,42.773,53999,,,-1.0869,hfq
2020-12-25,43.203,44.973,43.203,43.753,65120,,,2.2912,hfq
2020-12-28,43.403,43.753,40.983,42.573,59890,,,-2.6970,hfq
2020-12-29,42.873,43.203,39.473,40.623,51691,,,-4.5804,hfq
2020-12-30,40.503,42.823,40.373,41.773,35059,,,2.8309,hfq
2020-12-31,42.683,45.903,42.683,44.463,100649,,,6.4396,hfq
2021-01-04,48.463,48.863,45.573,48.853,186832,,,9.8734,hfq
2021-01-05,47.513,48.473,46.513,47.563,118212,,,-2.6406,hfq
2021-01-06,47.683,48.023,44.473,45.673,90694,,,-3.9737,hfq
2021-01-07,46.073,47.593,45.233,46.243,71200,,,1.2480,hfq
2021-01-08,46.793,46.923,43.273,43.633,75003,,,-5.6441,hfq
2021-01-11,42.473,42.473,39.473,41.223,62716,,,-5.5233,hfq
2021-01-12,40.483,42.073,40.163,42.073,61000,,,2.0620,hfq
2021-01-13,41.773,41.863,40.003,40.173,49875,,,-4.5160,hfq
2021-01-14,39.573,41.273,39.173,41.073,40794,,,2.2403,hfq
2021-01-15,40.673,42.123,40.293,41.673,41698,,,1.4608,hfq
2021-01-18,41.963,42.113,40.873,42.113,43661,,,1.0558,hfq
2021-01-19,42.353,42.653,40.493,40.593,43362,,,-3.6093,hfq
2021-01-20,39.973,42.173,39.503,41.543,48990,,,2.3403,hfq
2021-01-21,41.963,42.973,41.273,42.163,65667,,,1.4924,hfq
2021-01-22,42.303,46.173,42.203,45.163,91935,,,7.1152,hfq
2021-01-25,43.473,44.173,40.743,41.963,106923,,,-7.0854,hfq
2021-01-26,41.473,42.973,40.513,41.073,50906,,,-2.1209,hfq
2021-01-27,41.183,41.653,38.573,40.553,51099,,,-1.2660,hfq
2021-01-28,39.663,41.093,39.473,39.523,37953,,,-2.5399,hfq
2021-01-29,40.013,40.393,37.343,38.093,53321,,,-3.6181,hfq
2021-02-01,38.173,39.773,37.443,39.303,32620,,,3.1764,hfq
2021-02-02,39.053,39.663,38.173,39.393,22627,,,0.2290,hfq
2021-02-03,39.633,40.043,39.103,39.123,27135,,,-0.6854,hfq
2021-02-04,38.973,39.143,37.173,37.383,35232,,,-4.4475,hfq
2021-02-05,37.303,37.973,36.283,36.483,31500,,,-2.4075,hfq
2021-02-08,36.503,36.963,35.703,35.853,28218,,,-1.7268,hfq
2021-02-09,35.543,37.483,35.543,36.823,31593,,,2.7055,hfq
2021-02-10,36.823,39.973,36.523,38.853,35777,,,5.5129,hfq
2021-02-18,39.623,39.723,38.623,38.943,24309,,,0.2316,hfq
2021-02-19,39.033,39.143,38.193,38.963,20436,,,0.0514,hfq
2021-02-22,38.973,40.273,38.813,39.323,34763,,,0.9240,hfq
2021-02-23,39.373,39.653,38.473,39.313,24032,,,-0.0254,hfq
2021-02-24,39.053,39.553,37.973,38.363,29441,,,-2.4165,hfq
2021-02-25,38.733,38.943,38.173,38.203,19809,,,-0.4171,hfq
2021-02-26,37.473,38.523,37.473,38.183,17948,,,-0.0524,hfq
2021-03-01,38.233,39.563,38.233,39.283,23659,,,2.8809,hfq
2021-03-02,39.653,40.433,38.963,39.273,24582,,,-0.0255,hfq
2021-03-03,39.273,39.633,38.803,38.983,20104,,,-0.7384,hfq
2021-03-04,39.143,39.143,36.983,37.363,31619,,,-4.1557,hfq
2021-03-05,36.823,37.123,36.223,36.803,19244,,,-1.4988,hfq
2021-03-08,37.263,37.263,35.723,35.803,24459,,,-2.7172,hfq
2021-03-09,36.473,39.153,36.153,38.173,63089,,,6.6196,hfq
2021-03-10,38.953,38.973,36.513,36.773,44820,,,-3.6675,hfq
2021-03-11,36.183,37.023,35.123,36.423,38948,,,-0.9518,hfq
2021-03-12,36.353,36.453,35.123,35.323,29690,,,-3.0201,hfq
2021-03-15,35.133,35.153,33.253,33.693,28698,,,-4.6146,hfq
2021-03-16,34.173,34.353,33.503,33.943,14958,,,0.7420,hfq
2021-03-17,33.963,34.623,33.533,34.543,16019,,,1.7677,hfq
2021-03-18,34.563,35.243,34.283,34.783,15174,,,0.6948,hfq
2021-03-19,34.473,35.113,33.993,34.853,13985,,,0.2012,hfq
2021-03-22,35.223,35.553,34.733,35.063,11387,,,0.6025,hfq
2021-03-23,35.363,35.363,34.283,34.543,12681,,,-1.4830,hfq
2021-03-24,34.193,34.543,33.473,33.723,14154,,,-2.3739,hfq
2021-03-25,33.573,33.973,33.323,33.743,9145,,,0.0593,hfq
2021-03-26,33.613,35.423,33.373,35.073,20820,,,3.9416,hfq
2021-03-29,34.893,35.223,34.633,35.043,10886,,,-0.0855,hfq
2021-03-30,34.693,35.323,34.693,35.213,11548,,,0.4851,hfq
2021-03-31,35.083,35.253,34.353,34.533,11642,,,-1.9311,hfq
2021-04-01,35.113,35.353,34.793,34.893,12417,,,1.0425,hfq
2021-04-02,34.663,35.153,34.373,34.993,11603,,,0.2866,hfq
2021-04-06,35.023,35.433,34.863,35.373,13107,,,1.0859,hfq
2021-04-07,35.633,35.673,34.573,34.813,13419,,,-1.5831,hfq
2021-04-08,34.823,35.293,34.583,35.023,12289,,,0.6032,hfq
2021-04-09,34.973,35.153,34.073,34.393,14561,,,-1.7988,hfq
2021-04-12,34.273,35.333,33.993,35.043,28943,,,1.8899,hfq
2021-04-13,34.623,35.753,34.343,35.743,25227,,,1.9975,hfq
2021-04-14,35.743,35.743,35.073,35.353,23343,,,-1.0911,hfq
2021-04-15,34.583,34.953,33.083,33.193,44858,,,-6.1098,hfq
2021-04-16,33.413,33.413,32.173,33.163,18653,,,-0.0904,hfq
2021-04-19,32.913,35.073,32.503,34.173,33071,,,3.0456,hfq
2021-04-20,34.073,34.183,33.033,33.473,33931,,,-2.0484,hfq
2021-04-21,33.443,33.473,32.533,32.553,25797,,,-2.7485,hfq
2021-04-22,32.543,32.873,32.283,32.413,19352,,,-0.4301,hfq
2021-04-23,32.413,32.413,31.643,31.873,21852,,,-1.6660,hfq
2021-04-26,31.623,32.013,31.283,31.333,21482,,,-1.6942,hfq
2021-04-27,31.323,31.333,30.373,30.553,20320,,,-2.4894,hfq
2021-04-28,30.573,31.323,30.413,30.883,16592,,,1.0801,hfq
2021-04-29,31.093,31.153,30.323,30.703,16683,,,-0.5828,hfq
2021-04-30,30.723,30.973,29.923,29.983,17709,,,-2.3450,hfq
2021-05-06,29.983,30.593,29.513,30.373,15623,,,1.3007,hfq
2021-05-07,30.473,31.843,30.473,31.383,34875,,,3.3253,hfq
2021-05-10,31.383,31.473,30.193,30.583,24453,,,-2.5492,hfq
2021-05-11,30.373,31.963,30.373,31.733,26356,,,3.7603,hfq
2021-05-12,31.423,32.733,31.273,32.533,27274,,,2.5210,hfq
2021-05-13,32.313,32.723,32.053,32.233,16943,,,-0.9221,hfq
2021-05-14,31.713,33.133,31.713,32.973,23968,,,2.2958,hfq
2021-05-17,32.533,33.053,32.173,32.563,20007,,,-1.2434,hfq
2021-05-18,32.413,32.553,31.653,31.893,17595,,,-2.0575,hfq
2021-05-19,31.913,32.523,31.843,31.923,11670,,,0.0941,hfq
2021-05-20,31.683,32.453,31.373,31.803,12499,,,-0.3759,hfq
2021-05-21,31.813,32.333,31.663,31.893,9333,,,0.2830,hfq
2021-05-24,31.753,32.623,31.543,32.163,15064,,,0.8466,hfq
2021-05-25,32.163,32.863,31.973,32.793,19295,,,1.9588,hfq
2021-05-26,32.873,33.253,32.273,32.343,16104,,,-1.3722,hfq
2021-05-27,32.323,32.693,32.063,32.493,12962,,,0.4638,hfq
2021-05-28,32.613,32.893,32.103,32.573,16015,,,0.2462,hfq
2021-05-31,32.473,32.773,31.923,32.383,20142,,,-0.5833,hfq
2021-06-01,32.383,33.073,32.223,32.373,21208,,,-0.0309,hfq
2021-06-02,32.503,32.603,31.673,32.403,21654,,,0.0927,hfq
2021-06-03,32.373,33.033,31.573,32.523,26388,,,0.3703,hfq
2021-06-04,32.273,33.053,32.173,32.783,23968,,,0.7994,hfq
2021-06-07,32.783,32.783,31.963,32.083,19170,,,-2.1353,hfq
2021-06-08,31.963,32.373,31.803,31.973,11293,,,-0.3429,hfq
2021-06-09,31.683,32.023,31.503,31.603,10894,,,-1.1572,hfq
2021-06-10,31.483,32.993,31.333,32.993,31030,,,4.3983,hfq
2021-06-11,33.073,34.033,33.033,33.263,31623,,,0.8184,hfq
2021-06-15,32.873,33.123,31.773,31.943,25181,,,-3.9684,hfq
2021-06-16,31.783,31.783,30.573,30.693,23433,,,-3.9132,hfq
2021-06-17,31.073,31.073,30.243,30.373,19808,,,-1.0426,hfq
2021-06-18,30.373,31.233,30.053,30.963,12935,,,1.9425,hfq
2021-06-21,30.573,31.993,30.493,31.873,21421,,,2.9390,hfq
2021-06-22,32.123,35.013,32.013,35.013,34458,,,9.8516,hfq
2021-06-23,36.453,36.973,35.203,35.573,97011,,,1.5994,hfq
2021-06-24,39.083,39.083,37.183,38.433,160266,,,8.0398,hfq
2021-06-25,36.923,38.933,36.873,37.473,114852,,,-2.4979,hfq
2021-06-28,37.923,40.443,37.753,38.593,96561,,,2.9888,hfq
2021-06-29,38.483,41.313,38.473,40.103,104539,,,3.9126,hfq
2021-06-30,39.473,43.973,39.373,42.763,115970,,,6.6329,hfq
2021-07-01,42.433,42.433,40.653,41.173,62335,,,-3.7182,hfq
2021-07-02,42.103,42.203,39.973,41.353,64152,,,0.4372,hfq
2021-07-05,41.343,42.833,40.573,41.933,66734,,,1.4026,hfq
2021-07-06,41.973,42.473,40.173,40.723,56432,,,-2.8856,hfq
2021-07-07,39.693,43.653,39.693,42.673,79204,,,4.7884,hfq
2021-07-08,43.263,43.273,42.073,42.583,56318,,,-0.2109,hfq
2021-07-09,42.123,42.533,40.773,41.983,44971,,,-1.4090,hfq
2021-07-12,42.023,43.323,41.353,42.463,61033,,,1.1433,hfq
2021-07-13,42.843,45.033,41.983,44.673,90037,,,5.2045,hfq
2021-07-14,43.893,45.983,43.373,43.623,98921,,,-2.3504,hfq
2021-07-15,43.173,44.473,42.113,43.353,71876,,,-0.6189,hfq
2021-07-16,42.813,47.643,41.483,46.363,134064,,,6.9430,hfq
2021-07-19,47.473,50.463,46.373,46.973,128058,,,1.3157,hfq
2021-07-20,46.703,47.243,45.353,45.743,63762,,,-2.6185,hfq
2021-07-21,46.913,49.013,45.743,48.033,88008,,,5.0062,hfq
2021-07-22,47.523,49.853,47.493,48.073,69092,,,0.0833,hfq
2021-07-23,48.963,52.833,47.073,52.833,122772,,,9.9016,hfq
2021-07-26,54.473,58.073,52.953,56.403,195705,,,6.7571,hfq
2021-07-27,54.473,57.013,50.813,50.813,134036,,,-9.9108,hfq
2021-07-28,48.103,49.473,45.783,45.803,139229,,,-9.8597,hfq
2021-07-29,47.183,48.853,47.143,48.423,103345,,,5.7201,hfq
2021-07-30,48.353,49.763,46.483,47.773,96939,,,-1.3423,hfq
2021-08-02,46.973,50.323,46.973,49.153,88920,,,2.8887,hfq
2021-08-03,48.243,48.973,44.463,45.703,98772,,,-7.0189,hfq
2021-08-04,45.253,48.203,45.003,48.053,76312,,,5.1419,hfq
2021-08-05,48.073,48.633,46.483,47.463,75577,,,-1.2278,hfq
2021-08-06,47.143,47.233,43.783,44.753,127966,,,-5.7097,hfq
2021-08-09,44.603,44.673,41.473,42.803,82310,,,-4.3572,hfq
2021-08-10,43.383,43.803,42.293,42.943,55233,,,0.3271,hfq
2021-08-11,42.943,42.943,41.273,41.843,71439,,,-2.5615,hfq
2021-08-12,41.653,42.593,40.733,42.323,65300,,,1.1471,hfq
2021-08-13,41.653,43.633,40.973,42.393,68858,,,0.1654,hfq
2021-08-16,42.483,43.163,40.593,41.333,53447,,,-2.5004,hfq
2021-08-17,41.103,41.743,39.493,39.683,51795,,,-3.9920,hfq
2021-08-18,39.603,40.353,38.953,39.533,38291,,,-0.3780,hfq
2021-08-19,39.453,39.973,38.273,39.433,44538,,,-0.2530,hfq
2021-08-20,39.153,39.673,38.273,39.333,30228,,,-0.2536,hfq
2021-08-23,39.473,40.623,39.173,40.383,57052,,,2.6695,hfq
2021-08-24,40.243,40.243,37.673,39.483,63878,,,-2.2287,hfq
2021-08-25,39.343,42.973,38.503,42.603,118899,,,7.9021,hfq
2021-08-26,41.773,44.373,41.573,42.093,105112,,,-1.1971,hfq
2021-08-27,41.473,42.073,39.883,41.653,73800,,,-1.0453,hfq
2021-08-30,37.673,38.593,37.533,37.533,69044,,,-9.8912,hfq
2021-08-31,37.263,37.263,34.343,35.033,101517,,,-6.6608,hfq
2021-09-01,34.943,35.823,34.463,34.513,56239,,,-1.4843,hfq
2021-09-02,34.673,37.913,34.673,37.913,45596,,,9.8514,hfq
2021-09-03,39.463,41.073,36.663,39.473,135614,,,4.1147,hfq
2021-09-06,39.013,41.383,38.023,39.993,81693,,,1.3174,hfq
2021-09-07,39.813,42.933,39.353,42.623,93412,,,6.5762,hfq
2021-09-08,42.373,45.473,42.273,45.143,117117,,,5.9123,hfq
2021-09-09,44.633,45.773,43.353,44.753,78864,,,-0.8639,hfq
2021-09-10,44.973,44.973,42.003,43.293,76169,,,-3.2624,hfq
2021-09-13,44.043,44.273,42.253,42.643,53455,,,-1.5014,hfq
2021-09-14,43.053,43.293,41.793,41.923,43914,,,-1.6884,hfq
2021-09-15,42.373,45.143,41.523,44.633,85963,,,6.4642,hfq
2021-09-16,44.803,44.883,42.693,42.733,58142,,,-4.2569,hfq
2021-09-17,42.733,43.353,41.023,41.903,42975,,,-1.9423,hfq
2021-09-22,40.673,42.733,40.473,42.123,33930,,,0.5250,hfq
2021-09-23,42.013,42.813,41.353,41.473,31352,,,-1.5431,hfq
2021-09-24,41.073,41.773,40.083,40.273,36995,,,-2.8934,hfq
2021-09-27,40.623,40.813,36.293,36.823,62548,,,-8.5665,hfq
2021-09-28,36.493,37.763,36.473,37.133,24720,,,0.8419,hfq
2021-09-29,36.473,37.183,35.283,35.853,28774,,,-3.4471,hfq
2021-09-30,35.893,36.553,35.743,36.363,22214,,,1.4225,hfq
2021-10-08,36.623,37.173,35.603,35.863,21625,,,-1.3750,hfq
2021-10-11,35.653,36.133,34.983,35.463,20404,,,-1.1154,hfq
2021-10-12,35.923,36.063,33.933,34.463,25773,,,-2.8198,hfq
2021-10-13,34.533,36.723,34.343,36.533,38692,,,6.0064,hfq
2021-10-14,36.443,37.993,36.013,37.643,36664,,,3.0383,hfq
2021-10-15,37.273,37.273,35.913,36.693,35349,,,-2.5237,hfq
2021-10-18,36.503,37.743,36.403,37.333,26406,,,1.7442,hfq
2021-10-19,37.373,37.473,36.603,36.723,19805,,,-1.6339,hfq
2021-10-20,36.963,37.523,36.233,37.343,37128,,,1.6883,hfq
2021-10-21,37.073,37.173,35.973,36.173,26965,,,-3.1331,hfq
2021-10-22,36.073,36.873,35.203,35.383,21322,,,-2.1839,hfq
2021-10-25,35.563,36.983,34.973,36.443,21539,,,2.9958,hfq
2021-10-26,36.443,36.623,35.693,35.873,29195,,,-1.5641,hfq
2021-10-27,34.673,36.063,34.593,35.683,32738,,,-0.5296,hfq
2021-10-28,35.523,36.113,34.303,34.363,28616,,,-3.6992,hfq
2021-10-29,34.353,35.463,34.073,35.433,27677,,,3.1138,hfq
2021-11-01,35.283,37.393,34.983,36.423,34629,,,2.7940,hfq
2021-11-02,37.273,37.433,35.253,35.573,32732,,,-2.3337,hfq
2021-11-03,35.643,39.083,35.643,39.083,44339,,,9.8670,hfq
2021-11-04,39.423,40.353,37.973,40.243,111890,,,2.9680,hfq
2021-11-05,39.753,39.763,37.923,38.093,71905,,,-5.3425,hfq
2021-11-08,37.753,38.053,37.123,37.783,35324,,,-0.8138,hfq
2021-11-09,38.023,38.993,37.633,38.163,40670,,,1.0057,hfq
2021-11-10,37.493,38.173,36.993,38.173,32090,,,0.0262,hfq
2021-11-11,38.043,39.723,37.793,39.593,62977,,,3.7199,hfq
2021-11-12,39.593,40.293,39.233,39.353,47880,,,-0.6062,hfq
2021-11-15,39.673,39.673,38.473,38.913,37006,,,-1.1181,hfq
2021-11-16,38.473,38.833,37.373,37.503,36330,,,-3.6235,hfq
2021-11-17,37.003,40.973,37.003,39.063,56016,,,4.1597,hfq
2021-11-18,39.043,40.473,38.563,39.333,53866,,,0.6912,hfq
2021-11-19,39.223,40.343,38.973,39.913,42735,,,1.4746,hfq
2021-11-22,40.293,40.813,39.833,40.383,44942,,,1.1776,hfq
2021-11-23,40.653,40.653,39.633,40.023,35642,,,-0.8915,hfq
2021-11-24,40.013,40.173,39.073,39.323,33062,,,-1.7490,hfq
2021-11-25,39.273,39.843,38.873,39.253,27395,,,-0.1780,hfq
2021-11-26,38.973,39.633,38.793,39.393,21465,,,0.3567,hfq
2021-11-29,38.683,40.593,38.403,40.433,46766,,,2.6401,hfq
2021-11-30,40.413,40.773,39.893,40.673,40053,,,0.5936,hfq
2021-12-01,40.673,40.843,39.323,40.133,32332,,,-1.3277,hfq
2021-12-02,39.873,40.033,38.773,38.783,24973,,,-3.3638,hfq
2021-12-03,38.773,39.253,38.473,39.163,20699,,,0.9798,hfq
2021-12-06,38.833,43.033,38.833,41.303,127387,,,5.4643,hfq
2021-12-07,40.883,41.683,39.323,39.893,77274,,,-3.4138,hfq
2021-12-08,39.943,42.053,39.903,41.413,64987,,,3.8102,hfq
2021-12-09,41.413,41.973,40.613,40.733,41095,,,-1.6420,hfq
2021-12-10,40.733,41.973,39.803,41.863,62539,,,2.7742,hfq
2021-12-24,41.473,41.973,37.723,37.723,98994,,,-9.8894,hfq
2021-12-27,35.613,36.003,34.003,34.443,75125,,,-8.6950,hfq
2021-12-28,34.653,35.023,34.133,35.003,31460,,,1.6259,hfq
2021-12-29,35.223,35.223,33.013,33.573,55822,,,-4.0854,hfq
2021-12-30,33.473,33.873,32.953,33.593,45413,,,0.0596,hfq
2021-12-31,33.593,35.853,33.423,34.633,64205,,,3.0959,hfq
2022-01-04,34.323,35.223,33.933,34.913,38881,,,0.8085,hfq
2022-01-05,35.273,35.273,33.903,34.143,30494,,,-2.2055,hfq
2022-01-06,34.443,34.443,33.633,33.893,26783,,,-0.7322,hfq
2022-01-07,33.843,34.073,33.223,33.373,26483,,,-1.5342,hfq
2022-01-10,33.323,33.323,31.483,32.223,40350,,,-3.4459,hfq
2022-01-11,32.233,32.653,32.173,32.373,19491,,,0.4655,hfq
2022-01-12,32.323,32.783,32.253,32.573,18687,,,0.6178,hfq
2022-01-13,32.473,32.733,31.973,32.093,20394,,,-1.4736,hfq
2022-01-14,32.083,32.233,31.493,32.063,16156,,,-0.0935,hfq
2022-01-17,31.603,32.463,31.573,32.203,18825,,,0.4366,hfq
2022-01-18,32.373,32.383,31.683,31.833,15493,,,-1.1490,hfq
2022-01-19,31.813,32.193,31.603,31.653,18450,,,-0.5655,hfq
2022-01-20,31.683,31.703,30.073,30.073,31646,,,-4.9916,hfq
2022-01-21,30.053,30.333,29.763,29.953,17635,,,-0.3990,hfq
2022-01-24,29.593,30.993,29.593,30.463,20230,,,1.7027,hfq
2022-01-25,30.363,30.583,28.573,28.623,31332,,,-6.0401,hfq
2022-01-26,29.463,29.523,28.513,29.233,20805,,,2.1312,hfq
2022-01-27,29.233,29.373,28.303,28.303,17185,,,-3.1813,hfq
2022-01-28,28.603,29.313,28.193,28.883,17827,,,2.0493,hfq
2022-02-07,28.883,29.453,28.823,28.903,16602,,,0.0692,hfq
2022-02-08,28.723,29.123,28.343,28.713,17326,,,-0.6574,hfq
2022-02-09,28.743,29.093,28.483,28.973,16954,,,0.9055,hfq
2022-02-10,28.983,29.073,28.193,28.443,23439,,,-1.8293,hfq
2022-02-11,28.443,28.443,26.923,27.073,30668,,,-4.8167,hfq
2022-02-14,27.073,27.333,26.513,26.643,16561,,,-1.5883,hfq
2022-02-15,26.553,27.023,26.303,26.843,17122,,,0.7507,hfq
2022-02-16,27.103,27.753,26.973,27.643,21036,,,2.9803,hfq
2022-02-17,27.763,27.963,27.423,27.733,17798,,,0.3256,hfq
2022-02-18,27.733,27.813,27.403,27.573,11805,,,-0.5769,hfq
2022-02-21,27.683,28.653,27.683,28.183,23437,,,2.2123,hfq
2022-02-22,28.173,28.173,27.613,27.913,11663,,,-0.9580,hfq
2022-02-23,27.903,28.723,27.883,28.543,17590,,,2.2570,hfq
2022-02-24,28.483,29.323,27.603,28.023,29695,,,-1.8218,hfq
2022-02-25,28.163,29.453,28.163,29.173,27661,,,4.1038,hfq
2022-02-28,29.163,31.323,28.493,30.863,43181,,,5.7930,hfq
2022-03-01,31.433,31.963,30.323,30.793,41796,,,-0.2268,hfq
2022-03-02,30.873,30.873,29.553,30.293,33759,,,-1.6237,hfq
2022-03-03,30.443,30.663,29.623,29.733,22251,,,-1.8486,hfq
2022-03-04,29.953,29.973,29.253,29.383,22368,,,-1.1771,hfq
2022-03-07,29.143,29.673,28.813,28.863,14951,,,-1.7697,hfq
2022-03-08,28.723,29.073,27.333,28.243,29317,,,-2.1481,hfq
2022-03-09,28.143,28.523,26.473,27.873,19256,,,-1.3101,hfq
2022-03-10,28.503,29.603,28.363,28.953,22191,,,3.8747,hfq
2022-03-11,28.373,28.753,27.673,28.593,18332,,,-1.2434,hfq
2022-03-14,28.473,28.883,27.353,27.453,17356,,,-3.9870,hfq
2022-03-15,27.353,27.653,26.073,26.163,21337,,,-4.6989,hfq
2022-03-16,26.663,27.343,25.243,26.963,24599,,,3.0578,hfq
2022-03-17,27.123,28.183,27.123,27.643,17259,,,2.5220,hfq
2022-03-18,27.643,29.553,27.103,29.373,35634,,,6.2584,hfq
2022-03-21,29.483,29.873,28.873,29.493,34250,,,0.4085,hfq
2022-03-22,29.493,29.673,28.893,29.153,16845,,,-1.1528,hfq
2022-03-23,29.563,29.973,29.083,29.653,20135,,,1.7151,hfq
2022-03-24,29.483,29.863,29.063,29.653,14686,,,0.0000,hfq
2022-03-25,29.913,29.963,28.473,28.473,16053,,,-3.9794,hfq
2022-03-28,28.153,28.353,27.473,28.003,10997,,,-1.6507,hfq
2022-03-29,28.413,28.423,27.173,27.313,10318,,,-2.4640,hfq
2022-03-30,27.783,27.923,27.273,27.803,10073,,,1.7940,hfq
2022-03-31,27.543,27.773,27.043,27.073,10183,,,-2.6256,hfq
2022-04-01,27.523,27.523,26.263,26.373,21545,,,-2.5856,hfq
2022-04-06,26.353,26.573,25.873,26.503,12366,,,0.4929,hfq
2022-04-07,26.173,26.303,25.573,25.573,13020,,,-3.5090,hfq
2022-04-08,25.473,25.853,24.503,24.653,21870,,,-3.5975,hfq
2022-04-11,24.643,24.653,23.073,23.433,16425,,,-4.9487,hfq
2022-04-12,23.423,23.653,22.973,23.623,9204,,,0.8108,hfq
2022-04-13,23.323,23.713,22.593,22.663,13360,,,-4.0638,hfq
2022-04-14,22.703,23.013,22.513,22.553,12599,,,-0.4854,hfq
2022-04-15,22.273,22.273,21.363,21.663,21004,,,-3.9463,hfq
2022-04-18,21.873,22.443,21.293,22.233,12675,,,2.6312,hfq
2022-04-19,22.123,22.873,21.883,21.953,12617,,,-1.2594,hfq
2022-04-20,22.273,22.343,21.553,21.623,11910,,,-1.5032,hfq
2022-04-21,21.533,21.683,20.273,20.393,22066,,,-5.6884,hfq
2022-04-22,20.343,20.573,19.873,20.053,14743,,,-1.6672,hfq
2022-04-25,20.003,20.003,18.223,18.283,19722,,,-8.8266,hfq
2022-04-26,18.663,18.873,17.443,17.493,18554,,,-4.3210,hfq
2022-04-27,17.473,18.823,17.073,18.673,20269,,,6.7456,hfq
2022-04-28,18.733,18.873,18.093,18.273,12053,,,-2.1421,hfq
2022-04-29,18.373,19.183,18.373,19.043,13846,,,4.2139,hfq
2022-05-05,19.043,20.273,18.743,20.063,21289,,,5.3563,hfq
2022-05-06,19.563,19.603,19.103,19.273,18712,,,-3.9376,hfq
2022-05-09,19.263,20.043,19.253,19.803,14023,,,2.7500,hfq
2022-05-10,19.673,20.653,19.343,20.403,14428,,,3.0298,hfq
2022-05-11,20.493,21.393,20.403,20.733,19234,,,1.6174,hfq
2022-05-12,20.613,21.103,20.473,20.683,11700,,,-0.2412,hfq
2022-05-13,21.973,22.073,20.943,21.233,28036,,,2.6592,hfq
2022-05-16,21.233,21.573,20.743,20.923,18557,,,-1.4600,hfq
2022-05-17,20.913,22.963,20.643,22.963,35819,,,9.7500,hfq
2022-05-18,23.803,24.643,22.603,23.253,80093,,,1.2629,hfq
2022-05-19,22.533,24.633,22.303,24.223,74931,,,4.1715,hfq
2022-05-20,24.433,26.563,23.853,25.903,84258,,,6.9356,hfq
2022-05-23,26.043,28.443,25.363,28.443,90318,,,9.8058,hfq
2022-05-24,28.313,30.403,26.423,26.443,108600,,,-7.0316,hfq
2022-05-25,26.443,27.393,24.583,26.703,79164,,,0.9832,hfq
2022-05-26,26.693,26.733,25.633,25.773,53033,,,-3.4828,hfq
2022-05-27,26.173,26.493,25.373,25.563,30805,,,-0.8148,hfq
2022-05-30,25.933,27.533,25.933,27.103,59314,,,6.0243,hfq
2022-05-31,27.423,28.283,27.153,27.793,71228,,,2.5458,hfq
2022-06-01,27.333,27.883,26.943,27.233,39652,,,-2.0149,hfq
2022-06-02,27.283,27.773,26.983,27.753,43258,,,1.9094,hfq
2022-06-06,27.503,30.473,27.333,30.473,144497,,,9.8007,hfq
2022-06-07,32.233,33.413,31.133,31.653,163485,,,3.8723,hfq
2022-06-08,31.613,32.033,29.533,30.443,110536,,,-3.8227,hfq
2022-06-09,31.313,31.433,28.803,28.863,61958,,,-5.1900,hfq
2022-06-10,28.663,29.733,28.333,29.443,62196,,,2.0095,hfq
2022-06-13,29.533,30.013,27.563,29.033,123190,,,-1.3925,hfq
2022-06-14,28.123,28.833,27.663,28.313,55666,,,-2.4799,hfq
2022-06-15,28.033,28.633,27.413,27.713,50775,,,-2.1192,hfq
2022-06-16,27.723,29.223,27.503,28.393,63278,,,2.4537,hfq
2022-06-17,28.333,29.333,28.033,28.963,54473,,,2.0075,hfq
2022-06-20,28.963,31.323,28.393,30.663,96500,,,5.8696,hfq
2022-06-21,30.643,30.643,29.293,29.683,61505,,,-3.1960,hfq
2022-06-22,29.403,30.413,28.713,28.723,54544,,,-3.2342,hfq
2022-06-23,28.723,31.303,28.333,30.933,114245,,,7.6942,hfq
2022-06-24,33.973,33.973,33.973,33.973,31613,,,9.8277,hfq
2022-06-27,37.313,37.313,37.313,37.313,5695,,,9.8313,hfq
2022-06-28,40.993,40.993,40.993,40.993,15914,,,9.8625,hfq
2022-06-29,45.043,45.043,44.843,45.043,226130,,,9.8797,hfq
2022-06-30,42.533,45.023,40.593,40.593,402007,,,-9.8794,hfq
2022-07-01,39.053,42.833,37.563,41.333,333600,,,1.8230,hfq
2022-07-04,40.723,45.413,40.343,44.333,390136,,,7.2581,hfq
2022-07-05,43.573,46.533,41.333,42.903,305009,,,-3.2256,hfq
2022-07-06,42.423,42.903,39.833,40.543,204534,,,-5.5008,hfq
2022-07-07,40.213,43.333,40.213,42.283,178182,,,4.2917,hfq
2022-07-08,41.533,46.463,40.033,44.133,238812,,,4.3753,hfq
2022-07-11,45.433,46.283,43.083,44.933,185292,,,1.8127,hfq
2022-07-12,44.143,46.013,41.033,42.063,170699,,,-6.3873,hfq
2022-07-13,42.483,46.213,41.023,46.213,185028,,,9.8662,hfq
2022-07-14,47.053,47.333,43.423,45.033,189500,,,-2.5534,hfq
2022-07-15,44.713,49.483,44.683,48.533,294336,,,7.7721,hfq
2022-07-18,49.063,50.733,47.543,50.133,207799,,,3.2967,hfq
2022-07-19,49.033,50.083,46.933,47.183,166084,,,-5.8843,hfq
2022-07-20,47.183,47.493,44.943,45.643,181365,,,-3.2639,hfq
2022-07-21,44.843,47.033,44.733,45.413,124956,,,-0.5039,hfq
2022-07-22,45.333,47.003,44.233,46.133,119962,,,1.5854,hfq
2022-07-25,45.973,45.973,41.573,41.573,120924,,,-9.8845,hfq
2022-07-26,40.143,42.513,39.333,42.113,123345,,,1.2989,hfq
2022-07-27,42.433,43.783,41.523,42.583,99681,,,1.1160,hfq
2022-07-28,44.033,45.103,42.893,43.113,102883,,,1.2446,hfq
2022-07-29,45.383,46.613,44.843,46.073,152575,,,6.8657,hfq
2022-08-01,45.413,46.283,42.133,44.513,140404,,,-3.3859,hfq
2022-08-02,43.043,46.093,42.333,43.973,133102,,,-1.2131,hfq
2022-08-03,43.823,45.733,40.693,41.133,131803,,,-6.4585,hfq
2022-08-04,41.113,42.883,40.343,41.633,107898,,,1.2156,hfq
2022-08-05,42.433,45.743,42.433,44.283,179536,,,6.3651,hfq
2022-08-08,43.363,45.113,43.063,44.463,118875,,,0.4065,hfq
2022-08-09,44.153,48.853,43.783,48.853,245605,,,9.8734,hfq
2022-08-10,48.533,49.713,46.663,48.033,210437,,,-1.6785,hfq
2022-08-11,48.023,48.533,45.933,46.923,124672,,,-2.3109,hfq
2022-08-12,46.913,46.913,45.343,45.483,87627,,,-3.0689,hfq
2022-08-15,43.533,45.273,43.043,44.903,120318,,,-1.2752,hfq
2022-08-16,45.243,46.053,44.463,45.473,128068,,,1.2694,hfq
2022-08-17,44.933,48.003,44.593,45.743,159749,,,0.5938,hfq
2022-08-18,45.733,47.173,45.033,46.683,138344,,,2.0550,hfq
2022-08-19,46.533,46.693,42.973,43.043,146329,,,-7.7973,hfq
2022-08-22,42.213,43.843,41.993,43.273,63895,,,0.5343,hfq
2022-08-23,42.823,44.333,42.563,42.973,68381,,,-0.6933,hfq
2022-08-24,43.463,43.463,40.463,40.483,97583,,,-5.7943,hfq
2022-08-25,40.533,41.413,38.033,38.533,110058,,,-4.8168,hfq
2022-08-26,38.443,40.003,38.443,38.773,73952,,,0.6228,hfq
2022-08-29,37.563,40.283,37.553,39.833,66178,,,2.7339,hfq
2022-08-30,40.003,40.003,38.663,38.733,51646,,,-2.7615,hfq
2022-08-31,38.583,39.133,36.083,36.213,79126,,,-6.5061,hfq
2022-09-01,36.673,36.813,35.033,35.483,80410,,,-2.0159,hfq
2022-09-02,35.713,36.513,34.493,36.063,62188,,,1.6346,hfq
2022-09-05,35.733,37.023,35.723,36.033,46150,,,-0.0832,hfq
2022-09-06,35.933,37.283,35.253,37.083,69559,,,2.9140,hfq
2022-09-07,37.083,38.183,36.933,37.763,56836,,,1.8337,hfq
2022-09-08,38.133,38.433,37.103,37.313,40742,,,-1.1916,hfq
2022-09-09,37.013,37.423,36.033,36.333,53862,,,-2.6264,hfq
2022-09-13,36.543,36.933,35.633,36.393,37062,,,0.1651,hfq
2022-09-14,35.923,37.033,35.453,36.013,40020,,,-1.0442,hfq
2022-09-15,36.193,36.193,33.233,33.933,71233,,,-5.7757,hfq
2022-09-16,33.663,34.453,33.333,33.403,38177,,,-1.5619,hfq
2022-09-19,33.213,34.003,32.613,33.063,40701,,,-1.0179,hfq
2022-09-20,33.413,34.363,33.133,33.783,45613,,,2.1777,hfq
2022-09-21,33.783,33.783,32.913,33.633,44368,,,-0.4440,hfq
2022-09-22,33.473,36.023,33.043,34.133,90402,,,1.4866,hfq
2022-09-23,35.053,35.633,32.653,33.103,112149,,,-3.0176,hfq
2022-09-26,31.633,33.673,31.623,33.113,83867,,,0.0302,hfq
2022-09-27,33.113,34.303,32.733,33.453,59875,,,1.0268,hfq
2022-09-28,33.533,33.703,31.993,32.313,58334,,,-3.4078,hfq
2022-09-29,32.383,32.723,31.303,32.423,50318,,,0.3404,hfq
2022-09-30,32.083,32.263,30.723,30.993,43091,,,-4.4104,hfq
2022-10-10,30.993,31.333,29.703,30.093,55590,,,-2.9039,hfq
2022-10-11,30.083,30.783,29.893,30.413,40608,,,1.0634,hfq
2022-10-12,30.643,31.383,29.333,31.353,58885,,,3.0908,hfq
2022-10-13,31.353,32.053,31.003,31.303,45502,,,-0.1595,hfq
2022-10-14,31.703,32.803,30.803,32.563,77721,,,4.0252,hfq
2022-10-17,32.143,32.483,31.113,32.033,62072,,,-1.6276,hfq
2022-10-18,32.173,32.243,31.503,32.003,49906,,,-0.0937,hfq
2022-10-19,31.773,32.233,31.243,31.373,37940,,,-1.9686,hfq
2022-10-20,31.363,31.363,29.833,30.383,61264,,,-3.1556,hfq
2022-10-21,30.603,31.033,30.333,30.553,35096,,,0.5595,hfq
2022-10-24,30.503,31.013,29.593,29.813,46315,,,-2.4220,hfq
2022-10-25,29.823,31.363,29.353,30.803,59715,,,3.3207,hfq
2022-10-26,30.433,31.323,29.753,31.323,78054,,,1.6881,hfq
2022-10-27,33.023,33.713,30.843,31.203,165432,,,-0.3831,hfq
2022-10-28,30.843,31.653,28.633,28.753,107101,,,-7.8518,hfq
2022-10-31,28.753,29.923,28.673,29.403,81851,,,2.2606,hfq
2022-11-01,29.593,31.303,29.593,31.013,78341,,,5.4756,hfq
2022-11-02,31.013,33.683,30.603,32.833,132632,,,5.8685,hfq
2022-11-03,32.933,35.663,32.733,34.833,135808,,,6.0914,hfq
2022-11-04,34.843,36.083,34.493,35.193,117593,,,1.0335,hfq
2022-11-07,35.033,36.833,34.933,36.133,115074,,,2.6710,hfq
2022-11-08,36.133,36.373,34.713,35.123,75403,,,-2.7952,hfq
2022-11-09,35.233,35.833,34.623,34.803,60744,,,-0.9111,hfq
2022-11-10,35.733,35.773,33.253,33.633,80566,,,-3.3618,hfq
2022-11-11,34.553,35.143,32.633,32.923,92502,,,-2.1110,hfq
2022-11-14,32.673,33.003,31.633,31.833,64172,,,-3.3108,hfq
2022-11-15,32.063,32.893,31.703,32.833,62722,,,3.1414,hfq
2022-11-16,32.713,32.833,31.473,31.743,61072,,,-3.3198,hfq
2022-11-17,31.613,31.613,30.673,31.113,41779,,,-1.9847,hfq
2022-11-18,31.113,31.483,30.473,30.483,51573,,,-2.0249,hfq
2022-11-21,30.473,31.033,30.233,31.013,44097,,,1.7387,hfq
2022-11-22,31.193,31.203,29.593,29.943,57889,,,-3.4502,hfq
2022-11-23,29.833,30.523,29.223,30.423,55555,,,1.6030,hfq
2022-11-24,30.523,30.783,30.183,30.383,38371,,,-0.1315,hfq
2022-11-25,30.513,30.513,29.613,29.683,32590,,,-2.3039,hfq
2022-11-28,29.353,29.613,29.093,29.443,26095,,,-0.8085,hfq
2022-11-29,29.413,29.743,29.233,29.553,35494,,,0.3736,hfq
2022-11-30,29.633,29.983,29.363,29.483,46439,,,-0.2369,hfq
2022-12-01,29.773,30.793,29.773,30.693,82796,,,4.1041,hfq
2022-12-02,30.533,30.893,30.173,30.463,62991,,,-0.7494,hfq
2022-12-05,30.203,30.453,29.433,30.013,56335,,,-1.4772,hfq
2022-12-06,30.043,30.423,29.643,30.073,54766,,,0.1999,hfq
2022-12-07,30.083,30.633,29.633,30.413,59539,,,1.1306,hfq
2022-12-08,30.703,30.823,30.113,30.143,52018,,,-0.8878,hfq
2022-12-09,30.143,30.293,29.543,29.913,33811,,,-0.7630,hfq
2022-12-12,29.923,30.123,29.333,29.673,31409,,,-0.8023,hfq
2022-12-13,29.733,29.863,29.213,29.433,25833,,,-0.8088,hfq
2022-12-14,29.333,29.703,28.933,29.133,34405,,,-1.0193,hfq
2022-12-15,29.083,30.043,28.813,29.923,36577,,,2.7117,hfq
2022-12-16,29.823,29.833,29.183,29.683,32885,,,-0.8021,hfq
2022-12-19,29.733,31.383,29.613,29.833,72117,,,0.5053,hfq
2022-12-20,29.633,30.393,29.103,29.633,42373,,,-0.6704,hfq
2022-12-21,32.543,32.543,32.543,32.543,47586,,,9.8201,hfq
2022-12-22,32.543,32.823,31.223,31.583,170181,,,-2.9499,hfq
2022-12-23,31.033,32.513,30.483,31.833,118836,,,0.7916,hfq
2022-12-26,31.203,34.683,30.783,33.353,154497,,,4.7749,hfq
2022-12-27,32.823,33.773,32.423,32.883,109477,,,-1.4092,hfq
2022-12-28,32.823,32.863,31.533,31.713,84185,,,-3.5581,hfq
2022-12-29,31.533,32.013,30.803,30.903,66153,,,-2.5542,hfq
2022-12-30,31.133,31.603,30.393,30.673,61512,,,-0.7443,hfq
2023-01-03,30.683,31.513,30.483,31.353,49634,,,2.2169,hfq
2023-01-04,31.273,31.733,30.913,31.203,51647,,,-0.4784,hfq
2023-01-05,31.213,31.983,31.033,31.563,63161,,,1.1537,hfq
2023-01-06,31.593,33.523,31.583,32.533,133025,,,3.0732,hfq
2023-01-09,32.733,33.033,31.583,32.253,85216,,,-0.8607,hfq
2023-01-10,32.163,32.733,31.793,31.893,56394,,,-1.1162,hfq
2023-01-11,31.933,32.613,31.353,32.503,75757,,,1.9126,hfq
2023-01-12,32.513,32.883,32.043,32.063,67246,,,-1.3537,hfq
2023-01-13,32.133,32.273,30.433,30.733,79774,,,-4.1481,hfq
2023-01-16,30.713,31.783,30.383,31.113,57309,,,1.2365,hfq
2023-01-17,31.183,33.543,31.143,32.383,102540,,,4.0819,hfq
2023-01-18,32.433,32.543,31.833,31.973,47326,,,-1.2661,hfq
2023-01-19,31.673,31.863,31.243,31.733,40194,,,-0.7506,hfq
2023-01-20,31.933,32.423,31.753,32.383,47518,,,2.0483,hfq
2023-01-30,32.833,33.033,32.383,32.443,63406,,,0.1853,hfq
2023-01-31,32.403,33.463,32.193,33.183,79404,,,2.2809,hfq
2023-02-01,33.133,34.683,33.133,34.513,130648,,,4.0081,hfq
2023-02-02,34.433,34.673,34.083,34.113,73248,,,-1.1590,hfq
2023-02-03,34.033,34.033,33.223,33.693,58117,,,-1.2312,hfq
2023-02-06,33.513,33.633,33.053,33.253,45535,,,-1.3059,hfq
2023-02-07,33.253,33.883,33.253,33.603,46988,,,1.0525,hfq
2023-02-08,33.593,36.913,33.093,36.133,314024,,,7.5291,hfq
2023-02-09,36.233,37.033,35.523,36.573,231743,,,1.2177,hfq
2023-02-10,36.583,36.703,35.103,35.803,143433,,,-2.1054,hfq
2023-02-13,35.803,36.213,35.623,35.753,81850,,,-0.1397,hfq
2023-02-14,35.893,38.473,35.763,36.503,180530,,,2.0977,hfq
2023-02-15,36.413,36.793,35.913,36.283,87836,,,-0.6027,hfq
2023-02-16,35.993,36.393,34.183,34.273,107480,,,-5.5398,hfq
2023-02-17,34.423,36.473,34.303,35.633,117273,,,3.9681,hfq
2023-02-20,36.033,36.403,35.253,35.643,80004,,,0.0281,hfq
2023-02-21,35.373,37.633,34.733,37.493,188706,,,5.1904,hfq
2023-02-22,37.053,37.473,36.603,36.733,94224,,,-2.0270,hfq
2023-02-23,36.553,37.633,36.553,37.273,103222,,,1.4701,hfq
2023-02-24,37.353,37.833,36.143,36.683,71816,,,-1.5829,hfq
2023-02-27,36.663,37.733,36.133,37.163,84096,,,1.3085,hfq
2023-02-28,36.763,36.863,35.803,36.333,80842,,,-2.2334,hfq
2023-03-01,36.443,36.463,35.233,35.923,84135,,,-1.1285,hfq
2023-03-02,34.753,35.433,33.133,33.413,153701,,,-6.9872,hfq
2023-03-03,33.163,33.673,32.683,33.613,76376,,,0.5986,hfq
2023-03-06,33.313,34.083,33.163,33.793,60191,,,0.5355,hfq
2023-03-07,33.853,33.883,32.603,32.603,52519,,,-3.5214,hfq
2023-03-08,32.603,32.993,32.213,32.513,40256,,,-0.2760,hfq
2023-03-09,32.323,32.503,32.013,32.053,32659,,,-1.4148,hfq
2023-03-10,31.993,31.993,31.423,31.513,35655,,,-1.6847,hfq
2023-03-13,31.373,31.723,31.163,31.463,28213,,,-0.1587,hfq
2023-03-14,31.463,31.513,30.333,30.643,43280,,,-2.6062,hfq
2023-03-15,30.933,31.343,30.733,30.753,24263,,,0.3590,hfq
2023-03-16,30.733,30.913,30.193,30.273,27768,,,-1.5608,hfq
2023-03-17,30.493,30.603,30.013,30.173,35020,,,-0.3303,hfq
2023-03-20,30.113,30.883,29.823,30.623,36804,,,1.4914,hfq
2023-03-21,30.443,31.093,30.363,31.093,30797,,,1.5348,hfq
2023-03-22,31.123,31.513,30.833,31.123,28857,,,0.0965,hfq
2023-03-23,31.123,31.433,30.833,30.983,23858,,,-0.4498,hfq
2023-03-24,31.043,31.403,30.933,31.143,28227,,,0.5164,hfq
2023-03-27,31.043,31.553,30.613,31.453,43384,,,0.9954,hfq
2023-03-28,31.473,31.473,30.713,30.743,30019,,,-2.2573,hfq
2023-03-29,31.043,31.363,30.803,30.843,27427,,,0.3253,hfq
2023-03-30,30.793,31.093,30.503,30.863,25147,,,0.0648,hfq
2023-03-31,31.013,31.393,30.813,31.203,26910,,,1.1016,hfq
2023-04-03,31.033,31.343,30.833,31.213,30999,,,0.0320,hfq
2023-04-04,31.133,31.133,30.333,30.343,41802,,,-2.7873,hfq
2023-04-06,30.423,30.723,30.183,30.463,27412,,,0.3955,hfq
2023-04-07,30.473,30.833,30.423,30.453,23606,,,-0.0328,hfq
2023-04-10,30.823,31.513,30.513,31.313,58260,,,2.8240,hfq
2023-04-11,31.403,31.403,30.733,30.963,29653,,,-1.1177,hfq
2023-04-12,30.843,30.983,30.513,30.573,25884,,,-1.2596,hfq
2023-04-13,30.723,30.913,30.253,30.323,23835,,,-0.8177,hfq
2023-04-14,30.183,30.513,30.183,30.383,16085,,,0.1979,hfq
2023-04-17,30.383,30.733,30.333,30.503,18139,,,0.3950,hfq
2023-04-18,30.363,30.643,30.213,30.443,18993,,,-0.1967,hfq
2023-04-19,30.343,30.503,29.533,29.533,34904,,,-2.9892,hfq
2023-04-20,29.413,29.493,28.563,28.683,32553,,,-2.8781,hfq
2023-04-21,28.823,29.213,27.753,27.763,31668,,,-3.2075,hfq
2023-04-24,27.763,28.173,27.253,27.823,24975,,,0.2161,hfq
2023-04-25,27.803,28.003,26.483,26.803,29656,,,-3.6660,hfq
2023-04-26,26.633,28.303,26.633,28.113,37451,,,4.8875,hfq
2023-04-27,28.163,28.243,27.623,27.713,24753,,,-1.4228,hfq
2023-04-28,27.623,28.143,27.463,27.813,22792,,,0.3608,hfq
2023-05-04,27.713,28.283,27.533,27.873,19841,,,0.2157,hfq
2023-05-05,28.113,28.113,27.323,27.403,20784,,,-1.6862,hfq
2023-05-08,27.403,28.013,27.403,27.663,16158,,,0.9488,hfq
2023-05-09,27.483,27.653,27.113,27.123,15699,,,-1.9521,hfq
2023-05-10,27.123,27.763,26.883,27.483,17125,,,1.3273,hfq
2023-05-11,27.353,27.933,27.353,27.743,15154,,,0.9460,hfq
2023-05-12,27.613,27.913,27.063,27.063,16607,,,-2.4511,hfq
2023-05-15,27.063,27.833,27.063,27.833,25756,,,2.8452,hfq
2023-05-16,27.933,28.133,27.673,27.783,18066,,,-0.1796,hfq
2023-05-17,27.773,28.033,27.653,28.023,15988,,,0.8638,hfq
2023-05-18,27.993,28.003,27.653,27.793,13347,,,-0.8208,hfq
2023-05-19,27.643,27.893,27.573,27.803,9371,,,0.0360,hfq
2023-05-22,27.823,28.333,27.713,28.213,19218,,,1.4747,hfq
2023-05-23,28.173,29.243,28.153,28.553,39600,,,1.2051,hfq
2023-05-24,28.383,29.113,28.033,28.753,35757,,,0.7005,hfq
2023-05-25,28.733,29.313,28.333,29.283,45530,,,1.8433,hfq
2023-05-26,29.133,29.183,28.043,28.423,36635,,,-2.9369,hfq
2023-05-29,28.423,28.433,27.543,27.573,28349,,,-2.9905,hfq
2023-05-30,27.607,27.867,27.077,27.667,20818,,,0.3409,hfq
2023-05-31,27.547,28.727,27.237,28.037,25267,,,1.3373,hfq
2023-06-01,27.767,28.027,27.497,27.667,18564,,,-1.3197,hfq
2023-06-02,27.667,28.177,27.667,28.057,19452,,,1.4096,hfq
2023-06-05,28.027,28.217,27.527,27.587,17033,,,-1.6752,hfq
2023-06-06,27.557,27.687,26.727,26.757,23364,,,-3.0087,hfq
2023-06-07,26.657,26.847,26.277,26.287,17081,,,-1.7565,hfq
2023-06-08,26.287,26.517,25.827,25.857,22963,,,-1.6358,hfq
2023-06-09,25.877,26.107,25.277,25.727,22369,,,-0.5028,hfq
2023-06-12,25.727,26.487,25.627,26.247,20533,,,2.0212,hfq
2023-06-13,26.227,26.557,26.077,26.127,13049,,,-0.4572,hfq
2023-06-14,26.217,26.257,25.627,25.637,17366,,,-1.8755,hfq
2023-06-15,25.517,26.527,25.517,26.487,32082,,,3.3155,hfq
2023-06-16,26.427,26.777,26.387,26.727,21946,,,0.9061,hfq
2023-06-19,26.727,27.107,26.557,26.747,18712,,,0.0748,hfq
2023-06-20,26.897,26.897,26.387,26.597,16501,,,-0.5608,hfq
2023-06-21,26.517,26.997,26.227,26.247,14478,,,-1.3159,hfq
2023-06-26,26.067,26.517,25.817,26.087,15344,,,-0.6096,hfq
2023-06-27,26.137,26.897,25.927,26.677,16668,,,2.2617,hfq
2023-06-28,26.577,27.027,26.477,26.857,20674,,,0.6747,hfq
2023-06-29,26.777,29.227,26.697,28.607,95645,,,6.5160,hfq
2023-06-30,28.257,29.127,28.257,28.667,67689,,,0.2097,hfq
2023-07-03,28.547,31.457,28.547,31.457,152113,,,9.7324,hfq
2023-07-04,30.207,31.337,30.037,30.247,129232,,,-3.8465,hfq
2023-07-05,30.097,30.377,29.677,29.717,57464,,,-1.7522,hfq
2023-07-06,29.727,29.807,29.157,29.377,40191,,,-1.1441,hfq
2023-07-07,29.307,29.547,28.987,29.117,31269,,,-0.8850,hfq
2023-07-10,29.177,29.717,29.147,29.327,44860,,,0.7212,hfq
2023-07-11,29.307,29.317,28.607,28.887,37667,,,-1.5003,hfq
2023-07-12,28.847,29.307,28.557,28.907,36637,,,0.0692,hfq
2023-07-13,29.017,29.857,28.867,29.857,65946,,,3.2864,hfq
2023-07-14,29.727,29.727,28.727,28.817,47788,,,-3.4833,hfq
2023-07-17,28.817,29.097,28.477,28.957,19905,,,0.4858,hfq
2023-07-18,28.817,30.527,28.477,30.217,89266,,,4.3513,hfq
2023-07-19,30.027,30.077,29.307,29.377,47294,,,-2.7799,hfq
2023-07-20,29.327,29.907,29.007,29.127,33571,,,-0.8510,hfq
2023-07-21,28.967,29.027,27.557,27.657,50085,,,-5.0469,hfq
2023-07-24,27.237,27.727,27.087,27.337,16360,,,-1.1570,hfq
2023-07-25,27.377,27.967,27.377,27.887,17759,,,2.0119,hfq
2023-07-26,27.917,28.497,27.737,27.977,20090,,,0.3227,hfq
2023-07-27,28.027,28.247,27.517,27.607,15781,,,-1.3225,hfq
2023-07-28,27.527,27.897,27.197,27.827,13641,,,0.7969,hfq
2023-07-31,27.887,28.157,27.767,27.777,16073,,,-0.1797,hfq
2023-08-01,27.727,27.967,27.547,27.697,11383,,,-0.2880,hfq
2023-08-02,27.627,27.827,27.537,27.657,10720,,,-0.1444,hfq
2023-08-03,27.627,28.177,27.567,27.947,16433,,,1.0486,hfq
2023-08-04,27.947,28.167,27.757,28.027,16979,,,0.2863,hfq
2023-08-07,27.977,28.107,27.747,27.797,11918,,,-0.8206,hfq
2023-08-08,27.867,28.017,27.617,27.657,8804,,,-0.5037,hfq
2023-08-09,27.547,28.687,26.977,28.017,38273,,,1.3017,hfq
2023-08-10,27.777,28.147,27.747,27.867,15733,,,-0.5354,hfq
2023-08-11,27.877,28.047,27.307,27.307,12970,,,-2.0095,hfq
2023-08-14,27.077,27.567,27.067,27.547,10133,,,0.8789,hfq
2023-08-15,27.477,27.607,26.847,26.927,12381,,,-2.2507,hfq
2023-08-16,26.927,27.227,26.527,26.527,9672,,,-1.4855,hfq
2023-08-17,26.507,27.227,26.257,27.127,12541,,,2.2618,hfq
2023-08-18,27.147,27.277,26.687,26.787,9343,,,-1.2534,hfq
2023-08-21,26.847,27.077,26.517,26.517,8243,,,-1.0080,hfq
2023-08-22,26.527,26.827,25.837,26.267,13602,,,-0.9428,hfq
2023-08-23,26.177,26.447,25.847,25.867,7824,,,-1.5228,hfq
2023-08-24,26.207,26.327,25.687,25.917,10267,,,0.1933,hfq
2023-08-25,25.807,26.087,25.377,25.377,11288,,,-2.0836,hfq
2023-08-28,26.427,26.627,25.527,25.707,15112,,,1.3004,hfq
2023-08-29,25.707,26.497,25.707,26.487,13012,,,3.0342,hfq
2023-08-30,26.567,27.207,26.527,27.127,20298,,,2.4163,hfq
2023-08-31,27.007,27.007,26.177,26.387,20519,,,-2.7279,hfq
2023-09-01,26.467,26.607,26.027,26.217,10860,,,-0.6443,hfq
2023-09-04,26.317,26.977,26.177,26.637,11596,,,1.6020,hfq
2023-09-05,26.727,27.117,26.507,26.947,19382,,,1.1638,hfq
2023-09-06,26.927,27.027,26.587,26.787,12006,,,-0.5938,hfq
2023-09-07,26.697,26.817,26.157,26.157,10742,,,-2.3519,hfq
2023-09-08,26.207,26.407,26.007,26.307,6610,,,0.5735,hfq
2023-09-11,26.287,26.707,26.137,26.467,8670,,,0.6082,hfq
2023-09-12,26.327,26.677,26.247,26.587,8375,,,0.4534,hfq
2023-09-13,26.567,26.567,25.857,25.997,10096,,,-2.2191,hfq
2023-09-14,26.027,26.187,25.417,25.457,10609,,,-2.0772,hfq
2023-09-15,25.867,26.077,25.477,25.727,10600,,,1.0606,hfq
2023-09-18,25.567,26.207,25.477,26.007,11436,,,1.0884,hfq
2023-09-19,26.227,26.327,25.517,25.567,8995,,,-1.6919,hfq
2023-09-20,25.567,25.687,25.377,25.447,6700,,,-0.4694,hfq
2023-09-21,25.447,25.567,25.037,25.067,8073,,,-1.4933,hfq
2023-09-22,25.157,25.707,25.057,25.647,10846,,,2.3138,hfq
2023-09-25,25.797,25.857,25.387,25.557,7503,,,-0.3509,hfq
2023-09-26,25.487,25.727,25.177,25.187,7435,,,-1.4477,hfq
2023-09-27,25.127,25.987,25.067,25.547,12914,,,1.4293,hfq
2023-09-28,25.557,25.877,25.557,25.767,7958,,,0.8612,hfq
2023-10-09,25.817,25.987,25.617,25.857,7798,,,0.3493,hfq
2023-10-10,25.857,26.047,25.567,25.627,8691,,,-0.8895,hfq
2023-10-11,25.627,26.127,25.557,25.837,10881,,,0.8194,hfq
2023-10-12,26.007,26.177,25.737,26.157,14020,,,1.2385,hfq
2023-10-13,26.007,26.107,25.667,25.697,9824,,,-1.7586,hfq
2023-10-16,25.997,27.927,25.537,26.947,57480,,,4.8644,hfq
2023-10-17,26.947,28.727,26.897,27.897,84076,,,3.5254,hfq
2023-10-18,26.827,28.227,26.527,27.827,63728,,,-0.2509,hfq
2023-10-19,27.957,29.677,27.607,29.047,115330,,,4.3842,hfq
2023-10-20,28.447,28.757,27.457,27.517,75075,,,-5.2673,hfq
2023-10-23,26.937,27.117,26.047,26.427,42511,,,-3.9612,hfq
2023-10-24,26.597,27.677,26.137,27.377,41714,,,3.5948,hfq
2023-10-25,26.927,28.227,26.837,27.687,35350,,,1.1323,hfq
2023-10-26,27.627,27.627,26.557,27.127,37960,,,-2.0226,hfq
2023-10-27,27.177,27.977,26.827,27.767,42902,,,2.3593,hfq
2023-10-30,27.417,28.287,27.237,27.877,37028,,,0.3962,hfq
2023-10-31,27.927,28.507,27.887,28.207,46722,,,1.1838,hfq
2023-11-01,27.937,28.027,27.437,27.757,25382,,,-1.5953,hfq
2023-11-02,27.747,27.877,27.127,27.127,25434,,,-2.2697,hfq
2023-11-03,27.217,28.117,27.217,28.027,40625,,,3.3177,hfq
2023-11-06,27.867,28.427,27.867,28.417,36966,,,1.3915,hfq
2023-11-07,28.377,28.587,28.067,28.287,27271,,,-0.4575,hfq
2023-11-08,28.857,29.117,28.137,28.707,63628,,,1.4848,hfq
2023-11-09,28.537,29.077,28.327,28.697,47656,,,-0.0348,hfq
2023-11-10,28.347,28.627,28.087,28.157,34279,,,-1.8817,hfq
2023-11-13,28.157,28.577,28.157,28.407,24034,,,0.8879,hfq
2023-11-14,28.277,28.597,28.137,28.307,22454,,,-0.3520,hfq
2023-11-15,28.497,29.727,28.347,29.177,72228,,,3.0734,hfq
2023-11-16,29.127,29.197,28.277,28.327,46717,,,-2.9133,hfq
2023-11-17,28.127,28.457,28.067,28.277,24223,,,-0.1765,hfq
2023-11-20,28.177,28.527,28.047,28.467,21435,,,0.6719,hfq
2023-11-21,28.357,28.487,27.897,27.997,22290,,,-1.6510,hfq
2023-11-22,27.737,28.137,27.357,27.367,25781,,,-2.2502,hfq
2023-11-23,27.327,27.607,27.287,27.567,14082,,,0.7308,hfq
2023-11-24,27.577,27.657,27.067,27.127,14077,,,-1.5961,hfq
2023-11-27,27.327,27.707,27.007,27.627,20535,,,1.8432,hfq
2023-11-28,27.747,27.767,27.407,27.657,10720,,,0.1086,hfq
2023-11-29,27.577,27.897,27.557,27.677,13213,,,0.0723,hfq
2023-11-30,27.567,27.927,27.187,27.437,13101,,,-0.8671,hfq
2023-12-01,27.437,27.617,27.227,27.487,11625,,,0.1822,hfq
2023-12-04,27.487,27.527,27.197,27.197,11253,,,-1.0550,hfq
2023-12-05,27.197,27.227,26.627,26.717,16406,,,-1.7649,hfq
2023-12-06,26.587,27.027,26.517,26.757,17314,,,0.1497,hfq
2023-12-07,26.847,26.877,26.487,26.697,11183,,,-0.2242,hfq
2023-12-08,26.697,26.927,26.497,26.497,10859,,,-0.7491,hfq
2023-12-11,26.587,26.717,26.127,26.707,10464,,,0.7925,hfq
2023-12-12,26.837,26.897,26.457,26.617,7559,,,-0.3370,hfq
2023-12-13,26.677,26.767,26.367,26.507,9711,,,-0.4133,hfq
2023-12-14,26.637,26.747,26.377,26.397,9009,,,-0.4150,hfq
2023-12-15,26.597,26.757,26.377,26.427,9407,,,0.1136,hfq
2023-12-18,26.337,27.247,25.947,25.997,25371,,,-1.6271,hfq
2023-12-19,25.597,26.327,25.527,25.927,19892,,,-0.2693,hfq
2023-12-20,25.927,26.077,25.687,25.687,11623,,,-0.9257,hfq
2023-12-21,25.867,26.427,25.487,26.307,18266,,,2.4137,hfq
2023-12-22,26.287,26.577,25.997,26.207,21561,,,-0.3801,hfq
2023-12-25,26.507,26.607,25.947,26.337,16641,,,0.4961,hfq
2023-12-26,26.177,26.647,26.047,26.177,18105,,,-0.6075,hfq
2023-12-27,25.927,26.157,25.397,25.877,19394,,,-1.1460,hfq
2023-12-28,26.017,27.477,25.647,27.347,48971,,,5.6807,hfq
2023-12-29,27.317,27.527,27.037,27.477,33543,,,0.4754,hfq
2024-01-02,27.447,27.507,27.227,27.337,17274,,,-0.5095,hfq
2024-01-03,27.357,27.507,27.117,27.427,17678,,,0.3292,hfq
2024-01-04,27.337,27.347,27.027,27.147,13416,,,-1.0209,hfq
2024-01-05,27.137,27.407,26.537,26.677,14814,,,-1.7313,hfq
2024-01-08,26.817,26.977,26.227,26.227,14055,,,-1.6868,hfq
2024-01-09,26.197,26.867,25.977,26.387,15450,,,0.6101,hfq
2024-01-10,26.297,26.807,26.007,26.387,20577,,,0.0000,hfq
2024-01-11,26.387,26.887,26.117,26.707,17068,,,1.2127,hfq
2024-01-12,26.927,27.917,26.597,27.137,39576,,,1.6101,hfq
2024-01-15,27.237,27.807,27.077,27.367,31679,,,0.8476,hfq
2024-01-16,27.177,27.887,26.937,27.617,38078,,,0.9135,hfq
2024-01-17,27.327,27.417,26.347,26.347,34196,,,-4.5986,hfq
2024-01-18,26.177,26.717,25.727,26.467,30181,,,0.4555,hfq
2024-01-19,26.627,26.627,25.407,25.427,25048,,,-3.9294,hfq
2024-01-22,25.337,25.427,23.247,23.557,37435,,,-7.3544,hfq
2024-01-23,23.557,24.557,23.287,24.127,29513,,,2.4197,hfq
2024-01-24,24.107,24.437,23.257,23.957,21800,,,-0.7046,hfq
2024-01-25,23.997,24.417,23.547,24.367,19888,,,1.7114,hfq
2024-01-26,24.157,24.687,24.017,24.017,14982,,,-1.4364,hfq
2024-01-29,23.947,23.987,22.727,22.947,22122,,,-4.4552,hfq
2024-01-30,22.857,22.857,21.727,21.837,21059,,,-4.8372,hfq
2024-01-31,21.997,21.997,20.927,20.927,19314,,,-4.1672,hfq
2024-02-01,20.947,21.577,20.457,21.047,22525,,,0.5734,hfq
2024-02-02,21.067,21.147,19.017,19.677,38065,,,-6.5092,hfq
2024-02-05,19.587,19.587,17.787,17.807,34293,,,-9.5035,hfq
2024-02-06,17.477,18.967,16.857,18.547,34461,,,4.1557,hfq
2024-02-07,18.957,19.527,18.557,18.747,29415,,,1.0783,hfq
2024-02-08,19.507,20.547,18.927,20.547,39646,,,9.6015,hfq
2024-02-19,22.027,22.027,20.727,21.657,38093,,,5.4022,hfq
2024-02-20,21.637,21.827,21.167,21.727,19358,,,0.3232,hfq
2024-02-21,21.437,22.227,21.367,21.687,22587,,,-0.1841,hfq
2024-02-22,21.527,22.447,21.497,22.237,20819,,,2.5361,hfq
2024-02-23,22.237,22.927,22.237,22.587,18048,,,1.5740,hfq
2024-02-26,22.597,22.947,22.277,22.637,19605,,,0.2214,hfq
2024-02-27,22.637,22.977,22.477,22.957,19652,,,1.4136,hfq
2024-02-28,23.047,23.907,21.587,21.607,40063,,,-5.8806,hfq
2024-02-29,21.567,22.557,21.377,22.517,25775,,,4.2116,hfq
2024-03-01,22.487,23.027,22.377,23.017,21124,,,2.2205,hfq
2024-03-04,23.137,23.437,22.637,23.067,16468,,,0.2172,hfq
2024-03-05,22.957,23.097,22.527,22.647,17190,,,-1.8208,hfq
2024-03-06,22.657,23.497,22.627,23.147,18683,,,2.2078,hfq
2024-03-07,23.147,23.457,22.657,22.657,17786,,,-2.1169,hfq
2024-03-08,23.017,23.927,22.867,23.377,32330,,,3.1778,hfq
2024-03-11,23.647,24.517,23.617,24.187,34500,,,3.4649,hfq
2024-03-12,23.987,24.307,23.827,24.037,22993,,,-0.6202,hfq
2024-03-13,23.807,23.997,23.747,23.827,17087,,,-0.8737,hfq
2024-03-14,23.887,24.077,23.437,23.677,16318,,,-0.6295,hfq
2024-03-15,23.597,23.857,23.447,23.827,11988,,,0.6335,hfq
2024-03-18,24.007,24.177,23.757,24.017,17283,,,0.7974,hfq
2024-03-19,23.857,24.377,23.857,23.997,19939,,,-0.0833,hfq
2024-03-20,23.997,24.317,23.977,24.197,16552,,,0.8334,hfq
2024-03-21,24.207,24.367,23.787,24.007,15330,,,-0.7852,hfq
2024-03-22,24.007,24.007,23.247,23.497,18495,,,-2.1244,hfq
2024-03-25,23.457,23.727,22.947,23.007,17165,,,-2.0854,hfq
2024-03-26,22.927,23.237,22.477,23.067,16393,,,0.2608,hfq
2024-03-27,23.727,23.817,22.307,22.327,17294,,,-3.2080,hfq
2024-03-28,22.317,22.627,22.127,22.197,20550,,,-0.5823,hfq
2024-03-29,22.197,22.677,22.197,22.517,13767,,,1.4416,hfq
2024-04-01,22.537,23.757,22.537,23.537,23341,,,4.5299,hfq
2024-04-02,23.447,23.847,23.407,23.677,22239,,,0.5948,hfq
2024-04-03,23.727,23.727,23.317,23.457,11685,,,-0.9292,hfq
2024-04-08,23.467,23.537,22.607,22.617,14964,,,-3.5810,hfq
2024-04-09,22.747,23.207,22.517,23.197,12627,,,2.5644,hfq
2024-04-10,23.237,23.377,22.427,22.567,13148,,,-2.7159,hfq
2024-04-11,22.337,22.877,22.257,22.487,10686,,,-0.3545,hfq
2024-04-12,22.777,22.777,22.017,22.037,11243,,,-2.0012,hfq
2024-04-15,22.117,22.347,20.627,21.037,27658,,,-4.5378,hfq
2024-04-16,20.997,20.997,19.537,19.647,29499,,,-6.6074,hfq
2024-04-17,19.917,20.917,19.907,20.717,23998,,,5.4461,hfq
2024-04-18,21.017,21.187,20.597,20.877,17530,,,0.7723,hfq
2024-04-19,20.917,20.917,20.117,20.337,13984,,,-2.5866,hfq
2024-04-22,20.017,20.567,19.747,20.307,14690,,,-0.1475,hfq
2024-04-23,20.167,20.547,20.167,20.357,14836,,,0.2462,hfq
2024-04-24,20.187,20.627,20.187,20.617,11310,,,1.2772,hfq
2024-04-25,20.587,21.007,20.407,20.727,13518,,,0.5335,hfq
2024-04-26,20.807,21.267,20.607,21.187,16413,,,2.2193,hfq
2024-04-29,20.737,21.087,19.987,20.577,47805,,,-2.8791,hfq
2024-04-30,20.557,20.617,19.927,20.037,35257,,,-2.6243,hfq
2024-05-06,20.227,20.657,20.227,20.507,24635,,,2.3457,hfq
2024-05-07,20.557,20.877,20.377,20.867,26580,,,1.7555,hfq
2024-05-08,20.867,21.957,20.617,20.907,45773,,,0.1917,hfq
2024-05-09,20.597,21.567,20.527,21.157,39262,,,1.1958,hfq
2024-05-10,21.097,21.277,20.607,20.777,21344,,,-1.7961,hfq
2024-05-13,20.607,20.697,20.297,20.367,18394,,,-1.9733,hfq
2024-05-14,20.367,20.497,20.177,20.237,15904,,,-0.6383,hfq
2024-05-15,20.237,20.417,20.127,20.127,12499,,,-0.5436,hfq
2024-05-16,20.107,20.257,20.027,20.117,14871,,,-0.0497,hfq
2024-05-17,20.037,20.887,19.867,20.577,32181,,,2.2866,hfq
2024-05-20,20.637,20.887,20.407,20.487,24611,,,-0.4374,hfq
2024-05-21,20.407,20.477,20.147,20.237,16811,,,-1.2203,hfq
2024-05-22,20.237,21.327,20.207,21.207,55200,,,4.7932,hfq
2024-05-23,21.207,21.207,20.527,20.657,34094,,,-2.5935,hfq
2024-05-24,20.497,21.387,20.377,20.707,28408,,,0.2420,hfq
2024-05-27,20.597,20.707,20.027,20.347,26456,,,-1.7385,hfq
2024-05-28,20.572,20.692,20.122,20.192,18264,,,-0.7618,hfq
2024-05-29,20.092,21.132,20.092,20.522,33245,,,1.6343,hfq
2024-05-30,20.792,20.962,20.452,20.532,19553,,,0.0487,hfq
2024-05-31,20.752,20.772,20.212,20.312,17647,,,-1.0715,hfq
2024-06-03,20.212,20.222,19.572,19.802,22996,,,-2.5108,hfq
2024-06-04,19.802,19.812,19.322,19.632,14698,,,-0.8585,hfq
2024-06-05,19.612,19.672,19.352,19.372,11922,,,-1.3244,hfq
2024-06-06,19.402,19.492,18.622,18.742,22818,,,-3.2521,hfq
2024-06-07,18.762,18.992,18.572,18.892,11627,,,0.8003,hfq
2024-06-11,18.892,19.292,18.612,19.292,13301,,,2.1173,hfq
2024-06-12,19.272,19.362,19.092,19.212,8356,,,-0.4147,hfq
2024-06-13,19.212,19.342,19.052,19.132,7407,,,-0.4164,hfq
2024-06-14,19.132,19.232,18.892,19.092,6289,,,-0.2091,hfq
2024-06-17,18.972,19.142,18.832,18.972,6546,,,-0.6285,hfq
2024-06-18,18.972,19.182,18.942,19.122,6531,,,0.7906,hfq
2024-06-19,19.122,19.492,18.772,18.822,11156,,,-1.5689,hfq
2024-06-20,18.782,18.832,18.312,18.312,13904,,,-2.7096,hfq
2024-06-21,18.802,18.852,18.362,18.462,7712,,,0.8191,hfq
2024-06-24,18.282,18.392,17.692,17.722,12868,,,-4.0082,hfq
2024-06-25,17.722,17.952,17.452,17.582,9111,,,-0.7900,hfq
2024-06-26,17.512,18.122,17.402,18.122,9384,,,3.0713,hfq
2024-06-27,18.122,18.292,17.712,17.752,7582,,,-2.0417,hfq
2024-06-28,17.712,18.292,17.622,17.842,7785,,,0.5070,hfq
2024-07-01,17.832,18.072,17.672,17.992,11247,,,0.8407,hfq
2024-07-02,17.982,18.072,17.822,17.912,7216,,,-0.4446,hfq
2024-07-03,17.992,18.022,17.672,17.732,5550,,,-1.0049,hfq
2024-07-04,17.812,17.892,17.312,17.352,10191,,,-2.1430,hfq
2024-07-05,17.342,17.442,17.122,17.162,9297,,,-1.0950,hfq
2024-07-08,17.222,17.222,16.542,16.642,12143,,,-3.0299,hfq
2024-07-09,16.682,16.772,16.122,16.612,13683,,,-0.1803,hfq
2024-07-10,16.622,17.052,16.412,16.702,10998,,,0.5418,hfq
2024-07-11,17.012,17.302,16.812,17.262,13194,,,3.3529,hfq
2024-07-12,17.282,17.542,17.222,17.342,9228,,,0.4634,hfq
2024-07-15,17.172,17.282,16.712,16.732,10671,,,-3.5175,hfq
2024-07-16,16.562,16.902,16.562,16.732,6202,,,0.0000,hfq
2024-07-17,16.742,16.952,16.672,16.682,8153,,,-0.2988,hfq
2024-07-18,16.552,16.762,16.262,16.692,9409,,,0.0599,hfq
2024-07-19,16.532,16.872,16.442,16.762,7469,,,0.4194,hfq
2024-07-22,16.742,16.932,16.692,16.882,6095,,,0.7159,hfq
2024-07-23,16.772,16.952,16.422,16.442,7603,,,-2.6063,hfq
2024-07-24,16.362,16.762,15.992,16.052,13709,,,-2.3720,hfq
2024-07-25,16.012,17.412,15.922,16.872,27105,,,5.1084,hfq
2024-07-26,16.812,17.232,16.812,17.112,18089,,,1.4225,hfq
2024-07-29,16.992,17.112,16.872,16.872,9211,,,-1.4025,hfq
2024-07-30,16.782,17.002,16.782,16.842,5992,,,-0.1778,hfq
2024-07-31,16.802,17.272,16.692,17.272,14456,,,2.5531,hfq
2024-08-01,17.212,17.352,17.072,17.212,8439,,,-0.3474,hfq
2024-08-02,17.212,17.212,16.882,16.892,8815,,,-1.8592,hfq
2024-08-05,16.932,17.272,16.692,16.732,13577,,,-0.9472,hfq
2024-08-06,16.812,17.302,16.812,17.242,14440,,,3.0481,hfq
2024-08-07,17.262,17.362,17.092,17.322,9223,,,0.4640,hfq
2024-08-08,17.312,17.322,17.022,17.182,6040,,,-0.8082,hfq
2024-08-09,17.172,17.292,16.872,16.992,7711,,,-1.1058,hfq
2024-08-12,17.132,17.222,16.822,16.872,7229,,,-0.7062,hfq
2024-08-13,16.862,17.192,16.662,17.072,9226,,,1.1854,hfq
2024-08-14,17.082,17.172,16.862,16.912,5159,,,-0.9372,hfq
2024-08-15,16.792,17.212,16.682,17.052,7796,,,0.8278,hfq
2024-08-16,17.132,17.142,16.872,16.872,6429,,,-1.0556,hfq
2024-08-19,16.902,16.972,16.342,16.422,12700,,,-2.6671,hfq
2024-08-20,16.382,16.532,16.012,16.062,9187,,,-2.1922,hfq
2024-08-21,15.972,16.162,15.922,16.042,6125,,,-0.1245,hfq
2024-08-22,16.052,16.422,16.042,16.042,10414,,,0.0000,hfq
2024-08-23,16.042,16.162,15.472,15.522,14349,,,-3.2415,hfq
2024-08-26,15.532,16.062,15.532,15.892,13929,,,2.3837,hfq
2024-08-27,15.892,15.892,15.492,15.612,10813,,,-1.7619,hfq
2024-08-28,15.382,15.802,15.382,15.602,10638,,,-0.0641,hfq
2024-08-29,15.622,16.162,15.552,16.132,13219,,,3.3970,hfq
2024-08-30,16.092,16.382,15.942,16.172,12618,,,0.2480,hfq
2024-09-02,16.022,16.392,15.962,15.962,15222,,,-1.2985,hfq
2024-09-03,15.962,16.132,15.712,16.072,14823,,,0.6891,hfq
2024-09-04,15.992,16.262,15.932,16.152,16758,,,0.4978,hfq
2024-09-05,16.392,16.782,16.212,16.272,30348,,,0.7429,hfq
2024-09-06,16.062,16.202,15.792,15.812,18379,,,-2.8269,hfq
2024-09-09,15.652,15.842,15.502,15.572,12231,,,-1.5178,hfq
2024-09-10,15.662,15.712,15.382,15.652,12298,,,0.5137,hfq
2024-09-11,15.672,15.992,15.562,15.842,12900,,,1.2139,hfq
2024-09-12,15.792,16.362,15.792,16.022,13664,,,1.1362,hfq
2024-09-13,16.002,16.132,15.582,15.582,9775,,,-2.7462,hfq
2024-09-18,15.542,15.612,15.052,15.232,11551,,,-2.2462,hfq
2024-09-19,15.372,15.732,15.222,15.522,9911,,,1.9039,hfq
2024-09-20,15.542,15.542,15.142,15.292,10075,,,-1.4818,hfq
2024-09-23,15.282,15.332,15.102,15.122,11042,,,-1.1117,hfq
2024-09-24,15.202,15.732,15.202,15.722,20274,,,3.9677,hfq
2024-09-25,15.862,16.282,15.862,16.002,21695,,,1.7809,hfq
2024-09-26,16.002,16.472,15.772,16.472,20154,,,2.9371,hfq
2024-09-27,16.652,17.642,16.652,17.462,34198,,,6.0102,hfq
2024-09-30,17.922,18.962,17.762,18.852,63376,,,7.9601,hfq
2024-10-08,20.612,20.612,18.872,19.742,80111,,,4.7210,hfq
2024-10-09,19.412,19.412,17.892,17.892,54948,,,-9.3709,hfq
2024-10-10,17.892,18.402,17.622,17.882,32803,,,-0.0559,hfq
2024-10-11,17.822,17.882,16.852,17.092,27683,,,-4.4179,hfq
2024-10-14,17.092,17.542,16.892,17.352,25391,,,1.5212,hfq
2024-10-15,17.492,17.602,17.142,17.242,22645,,,-0.6339,hfq
2024-10-16,17.072,17.332,16.962,17.112,18088,,,-0.7540,hfq
2024-10-17,17.252,17.362,17.072,17.252,22986,,,0.8181,hfq
2024-10-18,17.172,17.672,17.132,17.462,32476,,,1.2173,hfq
2024-10-21,17.512,18.292,17.462,17.772,37037,,,1.7753,hfq
2024-10-22,17.802,18.172,17.532,18.122,36061,,,1.9694,hfq
2024-10-23,18.132,19.012,17.932,18.822,70671,,,3.8627,hfq
2024-10-24,18.912,18.912,18.262,18.362,37943,,,-2.4439,hfq
2024-10-25,18.452,19.532,18.362,19.372,77109,,,5.5005,hfq
2024-10-28,20.212,20.412,19.532,19.842,89405,,,2.4262,hfq
2024-10-29,20.122,20.412,19.202,19.262,56559,,,-2.9231,hfq
2024-10-30,19.212,19.802,19.032,19.302,45135,,,0.2077,hfq
2024-10-31,19.812,20.112,19.512,19.622,71989,,,1.6579,hfq
2024-11-01,19.602,19.622,18.712,19.062,54459,,,-2.8539,hfq
2024-11-04,19.302,19.412,18.862,19.362,24961,,,1.5738,hfq
2024-11-05,19.662,19.892,19.392,19.532,38981,,,0.8780,hfq
2024-11-06,19.532,20.592,19.412,20.042,69082,,,2.6111,hfq
2024-11-07,19.792,20.052,19.482,19.882,42734,,,-0.7983,hfq
2024-11-08,20.302,20.412,19.722,19.862,48299,,,-0.1006,hfq
2024-11-11,19.862,20.112,19.612,20.092,38443,,,1.1580,hfq
2024-11-12,20.132,20.312,19.592,19.782,39169,,,-1.5429,hfq
2024-11-13,19.612,19.892,19.222,19.772,33148,,,-0.0506,hfq
2024-11-14,19.762,19.852,19.052,19.122,27233,,,-3.2875,hfq
2024-11-15,18.962,19.232,18.512,18.522,32385,,,-3.1377,hfq
2024-11-18,18.522,18.862,17.992,18.242,34096,,,-1.5117,hfq
2024-11-19,18.312,18.942,18.242,18.942,26785,,,3.8373,hfq
2024-11-20,18.912,18.952,18.662,18.822,22180,,,-0.6335,hfq
2024-11-21,18.832,19.142,18.462,18.802,18194,,,-0.1063,hfq
2024-11-22,18.782,18.782,18.012,18.012,29995,,,-4.2017,hfq
2024-11-25,17.892,18.812,17.882,18.612,28603,,,3.3311,hfq
2024-11-26,18.612,18.892,18.412,18.472,19683,,,-0.7522,hfq
2024-11-27,18.312,18.432,17.922,18.412,18576,,,-0.3248,hfq
2024-11-28,18.422,18.862,18.382,18.632,20115,,,1.1949,hfq
2024-11-29,18.582,18.872,18.372,18.572,19851,,,-0.3220,hfq
2024-12-02,18.482,18.672,18.362,18.522,30513,,,-0.2692,hfq
2024-12-03,18.562,18.672,18.132,18.612,32513,,,0.4859,hfq
2024-12-04,18.542,18.612,18.032,18.162,29882,,,-2.4178,hfq
2024-12-05,18.112,18.462,18.042,18.372,21232,,,1.1563,hfq
2024-12-06,18.462,18.622,18.042,18.342,25293,,,-0.1633,hfq
2024-12-09,18.342,20.052,18.162,19.162,113683,,,4.4706,hfq
2024-12-10,19.302,19.872,18.882,19.812,125911,,,3.3921,hfq
2024-12-11,19.422,19.802,19.362,19.472,66299,,,-1.7161,hfq
2024-12-12,19.492,19.762,19.232,19.572,56949,,,0.5136,hfq
2024-12-13,19.512,19.512,18.952,18.972,43553,,,-3.0656,hfq
2024-12-16,18.972,19.182,18.742,18.862,24641,,,-0.5798,hfq
2024-12-17,18.872,18.952,17.982,17.992,32907,,,-4.6124,hfq
2024-12-18,18.112,18.142,17.752,17.802,23157,,,-1.0560,hfq
2024-12-19,17.702,17.882,17.552,17.882,19498,,,0.4494,hfq
2024-12-20,17.792,17.972,17.762,17.812,18681,,,-0.3915,hfq
2024-12-23,17.812,17.952,16.982,17.092,26967,,,-4.0422,hfq
2024-12-24,17.102,17.382,17.022,17.252,14773,,,0.9361,hfq
2024-12-25,17.312,17.372,16.772,16.912,14741,,,-1.9708,hfq
2024-12-26,16.912,17.112,16.852,16.962,12851,,,0.2956,hfq
2024-12-27,16.882,17.352,16.882,17.172,14286,,,1.2381,hfq
2024-12-30,17.172,17.172,16.822,17.022,9792,,,-0.8735,hfq
2024-12-31,17.022,17.292,16.612,16.642,14672,,,-2.2324,hfq
2025-01-02,16.612,16.792,16.212,16.302,15973,,,-2.0430,hfq
2025-01-03,16.332,16.452,15.842,15.852,15412,,,-2.7604,hfq
2025-01-06,15.812,16.142,15.552,15.992,14005,,,0.8832,hfq
2025-01-07,16.182,16.212,15.852,16.212,10435,,,1.3757,hfq
2025-01-08,16.212,16.252,15.772,16.102,10392,,,-0.6785,hfq
2025-01-09,15.982,16.292,15.982,16.052,11038,,,-0.3105,hfq
2025-01-10,16.032,16.202,15.582,15.582,11397,,,-2.9280,hfq
2025-01-13,15.512,15.632,15.262,15.532,8586,,,-0.3209,hfq
2025-01-14,15.662,16.052,15.592,16.002,12322,,,3.0260,hfq
2025-01-15,16.092,16.522,15.952,16.262,23065,,,1.6248,hfq
2025-01-16,16.262,16.512,16.142,16.272,15174,,,0.0615,hfq
2025-01-17,16.212,16.402,16.042,16.142,10261,,,-0.7989,hfq
2025-01-20,16.142,16.282,16.032,16.162,9301,,,0.1239,hfq
2025-01-21,16.182,16.312,15.872,15.902,11398,,,-1.6087,hfq
2025-01-22,15.872,16.002,15.632,15.742,11843,,,-1.0062,hfq
2025-01-23,15.862,16.162,15.782,15.862,14601,,,0.7623,hfq
2025-01-24,15.802,16.062,15.722,16.062,11158,,,1.2609,hfq
2025-01-27,16.072,16.192,15.642,15.752,14482,,,-1.9300,hfq
2025-02-05,15.752,16.012,15.732,15.912,10058,,,1.0157,hfq
2025-02-06,16.012,16.682,15.842,16.342,20491,,,2.7024,hfq
2025-02-07,16.472,17.032,16.312,16.842,33853,,,3.0596,hfq
2025-02-10,16.832,16.862,16.562,16.762,20427,,,-0.4750,hfq
2025-02-11,16.762,16.762,16.512,16.612,12779,,,-0.8949,hfq
2025-02-12,16.592,16.772,16.442,16.602,15836,,,-0.0602,hfq
2025-02-13,16.602,16.662,16.322,16.362,15587,,,-1.4456,hfq
2025-02-14,16.382,16.572,16.332,16.422,15432,,,0.3667,hfq
2025-02-17,16.452,16.752,16.362,16.702,23052,,,1.7050,hfq
2025-02-18,16.762,16.952,16.292,16.352,27922,,,-2.0956,hfq
2025-02-19,16.362,16.752,16.362,16.642,20408,,,1.7735,hfq
2025-02-20,16.642,16.642,16.432,16.612,15887,,,-0.1803,hfq
2025-02-21,16.612,16.712,16.472,16.582,22079,,,-0.1806,hfq
2025-02-24,16.542,16.722,16.392,16.602,25034,,,0.1206,hfq
2025-02-25,16.432,16.782,16.422,16.702,23180,,,0.6023,hfq
2025-02-26,16.702,17.032,16.692,17.002,28837,,,1.7962,hfq
2025-02-27,17.002,17.082,16.562,16.742,24384,,,-1.5292,hfq
2025-02-28,16.742,16.872,16.322,16.402,24893,,,-2.0308,hfq
2025-03-03,16.402,16.912,16.402,16.592,28185,,,1.1584,hfq
2025-03-04,16.592,16.752,16.462,16.742,15884,,,0.9041,hfq
2025-03-05,16.752,16.812,16.232,16.392,31324,,,-2.0906,hfq
2025-03-06,16.482,16.662,16.302,16.562,23149,,,1.0371,hfq
2025-03-07,16.592,16.592,16.142,16.262,32042,,,-1.8114,hfq
2025-03-10,16.292,16.502,16.232,16.442,23624,,,1.1069,hfq
2025-03-11,16.312,16.402,16.142,16.402,20100,,,-0.2433,hfq
2025-03-12,16.402,16.552,16.272,16.482,22267,,,0.4877,hfq
2025-03-13,16.452,16.532,16.252,16.422,19288,,,-0.3640,hfq
2025-03-14,16.422,16.742,16.322,16.672,28178,,,1.5223,hfq
2025-03-17,16.752,16.912,16.692,16.862,24715,,,1.1396,hfq
2025-03-18,16.812,17.012,16.812,16.932,16946,,,0.4151,hfq
2025-03-19,16.912,16.972,16.722,16.842,22022,,,-0.5315,hfq
2025-03-20,16.932,16.992,16.802,16.872,16811,,,0.1781,hfq
2025-03-21,16.842,16.912,16.612,16.712,20109,,,-0.9483,hfq
2025-03-24,16.712,16.792,15.892,16.172,37274,,,-3.2312,hfq
2025-03-25,16.122,16.522,16.072,16.262,29732,,,0.5565,hfq
2025-03-26,16.232,16.962,16.182,16.852,49927,,,3.6281,hfq
2025-03-27,16.762,16.842,16.322,16.472,32810,,,-2.2549,hfq
2025-03-28,16.492,16.602,16.172,16.222,25058,,,-1.5177,hfq
2025-03-31,16.222,16.392,15.752,15.892,26758,,,-2.0343,hfq
2025-04-01,16.012,16.292,15.812,16.142,19060,,,1.5731,hfq
2025-04-02,16.142,16.392,16.042,16.132,13896,,,-0.0620,hfq
2025-04-03,16.042,16.212,15.902,16.042,18647,,,-0.5579,hfq
2025-04-07,15.402,15.402,14.562,14.562,29144,,,-9.2258,hfq
2025-04-08,14.532,14.642,13.912,14.182,36789,,,-2.6095,hfq
2025-04-09,14.112,14.302,13.242,14.252,27728,,,0.4936,hfq
2025-04-10,14.422,14.712,14.422,14.512,21827,,,1.8243,hfq
2025-04-11,14.412,14.742,14.332,14.632,16885,,,0.8269,hfq
2025-04-14,14.812,14.892,14.682,14.802,15955,,,1.1618,hfq
2025-04-15,14.812,15.132,14.682,14.982,21503,,,1.2161,hfq
2025-04-16,15.022,15.032,14.432,14.662,15356,,,-2.1359,hfq
2025-04-17,14.662,14.992,14.612,14.832,13275,,,1.1595,hfq
2025-04-18,14.782,14.942,14.682,14.792,9002,,,-0.2697,hfq
2025-04-21,14.792,14.912,14.672,14.822,8404,,,0.2028,hfq
2025-04-22,14.872,14.922,14.712,14.902,9888,,,0.5397,hfq
2025-04-23,14.972,15.032,14.912,15.002,11188,,,0.6711,hfq
2025-04-24,15.022,15.062,14.742,14.832,12662,,,-1.1332,hfq
2025-04-25,14.842,14.952,14.742,14.882,8963,,,0.3371,hfq
2025-04-28,14.882,14.962,14.622,14.792,16109,,,-0.6048,hfq
2025-04-29,14.882,15.382,14.802,15.182,29137,,,2.6366,hfq
2025-04-30,15.462,16.042,15.462,15.642,29157,,,3.0299,hfq
2025-05-06,15.652,15.952,15.652,15.952,20574,,,1.9818,hfq
2025-05-07,16.012,16.082,15.812,15.922,18311,,,-0.1881,hfq
2025-05-08,15.922,16.162,15.842,16.052,16810,,,0.8165,hfq
2025-05-09,16.122,16.132,15.802,15.862,13768,,,-1.1837,hfq
2025-05-12,16.002,16.092,15.832,15.972,14938,,,0.6935,hfq
2025-05-13,16.082,16.512,16.002,16.162,26909,,,1.1896,hfq
2025-05-14,16.152,16.182,15.962,16.062,17303,,,-0.6187,hfq
2025-05-15,16.062,16.112,15.962,16.012,11173,,,-0.3113,hfq
2025-05-16,15.992,16.142,15.912,16.032,15609,,,0.1249,hfq
2025-05-19,16.032,16.242,15.982,16.242,15998,,,1.3099,hfq
2025-05-20,16.232,16.312,16.132,16.262,12304,,,0.1231,hfq
2025-05-21,16.342,16.392,16.132,16.162,12630,,,-0.6149,hfq
2025-05-22,16.092,16.262,15.832,15.852,16856,,,-1.9181,hfq
2025-05-23,15.862,16.282,15.822,15.962,24624,,,0.6939,hfq
2025-05-26,15.952,16.092,15.892,16.042,12227,,,0.5012,hfq
2025-05-27,16.042,16.092,15.822,16.042,13650,,,0.0000,hfq
2025-05-28,16.207,16.277,15.887,16.007,18391,,,-0.2182,hfq
2025-05-29,15.997,16.327,15.937,16.307,16946,,,1.8742,hfq
2025-05-30,16.267,16.337,16.137,16.197,11923,,,-0.6746,hfq
2025-06-03,16.197,16.317,16.057,16.237,11813,,,0.2470,hfq
2025-06-04,16.237,16.447,16.237,16.427,14931,,,1.1702,hfq
2025-06-05,16.437,16.507,16.297,16.387,11071,,,-0.2435,hfq
2025-06-06,16.407,16.827,16.327,16.557,23191,,,1.0374,hfq
2025-06-09,16.587,16.867,16.537,16.807,22524,,,1.5099,hfq
2025-06-10,16.857,16.857,16.477,16.597,16294,,,-1.2495,hfq
2025-06-11,16.597,16.847,16.597,16.687,14483,,,0.5423,hfq
2025-06-12,16.697,16.777,16.607,16.697,12624,,,0.0599,hfq
2025-06-13,16.627,16.707,16.427,16.437,15207,,,-1.5572,hfq
2025-06-16,16.297,16.667,16.297,16.577,19359,,,0.8517,hfq
2025-06-17,16.547,16.637,16.467,16.577,11344,,,0.0000,hfq
2025-06-18,16.547,16.607,16.337,16.597,11189,,,0.1206,hfq
2025-06-19,16.577,16.717,16.187,16.257,15956,,,-2.0486,hfq
2025-06-20,16.277,16.757,16.277,16.357,23450,,,0.6151,hfq
2025-06-23,16.337,16.687,16.187,16.677,23968,,,1.9563,hfq
2025-06-24,16.687,16.997,16.627,16.977,27886,,,1.7989,hfq
2025-06-25,16.977,17.107,16.907,17.027,19547,,,0.2945,hfq
2025-06-26,17.037,17.157,16.897,16.907,17916,,,-0.7048,hfq
2025-06-27,16.927,17.197,16.927,17.097,20477,,,1.1238,hfq
2025-06-30,17.097,18.197,17.047,17.847,49431,,,4.3867,hfq
2025-07-01,17.407,17.637,17.127,17.297,73581,,,-3.0818,hfq
2025-07-02,18.357,18.857,18.357,18.857,81560,,,9.0189,hfq
2025-07-03,20.577,20.577,20.577,20.577,25684,,,9.1213,hfq
2025-07-04,22.467,22.467,22.177,22.467,363793,,,9.1850,hfq
2025-07-07,22.067,24.497,21.987,24.077,522378,,,7.1661,hfq
2025-07-08,22.717,26.317,21.837,26.317,463793,,,9.3035,hfq
2025-07-09,26.387,28.777,26.337,27.287,564610,,,3.6858,hfq
2025-07-10,27.297,28.697,25.697,26.007,523638,,,-4.6909,hfq
2025-07-11,26.717,28.437,26.297,28.437,469872,,,9.3436,hfq
2025-07-14,28.447,30.627,27.637,30.337,513060,,,6.6814,hfq
2025-07-15,28.447,29.977,27.477,27.477,356070,,,-9.4274,hfq
2025-07-16,26.737,28.487,26.207,28.097,379319,,,2.2564,hfq
2025-07-17,28.687,29.397,26.527,27.217,415899,,,-3.1320,hfq
2025-07-18,25.917,26.957,24.667,24.667,385456,,,-9.3691,hfq
2025-07-21,24.057,24.587,23.747,24.137,247286,,,-2.1486,hfq
2025-07-22,23.997,25.257,23.717,25.107,345291,,,4.0187,hfq
2025-07-23,25.147,25.167,23.817,24.137,247749,,,-3.8635,hfq
2025-07-24,23.497,24.067,23.267,23.907,179345,,,-0.9529,hfq
2025-07-25,24.537,25.197,23.787,23.827,237182,,,-0.3346,hfq
2025-07-28,23.057,24.827,23.057,24.077,173827,,,1.0492,hfq
2025-07-29,23.927,24.557,23.617,24.427,183611,,,1.4537,hfq
2025-07-30,24.397,24.467,23.397,23.847,152244,,,-2.3744,hfq
2025-07-31,23.457,23.797,22.847,22.967,130387,,,-3.6902,hfq
2025-08-01,22.977,24.137,22.967,23.447,159468,,,2.0900,hfq
2025-08-04,23.307,23.307,22.727,22.877,107276,,,-2.4310,hfq
2025-08-05,23.177,23.247,22.887,23.087,67434,,,0.9180,hfq
2025-08-06,23.197,23.197,22.787,23.087,64309,,,0.0000,hfq
2025-08-07,23.007,23.667,22.797,23.047,102252,,,-0.1733,hfq
2025-08-08,23.007,23.647,22.947,23.197,132203,,,0.6508,hfq
2025-08-11,23.217,23.487,22.797,23.467,100907,,,1.1639,hfq
2025-08-12,23.327,23.397,22.857,22.967,76205,,,-2.1307,hfq
2025-08-13,22.967,23.027,22.577,22.877,77280,,,-0.3919,hfq
2025-08-14,22.847,22.947,22.327,22.517,76491,,,-1.5736,hfq
2025-08-15,22.417,23.297,22.367,23.147,113286,,,2.7979,hfq
2025-08-18,23.397,23.677,23.307,23.467,103831,,,1.3825,hfq
2025-08-19,23.307,23.697,23.187,23.567,90786,,,0.4261,hfq
2025-08-20,24.497,25.757,24.497,24.697,349318,,,4.7948,hfq
2025-08-21,23.717,25.907,23.697,24.987,293704,,,1.1742,hfq
2025-08-22,24.177,24.897,24.177,24.537,176863,,,-1.8009,hfq
2025-08-25,24.417,24.667,24.207,24.497,126617,,,-0.1630,hfq
2025-08-26,24.537,24.597,23.897,23.967,98392,,,-2.1635,hfq
2025-08-27,23.837,24.177,22.607,23.187,124228,,,-3.2545,hfq
2025-08-28,22.897,23.067,22.207,22.827,99337,,,-1.5526,hfq
2025-08-29,22.837,23.007,22.597,22.717,55973,,,-0.4819,hfq
2025-09-01,22.897,23.117,22.577,23.067,55884,,,1.5407,hfq
2025-09-02,23.237,23.547,22.707,23.027,79843,,,-0.1734,hfq
2025-09-03,22.997,23.497,22.687,23.357,99544,,,1.4331,hfq
2025-09-04,23.597,24.147,22.997,23.677,134104,,,1.3700,hfq
2025-09-05,23.697,24.767,23.687,24.767,200100,,,4.6036,hfq
2025-09-08,24.327,24.687,23.987,24.617,140346,,,-0.6056,hfq
2025-09-09,24.357,24.867,24.097,24.347,89215,,,-1.0968,hfq
2025-09-10,24.347,24.347,23.747,24.057,64797,,,-1.1911,hfq
2025-09-11,23.757,24.297,23.757,24.187,73041,,,0.5404,hfq
2025-09-12,24.177,24.487,23.697,24.267,92260,,,0.3308,hfq
2025-09-15,24.267,24.447,23.697,24.007,59876,,,-1.0714,hfq
2025-09-16,23.997,24.007,23.697,23.887,47905,,,-0.4999,hfq
2025-09-17,23.917,24.177,23.757,23.967,65902,,,0.3349,hfq
2025-09-18,23.777,23.977,22.507,22.897,114037,,,-4.4645,hfq
2025-09-19,22.617,22.817,21.797,21.907,76595,,,-4.3237,hfq
2025-09-22,21.897,21.897,21.097,21.537,64136,,,-1.6890,hfq
2025-09-23,21.317,21.657,20.877,21.317,51338,,,-1.0215,hfq
2025-09-24,21.337,21.867,21.177,21.777,50515,,,2.1579,hfq
2025-09-25,21.897,21.947,21.447,21.647,43114,,,-0.5970,hfq
2025-09-26,21.517,21.747,21.367,21.367,28852,,,-1.2935,hfq
2025-09-29,21.367,21.737,21.157,21.667,32563,,,1.4040,hfq
2025-09-30,21.667,21.887,21.517,21.657,33916,,,-0.0462,hfq
2025-10-09,21.597,21.797,21.407,21.737,30237,,,0.3694,hfq
2025-10-10,21.737,21.877,21.507,21.647,26127,,,-0.4140,hfq
2025-10-13,20.847,21.577,20.477,21.577,29900,,,-0.3234,hfq
2025-10-14,21.697,22.327,21.497,21.757,57266,,,0.8342,hfq
2025-10-15,21.707,22.177,21.527,21.987,50146,,,1.0571,hfq
2025-10-16,21.897,21.997,21.527,21.767,40280,,,-1.0006,hfq
2025-10-17,21.687,21.827,21.197,21.307,28244,,,-2.1133,hfq
2025-10-20,21.327,21.537,21.227,21.407,17502,,,0.4693,hfq
2025-10-21,21.387,21.597,21.307,21.577,26814,,,0.7941,hfq
2025-10-22,21.567,21.837,21.417,21.657,23377,,,0.3708,hfq
2025-10-23,21.667,21.877,21.327,21.857,25561,,,0.9235,hfq
2025-10-24,21.887,21.997,21.547,21.677,26571,,,-0.8235,hfq
2025-10-27,21.437,21.717,21.077,21.157,44954,,,-2.3989,hfq
2025-10-28,21.087,21.327,21.007,21.127,23368,,,-0.1418,hfq
2025-10-29,21.147,21.647,20.957,21.467,44300,,,1.6093,hfq
2025-10-30,21.447,21.467,21.087,21.467,35075,,,0.0000,hfq
2025-10-31,21.327,22.297,21.317,21.497,47368,,,0.1397,hfq
2025-11-03,21.497,21.977,21.497,21.977,47888,,,2.2329,hfq
2025-11-04,21.977,22.077,21.517,21.947,31375,,,-0.1365,hfq
2025-11-05,21.797,22.177,21.597,21.857,38294,,,-0.4101,hfq
2025-11-06,21.797,22.167,21.597,21.747,38746,,,-0.5033,hfq
2025-11-07,21.617,22.077,21.497,21.907,41204,,,0.7357,hfq
2025-11-10,21.917,22.557,21.827,22.267,68315,,,1.6433,hfq
2025-11-11,22.247,23.107,22.197,23.097,121921,,,3.7275,hfq
2025-11-12,22.877,23.267,22.107,22.737,104859,,,-1.5586,hfq
2025-11-13,22.737,23.127,22.207,22.477,75850,,,-1.1435,hfq
2025-11-14,22.197,23.087,22.037,22.387,63920,,,-0.4004,hfq
2025-11-17,22.097,22.477,21.697,21.867,48199,,,-2.3228,hfq
2025-11-18,21.727,21.897,21.347,21.627,39299,,,-1.0975,hfq
2025-11-19,21.627,22.097,21.147,21.247,35176,,,-1.7571,hfq
2025-11-20,21.237,21.557,20.867,20.957,28993,,,-1.3649,hfq
2025-11-21,20.767,20.787,19.607,20.087,56006,,,-4.1514,hfq
2025-11-24,20.177,20.517,19.977,20.337,28457,,,1.2446,hfq
2025-11-25,20.417,20.557,20.307,20.367,20882,,,0.1475,hfq
2025-11-26,20.387,20.517,20.077,20.127,21181,,,-1.1784,hfq
2025-11-27,20.157,20.437,20.127,20.297,16912,,,0.8446,hfq
2025-11-28,20.347,20.597,20.207,20.587,16705,,,1.4288,hfq
2025-12-01,20.737,20.757,20.497,20.747,19780,,,0.7772,hfq
2025-12-02,20.737,21.017,20.167,20.337,26196,,,-1.9762,hfq
2025-12-03,20.347,20.347,20.017,20.147,18016,,,-0.9343,hfq
2025-12-04,20.147,20.197,19.497,19.887,22886,,,-1.2905,hfq
2025-12-05,19.977,20.197,19.707,20.077,16702,,,0.9554,hfq
2025-12-08,20.197,20.387,20.117,20.337,17416,,,1.2950,hfq
2025-12-09,20.237,20.397,20.157,20.247,16671,,,-0.4425,hfq
2025-12-10,20.147,20.267,19.967,20.227,14215,,,-0.0988,hfq
2025-12-11,20.377,20.377,19.767,19.777,16698,,,-2.2247,hfq
2025-12-12,19.867,19.977,19.687,19.787,15231,,,0.0506,hfq
2025-12-15,19.637,20.007,19.577,19.837,14037,,,0.2527,hfq
2025-12-16,19.767,19.787,19.097,19.477,22723,,,-1.8148,hfq
2025-12-17,19.477,19.527,18.977,19.527,20561,,,0.2567,hfq
2025-12-18,19.407,19.807,19.357,19.577,12426,,,0.2561,hfq
2025-12-19,19.687,19.827,19.637,19.697,11965,,,0.6130,hfq
2025-12-22,19.707,19.777,19.517,19.577,12945,,,-0.6092,hfq
2025-12-23,19.627,19.637,19.377,19.477,14910,,,-0.5108,hfq
2025-12-24,19.547,19.937,19.437,19.837,19033,,,1.8483,hfq
2025-12-25,19.867,19.997,19.697,19.977,17990,,,0.7058,hfq
2025-12-26,20.147,20.807,20.147,20.347,52241,,,1.8521,hfq
2025-12-29,20.347,20.777,20.257,20.397,28657,,,0.2457,hfq
2025-12-30,20.347,20.347,20.027,20.147,19007,,,-1.2257,hfq
2025-12-31,20.177,20.237,19.697,19.797,22434,,,-1.7372,hfq
2026-01-05,19.797,19.927,19.537,19.787,20540,,,-0.0505,hfq
2026-01-06,19.787,20.487,19.717,20.097,42850,,,1.5667,hfq
2026-01-07,20.187,20.187,19.697,19.867,34034,,,-1.1444,hfq
2026-01-08,19.777,20.237,19.697,20.177,32743,,,1.5604,hfq
2026-01-09,20.307,20.307,19.897,20.137,35336,,,-0.1982,hfq
2026-01-12,20.017,20.787,19.997,20.437,48743,,,1.4898,hfq
2026-01-13,20.707,20.757,20.197,20.427,48368,,,-0.0489,hfq
2026-01-14,20.427,20.597,19.997,20.217,43820,,,-1.0281,hfq
2026-01-15,20.247,20.477,20.027,20.237,24841,,,0.0989,hfq
2026-01-16,20.227,20.447,20.027,20.297,31379,,,0.2965,hfq
2026-01-19,20.277,20.547,20.137,20.517,35317,,,1.0839,hfq
2026-01-20,20.507,20.817,19.817,20.067,50628,,,-2.1933,hfq
2026-01-21,19.847,20.217,19.827,20.107,24040,,,0.1993,hfq
2026-01-22,20.087,20.557,19.957,20.527,36284,,,2.0888,hfq
2026-01-23,20.597,22.407,20.597,22.407,142576,,,9.1587,hfq
2026-01-26,22.677,24.477,22.477,24.477,447279,,,9.2382,hfq
2026-01-27,22.737,26.697,22.737,25.197,431160,,,2.9415,hfq
2026-01-28,25.277,26.937,24.527,25.877,313260,,,2.6987,hfq
2026-01-29,25.047,28.197,24.917,27.447,360477,,,6.0672,hfq
2026-01-30,26.497,27.377,25.297,26.177,205845,,,-4.6271,hfq
2026-02-02,26.187,27.857,25.577,25.767,213420,,,-1.5663,hfq
2026-02-03,26.087,28.147,25.317,27.567,301395,,,6.9857,hfq
2026-02-04,27.497,30.157,27.397,30.157,204552,,,9.3953,hfq
2026-02-05,28.857,30.027,27.317,28.557,338262,,,-5.3056,hfq
2026-02-06,27.617,31.197,27.247,29.847,277483,,,4.5173,hfq
2026-02-09,30.917,32.667,30.817,32.667,141619,,,9.4482,hfq
2026-02-10,32.867,34.647,31.397,32.997,341923,,,1.0102,hfq
2026-02-11,33.197,35.647,31.697,34.167,297117,,,3.5458,hfq
2026-02-12,33.937,34.937,32.647,33.577,230150,,,-1.7268,hfq
2026-02-13,33.057,33.907,30.737,31.137,232381,,,-7.2669,hfq
2026-02-24,31.557,31.897,29.797,30.737,208457,,,-1.2846,hfq
2026-02-25,30.717,31.147,29.197,29.797,186264,,,-3.0582,hfq
2026-02-26,29.297,29.517,28.787,29.147,123867,,,-2.1814,hfq
2026-02-27,28.977,30.667,28.747,29.457,205172,,,1.0636,hfq
2026-03-02,28.257,29.977,28.257,28.577,155891,,,-2.9874,hfq
2026-03-03,28.677,29.357,26.897,27.037,129017,,,-5.3889,hfq
2026-03-04,26.457,27.687,26.457,27.007,92469,,,-0.1110,hfq
2026-03-05,27.667,27.667,26.527,26.787,68808,,,-0.8146,hfq
2026-03-06,26.807,27.297,26.217,26.687,80323,,,-0.3733,hfq
2026-03-09,26.147,26.837,25.927,26.697,105984,,,0.0375,hfq
2026-03-10,26.757,27.487,26.407,27.007,121298,,,1.1612,hfq
2026-03-11,26.947,28.027,26.697,27.317,213424,,,1.1479,hfq
2026-03-12,26.967,27.497,26.297,26.627,113718,,,-2.5259,hfq
2026-03-13,26.507,27.137,26.317,26.477,80070,,,-0.5633,hfq
2026-03-16,26.397,26.727,25.947,26.177,64881,,,-1.1331,hfq
2026-03-17,26.177,26.817,25.677,25.957,76406,,,-0.8404,hfq
2026-03-18,25.717,26.067,25.377,25.857,61643,,,-0.3853,hfq
2026-03-19,25.427,25.597,24.997,25.267,53879,,,-2.2818,hfq
2026-03-20,25.347,26.987,24.797,25.607,143170,,,1.3456,hfq
2026-03-23,24.917,26.047,23.697,24.357,145571,,,-4.8815,hfq
2026-03-24,24.607,25.047,23.807,24.917,112803,,,2.2991,hfq
2026-03-25,24.917,25.217,24.497,24.767,75895,,,-0.6020,hfq
2026-03-26,24.537,24.757,23.897,24.177,60001,,,-2.3822,hfq
2026-03-27,23.697,24.277,23.637,24.047,54432,,,-0.5377,hfq
2026-03-30,23.657,24.027,23.227,23.787,54533,,,-1.0812,hfq
2026-03-31,23.697,23.997,23.227,23.427,46940,,,-1.5134,hfq
2026-04-01,23.777,24.347,23.277,24.047,67433,,,2.6465,hfq
2026-04-02,24.077,24.077,23.267,23.587,46328,,,-1.9129,hfq
2026-04-03,23.297,23.687,22.677,22.867,48773,,,-3.0525,hfq
2026-04-07,22.977,23.077,22.647,22.887,29437,,,0.0875,hfq
2026-04-08,23.217,23.797,23.207,23.787,43511,,,3.9324,hfq
2026-04-09,23.647,23.647,23.167,23.377,33867,,,-1.7236,hfq
2026-04-10,23.647,23.847,23.397,23.427,43662,,,0.2139,hfq
2026-04-13,23.227,23.967,23.197,23.637,43288,,,0.8964,hfq
2026-04-14,23.907,23.957,23.387,23.727,37637,,,0.3808,hfq
2026-04-15,23.727,23.827,23.397,23.467,32715,,,-1.0958,hfq
2026-04-16,23.467,24.047,23.277,23.997,48161,,,2.2585,hfq
2026-04-17,24.037,24.197,23.707,24.037,37241,,,0.1667,hfq
2026-04-20,24.087,24.467,23.707,24.287,44965,,,1.0401,hfq
2026-04-21,24.387,24.647,23.957,24.217,40848,,,-0.2882,hfq
2026-04-22,24.027,24.317,23.747,24.137,45573,,,-0.3303,hfq
2026-04-23,24.247,24.417,23.667,23.997,48973,,,-0.5800,hfq
2026-04-24,23.787,23.947,22.297,23.247,99130,,,-3.1254,hfq
2026-04-27,22.857,23.387,22.777,23.197,41838,,,-0.2151,hfq
2026-04-28,23.197,23.247,22.667,22.867,43190,,,-1.4226,hfq
2026-04-29,22.647,22.727,21.587,22.517,71376,,,-1.5306,hfq
2026-04-30,22.527,23.057,22.357,22.887,47427,,,1.6432,hfq
2026-05-06,22.907,23.267,22.817,23.097,49836,,,0.9176,hfq
2026-05-07,23.097,23.847,22.967,23.387,54023,,,1.2556,hfq
2026-05-08,23.267,23.907,23.077,23.817,47235,,,1.8386,hfq
2026-05-11,23.917,26.027,23.557,26.027,124185,,,9.2791,hfq
2026-05-12,27.187,27.687,24.957,25.717,331113,,,-1.1911,hfq
2026-05-13,25.507,25.657,25.167,25.287,152643,,,-1.6720,hfq
2026-05-14,25.467,26.887,25.437,25.587,235239,,,1.1864,hfq
2026-05-15,25.697,25.997,23.957,24.617,174906,,,-3.7910,hfq
2026-05-18,24.337,24.497,23.217,23.617,146830,,,-4.0622,hfq
2026-05-19,23.617,25.087,23.397,23.847,131098,,,0.9739,hfq
2026-05-20,23.407,23.937,23.067,23.337,91259,,,-2.1386,hfq
2026-05-21,23.277,23.927,22.047,22.197,139132,,,-4.8849,hfq
2026-05-22,22.217,23.357,21.857,23.087,114454,,,4.0096,hfq
2026-05-25,23.037,23.257,22.257,22.437,67944,,,-2.8154,hfq
2026-05-26,22.277,22.297,21.297,21.697,70699,,,-3.2981,hfq
2026-05-27,21.707,22.297,20.997,21.797,83004,,,0.4609,hfq
2026-05-28,21.647,22.077,21.297,21.897,55837,,,0.4588,hfq
2026-05-29,21.907,22.027,20.777,20.857,61653,,,-4.7495,hfq
2026-06-01,20.867,21.177,20.537,20.697,44222,,,-0.7671,hfq
2026-06-02,20.617,20.707,19.817,20.197,44815,,,-2.4158,hfq
2026-06-03,20.267,20.267,19.657,19.867,46262,,,-1.6339,hfq
2026-06-04,19.695,19.985,19.585,19.845,33333,,,-0.1107,hfq
2026-06-05,19.815,21.375,19.265,20.505,78236,,,3.3258,hfq
2026-06-08,20.085,21.545,19.995,20.265,98961,,,-1.1704,hfq
2026-06-09,20.355,20.635,19.955,20.275,51515,,,0.0493,hfq
2026-06-10,20.095,20.095,19.265,19.775,64291,,,-2.4661,hfq
2026-06-11,19.605,19.875,18.885,19.475,47093,,,-1.5171,hfq
2026-06-12,19.475,19.865,19.305,19.475,40724,,,0.0000,hfq
2026-06-15,19.505,19.585,19.165,19.315,44215,,,-0.8216,hfq
2026-06-16,19.315,19.775,19.005,19.655,51894,,,1.7603,hfq
2026-06-17,19.545,20.675,19.465,20.015,73903,,,1.8316,hfq
2026-06-18,19.825,20.015,18.995,19.005,58529,,,-5.0462,hfq
2026-06-22,18.885,19.185,18.485,19.005,44798,,,0.0000,hfq
2026-06-23,18.835,18.865,18.305,18.385,48804,,,-3.2623,hfq
2026-06-24,18.355,18.355,17.735,17.955,42483,,,-2.3389,hfq
2026-06-25,17.745,18.035,17.435,17.635,37221,,,-1.7822,hfq
2026-06-26,17.635,17.845,17.185,17.385,54348,,,-1.4176,hfq
2026-06-29,17.205,17.455,16.765,17.275,44714,,,-0.6327,hfq
2026-06-30,17.355,17.915,17.155,17.705,40962,,,2.4891,hfq
2026-07-01,17.715,18.075,17.245,17.795,37591,,,0.5083,hfq
2026-07-02,17.735,18.425,17.535,17.675,47970,,,-0.6743,hfq
2026-07-03,18.105,19.235,17.465,19.235,93089,,,8.8260,hfq
2026-07-06,18.785,19.285,18.265,18.845,131143,,,-2.0276,hfq
2026-07-07,18.765,18.945,17.875,17.915,68369,,,-4.9350,hfq
2026-07-08,18.065,18.165,16.975,16.975,50371,,,-5.2470,hfq
2026-07-09,17.035,17.775,16.425,16.835,67447,,,-0.8247,hfq
2026-07-10,16.975,18.315,16.835,18.315,55792,,,8.7912,hfq
2026-07-13,17.705,18.315,16.885,16.975,95000,,,-7.3164,hfq
2026-07-14,17.235,17.235,16.345,16.755,57123,,,-1.2960,hfq
2026-07-15,16.625,17.075,16.435,16.815,50828,,,0.3581,hfq
2026-07-16,16.885,17.265,16.455,16.735,52263,,,-0.4758,hfq
2026-07-17,16.725,16.885,15.945,16.005,59869,,,-4.3621,hfq
2026-07-20,16.005,16.385,15.015,15.335,73930,,,-4.1862,hfq
2026-07-21,15.535,15.535,14.605,15.485,61225,,,0.9782,hfq
2026-07-22,15.435,15.725,15.285,15.505,42780,,,0.1292,hfq
2026-07-23,15.545,16.285,15.545,16.255,56425,,,4.8371,hfq
2026-07-24,16.135,16.135,15.835,15.905,32558,,,-2.1532,hfq
2026-07-27,16.045,16.445,15.835,16.425,38059,,,3.2694,hfq
2026-07-28,16.335,16.795,16.085,16.545,32047,,,0.7306,hfq
2026-07-29,16.825,16.945,16.455,16.815,37835,,,1.6319,hfq
2026-07-30,16.705,17.095,16.595,16.635,33500,,,-1.0705,hfq
2026-07-31,16.885,17.345,16.695,16.945,64316,,,1.8635,hfq
2026-08-03,17.245,18.435,17.055,18.085,116215,,,6.7276,hfq
2026-08-04,17.925,18.545,17.885,18.305,97811,,,1.2165,hfq
2026-08-05,18.305,18.335,17.995,18.085,55797,,,-1.2019,hfq
2026-08-06,18.085,18.135,17.665,18.015,37046,,,-0.3871,hfq
2026-08-07,17.945,18.065,17.655,17.765,34509,,,-1.3877,hfq
2026-08-10,17.815,19.075,17.595,18.955,74401,,,6.6986,hfq
2026-08-11,19.065,19.285,18.565,18.985,51937,,,0.1583,hfq
2026-08-12,18.835,19.205,18.835,18.985,31278,,,0.0000,hfq
2026-08-13,19.065,19.075,18.285,18.385,51986,,,-3.1604,hfq
2026-08-14,18.385,18.385,17.865,18.005,32895,,,-2.0669,hfq
2026-08-17,18.015,18.115,17.825,18.055,27064,,,0.2777,hfq
2026-08-18,18.055,18.105,17.755,17.965,32090,,,-0.4985,hfq
2026-08-19,17.825,17.965,17.085,17.115,37857,,,-4.7314,hfq
2026-08-20,17.315,17.505,17.155,17.395,25414,,,1.6360,hfq
2026-08-21,17.385,17.505,17.085,17.465,25048,,,0.4024,hfq
2026-08-24,17.575,17.875,17.285,17.585,24846,,,0.6871,hfq
2026-08-25,17.595,17.905,17.355,17.865,24982,,,1.5923,hfq
2026-08-26,18.045,18.225,17.785,18.065,29553,,,1.1195,hfq
2026-08-27,18.045,18.065,17.815,18.065,21645,,,0.0000,hfq
2026-08-28,18.085,18.375,17.975,18.245,32222,,,0.9964,hfq
2026-08-31,17.965,18.085,17.705,17.965,26941,,,-1.5347,hfq
2026-09-01,18.215,18.235,17.925,17.965,26144,,,0.0000,hfq
2026-09-02,17.885,18.045,17.555,17.845,27017,,,-0.6680,hfq
2026-09-03,17.875,18.145,17.545,17.625,24478,,,-1.2328,hfq
2026-09-04,17.695,17.915,17.375,17.565,30562,,,-0.3404,hfq
2026-09-07,17.585,18.195,17.435,18.085,34324,,,2.9604,hfq
2026-09-08,18.105,18.455,18.045,18.435,32199,,,1.9353,hfq
2026-09-09,18.455,18.595,18.105,18.215,47823,,,-1.1934,hfq
2026-09-10,18.085,18.815,17.805,18.575,47567,,,1.9764,hfq
2026-09-11,18.425,18.445,17.885,18.185,39495,,,-2.0996,hfq
2026-09-14,18.125,18.185,17.835,18.135,34160,,,-0.2750,hfq
2026-09-15,18.055,18.535,17.745,18.265,42450,,,0.7168,hfq
2026-09-16,18.245,19.045,17.935,18.845,144124,,,3.1755,hfq
2026-09-17,18.735,19.445,18.245,18.925,111155,,,0.4245,hfq
2026-09-18,18.965,20.605,18.965,20.605,173543,,,8.8771,hfq
