trade_date,open,high,low,close,volume,amount,turnover,pct_change,adjust
2012-06-19,14.230,14.800,14.020,14.350,178544,,,,hfq
2012-06-20,14.520,15.790,14.260,15.790,148275,,,10.0348,hfq
2012-06-21,16.090,16.990,15.950,16.760,168251,,,6.1431,hfq
2012-06-25,16.500,16.690,15.360,15.850,118703,,,-5.4296,hfq
2012-06-26,15.660,15.800,14.710,15.240,83679,,,-3.8486,hfq
2012-06-27,15.110,16.740,15.090,16.000,111502,,,4.9869,hfq
2012-06-28,15.690,15.810,14.400,14.500,88560,,,-9.3750,hfq
2012-06-29,14.250,14.950,14.140,14.870,62306,,,2.5517,hfq
2012-07-02,14.960,15.400,14.610,15.180,65791,,,2.0847,hfq
2012-07-03,15.380,16.550,15.380,15.670,90417,,,3.2279,hfq
2012-07-04,15.500,16.260,15.160,15.290,66042,,,-2.4250,hfq
2012-07-05,15.180,16.640,14.720,16.160,86506,,,5.6900,hfq
2012-07-06,15.940,16.150,15.320,15.890,70381,,,-1.6708,hfq
2012-07-09,15.540,16.590,15.540,15.700,79460,,,-1.1957,hfq
2012-07-10,15.550,15.790,14.520,14.700,61291,,,-6.3694,hfq
2012-07-11,14.510,14.800,13.650,14.020,48786,,,-4.6259,hfq
2012-07-12,13.850,14.590,13.830,14.450,42629,,,3.0670,hfq
2012-07-13,14.220,14.350,13.260,13.400,52289,,,-7.2664,hfq
2012-07-16,13.360,13.420,12.600,12.730,43085,,,-5.0000,hfq
2012-07-17,12.600,12.930,12.490,12.750,28444,,,0.1571,hfq
2012-07-18,12.660,12.800,12.020,12.580,39320,,,-1.3333,hfq
2012-07-19,12.460,12.930,12.350,12.650,37857,,,0.5564,hfq
2012-07-20,12.550,12.860,12.480,12.650,22011,,,0.0000,hfq
2012-07-23,12.480,12.480,12.060,12.190,24761,,,-3.6364,hfq
2012-07-24,12.000,12.480,11.830,12.430,18916,,,1.9688,hfq
2012-07-25,12.260,13.020,12.220,12.630,40863,,,1.6090,hfq
2012-07-26,12.500,12.950,12.310,12.530,27735,,,-0.7918,hfq
2012-07-27,12.630,12.930,12.400,12.750,31323,,,1.7558,hfq
2012-07-30,12.650,12.850,12.230,12.310,24493,,,-3.4510,hfq
2012-07-31,12.220,12.320,11.360,11.380,29240,,,-7.5548,hfq
2012-08-01,11.300,11.760,11.300,11.670,21320,,,2.5483,hfq
2012-08-02,11.490,11.780,11.370,11.470,14407,,,-1.7138,hfq
2012-08-03,11.500,11.920,11.380,11.850,19035,,,3.3130,hfq
2012-08-06,11.700,12.460,11.660,12.340,28174,,,4.1350,hfq
2012-08-07,12.200,12.400,12.130,12.270,19788,,,-0.5673,hfq
2012-08-08,12.270,12.760,12.000,12.540,32142,,,2.2005,hfq
2012-08-09,12.480,12.750,12.310,12.590,27397,,,0.3987,hfq
2012-08-10,12.550,12.630,12.350,12.410,17605,,,-1.4297,hfq
2012-08-13,12.240,12.550,12.200,12.230,15726,,,-1.4504,hfq
2012-08-14,12.120,12.640,12.070,12.640,18902,,,3.3524,hfq
2012-08-15,12.630,12.630,12.310,12.350,12735,,,-2.2943,hfq
2012-08-16,12.400,12.540,12.150,12.270,11971,,,-0.6478,hfq
2012-08-17,12.400,12.400,11.850,12.030,13576,,,-1.9560,hfq
2012-08-20,11.830,12.050,11.710,11.980,10024,,,-0.4156,hfq
2012-08-21,11.900,12.410,11.900,12.360,13915,,,3.1720,hfq
2012-08-22,12.380,12.570,12.300,12.490,16191,,,1.0518,hfq
2012-08-23,12.480,13.040,12.430,12.950,30418,,,3.6829,hfq
2012-08-24,12.860,12.860,12.470,12.500,20232,,,-3.4749,hfq
2012-08-27,12.390,12.390,11.980,12.000,12025,,,-4.0000,hfq
2012-08-28,12.000,12.350,11.930,12.140,9174,,,1.1667,hfq
2012-08-29,12.130,13.160,12.100,12.740,42072,,,4.9423,hfq
2012-08-30,12.600,13.770,12.550,13.380,68555,,,5.0235,hfq
2012-08-31,13.160,13.560,13.060,13.510,34783,,,0.9716,hfq
2012-09-03,13.480,13.750,13.270,13.530,34982,,,0.1480,hfq
2012-09-04,13.400,14.580,13.380,14.000,53424,,,3.4738,hfq
2012-09-05,13.770,14.970,13.680,14.730,51988,,,5.2143,hfq
2012-09-06,14.770,14.960,14.320,14.700,39516,,,-0.2037,hfq
2012-09-07,14.770,15.120,14.560,14.800,43072,,,0.6803,hfq
2012-09-10,14.750,15.880,14.570,15.830,41296,,,6.9595,hfq
2012-09-11,15.610,15.970,15.410,15.870,21995,,,0.2527,hfq
2012-09-12,15.930,15.970,15.360,15.520,27424,,,-2.2054,hfq
2012-09-13,15.710,15.710,14.930,15.100,33984,,,-2.7062,hfq
2012-09-14,15.080,15.150,14.650,14.800,35660,,,-1.9868,hfq
2012-09-17,14.660,15.050,14.320,14.450,14012,,,-2.3649,hfq
2012-09-18,14.510,15.030,14.470,14.750,16521,,,2.0761,hfq
2012-09-19,14.750,16.040,14.750,15.580,35005,,,5.6271,hfq
2012-09-20,15.500,15.800,15.260,15.650,32499,,,0.4493,hfq
2012-09-21,15.400,16.220,14.730,15.440,27300,,,-1.3419,hfq
2012-09-24,15.000,15.800,14.510,15.790,14071,,,2.2668,hfq
2012-09-25,15.450,16.280,15.330,15.770,19546,,,-0.1267,hfq
2012-09-26,15.450,16.200,15.000,15.510,17298,,,-1.6487,hfq
2012-09-27,15.500,16.900,15.220,16.300,24414,,,5.0935,hfq
2012-09-28,16.190,17.280,15.860,16.980,29359,,,4.1718,hfq
2012-10-08,17.000,17.050,16.330,17.000,17040,,,0.1178,hfq
2012-10-09,16.800,17.370,16.670,16.880,24157,,,-0.7059,hfq
2012-10-10,16.800,16.810,16.150,16.280,23097,,,-3.5545,hfq
2012-10-11,16.190,16.190,15.390,15.400,25805,,,-5.4054,hfq
2012-10-12,15.230,15.560,14.870,15.300,18929,,,-0.6494,hfq
2012-10-15,14.900,14.910,13.830,14.350,27871,,,-6.2092,hfq
2012-10-16,14.200,14.450,14.000,14.250,12257,,,-0.6969,hfq
2012-10-17,14.260,14.750,14.200,14.460,10980,,,1.4737,hfq
2012-10-18,14.420,14.610,14.320,14.570,10151,,,0.7607,hfq
2012-10-19,14.510,14.610,14.120,14.240,11776,,,-2.2649,hfq
2012-10-22,14.090,14.590,13.900,14.560,8380,,,2.2472,hfq
2012-10-23,14.600,14.660,14.400,14.430,6761,,,-0.8929,hfq
2012-10-24,14.400,14.420,13.900,13.950,9541,,,-3.3264,hfq
2012-10-25,13.880,14.250,13.640,14.000,10373,,,0.3584,hfq
2012-10-26,14.140,14.640,14.050,14.500,18575,,,3.5714,hfq
2012-10-29,14.450,14.730,14.230,14.660,12310,,,1.1034,hfq
2012-10-30,14.650,14.700,14.390,14.420,7631,,,-1.6371,hfq
2012-10-31,14.500,14.500,13.880,14.180,8184,,,-1.6644,hfq
2012-11-01,14.250,15.030,14.110,15.030,17793,,,5.9944,hfq
2012-11-02,15.150,15.680,15.010,15.180,26644,,,0.9980,hfq
2012-11-05,15.050,15.650,14.810,15.390,15097,,,1.3834,hfq
2012-11-06,15.380,15.430,14.880,15.380,7288,,,-0.0650,hfq
2012-11-07,15.380,15.650,15.000,15.100,6869,,,-1.8205,hfq
2012-11-08,14.930,15.100,14.300,14.390,8069,,,-4.7020,hfq
2012-11-09,14.500,14.500,14.020,14.250,8614,,,-0.9729,hfq
2012-11-12,14.250,14.430,14.160,14.370,5503,,,0.8421,hfq
2012-11-13,14.560,14.570,13.100,13.740,13613,,,-4.3841,hfq
2012-11-14,13.490,13.750,13.370,13.720,3513,,,-0.1456,hfq
2012-11-15,13.350,14.200,13.350,13.970,8883,,,1.8222,hfq
2012-11-16,13.910,14.070,13.450,13.590,2919,,,-2.7201,hfq
2012-11-19,13.360,13.900,13.360,13.880,4111,,,2.1339,hfq
2012-11-20,13.910,13.970,13.710,13.710,2082,,,-1.2248,hfq
2012-11-21,13.720,13.990,13.400,13.940,2176,,,1.6776,hfq
2012-11-22,13.960,13.960,13.410,13.540,3430,,,-2.8694,hfq
2012-11-23,13.900,13.900,13.520,13.570,2055,,,0.2216,hfq
2012-11-26,13.690,14.110,13.580,13.780,5727,,,1.5475,hfq
2012-11-27,13.530,13.550,12.700,13.150,4775,,,-4.5718,hfq
2012-11-28,13.010,13.010,12.560,12.620,2878,,,-4.0304,hfq
2012-11-29,12.470,12.850,12.100,12.300,3322,,,-2.5357,hfq
2012-11-30,12.300,12.580,12.260,12.580,2616,,,2.2764,hfq
2012-12-03,12.500,12.650,12.300,12.590,2107,,,0.0795,hfq
2012-12-04,12.630,12.950,12.370,12.880,3227,,,2.3034,hfq
2012-12-05,12.850,13.880,12.580,13.520,8161,,,4.9689,hfq
2012-12-06,13.410,13.760,13.400,13.640,5031,,,0.8876,hfq
2012-12-07,13.500,14.070,13.500,14.000,6456,,,2.6393,hfq
2012-12-10,14.150,14.350,13.930,14.140,6056,,,1.0000,hfq
2012-12-11,14.120,14.220,13.890,14.070,3701,,,-0.4950,hfq
2012-12-12,13.930,14.120,13.600,13.880,2249,,,-1.3504,hfq
2012-12-13,13.880,14.470,13.750,14.140,7569,,,1.8732,hfq
2012-12-14,14.030,14.800,14.020,14.640,9499,,,3.5361,hfq
2012-12-17,14.800,14.880,13.750,13.840,19942,,,-5.4645,hfq
2012-12-18,13.780,13.830,13.310,13.450,18637,,,-2.8179,hfq
2012-12-19,13.320,13.650,13.220,13.560,12360,,,0.8178,hfq
2012-12-20,13.490,14.220,13.380,14.150,17095,,,4.3510,hfq
2012-12-21,14.140,14.740,13.850,14.600,19675,,,3.1802,hfq
2012-12-24,14.400,14.930,14.320,14.850,14226,,,1.7123,hfq
2012-12-25,14.650,15.100,14.630,14.890,15528,,,0.2694,hfq
2012-12-26,14.860,16.380,14.860,16.380,28669,,,10.0067,hfq
2012-12-27,16.970,16.970,15.700,15.770,24494,,,-3.7241,hfq
2012-12-28,15.680,17.350,15.680,17.350,36590,,,10.0190,hfq
2012-12-31,17.930,18.300,16.580,16.990,63094,,,-2.0749,hfq
2013-01-04,16.800,17.200,16.360,16.750,38551,,,-1.4126,hfq
2013-01-07,16.660,16.680,16.010,16.630,33076,,,-0.7164,hfq
2013-01-08,16.500,17.460,16.410,16.890,41476,,,1.5634,hfq
2013-01-09,16.600,16.750,16.200,16.580,22727,,,-1.8354,hfq
2013-01-10,16.520,16.740,16.210,16.340,14754,,,-1.4475,hfq
2013-01-11,16.340,17.080,16.310,16.370,25053,,,0.1836,hfq
2013-01-14,16.370,17.080,16.220,17.000,22108,,,3.8485,hfq
2013-01-15,16.950,17.290,16.730,17.140,21893,,,0.8235,hfq
2013-01-16,17.200,17.200,16.170,16.510,26072,,,-3.6756,hfq
2013-01-17,16.490,16.630,16.030,16.210,11987,,,-1.8171,hfq
2013-01-18,16.230,16.580,16.100,16.490,9315,,,1.7273,hfq
2013-01-21,16.550,16.580,16.240,16.490,8545,,,0.0000,hfq
2013-01-22,16.490,16.600,15.500,15.640,17362,,,-5.1546,hfq
2013-01-23,15.570,15.890,15.200,15.790,8843,,,0.9591,hfq
2013-01-24,15.530,15.780,14.900,15.390,10528,,,-2.5332,hfq
2013-01-25,15.390,15.480,15.200,15.360,4664,,,-0.1949,hfq
2013-01-28,15.380,15.900,15.200,15.880,16713,,,3.3854,hfq
2013-01-29,15.850,16.140,15.810,16.040,12392,,,1.0076,hfq
2013-01-30,16.070,16.290,15.840,15.980,19423,,,-0.3741,hfq
2013-01-31,15.800,15.920,14.910,14.960,21122,,,-6.3830,hfq
2013-02-01,14.880,15.050,14.560,14.600,18579,,,-2.4064,hfq
2013-02-04,14.600,14.730,13.980,14.200,16264,,,-2.7397,hfq
2013-02-05,14.110,14.550,14.020,14.520,10744,,,2.2535,hfq
2013-02-06,14.520,14.580,14.250,14.350,11435,,,-1.1708,hfq
2013-02-07,14.380,14.670,14.380,14.590,10938,,,1.6725,hfq
2013-02-08,14.520,14.970,14.490,14.840,12004,,,1.7135,hfq
2013-02-18,14.950,15.130,14.740,15.080,13325,,,1.6173,hfq
2013-02-19,15.010,15.100,14.510,14.620,10293,,,-3.0504,hfq
2013-02-20,14.600,15.050,14.600,14.960,7131,,,2.3256,hfq
2013-02-21,14.850,14.960,14.580,14.590,9077,,,-2.4733,hfq
2013-02-22,14.590,16.050,14.590,15.900,52572,,,8.9788,hfq
2013-02-25,15.700,16.380,15.600,16.360,39211,,,2.8931,hfq
2013-02-26,16.300,16.830,15.860,16.130,23940,,,-1.4059,hfq
2013-02-27,16.170,16.300,15.780,15.800,9572,,,-2.0459,hfq
2013-02-28,15.750,16.160,15.460,16.090,13967,,,1.8354,hfq
2013-03-01,16.110,16.380,15.550,15.800,15848,,,-1.8024,hfq
2013-03-04,15.740,15.750,14.910,15.000,13876,,,-5.0633,hfq
2013-03-05,14.910,15.580,14.770,15.450,12842,,,3.0000,hfq
2013-03-06,15.450,17.000,15.450,17.000,37265,,,10.0324,hfq
2013-03-07,17.180,17.380,16.460,16.590,31031,,,-2.4118,hfq
2013-03-08,16.590,17.280,16.160,17.180,26195,,,3.5564,hfq
2013-03-11,17.000,17.550,16.880,17.190,19090,,,0.0582,hfq
2013-03-12,16.900,17.150,16.010,16.380,14118,,,-4.7120,hfq
2013-03-13,16.150,18.020,15.830,17.450,35406,,,6.5324,hfq
2013-03-14,17.200,19.200,17.100,18.400,32858,,,5.4441,hfq
2013-03-15,18.050,18.980,18.000,18.030,30722,,,-2.0109,hfq
2013-03-18,18.000,18.990,17.530,18.760,25019,,,4.0488,hfq
2013-03-19,18.640,20.280,18.640,19.400,19657,,,3.4115,hfq
2013-03-20,19.370,19.800,18.840,19.620,19279,,,1.1340,hfq
2013-03-21,19.540,19.960,19.200,19.500,15769,,,-0.6116,hfq
2013-03-22,19.380,19.600,18.880,19.360,17523,,,-0.7179,hfq
2013-03-25,19.360,19.450,18.810,19.050,10344,,,-1.6012,hfq
2013-03-26,19.000,19.580,18.300,18.790,22745,,,-1.3648,hfq
2013-03-27,18.830,19.100,18.510,19.000,11503,,,1.1176,hfq
2013-03-28,18.830,18.830,18.210,18.210,16623,,,-4.1579,hfq
2013-03-29,18.210,18.430,17.400,17.690,16777,,,-2.8556,hfq
2013-04-01,17.500,18.290,17.480,17.880,18834,,,1.0741,hfq
2013-04-02,18.080,18.590,17.530,17.790,11799,,,-0.5034,hfq
2013-04-03,17.800,17.800,16.720,17.100,13914,,,-3.8786,hfq
2013-04-08,16.650,17.750,16.520,17.500,12064,,,2.3392,hfq
2013-04-09,17.500,17.690,17.320,17.490,4862,,,-0.0571,hfq
2013-04-10,17.290,17.970,17.290,17.460,6561,,,-0.1715,hfq
2013-04-11,17.440,17.710,17.120,17.170,4051,,,-1.6609,hfq
2013-04-12,16.580,17.510,16.580,16.700,9743,,,-2.7373,hfq
2013-04-15,16.770,16.850,16.120,16.430,6626,,,-1.6168,hfq
2013-04-16,16.300,16.790,16.050,16.780,10073,,,2.1302,hfq
2013-04-17,16.780,17.470,16.560,17.400,11962,,,3.6949,hfq
2013-04-18,17.200,17.750,17.130,17.310,5275,,,-0.5172,hfq
2013-04-19,17.310,17.980,17.310,17.560,11606,,,1.4443,hfq
2013-04-22,17.500,18.290,17.440,17.890,21519,,,1.8793,hfq
2013-04-23,18.000,18.000,16.680,16.690,15180,,,-6.7077,hfq
2013-04-24,16.710,17.450,16.710,17.220,10204,,,3.1756,hfq
2013-04-25,17.280,18.170,17.110,17.400,15350,,,1.0453,hfq
2013-04-26,17.360,18.650,17.110,18.240,24420,,,4.8276,hfq
2013-05-02,18.200,19.000,17.900,18.790,20821,,,3.0154,hfq
2013-05-03,18.790,19.240,18.530,19.180,32355,,,2.0756,hfq
2013-05-06,18.990,19.360,18.710,19.030,24624,,,-0.7821,hfq
2013-05-07,18.710,19.600,18.400,19.360,23850,,,1.7341,hfq
2013-05-08,19.290,19.400,18.820,19.210,14840,,,-0.7748,hfq
2013-05-09,19.170,19.170,18.430,18.890,17894,,,-1.6658,hfq
2013-05-10,18.770,20.150,18.650,19.920,29303,,,5.4526,hfq
2013-05-13,19.930,20.100,19.370,19.760,16049,,,-0.8032,hfq
2013-05-14,19.640,19.640,18.110,18.300,29432,,,-7.3887,hfq
2013-05-15,18.360,18.790,18.130,18.770,11020,,,2.5683,hfq
2013-05-16,18.770,19.250,17.720,18.050,20050,,,-3.8359,hfq
2013-05-17,18.000,18.450,17.750,18.260,15675,,,1.1634,hfq
2013-05-20,18.320,19.470,18.300,19.210,20758,,,5.2026,hfq
2013-05-21,19.080,19.960,18.730,19.820,20498,,,3.1754,hfq
2013-05-22,19.820,19.980,18.350,18.470,32095,,,-6.8113,hfq
2013-05-23,18.150,19.400,18.130,18.650,29314,,,0.9746,hfq
2013-05-24,19.450,20.520,19.230,20.520,43422,,,10.0268,hfq
2013-05-27,21.090,21.700,20.550,21.360,80998,,,4.0936,hfq
2013-05-28,21.210,21.210,20.020,20.220,38199,,,-5.3371,hfq
2013-05-29,20.200,20.690,19.900,20.400,28168,,,0.8902,hfq
2013-05-30,20.110,21.640,19.810,21.180,37617,,,3.8235,hfq
2013-05-31,20.950,20.980,20.210,20.230,24688,,,-4.4854,hfq
2013-06-03,20.550,20.550,19.390,19.580,20220,,,-3.2130,hfq
2013-06-04,19.580,19.930,18.610,18.960,22402,,,-3.1665,hfq
2013-06-05,19.000,19.440,18.810,19.440,15779,,,2.5316,hfq
2013-06-06,19.260,19.440,18.610,18.800,15290,,,-3.2922,hfq
2013-06-07,18.650,19.410,18.650,19.410,16877,,,3.2447,hfq
2013-06-13,19.100,19.100,17.970,18.910,16526,,,-2.5760,hfq
2013-06-14,18.930,19.930,18.800,19.870,24648,,,5.0767,hfq
2013-06-17,19.800,20.480,19.600,19.650,25306,,,-1.1072,hfq
2013-06-18,19.500,19.690,18.320,19.110,27278,,,-2.7481,hfq
2013-06-19,18.830,19.400,18.570,19.380,14361,,,1.4129,hfq
2013-06-20,19.250,19.330,18.040,18.080,17027,,,-6.7079,hfq
2013-06-21,17.670,17.920,16.450,17.580,16296,,,-2.7655,hfq
2013-06-24,17.550,17.550,15.850,16.080,16990,,,-8.5324,hfq
2013-06-25,15.880,16.400,14.610,16.230,21317,,,0.9328,hfq
2013-06-26,16.380,17.090,16.000,17.010,17960,,,4.8059,hfq
2013-06-27,17.300,17.300,15.900,16.380,18771,,,-3.7037,hfq
2013-06-28,16.100,16.380,15.400,15.630,17096,,,-4.5788,hfq
2013-07-01,15.390,16.210,15.050,16.190,17368,,,3.5829,hfq
2013-07-02,16.200,16.770,16.100,16.750,20795,,,3.4589,hfq
2013-07-03,16.730,16.990,16.180,16.790,17758,,,0.2388,hfq
2013-07-04,16.590,17.200,16.390,16.680,17922,,,-0.6552,hfq
2013-07-05,16.780,17.500,16.300,16.390,18435,,,-1.7386,hfq
2013-07-08,15.670,16.100,15.100,15.470,24738,,,-5.6132,hfq
2013-07-09,15.370,15.560,15.060,15.340,16986,,,-0.8403,hfq
2013-07-10,15.340,15.750,15.240,15.750,19913,,,2.6728,hfq
2013-07-11,15.660,16.300,15.600,16.050,16372,,,1.9048,hfq
2013-07-12,15.750,16.820,15.580,16.370,34100,,,1.9938,hfq
2013-07-15,16.200,16.800,16.030,16.460,22150,,,0.5498,hfq
2013-07-16,16.450,16.760,16.260,16.550,21793,,,0.5468,hfq
2013-07-17,16.400,16.930,16.000,16.000,24297,,,-3.3233,hfq
2013-07-18,16.050,16.060,15.500,15.720,20545,,,-1.7500,hfq
2013-07-19,15.800,16.040,15.200,15.200,19878,,,-3.3079,hfq
2013-07-22,14.920,16.210,14.720,15.820,13569,,,4.0789,hfq
2013-07-23,15.820,16.400,15.810,16.150,21317,,,2.0860,hfq
2013-07-24,16.270,16.270,15.660,16.030,20745,,,-0.7430,hfq
2013-07-25,16.000,16.470,15.500,15.500,22002,,,-3.3063,hfq
2013-07-26,15.350,15.900,15.100,15.590,15668,,,0.5806,hfq
2013-07-29,15.590,16.180,15.200,15.570,16269,,,-0.1283,hfq
2013-07-30,15.580,16.000,14.730,15.330,13699,,,-1.5414,hfq
2013-07-31,15.670,15.670,15.120,15.210,7865,,,-0.7828,hfq
2013-08-01,15.290,15.860,15.230,15.800,18819,,,3.8790,hfq
2013-08-02,15.980,17.000,15.870,16.330,38322,,,3.3544,hfq
2013-08-05,16.220,16.570,16.100,16.420,20574,,,0.5511,hfq
2013-08-06,16.330,16.470,16.180,16.380,15102,,,-0.2436,hfq
2013-08-07,16.310,16.390,15.860,16.090,15991,,,-1.7705,hfq
2013-08-08,16.070,16.900,15.930,16.700,29203,,,3.7912,hfq
2013-08-09,16.700,16.830,16.300,16.550,20855,,,-0.8982,hfq
2013-08-12,16.600,16.650,16.160,16.450,21139,,,-0.6042,hfq
2013-08-13,16.440,16.870,16.350,16.830,25977,,,2.3100,hfq
2013-08-14,16.850,16.850,16.440,16.550,20637,,,-1.6637,hfq
2013-08-15,16.540,16.660,16.030,16.030,18169,,,-3.1420,hfq
2013-08-16,15.850,16.250,15.500,15.520,13870,,,-3.1815,hfq
2013-08-19,15.400,15.950,15.370,15.950,8427,,,2.7706,hfq
2013-08-20,15.840,16.000,15.620,15.800,10745,,,-0.9404,hfq
2013-08-21,15.850,16.060,15.700,15.940,7590,,,0.8861,hfq
2013-08-22,15.950,16.080,15.850,16.080,10031,,,0.8783,hfq
2013-08-23,16.100,16.400,15.700,16.100,16843,,,0.1244,hfq
2013-08-26,16.110,16.390,16.100,16.390,13195,,,1.8012,hfq
2013-08-27,16.420,16.480,16.110,16.290,13012,,,-0.6101,hfq
2013-08-28,16.160,16.160,15.820,15.820,16167,,,-2.8852,hfq
2013-08-29,15.810,15.960,15.600,15.730,8817,,,-0.5689,hfq
2013-08-30,15.770,15.830,15.120,15.190,15393,,,-3.4329,hfq
2013-09-02,15.190,15.340,15.040,15.300,11748,,,0.7242,hfq
2013-09-03,15.260,15.770,15.230,15.590,9213,,,1.8954,hfq
2013-09-04,15.640,15.640,15.380,15.400,8188,,,-1.2187,hfq
2013-09-05,15.510,16.150,15.510,15.970,28979,,,3.7013,hfq
2013-09-06,16.210,16.260,15.780,16.020,18580,,,0.3131,hfq
2013-09-09,16.200,17.610,16.190,17.610,69715,,,9.9251,hfq
2013-09-10,17.490,18.420,17.490,17.780,54926,,,0.9654,hfq
2013-09-11,18.010,18.030,16.980,17.300,26957,,,-2.6997,hfq
2013-09-12,17.120,17.400,16.820,17.040,20476,,,-1.5029,hfq
2013-09-13,16.960,17.340,16.910,17.210,16100,,,0.9977,hfq
2013-09-16,17.380,17.530,16.910,17.040,13343,,,-0.9878,hfq
2013-09-17,16.910,17.400,16.900,17.120,18729,,,0.4695,hfq
2013-09-18,17.000,17.310,16.600,16.920,11400,,,-1.1682,hfq
2013-09-23,16.820,17.420,16.800,17.340,15432,,,2.4823,hfq
2013-09-24,17.230,17.420,16.900,17.230,10930,,,-0.6344,hfq
2013-09-25,17.300,18.250,17.190,17.460,22040,,,1.3349,hfq
2013-09-26,17.600,17.750,16.780,16.810,16909,,,-3.7228,hfq
2013-09-27,17.030,17.450,16.800,16.910,7101,,,0.5949,hfq
2013-09-30,16.930,17.380,16.800,17.150,8429,,,1.4193,hfq
2013-10-08,17.100,17.550,16.980,17.420,12838,,,1.5743,hfq
2013-10-09,17.370,17.560,17.110,17.410,20093,,,-0.0574,hfq
2013-10-10,17.400,17.550,17.160,17.190,15344,,,-1.2636,hfq
2013-10-11,17.280,17.370,16.700,17.060,19215,,,-0.7563,hfq
2013-10-14,17.050,17.050,16.700,16.860,19376,,,-1.1723,hfq
2013-10-15,16.910,17.020,16.730,17.010,13761,,,0.8897,hfq
2013-10-16,16.900,17.000,15.600,15.830,20104,,,-6.9371,hfq
2013-10-17,15.800,16.260,15.630,15.740,18296,,,-0.5685,hfq
2013-10-18,15.750,16.150,15.750,15.970,6722,,,1.4612,hfq
2013-10-21,15.910,16.410,15.900,16.370,15296,,,2.5047,hfq
2013-10-22,16.380,16.380,15.860,15.970,15142,,,-2.4435,hfq
2013-10-23,15.970,16.070,15.550,15.610,8995,,,-2.2542,hfq
2013-10-24,15.600,15.730,15.450,15.630,6167,,,0.1281,hfq
2013-10-25,15.700,15.750,15.280,15.470,6324,,,-1.0237,hfq
2013-10-28,15.490,15.950,15.400,15.900,7902,,,2.7796,hfq
2013-10-29,15.780,15.950,14.650,14.900,13701,,,-6.2893,hfq
2013-10-30,14.900,15.440,14.760,15.320,11329,,,2.8188,hfq
2013-10-31,15.280,15.990,15.080,15.470,12291,,,0.9791,hfq
2013-11-01,15.380,15.540,14.940,15.440,7363,,,-0.1939,hfq
2013-11-04,15.420,15.870,15.280,15.680,8295,,,1.5544,hfq
2013-11-05,15.680,16.100,15.680,15.880,11624,,,1.2755,hfq
2013-11-06,15.710,16.090,15.620,15.650,10103,,,-1.4484,hfq
2013-11-07,15.580,15.700,15.270,15.310,7886,,,-2.1725,hfq
2013-11-08,15.300,15.380,14.750,15.130,8166,,,-1.1757,hfq
2013-11-11,15.090,16.400,14.920,15.920,16209,,,5.2214,hfq
2013-11-12,16.100,17.180,15.940,16.800,38479,,,5.5276,hfq
2013-11-13,16.700,16.780,16.310,16.570,21854,,,-1.3690,hfq
2013-11-14,16.600,17.800,16.550,17.300,37680,,,4.4056,hfq
2013-11-15,17.400,18.610,17.300,18.490,55816,,,6.8786,hfq
2013-11-18,18.590,18.910,17.960,18.500,47223,,,0.0541,hfq
2013-11-19,18.400,19.290,18.160,18.600,37251,,,0.5405,hfq
2013-11-20,18.510,18.870,18.110,18.410,30836,,,-1.0215,hfq
2013-11-21,18.540,18.650,17.820,17.890,26485,,,-2.8246,hfq
2013-11-22,18.030,18.550,17.810,18.320,25666,,,2.4036,hfq
2013-11-25,18.220,19.780,18.110,19.400,38177,,,5.8952,hfq
2013-11-26,19.300,20.250,18.980,19.260,37141,,,-0.7216,hfq
2013-11-27,19.260,19.940,19.120,19.610,24738,,,1.8172,hfq
2013-11-28,19.580,20.990,19.360,20.690,29924,,,5.5074,hfq
2013-11-29,20.600,22.320,20.600,21.390,40499,,,3.3833,hfq
2013-12-02,19.260,20.100,19.260,19.260,20971,,,-9.9579,hfq
2013-12-03,18.000,18.820,17.340,18.380,43546,,,-4.5691,hfq
2013-12-04,18.160,18.800,17.600,17.610,31943,,,-4.1893,hfq
2013-12-05,17.350,17.850,17.140,17.400,30038,,,-1.1925,hfq
2013-12-06,17.390,17.760,17.200,17.310,25033,,,-0.5172,hfq
2013-12-09,17.320,18.270,17.320,17.980,25780,,,3.8706,hfq
2013-12-10,18.100,18.100,17.580,17.710,18532,,,-1.5017,hfq
2013-12-11,17.800,18.450,17.700,18.090,21075,,,2.1457,hfq
2013-12-12,18.000,18.410,17.900,18.120,15676,,,0.1658,hfq
2013-12-13,18.130,18.490,17.950,18.240,14980,,,0.6623,hfq
2013-12-16,18.230,18.490,17.660,17.870,15983,,,-2.0285,hfq
2013-12-17,18.100,18.100,17.350,17.680,9603,,,-1.0632,hfq
2013-12-18,17.610,17.750,17.240,17.510,8294,,,-0.9615,hfq
2013-12-19,17.660,17.790,17.410,17.410,7447,,,-0.5711,hfq
2013-12-20,17.500,17.690,17.380,17.550,7394,,,0.8041,hfq
2013-12-23,17.580,17.580,16.760,17.200,8682,,,-1.9943,hfq
2013-12-24,17.200,17.900,17.200,17.660,10474,,,2.6744,hfq
2013-12-25,17.980,19.020,17.870,18.770,25881,,,6.2854,hfq
2013-12-26,18.760,19.040,18.450,18.540,23304,,,-1.2254,hfq
2013-12-27,18.540,20.080,18.540,19.800,29704,,,6.7961,hfq
2013-12-30,19.710,20.190,19.500,19.770,23291,,,-0.1515,hfq
2013-12-31,19.400,19.670,18.830,19.130,22496,,,-3.2372,hfq
2014-01-02,18.920,19.630,18.820,19.430,16192,,,1.5682,hfq
2014-01-03,19.370,19.670,19.100,19.320,16984,,,-0.5661,hfq
2014-01-06,19.130,19.160,17.880,18.040,16317,,,-6.6253,hfq
2014-01-07,17.910,18.500,17.800,18.480,12992,,,2.4390,hfq
2014-01-08,18.560,19.020,18.500,18.700,16248,,,1.1905,hfq
2014-01-09,18.700,18.930,17.950,17.990,15672,,,-3.7968,hfq
2014-01-10,17.900,18.690,17.810,18.190,8969,,,1.1117,hfq
2014-01-13,18.260,18.830,18.180,18.550,11774,,,1.9791,hfq
2014-01-14,18.650,20.360,18.150,19.810,28800,,,6.7925,hfq
2014-01-15,19.940,20.570,19.570,20.150,34166,,,1.7163,hfq
2014-01-16,20.120,20.340,19.720,19.940,24508,,,-1.0422,hfq
2014-01-17,19.910,21.100,19.820,20.710,40257,,,3.8616,hfq
2014-01-20,20.740,21.030,19.780,20.370,27989,,,-1.6417,hfq
2014-01-21,20.530,21.080,20.000,20.960,25328,,,2.8964,hfq
2014-01-22,20.940,20.990,20.100,20.760,24498,,,-0.9542,hfq
2014-01-23,20.600,21.500,20.480,21.030,29339,,,1.3006,hfq
2014-01-24,20.900,21.580,20.730,21.050,25786,,,0.0951,hfq
2014-01-27,20.500,20.580,20.000,20.000,29545,,,-4.9881,hfq
2014-01-28,19.920,20.180,19.360,19.720,18976,,,-1.4000,hfq
2014-01-29,20.300,21.680,20.010,21.120,33094,,,7.0994,hfq
2014-01-30,20.850,21.060,20.120,20.550,16691,,,-2.6989,hfq
2014-02-07,20.110,20.860,20.100,20.800,20028,,,1.2165,hfq
2014-02-10,20.800,21.660,20.570,21.350,29981,,,2.6442,hfq
2014-02-11,21.350,22.480,21.040,21.990,47953,,,2.9977,hfq
2014-02-12,21.940,23.560,21.450,23.540,45659,,,7.0487,hfq
2014-02-13,23.110,23.900,22.450,22.510,38618,,,-4.3755,hfq
2014-02-14,22.800,23.500,22.530,23.280,23609,,,3.4207,hfq
2014-02-17,23.700,24.770,23.500,24.210,29180,,,3.9948,hfq
2014-02-18,24.290,24.320,23.600,23.830,18198,,,-1.5696,hfq
2014-02-19,23.750,23.930,22.610,23.080,21332,,,-3.1473,hfq
2014-02-20,23.090,23.160,22.000,22.380,16059,,,-3.0329,hfq
2014-02-21,22.310,23.090,22.220,22.710,12598,,,1.4745,hfq
2014-02-24,22.710,23.140,21.850,22.930,15815,,,0.9687,hfq
2014-02-25,22.930,23.990,21.930,22.650,34716,,,-1.2211,hfq
2014-02-26,22.600,22.820,21.230,22.480,18637,,,-0.7506,hfq
2014-02-27,22.700,22.700,20.880,21.250,31165,,,-5.4715,hfq
2014-02-28,21.260,21.260,20.310,20.910,12387,,,-1.6000,hfq
2014-03-03,21.070,21.070,20.710,20.980,12465,,,0.3348,hfq
2014-03-04,20.870,21.100,20.150,20.840,13586,,,-0.6673,hfq
2014-03-05,21.010,21.050,20.490,21.010,12593,,,0.8157,hfq
2014-03-06,21.050,21.050,20.270,20.780,11568,,,-1.0947,hfq
2014-03-07,20.690,21.360,20.690,20.970,12721,,,0.9143,hfq
2014-03-10,20.800,20.800,19.700,19.700,12458,,,-6.0563,hfq
2014-03-11,19.930,20.090,19.200,19.860,6813,,,0.8122,hfq
2014-03-12,19.800,19.980,19.310,19.600,6022,,,-1.3092,hfq
2014-03-13,19.650,20.040,19.600,20.040,3806,,,2.2449,hfq
2014-03-14,19.850,20.200,19.650,20.160,6317,,,0.5988,hfq
2014-03-17,20.230,21.050,20.020,20.950,9443,,,3.9187,hfq
2014-03-18,20.870,21.200,20.710,20.890,6690,,,-0.2864,hfq
2014-03-19,20.890,20.890,20.110,20.410,5717,,,-2.2978,hfq
2014-03-20,20.320,20.590,18.730,18.920,18814,,,-7.3003,hfq
2014-03-21,18.990,19.400,18.620,19.260,9107,,,1.7970,hfq
2014-03-24,19.320,19.350,18.800,19.010,6248,,,-1.2980,hfq
2014-03-25,19.070,19.420,18.930,19.180,4972,,,0.8943,hfq
2014-03-26,19.280,19.730,19.090,19.360,6201,,,0.9385,hfq
2014-03-27,19.350,19.350,18.630,18.700,8856,,,-3.4091,hfq
2014-03-28,18.660,18.850,18.310,18.530,6157,,,-0.9091,hfq
2014-03-31,18.500,18.700,18.180,18.700,4279,,,0.9174,hfq
2014-04-01,18.680,19.080,18.650,19.000,4340,,,1.6043,hfq
2014-04-02,19.380,19.390,18.700,18.800,3095,,,-1.0526,hfq
2014-04-03,18.950,19.280,18.830,19.020,3965,,,1.1702,hfq
2014-04-04,18.780,19.150,18.660,19.150,3652,,,0.6835,hfq
2014-04-08,17.910,18.700,17.910,18.400,9639,,,-3.9164,hfq
2014-04-09,18.380,18.690,18.330,18.610,4691,,,1.1413,hfq
2014-04-10,18.620,19.390,18.620,18.900,8045,,,1.5583,hfq
2014-04-11,18.700,18.760,18.420,18.750,4806,,,-0.7937,hfq
2014-04-14,18.830,19.200,18.680,19.130,4466,,,2.0267,hfq
2014-04-15,19.100,19.380,19.020,19.090,4490,,,-0.2091,hfq
2014-04-16,19.050,19.300,18.960,19.140,3793,,,0.2619,hfq
2014-04-17,19.290,19.320,19.150,19.150,4919,,,0.0522,hfq
2014-04-18,19.070,19.300,18.800,19.150,4143,,,0.0000,hfq
2014-04-21,18.850,19.300,18.850,18.860,2957,,,-1.5144,hfq
2014-04-22,18.860,19.100,18.210,18.400,4879,,,-2.4390,hfq
2014-04-23,18.780,18.780,18.120,18.350,3240,,,-0.2717,hfq
2014-04-24,18.360,18.380,17.600,17.720,5947,,,-3.4332,hfq
2014-04-25,17.770,17.770,16.920,16.950,8161,,,-4.3454,hfq
2014-04-28,16.940,17.260,16.760,16.980,5328,,,0.1770,hfq
2014-04-29,16.900,17.250,16.880,17.180,3141,,,1.1779,hfq
2014-04-30,17.200,17.290,17.000,17.190,2342,,,0.0582,hfq
2014-05-05,17.210,17.600,17.200,17.500,2839,,,1.8034,hfq
2014-05-06,17.450,18.340,17.450,18.060,5202,,,3.2000,hfq
2014-05-07,18.060,18.260,17.600,17.620,4611,,,-2.4363,hfq
2014-05-08,17.420,18.060,17.340,17.700,2896,,,0.4540,hfq
2014-05-09,17.610,18.340,17.210,18.070,8554,,,2.0904,hfq
2014-05-12,18.070,18.670,17.940,18.430,5142,,,1.9923,hfq
2014-05-13,18.150,18.550,17.980,18.080,4621,,,-1.8991,hfq
2014-05-14,18.080,18.260,17.700,18.030,3761,,,-0.2765,hfq
2014-05-15,17.940,18.140,17.600,17.620,3686,,,-2.2740,hfq
2014-05-16,17.620,17.920,17.520,17.700,3523,,,0.4540,hfq
2014-05-19,17.750,18.100,17.510,17.770,2470,,,0.3955,hfq
2014-05-20,17.840,18.360,17.840,18.220,5493,,,2.5324,hfq
2014-05-21,18.230,18.280,17.800,18.270,4057,,,0.2744,hfq
2014-05-22,18.350,19.200,18.200,18.770,11403,,,2.7367,hfq
2014-05-23,18.850,18.960,18.530,18.910,7765,,,0.7459,hfq
2014-05-26,18.800,19.280,18.800,19.020,7073,,,0.5817,hfq
2014-05-27,19.010,19.080,18.770,18.810,4976,,,-1.1041,hfq
2014-05-28,18.880,19.450,18.800,19.320,7102,,,2.7113,hfq
2014-05-29,19.200,19.350,18.820,18.900,6080,,,-2.1739,hfq
2014-05-30,18.800,19.460,18.750,19.320,8313,,,2.2222,hfq
2014-06-03,19.320,19.780,19.210,19.560,7904,,,1.2422,hfq
2014-06-04,19.520,19.520,18.730,18.900,7259,,,-3.3742,hfq
2014-06-05,18.910,19.170,18.760,19.120,4530,,,1.1640,hfq
2014-06-06,19.180,19.190,18.810,18.850,5027,,,-1.4121,hfq
2014-06-09,18.930,19.140,18.720,18.830,4564,,,-0.1061,hfq
2014-06-10,18.920,19.170,18.720,19.120,5236,,,1.5401,hfq
2014-06-11,19.110,19.330,19.000,19.300,6619,,,0.9414,hfq
2014-06-12,19.200,20.520,19.200,19.880,17397,,,3.0052,hfq
2014-06-13,19.780,20.590,19.700,20.220,12696,,,1.7103,hfq
2014-06-16,20.200,20.540,19.960,20.080,10492,,,-0.6924,hfq
2014-06-17,20.080,20.160,19.720,19.860,7255,,,-1.0956,hfq
2014-06-18,19.850,20.000,19.490,19.850,6482,,,-0.0504,hfq
2014-06-19,19.640,19.930,18.780,18.940,7990,,,-4.5844,hfq
2014-06-20,18.940,19.230,18.820,19.200,4563,,,1.3728,hfq
2014-06-23,19.350,19.890,19.210,19.590,8345,,,2.0312,hfq
2014-06-24,19.590,20.380,19.530,20.180,13003,,,3.0117,hfq
2014-06-25,20.070,20.540,19.830,20.390,15008,,,1.0406,hfq
2014-06-26,20.600,20.980,20.400,20.500,23695,,,0.5395,hfq
2014-06-27,20.430,20.950,20.430,20.790,14625,,,1.4146,hfq
2014-06-30,21.200,22.850,21.100,22.850,50795,,,9.9086,hfq
2014-07-01,23.200,23.200,22.150,22.400,35202,,,-1.9694,hfq
2014-07-02,22.960,23.400,21.790,22.360,32199,,,-0.1786,hfq
2014-07-03,21.970,22.480,21.760,21.980,28548,,,-1.6995,hfq
2014-07-04,22.000,22.310,21.600,22.310,18404,,,1.5014,hfq
2014-07-07,22.310,22.310,21.830,22.040,13411,,,-1.2102,hfq
2014-07-08,22.080,24.220,22.070,24.220,54463,,,9.8911,hfq
2014-07-09,24.400,26.610,24.400,25.720,79941,,,6.1932,hfq
2014-07-10,26.200,27.000,25.590,26.070,52024,,,1.3608,hfq
2014-07-11,25.700,26.440,25.450,26.000,32711,,,-0.2685,hfq
2014-07-14,26.200,26.280,25.380,25.540,26679,,,-1.7692,hfq
2014-07-15,25.100,26.590,24.520,26.100,42770,,,2.1926,hfq
2014-07-16,25.750,25.770,24.200,24.500,36844,,,-6.1303,hfq
2014-07-17,24.700,24.970,23.730,24.370,18302,,,-0.5306,hfq
2014-07-18,24.370,26.130,24.210,24.930,25829,,,2.2979,hfq
2014-07-21,24.710,25.170,24.200,24.630,11615,,,-1.2034,hfq
2014-07-22,24.440,24.880,24.400,24.510,10536,,,-0.4872,hfq
2014-07-23,24.590,24.600,22.520,22.620,28334,,,-7.7111,hfq
2014-07-24,22.560,22.700,21.780,22.300,14062,,,-1.4147,hfq
2014-07-25,22.370,22.690,21.980,22.560,9871,,,1.1659,hfq
2014-07-28,22.560,22.950,22.550,22.840,14103,,,1.2411,hfq
2014-07-29,22.940,23.300,22.580,23.090,14844,,,1.0946,hfq
2014-07-30,22.980,23.100,22.630,23.100,10666,,,0.0433,hfq
2014-07-31,23.040,23.800,22.900,23.520,17134,,,1.8182,hfq
2014-08-01,23.500,23.580,22.600,22.680,10571,,,-3.5714,hfq
2014-08-04,22.510,24.200,22.510,24.000,20542,,,5.8201,hfq
2014-08-05,24.000,24.290,23.480,24.000,12432,,,0.0000,hfq
2014-08-06,23.800,24.190,23.680,23.930,10201,,,-0.2917,hfq
2014-08-07,23.950,23.950,23.200,23.230,9997,,,-2.9252,hfq
2014-08-08,23.060,23.400,22.950,23.280,6781,,,0.2152,hfq
2014-08-11,23.290,23.300,22.930,23.230,9958,,,-0.2148,hfq
2014-08-12,23.300,24.380,23.210,24.240,21016,,,4.3478,hfq
2014-08-13,24.300,24.360,23.700,23.990,12072,,,-1.0314,hfq
2014-08-14,23.950,25.400,23.860,24.620,25731,,,2.6261,hfq
2014-08-15,24.530,25.460,24.530,24.920,16501,,,1.2185,hfq
2014-08-18,25.370,25.700,25.000,25.250,16169,,,1.3242,hfq
2014-08-19,25.180,25.560,24.900,25.440,17118,,,0.7525,hfq
2014-08-20,25.200,25.400,24.400,24.900,15862,,,-2.1226,hfq
2014-08-21,24.770,25.780,24.770,25.770,16884,,,3.4940,hfq
2014-08-22,25.490,26.400,25.490,25.900,12163,,,0.5045,hfq
2014-08-25,25.800,26.150,24.950,25.180,8778,,,-2.7799,hfq
2014-08-26,25.270,25.650,24.080,24.170,12087,,,-4.0111,hfq
2014-08-27,24.490,25.260,24.290,25.100,9030,,,3.8477,hfq
2014-08-28,25.000,25.400,24.650,24.750,4699,,,-1.3944,hfq
2014-08-29,25.000,25.100,24.500,25.030,5332,,,1.1313,hfq
2014-09-01,25.700,25.930,25.240,25.600,10056,,,2.2773,hfq
2014-09-02,25.860,26.130,25.430,25.910,11835,,,1.2109,hfq
2014-09-03,25.920,28.480,25.920,28.480,39916,,,9.9190,hfq
2014-09-04,28.200,28.840,27.850,28.490,26309,,,0.0351,hfq
2014-09-05,28.640,28.640,27.750,28.230,16800,,,-0.9126,hfq
2014-09-09,28.010,29.190,27.970,28.670,17370,,,1.5586,hfq
2014-09-10,28.380,29.980,27.850,29.390,20587,,,2.5113,hfq
2014-09-11,29.730,30.200,28.000,28.210,23979,,,-4.0150,hfq
2014-09-12,28.000,31.010,27.680,31.010,27610,,,9.9256,hfq
2014-09-15,31.200,31.480,30.350,31.030,17260,,,0.0645,hfq
2014-09-16,31.000,31.000,29.000,29.200,21539,,,-5.8975,hfq
2014-09-17,29.380,29.470,28.530,29.000,11239,,,-0.6849,hfq
2014-09-18,29.000,31.000,28.760,29.590,13927,,,2.0345,hfq
2014-09-19,29.230,30.080,29.230,29.900,5919,,,1.0477,hfq
2014-09-22,29.960,30.400,28.830,29.410,9025,,,-1.6388,hfq
2014-09-23,30.190,32.310,29.800,32.200,20015,,,9.4866,hfq
2014-09-24,31.700,34.350,31.410,33.880,21195,,,5.2174,hfq
2014-09-25,34.200,37.250,33.400,37.100,36216,,,9.5041,hfq
2014-09-26,37.860,37.860,35.690,36.380,20415,,,-1.9407,hfq
2014-09-29,36.750,40.000,36.400,40.000,31330,,,9.9505,hfq
2014-09-30,41.200,41.820,39.080,40.180,34259,,,0.4500,hfq
2014-10-08,40.190,40.260,37.920,39.400,25518,,,-1.9413,hfq
2014-10-09,38.800,39.170,37.710,38.400,28577,,,-2.5381,hfq
2014-10-10,38.450,38.450,37.270,37.480,22016,,,-2.3958,hfq
2014-10-13,37.290,38.350,37.290,37.800,18191,,,0.8538,hfq
2014-10-14,37.740,37.920,36.210,36.300,19121,,,-3.9683,hfq
2014-10-15,36.370,36.650,34.900,35.930,25032,,,-1.0193,hfq
2014-10-16,35.670,35.950,35.200,35.200,16462,,,-2.0317,hfq
2014-10-17,35.190,36.000,34.880,35.460,14925,,,0.7386,hfq
2014-10-20,35.100,36.040,35.000,35.890,11750,,,1.2126,hfq
2014-10-21,36.000,36.900,35.700,35.700,14473,,,-0.5294,hfq
2014-10-22,35.750,35.930,33.820,33.910,19667,,,-5.0140,hfq
2014-10-23,33.360,33.580,32.210,32.600,15570,,,-3.8632,hfq
2014-10-24,32.680,33.530,32.250,32.720,8363,,,0.3681,hfq
2014-10-27,32.340,33.430,32.340,33.140,6732,,,1.2836,hfq
2014-10-28,33.340,35.690,33.200,35.200,21517,,,6.2161,hfq
2014-10-29,35.190,35.850,34.780,35.310,13566,,,0.3125,hfq
2014-10-30,35.600,35.760,34.710,34.790,10381,,,-1.4727,hfq
2014-10-31,34.720,35.150,33.320,33.750,12072,,,-2.9894,hfq
2014-11-03,33.700,34.350,33.380,34.350,8932,,,1.7778,hfq
2014-11-04,34.210,37.770,33.900,37.770,36561,,,9.9563,hfq
2014-11-05,37.800,39.420,37.000,37.330,23828,,,-1.1649,hfq
2014-11-06,37.520,39.150,36.410,38.490,24667,,,3.1074,hfq
2014-11-07,38.550,39.340,37.710,38.330,18194,,,-0.4157,hfq
2014-11-10,38.060,39.290,38.060,39.200,16854,,,2.2698,hfq
2014-11-11,39.200,39.210,36.690,36.690,18861,,,-6.4031,hfq
2014-11-12,36.250,37.980,34.810,35.730,17579,,,-2.6165,hfq
2014-11-13,35.200,35.700,32.860,33.110,21128,,,-7.3328,hfq
2014-11-14,33.040,34.200,32.550,33.110,9763,,,0.0000,hfq
2014-11-17,33.110,34.620,32.810,33.980,10317,,,2.6276,hfq
2014-11-18,33.900,34.600,33.550,34.080,8231,,,0.2943,hfq
2014-11-19,34.090,34.740,34.030,34.230,7684,,,0.4401,hfq
2014-11-20,34.050,34.190,33.000,33.270,10548,,,-2.8046,hfq
2014-11-21,33.210,35.380,33.210,34.880,16033,,,4.8392,hfq
2014-11-24,34.810,36.210,34.810,36.050,12989,,,3.3544,hfq
2014-11-25,36.700,39.300,36.400,38.700,24068,,,7.3509,hfq
2014-11-26,38.500,38.500,37.250,38.050,13372,,,-1.6796,hfq
2014-11-27,38.120,38.700,37.460,37.650,13184,,,-1.0512,hfq
2014-11-28,37.660,39.600,37.310,39.200,22959,,,4.1169,hfq
2014-12-01,39.100,41.200,37.510,38.190,18378,,,-2.5765,hfq
2014-12-02,37.600,39.560,37.600,38.040,14664,,,-0.3928,hfq
2014-12-03,38.200,38.690,37.380,38.680,15688,,,1.6824,hfq
2014-12-04,38.800,40.600,38.720,39.680,17917,,,2.5853,hfq
2014-12-05,39.080,39.600,36.420,37.060,19631,,,-6.6028,hfq
2014-12-08,36.680,36.680,35.210,35.640,15526,,,-3.8316,hfq
2014-12-09,35.310,36.450,33.820,34.200,20609,,,-4.0404,hfq
2014-12-10,33.820,36.060,33.800,35.960,8407,,,5.1462,hfq
2014-12-11,35.560,36.650,35.420,36.290,7629,,,0.9177,hfq
2014-12-12,36.010,36.790,35.880,36.620,5980,,,0.9093,hfq
2014-12-15,37.260,40.190,36.860,38.310,24572,,,4.6150,hfq
2014-12-16,38.310,40.890,37.710,40.460,26594,,,5.6121,hfq
2014-12-17,40.340,40.600,38.850,38.900,17035,,,-3.8557,hfq
2014-12-18,38.900,42.150,37.910,40.490,20180,,,4.0874,hfq
2014-12-19,40.400,41.970,39.180,40.050,16042,,,-1.0867,hfq
2014-12-22,39.280,40.040,36.070,36.100,19146,,,-9.8627,hfq
2014-12-23,35.900,37.170,34.640,34.790,11655,,,-3.6288,hfq
2014-12-24,35.890,35.900,34.850,35.310,10280,,,1.4947,hfq
2014-12-25,35.390,36.690,35.160,36.600,8266,,,3.6534,hfq
2014-12-26,36.400,37.450,35.800,36.770,6326,,,0.4645,hfq
2014-12-29,36.420,36.760,33.190,33.400,16903,,,-9.1651,hfq
2014-12-30,33.780,33.900,30.430,30.900,14777,,,-7.4850,hfq
2014-12-31,30.580,31.570,29.780,31.300,11188,,,1.2945,hfq
2015-01-05,31.350,31.370,29.480,30.270,8184,,,-3.2907,hfq
2015-01-06,30.000,31.650,30.000,31.650,9571,,,4.5590,hfq
2015-01-07,31.870,31.870,30.080,30.840,10378,,,-2.5592,hfq
2015-01-08,30.270,31.400,30.270,31.050,9685,,,0.6809,hfq
2015-01-09,31.050,31.770,30.730,31.400,9697,,,1.1272,hfq
2015-01-12,31.510,33.650,31.200,33.500,13797,,,6.6879,hfq
2015-01-13,33.800,33.840,32.720,33.170,6961,,,-0.9851,hfq
2015-01-14,33.480,33.530,32.220,32.390,4949,,,-2.3515,hfq
2015-01-15,32.250,33.700,32.200,32.510,5003,,,0.3705,hfq
2015-01-16,32.390,32.780,31.900,32.590,6339,,,0.2461,hfq
2015-01-19,32.000,34.140,31.200,32.210,13491,,,-1.1660,hfq
2015-01-20,32.050,33.700,32.050,33.560,11271,,,4.1912,hfq
2015-01-21,33.600,36.600,33.510,36.340,22950,,,8.2837,hfq
2015-01-22,35.770,36.790,35.700,36.360,10062,,,0.0550,hfq
2015-02-10,38.200,38.780,34.950,36.400,27221,,,0.1100,hfq
2015-02-11,35.900,36.200,35.310,35.970,9740,,,-1.1813,hfq
2015-02-12,35.710,36.100,34.800,34.930,8676,,,-2.8913,hfq
2015-02-13,34.940,36.500,34.940,36.500,10579,,,4.4947,hfq
2015-02-16,36.680,37.030,36.100,36.490,9994,,,-0.0274,hfq
2015-02-17,36.860,37.600,36.050,37.410,9324,,,2.5212,hfq
2015-02-25,37.460,38.600,37.200,37.600,11188,,,0.5079,hfq
2015-02-26,37.560,37.700,36.420,36.990,7435,,,-1.6223,hfq
2015-02-27,37.080,37.400,36.510,37.290,5617,,,0.8110,hfq
2015-03-02,37.300,37.800,36.410,37.050,10764,,,-0.6436,hfq
2015-03-03,37.400,40.740,37.400,40.740,17145,,,9.9595,hfq
2015-03-04,43.200,44.790,41.230,42.740,35985,,,4.9092,hfq
2015-03-05,42.050,46.990,42.050,46.990,39539,,,9.9438,hfq
2015-03-06,47.430,51.650,47.300,49.080,50111,,,4.4478,hfq
2015-03-09,48.200,48.620,46.150,47.020,25967,,,-4.1972,hfq
2015-03-10,46.940,49.060,46.700,47.040,19096,,,0.0425,hfq
2015-03-11,47.030,48.280,44.840,47.800,18402,,,1.6156,hfq
2015-03-12,47.500,47.500,44.680,45.190,20459,,,-5.4603,hfq
2015-03-13,44.960,46.080,44.890,45.040,12196,,,-0.3319,hfq
2015-03-16,45.250,46.980,45.200,46.440,22351,,,3.1083,hfq
2015-03-17,46.820,47.100,45.200,45.740,23411,,,-1.5073,hfq
2015-03-18,45.740,49.710,45.730,48.880,29196,,,6.8649,hfq
2015-03-19,48.900,52.700,47.210,51.630,37913,,,5.6260,hfq
2015-03-20,52.150,52.180,50.500,51.020,20846,,,-1.1815,hfq
2015-03-23,51.530,51.880,49.820,51.780,29425,,,1.4896,hfq
2015-03-24,52.600,52.600,48.400,50.610,29401,,,-2.2596,hfq
2015-03-25,50.020,55.560,49.330,53.700,31953,,,6.1055,hfq
2015-03-26,54.690,59.050,53.040,59.050,52494,,,9.9628,hfq
2015-03-27,59.300,64.800,58.120,58.150,46036,,,-1.5241,hfq
2015-03-30,59.310,61.060,55.520,57.140,32669,,,-1.7369,hfq
2015-03-31,56.200,62.830,55.300,62.830,34700,,,9.9580,hfq
2015-04-01,61.200,66.690,60.430,63.700,33356,,,1.3847,hfq
2015-04-02,69.700,70.050,66.700,70.050,32595,,,9.9686,hfq
2015-04-03,73.000,77.040,70.210,77.040,18428,,,9.9786,hfq
2015-04-07,84.720,84.720,79.200,84.720,58395,,,9.9688,hfq
2015-04-08,84.750,84.750,76.270,78.400,55629,,,-7.4599,hfq
2015-04-09,76.000,86.200,76.000,86.200,174569,,,9.9490,hfq
2015-04-10,86.320,86.780,79.960,79.960,155594,,,-7.2390,hfq
2015-04-13,76.820,77.600,74.680,76.140,92257,,,-4.7774,hfq
2015-04-14,74.760,75.560,71.980,72.200,84544,,,-5.1747,hfq
2015-04-15,72.420,72.780,65.020,65.020,78024,,,-9.9446,hfq
2015-04-16,64.380,68.680,62.380,65.420,64692,,,0.6152,hfq
2015-04-17,66.080,67.200,64.760,65.040,43090,,,-0.5809,hfq
2015-04-20,65.260,65.720,61.600,61.600,56959,,,-5.2891,hfq
2015-04-21,62.060,66.260,61.660,66.200,54103,,,7.4675,hfq
2015-04-22,66.400,69.080,66.000,67.420,55225,,,1.8429,hfq
2015-04-23,68.400,69.500,67.060,69.000,49068,,,2.3435,hfq
2015-04-24,68.160,68.660,66.000,66.560,38120,,,-3.5362,hfq
2015-04-27,66.400,69.620,66.400,67.000,45023,,,0.6611,hfq
2015-04-28,66.800,67.360,62.800,63.440,37052,,,-5.3134,hfq
2015-04-29,63.200,66.900,61.840,66.160,34752,,,4.2875,hfq
2015-04-30,66.340,67.400,65.120,66.640,36881,,,0.7255,hfq
2015-05-04,66.640,67.320,64.800,65.400,25692,,,-1.8607,hfq
2015-05-05,65.480,65.800,63.340,63.760,25566,,,-2.5076,hfq
2015-05-06,63.760,65.800,63.360,63.600,29181,,,-0.2509,hfq
2015-05-07,62.460,63.780,58.000,58.800,42418,,,-7.5472,hfq
2015-05-08,59.840,62.900,59.800,62.900,33661,,,6.9728,hfq
2015-05-11,64.240,68.320,63.560,67.700,54727,,,7.6312,hfq
2015-05-12,68.400,70.100,66.400,68.300,59214,,,0.8863,hfq
2015-05-13,68.300,70.120,65.000,69.600,62262,,,1.9034,hfq
2015-05-14,68.600,74.140,68.520,74.140,74747,,,6.5230,hfq
2015-05-15,74.000,74.000,70.160,71.200,48041,,,-3.9655,hfq
2015-05-18,70.760,75.520,69.700,75.120,70082,,,5.5056,hfq
2015-05-19,74.800,77.100,73.220,74.680,58104,,,-0.5857,hfq
2015-05-20,74.680,81.260,74.400,76.340,70910,,,2.2228,hfq
2015-05-21,76.200,81.260,75.400,80.540,75100,,,5.5017,hfq
2015-05-22,80.800,82.400,74.000,77.740,73052,,,-3.4765,hfq
2015-05-25,76.180,79.700,72.820,76.180,62522,,,-2.0067,hfq
2015-05-26,75.600,83.760,75.300,83.760,60292,,,9.9501,hfq
2015-05-27,86.400,92.100,85.980,90.840,86955,,,8.4527,hfq
2015-05-28,89.000,97.020,86.580,89.140,98913,,,-1.8714,hfq
2015-05-29,89.100,98.020,87.760,98.020,90415,,,9.9619,hfq
2015-06-01,102.400,107.780,100.400,107.780,69496,,,9.9572,hfq
2015-06-02,116.400,118.000,103.200,105.240,119125,,,-2.3567,hfq
2015-06-03,106.020,106.400,96.860,100.500,99438,,,-4.5040,hfq
2015-06-04,98.400,102.260,90.500,95.900,81500,,,-4.5771,hfq
2015-06-05,95.980,100.280,90.400,94.380,65689,,,-1.5850,hfq
2015-06-08,94.440,96.400,85.820,88.300,70717,,,-6.4420,hfq
2015-06-09,88.280,91.500,86.400,90.400,45587,,,2.3783,hfq
2015-06-10,90.160,96.640,90.000,95.400,63814,,,5.5310,hfq
2015-06-11,95.420,99.400,95.400,98.400,58464,,,3.1447,hfq
2015-06-12,98.400,99.960,94.400,95.400,47262,,,-3.0488,hfq
2015-06-15,94.400,95.000,85.980,86.200,54830,,,-9.6436,hfq
2015-06-16,85.300,85.300,78.340,78.720,45379,,,-8.6775,hfq
2015-06-17,77.700,86.560,77.700,86.560,47220,,,9.9593,hfq
2015-06-18,85.420,91.280,79.800,81.120,50221,,,-6.2847,hfq
2015-06-19,77.400,80.400,73.220,75.080,38090,,,-7.4458,hfq
2015-06-23,74.440,80.100,68.400,79.720,46501,,,6.1801,hfq
2015-06-24,79.680,81.980,75.460,78.320,39583,,,-1.7561,hfq
2015-06-25,78.300,78.760,70.860,71.700,41320,,,-8.4525,hfq
2015-06-26,70.360,70.360,64.580,64.580,36570,,,-9.9303,hfq
2015-06-29,66.400,67.160,58.160,58.160,39557,,,-9.9412,hfq
2015-06-30,56.160,63.900,52.380,62.800,57222,,,7.9780,hfq
2015-07-01,60.720,65.400,56.560,56.560,52410,,,-9.9363,hfq
2015-07-02,55.980,56.400,50.940,50.940,45216,,,-9.9364,hfq
2015-07-03,53.400,53.400,45.880,45.880,55291,,,-9.9333,hfq
2015-07-06,50.420,50.420,41.340,41.660,84820,,,-9.1979,hfq
2015-07-07,38.700,40.420,37.540,37.540,28627,,,-9.8896,hfq
2015-07-15,41.260,41.260,41.260,41.260,953,,,9.9094,hfq
2015-07-16,43.520,45.340,38.400,45.340,112829,,,9.8885,hfq
2015-07-17,47.380,49.840,47.020,49.840,59246,,,9.9250,hfq
2015-07-20,54.780,54.780,54.780,54.780,11189,,,9.9117,hfq
2015-07-21,60.220,60.220,57.620,60.220,87474,,,9.9306,hfq
2015-07-22,61.020,66.200,60.020,65.500,149073,,,8.7679,hfq
2015-07-23,63.400,71.260,62.400,68.320,115452,,,4.3053,hfq
2015-07-24,67.160,70.980,63.600,65.660,105894,,,-3.8934,hfq
2015-07-27,63.200,69.440,59.140,59.200,105387,,,-9.8386,hfq
2015-07-28,54.220,61.680,53.320,57.980,90960,,,-2.0608,hfq
2015-07-29,59.500,63.740,57.980,63.740,93682,,,9.9345,hfq
2015-07-30,64.400,70.080,64.400,67.600,116227,,,6.0559,hfq
2015-07-31,65.400,72.180,65.400,68.980,115912,,,2.0414,hfq
2015-08-03,66.200,70.300,62.120,63.400,86216,,,-8.0893,hfq
2015-08-04,65.800,69.700,65.660,69.700,88982,,,9.9369,hfq
2015-08-05,76.640,76.640,74.720,76.640,67020,,,9.9570,hfq
2015-08-06,77.960,80.200,70.000,71.500,180368,,,-6.7067,hfq
2015-08-07,72.200,77.400,71.500,75.320,115199,,,5.3427,hfq
2015-08-10,74.400,79.860,72.600,77.620,157284,,,3.0536,hfq
2015-08-11,76.400,77.500,73.600,74.260,111457,,,-4.3288,hfq
2015-08-12,72.400,77.300,72.020,74.020,76745,,,-0.3232,hfq
2015-08-13,72.420,74.360,69.000,73.000,84636,,,-1.3780,hfq
2015-08-14,73.640,76.000,71.820,72.020,67077,,,-1.3425,hfq
2015-08-17,70.120,71.600,68.740,69.760,56125,,,-3.1380,hfq
2015-08-18,70.040,76.700,70.040,72.200,167071,,,3.4977,hfq
2015-08-19,71.600,76.000,65.020,73.420,133487,,,1.6898,hfq
2015-08-20,72.000,72.000,66.200,66.360,77168,,,-9.6159,hfq
2015-08-21,63.860,64.720,59.760,59.760,64756,,,-9.9458,hfq
2015-08-24,53.820,56.400,53.820,53.820,32520,,,-9.9398,hfq
2015-08-25,48.480,49.400,48.480,48.480,32377,,,-9.9220,hfq
2015-08-26,49.380,50.340,43.680,43.680,85391,,,-9.9010,hfq
2015-08-27,44.400,46.380,39.920,44.940,63919,,,2.8846,hfq
2015-08-28,46.000,49.400,45.000,49.400,75371,,,9.9243,hfq
2015-08-31,48.200,51.560,47.100,47.100,72062,,,-4.6559,hfq
2015-09-01,45.800,46.780,42.440,42.440,44370,,,-9.8938,hfq
2015-09-02,39.300,44.400,38.240,38.240,56646,,,-9.8963,hfq
2015-09-07,40.120,41.400,37.600,39.300,56355,,,2.7720,hfq
2015-09-08,39.300,43.200,38.200,43.200,56808,,,9.9237,hfq
2015-09-09,44.000,46.960,43.800,46.180,76959,,,6.8981,hfq
2015-09-10,44.600,46.040,44.140,44.360,48393,,,-3.9411,hfq
2015-09-11,44.000,46.380,43.800,45.420,46675,,,2.3895,hfq
2015-09-14,46.400,46.400,40.920,40.920,41179,,,-9.9075,hfq
2015-09-15,38.400,39.780,36.860,36.860,39873,,,-9.9218,hfq
2015-09-16,37.200,40.500,36.400,40.500,51579,,,9.8752,hfq
2015-09-17,40.500,43.800,39.020,39.400,72960,,,-2.7160,hfq
2015-09-18,40.400,40.600,38.900,40.400,37127,,,2.5381,hfq
2015-09-21,40.100,43.560,39.420,43.120,51791,,,6.7327,hfq
2015-09-22,43.540,45.740,43.140,44.240,59677,,,2.5974,hfq
2015-09-23,42.620,44.180,42.100,43.360,47186,,,-1.9892,hfq
2015-09-24,43.580,45.580,43.580,44.760,47858,,,3.2288,hfq
2015-09-25,44.800,45.900,40.420,41.720,54196,,,-6.7918,hfq
2015-09-28,41.980,44.720,40.500,44.060,37679,,,5.6088,hfq
2015-09-29,42.760,43.420,41.000,42.140,35638,,,-4.3577,hfq
2015-09-30,42.140,43.100,41.200,42.140,20621,,,0.0000,hfq
2015-10-08,44.360,45.300,43.200,44.760,44650,,,6.2174,hfq
2015-10-09,44.700,47.200,44.200,46.800,55598,,,4.5576,hfq
2015-10-12,47.600,50.680,47.560,49.900,50537,,,6.6239,hfq
2015-10-13,49.440,50.360,48.900,50.040,43724,,,0.2806,hfq
2015-10-14,49.180,50.400,48.220,48.700,47732,,,-2.6779,hfq
2015-10-15,48.200,50.900,48.100,50.500,50981,,,3.6961,hfq
2015-10-16,50.860,53.980,50.440,51.760,59504,,,2.4950,hfq
2015-10-19,51.000,52.180,49.060,49.720,52565,,,-3.9413,hfq
2015-10-20,49.720,51.980,49.180,51.960,54941,,,4.5052,hfq
2015-10-21,51.840,51.940,46.800,46.800,72964,,,-9.9307,hfq
2015-10-22,46.100,48.660,45.340,48.300,66577,,,3.2051,hfq
2015-10-23,49.160,53.040,47.440,52.120,82128,,,7.9089,hfq
2015-10-26,52.580,57.300,50.200,57.300,83289,,,9.9386,hfq
2015-10-27,59.800,59.800,53.000,57.020,113590,,,-0.4887,hfq
2015-10-28,55.420,56.900,54.160,55.040,72524,,,-3.4725,hfq
2015-10-29,56.360,56.360,53.860,54.700,44790,,,-0.6177,hfq
2015-10-30,54.600,55.280,53.200,53.720,41845,,,-1.7916,hfq
2015-11-02,51.400,53.600,50.420,51.360,37768,,,-4.3931,hfq
2015-11-03,51.600,52.760,51.200,51.900,33840,,,1.0514,hfq
2015-11-04,52.960,55.400,52.560,55.360,46040,,,6.6667,hfq
2015-11-05,55.760,56.960,54.320,54.680,52537,,,-1.2283,hfq
2015-11-06,55.200,56.800,54.800,56.260,52356,,,2.8895,hfq
2015-11-09,55.300,57.400,54.420,56.720,63884,,,0.8176,hfq
2015-11-10,57.560,62.360,57.400,62.360,48844,,,9.9436,hfq
2015-11-11,66.880,66.960,63.360,64.380,140647,,,3.2393,hfq
2015-11-12,64.400,69.080,63.600,65.660,94604,,,1.9882,hfq
2015-11-13,64.360,64.800,59.800,60.460,86042,,,-7.9196,hfq
2015-11-16,58.380,63.080,57.720,63.080,62482,,,4.3334,hfq
2015-11-17,64.300,64.520,60.000,61.340,54295,,,-2.7584,hfq
2015-11-18,61.800,63.800,59.720,59.800,45993,,,-2.5106,hfq
2015-11-19,62.160,65.740,61.420,65.740,36293,,,9.9331,hfq
2015-11-20,68.400,70.000,65.600,66.660,93635,,,1.3995,hfq
2015-11-23,65.620,67.160,64.100,64.780,59701,,,-2.8203,hfq
2015-11-24,63.900,66.200,62.620,65.580,47058,,,1.2349,hfq
2015-11-25,65.780,69.960,64.820,68.620,81249,,,4.6356,hfq
2015-11-26,68.660,68.800,66.740,67.080,42158,,,-2.2442,hfq
2015-11-27,66.300,66.740,60.420,60.840,51966,,,-9.3023,hfq
2015-11-30,61.200,64.200,56.800,63.360,50300,,,4.1420,hfq
2015-12-01,62.600,64.200,61.200,62.920,33228,,,-0.6944,hfq
2015-12-02,62.500,63.100,58.400,60.780,28185,,,-3.4011,hfq
2015-12-03,60.400,63.000,60.400,62.660,26596,,,3.0931,hfq
2015-12-04,62.700,67.500,61.500,65.400,56031,,,4.3728,hfq
2015-12-07,71.900,71.900,71.880,71.900,39210,,,9.9388,hfq
2015-12-08,78.400,79.060,74.460,74.500,186193,,,3.6161,hfq
2015-12-09,71.200,72.360,70.040,70.800,94543,,,-4.9664,hfq
2015-12-10,69.660,74.340,69.660,70.720,73298,,,-0.1130,hfq
2015-12-11,69.600,69.940,67.400,68.640,56905,,,-2.9412,hfq
2015-12-14,66.400,69.960,64.620,69.240,43218,,,0.8741,hfq
2015-12-15,69.600,71.240,68.400,70.160,36971,,,1.3287,hfq
2015-12-16,70.700,73.320,70.100,71.440,45851,,,1.8244,hfq
2015-12-17,71.120,76.100,71.100,73.700,67452,,,3.1635,hfq
2015-12-18,73.100,74.160,69.800,71.100,70374,,,-3.5278,hfq
2015-12-21,71.220,71.480,69.820,70.440,31680,,,-0.9283,hfq
2015-12-22,70.800,71.980,70.160,71.700,31128,,,1.7888,hfq
2015-12-23,72.000,72.260,68.440,69.620,42083,,,-2.9010,hfq
2015-12-24,69.480,70.260,67.060,69.800,30487,,,0.2585,hfq
2015-12-25,69.860,72.180,69.140,70.480,41568,,,0.9742,hfq
2015-12-28,69.620,71.860,68.560,68.560,51362,,,-2.7242,hfq
2015-12-29,68.900,68.920,66.500,67.800,27686,,,-1.1085,hfq
2015-12-30,68.380,70.220,68.000,70.200,29058,,,3.5398,hfq
2015-12-31,70.240,71.060,68.520,70.280,25859,,,0.1140,hfq
2016-01-04,70.400,70.500,63.300,63.300,27065,,,-9.9317,hfq
2016-01-05,60.040,61.400,57.020,58.760,62718,,,-7.1722,hfq
2016-01-06,60.400,60.760,58.020,60.260,33754,,,2.5528,hfq
2016-01-07,57.400,59.420,54.280,54.280,20009,,,-9.9237,hfq
2016-01-08,54.000,55.380,48.900,51.800,62837,,,-4.5689,hfq
2016-01-11,48.400,50.340,46.660,46.660,38904,,,-9.9228,hfq
2016-01-12,46.200,47.600,43.800,47.160,37330,,,1.0716,hfq
2016-01-13,47.180,48.360,44.620,44.720,28243,,,-5.1739,hfq
2016-01-14,42.200,47.800,41.700,47.180,38324,,,5.5009,hfq
2016-01-15,46.400,47.520,43.700,44.160,30312,,,-6.4010,hfq
2016-01-18,42.700,46.800,42.400,45.620,34520,,,3.3062,hfq
2016-01-19,44.760,49.000,44.640,48.900,54904,,,7.1898,hfq
2016-01-20,49.000,49.160,46.900,48.000,49665,,,-1.8405,hfq
2016-01-21,47.200,48.860,44.840,44.840,40310,,,-6.5833,hfq
2016-01-22,45.420,46.740,44.100,46.240,29625,,,3.1222,hfq
2016-01-25,47.400,48.360,46.240,46.920,28345,,,1.4706,hfq
2016-01-26,46.440,46.440,42.260,42.260,36826,,,-9.9318,hfq
2016-01-27,42.200,42.760,38.580,41.520,38073,,,-1.7511,hfq
2016-01-28,39.780,41.460,38.160,38.700,27547,,,-6.7919,hfq
2016-01-29,38.100,41.160,38.100,40.300,24816,,,4.1344,hfq
2016-02-01,40.360,40.940,39.200,40.200,20738,,,-0.2481,hfq
2016-02-02,40.380,42.520,40.020,42.040,29051,,,4.5771,hfq
2016-02-03,41.400,42.900,40.620,42.400,22441,,,0.8563,hfq
2016-02-04,42.860,43.800,42.540,43.240,25275,,,1.9811,hfq
2016-02-05,43.980,43.980,42.400,42.760,20025,,,-1.1101,hfq
2016-02-15,40.400,43.600,40.400,43.200,21493,,,1.0290,hfq
2016-02-16,43.620,45.400,43.240,45.220,28653,,,4.6759,hfq
2016-02-17,45.000,46.000,44.200,45.700,25488,,,1.0615,hfq
2016-02-18,46.040,46.200,44.560,44.720,29206,,,-2.1444,hfq
2016-02-19,44.420,45.760,44.000,45.160,22282,,,0.9839,hfq
2016-02-22,46.040,46.120,45.020,46.120,38790,,,2.1258,hfq
2016-02-23,45.980,48.080,45.540,47.240,43412,,,2.4284,hfq
2016-02-24,47.020,47.440,44.640,46.420,32527,,,-1.7358,hfq
2016-02-25,46.200,46.300,41.820,41.820,31663,,,-9.9095,hfq
2016-02-26,41.800,42.560,39.840,40.460,26743,,,-3.2520,hfq
2016-02-29,40.580,40.680,36.560,36.960,25944,,,-8.6505,hfq
2016-03-01,37.400,38.800,36.700,38.000,23637,,,2.8139,hfq
2016-03-02,37.800,40.800,37.800,40.340,29750,,,6.1579,hfq
2016-03-03,40.000,44.340,39.900,44.340,70160,,,9.9157,hfq
2016-03-04,43.600,44.120,39.940,40.800,72436,,,-7.9838,hfq
2016-03-14,44.840,44.840,44.840,44.840,4426,,,9.9020,hfq
2016-03-15,48.000,49.280,46.040,46.320,94710,,,3.3006,hfq
2016-03-16,46.360,47.240,44.080,44.480,61757,,,-3.9724,hfq
2016-03-17,44.540,46.700,44.020,46.620,63887,,,4.8112,hfq
2016-03-18,46.200,49.980,46.200,49.400,89110,,,5.9631,hfq
2016-03-21,49.600,49.900,48.420,49.300,66514,,,-0.2024,hfq
2016-03-22,48.400,49.260,48.020,48.560,45809,,,-1.5010,hfq
2016-03-23,48.000,49.660,47.620,49.500,45718,,,1.9357,hfq
2016-03-24,51.020,53.180,49.060,49.100,85223,,,-0.8081,hfq
2016-03-25,47.300,48.380,46.600,47.720,46773,,,-2.8106,hfq
2016-03-28,47.900,48.980,46.740,46.900,34381,,,-1.7184,hfq
2016-03-29,48.000,49.000,46.200,47.460,33837,,,1.1940,hfq
2016-03-30,49.800,50.420,48.420,49.600,49015,,,4.5091,hfq
2016-03-31,49.820,50.780,49.400,49.680,42977,,,0.1613,hfq
2016-04-01,48.800,49.560,48.000,49.140,28718,,,-1.0870,hfq
2016-04-05,49.200,52.380,48.820,51.500,46225,,,4.8026,hfq
2016-04-06,52.120,52.920,51.100,52.580,44920,,,2.0971,hfq
2016-04-07,52.700,57.260,51.200,54.840,78608,,,4.2982,hfq
2016-04-08,54.980,60.280,54.920,60.280,78427,,,9.9198,hfq
2016-04-11,62.400,63.260,59.220,59.840,121850,,,-0.7299,hfq
2016-04-12,59.980,59.980,56.500,57.600,66346,,,-3.7433,hfq
2016-04-13,58.160,59.700,57.400,57.420,54702,,,-0.3125,hfq
2016-04-14,57.560,59.500,57.500,58.740,49082,,,2.2989,hfq
2016-04-15,58.120,59.900,56.700,59.460,46223,,,1.2257,hfq
2016-04-18,57.800,59.120,57.420,57.720,33894,,,-2.9263,hfq
2016-04-19,58.420,59.100,57.900,58.800,35343,,,1.8711,hfq
2016-04-20,59.360,59.460,52.960,52.960,71081,,,-9.9320,hfq
2016-04-21,52.260,54.240,51.420,51.960,39084,,,-1.8882,hfq
2016-04-22,51.120,54.380,50.820,53.320,41513,,,2.6174,hfq
2016-04-25,53.000,53.000,51.400,52.100,23802,,,-2.2881,hfq
2016-04-26,52.580,54.160,52.160,54.120,28554,,,3.8772,hfq
2016-04-27,54.120,54.260,53.300,53.300,21474,,,-1.5152,hfq
2016-04-28,53.260,53.640,51.100,53.100,19967,,,-0.3752,hfq
2016-04-29,53.020,55.700,52.620,54.360,29677,,,2.3729,hfq
2016-05-03,53.988,58.344,52.188,56.508,81844,,,3.9514,hfq
2016-05-04,56.400,57.300,54.348,55.176,69357,,,-2.3572,hfq
2016-05-05,54.564,57.696,54.564,57.336,82527,,,3.9147,hfq
2016-05-06,58.524,61.620,57.696,57.696,176697,,,0.6279,hfq
2016-05-09,55.716,55.932,51.972,52.008,120252,,,-9.8586,hfq
2016-05-10,50.928,52.260,50.280,50.532,51438,,,-2.8380,hfq
2016-05-11,51.360,51.684,49.920,50.100,35720,,,-0.8549,hfq
2016-05-12,49.164,49.704,47.076,49.164,47572,,,-1.8683,hfq
2016-05-13,49.344,50.028,48.480,49.452,33661,,,0.5858,hfq
2016-05-16,48.840,50.388,48.408,50.244,31641,,,1.6016,hfq
2016-05-17,49.776,52.980,49.776,51.432,58600,,,2.3645,hfq
2016-05-18,50.496,50.928,47.148,48.300,46703,,,-6.0896,hfq
2016-05-19,51.000,52.800,49.272,50.460,75738,,,4.4720,hfq
2016-05-20,49.380,52.260,49.308,52.008,64177,,,3.0678,hfq
2016-05-23,52.548,57.156,52.152,55.392,117652,,,6.5067,hfq
2016-05-24,54.564,54.996,52.368,53.448,70185,,,-3.5095,hfq
2016-05-25,54.600,55.644,53.196,54.672,64284,,,2.2901,hfq
2016-05-26,53.952,54.960,52.080,54.708,57774,,,0.0658,hfq
2016-05-27,54.672,57.732,53.736,56.724,96061,,,3.6850,hfq
2016-05-30,55.968,58.164,54.780,57.948,103626,,,2.1578,hfq
2016-05-31,58.200,59.352,57.120,59.028,146750,,,1.8637,hfq
2016-06-01,58.344,60.180,58.200,58.488,121502,,,-0.9148,hfq
2016-06-02,58.236,60.108,58.020,59.064,95486,,,0.9848,hfq
2016-06-03,59.604,59.640,57.912,58.632,67813,,,-0.7314,hfq
2016-06-06,58.812,59.820,57.552,57.804,58421,,,-1.4122,hfq
2016-06-07,57.804,59.496,57.480,58.992,62539,,,2.0552,hfq
2016-06-08,59.100,59.424,56.436,57.840,60934,,,-1.9528,hfq
2016-06-13,56.472,56.508,53.376,54.348,59850,,,-6.0373,hfq
2016-06-14,53.448,54.312,52.872,53.664,40981,,,-1.2586,hfq
2016-06-15,53.052,57.768,52.440,56.580,71848,,,5.4338,hfq
2016-06-16,58.884,59.424,56.508,56.652,78785,,,0.1273,hfq
2016-06-17,56.616,61.728,56.616,58.992,108221,,,4.1305,hfq
2016-06-20,58.200,64.680,57.120,64.392,200471,,,9.1538,hfq
2016-06-21,61.908,65.328,61.188,62.304,226545,,,-3.2426,hfq
2016-06-22,61.620,67.884,61.620,67.164,229531,,,7.8005,hfq
2016-06-23,66.228,67.164,63.492,64.680,204058,,,-3.6984,hfq
2016-06-24,63.636,64.536,59.208,62.448,144222,,,-3.4508,hfq
2016-06-27,60.936,62.844,60.432,62.340,289605,,,-0.1729,hfq
2016-06-28,61.800,66.444,60.972,65.004,252969,,,4.2733,hfq
2016-06-29,64.788,66.516,63.096,65.400,208022,,,0.6092,hfq
2016-06-30,67.956,70.440,63.780,63.888,231431,,,-2.3119,hfq
2016-07-01,61.800,63.132,60.036,60.504,334878,,,-5.2968,hfq
2016-07-04,59.568,61.584,59.100,60.864,144940,,,0.5950,hfq
2016-07-05,60.792,62.412,60.756,61.152,133049,,,0.4732,hfq
2016-07-06,60.792,62.088,60.288,61.620,140097,,,0.7653,hfq
2016-07-07,61.620,63.132,61.116,62.196,155958,,,0.9348,hfq
2016-07-08,63.384,64.140,62.448,63.492,195607,,,2.0837,hfq
2016-07-11,62.880,65.220,62.736,64.644,222778,,,1.8144,hfq
2016-07-12,63.528,64.212,60.900,63.204,153859,,,-2.2276,hfq
2016-07-13,61.836,65.328,61.152,65.004,226986,,,2.8479,hfq
2016-07-14,64.464,65.004,62.916,64.320,180687,,,-1.0522,hfq
2016-07-15,63.240,63.780,61.764,62.124,162309,,,-3.4142,hfq
2016-07-18,60.756,61.512,57.660,57.840,254943,,,-6.8959,hfq
2016-07-19,58.200,58.416,56.400,57.804,164221,,,-0.0622,hfq
2016-07-20,57.804,58.956,57.480,58.200,87813,,,0.6851,hfq
2016-07-21,58.416,58.776,57.300,57.552,75727,,,-1.1134,hfq
2016-07-22,57.552,58.056,56.580,57.912,80220,,,0.6255,hfq
2016-07-25,57.840,60.504,57.840,59.928,137931,,,3.4811,hfq
2016-07-26,59.640,60.396,59.100,59.460,88793,,,-0.7809,hfq
2016-07-27,59.352,59.640,53.592,53.880,173634,,,-9.3845,hfq
2016-07-28,53.916,54.492,51.756,52.800,89460,,,-2.0045,hfq
2016-07-29,52.800,53.412,51.468,51.756,60342,,,-1.9773,hfq
2016-08-01,51.252,51.540,49.200,50.352,70980,,,-2.7127,hfq
2016-08-02,50.352,51.288,50.352,51.180,33737,,,1.6444,hfq
2016-08-03,51.108,51.396,50.640,50.964,31778,,,-0.4220,hfq
2016-08-04,50.964,51.540,50.172,51.288,53237,,,0.6357,hfq
2016-08-05,51.144,51.540,50.280,50.352,44538,,,-1.8250,hfq
2016-08-08,50.352,50.964,49.560,50.640,46736,,,0.5720,hfq
2016-08-09,50.676,51.288,50.532,51.252,56188,,,1.2085,hfq
2016-08-10,51.684,52.800,51.288,51.648,77010,,,0.7727,hfq
2016-08-11,51.108,51.648,49.956,50.244,53556,,,-2.7184,hfq
2016-08-12,50.280,50.640,49.956,50.532,37414,,,0.5732,hfq
2016-08-15,50.532,52.368,49.884,52.044,85986,,,2.9922,hfq
2016-08-16,52.188,52.656,51.792,52.476,66061,,,0.8301,hfq
2016-08-17,52.584,52.584,51.792,52.080,50834,,,-0.7546,hfq
2016-08-18,52.080,52.152,51.396,51.612,52712,,,-0.8986,hfq
2016-08-19,51.648,52.188,51.396,52.008,51347,,,0.7673,hfq
2016-08-22,51.900,52.008,50.460,50.496,62413,,,-2.9072,hfq
2016-08-23,50.496,51.180,50.280,50.784,37851,,,0.5703,hfq
2016-08-24,50.964,51.468,50.712,51.216,42037,,,0.8507,hfq
2016-08-25,51.360,51.360,49.920,50.316,44510,,,-1.7573,hfq
2016-08-26,50.424,51.072,50.352,51.072,40445,,,1.5025,hfq
2016-08-29,50.892,50.964,50.460,50.640,33705,,,-0.8459,hfq
2016-08-30,50.748,51.288,50.460,50.460,37155,,,-0.3555,hfq
2016-08-31,52.440,54.528,52.044,52.080,159967,,,3.2105,hfq
2016-09-01,51.288,53.628,51.180,52.728,143456,,,1.2442,hfq
2016-09-02,52.008,52.548,51.072,51.540,83652,,,-2.2531,hfq
2016-09-05,52.116,52.116,51.000,51.036,51862,,,-0.9779,hfq
2016-09-06,51.324,51.900,50.100,51.792,81924,,,1.4813,hfq
2016-09-07,51.720,52.260,51.324,51.504,65155,,,-0.5561,hfq
2016-09-08,51.360,51.792,51.216,51.720,44367,,,0.4194,hfq
2016-09-09,51.576,51.900,50.928,50.928,43990,,,-1.5313,hfq
2016-09-12,49.812,50.172,48.084,48.120,78486,,,-5.5137,hfq
2016-09-13,48.300,48.876,47.724,48.588,49491,,,0.9726,hfq
2016-09-14,48.588,49.812,48.120,48.804,49049,,,0.4446,hfq
2016-09-19,48.768,49.308,48.588,48.876,30770,,,0.1475,hfq
2016-09-20,48.912,49.020,48.012,48.120,36246,,,-1.5468,hfq
2016-09-21,47.760,48.156,47.040,48.156,68738,,,0.0748,hfq
2016-09-22,48.228,49.344,48.228,48.588,72593,,,0.8971,hfq
2016-09-23,48.480,48.732,47.904,47.940,35533,,,-1.3337,hfq
2016-09-26,48.156,48.156,46.176,46.356,47043,,,-3.3041,hfq
2016-09-27,45.816,47.004,45.600,46.788,47201,,,0.9319,hfq
2016-09-28,46.788,46.860,45.996,46.248,37948,,,-1.1541,hfq
2016-09-29,46.680,46.788,46.068,46.068,26929,,,-0.3892,hfq
2016-09-30,46.140,46.248,45.960,46.068,24112,,,0.0000,hfq
2016-10-10,46.104,47.760,45.996,47.724,59828,,,3.5947,hfq
2016-10-11,47.760,48.444,47.436,47.832,49064,,,0.2263,hfq
2016-10-12,47.400,48.444,47.256,48.444,49904,,,1.2795,hfq
2016-10-13,48.444,49.056,47.976,48.084,42119,,,-0.7431,hfq
2016-10-14,48.048,48.048,47.256,47.760,35320,,,-0.6738,hfq
2016-10-17,47.400,48.048,46.680,47.184,56020,,,-1.2060,hfq
2016-10-18,46.824,47.832,46.824,47.760,41007,,,1.2208,hfq
2016-10-19,47.940,48.048,47.400,47.544,34405,,,-0.4523,hfq
2016-10-20,47.724,48.408,47.436,48.300,61805,,,1.5901,hfq
2016-10-21,48.228,48.228,47.004,47.652,45924,,,-1.3416,hfq
2016-10-24,47.508,48.048,47.148,47.904,41664,,,0.5288,hfq
2016-10-25,48.012,48.300,47.832,48.120,45738,,,0.4509,hfq
2016-10-26,48.192,49.020,48.048,48.804,71577,,,1.4214,hfq
2016-10-27,48.804,52.512,48.228,51.324,201585,,,5.1635,hfq
2016-10-28,50.460,50.964,49.596,49.596,115565,,,-3.3668,hfq
2016-10-31,49.668,49.920,48.228,48.768,56410,,,-1.6695,hfq
2016-11-01,48.912,49.092,48.408,48.984,53482,,,0.4429,hfq
2016-11-02,48.840,48.948,47.940,48.156,60867,,,-1.6903,hfq
2016-11-03,48.048,48.804,47.724,48.480,66090,,,0.6728,hfq
2016-11-04,48.624,48.768,47.868,48.012,50862,,,-0.9653,hfq
2016-11-07,48.120,48.336,47.760,48.084,34028,,,0.1500,hfq
2016-11-08,48.192,48.480,47.868,48.300,43192,,,0.4492,hfq
2016-11-09,48.300,48.948,47.508,48.012,62568,,,-0.5963,hfq
2016-11-10,48.300,48.696,48.300,48.480,44575,,,0.9748,hfq
2016-11-11,49.200,50.964,49.200,50.064,143141,,,3.2673,hfq
2016-11-14,49.848,51.216,49.560,50.532,104315,,,0.9348,hfq
2016-11-15,50.100,51.144,49.920,50.748,69124,,,0.4275,hfq
2016-11-16,50.748,52.332,50.316,51.252,106707,,,0.9931,hfq
2016-11-17,50.784,51.252,49.632,50.280,84369,,,-1.8965,hfq
2016-11-18,49.920,50.928,49.596,49.920,51485,,,-0.7160,hfq
2016-11-21,50.172,50.280,49.560,49.776,43028,,,-0.2885,hfq
2016-11-22,49.812,50.352,49.632,50.280,54688,,,1.0125,hfq
2016-11-23,50.388,50.532,49.200,49.560,60351,,,-1.4320,hfq
2016-11-24,49.380,49.992,48.336,48.336,62910,,,-2.4697,hfq
2016-11-25,48.300,49.524,47.580,49.380,67477,,,2.1599,hfq
2016-12-05,48.084,50.820,47.868,48.084,81241,,,-2.6245,hfq
2016-12-06,48.264,48.408,46.788,46.896,76351,,,-2.4707,hfq
2016-12-07,46.968,47.436,46.860,47.220,31415,,,0.6909,hfq
2016-12-08,47.580,47.580,46.572,46.716,39001,,,-1.0673,hfq
2016-12-09,46.932,47.004,46.320,46.968,29012,,,0.5394,hfq
2016-12-12,46.716,47.472,44.088,44.124,60331,,,-6.0552,hfq
2016-12-13,44.124,44.520,42.936,43.908,44401,,,-0.4895,hfq
2016-12-14,43.836,45.024,42.648,43.908,43489,,,0.0000,hfq
2016-12-15,43.116,44.592,43.116,43.800,41101,,,-0.2460,hfq
2016-12-16,44.124,44.376,43.692,44.052,30306,,,0.5753,hfq
2016-12-19,44.052,44.052,43.476,43.764,22533,,,-0.6538,hfq
2016-12-20,43.620,43.980,43.368,43.764,20781,,,0.0000,hfq
2016-12-21,43.980,44.700,43.764,44.412,45803,,,1.4807,hfq
2016-12-22,44.160,44.484,43.872,44.124,27601,,,-0.6485,hfq
2016-12-23,44.124,44.340,43.224,43.260,25298,,,-1.9581,hfq
2016-12-26,43.044,43.584,41.784,42.720,48317,,,-1.2483,hfq
2016-12-27,42.684,42.900,42.324,42.828,29834,,,0.2528,hfq
2016-12-28,42.720,43.260,42.324,42.756,21755,,,-0.1681,hfq
2016-12-29,42.720,43.080,42.540,42.720,17515,,,-0.0842,hfq
2016-12-30,42.684,43.044,42.504,42.828,15895,,,0.2528,hfq
2017-01-03,43.080,43.656,42.756,43.440,31758,,,1.4290,hfq
2017-01-04,43.404,44.448,43.296,44.196,48341,,,1.7403,hfq
2017-01-05,44.196,44.340,43.728,43.944,29113,,,-0.5702,hfq
2017-01-06,44.016,44.016,43.260,43.440,34668,,,-1.1469,hfq
2017-01-09,43.260,43.692,42.792,43.620,22881,,,0.4144,hfq
2017-01-10,43.620,44.052,43.260,43.944,30211,,,0.7428,hfq
2017-01-11,43.980,44.088,42.936,43.080,31811,,,-1.9661,hfq
2017-01-12,43.080,43.260,42.864,42.900,17371,,,-0.4178,hfq
2017-01-13,42.936,43.224,40.920,41.388,33012,,,-3.5245,hfq
2017-01-16,41.136,41.460,37.320,38.292,61661,,,-7.4804,hfq
2017-01-17,38.220,39.120,37.320,38.616,42330,,,0.8461,hfq
2017-01-18,38.544,38.724,38.112,38.184,22356,,,-1.1187,hfq
2017-01-19,38.184,38.508,37.644,37.932,21331,,,-0.6600,hfq
2017-01-20,38.436,39.408,38.004,38.832,25934,,,2.3727,hfq
2017-01-23,38.904,40.128,38.904,39.696,28049,,,2.2250,hfq
2017-01-24,39.696,40.128,39.156,39.552,24932,,,-0.3628,hfq
2017-01-25,39.480,40.020,39.048,39.660,21660,,,0.2731,hfq
2017-01-26,39.660,40.884,39.552,40.128,22784,,,1.1800,hfq
2017-02-03,41.028,42.000,40.344,40.452,24580,,,0.8074,hfq
2017-02-06,40.236,41.064,40.092,40.920,22580,,,1.1569,hfq
2017-02-07,40.920,41.028,40.308,40.632,18716,,,-0.7038,hfq
2017-02-08,40.776,40.920,40.056,40.704,20412,,,0.1772,hfq
2017-02-09,40.848,42.000,40.848,41.496,33863,,,1.9458,hfq
2017-02-10,41.640,45.528,41.640,42.864,75923,,,3.2967,hfq
2017-02-13,42.396,43.368,42.108,42.432,51063,,,-1.0078,hfq
2017-02-14,42.540,42.792,41.856,42.108,31898,,,-0.7636,hfq
2017-02-15,42.108,42.648,41.172,41.316,34628,,,-1.8809,hfq
2017-02-16,41.352,42.468,41.100,42.252,33371,,,2.2655,hfq
2017-02-17,42.144,42.612,40.920,41.244,30227,,,-2.3857,hfq
2017-02-20,41.496,41.496,40.848,41.496,27105,,,0.6110,hfq
2017-02-21,41.388,42.396,41.280,42.324,32764,,,1.9954,hfq
2017-02-22,42.396,43.332,42.108,42.504,36729,,,0.4253,hfq
2017-02-23,42.468,42.540,41.388,42.432,41246,,,-0.1694,hfq
2017-02-24,42.540,42.864,41.280,42.792,33179,,,0.8484,hfq
2017-02-27,42.432,43.044,42.108,42.360,31728,,,-1.0095,hfq
2017-02-28,42.648,42.756,42.144,42.648,26748,,,0.6799,hfq
2017-03-01,42.900,43.080,42.360,42.684,41287,,,0.0844,hfq
2017-03-02,42.612,42.792,41.640,41.964,37898,,,-1.6868,hfq
2017-03-03,41.604,42.180,41.388,41.964,27640,,,0.0000,hfq
2017-03-06,42.252,43.188,42.072,43.080,65543,,,2.6594,hfq
2017-03-07,43.224,43.764,42.828,43.188,55643,,,0.2507,hfq
2017-03-08,44.520,45.168,43.332,43.620,76743,,,1.0003,hfq
2017-03-09,43.332,43.908,43.008,43.008,38308,,,-1.4030,hfq
2017-03-10,43.044,43.548,42.504,42.540,27453,,,-1.0882,hfq
2017-03-13,43.080,43.692,42.648,43.260,40775,,,1.6925,hfq
2017-03-14,43.332,43.476,42.648,42.648,27861,,,-1.4147,hfq
2017-03-15,42.648,43.440,42.360,43.224,36839,,,1.3506,hfq
2017-03-16,43.332,43.476,43.080,43.224,26943,,,0.0000,hfq
2017-03-17,43.800,43.980,43.116,43.224,44417,,,0.0000,hfq
2017-03-20,42.900,43.548,42.288,42.828,38945,,,-0.9162,hfq
2017-03-21,42.648,42.828,42.216,42.648,26074,,,-0.4203,hfq
2017-03-22,42.360,42.540,41.640,41.928,30603,,,-1.6882,hfq
2017-03-23,41.748,42.180,41.568,42.036,25141,,,0.2576,hfq
2017-03-24,41.856,43.692,41.280,43.224,61982,,,2.8261,hfq
2017-03-27,42.936,43.332,42.036,42.180,40310,,,-2.4153,hfq
2017-03-28,42.180,42.468,41.568,41.640,26725,,,-1.2802,hfq
2017-03-29,41.496,42.000,40.488,40.488,49442,,,-2.7666,hfq
2017-03-30,40.596,40.704,39.444,39.444,34660,,,-2.5785,hfq
2017-03-31,39.696,39.876,39.372,39.516,22483,,,0.1825,hfq
2017-04-05,39.480,41.064,39.480,40.704,38401,,,3.0064,hfq
2017-04-06,40.704,41.640,40.560,40.920,36629,,,0.5307,hfq
2017-04-07,40.920,41.496,40.560,40.704,24056,,,-0.5279,hfq
2017-04-10,40.704,41.064,40.020,40.164,25168,,,-1.3267,hfq
2017-04-11,40.164,40.524,39.516,40.488,24621,,,0.8067,hfq
2017-04-12,40.488,40.524,39.480,39.480,27975,,,-2.4896,hfq
2017-04-13,39.156,40.236,39.156,39.804,21460,,,0.8207,hfq
2017-04-14,40.056,40.056,39.336,39.552,21396,,,-0.6331,hfq
2017-04-17,39.552,39.768,38.328,38.652,21733,,,-2.2755,hfq
2017-04-18,38.868,38.868,37.680,37.932,26684,,,-1.8628,hfq
2017-04-19,37.860,38.580,36.996,38.148,33478,,,0.5694,hfq
2017-04-20,38.364,38.364,36.960,37.068,38314,,,-2.8311,hfq
2017-04-21,37.068,37.680,36.996,37.320,19911,,,0.6798,hfq
2017-04-24,37.068,37.320,35.520,36.204,23044,,,-2.9904,hfq
2017-04-25,36.456,36.708,35.988,36.168,16719,,,-0.0994,hfq
2017-04-26,36.420,36.564,35.952,36.564,13694,,,1.0949,hfq
2017-04-27,36.600,36.996,35.664,36.744,26126,,,0.4923,hfq
2017-04-28,36.528,37.104,36.420,37.068,17990,,,0.8818,hfq
2017-05-02,38.868,40.128,38.148,38.616,72599,,,4.1761,hfq
2017-05-03,38.256,38.832,37.968,38.472,33294,,,-0.3729,hfq
2017-05-04,38.184,38.688,38.004,38.004,29845,,,-1.2165,hfq
2017-05-05,38.004,38.220,37.320,37.392,29844,,,-1.6104,hfq
2017-05-08,37.284,37.536,36.384,36.492,22986,,,-2.4069,hfq
2017-05-09,36.528,36.852,36.024,36.780,31905,,,0.7892,hfq
2017-05-10,36.852,37.068,35.700,35.700,22375,,,-2.9364,hfq
2017-05-11,34.980,35.484,34.152,35.268,30965,,,-1.2101,hfq
2017-05-12,35.304,35.376,34.620,34.764,17464,,,-1.4291,hfq
2017-05-15,34.800,37.572,34.728,36.384,47689,,,4.6600,hfq
2017-05-16,36.276,38.688,35.664,38.004,71739,,,4.4525,hfq
2017-05-17,37.788,38.400,37.464,37.680,41444,,,-0.8525,hfq
2017-05-18,37.320,38.544,37.248,37.608,44741,,,-0.1911,hfq
2017-05-19,37.428,37.896,37.248,37.500,19529,,,-0.2872,hfq
2017-05-22,37.356,37.788,35.520,35.772,29948,,,-4.6080,hfq
2017-05-23,35.736,36.312,35.016,35.160,35267,,,-1.7108,hfq
2017-05-24,35.160,36.204,34.692,36.204,33588,,,2.9693,hfq
2017-05-25,36.240,36.924,35.448,36.888,35167,,,1.8893,hfq
2017-05-26,36.564,36.924,36.096,36.456,24053,,,-1.1711,hfq
2017-05-31,37.212,37.248,36.348,36.456,26765,,,0.0000,hfq
2017-06-01,36.528,36.816,35.772,35.808,25106,,,-1.7775,hfq
2017-06-02,35.088,36.780,35.088,36.636,29687,,,2.3123,hfq
2017-06-05,36.888,37.320,36.528,36.852,25410,,,0.5896,hfq
2017-06-06,36.456,37.140,36.456,37.068,26247,,,0.5861,hfq
2017-06-07,36.780,37.896,36.780,37.752,48211,,,1.8453,hfq
2017-06-08,37.608,37.968,37.140,37.248,34353,,,-1.3350,hfq
2017-06-09,37.248,37.356,36.564,36.852,27481,,,-1.0631,hfq
2017-06-12,36.348,36.924,36.312,36.564,17384,,,-0.7815,hfq
2017-06-13,36.672,37.608,36.384,37.284,28873,,,1.9691,hfq
2017-06-14,36.960,37.680,36.960,37.572,37127,,,0.7724,hfq
2017-06-15,37.572,38.184,37.284,37.824,51512,,,0.6707,hfq
2017-06-16,38.076,38.112,37.320,37.464,31344,,,-0.9518,hfq
2017-06-19,37.464,37.788,37.248,37.608,22452,,,0.3844,hfq
2017-06-20,37.752,41.316,37.752,41.316,49377,,,9.8596,hfq
2017-06-21,43.188,44.880,42.144,43.152,389969,,,4.4438,hfq
2017-06-22,42.576,47.400,42.576,44.664,538601,,,3.5039,hfq
2017-06-23,42.612,43.080,40.812,42.504,341931,,,-4.8361,hfq
2017-06-26,41.928,43.008,41.532,42.072,197865,,,-1.0164,hfq
2017-06-27,41.892,42.756,41.280,42.180,190466,,,0.2567,hfq
2017-06-28,41.712,41.928,40.704,40.956,135414,,,-2.9018,hfq
2017-06-29,41.208,41.604,40.704,41.100,103972,,,0.3516,hfq
2017-06-30,40.668,40.920,39.948,40.632,106800,,,-1.1387,hfq
2017-07-03,40.632,41.964,40.560,41.892,137194,,,3.1010,hfq
2017-07-04,41.892,42.252,41.352,41.532,91171,,,-0.8594,hfq
2017-07-05,41.352,42.504,41.316,42.072,103119,,,1.3002,hfq
2017-07-06,41.640,41.892,41.028,41.352,94567,,,-1.7114,hfq
2017-07-07,41.172,42.432,40.668,42.252,117662,,,2.1764,hfq
2017-07-10,41.964,44.196,41.784,42.396,170067,,,0.3408,hfq
2017-07-11,41.964,41.964,40.632,40.740,114825,,,-3.9060,hfq
2017-07-12,40.416,41.244,40.092,41.172,63672,,,1.0604,hfq
2017-07-13,41.028,41.136,40.596,40.740,47267,,,-1.0493,hfq
2017-07-14,40.848,41.856,40.488,41.100,57052,,,0.8837,hfq
2017-07-17,40.632,40.704,37.392,37.464,97801,,,-8.8467,hfq
2017-07-18,36.672,38.040,36.672,37.392,46198,,,-0.1922,hfq
2017-07-19,37.464,38.364,36.852,38.040,51863,,,1.7330,hfq
2017-07-20,37.572,38.652,37.464,37.680,47058,,,-0.9464,hfq
2017-07-21,37.392,38.292,37.392,37.608,37149,,,-0.1911,hfq
2017-07-24,37.212,38.076,37.212,37.968,33711,,,0.9572,hfq
2017-07-25,37.824,41.712,37.824,39.840,123499,,,4.9305,hfq
2017-07-26,39.192,40.524,38.904,40.272,74783,,,1.0843,hfq
2017-07-27,40.236,41.568,39.696,41.460,104190,,,2.9499,hfq
2017-07-28,40.884,42.252,40.704,41.244,95148,,,-0.5210,hfq
2017-07-31,41.388,42.828,40.632,42.216,104828,,,2.3567,hfq
2017-08-01,42.072,42.072,40.812,41.280,71719,,,-2.2172,hfq
2017-08-02,41.208,41.712,40.488,40.668,62206,,,-1.4826,hfq
2017-08-03,40.596,41.496,40.452,40.740,60218,,,0.1770,hfq
2017-08-04,40.380,41.244,40.344,40.560,40727,,,-0.4418,hfq
2017-08-07,40.200,41.496,40.092,41.316,42894,,,1.8639,hfq
2017-08-08,41.316,41.748,40.776,41.136,56430,,,-0.4357,hfq
2017-08-09,40.956,41.388,40.668,40.776,36903,,,-0.8751,hfq
2017-08-10,40.740,40.956,39.516,39.768,50751,,,-2.4720,hfq
2017-08-11,39.372,39.948,38.472,38.472,48255,,,-3.2589,hfq
2017-08-14,38.328,39.948,38.292,39.624,38306,,,2.9944,hfq
2017-08-15,39.624,40.092,39.516,39.732,26454,,,0.2726,hfq
2017-08-16,39.912,40.632,39.480,40.236,43004,,,1.2685,hfq
2017-08-17,40.344,40.956,40.164,40.632,42144,,,0.9842,hfq
2017-08-18,40.344,40.488,39.876,40.020,30359,,,-1.5062,hfq
2017-08-21,39.840,41.532,39.840,41.424,58723,,,3.5082,hfq
2017-08-22,41.064,42.396,40.740,41.280,81253,,,-0.3476,hfq
2017-08-23,40.992,41.352,40.200,40.308,48607,,,-2.3547,hfq
2017-08-24,40.344,40.632,39.120,39.156,40203,,,-2.8580,hfq
2017-08-25,39.192,39.876,39.192,39.696,26921,,,1.3791,hfq
2017-08-28,39.588,40.668,39.588,40.668,37462,,,2.4486,hfq
2017-08-29,41.064,41.892,40.812,40.992,66084,,,0.7967,hfq
2017-08-30,40.704,41.712,40.704,41.388,59561,,,0.9660,hfq
2017-08-31,41.640,42.396,41.424,42.000,88065,,,1.4787,hfq
2017-09-01,41.928,42.144,41.460,41.568,56079,,,-1.0286,hfq
2017-09-04,41.460,42.756,41.316,42.360,85019,,,1.9053,hfq
2017-09-05,42.576,42.576,41.460,41.640,51472,,,-1.6997,hfq
2017-09-06,41.568,43.620,41.316,43.512,131232,,,4.4957,hfq
2017-09-07,43.512,43.836,42.828,42.828,87324,,,-1.5720,hfq
2017-09-08,42.720,43.440,42.504,43.332,70201,,,1.1768,hfq
2017-09-11,43.476,44.484,42.972,43.944,124082,,,1.4124,hfq
2017-09-12,43.944,46.896,43.728,44.484,213099,,,1.2288,hfq
2017-09-13,44.484,44.880,43.548,44.232,81204,,,-0.5665,hfq
2017-09-14,44.376,44.484,43.152,43.440,68559,,,-1.7906,hfq
2017-09-15,43.584,44.052,43.188,43.584,45814,,,0.3315,hfq
2017-09-18,43.548,43.836,42.828,43.512,40614,,,-0.1652,hfq
2017-09-19,43.332,44.124,42.504,42.648,55400,,,-1.9857,hfq
2017-09-20,42.720,44.304,42.648,43.836,72798,,,2.7856,hfq
2017-09-21,44.052,45.780,43.476,44.628,112299,,,1.8067,hfq
2017-09-22,44.124,44.196,42.828,43.224,69025,,,-3.1460,hfq
2017-09-25,43.260,43.296,41.532,41.604,62015,,,-3.7479,hfq
2017-09-26,41.604,42.612,41.316,42.108,38147,,,1.2114,hfq
2017-09-27,41.820,43.476,41.820,42.468,38635,,,0.8549,hfq
2017-09-28,42.324,43.152,42.072,42.432,42964,,,-0.0848,hfq
2017-09-29,42.504,43.692,42.036,43.116,46326,,,1.6120,hfq
2017-10-09,43.296,45.060,43.296,43.944,75121,,,1.9204,hfq
2017-10-10,43.584,44.232,43.332,43.764,54992,,,-0.4096,hfq
2017-10-11,43.548,44.088,43.368,43.872,60377,,,0.2468,hfq
2017-10-12,43.764,44.196,43.080,43.332,44027,,,-1.2309,hfq
2017-10-13,43.404,43.836,43.044,43.764,28915,,,0.9970,hfq
2017-10-16,43.944,44.088,41.604,42.000,60615,,,-4.0307,hfq
2017-10-17,42.072,42.612,41.892,42.072,20886,,,0.1714,hfq
2017-10-18,42.144,42.756,41.496,41.568,34877,,,-1.1979,hfq
2017-10-19,41.712,42.180,40.704,41.424,30347,,,-0.3464,hfq
2017-10-20,41.460,41.928,40.992,41.784,20820,,,0.8691,hfq
2017-10-23,42.252,43.188,42.252,42.468,43045,,,1.6370,hfq
2017-10-24,41.892,42.360,41.892,42.288,23414,,,-0.4238,hfq
2017-10-25,42.288,44.952,42.108,43.584,94057,,,3.0647,hfq
2017-10-26,43.188,44.880,43.080,44.016,89130,,,0.9912,hfq
2017-10-27,43.476,45.168,43.152,44.952,118010,,,2.1265,hfq
2017-10-30,44.556,45.348,43.440,43.908,94790,,,-2.3225,hfq
2017-10-31,44.160,45.312,43.296,45.312,95479,,,3.1976,hfq
2017-11-01,44.880,45.348,44.340,44.448,86117,,,-1.9068,hfq
2017-11-02,43.764,44.088,42.540,42.540,98121,,,-4.2927,hfq
2017-11-03,42.504,42.972,42.072,42.504,48662,,,-0.0846,hfq
2017-11-06,42.360,43.620,42.360,43.512,39837,,,2.3715,hfq
2017-11-07,43.440,44.196,43.188,43.800,41209,,,0.6619,hfq
2017-11-08,43.764,44.196,43.152,43.404,43178,,,-0.9041,hfq
2017-11-09,43.260,45.240,43.260,45.060,107131,,,3.8153,hfq
2017-11-10,44.592,45.096,44.448,44.700,76575,,,-0.7989,hfq
2017-11-13,44.844,46.932,43.872,46.752,160744,,,4.5906,hfq
2017-11-14,46.392,47.760,45.348,46.428,125089,,,-0.6930,hfq
2017-11-15,46.068,47.616,45.960,46.680,101869,,,0.5428,hfq
2017-11-16,46.320,47.112,45.564,46.356,58818,,,-0.6941,hfq
2017-11-17,47.040,47.040,43.332,43.908,114079,,,-5.2809,hfq
2017-11-20,43.548,44.376,41.604,44.304,77234,,,0.9019,hfq
2017-11-21,43.872,44.520,42.900,43.404,60688,,,-2.0314,hfq
2017-11-22,43.224,43.692,42.504,42.792,42691,,,-1.4100,hfq
2017-11-23,42.900,43.512,42.144,42.252,48306,,,-1.2619,hfq
2017-11-24,42.432,43.656,42.144,43.152,38842,,,2.1301,hfq
2017-11-27,43.692,44.196,42.756,42.756,37648,,,-0.9177,hfq
2017-11-28,42.540,43.368,42.468,43.332,26740,,,1.3472,hfq
2017-11-29,43.332,43.368,41.640,42.396,44245,,,-2.1601,hfq
2017-11-30,42.252,42.432,40.884,40.920,50196,,,-3.4815,hfq
2017-12-01,40.704,41.280,40.596,40.920,35193,,,0.0000,hfq
2017-12-04,40.992,40.992,39.012,39.480,56285,,,-3.5191,hfq
2017-12-05,39.480,39.480,36.780,37.392,51185,,,-5.2888,hfq
2017-12-06,37.428,38.040,36.420,37.320,38508,,,-0.1926,hfq
2017-12-07,37.536,37.932,37.032,37.068,25863,,,-0.6752,hfq
2017-12-08,37.212,37.788,37.068,37.644,21075,,,1.5539,hfq
2017-12-11,37.428,38.292,37.248,38.112,22744,,,1.2432,hfq
2017-12-12,38.112,38.292,37.068,37.212,20486,,,-2.3615,hfq
2017-12-13,37.032,37.464,36.996,37.320,12786,,,0.2902,hfq
2017-12-14,37.068,37.932,37.068,37.644,20796,,,0.8682,hfq
2017-12-15,37.644,37.824,37.284,37.392,16847,,,-0.6694,hfq
2017-12-18,37.392,37.500,36.384,36.528,21065,,,-2.3107,hfq
2017-12-19,36.780,37.320,36.564,37.104,16001,,,1.5769,hfq
2017-12-20,37.104,37.212,36.600,36.960,17975,,,-0.3881,hfq
2017-12-21,36.636,37.248,35.880,37.176,25620,,,0.5844,hfq
2017-12-22,36.888,37.032,36.312,36.492,17421,,,-1.8399,hfq
2017-12-25,36.672,36.708,33.072,34.404,35646,,,-5.7218,hfq
2017-12-26,34.404,34.836,34.044,34.440,23193,,,0.1046,hfq
2017-12-27,34.440,35.196,34.440,34.620,20035,,,0.5226,hfq
2017-12-28,34.620,36.348,34.584,35.736,34230,,,3.2236,hfq
2017-12-29,36.024,36.024,35.052,35.664,20927,,,-0.2015,hfq
2018-01-02,35.592,36.312,35.592,35.700,18391,,,0.1009,hfq
2018-01-03,35.700,36.240,35.556,35.880,22875,,,0.5042,hfq
2018-01-04,35.844,36.312,35.772,36.312,19997,,,1.2040,hfq
2018-01-05,36.528,36.528,35.952,36.024,20926,,,-0.7931,hfq
2018-01-08,35.952,35.952,35.232,35.592,23246,,,-1.1992,hfq
2018-01-09,35.592,36.204,35.484,35.808,12550,,,0.6069,hfq
2018-01-10,35.844,36.060,34.980,35.160,18806,,,-1.8097,hfq
2018-01-11,35.088,35.412,34.728,35.304,21769,,,0.4096,hfq
2018-01-12,35.088,35.412,34.800,34.872,16532,,,-1.2237,hfq
2018-01-15,34.872,34.872,33.252,33.864,24577,,,-2.8906,hfq
2018-01-16,34.476,34.512,33.324,33.540,25925,,,-0.9568,hfq
2018-01-17,33.792,33.864,32.496,33.504,25583,,,-0.1073,hfq
2018-01-18,33.756,36.780,33.756,36.780,76870,,,9.7779,hfq
2018-01-19,36.780,38.364,36.060,37.284,136288,,,1.3703,hfq
2018-01-22,37.068,37.248,35.952,36.816,56530,,,-1.2552,hfq
2018-01-23,36.528,37.104,36.240,36.564,35569,,,-0.6845,hfq
2018-01-24,36.348,37.032,35.844,36.780,41153,,,0.5907,hfq
2018-01-25,36.672,37.320,36.420,36.492,30756,,,-0.7830,hfq
2018-01-26,36.636,36.636,35.988,36.384,23737,,,-0.2960,hfq
2018-01-29,36.384,36.780,36.024,36.096,25134,,,-0.7916,hfq
2018-01-30,35.952,36.240,34.620,34.692,29978,,,-3.8896,hfq
2018-01-31,34.836,35.016,33.288,33.792,24691,,,-2.5943,hfq
2018-02-01,34.008,34.152,32.316,32.460,43138,,,-3.9418,hfq
2018-02-02,32.352,32.568,29.292,30.696,51784,,,-5.4344,hfq
2018-02-05,30.048,30.588,29.148,30.408,21445,,,-0.9382,hfq
2018-02-06,30.264,30.516,29.472,29.472,34302,,,-3.0781,hfq
2018-02-07,30.192,30.408,29.292,29.868,23920,,,1.3436,hfq
2018-02-08,30.156,30.840,29.868,30.408,25090,,,1.8080,hfq
2018-02-09,29.184,33.072,29.184,30.984,62008,,,1.8942,hfq
2018-02-12,31.020,32.388,31.020,31.920,33141,,,3.0209,hfq
2018-02-13,31.920,32.208,31.560,31.740,21243,,,-0.5639,hfq
2018-02-14,31.740,32.532,31.668,31.884,11846,,,0.4537,hfq
2018-02-22,32.424,32.856,31.884,31.920,16095,,,0.1129,hfq
2018-02-23,32.136,32.136,31.416,31.884,13657,,,-0.1128,hfq
2018-02-26,31.812,32.712,31.740,32.280,24373,,,1.2420,hfq
2018-02-27,32.424,33.180,32.352,32.964,28965,,,2.1190,hfq
2018-02-28,32.424,33.072,32.280,32.712,20236,,,-0.7645,hfq
2018-03-01,32.352,33.432,32.244,33.360,27436,,,1.9809,hfq
2018-03-02,33.144,34.404,32.784,33.432,39913,,,0.2158,hfq
2018-03-05,36.708,36.708,36.708,36.708,24758,,,9.7990,hfq
2018-03-06,38.400,39.444,36.924,37.500,157236,,,2.1576,hfq
2018-03-07,36.996,37.536,35.952,36.132,81202,,,-3.6480,hfq
2018-03-08,35.952,36.744,35.808,36.024,39029,,,-0.2989,hfq
2018-03-09,36.024,36.960,35.088,36.888,83071,,,2.3984,hfq
2018-03-12,37.032,38.184,36.384,37.716,85017,,,2.2446,hfq
2018-03-13,37.464,37.464,36.528,36.672,55044,,,-2.7681,hfq
2018-03-14,36.780,37.500,36.384,36.384,33716,,,-0.7853,hfq
2018-03-15,36.096,36.240,35.196,35.736,39643,,,-1.7810,hfq
2018-03-16,35.736,36.060,35.232,35.268,22090,,,-1.3096,hfq
2018-03-19,35.196,37.932,34.872,36.996,65913,,,4.8996,hfq
2018-03-20,36.996,37.572,36.456,37.104,74670,,,0.2919,hfq
2018-03-21,36.960,37.320,35.808,36.312,48743,,,-2.1345,hfq
2018-03-22,35.988,36.816,35.592,36.816,31651,,,1.3880,hfq
2018-03-23,36.276,38.364,35.232,36.456,102005,,,-0.9778,hfq
2018-03-26,37.140,38.184,36.132,38.184,105636,,,4.7400,hfq
2018-03-27,37.932,39.336,37.644,38.472,119451,,,0.7542,hfq
2018-03-28,37.860,39.660,37.860,38.472,88829,,,0.0000,hfq
2018-03-29,38.004,38.940,37.536,38.076,58831,,,-1.0293,hfq
2018-03-30,37.032,38.724,36.708,38.652,90439,,,1.5128,hfq
2018-04-02,39.912,39.984,38.112,38.184,81230,,,-1.2108,hfq
2018-04-03,37.320,37.752,36.528,36.744,66489,,,-3.7712,hfq
2018-04-04,37.320,37.428,36.600,36.672,27683,,,-0.1960,hfq
2018-04-09,36.600,36.636,35.592,36.168,32351,,,-1.3743,hfq
2018-04-10,36.168,36.780,36.024,36.348,20609,,,0.4977,hfq
2018-04-11,36.708,36.924,36.312,36.780,27353,,,1.1885,hfq
2018-04-12,37.320,37.320,35.664,35.736,29441,,,-2.8385,hfq
2018-04-13,35.916,36.420,35.664,35.916,19239,,,0.5037,hfq
2018-04-16,35.772,36.168,35.412,35.520,17764,,,-1.1026,hfq
2018-04-17,35.880,35.880,33.180,33.432,50304,,,-5.8784,hfq
2018-05-04,35.952,36.708,35.088,36.708,24163,,,9.7990,hfq
2018-05-07,38.112,38.436,36.276,36.492,121374,,,-0.5884,hfq
2018-05-08,35.448,36.276,35.304,35.448,60738,,,-2.8609,hfq
2018-05-09,35.772,36.744,35.592,36.600,60647,,,3.2498,hfq
2018-05-10,36.600,37.104,36.276,36.672,54277,,,0.1967,hfq
2018-05-11,36.744,36.780,35.592,35.592,31815,,,-2.9450,hfq
2018-05-14,35.808,35.952,35.268,35.484,20913,,,-0.3034,hfq
2018-05-15,35.952,36.204,35.376,35.952,23720,,,1.3189,hfq
2018-05-16,35.088,35.916,35.016,35.808,18730,,,-0.4005,hfq
2018-05-17,35.592,35.844,35.484,35.520,14099,,,-0.8043,hfq
2018-05-18,35.484,35.808,35.412,35.700,11278,,,0.5068,hfq
2018-05-21,35.700,35.916,35.412,35.700,21707,,,0.0000,hfq
2018-05-22,35.700,35.952,35.520,35.700,23543,,,0.0000,hfq
2018-05-23,35.736,36.780,35.736,36.060,42983,,,1.0084,hfq
2018-05-24,36.060,36.528,35.772,36.276,20936,,,0.5990,hfq
2018-05-25,35.736,36.312,35.664,36.024,23363,,,-0.6947,hfq
2018-05-28,36.060,36.060,33.936,34.080,39354,,,-5.3964,hfq
2018-05-29,34.008,34.440,33.540,33.540,20052,,,-1.5845,hfq
2018-05-30,33.360,33.540,32.640,32.928,22112,,,-1.8247,hfq
2018-05-31,33.360,33.468,32.532,32.856,14792,,,-0.2187,hfq
2018-06-01,32.856,33.144,32.532,32.568,11161,,,-0.8766,hfq
2018-06-04,32.892,33.180,32.244,32.388,11443,,,-0.5527,hfq
2018-06-05,32.424,32.856,32.424,32.820,8657,,,1.3338,hfq
2018-06-06,33.036,33.468,32.820,32.856,9786,,,0.1097,hfq
2018-06-07,33.216,33.396,32.676,32.676,11175,,,-0.5478,hfq
2018-06-08,32.496,32.640,31.416,31.884,19872,,,-2.4238,hfq
2018-06-11,31.344,32.460,31.344,32.280,18772,,,1.2420,hfq
2018-06-12,32.208,32.532,31.812,32.352,7905,,,0.2230,hfq
2018-06-13,32.172,32.388,31.308,31.380,10202,,,-3.0045,hfq
2018-06-14,31.344,31.560,30.660,30.948,11727,,,-1.3767,hfq
2018-06-15,31.128,31.236,29.508,30.048,18028,,,-2.9081,hfq
2018-06-19,29.508,29.508,27.132,27.132,28839,,,-9.7045,hfq
2018-06-20,27.132,27.564,26.196,26.988,17403,,,-0.5307,hfq
2018-06-21,26.772,27.348,24.756,24.828,28915,,,-8.0036,hfq
2018-06-22,24.468,25.440,24.468,25.296,14546,,,1.8850,hfq
2018-06-25,25.440,26.016,25.368,25.404,13153,,,0.4269,hfq
2018-06-26,24.720,26.196,24.504,25.908,12730,,,1.9839,hfq
2018-06-27,25.908,26.592,25.692,25.980,14795,,,0.2779,hfq
2018-06-28,25.836,26.304,25.656,25.692,12416,,,-1.1085,hfq
2018-06-29,26.088,28.176,25.728,27.708,38611,,,7.8468,hfq
2018-07-02,27.204,27.852,26.772,27.384,20159,,,-1.1693,hfq
2018-07-03,27.744,28.680,27.420,28.140,28757,,,2.7607,hfq
2018-07-04,27.924,28.320,27.060,27.132,14485,,,-3.5821,hfq
2018-07-05,27.060,27.492,26.340,26.448,10789,,,-2.5210,hfq
2018-07-06,26.880,27.240,25.908,26.700,15568,,,0.9528,hfq
2018-07-09,26.700,27.456,26.700,27.204,14501,,,1.8876,hfq
2018-07-10,27.060,27.564,26.988,27.312,12021,,,0.3970,hfq
2018-07-11,29.436,29.436,27.492,27.780,45203,,,1.7135,hfq
2018-07-12,27.240,28.500,27.240,28.212,27866,,,1.5551,hfq
2018-07-13,27.924,28.896,27.924,28.248,15335,,,0.1276,hfq
2018-07-16,27.816,28.356,27.240,27.852,19702,,,-1.4019,hfq
2018-07-17,27.816,27.816,27.240,27.564,8641,,,-1.0340,hfq
2018-07-18,27.492,28.032,27.132,27.132,9605,,,-1.5673,hfq
2018-07-19,27.168,27.456,26.376,26.664,11790,,,-1.7249,hfq
2018-07-20,26.664,27.240,26.592,27.204,10233,,,2.0252,hfq
2018-07-23,27.204,27.600,27.024,27.312,15581,,,0.3970,hfq
2018-07-24,27.168,27.960,26.952,27.636,21538,,,1.1863,hfq
2018-07-25,27.672,27.960,27.456,27.816,17031,,,0.6513,hfq
2018-07-26,27.528,29.184,27.528,28.140,31930,,,1.1648,hfq
2018-07-27,27.960,28.104,27.420,27.420,18361,,,-2.5586,hfq
2018-07-30,27.276,27.384,26.808,26.988,14646,,,-1.5755,hfq
2018-07-31,27.060,27.240,26.880,26.952,7469,,,-0.1334,hfq
2018-08-01,27.168,27.348,26.376,26.412,9844,,,-2.0036,hfq
2018-08-02,26.376,26.880,24.576,24.864,24790,,,-5.8610,hfq
2018-08-03,25.080,25.188,24.792,24.828,9450,,,-0.1448,hfq
2018-08-06,24.504,25.080,24.288,24.756,14385,,,-0.2900,hfq
2018-08-07,24.828,26.124,24.540,25.620,19796,,,3.4901,hfq
2018-08-08,25.512,25.872,25.224,25.224,15981,,,-1.5457,hfq
2018-08-09,25.080,26.088,25.044,25.908,17995,,,2.7117,hfq
2018-08-10,25.692,26.124,25.692,26.088,9909,,,0.6948,hfq
2018-08-13,25.944,26.232,25.656,26.232,10086,,,0.5520,hfq
2018-08-14,27.060,28.032,26.628,26.664,27964,,,1.6468,hfq
2018-08-15,26.052,26.520,25.800,25.944,13621,,,-2.7003,hfq
2018-08-16,25.512,26.304,25.332,25.620,10462,,,-1.2488,hfq
2018-08-17,25.980,26.232,25.224,25.332,11933,,,-1.1241,hfq
2018-08-20,25.620,25.728,25.080,25.620,11087,,,1.1369,hfq
2018-08-21,25.872,26.412,25.728,26.412,13361,,,3.0913,hfq
2018-08-22,27.024,27.024,26.124,26.196,14565,,,-0.8178,hfq
2018-08-23,25.944,26.520,25.944,26.160,14354,,,-0.1374,hfq
2018-08-24,26.016,26.196,25.620,25.872,12515,,,-1.1009,hfq
2018-08-27,26.124,26.628,25.872,26.592,16951,,,2.7829,hfq
2018-08-28,26.664,26.844,26.340,26.556,12482,,,-0.1354,hfq
2018-08-29,26.412,26.484,25.908,26.196,10214,,,-1.3556,hfq
2018-08-30,25.980,26.340,25.728,25.800,8849,,,-1.5117,hfq
2018-08-31,25.728,25.980,25.476,25.548,9400,,,-0.9767,hfq
2018-09-03,25.512,25.908,25.152,25.440,8617,,,-0.4227,hfq
2018-09-04,25.368,26.340,24.972,26.088,18958,,,2.5472,hfq
2018-09-05,25.944,26.340,25.404,25.620,16600,,,-1.7939,hfq
2018-09-06,25.296,25.836,25.224,25.296,8312,,,-1.2646,hfq
2018-09-07,25.368,25.800,24.972,25.476,9206,,,0.7116,hfq
2018-09-10,25.440,25.512,24.432,24.720,18107,,,-2.9675,hfq
2018-09-11,24.720,24.720,22.380,24.252,17784,,,-1.8932,hfq
2018-09-12,24.180,24.252,23.712,23.712,10537,,,-2.2266,hfq
2018-09-13,24.180,24.324,23.496,23.820,12132,,,0.4555,hfq
2018-09-14,24.072,24.180,23.604,23.820,13907,,,0.0000,hfq
2018-09-17,23.784,23.784,22.740,22.884,14787,,,-3.9295,hfq
2018-09-18,22.848,23.316,22.704,23.208,16843,,,1.4158,hfq
2018-09-19,23.172,23.604,23.064,23.388,18653,,,0.7756,hfq
2018-09-20,23.388,23.712,23.280,23.532,20400,,,0.6157,hfq
2018-09-21,23.676,23.676,23.208,23.676,17188,,,0.6119,hfq
2018-09-25,24.756,25.260,24.072,24.072,42619,,,1.6726,hfq
2018-09-26,23.964,24.252,23.496,23.784,25009,,,-1.1964,hfq
2018-09-27,23.568,23.712,22.776,22.812,32504,,,-4.0868,hfq
2018-09-28,22.920,23.172,22.812,22.992,12819,,,0.7891,hfq
2018-10-08,22.704,22.920,22.236,22.236,16709,,,-3.2881,hfq
2018-10-09,22.596,22.596,22.020,22.128,14873,,,-0.4857,hfq
2018-10-10,22.308,22.308,22.056,22.236,7383,,,0.4881,hfq
2018-10-11,21.624,24.180,21.480,22.416,55113,,,0.8095,hfq
2018-10-12,21.660,22.380,20.904,21.912,40450,,,-2.2484,hfq
2018-10-15,21.912,22.560,21.516,21.552,23286,,,-1.6429,hfq
2018-10-16,21.552,22.092,20.616,20.868,21202,,,-3.1737,hfq
2018-10-17,21.372,21.480,20.292,21.048,19319,,,0.8626,hfq
2018-10-18,20.868,20.904,20.220,20.688,17967,,,-1.7104,hfq
2018-10-19,20.688,21.984,20.436,21.696,31379,,,4.8724,hfq
2018-10-22,21.696,22.812,21.588,22.704,46480,,,4.6460,hfq
2018-10-23,22.740,23.028,21.948,22.164,38070,,,-2.3784,hfq
2018-10-24,22.128,22.344,21.876,22.056,24047,,,-0.4873,hfq
2018-10-25,21.264,21.804,20.868,21.696,18793,,,-1.6322,hfq
2018-10-26,21.948,22.380,21.768,22.344,24338,,,2.9867,hfq
2018-10-29,22.164,22.668,22.020,22.164,16593,,,-0.8056,hfq
2018-10-30,22.092,22.416,21.516,22.272,18894,,,0.4873,hfq
2018-10-31,22.380,22.812,22.272,22.668,23997,,,1.7780,hfq
2018-11-01,22.740,23.100,22.560,22.668,28899,,,0.0000,hfq
2018-11-02,22.848,23.136,22.776,23.028,34933,,,1.5881,hfq
2018-11-05,22.956,23.316,22.596,22.956,31654,,,-0.3127,hfq
2018-11-06,22.776,23.964,22.560,23.748,39423,,,3.4501,hfq
2018-11-07,23.496,23.928,23.208,23.208,36165,,,-2.2739,hfq
2018-11-08,23.316,23.568,22.884,22.920,28440,,,-1.2410,hfq
2018-11-09,22.812,25.152,22.596,24.180,143033,,,5.4974,hfq
2018-11-12,23.712,24.540,23.532,24.396,89980,,,0.8933,hfq
2018-11-13,24.180,24.756,23.856,24.648,74886,,,1.0330,hfq
2018-11-14,24.864,25.620,24.072,24.180,72428,,,-1.8987,hfq
2018-11-15,24.360,24.972,23.712,24.828,61968,,,2.6799,hfq
2018-11-16,24.648,24.900,24.540,24.576,43328,,,-1.0150,hfq
2018-11-19,24.576,24.972,24.180,24.720,44710,,,0.5859,hfq
2018-11-20,24.360,24.720,23.748,23.856,28959,,,-3.4951,hfq
2018-11-21,23.640,24.324,23.640,24.288,29583,,,1.8109,hfq
2018-11-22,24.288,24.396,24.000,24.144,16513,,,-0.5929,hfq
2018-11-23,24.108,24.252,22.236,22.488,41795,,,-6.8588,hfq
2018-11-26,22.632,22.812,22.236,22.380,17899,,,-0.4803,hfq
2018-11-27,22.668,24.540,22.416,23.316,51660,,,4.1823,hfq
2018-11-28,23.424,23.424,22.632,23.172,38612,,,-0.6176,hfq
2018-11-29,23.136,24.324,23.028,23.352,67794,,,0.7768,hfq
2018-11-30,23.244,24.612,23.100,24.324,72113,,,4.1624,hfq
2018-12-03,24.576,25.836,24.396,25.368,97476,,,4.2921,hfq
2018-12-04,25.116,25.440,24.756,25.080,60290,,,-1.1353,hfq
2018-12-05,24.540,25.296,24.108,24.936,54038,,,-0.5742,hfq
2018-12-06,24.900,24.972,24.288,24.468,33169,,,-1.8768,hfq
2018-12-07,24.396,24.684,24.360,24.468,25029,,,0.0000,hfq
2018-12-10,24.432,24.792,24.180,24.252,24558,,,-0.8828,hfq
2018-12-11,24.504,25.368,24.324,25.152,57903,,,3.7110,hfq
2018-12-12,25.440,25.584,24.612,24.828,40325,,,-1.2882,hfq
2018-12-13,24.828,24.936,24.360,24.720,36413,,,-0.4350,hfq
2018-12-14,24.576,24.684,23.532,23.676,32149,,,-4.2233,hfq
2018-12-17,23.640,23.856,23.496,23.640,23074,,,-0.1521,hfq
2018-12-18,23.496,23.820,23.280,23.748,21543,,,0.4569,hfq
2018-12-19,23.712,23.820,23.280,23.424,16716,,,-1.3643,hfq
2018-12-20,23.424,23.748,23.280,23.748,15031,,,1.3832,hfq
2018-12-21,23.712,23.712,23.100,23.280,16480,,,-1.9707,hfq
2018-12-24,23.244,23.928,23.208,23.820,21691,,,2.3196,hfq
2018-12-25,23.604,23.604,22.596,23.460,33699,,,-1.5113,hfq
2018-12-26,23.460,23.496,22.776,22.812,21649,,,-2.7621,hfq
2018-12-27,23.424,23.496,22.380,22.596,29123,,,-0.9469,hfq
2018-12-28,22.812,22.956,22.488,22.884,23039,,,1.2746,hfq
2019-01-02,22.884,22.920,21.516,21.876,58682,,,-4.4048,hfq
2019-01-03,21.876,22.092,21.084,21.660,44220,,,-0.9874,hfq
2019-01-04,21.264,22.812,21.228,22.416,40931,,,3.4903,hfq
2019-01-07,22.488,24.360,22.488,23.568,73713,,,5.1392,hfq
2019-01-08,23.568,25.836,23.136,25.836,60359,,,9.6232,hfq
2019-01-09,27.780,28.356,27.420,28.356,97052,,,9.7538,hfq
2019-01-10,31.128,31.128,29.760,29.940,482082,,,5.5861,hfq
2019-01-11,28.932,30.876,28.176,28.248,398841,,,-5.6513,hfq
2019-01-14,27.888,28.968,27.816,28.320,190871,,,0.2549,hfq
2019-01-15,28.788,28.824,26.772,27.240,217087,,,-3.8136,hfq
2019-01-16,26.808,27.456,26.520,26.952,114671,,,-1.0573,hfq
2019-01-17,26.916,26.916,26.088,26.304,85456,,,-2.4043,hfq
2019-01-18,26.340,26.880,26.124,26.412,96490,,,0.4106,hfq
2019-01-21,26.304,26.628,25.944,26.340,78198,,,-0.2726,hfq
2019-01-22,26.196,26.844,26.160,26.484,76731,,,0.5467,hfq
2019-01-23,26.160,26.340,25.764,25.872,73346,,,-2.3108,hfq
2019-01-24,25.872,27.132,25.548,26.772,120642,,,3.4787,hfq
2019-01-25,26.376,26.664,25.836,25.908,60508,,,-3.2273,hfq
2019-01-28,26.268,26.556,25.836,25.908,46735,,,0.0000,hfq
2019-01-29,25.584,26.160,24.792,24.900,65260,,,-3.8907,hfq
2019-01-30,24.756,25.476,24.684,25.152,45477,,,1.0120,hfq
2019-01-31,24.936,26.628,24.900,26.196,85328,,,4.1508,hfq
2019-02-01,26.196,27.348,25.908,27.204,76706,,,3.8479,hfq
2019-02-11,27.600,27.672,26.664,27.456,108439,,,0.9263,hfq
2019-02-12,27.456,30.120,27.096,28.896,170431,,,5.2448,hfq
2019-02-13,29.400,31.704,28.860,31.704,185937,,,9.7176,hfq
2019-02-14,34.620,34.620,30.588,30.984,292943,,,-2.2710,hfq
2019-02-15,30.156,31.164,29.832,30.120,165927,,,-2.7885,hfq
2019-02-18,30.156,31.596,30.156,31.092,174431,,,3.2271,hfq
2019-02-19,31.164,31.200,30.120,30.660,132267,,,-1.3894,hfq
2019-02-20,30.336,33.108,29.868,31.776,172653,,,3.6399,hfq
2019-02-21,31.668,33.504,31.416,32.244,207594,,,1.4728,hfq
2019-02-22,34.260,35.376,33.252,35.376,133641,,,9.7134,hfq
2019-02-25,38.832,38.832,38.832,38.832,14751,,,9.7693,hfq
2019-02-26,42.180,42.648,39.984,41.496,646982,,,6.8603,hfq
2019-02-27,39.084,40.020,37.428,37.428,371018,,,-9.8034,hfq
2019-02-28,36.420,37.788,35.736,36.636,195354,,,-2.1161,hfq
2019-03-01,36.600,38.040,36.564,37.284,142077,,,1.7688,hfq
2019-03-04,36.924,38.256,36.708,37.140,208182,,,-0.3862,hfq
2019-03-05,36.744,39.228,36.744,38.688,201375,,,4.1680,hfq
2019-03-06,38.580,39.876,37.788,38.688,204181,,,0.0000,hfq
2019-03-07,38.688,38.760,37.140,37.896,182761,,,-2.0471,hfq
2019-03-08,36.816,36.996,35.160,35.160,194614,,,-7.2198,hfq
2019-03-11,35.160,36.708,35.160,36.564,103524,,,3.9932,hfq
2019-03-12,36.924,38.292,36.528,36.996,122885,,,1.1815,hfq
2019-03-13,37.068,37.860,35.988,36.456,105857,,,-1.4596,hfq
2019-03-14,35.700,36.744,34.440,35.124,97869,,,-3.6537,hfq
2019-03-15,35.736,36.384,34.728,35.160,70735,,,0.1025,hfq
2019-03-18,35.196,35.628,34.584,35.340,88011,,,0.5119,hfq
2019-03-19,35.412,37.140,34.692,37.140,141616,,,5.0934,hfq
2019-03-20,37.248,37.860,35.772,36.528,119206,,,-1.6478,hfq
2019-03-21,36.348,36.852,36.132,36.420,86631,,,-0.2957,hfq
2019-03-22,36.420,37.140,36.132,36.492,79747,,,0.1977,hfq
2019-03-25,35.304,36.060,35.052,35.196,90423,,,-3.5515,hfq
2019-03-26,35.232,35.808,33.468,33.648,94624,,,-4.3982,hfq
2019-03-27,34.116,35.448,34.044,34.476,76796,,,2.4608,hfq
2019-03-28,34.656,35.736,34.260,34.620,84485,,,0.4177,hfq
2019-03-29,34.332,35.412,34.116,34.980,77347,,,1.0399,hfq
2019-04-01,35.196,37.320,35.196,36.780,135020,,,5.1458,hfq
2019-04-02,36.780,37.428,36.168,36.276,117253,,,-1.3703,hfq
2019-04-03,36.312,36.780,35.880,36.384,81984,,,0.2977,hfq
2019-04-04,36.708,36.744,35.736,35.808,72834,,,-1.5831,hfq
2019-04-08,35.988,36.672,35.088,35.592,93838,,,-0.6032,hfq
2019-04-09,35.880,36.384,35.016,36.312,89911,,,2.0229,hfq
2019-04-10,36.528,37.680,35.340,37.428,177516,,,3.0734,hfq
2019-04-11,37.428,40.740,36.744,38.868,316690,,,3.8474,hfq
2019-04-12,38.868,39.840,37.788,38.760,167826,,,-0.2779,hfq
2019-04-15,39.372,39.948,38.256,39.660,158265,,,2.3220,hfq
2019-04-16,39.156,41.100,38.868,40.884,176309,,,3.0862,hfq
2019-04-17,40.596,41.424,38.688,38.688,168513,,,-5.3713,hfq
2019-04-18,38.868,39.192,37.356,37.716,134416,,,-2.5124,hfq
2019-04-19,37.968,38.472,36.708,37.716,106560,,,0.0000,hfq
2019-04-22,37.500,37.932,36.492,36.564,94218,,,-3.0544,hfq
2019-04-23,36.564,36.780,35.160,35.340,80486,,,-3.3476,hfq
2019-04-24,35.556,36.204,34.980,35.988,62815,,,1.8336,hfq
2019-04-25,35.736,35.988,33.900,34.116,67577,,,-5.2017,hfq
2019-04-26,34.584,35.232,34.224,34.512,57897,,,1.1607,hfq
2019-04-29,35.268,35.268,33.504,33.756,65760,,,-2.1905,hfq
2019-04-30,33.756,34.440,33.468,34.008,39160,,,0.7465,hfq
2019-05-06,32.964,32.964,30.696,30.696,61761,,,-9.7389,hfq
2019-05-07,30.768,31.056,29.148,30.012,74436,,,-2.2283,hfq
2019-05-08,29.220,30.120,28.932,29.580,41665,,,-1.4394,hfq
2019-05-09,29.580,30.012,29.328,29.508,26554,,,-0.2434,hfq
2019-05-10,29.724,30.984,29.256,30.840,68338,,,4.5140,hfq
2019-05-13,30.660,31.344,30.408,30.732,45646,,,-0.3502,hfq
2019-05-14,29.940,31.848,29.940,31.452,59234,,,2.3428,hfq
2019-05-15,32.172,32.640,31.812,32.064,58459,,,1.9458,hfq
2019-05-16,31.776,32.352,31.632,31.668,49248,,,-1.2350,hfq
2019-05-17,32.064,33.288,31.308,31.992,90693,,,1.0231,hfq
2019-05-20,32.208,34.584,31.596,34.116,136851,,,6.6392,hfq
2019-05-21,33.504,34.296,32.748,33.972,98217,,,-0.4221,hfq
2019-05-22,33.684,34.440,33.108,33.288,63999,,,-2.0134,hfq
2019-05-23,33.360,33.396,32.136,32.280,48009,,,-3.0281,hfq
2019-05-24,31.920,32.604,31.200,31.200,36642,,,-3.3457,hfq
2019-05-27,31.632,33.252,31.128,33.000,57338,,,5.7692,hfq
2019-05-28,33.288,34.332,32.604,32.748,76468,,,-0.7636,hfq
2019-05-29,32.712,33.396,32.640,32.676,45026,,,-0.2199,hfq
2019-05-30,32.676,33.720,31.992,33.288,68970,,,1.8729,hfq
2019-05-31,33.108,33.720,32.640,33.324,65574,,,0.1081,hfq
2019-06-03,33.648,35.484,33.252,33.612,88858,,,0.8642,hfq
2019-06-04,33.396,34.008,32.100,32.136,62537,,,-4.3913,hfq
2019-06-05,32.604,33.180,32.172,32.712,42387,,,1.7924,hfq
2019-06-06,32.784,32.892,30.660,31.164,53002,,,-4.7322,hfq
2019-06-10,31.236,32.568,31.056,32.352,48157,,,3.8121,hfq
2019-06-11,32.100,33.324,31.920,33.288,52974,,,2.8932,hfq
2019-06-12,32.928,36.528,32.928,36.528,118122,,,9.7332,hfq
2019-06-13,38.724,39.732,35.448,35.592,339975,,,-2.5624,hfq
2019-06-14,34.584,35.484,33.540,33.612,165536,,,-5.5630,hfq
2019-06-17,34.440,36.888,34.404,36.888,52952,,,9.7465,hfq
2019-06-18,37.680,39.912,36.060,37.356,326217,,,1.2687,hfq
2019-06-19,37.716,38.724,36.564,36.564,258183,,,-2.1201,hfq
2019-06-20,35.664,36.780,34.836,36.456,191883,,,-0.2954,hfq
2019-06-21,37.248,37.860,36.456,36.708,172659,,,0.6912,hfq
2019-06-24,36.708,39.084,35.988,38.220,244796,,,4.1190,hfq
2019-06-25,37.356,37.860,36.024,36.672,146822,,,-4.0502,hfq
2019-06-26,36.060,37.572,35.916,36.168,100463,,,-1.3743,hfq
2019-06-27,36.240,37.212,35.520,36.744,106678,,,1.5926,hfq
2019-06-28,36.600,36.708,35.268,36.060,87718,,,-1.8615,hfq
2019-07-01,36.888,37.860,36.312,37.464,154221,,,3.8935,hfq
2019-07-02,37.320,37.536,36.420,36.636,93505,,,-2.2101,hfq
2019-07-03,36.420,36.564,35.556,35.844,69868,,,-2.1618,hfq
2019-07-04,35.844,36.276,35.052,35.412,51676,,,-1.2052,hfq
2019-07-05,35.520,35.844,35.232,35.664,37205,,,0.7116,hfq
2019-07-08,35.700,35.952,33.396,33.468,71303,,,-6.1575,hfq
2019-07-09,33.900,33.936,32.856,33.252,44344,,,-0.6454,hfq
2019-07-10,34.044,34.836,33.252,34.764,93255,,,4.5471,hfq
2019-07-11,35.520,38.148,35.196,36.060,189462,,,3.7280,hfq
2019-07-12,35.916,39.588,35.808,39.588,218779,,,9.7837,hfq
2019-07-15,40.560,42.288,38.148,40.056,450819,,,1.1822,hfq
2019-07-16,39.444,39.696,38.328,39.048,237664,,,-2.5165,hfq
2019-07-17,38.832,41.748,38.544,39.984,303113,,,2.3970,hfq
2019-07-18,41.460,43.872,39.120,43.872,551428,,,9.7239,hfq
2019-07-19,42.972,43.908,39.948,40.200,531128,,,-8.3698,hfq
2019-07-22,40.668,40.956,38.580,39.480,221762,,,-1.7910,hfq
2019-07-23,40.128,41.928,39.876,40.308,246530,,,2.0973,hfq
2019-07-24,40.128,42.072,39.912,41.064,275629,,,1.8756,hfq
2019-07-25,40.596,41.964,39.552,41.424,256712,,,0.8767,hfq
2019-07-26,41.028,41.028,39.840,39.912,156058,,,-3.6501,hfq
2019-07-29,39.660,40.704,39.192,40.128,121717,,,0.5412,hfq
2019-07-30,39.876,40.380,38.832,39.048,147200,,,-2.6914,hfq
2019-07-31,39.228,42.468,39.192,41.028,273100,,,5.0707,hfq
2019-08-01,40.776,42.324,40.524,41.172,236092,,,0.3510,hfq
2019-08-02,40.488,44.844,40.056,43.800,396247,,,6.3830,hfq
2019-08-05,43.764,46.140,42.612,44.376,379199,,,1.3151,hfq
2019-08-06,42.576,46.896,41.712,46.680,422696,,,5.1920,hfq
2019-08-07,46.320,47.184,44.952,45.312,294162,,,-2.9306,hfq
2019-08-08,45.096,45.780,44.592,44.880,200001,,,-0.9534,hfq
2019-08-09,45.276,46.572,44.484,45.636,236039,,,1.6845,hfq
2019-08-12,45.060,46.428,43.908,46.428,230010,,,1.7355,hfq
2019-08-13,45.888,50.100,45.528,48.264,370170,,,3.9545,hfq
2019-08-14,48.444,50.928,47.796,49.380,338983,,,2.3123,hfq
2019-08-15,47.796,52.080,47.616,51.900,332910,,,5.1033,hfq
2019-08-16,51.648,57.012,51.396,54.600,483097,,,5.2023,hfq
2019-08-19,54.564,59.964,54.528,59.964,403782,,,9.8242,hfq
2019-08-20,62.196,64.680,56.328,57.012,650336,,,-4.9230,hfq
2019-08-21,57.012,59.604,56.616,58.776,409265,,,3.0941,hfq
2019-08-22,57.840,60.144,56.400,59.352,350784,,,0.9800,hfq
2019-08-23,59.352,60.252,57.084,57.084,284148,,,-3.8213,hfq
2019-08-26,56.256,59.028,56.076,58.668,249706,,,2.7749,hfq
2019-08-27,60.000,60.612,56.580,57.228,368568,,,-2.4545,hfq
2019-08-28,57.372,57.516,52.836,53.124,413816,,,-7.1713,hfq
2019-08-29,53.808,54.024,52.836,53.376,202956,,,0.4744,hfq
2019-08-30,53.520,53.880,50.280,51.180,269884,,,-4.1142,hfq
2019-09-02,51.540,53.052,50.820,52.692,211312,,,2.9543,hfq
2019-09-03,54.240,56.220,53.880,54.636,297451,,,3.6894,hfq
2019-09-04,54.636,60.000,54.420,60.000,436773,,,9.8177,hfq
2019-09-05,61.152,62.664,58.956,61.152,441658,,,1.9200,hfq
2019-09-06,60.684,63.600,57.840,59.964,385045,,,-1.9427,hfq
2019-09-09,60.288,60.828,58.740,60.540,301029,,,0.9606,hfq
2019-09-10,60.396,60.396,56.688,57.300,314072,,,-5.3518,hfq
2019-09-11,57.804,58.776,55.968,56.148,247773,,,-2.0105,hfq
2019-09-12,56.616,58.020,55.536,57.516,223416,,,2.4364,hfq
2019-09-16,57.624,57.624,55.572,57.012,168287,,,-0.8763,hfq
2019-09-17,56.832,56.832,54.600,54.996,153275,,,-3.5361,hfq
2019-09-18,55.428,58.020,54.708,57.768,231805,,,5.0404,hfq
2019-09-19,57.156,62.088,57.012,60.288,366425,,,4.3623,hfq
2019-09-20,60.468,62.520,59.676,60.900,327013,,,1.0151,hfq
2019-09-23,60.684,63.168,60.108,62.232,308285,,,2.1872,hfq
2019-09-24,62.052,63.132,60.360,60.864,276680,,,-2.1982,hfq
2019-09-25,60.756,61.980,59.496,60.792,221475,,,-0.1183,hfq
2019-09-26,61.008,61.440,54.816,54.816,119553,,,-9.8302,hfq
2019-09-27,50.136,52.008,49.416,49.488,430960,,,-9.7198,hfq
2019-09-30,49.668,50.460,48.264,49.092,176677,,,-0.8002,hfq
2019-10-08,49.416,49.596,47.436,48.228,142156,,,-1.7600,hfq
2019-10-09,48.768,50.100,48.192,49.128,113065,,,1.8661,hfq
2019-10-10,49.236,49.776,48.372,49.380,116277,,,0.5129,hfq
2019-10-11,49.164,49.632,47.940,48.048,125387,,,-2.6974,hfq
2019-10-14,48.408,49.704,48.408,49.416,120437,,,2.8472,hfq
2019-10-15,49.524,50.280,47.580,47.976,132127,,,-2.9140,hfq
2019-10-16,47.508,48.660,46.752,47.832,105988,,,-0.3002,hfq
2019-10-17,47.760,48.120,46.644,46.752,95009,,,-2.2579,hfq
2019-10-18,47.004,47.904,45.384,45.816,115970,,,-2.0021,hfq
2019-10-21,45.528,46.320,44.808,46.248,77849,,,0.9429,hfq
2019-10-22,46.860,49.560,46.500,49.020,186395,,,5.9938,hfq
2019-10-23,48.660,49.200,48.048,48.948,105117,,,-0.1469,hfq
2019-10-24,48.552,49.020,46.788,47.364,108726,,,-3.2361,hfq
2019-10-25,46.860,48.804,46.860,47.940,88761,,,1.2161,hfq
2019-10-28,46.680,49.416,46.680,48.912,112828,,,2.0275,hfq
2019-10-29,48.516,49.200,47.436,47.652,98644,,,-2.5761,hfq
2019-10-30,47.184,47.616,46.392,46.680,71579,,,-2.0398,hfq
2019-10-31,46.680,47.148,45.240,45.456,89133,,,-2.6221,hfq
2019-11-01,45.096,46.536,45.096,46.284,69407,,,1.8215,hfq
2019-11-04,46.284,46.464,44.952,45.312,76264,,,-2.1001,hfq
2019-11-05,45.348,45.744,44.268,45.348,82273,,,0.0794,hfq
2019-11-06,45.240,45.600,43.332,43.836,93522,,,-3.3342,hfq
2019-11-07,44.016,45.060,43.368,44.772,78754,,,2.1352,hfq
2019-11-08,44.772,45.492,43.728,43.800,76546,,,-2.1710,hfq
2019-11-11,43.368,43.440,41.208,42.288,114187,,,-3.4521,hfq
2019-11-12,42.504,42.720,40.920,42.000,75505,,,-0.6810,hfq
2019-11-13,41.820,42.972,41.424,42.108,75172,,,0.2571,hfq
2019-11-14,41.928,44.952,41.532,44.196,145680,,,4.9587,hfq
2019-11-15,43.872,44.412,43.116,43.152,97165,,,-2.3622,hfq
2019-11-18,47.364,47.364,47.364,47.364,60139,,,9.7608,hfq
2019-11-19,48.840,50.604,47.832,48.264,391514,,,1.9002,hfq
2019-11-20,47.580,49.848,47.580,49.488,288757,,,2.5361,hfq
2019-11-21,48.552,49.272,47.976,48.372,143692,,,-2.2551,hfq
2019-11-22,49.164,50.208,47.688,48.732,190769,,,0.7442,hfq
2019-11-25,48.480,48.480,45.960,46.356,143418,,,-4.8756,hfq
2019-11-26,47.040,47.580,44.952,45.168,119019,,,-2.5628,hfq
2019-11-27,45.420,45.672,44.124,44.664,101316,,,-1.1158,hfq
2019-11-28,44.700,45.132,43.476,43.872,96872,,,-1.7732,hfq
2019-11-29,43.908,44.736,43.260,44.628,78629,,,1.7232,hfq
2019-12-02,44.664,44.736,43.368,43.908,76216,,,-1.6133,hfq
2019-12-03,44.340,45.996,43.944,45.708,132469,,,4.0995,hfq
2019-12-04,45.492,49.200,44.952,48.516,212569,,,6.1433,hfq
2019-12-05,48.048,49.020,47.616,48.840,190878,,,0.6678,hfq
2019-12-06,50.208,50.208,48.012,48.588,168699,,,-0.5160,hfq
2019-12-09,48.120,49.632,47.976,48.804,150628,,,0.4446,hfq
2019-12-10,48.300,51.792,48.300,51.036,236267,,,4.5734,hfq
2019-12-11,50.640,51.432,49.560,49.992,184075,,,-2.0456,hfq
2019-12-12,49.992,51.432,49.560,50.712,157034,,,1.4402,hfq
2019-12-13,50.928,50.964,49.632,50.280,121098,,,-0.8519,hfq
2019-12-16,50.496,51.576,49.848,51.252,130426,,,1.9332,hfq
2019-12-17,51.324,53.304,50.892,52.188,181431,,,1.8263,hfq
2019-12-18,52.152,54.708,51.720,53.952,227435,,,3.3801,hfq
2019-12-19,53.700,56.940,53.376,55.896,232940,,,3.6032,hfq
2019-12-20,56.292,57.264,53.628,53.844,178312,,,-3.6711,hfq
2019-12-23,53.736,58.884,52.440,55.248,223356,,,2.6075,hfq
2019-12-24,55.140,59.568,55.140,58.524,234929,,,5.9296,hfq
2019-12-25,58.092,58.524,56.760,57.948,197509,,,-0.9842,hfq
2019-12-26,57.552,59.280,56.616,57.552,159618,,,-0.6834,hfq
2019-12-27,57.012,58.020,54.240,54.348,194717,,,-5.5671,hfq
2019-12-30,53.124,55.212,52.620,54.060,135432,,,-0.5299,hfq
2019-12-31,54.060,55.572,53.160,54.024,98241,,,-0.0666,hfq
2020-01-02,54.816,55.824,53.952,55.464,114949,,,2.6655,hfq
2020-01-03,55.320,56.364,54.816,55.572,101079,,,0.1947,hfq
2020-01-06,55.068,58.344,55.068,57.012,177658,,,2.5912,hfq
2020-01-07,56.652,57.696,55.968,56.832,122481,,,-0.3157,hfq
2020-01-08,55.752,56.040,53.088,53.448,249555,,,-5.9544,hfq
2020-01-09,54.348,54.564,53.088,53.844,114992,,,0.7409,hfq
2020-01-10,53.916,54.708,53.124,54.132,92189,,,0.5349,hfq
2020-01-13,53.700,54.456,53.628,54.384,73975,,,0.4655,hfq
2020-01-14,54.420,58.380,54.384,56.472,241981,,,3.8394,hfq
2020-01-15,56.184,56.688,54.348,55.428,145238,,,-1.8487,hfq
2020-01-16,55.788,56.580,55.428,55.572,117146,,,0.2598,hfq
2020-01-17,55.860,56.724,54.456,54.492,91359,,,-1.9434,hfq
2020-01-20,54.168,55.392,52.260,55.140,110257,,,1.1892,hfq
2020-01-21,54.636,58.128,54.600,56.940,222021,,,3.2644,hfq
2020-01-22,57.192,59.172,56.400,58.524,233340,,,2.7819,hfq
2020-01-23,58.092,58.812,52.764,53.412,283508,,,-8.7349,hfq
2020-02-03,48.156,48.156,48.156,48.156,12077,,,-9.8405,hfq
2020-02-04,43.440,47.364,43.440,46.392,193233,,,-3.6631,hfq
2020-02-05,46.680,49.380,46.536,48.156,184676,,,3.8024,hfq
2020-02-06,47.544,49.020,47.292,48.804,165087,,,1.3456,hfq
2020-02-07,48.300,48.696,47.472,48.624,121440,,,-0.3688,hfq
2020-02-10,48.084,50.172,47.904,49.992,130734,,,2.8134,hfq
2020-02-11,49.920,51.360,47.760,50.244,169545,,,0.5041,hfq
2020-02-12,50.460,52.548,49.812,52.116,192222,,,3.7258,hfq
2020-02-13,52.080,52.728,51.000,51.756,148231,,,-0.6908,hfq
2020-02-14,51.468,52.584,51.180,51.864,115973,,,0.2087,hfq
2020-02-17,51.972,54.024,51.900,53.880,179979,,,3.8871,hfq
2020-02-18,53.520,55.284,53.340,54.816,188380,,,1.7372,hfq
2020-02-19,54.636,57.408,54.348,55.716,279314,,,1.6419,hfq
2020-02-20,56.364,60.828,55.500,59.208,379470,,,6.2675,hfq
2020-02-21,60.756,61.620,58.848,59.964,383768,,,1.2769,hfq
2020-02-24,61.368,63.132,59.460,62.592,405214,,,4.3826,hfq
2020-02-25,65.760,68.748,63.960,68.748,630679,,,9.8351,hfq
2020-02-26,75.516,75.516,62.844,63.600,821782,,,-7.4882,hfq
2020-02-27,64.500,65.724,60.900,65.112,409207,,,2.3774,hfq
2020-02-28,65.112,71.448,63.312,67.632,533040,,,3.8703,hfq
2020-03-02,70.800,72.528,66.732,69.360,425650,,,2.5550,hfq
2020-03-03,68.280,69.000,63.996,64.500,521367,,,-7.0069,hfq
2020-03-04,62.052,62.160,58.992,60.000,328858,,,-6.9767,hfq
2020-03-05,61.152,62.880,59.280,62.700,300040,,,4.5000,hfq
2020-03-06,61.368,62.628,60.864,61.260,204734,,,-2.2967,hfq
2020-03-09,61.188,63.060,59.244,59.244,211779,,,-3.2909,hfq
2020-03-10,57.912,61.620,56.112,61.188,232538,,,3.2813,hfq
2020-03-11,61.656,62.340,58.884,58.884,182515,,,-3.7654,hfq
2020-03-12,56.868,58.776,56.004,56.724,148876,,,-3.6682,hfq
2020-03-13,52.692,56.652,52.548,55.680,201645,,,-1.8405,hfq
2020-03-16,55.536,55.680,50.208,50.208,226568,,,-9.8276,hfq
2020-03-17,50.316,51.288,46.896,49.812,175970,,,-0.7887,hfq
2020-03-18,50.316,51.252,48.264,48.444,144486,,,-2.7463,hfq
2020-03-19,48.300,50.820,47.832,50.136,149007,,,3.4927,hfq
2020-03-20,51.396,52.044,49.956,50.568,136365,,,0.8617,hfq
2020-03-23,48.768,50.532,48.120,48.408,106905,,,-4.2715,hfq
2020-03-24,49.488,49.740,47.112,49.380,127720,,,2.0079,hfq
2020-03-25,50.640,51.432,49.884,51.108,136533,,,3.4994,hfq
2020-03-26,50.568,50.964,49.632,49.704,96536,,,-2.7471,hfq
2020-03-27,50.316,50.568,48.480,48.732,85156,,,-1.9556,hfq
2020-03-30,47.436,47.436,45.420,46.500,113362,,,-4.5802,hfq
2020-03-31,47.364,47.508,45.636,46.032,74274,,,-1.0065,hfq
2020-04-01,45.888,47.220,45.564,45.636,84604,,,-0.8603,hfq
2020-04-02,45.852,47.544,45.456,47.508,112116,,,4.1020,hfq
2020-04-03,47.580,50.388,47.328,48.804,184451,,,2.7280,hfq
2020-04-07,49.596,50.604,49.128,49.992,146504,,,2.4342,hfq
2020-04-08,49.740,50.244,49.272,49.632,91643,,,-0.7201,hfq
2020-04-09,50.208,50.388,49.416,49.992,96636,,,0.7253,hfq
2020-04-10,51.288,52.260,50.136,50.604,204048,,,1.2242,hfq
2020-04-13,49.884,49.884,47.580,47.760,120362,,,-5.6201,hfq
2020-04-14,48.372,50.568,48.120,50.568,140561,,,5.8794,hfq
2020-04-15,50.928,50.964,49.740,49.812,119085,,,-1.4950,hfq
2020-04-16,49.308,50.388,49.128,50.316,91355,,,1.0118,hfq
2020-04-17,50.460,51.216,49.776,49.884,127105,,,-0.8586,hfq
2020-04-20,49.740,50.856,49.164,50.856,107840,,,1.9485,hfq
2020-04-21,50.316,51.792,50.028,51.036,137451,,,0.3539,hfq
2020-04-22,50.496,51.972,50.316,51.576,113345,,,1.0581,hfq
2020-04-23,51.828,51.828,50.424,50.532,102149,,,-2.0242,hfq
2020-04-24,49.920,50.208,48.048,48.516,104246,,,-3.9896,hfq
2020-04-27,48.516,49.128,47.760,48.048,60228,,,-0.9646,hfq
2020-04-28,48.624,49.200,46.680,48.444,97434,,,0.8242,hfq
2020-04-29,48.408,49.056,48.012,48.480,61536,,,0.0743,hfq
2020-04-30,48.912,51.324,48.804,50.928,147893,,,5.0495,hfq
2020-05-06,50.136,52.656,49.920,52.476,160631,,,3.0396,hfq
2020-05-07,53.736,54.456,52.440,53.160,196962,,,1.3035,hfq
2020-05-08,53.592,53.880,52.692,53.160,135939,,,0.0000,hfq
2020-05-11,53.520,53.700,52.512,52.800,94054,,,-0.6772,hfq
2020-05-12,52.980,53.160,51.396,52.368,100308,,,-0.8182,hfq
2020-05-13,52.044,52.656,51.900,52.152,73605,,,-0.4125,hfq
2020-05-14,52.044,52.872,51.540,51.540,89622,,,-1.1735,hfq
2020-05-15,52.260,53.340,51.972,53.016,121585,,,2.8638,hfq
2020-05-18,52.944,53.628,52.008,52.656,120814,,,-0.6790,hfq
2020-05-19,57.840,57.840,57.840,57.840,47186,,,9.8450,hfq
2020-05-20,61.008,62.160,59.172,59.640,525949,,,3.1120,hfq
2020-05-21,59.676,60.684,55.284,55.860,270385,,,-6.3380,hfq
2020-05-22,56.040,56.148,53.340,54.420,174108,,,-2.5779,hfq
2020-05-25,53.952,56.868,53.952,56.580,151011,,,3.9691,hfq
2020-05-26,56.148,56.940,55.428,56.544,125347,,,-0.0636,hfq
2020-05-27,56.760,57.336,55.500,55.788,100723,,,-1.3370,hfq
2020-05-28,54.978,56.598,52.980,56.436,198209,,,1.1615,hfq
2020-05-29,55.194,57.030,54.762,56.112,215286,,,-0.5741,hfq
2020-06-01,56.382,58.758,55.788,58.380,282796,,,4.0419,hfq
2020-06-02,60.000,60.648,58.326,58.326,382051,,,-0.0925,hfq
2020-06-03,59.028,59.244,57.624,58.056,208941,,,-0.4629,hfq
2020-06-04,58.272,60.000,58.110,59.028,179778,,,1.6742,hfq
2020-06-05,59.082,61.728,58.812,61.350,264110,,,3.9337,hfq
2020-06-08,61.242,62.700,60.864,61.242,201648,,,-0.1760,hfq
2020-06-09,61.242,61.998,60.540,61.080,143313,,,-0.2645,hfq
2020-06-10,60.810,61.836,60.054,61.404,156998,,,0.5305,hfq
2020-06-11,62.106,62.754,59.730,60.000,244034,,,-2.2865,hfq
2020-06-12,58.488,64.752,58.164,63.294,423802,,,5.4900,hfq
2020-06-15,63.888,63.942,62.592,62.862,229829,,,-0.6825,hfq
2020-06-16,63.294,66.804,63.186,66.318,305526,,,5.4978,hfq
2020-06-17,67.074,67.884,65.778,67.398,237571,,,1.6285,hfq
2020-06-18,66.912,67.884,65.400,66.102,223237,,,-1.9229,hfq
2020-06-19,65.562,66.912,65.346,65.994,176763,,,-0.1634,hfq
2020-06-22,65.994,67.074,65.562,65.940,172676,,,-0.0818,hfq
2020-06-23,66.102,67.830,65.778,66.156,206953,,,0.3276,hfq
2020-06-24,65.832,66.588,63.780,63.996,270384,,,-3.2650,hfq
2020-06-29,63.996,65.184,62.862,63.456,177519,,,-0.8438,hfq
2020-06-30,63.996,66.858,63.672,65.886,207486,,,3.8294,hfq
2020-07-01,65.616,65.994,63.402,64.482,180440,,,-2.1310,hfq
2020-07-02,64.482,65.454,63.888,64.752,151955,,,0.4187,hfq
2020-07-03,64.752,66.372,64.428,65.076,192137,,,0.5004,hfq
2020-07-06,65.292,67.668,65.130,67.344,265713,,,3.4852,hfq
2020-07-07,67.668,70.314,67.128,68.640,294045,,,1.9244,hfq
2020-07-08,68.532,70.044,67.560,69.612,261767,,,1.4161,hfq
2020-07-09,69.558,71.880,69.126,71.556,317147,,,2.7926,hfq
2020-07-10,72.582,72.582,69.774,69.882,299681,,,-2.3394,hfq
2020-07-13,69.234,76.146,69.234,74.850,331095,,,7.1091,hfq
2020-07-14,75.498,76.200,72.798,75.498,299654,,,0.8657,hfq
2020-07-15,75.282,75.714,68.316,68.316,377645,,,-9.5128,hfq
2020-07-16,68.316,71.124,64.158,64.644,315445,,,-5.3750,hfq
2020-07-17,64.644,65.346,61.782,63.348,221472,,,-2.0048,hfq
2020-07-20,64.752,65.292,62.808,64.644,200745,,,2.0458,hfq
2020-07-21,64.752,65.130,63.078,63.672,159531,,,-1.5036,hfq
2020-07-22,63.996,65.238,63.564,63.888,177902,,,0.3392,hfq
2020-07-23,63.456,64.104,60.486,63.024,222293,,,-1.3524,hfq
2020-07-24,62.538,63.240,58.326,59.028,240217,,,-6.3404,hfq
2020-07-27,59.082,60.270,57.732,58.812,152213,,,-0.3659,hfq
2020-07-28,59.460,61.242,59.082,60.162,144159,,,2.2954,hfq
2020-07-29,59.406,61.566,58.920,61.566,152557,,,2.3337,hfq
2020-07-30,61.458,61.620,60.054,60.270,125424,,,-2.1051,hfq
2020-07-31,60.648,61.458,60.054,61.296,148269,,,1.7023,hfq
2020-08-03,61.350,63.024,61.350,62.970,158530,,,2.7310,hfq
2020-08-04,63.240,63.240,61.350,61.890,133930,,,-1.7151,hfq
2020-08-05,62.538,62.592,61.242,61.782,116598,,,-0.1745,hfq
2020-08-06,62.538,62.592,60.648,61.674,125277,,,-0.1748,hfq
2020-08-07,61.674,61.944,58.596,60.108,144801,,,-2.5392,hfq
2020-08-10,59.244,60.432,58.974,59.730,97191,,,-0.6289,hfq
2020-08-11,59.298,60.162,56.922,57.678,140126,,,-3.4355,hfq
2020-08-12,57.948,58.164,55.194,56.436,151822,,,-2.1533,hfq
2020-08-13,56.760,60.000,56.490,57.894,169687,,,2.5835,hfq
2020-08-14,57.732,58.434,56.436,57.840,96128,,,-0.0933,hfq
2020-08-17,57.732,58.812,57.462,58.758,100933,,,1.5871,hfq
2020-08-18,58.704,59.190,58.002,58.488,92585,,,-0.4595,hfq
2020-08-19,58.380,59.784,57.570,58.704,150939,,,0.3693,hfq
2020-08-20,57.840,60.810,56.544,59.460,183763,,,1.2878,hfq
2020-08-21,59.784,60.324,57.678,58.542,124574,,,-1.5439,hfq
2020-08-24,56.868,57.624,54.168,56.760,196042,,,-3.0440,hfq
2020-08-25,56.706,60.972,56.220,59.892,263066,,,5.5180,hfq
2020-08-26,59.892,60.054,56.328,58.596,197623,,,-2.1639,hfq
2020-08-27,57.948,62.160,57.354,61.404,263219,,,4.7921,hfq
2020-08-28,60.810,62.538,60.702,61.350,175060,,,-0.0879,hfq
2020-08-31,61.620,61.674,59.838,59.892,155399,,,-2.3765,hfq
2020-09-01,59.676,62.538,59.298,61.998,180678,,,3.5163,hfq
2020-09-02,61.998,64.968,61.404,64.050,297929,,,3.3098,hfq
2020-09-03,64.050,64.536,62.646,63.240,183902,,,-1.2646,hfq
2020-09-04,61.188,63.618,60.918,63.186,138351,,,-0.0854,hfq
2020-09-07,63.132,65.346,62.808,63.132,239241,,,-0.0855,hfq
2020-09-08,63.564,65.886,62.268,65.724,251492,,,4.1057,hfq
2020-09-09,64.968,65.238,62.700,63.024,224778,,,-4.1081,hfq
2020-09-10,63.618,64.428,54.438,55.896,295164,,,-11.3100,hfq
2020-09-11,55.680,56.922,54.816,56.544,131446,,,1.1593,hfq
2020-09-14,56.868,66.372,56.652,65.238,494560,,,15.3756,hfq
2020-09-15,66.210,67.776,65.400,66.534,456117,,,1.9866,hfq
2020-09-16,66.156,66.480,62.484,63.726,326912,,,-4.2204,hfq
2020-09-17,63.834,64.590,62.268,63.456,225277,,,-0.4237,hfq
2020-09-18,63.672,63.996,62.052,62.808,150451,,,-1.0212,hfq
2020-09-21,62.916,64.104,60.810,61.134,177983,,,-2.6653,hfq
2020-09-22,60.108,60.432,57.948,58.002,185641,,,-5.1232,hfq
2020-09-23,58.434,59.298,57.678,59.028,117361,,,1.7689,hfq
2020-09-24,58.218,58.650,56.976,57.300,107435,,,-2.9274,hfq
2020-09-25,57.462,58.110,56.328,56.544,66633,,,-1.3194,hfq
2020-09-28,57.354,58.704,56.706,56.868,86592,,,0.5730,hfq
2020-09-29,57.192,58.272,56.976,57.516,79055,,,1.1395,hfq
2020-09-30,57.732,58.110,56.760,57.138,68448,,,-0.6572,hfq
2020-10-09,57.786,59.136,57.732,58.326,94979,,,2.0792,hfq
2020-10-12,59.568,60.270,58.812,60.054,104110,,,2.9627,hfq
2020-10-13,60.054,61.080,59.298,60.648,113960,,,0.9891,hfq
2020-10-14,61.458,64.266,61.026,61.566,211017,,,1.5137,hfq
2020-10-15,61.242,62.754,59.946,60.054,143813,,,-2.4559,hfq
2020-10-16,59.892,60.648,59.028,59.946,71878,,,-0.1798,hfq
2020-10-19,60.054,60.162,58.704,58.812,68358,,,-1.8917,hfq
2020-10-20,59.082,62.160,58.164,61.998,139416,,,5.4173,hfq
2020-10-21,61.728,62.808,60.648,61.026,109787,,,-1.5678,hfq
2020-10-22,60.864,62.538,59.784,61.890,154745,,,1.4158,hfq
2020-10-23,61.998,62.376,60.054,60.486,94401,,,-2.2685,hfq
2020-10-26,60.432,60.702,59.406,59.622,79892,,,-1.4284,hfq
2020-10-27,59.190,59.838,57.948,58.812,101855,,,-1.3586,hfq
2020-10-28,58.812,59.136,56.922,58.110,84029,,,-1.1936,hfq
2020-10-29,56.382,57.786,55.896,57.408,89251,,,-1.2081,hfq
2020-10-30,57.408,58.326,56.436,56.922,86247,,,-0.8466,hfq
2020-11-02,57.678,58.542,56.490,58.002,70639,,,1.8973,hfq
2020-11-03,58.272,59.730,57.948,59.298,86474,,,2.2344,hfq
2020-11-04,59.352,59.406,58.272,58.866,59961,,,-0.7285,hfq
2020-11-05,59.244,59.838,58.110,59.568,109594,,,1.1925,hfq
2020-11-06,60.162,60.162,57.138,57.246,134390,,,-3.8981,hfq
2020-11-09,57.516,60.972,57.516,60.216,197917,,,5.1881,hfq
2020-11-10,60.486,60.648,59.082,59.406,112731,,,-1.3452,hfq
2020-11-11,58.866,59.568,56.166,56.436,177123,,,-4.9995,hfq
2020-11-12,57.030,57.786,56.112,56.868,102930,,,0.7655,hfq
2020-11-13,56.922,57.894,56.436,57.138,82800,,,0.4748,hfq
2020-11-16,56.976,58.272,56.598,57.840,99662,,,1.2286,hfq
2020-11-17,57.084,57.624,55.626,56.328,104600,,,-2.6141,hfq
2020-11-18,56.058,59.298,56.004,57.732,132044,,,2.4925,hfq
2020-11-19,58.218,58.218,56.220,56.706,124476,,,-1.7772,hfq
2020-11-20,56.598,62.862,56.220,60.648,428433,,,6.9516,hfq
2020-11-23,62.052,63.348,60.216,61.134,332158,,,0.8013,hfq
2020-11-24,59.946,60.378,58.812,59.676,236134,,,-2.3849,hfq
2020-11-25,59.838,61.296,58.488,58.488,220393,,,-1.9908,hfq
2020-11-26,58.380,58.866,56.598,57.246,162965,,,-2.1235,hfq
2020-11-27,57.246,57.516,56.382,57.354,105384,,,0.1887,hfq
2020-11-30,57.030,58.110,56.544,56.868,98756,,,-0.8474,hfq
2020-12-01,57.084,57.894,56.652,57.462,90818,,,1.0445,hfq
2020-12-02,57.408,57.894,56.976,57.786,103270,,,0.5639,hfq
2020-12-03,57.516,57.732,57.030,57.300,78261,,,-0.8410,hfq
2020-12-04,57.030,57.570,56.706,57.462,67843,,,0.2827,hfq
2020-12-07,58.110,59.406,57.354,58.488,142810,,,1.7855,hfq
2020-12-08,58.056,58.812,57.030,57.246,87372,,,-2.1235,hfq
2020-12-09,57.786,57.786,56.166,56.436,88706,,,-1.4149,hfq
2020-12-10,56.544,56.544,55.248,56.274,78787,,,-0.2871,hfq
2020-12-11,56.220,56.544,54.546,54.816,89240,,,-2.5909,hfq
2020-12-14,54.816,54.924,53.628,54.438,56086,,,-0.6896,hfq
2020-12-15,54.384,55.464,54.060,54.978,41320,,,0.9920,hfq
2020-12-16,54.816,55.842,53.142,53.250,55520,,,-3.1431,hfq
2020-12-17,53.250,55.572,52.710,55.248,97918,,,3.7521,hfq
2020-12-18,55.248,55.518,53.952,54.168,66081,,,-1.9548,hfq
2020-12-21,54.384,55.572,53.682,55.194,68324,,,1.8941,hfq
2020-12-22,55.032,55.086,53.358,53.520,78507,,,-3.0329,hfq
2020-12-23,53.358,54.006,53.250,53.574,51740,,,0.1009,hfq
2020-12-24,53.628,53.736,48.768,49.848,146135,,,-6.9549,hfq
2020-12-25,49.470,50.334,49.200,49.308,68709,,,-1.0833,hfq
2020-12-28,49.200,49.740,47.904,48.282,83720,,,-2.0808,hfq
2020-12-29,48.120,49.308,47.742,48.228,48199,,,-0.1118,hfq
2020-12-30,48.012,48.714,47.148,48.228,56242,,,0.0000,hfq
2020-12-31,47.418,49.038,47.418,48.498,44933,,,0.5598,hfq
2021-01-04,48.822,50.226,48.768,49.794,69549,,,2.6723,hfq
2021-01-05,49.686,51.468,48.660,50.010,115588,,,0.4338,hfq
2021-01-06,49.362,49.632,48.066,48.282,85728,,,-3.4553,hfq
2021-01-07,48.282,48.498,45.528,45.582,114326,,,-5.5921,hfq
2021-01-08,45.420,46.716,43.638,45.852,86413,,,0.5923,hfq
2021-01-11,45.528,46.284,44.070,44.232,75984,,,-3.5331,hfq
2021-01-12,43.962,44.826,43.314,43.962,62445,,,-0.6104,hfq
2021-01-13,44.124,44.394,42.288,42.612,88184,,,-3.0708,hfq
2021-01-14,42.396,43.206,41.586,42.558,70502,,,-0.1267,hfq
2021-01-15,42.450,43.962,42.450,43.206,63617,,,1.5226,hfq
2021-01-18,44.178,45.906,43.584,44.448,83894,,,2.8746,hfq
2021-01-19,43.962,45.528,43.962,44.232,69628,,,-0.4860,hfq
2021-01-20,44.178,44.610,43.098,44.124,52503,,,-0.2442,hfq
2021-01-21,44.502,46.770,44.070,45.744,121579,,,3.6715,hfq
2021-01-22,45.258,45.690,44.232,44.934,74459,,,-1.7707,hfq
2021-01-25,44.934,45.312,43.530,43.692,61292,,,-2.7641,hfq
2021-01-26,43.422,44.178,42.828,43.314,42751,,,-0.8651,hfq
2021-01-27,43.476,43.584,42.666,42.828,34140,,,-1.1220,hfq
2021-01-28,42.990,43.152,42.234,42.234,32317,,,-1.3869,hfq
2021-01-29,42.180,42.288,36.348,37.482,200319,,,-11.2516,hfq
2021-02-01,37.212,40.074,37.050,37.968,122735,,,1.2966,hfq
2021-02-02,38.346,39.264,37.644,38.130,63886,,,0.4267,hfq
2021-02-03,38.130,38.670,37.212,37.266,70383,,,-2.2659,hfq
2021-02-04,37.050,37.752,35.700,37.104,86349,,,-0.4347,hfq
2021-02-05,37.104,37.914,35.322,35.754,71999,,,-3.6384,hfq
2021-02-08,35.592,36.348,34.728,35.646,51920,,,-0.3021,hfq
2021-02-09,35.646,37.374,35.646,37.212,60140,,,4.3932,hfq
2021-02-10,37.374,38.022,36.780,37.806,52237,,,1.5963,hfq
2021-02-18,38.616,39.750,38.616,39.642,97471,,,4.8564,hfq
2021-02-19,39.318,42.018,39.264,41.964,106786,,,5.8574,hfq
2021-02-22,42.828,44.772,42.018,43.368,171682,,,3.3457,hfq
2021-02-23,43.962,44.610,42.396,42.504,117182,,,-1.9923,hfq
2021-02-24,42.342,44.556,42.342,43.422,116370,,,2.1598,hfq
2021-02-25,43.746,43.800,42.126,42.504,80596,,,-2.1141,hfq
2021-02-26,42.072,42.936,41.586,41.802,69272,,,-1.6516,hfq
2021-03-01,42.504,44.826,42.234,44.178,117518,,,5.6839,hfq
2021-03-02,44.232,44.718,42.720,43.044,85768,,,-2.5669,hfq
2021-03-03,43.044,44.070,43.044,43.584,66264,,,1.2545,hfq
2021-03-04,43.530,43.854,42.882,43.098,64725,,,-1.1151,hfq
2021-03-05,43.152,43.692,42.828,43.314,58590,,,0.5012,hfq
2021-03-08,43.368,44.232,42.288,42.342,60474,,,-2.2441,hfq
2021-03-09,42.450,42.504,40.020,40.290,73928,,,-4.8463,hfq
2021-03-10,40.938,41.154,39.156,39.210,65083,,,-2.6806,hfq
2021-03-11,39.588,42.180,39.156,42.180,87122,,,7.5746,hfq
2021-03-12,42.072,42.072,40.290,40.506,66950,,,-3.9687,hfq
2021-03-15,40.884,41.262,39.588,40.236,67420,,,-0.6666,hfq
2021-03-16,39.966,40.830,39.858,40.182,46344,,,-0.1342,hfq
2021-03-17,40.020,40.398,39.372,40.020,47896,,,-0.4032,hfq
2021-03-18,40.020,41.046,40.020,40.290,54069,,,0.6747,hfq
2021-03-19,39.912,40.776,39.588,40.020,47759,,,-0.6701,hfq
2021-03-22,40.074,40.452,39.696,40.020,50380,,,0.0000,hfq
2021-03-23,40.020,40.020,38.616,38.940,71395,,,-2.6987,hfq
2021-03-24,38.778,38.994,37.806,37.860,51553,,,-2.7735,hfq
2021-03-25,38.022,38.346,37.536,37.806,34221,,,-0.1426,hfq
2021-03-26,38.184,38.184,37.536,38.130,28503,,,0.8570,hfq
2021-03-29,38.238,38.346,37.212,37.644,41792,,,-1.2746,hfq
2021-03-30,37.644,37.698,37.050,37.158,32803,,,-1.2910,hfq
2021-03-31,37.590,38.292,37.212,37.320,44848,,,0.4360,hfq
2021-04-01,37.158,37.536,36.510,37.428,42935,,,0.2894,hfq
2021-04-02,37.428,37.644,36.888,37.212,33869,,,-0.5771,hfq
2021-04-06,37.752,37.806,37.320,37.590,28504,,,1.0158,hfq
2021-04-07,37.698,38.400,37.158,38.292,49716,,,1.8675,hfq
2021-04-08,38.076,38.562,37.806,38.076,50555,,,-0.5641,hfq
2021-04-09,37.914,38.346,37.752,37.968,34645,,,-0.2836,hfq
2021-04-12,37.752,37.914,35.808,35.808,89389,,,-5.6890,hfq
2021-04-13,36.024,36.024,35.322,35.646,34624,,,-0.4524,hfq
2021-04-14,35.754,35.970,35.592,35.862,25219,,,0.6060,hfq
2021-04-15,36.294,36.618,35.538,36.402,36017,,,1.5058,hfq
2021-04-16,36.402,37.644,36.294,37.428,49316,,,2.8185,hfq
2021-04-19,37.644,39.156,37.428,39.048,77343,,,4.3283,hfq
2021-04-20,39.156,39.642,38.670,38.832,74907,,,-0.5532,hfq
2021-04-21,38.832,39.318,38.346,38.832,44251,,,0.0000,hfq
2021-04-22,38.886,39.696,38.832,39.210,52362,,,0.9734,hfq
2021-04-23,39.048,39.372,38.076,38.454,38997,,,-1.9281,hfq
2021-04-26,38.670,38.994,38.130,38.238,32204,,,-0.5617,hfq
2021-04-27,38.238,38.562,37.158,37.698,40603,,,-1.4122,hfq
2021-04-28,36.942,37.482,36.618,36.834,46661,,,-2.2919,hfq
2021-04-29,37.050,38.508,36.456,37.860,54991,,,2.7855,hfq
2021-04-30,37.536,37.860,36.618,36.672,44850,,,-3.1379,hfq
2021-05-06,36.672,37.482,36.294,36.726,38256,,,0.1473,hfq
2021-05-07,36.672,37.698,36.456,37.104,47829,,,1.0292,hfq
2021-05-10,37.158,38.076,37.104,38.076,62635,,,2.6197,hfq
2021-05-11,37.968,38.022,35.808,36.510,83995,,,-4.1128,hfq
2021-05-12,36.348,37.806,36.240,37.590,76799,,,2.9581,hfq
2021-05-13,37.914,38.616,37.428,37.644,71594,,,0.1437,hfq
2021-05-14,37.968,38.022,37.266,37.752,57046,,,0.2869,hfq
2021-05-17,37.752,37.806,36.456,36.618,72014,,,-3.0038,hfq
2021-05-18,36.780,37.050,36.456,36.726,30413,,,0.2949,hfq
2021-05-19,36.888,36.888,35.646,35.862,54940,,,-2.3526,hfq
2021-05-20,35.754,36.186,35.268,35.916,45044,,,0.1506,hfq
2021-05-21,35.916,36.402,35.646,35.808,39235,,,-0.3007,hfq
2021-05-24,35.808,35.862,35.322,35.484,46763,,,-0.9048,hfq
2021-05-25,35.646,35.700,34.998,35.430,51247,,,-0.1522,hfq
2021-05-26,35.376,36.078,35.106,36.024,61608,,,1.6765,hfq
2021-05-27,36.348,39.804,36.132,39.750,235134,,,10.3431,hfq
2021-05-28,38.994,40.074,38.400,38.832,174083,,,-2.3094,hfq
2021-05-31,38.832,39.048,38.292,38.778,103771,,,-0.1391,hfq
2021-06-01,38.670,39.696,38.130,39.156,112760,,,0.9748,hfq
2021-06-02,39.264,39.372,38.562,38.616,72893,,,-1.3791,hfq
2021-06-03,38.454,39.696,38.346,38.778,85545,,,0.4195,hfq
2021-06-04,38.940,39.048,38.292,38.562,65480,,,-0.5570,hfq
2021-06-07,38.778,39.750,38.670,39.642,102060,,,2.8007,hfq
2021-06-08,39.804,39.966,39.156,39.426,71772,,,-0.5449,hfq
2021-06-09,39.426,41.694,39.264,39.966,174901,,,1.3697,hfq
2021-06-10,39.534,40.776,39.372,40.506,136096,,,1.3511,hfq
2021-06-11,40.506,40.614,38.562,38.724,118472,,,-4.3993,hfq
2021-06-15,38.616,39.318,38.400,39.210,58967,,,1.2550,hfq
2021-06-16,38.994,39.480,38.454,38.724,47352,,,-1.2395,hfq
2021-06-17,39.156,40.020,38.670,39.804,89459,,,2.7890,hfq
2021-06-18,39.588,43.152,39.210,41.748,215440,,,4.8839,hfq
2021-06-21,42.234,44.178,42.072,42.558,203343,,,1.9402,hfq
2021-06-22,42.612,42.936,41.370,41.640,112257,,,-2.1571,hfq
2021-06-23,41.586,41.964,40.992,41.910,88336,,,0.6484,hfq
2021-06-24,41.694,41.802,40.290,40.776,108973,,,-2.7058,hfq
2021-06-25,40.560,41.154,40.020,40.884,78978,,,0.2649,hfq
2021-06-28,40.884,41.370,40.398,40.938,62947,,,0.1321,hfq
2021-06-29,40.938,42.612,40.290,42.126,177853,,,2.9019,hfq
2021-06-30,41.910,42.396,41.316,42.234,110249,,,0.2564,hfq
2021-07-01,42.072,42.180,40.452,40.506,103449,,,-4.0915,hfq
2021-07-02,40.290,40.938,39.696,39.804,83905,,,-1.7331,hfq
2021-07-05,39.858,42.504,39.858,42.234,148529,,,6.1049,hfq
2021-07-06,42.234,42.720,41.370,42.720,148182,,,1.1507,hfq
2021-07-07,42.450,44.124,42.234,43.638,229989,,,2.1489,hfq
2021-07-08,43.422,44.070,42.612,43.044,150870,,,-1.3612,hfq
2021-07-09,42.936,45.366,42.612,44.718,240366,,,3.8890,hfq
2021-07-12,44.718,45.366,43.854,44.232,205748,,,-1.0868,hfq
2021-07-13,44.178,45.096,43.530,44.340,142826,,,0.2442,hfq
2021-07-14,43.854,43.962,42.612,42.612,141482,,,-3.8972,hfq
2021-07-15,42.558,43.638,41.316,43.584,130995,,,2.2810,hfq
2021-07-16,43.476,43.476,42.072,42.180,102246,,,-3.2214,hfq
2021-07-19,42.180,43.314,41.532,42.882,91048,,,1.6643,hfq
2021-07-20,42.504,44.286,42.342,43.800,137319,,,2.1408,hfq
2021-07-21,43.476,44.772,43.314,44.286,157133,,,1.1096,hfq
2021-07-22,44.340,51.630,44.340,49.416,488158,,,11.5838,hfq
2021-07-23,49.092,50.280,46.932,47.094,332359,,,-4.6989,hfq
2021-07-26,47.472,48.228,46.446,47.418,223087,,,0.6880,hfq
2021-07-27,47.742,47.850,43.962,44.502,252528,,,-6.1496,hfq
2021-07-28,44.502,44.610,40.722,41.910,195652,,,-5.8245,hfq
2021-07-29,42.288,43.800,42.180,43.044,152391,,,2.7058,hfq
2021-07-30,43.206,46.230,43.044,46.176,253365,,,7.2763,hfq
2021-08-02,46.230,46.662,45.636,46.338,158878,,,0.3508,hfq
2021-08-03,46.122,46.554,44.934,44.988,138520,,,-2.9134,hfq
2021-08-04,45.096,46.554,44.988,46.176,142106,,,2.6407,hfq
2021-08-05,45.798,45.798,44.178,44.664,144511,,,-3.2744,hfq
2021-08-06,44.664,47.526,44.610,46.878,228364,,,4.9570,hfq
2021-08-09,47.688,50.226,47.634,48.822,397575,,,4.1469,hfq
2021-08-10,47.958,49.254,47.580,48.444,250571,,,-0.7742,hfq
2021-08-11,48.390,48.552,47.310,47.850,180412,,,-1.2262,hfq
2021-08-12,47.904,48.552,47.094,48.228,195571,,,0.7900,hfq
2021-08-13,48.228,48.930,46.446,47.310,186497,,,-1.9035,hfq
2021-08-16,47.904,48.390,46.284,46.716,126850,,,-1.2555,hfq
2021-08-17,46.554,46.716,44.070,44.340,148962,,,-5.0861,hfq
2021-08-18,44.502,50.712,44.286,48.930,388055,,,10.3518,hfq
2021-08-19,48.984,49.092,46.446,48.336,259588,,,-1.2140,hfq
2021-08-20,48.606,48.606,45.744,47.472,194391,,,-1.7875,hfq
2021-08-23,47.472,50.172,47.472,49.740,320516,,,4.7776,hfq
2021-08-24,49.902,51.954,48.876,49.902,360927,,,0.3257,hfq
2021-08-25,49.362,52.926,48.930,52.602,459302,,,5.4106,hfq
2021-08-26,52.008,52.926,50.388,50.766,391672,,,-3.4904,hfq
2021-08-27,48.714,53.682,48.714,53.034,435993,,,4.4676,hfq
2021-08-30,54.546,56.004,52.332,53.196,497400,,,0.3055,hfq
2021-08-31,52.386,56.976,51.198,56.274,471711,,,5.7861,hfq
2021-09-01,56.274,58.650,53.520,54.816,404959,,,-2.5909,hfq
2021-09-02,54.654,57.948,53.682,56.868,332776,,,3.7434,hfq
2021-09-03,56.382,57.462,53.898,54.060,304410,,,-4.9378,hfq
2021-09-06,54.708,54.924,51.306,52.440,242915,,,-2.9967,hfq
2021-09-07,52.818,56.382,52.332,55.410,272056,,,5.6636,hfq
2021-09-08,54.708,56.166,54.384,54.708,178508,,,-1.2669,hfq
2021-09-09,54.654,58.812,53.304,56.652,305318,,,3.5534,hfq
2021-09-10,58.056,58.704,54.276,54.600,215293,,,-3.6221,hfq
2021-09-13,54.762,56.112,53.034,54.330,221049,,,-0.4945,hfq
2021-09-14,53.736,55.248,52.710,53.520,213075,,,-1.4909,hfq
2021-09-15,53.520,54.222,51.522,52.170,204515,,,-2.5224,hfq
2021-09-16,52.602,55.572,51.738,51.792,215493,,,-0.7246,hfq
2021-09-17,51.252,51.468,48.174,49.092,216663,,,-5.2132,hfq
2021-09-22,48.282,51.522,48.228,49.686,150766,,,1.2100,hfq
2021-09-23,49.902,50.442,48.174,48.444,135798,,,-2.4997,hfq
2021-09-24,48.282,48.876,45.474,45.528,188071,,,-6.0193,hfq
2021-09-27,45.474,45.744,43.422,43.854,136262,,,-3.6769,hfq
2021-09-28,44.016,44.178,42.882,43.800,74167,,,-0.1231,hfq
2021-09-29,43.152,43.638,41.262,41.316,107757,,,-5.6712,hfq
2021-09-30,41.370,44.394,41.370,44.232,108032,,,7.0578,hfq
2021-10-08,44.232,45.312,43.800,44.502,60604,,,0.6104,hfq
2021-10-11,44.502,44.718,43.692,43.962,52035,,,-1.2134,hfq
2021-10-12,44.016,44.664,42.234,43.368,54937,,,-1.3512,hfq
2021-10-13,43.314,43.692,42.342,43.422,39584,,,0.1245,hfq
2021-10-14,43.422,45.150,43.422,44.232,77153,,,1.8654,hfq
2021-10-15,44.394,44.772,43.530,43.638,42145,,,-1.3429,hfq
2021-10-18,43.854,44.664,43.746,44.178,38140,,,1.2375,hfq
2021-10-19,43.962,44.718,43.800,44.394,46340,,,0.4889,hfq
2021-10-20,44.016,45.366,43.962,45.096,74888,,,1.5813,hfq
2021-10-21,45.150,45.798,44.340,44.610,79218,,,-1.0777,hfq
2021-10-22,44.610,44.934,42.990,43.098,70218,,,-3.3894,hfq
2021-10-25,43.422,43.800,42.396,42.828,53871,,,-0.6265,hfq
2021-10-26,43.044,44.340,42.504,43.260,53687,,,1.0087,hfq
2021-10-27,43.044,43.260,40.884,41.316,88909,,,-4.4938,hfq
2021-10-28,41.046,41.424,39.588,39.750,65963,,,-3.7903,hfq
2021-10-29,40.344,40.668,39.696,40.182,48226,,,1.0868,hfq
2021-11-01,40.074,41.370,40.020,40.722,49187,,,1.3439,hfq
2021-11-02,40.668,41.424,39.102,39.642,76458,,,-2.6521,hfq
2021-11-03,39.588,39.858,38.562,39.480,60446,,,-0.4087,hfq
2021-11-04,39.696,39.912,39.210,39.696,51923,,,0.5471,hfq
2021-11-05,39.642,40.452,39.318,39.318,60565,,,-0.9522,hfq
2021-11-08,39.318,40.236,38.724,39.858,65128,,,1.3734,hfq
2021-11-09,39.858,40.290,39.588,40.236,51150,,,0.9484,hfq
2021-11-10,40.182,41.370,39.966,41.046,94295,,,2.0131,hfq
2021-11-11,41.046,42.720,40.830,42.126,97423,,,2.6312,hfq
2021-11-12,42.342,43.206,41.856,43.098,82124,,,2.3074,hfq
2021-11-15,43.044,43.854,42.504,43.314,72260,,,0.5012,hfq
2021-11-16,43.314,43.368,41.802,41.910,63005,,,-3.2414,hfq
2021-11-17,41.964,42.828,41.910,42.828,60139,,,2.1904,hfq
2021-11-18,42.882,44.826,42.720,43.908,143831,,,2.5217,hfq
2021-11-19,44.016,44.394,42.882,43.584,101756,,,-0.7379,hfq
2021-11-22,43.206,44.718,43.206,43.962,87235,,,0.8673,hfq
2021-11-23,44.178,45.312,43.962,45.042,111896,,,2.4567,hfq
2021-11-24,44.880,45.474,44.556,45.042,72092,,,0.0000,hfq
2021-11-25,44.934,47.202,44.664,46.392,175631,,,2.9972,hfq
2021-11-26,46.338,48.012,45.906,46.878,164407,,,1.0476,hfq
2021-11-29,45.852,47.040,45.798,46.824,112426,,,-0.1152,hfq
2021-11-30,46.770,48.228,46.770,47.040,122116,,,0.4613,hfq
2021-12-01,47.364,49.632,46.716,49.092,187206,,,4.3622,hfq
2021-12-02,49.146,51.576,48.012,49.308,277692,,,0.4400,hfq
2021-12-03,49.416,49.794,48.066,48.876,174742,,,-0.8761,hfq
2021-12-06,49.254,49.578,47.742,47.904,134710,,,-1.9887,hfq
2021-12-07,48.174,48.930,45.906,46.554,145557,,,-2.8181,hfq
2021-12-08,47.094,47.148,46.446,46.770,77563,,,0.4640,hfq
2021-12-09,47.202,47.310,45.906,46.446,98490,,,-0.6928,hfq
2021-12-10,46.014,48.552,45.312,47.526,163304,,,2.3253,hfq
2021-12-13,47.472,47.850,46.230,47.040,111480,,,-1.0226,hfq
2021-12-14,47.040,50.064,46.932,48.444,224189,,,2.9847,hfq
2021-12-15,49.092,49.470,48.066,48.498,148199,,,0.1115,hfq
2021-12-16,48.714,50.172,48.444,49.416,151680,,,1.8929,hfq
2021-12-17,49.416,49.794,48.282,48.606,109762,,,-1.6391,hfq
2021-12-20,48.984,49.092,46.932,47.148,104828,,,-2.9996,hfq
2021-12-21,46.932,47.526,46.068,47.526,90360,,,0.8017,hfq
2021-12-22,47.850,50.550,47.040,49.956,205673,,,5.1130,hfq
2021-12-23,50.118,50.118,48.174,48.444,140048,,,-3.0267,hfq
2021-12-24,49.146,51.252,46.122,46.230,181858,,,-4.5702,hfq
2021-12-27,45.690,45.960,44.394,44.718,113012,,,-3.2706,hfq
2021-12-28,44.772,45.420,44.664,45.096,62109,,,0.8453,hfq
2021-12-29,45.204,45.258,44.394,44.556,62076,,,-1.1974,hfq
2021-12-30,44.664,45.150,44.016,44.178,74787,,,-0.8484,hfq
2021-12-31,44.448,44.610,43.422,43.692,86208,,,-1.1001,hfq
2022-01-04,43.692,45.636,43.260,44.448,123251,,,1.7303,hfq
2022-01-05,44.394,44.610,43.476,44.232,72221,,,-0.4860,hfq
2022-01-06,44.232,44.448,43.746,44.124,59915,,,-0.2442,hfq
2022-01-07,44.070,44.718,43.854,44.070,74292,,,-0.1224,hfq
2022-01-10,44.070,47.310,43.746,46.824,182668,,,6.2491,hfq
2022-01-11,46.986,50.820,46.986,48.498,276642,,,3.5751,hfq
2022-01-12,49.416,49.524,47.958,48.552,152154,,,0.1113,hfq
2022-01-13,48.444,49.308,48.066,48.120,96369,,,-0.8898,hfq
2022-01-14,48.120,48.498,47.310,47.580,72413,,,-1.1222,hfq
2022-01-17,47.472,48.444,47.202,48.174,73343,,,1.2484,hfq
2022-01-18,48.282,48.768,47.418,47.634,83825,,,-1.1209,hfq
2022-01-19,44.934,48.876,44.664,48.120,239072,,,1.0203,hfq
2022-01-20,48.822,50.550,47.364,47.580,169238,,,-1.1222,hfq
2022-01-21,48.822,54.222,48.012,52.278,491614,,,9.8739,hfq
2022-01-24,52.224,60.054,51.252,56.490,591986,,,8.0569,hfq
2022-01-25,56.598,56.922,52.116,52.872,348586,,,-6.4047,hfq
2022-01-26,54.330,55.950,49.632,50.820,270524,,,-3.8811,hfq
2022-01-27,50.550,50.550,43.152,43.746,373682,,,-13.9197,hfq
2022-01-28,42.990,47.310,42.990,45.690,241365,,,4.4438,hfq
2022-02-07,47.472,50.550,47.148,48.174,237016,,,5.4366,hfq
2022-02-08,48.660,49.254,46.500,48.552,150805,,,0.7847,hfq
2022-02-09,48.606,50.604,48.174,50.280,170240,,,3.5591,hfq
2022-02-10,50.766,50.766,49.254,49.794,149791,,,-0.9666,hfq
2022-02-11,49.308,49.956,48.552,48.768,106668,,,-2.0605,hfq
2022-02-14,48.498,50.442,47.796,48.930,105991,,,0.3322,hfq
2022-02-15,48.984,50.766,48.390,50.496,144527,,,3.2005,hfq
2022-02-16,50.496,53.682,50.388,53.142,235450,,,5.2400,hfq
2022-02-17,52.602,53.952,52.170,53.412,158772,,,0.5081,hfq
2022-02-18,53.304,55.788,52.710,55.410,194564,,,3.7407,hfq
2022-02-21,55.140,56.058,54.276,55.194,198669,,,-0.3898,hfq
2022-02-22,54.708,55.842,54.276,54.978,151819,,,-0.3913,hfq
2022-02-23,55.302,55.734,54.492,55.032,124391,,,0.0982,hfq
2022-02-24,54.978,55.464,52.764,53.466,191590,,,-2.8456,hfq
2022-02-25,53.574,54.276,52.494,52.818,127451,,,-1.2120,hfq
2022-02-28,52.764,53.250,51.144,51.738,114947,,,-2.0448,hfq
2022-03-01,52.008,54.492,51.630,54.168,148011,,,4.6967,hfq
2022-03-02,54.438,54.816,53.196,53.574,116249,,,-1.0966,hfq
2022-03-03,53.682,54.168,51.900,52.062,103906,,,-2.8223,hfq
2022-03-04,52.494,52.494,49.956,50.442,107974,,,-3.1117,hfq
2022-03-07,51.198,51.198,48.282,48.876,111837,,,-3.1046,hfq
2022-03-08,49.308,49.794,46.932,47.742,106043,,,-2.3202,hfq
2022-03-09,47.742,47.904,44.340,46.392,148432,,,-2.8277,hfq
2022-03-10,47.742,48.552,45.582,46.500,138362,,,0.2328,hfq
2022-03-11,45.798,46.986,44.880,46.770,117493,,,0.5806,hfq
2022-03-14,46.014,46.500,44.502,44.610,94530,,,-4.6183,hfq
2022-03-15,43.962,44.556,40.938,41.208,180561,,,-7.6261,hfq
2022-03-16,42.180,43.422,40.236,42.882,161979,,,4.0623,hfq
2022-03-17,43.422,43.692,42.666,42.936,152198,,,0.1259,hfq
2022-03-18,43.152,45.474,42.612,45.204,162544,,,5.2823,hfq
2022-03-21,46.068,46.338,45.204,45.582,95162,,,0.8362,hfq
2022-03-22,45.420,45.636,44.232,44.934,77767,,,-1.4216,hfq
2022-03-23,44.556,44.988,44.340,44.556,63798,,,-0.8412,hfq
2022-03-24,44.286,44.718,43.584,43.908,61417,,,-1.4543,hfq
2022-03-25,43.746,44.772,43.368,43.962,76160,,,0.1230,hfq
2022-03-28,43.422,44.124,42.828,43.206,65009,,,-1.7197,hfq
2022-03-29,43.854,43.962,42.234,42.504,64615,,,-1.6248,hfq
2022-03-30,42.774,43.314,41.802,42.828,62034,,,0.7623,hfq
2022-03-31,42.882,43.314,42.342,42.828,55712,,,0.0000,hfq
2022-04-01,42.666,42.882,41.532,41.802,75217,,,-2.3956,hfq
2022-04-06,41.856,43.584,41.802,43.314,79507,,,3.6171,hfq
2022-04-07,43.152,44.718,42.072,42.180,99403,,,-2.6181,hfq
2022-04-08,42.180,42.504,41.100,42.072,55587,,,-0.2560,hfq
2022-04-11,42.126,42.450,40.560,40.668,76867,,,-3.3371,hfq
2022-04-12,40.668,48.552,40.668,48.552,320917,,,19.3862,hfq
2022-04-13,49.200,53.520,49.200,50.928,597187,,,4.8937,hfq
2022-04-14,52.008,52.440,49.956,50.496,330331,,,-0.8483,hfq
2022-04-15,50.766,51.414,47.634,48.228,244546,,,-4.4914,hfq
2022-04-18,48.876,50.172,47.634,49.362,206944,,,2.3513,hfq
2022-04-19,49.254,50.766,48.444,49.092,140407,,,-0.5470,hfq
2022-04-20,49.092,50.172,48.066,48.552,100824,,,-1.1000,hfq
2022-04-21,48.498,50.172,47.796,49.038,194575,,,1.0010,hfq
2022-04-22,49.038,51.468,45.906,50.874,324127,,,3.7440,hfq
2022-04-25,49.362,49.362,43.098,43.368,276092,,,-14.7541,hfq
2022-04-26,44.178,44.556,39.480,39.912,221297,,,-7.9690,hfq
2022-04-27,38.832,40.668,37.104,40.560,252228,,,1.6236,hfq
2022-04-28,40.668,40.668,38.454,39.102,166252,,,-3.5947,hfq
2022-04-29,39.426,41.208,38.832,40.506,136077,,,3.5906,hfq
2022-05-05,40.506,42.450,40.182,41.532,105809,,,2.5330,hfq
2022-05-06,40.398,41.154,39.966,40.506,84249,,,-2.4704,hfq
2022-05-09,40.776,41.586,39.696,40.290,69427,,,-0.5333,hfq
2022-05-10,39.696,41.154,39.102,40.938,90462,,,1.6083,hfq
2022-05-11,41.100,42.612,40.776,40.992,121025,,,0.1319,hfq
2022-05-12,40.830,42.072,40.344,41.100,99539,,,0.2635,hfq
2022-05-13,41.370,41.640,40.506,41.208,80717,,,0.2628,hfq
2022-05-16,41.262,42.018,40.668,41.532,102822,,,0.7863,hfq
2022-05-17,41.910,45.042,41.802,44.502,273472,,,7.1511,hfq
2022-05-18,43.962,44.448,42.990,44.286,170952,,,-0.4854,hfq
2022-05-19,43.422,44.502,43.152,44.340,114485,,,0.1219,hfq
2022-05-20,43.908,45.096,43.530,44.070,125689,,,-0.6089,hfq
2022-05-23,44.124,45.042,44.016,44.664,131099,,,1.3479,hfq
2022-05-24,44.394,44.394,41.964,41.964,132374,,,-6.0451,hfq
2022-05-25,41.856,42.558,41.262,42.342,87267,,,0.9008,hfq
2022-05-26,41.964,42.180,40.722,41.748,110190,,,-1.4029,hfq
2022-05-27,41.694,42.072,39.750,40.182,191177,,,-3.7511,hfq
2022-05-30,40.182,40.236,38.778,39.912,112570,,,-0.6719,hfq
2022-05-31,40.020,40.560,38.886,40.506,100853,,,1.4883,hfq
2022-06-01,40.344,41.856,40.128,41.640,137145,,,2.7996,hfq
2022-06-02,41.694,43.854,41.100,43.044,158667,,,3.3718,hfq
2022-06-06,43.476,46.554,43.098,45.960,244699,,,6.7745,hfq
2022-06-07,46.014,46.014,44.448,45.366,184928,,,-1.2924,hfq
2022-06-08,46.122,46.122,43.800,44.502,207576,,,-1.9045,hfq
2022-06-09,44.826,45.258,42.342,42.774,210960,,,-3.8830,hfq
2022-06-10,42.720,46.068,42.234,45.798,314284,,,7.0697,hfq
2022-06-13,45.636,46.554,44.502,45.204,310533,,,-1.2970,hfq
2022-06-14,44.124,48.282,43.692,47.742,526185,,,5.6145,hfq
2022-06-15,46.932,47.634,45.798,46.770,343479,,,-2.0359,hfq
2022-06-16,46.770,48.120,45.852,46.716,257004,,,-0.1155,hfq
2022-06-17,46.176,49.038,45.852,48.066,368726,,,2.8898,hfq
2022-06-20,47.796,48.390,46.662,47.634,343321,,,-0.8988,hfq
2022-06-21,47.472,47.796,45.366,46.068,248567,,,-3.2876,hfq
2022-06-22,46.176,47.040,45.150,45.420,202565,,,-1.4066,hfq
2022-06-23,45.150,47.850,44.988,47.526,260714,,,4.6367,hfq
2022-06-24,47.202,49.524,46.824,48.012,318084,,,1.0226,hfq
2022-06-27,48.066,49.632,47.310,49.470,309587,,,3.0367,hfq
2022-06-28,48.876,51.900,48.120,50.334,469493,,,1.7465,hfq
2022-06-29,49.686,49.902,47.094,47.094,341623,,,-6.4370,hfq
2022-06-30,47.094,48.012,46.878,47.202,180741,,,0.2293,hfq
2022-07-01,47.202,47.526,46.014,46.878,162551,,,-0.6864,hfq
2022-07-04,46.932,48.822,46.392,48.174,208232,,,2.7646,hfq
2022-07-05,48.714,50.226,47.364,48.660,307262,,,1.0088,hfq
2022-07-06,47.904,50.658,46.932,49.956,424282,,,2.6634,hfq
2022-07-07,49.146,50.874,48.498,49.902,327727,,,-0.1081,hfq
2022-07-08,49.578,50.172,48.282,49.092,295697,,,-1.6232,hfq
2022-07-11,48.822,48.822,46.878,48.282,223575,,,-1.6500,hfq
2022-07-12,47.904,48.336,46.770,46.986,144256,,,-2.6842,hfq
2022-07-13,46.608,46.878,45.582,46.230,170048,,,-1.6090,hfq
2022-07-14,45.852,47.796,45.852,47.310,175190,,,2.3361,hfq
2022-07-15,47.094,50.442,46.716,48.822,521861,,,3.1959,hfq
2022-07-18,50.496,58.326,50.496,55.032,1122206,,,12.7197,hfq
2022-07-19,53.790,54.762,51.954,54.222,761789,,,-1.4719,hfq
2022-07-20,54.330,56.868,53.358,55.410,702752,,,2.1910,hfq
2022-07-21,54.384,54.978,52.602,53.736,533379,,,-3.0211,hfq
2022-07-22,54.222,54.654,52.224,53.196,365275,,,-1.0049,hfq
2022-07-25,53.790,58.002,53.466,55.950,713659,,,5.1771,hfq
2022-07-26,55.572,56.652,52.872,55.356,511495,,,-1.0617,hfq
2022-07-27,55.410,57.678,54.276,56.058,491260,,,1.2682,hfq
2022-07-28,55.950,60.378,55.680,58.272,738923,,,3.9495,hfq
2022-07-29,57.624,57.894,55.680,56.922,546033,,,-2.3167,hfq
2022-08-01,56.598,57.138,54.114,55.896,459266,,,-1.8025,hfq
2022-08-02,54.222,54.654,51.522,52.710,429682,,,-5.6999,hfq
2022-08-03,53.142,55.194,51.576,51.954,381782,,,-1.4343,hfq
2022-08-04,52.224,53.466,51.684,52.602,255887,,,1.2473,hfq
2022-08-05,52.710,53.466,50.874,51.738,280678,,,-1.6425,hfq
2022-08-08,51.522,53.628,50.604,53.142,291965,,,2.7137,hfq
2022-08-09,52.926,53.898,52.764,52.980,222029,,,-0.3048,hfq
2022-08-10,52.980,53.358,51.792,52.170,220074,,,-1.5289,hfq
2022-08-11,52.602,54.330,51.900,54.006,366596,,,3.5193,hfq
2022-08-12,55.518,58.272,54.708,55.572,741578,,,2.8997,hfq
2022-08-15,55.896,58.056,55.194,56.544,537324,,,1.7491,hfq
2022-08-16,56.922,58.650,56.112,58.218,524555,,,2.9605,hfq
2022-08-17,58.326,58.758,56.328,57.948,456898,,,-0.4638,hfq
2022-08-18,58.272,60.378,57.354,59.028,531776,,,1.8637,hfq
2022-08-19,58.272,58.758,55.842,55.950,407758,,,-5.2145,hfq
2022-08-22,55.950,55.950,53.628,55.140,354517,,,-1.4477,hfq
2022-08-23,54.762,56.544,54.654,55.302,252030,,,0.2938,hfq
2022-08-24,55.356,55.842,51.630,51.684,320818,,,-6.5423,hfq
2022-08-25,52.008,52.332,49.416,50.118,238874,,,-3.0300,hfq
2022-08-26,50.064,50.712,48.714,48.876,207030,,,-2.4782,hfq
2022-08-29,48.282,49.794,47.742,49.200,166582,,,0.6629,hfq
2022-08-30,49.254,49.902,47.904,48.444,151239,,,-1.5366,hfq
2022-08-31,47.904,49.038,45.690,45.906,226595,,,-5.2390,hfq
2022-09-01,45.906,46.122,44.502,44.988,155619,,,-1.9997,hfq
2022-09-02,44.988,46.122,44.772,46.068,113917,,,2.4006,hfq
2022-09-05,46.014,46.068,44.772,45.150,123681,,,-1.9927,hfq
2022-09-06,45.312,46.014,44.826,45.852,134132,,,1.5548,hfq
2022-09-07,45.636,46.824,45.312,46.230,146803,,,0.8244,hfq
2022-09-08,46.014,46.770,45.474,45.528,134581,,,-1.5185,hfq
2022-09-09,45.528,45.906,44.988,45.474,90756,,,-0.1186,hfq
2022-09-13,46.068,46.878,45.690,45.960,117779,,,1.0687,hfq
2022-09-14,45.258,45.582,44.556,45.042,110981,,,-1.9974,hfq
2022-09-15,45.366,45.420,42.342,42.990,187942,,,-4.5557,hfq
2022-09-16,43.152,43.314,42.288,42.396,93806,,,-1.3817,hfq
2022-09-19,42.180,42.882,41.424,41.964,81704,,,-1.0190,hfq
2022-09-20,42.342,44.124,42.126,43.962,139869,,,4.7612,hfq
2022-09-21,43.692,44.178,43.206,43.746,103606,,,-0.4913,hfq
2022-09-22,43.368,44.178,43.044,43.530,85091,,,-0.4938,hfq
2022-09-23,43.530,43.692,41.802,42.504,110942,,,-2.3570,hfq
2022-09-26,42.234,42.774,41.532,42.072,80535,,,-1.0164,hfq
2022-09-27,42.234,43.098,42.180,43.044,108501,,,2.3103,hfq
2022-09-28,42.558,42.720,40.560,40.614,134088,,,-5.6454,hfq
2022-09-29,41.262,41.316,40.614,40.830,85019,,,0.5318,hfq
2022-09-30,40.830,41.424,40.560,40.830,72651,,,0.0000,hfq
2022-10-10,40.992,41.046,39.372,39.642,77206,,,-2.9096,hfq
2022-10-11,39.588,40.452,39.480,39.966,81880,,,0.8173,hfq
2022-10-12,39.750,41.262,39.210,41.262,98441,,,3.2428,hfq
2022-10-13,40.938,41.856,40.776,41.316,95318,,,0.1309,hfq
2022-10-14,41.424,42.774,41.370,42.558,116209,,,3.0061,hfq
2022-10-17,41.802,42.828,41.802,42.828,103291,,,0.6344,hfq
2022-10-18,42.828,43.044,42.126,42.342,86260,,,-1.1348,hfq
2022-10-19,42.450,43.260,42.072,42.342,102504,,,0.0000,hfq
2022-10-20,42.018,42.558,40.992,41.910,111873,,,-1.0203,hfq
2022-10-21,42.018,42.180,40.776,40.938,105845,,,-2.3193,hfq
2022-10-24,41.046,42.288,40.344,40.452,116950,,,-1.1872,hfq
2022-10-25,40.182,42.126,39.534,41.748,132175,,,3.2038,hfq
2022-10-26,41.586,42.558,41.262,42.126,112328,,,0.9054,hfq
2022-10-27,42.234,43.368,41.748,41.748,150340,,,-0.8973,hfq
2022-10-28,40.236,40.236,37.752,38.130,276454,,,-8.6663,hfq
2022-10-31,37.536,38.670,37.374,37.968,120407,,,-0.4249,hfq
2022-11-01,37.968,39.696,37.968,39.534,131016,,,4.1245,hfq
2022-11-02,39.426,40.182,39.264,39.858,102415,,,0.8195,hfq
2022-11-03,39.750,40.290,39.264,39.642,80047,,,-0.5419,hfq
2022-11-04,39.642,41.046,39.642,40.668,141480,,,2.5882,hfq
2022-11-07,40.830,41.424,40.128,40.344,124591,,,-0.7967,hfq
2022-11-08,40.398,40.614,39.750,40.128,92702,,,-0.5354,hfq
2022-11-09,40.236,40.668,39.750,40.182,100974,,,0.1346,hfq
2022-11-10,39.912,40.020,39.372,39.588,108153,,,-1.4783,hfq
2022-11-11,40.668,40.938,39.480,39.588,132324,,,0.0000,hfq
2022-11-14,39.642,40.020,38.832,39.048,101893,,,-1.3640,hfq
2022-11-15,39.264,40.290,38.670,40.236,125320,,,3.0424,hfq
2022-11-16,40.290,40.614,39.912,40.074,96638,,,-0.4026,hfq
2022-11-17,39.912,39.966,39.210,39.750,90511,,,-0.8085,hfq
2022-11-18,39.858,39.966,39.102,39.156,86718,,,-1.4943,hfq
2022-11-21,38.886,39.102,38.292,39.048,88867,,,-0.2758,hfq
2022-11-22,38.994,39.210,38.184,38.346,90057,,,-1.7978,hfq
2022-11-23,38.238,38.670,37.374,38.670,96548,,,0.8449,hfq
2022-11-24,38.670,38.994,38.346,38.562,73313,,,-0.2793,hfq
2022-11-25,38.562,38.562,37.644,37.644,94617,,,-2.3806,hfq
2022-11-28,37.104,37.266,36.456,37.212,78300,,,-1.1476,hfq
2022-11-29,37.266,37.752,37.266,37.698,75378,,,1.3060,hfq
2022-11-30,37.860,38.076,37.320,37.698,126286,,,0.0000,hfq
2022-12-01,37.914,38.184,37.644,37.698,116643,,,0.0000,hfq
2022-12-02,37.752,38.130,37.536,37.806,78850,,,0.2865,hfq
2022-12-05,37.968,38.292,37.752,38.184,99360,,,0.9998,hfq
2022-12-06,38.022,38.346,37.698,38.184,94496,,,0.0000,hfq
2022-12-07,37.968,38.346,37.968,38.076,61720,,,-0.2828,hfq
2022-12-08,37.914,38.022,37.482,37.482,70816,,,-1.5600,hfq
2022-12-09,37.482,38.022,37.212,37.968,100546,,,1.2966,hfq
2022-12-12,37.914,38.616,37.482,37.536,117607,,,-1.1378,hfq
2022-12-13,37.482,37.806,37.104,37.104,61490,,,-1.1509,hfq
2022-12-14,37.050,37.914,37.050,37.104,73942,,,0.0000,hfq
2022-12-15,36.942,37.482,36.672,37.374,67547,,,0.7277,hfq
2022-12-16,37.104,37.212,36.186,36.240,104519,,,-3.0342,hfq
2022-12-19,36.240,36.456,35.052,35.214,83469,,,-2.8311,hfq
2022-12-20,35.268,35.916,34.998,35.376,55107,,,0.4600,hfq
2022-12-21,35.700,35.700,34.836,34.998,48092,,,-1.0685,hfq
2022-12-22,34.998,35.322,34.080,34.242,66148,,,-2.1601,hfq
2022-12-23,33.918,34.512,33.702,34.188,47262,,,-0.1577,hfq
2022-12-26,34.296,34.728,34.026,34.674,50770,,,1.4216,hfq
2022-12-27,34.782,34.998,34.566,34.836,46214,,,0.4672,hfq
2022-12-28,34.728,34.782,34.080,34.188,50554,,,-1.8601,hfq
2022-12-29,34.080,34.512,33.756,33.864,58639,,,-0.9477,hfq
2022-12-30,34.080,34.134,33.594,33.594,52860,,,-0.7973,hfq
2023-01-03,33.702,35.268,33.540,35.052,98392,,,4.3401,hfq
2023-01-04,34.890,35.214,34.512,34.782,62787,,,-0.7703,hfq
2023-01-05,34.890,35.052,34.566,34.728,62477,,,-0.1553,hfq
2023-01-06,34.674,35.700,34.620,35.268,98170,,,1.5549,hfq
2023-01-09,35.646,36.834,35.484,36.564,140975,,,3.6747,hfq
2023-01-10,36.564,36.942,35.970,36.348,75041,,,-0.5907,hfq
2023-01-11,36.348,37.644,36.348,37.104,190958,,,2.0799,hfq
2023-01-12,36.834,36.996,36.132,36.456,102207,,,-1.7464,hfq
2023-01-13,35.754,36.618,35.754,36.294,94457,,,-0.4444,hfq
2023-01-16,36.294,36.834,36.186,36.348,77323,,,0.1488,hfq
2023-01-17,36.348,36.834,36.132,36.402,55033,,,0.1486,hfq
2023-01-18,36.672,36.996,36.240,36.780,60766,,,1.0384,hfq
2023-01-19,36.780,36.942,36.456,36.834,55910,,,0.1468,hfq
2023-01-20,36.834,37.374,36.726,37.266,71843,,,1.1728,hfq
2023-01-30,38.022,38.940,37.752,38.508,159117,,,3.3328,hfq
2023-01-31,38.184,39.048,38.130,38.940,133895,,,1.1218,hfq
2023-02-01,38.832,40.344,38.832,39.966,145233,,,2.6348,hfq
2023-02-02,39.966,40.182,39.426,39.804,114470,,,-0.4053,hfq
2023-02-03,40.074,40.128,38.994,39.750,116039,,,-0.1357,hfq
2023-02-06,39.372,39.696,39.156,39.480,76704,,,-0.6792,hfq
2023-02-07,39.480,40.344,39.210,40.290,112409,,,2.0517,hfq
2023-02-08,40.182,41.154,39.912,40.236,131894,,,-0.1340,hfq
2023-02-09,40.398,41.694,40.128,40.614,145026,,,0.9395,hfq
2023-02-10,40.614,41.154,40.344,40.560,110337,,,-0.1330,hfq
2023-02-13,40.614,40.992,40.236,40.344,83111,,,-0.5325,hfq
2023-02-14,40.506,40.776,40.128,40.614,88922,,,0.6692,hfq
2023-02-15,40.614,41.154,40.344,40.614,111512,,,0.0000,hfq
2023-02-16,40.614,40.992,38.994,39.264,154565,,,-3.3240,hfq
2023-02-17,39.804,42.396,39.642,40.776,367162,,,3.8509,hfq
2023-02-20,42.126,43.422,41.370,41.694,401339,,,2.2513,hfq
2023-02-21,41.964,42.882,41.640,42.126,287559,,,1.0361,hfq
2023-02-22,41.802,41.964,40.830,41.046,214116,,,-2.5637,hfq
2023-02-23,40.884,41.316,40.344,40.830,133583,,,-0.5262,hfq
2023-02-24,40.992,41.046,40.128,40.398,112375,,,-1.0580,hfq
2023-02-27,40.074,40.398,39.534,39.642,116906,,,-1.8714,hfq
2023-02-28,39.858,39.912,39.048,39.696,107944,,,0.1362,hfq
2023-03-01,39.696,39.912,39.318,39.912,88093,,,0.5441,hfq
2023-03-02,39.912,39.912,39.156,39.264,89934,,,-1.6236,hfq
2023-03-03,39.372,39.480,38.724,38.940,76640,,,-0.8252,hfq
2023-03-06,39.102,39.210,38.724,39.102,69045,,,0.4160,hfq
2023-03-07,38.994,39.102,38.022,38.022,93021,,,-2.7620,hfq
2023-03-08,37.914,38.778,37.752,38.670,60464,,,1.7043,hfq
2023-03-09,38.832,39.102,38.238,38.670,56387,,,0.0000,hfq
2023-03-10,38.562,38.724,38.076,38.184,75869,,,-1.2568,hfq
2023-03-13,38.184,38.454,37.536,37.860,57598,,,-0.8485,hfq
2023-03-14,37.860,38.400,36.510,37.482,101828,,,-0.9984,hfq
2023-03-15,37.752,38.292,37.428,37.806,59885,,,0.8644,hfq
2023-03-16,37.482,37.806,36.834,36.888,61706,,,-2.4282,hfq
2023-03-17,37.212,37.698,37.050,37.374,53424,,,1.3175,hfq
2023-03-20,37.536,38.292,37.158,38.238,88170,,,2.3118,hfq
2023-03-21,38.238,38.994,37.968,38.670,82768,,,1.1298,hfq
2023-03-22,38.940,39.264,38.616,38.994,90975,,,0.8379,hfq
2023-03-23,38.778,39.156,38.670,38.832,72744,,,-0.4154,hfq
2023-03-24,38.832,39.750,38.724,39.318,104255,,,1.2515,hfq
2023-03-27,39.156,39.750,38.724,38.994,100116,,,-0.8241,hfq
2023-03-28,39.372,39.372,38.562,38.670,88818,,,-0.8309,hfq
2023-03-29,38.886,39.156,38.238,38.346,69797,,,-0.8379,hfq
2023-03-30,38.184,38.292,37.374,37.806,86468,,,-1.4082,hfq
2023-03-31,37.914,39.102,37.536,39.048,104355,,,3.2852,hfq
2023-04-03,39.318,39.318,38.616,38.994,91523,,,-0.1383,hfq
2023-04-04,39.048,39.048,37.590,37.590,126617,,,-3.6006,hfq
2023-04-06,37.590,37.914,37.104,37.590,68222,,,0.0000,hfq
2023-04-07,37.752,37.914,37.320,37.482,55956,,,-0.2873,hfq
2023-04-10,37.590,38.562,37.428,37.482,97816,,,0.0000,hfq
2023-04-11,37.374,37.698,36.834,37.266,85348,,,-0.5763,hfq
2023-04-12,37.482,37.968,37.050,37.806,88173,,,1.4490,hfq
2023-04-13,37.806,37.914,36.510,36.510,104729,,,-3.4280,hfq
2023-04-14,36.672,37.428,36.672,37.158,75397,,,1.7749,hfq
2023-04-17,37.320,37.482,36.888,37.266,60048,,,0.2907,hfq
2023-04-18,37.104,37.266,36.348,36.402,74438,,,-2.3185,hfq
2023-04-19,36.402,36.564,35.862,36.294,66971,,,-0.2967,hfq
2023-04-20,36.294,36.348,35.214,35.700,71011,,,-1.6366,hfq
2023-04-21,35.754,35.862,34.566,34.566,76822,,,-3.1765,hfq
2023-04-24,34.620,35.214,34.296,34.836,62368,,,0.7811,hfq
2023-04-25,35.106,35.214,33.648,33.864,75902,,,-2.7902,hfq
2023-04-26,33.918,34.782,33.648,34.296,65488,,,1.2757,hfq
2023-04-27,34.242,34.512,33.378,33.756,119984,,,-1.5745,hfq
2023-04-28,33.864,34.998,33.864,34.674,80943,,,2.7195,hfq
2023-05-04,34.674,35.160,34.458,34.782,63624,,,0.3115,hfq
2023-05-05,34.890,34.890,34.026,34.350,57815,,,-1.2420,hfq
2023-05-08,34.242,34.674,34.242,34.458,39204,,,0.3144,hfq
2023-05-09,34.458,34.944,33.756,34.188,73004,,,-0.7836,hfq
2023-05-10,34.134,34.890,33.864,34.674,68072,,,1.4216,hfq
2023-05-11,34.728,34.890,34.458,34.620,43263,,,-0.1557,hfq
2023-05-12,34.512,34.620,33.810,33.972,61754,,,-1.8718,hfq
2023-05-15,33.972,34.512,33.756,34.404,50637,,,1.2716,hfq
2023-05-16,34.512,34.512,33.864,34.080,47383,,,-0.9418,hfq
2023-05-17,34.188,34.620,33.864,34.620,53342,,,1.5845,hfq
2023-05-18,34.620,36.996,34.620,35.754,186618,,,3.2756,hfq
2023-05-19,35.646,35.754,34.998,35.106,100933,,,-1.8124,hfq
2023-05-22,35.052,35.916,34.890,35.862,81668,,,2.1535,hfq
2023-05-23,35.970,36.510,35.484,35.700,87107,,,-0.4517,hfq
2023-05-24,35.322,36.348,35.214,35.862,92158,,,0.4538,hfq
2023-05-25,35.808,36.078,35.322,35.808,79430,,,-0.1506,hfq
2023-05-26,35.700,36.672,35.052,36.186,121299,,,1.0556,hfq
2023-05-29,36.186,36.996,35.106,36.672,188097,,,1.3431,hfq
2023-05-30,37.968,40.128,37.266,38.346,423167,,,4.5648,hfq
2023-05-31,37.428,39.912,37.374,39.588,472904,,,3.2389,hfq
2023-06-01,38.616,39.102,38.238,38.508,283782,,,-2.7281,hfq
2023-06-02,38.724,38.724,37.752,37.806,208134,,,-1.8230,hfq
2023-06-05,37.968,38.022,37.320,37.482,141830,,,-0.8570,hfq
2023-06-06,37.374,37.428,35.700,35.916,182727,,,-4.1780,hfq
2023-06-07,35.970,35.970,35.214,35.430,137918,,,-1.3532,hfq
2023-06-08,35.430,35.700,34.674,34.782,121207,,,-1.8290,hfq
2023-06-09,34.836,35.160,34.458,34.998,116326,,,0.6210,hfq
2023-06-12,34.998,36.402,34.998,36.078,174618,,,3.0859,hfq
2023-06-13,35.808,36.348,35.592,35.862,100667,,,-0.5987,hfq
2023-06-14,35.808,36.132,35.214,35.268,92166,,,-1.6563,hfq
2023-06-15,35.268,36.348,35.052,35.916,109494,,,1.8374,hfq
2023-06-16,35.916,36.672,35.916,36.672,120779,,,2.1049,hfq
2023-06-19,36.456,37.590,36.240,36.564,145405,,,-0.2945,hfq
2023-06-20,36.564,37.698,36.024,37.320,176758,,,2.0676,hfq
2023-06-21,37.104,37.752,36.726,36.726,120681,,,-1.5916,hfq
2023-06-26,36.510,38.346,36.348,36.726,211171,,,0.0000,hfq
2023-06-27,36.078,37.158,36.078,36.942,124441,,,0.5881,hfq
2023-06-28,36.780,38.238,36.024,38.022,267462,,,2.9235,hfq
2023-06-29,37.806,39.426,37.590,38.886,325704,,,2.2724,hfq
2023-06-30,38.724,39.372,38.346,38.832,260467,,,-0.1389,hfq
2023-07-03,38.670,39.048,37.860,38.022,173901,,,-2.0859,hfq
2023-07-04,38.508,39.372,38.130,39.156,271690,,,2.9825,hfq
2023-07-05,39.048,39.372,38.454,38.616,200696,,,-1.3791,hfq
2023-07-06,38.346,39.264,37.968,38.670,194006,,,0.1398,hfq
2023-07-07,38.940,39.210,38.022,38.292,162300,,,-0.9775,hfq
2023-07-10,38.346,38.670,37.536,38.022,132451,,,-0.7051,hfq
2023-07-11,37.968,39.372,37.428,39.102,298959,,,2.8405,hfq
2023-07-12,38.832,39.480,38.184,38.400,210539,,,-1.7953,hfq
2023-07-13,38.454,39.048,38.022,38.400,177285,,,0.0000,hfq
2023-07-14,38.184,38.616,37.644,38.076,131566,,,-0.8437,hfq
2023-07-17,37.806,38.022,37.428,37.806,98055,,,-0.7091,hfq
2023-07-18,37.752,38.940,37.374,38.508,133496,,,1.8568,hfq
2023-07-19,38.346,38.508,36.834,37.374,196357,,,-2.9448,hfq
2023-07-20,37.374,37.482,36.510,36.618,107666,,,-2.0228,hfq
2023-07-21,36.510,36.564,35.862,35.970,78075,,,-1.7696,hfq
2023-07-24,35.862,36.240,35.592,35.700,71506,,,-0.7506,hfq
2023-07-25,36.186,38.022,35.970,37.590,176205,,,5.2941,hfq
2023-07-26,37.482,37.644,35.970,36.078,168110,,,-4.0223,hfq
2023-07-27,36.240,36.996,36.024,36.132,91669,,,0.1497,hfq
2023-07-28,35.970,36.672,35.484,36.402,91802,,,0.7473,hfq
2023-07-31,36.456,37.212,36.240,36.834,78435,,,1.1867,hfq
2023-08-01,36.726,36.834,36.348,36.672,76476,,,-0.4398,hfq
2023-08-02,36.564,37.536,36.456,37.212,128798,,,1.4725,hfq
2023-08-03,36.942,37.266,36.672,36.780,84270,,,-1.1609,hfq
2023-08-04,36.780,37.374,36.726,36.942,86795,,,0.4405,hfq
2023-08-07,36.888,37.104,36.510,36.564,69862,,,-1.0232,hfq
2023-08-08,36.510,36.834,36.294,36.618,57763,,,0.1477,hfq
2023-08-09,36.456,36.618,35.646,35.754,86022,,,-2.3595,hfq
2023-08-10,35.754,36.132,35.538,35.754,43831,,,0.0000,hfq
2023-08-11,35.808,35.862,35.052,35.106,67495,,,-1.8124,hfq
2023-08-14,34.998,35.700,34.728,35.592,66347,,,1.3844,hfq
2023-08-15,35.538,35.754,34.890,35.052,46544,,,-1.5172,hfq
2023-08-16,35.214,35.214,34.566,34.620,46282,,,-1.2325,hfq
2023-08-17,34.566,35.376,34.296,35.322,69664,,,2.0277,hfq
2023-08-18,35.322,35.484,34.566,34.566,53028,,,-2.1403,hfq
2023-08-21,34.566,34.944,34.188,34.242,63905,,,-0.9373,hfq
2023-08-22,34.404,34.674,33.864,34.566,59443,,,0.9462,hfq
2023-08-23,34.620,34.620,33.702,33.702,55417,,,-2.4996,hfq
2023-08-24,33.810,34.134,33.324,33.756,62380,,,0.1602,hfq
2023-08-25,33.756,33.810,32.622,32.784,91103,,,-2.8795,hfq
2023-08-28,34.404,34.890,32.838,33.054,96559,,,0.8236,hfq
2023-08-29,33.108,34.674,32.946,34.620,118060,,,4.7377,hfq
2023-08-30,34.674,35.322,34.566,34.944,87264,,,0.9359,hfq
2023-08-31,34.890,34.944,34.404,34.566,50943,,,-1.0817,hfq
2023-09-01,34.836,35.214,34.512,34.944,60811,,,1.0936,hfq
2023-09-04,34.998,35.484,34.728,35.484,80182,,,1.5453,hfq
2023-09-05,35.484,35.700,35.160,35.592,90111,,,0.3044,hfq
2023-09-06,35.538,36.024,35.322,35.970,83855,,,1.0620,hfq
2023-09-07,35.808,36.024,35.430,35.484,67665,,,-1.3511,hfq
2023-09-08,35.646,37.050,35.322,36.672,187637,,,3.3480,hfq
2023-09-11,36.510,43.746,36.402,41.154,1074488,,,12.2219,hfq
2023-09-12,39.156,39.750,38.130,38.778,867730,,,-5.7734,hfq
2023-09-13,38.346,39.642,37.536,38.022,478629,,,-1.9496,hfq
2023-09-14,38.076,38.724,37.536,38.292,345120,,,0.7101,hfq
2023-09-15,38.346,39.156,36.996,37.914,416976,,,-0.9872,hfq
2023-09-18,37.536,38.832,37.320,38.238,287303,,,0.8546,hfq
2023-09-19,37.914,38.184,36.618,37.158,282643,,,-2.8244,hfq
2023-09-20,37.050,37.104,36.186,36.186,179981,,,-2.6159,hfq
2023-09-21,36.240,37.104,35.916,36.510,239380,,,0.8954,hfq
2023-09-22,36.294,37.266,36.078,37.050,190205,,,1.4790,hfq
2023-09-25,36.942,37.806,36.618,37.482,202184,,,1.1660,hfq
2023-09-26,37.050,37.212,36.510,36.618,146787,,,-2.3051,hfq
2023-09-27,36.672,36.780,35.754,35.862,160560,,,-2.0646,hfq
2023-09-28,35.862,37.482,35.808,37.266,219813,,,3.9150,hfq
2023-10-09,37.266,38.346,37.158,37.806,193375,,,1.4490,hfq
2023-10-10,38.238,38.616,37.698,38.076,168754,,,0.7142,hfq
2023-10-11,38.022,39.264,38.022,38.724,243642,,,1.7019,hfq
2023-10-12,38.670,39.318,38.346,38.940,179300,,,0.5578,hfq
2023-10-13,38.616,39.642,38.508,39.210,203480,,,0.6934,hfq
2023-10-16,39.210,39.588,38.508,38.832,181098,,,-0.9640,hfq
2023-10-17,39.048,39.264,38.130,38.400,157581,,,-1.1125,hfq
2023-10-18,38.562,38.562,37.752,37.860,110744,,,-1.4062,hfq
2023-10-19,37.590,38.292,37.374,37.590,110018,,,-0.7132,hfq
2023-10-20,37.482,38.076,36.996,37.104,133835,,,-1.2929,hfq
2023-10-23,37.374,37.428,35.916,36.132,110603,,,-2.6197,hfq
2023-10-24,36.510,37.212,36.024,37.104,114786,,,2.6901,hfq
2023-10-25,37.266,37.968,36.942,37.698,132371,,,1.6009,hfq
2023-10-26,37.860,39.318,36.888,38.562,329083,,,2.2919,hfq
2023-10-27,38.724,39.264,38.346,38.400,295432,,,-0.4201,hfq
2023-10-30,38.562,39.426,38.562,38.886,249407,,,1.2656,hfq
2023-10-31,39.210,39.210,37.860,38.292,179626,,,-1.5275,hfq
2023-11-01,38.616,41.532,38.292,40.344,638050,,,5.3588,hfq
2023-11-02,40.992,41.424,39.264,39.588,441214,,,-1.8739,hfq
2023-11-03,39.696,40.452,39.156,39.966,285148,,,0.9548,hfq
2023-11-06,39.966,43.314,39.858,41.910,522537,,,4.8641,hfq
2023-11-07,41.532,42.234,41.316,41.694,329816,,,-0.5154,hfq
2023-11-08,41.532,41.856,40.938,41.154,238920,,,-1.2952,hfq
2023-11-09,41.154,41.370,40.182,40.398,214824,,,-1.8370,hfq
2023-11-10,40.398,40.668,40.128,40.290,135236,,,-0.2673,hfq
2023-11-13,40.776,41.424,40.668,40.992,160028,,,1.7424,hfq
2023-11-14,40.938,42.072,40.614,41.532,251605,,,1.3173,hfq
2023-11-15,41.532,42.018,41.208,41.694,166271,,,0.3901,hfq
2023-11-16,41.640,42.234,41.370,41.532,151953,,,-0.3885,hfq
2023-11-17,41.262,41.964,40.992,41.802,133463,,,0.6501,hfq
2023-11-20,41.586,41.802,40.992,41.532,144033,,,-0.6459,hfq
2023-11-21,41.532,41.586,40.722,40.938,167432,,,-1.4302,hfq
2023-11-22,40.776,40.992,39.912,39.966,149596,,,-2.3743,hfq
2023-11-23,40.344,40.884,39.966,40.614,129147,,,1.6214,hfq
2023-11-24,40.452,40.560,39.534,39.642,110627,,,-2.3933,hfq
2023-11-27,39.750,40.236,39.588,39.966,88421,,,0.8173,hfq
2023-11-28,39.804,40.614,39.588,40.398,97543,,,1.0809,hfq
2023-11-29,40.290,41.100,40.236,40.344,109900,,,-0.1337,hfq
2023-11-30,40.398,40.668,39.372,39.750,94456,,,-1.4723,hfq
2023-12-01,39.750,39.966,39.264,39.642,72520,,,-0.2717,hfq
2023-12-04,39.750,40.398,39.534,39.912,88217,,,0.6811,hfq
2023-12-05,39.642,39.750,38.832,38.886,111064,,,-2.5707,hfq
2023-12-06,38.994,39.642,38.832,38.994,86977,,,0.2777,hfq
2023-12-07,38.994,39.102,38.562,38.724,83165,,,-0.6924,hfq
2023-12-08,38.940,39.264,38.022,38.184,113232,,,-1.3945,hfq
2023-12-11,38.130,38.778,37.752,38.778,83086,,,1.5556,hfq
2023-12-12,38.724,38.994,38.346,38.616,63043,,,-0.4178,hfq
2023-12-13,38.778,40.020,38.292,38.886,136720,,,0.6992,hfq
2023-12-14,39.264,39.588,38.238,38.346,138805,,,-1.3887,hfq
2023-12-15,38.292,38.562,37.860,37.968,76833,,,-0.9858,hfq
2023-12-18,38.076,38.184,37.536,37.590,76201,,,-0.9956,hfq
2023-12-19,37.644,38.022,37.482,37.914,46260,,,0.8619,hfq
2023-12-20,37.860,38.292,37.536,37.536,55774,,,-0.9970,hfq
2023-12-21,37.590,37.860,36.888,37.644,74041,,,0.2877,hfq
2023-12-22,37.644,37.806,36.834,37.050,71462,,,-1.5779,hfq
2023-12-25,37.104,37.590,36.834,37.482,65811,,,1.1660,hfq
2023-12-26,37.590,37.590,36.726,36.942,58553,,,-1.4407,hfq
2023-12-27,36.942,38.022,36.888,37.752,72248,,,2.1926,hfq
2023-12-28,37.806,38.454,37.590,38.184,81325,,,1.1443,hfq
2023-12-29,38.130,38.994,37.968,38.886,83788,,,1.8385,hfq
2024-01-02,38.886,39.048,38.670,38.886,67501,,,0.0000,hfq
2024-01-03,38.886,38.940,38.238,38.508,67415,,,-0.9721,hfq
2024-01-04,38.508,38.562,37.806,37.914,55216,,,-1.5425,hfq
2024-01-05,37.968,38.454,37.212,37.482,56254,,,-1.1394,hfq
2024-01-08,37.806,37.806,36.348,36.348,62786,,,-3.0255,hfq
2024-01-09,36.672,37.104,36.186,36.564,53034,,,0.5943,hfq
2024-01-10,36.564,36.726,35.754,35.916,58020,,,-1.7722,hfq
2024-01-11,35.916,37.104,35.862,36.996,64634,,,3.0070,hfq
2024-01-12,36.942,36.996,36.402,36.456,49218,,,-1.4596,hfq
2024-01-15,36.348,36.510,35.970,36.240,40052,,,-0.5925,hfq
2024-01-16,36.186,36.564,35.322,36.132,68072,,,-0.2980,hfq
2024-01-17,36.024,36.024,35.106,35.106,56773,,,-2.8396,hfq
2024-01-18,35.052,35.214,33.702,34.620,113396,,,-1.3844,hfq
2024-01-19,34.512,34.890,33.864,33.918,63952,,,-2.0277,hfq
2024-01-22,33.972,34.026,31.488,31.812,107930,,,-6.2091,hfq
2024-01-23,31.704,32.028,31.056,31.650,87827,,,-0.5092,hfq
2024-01-24,31.650,32.352,31.002,32.352,88396,,,2.2180,hfq
2024-01-25,32.568,33.378,31.974,33.270,90268,,,2.8375,hfq
2024-01-26,33.324,33.864,33.054,33.540,74311,,,0.8115,hfq
2024-01-29,33.486,33.756,32.190,32.352,71006,,,-3.5420,hfq
2024-01-30,32.244,32.568,31.218,31.272,66053,,,-3.3383,hfq
2024-01-31,31.218,31.434,29.274,29.436,125595,,,-5.8711,hfq
2024-02-01,29.598,29.706,28.302,29.004,106975,,,-1.4676,hfq
2024-02-02,29.274,29.490,26.034,27.168,157499,,,-6.3302,hfq
2024-02-05,27.006,27.060,22.092,22.362,275542,,,-17.6899,hfq
2024-02-06,22.740,24.954,22.092,23.874,237299,,,6.7615,hfq
2024-02-07,23.982,24.954,22.578,23.280,230527,,,-2.4881,hfq
2024-02-08,23.280,25.278,22.146,25.116,271525,,,7.8866,hfq
2024-02-19,25.494,26.574,25.332,26.196,198461,,,4.3000,hfq
2024-02-20,26.034,26.844,25.548,26.682,110593,,,1.8552,hfq
2024-02-21,26.412,28.086,26.304,27.168,122987,,,1.8215,hfq
2024-02-22,27.060,28.032,26.898,28.032,104212,,,3.1802,hfq
2024-02-23,28.572,29.544,28.248,29.436,147420,,,5.0086,hfq
2024-02-26,29.760,30.624,29.328,30.138,145477,,,2.3848,hfq
2024-02-27,29.706,30.732,29.652,30.678,137696,,,1.7918,hfq
2024-02-28,30.516,31.164,28.086,28.302,193891,,,-7.7450,hfq
2024-02-29,27.870,29.220,27.708,29.220,133351,,,3.2436,hfq
2024-03-01,29.220,29.976,29.166,29.706,119093,,,1.6632,hfq
2024-03-04,29.652,30.084,28.680,29.328,114205,,,-1.2725,hfq
2024-03-05,29.220,29.544,28.734,28.788,91362,,,-1.8412,hfq
2024-03-06,28.842,29.490,28.464,29.220,92994,,,1.5006,hfq
2024-03-07,29.382,30.462,29.382,29.598,155979,,,1.2936,hfq
2024-03-08,29.814,29.976,29.166,29.814,86613,,,0.7298,hfq
2024-03-11,29.652,30.408,29.490,30.408,99820,,,1.9924,hfq
2024-03-12,30.354,31.056,29.922,30.948,116813,,,1.7758,hfq
2024-03-13,30.894,34.890,30.516,32.082,384023,,,3.6642,hfq
2024-03-14,31.596,32.136,30.462,31.002,281186,,,-3.3664,hfq
2024-03-15,30.840,32.244,30.300,32.028,261676,,,3.3095,hfq
2024-03-18,32.190,32.838,31.812,32.406,228706,,,1.1802,hfq
2024-03-19,32.352,32.838,32.190,32.352,175377,,,-0.1666,hfq
2024-03-20,32.190,32.676,32.136,32.568,122935,,,0.6677,hfq
2024-03-21,32.838,33.000,31.974,32.676,125210,,,0.3316,hfq
2024-03-22,32.514,32.730,31.596,32.028,114230,,,-1.9831,hfq
2024-03-25,31.758,32.352,31.056,31.218,127925,,,-2.5290,hfq
2024-03-26,31.164,31.542,30.570,31.110,101320,,,-0.3460,hfq
2024-03-27,31.218,31.218,29.652,29.760,112144,,,-4.3394,hfq
2024-03-28,29.814,31.218,29.706,30.894,126361,,,3.8105,hfq
2024-03-29,31.002,31.920,30.894,31.650,114131,,,2.4471,hfq
2024-04-01,31.866,33.378,31.758,33.054,168892,,,4.4360,hfq
2024-04-02,32.784,33.216,32.406,33.054,120185,,,0.0000,hfq
2024-04-03,33.162,33.972,32.838,33.648,220224,,,1.7971,hfq
2024-04-08,33.702,33.756,32.028,32.190,184450,,,-4.3331,hfq
2024-04-09,31.866,33.270,31.866,33.108,153554,,,2.8518,hfq
2024-04-10,33.270,33.648,32.028,32.352,127245,,,-2.2834,hfq
2024-04-11,31.974,32.676,31.434,32.028,123976,,,-1.0015,hfq
2024-04-12,31.974,32.838,31.434,31.596,127445,,,-1.3488,hfq
2024-04-15,31.704,31.812,27.924,28.896,251383,,,-8.5454,hfq
2024-04-16,28.302,28.302,24.468,24.522,294846,,,-15.1370,hfq
2024-04-17,25.332,27.654,25.170,27.654,201059,,,12.7722,hfq
2024-04-18,27.600,27.654,26.412,27.060,153879,,,-2.1480,hfq
2024-04-19,27.114,27.546,26.304,26.466,116512,,,-2.1951,hfq
2024-04-22,26.304,27.114,25.224,26.574,125492,,,0.4081,hfq
2024-04-23,27.060,27.654,26.574,27.384,116107,,,3.0481,hfq
2024-04-24,27.384,28.248,27.060,28.086,117225,,,2.5635,hfq
2024-04-25,28.194,28.788,27.762,27.978,132360,,,-0.3845,hfq
2024-04-26,27.870,28.410,27.492,28.356,159688,,,1.3511,hfq
2024-04-29,28.248,29.544,28.194,29.436,151343,,,3.8087,hfq
2024-04-30,29.652,29.814,28.950,29.598,140025,,,0.5503,hfq
2024-05-06,29.598,30.192,29.220,29.382,198310,,,-0.7298,hfq
2024-05-07,29.274,29.760,29.112,29.490,122225,,,0.3676,hfq
2024-05-08,29.328,29.490,28.896,29.004,101487,,,-1.6480,hfq
2024-05-09,28.950,29.814,28.950,29.544,94236,,,1.8618,hfq
2024-05-10,29.814,30.030,29.004,29.166,96892,,,-1.2794,hfq
2024-05-13,28.950,29.058,28.140,28.248,103350,,,-3.1475,hfq
2024-05-14,28.248,28.896,28.086,28.410,83732,,,0.5735,hfq
2024-05-15,28.464,28.572,27.924,28.032,57495,,,-1.3305,hfq
2024-05-16,28.086,28.626,27.978,28.032,75166,,,0.0000,hfq
2024-05-17,28.032,28.572,27.924,28.572,77934,,,1.9264,hfq
2024-05-20,28.626,29.544,28.626,29.544,120783,,,3.4019,hfq
2024-05-21,29.544,29.598,28.626,28.734,98966,,,-2.7417,hfq
2024-05-22,28.572,29.112,28.518,28.896,67865,,,0.5638,hfq
2024-05-23,28.734,29.868,28.086,28.086,198704,,,-2.8032,hfq
2024-05-24,27.924,28.248,27.492,27.600,155543,,,-1.7304,hfq
2024-05-27,27.654,27.870,26.952,27.600,102483,,,0.0000,hfq
2024-05-28,27.546,28.410,27.384,27.708,100145,,,0.3913,hfq
2024-05-29,27.708,28.680,27.708,28.410,135936,,,2.5336,hfq
2024-05-30,28.248,28.356,27.708,27.924,107532,,,-1.7107,hfq
2024-05-31,27.924,28.194,27.654,28.032,86040,,,0.3868,hfq
2024-06-03,28.194,28.194,26.520,26.844,137788,,,-4.2380,hfq
2024-06-04,26.682,26.736,25.602,25.818,132061,,,-3.8221,hfq
2024-06-05,25.710,26.088,24.954,25.062,120352,,,-2.9282,hfq
2024-06-06,25.224,25.656,23.442,23.766,181157,,,-5.1712,hfq
2024-06-07,24.036,24.738,23.928,24.522,105597,,,3.1810,hfq
2024-06-11,24.468,24.684,23.550,24.630,93863,,,0.4404,hfq
2024-06-12,24.468,25.386,24.144,25.278,97332,,,2.6309,hfq
2024-06-13,25.278,25.440,24.792,24.900,84222,,,-1.4954,hfq
2024-06-14,24.846,25.062,24.360,24.576,68593,,,-1.3012,hfq
2024-06-17,24.414,24.792,24.306,24.522,60810,,,-0.2197,hfq
2024-06-18,24.738,25.494,24.414,25.332,85452,,,3.3032,hfq
2024-06-19,25.386,26.520,25.224,25.440,110490,,,0.4263,hfq
2024-06-20,25.494,25.818,25.008,25.062,90919,,,-1.4858,hfq
2024-06-21,24.900,25.332,24.522,24.792,76848,,,-1.0773,hfq
2024-06-24,24.522,24.684,23.280,23.550,113170,,,-5.0097,hfq
2024-06-25,23.550,23.982,23.388,23.658,81995,,,0.4586,hfq
2024-06-26,23.712,24.684,23.388,24.630,87299,,,4.1085,hfq
2024-06-27,24.630,25.008,24.036,24.090,79299,,,-2.1924,hfq
2024-06-28,24.090,24.954,23.766,24.414,84289,,,1.3450,hfq
2024-07-01,24.630,26.898,24.306,24.954,164065,,,2.2118,hfq
2024-07-02,24.576,25.116,24.522,24.738,126456,,,-0.8656,hfq
2024-07-03,24.522,25.062,24.468,24.684,95840,,,-0.2183,hfq
2024-07-04,24.792,24.954,23.766,23.820,95689,,,-3.5002,hfq
2024-07-05,23.874,24.468,23.388,24.252,73638,,,1.8136,hfq
2024-07-08,24.252,24.252,23.334,23.442,67233,,,-3.3399,hfq
2024-07-09,23.496,24.414,23.064,24.414,110827,,,4.1464,hfq
2024-07-10,24.144,24.684,23.928,24.252,87651,,,-0.6636,hfq
2024-07-11,24.522,25.278,24.414,25.224,127257,,,4.0079,hfq
2024-07-12,25.170,25.224,24.738,24.954,74310,,,-1.0704,hfq
2024-07-15,24.630,24.900,24.144,24.306,56280,,,-2.5968,hfq
2024-07-16,24.414,26.304,24.144,25.116,202049,,,3.3325,hfq
2024-07-17,24.792,24.954,23.982,23.982,165974,,,-4.5151,hfq
2024-07-18,23.712,24.036,23.172,23.928,104032,,,-0.2252,hfq
2024-07-19,23.874,24.252,23.388,23.928,91113,,,0.0000,hfq
2024-07-22,23.928,24.306,23.766,24.198,72434,,,1.1284,hfq
2024-07-23,23.982,24.576,23.658,23.658,88508,,,-2.2316,hfq
2024-07-24,24.036,24.846,23.712,23.982,122882,,,1.3695,hfq
2024-07-25,23.388,24.144,23.064,23.874,113217,,,-0.4503,hfq
2024-07-26,23.874,25.062,23.820,24.900,177526,,,4.2976,hfq
2024-07-29,24.738,25.710,24.738,25.278,147279,,,1.5181,hfq
2024-07-30,25.008,25.818,25.008,25.440,131821,,,0.6409,hfq
2024-07-31,25.602,26.520,25.278,26.304,153921,,,3.3962,hfq
2024-08-01,26.250,26.736,25.980,26.412,113115,,,0.4106,hfq
2024-08-02,26.142,26.628,25.710,25.818,124944,,,-2.2490,hfq
2024-08-05,25.494,25.926,24.954,25.062,104161,,,-2.9282,hfq
2024-08-06,25.386,25.656,24.900,25.278,86737,,,0.8619,hfq
2024-08-07,25.278,25.602,25.116,25.332,74192,,,0.2136,hfq
2024-08-08,25.332,25.440,24.792,25.116,61618,,,-0.8527,hfq
2024-08-09,25.980,29.868,25.224,29.868,908407,,,18.9202,hfq
2024-08-12,29.652,32.730,28.410,28.950,1141177,,,-3.0735,hfq
2024-08-13,28.572,30.732,27.384,29.328,801212,,,1.3057,hfq
2024-08-14,29.598,32.352,29.490,30.894,959117,,,5.3396,hfq
2024-08-15,30.192,34.188,29.652,31.542,977193,,,2.0975,hfq
2024-08-16,32.568,33.810,30.516,30.570,881002,,,-3.0816,hfq
2024-08-19,29.760,30.570,28.788,28.788,612348,,,-5.8292,hfq
2024-08-20,28.734,34.296,28.572,34.296,1183818,,,19.1330,hfq
2024-08-21,33.702,34.782,31.218,31.704,1141078,,,-7.5577,hfq
2024-08-22,31.542,32.838,30.516,32.136,694019,,,1.3626,hfq
2024-08-23,31.974,36.456,30.570,34.674,1081964,,,7.8977,hfq
2024-08-26,34.566,37.968,33.702,35.322,1137288,,,1.8688,hfq
2024-08-27,34.026,34.512,32.244,32.352,874116,,,-8.4084,hfq
2024-08-28,33.054,38.562,32.946,36.672,1425267,,,13.3531,hfq
2024-08-29,34.944,37.590,33.864,35.970,1308694,,,-1.9143,hfq
2024-08-30,36.672,38.130,35.916,36.348,1152650,,,1.0509,hfq
2024-09-02,37.320,39.534,36.564,37.428,1230790,,,2.9713,hfq
2024-09-03,35.646,37.644,34.836,37.644,807792,,,0.5771,hfq
2024-09-04,36.834,37.104,33.000,34.782,764381,,,-7.6028,hfq
2024-09-05,34.458,34.674,33.216,34.080,559718,,,-2.0183,hfq
2024-09-06,33.702,33.702,30.948,31.110,622291,,,-8.7148,hfq
2024-09-09,32.676,34.674,31.812,32.136,654470,,,3.2980,hfq
2024-09-10,31.866,32.136,29.922,31.488,488316,,,-2.0164,hfq
2024-09-11,33.810,35.862,32.622,32.784,784796,,,4.1159,hfq
2024-09-12,32.298,37.212,32.082,34.890,924977,,,6.4239,hfq
2024-09-13,34.080,35.862,33.162,33.270,715594,,,-4.6432,hfq
2024-09-18,32.514,33.054,30.408,30.732,546955,,,-7.6285,hfq
2024-09-19,30.732,31.704,29.598,30.948,446943,,,0.7029,hfq
2024-09-20,30.894,33.486,30.354,32.406,577056,,,4.7111,hfq
2024-09-23,31.758,32.028,30.894,30.948,466859,,,-4.4992,hfq
2024-09-24,30.732,31.704,29.922,31.488,484533,,,1.7449,hfq
2024-09-25,31.434,32.460,31.326,31.326,507918,,,-0.5145,hfq
2024-09-26,31.542,32.082,30.894,32.082,403485,,,2.4133,hfq
2024-09-27,32.460,35.322,32.352,34.458,659374,,,7.4060,hfq
2024-09-30,36.294,40.992,35.970,40.830,942303,,,18.4921,hfq
2024-10-08,48.714,48.714,43.260,48.606,1098446,,,19.0448,hfq
2024-10-09,45.960,47.796,43.044,43.206,812955,,,-11.1097,hfq
2024-10-10,44.232,45.420,42.018,43.260,534478,,,0.1250,hfq
2024-10-11,43.044,43.260,38.994,39.534,486832,,,-8.6130,hfq
2024-10-14,40.074,42.936,38.508,42.882,490725,,,8.4687,hfq
2024-10-15,42.504,43.314,40.884,40.938,416079,,,-4.5334,hfq
2024-10-16,39.912,42.882,39.696,41.964,512963,,,2.5062,hfq
2024-10-17,42.072,42.828,41.100,41.208,435206,,,-1.8015,hfq
2024-10-18,40.884,43.638,40.614,42.504,466371,,,3.1450,hfq
2024-10-21,42.882,47.742,42.612,47.202,773582,,,11.0531,hfq
2024-10-22,46.608,46.932,44.556,45.366,528294,,,-3.8897,hfq
2024-10-23,45.042,46.554,44.664,44.880,401791,,,-1.0713,hfq
2024-10-24,44.124,44.988,43.638,44.556,231391,,,-0.7219,hfq
2024-10-25,45.042,45.096,44.178,44.718,261869,,,0.3636,hfq
2024-10-28,44.070,44.124,42.234,43.638,395792,,,-2.4151,hfq
2024-10-29,43.530,46.500,42.342,44.772,643051,,,2.5987,hfq
2024-10-30,43.962,47.742,42.828,46.392,683275,,,3.6183,hfq
2024-10-31,46.500,49.470,44.826,48.120,771739,,,3.7248,hfq
2024-11-01,48.012,57.354,46.770,52.008,1272170,,,8.0798,hfq
2024-11-04,53.034,56.868,49.848,54.654,1097321,,,5.0877,hfq
2024-11-05,53.304,56.814,52.602,55.464,1008639,,,1.4821,hfq
2024-11-06,54.600,55.032,51.144,52.278,804109,,,-5.7443,hfq
2024-11-07,52.602,53.844,51.468,51.684,470775,,,-1.1362,hfq
2024-11-08,51.792,53.088,50.388,50.550,518142,,,-2.1941,hfq
2024-11-11,49.956,52.440,49.578,52.278,404729,,,3.4184,hfq
2024-11-12,52.062,52.926,50.604,51.198,353802,,,-2.0659,hfq
2024-11-13,50.766,51.090,48.822,50.928,299158,,,-0.5274,hfq
2024-11-14,50.874,51.198,48.606,48.714,240159,,,-4.3473,hfq
2024-11-15,48.714,49.308,45.582,45.906,328416,,,-5.7643,hfq
2024-11-18,45.582,46.338,41.640,41.964,369322,,,-8.5871,hfq
2024-11-19,42.396,44.934,42.234,44.772,317686,,,6.6914,hfq
2024-11-20,44.826,46.230,44.340,45.204,247015,,,0.9649,hfq
2024-11-21,44.880,45.906,44.016,44.772,215296,,,-0.9557,hfq
2024-11-22,44.664,45.690,43.422,43.422,298919,,,-3.0153,hfq
2024-11-25,43.422,44.070,42.342,44.016,227236,,,1.3680,hfq
2024-11-26,43.962,44.610,42.666,42.666,177558,,,-3.0671,hfq
2024-11-27,42.342,43.854,41.316,43.800,199796,,,2.6579,hfq
2024-11-28,43.800,44.286,43.260,43.314,192033,,,-1.1096,hfq
2024-11-29,43.314,44.340,42.342,43.908,195579,,,1.3714,hfq
2024-12-02,43.854,46.230,43.746,46.176,294830,,,5.1653,hfq
2024-12-03,46.068,46.446,45.474,45.744,205381,,,-0.9356,hfq
2024-12-04,45.852,47.472,45.474,45.960,323767,,,0.4722,hfq
2024-12-05,46.986,49.200,46.230,49.146,431876,,,6.9321,hfq
2024-12-06,49.578,51.198,48.336,49.038,471762,,,-0.2198,hfq
2024-12-09,48.336,51.252,48.012,50.766,454965,,,3.5238,hfq
2024-12-10,51.522,52.386,49.578,50.280,450269,,,-0.9573,hfq
2024-12-11,49.794,50.172,48.444,49.146,311776,,,-2.2554,hfq
2024-12-12,48.876,49.632,47.958,48.984,272733,,,-0.3296,hfq
2024-12-13,48.552,50.010,47.904,48.984,294222,,,0.0000,hfq
2024-12-16,49.038,49.254,46.770,47.202,211885,,,-3.6379,hfq
2024-12-17,47.202,47.202,45.042,45.204,191415,,,-4.2329,hfq
2024-12-18,45.474,46.662,44.394,45.582,174654,,,0.8362,hfq
2024-12-19,44.680,45.814,44.626,45.328,138873,,,-0.5572,hfq
2024-12-20,45.382,49.000,45.058,47.380,273007,,,4.5270,hfq
2024-12-23,46.840,47.488,44.356,44.464,228680,,,-6.1545,hfq
2024-12-24,44.410,46.138,44.410,45.382,159056,,,2.0646,hfq
2024-12-25,45.166,45.652,42.898,43.330,198766,,,-4.5216,hfq
2024-12-26,42.952,44.356,42.952,43.816,110820,,,1.1216,hfq
2024-12-27,43.708,45.004,43.438,43.600,120711,,,-0.4930,hfq
2024-12-30,43.546,43.654,41.926,43.060,114042,,,-1.2385,hfq
2024-12-31,43.006,43.384,40.954,41.062,148566,,,-4.6400,hfq
2025-01-02,40.954,41.656,39.928,40.522,137735,,,-1.3151,hfq
2025-01-03,40.522,41.062,38.470,38.740,151024,,,-4.3976,hfq
2025-01-06,38.254,39.172,37.552,38.794,120921,,,0.1394,hfq
2025-01-07,38.956,40.306,38.902,40.306,132077,,,3.8975,hfq
2025-01-08,43.222,48.028,41.224,44.572,658491,,,10.5840,hfq
2025-01-09,47.110,50.728,45.058,45.436,765384,,,1.9384,hfq
2025-01-10,45.436,49.378,45.436,46.570,705775,,,2.4958,hfq
2025-01-13,43.924,45.598,42.790,43.006,506371,,,-7.6530,hfq
2025-01-14,43.870,47.110,43.492,46.840,512667,,,8.9150,hfq
2025-01-15,46.732,47.596,45.058,45.868,423054,,,-2.0751,hfq
2025-01-16,46.084,46.840,45.058,45.328,324854,,,-1.1773,hfq
2025-01-17,44.950,46.084,44.140,44.140,295271,,,-2.6209,hfq
2025-01-20,44.950,46.408,44.086,45.760,319736,,,3.6701,hfq
2025-01-21,45.760,46.138,44.788,45.436,239746,,,-0.7080,hfq
2025-01-22,45.544,45.760,44.356,44.464,220369,,,-2.1393,hfq
2025-01-23,44.896,46.948,44.896,45.868,404405,,,3.1576,hfq
2025-01-24,45.112,45.220,43.708,44.518,328903,,,-2.9432,hfq
2025-01-27,45.058,45.058,42.682,42.682,213928,,,-4.1242,hfq
2025-02-05,43.276,44.356,43.006,43.816,197944,,,2.6569,hfq
2025-02-06,43.708,45.652,43.600,45.598,246149,,,4.0670,hfq
2025-02-07,45.868,47.326,45.544,46.462,327560,,,1.8948,hfq
2025-02-10,46.462,46.678,45.598,45.814,292771,,,-1.3947,hfq
2025-02-11,46.030,46.084,45.004,45.706,265662,,,-0.2357,hfq
2025-02-12,45.652,46.840,45.112,46.678,324661,,,2.1266,hfq
2025-02-13,46.408,47.164,45.328,46.408,294732,,,-0.5784,hfq
2025-02-14,46.948,47.218,45.166,45.382,260445,,,-2.2108,hfq
2025-02-17,45.382,47.164,45.166,46.246,275067,,,1.9038,hfq
2025-02-18,45.976,46.138,43.816,43.978,262315,,,-4.9042,hfq
2025-02-19,44.032,46.192,43.870,46.192,306203,,,5.0343,hfq
2025-02-20,46.678,48.406,46.678,47.758,498802,,,3.3902,hfq
2025-02-21,47.758,47.920,46.840,47.434,296383,,,-0.6784,hfq
2025-02-24,47.164,49.972,46.462,49.918,663480,,,5.2368,hfq
2025-02-25,50.728,59.638,49.756,57.586,1892961,,,15.3612,hfq
2025-02-26,60.610,67.738,58.774,63.148,1966993,,,9.6586,hfq
2025-02-27,63.148,63.958,59.800,61.528,1155983,,,-2.5654,hfq
2025-02-28,62.176,63.688,57.640,58.018,1105390,,,-5.7047,hfq
2025-03-03,58.018,63.580,56.128,59.098,963155,,,1.8615,hfq
2025-03-04,57.856,61.474,57.856,60.448,783977,,,2.2843,hfq
2025-03-05,59.854,72.274,59.854,72.274,1429262,,,19.5639,hfq
2025-03-06,71.572,76.162,70.168,73.678,1707982,,,1.9426,hfq
2025-03-07,73.678,79.132,72.274,76.270,1328594,,,3.5180,hfq
2025-03-10,75.190,77.296,71.140,74.218,971046,,,-2.6904,hfq
2025-03-11,73.624,74.596,69.736,72.760,816244,,,-1.9645,hfq
2025-03-12,74.056,82.048,74.056,75.352,1279490,,,3.5624,hfq
2025-03-13,73.192,75.298,65.470,66.064,1290084,,,-12.3261,hfq
2025-03-14,66.766,69.466,64.984,68.926,914747,,,4.3322,hfq
2025-03-17,69.088,71.950,68.386,71.410,921227,,,3.6039,hfq
2025-03-18,71.572,74.218,68.818,72.706,1051998,,,1.8149,hfq
2025-03-19,71.086,72.760,68.278,69.412,688514,,,-4.5306,hfq
2025-03-20,69.250,72.274,67.792,67.900,739234,,,-2.1783,hfq
2025-03-21,66.280,67.198,59.908,62.716,1300367,,,-7.6348,hfq
2025-03-24,62.770,63.634,59.152,60.448,689564,,,-3.6163,hfq
2025-03-25,61.582,63.580,60.286,60.772,608629,,,0.5360,hfq
2025-03-26,60.394,63.904,60.394,62.014,485650,,,2.0437,hfq
2025-03-27,61.312,64.228,60.394,61.906,522061,,,-0.1742,hfq
2025-03-28,61.528,62.122,59.584,59.584,429483,,,-3.7508,hfq
2025-03-31,59.368,60.718,57.478,59.908,404589,,,0.5438,hfq
2025-04-01,60.448,62.878,60.124,60.502,412442,,,0.9915,hfq
2025-04-02,59.962,68.008,59.908,64.876,1061328,,,7.2295,hfq
2025-04-03,63.850,64.984,60.178,61.312,741749,,,-5.4936,hfq
2025-04-07,54.778,56.290,49.324,49.324,707277,,,-19.5525,hfq
2025-04-08,49.000,51.430,46.138,48.244,667596,,,-2.1896,hfq
2025-04-09,45.976,50.134,42.034,49.594,687438,,,2.7983,hfq
2025-04-10,55.858,56.668,52.402,52.564,762641,,,5.9886,hfq
2025-04-11,52.564,55.156,51.430,53.536,537232,,,1.8492,hfq
2025-04-14,55.318,57.208,53.698,54.022,478011,,,0.9078,hfq
2025-04-15,53.968,54.670,52.510,52.834,304770,,,-2.1991,hfq
2025-04-16,52.240,52.726,49.648,50.458,342302,,,-4.4971,hfq
2025-04-17,50.026,50.944,49.486,49.594,228422,,,-1.7123,hfq
2025-04-18,49.702,53.428,49.486,52.348,589023,,,5.5531,hfq
2025-04-21,52.402,55.480,52.078,55.048,478840,,,5.1578,hfq
2025-04-22,55.048,55.048,52.618,52.942,408322,,,-3.8258,hfq
2025-04-23,57.370,58.342,54.886,55.696,731781,,,5.2019,hfq
2025-04-24,55.696,55.858,52.888,53.320,421536,,,-4.2660,hfq
2025-04-25,52.348,54.724,51.754,52.942,436859,,,-0.7089,hfq
2025-04-28,52.726,53.158,51.376,51.484,221341,,,-2.7540,hfq
2025-04-29,51.268,55.048,50.620,54.454,474606,,,5.7688,hfq
2025-04-30,55.102,58.450,54.616,57.532,600567,,,5.6525,hfq
2025-05-06,58.558,60.880,57.154,60.448,581711,,,5.0685,hfq
2025-05-07,62.338,64.390,59.044,60.124,819643,,,-0.5360,hfq
2025-05-08,60.502,63.418,60.502,63.364,835819,,,5.3889,hfq
2025-05-09,62.230,62.446,58.666,58.990,601362,,,-6.9030,hfq
2025-05-12,63.526,67.738,63.526,65.956,1184710,,,11.8088,hfq
2025-05-13,66.064,66.550,61.042,61.366,928597,,,-6.9592,hfq
2025-05-14,62.770,63.688,61.366,61.852,572354,,,0.7920,hfq
2025-05-15,61.204,64.228,60.610,61.690,702406,,,-0.2619,hfq
2025-05-16,60.610,73.786,59.962,70.384,1802324,,,14.0930,hfq
2025-05-19,69.034,69.034,63.688,65.254,1321278,,,-7.2886,hfq
2025-05-20,65.578,66.010,63.418,65.416,786204,,,0.2483,hfq
2025-05-21,64.984,65.362,62.878,63.256,567495,,,-3.3019,hfq
2025-05-22,62.662,63.796,61.528,62.176,451979,,,-1.7073,hfq
2025-05-23,61.582,62.986,60.178,60.232,439881,,,-3.1266,hfq
2025-05-26,60.124,60.934,59.314,60.772,319257,,,0.8965,hfq
2025-05-27,60.718,60.718,58.018,58.720,388729,,,-3.3766,hfq
2025-05-28,58.558,59.638,57.586,57.856,277852,,,-1.4714,hfq
2025-05-29,59.368,60.286,58.612,59.746,396971,,,3.2667,hfq
2025-05-30,58.720,59.098,56.290,56.560,409404,,,-5.3326,hfq
2025-06-03,56.074,57.208,55.804,56.776,189512,,,0.3819,hfq
2025-06-04,56.614,58.828,56.128,58.396,293947,,,2.8533,hfq
2025-06-05,57.910,60.988,57.532,59.908,470248,,,2.5892,hfq
2025-06-06,60.718,61.042,58.558,58.774,348703,,,-1.8929,hfq
2025-06-09,59.260,61.096,58.990,59.962,402680,,,2.0213,hfq
2025-06-10,58.774,58.990,56.722,57.478,477089,,,-4.1426,hfq
2025-06-11,57.154,59.422,57.154,58.990,340709,,,2.6306,hfq
2025-06-12,58.612,59.098,57.478,57.802,283459,,,-2.0139,hfq
2025-06-13,57.100,57.100,55.210,55.804,346940,,,-3.4566,hfq
2025-06-16,55.318,56.668,55.318,56.182,155560,,,0.6774,hfq
2025-06-17,56.128,58.882,55.912,58.018,433176,,,3.2680,hfq
2025-06-18,57.802,59.746,56.290,59.692,464172,,,2.8853,hfq
2025-06-19,59.530,63.904,58.990,60.880,758484,,,1.9902,hfq
2025-06-20,60.394,63.580,59.746,59.962,500484,,,-1.5079,hfq
2025-06-23,60.016,62.932,59.206,62.122,507881,,,3.6023,hfq
2025-06-24,61.906,63.310,61.258,62.932,434763,,,1.3039,hfq
2025-06-25,62.932,64.768,62.068,63.418,454648,,,0.7723,hfq
2025-06-26,62.446,62.770,61.690,61.906,361087,,,-2.3842,hfq
2025-06-27,61.798,62.986,61.636,61.798,277106,,,-0.1745,hfq
2025-06-30,61.744,64.822,61.690,63.796,454913,,,3.2331,hfq
2025-07-01,63.256,64.714,62.662,64.282,338804,,,0.7618,hfq
2025-07-02,66.604,67.630,63.364,63.796,533401,,,-0.7560,hfq
2025-07-03,64.984,70.276,64.228,69.628,952446,,,9.1416,hfq
2025-07-04,67.900,68.278,64.336,64.390,807053,,,-7.5228,hfq
2025-07-07,63.742,64.228,62.176,62.554,371076,,,-2.8514,hfq
2025-07-08,62.500,66.604,62.176,65.632,534578,,,4.9205,hfq
2025-07-09,65.038,65.578,62.500,62.878,468153,,,-4.1961,hfq
2025-07-10,62.608,63.418,62.338,62.716,274506,,,-0.2576,hfq
2025-07-11,63.364,64.012,61.744,61.744,460063,,,-1.5498,hfq
2025-07-14,60.988,62.068,60.772,61.366,243819,,,-0.6122,hfq
2025-07-15,61.528,64.930,60.070,63.148,546588,,,2.9039,hfq
2025-07-16,62.392,63.526,61.528,62.176,340013,,,-1.5392,hfq
2025-07-17,61.906,64.120,61.312,63.256,346796,,,1.7370,hfq
2025-07-18,62.932,63.850,62.608,62.878,309824,,,-0.5976,hfq
2025-07-21,62.716,63.526,62.068,63.202,227187,,,0.5153,hfq
2025-07-22,63.202,63.472,61.150,62.014,322798,,,-1.8797,hfq
2025-07-23,62.392,62.500,60.826,61.150,216102,,,-1.3932,hfq
2025-07-24,61.150,62.662,61.150,62.392,265778,,,2.0311,hfq
2025-07-25,62.122,64.012,61.420,63.688,530818,,,2.0772,hfq
2025-07-28,62.986,66.334,62.986,65.794,641859,,,3.3067,hfq
2025-07-29,65.308,65.308,63.742,64.606,355147,,,-1.8056,hfq
2025-07-30,64.282,64.660,62.014,62.662,354837,,,-3.0090,hfq
2025-07-31,62.068,63.850,62.068,62.608,352161,,,-0.0862,hfq
2025-08-01,62.500,63.904,61.798,62.608,266179,,,0.0000,hfq
2025-08-04,61.906,63.688,61.744,63.418,276783,,,1.2938,hfq
2025-08-05,63.202,64.228,62.986,63.904,268725,,,0.7663,hfq
2025-08-06,63.526,67.090,63.202,65.740,572808,,,2.8731,hfq
2025-08-07,65.632,68.548,65.470,66.226,617452,,,0.7393,hfq
2025-08-08,66.388,66.550,64.930,65.686,380021,,,-0.8154,hfq
2025-08-11,66.172,68.656,66.118,67.684,544804,,,3.0417,hfq
2025-08-12,67.954,69.304,67.090,68.116,571752,,,0.6383,hfq
2025-08-13,68.440,71.302,67.900,71.086,805694,,,4.3602,hfq
2025-08-14,74.272,77.566,71.950,73.192,1310855,,,2.9626,hfq
2025-08-15,72.652,77.134,71.734,75.460,1022940,,,3.0987,hfq
2025-08-18,75.838,80.158,74.704,77.728,973568,,,3.0056,hfq
2025-08-19,76.918,93.010,76.324,93.010,1812015,,,19.6609,hfq
2025-08-20,94.090,106.780,94.090,99.922,2011588,,,7.4315,hfq
2025-08-21,97.438,100.084,91.822,94.360,1545408,,,-5.5663,hfq
2025-08-22,93.226,99.922,91.822,96.844,1568681,,,2.6325,hfq
2025-08-25,96.088,106.240,93.442,101.974,1497723,,,5.2972,hfq
2025-08-26,98.518,108.130,97.438,100.030,1438992,,,-1.9064,hfq
2025-08-27,100.462,103.756,93.982,94.360,1298081,,,-5.6683,hfq
2025-08-28,93.658,97.330,92.848,97.168,939474,,,2.9758,hfq
2025-08-29,98.140,101.164,96.790,99.814,1046787,,,2.7231,hfq
2025-09-01,100.138,103.270,98.032,103.108,1094618,,,3.3001,hfq
2025-09-02,104.026,104.296,92.848,93.118,1092362,,,-9.6889,hfq
2025-09-03,94.306,102.028,92.632,97.978,1005250,,,5.2192,hfq
2025-09-04,104.944,114.070,99.544,101.758,1652137,,,3.8580,hfq
2025-09-05,105.538,107.266,94.090,105.322,1422367,,,3.5024,hfq
2025-09-08,110.290,120.388,107.428,113.260,1622993,,,7.5369,hfq
2025-09-09,109.318,109.912,99.274,99.598,1396008,,,-12.0625,hfq
2025-09-10,100.570,106.078,97.978,98.518,940444,,,-1.0844,hfq
2025-09-11,97.978,102.514,93.712,100.840,991678,,,2.3569,hfq
2025-09-12,100.192,100.246,96.088,96.898,687988,,,-3.9092,hfq
2025-09-15,98.518,99.220,94.090,94.252,518093,,,-2.7307,hfq
2025-09-16,95.224,97.654,94.306,96.898,477555,,,2.8074,hfq
2025-09-17,96.304,109.318,96.034,104.674,1125995,,,8.0249,hfq
2025-09-18,104.674,109.264,102.838,104.674,999470,,,0.0000,hfq
2025-09-19,104.674,106.510,101.056,102.406,579468,,,-2.1667,hfq
2025-09-22,104.782,104.998,100.786,102.514,520137,,,0.1055,hfq
2025-09-23,102.730,103.270,95.062,97.492,636122,,,-4.8988,hfq
2025-09-24,97.978,98.842,95.170,98.302,400848,,,0.8308,hfq
2025-09-25,97.978,104.512,97.762,98.842,635736,,,0.5493,hfq
2025-09-26,97.438,98.464,92.092,92.470,607091,,,-6.4467,hfq
2025-09-29,93.010,94.900,90.472,93.118,366351,,,0.7008,hfq
2025-09-30,93.550,95.062,91.606,91.876,353156,,,-1.3338,hfq
2025-10-09,92.902,95.710,92.578,92.740,400424,,,0.9404,hfq
2025-10-10,92.686,93.658,87.772,87.772,495062,,,-5.3569,hfq
2025-10-13,81.778,89.500,79.996,89.014,421880,,,1.4150,hfq
2025-10-14,89.446,89.932,83.182,83.722,426127,,,-5.9451,hfq
2025-10-15,84.856,85.558,82.804,85.450,299307,,,2.0640,hfq
2025-10-16,85.018,85.396,82.210,82.696,262244,,,-3.2229,hfq
2025-10-17,82.966,83.398,80.050,80.374,251128,,,-2.8079,hfq
2025-10-20,81.076,82.480,80.212,81.076,212395,,,0.8734,hfq
2025-10-21,82.048,85.828,81.616,84.532,359559,,,4.2627,hfq
2025-10-22,83.452,84.586,82.750,83.074,176020,,,-1.7248,hfq
2025-10-23,82.858,86.152,81.778,85.720,379052,,,3.1851,hfq
2025-10-24,88.690,88.798,86.044,87.718,477335,,,2.3308,hfq
2025-10-27,87.664,92.956,87.664,91.876,570848,,,4.7402,hfq
2025-10-28,91.012,97.276,90.418,96.466,671645,,,4.9959,hfq
2025-10-29,95.278,97.168,93.712,95.926,424950,,,-0.5598,hfq
2025-10-30,95.926,102.676,95.062,98.410,758051,,,2.5895,hfq
2025-10-31,98.572,101.758,96.682,98.356,620131,,,-0.0549,hfq
2025-11-03,96.898,100.840,94.522,97.438,548754,,,-0.9333,hfq
2025-11-04,95.980,97.006,90.796,91.822,594357,,,-5.7637,hfq
2025-11-05,89.770,93.226,89.176,92.362,332209,,,0.5881,hfq
2025-11-06,92.038,93.118,90.310,92.470,278449,,,0.1169,hfq
2025-11-07,92.038,92.578,90.364,91.336,198496,,,-1.2263,hfq
2025-11-10,91.174,92.470,87.394,88.096,328755,,,-3.5473,hfq
2025-11-11,88.096,89.608,87.556,88.744,243027,,,0.7356,hfq
2025-11-12,88.204,89.068,85.882,87.070,253924,,,-1.8863,hfq
2025-11-13,87.664,89.608,86.800,88.258,260554,,,1.3644,hfq
2025-11-14,87.178,87.718,85.720,85.720,175305,,,-2.8757,hfq
2025-11-17,85.558,86.368,84.478,84.964,179860,,,-0.8819,hfq
2025-11-18,84.532,85.558,83.020,83.506,169688,,,-1.7160,hfq
2025-11-19,83.830,87.556,82.372,85.666,477128,,,2.5866,hfq
2025-11-20,86.692,87.340,83.884,84.262,280318,,,-1.6389,hfq
2025-11-21,82.534,84.208,80.968,81.292,275140,,,-3.5247,hfq
2025-11-24,81.292,83.506,79.780,82.642,220564,,,1.6607,hfq
2025-11-25,84.262,87.718,83.992,85.882,306910,,,3.9205,hfq
2025-11-26,87.718,88.798,86.098,87.070,305345,,,1.3833,hfq
2025-11-27,86.692,94.198,86.692,90.634,568873,,,4.0933,hfq
2025-11-28,90.742,91.822,88.690,91.282,361290,,,0.7150,hfq
2025-12-01,91.336,93.712,90.418,92.146,343154,,,0.9465,hfq
2025-12-02,92.092,92.956,90.418,90.634,253802,,,-1.6409,hfq
2025-12-03,90.202,90.634,88.258,88.744,242020,,,-2.0853,hfq
2025-12-04,89.878,90.040,86.476,87.448,196832,,,-1.4604,hfq
2025-12-05,87.124,92.146,86.908,90.148,292213,,,3.0875,hfq
2025-12-08,90.418,91.768,89.932,90.256,217213,,,0.1198,hfq
2025-12-09,89.608,90.958,88.582,88.852,197497,,,-1.5556,hfq
2025-12-10,88.798,89.392,87.178,88.258,165009,,,-0.6685,hfq
2025-12-11,88.582,88.744,85.558,85.558,175545,,,-3.0592,hfq
2025-12-12,86.152,88.690,84.478,87.880,280119,,,2.7139,hfq
2025-12-15,86.800,87.448,84.316,84.640,193939,,,-3.6868,hfq
2025-12-16,84.262,86.206,82.048,84.856,262321,,,0.2552,hfq
2025-12-17,86.368,87.556,83.722,86.422,256002,,,1.8455,hfq
2025-12-18,85.558,88.042,84.748,84.748,214584,,,-1.9370,hfq
2025-12-19,85.180,88.096,85.180,86.746,231720,,,2.3576,hfq
2025-12-22,86.854,89.068,86.260,88.420,228957,,,1.9298,hfq
2025-12-23,88.150,90.958,87.880,89.338,274259,,,1.0382,hfq
2025-12-24,88.852,94.576,88.258,93.550,432604,,,4.7147,hfq
2025-12-25,93.172,93.874,91.714,92.956,260210,,,-0.6350,hfq
2025-12-26,93.442,94.576,91.552,92.848,261547,,,-0.1162,hfq
2025-12-29,93.658,95.008,91.606,93.226,273251,,,0.4071,hfq
2025-12-30,92.362,95.656,91.930,94.360,297856,,,1.2164,hfq
2025-12-31,94.306,94.900,92.308,93.496,223063,,,-0.9156,hfq
2026-01-05,93.658,100.948,92.956,98.572,605284,,,5.4291,hfq
2026-01-06,98.086,99.166,96.196,97.384,447798,,,-1.2052,hfq
2026-01-07,97.276,97.330,93.874,94.846,368099,,,-2.6062,hfq
2026-01-08,94.198,96.952,93.712,95.440,305941,,,0.6263,hfq
2026-01-09,94.846,98.248,94.306,97.870,423640,,,2.5461,hfq
2026-01-12,98.518,100.246,95.332,99.328,430253,,,1.4897,hfq
2026-01-13,99.112,99.544,95.440,95.710,340029,,,-3.6425,hfq
2026-01-14,95.980,97.060,91.174,93.010,465318,,,-2.8210,hfq
2026-01-15,92.308,96.574,92.146,94.252,311718,,,1.3353,hfq
2026-01-16,94.036,104.242,93.550,99.976,683266,,,6.0731,hfq
2026-01-19,97.978,99.706,94.414,98.032,611321,,,-1.9445,hfq
2026-01-20,98.086,101.488,94.468,95.278,400745,,,-2.8093,hfq
2026-01-21,93.226,98.086,93.118,97.492,383099,,,2.3237,hfq
2026-01-22,97.600,98.410,94.846,94.954,293812,,,-2.6033,hfq
2026-01-23,95.332,100.516,95.332,100.192,540204,,,5.5164,hfq
2026-01-26,101.272,103.540,97.924,99.112,435086,,,-1.0779,hfq
2026-01-27,98.842,99.004,93.118,97.924,403991,,,-1.1986,hfq
2026-01-28,97.978,98.086,94.630,97.978,354846,,,0.0551,hfq
2026-01-29,97.114,99.220,92.092,92.146,545674,,,-5.9524,hfq
2026-01-30,92.038,92.956,86.692,89.824,447167,,,-2.5199,hfq
2026-02-02,88.312,90.580,86.746,86.746,307701,,,-3.4267,hfq
2026-02-03,88.042,92.470,86.962,91.822,328077,,,5.8516,hfq
2026-02-04,91.714,95.008,89.338,90.364,272223,,,-1.5879,hfq
2026-02-05,89.176,89.608,86.206,87.124,261137,,,-3.5855,hfq
2026-02-06,85.990,88.042,85.558,86.854,138408,,,-0.3099,hfq
2026-02-09,88.258,88.474,86.854,87.610,134352,,,0.8704,hfq
2026-02-10,87.610,89.446,86.962,87.016,143058,,,-0.6780,hfq
2026-02-11,86.746,87.988,85.666,85.666,150518,,,-1.5514,hfq
2026-02-12,85.666,87.664,85.612,86.368,155701,,,0.8195,hfq
2026-02-13,85.612,87.664,85.612,86.584,148623,,,0.2501,hfq
2026-02-24,90.526,103.648,89.068,101.866,1370734,,,17.6499,hfq
2026-02-25,101.218,105.430,100.138,102.028,970426,,,0.1590,hfq
2026-02-26,101.542,104.890,99.058,103.918,616106,,,1.8524,hfq
2026-02-27,103.702,108.076,101.704,106.240,633516,,,2.2345,hfq
2026-03-02,105.862,105.862,103.216,103.540,496316,,,-2.5414,hfq
2026-03-03,103.540,104.134,97.114,97.600,532056,,,-5.7369,hfq
2026-03-04,96.250,101.758,94.792,98.464,414014,,,0.8852,hfq
2026-03-05,100.570,102.676,98.626,99.706,291990,,,1.2614,hfq
2026-03-06,99.166,100.300,97.492,98.518,217806,,,-1.1915,hfq
2026-03-09,96.196,99.058,91.552,98.842,524540,,,0.3289,hfq
2026-03-10,102.838,113.746,102.838,108.886,1080582,,,10.1617,hfq
2026-03-11,108.562,112.882,107.212,108.940,742888,,,0.0496,hfq
2026-03-12,110.236,112.018,106.618,107.374,466677,,,-1.4375,hfq
2026-03-13,107.752,111.478,105.052,106.618,521334,,,-0.7041,hfq
2026-03-16,105.862,106.402,100.678,103.486,439935,,,-2.9376,hfq
2026-03-17,103.918,104.458,100.408,100.732,316828,,,-2.6612,hfq
2026-03-18,100.786,102.730,99.706,102.136,293083,,,1.3938,hfq
2026-03-19,99.220,100.624,96.250,97.438,452840,,,-4.5997,hfq
2026-03-20,98.356,101.488,95.548,95.764,380270,,,-1.7180,hfq
2026-03-23,92.848,95.116,89.014,89.932,382521,,,-6.0900,hfq
2026-03-24,91.930,94.630,87.178,93.658,415318,,,4.1431,hfq
2026-03-25,94.252,96.898,92.308,92.740,422238,,,-0.9802,hfq
2026-03-26,92.794,93.010,88.636,89.068,279731,,,-3.9595,hfq
2026-03-27,87.610,92.362,87.502,90.094,264457,,,1.1519,hfq
2026-03-30,88.636,93.496,88.150,91.984,285429,,,2.0978,hfq
2026-03-31,91.012,96.466,89.932,95.116,574230,,,3.4049,hfq
2026-04-01,97.438,98.248,95.494,97.060,364750,,,2.0438,hfq
2026-04-02,95.710,96.898,90.850,91.768,356387,,,-5.4523,hfq
2026-04-03,92.470,93.010,89.068,89.770,237600,,,-2.1772,hfq
2026-04-07,98.086,100.570,90.040,90.418,726958,,,0.7218,hfq
2026-04-08,92.902,97.114,92.038,96.574,700882,,,6.8084,hfq
2026-04-09,95.008,97.600,93.658,95.170,464775,,,-1.4538,hfq
2026-04-10,95.818,98.464,93.658,93.766,467613,,,-1.4753,hfq
2026-04-13,92.902,95.224,91.768,92.362,395054,,,-1.4973,hfq
2026-04-14,93.712,94.252,90.148,91.660,417136,,,-0.7601,hfq
2026-04-15,92.254,96.682,91.876,94.144,634252,,,2.7100,hfq
2026-04-16,94.090,94.684,91.930,92.200,432758,,,-2.0649,hfq
2026-04-17,91.822,93.388,90.796,91.660,300194,,,-0.5857,hfq
2026-04-20,92.146,93.334,91.012,91.336,310265,,,-0.3535,hfq
2026-04-21,91.768,91.822,88.852,89.176,277385,,,-2.3649,hfq
2026-04-22,88.528,91.066,88.312,89.878,274902,,,0.7872,hfq
2026-04-23,90.958,93.442,89.986,91.660,491702,,,1.9827,hfq
2026-04-24,91.336,92.416,88.528,89.608,301058,,,-2.2387,hfq
2026-04-27,90.796,95.062,89.662,91.984,484842,,,2.6515,hfq
2026-04-28,91.444,95.224,90.850,93.550,408266,,,1.7025,hfq
2026-04-29,92.578,99.868,92.470,97.276,625787,,,3.9829,hfq
2026-04-30,97.654,100.138,96.898,98.842,428951,,,1.6099,hfq
2026-05-06,98.626,99.544,96.898,97.924,514264,,,-0.9288,hfq
2026-05-07,98.626,103.594,98.626,101.164,494631,,,3.3087,hfq
2026-05-08,100.030,101.002,98.788,100.084,294161,,,-1.0676,hfq
2026-05-11,99.868,100.138,97.600,99.220,332680,,,-0.8633,hfq
2026-05-12,99.490,99.706,96.412,97.168,327326,,,-2.0681,hfq
2026-05-13,97.492,101.164,97.222,100.570,431957,,,3.5012,hfq
2026-05-14,100.246,100.786,95.872,95.872,381340,,,-4.6714,hfq
2026-05-15,96.952,104.944,96.628,99.868,738467,,,4.1681,hfq
2026-05-18,100.624,103.810,98.356,102.514,527819,,,2.6495,hfq
2026-05-19,101.920,106.294,101.218,105.538,556755,,,2.9498,hfq
2026-05-20,106.186,112.396,105.106,108.994,735672,,,3.2746,hfq
2026-05-21,108.940,114.340,107.158,107.698,709478,,,-1.1891,hfq
2026-05-22,108.454,112.882,107.590,112.396,619381,,,4.3622,hfq
2026-05-25,112.882,117.418,107.644,110.722,535307,,,-1.4894,hfq
2026-05-26,110.830,111.316,103.594,105.214,489646,,,-4.9746,hfq
2026-05-27,103.918,107.428,101.920,103.972,434702,,,-1.1805,hfq
2026-05-28,107.752,110.830,101.758,103.108,622114,,,-0.8310,hfq
2026-05-29,103.918,104.944,96.088,97.060,516658,,,-5.8657,hfq
2026-06-01,97.114,100.840,97.060,98.464,375762,,,1.4465,hfq
2026-06-02,98.896,113.638,98.086,109.480,919723,,,11.1878,hfq
2026-06-03,108.238,111.640,105.916,107.374,611833,,,-1.9236,hfq
2026-06-04,106.132,110.074,105.430,107.158,439927,,,-0.2012,hfq
2026-06-05,107.212,128.326,105.160,120.766,1305927,,,12.6990,hfq
2026-06-08,119.524,120.604,110.938,112.774,945998,,,-6.6178,hfq
2026-06-09,113.530,114.556,107.428,113.962,794146,,,1.0534,hfq
2026-06-10,110.560,110.776,104.998,105.862,659997,,,-7.1076,hfq
2026-06-11,103.810,107.104,101.002,102.622,512204,,,-3.0606,hfq
2026-06-12,103.918,106.294,97.438,98.842,681570,,,-3.6834,hfq
2026-06-15,100.030,107.482,99.814,106.186,705841,,,7.4300,hfq
2026-06-16,104.782,109.696,102.352,107.968,608210,,,1.6782,hfq
2026-06-17,106.888,110.182,104.890,105.430,484808,,,-2.3507,hfq
2026-06-18,106.996,108.778,102.082,102.676,584225,,,-2.6122,hfq
2026-06-22,106.834,109.750,103.162,105.484,775604,,,2.7348,hfq
2026-06-23,104.944,107.374,100.138,100.948,539360,,,-4.3002,hfq
2026-06-24,100.678,101.488,96.142,98.356,428025,,,-2.5677,hfq
2026-06-25,102.082,103.432,92.794,93.226,695885,,,-5.2157,hfq
2026-06-26,91.930,92.740,85.720,85.828,638277,,,-7.9356,hfq
2026-06-29,85.558,85.612,75.514,77.242,695069,,,-10.0037,hfq
2026-06-30,76.972,78.916,74.758,77.134,434911,,,-0.1398,hfq
2026-07-01,78.322,78.754,75.568,76.378,373740,,,-0.9801,hfq
2026-07-02,75.406,80.212,73.192,76.486,579007,,,0.1414,hfq
2026-07-03,81.616,84.154,78.538,81.616,780181,,,6.7071,hfq
2026-07-06,82.318,87.124,80.914,81.724,611086,,,0.1323,hfq
2026-07-07,80.374,82.318,78.106,78.970,408947,,,-3.3699,hfq
2026-07-08,79.564,81.076,75.190,75.298,356523,,,-4.6499,hfq
2026-07-09,68.764,71.248,63.040,65.740,1024148,,,-12.6936,hfq
2026-07-10,65.146,69.304,64.606,66.388,625412,,,0.9857,hfq
2026-07-13,66.388,67.630,60.718,61.258,399026,,,-7.7273,hfq
2026-07-14,60.880,65.092,58.882,64.768,411730,,,5.7299,hfq
2026-07-15,65.362,66.550,63.850,64.282,275802,,,-0.7504,hfq
2026-07-16,63.742,66.658,63.148,63.202,318260,,,-1.6801,hfq
2026-07-17,63.364,63.580,57.424,57.964,343574,,,-8.2877,hfq
2026-07-20,59.584,60.124,54.670,55.858,390970,,,-3.6333,hfq
2026-07-21,56.128,57.694,51.160,57.586,421582,,,3.0936,hfq
2026-07-22,57.154,58.558,56.398,57.046,267589,,,-0.9377,hfq
2026-07-23,56.938,59.854,56.938,59.314,268221,,,3.9757,hfq
2026-07-24,58.288,59.908,57.316,57.532,213171,,,-3.0043,hfq
2026-07-27,58.018,60.340,57.208,60.286,239387,,,4.7869,hfq
2026-07-28,60.610,64.390,60.124,60.880,407643,,,0.9853,hfq
2026-07-29,61.258,70.654,60.502,67.900,818920,,,11.5309,hfq
2026-07-30,67.144,70.330,65.470,68.818,624887,,,1.3520,hfq
2026-07-31,67.036,72.598,66.118,70.600,576299,,,2.5894,hfq
2026-08-03,70.438,75.622,69.520,75.028,591051,,,6.2720,hfq
2026-08-04,74.758,77.296,73.192,77.134,509192,,,2.8070,hfq
2026-08-05,77.404,79.618,76.378,79.402,389533,,,2.9403,hfq
2026-08-06,79.348,81.076,77.512,79.888,420266,,,0.6121,hfq
2026-08-07,79.672,80.806,78.808,80.320,300871,,,0.5408,hfq
2026-08-10,80.752,81.616,78.106,81.616,275545,,,1.6135,hfq
2026-08-11,81.670,82.048,79.078,79.240,283480,,,-2.9112,hfq
2026-08-12,79.564,82.318,78.808,82.318,355105,,,3.8844,hfq
2026-08-13,82.210,82.264,79.618,79.726,259498,,,-3.1488,hfq
2026-08-14,79.726,81.238,78.592,81.076,275791,,,1.6933,hfq
2026-08-17,81.400,83.398,79.726,82.156,291441,,,1.3321,hfq
2026-08-18,82.318,83.722,80.428,83.668,332208,,,1.8404,hfq
2026-08-19,82.264,82.858,76.918,77.512,422389,,,-7.3577,hfq
2026-08-20,78.808,85.828,77.458,83.344,567963,,,7.5240,hfq
2026-08-21,82.534,87.502,81.346,85.504,639476,,,2.5917,hfq
2026-08-24,85.504,90.850,85.072,90.850,858199,,,6.2523,hfq
2026-08-25,89.230,91.984,85.504,87.934,703533,,,-3.2097,hfq
2026-08-26,88.420,94.900,86.908,94.900,838142,,,7.9219,hfq
2026-08-27,92.092,95.332,91.552,94.252,660174,,,-0.6828,hfq
2026-08-28,92.902,99.058,92.038,97.384,621759,,,3.3230,hfq
2026-08-31,95.278,103.918,90.040,95.818,951176,,,-1.6081,hfq
2026-09-01,93.118,94.846,90.418,91.984,640761,,,-4.0013,hfq
2026-09-02,91.174,93.496,87.718,88.636,665865,,,-3.6398,hfq
2026-09-03,89.068,90.472,86.314,87.610,476128,,,-1.1575,hfq
2026-09-04,88.312,90.958,85.126,85.936,503742,,,-1.9107,hfq
2026-09-07,85.072,88.744,84.478,85.558,379885,,,-0.4399,hfq
2026-09-08,85.234,85.558,80.914,81.832,499186,,,-4.3549,hfq
2026-09-09,81.778,81.940,79.132,79.834,338663,,,-2.4416,hfq
2026-09-10,74.002,76.918,68.332,68.602,706858,,,-14.0692,hfq
2026-09-11,68.440,68.710,64.822,66.280,471993,,,-3.3847,hfq
2026-09-14,66.118,68.332,64.606,67.846,312994,,,2.3627,hfq
2026-09-15,69.088,69.358,66.928,67.738,255501,,,-0.1592,hfq
2026-09-16,67.414,68.386,66.334,67.846,233706,,,0.1594,hfq
2026-09-17,66.982,68.494,66.928,67.630,179044,,,-0.3184,hfq
2026-09-18,68.278,68.710,67.252,67.954,210200,,,0.4791,hfq
