trade_date,open,high,low,close,volume,amount,turnover,pct_change,adjust
2017-05-05,11.940,13.020,11.940,13.020,41,,,,hfq
2017-05-08,14.320,14.320,14.320,14.320,6,,,9.9846,hfq
2017-05-09,15.750,15.750,15.750,15.750,16,,,9.9860,hfq
2017-05-10,17.330,17.330,17.330,17.330,21,,,10.0317,hfq
2017-05-11,19.060,19.060,19.060,19.060,53,,,9.9827,hfq
2017-05-12,20.970,20.970,20.970,20.970,60,,,10.0210,hfq
2017-05-15,23.070,23.070,23.070,23.070,49,,,10.0143,hfq
2017-05-16,25.380,25.380,25.380,25.380,68,,,10.0130,hfq
2017-05-17,27.920,27.920,27.920,27.920,162,,,10.0079,hfq
2017-05-18,30.710,30.710,30.710,30.710,377,,,9.9928,hfq
2017-05-19,33.780,33.780,33.780,33.780,738,,,9.9967,hfq
2017-05-22,37.160,37.160,37.160,37.160,1245,,,10.0059,hfq
2017-05-23,40.880,40.880,40.880,40.880,4744,,,10.0108,hfq
2017-05-24,44.800,44.970,42.180,44.970,55731,,,10.0049,hfq
2017-05-25,49.470,49.470,49.470,49.470,39611,,,10.0067,hfq
2017-05-26,54.420,54.420,54.420,54.420,3576,,,10.0061,hfq
2017-05-31,59.860,59.860,54.000,56.000,57948,,,2.9033,hfq
2017-06-01,53.990,61.600,52.910,61.600,137217,,,10.0000,hfq
2017-06-02,55.440,58.230,55.440,55.450,107184,,,-9.9838,hfq
2017-06-05,56.280,60.000,54.020,54.020,98259,,,-2.5789,hfq
2017-06-06,50.000,56.500,50.000,55.860,89177,,,3.4061,hfq
2017-06-07,55.370,61.450,54.980,61.450,82903,,,10.0072,hfq
2017-06-08,63.130,66.880,59.050,62.000,114483,,,0.8950,hfq
2017-06-09,59.310,62.300,58.640,59.400,75715,,,-4.1935,hfq
2017-06-12,57.110,61.500,55.000,56.470,69097,,,-4.9327,hfq
2017-06-13,57.660,60.000,56.200,58.150,56275,,,2.9750,hfq
2017-06-14,57.800,60.580,56.510,58.560,63554,,,0.7051,hfq
2017-06-15,57.500,61.600,57.050,60.450,71329,,,3.2275,hfq
2017-06-16,59.580,62.980,58.310,58.800,69447,,,-2.7295,hfq
2017-06-19,57.110,57.790,54.700,55.000,57568,,,-6.4626,hfq
2017-06-20,55.550,57.000,54.700,54.960,43057,,,-0.0727,hfq
2017-06-21,55.010,55.590,52.800,53.090,42048,,,-3.4025,hfq
2017-06-22,53.100,53.460,50.570,50.930,42420,,,-4.0686,hfq
2017-06-23,50.970,51.490,48.610,50.250,35092,,,-1.3352,hfq
2017-06-26,49.820,51.470,49.690,50.740,29042,,,0.9751,hfq
2017-06-27,50.660,52.290,50.400,50.790,30127,,,0.0985,hfq
2017-06-28,49.740,49.740,47.500,47.800,36722,,,-5.8870,hfq
2017-06-29,47.410,49.420,47.320,48.040,27285,,,0.5021,hfq
2017-06-30,46.800,48.670,46.800,47.490,24499,,,-1.1449,hfq
2017-07-03,48.100,48.660,47.500,48.210,21616,,,1.5161,hfq
2017-07-04,49.000,52.480,49.000,50.700,45717,,,5.1649,hfq
2017-07-05,50.710,51.000,49.200,50.810,35844,,,0.2170,hfq
2017-07-06,50.310,51.300,49.100,49.530,29507,,,-2.5192,hfq
2017-07-07,49.400,52.000,49.200,50.090,37305,,,1.1306,hfq
2017-07-10,48.770,48.770,46.850,46.980,34253,,,-6.2088,hfq
2017-07-11,47.090,47.290,43.630,44.070,30011,,,-6.1941,hfq
2017-07-12,44.390,45.610,43.060,45.320,26319,,,2.8364,hfq
2017-07-13,44.520,44.920,43.200,43.330,20450,,,-4.3910,hfq
2017-07-14,47.650,47.650,47.650,47.650,9334,,,9.9700,hfq
2017-07-17,52.400,52.400,52.400,52.400,52891,,,9.9685,hfq
2017-07-18,52.620,57.120,51.780,55.560,96085,,,6.0305,hfq
2017-07-19,55.270,57.620,54.570,57.460,72650,,,3.4197,hfq
2017-07-20,56.230,59.100,55.900,56.330,56910,,,-1.9666,hfq
2017-07-21,54.930,56.090,53.530,53.920,47764,,,-4.2784,hfq
2017-07-24,53.400,59.300,53.120,59.300,59157,,,9.9777,hfq
2017-07-25,58.120,64.110,57.740,61.140,75765,,,3.1029,hfq
2017-07-26,61.120,63.280,59.610,63.250,55037,,,3.4511,hfq
2017-07-27,63.250,69.560,62.620,69.560,67515,,,9.9763,hfq
2017-07-28,72.120,73.560,69.680,70.620,61414,,,1.5239,hfq
2017-07-31,68.890,71.020,67.670,69.720,48973,,,-1.2744,hfq
2017-08-01,68.840,73.120,68.740,69.190,45336,,,-0.7602,hfq
2017-08-02,67.920,73.060,65.320,72.790,52159,,,5.2031,hfq
2017-08-03,71.120,78.570,71.120,71.400,48836,,,-1.9096,hfq
2017-08-04,71.300,75.680,70.180,74.550,45303,,,4.4118,hfq
2017-08-07,75.980,75.990,67.110,67.110,43357,,,-9.9799,hfq
2017-08-08,62.120,65.880,60.920,63.370,64027,,,-5.5729,hfq
2017-08-09,63.520,64.090,61.360,61.610,39654,,,-2.7773,hfq
2017-08-10,61.120,62.100,58.200,59.640,42950,,,-3.1975,hfq
2017-08-11,59.240,63.000,59.110,62.090,47774,,,4.1080,hfq
2017-08-14,62.120,64.700,61.980,62.850,36190,,,1.2240,hfq
2017-08-15,62.860,64.620,61.530,62.870,33164,,,0.0318,hfq
2017-08-16,62.680,66.560,62.130,66.420,52051,,,5.6466,hfq
2017-08-17,65.670,66.600,64.220,65.050,40184,,,-2.0626,hfq
2017-08-18,64.620,66.790,63.720,63.720,35583,,,-2.0446,hfq
2017-08-21,63.370,64.720,62.220,64.720,30912,,,1.5694,hfq
2017-08-22,65.120,68.110,63.720,65.700,55265,,,1.5142,hfq
2017-08-23,64.810,65.650,62.010,62.120,46296,,,-5.4490,hfq
2017-08-24,61.540,63.520,60.270,61.940,32996,,,-0.2898,hfq
2017-08-25,62.110,64.620,61.630,63.650,33941,,,2.7607,hfq
2017-08-28,65.820,70.000,65.720,70.000,31224,,,9.9764,hfq
2017-08-29,76.990,76.990,76.990,76.990,8145,,,9.9857,hfq
2017-08-30,84.200,84.680,79.330,81.620,90666,,,6.0138,hfq
2017-08-31,81.620,86.120,80.180,83.960,80650,,,2.8669,hfq
2017-09-01,81.950,83.950,80.120,82.560,62545,,,-1.6675,hfq
2017-09-04,80.120,84.920,78.200,84.750,46369,,,2.6526,hfq
2017-09-05,84.750,91.610,82.130,86.980,65739,,,2.6313,hfq
2017-09-06,84.620,90.400,83.630,89.070,58235,,,2.4029,hfq
2017-09-07,87.620,97.970,87.120,94.420,81065,,,6.0065,hfq
2017-09-08,92.680,98.730,92.420,98.720,59921,,,4.5541,hfq
2017-09-11,97.050,108.580,96.340,108.580,44735,,,9.9878,hfq
2017-09-19,100.180,108.120,97.820,105.400,173880,,,-2.9287,hfq
2017-09-20,103.120,105.080,97.520,101.880,134032,,,-3.3397,hfq
2017-09-21,100.160,111.460,99.720,104.640,166441,,,2.7091,hfq
2017-09-22,99.120,99.820,94.180,94.180,149136,,,-9.9962,hfq
2017-09-25,91.380,95.720,87.900,91.320,93028,,,-3.0367,hfq
2017-09-26,89.840,94.920,89.780,92.220,83987,,,0.9855,hfq
2017-09-27,89.520,94.860,88.140,94.120,88220,,,2.0603,hfq
2017-09-28,91.920,94.480,88.220,88.660,79728,,,-5.8011,hfq
2017-09-29,90.560,91.080,83.720,86.660,75455,,,-2.2558,hfq
2017-10-09,91.120,95.320,90.020,95.320,62193,,,9.9931,hfq
2017-10-10,98.100,104.840,97.320,104.840,137582,,,9.9874,hfq
2017-10-11,108.120,115.320,102.180,107.660,189619,,,2.6898,hfq
2017-10-12,105.260,113.520,104.240,110.220,145083,,,2.3779,hfq
2017-10-13,111.120,115.820,108.120,110.880,124515,,,0.5988,hfq
2017-10-16,106.320,107.140,101.620,103.840,95876,,,-6.3492,hfq
2017-10-17,102.940,105.880,101.120,104.460,64307,,,0.5971,hfq
2017-10-18,103.880,105.100,94.940,96.160,88293,,,-7.9456,hfq
2017-10-19,96.360,96.920,92.480,93.180,55630,,,-3.0990,hfq
2017-10-20,93.400,96.580,91.140,96.280,54076,,,3.3269,hfq
2017-10-23,100.140,105.720,100.140,101.780,87748,,,5.7125,hfq
2017-10-24,99.820,104.840,97.520,103.920,84199,,,2.1026,hfq
2017-10-25,105.120,114.300,105.120,114.300,143753,,,9.9885,hfq
2017-10-26,115.120,115.120,108.820,110.120,104146,,,-3.6570,hfq
2017-10-27,111.320,112.120,107.120,107.120,77386,,,-2.7243,hfq
2017-10-30,104.140,113.540,104.120,111.320,103277,,,3.9208,hfq
2017-10-31,109.400,110.880,107.320,110.720,72424,,,-0.5390,hfq
2017-11-01,109.720,115.120,109.620,110.160,84350,,,-0.5058,hfq
2017-11-02,108.720,117.120,108.520,114.160,115392,,,3.6311,hfq
2017-11-03,113.720,115.200,108.760,110.280,80478,,,-3.3987,hfq
2017-11-06,108.720,111.220,106.520,111.120,62885,,,0.7617,hfq
2017-11-07,111.720,111.720,107.380,108.480,53974,,,-2.3758,hfq
2017-11-08,110.920,115.920,109.980,111.320,95370,,,2.6180,hfq
2017-11-09,108.520,109.820,107.120,107.320,67709,,,-3.5932,hfq
2017-11-10,106.300,108.080,106.140,106.520,41731,,,-0.7454,hfq
2017-11-13,106.520,107.700,104.720,107.520,43288,,,0.9388,hfq
2017-11-14,107.420,107.420,102.140,102.580,49282,,,-4.5945,hfq
2017-11-15,100.920,100.920,95.720,96.820,51143,,,-5.6151,hfq
2017-11-16,97.140,104.100,97.140,102.940,59838,,,6.3210,hfq
2017-11-17,102.600,102.640,96.120,98.560,40369,,,-4.2549,hfq
2017-11-20,98.040,98.420,88.720,97.360,33674,,,-1.2175,hfq
2017-11-21,96.880,100.680,95.500,98.220,35448,,,0.8833,hfq
2017-11-22,97.920,98.860,91.280,93.840,37503,,,-4.4594,hfq
2017-11-23,93.300,93.300,87.640,87.660,38949,,,-6.5857,hfq
2017-11-24,88.020,90.020,86.380,87.720,25683,,,0.0684,hfq
2017-11-27,87.920,93.120,87.320,89.120,36218,,,1.5960,hfq
2017-11-28,88.500,91.240,88.120,90.440,25789,,,1.4811,hfq
2017-11-29,92.720,94.120,90.740,92.060,42594,,,1.7912,hfq
2017-11-30,90.120,91.120,88.620,88.740,30067,,,-3.6063,hfq
2017-12-01,88.740,90.320,86.920,89.200,24736,,,0.5184,hfq
2017-12-04,86.920,88.660,81.720,82.820,34600,,,-7.1525,hfq
2017-12-05,82.120,83.240,74.820,76.100,37870,,,-8.1140,hfq
2017-12-06,76.520,78.120,75.120,77.740,27405,,,2.1551,hfq
2017-12-07,77.720,78.020,76.140,76.660,19578,,,-1.3892,hfq
2017-12-08,77.440,81.620,76.260,79.920,38780,,,4.2525,hfq
2017-12-11,78.720,80.700,78.720,80.520,28028,,,0.7508,hfq
2017-12-12,80.480,80.480,76.560,76.700,28338,,,-4.7442,hfq
2017-12-13,77.480,78.060,76.620,77.680,19010,,,1.2777,hfq
2017-12-14,77.280,77.660,75.280,76.300,23502,,,-1.7765,hfq
2017-12-15,76.400,79.620,75.780,78.440,37722,,,2.8047,hfq
2017-12-18,77.320,77.920,74.860,75.880,25427,,,-3.2636,hfq
2017-12-19,75.320,76.720,75.320,76.160,14133,,,0.3690,hfq
2017-12-20,77.280,77.280,72.480,73.740,27298,,,-3.1775,hfq
2017-12-21,73.520,76.420,70.740,74.520,30556,,,1.0578,hfq
2017-12-22,73.360,74.440,73.160,73.180,18590,,,-1.7982,hfq
2017-12-25,73.520,74.320,71.220,71.640,17973,,,-2.1044,hfq
2017-12-26,72.000,74.160,70.960,73.960,27839,,,3.2384,hfq
2017-12-27,74.360,76.100,73.760,74.040,35728,,,0.1082,hfq
2017-12-28,73.220,77.120,71.640,75.140,38459,,,1.4857,hfq
2017-12-29,75.520,76.120,74.340,75.120,22498,,,-0.0266,hfq
2018-01-02,75.140,76.120,74.780,75.180,19745,,,0.0799,hfq
2018-01-03,75.740,81.840,75.180,79.160,64778,,,5.2940,hfq
2018-01-04,78.120,79.160,76.840,76.980,41183,,,-2.7539,hfq
2018-01-05,75.720,76.720,75.140,75.420,25413,,,-2.0265,hfq
2018-01-08,74.720,76.340,73.120,75.460,29353,,,0.0530,hfq
2018-01-09,75.120,75.640,73.520,73.780,19544,,,-2.2263,hfq
2018-01-10,73.320,74.120,71.420,72.220,19708,,,-2.1144,hfq
2018-01-11,72.220,73.700,72.040,73.080,16969,,,1.1908,hfq
2018-01-12,73.080,73.720,72.000,72.140,15194,,,-1.2863,hfq
2018-01-15,70.900,73.020,69.740,69.780,20076,,,-3.2714,hfq
2018-01-16,69.180,71.080,69.160,69.760,15936,,,-0.0287,hfq
2018-01-17,69.480,76.720,69.480,73.520,50870,,,5.3899,hfq
2018-01-18,71.880,75.420,71.340,73.940,44223,,,0.5713,hfq
2018-01-19,73.620,79.880,73.620,77.100,65286,,,4.2737,hfq
2018-01-22,77.100,79.540,74.920,77.940,54493,,,1.0895,hfq
2018-01-23,76.740,81.500,76.120,77.280,51979,,,-0.8468,hfq
2018-01-24,74.920,78.880,74.340,76.820,44095,,,-0.5952,hfq
2018-01-25,76.120,77.700,75.120,75.120,31855,,,-2.2130,hfq
2018-01-26,74.260,76.120,72.520,72.660,27571,,,-3.2748,hfq
2018-01-29,72.680,73.520,71.280,71.340,17321,,,-1.8167,hfq
2018-01-30,71.860,72.240,71.140,72.120,13219,,,1.0934,hfq
2018-01-31,72.760,77.500,72.460,74.740,46561,,,3.6328,hfq
2018-02-01,73.620,74.320,67.280,67.500,39449,,,-9.6869,hfq
2018-02-02,67.400,67.400,60.760,63.440,25012,,,-6.0148,hfq
2018-02-05,60.120,62.720,58.140,59.180,24473,,,-6.7150,hfq
2018-02-06,58.720,58.720,53.280,53.280,25066,,,-9.9696,hfq
2018-02-07,54.620,55.320,49.900,53.720,23255,,,0.8258,hfq
2018-02-08,53.560,55.080,52.220,54.180,15374,,,0.8563,hfq
2018-02-09,52.860,53.460,50.700,51.420,17268,,,-5.0941,hfq
2018-02-12,51.960,54.320,51.900,53.820,15543,,,4.6674,hfq
2018-02-13,54.120,56.520,52.860,53.080,21575,,,-1.3750,hfq
2018-02-14,53.340,53.720,52.140,53.220,11393,,,0.2638,hfq
2018-02-22,53.640,56.320,53.640,56.320,22358,,,5.8249,hfq
2018-02-23,56.300,60.160,56.300,58.100,34367,,,3.1605,hfq
2018-02-26,57.380,59.720,57.140,59.080,28891,,,1.6867,hfq
2018-02-27,58.880,60.520,58.340,59.280,24571,,,0.3385,hfq
2018-02-28,59.020,59.020,56.340,57.900,19674,,,-2.3279,hfq
2018-03-01,57.120,58.660,57.020,58.160,16305,,,0.4491,hfq
2018-03-02,58.320,59.020,57.580,57.940,16964,,,-0.3783,hfq
2018-03-05,57.500,63.720,57.420,63.720,54567,,,9.9758,hfq
2018-03-06,63.120,70.080,62.160,70.080,72276,,,9.9812,hfq
2018-03-07,74.120,75.880,70.320,71.120,90544,,,1.4840,hfq
2018-03-08,71.700,78.220,69.780,78.220,103669,,,9.9831,hfq
2018-03-09,80.480,84.080,76.220,77.260,130943,,,-1.2273,hfq
2018-03-12,73.640,77.120,73.540,75.800,74458,,,-1.8897,hfq
2018-03-13,74.720,75.680,73.120,73.200,52125,,,-3.4301,hfq
2018-03-14,73.020,75.120,73.020,73.720,43448,,,0.7104,hfq
2018-03-15,73.520,73.520,66.520,68.360,57471,,,-7.2708,hfq
2018-03-16,69.520,74.840,68.500,71.980,59753,,,5.2955,hfq
2018-03-19,72.020,75.080,70.120,73.300,58523,,,1.8338,hfq
2018-03-20,73.120,75.860,70.720,74.920,55913,,,2.2101,hfq
2018-03-21,74.140,75.480,70.280,71.760,45379,,,-4.2178,hfq
2018-03-22,70.580,73.120,70.560,71.660,24091,,,-0.1394,hfq
2018-03-23,67.520,69.140,64.500,64.500,34646,,,-9.9916,hfq
2018-03-26,63.140,67.480,59.120,67.040,34837,,,3.9380,hfq
2018-03-27,67.940,71.780,67.920,69.360,40734,,,3.4606,hfq
2018-03-28,69.200,76.280,69.200,75.920,98644,,,9.4579,hfq
2018-03-29,75.720,76.480,72.320,73.500,76388,,,-3.1876,hfq
2018-03-30,74.620,75.920,72.120,74.220,49066,,,0.9796,hfq
2018-04-02,74.840,75.300,73.520,74.480,41342,,,0.3503,hfq
2018-04-03,72.480,74.520,72.120,73.080,29886,,,-1.8797,hfq
2018-04-04,73.300,74.900,70.160,70.260,33560,,,-3.8588,hfq
2018-04-09,69.920,71.320,68.200,70.340,23577,,,0.1139,hfq
2018-04-10,70.200,75.680,70.200,73.880,44394,,,5.0327,hfq
2018-04-11,74.260,75.080,73.040,73.940,35043,,,0.0812,hfq
2018-04-12,75.120,75.500,72.160,72.320,28445,,,-2.1910,hfq
2018-04-13,73.220,73.680,71.140,71.460,20622,,,-1.1892,hfq
2018-04-16,72.100,75.520,71.320,74.920,57361,,,4.8419,hfq
2018-04-17,75.180,75.520,71.740,71.960,37503,,,-3.9509,hfq
2018-04-18,72.120,73.620,68.520,72.040,27717,,,0.1112,hfq
2018-04-19,70.520,74.420,70.520,72.280,30674,,,0.3331,hfq
2018-04-20,71.900,72.280,69.320,69.400,23090,,,-3.9845,hfq
2018-04-23,71.120,71.320,68.320,69.520,16632,,,0.1729,hfq
2018-04-24,68.520,70.520,68.520,70.140,18521,,,0.8918,hfq
2018-04-25,70.100,71.700,67.880,70.920,23586,,,1.1121,hfq
2018-04-26,70.700,70.940,65.380,66.060,25122,,,-6.8528,hfq
2018-04-27,66.420,67.260,64.120,64.380,18455,,,-2.5431,hfq
2018-05-02,65.420,66.720,64.400,65.060,12464,,,1.0562,hfq
2018-05-03,65.600,66.080,64.420,66.000,14685,,,1.4448,hfq
2018-05-04,66.000,66.920,65.720,66.040,13061,,,0.0606,hfq
2018-05-07,66.040,72.100,65.820,70.560,28632,,,6.8443,hfq
2018-05-08,69.120,70.520,68.920,69.640,21073,,,-1.3039,hfq
2018-05-09,68.940,70.260,68.940,69.620,17026,,,-0.0287,hfq
2018-05-10,69.640,76.580,69.120,76.580,82091,,,9.9971,hfq
2018-05-11,78.500,79.320,74.580,74.700,82020,,,-2.4549,hfq
2018-05-14,73.320,73.820,71.120,71.900,39398,,,-3.7483,hfq
2018-05-15,72.120,73.320,71.540,72.900,29582,,,1.3908,hfq
2018-05-16,71.940,72.900,71.360,71.680,22797,,,-1.6735,hfq
2018-05-17,71.880,73.660,71.740,72.660,22236,,,1.3672,hfq
2018-05-18,71.720,72.560,70.520,71.560,19947,,,-1.5139,hfq
2018-05-21,71.820,73.700,71.820,72.220,26788,,,0.9223,hfq
2018-05-22,71.560,75.720,71.140,73.800,40868,,,2.1878,hfq
2018-05-23,72.980,73.920,72.300,72.740,24602,,,-1.4363,hfq
2018-05-24,72.680,76.480,72.540,74.440,46901,,,2.3371,hfq
2018-05-25,74.100,76.080,73.440,73.980,31232,,,-0.6179,hfq
2018-05-28,74.140,75.060,71.040,71.320,23496,,,-3.5956,hfq
2018-05-29,70.700,73.240,70.700,71.560,21712,,,0.3365,hfq
2018-05-30,70.520,70.520,64.420,65.320,31132,,,-8.7200,hfq
2018-05-31,66.620,67.300,65.380,65.760,17996,,,0.6736,hfq
2018-06-01,65.920,66.580,64.360,65.540,15003,,,-0.3345,hfq
2018-06-04,65.880,66.380,64.600,66.020,12089,,,0.7324,hfq
2018-06-05,66.720,67.620,66.020,67.620,15165,,,2.4235,hfq
2018-06-06,67.500,67.500,66.360,67.020,14759,,,-0.8873,hfq
2018-06-07,67.520,67.520,65.420,65.520,15015,,,-2.2381,hfq
2018-06-08,65.520,66.060,64.420,65.360,12711,,,-0.2442,hfq
2018-06-11,65.080,65.900,64.720,65.340,8484,,,-0.0306,hfq
2018-06-12,64.900,65.820,63.420,65.720,11675,,,0.5816,hfq
2018-06-13,65.680,65.680,63.420,63.440,12665,,,-3.4693,hfq
2018-06-14,63.300,64.320,62.780,62.880,8597,,,-0.8827,hfq
2018-06-15,64.100,66.780,64.100,64.540,23074,,,2.6399,hfq
2018-06-19,62.120,62.120,58.100,58.100,22517,,,-9.9783,hfq
2018-06-20,58.120,59.820,58.120,59.020,12722,,,1.5835,hfq
2018-06-21,58.880,60.000,56.140,56.420,15663,,,-4.4053,hfq
2018-06-22,56.420,58.020,55.140,57.540,10895,,,1.9851,hfq
2018-06-25,58.120,59.060,57.740,58.140,10261,,,1.0428,hfq
2018-06-26,57.120,58.920,56.460,58.760,9325,,,1.0664,hfq
2018-06-27,58.380,59.220,58.300,58.780,9680,,,0.0340,hfq
2018-06-28,58.280,59.480,57.700,57.720,10614,,,-1.8033,hfq
2018-06-29,56.940,59.600,56.940,59.300,13192,,,2.7374,hfq
2018-07-02,59.660,60.020,58.400,58.980,13353,,,-0.5396,hfq
2018-07-03,58.900,60.260,58.280,60.260,16373,,,2.1702,hfq
2018-07-04,60.020,60.080,56.280,57.400,15916,,,-4.7461,hfq
2018-07-05,57.260,58.040,53.580,53.600,14278,,,-6.6202,hfq
2018-07-06,53.480,55.180,52.680,54.680,12497,,,2.0149,hfq
2018-07-09,54.680,56.520,54.680,56.200,9913,,,2.7798,hfq
2018-07-10,56.280,60.240,56.080,59.360,21865,,,5.6228,hfq
2018-07-11,58.480,59.480,57.380,59.360,17093,,,0.0000,hfq
2018-07-12,58.480,60.860,58.480,60.120,20697,,,1.2803,hfq
2018-07-13,60.100,60.360,58.840,59.340,13945,,,-1.2974,hfq
2018-07-16,59.400,59.400,58.300,58.880,8011,,,-0.7752,hfq
2018-07-17,59.600,59.600,57.840,58.880,9518,,,0.0000,hfq
2018-07-18,58.880,59.580,58.360,58.460,9624,,,-0.7133,hfq
2018-07-19,58.460,59.160,57.880,58.200,10216,,,-0.4447,hfq
2018-07-20,58.200,58.860,57.300,58.740,11502,,,0.9278,hfq
2018-07-23,58.460,59.040,58.040,58.960,10252,,,0.3745,hfq
2018-07-24,58.960,63.440,58.960,62.080,29599,,,5.2917,hfq
2018-07-25,61.880,62.040,60.340,60.520,20134,,,-2.5129,hfq
2018-07-26,60.160,61.280,59.680,59.680,15597,,,-1.3880,hfq
2018-07-27,59.080,60.240,58.840,58.940,9111,,,-1.2399,hfq
2018-07-30,58.940,60.860,58.840,58.960,12523,,,0.0339,hfq
2018-07-31,58.760,59.200,55.720,56.540,12836,,,-4.1045,hfq
2018-08-01,57.860,57.900,56.320,56.540,10004,,,0.0000,hfq
2018-08-02,56.280,56.480,52.680,54.640,13750,,,-3.3605,hfq
2018-08-03,55.340,55.340,53.580,53.960,7221,,,-1.2445,hfq
2018-08-06,53.960,54.480,53.500,53.700,7023,,,-0.4818,hfq
2018-08-07,54.260,55.860,54.120,55.740,11105,,,3.7989,hfq
2018-08-08,55.320,55.980,54.280,54.300,8281,,,-2.5834,hfq
2018-08-09,53.340,56.280,53.340,55.160,13249,,,1.5838,hfq
2018-08-10,55.860,55.920,54.940,55.300,9151,,,0.2538,hfq
2018-08-13,53.660,55.820,53.660,55.400,7378,,,0.1808,hfq
2018-08-14,55.600,55.660,54.320,55.020,5339,,,-0.6859,hfq
2018-08-15,55.080,56.840,54.700,55.180,13780,,,0.2908,hfq
2018-08-16,54.380,55.020,53.540,54.100,8782,,,-1.9572,hfq
2018-08-17,55.600,55.600,53.100,53.560,7589,,,-0.9982,hfq
2018-08-20,53.080,54.000,52.320,53.660,6842,,,0.1867,hfq
2018-08-21,54.580,54.580,53.680,53.800,7701,,,0.2609,hfq
2018-08-22,54.380,54.380,52.480,52.580,7663,,,-2.2677,hfq
2018-08-23,52.580,53.240,52.280,52.840,7172,,,0.4945,hfq
2018-08-24,52.880,53.080,52.340,52.620,5602,,,-0.4164,hfq
2018-08-27,52.280,53.420,52.280,53.260,8426,,,1.2163,hfq
2018-08-28,53.260,53.800,52.940,53.380,6995,,,0.2253,hfq
2018-08-29,53.000,53.600,52.580,53.280,6753,,,-0.1873,hfq
2018-08-30,52.600,53.500,52.600,52.740,6011,,,-1.0135,hfq
2018-08-31,53.640,53.640,52.400,52.400,5474,,,-0.6447,hfq
2018-09-03,52.400,52.840,48.440,50.200,10669,,,-4.1985,hfq
2018-09-04,49.280,50.580,49.280,50.340,5201,,,0.2789,hfq
2018-09-05,49.680,50.600,49.280,49.320,5618,,,-2.0262,hfq
2018-09-06,48.980,50.080,48.640,49.140,5067,,,-0.3650,hfq
2018-09-07,49.100,50.060,48.480,48.860,5339,,,-0.5698,hfq
2018-09-10,49.240,49.600,46.540,46.880,6299,,,-4.0524,hfq
2018-09-11,46.680,47.840,46.540,47.100,5397,,,0.4693,hfq
2018-09-12,47.100,47.640,46.540,46.760,5059,,,-0.7219,hfq
2018-09-13,46.820,47.540,46.780,47.060,4876,,,0.6416,hfq
2018-09-14,47.060,47.440,46.900,46.960,5639,,,-0.2125,hfq
2018-09-17,46.920,46.960,44.700,44.700,7539,,,-4.8126,hfq
2018-09-18,44.680,45.580,44.040,45.280,6904,,,1.2975,hfq
2018-09-19,44.980,45.960,44.900,45.700,9441,,,0.9276,hfq
2018-09-20,45.240,45.900,45.240,45.240,5679,,,-1.0066,hfq
2018-09-21,45.380,46.640,44.940,46.580,13382,,,2.9620,hfq
2018-09-25,46.520,46.940,45.840,46.160,7093,,,-0.9017,hfq
2018-09-26,46.780,46.780,45.780,46.220,6771,,,0.1300,hfq
2018-09-27,46.280,50.820,45.900,48.720,29695,,,5.4089,hfq
2018-09-28,48.300,48.340,47.300,47.980,13419,,,-1.5189,hfq
2018-10-08,47.620,47.620,45.020,45.040,10212,,,-6.1276,hfq
2018-10-09,45.040,45.460,44.760,45.200,4344,,,0.3552,hfq
2018-10-10,45.920,48.200,45.920,47.300,13761,,,4.6460,hfq
2018-10-11,45.020,45.860,42.600,42.620,14579,,,-9.8943,hfq
2018-10-12,42.180,43.280,40.620,42.740,9686,,,0.2816,hfq
2018-10-15,44.640,44.640,42.740,42.760,7014,,,0.0468,hfq
2018-10-16,42.280,43.240,41.280,41.860,6840,,,-2.1048,hfq
2018-10-17,42.300,43.200,41.880,42.720,6170,,,2.0545,hfq
2018-10-18,44.280,46.960,43.300,43.660,22913,,,2.2004,hfq
2018-10-19,39.880,43.480,39.860,42.980,17299,,,-1.5575,hfq
2018-10-22,42.780,45.800,42.780,44.460,16967,,,3.4435,hfq
2018-10-23,43.720,48.880,43.720,46.080,37449,,,3.6437,hfq
2018-10-24,45.280,45.960,44.680,45.140,17252,,,-2.0399,hfq
2018-10-25,43.640,44.840,43.340,44.400,10996,,,-1.6393,hfq
2018-10-26,44.700,46.240,44.700,44.980,11700,,,1.3063,hfq
2018-10-29,44.680,45.280,44.040,44.580,7455,,,-0.8893,hfq
2018-10-30,44.560,45.280,44.280,45.080,10852,,,1.1216,hfq
2018-10-31,45.680,45.900,44.960,45.200,11201,,,0.2662,hfq
2018-11-01,45.860,45.860,44.640,45.280,11369,,,0.1770,hfq
2018-11-02,44.360,46.780,44.360,46.500,18250,,,2.6943,hfq
2018-11-05,45.980,46.940,45.080,45.780,15582,,,-1.5484,hfq
2018-11-06,45.780,45.780,44.480,45.240,8653,,,-1.1796,hfq
2018-11-07,45.140,45.660,44.540,44.680,9154,,,-1.2378,hfq
2018-11-08,45.240,45.400,43.880,43.880,8058,,,-1.7905,hfq
2018-11-09,43.680,44.220,43.500,43.720,4965,,,-0.3646,hfq
2018-11-12,43.560,44.920,43.460,44.920,7647,,,2.7447,hfq
2018-11-13,44.200,45.560,44.080,45.340,11194,,,0.9350,hfq
2018-11-14,45.540,46.000,44.980,45.620,11324,,,0.6176,hfq
2018-11-15,46.860,46.860,45.720,46.280,16049,,,1.4467,hfq
2018-11-16,46.120,46.680,45.880,46.300,14479,,,0.0432,hfq
2018-11-19,46.280,50.040,45.280,49.540,35197,,,6.9978,hfq
2018-11-20,48.440,49.400,46.920,46.920,25437,,,-5.2887,hfq
2018-11-21,46.680,47.060,45.300,46.460,12515,,,-0.9804,hfq
2018-11-22,46.960,47.680,46.120,46.480,9060,,,0.0430,hfq
2018-11-23,46.480,46.720,43.680,44.080,11992,,,-5.1635,hfq
2018-11-26,44.120,45.580,43.980,44.140,7773,,,0.1361,hfq
2018-11-27,44.220,44.680,43.880,44.240,6237,,,0.2266,hfq
2018-11-28,44.320,44.620,43.680,44.540,7142,,,0.6781,hfq
2018-11-29,44.980,44.980,43.500,43.620,7648,,,-2.0656,hfq
2018-11-30,43.640,44.080,42.940,43.880,6647,,,0.5961,hfq
2018-12-03,44.680,45.420,44.660,44.900,9268,,,2.3245,hfq
2018-12-04,44.900,45.480,44.700,45.220,8511,,,0.7127,hfq
2018-12-05,44.480,47.280,42.280,46.500,18035,,,2.8306,hfq
2018-12-06,46.040,47.240,45.680,46.740,19736,,,0.5161,hfq
2018-12-07,47.680,51.280,47.240,48.340,44513,,,3.4232,hfq
2018-12-10,47.520,48.060,45.700,46.560,22341,,,-3.6823,hfq
2018-12-11,46.480,46.980,45.900,46.000,11350,,,-1.2027,hfq
2018-12-12,46.400,47.780,46.060,47.020,15309,,,2.2174,hfq
2018-12-13,47.000,47.980,46.440,47.140,16835,,,0.2552,hfq
2018-12-14,47.080,48.780,46.760,48.420,35355,,,2.7153,hfq
2018-12-17,48.340,53.240,48.240,53.240,43673,,,9.9546,hfq
2018-12-18,56.280,56.280,50.440,51.400,77149,,,-3.4560,hfq
2018-12-19,50.460,50.680,48.480,48.740,37821,,,-5.1751,hfq
2018-12-20,48.380,49.180,47.680,48.380,21270,,,-0.7386,hfq
2018-12-21,47.980,49.140,46.940,47.940,17636,,,-0.9095,hfq
2018-12-24,47.880,48.460,47.280,48.100,16065,,,0.3338,hfq
2018-12-25,47.060,47.400,45.980,46.880,17689,,,-2.5364,hfq
2018-12-26,46.920,48.280,46.920,47.340,20103,,,0.9812,hfq
2018-12-27,48.060,50.020,47.280,48.340,31991,,,2.1124,hfq
2018-12-28,48.140,49.200,47.840,48.920,21505,,,1.1998,hfq
2019-01-02,50.260,50.820,48.280,48.280,24007,,,-1.3083,hfq
2019-01-03,47.480,48.080,45.600,45.700,22214,,,-5.3438,hfq
2019-01-04,44.880,46.880,44.520,46.100,13246,,,0.8753,hfq
2019-01-07,46.100,47.000,46.100,46.820,14690,,,1.5618,hfq
2019-01-08,46.540,47.180,46.320,46.720,7982,,,-0.2136,hfq
2019-01-09,46.700,47.320,46.480,46.500,12051,,,-0.4709,hfq
2019-01-10,46.600,47.180,46.280,46.360,11816,,,-0.3011,hfq
2019-01-11,46.540,47.040,45.720,46.880,15203,,,1.1217,hfq
2019-01-14,46.780,46.860,45.240,45.600,11328,,,-2.7304,hfq
2019-01-15,45.340,46.100,45.340,45.860,9803,,,0.5702,hfq
2019-01-16,46.240,50.420,46.080,50.420,35675,,,9.9433,hfq
2019-01-17,49.820,49.860,47.880,48.180,52295,,,-4.4427,hfq
2019-01-18,48.780,48.840,47.640,48.260,22949,,,0.1660,hfq
2019-01-21,48.180,49.700,47.920,49.100,26773,,,1.7406,hfq
2019-01-22,48.280,49.560,48.100,49.440,23942,,,0.6925,hfq
2019-01-23,48.800,49.420,48.320,48.560,15832,,,-1.7799,hfq
2019-01-24,48.340,49.180,48.280,48.420,14677,,,-0.2883,hfq
2019-01-25,50.000,50.420,47.880,48.040,22269,,,-0.7848,hfq
2019-01-28,48.000,48.280,45.820,46.480,18023,,,-3.2473,hfq
2019-01-29,46.040,46.880,45.280,45.520,12059,,,-2.0654,hfq
2019-01-30,45.580,46.180,45.400,45.480,7351,,,-0.0879,hfq
2019-01-31,45.600,46.620,44.940,45.200,11060,,,-0.6157,hfq
2019-02-01,45.260,46.780,45.260,46.580,9779,,,3.0531,hfq
2019-02-11,47.220,47.780,46.540,47.460,10685,,,1.8892,hfq
2019-02-12,48.040,48.040,46.180,48.000,14211,,,1.1378,hfq
2019-02-13,47.680,48.800,47.680,48.540,17881,,,1.1250,hfq
2019-02-14,48.660,48.800,48.120,48.540,13818,,,0.0000,hfq
2019-02-15,48.540,49.900,48.280,48.600,20924,,,0.1236,hfq
2019-02-18,48.720,49.760,48.700,49.760,20909,,,2.3868,hfq
2019-02-19,49.880,50.400,48.480,49.020,23348,,,-1.4871,hfq
2019-02-20,48.920,49.220,48.300,49.180,15982,,,0.3264,hfq
2019-02-21,49.080,49.820,48.680,48.820,20370,,,-0.7320,hfq
2019-02-22,49.640,50.780,49.640,50.440,30974,,,3.3183,hfq
2019-02-25,50.700,53.480,50.240,52.920,40547,,,4.9167,hfq
2019-02-26,52.920,53.780,51.480,52.080,37487,,,-1.5873,hfq
2019-02-27,52.080,53.180,51.500,52.200,25410,,,0.2304,hfq
2019-02-28,52.280,52.980,52.040,52.580,16371,,,0.7280,hfq
2019-03-01,53.440,54.240,52.680,53.120,21494,,,1.0270,hfq
2019-03-04,52.680,54.300,52.660,53.140,34673,,,0.0377,hfq
2019-03-05,52.880,53.620,52.680,53.500,27689,,,0.6775,hfq
2019-03-06,53.440,53.960,52.880,53.660,29049,,,0.2991,hfq
2019-03-07,53.700,56.060,53.000,54.640,37917,,,1.8263,hfq
2019-03-08,52.340,53.260,50.900,51.080,30102,,,-6.5154,hfq
2019-03-11,51.080,52.680,51.080,52.680,17371,,,3.1323,hfq
2019-03-12,52.840,53.860,52.480,53.140,27003,,,0.8732,hfq
2019-03-13,53.200,55.660,52.520,52.780,31013,,,-0.6775,hfq
2019-03-14,52.800,53.020,50.480,50.840,19861,,,-3.6756,hfq
2019-03-15,50.500,52.080,50.500,51.340,13284,,,0.9835,hfq
2019-03-18,51.680,52.640,50.900,52.420,14919,,,2.1036,hfq
2019-03-19,52.680,53.260,52.120,53.080,17904,,,1.2591,hfq
2019-03-20,53.180,53.680,51.960,53.000,16174,,,-0.1507,hfq
2019-03-21,53.400,53.420,52.680,53.100,18658,,,0.1887,hfq
2019-03-22,54.260,55.080,53.480,54.220,34900,,,2.1092,hfq
2019-03-25,52.980,53.120,51.880,52.620,20093,,,-2.9509,hfq
2019-03-26,52.360,53.040,50.820,51.100,15160,,,-2.8886,hfq
2019-03-27,51.460,51.520,50.280,50.780,12372,,,-0.6262,hfq
2019-03-28,50.840,51.380,50.280,50.760,10268,,,-0.0394,hfq
2019-03-29,50.900,53.060,50.680,52.560,17990,,,3.5461,hfq
2019-04-01,52.680,53.920,52.680,53.580,25140,,,1.9406,hfq
2019-04-02,53.780,54.580,53.280,53.560,23532,,,-0.0373,hfq
2019-04-03,53.280,53.980,52.880,53.940,18424,,,0.7095,hfq
2019-04-04,54.200,55.920,53.680,55.460,39568,,,2.8179,hfq
2019-04-08,55.820,55.820,53.280,53.740,27229,,,-3.1013,hfq
2019-04-09,54.080,54.340,52.960,53.600,15609,,,-0.2605,hfq
2019-04-10,53.680,55.260,53.300,54.320,19373,,,1.3433,hfq
2019-04-11,54.980,54.980,52.300,52.400,16179,,,-3.5346,hfq
2019-04-12,52.440,52.640,51.240,51.680,12573,,,-1.3740,hfq
2019-04-15,52.280,52.820,51.580,51.740,9584,,,0.1161,hfq
2019-04-16,51.720,52.780,51.040,52.500,11607,,,1.4689,hfq
2019-04-17,52.440,53.780,52.440,53.260,17129,,,1.4476,hfq
2019-04-18,53.100,53.840,52.840,53.280,11149,,,0.0376,hfq
2019-04-19,53.360,55.280,52.980,54.060,22270,,,1.4640,hfq
2019-04-22,54.220,54.220,52.940,53.180,12476,,,-1.6278,hfq
2019-04-23,53.160,53.160,51.820,52.060,10585,,,-2.1061,hfq
2019-04-24,51.900,53.160,51.720,52.820,10314,,,1.4599,hfq
2019-04-25,52.760,53.720,51.480,51.700,14119,,,-2.1204,hfq
2019-04-26,51.700,52.260,50.060,50.120,13969,,,-3.0561,hfq
2019-04-29,50.280,51.060,47.760,47.760,12780,,,-4.7087,hfq
2019-04-30,48.680,48.740,47.720,47.940,8261,,,0.3769,hfq
2019-05-06,47.260,47.260,43.180,43.180,18018,,,-9.9291,hfq
2019-05-07,43.460,44.200,42.840,43.720,10145,,,1.2506,hfq
2019-05-08,43.480,44.060,42.320,43.720,6995,,,0.0000,hfq
2019-05-09,43.280,43.880,43.000,43.400,5740,,,-0.7319,hfq
2019-05-10,43.660,44.580,43.120,44.520,11297,,,2.5806,hfq
2019-05-13,44.240,44.760,43.780,43.980,10455,,,-1.2129,hfq
2019-05-14,43.300,44.240,42.900,43.840,5930,,,-0.3183,hfq
2019-05-15,43.300,45.280,43.300,44.700,9579,,,1.9617,hfq
2019-05-16,44.640,44.780,44.300,44.580,7339,,,-0.2685,hfq
2019-05-17,44.640,44.700,42.720,42.780,9968,,,-4.0377,hfq
2019-05-20,43.380,43.380,41.920,42.480,8685,,,-0.7013,hfq
2019-05-21,42.580,43.340,42.480,43.180,7078,,,1.6478,hfq
2019-05-22,43.340,43.340,42.380,42.700,6170,,,-1.1116,hfq
2019-05-23,42.880,43.040,41.280,41.480,8949,,,-2.8571,hfq
2019-05-24,40.880,41.980,40.840,41.720,5021,,,0.5786,hfq
2019-05-27,40.920,42.800,40.920,42.680,6124,,,2.3011,hfq
2019-05-28,42.880,43.520,42.420,42.700,7687,,,0.0469,hfq
2019-05-29,42.780,43.440,42.700,42.960,5697,,,0.6089,hfq
2019-05-30,42.480,42.720,41.880,42.520,6436,,,-1.0242,hfq
2019-05-31,42.640,43.460,42.440,42.940,7527,,,0.9878,hfq
2019-06-03,42.940,45.480,42.640,43.900,15088,,,2.2357,hfq
2019-06-04,43.480,43.620,41.780,42.220,11652,,,-3.8269,hfq
2019-06-05,42.300,43.080,41.900,42.080,6601,,,-0.3316,hfq
2019-06-06,41.980,42.060,41.060,41.100,6091,,,-2.3289,hfq
2019-06-10,41.120,41.860,41.120,41.620,4174,,,1.2652,hfq
2019-06-11,41.840,45.080,41.620,43.400,12548,,,4.2768,hfq
2019-06-12,43.400,43.840,42.920,43.160,8500,,,-0.5530,hfq
2019-06-13,43.160,43.820,42.900,43.540,8210,,,0.8804,hfq
2019-06-14,43.480,43.620,42.480,42.480,8254,,,-2.4345,hfq
2019-06-17,42.680,42.920,42.160,42.520,4352,,,0.0942,hfq
2019-06-18,42.720,42.980,42.260,42.420,4028,,,-0.2352,hfq
2019-06-19,43.480,43.480,42.840,42.840,5064,,,0.9901,hfq
2019-06-20,42.860,43.780,42.660,43.640,10297,,,1.8674,hfq
2019-06-21,44.160,44.880,43.760,44.040,14000,,,0.9166,hfq
2019-06-24,44.320,44.320,43.320,43.840,6759,,,-0.4541,hfq
2019-06-25,44.080,45.060,44.060,44.520,13976,,,1.5511,hfq
2019-06-26,44.140,44.660,43.680,44.040,7397,,,-1.0782,hfq
2019-06-27,44.640,44.640,43.640,43.840,6166,,,-0.4541,hfq
2019-06-28,43.600,43.800,42.080,42.480,8096,,,-3.1022,hfq
2019-07-01,43.480,43.600,43.040,43.400,7786,,,2.1657,hfq
2019-07-02,43.400,43.760,42.820,43.600,7700,,,0.4608,hfq
2019-07-03,43.480,44.640,43.360,44.160,11894,,,1.2844,hfq
2019-07-04,44.680,45.140,43.820,44.240,13778,,,0.1812,hfq
2019-07-05,44.240,44.240,43.180,43.680,8166,,,-1.2658,hfq
2019-07-08,43.680,43.960,42.220,42.260,10201,,,-3.2509,hfq
2019-07-09,42.220,44.080,41.660,43.200,9661,,,2.2243,hfq
2019-07-10,42.820,42.820,41.920,42.140,6603,,,-2.4537,hfq
2019-07-11,42.140,42.580,42.080,42.200,5692,,,0.1424,hfq
2019-07-12,41.920,42.480,41.920,42.180,3642,,,-0.0474,hfq
2019-07-15,42.080,42.820,41.920,42.720,6299,,,1.2802,hfq
2019-07-16,43.080,43.520,42.600,43.360,10284,,,1.4981,hfq
2019-07-17,43.100,43.420,42.800,42.960,5638,,,-0.9225,hfq
2019-07-18,43.180,43.180,42.280,42.280,5476,,,-1.5829,hfq
2019-07-19,42.660,43.060,42.500,42.560,4083,,,0.6623,hfq
2019-07-22,42.560,43.180,41.440,41.820,5697,,,-1.7387,hfq
2019-07-23,41.760,42.260,41.760,42.020,3403,,,0.4782,hfq
2019-07-24,42.160,43.480,42.160,43.480,12316,,,3.4745,hfq
2019-07-25,43.300,43.660,42.840,43.220,13749,,,-0.5980,hfq
2019-07-26,43.220,43.220,42.780,42.860,6024,,,-0.8329,hfq
2019-07-29,42.860,43.220,42.660,42.660,4589,,,-0.4666,hfq
2019-07-30,42.580,43.300,42.580,42.880,5345,,,0.5157,hfq
2019-07-31,42.700,43.120,42.620,43.060,4739,,,0.4198,hfq
2019-08-01,42.760,43.260,42.600,43.040,4415,,,-0.0464,hfq
2019-08-02,42.860,42.860,41.840,42.100,6599,,,-2.1840,hfq
2019-08-05,41.900,42.260,41.800,41.840,4539,,,-0.6176,hfq
2019-08-06,41.140,41.800,40.080,40.480,8791,,,-3.2505,hfq
2019-08-07,41.060,41.080,39.960,39.960,5499,,,-1.2846,hfq
2019-08-08,39.980,40.340,39.900,39.900,4662,,,-0.1502,hfq
2019-08-09,40.080,40.300,38.480,38.840,7174,,,-2.6566,hfq
2019-08-12,38.880,39.520,38.560,39.420,5221,,,1.4933,hfq
2019-08-13,39.240,39.260,38.940,39.040,3357,,,-0.9640,hfq
2019-08-14,39.300,39.880,39.300,39.620,6152,,,1.4857,hfq
2019-08-15,39.280,39.380,38.580,39.280,5820,,,-0.8582,hfq
2019-08-16,39.580,39.580,39.220,39.300,5007,,,0.0509,hfq
2019-08-19,39.300,41.180,39.200,40.740,13837,,,3.6641,hfq
2019-08-20,40.740,40.840,40.120,40.260,9191,,,-1.1782,hfq
2019-08-21,40.500,40.500,40.080,40.140,4796,,,-0.2981,hfq
2019-08-22,40.180,40.380,39.980,40.180,3902,,,0.0997,hfq
2019-08-23,40.160,40.680,40.100,40.320,5326,,,0.3484,hfq
2019-08-26,39.680,39.680,39.240,39.400,6058,,,-2.2817,hfq
2019-08-27,39.460,40.200,39.460,39.920,7266,,,1.3198,hfq
2019-08-28,39.680,40.280,39.680,40.080,6163,,,0.4008,hfq
2019-08-29,40.080,40.320,39.780,39.920,6165,,,-0.3992,hfq
2019-08-30,40.340,40.340,39.380,39.900,7339,,,-0.0501,hfq
2019-09-02,39.700,40.580,39.700,40.300,10375,,,1.0025,hfq
2019-09-03,40.500,41.460,40.180,41.320,21775,,,2.5310,hfq
2019-09-04,41.320,42.980,41.100,42.500,19846,,,2.8558,hfq
2019-09-05,42.500,43.080,42.140,42.440,14596,,,-0.1412,hfq
2019-09-06,42.440,43.460,42.440,43.300,14875,,,2.0264,hfq
2019-09-09,45.480,45.480,43.260,43.800,21300,,,1.1547,hfq
2019-09-10,43.920,46.480,43.500,45.860,27508,,,4.7032,hfq
2019-09-11,46.400,46.780,44.680,46.440,24504,,,1.2647,hfq
2019-09-12,51.040,51.040,45.500,46.620,69941,,,0.3876,hfq
2019-09-16,44.480,45.280,44.180,44.240,28344,,,-5.1051,hfq
2019-09-17,44.220,44.220,42.460,42.660,18727,,,-3.5714,hfq
2019-09-18,43.280,43.280,42.420,42.600,11208,,,-0.1406,hfq
2019-09-19,42.980,43.300,42.700,43.060,9847,,,1.0798,hfq
2019-09-20,43.180,43.260,42.600,42.660,8742,,,-0.9289,hfq
2019-09-23,42.720,42.720,41.480,42.080,6774,,,-1.3596,hfq
2019-09-24,42.080,42.680,42.080,42.080,7340,,,0.0000,hfq
2019-09-25,42.040,42.220,41.320,41.340,7942,,,-1.7586,hfq
2019-09-26,41.460,41.860,40.340,40.620,8279,,,-1.7417,hfq
2019-09-27,40.480,40.860,40.120,40.780,5889,,,0.3939,hfq
2019-09-30,40.680,41.000,40.280,40.380,3961,,,-0.9809,hfq
2019-10-08,40.400,40.880,40.400,40.640,4178,,,0.6439,hfq
2019-10-09,40.480,40.880,40.480,40.880,4097,,,0.5906,hfq
2019-10-10,40.920,41.340,40.740,41.140,5032,,,0.6360,hfq
2019-10-11,41.380,42.320,41.220,42.080,10193,,,2.2849,hfq
2019-10-14,42.200,42.640,41.900,42.100,8587,,,0.0475,hfq
2019-10-15,41.960,42.220,41.340,41.380,4684,,,-1.7102,hfq
2019-10-16,41.580,41.720,41.180,41.260,3944,,,-0.2900,hfq
2019-10-17,41.260,41.580,41.080,41.200,2600,,,-0.1454,hfq
2019-10-18,41.200,41.800,40.720,40.720,4970,,,-1.1650,hfq
2019-10-21,40.820,41.260,40.680,41.260,3646,,,1.3261,hfq
2019-10-22,41.500,42.440,41.320,42.080,7119,,,1.9874,hfq
2019-10-23,41.720,42.260,41.440,41.580,4743,,,-1.1882,hfq
2019-10-24,41.480,41.840,41.260,41.520,3441,,,-0.1443,hfq
2019-10-25,41.500,41.980,41.500,41.740,3768,,,0.5299,hfq
2019-10-28,41.740,42.540,41.740,42.340,6944,,,1.4375,hfq
2019-10-29,42.560,42.840,41.780,41.780,7117,,,-1.3226,hfq
2019-10-30,42.200,42.460,41.600,42.200,5374,,,1.0053,hfq
2019-10-31,42.060,42.240,41.520,41.600,4091,,,-1.4218,hfq
2019-11-01,41.180,41.680,40.800,41.280,5014,,,-0.7692,hfq
2019-11-04,41.360,41.640,41.180,41.180,3697,,,-0.2422,hfq
2019-11-05,41.080,41.340,40.700,40.960,4665,,,-0.5342,hfq
2019-11-06,41.080,41.220,40.660,40.740,3434,,,-0.5371,hfq
2019-11-07,40.580,40.880,40.380,40.420,3971,,,-0.7855,hfq
2019-11-08,40.480,40.820,40.340,40.340,3576,,,-0.1979,hfq
2019-11-11,40.320,40.340,39.140,39.200,5848,,,-2.8260,hfq
2019-11-12,39.520,39.520,38.520,38.920,3852,,,-0.7143,hfq
2019-11-13,38.860,39.040,38.640,39.040,2649,,,0.3083,hfq
2019-11-14,39.040,39.880,39.000,39.580,3116,,,1.3832,hfq
2019-11-15,39.880,39.880,38.740,38.860,3045,,,-1.8191,hfq
2019-11-18,38.480,39.020,38.480,38.940,2368,,,0.2059,hfq
2019-11-19,38.780,39.860,38.760,39.840,4022,,,2.3112,hfq
2019-11-20,39.860,39.880,39.200,39.240,3327,,,-1.5060,hfq
2019-11-21,39.300,40.600,39.100,39.500,9242,,,0.6626,hfq
2019-11-22,39.420,39.760,39.040,39.060,5435,,,-1.1139,hfq
2019-11-25,39.200,39.380,38.800,38.840,3455,,,-0.5632,hfq
2019-11-26,38.880,39.180,38.840,38.900,1872,,,0.1545,hfq
2019-11-27,38.680,39.120,38.680,38.760,2487,,,-0.3599,hfq
2019-11-28,38.780,39.080,38.680,38.720,1493,,,-0.1032,hfq
2019-11-29,38.760,39.000,38.680,38.880,1702,,,0.4132,hfq
2019-12-02,39.140,39.140,38.800,39.000,1461,,,0.3086,hfq
2019-12-03,38.800,39.020,38.680,38.920,2092,,,-0.2051,hfq
2019-12-04,38.700,39.060,38.560,38.960,1954,,,0.1028,hfq
2019-12-05,38.980,39.480,38.900,39.180,3664,,,0.5647,hfq
2019-12-06,39.420,39.420,38.880,39.100,3236,,,-0.2042,hfq
2019-12-09,39.100,39.400,39.040,39.180,2137,,,0.2046,hfq
2019-12-10,39.180,39.240,39.080,39.220,2215,,,0.1021,hfq
2019-12-11,39.300,39.340,39.160,39.280,3147,,,0.1530,hfq
2019-12-12,39.380,39.380,38.960,39.000,2510,,,-0.7128,hfq
2019-12-13,39.140,39.340,39.120,39.340,4597,,,0.8718,hfq
2019-12-16,39.780,40.380,39.740,40.240,9098,,,2.2877,hfq
2019-12-17,39.940,40.480,39.940,40.480,8430,,,0.5964,hfq
2019-12-18,40.640,40.840,40.140,40.280,6270,,,-0.4941,hfq
2019-12-19,40.200,40.540,40.020,40.300,7058,,,0.0497,hfq
2019-12-20,40.480,40.820,40.180,40.260,7635,,,-0.0993,hfq
2019-12-23,40.360,40.460,39.480,39.480,5683,,,-1.9374,hfq
2019-12-24,39.580,39.880,39.580,39.860,3322,,,0.9625,hfq
2019-12-25,39.740,39.960,39.520,39.720,3209,,,-0.3512,hfq
2019-12-26,39.840,40.140,39.580,40.020,4313,,,0.7553,hfq
2019-12-27,40.620,40.660,39.940,40.020,5371,,,0.0000,hfq
2019-12-30,40.020,40.180,39.480,40.020,4581,,,0.0000,hfq
2019-12-31,40.020,40.580,39.740,40.500,6591,,,1.1994,hfq
2020-01-02,40.480,41.160,40.400,41.140,11116,,,1.5802,hfq
2020-01-03,41.820,41.820,41.080,41.140,11586,,,0.0000,hfq
2020-01-06,40.740,41.640,40.600,41.200,11183,,,0.1458,hfq
2020-01-07,41.400,41.820,41.060,41.380,8954,,,0.4369,hfq
2020-01-08,41.200,41.360,40.480,40.560,9342,,,-1.9816,hfq
2020-01-09,40.760,41.120,40.720,40.980,5793,,,1.0355,hfq
2020-01-10,41.140,41.160,40.720,40.780,4391,,,-0.4880,hfq
2020-01-13,40.760,40.980,40.380,40.900,4036,,,0.2943,hfq
2020-01-14,40.980,41.680,40.800,41.320,10576,,,1.0269,hfq
2020-01-15,41.280,41.360,40.540,41.000,5602,,,-0.7744,hfq
2020-01-16,40.880,41.020,40.560,40.620,4234,,,-0.9268,hfq
2020-01-17,40.680,40.860,40.560,40.620,3681,,,0.0000,hfq
2020-01-20,40.480,41.140,40.480,41.080,5709,,,1.1324,hfq
2020-01-21,40.880,41.080,40.320,40.420,6501,,,-1.6066,hfq
2020-01-22,40.340,40.460,39.640,40.320,6103,,,-0.2474,hfq
2020-01-23,40.280,40.960,39.100,39.380,7762,,,-2.3313,hfq
2020-02-03,35.500,35.500,35.500,35.500,2489,,,-9.8527,hfq
2020-02-04,33.020,34.720,33.020,33.900,12768,,,-4.5070,hfq
2020-02-05,33.900,34.580,33.800,34.080,13112,,,0.5310,hfq
2020-02-06,34.140,34.600,33.720,34.540,10232,,,1.3498,hfq
2020-02-07,34.420,34.600,34.080,34.600,8767,,,0.1737,hfq
2020-02-10,34.600,35.020,34.280,35.000,7907,,,1.1561,hfq
2020-02-11,35.120,37.640,34.880,37.060,18179,,,5.8857,hfq
2020-02-12,36.440,37.060,36.180,36.880,10632,,,-0.4857,hfq
2020-02-13,36.820,36.820,36.000,36.280,8274,,,-1.6269,hfq
2020-02-14,36.180,36.460,36.020,36.160,5883,,,-0.3308,hfq
2020-02-17,36.400,37.020,36.180,36.960,8952,,,2.2124,hfq
2020-02-18,37.040,37.280,36.780,37.280,9877,,,0.8658,hfq
2020-02-19,36.980,37.520,36.920,36.940,7848,,,-0.9120,hfq
2020-02-20,36.980,37.440,36.680,37.140,9933,,,0.5414,hfq
2020-02-21,36.920,38.040,36.920,37.520,11998,,,1.0232,hfq
2020-02-24,37.520,37.520,36.780,37.100,8868,,,-1.1194,hfq
2020-02-25,36.300,36.640,35.480,36.200,12567,,,-2.4259,hfq
2020-02-26,36.200,37.880,36.200,36.980,15874,,,2.1547,hfq
2020-02-27,36.980,37.780,36.980,37.380,13216,,,1.0817,hfq
2020-02-28,36.440,36.580,34.520,34.760,13354,,,-7.0091,hfq
2020-03-02,35.620,38.180,35.200,38.180,21490,,,9.8389,hfq
2020-03-03,38.480,41.960,38.480,40.540,49849,,,6.1812,hfq
2020-03-04,39.880,40.760,39.080,40.300,26785,,,-0.5920,hfq
2020-03-05,40.880,41.160,39.620,39.800,21783,,,-1.2407,hfq
2020-03-06,39.780,40.000,38.780,39.400,16214,,,-1.0050,hfq
2020-03-09,37.980,39.360,37.680,37.840,13652,,,-3.9594,hfq
2020-03-10,36.880,39.060,36.680,38.320,14259,,,1.2685,hfq
2020-03-11,38.380,39.080,37.240,37.520,10431,,,-2.0877,hfq
2020-03-12,36.880,37.440,36.660,37.000,8921,,,-1.3859,hfq
2020-03-13,35.440,36.480,34.600,35.860,11840,,,-3.0811,hfq
2020-03-16,36.360,37.480,35.140,35.280,10861,,,-1.6174,hfq
2020-03-17,35.340,36.380,34.680,35.800,8879,,,1.4739,hfq
2020-03-18,36.480,37.320,35.400,35.400,8265,,,-1.1173,hfq
2020-03-19,35.320,35.920,34.820,35.560,7556,,,0.4520,hfq
2020-03-20,35.500,36.480,35.500,36.140,6857,,,1.6310,hfq
2020-03-23,35.000,35.740,34.720,34.820,5838,,,-3.6525,hfq
2020-03-24,35.760,35.760,34.140,35.320,6543,,,1.4360,hfq
2020-03-25,36.080,36.240,35.540,35.780,6035,,,1.3024,hfq
2020-03-26,35.880,36.080,35.380,35.400,5290,,,-1.0620,hfq
2020-03-27,35.840,37.040,34.720,36.380,12766,,,2.7684,hfq
2020-03-30,36.180,36.180,34.700,35.220,8086,,,-3.1886,hfq
2020-03-31,35.220,35.680,35.220,35.600,5305,,,1.0789,hfq
2020-04-01,36.480,39.120,36.480,37.700,39784,,,5.8989,hfq
2020-04-02,36.480,37.240,35.840,37.080,25978,,,-1.6446,hfq
2020-04-03,36.800,37.440,35.940,36.140,17853,,,-2.5351,hfq
2020-04-07,36.460,36.980,36.460,36.700,15202,,,1.5495,hfq
2020-04-08,36.840,36.840,36.100,36.320,12191,,,-1.0354,hfq
2020-04-09,36.460,36.620,36.120,36.240,8328,,,-0.2203,hfq
2020-04-10,36.380,36.380,35.480,35.680,8304,,,-1.5453,hfq
2020-04-13,35.760,35.780,35.100,35.480,3764,,,-0.5605,hfq
2020-04-14,35.480,36.440,35.460,36.220,6911,,,2.0857,hfq
2020-04-15,36.220,36.420,35.780,35.940,4304,,,-0.7731,hfq
2020-04-16,35.780,36.380,35.680,36.120,6078,,,0.5008,hfq
2020-04-17,36.260,37.380,36.000,36.380,12195,,,0.7198,hfq
2020-04-20,36.120,36.780,36.120,36.560,8726,,,0.4948,hfq
2020-04-21,36.400,36.620,35.680,36.500,9348,,,-0.1641,hfq
2020-04-22,36.080,37.600,36.080,36.840,10157,,,0.9315,hfq
2020-04-23,36.840,36.980,36.260,36.280,7756,,,-1.5201,hfq
2020-04-24,36.360,36.580,35.760,36.160,7347,,,-0.3308,hfq
2020-04-27,36.080,36.460,35.360,35.380,7140,,,-2.1571,hfq
2020-04-28,35.380,35.500,34.280,34.720,8426,,,-1.8655,hfq
2020-04-29,34.720,35.460,34.240,34.880,4511,,,0.4608,hfq
2020-04-30,34.880,35.460,34.880,35.220,6808,,,0.9748,hfq
2020-05-06,34.700,36.420,34.700,36.040,8103,,,2.3282,hfq
2020-05-07,36.040,36.160,35.640,35.680,5640,,,-0.9989,hfq
2020-05-08,36.060,36.060,35.560,35.900,4389,,,0.6166,hfq
2020-05-11,35.840,36.420,35.800,36.400,9165,,,1.3928,hfq
2020-05-12,36.300,36.380,35.240,35.820,7206,,,-1.5934,hfq
2020-05-13,35.620,36.000,35.400,35.840,5086,,,0.0558,hfq
2020-05-14,35.800,37.640,35.560,36.160,10528,,,0.8929,hfq
2020-05-15,36.360,36.600,35.980,36.080,5251,,,-0.2212,hfq
2020-05-18,35.880,36.280,35.560,35.600,5032,,,-1.3304,hfq
2020-05-19,35.660,35.940,32.480,34.780,10595,,,-2.3034,hfq
2020-05-20,35.480,35.480,34.720,34.920,6598,,,0.4025,hfq
2020-05-21,34.720,35.540,34.580,34.720,5393,,,-0.5727,hfq
2020-05-22,34.720,34.760,33.860,34.100,6323,,,-1.7857,hfq
2020-05-25,34.100,34.560,33.900,34.360,2791,,,0.7625,hfq
2020-05-26,34.400,34.720,34.220,34.580,3168,,,0.6403,hfq
2020-05-27,34.500,34.640,34.280,34.360,3164,,,-0.6362,hfq
2020-05-28,34.180,34.360,33.600,34.060,3684,,,-0.8731,hfq
2020-05-29,34.000,34.440,33.840,34.140,2180,,,0.2349,hfq
2020-06-01,34.420,35.020,34.100,34.840,4952,,,2.0504,hfq
2020-06-02,34.760,35.180,34.500,34.860,3898,,,0.0574,hfq
2020-06-03,34.940,35.260,34.700,35.060,5259,,,0.5737,hfq
2020-06-04,35.220,35.620,34.820,34.860,4856,,,-0.5705,hfq
2020-06-05,34.780,35.160,34.500,34.820,3035,,,-0.1147,hfq
2020-06-08,34.880,35.040,34.720,34.780,2528,,,-0.1149,hfq
2020-06-09,34.820,34.840,34.440,34.640,4581,,,-0.4025,hfq
2020-06-10,34.660,34.860,34.500,34.700,2880,,,0.1732,hfq
2020-06-11,34.740,34.760,33.920,34.280,4736,,,-1.2104,hfq
2020-06-12,34.360,34.880,34.080,34.840,5089,,,1.6336,hfq
2020-06-15,34.900,35.440,34.520,34.780,4384,,,-0.1722,hfq
2020-06-16,34.780,35.060,34.620,34.960,3818,,,0.5175,hfq
2020-06-17,34.960,35.720,34.840,35.380,8914,,,1.2014,hfq
2020-06-18,35.550,35.550,34.950,35.050,3843,,,-0.9327,hfq
2020-06-19,35.110,35.390,35.050,35.110,3396,,,0.1712,hfq
2020-06-22,35.390,35.510,34.950,35.130,3906,,,0.0570,hfq
2020-06-23,35.150,35.190,34.630,34.750,4772,,,-1.0817,hfq
2020-06-24,34.730,34.990,34.470,34.490,3237,,,-0.7482,hfq
2020-06-29,34.490,35.070,34.490,34.590,4953,,,0.2899,hfq
2020-06-30,34.510,35.030,34.510,34.910,4915,,,0.9251,hfq
2020-07-01,35.030,35.130,34.850,34.910,4416,,,0.0000,hfq
2020-07-02,34.870,35.690,34.870,35.570,11728,,,1.8906,hfq
2020-07-03,35.570,36.290,35.570,35.850,9971,,,0.7872,hfq
2020-07-06,35.870,37.050,35.870,36.970,13594,,,3.1241,hfq
2020-07-07,36.970,37.530,36.610,36.930,18578,,,-0.1082,hfq
2020-07-08,36.930,37.470,36.690,37.390,14825,,,1.2456,hfq
2020-07-09,37.490,38.250,37.250,38.010,18287,,,1.6582,hfq
2020-07-10,38.190,38.830,37.890,37.990,18676,,,-0.0526,hfq
2020-07-13,37.990,38.650,37.690,38.510,15063,,,1.3688,hfq
2020-07-14,38.510,39.090,37.550,38.290,15572,,,-0.5713,hfq
2020-07-15,38.730,38.730,37.030,37.030,12753,,,-3.2907,hfq
2020-07-16,37.090,39.190,37.050,37.090,25852,,,0.1620,hfq
2020-07-17,36.670,37.250,35.350,36.950,17684,,,-0.3775,hfq
2020-07-20,36.710,38.210,36.450,37.770,12637,,,2.2192,hfq
2020-07-21,37.290,38.650,37.210,38.450,15424,,,1.8004,hfq
2020-07-22,37.890,39.350,37.710,37.870,18151,,,-1.5085,hfq
2020-07-23,37.310,38.330,37.030,38.090,13530,,,0.5809,hfq
2020-07-24,38.090,39.290,36.850,36.990,15674,,,-2.8879,hfq
2020-07-27,37.490,37.490,36.230,36.590,8825,,,-1.0814,hfq
2020-07-28,36.650,37.650,36.650,37.010,5161,,,1.1479,hfq
2020-07-29,36.810,37.790,36.590,37.630,9609,,,1.6752,hfq
2020-07-30,37.830,37.970,37.270,37.390,8013,,,-0.6378,hfq
2020-07-31,37.430,38.370,37.310,38.310,14336,,,2.4606,hfq
2020-08-03,38.310,38.790,38.210,38.490,13499,,,0.4699,hfq
2020-08-04,38.870,38.870,38.010,38.430,10058,,,-0.1559,hfq
2020-08-05,38.450,39.430,37.890,38.990,18315,,,1.4572,hfq
2020-08-06,38.870,39.250,37.690,38.190,11777,,,-2.0518,hfq
2020-08-07,38.270,38.550,37.390,37.770,7727,,,-1.0998,hfq
2020-08-10,37.970,39.050,37.790,38.390,11499,,,1.6415,hfq
2020-08-11,38.390,38.750,37.490,37.530,9495,,,-2.2402,hfq
2020-08-12,37.870,37.870,36.530,37.250,8717,,,-0.7461,hfq
2020-08-13,37.070,38.090,37.070,37.710,8487,,,1.2349,hfq
2020-08-14,37.430,37.970,37.150,37.950,6896,,,0.6364,hfq
2020-08-17,38.090,38.690,37.850,38.570,9142,,,1.6337,hfq
2020-08-18,38.190,38.450,37.830,37.990,10926,,,-1.5038,hfq
2020-08-19,38.770,39.730,38.050,38.490,26063,,,1.3161,hfq
2020-08-20,37.630,38.290,37.090,37.130,13362,,,-3.5334,hfq
2020-08-21,37.310,37.550,37.090,37.270,7001,,,0.3771,hfq
2020-08-24,37.050,37.610,37.050,37.450,6704,,,0.4830,hfq
2020-08-25,37.450,39.170,37.190,38.690,24790,,,3.3111,hfq
2020-08-26,38.970,41.090,38.490,39.590,47300,,,2.3262,hfq
2020-08-27,39.010,41.850,38.730,40.950,46554,,,3.4352,hfq
2020-08-28,40.470,40.470,39.490,40.150,23938,,,-1.9536,hfq
2020-08-31,40.250,41.170,39.950,40.170,18576,,,0.0498,hfq
2020-09-01,40.030,40.070,39.070,39.610,21162,,,-1.3941,hfq
2020-09-02,39.870,41.670,39.310,41.410,37558,,,4.5443,hfq
2020-09-03,42.010,42.070,39.910,40.250,28778,,,-2.8013,hfq
2020-09-04,39.290,40.990,38.670,40.670,19422,,,1.0435,hfq
2020-09-07,40.690,42.910,40.530,41.490,44838,,,2.0162,hfq
2020-09-08,41.810,43.110,40.890,42.850,41546,,,3.2779,hfq
2020-09-09,42.210,43.910,40.950,41.650,43125,,,-2.8005,hfq
2020-09-10,42.050,42.690,38.070,38.110,36618,,,-8.4994,hfq
2020-09-11,38.090,38.870,37.410,38.710,22898,,,1.5744,hfq
2020-09-14,38.410,41.590,38.410,40.530,30103,,,4.7016,hfq
2020-09-15,41.090,41.090,39.730,40.190,17705,,,-0.8389,hfq
2020-09-16,40.270,41.290,38.690,39.490,14371,,,-1.7417,hfq
2020-09-17,38.990,40.650,38.910,39.870,17376,,,0.9623,hfq
2020-09-18,40.110,40.390,39.370,40.330,13263,,,1.1537,hfq
2020-09-21,40.330,40.450,39.390,39.530,10954,,,-1.9836,hfq
2020-09-22,39.270,39.650,38.550,38.790,12098,,,-1.8720,hfq
2020-09-23,38.830,39.310,38.830,39.250,7759,,,1.1859,hfq
2020-09-24,39.130,39.130,37.710,37.910,13122,,,-3.4140,hfq
2020-09-25,37.930,38.410,37.090,37.190,9021,,,-1.8992,hfq
2020-09-28,37.250,37.490,36.130,36.490,7023,,,-1.8822,hfq
2020-09-29,36.670,37.050,36.230,36.370,5697,,,-0.3289,hfq
2020-09-30,36.970,36.970,35.950,36.250,5393,,,-0.3299,hfq
2020-10-09,36.650,37.390,36.650,37.110,4979,,,2.3724,hfq
2020-10-12,37.110,37.970,37.110,37.830,9830,,,1.9402,hfq
2020-10-13,37.590,37.970,37.410,37.870,9132,,,0.1057,hfq
2020-10-14,37.930,38.050,37.490,37.750,8016,,,-0.3169,hfq
2020-10-15,37.730,37.990,37.570,37.710,4730,,,-0.1060,hfq
2020-10-16,37.890,38.010,37.530,37.650,4443,,,-0.1591,hfq
2020-10-19,37.670,37.910,37.350,37.690,7197,,,0.1062,hfq
2020-10-20,37.670,38.990,37.390,38.430,16491,,,1.9634,hfq
2020-10-21,38.290,38.510,37.710,38.310,13898,,,-0.3123,hfq
2020-10-22,38.470,40.290,38.230,39.730,26851,,,3.7066,hfq
2020-10-23,39.890,39.890,38.550,39.150,17370,,,-1.4599,hfq
2020-10-26,39.050,39.890,38.790,39.250,15101,,,0.2554,hfq
2020-10-27,38.810,39.190,38.110,38.310,12912,,,-2.3949,hfq
2020-10-28,38.370,39.430,37.590,38.750,13329,,,1.1485,hfq
2020-10-29,38.130,39.730,37.910,39.470,15872,,,1.8581,hfq
2020-10-30,39.670,39.670,36.690,36.870,16632,,,-6.5873,hfq
2020-11-02,37.090,38.470,36.150,38.150,13457,,,3.4717,hfq
2020-11-03,37.850,39.450,37.690,39.110,15053,,,2.5164,hfq
2020-11-04,39.430,40.250,38.810,39.690,22465,,,1.4830,hfq
2020-11-05,39.850,40.230,39.250,39.610,14126,,,-0.2016,hfq
2020-11-06,39.690,39.730,38.330,38.750,12534,,,-2.1712,hfq
2020-11-09,38.810,39.610,38.650,39.610,14623,,,2.2194,hfq
2020-11-10,39.410,39.650,38.330,38.530,12543,,,-2.7266,hfq
2020-11-11,38.610,39.050,38.110,38.490,7091,,,-0.1038,hfq
2020-11-12,38.510,38.910,37.790,37.930,8816,,,-1.4549,hfq
2020-11-13,38.050,38.050,37.010,37.610,6203,,,-0.8437,hfq
2020-11-16,37.670,38.250,37.070,37.330,9785,,,-0.7445,hfq
2020-11-17,37.310,37.810,36.450,36.710,11066,,,-1.6609,hfq
2020-11-18,36.670,37.170,36.490,37.010,5909,,,0.8172,hfq
2020-11-19,36.970,37.490,36.710,37.250,4760,,,0.6485,hfq
2020-11-20,37.190,37.270,36.650,36.890,7908,,,-0.9664,hfq
2020-11-23,36.850,36.930,36.330,36.710,6951,,,-0.4879,hfq
2020-11-24,36.730,36.910,36.550,36.790,5321,,,0.2179,hfq
2020-11-25,36.710,36.790,36.170,36.210,7036,,,-1.5765,hfq
2020-11-26,36.190,36.290,35.730,36.190,5028,,,-0.0552,hfq
2020-11-27,36.170,36.550,35.950,36.470,3606,,,0.7737,hfq
2020-11-30,36.590,37.050,36.210,36.550,4980,,,0.2194,hfq
2020-12-01,36.330,36.770,36.330,36.570,3846,,,0.0547,hfq
2020-12-02,36.590,36.830,36.490,36.730,3842,,,0.4375,hfq
2020-12-03,36.550,36.830,36.310,36.450,3854,,,-0.7623,hfq
2020-12-04,36.450,36.490,36.130,36.230,2439,,,-0.6036,hfq
2020-12-07,36.290,36.290,35.850,35.870,4676,,,-0.9937,hfq
2020-12-08,36.910,36.930,35.750,35.790,3693,,,-0.2230,hfq
2020-12-09,35.730,35.950,34.970,34.990,5499,,,-2.2353,hfq
2020-12-10,34.810,35.430,34.790,35.030,3440,,,0.1143,hfq
2020-12-11,34.810,34.990,34.050,34.210,7734,,,-2.3409,hfq
2020-12-14,34.010,34.390,33.790,34.090,3350,,,-0.3508,hfq
2020-12-15,33.970,34.350,33.770,34.110,3033,,,0.0587,hfq
2020-12-16,34.370,34.370,32.990,33.270,5853,,,-2.4626,hfq
2020-12-17,33.290,33.970,32.990,33.890,5188,,,1.8635,hfq
2020-12-18,33.550,34.090,33.390,33.530,3928,,,-1.0623,hfq
2020-12-21,33.610,33.610,33.250,33.330,3133,,,-0.5965,hfq
2020-12-22,33.330,33.550,32.990,33.050,3442,,,-0.8401,hfq
2020-12-23,33.150,33.410,32.750,33.010,2995,,,-0.1210,hfq
2020-12-24,32.850,32.890,31.930,31.970,4845,,,-3.1506,hfq
2020-12-25,31.970,32.530,31.290,32.390,3526,,,1.3137,hfq
2020-12-28,32.670,32.670,31.750,32.150,4353,,,-0.7410,hfq
2020-12-29,31.250,32.410,31.250,32.290,1722,,,0.4355,hfq
2020-12-30,32.110,32.450,31.730,31.790,2444,,,-1.5485,hfq
2020-12-31,31.830,32.110,31.590,31.950,2378,,,0.5033,hfq
2021-01-04,32.230,32.390,31.850,32.190,3450,,,0.7512,hfq
2021-01-05,32.190,32.190,31.470,31.610,4451,,,-1.8018,hfq
2021-01-06,31.590,31.590,30.790,31.150,6423,,,-1.4552,hfq
2021-01-07,31.250,31.250,29.210,29.330,9411,,,-5.8427,hfq
2021-01-08,29.690,29.890,28.230,29.230,5901,,,-0.3409,hfq
2021-01-11,28.730,29.050,27.610,27.650,8852,,,-5.4054,hfq
2021-01-12,27.530,28.570,27.330,27.650,4062,,,0.0000,hfq
2021-01-13,27.650,27.650,26.250,26.310,10747,,,-4.8463,hfq
2021-01-14,26.350,26.910,25.690,26.510,7846,,,0.7602,hfq
2021-01-15,26.790,27.630,26.550,27.490,8925,,,3.6967,hfq
2021-01-18,27.490,28.270,27.290,27.590,6451,,,0.3638,hfq
2021-01-19,27.590,28.250,27.530,27.970,6081,,,1.3773,hfq
2021-01-20,28.090,28.330,27.610,27.850,4011,,,-0.4290,hfq
2021-01-21,27.990,28.290,27.690,27.870,4774,,,0.0718,hfq
2021-01-22,27.930,27.930,27.250,27.250,3933,,,-2.2246,hfq
2021-01-25,27.210,27.250,26.310,26.350,6475,,,-3.3028,hfq
2021-01-26,26.350,26.790,26.030,26.210,3584,,,-0.5313,hfq
2021-01-27,26.510,26.850,26.090,26.430,3359,,,0.8394,hfq
2021-01-28,26.210,26.890,26.210,26.790,3587,,,1.3621,hfq
2021-01-29,26.930,26.930,25.890,26.210,3979,,,-2.1650,hfq
2021-02-01,26.210,26.750,25.890,25.990,3184,,,-0.8394,hfq
2021-02-02,25.910,26.350,25.790,26.110,2582,,,0.4617,hfq
2021-02-03,26.090,26.090,25.250,25.390,5726,,,-2.7576,hfq
2021-02-04,25.210,25.210,24.130,24.450,4286,,,-3.7022,hfq
2021-02-05,24.450,24.970,24.230,24.230,2700,,,-0.8998,hfq
2021-02-08,24.270,24.450,23.750,23.990,2384,,,-0.9905,hfq
2021-02-09,23.950,25.750,23.910,25.410,6403,,,5.9191,hfq
2021-02-10,25.070,25.570,24.930,25.150,3768,,,-1.0232,hfq
2021-02-18,25.210,26.630,25.210,26.070,6183,,,3.6581,hfq
2021-02-19,26.090,26.850,25.890,26.690,4847,,,2.3782,hfq
2021-02-22,26.690,28.450,26.690,27.370,11426,,,2.5478,hfq
2021-02-23,26.990,28.050,26.790,27.190,6699,,,-0.6577,hfq
2021-02-24,27.190,27.850,27.110,27.410,5348,,,0.8091,hfq
2021-02-25,27.350,27.650,26.950,27.130,3414,,,-1.0215,hfq
2021-02-26,26.610,27.690,26.610,27.590,5829,,,1.6955,hfq
2021-03-01,27.790,28.670,27.410,28.370,10105,,,2.8271,hfq
2021-03-02,28.090,28.650,27.790,28.390,5363,,,0.0705,hfq
2021-03-03,28.390,28.830,28.090,28.350,5018,,,-0.1409,hfq
2021-03-04,28.230,28.510,27.590,27.670,4553,,,-2.3986,hfq
2021-03-05,27.390,28.590,27.390,28.370,5427,,,2.5298,hfq
2021-03-08,28.610,29.390,28.090,28.350,8455,,,-0.0705,hfq
2021-03-09,28.230,28.890,27.270,28.130,6913,,,-0.7760,hfq
2021-03-10,28.230,28.450,26.830,27.010,7475,,,-3.9815,hfq
2021-03-11,26.990,27.890,26.950,27.890,4492,,,3.2581,hfq
2021-03-12,27.890,29.670,27.150,28.550,12451,,,2.3664,hfq
2021-03-15,28.150,30.390,28.150,29.490,22243,,,3.2925,hfq
2021-03-16,29.250,31.830,28.690,30.790,30986,,,4.4083,hfq
2021-03-17,30.670,30.870,29.590,29.890,16748,,,-2.9230,hfq
2021-03-18,29.950,30.230,29.030,29.130,12676,,,-2.5427,hfq
2021-03-19,28.990,29.690,28.830,29.350,9116,,,0.7552,hfq
2021-03-22,28.450,31.690,28.450,31.290,25041,,,6.6099,hfq
2021-03-23,30.630,35.690,29.730,32.850,48877,,,4.9856,hfq
2021-03-24,32.690,35.590,32.690,33.430,46702,,,1.7656,hfq
2021-03-25,31.790,35.290,30.450,32.650,45844,,,-2.3332,hfq
2021-03-26,32.090,37.050,32.030,35.590,67700,,,9.0046,hfq
2021-03-29,34.690,36.150,33.910,35.210,53620,,,-1.0677,hfq
2021-03-30,34.130,34.490,32.290,33.090,39988,,,-6.0210,hfq
2021-03-31,32.090,34.630,31.910,34.290,36617,,,3.6265,hfq
2021-04-01,33.350,33.630,32.110,32.110,29152,,,-6.3575,hfq
2021-04-02,31.850,32.290,31.330,31.810,17610,,,-0.9343,hfq
2021-04-06,32.070,32.590,31.650,31.810,14008,,,0.0000,hfq
2021-04-07,31.490,32.690,31.350,32.150,19173,,,1.0688,hfq
2021-04-08,31.710,31.810,29.790,30.050,26575,,,-6.5319,hfq
2021-04-09,29.970,30.370,29.470,29.550,10718,,,-1.6639,hfq
2021-04-12,29.890,29.890,29.050,29.170,9281,,,-1.2860,hfq
2021-04-13,29.250,29.470,28.530,28.810,11138,,,-1.2341,hfq
2021-04-14,28.630,29.130,28.390,29.050,8850,,,0.8330,hfq
2021-04-15,28.490,29.210,28.490,29.130,6323,,,0.2754,hfq
2021-04-16,28.750,29.790,28.750,29.770,11229,,,2.1970,hfq
2021-04-19,29.650,30.150,29.470,29.750,9205,,,-0.0672,hfq
2021-04-20,29.750,30.190,29.510,29.610,8507,,,-0.4706,hfq
2021-04-21,29.510,30.070,29.410,29.630,6676,,,0.0675,hfq
2021-04-22,29.570,29.950,28.930,29.050,7138,,,-1.9575,hfq
2021-04-23,29.610,29.950,28.990,29.050,7499,,,0.0000,hfq
2021-04-26,29.610,29.610,28.490,28.670,6242,,,-1.3081,hfq
2021-04-27,28.490,28.890,27.630,27.690,8110,,,-3.4182,hfq
2021-04-28,27.830,28.090,27.510,27.850,5233,,,0.5778,hfq
2021-04-29,27.510,28.230,27.510,28.090,5412,,,0.8618,hfq
2021-04-30,27.450,28.370,27.450,27.790,4377,,,-1.0680,hfq
2021-05-06,28.250,28.290,27.790,28.050,3356,,,0.9356,hfq
2021-05-07,27.970,28.010,27.630,27.990,3106,,,-0.2139,hfq
2021-05-10,28.010,28.230,27.130,27.310,5816,,,-2.4294,hfq
2021-05-11,27.290,27.670,27.290,27.450,2690,,,0.5126,hfq
2021-05-12,27.450,27.730,27.250,27.670,2710,,,0.8015,hfq
2021-05-13,27.670,28.190,27.550,27.810,4296,,,0.5060,hfq
2021-05-14,27.890,28.610,27.830,28.450,7155,,,2.3013,hfq
2021-05-17,28.270,28.270,27.730,27.750,5443,,,-2.4605,hfq
2021-05-18,27.970,27.970,27.370,27.550,3545,,,-0.7207,hfq
2021-05-19,27.470,27.590,26.990,27.110,7151,,,-1.5971,hfq
2021-05-20,27.290,27.590,26.890,27.370,4169,,,0.9591,hfq
2021-05-21,27.290,28.370,27.170,27.950,10315,,,2.1191,hfq
2021-05-24,28.230,29.870,27.750,29.770,26141,,,6.5116,hfq
2021-05-25,29.690,29.690,28.730,29.230,18559,,,-1.8139,hfq
2021-05-26,29.230,29.590,29.030,29.230,9309,,,0.0000,hfq
2021-05-27,28.870,29.530,28.790,28.990,9223,,,-0.8211,hfq
2021-05-28,28.850,29.170,28.570,28.750,6250,,,-0.8279,hfq
2021-05-31,28.670,29.790,28.450,29.450,16673,,,2.4348,hfq
2021-06-01,29.210,29.430,28.790,29.230,10086,,,-0.7470,hfq
2021-06-02,29.210,29.290,28.690,28.910,7673,,,-1.0948,hfq
2021-06-03,28.910,29.210,28.710,29.070,6130,,,0.5534,hfq
2021-06-04,29.110,29.110,28.550,28.690,5616,,,-1.3072,hfq
2021-06-07,28.610,28.850,28.450,28.490,4192,,,-0.6971,hfq
2021-06-08,28.550,28.750,28.350,28.630,4554,,,0.4914,hfq
2021-06-09,28.630,29.150,28.470,29.130,6059,,,1.7464,hfq
2021-06-10,28.950,29.230,28.870,29.070,4899,,,-0.2060,hfq
2021-06-11,30.150,34.710,30.150,34.710,59011,,,19.4014,hfq
2021-06-15,36.850,41.490,36.410,41.490,147750,,,19.5333,hfq
2021-06-16,41.650,44.590,38.650,39.050,126578,,,-5.8809,hfq
2021-06-17,38.490,45.810,38.490,41.750,130389,,,6.9142,hfq
2021-06-18,39.570,44.610,39.570,42.850,124277,,,2.6347,hfq
2021-06-21,41.690,43.410,39.230,42.830,112598,,,-0.0467,hfq
2021-06-22,43.650,44.250,41.050,42.950,112444,,,0.2802,hfq
2021-06-23,41.450,44.430,41.450,41.810,78542,,,-2.6542,hfq
2021-06-24,42.050,44.790,40.490,41.750,94598,,,-0.1435,hfq
2021-06-25,40.170,40.170,33.570,36.650,84790,,,-12.2156,hfq
2021-06-28,36.490,37.030,35.290,36.310,53882,,,-0.9277,hfq
2021-06-29,35.890,40.810,35.770,37.730,77319,,,3.9108,hfq
2021-06-30,38.770,39.190,36.510,38.590,59686,,,2.2794,hfq
2021-07-01,37.850,38.370,36.090,36.250,51268,,,-6.0637,hfq
2021-07-02,36.590,37.350,35.510,35.890,36448,,,-0.9931,hfq
2021-07-05,35.570,37.050,35.550,36.470,32167,,,1.6160,hfq
2021-07-06,36.430,38.270,35.570,37.450,50045,,,2.6871,hfq
2021-07-07,37.590,37.590,35.870,36.070,37620,,,-3.6849,hfq
2021-07-08,36.430,37.750,35.330,35.350,49025,,,-1.9961,hfq
2021-07-09,35.370,38.950,35.350,36.950,75341,,,4.5262,hfq
2021-07-12,37.630,37.630,36.010,36.970,50607,,,0.0541,hfq
2021-07-13,36.850,43.310,36.210,41.290,104111,,,11.6852,hfq
2021-07-14,40.530,40.750,38.450,38.890,71830,,,-5.8125,hfq
2021-07-15,37.310,38.490,37.270,37.490,39853,,,-3.5999,hfq
2021-07-16,37.970,38.350,36.510,38.030,43052,,,1.4404,hfq
2021-07-19,37.690,39.750,37.330,38.330,38197,,,0.7889,hfq
2021-07-20,38.330,38.710,36.430,36.950,34740,,,-3.6003,hfq
2021-07-21,36.610,37.330,35.910,37.110,35744,,,0.4330,hfq
2021-07-22,37.050,37.490,36.450,36.790,25579,,,-0.8623,hfq
2021-07-23,36.750,36.750,34.950,35.030,35298,,,-4.7839,hfq
2021-07-26,35.550,35.670,34.090,34.970,22073,,,-0.1713,hfq
2021-07-27,34.890,35.410,33.070,33.070,21503,,,-5.4332,hfq
2021-07-28,33.250,33.750,31.250,31.830,21248,,,-3.7496,hfq
2021-07-29,32.150,33.110,32.050,32.650,17207,,,2.5762,hfq
2021-07-30,32.010,34.150,32.010,33.570,20475,,,2.8178,hfq
2021-08-02,33.850,34.170,33.050,34.090,16059,,,1.5490,hfq
2021-08-03,34.190,35.450,34.070,34.370,20634,,,0.8214,hfq
2021-08-04,34.070,34.630,34.050,34.350,14339,,,-0.0582,hfq
2021-08-05,33.930,34.490,33.050,33.150,18199,,,-3.4934,hfq
2021-08-06,34.050,34.050,33.070,33.550,15663,,,1.2066,hfq
2021-08-09,33.250,35.290,33.170,34.910,22543,,,4.0537,hfq
2021-08-10,34.790,35.550,34.410,34.990,22240,,,0.2292,hfq
2021-08-11,34.810,35.830,34.430,35.770,31356,,,2.2292,hfq
2021-08-12,36.890,37.650,34.350,34.490,38430,,,-3.5784,hfq
2021-08-13,33.850,34.390,33.310,33.390,24704,,,-3.1893,hfq
2021-08-16,33.230,33.830,33.170,33.470,13431,,,0.2396,hfq
2021-08-17,33.490,33.790,32.450,32.570,14910,,,-2.6890,hfq
2021-08-18,32.890,34.830,32.570,33.850,24218,,,3.9300,hfq
2021-08-19,33.590,33.690,32.750,33.010,16083,,,-2.4815,hfq
2021-08-20,32.990,32.990,32.050,32.210,12659,,,-2.4235,hfq
2021-08-23,32.170,33.070,32.170,32.950,10657,,,2.2974,hfq
2021-08-24,33.170,33.290,32.610,33.030,10136,,,0.2428,hfq
2021-08-25,32.970,33.110,32.570,32.670,12766,,,-1.0899,hfq
2021-08-26,32.670,33.470,32.370,32.890,13763,,,0.6734,hfq
2021-08-27,32.850,33.630,32.390,33.290,17801,,,1.2162,hfq
2021-08-30,33.290,33.290,32.550,32.750,12631,,,-1.6221,hfq
2021-08-31,32.730,34.230,32.650,33.510,16805,,,2.3206,hfq
2021-09-01,32.990,35.310,32.890,35.310,42040,,,5.3715,hfq
2021-09-02,36.830,39.850,35.650,35.710,68829,,,1.1328,hfq
2021-09-03,34.230,35.590,34.230,34.510,43901,,,-3.3604,hfq
2021-09-06,34.570,34.750,33.250,34.110,29495,,,-1.1591,hfq
2021-09-07,33.810,34.410,33.610,34.290,18076,,,0.5277,hfq
2021-09-08,33.910,34.350,33.850,34.170,16006,,,-0.3500,hfq
2021-09-09,34.210,34.970,33.930,34.970,21647,,,2.3412,hfq
2021-09-10,35.650,36.810,34.570,34.570,32426,,,-1.1438,hfq
2021-09-13,34.530,35.310,33.650,34.930,21721,,,1.0414,hfq
2021-09-14,34.950,35.050,33.850,33.910,20171,,,-2.9201,hfq
2021-09-15,33.910,34.490,33.530,34.470,13460,,,1.6514,hfq
2021-09-16,34.630,35.190,33.870,33.890,16705,,,-1.6826,hfq
2021-09-17,34.150,34.250,32.950,33.030,18095,,,-2.5376,hfq
2021-09-22,32.490,32.930,32.010,32.650,9704,,,-1.1505,hfq
2021-09-23,32.450,33.550,32.450,33.390,11640,,,2.2665,hfq
2021-09-24,32.890,33.350,32.250,32.310,12611,,,-3.2345,hfq
2021-09-27,32.190,32.450,30.890,31.050,11719,,,-3.8997,hfq
2021-09-28,31.110,31.430,30.910,31.270,5782,,,0.7085,hfq
2021-09-29,30.850,31.590,30.610,31.210,6524,,,-0.1919,hfq
2021-09-30,31.650,33.410,31.270,32.390,11310,,,3.7808,hfq
2021-10-08,32.390,33.150,32.270,32.690,6964,,,0.9262,hfq
2021-10-11,32.710,32.950,32.050,32.170,5480,,,-1.5907,hfq
2021-10-12,32.130,32.370,31.490,32.190,7084,,,0.0622,hfq
2021-10-13,32.190,32.970,32.110,32.970,8473,,,2.4231,hfq
2021-10-14,32.830,33.270,32.510,32.890,6490,,,-0.2426,hfq
2021-10-15,32.550,33.030,32.210,32.430,5943,,,-1.3986,hfq
2021-10-18,32.070,32.750,31.850,32.410,3531,,,-0.0617,hfq
2021-10-19,32.410,32.690,32.030,32.210,3908,,,-0.6171,hfq
2021-10-20,32.210,32.210,31.550,31.650,6089,,,-1.7386,hfq
2021-10-21,31.650,31.850,31.350,31.410,3912,,,-0.7583,hfq
2021-10-22,31.410,31.870,31.410,31.490,3240,,,0.2547,hfq
2021-10-25,31.870,31.870,31.050,31.290,4568,,,-0.6351,hfq
2021-10-26,31.150,31.490,30.650,30.890,8134,,,-1.2784,hfq
2021-10-27,30.910,31.110,29.850,29.910,6638,,,-3.1725,hfq
2021-10-28,29.450,30.430,29.390,30.210,3644,,,1.0030,hfq
2021-10-29,30.350,30.810,29.990,30.750,3992,,,1.7875,hfq
2021-11-01,31.170,31.170,30.410,30.630,3527,,,-0.3902,hfq
2021-11-02,30.910,31.050,29.850,30.490,5419,,,-0.4571,hfq
2021-11-03,30.530,30.810,30.210,30.750,3627,,,0.8527,hfq
2021-11-04,30.730,30.910,30.410,30.770,3660,,,0.0650,hfq
2021-11-05,30.770,31.410,30.370,31.010,6980,,,0.7800,hfq
2021-11-08,31.630,31.630,30.890,31.210,5019,,,0.6450,hfq
2021-11-09,31.150,31.290,30.870,30.990,3933,,,-0.7049,hfq
2021-11-10,30.990,30.990,30.190,30.670,6118,,,-1.0326,hfq
2021-11-11,30.970,31.710,30.850,31.570,12646,,,2.9345,hfq
2021-11-12,31.150,32.850,31.150,32.850,17641,,,4.0545,hfq
2021-11-15,33.450,33.450,32.110,32.570,21913,,,-0.8524,hfq
2021-11-16,32.790,33.050,31.990,32.150,12486,,,-1.2895,hfq
2021-11-17,32.390,32.950,32.090,32.510,12497,,,1.1198,hfq
2021-11-18,32.650,32.690,31.650,31.690,9243,,,-2.5223,hfq
2021-11-19,31.650,32.290,31.590,32.110,9886,,,1.3253,hfq
2021-11-22,31.670,32.030,31.570,31.770,9318,,,-1.0589,hfq
2021-11-23,31.850,32.430,31.670,32.230,8086,,,1.4479,hfq
2021-11-24,32.210,32.270,31.750,32.010,6101,,,-0.6826,hfq
2021-11-25,31.990,32.450,31.750,32.230,8265,,,0.6873,hfq
2021-11-26,32.250,32.250,31.670,31.750,7489,,,-1.4893,hfq
2021-11-29,31.170,31.650,30.970,31.110,7134,,,-2.0157,hfq
2021-11-30,31.150,32.110,31.130,31.690,10582,,,1.8644,hfq
2021-12-01,32.750,34.770,32.650,33.310,35092,,,5.1120,hfq
2021-12-02,33.330,33.710,32.490,32.550,25006,,,-2.2816,hfq
2021-12-03,32.610,33.050,32.290,32.470,12605,,,-0.2458,hfq
2021-12-06,32.530,32.870,31.370,31.390,13335,,,-3.3261,hfq
2021-12-07,31.350,31.910,31.110,31.630,8973,,,0.7646,hfq
2021-12-08,31.690,31.830,31.270,31.650,5780,,,0.0632,hfq
2021-12-09,31.710,32.210,31.550,31.730,7977,,,0.2528,hfq
2021-12-10,31.770,33.390,31.450,32.610,18646,,,2.7734,hfq
2021-12-13,32.370,32.590,31.970,32.450,13767,,,-0.4906,hfq
2021-12-14,32.170,33.050,32.170,32.570,8915,,,0.3698,hfq
2021-12-15,32.590,33.230,32.470,32.830,15411,,,0.7983,hfq
2021-12-16,32.750,33.150,32.630,32.970,9768,,,0.4264,hfq
2021-12-17,32.810,33.090,32.290,32.650,10217,,,-0.9706,hfq
2021-12-20,32.470,33.350,32.470,33.330,19652,,,2.0827,hfq
2021-12-21,33.370,34.230,33.090,33.690,22285,,,1.0801,hfq
2021-12-22,33.650,34.610,33.310,33.590,19972,,,-0.2968,hfq
2021-12-23,33.550,34.050,32.850,32.850,14653,,,-2.2030,hfq
2021-12-24,32.690,33.030,32.250,32.370,9892,,,-1.4612,hfq
2021-12-27,32.650,32.830,31.770,32.350,8294,,,-0.0618,hfq
2021-12-28,32.350,33.050,32.350,32.790,7807,,,1.3601,hfq
2021-12-29,32.790,32.910,32.350,32.390,5834,,,-1.2199,hfq
2021-12-30,32.350,33.390,32.350,33.170,12495,,,2.4082,hfq
2021-12-31,33.050,33.710,32.950,33.370,11656,,,0.6030,hfq
2022-01-04,33.330,33.870,32.950,33.830,15704,,,1.3785,hfq
2022-01-05,33.810,34.150,33.110,33.470,11612,,,-1.0641,hfq
2022-01-06,33.290,33.970,33.170,33.770,11472,,,0.8963,hfq
2022-01-07,34.250,34.590,33.030,33.190,18591,,,-1.7175,hfq
2022-01-10,32.710,34.150,32.490,33.730,18620,,,1.6270,hfq
2022-01-11,33.850,34.470,33.270,33.450,15774,,,-0.8301,hfq
2022-01-12,33.630,34.130,33.170,34.010,13842,,,1.6741,hfq
2022-01-13,34.010,34.350,33.650,33.890,16535,,,-0.3528,hfq
2022-01-14,33.670,33.990,32.870,33.030,13952,,,-2.5376,hfq
2022-01-17,33.070,33.830,32.950,33.670,11643,,,1.9376,hfq
2022-01-18,33.970,33.970,32.810,32.870,13579,,,-2.3760,hfq
2022-01-19,33.150,34.830,32.930,34.250,31239,,,4.1984,hfq
2022-01-20,34.250,34.450,32.610,32.650,24354,,,-4.6715,hfq
2022-01-21,32.690,33.210,32.090,32.790,11358,,,0.4288,hfq
2022-01-24,32.610,32.990,31.710,31.750,12130,,,-3.1717,hfq
2022-01-25,31.750,31.790,30.510,30.510,14415,,,-3.9055,hfq
2022-01-26,30.510,31.150,30.270,31.130,9454,,,2.0321,hfq
2022-01-27,31.110,31.110,29.650,29.670,10757,,,-4.6900,hfq
2022-01-28,30.030,30.490,29.750,30.310,5856,,,2.1571,hfq
2022-02-07,30.750,31.610,30.110,31.430,10597,,,3.6952,hfq
2022-02-08,31.270,34.390,31.010,34.050,48877,,,8.3360,hfq
2022-02-09,38.850,38.850,34.390,34.470,79412,,,1.2335,hfq
2022-02-10,34.690,38.210,34.250,36.350,83960,,,5.4540,hfq
2022-02-11,35.250,35.950,34.650,34.850,52587,,,-4.1265,hfq
2022-02-14,34.790,36.250,34.290,35.570,49902,,,2.0660,hfq
2022-02-15,36.110,42.510,35.570,42.510,105947,,,19.5108,hfq
2022-02-16,45.650,50.850,44.650,50.850,178586,,,19.6189,hfq
2022-02-17,56.850,60.850,56.070,58.290,261221,,,14.6313,hfq
2022-02-18,54.610,69.370,54.050,66.230,282117,,,13.6215,hfq
2022-02-21,61.630,64.810,59.430,63.210,222324,,,-4.5599,hfq
2022-02-22,60.390,73.650,60.230,65.010,245260,,,2.8477,hfq
2022-02-23,61.050,68.350,59.230,65.510,191562,,,0.7691,hfq
2022-02-24,63.710,66.830,57.650,59.190,180530,,,-9.6474,hfq
2022-02-25,60.050,62.650,57.450,58.650,138645,,,-0.9123,hfq
2022-02-28,54.330,57.210,53.650,57.170,112349,,,-2.5234,hfq
2022-03-01,56.650,61.450,55.050,60.450,160944,,,5.7373,hfq
2022-03-02,58.870,66.770,58.810,62.210,213037,,,2.9115,hfq
2022-03-03,61.450,64.610,58.610,62.130,176088,,,-0.1286,hfq
2022-03-04,59.430,59.450,52.010,53.730,157783,,,-13.5200,hfq
2022-03-07,53.450,55.250,52.210,54.430,95628,,,1.3028,hfq
2022-03-08,54.050,56.810,52.050,55.050,124244,,,1.1391,hfq
2022-03-09,51.950,58.850,51.050,56.910,159635,,,3.3787,hfq
2022-03-10,56.030,62.370,55.950,58.250,160977,,,2.3546,hfq
2022-03-11,54.990,57.850,53.410,56.050,124204,,,-3.7768,hfq
2022-03-14,54.350,59.850,52.290,57.710,145092,,,2.9616,hfq
2022-03-15,57.230,69.090,56.850,69.090,263329,,,19.7193,hfq
2022-03-16,65.250,79.970,65.250,75.450,290773,,,9.2054,hfq
2022-03-17,75.790,84.850,72.310,76.590,260502,,,1.5109,hfq
2022-03-18,72.410,77.290,71.010,71.890,188811,,,-6.1366,hfq
2022-03-21,72.150,75.350,71.150,73.370,166215,,,2.0587,hfq
2022-03-22,70.850,72.630,67.910,69.150,132297,,,-5.7517,hfq
2022-03-23,68.650,74.850,68.650,70.950,153601,,,2.6030,hfq
2022-03-24,67.850,70.750,66.250,67.750,114073,,,-4.5102,hfq
2022-03-25,67.910,69.570,67.170,68.950,76818,,,1.7712,hfq
2022-03-28,66.850,68.810,64.250,68.250,73599,,,-1.0152,hfq
2022-03-29,68.430,72.290,67.290,68.250,98810,,,0.0000,hfq
2022-03-30,68.210,74.170,67.570,70.850,118179,,,3.8095,hfq
2022-03-31,69.050,74.250,68.890,69.250,124800,,,-2.2583,hfq
2022-04-01,65.570,65.590,57.450,60.070,141314,,,-13.2563,hfq
2022-04-06,60.090,61.350,57.010,60.450,82996,,,0.6326,hfq
2022-04-07,59.830,61.650,58.210,58.590,58245,,,-3.0769,hfq
2022-04-08,57.850,68.010,57.850,64.090,150226,,,9.3873,hfq
2022-04-11,62.870,66.390,60.110,61.230,103348,,,-4.4625,hfq
2022-04-12,58.670,63.350,57.450,62.350,92949,,,1.8292,hfq
2022-04-13,60.950,61.230,55.650,55.670,96058,,,-10.7137,hfq
2022-04-14,55.890,58.030,55.770,56.750,65912,,,1.9400,hfq
2022-04-15,56.870,57.550,55.390,56.870,54422,,,0.2115,hfq
2022-04-18,56.930,57.430,54.450,54.850,52932,,,-3.5520,hfq
2022-04-19,55.150,55.610,53.330,54.310,49563,,,-0.9845,hfq
2022-04-20,54.930,55.050,50.870,51.550,55101,,,-5.0819,hfq
2022-04-21,51.350,51.830,48.390,49.050,57585,,,-4.8497,hfq
2022-04-22,49.070,49.710,46.850,47.230,49769,,,-3.7105,hfq
2022-04-25,45.710,51.850,45.710,48.590,102328,,,2.8795,hfq
2022-04-26,48.870,51.990,47.510,50.850,114403,,,4.6512,hfq
2022-04-27,52.350,58.950,51.050,58.530,182584,,,15.1032,hfq
2022-04-28,54.150,58.010,53.250,55.990,138841,,,-4.3397,hfq
2022-04-29,55.250,58.830,54.250,56.550,127300,,,1.0002,hfq
2022-05-05,55.970,58.610,55.550,57.150,110469,,,1.0610,hfq
2022-05-06,52.870,57.450,52.730,54.850,105061,,,-4.0245,hfq
2022-05-09,56.590,59.410,56.590,57.430,122098,,,4.7037,hfq
2022-05-10,56.330,68.750,56.250,68.750,170945,,,19.7110,hfq
2022-05-11,73.850,74.750,63.250,64.430,228764,,,-6.2836,hfq
2022-05-12,63.070,67.570,61.750,62.530,159797,,,-2.9489,hfq
2022-05-13,62.550,63.410,60.250,61.410,106720,,,-1.7911,hfq
2022-05-16,62.450,62.610,58.850,60.070,91810,,,-2.1821,hfq
2022-05-17,58.950,59.730,54.890,56.990,106403,,,-5.1274,hfq
2022-05-18,56.330,58.690,56.010,57.210,74189,,,0.3860,hfq
2022-05-19,56.550,59.250,55.250,58.410,93653,,,2.0975,hfq
2022-05-20,58.450,59.050,55.870,56.410,87992,,,-3.4241,hfq
2022-05-23,56.470,57.650,55.430,56.450,57162,,,0.0709,hfq
2022-05-24,56.430,56.510,50.570,50.670,94949,,,-10.2391,hfq
2022-05-25,50.690,51.990,50.270,51.930,55749,,,2.4867,hfq
2022-05-26,52.270,56.850,51.850,55.010,107893,,,5.9311,hfq
2022-05-27,54.430,56.570,53.250,54.990,103971,,,-0.0364,hfq
2022-05-30,53.850,55.810,53.170,53.450,69188,,,-2.8005,hfq
2022-05-31,53.450,53.450,50.670,51.890,67601,,,-2.9186,hfq
2022-06-01,51.910,52.230,50.710,51.110,39922,,,-1.5032,hfq
2022-06-02,51.350,51.570,49.670,50.550,50796,,,-1.0957,hfq
2022-06-06,50.730,51.470,49.750,51.210,44229,,,1.3056,hfq
2022-06-07,50.970,51.970,48.570,51.830,66315,,,1.2107,hfq
2022-06-08,51.650,53.950,50.510,52.630,96331,,,1.5435,hfq
2022-06-09,51.370,53.970,50.570,52.850,79404,,,0.4180,hfq
2022-06-10,51.990,52.530,51.510,51.610,44682,,,-2.3463,hfq
2022-06-13,50.970,51.370,48.670,49.550,57389,,,-3.9915,hfq
2022-06-14,48.770,49.890,46.970,48.470,48327,,,-2.1796,hfq
2022-06-15,48.170,49.890,47.870,48.790,49471,,,0.6602,hfq
2022-06-16,48.570,49.310,48.130,49.050,35042,,,0.5329,hfq
2022-06-17,49.010,49.010,47.390,48.130,36324,,,-1.8756,hfq
2022-06-20,48.950,49.570,48.310,48.730,35414,,,1.2466,hfq
2022-06-21,48.770,50.530,47.730,49.010,59950,,,0.5746,hfq
2022-06-22,48.570,48.770,46.970,47.090,44769,,,-3.9176,hfq
2022-06-23,46.970,48.670,46.290,48.290,41164,,,2.5483,hfq
2022-06-24,48.650,49.170,47.890,48.570,36417,,,0.5798,hfq
2022-06-27,48.810,49.490,48.370,48.990,29541,,,0.8647,hfq
2022-06-28,48.970,48.970,48.170,48.390,27382,,,-1.2247,hfq
2022-06-29,48.510,55.670,48.410,53.910,139116,,,11.4073,hfq
2022-06-30,53.570,53.570,50.970,51.650,90878,,,-4.1922,hfq
2022-07-01,51.790,52.970,50.190,50.250,59792,,,-2.7106,hfq
2022-07-04,50.210,50.970,48.510,50.810,46332,,,1.1144,hfq
2022-07-05,50.750,50.810,48.630,49.370,39350,,,-2.8341,hfq
2022-07-06,49.070,49.070,47.150,47.690,39921,,,-3.4029,hfq
2022-07-07,47.290,48.190,47.210,47.350,27254,,,-0.7129,hfq
2022-07-08,47.750,49.150,47.370,47.970,36346,,,1.3094,hfq
2022-07-11,47.590,49.630,46.910,48.610,39736,,,1.3342,hfq
2022-07-12,48.510,51.790,47.770,50.730,91683,,,4.3612,hfq
2022-07-13,50.870,52.970,50.130,50.390,94625,,,-0.6702,hfq
2022-07-14,48.990,49.970,48.230,48.970,69980,,,-2.8180,hfq
2022-07-15,48.630,48.890,46.890,47.210,55506,,,-3.5940,hfq
2022-07-18,47.250,48.950,47.090,48.170,38213,,,2.0335,hfq
2022-07-19,48.050,48.530,47.230,47.790,36577,,,-0.7889,hfq
2022-07-20,49.930,50.850,47.830,47.970,53665,,,0.3766,hfq
2022-07-21,47.390,48.370,47.190,47.370,38721,,,-1.2508,hfq
2022-07-22,46.970,47.750,46.570,46.810,28264,,,-1.1822,hfq
2022-07-25,46.610,47.450,45.770,45.830,22828,,,-2.0936,hfq
2022-07-26,46.170,46.910,44.550,46.870,32858,,,2.2693,hfq
2022-07-27,46.370,46.750,45.870,45.970,19725,,,-1.9202,hfq
2022-07-28,45.910,46.750,45.590,45.710,22394,,,-0.5656,hfq
2022-07-29,46.130,46.190,43.910,43.930,29952,,,-3.8941,hfq
2022-08-01,43.930,44.470,43.470,44.370,20158,,,1.0016,hfq
2022-08-02,43.010,44.210,40.210,40.530,37070,,,-8.6545,hfq
2022-08-03,40.170,41.890,40.150,40.370,27716,,,-0.3948,hfq
2022-08-04,40.490,41.690,40.450,41.690,27925,,,3.2698,hfq
2022-08-05,41.770,41.970,41.150,41.970,19863,,,0.6716,hfq
2022-08-08,41.970,42.470,41.610,42.110,16312,,,0.3336,hfq
2022-08-09,42.110,42.210,41.430,41.910,13483,,,-0.4749,hfq
2022-08-10,41.970,41.970,41.130,41.550,16696,,,-0.8590,hfq
2022-08-11,41.590,43.970,41.570,42.670,45378,,,2.6955,hfq
2022-08-12,42.090,43.450,41.710,43.130,32983,,,1.0780,hfq
2022-08-15,43.050,43.050,41.870,42.330,22341,,,-1.8549,hfq
2022-08-16,42.330,43.350,42.070,42.770,22163,,,1.0395,hfq
2022-08-17,42.770,43.130,42.410,42.470,15073,,,-0.7014,hfq
2022-08-18,42.470,42.470,41.510,41.810,18479,,,-1.5540,hfq
2022-08-19,41.950,42.550,41.470,41.470,15838,,,-0.8132,hfq
2022-08-22,41.150,42.010,40.890,41.870,12118,,,0.9646,hfq
2022-08-23,41.870,41.870,40.830,41.510,15826,,,-0.8598,hfq
2022-08-24,41.210,41.450,39.610,39.990,16269,,,-3.6618,hfq
2022-08-25,40.050,41.970,40.010,41.370,30157,,,3.4509,hfq
2022-08-26,41.070,41.330,40.330,40.370,19005,,,-2.4172,hfq
2022-08-29,39.970,41.630,39.870,41.450,25659,,,2.6753,hfq
2022-08-30,42.150,42.370,40.990,41.350,18966,,,-0.2413,hfq
2022-08-31,41.750,41.750,40.530,40.850,17489,,,-1.2092,hfq
2022-09-01,40.850,42.330,40.290,41.370,26969,,,1.2729,hfq
2022-09-02,41.270,41.930,40.550,40.930,16939,,,-1.0636,hfq
2022-09-05,40.690,41.970,40.530,41.570,17176,,,1.5636,hfq
2022-09-06,41.850,42.070,41.070,41.450,20356,,,-0.2887,hfq
2022-09-07,41.110,42.670,40.770,42.290,38387,,,2.0265,hfq
2022-09-08,42.130,42.630,41.370,41.510,19444,,,-1.8444,hfq
2022-09-09,41.470,42.970,41.370,42.290,42306,,,1.8791,hfq
2022-09-13,42.270,42.830,41.730,42.070,27193,,,-0.5202,hfq
2022-09-14,41.370,41.690,40.890,41.130,23732,,,-2.2344,hfq
2022-09-15,41.430,41.570,39.530,40.470,23441,,,-1.6047,hfq
2022-09-16,40.570,40.630,38.090,38.250,22525,,,-5.4855,hfq
2022-09-19,38.230,38.330,36.970,37.870,10735,,,-0.9935,hfq
2022-09-20,38.170,39.350,37.950,39.130,16824,,,3.3272,hfq
2022-09-21,39.170,39.570,38.290,39.310,12899,,,0.4600,hfq
2022-09-22,39.170,39.530,38.210,38.270,13240,,,-2.6456,hfq
2022-09-23,38.350,43.330,38.170,41.730,89106,,,9.0410,hfq
2022-09-26,40.650,41.170,38.730,38.970,58496,,,-6.6139,hfq
2022-09-27,39.270,39.970,38.090,39.750,38605,,,2.0015,hfq
2022-09-28,39.970,39.970,38.370,38.410,27699,,,-3.3711,hfq
2022-09-29,38.190,40.370,37.290,37.890,46330,,,-1.3538,hfq
2022-09-30,37.130,37.490,35.350,35.470,35542,,,-6.3869,hfq
2022-10-10,35.490,36.170,34.990,35.170,16105,,,-0.8458,hfq
2022-10-11,35.070,35.730,34.010,34.910,14673,,,-0.7393,hfq
2022-10-12,35.150,35.750,33.890,35.670,18026,,,2.1770,hfq
2022-10-13,35.650,37.770,35.090,36.590,28335,,,2.5792,hfq
2022-10-14,36.730,38.030,36.730,37.090,26859,,,1.3665,hfq
2022-10-17,36.950,37.690,36.810,37.470,22626,,,1.0245,hfq
2022-10-18,37.770,38.150,37.210,37.750,17601,,,0.7473,hfq
2022-10-19,37.730,38.570,37.330,37.870,22926,,,0.3179,hfq
2022-10-20,37.470,38.090,37.170,37.370,17491,,,-1.3203,hfq
2022-10-21,37.690,38.910,37.510,38.610,34606,,,3.3182,hfq
2022-10-24,38.290,38.750,36.390,36.410,34266,,,-5.6980,hfq
2022-10-25,37.110,37.530,35.690,36.750,17397,,,0.9338,hfq
2022-10-26,36.170,37.430,35.970,37.210,13439,,,1.2517,hfq
2022-10-27,37.410,37.830,36.790,37.430,14057,,,0.5912,hfq
2022-10-28,37.370,37.550,35.330,35.590,18488,,,-4.9158,hfq
2022-10-31,35.690,36.230,35.050,35.630,14278,,,0.1124,hfq
2022-11-01,35.970,37.110,35.770,37.090,18963,,,4.0977,hfq
2022-11-02,37.130,39.050,37.110,37.970,27954,,,2.3726,hfq
2022-11-03,37.970,41.530,37.410,39.170,63097,,,3.1604,hfq
2022-11-04,38.970,39.670,38.590,38.890,40801,,,-0.7148,hfq
2022-11-07,38.810,40.610,38.410,40.170,48933,,,3.2913,hfq
2022-11-08,40.570,40.690,39.530,40.170,32765,,,0.0000,hfq
2022-11-09,40.170,41.530,39.530,39.650,29678,,,-1.2945,hfq
2022-11-10,39.650,40.330,39.130,39.870,19893,,,0.5549,hfq
2022-11-11,40.390,43.370,40.270,42.250,72865,,,5.9694,hfq
2022-11-14,42.890,43.330,40.890,41.230,60100,,,-2.4142,hfq
2022-11-15,41.010,41.730,40.370,41.090,32214,,,-0.3396,hfq
2022-11-16,41.370,41.950,40.710,41.150,24579,,,0.1460,hfq
2022-11-17,41.470,41.490,40.190,40.470,23157,,,-1.6525,hfq
2022-11-18,40.470,40.910,39.670,39.750,18865,,,-1.7791,hfq
2022-11-21,39.570,39.930,39.070,39.890,16385,,,0.3522,hfq
2022-11-22,39.550,41.470,39.550,40.850,46528,,,2.4066,hfq
2022-11-23,40.490,42.830,40.070,40.590,65036,,,-0.6365,hfq
2022-11-24,40.490,41.690,40.030,40.190,44387,,,-0.9855,hfq
2022-11-25,40.090,41.530,40.090,40.390,32990,,,0.4976,hfq
2022-11-28,39.470,40.150,39.050,39.370,31595,,,-2.5254,hfq
2022-11-29,39.970,42.030,39.830,41.590,62954,,,5.6388,hfq
2022-11-30,41.570,42.090,39.890,40.150,45349,,,-3.4624,hfq
2022-12-01,39.970,40.350,39.270,39.490,35337,,,-1.6438,hfq
2022-12-02,39.450,40.410,38.530,40.250,36211,,,1.9245,hfq
2022-12-05,40.790,41.210,39.870,40.950,37163,,,1.7391,hfq
2022-12-06,41.170,41.170,39.770,39.850,26205,,,-2.6862,hfq
2022-12-07,39.850,39.950,38.870,39.210,24002,,,-1.6060,hfq
2022-12-08,39.310,39.310,38.350,38.510,21831,,,-1.7853,hfq
2022-12-09,38.470,38.970,37.770,37.770,19091,,,-1.9216,hfq
2022-12-12,37.570,38.010,37.270,37.670,13409,,,-0.2648,hfq
2022-12-13,37.370,37.610,36.630,36.770,18343,,,-2.3892,hfq
2022-12-14,36.770,36.970,36.010,36.350,18309,,,-1.1422,hfq
2022-12-15,36.350,36.770,36.170,36.630,10675,,,0.7703,hfq
2022-12-16,36.750,37.930,36.010,37.250,35488,,,1.6926,hfq
2022-12-19,36.590,37.310,35.890,36.050,20011,,,-3.2215,hfq
2022-12-20,36.050,36.890,35.530,36.530,18079,,,1.3315,hfq
2022-12-21,36.290,37.130,36.170,36.690,14105,,,0.4380,hfq
2022-12-22,37.230,37.230,34.790,34.830,26679,,,-5.0695,hfq
2022-12-23,34.610,36.110,34.610,35.810,22880,,,2.8137,hfq
2022-12-26,35.410,36.430,35.410,36.250,13282,,,1.2287,hfq
2022-12-27,36.230,42.070,36.170,39.570,107159,,,9.1586,hfq
2022-12-28,39.090,39.490,38.170,38.530,60493,,,-2.6283,hfq
2022-12-29,38.630,38.870,37.630,37.730,33047,,,-2.0763,hfq
2022-12-30,37.890,38.110,37.330,37.890,24831,,,0.4241,hfq
2023-01-03,37.730,38.330,37.470,38.290,24087,,,1.0557,hfq
2023-01-04,38.250,40.110,37.990,39.830,59898,,,4.0219,hfq
2023-01-05,39.730,39.950,38.970,39.370,30973,,,-1.1549,hfq
2023-01-06,39.350,42.550,39.110,41.290,94599,,,4.8768,hfq
2023-01-09,40.950,41.930,39.970,40.450,53762,,,-2.0344,hfq
2023-01-10,40.130,40.850,39.770,40.010,30158,,,-1.0878,hfq
2023-01-11,40.010,40.730,39.570,39.590,25981,,,-1.0497,hfq
2023-01-12,39.410,39.830,39.110,39.310,18511,,,-0.7072,hfq
2023-01-13,39.690,40.010,39.150,39.370,17636,,,0.1526,hfq
2023-01-16,39.290,40.370,39.070,40.070,21033,,,1.7780,hfq
2023-01-17,40.290,40.290,39.590,39.850,14800,,,-0.5490,hfq
2023-01-18,39.770,40.230,39.690,39.870,10680,,,0.0502,hfq
2023-01-19,39.810,40.630,39.670,40.330,21230,,,1.1537,hfq
2023-01-20,40.230,40.870,40.170,40.870,18717,,,1.3390,hfq
2023-01-30,41.390,41.450,40.730,40.870,25602,,,0.0000,hfq
2023-01-31,40.610,41.530,40.310,41.350,22980,,,1.1745,hfq
2023-02-01,41.330,42.130,40.990,41.790,30074,,,1.0641,hfq
2023-02-02,41.210,41.970,41.210,41.830,20468,,,0.0957,hfq
2023-02-03,41.930,41.950,40.990,41.530,16799,,,-0.7172,hfq
2023-02-06,41.370,42.750,41.090,42.070,30977,,,1.3003,hfq
2023-02-07,42.130,42.130,41.510,41.870,23259,,,-0.4754,hfq
2023-02-08,41.850,41.870,40.930,40.990,20305,,,-2.1017,hfq
2023-02-09,40.990,41.310,40.870,41.230,17884,,,0.5855,hfq
2023-02-10,41.230,41.350,40.730,40.910,13329,,,-0.7761,hfq
2023-02-13,40.930,42.490,40.790,41.470,33811,,,1.3689,hfq
2023-02-14,41.710,42.530,41.370,41.790,34175,,,0.7716,hfq
2023-02-15,41.950,42.530,41.290,41.890,27576,,,0.2393,hfq
2023-02-16,41.890,42.470,39.510,40.090,35685,,,-4.2970,hfq
2023-02-17,40.170,42.730,40.170,41.750,62142,,,4.1407,hfq
2023-02-20,41.990,44.270,41.530,42.850,76228,,,2.6347,hfq
2023-02-21,42.750,44.330,42.210,44.290,77586,,,3.3606,hfq
2023-02-22,43.810,44.330,43.150,43.690,51784,,,-1.3547,hfq
2023-02-23,43.570,43.790,42.810,43.550,31978,,,-0.3204,hfq
2023-02-24,43.370,43.370,42.130,42.730,26354,,,-1.8829,hfq
2023-02-27,42.610,42.610,41.390,41.970,23137,,,-1.7786,hfq
2023-02-28,41.850,42.270,41.470,42.210,17303,,,0.5718,hfq
2023-03-01,42.170,42.610,41.850,42.410,17294,,,0.4738,hfq
2023-03-02,42.170,44.110,42.010,42.870,41236,,,1.0846,hfq
2023-03-03,42.770,43.770,42.430,42.790,33804,,,-0.1866,hfq
2023-03-06,42.610,42.930,41.430,41.850,26621,,,-2.1968,hfq
2023-03-07,41.790,43.110,41.130,41.490,29553,,,-0.8602,hfq
2023-03-08,40.950,42.290,40.730,42.010,20799,,,1.2533,hfq
2023-03-09,42.070,44.790,41.470,44.390,97333,,,5.6653,hfq
2023-03-10,46.730,50.210,44.610,44.750,148205,,,0.8110,hfq
2023-03-13,42.410,44.290,42.410,43.430,99355,,,-2.9497,hfq
2023-03-14,42.590,42.870,41.010,41.130,66291,,,-5.2959,hfq
2023-03-15,41.570,43.570,40.970,43.450,67844,,,5.6407,hfq
2023-03-16,42.950,43.550,42.010,42.230,45643,,,-2.8078,hfq
2023-03-17,42.530,43.130,41.770,42.130,34927,,,-0.2368,hfq
2023-03-20,42.370,42.530,41.190,41.370,29585,,,-1.8039,hfq
2023-03-21,41.390,42.170,41.230,42.170,23138,,,1.9338,hfq
2023-03-22,42.090,43.310,41.890,42.750,34684,,,1.3754,hfq
2023-03-23,42.450,43.070,42.010,42.290,25844,,,-1.0760,hfq
2023-03-24,41.990,42.270,41.290,41.390,29208,,,-2.1282,hfq
2023-03-27,41.570,42.030,41.230,41.990,18329,,,1.4496,hfq
2023-03-28,42.010,42.210,40.450,40.490,28107,,,-3.5723,hfq
2023-03-29,40.910,40.930,39.310,39.410,26552,,,-2.6673,hfq
2023-03-30,39.750,40.170,38.490,38.670,26323,,,-1.8777,hfq
2023-03-31,38.350,39.070,38.290,38.730,16144,,,0.1552,hfq
2023-04-03,38.690,39.490,38.690,38.990,21868,,,0.6713,hfq
2023-04-04,39.370,39.370,37.670,37.870,28574,,,-2.8725,hfq
2023-04-06,37.930,38.130,37.470,38.010,16952,,,0.3697,hfq
2023-04-07,37.950,38.330,37.710,38.170,13853,,,0.4209,hfq
2023-04-10,38.170,38.270,37.370,37.650,16113,,,-1.3623,hfq
2023-04-11,37.650,37.870,36.970,37.310,16782,,,-0.9031,hfq
2023-04-12,37.530,37.530,37.090,37.210,11840,,,-0.2680,hfq
2023-04-13,37.450,40.030,37.070,39.450,54062,,,6.0199,hfq
2023-04-14,39.070,39.690,38.410,38.570,31066,,,-2.2307,hfq
2023-04-17,38.330,39.170,38.330,38.730,18215,,,0.4148,hfq
2023-04-18,38.690,38.890,37.690,37.830,17175,,,-2.3238,hfq
2023-04-19,38.150,38.330,37.310,37.910,16199,,,0.2115,hfq
2023-04-20,37.950,37.950,37.070,37.510,15444,,,-1.0551,hfq
2023-04-21,37.690,38.130,37.190,37.270,13192,,,-0.6398,hfq
2023-04-24,37.170,37.250,35.570,36.090,16685,,,-3.1661,hfq
2023-04-25,36.090,36.530,34.910,35.310,15481,,,-2.1613,hfq
2023-04-26,35.310,35.770,34.650,34.970,20065,,,-0.9629,hfq
2023-04-27,35.030,36.470,34.810,35.630,22064,,,1.8873,hfq
2023-04-28,35.630,36.990,35.490,36.730,19356,,,3.0873,hfq
2023-05-04,36.370,37.530,36.370,37.350,14670,,,1.6880,hfq
2023-05-05,37.290,39.270,36.930,38.190,35189,,,2.2490,hfq
2023-05-08,38.230,38.910,37.830,38.570,25266,,,0.9950,hfq
2023-05-09,38.270,38.890,37.970,37.970,18808,,,-1.5556,hfq
2023-05-10,37.890,39.270,37.890,38.530,19227,,,1.4748,hfq
2023-05-11,38.950,39.410,38.130,38.950,23327,,,1.0901,hfq
2023-05-12,38.870,39.130,38.210,38.310,14752,,,-1.6431,hfq
2023-05-15,38.530,38.570,37.690,38.230,11820,,,-0.2088,hfq
2023-05-16,38.510,38.510,37.410,37.610,10310,,,-1.6218,hfq
2023-05-17,37.690,38.670,37.190,38.590,15095,,,2.6057,hfq
2023-05-18,38.570,39.370,38.290,39.350,20764,,,1.9694,hfq
2023-05-19,39.170,39.370,37.770,38.210,19567,,,-2.8971,hfq
2023-05-22,38.070,38.690,37.950,38.610,11008,,,1.0468,hfq
2023-05-23,38.610,39.530,38.270,38.990,22960,,,0.9842,hfq
2023-05-24,38.770,39.550,38.530,39.170,21621,,,0.4617,hfq
2023-05-25,39.170,46.810,38.790,46.810,124956,,,19.5047,hfq
2023-05-26,46.350,53.750,44.990,48.090,238864,,,2.7345,hfq
2023-05-29,45.670,47.490,44.230,46.370,143925,,,-3.5766,hfq
2023-05-30,45.330,47.270,43.810,44.570,112847,,,-3.8818,hfq
2023-05-31,44.210,44.450,42.950,43.290,70884,,,-2.8719,hfq
2023-06-01,43.390,44.810,42.710,43.010,70980,,,-0.6468,hfq
2023-06-02,43.010,43.850,42.210,43.210,65643,,,0.4650,hfq
2023-06-05,43.410,45.690,42.890,44.430,108527,,,2.8234,hfq
2023-06-06,43.870,47.010,43.290,45.290,127206,,,1.9356,hfq
2023-06-07,44.510,46.010,43.430,43.650,87630,,,-3.6211,hfq
2023-06-08,43.250,50.490,42.910,47.330,172076,,,8.4307,hfq
2023-06-09,45.670,46.290,44.290,44.730,115849,,,-5.4933,hfq
2023-06-12,44.890,48.190,43.770,47.230,125363,,,5.5891,hfq
2023-06-13,47.930,48.070,46.410,47.010,84944,,,-0.4658,hfq
2023-06-14,46.650,47.750,45.930,46.090,72420,,,-1.9570,hfq
2023-06-15,46.010,46.710,45.270,45.530,53543,,,-1.2150,hfq
2023-06-16,45.150,46.210,44.930,45.410,61160,,,-0.2636,hfq
2023-06-19,45.490,45.590,44.470,44.750,45422,,,-1.4534,hfq
2023-06-20,44.690,44.850,43.850,43.990,41663,,,-1.6983,hfq
2023-06-21,44.090,44.590,43.230,43.310,30471,,,-1.5458,hfq
2023-06-26,43.450,44.690,42.490,44.290,52912,,,2.2628,hfq
2023-06-27,44.690,45.630,43.390,45.030,51140,,,1.6708,hfq
2023-06-28,44.650,47.090,44.330,45.390,65699,,,0.7995,hfq
2023-06-29,44.510,45.750,43.630,44.690,46468,,,-1.5422,hfq
2023-06-30,44.690,46.290,44.470,44.610,40547,,,-0.1790,hfq
2023-07-03,44.930,46.090,44.790,45.090,47009,,,1.0760,hfq
2023-07-04,45.370,45.430,43.290,43.970,49519,,,-2.4839,hfq
2023-07-05,43.570,44.370,43.270,44.330,29463,,,0.8187,hfq
2023-07-06,44.250,44.590,43.290,43.290,24927,,,-2.3460,hfq
2023-07-07,43.070,44.410,42.490,43.990,35170,,,1.6170,hfq
2023-07-10,43.810,47.010,43.670,46.870,100267,,,6.5469,hfq
2023-07-11,46.890,47.490,45.830,46.390,61045,,,-1.0241,hfq
2023-07-12,46.750,47.330,45.490,45.950,53804,,,-0.9485,hfq
2023-07-13,46.090,46.590,42.650,43.830,88734,,,-4.6137,hfq
2023-07-14,43.290,43.770,42.910,43.570,35025,,,-0.5932,hfq
2023-07-17,43.470,44.350,41.910,43.750,41978,,,0.4131,hfq
2023-07-18,43.670,44.830,42.890,44.710,48138,,,2.1943,hfq
2023-07-19,44.910,45.990,44.410,45.530,61171,,,1.8340,hfq
2023-07-20,45.490,48.950,45.130,47.230,127405,,,3.7338,hfq
2023-07-21,47.890,52.850,46.490,49.750,175500,,,5.3356,hfq
2023-07-24,51.610,54.630,47.990,47.990,174326,,,-3.5377,hfq
2023-07-25,48.250,51.930,47.390,51.010,172848,,,6.2930,hfq
2023-07-26,50.090,54.190,49.810,52.770,195001,,,3.4503,hfq
2023-07-27,50.310,51.430,47.090,47.890,150556,,,-9.2477,hfq
2023-07-28,47.910,49.550,45.630,45.790,123497,,,-4.3850,hfq
2023-07-31,45.870,47.750,44.950,46.810,97415,,,2.2276,hfq
2023-08-01,47.110,47.110,44.410,45.010,84580,,,-3.8453,hfq
2023-08-02,44.470,45.850,44.450,45.050,47476,,,0.0889,hfq
2023-08-03,43.490,43.570,42.050,42.350,83904,,,-5.9933,hfq
2023-08-04,42.390,42.830,41.530,41.550,60328,,,-1.8890,hfq
2023-08-07,41.210,41.570,40.690,40.930,37346,,,-1.4922,hfq
2023-08-08,40.950,42.670,40.930,42.350,76757,,,3.4693,hfq
2023-08-09,41.990,44.350,41.350,42.530,84582,,,0.4250,hfq
2023-08-10,41.550,42.050,41.090,41.230,51982,,,-3.0567,hfq
2023-08-11,41.130,41.870,40.690,40.830,36212,,,-0.9702,hfq
2023-08-14,40.570,41.910,39.990,41.690,34059,,,2.1063,hfq
2023-08-15,41.790,41.870,40.530,40.910,25209,,,-1.8710,hfq
2023-08-16,40.830,41.790,40.290,41.330,37747,,,1.0266,hfq
2023-08-17,41.130,42.790,40.750,42.670,51760,,,3.2422,hfq
2023-08-18,42.350,44.490,41.890,42.690,77242,,,0.0469,hfq
2023-08-21,42.170,46.090,42.130,44.770,108166,,,4.8723,hfq
2023-08-22,45.090,45.090,43.430,44.270,71331,,,-1.1168,hfq
2023-08-23,43.890,43.890,42.490,42.730,45642,,,-3.4787,hfq
2023-08-24,42.570,42.930,41.410,41.630,37760,,,-2.5743,hfq
2023-08-25,41.710,42.710,40.990,41.950,46526,,,0.7687,hfq
2023-08-28,44.690,45.950,42.690,43.890,98722,,,4.6246,hfq
2023-08-29,43.690,45.170,43.530,44.690,68951,,,1.8227,hfq
2023-08-30,44.090,44.650,42.730,43.130,56012,,,-3.4907,hfq
2023-08-31,43.170,43.730,41.710,41.730,40554,,,-3.2460,hfq
2023-09-01,41.890,49.850,41.470,49.850,138165,,,19.4584,hfq
2023-09-04,52.530,53.810,50.050,51.230,238999,,,2.7683,hfq
2023-09-05,49.390,53.850,48.210,53.850,261791,,,5.1142,hfq
2023-09-06,51.990,52.350,49.410,49.410,195671,,,-8.2451,hfq
2023-09-07,49.570,57.530,49.570,55.010,276292,,,11.3337,hfq
2023-09-08,51.490,54.090,50.670,52.550,222996,,,-4.4719,hfq
2023-09-11,51.070,51.070,47.490,49.030,151104,,,-6.6984,hfq
2023-09-12,49.090,49.510,46.570,47.070,121859,,,-3.9976,hfq
2023-09-13,47.070,51.050,46.690,49.710,193351,,,5.6087,hfq
2023-09-14,48.090,48.790,46.690,47.330,122730,,,-4.7878,hfq
2023-09-15,47.370,48.850,46.090,48.810,122837,,,3.1270,hfq
2023-09-18,47.730,53.090,47.730,50.710,179854,,,3.8926,hfq
2023-09-19,50.710,52.290,47.350,47.710,150010,,,-5.9160,hfq
2023-09-20,46.750,47.090,43.290,43.610,128149,,,-8.5936,hfq
2023-09-21,43.590,44.330,42.790,43.990,81620,,,0.8714,hfq
2023-09-22,43.110,43.750,41.870,43.530,75655,,,-1.0457,hfq
2023-09-25,43.050,43.270,41.310,41.850,86102,,,-3.8594,hfq
2023-09-26,41.690,41.690,40.030,40.230,76612,,,-3.8710,hfq
2023-09-27,40.090,40.490,39.030,39.070,78324,,,-2.8834,hfq
2023-09-28,39.050,39.670,38.870,39.050,53737,,,-0.0512,hfq
2023-10-09,39.070,39.210,37.870,38.090,55797,,,-2.4584,hfq
2023-10-10,38.090,38.350,37.330,37.470,45833,,,-1.6277,hfq
2023-10-11,37.590,37.630,36.890,37.110,39525,,,-0.9608,hfq
2023-10-12,37.110,37.390,36.610,37.390,37922,,,0.7545,hfq
2023-10-13,37.190,37.250,36.310,36.390,41778,,,-2.6745,hfq
2023-10-16,36.610,36.730,35.990,36.210,36113,,,-0.4946,hfq
2023-10-17,36.290,36.350,35.470,35.810,34393,,,-1.1047,hfq
2023-10-18,35.810,35.810,34.890,34.890,30112,,,-2.5691,hfq
2023-10-19,35.010,35.690,34.530,34.970,32276,,,0.2293,hfq
2023-10-20,34.870,35.610,34.690,34.850,28417,,,-0.3432,hfq
2023-10-23,34.690,34.770,33.570,33.730,31439,,,-3.2138,hfq
2023-10-24,34.090,35.330,33.830,35.310,49487,,,4.6843,hfq
2023-10-25,36.890,37.550,36.030,36.410,75099,,,3.1153,hfq
2023-10-26,35.990,36.810,35.090,35.850,50252,,,-1.5380,hfq
2023-10-27,35.590,35.830,35.190,35.490,33790,,,-1.0042,hfq
2023-10-30,35.090,36.210,35.090,36.030,35404,,,1.5216,hfq
2023-10-31,36.230,37.610,35.950,36.610,64996,,,1.6098,hfq
2023-11-01,36.290,37.810,36.110,37.150,60098,,,1.4750,hfq
2023-11-02,37.470,37.590,36.530,36.570,42039,,,-1.5612,hfq
2023-11-03,36.490,37.010,36.290,36.530,27794,,,-0.1094,hfq
2023-11-06,36.850,37.290,36.550,37.150,37448,,,1.6972,hfq
2023-11-07,37.090,37.490,36.850,37.410,38123,,,0.6999,hfq
2023-11-08,37.610,37.610,36.770,37.150,37005,,,-0.6950,hfq
2023-11-09,37.230,37.930,36.930,37.270,39859,,,0.3230,hfq
2023-11-10,37.050,37.210,36.350,36.910,27057,,,-0.9659,hfq
2023-11-13,36.870,38.230,36.710,38.210,49700,,,3.5221,hfq
2023-11-14,37.950,38.290,37.610,37.870,28995,,,-0.8898,hfq
2023-11-15,37.990,38.210,37.610,37.670,28070,,,-0.5281,hfq
2023-11-16,37.670,37.890,37.510,37.710,23472,,,0.1062,hfq
2023-11-17,37.550,37.890,37.290,37.510,18517,,,-0.5304,hfq
2023-11-20,37.530,37.750,37.290,37.730,21794,,,0.5865,hfq
2023-11-21,37.690,38.450,37.450,37.470,38566,,,-0.6891,hfq
2023-11-22,37.490,38.170,37.390,37.450,30691,,,-0.0534,hfq
2023-11-23,37.290,37.950,36.790,37.690,28187,,,0.6409,hfq
2023-11-24,37.870,38.070,36.930,37.010,21042,,,-1.8042,hfq
2023-11-27,37.010,37.470,36.670,36.810,18797,,,-0.5404,hfq
2023-11-28,36.810,37.370,36.550,37.210,17281,,,1.0867,hfq
2023-11-29,37.190,37.250,36.190,36.210,21810,,,-2.6874,hfq
2023-11-30,36.450,36.590,35.750,36.010,16256,,,-0.5523,hfq
2023-12-01,36.090,36.730,35.630,36.570,18707,,,1.5551,hfq
2023-12-04,36.530,37.110,36.530,36.830,17015,,,0.7110,hfq
2023-12-05,36.830,36.850,35.730,35.730,16996,,,-2.9867,hfq
2023-12-06,36.070,36.450,35.550,35.990,15662,,,0.7277,hfq
2023-12-07,36.170,36.350,35.450,35.610,15516,,,-1.0558,hfq
2023-12-08,35.650,35.810,34.690,34.790,19940,,,-2.3027,hfq
2023-12-11,34.690,35.250,34.110,35.010,20387,,,0.6324,hfq
2023-12-12,35.290,35.730,34.850,35.650,17056,,,1.8280,hfq
2023-12-13,35.670,36.190,35.490,35.490,19291,,,-0.4488,hfq
2023-12-14,36.050,36.050,35.290,35.670,16165,,,0.5072,hfq
2023-12-15,35.610,36.090,35.390,35.530,11127,,,-0.3925,hfq
2023-12-18,35.450,35.910,34.890,35.030,16766,,,-1.4073,hfq
2023-12-19,34.870,35.510,34.710,34.910,8891,,,-0.3426,hfq
2023-12-20,35.130,35.630,35.010,35.050,17272,,,0.4010,hfq
2023-12-21,35.070,35.190,34.250,34.950,14955,,,-0.2853,hfq
2023-12-22,35.050,35.310,34.270,34.310,15372,,,-1.8312,hfq
2023-12-25,34.270,34.450,33.350,33.410,16753,,,-2.6231,hfq
2023-12-26,33.770,33.790,32.990,33.110,14071,,,-0.8979,hfq
2023-12-27,33.090,33.550,32.770,33.190,12711,,,0.2416,hfq
2023-12-28,33.110,34.270,32.710,34.070,17873,,,2.6514,hfq
2023-12-29,34.190,34.690,33.530,34.590,15018,,,1.5263,hfq
2024-01-02,34.830,35.310,34.750,35.110,17010,,,1.5033,hfq
2024-01-03,35.070,35.130,34.490,34.670,13670,,,-1.2532,hfq
2024-01-04,34.730,35.010,34.490,34.830,18127,,,0.4615,hfq
2024-01-05,34.970,35.210,34.250,34.390,14942,,,-1.2633,hfq
2024-01-08,34.490,36.030,34.310,34.350,39685,,,-0.1163,hfq
2024-01-09,34.090,35.010,33.810,34.070,30841,,,-0.8151,hfq
2024-01-10,34.070,34.370,33.330,33.670,18095,,,-1.1741,hfq
2024-01-11,34.090,34.650,33.730,34.630,19556,,,2.8512,hfq
2024-01-12,35.710,36.110,34.490,34.490,54842,,,-0.4043,hfq
2024-01-15,33.590,34.070,33.110,33.390,39743,,,-3.1893,hfq
2024-01-16,33.170,34.590,32.650,33.470,37926,,,0.2396,hfq
2024-01-17,33.450,33.610,32.350,32.350,22117,,,-3.3463,hfq
2024-01-18,32.290,32.450,31.130,32.070,21271,,,-0.8655,hfq
2024-01-19,32.090,32.170,31.230,31.230,15133,,,-2.6193,hfq
2024-01-22,31.230,31.330,29.010,29.290,22464,,,-6.2120,hfq
2024-01-23,29.290,29.390,28.570,29.270,22707,,,-0.0683,hfq
2024-01-24,29.370,30.290,29.050,30.290,25961,,,3.4848,hfq
2024-01-25,30.490,32.390,30.270,32.350,35890,,,6.8009,hfq
2024-01-26,32.610,33.970,32.130,32.730,39062,,,1.1747,hfq
2024-01-29,32.730,32.950,31.010,31.010,26821,,,-5.2551,hfq
2024-01-30,30.970,31.050,29.870,29.910,19553,,,-3.5472,hfq
2024-01-31,29.870,29.870,27.790,27.970,22866,,,-6.4861,hfq
2024-02-01,28.210,28.210,26.390,26.750,33518,,,-4.3618,hfq
2024-02-02,26.690,27.790,24.290,25.090,35969,,,-6.2056,hfq
2024-02-05,24.910,25.170,20.790,21.110,53938,,,-15.8629,hfq
2024-02-06,20.490,21.490,17.930,20.550,63369,,,-2.6528,hfq
2024-02-07,20.790,20.790,17.890,18.110,73271,,,-11.8735,hfq
2024-02-08,18.090,19.570,16.350,19.490,80209,,,7.6201,hfq
2024-02-19,19.870,21.670,19.870,21.050,75244,,,8.0041,hfq
2024-02-20,21.190,22.030,20.410,21.710,66630,,,3.1354,hfq
2024-02-21,21.270,24.670,21.250,22.790,72887,,,4.9747,hfq
2024-02-22,22.770,23.730,22.550,23.490,47150,,,3.0715,hfq
2024-02-23,23.530,24.590,23.510,24.430,47933,,,4.0017,hfq
2024-02-26,24.830,25.970,24.430,25.250,56367,,,3.3565,hfq
2024-02-27,25.530,26.290,25.050,26.290,45597,,,4.1188,hfq
2024-02-28,26.370,27.490,23.270,23.350,76277,,,-11.1830,hfq
2024-02-29,23.130,24.530,22.890,24.490,48151,,,4.8822,hfq
2024-03-01,24.510,25.550,24.490,25.010,42841,,,2.1233,hfq
2024-03-04,25.090,25.390,23.690,24.690,39403,,,-1.2795,hfq
2024-03-05,24.790,24.910,23.850,23.910,32474,,,-3.1592,hfq
2024-03-06,23.770,24.790,23.690,24.330,32352,,,1.7566,hfq
2024-03-07,24.390,24.810,23.930,24.250,31769,,,-0.3288,hfq
2024-03-08,24.210,24.730,23.970,24.290,25356,,,0.1649,hfq
2024-03-11,24.290,24.970,24.170,24.970,27846,,,2.7995,hfq
2024-03-12,25.010,25.750,24.790,25.750,38529,,,3.1237,hfq
2024-03-13,25.690,25.830,24.970,25.510,33343,,,-0.9320,hfq
2024-03-14,25.490,26.250,25.190,25.690,38181,,,0.7056,hfq
2024-03-15,25.670,26.190,25.210,26.070,29472,,,1.4792,hfq
2024-03-18,26.050,26.710,26.010,26.690,27502,,,2.3782,hfq
2024-03-19,26.690,26.870,26.250,26.290,30746,,,-1.4987,hfq
2024-03-20,26.750,27.390,26.590,27.170,41034,,,3.3473,hfq
2024-03-21,27.210,27.630,26.670,27.130,37349,,,-0.1472,hfq
2024-03-22,27.030,27.270,26.250,26.490,31777,,,-2.3590,hfq
2024-03-25,26.690,26.690,25.490,25.670,30445,,,-3.0955,hfq
2024-03-26,25.610,25.970,25.190,25.730,24163,,,0.2337,hfq
2024-03-27,25.750,25.850,24.590,24.710,22682,,,-3.9642,hfq
2024-03-28,24.650,25.790,24.590,25.550,28531,,,3.3994,hfq
2024-03-29,25.650,26.730,25.550,26.070,31749,,,2.0352,hfq
2024-04-01,26.050,26.830,26.050,26.670,26380,,,2.3015,hfq
2024-04-02,26.750,27.330,26.430,26.690,32129,,,0.0750,hfq
2024-04-03,27.030,27.030,25.590,25.930,23541,,,-2.8475,hfq
2024-04-08,25.830,25.850,24.410,24.450,29213,,,-5.7077,hfq
2024-04-09,24.810,25.090,24.510,25.090,19595,,,2.6176,hfq
2024-04-10,24.930,25.010,23.510,23.990,27298,,,-4.3842,hfq
2024-04-11,23.890,25.070,23.290,24.450,31808,,,1.9175,hfq
2024-04-12,24.410,24.590,23.710,23.750,24397,,,-2.8630,hfq
2024-04-15,23.590,23.850,20.990,21.210,53088,,,-10.6947,hfq
2024-04-16,21.270,21.330,18.810,18.930,48830,,,-10.7496,hfq
2024-04-17,19.470,22.250,19.450,22.130,58644,,,16.9044,hfq
2024-04-18,22.050,22.550,20.970,21.310,40962,,,-3.7054,hfq
2024-04-19,21.050,22.610,20.690,21.450,46723,,,0.6570,hfq
2024-04-22,21.790,21.850,20.470,20.870,37149,,,-2.7040,hfq
2024-04-23,21.050,22.350,20.990,21.810,41383,,,4.5041,hfq
2024-04-24,21.790,22.790,21.510,22.350,37866,,,2.4759,hfq
2024-04-25,22.390,23.010,21.970,22.610,31551,,,1.1633,hfq
2024-04-26,22.610,23.050,21.810,22.170,36722,,,-1.9460,hfq
2024-04-29,22.490,23.690,22.490,23.630,46271,,,6.5855,hfq
2024-04-30,23.590,23.830,23.050,23.290,35794,,,-1.4388,hfq
2024-05-06,23.550,24.250,23.550,23.990,26288,,,3.0056,hfq
2024-05-07,24.010,24.250,23.790,24.190,23924,,,0.8337,hfq
2024-05-08,24.250,24.250,23.570,23.650,22603,,,-2.2323,hfq
2024-05-09,23.990,24.690,23.850,24.150,23547,,,2.1142,hfq
2024-05-10,24.410,25.350,23.590,24.050,60269,,,-0.4141,hfq
2024-05-13,23.730,23.770,22.890,23.190,38155,,,-3.5759,hfq
2024-05-14,23.670,23.670,23.110,23.530,25735,,,1.4661,hfq
2024-05-15,23.490,24.950,23.250,24.190,43091,,,2.8049,hfq
2024-05-16,24.410,28.090,24.190,27.250,131225,,,12.6499,hfq
2024-05-17,25.990,27.490,25.850,27.290,144621,,,0.1468,hfq
2024-05-20,26.490,28.830,26.310,28.090,156196,,,2.9315,hfq
2024-05-21,27.190,28.090,26.090,26.310,113638,,,-6.3368,hfq
2024-05-22,25.950,29.790,25.910,28.670,177507,,,8.9700,hfq
2024-05-23,27.530,28.430,27.010,27.790,121362,,,-3.0694,hfq
2024-05-24,27.170,27.770,26.050,26.290,83665,,,-5.3976,hfq
2024-05-27,25.850,26.270,24.950,25.630,57788,,,-2.5105,hfq
2024-05-28,25.230,25.790,24.490,24.610,60008,,,-3.9797,hfq
2024-05-29,24.590,25.890,24.390,25.090,52044,,,1.9504,hfq
2024-05-30,24.890,25.010,24.030,24.050,50959,,,-4.1451,hfq
2024-05-31,24.030,24.530,23.830,24.150,34678,,,0.4158,hfq
2024-06-03,24.290,24.650,23.490,23.890,32503,,,-1.0766,hfq
2024-06-04,24.070,24.090,22.870,23.390,36715,,,-2.0929,hfq
2024-06-05,23.210,23.390,22.410,22.430,31967,,,-4.1043,hfq
2024-06-06,22.430,22.570,20.630,21.170,50021,,,-5.6175,hfq
2024-06-07,21.550,22.090,21.450,21.730,33339,,,2.6453,hfq
2024-06-11,21.850,21.930,20.970,21.890,28212,,,0.7363,hfq
2024-06-12,22.390,22.470,21.590,22.290,23475,,,1.8273,hfq
2024-06-13,22.310,22.610,21.930,22.030,19462,,,-1.1664,hfq
2024-06-14,22.030,22.350,21.610,22.210,20511,,,0.8171,hfq
2024-06-17,22.110,22.370,21.770,21.910,15454,,,-1.3507,hfq
2024-06-18,22.010,22.410,21.790,22.210,18792,,,1.3692,hfq
2024-06-19,22.410,23.490,22.250,23.310,53942,,,4.9527,hfq
2024-06-20,22.990,23.270,21.670,21.810,48002,,,-6.4350,hfq
2024-06-21,21.810,23.370,21.390,22.750,51447,,,4.3099,hfq
2024-06-24,23.150,23.710,21.830,22.050,52099,,,-3.0769,hfq
2024-06-25,21.430,22.610,21.210,21.570,34794,,,-2.1769,hfq
2024-06-26,21.370,22.110,20.830,22.070,28377,,,2.3180,hfq
2024-06-27,22.010,22.590,21.870,22.130,31087,,,0.2719,hfq
2024-06-28,22.970,23.370,21.730,22.070,47015,,,-0.2711,hfq
2024-07-01,21.790,23.090,21.710,22.490,46680,,,1.9030,hfq
2024-07-02,22.390,22.690,22.050,22.310,36959,,,-0.8004,hfq
2024-07-03,22.130,22.290,21.770,21.770,24682,,,-2.4204,hfq
2024-07-04,21.690,21.910,20.970,20.990,28296,,,-3.5829,hfq
2024-07-05,21.050,21.410,20.510,21.270,19211,,,1.3340,hfq
2024-07-08,21.290,21.290,20.410,20.510,20776,,,-3.5731,hfq
2024-07-09,20.630,20.830,20.010,20.750,23923,,,1.1702,hfq
2024-07-10,20.590,20.970,20.290,20.530,15927,,,-1.0602,hfq
2024-07-11,20.750,21.350,20.750,21.250,24585,,,3.5071,hfq
2024-07-12,21.210,22.110,21.150,21.430,29101,,,0.8471,hfq
2024-07-15,21.470,21.670,20.890,21.010,24607,,,-1.9599,hfq
2024-07-16,21.050,21.090,20.670,20.770,15145,,,-1.1423,hfq
2024-07-17,20.830,21.070,20.530,20.550,18341,,,-1.0592,hfq
2024-07-18,20.510,20.510,19.950,20.310,19860,,,-1.1679,hfq
2024-07-19,20.450,20.790,20.130,20.630,17807,,,1.5756,hfq
2024-07-22,20.730,20.870,20.450,20.530,16175,,,-0.4847,hfq
2024-07-23,20.650,21.050,20.210,20.250,20810,,,-1.3639,hfq
2024-07-24,20.250,20.250,19.710,19.890,19554,,,-1.7778,hfq
2024-07-25,19.930,20.310,19.330,20.030,15028,,,0.7039,hfq
2024-07-26,20.050,20.370,20.030,20.250,14278,,,1.0984,hfq
2024-07-29,20.330,20.710,20.010,20.530,16657,,,1.3827,hfq
2024-07-30,20.450,20.970,20.210,20.790,17899,,,1.2664,hfq
2024-07-31,20.870,21.210,20.630,21.210,24264,,,2.0202,hfq
2024-08-01,22.210,22.670,21.350,21.630,70453,,,1.9802,hfq
2024-08-02,21.390,22.150,21.210,21.510,46931,,,-0.5548,hfq
2024-08-05,21.470,21.710,20.790,20.790,32610,,,-3.3473,hfq
2024-08-06,20.910,21.490,20.810,21.290,23669,,,2.4050,hfq
2024-08-07,21.170,21.410,21.070,21.130,18517,,,-0.7515,hfq
2024-08-08,21.170,21.170,20.530,20.850,18054,,,-1.3251,hfq
2024-08-09,21.030,21.550,20.850,21.010,30355,,,0.7674,hfq
2024-08-12,21.190,21.610,20.670,20.890,25370,,,-0.5712,hfq
2024-08-13,20.910,21.970,20.490,21.610,39010,,,3.4466,hfq
2024-08-14,21.610,22.570,21.510,21.570,50134,,,-0.1851,hfq
2024-08-15,21.710,21.970,20.810,21.510,34602,,,-0.2782,hfq
2024-08-16,21.690,21.690,21.050,21.050,23644,,,-2.1385,hfq
2024-08-19,21.170,21.170,20.710,21.030,15223,,,-0.0950,hfq
2024-08-20,20.970,21.030,20.410,20.490,16894,,,-2.5678,hfq
2024-08-21,20.470,20.710,20.370,20.530,12708,,,0.1952,hfq
2024-08-22,20.610,20.770,19.730,19.810,16815,,,-3.5071,hfq
2024-08-23,19.710,19.870,19.350,19.570,14369,,,-1.2115,hfq
2024-08-26,19.810,20.430,19.670,20.190,18280,,,3.1681,hfq
2024-08-27,20.190,20.590,19.770,20.370,24560,,,0.8915,hfq
2024-08-28,20.150,20.290,19.690,20.090,17954,,,-1.3746,hfq
2024-08-29,20.050,20.310,19.730,20.210,15784,,,0.5973,hfq
2024-08-30,19.770,20.210,19.410,19.990,44153,,,-1.0886,hfq
2024-09-02,19.910,20.010,19.410,19.410,23766,,,-2.9015,hfq
2024-09-03,19.510,19.650,19.310,19.410,17295,,,0.0000,hfq
2024-09-04,19.330,19.430,18.870,19.030,20781,,,-1.9578,hfq
2024-09-05,19.030,19.430,19.030,19.310,14085,,,1.4714,hfq
2024-09-06,19.370,19.470,18.810,18.890,15646,,,-2.1750,hfq
2024-09-09,18.890,19.110,18.410,19.010,12315,,,0.6353,hfq
2024-09-10,19.010,19.190,18.790,19.110,10142,,,0.5260,hfq
2024-09-11,19.190,19.190,18.930,19.010,8908,,,-0.5233,hfq
2024-09-12,19.050,19.390,18.990,19.010,14408,,,0.0000,hfq
2024-09-13,19.130,19.250,18.830,18.830,10728,,,-0.9469,hfq
2024-09-18,18.810,18.830,18.010,18.250,15353,,,-3.0802,hfq
2024-09-19,18.370,19.010,18.250,18.990,21756,,,4.0548,hfq
2024-09-20,19.090,19.130,18.810,18.930,12443,,,-0.3160,hfq
2024-09-23,18.910,19.110,18.710,19.030,12084,,,0.5283,hfq
2024-09-24,19.210,19.570,19.070,19.570,18075,,,2.8376,hfq
2024-09-25,19.710,20.070,19.650,19.650,22004,,,0.4088,hfq
2024-09-26,19.710,20.970,19.630,20.470,42636,,,4.1730,hfq
2024-09-27,20.530,21.610,20.530,21.470,54144,,,4.8852,hfq
2024-09-30,22.190,24.570,21.890,24.250,82566,,,12.9483,hfq
2024-10-08,28.190,28.190,24.270,26.590,94442,,,9.6495,hfq
2024-10-09,25.410,25.610,22.590,22.670,72641,,,-14.7424,hfq
2024-10-10,23.270,24.810,22.630,23.770,65240,,,4.8522,hfq
2024-10-11,23.710,23.730,22.410,22.610,45719,,,-4.8801,hfq
2024-10-14,24.210,25.890,23.790,24.970,113517,,,10.4379,hfq
2024-10-15,23.870,24.910,23.650,23.670,84283,,,-5.2062,hfq
2024-10-16,23.410,25.810,23.410,25.530,112831,,,7.8580,hfq
2024-10-17,25.410,25.610,24.210,24.610,82821,,,-3.6036,hfq
2024-10-18,24.250,25.050,23.790,24.670,61060,,,0.2438,hfq
2024-10-21,24.670,24.990,24.390,24.750,52956,,,0.3243,hfq
2024-10-22,25.010,25.090,24.390,24.770,39534,,,0.0808,hfq
2024-10-23,24.650,25.130,24.310,24.530,35219,,,-0.9689,hfq
2024-10-24,24.330,24.590,24.030,24.050,24297,,,-1.9568,hfq
2024-10-25,24.150,24.970,24.070,24.770,37840,,,2.9938,hfq
2024-10-28,25.130,25.590,24.790,25.510,42814,,,2.9875,hfq
2024-10-29,25.610,26.150,24.830,24.910,42458,,,-2.3520,hfq
2024-10-30,24.730,25.650,24.690,25.230,37695,,,1.2846,hfq
2024-10-31,25.290,26.210,25.270,25.610,46465,,,1.5061,hfq
2024-11-01,25.610,25.790,24.110,24.230,42413,,,-5.3885,hfq
2024-11-04,24.510,24.830,23.910,24.770,26161,,,2.2286,hfq
2024-11-05,24.770,25.250,24.710,25.190,25469,,,1.6956,hfq
2024-11-06,25.190,25.630,24.770,25.490,36121,,,1.1909,hfq
2024-11-07,25.510,26.450,25.270,26.370,43884,,,3.4523,hfq
2024-11-08,26.710,26.910,25.710,25.950,42020,,,-1.5927,hfq
2024-11-11,26.410,26.470,25.870,26.390,36543,,,1.6956,hfq
2024-11-12,26.470,26.930,25.930,26.290,42329,,,-0.3789,hfq
2024-11-13,26.370,27.590,25.970,26.710,53032,,,1.5976,hfq
2024-11-14,26.610,27.170,26.030,26.070,40466,,,-2.3961,hfq
2024-11-15,26.070,26.970,25.410,25.750,43505,,,-1.2275,hfq
2024-11-18,25.690,26.010,24.270,24.630,36023,,,-4.3495,hfq
2024-11-19,24.810,25.190,24.210,25.190,23893,,,2.2737,hfq
2024-11-20,25.210,26.510,25.110,26.410,42071,,,4.8432,hfq
2024-11-21,26.390,26.750,25.970,26.370,32233,,,-0.1515,hfq
2024-11-22,26.390,26.530,24.810,24.870,31497,,,-5.6883,hfq
2024-11-25,24.810,25.750,24.610,25.750,29695,,,3.5384,hfq
2024-11-26,25.650,27.090,25.270,26.210,62128,,,1.7864,hfq
2024-11-27,25.990,29.190,25.610,29.010,162601,,,10.6829,hfq
2024-11-28,28.470,28.770,27.410,27.530,129929,,,-5.1017,hfq
2024-11-29,27.470,27.830,26.930,27.250,79688,,,-1.0171,hfq
2024-12-02,27.190,27.650,26.810,27.510,65392,,,0.9541,hfq
2024-12-03,27.530,30.570,27.030,29.230,149727,,,6.2523,hfq
2024-12-04,28.710,28.830,27.430,27.790,80559,,,-4.9264,hfq
2024-12-05,27.670,28.130,27.270,28.070,46631,,,1.0076,hfq
2024-12-06,28.090,28.490,27.650,27.710,47210,,,-1.2825,hfq
2024-12-09,27.570,28.170,26.890,27.650,53314,,,-0.2165,hfq
2024-12-10,28.410,28.690,27.090,27.370,50424,,,-1.0127,hfq
2024-12-11,27.230,27.810,27.210,27.530,35436,,,0.5846,hfq
2024-12-12,27.530,28.010,27.250,27.930,41634,,,1.4530,hfq
2024-12-13,27.990,27.990,27.250,27.330,35373,,,-2.1482,hfq
2024-12-16,27.470,28.210,27.470,27.810,47835,,,1.7563,hfq
2024-12-17,27.930,28.010,25.850,26.010,46111,,,-6.4725,hfq
2024-12-18,26.010,26.210,25.210,25.830,25444,,,-0.6920,hfq
2024-12-19,25.590,26.170,25.170,26.050,27118,,,0.8517,hfq
2024-12-20,26.090,26.510,25.930,26.190,18099,,,0.5374,hfq
2024-12-23,26.210,26.210,24.030,24.270,37368,,,-7.3310,hfq
2024-12-24,24.290,24.710,23.230,23.710,34202,,,-2.3074,hfq
2024-12-25,23.870,23.870,22.470,22.870,32656,,,-3.5428,hfq
2024-12-26,23.010,23.750,22.590,23.430,31647,,,2.4486,hfq
2024-12-27,23.550,24.130,22.990,23.510,30514,,,0.3414,hfq
2024-12-30,23.450,23.730,22.410,22.990,28050,,,-2.2118,hfq
2024-12-31,23.430,23.490,22.590,22.630,24214,,,-1.5659,hfq
2025-01-02,22.630,23.430,21.730,22.510,31123,,,-0.5303,hfq
2025-01-03,22.570,22.690,21.210,21.230,31548,,,-5.6864,hfq
2025-01-06,21.230,21.930,20.010,21.330,30962,,,0.4710,hfq
2025-01-07,21.410,22.350,21.370,22.270,29911,,,4.4069,hfq
2025-01-08,22.210,22.510,21.330,21.950,25530,,,-1.4369,hfq
2025-01-09,21.930,22.190,21.750,21.990,15810,,,0.1822,hfq
2025-01-10,22.050,22.110,20.750,20.910,20876,,,-4.9113,hfq
2025-01-13,21.030,21.310,20.210,21.210,19301,,,1.4347,hfq
2025-01-14,21.270,22.250,21.270,22.230,22488,,,4.8091,hfq
2025-01-15,22.390,22.470,21.950,22.170,18541,,,-0.2699,hfq
2025-01-16,22.270,22.510,21.910,22.250,20019,,,0.3608,hfq
2025-01-17,22.250,22.270,21.670,21.850,18479,,,-1.7978,hfq
2025-01-20,22.210,22.750,21.670,22.350,20197,,,2.2883,hfq
2025-01-21,22.390,22.810,21.510,21.850,22637,,,-2.2371,hfq
2025-01-22,21.810,21.930,21.370,21.630,15090,,,-1.0069,hfq
2025-01-23,21.810,22.490,21.810,21.830,20452,,,0.9246,hfq
2025-01-24,21.850,22.070,21.450,22.010,16423,,,0.8246,hfq
2025-01-27,22.690,22.690,21.870,22.090,19874,,,0.3635,hfq
2025-02-05,22.250,22.990,22.230,22.870,23500,,,3.5310,hfq
2025-02-06,22.870,23.170,22.370,23.090,18691,,,0.9620,hfq
2025-02-07,23.570,23.970,22.910,23.290,30869,,,0.8662,hfq
2025-02-10,23.410,24.230,23.210,24.070,33089,,,3.3491,hfq
2025-02-11,24.090,25.410,23.590,24.390,65690,,,1.3295,hfq
2025-02-12,24.410,25.390,24.110,24.710,58350,,,1.3120,hfq
2025-02-13,25.170,26.370,24.170,25.210,62208,,,2.0235,hfq
2025-02-14,24.810,26.350,24.130,25.110,87806,,,-0.3967,hfq
2025-02-17,24.750,26.130,24.610,26.010,80559,,,3.5842,hfq
2025-02-18,25.490,27.190,24.830,24.930,80253,,,-4.1522,hfq
2025-02-19,24.870,25.810,24.750,25.710,57174,,,3.1288,hfq
2025-02-20,25.750,26.150,25.290,25.390,49657,,,-1.2447,hfq
2025-02-21,25.250,28.410,24.690,26.510,111428,,,4.4112,hfq
2025-02-24,25.950,26.470,25.390,25.690,72414,,,-3.0932,hfq
2025-02-25,26.410,26.670,25.350,25.450,61411,,,-0.9342,hfq
2025-02-26,25.010,26.010,24.970,25.230,45889,,,-0.8644,hfq
2025-02-27,24.930,25.550,24.450,24.810,38129,,,-1.6647,hfq
2025-02-28,24.790,25.210,24.110,24.190,30355,,,-2.4990,hfq
2025-03-03,24.130,24.830,24.010,24.330,27716,,,0.5788,hfq
2025-03-04,24.110,24.930,24.110,24.870,24500,,,2.2195,hfq
2025-03-05,24.950,25.050,24.330,24.770,23756,,,-0.4021,hfq
2025-03-06,24.970,25.570,24.690,25.290,29884,,,2.0993,hfq
2025-03-07,25.290,25.510,24.750,24.930,21581,,,-1.4235,hfq
2025-03-10,24.910,26.210,24.910,25.490,36079,,,2.2463,hfq
2025-03-11,25.590,27.150,25.590,26.170,53510,,,2.6677,hfq
2025-03-12,26.170,26.770,25.870,26.110,51231,,,-0.2293,hfq
2025-03-13,25.870,26.310,25.330,25.750,42998,,,-1.3788,hfq
2025-03-14,25.650,26.050,25.290,26.010,31891,,,1.0097,hfq
2025-03-17,26.070,26.190,25.630,25.950,22325,,,-0.2307,hfq
2025-03-18,26.030,26.090,25.610,26.030,20306,,,0.3083,hfq
2025-03-19,25.950,26.110,25.710,25.830,17784,,,-0.7683,hfq
2025-03-20,25.950,25.950,25.510,25.610,15812,,,-0.8517,hfq
2025-03-21,25.750,25.750,24.990,25.190,27482,,,-1.6400,hfq
2025-03-24,25.210,25.210,23.110,23.550,39260,,,-6.5105,hfq
2025-03-25,23.810,23.850,22.970,23.350,22434,,,-0.8493,hfq
2025-03-26,23.230,24.090,23.130,23.890,26067,,,2.3126,hfq
2025-03-27,23.770,23.970,23.170,23.570,18807,,,-1.3395,hfq
2025-03-28,23.570,25.770,22.970,23.990,84209,,,1.7819,hfq
2025-03-31,24.110,24.230,23.030,23.290,48862,,,-2.9179,hfq
2025-04-01,23.650,24.410,23.350,23.990,40481,,,3.0056,hfq
2025-04-02,24.010,24.390,23.610,23.650,23804,,,-1.4173,hfq
2025-04-03,23.450,23.870,23.230,23.590,20166,,,-0.2537,hfq
2025-04-07,22.810,22.810,19.190,19.470,51860,,,-17.4650,hfq
2025-04-08,20.110,21.170,19.950,20.470,42317,,,5.1361,hfq
2025-04-09,19.990,22.010,18.850,21.830,52779,,,6.6439,hfq
2025-04-10,22.410,22.790,21.930,22.450,31544,,,2.8401,hfq
2025-04-11,22.250,22.710,22.070,22.110,23976,,,-1.5145,hfq
2025-04-14,22.530,23.230,22.350,22.790,34155,,,3.0755,hfq
2025-04-15,22.890,23.070,22.430,22.690,21498,,,-0.4388,hfq
2025-04-16,22.790,22.790,21.610,22.090,27636,,,-2.6443,hfq
2025-04-17,22.130,22.950,21.990,22.490,30569,,,1.8108,hfq
2025-04-18,22.950,23.290,22.170,22.410,41374,,,-0.3557,hfq
2025-04-21,22.450,23.030,22.130,22.590,28331,,,0.8032,hfq
2025-04-22,22.590,22.910,22.230,22.390,25723,,,-0.8853,hfq
2025-04-23,22.330,22.810,22.330,22.730,25198,,,1.5185,hfq
2025-04-24,22.570,23.070,22.210,22.430,36925,,,-1.3198,hfq
2025-04-25,22.450,22.970,22.290,22.670,22990,,,1.0700,hfq
2025-04-28,22.670,22.670,21.710,22.150,31545,,,-2.2938,hfq
2025-04-29,22.370,22.730,22.130,22.610,24895,,,2.0767,hfq
2025-04-30,22.810,23.590,22.590,23.270,34371,,,2.9191,hfq
2025-05-06,24.190,24.530,23.450,24.390,36931,,,4.8131,hfq
2025-05-07,24.770,24.990,24.350,24.570,28823,,,0.7380,hfq
2025-05-08,24.610,24.910,24.410,24.850,18394,,,1.1396,hfq
2025-05-09,24.810,25.490,24.410,24.630,34381,,,-0.8853,hfq
2025-05-12,24.710,25.050,24.290,24.670,31372,,,0.1624,hfq
2025-05-13,24.670,25.170,24.290,24.350,21968,,,-1.2971,hfq
2025-05-14,24.130,24.890,23.810,24.290,25553,,,-0.2464,hfq
2025-05-15,24.330,24.610,23.950,24.350,26524,,,0.2470,hfq
2025-05-16,24.430,24.630,24.170,24.310,26085,,,-0.1643,hfq
2025-05-19,24.370,24.770,24.110,24.590,26705,,,1.1518,hfq
2025-05-20,24.590,25.190,24.250,25.090,27510,,,2.0333,hfq
2025-05-21,25.090,26.910,25.070,25.370,87860,,,1.1160,hfq
2025-05-22,25.270,25.970,24.630,24.650,54795,,,-2.8380,hfq
2025-05-23,24.650,24.790,24.030,24.130,42308,,,-2.1095,hfq
2025-05-26,24.250,24.770,24.090,24.570,24797,,,1.8235,hfq
2025-05-27,24.570,24.830,24.230,24.710,23915,,,0.5698,hfq
2025-05-28,24.830,25.130,24.170,24.310,25334,,,-1.6188,hfq
2025-05-29,24.270,24.870,24.110,24.770,27530,,,1.8922,hfq
2025-05-30,24.810,24.950,24.330,24.510,17612,,,-1.0497,hfq
2025-06-03,24.410,24.910,24.210,24.790,25398,,,1.1424,hfq
2025-06-04,24.750,25.090,24.710,25.070,22071,,,1.1295,hfq
2025-06-05,25.110,25.310,24.750,25.250,27838,,,0.7180,hfq
2025-06-06,25.290,25.570,24.970,25.490,27083,,,0.9505,hfq
2025-06-09,25.490,26.730,25.250,26.370,53963,,,3.4523,hfq
2025-06-10,26.410,26.750,26.010,26.370,46522,,,0.0000,hfq
2025-06-11,26.450,26.610,26.010,26.070,24615,,,-1.1377,hfq
2025-06-12,26.010,26.290,25.750,26.070,22823,,,0.0000,hfq
2025-06-13,26.070,26.130,25.230,25.390,27237,,,-2.6084,hfq
2025-06-16,25.270,26.070,25.230,25.750,25656,,,1.4179,hfq
2025-06-17,25.650,26.970,25.310,26.370,61950,,,2.4078,hfq
2025-06-18,27.310,30.070,27.310,28.850,182712,,,9.4046,hfq
2025-06-19,28.670,29.010,26.110,26.290,125636,,,-8.8735,hfq
2025-06-20,27.330,28.450,25.730,26.090,87604,,,-0.7607,hfq
2025-06-23,25.390,26.470,24.850,26.310,76677,,,0.8432,hfq
2025-06-24,26.970,27.310,26.170,26.430,73591,,,0.4561,hfq
2025-06-25,26.510,31.450,26.430,31.450,204859,,,18.9936,hfq
2025-06-26,32.650,36.510,30.110,31.970,289403,,,1.6534,hfq
2025-06-27,31.810,34.690,31.150,33.150,227487,,,3.6910,hfq
2025-06-30,32.730,39.510,32.730,39.510,222173,,,19.1855,hfq
2025-07-01,40.470,41.810,36.310,37.950,299811,,,-3.9484,hfq
2025-07-02,36.490,37.570,33.610,34.130,204408,,,-10.0659,hfq
2025-07-03,34.130,36.490,33.670,36.110,188021,,,5.8013,hfq
2025-07-04,36.910,43.070,36.710,43.070,259029,,,19.2744,hfq
2025-07-07,41.290,49.310,41.290,45.910,357625,,,6.5939,hfq
2025-07-08,46.610,46.610,43.710,43.950,263480,,,-4.2692,hfq
2025-07-09,43.530,49.710,43.530,45.330,331636,,,3.1399,hfq
2025-07-10,44.090,44.330,41.510,41.610,253162,,,-8.2065,hfq
2025-07-11,41.310,41.510,39.070,40.310,198024,,,-3.1242,hfq
2025-07-14,40.130,40.570,38.470,39.290,160588,,,-2.5304,hfq
2025-07-15,39.070,39.090,37.110,37.530,148794,,,-4.4795,hfq
2025-07-16,37.510,37.570,36.870,37.190,97727,,,-0.9059,hfq
2025-07-17,37.910,39.290,37.510,38.290,201537,,,2.9578,hfq
2025-07-18,38.450,39.490,36.190,36.810,162058,,,-3.8652,hfq
2025-07-21,36.950,38.750,36.450,37.970,139167,,,3.1513,hfq
2025-07-22,37.770,37.890,35.610,35.890,151743,,,-5.4780,hfq
2025-07-23,35.650,35.710,34.830,35.230,83734,,,-1.8390,hfq
2025-07-24,35.070,35.470,34.710,34.890,77444,,,-0.9651,hfq
2025-07-25,35.270,35.270,34.430,34.510,61034,,,-1.0891,hfq
2025-07-28,34.510,35.050,34.470,35.030,52647,,,1.5068,hfq
2025-07-29,35.070,35.070,34.230,34.750,57197,,,-0.7993,hfq
2025-07-30,34.630,34.830,34.090,34.550,55416,,,-0.5755,hfq
2025-07-31,34.610,34.690,33.730,33.970,47967,,,-1.6787,hfq
2025-08-01,34.010,34.270,33.870,33.930,32418,,,-0.1178,hfq
2025-08-04,34.010,35.470,33.610,35.110,108183,,,3.4777,hfq
2025-08-05,34.890,35.210,34.530,35.070,74428,,,-0.1139,hfq
2025-08-06,35.030,35.450,34.770,34.890,59067,,,-0.5133,hfq
2025-08-07,34.890,34.890,34.190,34.330,53481,,,-1.6050,hfq
2025-08-08,34.510,35.670,34.270,35.070,103360,,,2.1555,hfq
2025-08-11,35.110,36.990,34.570,36.070,126751,,,2.8514,hfq
2025-08-12,36.110,36.130,34.750,34.930,85072,,,-3.1605,hfq
2025-08-13,35.030,35.270,34.470,34.510,59529,,,-1.2024,hfq
2025-08-14,34.710,36.190,34.570,35.590,107284,,,3.1295,hfq
2025-08-15,35.490,35.690,34.670,35.370,71103,,,-0.6182,hfq
2025-08-18,35.430,35.810,34.950,35.530,79397,,,0.4524,hfq
2025-08-19,35.650,39.270,35.650,37.750,176564,,,6.2482,hfq
2025-08-20,37.310,38.230,36.270,38.070,118125,,,0.8477,hfq
2025-08-21,38.090,40.890,38.090,39.290,184926,,,3.2046,hfq
2025-08-22,38.310,41.230,37.670,38.750,140836,,,-1.3744,hfq
2025-08-25,38.410,41.010,37.330,40.190,154535,,,3.7161,hfq
2025-08-26,39.670,39.810,38.070,38.590,117416,,,-3.9811,hfq
2025-08-27,38.190,38.790,36.630,36.630,82168,,,-5.0790,hfq
2025-08-28,36.630,37.170,34.290,35.510,80430,,,-3.0576,hfq
2025-08-29,36.070,36.070,34.490,34.750,49251,,,-2.1402,hfq
2025-09-01,34.730,36.110,34.730,35.490,48680,,,2.1295,hfq
2025-09-02,35.450,36.010,34.150,34.830,49666,,,-1.8597,hfq
2025-09-03,34.910,34.910,32.910,33.090,47876,,,-4.9957,hfq
2025-09-04,33.410,34.530,33.010,33.890,49206,,,2.4176,hfq
2025-09-05,34.010,34.350,33.150,33.970,36822,,,0.2361,hfq
2025-09-08,34.250,38.390,33.910,37.850,133576,,,11.4218,hfq
2025-09-09,37.850,38.510,37.110,37.630,77001,,,-0.5812,hfq
2025-09-10,38.050,38.310,36.950,38.210,68763,,,1.5413,hfq
2025-09-11,38.050,38.050,36.910,37.390,59817,,,-2.1460,hfq
2025-09-12,37.510,37.570,36.270,36.670,46687,,,-1.9256,hfq
2025-09-15,36.570,36.990,36.150,36.870,36058,,,0.5454,hfq
2025-09-16,36.910,37.050,36.310,36.850,38373,,,-0.0542,hfq
2025-09-17,36.870,37.410,36.530,36.890,50081,,,0.1085,hfq
2025-09-18,37.110,37.110,35.370,35.750,49533,,,-3.0903,hfq
2025-09-19,35.450,35.910,35.110,35.310,37277,,,-1.2308,hfq
2025-09-22,35.050,35.370,34.570,34.810,26745,,,-1.4160,hfq
2025-09-23,34.810,34.910,33.830,34.570,29681,,,-0.6895,hfq
2025-09-24,34.530,34.910,34.270,34.810,24461,,,0.6942,hfq
2025-09-25,34.910,36.150,34.430,34.590,41404,,,-0.6320,hfq
2025-09-26,34.770,35.310,34.070,34.630,27662,,,0.1156,hfq
2025-09-29,34.470,34.870,33.510,34.290,34777,,,-0.9818,hfq
2025-09-30,34.750,34.750,33.930,33.990,22005,,,-0.8749,hfq
2025-10-09,34.310,34.590,33.550,33.630,30097,,,-1.0591,hfq
2025-10-10,33.770,34.630,33.510,34.030,29593,,,1.1894,hfq
2025-10-13,33.290,34.190,31.930,34.190,31319,,,0.4702,hfq
2025-10-14,34.310,34.410,33.110,33.410,28446,,,-2.2814,hfq
2025-10-15,33.410,33.910,33.350,33.590,21358,,,0.5388,hfq
2025-10-16,33.830,33.910,33.230,33.350,21344,,,-0.7145,hfq
2025-10-17,33.410,33.870,32.930,33.110,21891,,,-0.7196,hfq
2025-10-20,33.310,33.830,33.090,33.770,26674,,,1.9934,hfq
2025-10-21,33.950,34.410,33.530,34.410,22917,,,1.8952,hfq
2025-10-22,34.390,34.730,34.010,34.270,19531,,,-0.4069,hfq
2025-10-23,34.090,35.110,33.830,34.910,41707,,,1.8675,hfq
2025-10-24,35.110,35.310,34.510,34.770,32157,,,-0.4010,hfq
2025-10-27,34.910,35.070,34.170,34.350,26316,,,-1.2079,hfq
2025-10-28,34.210,34.470,33.970,34.030,22342,,,-0.9316,hfq
2025-10-29,34.510,34.530,33.770,33.970,25385,,,-0.1763,hfq
2025-10-30,33.970,34.130,33.570,33.590,21570,,,-1.1186,hfq
2025-10-31,33.770,34.290,33.770,34.190,29349,,,1.7862,hfq
2025-11-03,34.230,34.750,34.090,34.510,28001,,,0.9359,hfq
2025-11-04,34.710,34.910,34.230,34.610,20679,,,0.2898,hfq
2025-11-05,34.610,34.970,34.310,34.850,27934,,,0.6934,hfq
2025-11-06,34.810,34.970,34.090,34.190,24567,,,-1.8938,hfq
2025-11-07,34.150,34.710,33.990,34.430,22380,,,0.7020,hfq
2025-11-10,34.610,34.910,34.330,34.750,20000,,,0.9294,hfq
2025-11-11,35.050,35.070,34.510,34.810,15741,,,0.1727,hfq
2025-11-12,34.670,35.050,34.250,34.650,15587,,,-0.4596,hfq
2025-11-13,34.710,34.910,34.370,34.770,17700,,,0.3463,hfq
2025-11-14,34.650,35.670,34.630,35.310,29320,,,1.5531,hfq
2025-11-17,35.590,35.850,35.110,35.550,24433,,,0.6797,hfq
2025-11-18,35.610,35.610,34.930,35.190,19796,,,-1.0127,hfq
2025-11-19,35.290,35.290,33.830,33.910,26843,,,-3.6374,hfq
2025-11-20,33.950,34.510,33.370,33.710,23846,,,-0.5898,hfq
2025-11-21,33.570,33.970,32.110,32.190,30605,,,-4.5090,hfq
2025-11-24,32.490,33.470,32.370,33.350,28250,,,3.6036,hfq
2025-11-25,33.370,34.010,33.090,33.610,18994,,,0.7796,hfq
2025-11-26,33.490,34.210,32.630,32.690,25445,,,-2.7373,hfq
2025-11-27,32.650,32.990,32.370,32.830,19498,,,0.4283,hfq
2025-11-28,32.750,33.210,32.510,33.150,19988,,,0.9747,hfq
2025-12-01,33.150,33.830,32.830,32.830,26172,,,-0.9653,hfq
2025-12-02,32.910,32.910,32.130,32.650,21510,,,-0.5483,hfq
2025-12-03,32.650,32.650,31.630,31.830,28839,,,-2.5115,hfq
2025-12-04,31.710,32.150,31.070,31.110,22529,,,-2.2620,hfq
2025-12-05,31.190,31.410,30.810,31.110,29906,,,0.0000,hfq
2025-12-08,31.210,31.610,31.070,31.290,30176,,,0.5786,hfq
2025-12-09,31.290,31.450,30.910,31.110,24221,,,-0.5753,hfq
2025-12-10,31.090,31.110,30.430,30.710,24832,,,-1.2858,hfq
2025-12-11,30.770,30.830,29.490,29.630,30492,,,-3.5168,hfq
2025-12-12,29.630,30.210,29.230,29.470,27800,,,-0.5400,hfq
2025-12-15,29.470,29.650,28.730,29.210,35255,,,-0.8823,hfq
2025-12-16,29.210,29.210,28.390,28.510,32960,,,-2.3964,hfq
2025-12-17,28.650,28.850,27.890,28.670,27304,,,0.5612,hfq
2025-12-18,28.510,29.830,28.430,29.370,38317,,,2.4416,hfq
2025-12-19,29.330,30.210,29.330,30.150,23403,,,2.6558,hfq
2025-12-22,30.290,30.710,29.850,29.910,27001,,,-0.7960,hfq
2025-12-23,29.950,30.030,29.330,29.670,20658,,,-0.8024,hfq
2025-12-24,29.810,30.170,29.650,29.970,17675,,,1.0111,hfq
2025-12-25,29.970,30.590,29.810,30.210,15718,,,0.8008,hfq
2025-12-26,30.170,30.370,29.870,29.930,20499,,,-0.9268,hfq
2025-12-29,29.930,30.250,29.610,30.230,23559,,,1.0023,hfq
2025-12-30,30.290,30.450,29.610,29.730,24609,,,-1.6540,hfq
2025-12-31,29.690,30.090,29.290,30.030,25129,,,1.0091,hfq
2026-01-05,30.350,30.490,29.930,30.070,30688,,,0.1332,hfq
2026-01-06,30.170,30.550,29.970,30.110,29990,,,0.1330,hfq
2026-01-07,30.050,30.230,29.490,29.570,26141,,,-1.7934,hfq
2026-01-08,29.510,30.850,29.330,30.690,55187,,,3.7876,hfq
2026-01-09,30.550,30.930,30.230,30.890,33666,,,0.6517,hfq
2026-01-12,30.930,31.250,30.630,31.050,27551,,,0.5180,hfq
2026-01-13,31.210,31.770,30.630,31.190,37494,,,0.4509,hfq
2026-01-14,31.190,31.730,30.730,31.350,38069,,,0.5130,hfq
2026-01-15,31.110,31.410,30.810,31.030,22166,,,-1.0207,hfq
2026-01-16,31.090,31.310,30.810,31.170,26154,,,0.4512,hfq
2026-01-19,30.990,31.550,30.850,31.490,35645,,,1.0266,hfq
2026-01-20,31.670,32.270,31.350,31.750,38041,,,0.8257,hfq
2026-01-21,31.730,32.270,31.370,32.170,26235,,,1.3228,hfq
2026-01-22,32.430,32.870,32.070,32.610,26099,,,1.3677,hfq
2026-01-23,32.630,32.930,32.250,32.670,22727,,,0.1840,hfq
2026-01-26,32.690,32.870,31.770,32.130,35286,,,-1.6529,hfq
2026-01-27,31.970,32.250,30.850,31.810,29826,,,-0.9960,hfq
2026-01-28,31.870,32.110,31.170,31.210,25319,,,-1.8862,hfq
2026-01-29,31.090,32.010,30.770,31.230,27377,,,0.0641,hfq
2026-01-30,31.130,31.870,31.030,31.790,27411,,,1.7931,hfq
2026-02-02,31.490,31.790,30.930,31.070,49928,,,-2.2649,hfq
2026-02-03,31.330,31.790,31.070,31.410,33588,,,1.0943,hfq
2026-02-04,31.270,31.710,31.110,31.490,23962,,,0.2547,hfq
2026-02-05,31.550,31.830,31.250,31.270,25295,,,-0.6986,hfq
2026-02-06,30.930,31.750,30.930,31.270,29230,,,0.0000,hfq
2026-02-09,31.770,32.170,31.710,31.910,23576,,,2.0467,hfq
2026-02-10,32.070,32.310,31.670,31.870,21881,,,-0.1254,hfq
2026-02-11,31.930,32.190,31.710,32.070,15991,,,0.6275,hfq
2026-02-12,32.070,32.190,31.490,31.550,20768,,,-1.6215,hfq
2026-02-13,31.590,32.070,31.350,31.350,23987,,,-0.6339,hfq
2026-02-24,31.730,32.550,31.650,32.430,32805,,,3.4450,hfq
2026-02-25,32.430,32.870,32.050,32.510,22137,,,0.2467,hfq
2026-02-26,32.630,32.670,31.750,31.930,24774,,,-1.7841,hfq
2026-02-27,31.870,32.090,31.710,32.090,17895,,,0.5011,hfq
2026-03-02,31.510,31.850,30.230,30.410,40715,,,-5.2353,hfq
2026-03-03,30.510,30.830,29.310,29.570,32448,,,-2.7622,hfq
2026-03-04,29.070,29.750,28.390,29.430,28854,,,-0.4735,hfq
2026-03-05,29.650,30.810,29.430,29.730,21281,,,1.0194,hfq
2026-03-06,29.730,31.070,29.590,30.970,31909,,,4.1709,hfq
2026-03-09,30.610,31.070,30.050,30.570,27585,,,-1.2916,hfq
2026-03-10,30.810,31.950,30.570,31.930,29359,,,4.4488,hfq
2026-03-11,31.890,33.070,31.470,31.750,40549,,,-0.5637,hfq
2026-03-12,31.890,32.050,31.170,31.250,25048,,,-1.5748,hfq
2026-03-13,31.410,32.190,31.110,31.490,26405,,,0.7680,hfq
2026-03-16,31.490,32.070,31.250,31.830,25066,,,1.0797,hfq
2026-03-17,31.970,31.970,30.690,30.990,23618,,,-2.6390,hfq
2026-03-18,31.230,31.590,30.930,31.590,20923,,,1.9361,hfq
2026-03-19,31.310,31.630,30.530,30.590,20049,,,-3.1656,hfq
2026-03-20,30.790,31.230,29.010,29.150,43017,,,-4.7074,hfq
2026-03-23,28.870,28.910,26.910,27.210,45667,,,-6.6552,hfq
2026-03-24,28.470,29.450,27.670,29.370,49583,,,7.9383,hfq
2026-03-25,29.670,30.630,29.390,30.350,42467,,,3.3367,hfq
2026-03-26,30.510,30.690,29.210,29.530,28435,,,-2.7018,hfq
2026-03-27,29.510,30.110,28.950,30.010,21793,,,1.6255,hfq
2026-03-30,30.010,30.510,29.470,30.510,23580,,,1.6661,hfq
2026-03-31,30.370,30.870,29.710,29.850,21416,,,-2.1632,hfq
2026-04-01,30.430,30.750,29.770,30.030,24539,,,0.6030,hfq
2026-04-02,30.090,30.310,29.010,29.450,27693,,,-1.9314,hfq
2026-04-03,29.450,29.650,28.290,28.450,29965,,,-3.3956,hfq
2026-04-07,28.430,29.550,28.190,29.550,30532,,,3.8664,hfq
2026-04-08,30.290,30.910,30.150,30.770,26745,,,4.1286,hfq
2026-04-09,30.710,30.810,29.870,30.090,20837,,,-2.2099,hfq
2026-04-10,30.190,31.110,30.010,31.050,26867,,,3.1904,hfq
2026-04-13,30.990,31.110,30.190,31.110,23048,,,0.1932,hfq
2026-04-14,31.250,31.710,30.850,31.450,17726,,,1.0929,hfq
2026-04-15,31.710,31.710,30.950,31.050,17683,,,-1.2719,hfq
2026-04-16,31.130,33.590,30.710,32.610,45853,,,5.0242,hfq
2026-04-17,32.470,33.190,32.230,32.270,28904,,,-1.0426,hfq
2026-04-20,32.290,32.770,32.210,32.670,21020,,,1.2395,hfq
2026-04-21,32.670,35.110,32.510,34.510,68372,,,5.6321,hfq
2026-04-22,34.670,35.870,34.270,34.810,81145,,,0.8693,hfq
2026-04-23,35.270,40.410,34.710,38.970,172240,,,11.9506,hfq
2026-04-24,40.510,41.070,38.730,38.910,187780,,,-0.1540,hfq
2026-04-27,38.750,39.470,37.390,38.070,119058,,,-2.1588,hfq
2026-04-28,38.610,40.210,36.970,39.430,115530,,,3.5724,hfq
2026-04-29,39.370,41.030,39.070,40.310,74922,,,2.2318,hfq
2026-04-30,40.510,41.630,39.550,39.690,61702,,,-1.5381,hfq
2026-05-06,39.690,40.170,38.910,39.690,55307,,,0.0000,hfq
2026-05-07,39.750,41.070,38.690,38.850,54323,,,-2.1164,hfq
2026-05-08,38.810,41.510,38.770,40.410,78980,,,4.0154,hfq
2026-05-11,40.690,43.010,39.890,42.290,72702,,,4.6523,hfq
2026-05-12,42.170,43.710,41.330,43.170,60639,,,2.0809,hfq
2026-05-13,42.950,45.310,41.430,44.950,81533,,,4.1232,hfq
2026-05-14,45.570,46.470,44.690,45.410,65428,,,1.0234,hfq
2026-05-15,45.410,46.830,45.110,46.710,58051,,,2.8628,hfq
2026-05-18,47.310,51.190,44.430,46.630,135665,,,-0.1713,hfq
2026-05-19,47.390,47.390,43.150,43.810,115995,,,-6.0476,hfq
2026-05-20,43.550,46.270,42.910,43.670,86853,,,-0.3196,hfq
2026-05-21,43.650,45.010,42.710,43.090,71044,,,-1.3281,hfq
2026-05-22,43.090,46.410,42.710,45.030,66398,,,4.5022,hfq
2026-05-25,45.770,45.770,43.830,44.510,47641,,,-1.1548,hfq
2026-05-26,44.550,50.470,42.610,43.550,53499,,,-2.1568,hfq
2026-05-27,43.850,44.170,42.290,42.810,42502,,,-1.6992,hfq
2026-05-28,42.690,45.410,41.810,45.370,66742,,,5.9799,hfq
2026-05-29,45.710,46.270,42.670,43.410,79247,,,-4.3200,hfq
2026-06-01,47.210,51.830,46.950,51.830,57023,,,19.3965,hfq
2026-06-02,59.610,59.610,50.230,53.410,220416,,,3.0484,hfq
2026-06-03,53.150,54.710,52.010,53.150,117066,,,-0.4868,hfq
2026-06-04,52.790,56.710,52.310,56.150,97525,,,5.6444,hfq
2026-06-05,55.570,57.550,55.110,57.110,84252,,,1.7097,hfq
2026-06-08,56.050,56.190,52.830,54.610,87309,,,-4.3775,hfq
2026-06-09,55.110,57.250,54.550,56.190,59052,,,2.8932,hfq
2026-06-10,55.310,58.650,53.910,54.310,60993,,,-3.3458,hfq
2026-06-11,53.930,54.610,52.250,53.210,46302,,,-2.0254,hfq
2026-06-12,53.970,54.310,50.730,50.910,47155,,,-4.3225,hfq
2026-06-15,51.890,52.690,50.830,51.090,38967,,,0.3536,hfq
2026-06-16,51.090,56.630,49.990,55.610,74718,,,8.8471,hfq
2026-06-17,55.490,56.610,54.450,56.330,47677,,,1.2947,hfq
2026-06-18,55.730,58.170,54.910,57.290,54875,,,1.7042,hfq
2026-06-22,57.190,59.010,54.650,58.870,61325,,,2.7579,hfq
2026-06-23,59.470,60.410,57.390,58.110,47910,,,-1.2910,hfq
2026-06-24,57.410,58.410,55.410,57.010,40301,,,-1.8930,hfq
2026-06-25,57.810,58.070,56.110,56.410,29619,,,-1.0524,hfq
2026-06-26,56.390,57.410,55.010,55.470,30707,,,-1.6664,hfq
2026-06-29,55.810,56.410,53.630,55.730,38521,,,0.4687,hfq
2026-06-30,55.970,57.410,54.570,57.390,35182,,,2.9786,hfq
2026-07-01,58.510,59.790,56.030,56.610,31947,,,-1.3591,hfq
2026-07-02,55.790,58.670,54.170,54.250,41310,,,-4.1689,hfq
2026-07-03,54.910,57.290,54.690,55.710,45061,,,2.6912,hfq
2026-07-06,56.510,59.990,55.750,57.830,63677,,,3.8054,hfq
2026-07-07,57.830,58.370,55.870,57.430,47340,,,-0.6917,hfq
2026-07-08,57.950,58.990,55.570,57.570,49764,,,0.2438,hfq
2026-07-09,57.470,61.410,56.610,61.110,75866,,,6.1490,hfq
2026-07-10,60.530,64.370,60.530,61.590,66722,,,0.7855,hfq
2026-07-13,60.550,62.170,55.210,55.430,83769,,,-10.0016,hfq
2026-07-14,56.410,57.630,53.910,57.190,55984,,,3.1752,hfq
2026-07-15,57.190,62.570,56.510,61.130,65793,,,6.8893,hfq
2026-07-16,60.610,62.810,59.430,60.630,74713,,,-0.8179,hfq
2026-07-17,61.170,61.170,48.790,48.790,115064,,,-19.5283,hfq
2026-07-20,48.770,53.350,39.310,43.250,131637,,,-11.3548,hfq
2026-07-21,44.250,51.370,38.790,49.970,114325,,,15.5376,hfq
2026-07-22,49.150,50.410,45.230,46.150,73831,,,-7.6446,hfq
2026-07-23,46.450,48.770,45.050,48.710,50390,,,5.5471,hfq
2026-07-24,47.550,48.290,45.970,47.690,42374,,,-2.0940,hfq
2026-07-27,47.650,50.730,43.670,44.310,87450,,,-7.0874,hfq
2026-07-28,43.090,44.670,41.410,42.310,51571,,,-4.5137,hfq
2026-07-29,42.330,42.710,39.010,39.790,64085,,,-5.9560,hfq
2026-07-30,40.350,40.350,35.170,35.530,72671,,,-10.7062,hfq
2026-07-31,37.090,38.950,36.650,36.690,65524,,,3.2648,hfq
2026-08-03,36.350,39.790,35.770,39.350,64753,,,7.2499,hfq
2026-08-04,39.410,42.590,39.010,41.950,49424,,,6.6074,hfq
2026-08-05,41.830,44.130,41.610,41.990,50429,,,0.0954,hfq
2026-08-06,42.390,43.450,41.610,42.910,41089,,,2.1910,hfq
2026-08-07,42.910,51.210,42.570,50.230,119366,,,17.0590,hfq
2026-08-10,50.970,52.790,48.870,52.590,85395,,,4.6984,hfq
2026-08-11,52.410,53.730,51.010,51.110,67198,,,-2.8142,hfq
2026-08-12,51.130,52.810,50.790,52.470,35337,,,2.6609,hfq
2026-08-13,52.790,54.610,51.450,51.450,52867,,,-1.9440,hfq
2026-08-14,51.450,52.190,50.250,52.070,29832,,,1.2051,hfq
2026-08-17,52.610,54.310,51.970,54.110,46955,,,3.9178,hfq
2026-08-18,54.730,57.770,54.410,56.870,61569,,,5.1007,hfq
2026-08-19,55.250,56.410,49.130,49.710,85992,,,-12.5901,hfq
2026-08-20,50.910,55.230,50.190,53.150,85640,,,6.9201,hfq
2026-08-21,53.290,54.930,51.730,52.130,57239,,,-1.9191,hfq
2026-08-24,51.930,52.550,48.810,50.630,55663,,,-2.8774,hfq
2026-08-25,50.290,53.290,48.810,52.610,47900,,,3.9107,hfq
2026-08-26,53.610,53.610,51.270,52.150,32994,,,-0.8744,hfq
2026-08-27,52.030,53.270,51.450,52.910,35383,,,1.4573,hfq
2026-08-28,52.670,52.950,51.070,51.350,27916,,,-2.9484,hfq
2026-08-31,50.910,52.790,49.190,52.730,40188,,,2.6874,hfq
2026-09-01,52.410,55.770,51.650,55.490,53841,,,5.2342,hfq
2026-09-02,55.190,57.970,54.070,55.570,64434,,,0.1442,hfq
2026-09-03,55.570,60.390,55.210,59.910,79954,,,7.8100,hfq
2026-09-04,60.030,61.090,57.950,58.750,67141,,,-1.9362,hfq
2026-09-07,59.050,60.970,56.510,57.730,60247,,,-1.7362,hfq
2026-09-08,57.970,58.590,55.210,55.710,60628,,,-3.4990,hfq
2026-09-09,55.490,56.550,50.450,51.010,85835,,,-8.4365,hfq
2026-09-10,50.430,53.870,47.410,52.030,74414,,,1.9996,hfq
2026-09-11,51.430,54.810,50.130,54.030,68021,,,3.8439,hfq
2026-09-14,54.010,54.350,52.810,53.370,40934,,,-1.2215,hfq
2026-09-15,54.410,54.410,51.810,51.950,29246,,,-2.6607,hfq
2026-09-16,51.990,54.270,51.250,53.550,34090,,,3.0799,hfq
2026-09-17,53.430,56.610,53.210,56.190,48017,,,4.9300,hfq
2026-09-18,56.610,57.990,55.370,57.930,41957,,,3.0966,hfq
