trade_date,open,high,low,close,volume,amount,turnover,pct_change,adjust
2018-06-11,30.170,36.200,30.170,36.200,788,,,,hfq
2018-06-12,39.820,39.820,39.820,39.820,265,,,10.0000,hfq
2018-06-13,43.800,43.800,43.800,43.800,450,,,9.9950,hfq
2018-06-14,48.180,48.180,48.180,48.180,742,,,10.0000,hfq
2018-06-15,53.000,53.000,53.000,53.000,2565,,,10.0042,hfq
2018-06-19,58.300,58.300,58.300,58.300,11174,,,10.0000,hfq
2018-06-20,64.130,64.130,64.130,64.130,13103,,,10.0000,hfq
2018-06-21,70.540,70.540,70.540,70.540,12316,,,9.9953,hfq
2018-06-22,72.000,72.710,63.490,66.550,1281705,,,-5.6564,hfq
2018-06-25,68.200,71.600,67.220,69.190,699819,,,3.9669,hfq
2018-06-26,67.890,75.550,67.100,74.180,625535,,,7.2120,hfq
2018-06-27,74.210,74.930,71.770,74.090,441388,,,-0.1213,hfq
2018-06-28,73.300,75.390,67.440,68.210,530809,,,-7.9363,hfq
2018-06-29,68.680,74.300,67.770,71.960,456985,,,5.4977,hfq
2018-07-02,70.790,71.480,69.110,70.000,324701,,,-2.7237,hfq
2018-07-03,70.200,71.190,65.850,69.290,339100,,,-1.0143,hfq
2018-07-04,68.150,68.150,65.500,65.920,262821,,,-4.8636,hfq
2018-07-05,65.000,71.880,64.880,68.810,343377,,,4.3841,hfq
2018-07-06,68.810,74.500,68.700,70.880,492134,,,3.0083,hfq
2018-07-09,70.800,71.570,69.110,71.550,310689,,,0.9453,hfq
2018-07-10,75.000,75.890,71.660,72.400,364844,,,1.1880,hfq
2018-07-11,70.000,78.940,69.580,77.060,491208,,,6.4365,hfq
2018-07-12,76.030,84.770,75.600,84.770,430852,,,10.0052,hfq
2018-07-13,82.000,88.470,81.030,82.700,482020,,,-2.4419,hfq
2018-07-16,82.700,84.750,80.100,83.900,295151,,,1.4510,hfq
2018-07-17,83.110,84.170,79.660,82.280,286153,,,-1.9309,hfq
2018-07-18,82.280,84.370,80.110,82.280,271138,,,0.0000,hfq
2018-07-19,82.000,85.150,80.670,82.890,250744,,,0.7414,hfq
2018-07-20,82.500,91.180,82.010,90.930,426956,,,9.6996,hfq
2018-07-23,89.000,90.540,87.550,88.620,250143,,,-2.5404,hfq
2018-07-24,88.500,92.960,87.500,91.770,265010,,,3.5545,hfq
2018-07-25,91.000,95.080,82.590,82.590,457193,,,-10.0033,hfq
2018-07-26,80.500,82.600,76.600,78.200,392869,,,-5.3154,hfq
2018-07-27,78.000,78.640,75.670,76.050,228095,,,-2.7494,hfq
2018-07-30,76.500,77.340,75.000,76.850,180418,,,1.0519,hfq
2018-07-31,76.780,76.790,70.510,72.220,281283,,,-6.0247,hfq
2018-08-01,72.000,73.630,71.020,71.420,179336,,,-1.1077,hfq
2018-08-02,70.400,73.290,70.050,72.560,198535,,,1.5962,hfq
2018-08-03,71.760,73.140,68.660,69.600,172888,,,-4.0794,hfq
2018-08-06,69.000,71.080,67.600,69.650,157069,,,0.0718,hfq
2018-08-07,70.480,74.460,70.000,73.790,199649,,,5.9440,hfq
2018-08-08,73.500,73.580,71.110,71.520,147708,,,-3.0763,hfq
2018-08-09,71.400,75.660,70.300,74.060,184748,,,3.5515,hfq
2018-08-10,73.600,74.490,73.020,74.440,116738,,,0.5131,hfq
2018-08-13,73.000,74.190,72.030,74.010,109495,,,-0.5776,hfq
2018-08-14,73.800,73.890,71.440,71.570,117356,,,-3.2969,hfq
2018-08-15,70.980,72.030,69.000,69.110,129167,,,-3.4372,hfq
2018-08-16,68.000,69.880,66.210,68.990,107152,,,-0.1736,hfq
2018-08-17,69.900,70.510,68.100,68.160,82248,,,-1.2031,hfq
2018-08-20,67.880,69.110,66.000,68.950,109229,,,1.1590,hfq
2018-08-21,68.970,70.780,68.020,69.570,102088,,,0.8992,hfq
2018-08-22,69.060,70.250,67.210,67.470,89999,,,-3.0185,hfq
2018-08-23,67.650,69.650,67.080,69.100,121931,,,2.4159,hfq
2018-08-24,67.810,71.200,67.700,68.800,133609,,,-0.4342,hfq
2018-08-27,68.580,70.980,67.890,70.460,129150,,,2.4128,hfq
2018-08-28,70.610,74.320,70.400,73.010,188139,,,3.6191,hfq
2018-08-29,72.600,73.500,71.810,73.020,103338,,,0.0137,hfq
2018-08-30,73.190,74.000,69.630,69.990,136818,,,-4.1495,hfq
2018-08-31,68.490,69.200,65.010,65.500,159012,,,-6.4152,hfq
2018-09-03,64.800,64.800,61.000,63.260,159108,,,-3.4198,hfq
2018-09-04,63.200,64.250,62.760,63.850,80675,,,0.9327,hfq
2018-09-05,63.600,63.980,61.390,61.390,96892,,,-3.8528,hfq
2018-09-06,60.600,62.650,60.320,61.840,88540,,,0.7330,hfq
2018-09-07,62.490,64.880,62.210,63.320,127485,,,2.3933,hfq
2018-09-10,63.560,63.790,61.000,61.350,65451,,,-3.1112,hfq
2018-09-11,61.400,63.160,61.400,62.570,66293,,,1.9886,hfq
2018-09-12,62.800,65.250,62.610,64.500,121159,,,3.0845,hfq
2018-09-13,65.640,66.100,63.390,64.800,98520,,,0.4651,hfq
2018-09-14,66.300,69.000,65.860,65.900,158318,,,1.6975,hfq
2018-09-17,64.570,65.480,63.590,63.710,71314,,,-3.3232,hfq
2018-09-18,63.000,66.410,62.990,66.360,77892,,,4.1595,hfq
2018-09-19,65.990,68.560,65.450,67.330,95025,,,1.4617,hfq
2018-09-20,67.010,69.900,67.010,67.990,102007,,,0.9802,hfq
2018-09-21,68.630,69.900,67.860,69.190,77482,,,1.7650,hfq
2018-09-25,68.400,69.300,67.710,68.330,42041,,,-1.2430,hfq
2018-09-26,68.660,73.500,68.660,72.890,160615,,,6.6735,hfq
2018-09-27,72.250,74.950,71.700,72.550,136946,,,-0.4665,hfq
2018-09-28,72.110,75.090,72.110,73.000,119210,,,0.6203,hfq
2018-10-08,71.880,71.880,67.800,68.450,131167,,,-6.2329,hfq
2018-10-09,68.910,69.160,64.100,64.900,133893,,,-5.1863,hfq
2018-10-10,65.610,65.800,63.600,64.900,71632,,,0.0000,hfq
2018-10-11,61.880,63.470,59.510,60.450,128094,,,-6.8567,hfq
2018-10-12,60.450,63.160,60.380,62.860,86003,,,3.9868,hfq
2018-10-15,68.800,69.150,67.880,69.150,198014,,,10.0064,hfq
2018-10-16,70.000,70.360,67.940,68.850,104521,,,-0.4338,hfq
2018-10-17,69.770,71.780,69.210,70.000,142321,,,1.6703,hfq
2018-10-18,68.700,71.400,65.520,68.030,108109,,,-2.8143,hfq
2018-10-19,67.010,74.260,67.010,73.770,141251,,,8.4375,hfq
2018-10-22,74.090,81.100,74.090,79.100,181063,,,7.2252,hfq
2018-10-23,78.100,79.960,76.100,78.000,127366,,,-1.3906,hfq
2018-10-24,77.840,79.470,76.120,77.000,100428,,,-1.2821,hfq
2018-10-25,75.000,81.580,74.510,80.910,133722,,,5.0779,hfq
2018-10-26,80.690,80.690,73.010,74.600,176917,,,-7.7988,hfq
2018-10-29,74.940,75.400,70.600,70.760,127197,,,-5.1475,hfq
2018-10-30,70.650,75.350,69.880,75.000,128875,,,5.9921,hfq
2018-10-31,75.290,77.430,74.200,74.500,97943,,,-0.6667,hfq
2018-11-01,75.200,76.820,73.210,73.610,97239,,,-1.1946,hfq
2018-11-02,76.140,78.630,76.050,78.480,137058,,,6.6159,hfq
2018-11-05,78.480,82.480,77.800,79.390,130635,,,1.1595,hfq
2018-11-06,79.030,82.400,76.000,81.570,121658,,,2.7459,hfq
2018-11-07,80.200,82.380,78.210,79.040,126587,,,-3.1016,hfq
2018-11-08,79.840,80.380,76.890,77.310,80448,,,-2.1888,hfq
2018-11-09,77.000,79.050,76.660,77.750,60639,,,0.5691,hfq
2018-11-12,77.000,83.800,76.700,83.250,148899,,,7.0740,hfq
2018-11-13,82.000,82.510,79.800,81.630,142870,,,-1.9459,hfq
2018-11-14,80.410,83.000,79.750,81.000,107907,,,-0.7718,hfq
2018-11-15,80.410,82.200,79.900,81.350,75768,,,0.4321,hfq
2018-11-16,81.680,81.760,78.620,80.110,98094,,,-1.5243,hfq
2018-11-19,79.590,81.480,79.000,79.350,72590,,,-0.9487,hfq
2018-11-20,78.710,79.200,77.560,77.770,77220,,,-1.9912,hfq
2018-11-21,77.500,79.750,76.500,78.650,73148,,,1.1315,hfq
2018-11-22,78.200,79.440,77.600,77.910,40717,,,-0.9409,hfq
2018-11-23,77.910,77.950,73.900,73.980,104037,,,-5.0443,hfq
2018-11-26,73.800,74.880,72.800,74.620,76100,,,0.8651,hfq
2018-11-27,74.680,76.850,73.760,75.600,79533,,,1.3133,hfq
2018-11-28,75.750,79.480,75.250,78.680,99188,,,4.0741,hfq
2018-11-29,79.500,81.500,78.030,78.030,97362,,,-0.8261,hfq
2018-11-30,78.010,80.990,78.010,80.030,90675,,,2.5631,hfq
2018-12-03,82.520,83.490,80.560,80.850,126452,,,1.0246,hfq
2018-12-04,80.200,83.080,80.040,82.300,95796,,,1.7934,hfq
2018-12-05,81.000,82.600,80.600,81.370,73915,,,-1.1300,hfq
2018-12-06,80.800,82.280,79.000,79.010,113853,,,-2.9003,hfq
2018-12-07,79.180,80.460,79.180,79.700,56421,,,0.8733,hfq
2018-12-10,79.450,80.370,76.800,78.290,76068,,,-1.7691,hfq
2018-12-11,78.500,79.180,77.820,78.560,34500,,,0.3449,hfq
2018-12-12,79.340,81.980,79.000,81.500,94724,,,3.7424,hfq
2018-12-13,81.920,82.270,80.580,82.110,72444,,,0.7485,hfq
2018-12-14,81.930,82.480,79.310,79.340,70905,,,-3.3735,hfq
2018-12-17,78.800,80.490,77.000,80.160,68644,,,1.0335,hfq
2018-12-18,79.000,80.590,78.680,79.550,48855,,,-0.7610,hfq
2018-12-19,79.160,81.700,78.340,79.500,70926,,,-0.0629,hfq
2018-12-20,79.380,79.390,76.230,77.340,97737,,,-2.7170,hfq
2018-12-21,77.540,78.500,75.600,78.500,88737,,,1.4999,hfq
2018-12-24,77.680,79.240,77.010,78.030,59388,,,-0.5987,hfq
2018-12-25,77.040,77.740,75.650,77.200,65883,,,-1.0637,hfq
2018-12-26,77.200,77.900,75.530,75.900,49252,,,-1.6839,hfq
2018-12-27,77.200,77.480,75.780,75.780,48814,,,-0.1581,hfq
2018-12-28,75.690,76.620,73.800,73.800,56292,,,-2.6128,hfq
2019-01-02,74.250,74.970,73.530,73.660,43940,,,-0.1897,hfq
2019-01-03,72.510,74.540,72.510,73.830,44949,,,0.2308,hfq
2019-01-04,73.330,77.240,73.230,76.960,79053,,,4.2395,hfq
2019-01-07,76.940,77.650,76.300,77.420,59695,,,0.5977,hfq
2019-01-08,77.220,79.450,77.200,79.330,85749,,,2.4671,hfq
2019-01-09,77.000,78.210,75.180,77.980,123798,,,-1.7018,hfq
2019-01-10,77.640,77.850,76.020,76.280,83942,,,-2.1800,hfq
2019-01-11,76.600,76.750,74.800,75.290,61367,,,-1.2979,hfq
2019-01-14,75.300,76.330,74.300,76.080,48487,,,1.0493,hfq
2019-01-15,76.000,77.480,74.850,77.370,58736,,,1.6956,hfq
2019-01-16,76.900,77.200,76.410,76.670,25738,,,-0.9047,hfq
2019-01-17,76.950,77.690,76.410,76.660,37188,,,-0.0130,hfq
2019-01-18,77.160,77.160,74.000,75.400,65039,,,-1.6436,hfq
2019-01-21,75.030,75.630,74.260,75.240,52411,,,-0.2122,hfq
2019-01-22,75.000,75.670,74.030,74.270,42588,,,-1.2892,hfq
2019-01-23,74.260,75.660,74.010,75.440,48847,,,1.5753,hfq
2019-01-24,75.000,75.860,74.700,75.170,37984,,,-0.3579,hfq
2019-01-25,75.640,78.790,75.170,77.440,91189,,,3.0198,hfq
2019-01-28,78.100,78.260,76.020,76.070,46288,,,-1.7691,hfq
2019-01-29,76.260,77.390,74.100,76.680,52363,,,0.8019,hfq
2019-01-30,74.330,77.360,73.610,76.200,77077,,,-0.6260,hfq
2019-01-31,76.270,77.770,76.050,76.120,44127,,,-0.1050,hfq
2019-02-01,76.670,79.170,76.200,78.400,62144,,,2.9953,hfq
2019-02-11,78.990,81.380,78.980,81.000,83433,,,3.3163,hfq
2019-02-12,80.500,81.600,80.030,81.000,49891,,,0.0000,hfq
2019-02-13,80.800,83.570,80.370,81.700,78771,,,0.8642,hfq
2019-02-14,81.500,88.880,81.350,84.720,127233,,,3.6965,hfq
2019-02-15,84.400,86.000,82.400,82.420,105153,,,-2.7148,hfq
2019-02-18,83.150,84.880,82.560,84.460,87787,,,2.4751,hfq
2019-02-19,84.660,84.780,81.800,82.290,94257,,,-2.5693,hfq
2019-02-20,82.800,84.500,82.100,83.170,60674,,,1.0694,hfq
2019-02-21,82.700,84.870,82.300,83.330,82287,,,0.1924,hfq
2019-02-22,83.000,85.300,82.110,84.370,89600,,,1.2480,hfq
2019-02-25,85.770,91.660,85.770,91.320,154113,,,8.2375,hfq
2019-02-26,90.000,90.800,87.680,88.500,113242,,,-3.0880,hfq
2019-02-27,87.700,89.390,85.300,86.050,91037,,,-2.7684,hfq
2019-02-28,86.010,89.180,86.010,87.700,72399,,,1.9175,hfq
2019-03-01,91.100,92.880,89.400,90.030,96192,,,2.6568,hfq
2019-03-04,91.500,95.160,90.730,92.390,140369,,,2.6213,hfq
2019-03-05,92.380,92.980,91.200,92.600,86156,,,0.2273,hfq
2019-03-06,93.120,93.800,89.380,91.200,104329,,,-1.5119,hfq
2019-03-07,90.850,90.850,86.680,87.890,137071,,,-3.6294,hfq
2019-03-08,86.000,88.300,84.720,84.970,110696,,,-3.3223,hfq
2019-03-11,84.730,88.180,84.550,87.920,93546,,,3.4718,hfq
2019-03-12,91.600,93.850,89.210,91.070,147634,,,3.5828,hfq
2019-03-13,90.990,90.990,87.710,88.080,75777,,,-3.2832,hfq
2019-03-14,87.980,90.480,87.320,88.950,79825,,,0.9877,hfq
2019-03-15,90.010,91.400,88.970,89.830,78215,,,0.9893,hfq
2019-03-18,89.890,90.000,87.900,89.280,72757,,,-0.6123,hfq
2019-03-19,89.150,91.880,88.000,88.600,68170,,,-0.7616,hfq
2019-03-20,88.500,88.500,85.820,87.170,88141,,,-1.6140,hfq
2019-03-21,87.000,88.400,85.950,87.120,81359,,,-0.0574,hfq
2019-03-22,87.120,87.120,85.210,86.580,60189,,,-0.6198,hfq
2019-03-25,87.970,90.580,87.020,89.000,129906,,,2.7951,hfq
2019-03-26,88.020,88.490,84.900,85.300,97197,,,-4.1573,hfq
2019-03-27,85.500,86.540,82.300,83.410,94921,,,-2.2157,hfq
2019-03-28,83.340,84.360,82.100,83.200,58571,,,-0.2518,hfq
2019-03-29,83.420,85.000,82.650,85.000,71241,,,2.1635,hfq
2019-04-01,85.160,86.960,85.000,86.350,92390,,,1.5882,hfq
2019-04-02,86.350,86.430,84.330,84.980,102413,,,-1.5866,hfq
2019-04-03,84.800,85.200,83.880,84.480,71840,,,-0.5884,hfq
2019-04-04,84.630,85.160,84.000,84.170,66796,,,-0.3670,hfq
2019-04-08,84.710,84.900,81.100,82.290,113769,,,-2.2336,hfq
2019-04-09,84.760,85.250,82.900,83.910,119422,,,1.9686,hfq
2019-04-10,83.810,83.810,81.700,82.240,108408,,,-1.9902,hfq
2019-04-11,82.250,82.600,80.580,80.720,89537,,,-1.8482,hfq
2019-04-12,80.920,82.610,80.910,81.980,59356,,,1.5610,hfq
2019-04-15,82.800,83.010,80.950,80.970,59950,,,-1.2320,hfq
2019-04-16,80.500,82.270,80.370,82.270,57187,,,1.6055,hfq
2019-04-17,83.500,86.280,83.500,86.110,205004,,,4.6676,hfq
2019-04-18,86.120,86.300,84.420,84.650,70617,,,-1.6955,hfq
2019-04-19,84.520,84.990,82.900,83.200,62967,,,-1.7129,hfq
2019-04-22,83.210,83.600,81.030,81.230,66492,,,-2.3678,hfq
2019-04-23,80.500,80.650,75.010,78.170,115259,,,-3.7671,hfq
2019-04-24,78.180,79.860,77.400,79.780,51343,,,2.0596,hfq
2019-04-25,78.590,80.860,78.100,79.100,52973,,,-0.8523,hfq
2019-04-26,79.000,80.350,78.980,79.350,34918,,,0.3161,hfq
2019-04-29,80.990,81.370,79.150,79.780,47882,,,0.5419,hfq
2019-04-30,79.800,80.580,79.150,79.760,31090,,,-0.0251,hfq
2019-05-06,76.870,77.660,75.060,75.700,65431,,,-5.0903,hfq
2019-05-07,76.000,77.420,75.620,75.850,37119,,,0.1982,hfq
2019-05-08,74.900,76.170,73.700,74.610,34995,,,-1.6348,hfq
2019-05-09,74.000,75.090,72.630,72.700,48134,,,-2.5600,hfq
2019-05-10,73.480,74.490,70.720,74.100,54074,,,1.9257,hfq
2019-05-13,73.050,73.260,71.260,71.590,46327,,,-3.3873,hfq
2019-05-14,71.920,73.200,71.910,72.160,43329,,,0.7962,hfq
2019-05-15,72.500,75.150,72.500,74.980,66195,,,3.9080,hfq
2019-05-16,74.800,74.840,73.900,74.330,37371,,,-0.8669,hfq
2019-05-17,74.710,74.710,71.920,72.250,36003,,,-2.7983,hfq
2019-05-20,71.370,72.080,67.890,69.690,45237,,,-3.5433,hfq
2019-05-21,70.220,71.180,69.880,70.150,31949,,,0.6601,hfq
2019-05-22,70.720,70.920,69.250,69.370,27823,,,-1.1119,hfq
2019-05-23,68.800,69.250,67.300,67.480,44016,,,-2.7245,hfq
2019-05-24,67.820,68.200,66.990,67.850,29311,,,0.5483,hfq
2019-05-27,67.990,69.640,67.680,69.200,43690,,,1.9897,hfq
2019-05-28,69.200,71.880,68.800,71.880,53181,,,3.8728,hfq
2019-05-29,70.210,71.290,70.050,70.570,32951,,,-1.8225,hfq
2019-05-30,70.490,70.490,68.900,69.810,28726,,,-1.0769,hfq
2019-05-31,70.300,70.470,69.360,69.440,25166,,,-0.5300,hfq
2019-06-03,68.600,69.670,68.000,68.160,32528,,,-1.8433,hfq
2019-06-04,68.400,68.400,66.800,66.870,31666,,,-1.8926,hfq
2019-06-05,67.370,69.350,67.360,69.070,50093,,,3.2900,hfq
2019-06-06,68.810,68.890,66.660,66.940,37484,,,-3.0838,hfq
2019-06-10,67.850,70.270,66.910,67.600,88452,,,0.9860,hfq
2019-06-11,64.020,68.940,64.000,68.190,241071,,,0.8728,hfq
2019-06-12,67.270,69.500,67.270,68.650,153508,,,0.6746,hfq
2019-06-13,68.600,72.260,67.900,71.010,215487,,,3.4377,hfq
2019-06-14,71.070,74.180,70.800,72.180,204332,,,1.6477,hfq
2019-06-17,72.250,73.830,71.100,71.960,120704,,,-0.3048,hfq
2019-06-18,71.900,72.380,70.400,71.050,81801,,,-1.2646,hfq
2019-06-19,72.980,73.240,69.120,69.680,142814,,,-1.9282,hfq
2019-06-20,69.680,70.240,68.250,69.060,128161,,,-0.8898,hfq
2019-06-21,71.000,71.000,68.850,69.090,118185,,,0.0434,hfq
2019-06-24,69.090,69.130,67.910,68.860,66058,,,-0.3329,hfq
2019-06-25,68.840,69.200,67.810,68.830,76387,,,-0.0436,hfq
2019-06-26,68.440,70.560,68.290,69.980,94483,,,1.6708,hfq
2019-06-27,69.820,70.710,69.450,69.930,109489,,,-0.0714,hfq
2019-06-28,68.900,69.430,68.000,68.880,57212,,,-1.5015,hfq
2019-07-01,70.000,71.000,69.310,70.320,130772,,,2.0906,hfq
2019-07-02,70.280,72.380,69.960,71.040,162519,,,1.0239,hfq
2019-07-03,70.510,73.010,70.280,71.800,221001,,,1.0698,hfq
2019-07-04,71.990,72.280,70.550,71.050,80844,,,-1.0446,hfq
2019-07-05,71.100,71.500,70.020,71.080,88937,,,0.0422,hfq
2019-07-08,70.530,70.530,67.890,68.860,83043,,,-3.1232,hfq
2019-07-09,68.880,70.890,68.500,70.860,96027,,,2.9044,hfq
2019-07-10,71.100,73.470,71.000,72.250,159315,,,1.9616,hfq
2019-07-11,73.500,73.520,71.900,72.420,70672,,,0.2353,hfq
2019-07-12,72.790,74.230,72.510,73.880,94172,,,2.0160,hfq
2019-07-15,74.510,74.580,73.000,73.660,112714,,,-0.2978,hfq
2019-07-16,73.410,73.660,71.310,72.820,96070,,,-1.1404,hfq
2019-07-17,72.450,73.840,72.280,72.990,43172,,,0.2335,hfq
2019-07-18,72.460,72.800,71.330,71.500,45170,,,-2.0414,hfq
2019-07-19,71.710,72.950,71.570,72.500,57358,,,1.3986,hfq
2019-07-22,72.642,73.742,71.652,73.222,87657,,,0.9959,hfq
2019-07-23,73.542,77.092,72.762,76.012,164707,,,3.8103,hfq
2019-07-24,76.342,77.072,75.542,75.822,119685,,,-0.2500,hfq
2019-07-25,75.842,76.892,75.442,75.952,118401,,,0.1715,hfq
2019-07-26,75.502,77.912,75.502,76.802,115263,,,1.1191,hfq
2019-07-29,76.662,77.542,76.152,76.822,70375,,,0.0260,hfq
2019-07-30,77.042,78.632,76.282,77.902,96458,,,1.4058,hfq
2019-07-31,77.742,77.742,76.142,76.142,66221,,,-2.2592,hfq
2019-08-01,76.042,77.072,75.422,75.942,67503,,,-0.2627,hfq
2019-08-02,74.132,75.742,73.892,75.422,71660,,,-0.6847,hfq
2019-08-05,74.842,75.342,73.022,73.142,89916,,,-3.0230,hfq
2019-08-06,70.942,72.832,70.652,72.292,84938,,,-1.1621,hfq
2019-08-07,72.642,74.692,72.582,73.472,86048,,,1.6323,hfq
2019-08-08,74.142,74.322,72.942,73.222,38743,,,-0.3403,hfq
2019-08-09,74.112,74.112,71.652,72.072,47326,,,-1.5706,hfq
2019-08-12,71.952,73.542,71.672,73.512,42536,,,1.9980,hfq
2019-08-13,72.962,74.432,72.722,73.612,53094,,,0.1360,hfq
2019-08-14,74.142,75.232,73.642,73.642,63248,,,0.0408,hfq
2019-08-15,72.092,74.342,71.852,74.312,46222,,,0.9098,hfq
2019-08-16,74.142,74.342,73.172,73.362,69540,,,-1.2784,hfq
2019-08-19,73.842,76.342,73.362,76.342,105122,,,4.0620,hfq
2019-08-20,76.322,76.492,75.302,75.572,68190,,,-1.0086,hfq
2019-08-21,75.362,77.092,75.362,75.942,65330,,,0.4896,hfq
2019-08-22,76.142,76.142,75.142,75.742,49174,,,-0.2634,hfq
2019-08-23,75.732,75.732,72.062,74.042,165651,,,-2.2445,hfq
2019-08-26,73.032,73.872,72.642,72.912,91278,,,-1.5262,hfq
2019-08-27,73.502,74.672,73.252,73.442,96052,,,0.7269,hfq
2019-08-28,74.312,74.412,72.502,72.662,86400,,,-1.0621,hfq
2019-08-29,72.652,72.672,71.172,71.222,100760,,,-1.9818,hfq
2019-08-30,71.602,73.022,70.702,72.412,118967,,,1.6708,hfq
2019-09-02,72.332,73.282,72.032,73.102,98066,,,0.9529,hfq
2019-09-03,72.852,73.042,70.982,71.342,130194,,,-2.4076,hfq
2019-09-04,71.022,71.522,70.042,71.322,117106,,,-0.0280,hfq
2019-09-05,71.352,72.532,71.352,71.442,123015,,,0.1683,hfq
2019-09-06,71.592,72.442,71.592,72.002,82921,,,0.7839,hfq
2019-09-09,72.652,77.142,72.202,77.142,258029,,,7.1387,hfq
2019-09-10,77.472,77.892,76.592,77.362,188278,,,0.2852,hfq
2019-09-11,78.042,81.222,77.502,77.912,212306,,,0.7109,hfq
2019-09-12,78.342,79.842,77.442,78.142,154047,,,0.2952,hfq
2019-09-16,79.132,79.442,76.462,76.842,135279,,,-1.6636,hfq
2019-09-17,76.722,76.722,74.352,74.662,143175,,,-2.8370,hfq
2019-09-18,75.192,75.602,74.592,74.732,100855,,,0.0938,hfq
2019-09-19,74.732,76.142,74.732,75.522,141323,,,1.0571,hfq
2019-09-20,75.662,76.262,74.742,75.002,128027,,,-0.6885,hfq
2019-09-23,75.012,75.022,72.442,73.132,123098,,,-2.4933,hfq
2019-09-24,73.282,74.062,72.202,72.872,128426,,,-0.3555,hfq
2019-09-25,72.742,73.922,71.992,73.102,133953,,,0.3156,hfq
2019-09-26,73.342,73.492,71.162,71.592,130923,,,-2.0656,hfq
2019-09-27,71.592,72.032,71.202,71.602,71437,,,0.0140,hfq
2019-09-30,71.942,72.212,71.302,71.642,67607,,,0.0559,hfq
2019-10-08,71.752,72.122,70.342,70.402,87357,,,-1.7308,hfq
2019-10-09,70.152,70.172,68.522,69.242,132218,,,-1.6477,hfq
2019-10-10,70.212,71.782,69.902,71.042,122851,,,2.5996,hfq
2019-10-11,71.312,72.282,70.472,71.602,94925,,,0.7883,hfq
2019-10-14,72.042,72.142,70.642,70.992,122035,,,-0.8519,hfq
2019-10-15,70.992,72.242,70.802,71.112,89350,,,0.1690,hfq
2019-10-16,71.152,71.472,69.642,69.832,81236,,,-1.8000,hfq
2019-10-17,69.842,70.112,69.032,69.442,72455,,,-0.5585,hfq
2019-10-18,69.742,70.462,69.502,70.232,76282,,,1.1376,hfq
2019-10-21,70.422,70.422,69.142,69.782,50431,,,-0.6407,hfq
2019-10-22,70.142,71.062,70.142,70.862,69273,,,1.5477,hfq
2019-10-23,70.842,71.292,70.192,70.902,63176,,,0.0564,hfq
2019-10-24,71.072,72.092,71.022,71.772,90432,,,1.2270,hfq
2019-10-25,71.842,71.892,70.702,71.162,53897,,,-0.8499,hfq
2019-10-28,70.192,70.962,69.822,70.952,99662,,,-0.2951,hfq
2019-10-29,71.032,71.032,69.272,69.422,98656,,,-2.1564,hfq
2019-10-30,69.142,69.862,68.522,69.662,75613,,,0.3457,hfq
2019-10-31,69.522,69.972,68.822,68.852,56268,,,-1.1628,hfq
2019-11-01,68.662,69.542,68.562,69.472,56134,,,0.9005,hfq
2019-11-04,69.742,70.132,69.242,70.072,82866,,,0.8637,hfq
2019-11-05,70.452,74.492,70.072,73.622,237825,,,5.0662,hfq
2019-11-06,76.412,79.022,75.492,76.042,441481,,,3.2871,hfq
2019-11-07,75.442,77.052,74.272,75.442,216633,,,-0.7890,hfq
2019-11-08,76.042,77.342,75.142,75.762,190358,,,0.4242,hfq
2019-11-11,74.922,75.542,73.842,73.842,99913,,,-2.5343,hfq
2019-11-12,74.142,75.442,73.692,74.592,90842,,,1.0157,hfq
2019-11-13,74.942,75.032,73.932,74.082,67352,,,-0.6837,hfq
2019-11-14,74.542,74.992,73.952,74.242,67258,,,0.2160,hfq
2019-11-15,74.432,74.432,71.742,72.742,107220,,,-2.0204,hfq
2019-11-18,73.022,73.332,72.292,73.012,44955,,,0.3712,hfq
2019-11-19,73.422,77.112,73.022,77.082,186313,,,5.5744,hfq
2019-11-20,76.972,78.242,76.342,76.442,112468,,,-0.8303,hfq
2019-11-21,76.842,78.242,76.442,77.292,124424,,,1.1120,hfq
2019-11-22,82.142,84.742,79.602,80.642,423471,,,4.3342,hfq
2019-11-25,81.492,83.792,81.142,83.722,280837,,,3.8193,hfq
2019-11-26,83.132,89.742,82.042,88.142,391483,,,5.2794,hfq
2019-11-27,87.592,89.002,86.112,87.392,194442,,,-0.8509,hfq
2019-11-28,86.842,89.742,86.292,87.552,145224,,,0.1831,hfq
2019-11-29,87.262,89.042,85.522,87.552,129221,,,0.0000,hfq
2019-12-02,88.342,88.462,85.942,87.242,119017,,,-0.3541,hfq
2019-12-03,87.142,87.392,84.732,86.542,156894,,,-0.8024,hfq
2019-12-04,86.502,88.902,85.322,86.842,168785,,,0.3467,hfq
2019-12-05,87.162,93.602,87.102,92.142,263629,,,6.1030,hfq
2019-12-06,91.842,93.532,91.242,93.142,134377,,,1.0853,hfq
2019-12-09,93.642,93.642,91.042,93.032,147499,,,-0.1181,hfq
2019-12-10,92.142,94.582,91.442,93.492,126949,,,0.4945,hfq
2019-12-11,93.492,94.332,90.642,91.632,133255,,,-1.9895,hfq
2019-12-12,91.602,93.042,89.362,89.842,148786,,,-1.9535,hfq
2019-12-13,91.672,93.542,90.462,93.142,182898,,,3.6731,hfq
2019-12-16,92.682,93.012,91.422,92.442,182178,,,-0.7515,hfq
2019-12-17,94.942,97.332,94.582,95.532,277393,,,3.3426,hfq
2019-12-18,94.602,94.642,92.312,93.332,186405,,,-2.3029,hfq
2019-12-19,93.642,93.722,91.662,93.392,108433,,,0.0643,hfq
2019-12-20,93.382,95.022,92.852,92.922,103579,,,-0.5033,hfq
2019-12-23,92.142,95.532,91.702,93.042,141429,,,0.1291,hfq
2019-12-24,93.342,100.232,93.342,99.642,297043,,,7.0936,hfq
2019-12-25,99.492,105.622,98.292,105.442,233077,,,5.8208,hfq
2019-12-26,105.142,107.122,102.822,105.262,148416,,,-0.1707,hfq
2019-12-27,105.262,110.142,103.292,104.342,240549,,,-0.8740,hfq
2019-12-30,106.712,110.642,105.142,110.142,235779,,,5.5586,hfq
2019-12-31,110.002,110.492,105.682,106.542,215007,,,-3.2685,hfq
2020-01-02,107.352,108.992,105.842,107.662,206115,,,1.0512,hfq
2020-01-03,107.662,110.332,106.112,109.692,180841,,,1.8855,hfq
2020-01-06,111.442,114.642,107.942,109.232,265002,,,-0.4194,hfq
2020-01-07,109.152,109.782,107.552,108.642,135075,,,-0.5401,hfq
2020-01-08,109.152,111.642,107.242,109.742,192240,,,1.0125,hfq
2020-01-09,112.142,115.642,110.152,115.142,201643,,,4.9206,hfq
2020-01-10,114.342,114.342,111.822,113.452,144280,,,-1.4678,hfq
2020-01-13,116.142,118.622,114.342,117.042,215974,,,3.1643,hfq
2020-01-14,119.652,120.892,115.322,115.842,217684,,,-1.0253,hfq
2020-01-15,115.842,117.722,112.352,115.442,177587,,,-0.3453,hfq
2020-01-16,116.142,116.642,113.992,116.542,129341,,,0.9529,hfq
2020-01-17,116.502,117.702,114.142,115.222,146624,,,-1.1326,hfq
2020-01-20,115.132,125.222,113.042,123.342,248922,,,7.0473,hfq
2020-01-21,122.652,123.142,120.602,121.792,142671,,,-1.2567,hfq
2020-01-22,121.792,133.962,119.522,133.962,349915,,,9.9924,hfq
2020-01-23,132.642,137.142,125.242,130.712,359862,,,-2.4261,hfq
2020-02-03,126.702,143.622,126.642,135.502,526346,,,3.6645,hfq
2020-02-04,145.912,149.042,140.152,149.042,359135,,,9.9925,hfq
2020-02-05,158.312,163.932,156.442,163.932,530823,,,9.9905,hfq
2020-02-06,155.152,170.032,153.132,170.032,579189,,,3.7211,hfq
2020-02-07,166.142,169.472,159.092,160.342,454994,,,-5.6989,hfq
2020-02-10,161.142,168.722,160.142,165.402,375409,,,3.1558,hfq
2020-02-11,167.342,168.142,157.742,158.542,339945,,,-4.1475,hfq
2020-02-12,153.692,161.982,152.172,159.792,325862,,,0.7884,hfq
2020-02-13,156.132,159.522,153.832,156.482,313609,,,-2.0714,hfq
2020-02-14,159.042,160.042,149.002,150.042,439618,,,-4.1155,hfq
2020-02-17,149.142,156.302,149.022,154.242,344471,,,2.7992,hfq
2020-02-18,154.242,159.142,152.992,156.762,282305,,,1.6338,hfq
2020-02-19,165.142,165.242,153.032,153.342,418167,,,-2.1817,hfq
2020-02-20,156.642,165.142,153.142,160.142,518440,,,4.4345,hfq
2020-02-21,157.942,162.642,155.362,160.042,338051,,,-0.0624,hfq
2020-02-24,157.142,159.992,152.622,154.552,365230,,,-3.4303,hfq
2020-02-25,149.882,165.642,148.982,161.992,516026,,,4.8139,hfq
2020-02-26,158.842,160.992,150.842,153.002,338279,,,-5.5497,hfq
2020-02-27,155.242,156.802,148.942,149.622,332002,,,-2.2091,hfq
2020-02-28,140.132,145.142,135.652,135.812,508447,,,-9.2299,hfq
2020-03-02,138.942,142.092,135.092,140.132,318150,,,3.1809,hfq
2020-03-03,146.142,149.832,144.042,145.922,296910,,,4.1318,hfq
2020-03-04,144.132,146.022,139.922,143.842,205946,,,-1.4254,hfq
2020-03-05,146.682,147.972,142.142,145.362,224633,,,1.0567,hfq
2020-03-06,142.152,147.442,141.642,143.662,159808,,,-1.1695,hfq
2020-03-09,139.132,141.042,133.142,133.592,294252,,,-7.0095,hfq
2020-03-10,133.752,141.832,133.152,140.672,292744,,,5.2997,hfq
2020-03-11,143.142,148.722,138.942,140.922,339232,,,0.1777,hfq
2020-03-12,136.342,136.912,131.462,134.342,333858,,,-4.6692,hfq
2020-03-13,126.242,133.942,126.152,132.242,274553,,,-1.5632,hfq
2020-03-16,128.142,129.022,119.032,119.202,490485,,,-9.8607,hfq
2020-03-17,121.142,123.072,111.392,118.092,392203,,,-0.9312,hfq
2020-03-18,119.042,123.642,116.142,117.492,313384,,,-0.5081,hfq
2020-03-19,119.142,119.642,111.832,115.182,331563,,,-1.9661,hfq
2020-03-20,118.142,119.842,113.362,116.002,225142,,,0.7119,hfq
2020-03-23,110.942,111.712,105.152,107.622,307618,,,-7.2240,hfq
2020-03-24,110.742,113.022,107.142,111.712,291170,,,3.8003,hfq
2020-03-25,116.342,122.322,116.142,121.142,385928,,,8.4413,hfq
2020-03-26,119.152,122.492,118.442,119.772,194371,,,-1.1309,hfq
2020-03-27,122.352,123.472,117.502,118.852,174991,,,-0.7681,hfq
2020-03-30,116.142,120.782,110.842,119.452,261655,,,0.5048,hfq
2020-03-31,120.412,123.272,118.002,120.532,194852,,,0.9041,hfq
2020-04-01,123.242,125.702,119.222,120.542,298951,,,0.0083,hfq
2020-04-02,117.642,123.742,116.852,123.742,209588,,,2.6547,hfq
2020-04-03,124.792,125.142,119.942,121.142,182204,,,-2.1011,hfq
2020-04-07,123.742,126.232,123.162,124.842,183729,,,3.0543,hfq
2020-04-08,124.042,125.632,122.742,123.142,119470,,,-1.3617,hfq
2020-04-09,124.122,124.622,119.952,120.352,160528,,,-2.2657,hfq
2020-04-10,121.292,123.212,118.072,118.602,145696,,,-1.4541,hfq
2020-04-13,115.042,117.132,113.222,114.832,124581,,,-3.1787,hfq
2020-04-14,118.142,126.302,117.642,126.302,388939,,,9.9885,hfq
2020-04-15,129.942,132.032,127.372,128.142,325645,,,1.4568,hfq
2020-04-16,128.412,133.852,126.962,133.092,216381,,,3.8629,hfq
2020-04-17,136.222,140.722,135.242,137.092,292522,,,3.0054,hfq
2020-04-20,136.542,136.892,132.022,134.652,187002,,,-1.7798,hfq
2020-04-21,132.132,133.002,127.142,130.662,193917,,,-2.9632,hfq
2020-04-22,127.472,132.442,127.442,130.992,146869,,,0.2526,hfq
2020-04-23,133.042,133.042,128.742,130.042,125379,,,-0.7252,hfq
2020-04-24,130.142,136.142,130.142,131.832,169916,,,1.3765,hfq
2020-04-27,133.162,136.142,132.222,134.052,143655,,,1.6840,hfq
2020-04-28,137.142,140.242,131.762,138.442,226917,,,3.2748,hfq
2020-04-29,136.272,140.332,136.152,138.862,119544,,,0.3034,hfq
2020-04-30,144.142,148.652,144.142,144.522,233385,,,4.0760,hfq
2020-05-06,139.142,146.942,138.892,145.932,191464,,,0.9756,hfq
2020-05-07,146.442,147.342,141.142,143.342,160787,,,-1.7748,hfq
2020-05-08,143.142,145.362,141.032,144.222,141339,,,0.6139,hfq
2020-05-11,144.342,146.122,135.202,137.762,285364,,,-4.4792,hfq
2020-05-12,139.202,140.022,135.872,139.142,160277,,,1.0017,hfq
2020-05-13,137.472,139.792,137.022,138.402,121542,,,-0.5318,hfq
2020-05-14,137.992,138.392,135.642,135.742,114335,,,-1.9219,hfq
2020-05-15,140.082,147.832,139.102,145.622,322121,,,7.2785,hfq
2020-05-18,145.142,145.142,139.832,141.952,160889,,,-2.5202,hfq
2020-05-19,143.342,145.942,142.662,143.402,104252,,,1.0215,hfq
2020-05-20,150.142,155.542,149.152,149.442,329693,,,4.2119,hfq
2020-05-21,151.952,153.692,146.722,147.602,154876,,,-1.2312,hfq
2020-05-22,146.762,147.002,141.142,142.952,148173,,,-3.1504,hfq
2020-05-25,142.822,144.552,140.692,144.442,103782,,,1.0423,hfq
2020-05-26,145.912,150.552,145.342,150.172,174865,,,3.9670,hfq
2020-05-27,150.102,155.142,150.042,151.642,181049,,,0.9789,hfq
2020-05-28,150.132,151.042,143.642,147.982,174247,,,-2.4136,hfq
2020-05-29,147.142,147.972,144.642,145.672,141428,,,-1.5610,hfq
2020-06-01,147.612,153.172,146.502,151.092,151766,,,3.7207,hfq
2020-06-02,154.142,155.032,147.122,149.602,137030,,,-0.9862,hfq
2020-06-03,150.142,151.262,147.952,148.642,113635,,,-0.6417,hfq
2020-06-04,150.162,154.492,148.962,150.362,137574,,,1.1571,hfq
2020-06-05,149.912,151.712,147.622,151.562,98627,,,0.7981,hfq
2020-06-08,154.102,154.912,150.822,151.762,105604,,,0.1320,hfq
2020-06-09,154.862,156.332,153.462,154.322,150699,,,1.6869,hfq
2020-06-10,160.262,160.262,153.862,157.042,198210,,,1.7625,hfq
2020-06-11,160.362,170.442,158.492,164.342,368177,,,4.6484,hfq
2020-06-12,160.542,162.862,159.242,159.662,252446,,,-2.8477,hfq
2020-06-15,156.592,161.622,155.872,158.062,159452,,,-1.0021,hfq
2020-06-16,161.362,163.642,158.372,160.362,131297,,,1.4551,hfq
2020-06-17,159.402,160.862,156.372,158.162,125291,,,-1.3719,hfq
2020-06-18,158.162,159.932,156.362,159.312,96562,,,0.7271,hfq
2020-06-19,160.342,169.162,159.512,166.262,250193,,,4.3625,hfq
2020-06-22,166.112,171.662,164.862,165.362,190412,,,-0.5413,hfq
2020-06-23,166.362,169.492,163.882,169.252,159475,,,2.3524,hfq
2020-06-24,170.882,173.942,169.662,171.862,146604,,,1.5421,hfq
2020-06-29,170.862,172.862,169.372,171.402,116040,,,-0.2677,hfq
2020-06-30,173.362,179.832,173.362,174.722,162514,,,1.9370,hfq
2020-07-01,178.862,182.262,168.242,169.762,286575,,,-2.8388,hfq
2020-07-02,172.362,172.542,164.872,167.562,270480,,,-1.2959,hfq
2020-07-03,170.362,171.102,167.392,167.962,240264,,,0.2387,hfq
2020-07-06,168.562,180.362,167.952,178.162,307153,,,6.0728,hfq
2020-07-07,188.362,195.942,187.862,195.942,253604,,,9.9797,hfq
2020-07-08,198.352,199.182,190.342,197.932,288890,,,1.0156,hfq
2020-07-09,197.362,207.132,196.362,205.382,279036,,,3.7639,hfq
2020-07-10,203.342,207.522,200.962,204.262,168293,,,-0.5453,hfq
2020-07-13,211.962,224.652,211.962,224.472,303269,,,9.8942,hfq
2020-07-14,214.362,221.062,209.222,216.312,333296,,,-3.6352,hfq
2020-07-15,219.362,220.932,202.472,207.392,274351,,,-4.1237,hfq
2020-07-16,208.362,213.242,196.762,197.132,272550,,,-4.9472,hfq
2020-07-17,197.372,201.542,188.442,196.062,303786,,,-0.5428,hfq
2020-07-20,204.452,211.472,199.452,205.662,289999,,,4.8964,hfq
2020-07-21,210.352,210.352,203.362,207.362,186566,,,0.8266,hfq
2020-07-22,205.362,211.552,203.392,208.252,191658,,,0.4292,hfq
2020-07-23,207.362,215.872,206.362,213.862,255900,,,2.6939,hfq
2020-07-24,209.362,210.262,196.212,199.042,343983,,,-6.9297,hfq
2020-07-27,198.362,201.342,190.352,191.662,251556,,,-3.7078,hfq
2020-07-28,196.412,200.862,195.872,197.882,201490,,,3.2453,hfq
2020-07-29,197.882,205.362,195.632,204.542,189986,,,3.3656,hfq
2020-07-30,205.362,207.342,202.762,205.712,143531,,,0.5720,hfq
2020-07-31,206.362,215.662,205.862,212.532,207050,,,3.3153,hfq
2020-08-03,214.242,216.162,210.412,215.962,151061,,,1.6139,hfq
2020-08-04,214.662,223.342,210.682,211.052,199581,,,-2.2735,hfq
2020-08-05,211.102,213.162,206.912,210.712,127301,,,-0.1611,hfq
2020-08-06,217.242,218.242,208.362,211.862,145657,,,0.5458,hfq
2020-08-07,209.362,214.662,202.472,204.652,180552,,,-3.4032,hfq
2020-08-10,204.562,205.662,198.442,201.042,130787,,,-1.7640,hfq
2020-08-11,201.112,204.962,198.492,198.782,122332,,,-1.1241,hfq
2020-08-12,200.262,200.622,188.562,196.092,252727,,,-1.3532,hfq
2020-08-13,201.162,202.342,194.832,196.352,130612,,,0.1326,hfq
2020-08-14,198.062,200.812,196.352,200.732,119700,,,2.2307,hfq
2020-08-17,200.362,200.732,194.562,196.982,197074,,,-1.8682,hfq
2020-08-18,199.962,205.362,196.242,199.642,221224,,,1.3504,hfq
2020-08-19,198.162,198.162,190.362,190.552,187147,,,-4.5532,hfq
2020-08-20,187.362,191.362,185.362,188.782,130201,,,-0.9289,hfq
2020-08-21,191.722,194.302,190.362,192.592,146553,,,2.0182,hfq
2020-08-24,194.562,208.362,192.602,202.372,258070,,,5.0781,hfq
2020-08-25,202.372,206.362,199.322,200.282,145491,,,-1.0328,hfq
2020-08-26,199.372,200.342,193.302,194.762,152403,,,-2.7561,hfq
2020-08-27,202.862,208.862,199.362,205.312,283978,,,5.4169,hfq
2020-08-28,206.682,209.862,204.042,208.662,169671,,,1.6317,hfq
2020-08-31,210.022,211.122,205.372,206.712,135145,,,-0.9345,hfq
2020-09-01,206.862,215.362,205.372,214.612,197162,,,3.8217,hfq
2020-09-02,213.722,214.492,208.362,211.672,146086,,,-1.3699,hfq
2020-09-03,210.362,211.362,206.252,210.262,124529,,,-0.6661,hfq
2020-09-04,202.582,206.022,200.942,204.622,147737,,,-2.6824,hfq
2020-09-07,203.262,205.212,180.362,186.762,447897,,,-8.7283,hfq
2020-09-08,185.362,188.362,179.872,187.262,220733,,,0.2677,hfq
2020-09-09,179.362,187.862,178.352,184.682,189344,,,-1.3777,hfq
2020-09-10,185.362,189.862,184.862,185.322,148264,,,0.3465,hfq
2020-09-11,186.362,189.662,183.712,187.662,117650,,,1.2627,hfq
2020-09-14,190.862,195.342,190.362,193.142,142896,,,2.9201,hfq
2020-09-15,195.862,197.362,193.182,195.062,117037,,,0.9941,hfq
2020-09-16,197.152,197.262,190.862,192.622,118379,,,-1.2509,hfq
2020-09-17,192.602,202.312,191.362,198.762,181308,,,3.1876,hfq
2020-09-18,199.272,200.362,195.592,198.392,105487,,,-0.1862,hfq
2020-09-21,202.262,208.362,197.222,198.292,160683,,,-0.0504,hfq
2020-09-22,200.362,204.562,198.292,200.862,123394,,,1.2961,hfq
2020-09-23,199.962,200.182,191.462,197.362,157194,,,-1.7425,hfq
2020-09-24,194.012,196.162,190.472,191.182,106680,,,-3.1313,hfq
2020-09-25,193.962,195.062,190.952,191.862,68012,,,0.3557,hfq
2020-09-28,193.812,197.312,192.172,193.272,82332,,,0.7349,hfq
2020-09-29,195.852,206.612,195.792,205.352,202436,,,6.2503,hfq
2020-09-30,205.662,211.372,204.162,209.562,159908,,,2.0501,hfq
2020-10-09,220.352,229.242,220.132,225.232,239592,,,7.4775,hfq
2020-10-12,228.362,235.362,227.662,235.142,189382,,,4.3999,hfq
2020-10-13,235.242,238.942,229.362,236.032,107467,,,0.3785,hfq
2020-10-14,237.362,244.362,235.162,237.662,137702,,,0.6906,hfq
2020-10-15,241.472,244.462,237.362,238.962,99535,,,0.5470,hfq
2020-10-16,239.862,240.362,224.672,228.462,203041,,,-4.3940,hfq
2020-10-19,231.692,236.462,228.362,229.772,130025,,,0.5734,hfq
2020-10-20,230.992,241.962,229.302,241.962,135966,,,5.3053,hfq
2020-10-21,240.422,240.992,228.042,232.692,161679,,,-3.8312,hfq
2020-10-22,230.562,234.162,227.362,232.242,90552,,,-0.1934,hfq
2020-10-23,232.872,239.122,224.812,225.362,115938,,,-2.9624,hfq
2020-10-26,226.332,233.992,219.692,233.512,108028,,,3.6164,hfq
2020-10-27,235.362,239.062,232.362,237.572,91015,,,1.7387,hfq
2020-10-28,228.012,245.832,227.022,240.622,224158,,,1.2838,hfq
2020-10-29,237.382,244.382,232.682,240.362,174352,,,-0.1081,hfq
2020-10-30,241.382,256.962,238.662,247.532,229587,,,2.9830,hfq
2020-11-02,247.362,265.862,244.872,260.502,189461,,,5.2397,hfq
2020-11-03,260.362,260.362,247.542,256.382,184567,,,-1.5816,hfq
2020-11-04,255.362,260.362,250.362,255.912,110617,,,-0.1833,hfq
2020-11-05,261.362,268.862,261.322,268.862,157959,,,5.0603,hfq
2020-11-06,271.742,275.592,260.362,263.862,156584,,,-1.8597,hfq
2020-11-09,268.362,273.262,261.462,266.792,132286,,,1.1104,hfq
2020-11-10,265.682,272.242,255.912,266.282,144175,,,-0.1912,hfq
2020-11-11,264.472,267.842,251.202,251.202,157584,,,-5.6632,hfq
2020-11-12,260.362,260.362,252.942,254.612,97169,,,1.3575,hfq
2020-11-13,258.482,261.132,253.362,253.572,113777,,,-0.4085,hfq
2020-11-16,254.252,258.062,247.792,255.262,123121,,,0.6665,hfq
2020-11-17,257.662,260.362,246.862,251.042,136749,,,-1.6532,hfq
2020-11-18,250.482,252.422,237.182,240.862,192833,,,-4.0551,hfq
2020-11-19,241.372,243.912,237.472,242.462,97580,,,0.6643,hfq
2020-11-20,244.852,253.962,244.842,252.442,123035,,,4.1161,hfq
2020-11-23,252.442,260.062,250.462,253.362,120913,,,0.3644,hfq
2020-11-24,258.362,259.462,250.372,255.062,97920,,,0.6710,hfq
2020-11-25,256.962,257.242,244.762,246.582,117099,,,-3.3247,hfq
2020-11-26,246.962,246.962,239.562,245.702,86295,,,-0.3569,hfq
2020-11-27,245.782,249.132,238.362,242.362,84332,,,-1.3594,hfq
2020-11-30,244.362,244.362,234.382,243.162,126662,,,0.3301,hfq
2020-12-01,239.162,247.012,238.362,246.532,94920,,,1.3859,hfq
2020-12-02,246.362,246.362,236.962,244.052,119653,,,-1.0060,hfq
2020-12-03,244.052,247.332,238.732,246.352,106886,,,0.9424,hfq
2020-12-04,245.422,251.662,244.712,250.082,92338,,,1.5141,hfq
2020-12-07,251.262,265.192,251.262,261.822,171130,,,4.6945,hfq
2020-12-08,265.862,270.252,264.862,266.392,116362,,,1.7455,hfq
2020-12-09,269.092,272.962,262.442,266.362,153636,,,-0.0113,hfq
2020-12-10,263.512,267.862,259.362,265.182,99857,,,-0.4430,hfq
2020-12-11,263.672,267.882,262.062,266.922,128937,,,0.6562,hfq
2020-12-14,266.932,269.092,262.462,266.362,107241,,,-0.2098,hfq
2020-12-15,268.362,279.732,264.812,278.862,177813,,,4.6929,hfq
2020-12-16,280.562,286.662,277.362,286.422,142888,,,2.7110,hfq
2020-12-17,284.562,288.162,282.372,285.172,88123,,,-0.4364,hfq
2020-12-18,285.862,293.312,283.582,290.352,95126,,,1.8164,hfq
2020-12-21,297.112,325.362,293.662,325.362,198104,,,12.0578,hfq
2020-12-22,320.352,330.692,312.062,314.002,168744,,,-3.4915,hfq
2020-12-23,314.032,329.662,307.542,318.362,173903,,,1.3885,hfq
2020-12-24,317.362,319.022,308.862,311.362,94786,,,-2.1988,hfq
2020-12-25,309.362,315.562,306.372,313.152,95399,,,0.5749,hfq
2020-12-28,315.562,320.362,311.362,317.142,119731,,,1.2741,hfq
2020-12-29,317.152,319.162,303.742,308.362,121748,,,-2.7685,hfq
2020-12-30,320.362,348.302,320.362,340.362,228817,,,10.3774,hfq
2020-12-31,345.342,354.262,342.072,351.472,152005,,,3.2642,hfq
2021-01-04,358.462,411.472,358.462,404.462,224808,,,15.0766,hfq
2021-01-05,395.362,404.162,386.372,402.362,227452,,,-0.5192,hfq
2021-01-06,408.362,416.362,391.372,407.132,186681,,,1.1855,hfq
2021-01-07,401.352,415.362,397.242,413.592,173895,,,1.5867,hfq
2021-01-08,419.362,425.352,397.762,404.862,210067,,,-2.1108,hfq
2021-01-11,410.242,410.242,386.362,390.362,230050,,,-3.5815,hfq
2021-01-12,385.862,404.762,380.362,401.532,165597,,,2.8614,hfq
2021-01-13,400.362,410.862,373.342,385.362,272620,,,-4.0271,hfq
2021-01-14,375.562,384.362,368.382,369.372,196066,,,-4.1493,hfq
2021-01-15,368.352,384.342,365.362,380.912,198229,,,3.1242,hfq
2021-01-18,377.102,392.162,376.132,384.262,142012,,,0.8795,hfq
2021-01-19,384.362,386.362,364.912,366.472,162867,,,-4.6297,hfq
2021-01-20,374.162,393.742,371.272,391.762,213416,,,6.9009,hfq
2021-01-21,387.362,399.362,380.362,391.662,174792,,,-0.0255,hfq
2021-01-22,391.862,410.642,391.862,408.362,190442,,,4.2639,hfq
2021-01-25,406.662,418.702,392.702,397.312,217414,,,-2.7059,hfq
2021-01-26,397.172,397.172,384.122,385.862,151044,,,-2.8819,hfq
2021-01-27,392.362,393.562,372.362,390.882,148385,,,1.3010,hfq
2021-01-28,380.362,383.372,368.362,370.262,181820,,,-5.2752,hfq
2021-01-29,376.372,377.362,342.922,354.472,276013,,,-4.2645,hfq
2021-02-01,353.362,357.262,346.562,350.692,175251,,,-1.0664,hfq
2021-02-02,352.372,370.352,337.732,368.162,250865,,,4.9816,hfq
2021-02-03,379.362,387.922,375.412,381.342,211073,,,3.5799,hfq
2021-02-04,385.272,394.162,379.862,388.862,216302,,,1.9720,hfq
2021-02-05,395.362,397.352,373.212,373.812,184117,,,-3.8703,hfq
2021-02-08,375.362,405.162,373.372,404.362,244027,,,8.1726,hfq
2021-02-09,411.562,415.362,401.162,410.562,162037,,,1.5333,hfq
2021-02-10,414.352,416.962,406.362,413.022,162830,,,0.5992,hfq
2021-02-18,422.362,422.362,387.242,397.362,238249,,,-3.7916,hfq
2021-02-19,390.362,396.362,374.562,387.862,186904,,,-2.3908,hfq
2021-02-22,387.862,396.162,375.262,375.362,167204,,,-3.2228,hfq
2021-02-23,370.362,376.902,361.242,376.902,136047,,,0.4103,hfq
2021-02-24,375.362,378.362,339.762,347.362,302721,,,-7.8376,hfq
2021-02-25,354.212,354.212,335.362,337.462,245757,,,-2.8501,hfq
2021-02-26,323.362,333.362,318.152,322.592,229506,,,-4.4064,hfq
2021-03-01,331.872,345.982,328.642,344.962,205394,,,6.9345,hfq
2021-03-02,353.362,353.562,341.422,349.962,152811,,,1.4494,hfq
2021-03-03,346.412,349.992,340.722,349.992,104644,,,0.0086,hfq
2021-03-04,345.362,345.362,323.272,325.932,181034,,,-6.8744,hfq
2021-03-05,313.372,327.242,308.692,320.362,173073,,,-1.7089,hfq
2021-03-08,323.362,335.082,301.242,305.362,212955,,,-4.6822,hfq
2021-03-09,300.362,310.862,289.362,300.362,273577,,,-1.6374,hfq
2021-03-10,316.362,322.642,313.362,314.862,237638,,,4.8275,hfq
2021-03-11,316.362,333.842,311.662,331.642,209643,,,5.3293,hfq
2021-03-12,337.272,345.362,331.662,341.822,189520,,,3.0696,hfq
2021-03-15,340.362,340.362,307.362,312.662,230404,,,-8.5308,hfq
2021-03-16,317.362,325.352,313.862,323.362,137124,,,3.4222,hfq
2021-03-17,318.242,336.562,313.462,333.362,146726,,,3.0925,hfq
2021-03-18,334.362,343.472,333.872,336.162,113670,,,0.8399,hfq
2021-03-19,325.362,333.352,311.362,316.862,189716,,,-5.7413,hfq
2021-03-22,319.362,321.362,299.252,308.162,231719,,,-2.7457,hfq
2021-03-23,305.362,311.002,300.482,304.272,151169,,,-1.2623,hfq
2021-03-24,305.362,305.462,285.362,289.152,252082,,,-4.9692,hfq
2021-03-25,280.872,293.712,280.412,291.912,184399,,,0.9545,hfq
2021-03-26,295.362,314.412,293.362,313.982,237103,,,7.5605,hfq
2021-03-29,313.862,320.132,305.372,311.962,155632,,,-0.6433,hfq
2021-03-30,311.972,321.342,308.362,319.342,126404,,,2.3657,hfq
2021-03-31,319.252,326.522,313.362,322.532,160546,,,0.9989,hfq
2021-04-01,324.162,335.852,323.662,330.352,113338,,,2.4246,hfq
2021-04-02,333.312,336.542,327.242,332.762,92629,,,0.7295,hfq
2021-04-06,335.362,338.362,319.452,326.162,104638,,,-1.9834,hfq
2021-04-07,333.272,333.272,312.512,320.362,133931,,,-1.7783,hfq
2021-04-08,314.362,322.022,311.362,320.212,78710,,,-0.0468,hfq
2021-04-09,324.372,324.372,310.362,312.362,93237,,,-2.4515,hfq
2021-04-12,318.622,325.402,313.462,315.372,140595,,,0.9636,hfq
2021-04-13,313.662,333.362,313.462,325.122,140211,,,3.0916,hfq
2021-04-14,331.622,347.852,329.042,346.362,185043,,,6.5329,hfq
2021-04-15,340.322,341.862,333.532,337.362,124741,,,-2.5984,hfq
2021-04-16,340.362,340.762,324.962,334.202,115363,,,-0.9367,hfq
2021-04-19,335.362,364.862,331.712,364.362,205477,,,9.0245,hfq
2021-04-20,358.342,369.152,353.862,359.362,142834,,,-1.3723,hfq
2021-04-21,351.522,358.262,348.162,356.052,123996,,,-0.9211,hfq
2021-04-22,366.362,366.962,353.992,362.722,107913,,,1.8733,hfq
2021-04-23,362.722,373.362,360.372,371.862,115365,,,2.5198,hfq
2021-04-26,373.962,380.362,347.562,349.362,256237,,,-6.0506,hfq
2021-04-27,350.362,351.162,340.622,348.962,151810,,,-0.1145,hfq
2021-04-28,353.372,375.362,352.362,367.392,236326,,,5.2814,hfq
2021-04-29,371.172,382.262,368.232,380.352,180863,,,3.5276,hfq
2021-04-30,373.362,392.362,368.282,388.532,258651,,,2.1506,hfq
2021-05-06,390.362,390.362,368.862,384.362,189680,,,-1.0733,hfq
2021-05-07,384.362,387.912,366.492,367.642,151385,,,-4.3501,hfq
2021-05-10,365.162,374.352,360.362,368.572,124553,,,0.2530,hfq
2021-05-11,362.362,370.262,353.362,366.962,114121,,,-0.4368,hfq
2021-05-12,367.362,369.432,355.952,361.862,133602,,,-1.3898,hfq
2021-05-13,354.662,359.142,350.062,351.462,113476,,,-2.8740,hfq
2021-05-14,353.882,360.862,343.532,359.362,176577,,,2.2478,hfq
2021-05-17,360.362,376.242,360.352,373.542,193309,,,3.9459,hfq
2021-05-18,372.362,379.562,366.822,369.462,89620,,,-1.0922,hfq
2021-05-19,366.862,380.362,363.362,375.412,117464,,,1.6104,hfq
2021-05-20,378.162,384.252,370.462,378.102,128440,,,0.7165,hfq
2021-05-21,383.132,387.642,369.332,375.932,140566,,,-0.5739,hfq
2021-05-24,380.362,388.912,376.542,388.322,169611,,,3.2958,hfq
2021-05-25,389.802,396.362,386.062,395.892,149577,,,1.9494,hfq
2021-05-26,395.362,400.342,385.022,385.782,126989,,,-2.5537,hfq
2021-05-27,387.872,390.362,382.212,384.362,79598,,,-0.3681,hfq
2021-05-28,390.362,421.862,390.362,409.962,277151,,,6.6604,hfq
2021-05-31,416.362,435.932,414.362,434.462,200063,,,5.9762,hfq
2021-06-01,420.362,431.362,416.882,425.702,158754,,,-2.0163,hfq
2021-06-02,429.462,434.052,419.632,424.862,115712,,,-0.1973,hfq
2021-06-03,426.362,428.642,410.362,415.142,123760,,,-2.2878,hfq
2021-06-04,419.362,439.862,415.522,432.572,180102,,,4.1986,hfq
2021-06-07,424.212,424.352,400.362,407.862,215294,,,-5.7123,hfq
2021-06-08,404.362,425.212,404.362,409.952,166317,,,0.5124,hfq
2021-06-09,409.362,416.362,403.362,409.732,93582,,,-0.0537,hfq
2021-06-10,410.452,445.022,410.452,434.992,193502,,,6.1650,hfq
2021-06-11,443.362,458.202,430.422,452.342,197961,,,3.9886,hfq
2021-06-15,453.362,456.262,435.862,445.362,102522,,,-1.5431,hfq
2021-06-16,441.272,444.162,417.372,420.542,139694,,,-5.5730,hfq
2021-06-17,424.612,438.102,424.612,434.872,102724,,,3.4075,hfq
2021-06-18,437.552,455.562,437.552,450.362,156000,,,3.5620,hfq
2021-06-21,452.162,456.262,440.582,453.162,120823,,,0.6217,hfq
2021-06-22,450.542,454.352,440.582,450.592,88470,,,-0.5671,hfq
2021-06-23,454.442,472.372,451.862,468.812,124457,,,4.0436,hfq
2021-06-24,473.492,475.242,462.372,467.662,92132,,,-0.2453,hfq
2021-06-25,473.362,477.362,459.362,476.592,99555,,,1.9095,hfq
2021-06-28,476.582,503.342,468.672,494.262,146439,,,3.7076,hfq
2021-06-29,514.012,519.962,504.582,508.872,153402,,,2.9559,hfq
2021-06-30,509.372,542.362,498.362,535.162,144557,,,5.1663,hfq
2021-07-01,537.162,540.362,518.372,529.862,113247,,,-0.9904,hfq
2021-07-02,524.492,535.522,510.022,519.952,138717,,,-1.8703,hfq
2021-07-05,515.602,529.282,508.672,519.872,143515,,,-0.0154,hfq
2021-07-06,520.602,541.572,502.512,515.832,180555,,,-0.7771,hfq
2021-07-07,520.602,543.102,507.732,543.102,181457,,,5.2866,hfq
2021-07-08,551.592,572.102,543.242,559.762,158790,,,3.0676,hfq
2021-07-09,559.592,559.592,535.152,546.482,156607,,,-2.3724,hfq
2021-07-12,556.712,577.602,556.712,566.392,154763,,,3.6433,hfq
2021-07-13,560.602,580.202,552.602,563.612,136371,,,-0.4908,hfq
2021-07-14,555.602,562.482,541.602,551.972,125879,,,-2.0653,hfq
2021-07-15,545.602,569.482,541.652,568.602,137333,,,3.0128,hfq
2021-07-16,567.602,567.602,528.732,531.602,178495,,,-6.5072,hfq
2021-07-19,540.602,542.282,516.602,524.102,180129,,,-1.4108,hfq
2021-07-20,515.602,539.872,515.602,528.642,130005,,,0.8662,hfq
2021-07-21,530.622,556.682,526.612,556.382,182049,,,5.2474,hfq
2021-07-22,557.202,564.292,546.292,557.682,108836,,,0.2337,hfq
2021-07-23,555.602,564.592,546.602,547.612,93329,,,-1.8057,hfq
2021-07-26,544.602,553.532,523.102,540.382,127290,,,-1.3203,hfq
2021-07-27,543.622,559.792,495.602,495.602,178460,,,-8.2867,hfq
2021-07-28,496.602,533.902,496.602,525.652,217247,,,6.0633,hfq
2021-07-29,546.602,558.342,529.602,557.402,186202,,,6.0401,hfq
2021-07-30,565.602,582.802,540.602,551.002,201810,,,-1.1482,hfq
2021-08-02,557.602,575.592,533.482,552.602,182973,,,0.2904,hfq
2021-08-03,555.602,556.602,523.602,531.602,122383,,,-3.8002,hfq
2021-08-04,534.602,571.592,525.602,569.602,174004,,,7.1482,hfq
2021-08-05,566.602,566.602,547.132,557.602,129792,,,-2.1067,hfq
2021-08-06,565.392,567.602,539.602,544.482,143712,,,-2.3529,hfq
2021-08-09,532.602,533.102,503.592,516.602,185831,,,-5.1205,hfq
2021-08-10,511.612,519.792,499.602,511.102,180169,,,-1.0646,hfq
2021-08-11,510.602,523.602,505.482,517.852,112364,,,1.3207,hfq
2021-08-12,512.612,513.592,494.602,502.602,171162,,,-2.9449,hfq
2021-08-13,480.602,530.502,480.602,502.652,277258,,,0.0099,hfq
2021-08-16,494.602,504.492,470.482,477.602,220440,,,-4.9836,hfq
2021-08-17,485.602,495.402,477.842,480.602,156106,,,0.6281,hfq
2021-08-18,487.142,503.502,478.012,495.602,159575,,,3.1211,hfq
2021-08-19,502.602,510.332,484.602,503.602,144535,,,1.6142,hfq
2021-08-20,499.602,499.802,483.102,494.712,125276,,,-1.7653,hfq
2021-08-23,505.602,523.822,502.612,522.502,162244,,,5.6174,hfq
2021-08-24,517.002,540.702,515.722,523.602,133137,,,0.2105,hfq
2021-08-25,524.602,532.802,511.802,530.842,95303,,,1.3827,hfq
2021-08-26,540.582,559.542,521.492,521.602,167983,,,-1.7406,hfq
2021-08-27,520.602,524.602,502.602,508.102,119582,,,-2.5882,hfq
2021-08-30,508.052,526.402,499.462,505.842,157143,,,-0.4448,hfq
2021-08-31,512.542,512.542,486.452,495.472,147621,,,-2.0500,hfq
2021-09-01,492.602,494.602,472.102,489.312,144627,,,-1.2433,hfq
2021-09-02,492.602,496.712,486.382,494.102,114649,,,0.9789,hfq
2021-09-03,498.602,504.482,481.482,487.102,112820,,,-1.4167,hfq
2021-09-06,493.602,518.602,483.602,516.702,147920,,,6.0768,hfq
2021-09-07,515.602,527.262,510.602,514.612,94222,,,-0.4045,hfq
2021-09-08,519.602,524.182,500.602,503.602,97394,,,-2.1395,hfq
2021-09-09,510.102,519.582,491.402,507.802,110162,,,0.8340,hfq
2021-09-10,494.042,504.382,491.282,502.702,112969,,,-1.0043,hfq
2021-09-13,502.702,512.702,496.602,503.402,89690,,,0.1392,hfq
2021-09-14,507.722,541.602,503.522,530.502,233837,,,5.3834,hfq
2021-09-15,530.602,532.592,512.412,525.952,105015,,,-0.8577,hfq
2021-09-16,523.602,523.602,498.602,498.602,112604,,,-5.2001,hfq
2021-09-17,497.602,509.602,492.732,503.602,81938,,,1.0028,hfq
2021-09-22,495.202,501.602,488.702,493.912,64239,,,-1.9241,hfq
2021-09-23,505.462,505.462,492.402,493.592,79714,,,-0.0648,hfq
2021-09-24,495.472,513.112,491.102,500.582,102625,,,1.4161,hfq
2021-09-27,505.602,520.402,500.392,514.102,144963,,,2.7009,hfq
2021-09-28,512.602,518.552,498.802,501.032,92225,,,-2.5423,hfq
2021-09-29,496.602,512.402,494.602,503.112,93955,,,0.4151,hfq
2021-09-30,505.602,533.102,502.612,526.332,167142,,,4.6153,hfq
2021-10-08,534.602,550.672,523.502,534.602,125169,,,1.5713,hfq
2021-10-11,535.602,538.202,518.662,521.602,78309,,,-2.4317,hfq
2021-10-12,522.182,523.222,499.482,505.602,95907,,,-3.0675,hfq
2021-10-13,505.602,523.102,504.602,522.862,76522,,,3.4138,hfq
2021-10-14,525.602,535.482,525.602,532.902,78416,,,1.9202,hfq
2021-10-15,532.602,579.472,528.702,569.602,229513,,,6.8868,hfq
2021-10-18,581.602,595.842,570.602,595.622,186702,,,4.5681,hfq
2021-10-19,604.602,615.582,585.602,591.202,150890,,,-0.7421,hfq
2021-10-20,595.602,613.982,587.602,590.102,124666,,,-0.1861,hfq
2021-10-21,590.602,599.602,580.602,596.602,101423,,,1.1015,hfq
2021-10-22,606.582,606.582,590.932,602.002,110216,,,0.9051,hfq
2021-10-25,612.602,625.762,603.932,611.372,140521,,,1.5565,hfq
2021-10-26,636.362,639.082,596.532,598.592,148277,,,-2.0904,hfq
2021-10-27,598.592,615.642,593.772,615.642,135486,,,2.8484,hfq
2021-10-28,625.602,635.602,603.532,607.802,172829,,,-1.2735,hfq
2021-10-29,615.892,646.092,599.542,639.822,202687,,,5.2682,hfq
2021-11-01,641.602,679.602,631.732,650.602,221797,,,1.6848,hfq
2021-11-02,655.602,666.362,648.602,658.602,131408,,,1.2296,hfq
2021-11-03,651.602,656.622,628.602,640.602,127606,,,-2.7331,hfq
2021-11-04,648.602,655.602,636.652,647.452,92010,,,1.0693,hfq
2021-11-05,639.602,650.382,634.592,634.692,85551,,,-1.9708,hfq
2021-11-08,637.602,665.582,631.602,661.402,122696,,,4.2083,hfq
2021-11-09,668.342,668.602,653.732,663.882,66746,,,0.3750,hfq
2021-11-10,651.732,657.072,635.602,648.602,127398,,,-2.3016,hfq
2021-11-11,651.602,665.732,650.702,656.452,77014,,,1.2103,hfq
2021-11-12,657.602,662.462,634.522,641.602,114202,,,-2.2622,hfq
2021-11-15,641.592,641.592,608.562,620.602,140076,,,-3.2731,hfq
2021-11-16,620.602,625.722,607.602,615.572,84335,,,-0.8105,hfq
2021-11-17,623.602,631.032,618.162,626.482,75616,,,1.7723,hfq
2021-11-18,626.482,637.262,614.192,626.602,75273,,,0.0192,hfq
2021-11-19,631.602,639.602,620.652,639.602,84568,,,2.0747,hfq
2021-11-22,645.592,681.602,642.712,681.602,153090,,,6.5666,hfq
2021-11-23,680.912,680.912,666.602,672.602,99312,,,-1.3204,hfq
2021-11-24,670.772,676.402,650.942,659.402,85504,,,-1.9625,hfq
2021-11-25,653.602,659.102,645.892,654.602,58220,,,-0.7279,hfq
2021-11-26,651.602,669.402,651.602,658.602,58502,,,0.6111,hfq
2021-11-29,654.602,685.102,653.602,680.402,114653,,,3.3100,hfq
2021-11-30,685.362,686.262,673.932,680.602,71881,,,0.0294,hfq
2021-12-01,680.602,685.592,664.712,672.602,69846,,,-1.1754,hfq
2021-12-02,672.582,689.802,669.602,688.602,91790,,,2.3788,hfq
2021-12-03,689.562,692.602,671.602,687.602,80782,,,-0.1452,hfq
2021-12-06,676.702,680.802,656.602,657.882,112612,,,-4.3223,hfq
2021-12-07,662.602,663.602,612.802,629.602,221391,,,-4.2986,hfq
2021-12-08,635.392,645.382,626.852,639.602,118866,,,1.5883,hfq
2021-12-09,639.602,640.602,623.502,634.402,134272,,,-0.8130,hfq
2021-12-10,622.822,653.962,621.782,640.552,213844,,,0.9694,hfq
2021-12-13,640.502,661.262,630.682,658.962,160828,,,2.8741,hfq
2021-12-14,657.942,657.942,644.582,651.612,87811,,,-1.1154,hfq
2021-12-15,650.032,661.602,647.552,649.602,70480,,,-0.3085,hfq
2021-12-16,657.902,657.902,647.682,655.662,61502,,,0.9329,hfq
2021-12-17,651.612,654.592,640.302,651.792,136491,,,-0.5902,hfq
2021-12-20,649.602,649.602,608.282,610.812,155114,,,-6.2873,hfq
2021-12-21,606.602,615.292,594.682,604.672,125658,,,-1.0052,hfq
2021-12-22,609.402,617.602,603.602,610.842,83618,,,1.0204,hfq
2021-12-23,619.582,631.402,612.682,622.672,79718,,,1.9367,hfq
2021-12-24,624.602,625.852,563.602,577.402,246081,,,-7.2703,hfq
2021-12-27,574.802,588.592,574.102,579.202,101835,,,0.3117,hfq
2021-12-28,578.602,587.882,570.512,585.602,96596,,,1.1050,hfq
2021-12-29,585.602,586.592,570.382,576.152,99640,,,-1.6137,hfq
2021-12-30,577.602,596.892,576.172,590.602,124209,,,2.5080,hfq
2021-12-31,598.902,606.592,582.602,588.602,93711,,,-0.3386,hfq
2022-01-04,606.602,607.602,561.602,569.482,174568,,,-3.2484,hfq
2022-01-05,567.002,567.482,540.602,548.102,166579,,,-3.7543,hfq
2022-01-06,539.112,547.602,532.392,542.072,138826,,,-1.1002,hfq
2022-01-07,550.602,556.602,528.602,540.502,131695,,,-0.2896,hfq
2022-01-10,535.582,549.602,524.842,539.002,148629,,,-0.2775,hfq
2022-01-11,541.712,550.502,537.012,537.302,84723,,,-0.3154,hfq
2022-01-12,551.602,570.562,551.502,565.642,191642,,,5.2745,hfq
2022-01-13,571.602,582.602,555.342,565.602,138997,,,-0.0071,hfq
2022-01-14,557.662,581.402,556.602,578.002,116128,,,2.1924,hfq
2022-01-17,589.462,609.102,579.402,607.452,143528,,,5.0951,hfq
2022-01-18,607.452,608.372,586.602,587.402,107017,,,-3.3007,hfq
2022-01-19,590.102,595.602,559.102,570.592,144874,,,-2.8618,hfq
2022-01-20,566.602,578.602,563.952,569.732,80654,,,-0.1507,hfq
2022-01-21,563.602,580.202,552.602,570.092,99174,,,0.0632,hfq
2022-01-24,564.602,592.862,559.612,581.592,115621,,,2.0172,hfq
2022-01-25,573.812,583.932,565.602,566.202,71992,,,-2.6462,hfq
2022-01-26,572.402,591.202,567.102,588.102,116037,,,3.8679,hfq
2022-01-27,585.602,595.592,570.602,575.592,129482,,,-2.1272,hfq
2022-01-28,595.202,604.602,571.042,593.202,243317,,,3.0595,hfq
2022-02-07,606.602,610.582,574.782,580.042,145289,,,-2.2185,hfq
2022-02-08,580.042,580.042,522.422,541.462,206503,,,-6.6512,hfq
2022-02-09,539.602,551.502,527.602,547.802,114947,,,1.1709,hfq
2022-02-10,552.402,552.602,500.492,518.702,292336,,,-5.3121,hfq
2022-02-11,506.602,514.182,489.602,490.592,239798,,,-5.4193,hfq
2022-02-14,486.602,513.492,485.662,508.602,196286,,,3.6711,hfq
2022-02-15,519.602,530.932,511.602,527.602,151508,,,3.7357,hfq
2022-02-16,528.602,543.032,524.592,531.402,127068,,,0.7202,hfq
2022-02-17,530.582,544.102,526.182,535.602,107472,,,0.7904,hfq
2022-02-18,530.602,535.602,523.582,528.102,113848,,,-1.4003,hfq
2022-02-21,527.102,527.102,506.072,510.602,156306,,,-3.3138,hfq
2022-02-22,507.252,508.602,492.972,504.602,136329,,,-1.1751,hfq
2022-02-23,506.602,519.652,503.082,519.602,154332,,,2.9726,hfq
2022-02-24,508.602,522.182,501.602,508.302,161600,,,-2.1747,hfq
2022-02-25,521.602,535.602,521.492,529.402,169672,,,4.1511,hfq
2022-02-28,524.602,537.102,524.602,533.962,99657,,,0.8613,hfq
2022-03-01,539.802,548.682,530.602,536.782,97490,,,0.5281,hfq
2022-03-02,531.602,532.392,509.482,514.442,134129,,,-4.1618,hfq
2022-03-03,517.802,519.402,507.572,513.592,86989,,,-0.1652,hfq
2022-03-04,505.602,509.602,488.602,492.392,162834,,,-4.1278,hfq
2022-03-07,475.602,485.602,454.612,455.492,245993,,,-7.4940,hfq
2022-03-08,464.582,467.062,443.612,456.052,227541,,,0.1229,hfq
2022-03-09,456.602,474.602,448.602,474.072,234574,,,3.9513,hfq
2022-03-10,490.602,506.152,485.912,491.412,239617,,,3.6577,hfq
2022-03-11,481.432,495.602,474.702,494.152,171022,,,0.5576,hfq
2022-03-14,483.602,487.832,463.602,463.602,162910,,,-6.1823,hfq
2022-03-15,461.602,481.892,451.202,463.802,212687,,,0.0431,hfq
2022-03-16,476.802,504.072,469.092,503.702,282237,,,8.6028,hfq
2022-03-17,518.102,535.602,515.702,525.102,276301,,,4.2485,hfq
2022-03-18,519.602,525.072,504.602,511.102,163918,,,-2.6661,hfq
2022-03-21,520.602,534.802,518.202,520.602,136341,,,1.8587,hfq
2022-03-22,520.602,520.602,507.602,513.602,102283,,,-1.3446,hfq
2022-03-23,520.602,523.582,510.502,515.892,84110,,,0.4459,hfq
2022-03-24,510.552,518.282,498.982,514.602,84806,,,-0.2501,hfq
2022-03-25,512.522,518.782,502.602,502.672,92836,,,-2.3183,hfq
2022-03-28,509.482,509.482,478.682,487.602,149465,,,-2.9980,hfq
2022-03-29,487.602,500.602,482.602,487.502,112359,,,-0.0205,hfq
2022-03-30,492.602,519.602,492.602,519.602,162170,,,6.5846,hfq
2022-03-31,515.752,518.602,503.752,512.902,96239,,,-1.2894,hfq
2022-04-01,508.602,525.102,505.732,519.502,95182,,,1.2868,hfq
2022-04-06,517.122,518.602,503.602,508.772,85428,,,-2.0654,hfq
2022-04-07,501.152,505.602,487.652,495.822,119581,,,-2.5453,hfq
2022-04-08,493.302,505.472,489.602,495.602,93571,,,-0.0444,hfq
2022-04-11,475.872,478.602,452.702,459.602,207382,,,-7.2639,hfq
2022-04-12,461.372,473.382,461.102,472.602,124982,,,2.8285,hfq
2022-04-13,466.492,482.402,462.602,466.602,95231,,,-1.2696,hfq
2022-04-14,475.602,476.602,454.602,460.402,137524,,,-1.3288,hfq
2022-04-15,451.742,457.592,433.372,451.462,199891,,,-1.9418,hfq
2022-04-18,442.602,452.582,435.902,451.602,119576,,,0.0310,hfq
2022-04-19,451.062,460.182,439.052,440.862,143821,,,-2.3782,hfq
2022-04-20,439.612,443.602,406.382,407.602,311996,,,-7.5443,hfq
2022-04-21,412.482,418.102,399.502,409.712,211166,,,0.5177,hfq
2022-04-22,408.602,423.782,405.602,415.942,201367,,,1.5206,hfq
2022-04-25,398.402,406.702,390.602,390.702,213165,,,-6.0682,hfq
2022-04-26,386.712,392.602,377.602,377.602,185105,,,-3.3529,hfq
2022-04-27,367.602,409.362,367.342,407.652,316124,,,7.9581,hfq
2022-04-28,400.582,403.102,382.602,388.102,259177,,,-4.7958,hfq
2022-04-29,394.602,410.582,375.622,409.952,336477,,,5.6300,hfq
2022-05-05,365.602,385.882,353.602,376.602,602772,,,-8.1351,hfq
2022-05-06,362.602,387.332,362.422,376.592,240801,,,-0.0027,hfq
2022-05-09,374.602,377.562,364.312,369.102,166680,,,-1.9889,hfq
2022-05-10,359.902,385.602,357.742,379.772,244378,,,2.8908,hfq
2022-05-11,380.572,419.382,380.102,410.352,317540,,,8.0522,hfq
2022-05-12,405.002,409.802,398.482,404.112,134208,,,-1.5206,hfq
2022-05-13,407.602,419.052,401.112,415.402,148546,,,2.7938,hfq
2022-05-16,417.592,428.402,407.612,407.612,143878,,,-1.8753,hfq
2022-05-17,410.582,425.182,408.852,423.162,138899,,,3.8149,hfq
2022-05-18,425.042,426.602,415.042,419.602,107120,,,-0.8413,hfq
2022-05-19,415.052,422.502,409.262,419.602,126330,,,0.0000,hfq
2022-05-20,428.602,432.602,418.102,427.502,158268,,,1.8827,hfq
2022-05-23,427.502,427.502,410.602,417.302,137918,,,-2.3860,hfq
2022-05-24,414.262,414.272,402.432,402.642,150127,,,-3.5130,hfq
2022-05-25,405.102,406.662,395.102,399.582,139349,,,-0.7600,hfq
2022-05-26,399.092,402.432,389.482,390.612,140598,,,-2.2448,hfq
2022-05-27,396.602,409.742,392.732,395.002,187802,,,1.1239,hfq
2022-05-30,402.892,407.802,399.402,402.402,125295,,,1.8734,hfq
2022-05-31,400.502,412.592,394.102,408.602,177995,,,1.5407,hfq
2022-06-01,410.702,431.602,406.602,425.632,191785,,,4.1679,hfq
2022-06-02,423.382,444.382,421.612,437.402,174478,,,2.7653,hfq
2022-06-06,437.602,469.612,437.602,466.592,190378,,,6.6735,hfq
2022-06-07,465.792,467.592,451.402,459.602,127595,,,-1.4981,hfq
2022-06-08,456.602,460.602,426.592,460.602,405414,,,0.2176,hfq
2022-06-09,445.612,448.602,431.102,431.952,202557,,,-6.2201,hfq
2022-06-10,428.572,456.402,428.572,454.602,247663,,,5.2436,hfq
2022-06-13,444.612,454.782,438.862,443.632,186216,,,-2.4131,hfq
2022-06-14,438.822,443.202,429.302,442.422,174811,,,-0.2727,hfq
2022-06-15,452.602,478.602,446.712,466.262,378619,,,5.3885,hfq
2022-06-16,466.602,474.712,455.112,460.902,240202,,,-1.1496,hfq
2022-06-17,452.902,491.282,451.822,486.662,282939,,,5.5890,hfq
2022-06-20,494.432,516.712,494.432,507.122,251143,,,4.2041,hfq
2022-06-21,504.602,513.482,496.712,508.452,145666,,,0.2623,hfq
2022-06-22,514.602,522.852,507.502,507.602,146632,,,-0.1672,hfq
2022-06-23,515.602,537.572,512.482,537.572,177139,,,5.9042,hfq
2022-06-24,548.602,564.102,530.392,564.102,193012,,,4.9352,hfq
2022-06-27,564.592,565.572,545.592,549.602,166240,,,-2.5705,hfq
2022-06-28,545.602,549.962,525.702,544.602,186433,,,-0.9097,hfq
2022-06-29,533.592,543.102,526.592,533.142,145830,,,-2.1043,hfq
2022-06-30,533.122,540.402,527.272,534.602,130761,,,0.2738,hfq
2022-07-01,533.582,536.602,518.302,523.242,122928,,,-2.1249,hfq
2022-07-04,510.612,526.272,510.602,522.602,121932,,,-0.1223,hfq
2022-07-05,525.102,536.772,513.282,524.472,154594,,,0.3578,hfq
2022-07-06,527.712,534.082,515.182,522.602,130814,,,-0.3565,hfq
2022-07-07,532.452,555.152,531.602,550.602,246014,,,5.3578,hfq
2022-07-08,555.602,565.572,535.832,541.602,165770,,,-1.6346,hfq
2022-07-11,534.842,536.102,516.902,519.102,138070,,,-4.1543,hfq
2022-07-12,519.602,525.902,500.222,504.292,151302,,,-2.8530,hfq
2022-07-13,508.902,543.832,502.372,539.602,245645,,,7.0019,hfq
2022-07-14,536.102,562.602,530.852,556.612,199556,,,3.1523,hfq
2022-07-15,550.102,564.052,533.602,533.602,158628,,,-4.1339,hfq
2022-07-18,542.602,552.652,530.952,552.262,143711,,,3.4970,hfq
2022-07-19,551.162,551.162,524.602,525.212,163087,,,-4.8980,hfq
2022-07-20,530.582,535.742,523.462,526.602,78359,,,0.2647,hfq
2022-07-21,523.602,538.652,518.822,521.602,88071,,,-0.9495,hfq
2022-07-22,538.322,544.592,526.642,532.602,142817,,,2.1089,hfq
2022-07-25,532.602,534.552,519.602,522.352,86489,,,-1.9245,hfq
2022-07-26,522.382,528.602,515.852,522.602,79693,,,0.0479,hfq
2022-07-27,522.102,522.702,511.802,515.802,93355,,,-1.3012,hfq
2022-07-28,519.102,527.302,513.622,516.202,92675,,,0.0775,hfq
2022-07-29,524.552,524.602,503.712,509.202,119125,,,-1.3561,hfq
2022-08-01,508.472,536.402,505.202,535.522,162992,,,5.1689,hfq
2022-08-02,522.882,533.042,520.052,524.472,121430,,,-2.0634,hfq
2022-08-03,524.602,534.482,499.402,504.602,170256,,,-3.7886,hfq
2022-08-04,507.602,509.692,495.702,501.502,113651,,,-0.6143,hfq
2022-08-05,500.602,514.502,495.602,506.252,121831,,,0.9472,hfq
2022-08-08,496.602,506.782,489.602,502.102,89647,,,-0.8197,hfq
2022-08-09,501.602,519.202,498.102,512.162,113079,,,2.0036,hfq
2022-08-10,510.702,513.402,500.602,504.582,80491,,,-1.4800,hfq
2022-08-11,504.742,513.622,494.602,510.602,98007,,,1.1931,hfq
2022-08-12,510.802,512.602,498.522,502.602,73838,,,-1.5668,hfq
2022-08-15,505.492,523.602,503.482,516.702,137575,,,2.8054,hfq
2022-08-16,520.502,538.602,518.782,524.402,160974,,,1.4902,hfq
2022-08-17,528.082,550.572,524.582,547.602,183507,,,4.4241,hfq
2022-08-18,547.602,560.602,543.052,545.402,142800,,,-0.4018,hfq
2022-08-19,549.602,550.292,530.622,532.602,107696,,,-2.3469,hfq
2022-08-22,534.602,556.262,527.802,552.132,143054,,,3.6669,hfq
2022-08-23,550.582,565.262,546.052,557.492,131562,,,0.9708,hfq
2022-08-24,573.632,575.602,522.602,524.602,300684,,,-5.8996,hfq
2022-08-25,525.602,527.132,505.692,514.602,180175,,,-1.9062,hfq
2022-08-26,513.602,519.582,503.602,507.382,122170,,,-1.4030,hfq
2022-08-29,503.592,507.382,496.922,502.602,112610,,,-0.9421,hfq
2022-08-30,502.602,502.602,486.402,492.102,156161,,,-2.0891,hfq
2022-08-31,482.292,490.402,475.122,483.602,174502,,,-1.7273,hfq
2022-09-01,480.602,485.602,467.262,468.142,154766,,,-3.1968,hfq
2022-09-02,475.482,476.602,462.382,466.862,115609,,,-0.2734,hfq
2022-09-05,462.612,472.602,459.612,468.962,91100,,,0.4498,hfq
2022-09-06,468.602,468.962,444.482,455.802,275246,,,-2.8062,hfq
2022-09-07,452.092,477.092,450.602,474.522,216777,,,4.1070,hfq
2022-09-08,468.952,471.602,449.102,450.102,215526,,,-5.1462,hfq
2022-09-09,453.202,455.032,447.102,452.822,122468,,,0.6043,hfq
2022-09-13,459.602,460.802,447.452,457.512,102029,,,1.0357,hfq
2022-09-14,450.602,453.602,428.882,434.902,258938,,,-4.9419,hfq
2022-09-15,434.902,435.602,411.802,414.952,253836,,,-4.5872,hfq
2022-09-16,414.902,418.902,409.602,410.602,149632,,,-1.0483,hfq
2022-09-19,410.232,422.202,409.642,414.272,139644,,,0.8938,hfq
2022-09-20,418.602,430.602,415.602,421.612,165690,,,1.7718,hfq
2022-09-21,417.602,424.062,413.972,420.902,88099,,,-0.1684,hfq
2022-09-22,415.902,420.602,406.602,415.592,96421,,,-1.2616,hfq
2022-09-23,416.562,425.402,410.652,417.942,120185,,,0.5655,hfq
2022-09-26,413.642,435.602,413.642,429.262,188352,,,2.7085,hfq
2022-09-27,434.492,435.932,423.612,430.102,115619,,,0.1957,hfq
2022-09-28,428.255,430.085,414.045,418.045,106974,,,-2.8033,hfq
2022-09-29,425.475,426.755,416.335,420.255,88948,,,0.5287,hfq
2022-09-30,420.535,421.455,401.755,402.145,118140,,,-4.3093,hfq
2022-10-10,403.255,405.755,392.485,394.115,114654,,,-1.9968,hfq
2022-10-11,405.255,417.555,404.145,417.555,184441,,,5.9475,hfq
2022-10-12,417.255,439.535,414.745,439.085,185147,,,5.1562,hfq
2022-10-13,435.255,439.535,430.265,433.255,104434,,,-1.3278,hfq
2022-10-14,439.255,443.595,429.835,438.165,135653,,,1.1333,hfq
2022-10-17,434.255,434.255,422.005,430.605,105373,,,-1.7254,hfq
2022-10-18,434.285,440.135,429.695,430.795,91019,,,0.0441,hfq
2022-10-19,431.275,443.255,430.935,432.595,123330,,,0.4178,hfq
2022-10-20,421.535,424.925,405.255,416.255,171202,,,-3.7772,hfq
2022-10-21,409.255,418.215,408.455,414.255,82599,,,-0.4805,hfq
2022-10-24,407.875,415.255,400.265,405.275,145327,,,-2.1677,hfq
2022-10-25,404.255,409.325,393.235,402.955,140391,,,-0.5725,hfq
2022-10-26,406.255,409.815,399.335,402.315,140724,,,-0.1588,hfq
2022-10-27,399.255,403.325,391.255,391.555,152817,,,-2.6745,hfq
2022-10-28,386.555,388.755,366.255,366.755,240712,,,-6.3337,hfq
2022-10-31,361.255,381.475,357.835,374.135,165546,,,2.0122,hfq
2022-11-01,377.755,390.135,369.375,387.455,199165,,,3.5602,hfq
2022-11-02,386.255,397.645,381.265,392.755,142670,,,1.3679,hfq
2022-11-03,391.255,395.255,382.285,385.375,147175,,,-1.8790,hfq
2022-11-04,387.055,409.565,385.255,405.655,209711,,,5.2624,hfq
2022-11-07,409.255,415.795,406.255,411.755,147781,,,1.5037,hfq
2022-11-08,411.755,424.055,404.755,411.055,120809,,,-0.1700,hfq
2022-11-09,407.255,408.835,396.255,398.315,109411,,,-3.0993,hfq
2022-11-10,394.255,395.255,385.255,386.555,129242,,,-2.9524,hfq
2022-11-11,402.255,406.945,395.475,403.735,194820,,,4.4444,hfq
2022-11-14,405.355,409.255,386.805,388.435,184817,,,-3.7896,hfq
2022-11-15,389.415,398.735,379.255,397.435,172740,,,2.3170,hfq
2022-11-16,394.265,395.435,384.535,385.325,136037,,,-3.0470,hfq
2022-11-17,382.875,383.245,371.265,376.375,142172,,,-2.3227,hfq
2022-11-18,379.255,388.255,372.255,382.045,164073,,,1.5065,hfq
2022-11-21,376.375,387.105,375.555,383.655,80387,,,0.4214,hfq
2022-11-22,381.255,384.125,374.255,376.255,98362,,,-1.9288,hfq
2022-11-23,376.255,384.145,374.755,380.775,88294,,,1.2013,hfq
2022-11-24,384.375,384.475,376.265,377.875,85465,,,-0.7616,hfq
2022-11-25,374.315,376.255,372.255,373.455,61389,,,-1.1697,hfq
2022-11-28,366.255,373.565,361.275,371.565,111141,,,-0.5061,hfq
2022-11-29,373.265,382.655,368.755,379.155,117172,,,2.0427,hfq
2022-11-30,380.255,386.255,373.425,386.255,140420,,,1.8726,hfq
2022-12-01,398.405,403.405,396.175,396.505,209375,,,2.6537,hfq
2022-12-02,398.255,400.545,393.055,393.135,82926,,,-0.8499,hfq
2022-12-05,393.135,398.125,389.255,393.565,120985,,,0.1094,hfq
2022-12-06,390.375,405.295,390.255,401.275,136612,,,1.9590,hfq
2022-12-07,401.255,422.935,400.255,419.565,244108,,,4.5580,hfq
2022-12-08,419.575,426.255,415.265,421.725,104337,,,0.5148,hfq
2022-12-09,422.835,426.955,421.755,425.855,93539,,,0.9793,hfq
2022-12-12,422.355,424.785,415.395,415.605,87900,,,-2.4069,hfq
2022-12-13,416.255,417.155,403.305,406.665,112707,,,-2.1511,hfq
2022-12-14,411.255,413.205,400.535,403.555,91973,,,-0.7648,hfq
2022-12-15,403.365,425.425,402.255,425.055,172988,,,5.3277,hfq
2022-12-16,419.765,424.055,415.135,419.265,89422,,,-1.3622,hfq
2022-12-19,420.255,431.355,419.315,421.655,101059,,,0.5700,hfq
2022-12-20,421.255,421.855,410.255,410.775,81208,,,-2.5803,hfq
2022-12-21,411.255,413.725,405.765,408.075,54031,,,-0.6573,hfq
2022-12-22,412.245,412.245,401.255,403.255,73905,,,-1.1812,hfq
2022-12-23,398.155,404.085,395.355,399.735,73858,,,-0.8729,hfq
2022-12-26,399.735,408.505,392.355,405.175,115123,,,1.3609,hfq
2022-12-27,403.485,407.245,397.915,404.825,81397,,,-0.0864,hfq
2022-12-28,399.315,399.555,381.535,395.255,185293,,,-2.3640,hfq
2022-12-29,392.255,399.055,391.655,395.215,98975,,,-0.0101,hfq
2022-12-30,399.755,403.255,394.255,394.675,74052,,,-0.1366,hfq
2023-01-03,393.255,393.825,382.975,390.895,104820,,,-0.9578,hfq
2023-01-04,387.755,388.255,383.305,385.265,196023,,,-1.4403,hfq
2023-01-05,389.255,411.425,386.265,408.765,260433,,,6.0997,hfq
2023-01-06,407.255,426.235,405.315,417.915,183925,,,2.2384,hfq
2023-01-09,424.135,424.135,415.255,417.855,128403,,,-0.0144,hfq
2023-01-10,418.915,436.255,414.555,433.255,182607,,,3.6855,hfq
2023-01-11,431.755,437.255,425.255,429.115,122418,,,-0.9556,hfq
2023-01-12,433.255,440.035,430.935,434.755,111368,,,1.3143,hfq
2023-01-13,445.255,453.775,431.255,440.755,207575,,,1.3801,hfq
2023-01-16,439.755,450.755,436.365,447.885,168091,,,1.6177,hfq
2023-01-17,448.185,453.125,444.865,446.865,98958,,,-0.2277,hfq
2023-01-18,449.765,452.135,444.365,449.755,73443,,,0.6467,hfq
2023-01-19,446.585,452.755,443.445,448.025,73100,,,-0.3847,hfq
2023-01-20,448.025,453.455,445.515,453.255,107657,,,1.1673,hfq
2023-01-30,480.625,491.815,468.725,471.905,211743,,,4.1147,hfq
2023-01-31,471.135,478.755,463.695,466.455,139540,,,-1.1549,hfq
2023-02-01,472.245,480.615,471.735,478.055,115022,,,2.4868,hfq
2023-02-02,480.125,480.955,466.135,467.355,134557,,,-2.2382,hfq
2023-02-03,465.255,467.455,452.635,457.455,120200,,,-2.1183,hfq
2023-02-06,453.255,454.775,442.345,451.855,107529,,,-1.2242,hfq
2023-02-07,451.745,455.055,445.915,449.355,72112,,,-0.5533,hfq
2023-02-08,450.855,454.705,446.255,448.465,73299,,,-0.1981,hfq
2023-02-09,448.465,457.245,442.755,454.245,80314,,,1.2888,hfq
2023-02-10,454.255,456.935,446.265,447.205,83978,,,-1.5498,hfq
2023-02-13,452.235,462.825,448.265,461.255,134185,,,3.1417,hfq
2023-02-14,470.255,470.555,447.045,452.305,128122,,,-1.9404,hfq
2023-02-15,454.355,458.255,449.255,449.855,77734,,,-0.5417,hfq
2023-02-16,453.245,455.755,439.255,444.455,100911,,,-1.2004,hfq
2023-02-17,443.255,443.255,421.255,421.445,214696,,,-5.1771,hfq
2023-02-20,417.255,423.135,407.585,421.725,168299,,,0.0664,hfq
2023-02-21,418.735,423.745,413.255,416.265,131846,,,-1.2947,hfq
2023-02-22,410.255,415.355,407.925,410.725,123639,,,-1.3309,hfq
2023-02-23,411.255,416.385,408.655,414.485,95373,,,0.9155,hfq
2023-02-24,412.255,413.055,405.275,406.655,99894,,,-1.8891,hfq
2023-02-27,403.985,406.735,401.355,402.355,92206,,,-1.0574,hfq
2023-02-28,405.245,409.555,402.755,405.155,93231,,,0.6959,hfq
2023-03-01,404.355,415.435,404.285,413.035,126020,,,1.9449,hfq
2023-03-02,410.755,412.255,397.455,402.055,161453,,,-2.6584,hfq
2023-03-03,403.555,406.965,401.255,403.575,82031,,,0.3781,hfq
2023-03-06,403.425,410.125,393.265,409.675,166267,,,1.5115,hfq
2023-03-07,405.255,410.245,403.085,403.455,99184,,,-1.5183,hfq
2023-03-08,401.265,404.185,396.365,398.985,81294,,,-1.1079,hfq
2023-03-09,397.455,402.535,389.495,398.265,81367,,,-0.1805,hfq
2023-03-10,402.945,411.185,397.155,407.045,191426,,,2.2046,hfq
2023-03-13,404.285,407.915,391.255,393.255,188332,,,-3.3878,hfq
2023-03-14,392.135,392.255,379.255,388.485,184847,,,-1.2130,hfq
2023-03-15,394.255,396.995,384.875,389.255,129683,,,0.1982,hfq
2023-03-16,385.255,391.165,384.755,386.365,101132,,,-0.7424,hfq
2023-03-17,390.255,391.245,376.755,377.235,201447,,,-2.3631,hfq
2023-03-20,375.795,385.855,369.255,381.205,158370,,,1.0524,hfq
2023-03-21,383.455,395.435,379.955,395.035,172924,,,3.6280,hfq
2023-03-22,399.995,409.915,398.275,400.455,176872,,,1.3720,hfq
2023-03-23,399.255,403.175,395.685,399.635,100289,,,-0.2048,hfq
2023-03-24,399.655,403.515,391.255,394.835,117653,,,-1.2011,hfq
2023-03-27,392.365,399.855,385.675,397.755,161157,,,0.7395,hfq
2023-03-28,395.255,397.435,391.455,393.855,75906,,,-0.9805,hfq
2023-03-29,396.465,405.535,394.285,401.435,137546,,,1.9246,hfq
2023-03-30,402.245,403.255,398.605,401.365,86819,,,-0.0174,hfq
2023-03-31,405.755,416.235,405.755,407.305,196076,,,1.4799,hfq
2023-04-03,407.365,408.055,397.255,399.965,167632,,,-1.8021,hfq
2023-04-04,401.245,401.245,383.065,389.255,200897,,,-2.6777,hfq
2023-04-06,385.255,390.805,381.405,389.275,105816,,,0.0051,hfq
2023-04-07,387.405,395.255,385.615,391.765,100581,,,0.6397,hfq
2023-04-10,395.145,403.365,389.255,403.265,172379,,,2.9354,hfq
2023-04-11,401.265,411.125,399.255,401.205,143663,,,-0.5108,hfq
2023-04-12,401.255,401.255,393.255,393.265,87367,,,-1.9790,hfq
2023-04-13,391.255,392.615,386.255,389.515,100464,,,-0.9536,hfq
2023-04-14,389.155,403.625,388.755,398.545,159237,,,2.3183,hfq
2023-04-17,397.585,411.255,397.055,409.135,176632,,,2.6572,hfq
2023-04-18,409.145,419.255,408.545,410.255,140605,,,0.2737,hfq
2023-04-19,415.755,416.095,407.255,411.625,116224,,,0.3339,hfq
2023-04-20,411.555,411.555,397.255,397.255,158438,,,-3.4910,hfq
2023-04-21,405.755,416.175,400.255,406.245,252760,,,2.2630,hfq
2023-04-24,406.355,407.255,394.135,398.135,173774,,,-1.9963,hfq
2023-04-25,399.255,399.255,381.255,387.155,168989,,,-2.7579,hfq
2023-04-26,387.175,414.085,381.793,407.875,397075,,,5.3519,hfq
2023-04-27,406.975,422.239,403.933,419.575,339691,,,2.8685,hfq
2023-04-28,424.975,430.969,412.177,419.305,271048,,,-0.0644,hfq
2023-05-04,419.575,422.275,407.965,409.711,194091,,,-2.2881,hfq
2023-05-05,408.775,417.775,406.471,412.375,167409,,,0.6502,hfq
2023-05-08,417.775,424.597,410.683,419.233,227531,,,1.6630,hfq
2023-05-09,418.459,418.459,407.065,410.269,196538,,,-2.1382,hfq
2023-05-10,410.215,425.425,401.953,422.311,289568,,,2.9351,hfq
2023-05-11,422.365,441.139,419.935,436.495,347474,,,3.3587,hfq
2023-05-12,439.357,443.983,432.139,432.139,223100,,,-0.9979,hfq
2023-05-15,437.593,442.975,426.955,432.697,267065,,,0.1291,hfq
2023-05-16,432.895,437.521,429.961,433.975,139740,,,0.2954,hfq
2023-05-17,433.975,438.799,428.683,435.775,182464,,,0.4148,hfq
2023-05-18,438.115,438.241,419.647,422.095,241239,,,-3.1392,hfq
2023-05-19,420.925,425.299,417.775,417.775,194722,,,-1.0235,hfq
2023-05-22,415.975,422.275,412.375,418.315,146791,,,0.1293,hfq
2023-05-23,419.359,420.853,409.045,409.531,196132,,,-2.0999,hfq
2023-05-24,408.415,415.093,406.471,409.225,147857,,,-0.0747,hfq
2023-05-25,408.505,413.599,404.257,407.137,137533,,,-0.5102,hfq
2023-05-26,407.335,407.875,395.275,399.775,182117,,,-1.8082,hfq
2023-05-29,403.735,403.771,391.855,394.483,165372,,,-1.3237,hfq
2023-05-30,394.375,408.757,392.593,408.757,264671,,,3.6184,hfq
2023-05-31,408.865,412.177,400.063,401.881,188697,,,-1.6822,hfq
2023-06-01,404.527,414.175,402.493,404.995,159410,,,0.7749,hfq
2023-06-02,408.595,417.757,406.975,414.967,231815,,,2.4623,hfq
2023-06-05,410.395,410.395,393.277,399.415,335951,,,-3.7478,hfq
2023-06-06,396.193,403.915,394.339,398.479,172425,,,-0.2343,hfq
2023-06-07,393.259,393.475,371.785,376.915,500939,,,-5.4116,hfq
2023-06-08,386.725,387.715,376.375,378.193,238579,,,0.3391,hfq
2023-06-09,379.165,387.409,379.165,385.447,242617,,,1.9181,hfq
2023-06-12,385.285,388.975,379.795,385.285,181316,,,-0.0420,hfq
2023-06-13,383.593,388.849,382.999,387.355,132437,,,0.5373,hfq
2023-06-14,394.645,395.509,387.175,387.895,163629,,,0.1394,hfq
2023-06-15,390.757,419.359,390.577,419.359,504957,,,8.1115,hfq
2023-06-16,421.375,425.281,414.715,419.755,296398,,,0.0944,hfq
2023-06-19,423.157,423.157,410.575,413.959,187071,,,-1.3808,hfq
2023-06-20,413.941,420.133,410.161,414.175,179605,,,0.0522,hfq
2023-06-21,415.633,418.675,408.595,408.613,171184,,,-1.3429,hfq
2023-06-26,399.613,412.285,399.199,409.081,159106,,,0.1145,hfq
2023-06-27,406.939,411.115,401.899,406.021,134206,,,-0.7480,hfq
2023-06-28,403.771,411.475,403.375,407.875,135586,,,0.4566,hfq
2023-06-29,406.093,412.213,404.275,404.275,99302,,,-0.8826,hfq
2023-06-30,406.957,417.757,400.405,415.597,215515,,,2.8006,hfq
2023-07-03,421.285,424.885,415.165,417.559,155544,,,0.4721,hfq
2023-07-04,415.075,417.865,413.599,416.425,101557,,,-0.2716,hfq
2023-07-05,416.443,418.513,409.675,413.293,86364,,,-0.7521,hfq
2023-07-06,412.375,415.039,406.921,408.505,102836,,,-1.1585,hfq
2023-07-07,408.415,408.505,402.655,403.825,98084,,,-1.1456,hfq
2023-07-10,405.175,417.775,405.175,415.615,160938,,,2.9196,hfq
2023-07-11,417.145,417.757,411.619,416.137,91588,,,0.1256,hfq
2023-07-12,415.075,416.695,411.475,412.357,86933,,,-0.9084,hfq
2023-07-13,414.553,426.775,414.553,417.775,222577,,,1.3139,hfq
2023-07-14,418.045,419.449,411.565,414.679,130041,,,-0.7411,hfq
2023-07-17,412.393,414.175,406.255,409.945,104525,,,-1.1416,hfq
2023-07-18,413.815,413.959,407.875,409.675,85758,,,-0.0659,hfq
2023-07-19,406.975,408.685,397.219,398.875,176002,,,-2.6362,hfq
2023-07-20,397.975,411.817,397.975,401.665,144416,,,0.6995,hfq
2023-07-21,401.305,405.139,399.343,402.637,83935,,,0.2420,hfq
2023-07-24,394.645,401.359,389.227,397.939,137193,,,-1.1668,hfq
2023-07-25,408.595,413.527,401.611,411.205,192862,,,3.3337,hfq
2023-07-26,408.991,412.375,406.363,411.763,154568,,,0.1357,hfq
2023-07-27,419.575,422.959,412.159,412.339,208592,,,0.1399,hfq
2023-07-28,412.339,419.575,408.865,417.865,188031,,,1.3402,hfq
2023-07-31,424.975,434.875,423.355,431.725,299028,,,3.3169,hfq
2023-08-01,431.095,434.155,425.875,427.675,156152,,,-0.9381,hfq
2023-08-02,430.375,434.857,427.675,429.475,141472,,,0.4209,hfq
2023-08-03,428.575,435.721,427.729,434.227,161805,,,1.1065,hfq
2023-08-04,444.775,453.703,437.773,445.693,315697,,,2.6406,hfq
2023-08-07,443.875,448.267,441.733,447.457,149277,,,0.3958,hfq
2023-08-08,446.539,452.569,444.559,448.627,150667,,,0.2615,hfq
2023-08-09,445.675,449.599,441.427,448.375,116847,,,-0.0562,hfq
2023-08-10,449.995,456.169,443.191,447.475,140410,,,-0.2007,hfq
2023-08-11,451.885,451.885,438.475,438.475,172041,,,-2.0113,hfq
2023-08-14,434.335,435.739,418.153,422.995,256932,,,-3.5304,hfq
2023-08-15,422.959,426.055,416.695,420.115,146101,,,-0.6809,hfq
2023-08-16,420.511,425.659,417.973,422.455,140090,,,0.5570,hfq
2023-08-17,426.757,429.475,415.759,427.225,204428,,,1.1291,hfq
2023-08-18,427.297,434.191,425.731,428.341,167700,,,0.2612,hfq
2023-08-21,424.957,428.341,421.735,423.103,107804,,,-1.2229,hfq
2023-08-22,426.415,427.099,413.293,419.125,151889,,,-0.9402,hfq
2023-08-23,419.035,421.195,412.375,413.275,118749,,,-1.3958,hfq
2023-08-24,415.759,420.547,411.475,415.885,141577,,,0.6315,hfq
2023-08-25,414.049,417.721,410.233,414.787,111851,,,-0.2640,hfq
2023-08-28,438.475,442.903,416.875,418.675,223115,,,0.9373,hfq
2023-08-29,419.935,441.175,419.431,433.075,291750,,,3.4394,hfq
2023-08-30,434.695,439.375,431.275,431.275,145916,,,-0.4156,hfq
2023-08-31,430.555,433.075,428.809,429.565,96715,,,-0.3965,hfq
2023-09-01,429.655,434.893,426.055,429.295,91011,,,-0.0629,hfq
2023-09-04,432.553,433.543,423.895,431.545,140524,,,0.5241,hfq
2023-09-05,430.375,434.875,428.863,430.051,115817,,,-0.3462,hfq
2023-09-06,428.665,430.681,422.815,425.731,124748,,,-1.0045,hfq
2023-09-07,423.175,424.525,411.493,411.493,192661,,,-3.3444,hfq
2023-09-08,408.775,412.735,400.675,405.067,164994,,,-1.5616,hfq
2023-09-11,404.995,406.165,399.199,402.529,170609,,,-0.6266,hfq
2023-09-12,403.375,404.113,395.347,396.049,182312,,,-1.6098,hfq
2023-09-13,394.375,398.245,390.829,393.655,151357,,,-0.6045,hfq
2023-09-14,388.399,393.115,387.229,390.649,182941,,,-0.7636,hfq
2023-09-15,385.375,388.975,375.655,377.743,336800,,,-3.3037,hfq
2023-09-18,374.575,390.217,374.575,387.283,265935,,,2.5255,hfq
2023-09-19,387.283,388.039,382.855,385.951,150244,,,-0.3439,hfq
2023-09-20,387.175,387.769,379.399,381.595,130875,,,-1.1286,hfq
2023-09-21,381.793,383.485,375.781,375.889,162149,,,-1.4953,hfq
2023-09-22,373.675,384.385,373.675,383.449,225091,,,2.0112,hfq
2023-09-25,387.211,388.291,379.453,380.479,136054,,,-0.7745,hfq
2023-09-26,375.781,377.005,370.075,371.875,202538,,,-2.2614,hfq
2023-09-27,375.115,379.057,368.185,370.363,218490,,,-0.4066,hfq
2023-09-28,370.975,375.475,368.419,369.229,158095,,,-0.3062,hfq
2023-10-09,365.575,366.079,351.175,355.675,337428,,,-3.6709,hfq
2023-10-10,359.959,360.175,354.271,354.271,198655,,,-0.3947,hfq
2023-10-11,359.941,361.255,353.155,354.361,202482,,,0.0254,hfq
2023-10-12,354.793,359.815,352.975,356.467,242059,,,0.5943,hfq
2023-10-13,352.705,354.469,345.055,346.855,284222,,,-2.6965,hfq
2023-10-16,346.387,346.729,334.813,336.343,246836,,,-3.0307,hfq
2023-10-17,337.693,344.515,336.001,337.567,215583,,,0.3639,hfq
2023-10-18,336.955,342.625,334.255,339.115,176519,,,0.4586,hfq
2023-10-19,335.713,337.999,331.879,332.635,174542,,,-1.9109,hfq
2023-10-20,325.975,341.617,325.975,329.575,300269,,,-0.9199,hfq
2023-10-23,328.315,328.315,320.215,322.843,202233,,,-2.0426,hfq
2023-10-24,324.175,326.335,319.315,321.331,243795,,,-0.4683,hfq
2023-10-25,324.535,326.875,319.999,320.539,215342,,,-0.2465,hfq
2023-10-26,316.975,324.715,307.633,324.301,414206,,,1.1736,hfq
2023-10-27,323.905,338.359,320.611,336.271,477953,,,3.6910,hfq
2023-10-30,340.375,345.559,336.415,342.211,322595,,,1.7664,hfq
2023-10-31,339.799,340.771,336.055,337.855,181525,,,-1.2729,hfq
2023-11-01,338.197,346.315,335.875,341.347,197273,,,1.0336,hfq
2023-11-02,343.075,345.559,337.801,337.801,137627,,,-1.0388,hfq
2023-11-03,338.575,343.399,336.055,341.167,143655,,,0.9964,hfq
2023-11-06,343.201,358.555,342.985,358.519,349684,,,5.0861,hfq
2023-11-07,356.557,356.773,345.991,348.007,260803,,,-2.9321,hfq
2023-11-08,346.099,351.067,345.775,349.087,146522,,,0.3103,hfq
2023-11-09,346.909,350.419,346.729,348.385,109971,,,-0.2011,hfq
2023-11-10,343.975,345.721,342.265,344.029,116100,,,-1.2503,hfq
2023-11-13,349.375,349.735,340.411,341.905,125196,,,-0.6174,hfq
2023-11-14,341.905,343.615,333.175,334.399,234883,,,-2.1953,hfq
2023-11-15,340.177,343.237,334.219,335.839,238072,,,0.4306,hfq
2023-11-16,337.639,337.657,327.955,329.845,174662,,,-1.7848,hfq
2023-11-17,327.505,330.025,326.857,329.089,110840,,,-0.2292,hfq
2023-11-20,329.107,331.015,325.993,328.315,124087,,,-0.2352,hfq
2023-11-21,331.375,334.975,327.793,328.873,197662,,,0.1700,hfq
2023-11-22,326.965,330.115,322.375,322.375,186886,,,-1.9758,hfq
2023-11-23,320.593,323.635,318.577,323.635,157203,,,0.3908,hfq
2023-11-24,322.429,324.535,317.875,318.775,166212,,,-1.5017,hfq
2023-11-27,317.497,317.875,310.855,311.035,184220,,,-2.4280,hfq
2023-11-28,309.829,313.321,307.741,313.231,202107,,,0.7060,hfq
2023-11-29,311.575,312.259,303.241,304.105,251885,,,-2.9135,hfq
2023-11-30,301.171,307.363,299.857,304.375,230272,,,0.0888,hfq
2023-12-01,304.897,305.635,299.749,301.675,169622,,,-0.8871,hfq
2023-12-04,298.075,299.767,294.007,294.745,239304,,,-2.2972,hfq
2023-12-05,292.045,296.041,289.345,289.633,248077,,,-1.7344,hfq
2023-12-06,289.345,304.123,288.571,296.959,367693,,,2.5294,hfq
2023-12-07,295.375,303.223,294.655,299.857,269084,,,0.9759,hfq
2023-12-08,300.775,303.169,297.391,298.237,245020,,,-0.5403,hfq
2023-12-11,295.393,302.017,292.063,301.405,214896,,,1.0622,hfq
2023-12-12,298.975,301.171,297.139,298.309,147339,,,-1.0272,hfq
2023-12-13,296.365,298.237,289.453,290.605,252594,,,-2.5826,hfq
2023-12-14,293.359,294.457,285.367,285.709,227514,,,-1.6848,hfq
2023-12-15,286.735,289.399,282.055,282.775,202046,,,-1.0269,hfq
2023-12-18,279.373,280.417,267.079,268.321,429129,,,-5.1115,hfq
2023-12-19,267.133,273.739,267.061,271.975,251852,,,1.3618,hfq
2023-12-20,272.335,275.935,270.751,270.985,212494,,,-0.3640,hfq
2023-12-21,269.401,283.369,269.401,281.677,421315,,,3.9456,hfq
2023-12-22,280.075,288.913,277.735,285.097,280321,,,1.2142,hfq
2023-12-25,283.675,287.959,282.415,287.347,130056,,,0.7892,hfq
2023-12-26,286.321,287.275,282.307,284.809,127673,,,-0.8833,hfq
2023-12-27,287.329,288.175,280.741,281.569,173565,,,-1.1376,hfq
2023-12-28,281.371,297.463,280.201,297.157,378502,,,5.5361,hfq
2023-12-29,298.939,300.775,295.375,297.643,226838,,,0.1635,hfq
2024-01-02,295.771,296.329,285.691,286.069,214033,,,-3.8886,hfq
2024-01-03,284.755,286.879,281.695,284.215,197576,,,-0.6481,hfq
2024-01-04,283.675,284.071,273.361,275.935,272418,,,-2.9133,hfq
2024-01-05,275.557,282.289,272.857,275.395,210353,,,-0.1957,hfq
2024-01-08,274.135,279.877,272.119,273.775,193854,,,-0.5882,hfq
2024-01-09,273.703,276.241,266.125,271.435,233916,,,-0.8547,hfq
2024-01-10,268.267,279.373,267.565,274.963,232120,,,1.2998,hfq
2024-01-11,274.963,287.761,271.093,282.451,328018,,,2.7233,hfq
2024-01-12,280.975,286.969,277.735,282.109,254622,,,-0.1211,hfq
2024-01-15,280.075,280.435,272.605,276.835,172722,,,-1.8695,hfq
2024-01-16,276.763,286.825,274.783,286.285,284693,,,3.4136,hfq
2024-01-17,286.123,286.123,276.925,277.807,217615,,,-2.9614,hfq
2024-01-18,273.955,283.135,273.793,282.073,307788,,,1.5356,hfq
2024-01-19,280.615,287.977,279.895,282.595,265949,,,0.1851,hfq
2024-01-22,280.075,291.685,274.945,283.963,404888,,,0.4841,hfq
2024-01-23,282.775,289.615,279.517,280.813,323059,,,-1.1093,hfq
2024-01-24,281.875,282.757,272.893,280.039,248710,,,-0.2756,hfq
2024-01-25,277.375,282.955,273.253,282.775,294796,,,0.9770,hfq
2024-01-26,278.275,281.839,273.775,273.775,271813,,,-3.1827,hfq
2024-01-29,272.767,275.179,268.411,268.411,217675,,,-1.9593,hfq
2024-01-30,265.675,269.167,256.495,257.125,327274,,,-4.2047,hfq
2024-01-31,264.775,279.103,262.975,276.637,595221,,,7.5885,hfq
2024-02-01,276.619,278.311,271.219,272.011,279688,,,-1.6722,hfq
2024-02-02,270.175,271.975,261.841,266.575,307060,,,-1.9984,hfq
2024-02-05,260.473,281.875,259.915,277.267,471326,,,4.0109,hfq
2024-02-06,275.917,290.443,275.251,288.769,437459,,,4.1483,hfq
2024-02-07,288.175,291.397,284.575,291.055,366070,,,0.7916,hfq
2024-02-08,290.875,300.775,289.759,296.887,309012,,,2.0037,hfq
2024-02-19,300.703,300.703,290.137,291.937,270925,,,-1.6673,hfq
2024-02-20,295.159,295.159,284.701,288.769,221948,,,-1.0852,hfq
2024-02-21,287.059,297.715,285.187,293.935,257827,,,1.7890,hfq
2024-02-22,294.169,294.169,289.759,292.405,209559,,,-0.5205,hfq
2024-02-23,295.321,295.375,290.083,292.675,210176,,,0.0923,hfq
2024-02-26,290.389,291.757,282.235,284.575,360664,,,-2.7676,hfq
2024-02-27,282.919,287.905,281.947,287.869,290401,,,1.1575,hfq
2024-02-28,288.499,297.715,286.393,286.393,400917,,,-0.5127,hfq
2024-02-29,284.755,298.561,283.963,298.093,391675,,,4.0853,hfq
2024-03-01,298.129,301.783,296.095,299.965,281013,,,0.6280,hfq
2024-03-04,300.775,305.923,296.761,298.795,268086,,,-0.3900,hfq
2024-03-05,295.555,301.135,291.775,300.145,275496,,,0.4518,hfq
2024-03-06,296.419,304.195,294.835,298.327,187180,,,-0.6057,hfq
2024-03-07,297.175,299.281,290.839,292.045,221450,,,-2.1057,hfq
2024-03-08,290.209,293.215,285.745,288.175,202170,,,-1.3251,hfq
2024-03-11,300.775,330.745,299.155,329.305,763350,,,14.2726,hfq
2024-03-12,333.787,339.349,327.775,338.287,621649,,,2.7276,hfq
2024-03-13,340.375,341.617,333.715,337.099,347958,,,-0.3512,hfq
2024-03-14,336.577,342.103,333.103,334.633,305356,,,-0.7315,hfq
2024-03-15,334.309,334.795,322.105,329.575,354836,,,-1.5115,hfq
2024-03-18,345.847,352.543,343.885,347.503,483052,,,5.4397,hfq
2024-03-19,346.657,349.915,339.655,340.825,269576,,,-1.9217,hfq
2024-03-20,337.693,348.007,337.693,344.839,210316,,,1.1777,hfq
2024-03-21,344.893,349.159,344.119,344.119,187567,,,-0.2088,hfq
2024-03-22,344.137,345.613,336.757,339.493,191034,,,-1.3443,hfq
2024-03-25,337.801,342.535,335.839,336.415,164134,,,-0.9066,hfq
2024-03-26,338.035,351.409,338.017,349.015,302473,,,3.7454,hfq
2024-03-27,348.907,348.925,342.175,342.175,206457,,,-1.9598,hfq
2024-03-28,342.301,348.835,339.655,343.579,200367,,,0.4103,hfq
2024-03-29,346.315,354.775,344.659,346.063,164648,,,0.7230,hfq
2024-04-01,352.975,363.469,351.895,359.887,275132,,,3.9946,hfq
2024-04-02,360.355,366.601,357.475,363.235,240381,,,0.9303,hfq
2024-04-03,361.867,361.885,354.055,359.545,234890,,,-1.0159,hfq
2024-04-08,359.545,363.595,354.055,354.055,189576,,,-1.5269,hfq
2024-04-09,352.975,357.475,352.453,356.575,145700,,,0.7118,hfq
2024-04-10,353.173,354.775,348.529,350.707,179615,,,-1.6457,hfq
2024-04-11,347.233,353.515,340.375,350.455,192954,,,-0.0719,hfq
2024-04-12,347.575,349.339,342.193,342.877,166256,,,-2.1623,hfq
2024-04-15,352.705,358.627,349.123,358.627,305483,,,4.5935,hfq
2024-04-16,361.975,362.515,354.631,358.645,276231,,,0.0050,hfq
2024-04-17,355.405,358.249,351.211,356.557,216192,,,-0.5822,hfq
2024-04-18,352.921,359.185,348.277,355.783,195396,,,-0.2171,hfq
2024-04-19,351.283,353.803,344.893,347.215,184915,,,-2.4082,hfq
2024-04-22,350.815,354.577,346.801,346.855,150987,,,-0.1037,hfq
2024-04-23,347.809,350.275,341.959,345.649,111138,,,-0.3477,hfq
2024-04-24,349.375,350.095,339.295,345.055,151543,,,-0.1719,hfq
2024-04-25,343.201,353.605,341.977,351.535,164183,,,1.8780,hfq
2024-04-26,349.393,361.759,349.393,361.039,224881,,,2.7036,hfq
2024-04-29,364.801,388.075,363.775,381.109,438630,,,5.5590,hfq
2024-04-30,383.170,383.170,376.402,377.482,214330,,,-0.9517,hfq
2024-05-06,392.602,393.862,383.656,385.366,270999,,,2.0886,hfq
2024-05-07,383.926,386.986,382.072,385.186,131799,,,-0.0467,hfq
2024-05-08,385.402,386.842,378.400,378.616,124330,,,-1.7057,hfq
2024-05-09,384.088,391.720,383.962,389.722,219216,,,2.9333,hfq
2024-05-10,389.722,389.722,378.202,379.102,228011,,,-2.7250,hfq
2024-05-13,366.142,375.988,364.720,371.632,221967,,,-1.9704,hfq
2024-05-14,373.882,374.962,369.418,371.020,106947,,,-0.1647,hfq
2024-05-15,371.020,378.796,368.302,369.004,130741,,,-0.5434,hfq
2024-05-16,370.642,375.754,367.366,372.208,153782,,,0.8683,hfq
2024-05-17,372.262,378.202,370.246,378.202,184962,,,1.6104,hfq
2024-05-20,385.762,386.986,378.220,379.012,199172,,,0.2142,hfq
2024-05-21,379.408,381.046,373.810,375.610,122964,,,-0.8976,hfq
2024-05-22,377.302,385.402,375.682,381.604,252366,,,1.5958,hfq
2024-05-23,380.362,382.972,378.436,380.614,176548,,,-0.2594,hfq
2024-05-24,377.842,381.550,374.224,374.566,155107,,,-1.5890,hfq
2024-05-27,376.042,376.042,370.102,372.820,163618,,,-0.4661,hfq
2024-05-28,371.830,373.846,368.482,368.842,126900,,,-1.0670,hfq
2024-05-29,369.220,377.302,368.842,370.624,133388,,,0.4831,hfq
2024-05-30,371.092,374.386,368.590,371.632,127840,,,0.2720,hfq
2024-05-31,371.632,376.852,368.770,368.770,138086,,,-0.7701,hfq
2024-06-03,368.770,379.282,365.242,377.302,187181,,,2.3136,hfq
2024-06-04,376.384,385.834,374.602,383.548,177149,,,1.6554,hfq
2024-06-05,383.062,386.932,380.020,380.218,117774,,,-0.8682,hfq
2024-06-06,379.966,385.186,376.762,381.424,124126,,,0.3172,hfq
2024-06-07,370.750,377.212,350.464,360.562,516868,,,-5.4695,hfq
2024-06-11,353.002,358.402,345.100,352.588,420724,,,-2.2115,hfq
2024-06-12,347.602,354.370,346.666,346.882,203104,,,-1.6183,hfq
2024-06-13,349.402,354.820,346.018,346.126,221176,,,-0.2179,hfq
2024-06-14,347.782,348.646,334.246,345.604,371849,,,-0.1508,hfq
2024-06-17,341.392,355.702,340.960,351.562,269293,,,1.7239,hfq
2024-06-18,351.472,355.648,349.438,355.396,156529,,,1.0906,hfq
2024-06-19,355.882,356.062,350.626,353.020,107540,,,-0.6686,hfq
2024-06-20,354.784,355.000,349.582,351.184,115624,,,-0.5201,hfq
2024-06-21,351.760,352.930,341.068,346.090,184677,,,-1.4505,hfq
2024-06-24,342.202,351.184,342.202,349.366,180355,,,0.9466,hfq
2024-06-25,349.402,353.362,346.882,348.178,144144,,,-0.3400,hfq
2024-06-26,346.018,348.736,342.562,346.720,104814,,,-0.4188,hfq
2024-06-27,346.720,347.386,342.220,345.802,126536,,,-0.2648,hfq
2024-06-28,343.642,346.666,336.514,336.856,194205,,,-2.5870,hfq
2024-07-01,335.344,335.506,320.908,329.728,269957,,,-2.1160,hfq
2024-07-02,325.732,331.330,322.600,329.746,144156,,,0.0055,hfq
2024-07-03,331.402,341.302,330.160,335.902,162053,,,1.8669,hfq
2024-07-04,337.504,342.184,335.362,336.082,118346,,,0.0536,hfq
2024-07-05,338.602,341.284,330.502,332.518,135247,,,-1.0605,hfq
2024-07-08,329.620,333.868,327.820,329.440,108064,,,-0.9257,hfq
2024-07-09,328.342,331.942,324.364,329.188,164439,,,-0.0765,hfq
2024-07-10,327.820,336.964,324.292,324.292,177729,,,-1.4873,hfq
2024-07-11,327.802,334.966,325.084,331.420,208111,,,2.1980,hfq
2024-07-12,332.932,339.988,331.402,336.442,195505,,,1.5153,hfq
2024-07-15,333.742,336.712,331.600,333.418,114697,,,-0.8988,hfq
2024-07-16,332.302,337.702,331.942,335.542,151487,,,0.6370,hfq
2024-07-17,333.202,341.590,329.494,338.404,185901,,,0.8529,hfq
2024-07-18,336.802,353.182,336.226,351.832,319944,,,3.9680,hfq
2024-07-19,348.232,354.964,347.962,353.794,208476,,,0.5577,hfq
2024-07-22,356.944,362.326,350.122,353.938,171683,,,0.0407,hfq
2024-07-23,353.020,354.262,347.962,347.962,119031,,,-1.6884,hfq
2024-07-24,347.602,353.164,346.504,348.178,144681,,,0.0621,hfq
2024-07-25,347.818,356.116,345.910,350.716,205959,,,0.7289,hfq
2024-07-26,354.802,360.742,351.292,353.632,233477,,,0.8314,hfq
2024-07-29,349.402,349.402,336.802,344.956,213624,,,-2.4534,hfq
2024-07-30,342.598,346.396,342.598,345.604,127252,,,0.1879,hfq
2024-07-31,340.402,349.186,340.402,348.160,198969,,,0.7396,hfq
2024-08-01,345.802,347.602,336.982,337.342,230127,,,-3.1072,hfq
2024-08-02,335.002,336.802,330.934,331.564,154937,,,-1.7128,hfq
2024-08-05,327.820,337.144,327.802,331.402,193477,,,-0.0489,hfq
2024-08-06,333.940,335.704,325.480,327.712,157687,,,-1.1135,hfq
2024-08-07,327.712,330.016,325.408,325.408,127540,,,-0.7031,hfq
2024-08-08,324.220,325.282,319.018,323.122,146590,,,-0.7025,hfq
2024-08-09,325.282,327.568,318.802,318.802,154130,,,-1.3370,hfq
2024-08-12,319.828,320.818,313.042,317.002,174156,,,-0.5646,hfq
2024-08-13,316.804,327.730,315.886,325.606,193893,,,2.7142,hfq
2024-08-14,324.184,326.812,321.898,322.780,99663,,,-0.8679,hfq
2024-08-15,322.402,327.082,321.124,324.922,144812,,,0.6636,hfq
2024-08-16,324.922,329.602,323.986,325.318,111506,,,0.1219,hfq
2024-08-19,324.832,333.094,324.472,328.882,140358,,,1.0955,hfq
2024-08-20,327.802,329.602,325.390,327.568,84370,,,-0.3995,hfq
2024-08-21,326.002,328.540,322.402,326.020,111474,,,-0.4726,hfq
2024-08-22,327.766,336.748,326.542,334.642,199011,,,2.6446,hfq
2024-08-23,331.402,341.338,331.402,340.042,184152,,,1.6137,hfq
2024-08-26,340.222,345.010,338.602,343.858,148387,,,1.1222,hfq
2024-08-27,341.338,344.884,339.502,343.102,99770,,,-0.2199,hfq
2024-08-28,341.842,343.444,339.106,341.878,106390,,,-0.3567,hfq
2024-08-29,335.308,342.184,335.308,338.242,156702,,,-1.0635,hfq
2024-08-30,338.242,347.530,338.242,344.614,254292,,,1.8839,hfq
2024-09-02,344.794,346.864,338.602,338.944,129852,,,-1.6453,hfq
2024-09-03,337.342,348.862,336.838,346.972,181969,,,2.3685,hfq
2024-09-04,346.378,353.002,345.532,349.672,165645,,,0.7782,hfq
2024-09-05,349.672,353.992,347.242,349.042,123182,,,-0.1802,hfq
2024-09-06,347.818,352.102,346.522,347.512,75255,,,-0.4383,hfq
2024-09-09,346.000,352.390,343.048,346.072,134754,,,-0.4144,hfq
2024-09-10,346.702,346.702,338.692,338.890,154244,,,-2.0753,hfq
2024-09-11,341.122,350.806,338.890,348.610,211971,,,2.8682,hfq
2024-09-12,351.202,358.690,348.880,353.632,207100,,,1.4406,hfq
2024-09-13,352.786,352.786,343.102,343.102,172873,,,-2.9777,hfq
2024-09-18,343.282,350.176,342.724,348.322,113779,,,1.5214,hfq
2024-09-19,349.402,351.598,343.282,349.222,157694,,,0.2584,hfq
2024-09-20,349.222,351.022,343.426,346.882,155027,,,-0.6701,hfq
2024-09-23,348.790,353.776,346.702,351.562,157925,,,1.3492,hfq
2024-09-24,358.330,369.508,352.804,368.338,354517,,,4.7718,hfq
2024-09-25,386.104,386.122,377.464,378.382,420101,,,2.7268,hfq
2024-09-26,379.462,385.996,370.876,382.720,354893,,,1.1465,hfq
2024-09-27,394.402,429.826,393.808,421.060,701813,,,10.0178,hfq
2024-09-30,432.238,471.802,430.402,466.204,913611,,,10.7215,hfq
2024-10-08,545.602,555.502,494.590,551.002,1376465,,,18.1890,hfq
2024-10-09,516.622,516.784,471.802,471.802,1086916,,,-14.3738,hfq
2024-10-10,471.802,491.584,463.090,477.202,608338,,,1.1445,hfq
2024-10-11,472.702,472.702,441.076,448.024,476402,,,-6.1144,hfq
2024-10-14,462.784,467.842,453.694,462.298,467599,,,3.1860,hfq
2024-10-15,462.460,464.314,446.836,446.998,327653,,,-3.3096,hfq
2024-10-16,442.678,442.678,432.796,433.732,335860,,,-2.9678,hfq
2024-10-17,434.002,442.786,428.350,429.502,261647,,,-0.9753,hfq
2024-10-18,426.802,478.786,426.082,462.604,680138,,,7.7071,hfq
2024-10-21,479.002,485.356,465.952,468.850,584558,,,1.3502,hfq
2024-10-22,470.002,471.010,457.870,463.792,278760,,,-1.0788,hfq
2024-10-23,458.860,471.694,457.150,461.542,321541,,,-0.4851,hfq
2024-10-24,462.388,465.502,453.802,455.890,214658,,,-1.2246,hfq
2024-10-25,467.014,489.802,456.142,478.786,578986,,,5.0223,hfq
2024-10-28,473.836,478.300,468.202,474.034,276019,,,-0.9925,hfq
2024-10-29,474.034,476.680,465.034,466.006,269948,,,-1.6935,hfq
2024-10-30,462.802,466.942,452.902,459.256,271344,,,-1.4485,hfq
2024-10-31,457.384,463.702,452.002,455.566,255003,,,-0.8035,hfq
2024-11-01,456.556,462.478,454.126,455.962,259158,,,0.0869,hfq
2024-11-04,452.002,470.542,452.002,464.962,242472,,,1.9738,hfq
2024-11-05,463.846,485.878,461.236,483.304,484821,,,3.9448,hfq
2024-11-06,478.984,497.902,469.102,474.502,452393,,,-1.8212,hfq
2024-11-07,477.202,485.842,469.786,485.842,335710,,,2.3899,hfq
2024-11-08,498.190,502.402,475.582,476.302,402941,,,-1.9636,hfq
2024-11-11,467.032,496.984,464.620,494.302,491539,,,3.7791,hfq
2024-11-12,513.706,526.162,500.566,504.238,744030,,,2.0101,hfq
2024-11-13,497.002,531.562,492.988,520.402,557737,,,3.2056,hfq
2024-11-14,522.202,525.784,507.190,507.802,426572,,,-2.4212,hfq
2024-11-15,497.902,507.802,490.810,490.810,351983,,,-3.3462,hfq
2024-11-18,490.810,500.512,482.602,486.058,306500,,,-0.9682,hfq
2024-11-19,484.438,502.402,477.202,496.498,348129,,,2.1479,hfq
2024-11-20,493.312,498.622,489.082,494.392,227088,,,-0.4242,hfq
2024-11-21,490.990,501.376,487.390,495.670,205508,,,0.2585,hfq
2024-11-22,495.076,497.002,478.786,479.182,225551,,,-3.3264,hfq
2024-11-25,486.310,492.610,482.926,488.182,262391,,,1.8782,hfq
2024-11-26,483.628,487.948,472.990,474.898,273604,,,-2.7211,hfq
2024-11-27,471.262,482.422,465.448,480.622,274007,,,1.2053,hfq
2024-11-28,479.362,479.956,469.102,471.262,223556,,,-1.9475,hfq
2024-11-29,465.016,495.184,465.016,483.034,313663,,,2.4980,hfq
2024-12-02,478.354,487.192,475.780,484.744,206475,,,0.3540,hfq
2024-12-03,482.602,486.184,479.002,484.114,173108,,,-0.1300,hfq
2024-12-04,480.802,484.402,476.302,478.948,161814,,,-1.0671,hfq
2024-12-05,477.184,478.912,471.820,473.602,160216,,,-1.1162,hfq
2024-12-06,473.602,498.622,471.802,492.592,330381,,,4.0097,hfq
2024-12-09,493.384,498.190,488.740,495.292,224561,,,0.5481,hfq
2024-12-10,519.106,519.502,497.596,499.828,329044,,,0.9158,hfq
2024-12-11,505.930,515.902,492.538,493.582,194008,,,-1.2496,hfq
2024-12-12,491.422,508.486,490.162,505.480,223295,,,2.4105,hfq
2024-12-13,498.586,502.402,491.602,493.456,283164,,,-2.3787,hfq
2024-12-16,491.998,497.902,488.092,493.762,162575,,,0.0620,hfq
2024-12-17,493.402,513.202,492.574,505.642,282146,,,2.4060,hfq
2024-12-18,506.560,507.316,499.360,501.340,150853,,,-0.8508,hfq
2024-12-19,497.470,503.032,492.718,498.424,153460,,,-0.5816,hfq
2024-12-20,498.424,500.242,481.378,485.680,277401,,,-2.5569,hfq
2024-12-23,485.680,496.786,485.680,487.102,206394,,,0.2928,hfq
2024-12-24,486.202,495.652,486.202,495.616,196154,,,1.7479,hfq
2024-12-25,496.840,500.440,492.070,495.148,114138,,,-0.0944,hfq
2024-12-26,493.762,493.762,482.602,483.052,224438,,,-2.4429,hfq
2024-12-27,481.828,486.958,471.802,484.402,243519,,,0.2795,hfq
2024-12-30,482.386,494.302,481.720,492.646,226314,,,1.7019,hfq
2024-12-31,489.964,499.702,489.964,491.602,249340,,,-0.2119,hfq
2025-01-02,492.052,492.142,475.402,478.606,233546,,,-2.6436,hfq
2025-01-03,478.606,486.202,475.780,476.536,185238,,,-0.4325,hfq
2025-01-06,477.202,480.802,468.202,474.952,172891,,,-0.3324,hfq
2025-01-07,450.202,466.402,446.746,461.812,401036,,,-2.7666,hfq
2025-01-08,455.584,459.760,450.778,454.414,271858,,,-1.6020,hfq
2025-01-09,447.232,463.252,446.890,457.996,169329,,,0.7883,hfq
2025-01-10,456.502,462.712,453.226,455.602,147294,,,-0.5227,hfq
2025-01-13,451.102,462.802,448.402,457.240,180922,,,0.3595,hfq
2025-01-14,458.680,475.402,454.180,473.962,202467,,,3.6572,hfq
2025-01-15,473.962,474.322,462.208,464.368,150627,,,-2.0242,hfq
2025-01-16,466.402,471.082,459.670,462.676,161884,,,-0.3644,hfq
2025-01-17,460.102,469.102,459.346,465.502,111066,,,0.6108,hfq
2025-01-20,474.502,494.500,474.160,490.738,342835,,,5.4212,hfq
2025-01-21,496.102,496.570,486.598,488.326,138933,,,-0.4915,hfq
2025-01-22,484.402,489.622,470.380,477.202,250407,,,-2.2780,hfq
2025-01-23,480.532,485.302,475.366,476.302,165537,,,-0.1886,hfq
2025-01-24,475.826,491.612,475.826,484.124,224398,,,1.6422,hfq
2025-01-27,484.142,488.354,477.608,477.608,171026,,,-1.3459,hfq
2025-02-05,483.008,486.608,466.898,468.824,240481,,,-1.8392,hfq
2025-02-06,466.808,471.290,463.568,470.588,248961,,,0.3763,hfq
2025-02-07,477.608,487.616,467.924,485.312,344413,,,3.1289,hfq
2025-02-10,485.312,485.654,474.332,480.218,229267,,,-1.0496,hfq
2025-02-11,483.800,483.908,466.916,468.248,247920,,,-2.4926,hfq
2025-02-12,465.026,475.808,459.752,474.548,273822,,,1.3454,hfq
2025-02-13,475.790,490.190,474.188,485.510,375350,,,2.3100,hfq
2025-02-14,485.762,506.408,485.762,500.486,387800,,,3.0846,hfq
2025-02-17,509.828,509.828,493.844,499.928,241830,,,-0.1115,hfq
2025-02-18,506.336,510.908,499.208,502.394,238458,,,0.4933,hfq
2025-02-19,498.434,511.808,498.398,507.398,204455,,,0.9960,hfq
2025-02-20,506.048,506.048,495.608,501.368,195890,,,-1.1884,hfq
2025-02-21,498.452,513.392,497.012,510.998,309519,,,1.9207,hfq
2025-02-24,506.426,509.468,497.696,503.708,277538,,,-1.4266,hfq
2025-02-25,496.472,508.208,491.126,500.072,232094,,,-0.7218,hfq
2025-02-26,503.618,506.192,495.932,498.524,211731,,,-0.3096,hfq
2025-02-27,501.494,504.068,496.814,501.008,231851,,,0.4983,hfq
2025-02-28,500.288,503.366,489.506,490.748,222655,,,-2.0479,hfq
2025-03-03,492.008,517.748,487.040,507.362,387364,,,3.3854,hfq
2025-03-04,501.008,502.808,487.922,488.408,268365,,,-3.7358,hfq
2025-03-05,488.408,490.010,480.308,484.790,208696,,,-0.7408,hfq
2025-03-06,487.058,492.962,484.808,490.766,250273,,,1.2327,hfq
2025-03-07,488.336,489.452,480.632,484.376,222871,,,-1.3020,hfq
2025-03-10,486.248,486.356,471.506,476.708,286751,,,-1.5831,hfq
2025-03-11,470.534,474.908,470.498,474.368,171351,,,-0.4909,hfq
2025-03-12,475.826,476.924,467.690,473.108,199147,,,-0.2656,hfq
2025-03-13,472.208,481.568,470.408,470.804,168852,,,-0.4870,hfq
2025-03-14,470.408,491.738,469.778,486.608,351089,,,3.3568,hfq
2025-03-17,488.588,492.854,475.340,475.808,335155,,,-2.2194,hfq
2025-03-18,479.408,484.412,474.908,477.608,225767,,,0.3783,hfq
2025-03-19,477.968,495.554,477.212,492.710,369541,,,3.1620,hfq
2025-03-20,492.710,494.708,484.844,486.878,144247,,,-1.1837,hfq
2025-03-21,487.832,491.162,475.214,475.808,194320,,,-2.2737,hfq
2025-03-24,478.868,481.172,476.312,479.696,167302,,,0.8171,hfq
2025-03-25,478.886,483.008,474.530,482.072,127858,,,0.4953,hfq
2025-03-26,481.928,487.868,477.068,477.464,129046,,,-0.9559,hfq
2025-03-27,476.150,488.048,472.658,480.992,141792,,,0.7389,hfq
2025-03-28,476.006,480.992,475.448,477.248,112421,,,-0.7784,hfq
2025-03-31,475.916,479.372,468.824,470.300,194634,,,-1.4558,hfq
2025-04-01,470.300,473.108,462.452,463.316,194162,,,-1.4850,hfq
2025-04-02,465.368,469.436,460.616,463.460,137321,,,0.0311,hfq
2025-04-03,456.008,460.868,451.598,452.552,232816,,,-2.3536,hfq
2025-04-07,421.970,429.008,391.406,402.404,723646,,,-11.0812,hfq
2025-04-08,410.918,420.008,404.528,409.298,476594,,,1.7132,hfq
2025-04-09,398.264,408.758,393.170,395.510,536023,,,-3.3687,hfq
2025-04-10,412.808,416.030,402.836,407.372,372741,,,2.9992,hfq
2025-04-11,403.808,420.998,401.468,418.208,302991,,,2.6600,hfq
2025-04-14,423.878,425.408,415.832,418.208,206965,,,0.0000,hfq
2025-04-15,421.808,429.818,420.224,425.678,266865,,,1.7862,hfq
2025-04-16,423.608,423.932,413.798,419.810,216551,,,-1.3785,hfq
2025-04-17,416.408,424.202,415.004,421.808,157377,,,0.4759,hfq
2025-04-18,420.386,422.708,417.596,420.836,115128,,,-0.2304,hfq
2025-04-21,420.836,438.008,418.532,431.456,220082,,,2.5235,hfq
2025-04-22,437.173,439.261,432.133,438.415,169354,,,1.6129,hfq
2025-04-23,446.173,452.923,442.573,443.203,191980,,,1.0921,hfq
2025-04-24,445.273,452.761,441.223,449.539,181554,,,1.4296,hfq
2025-04-25,450.133,451.429,446.335,449.053,127620,,,-0.1081,hfq
2025-04-28,452.023,452.041,442.933,445.903,143124,,,-0.7015,hfq
2025-04-29,444.373,445.813,438.469,440.827,167424,,,-1.1384,hfq
2025-04-30,442.663,445.057,439.873,439.873,156328,,,-0.2164,hfq
2025-05-06,444.211,448.513,439.333,440.107,196877,,,0.0532,hfq
2025-05-07,448.783,456.757,448.117,452.671,312810,,,2.8548,hfq
2025-05-08,454.255,470.797,451.537,463.399,312856,,,2.3699,hfq
2025-05-09,466.099,472.759,463.543,470.059,236933,,,1.4372,hfq
2025-05-12,482.173,487.555,478.573,485.773,302315,,,3.3430,hfq
2025-05-13,494.773,494.773,482.209,488.959,204806,,,0.6559,hfq
2025-05-14,488.959,499.201,483.991,495.853,231463,,,1.4099,hfq
2025-05-15,495.889,496.339,490.453,491.497,141119,,,-0.8785,hfq
2025-05-16,489.625,494.287,487.087,490.021,189001,,,-0.3003,hfq
2025-05-19,492.073,492.145,486.259,491.173,169740,,,0.2351,hfq
2025-05-20,499.165,501.073,482.533,496.573,346424,,,1.0994,hfq
2025-05-21,503.755,527.155,501.613,516.517,565245,,,4.0163,hfq
2025-05-22,523.213,523.465,506.059,509.839,276081,,,-1.2929,hfq
2025-05-23,510.991,516.373,503.683,503.755,230004,,,-1.1933,hfq
2025-05-26,500.173,502.657,478.393,483.793,330122,,,-3.9626,hfq
2025-05-27,483.775,486.151,477.475,480.355,176680,,,-0.7106,hfq
2025-05-28,483.271,488.059,479.149,479.653,154563,,,-0.1461,hfq
2025-05-29,478.573,480.337,471.373,476.503,217883,,,-0.6567,hfq
2025-05-30,474.793,477.943,468.619,473.173,204337,,,-0.6988,hfq
2025-06-03,476.773,480.193,473.965,475.243,158412,,,0.4375,hfq
2025-06-04,477.673,479.653,474.433,475.063,130402,,,-0.0379,hfq
2025-06-05,475.621,477.565,470.059,475.873,135259,,,0.1705,hfq
2025-06-06,476.773,479.167,470.473,471.157,165515,,,-0.9910,hfq
2025-06-09,471.157,474.757,465.073,465.217,185498,,,-1.2607,hfq
2025-06-10,464.173,467.521,459.169,460.825,139325,,,-0.9441,hfq
2025-06-11,466.135,477.565,463.813,474.073,279934,,,2.8748,hfq
2025-06-12,476.773,477.673,470.959,472.831,175696,,,-0.2620,hfq
2025-06-13,469.753,473.911,466.639,469.933,174032,,,-0.6129,hfq
2025-06-16,469.573,470.833,465.613,467.161,122176,,,-0.5899,hfq
2025-06-17,467.701,470.347,464.569,466.441,97650,,,-0.1541,hfq
2025-06-18,467.737,472.417,465.199,465.199,104606,,,-0.2663,hfq
2025-06-19,464.713,466.261,458.053,458.953,147985,,,-1.3427,hfq
2025-06-20,457.081,460.789,454.273,455.641,136883,,,-0.7216,hfq
2025-06-23,453.913,456.253,451.627,454.471,127099,,,-0.2568,hfq
2025-06-24,456.217,469.717,456.217,465.829,235011,,,2.4992,hfq
2025-06-25,466.873,483.757,465.973,481.993,315377,,,3.4699,hfq
2025-06-26,483.757,484.495,477.421,478.195,199145,,,-0.7880,hfq
2025-06-27,484.873,486.583,473.371,474.955,236201,,,-0.6775,hfq
2025-06-30,475.873,479.473,472.633,477.169,176234,,,0.4661,hfq
2025-07-01,477.673,478.105,472.957,475.873,95323,,,-0.2716,hfq
2025-07-02,475.873,476.791,471.715,473.983,115714,,,-0.3972,hfq
2025-07-03,475.819,496.951,474.235,495.835,338037,,,4.6103,hfq
2025-07-04,500.191,509.137,492.937,501.613,272060,,,1.1653,hfq
2025-07-07,501.613,507.157,489.157,492.775,174665,,,-1.7619,hfq
2025-07-08,492.433,501.793,490.849,497.131,155923,,,0.8840,hfq
2025-07-09,495.133,517.201,494.953,510.613,293884,,,2.7120,hfq
2025-07-10,518.155,518.155,506.473,512.773,242393,,,0.4230,hfq
2025-07-11,511.873,516.373,509.353,511.873,213282,,,-0.1755,hfq
2025-07-14,510.973,511.549,502.153,506.473,149789,,,-1.0549,hfq
2025-07-15,506.473,513.673,501.973,505.123,169526,,,-0.2665,hfq
2025-07-16,506.473,506.833,496.645,499.093,156265,,,-1.1938,hfq
2025-07-17,500.839,505.123,499.021,501.073,145110,,,0.3967,hfq
2025-07-18,506.833,513.583,501.613,511.333,221866,,,2.0476,hfq
2025-07-21,521.773,530.773,515.563,526.561,324863,,,2.9781,hfq
2025-07-22,527.173,545.173,525.697,539.161,333090,,,2.3929,hfq
2025-07-23,541.861,546.523,539.035,539.809,200190,,,0.1202,hfq
2025-07-24,543.373,543.733,532.411,536.533,223891,,,-0.6069,hfq
2025-07-25,536.533,536.533,530.323,532.213,134326,,,-0.8052,hfq
2025-07-28,532.609,543.535,529.513,538.513,238973,,,1.1837,hfq
2025-07-29,539.233,548.773,539.197,548.449,233946,,,1.8451,hfq
2025-07-30,549.133,549.133,520.621,521.935,415943,,,-4.8344,hfq
2025-07-31,528.613,530.737,499.489,499.489,447104,,,-4.3005,hfq
2025-08-01,499.813,503.053,496.123,496.699,252500,,,-0.5586,hfq
2025-08-04,496.573,505.573,494.233,502.837,237682,,,1.2358,hfq
2025-08-05,504.673,507.373,497.473,501.433,219760,,,-0.2792,hfq
2025-08-06,500.569,503.593,496.987,500.173,153233,,,-0.2513,hfq
2025-08-07,500.173,502.855,495.133,496.663,165481,,,-0.7018,hfq
2025-08-08,498.373,502.261,494.791,497.437,174282,,,0.1558,hfq
2025-08-11,497.437,502.243,495.673,497.761,213309,,,0.0651,hfq
2025-08-12,497.473,500.497,487.069,497.023,222407,,,-0.1483,hfq
2025-08-13,499.759,518.173,499.291,515.653,394668,,,3.7483,hfq
2025-08-14,521.575,530.773,517.237,526.975,371708,,,2.1957,hfq
2025-08-15,524.257,531.313,520.153,528.379,241092,,,0.2664,hfq
2025-08-18,528.379,537.037,523.609,532.573,285288,,,0.7937,hfq
2025-08-19,532.573,534.373,520.369,523.213,244286,,,-1.7575,hfq
2025-08-20,524.476,528.958,514.666,527.536,233535,,,0.8262,hfq
2025-08-21,527.662,532.216,525.376,527.176,182698,,,-0.0682,hfq
2025-08-22,527.050,545.806,526.456,541.900,264219,,,2.7930,hfq
2025-08-25,546.976,553.960,541.180,547.480,312297,,,1.0297,hfq
2025-08-26,541.612,548.758,539.020,546.076,230245,,,-0.2564,hfq
2025-08-27,545.176,546.148,525.718,525.916,382584,,,-3.6918,hfq
2025-08-28,521.884,527.158,515.872,524.314,304664,,,-0.3046,hfq
2025-08-29,525.934,594.964,525.286,576.100,780139,,,9.8769,hfq
2025-09-01,576.676,577.396,563.716,572.176,429964,,,-0.6811,hfq
2025-09-02,572.230,584.956,563.230,570.142,371169,,,-0.3555,hfq
2025-09-03,571.276,585.946,570.430,581.176,508975,,,1.9353,hfq
2025-09-04,589.222,606.970,566.110,572.230,657548,,,-1.5393,hfq
2025-09-05,564.796,610.174,564.652,610.174,708198,,,6.6309,hfq
2025-09-08,626.176,632.746,607.276,610.642,588346,,,0.0767,hfq
2025-09-09,606.016,627.220,595.864,600.976,434024,,,-1.5829,hfq
2025-09-10,597.358,604.576,588.376,593.848,367527,,,-1.1861,hfq
2025-09-11,592.966,606.340,581.248,605.566,380345,,,1.9732,hfq
2025-09-12,611.596,618.796,604.936,609.976,338713,,,0.7282,hfq
2025-09-15,647.794,693.712,644.212,663.436,718410,,,8.7643,hfq
2025-09-16,665.974,671.176,652.276,661.132,377445,,,-0.3473,hfq
2025-09-17,667.216,712.360,662.176,703.756,543771,,,6.4471,hfq
2025-09-18,699.238,708.976,674.416,685.378,518897,,,-2.6114,hfq
2025-09-19,681.976,701.254,676.072,688.258,339149,,,0.4202,hfq
2025-09-22,691.876,695.872,677.980,691.066,285278,,,0.4080,hfq
2025-09-23,687.376,703.504,672.976,687.646,348493,,,-0.4949,hfq
2025-09-24,692.776,708.976,683.884,708.850,383145,,,3.0836,hfq
2025-09-25,702.856,749.638,702.622,732.106,466393,,,3.2808,hfq
2025-09-26,730.612,744.958,708.976,709.696,362633,,,-3.0610,hfq
2025-09-29,720.388,744.778,719.794,740.242,389647,,,4.3041,hfq
2025-09-30,737.776,760.960,737.776,748.576,330313,,,1.1258,hfq
2025-10-09,744.940,788.824,744.508,762.778,412088,,,1.8972,hfq
2025-10-10,746.776,751.816,707.194,712.486,533118,,,-6.5933,hfq
2025-10-13,678.124,717.256,678.124,699.076,471510,,,-1.8821,hfq
2025-10-14,710.776,719.416,665.362,669.376,496399,,,-4.2485,hfq
2025-10-15,670.276,690.454,663.544,689.716,369934,,,3.0387,hfq
2025-10-16,686.476,697.996,681.076,688.276,276295,,,-0.2088,hfq
2025-10-17,686.476,699.976,667.558,669.628,319058,,,-2.7094,hfq
2025-10-20,681.976,688.978,672.130,684.676,284324,,,2.2472,hfq
2025-10-21,696.376,711.406,678.556,701.596,446329,,,2.4712,hfq
2025-10-22,701.596,706.960,687.736,696.124,219459,,,-0.7799,hfq
2025-10-23,697.816,706.816,689.176,702.586,239981,,,0.9283,hfq
2025-10-24,708.922,723.016,705.376,719.362,320416,,,2.3878,hfq
2025-10-27,732.376,732.376,702.802,720.100,404510,,,0.1026,hfq
2025-10-28,720.064,733.816,714.412,720.640,287083,,,0.0750,hfq
2025-10-29,719.776,745.048,717.436,744.976,344740,,,3.3770,hfq
2025-10-30,755.740,761.320,739.270,741.898,343061,,,-0.4132,hfq
2025-10-31,741.376,757.216,723.736,724.762,340484,,,-2.3098,hfq
2025-11-03,721.576,730.414,701.362,721.324,263682,,,-0.4744,hfq
2025-11-04,714.484,720.676,698.176,707.086,239391,,,-1.9739,hfq
2025-11-05,696.106,732.376,694.576,724.636,311425,,,2.4820,hfq
2025-11-06,726.976,744.058,724.636,735.400,234475,,,1.4854,hfq
2025-11-07,733.276,740.494,724.960,736.642,165549,,,0.1689,hfq
2025-11-10,742.096,745.534,714.952,717.094,238960,,,-2.6537,hfq
2025-11-11,719.776,735.562,717.076,719.056,193032,,,0.2736,hfq
2025-11-12,728.380,732.358,716.140,720.460,212998,,,0.1953,hfq
2025-11-13,718.066,783.316,718.066,773.056,562654,,,7.3003,hfq
2025-11-14,757.576,771.256,751.960,752.392,241721,,,-2.6730,hfq
2025-11-17,723.376,731.296,713.476,728.380,476855,,,-3.1914,hfq
2025-11-18,725.176,742.510,710.776,717.976,395658,,,-1.4284,hfq
2025-11-19,718.876,742.168,717.904,728.956,292667,,,1.5293,hfq
2025-11-20,735.796,735.976,703.594,707.878,336743,,,-2.8915,hfq
2025-11-21,699.976,714.376,690.976,690.976,316313,,,-2.3877,hfq
2025-11-24,697.816,699.796,685.900,691.966,228458,,,0.1433,hfq
2025-11-25,699.976,708.364,692.038,695.224,206332,,,0.4708,hfq
2025-11-26,700.876,700.876,691.102,696.052,189107,,,0.1191,hfq
2025-11-27,696.376,706.960,690.976,693.136,222003,,,-0.4189,hfq
2025-11-28,691.876,700.840,684.064,696.736,203403,,,0.5194,hfq
2025-12-01,699.544,714.322,698.230,714.322,267510,,,2.5241,hfq
2025-12-02,715.276,717.940,704.296,709.120,163485,,,-0.7282,hfq
2025-12-03,709.138,715.042,699.976,701.920,139911,,,-1.0153,hfq
2025-12-04,707.518,715.456,700.246,715.006,191658,,,1.8643,hfq
2025-12-05,721.936,725.734,712.576,725.338,232916,,,1.4450,hfq
2025-12-08,727.750,736.660,718.876,731.476,216598,,,0.8462,hfq
2025-12-09,729.676,731.044,719.776,722.638,186918,,,-1.2082,hfq
2025-12-10,718.066,723.376,704.044,713.260,194334,,,-1.2977,hfq
2025-12-11,717.796,742.924,715.060,725.158,282154,,,1.6681,hfq
2025-12-12,730.576,733.078,718.876,730.216,240020,,,0.6975,hfq
2025-12-15,729.676,735.922,718.354,718.876,182750,,,-1.5530,hfq
2025-12-16,719.776,725.320,705.430,706.114,191217,,,-1.7753,hfq
2025-12-17,702.586,717.076,700.084,715.132,222574,,,1.2771,hfq
2025-12-18,708.202,710.686,690.994,694.576,296393,,,-2.8744,hfq
2025-12-19,698.320,704.800,692.416,698.176,175599,,,0.5183,hfq
2025-12-22,701.776,705.358,687.556,694.288,254935,,,-0.5569,hfq
2025-12-23,694.576,709.876,693.856,705.556,236041,,,1.6230,hfq
2025-12-24,705.520,705.520,694.576,701.056,210884,,,-0.6378,hfq
2025-12-25,698.554,698.554,689.392,696.394,203431,,,-0.6650,hfq
2025-12-26,696.304,705.376,691.156,698.950,257237,,,0.3670,hfq
2025-12-29,698.176,698.950,687.376,689.734,241241,,,-1.3185,hfq
2025-12-30,685.756,692.776,684.784,689.536,190308,,,-0.0287,hfq
2025-12-31,690.598,694.576,685.846,686.044,160266,,,-0.5064,hfq
2026-01-05,690.976,705.376,687.718,704.476,336881,,,2.6867,hfq
2026-01-06,708.976,709.876,689.248,698.158,341477,,,-0.8968,hfq
2026-01-07,696.286,700.840,688.258,692.794,262285,,,-0.7683,hfq
2026-01-08,687.376,696.970,685.576,689.554,269590,,,-0.4677,hfq
2026-01-09,689.482,704.710,685.594,689.590,314772,,,0.0052,hfq
2026-01-12,687.376,687.376,657.964,676.000,488307,,,-1.9707,hfq
2026-01-13,684.226,686.962,667.576,671.176,296709,,,-0.7136,hfq
2026-01-14,673.030,675.172,658.054,662.140,380834,,,-1.3463,hfq
2026-01-15,659.926,669.880,658.216,661.726,323709,,,-0.0625,hfq
2026-01-16,669.358,676.072,657.694,659.152,319818,,,-0.3890,hfq
2026-01-19,657.622,664.588,646.570,652.996,338643,,,-0.9339,hfq
2026-01-20,654.976,667.414,651.196,654.256,354406,,,0.1930,hfq
2026-01-21,658.468,668.818,653.176,654.634,393936,,,0.0578,hfq
2026-01-22,656.830,661.690,636.076,647.416,459948,,,-1.1026,hfq
2026-01-23,651.394,654.976,642.826,649.576,339761,,,0.3336,hfq
2026-01-26,658.612,659.566,639.154,640.666,332914,,,-1.3717,hfq
2026-01-27,645.778,645.796,626.212,635.896,322949,,,-0.7445,hfq
2026-01-28,633.160,644.176,624.394,636.958,463082,,,0.1670,hfq
2026-01-29,637.876,646.264,633.664,640.378,338444,,,0.5369,hfq
2026-01-30,652.096,661.744,644.356,654.976,486501,,,2.2796,hfq
2026-02-02,667.576,669.358,644.410,653.140,391917,,,-0.2803,hfq
2026-02-03,653.176,660.016,643.276,651.214,265163,,,-0.2949,hfq
2026-02-04,656.704,684.946,650.494,682.030,485317,,,4.7321,hfq
2026-02-05,683.362,685.126,665.812,678.268,284272,,,-0.5516,hfq
2026-02-06,671.752,696.160,669.394,689.374,393726,,,1.6374,hfq
2026-02-09,691.876,695.476,677.656,688.852,274486,,,-0.0757,hfq
2026-02-10,682.282,692.416,680.176,681.922,185635,,,-1.0060,hfq
2026-02-11,685.396,692.758,681.076,687.376,196535,,,0.7998,hfq
2026-02-12,690.976,705.160,687.430,701.542,277546,,,2.0609,hfq
2026-02-13,701.074,703.576,681.994,682.588,223145,,,-2.7018,hfq
2026-02-24,695.728,697.276,676.486,676.486,226951,,,-0.8940,hfq
2026-02-25,679.618,684.856,673.156,676.900,187166,,,0.0612,hfq
2026-02-26,665.866,669.736,643.276,647.776,435414,,,-4.3026,hfq
2026-02-27,649.792,653.068,640.594,640.594,254466,,,-1.1087,hfq
2026-03-02,638.776,645.796,631.000,637.372,283513,,,-0.5030,hfq
2026-03-03,648.370,662.806,644.230,644.302,400075,,,1.0873,hfq
2026-03-04,638.956,640.612,626.536,634.996,250804,,,-1.4444,hfq
2026-03-05,645.220,661.906,641.764,655.426,310061,,,3.2173,hfq
2026-03-06,653.176,667.612,645.364,663.562,209631,,,1.2413,hfq
2026-03-09,652.888,672.706,646.084,668.476,317976,,,0.7405,hfq
2026-03-10,699.976,708.562,684.676,702.316,507417,,,5.0623,hfq
2026-03-11,708.220,751.366,707.140,739.216,575987,,,5.2540,hfq
2026-03-12,744.976,746.596,731.836,736.876,291504,,,-0.3166,hfq
2026-03-13,733.960,752.158,733.816,739.576,355826,,,0.3664,hfq
2026-03-16,748.162,768.682,741.376,760.096,373521,,,2.7746,hfq
2026-03-17,773.380,780.976,753.184,753.976,359807,,,-0.8052,hfq
2026-03-18,754.624,755.776,739.162,748.612,265300,,,-0.7114,hfq
2026-03-19,748.468,770.176,744.976,745.876,292866,,,-0.3655,hfq
2026-03-20,754.120,784.720,745.210,768.376,537297,,,3.0166,hfq
2026-03-23,776.170,776.224,742.726,748.558,446141,,,-2.5792,hfq
2026-03-24,753.976,766.396,723.376,739.558,364105,,,-1.2023,hfq
2026-03-25,732.376,745.876,723.016,741.034,267528,,,0.1996,hfq
2026-03-26,733.888,769.672,730.576,749.476,267637,,,1.1392,hfq
2026-03-27,755.992,777.970,748.090,774.100,302580,,,3.2855,hfq
2026-03-30,768.376,778.906,755.056,768.376,253484,,,-0.7394,hfq
2026-03-31,768.376,775.486,747.820,748.036,249256,,,-2.6471,hfq
2026-04-01,762.490,762.742,737.776,755.254,231701,,,0.9649,hfq
2026-04-02,759.196,766.558,739.936,747.082,223056,,,-1.0820,hfq
2026-04-03,744.976,746.416,718.210,720.604,247515,,,-3.5442,hfq
2026-04-07,726.940,732.736,711.658,717.238,172576,,,-0.4671,hfq
2026-04-08,738.676,740.746,723.772,729.316,364184,,,1.6840,hfq
2026-04-09,734.356,734.680,720.964,726.958,259552,,,-0.3233,hfq
2026-04-10,734.176,779.176,731.800,773.776,507887,,,6.4403,hfq
2026-04-13,777.376,804.970,773.776,793.810,412399,,,2.5891,hfq
2026-04-14,783.676,803.458,770.896,800.398,442208,,,0.8299,hfq
2026-04-15,814.960,816.004,793.702,800.776,373536,,,0.0472,hfq
2026-04-16,818.776,852.976,804.412,842.140,635062,,,5.1655,hfq
2026-04-17,845.704,848.728,818.794,824.536,365358,,,-2.0904,hfq
2026-04-20,804.376,813.196,791.794,803.476,529278,,,-2.5542,hfq
2026-04-21,807.976,835.210,790.156,830.656,577746,,,3.3828,hfq
2026-04-22,831.226,843.754,817.042,822.838,460254,,,-0.9412,hfq
2026-04-23,835.708,835.888,820.408,827.428,354310,,,0.5578,hfq
2026-04-24,833.008,844.618,825.808,838.228,395425,,,1.3052,hfq
2026-04-27,837.742,845.176,818.248,820.192,330613,,,-2.1517,hfq
2026-04-28,804.550,817.348,798.808,807.214,350121,,,-1.5823,hfq
2026-04-29,815.008,838.678,807.808,838.408,376336,,,3.8644,hfq
2026-04-30,841.108,846.508,822.208,822.208,298121,,,-1.9322,hfq
2026-05-06,860.908,875.992,844.942,865.408,473727,,,5.2541,hfq
2026-05-07,881.158,881.158,842.008,850.360,386213,,,-1.7388,hfq
2026-05-08,845.608,857.308,822.568,824.008,366049,,,-3.0989,hfq
2026-05-11,829.408,848.326,820.588,840.406,341901,,,1.9900,hfq
2026-05-12,841.270,841.738,810.130,813.658,341515,,,-3.1827,hfq
2026-05-13,813.226,823.252,806.152,818.698,316858,,,0.6194,hfq
2026-05-14,846.292,848.218,806.008,806.008,347046,,,-1.5500,hfq
2026-05-15,807.952,814.108,795.208,799.888,297049,,,-0.7593,hfq
2026-05-18,794.452,798.628,782.608,788.422,284983,,,-1.4335,hfq
2026-05-19,785.956,793.228,769.648,789.664,260877,,,0.1575,hfq
2026-05-20,788.008,798.790,780.196,783.958,281190,,,-0.7226,hfq
2026-05-21,793.174,807.124,777.964,778.342,338672,,,-0.7164,hfq
2026-05-22,783.868,787.108,775.408,777.496,277884,,,-0.1087,hfq
2026-05-25,777.712,783.508,757.408,762.592,381977,,,-1.9169,hfq
2026-05-26,768.550,773.194,758.056,761.908,350627,,,-0.0897,hfq
2026-05-27,782.464,809.428,777.730,784.048,533729,,,2.9059,hfq
2026-05-28,793.408,794.452,768.568,785.632,327771,,,0.2020,hfq
2026-05-29,798.808,812.956,787.198,800.608,498119,,,1.9062,hfq
2026-06-01,815.188,826.240,790.132,793.588,386005,,,-0.8768,hfq
2026-06-02,802.408,825.358,798.808,818.410,387982,,,3.1278,hfq
2026-06-03,824.008,824.008,793.588,804.964,385526,,,-1.6429,hfq
2026-06-04,804.964,805.828,770.332,772.168,431155,,,-4.0742,hfq
2026-06-05,771.610,780.178,762.268,762.808,287389,,,-1.2122,hfq
2026-06-08,749.848,762.232,740.668,744.844,286526,,,-2.3550,hfq
2026-06-09,757.390,760.774,735.808,756.508,277351,,,1.5660,hfq
2026-06-10,748.912,755.608,730.624,736.708,244357,,,-2.6173,hfq
2026-06-11,733.972,741.820,721.462,725.368,268654,,,-1.5393,hfq
2026-06-12,739.390,756.580,727.348,748.138,414208,,,3.1391,hfq
2026-06-15,761.008,771.628,745.546,753.988,340749,,,0.7819,hfq
2026-06-16,773.392,773.644,754.708,763.762,348393,,,1.2963,hfq
2026-06-17,757.408,763.348,749.452,755.608,250093,,,-1.0676,hfq
2026-06-18,758.110,775.210,739.264,742.198,385481,,,-1.7747,hfq
2026-06-22,744.808,781.402,732.208,773.572,594648,,,4.2272,hfq
2026-06-23,777.208,782.680,740.722,743.926,373741,,,-3.8324,hfq
2026-06-24,743.008,756.094,733.396,749.056,344271,,,0.6896,hfq
2026-06-25,757.192,761.998,744.052,760.828,324046,,,1.5716,hfq
2026-06-26,759.208,775.066,723.208,723.208,465253,,,-4.9446,hfq
2026-06-29,733.936,750.208,718.168,743.656,425259,,,2.8274,hfq
2026-06-30,743.890,761.656,739.408,744.826,270383,,,0.1573,hfq
2026-07-01,739.408,741.208,703.408,728.320,440886,,,-2.2161,hfq
2026-07-02,735.232,741.190,722.110,725.638,340754,,,-0.3682,hfq
2026-07-03,724.936,735.718,719.608,721.408,258849,,,-0.5829,hfq
2026-07-06,720.022,724.810,710.698,711.526,216480,,,-1.3698,hfq
2026-07-07,714.208,719.392,704.776,707.890,208486,,,-0.5110,hfq
2026-07-08,710.608,715.432,687.208,687.208,270519,,,-2.9216,hfq
2026-07-09,687.208,715.396,685.534,713.308,377942,,,3.7980,hfq
2026-07-10,712.408,712.768,660.496,665.176,556014,,,-6.7477,hfq
2026-07-13,665.608,689.008,663.808,683.716,462907,,,2.7872,hfq
2026-07-14,672.088,693.742,671.890,692.626,436316,,,1.3032,hfq
2026-07-15,699.826,721.390,690.952,708.808,358493,,,2.3363,hfq
2026-07-16,702.472,712.444,693.508,696.568,251869,,,-1.7268,hfq
2026-07-17,707.548,712.840,685.408,685.408,512453,,,-1.6021,hfq
2026-07-20,674.608,717.088,674.248,714.982,447908,,,4.3148,hfq
2026-07-21,708.214,741.208,707.908,725.368,440360,,,1.4526,hfq
2026-07-22,726.538,730.408,703.174,707.476,311938,,,-2.4666,hfq
2026-07-23,708.808,732.208,696.226,732.190,359409,,,3.4933,hfq
2026-07-24,727.132,740.956,726.178,726.826,254542,,,-0.7326,hfq
2026-07-27,753.826,764.248,746.608,757.408,473272,,,4.2076,hfq
2026-07-28,750.676,757.390,740.956,740.956,371911,,,-2.1721,hfq
2026-07-29,739.408,760.756,723.892,751.720,404359,,,1.4527,hfq
2026-07-30,739.408,764.248,739.048,760.792,452390,,,1.2068,hfq
2026-07-31,749.398,757.768,737.608,748.948,394149,,,-1.5568,hfq
2026-08-03,744.088,749.992,738.688,747.328,215223,,,-0.2163,hfq
2026-08-04,748.408,753.556,741.604,748.588,261654,,,0.1686,hfq
2026-08-05,757.444,771.628,753.808,766.768,300112,,,2.4286,hfq
2026-08-06,775.408,775.408,728.896,735.808,453201,,,-4.0377,hfq
2026-08-07,735.790,737.392,728.644,735.934,255193,,,0.0171,hfq
2026-08-10,734.030,750.248,732.266,748.898,231609,,,1.7616,hfq
2026-08-11,750.932,751.436,741.068,742.652,162992,,,-0.8340,hfq
2026-08-12,739.106,752.570,737.468,749.006,202364,,,0.8556,hfq
2026-08-13,747.404,758.834,743.804,753.272,244293,,,0.5696,hfq
2026-08-14,750.932,761.714,748.556,749.006,159302,,,-0.5663,hfq
2026-08-17,749.006,760.832,742.832,759.896,203998,,,1.4539,hfq
2026-08-18,758.132,761.282,750.032,753.200,169332,,,-0.8812,hfq
2026-08-19,749.132,754.514,738.926,740.132,211572,,,-1.7350,hfq
2026-08-20,744.650,745.694,731.132,732.932,179096,,,-0.9728,hfq
2026-08-21,734.732,756.026,729.422,744.002,204496,,,1.5104,hfq
2026-08-24,744.002,749.852,735.956,738.134,139730,,,-0.7887,hfq
2026-08-25,743.732,744.002,716.840,718.046,260646,,,-2.7215,hfq
2026-08-26,723.752,733.832,712.610,722.132,207162,,,0.5690,hfq
2026-08-27,717.632,721.520,706.022,711.332,233738,,,-1.4956,hfq
2026-08-28,702.332,708.182,695.366,703.232,263770,,,-1.1387,hfq
2026-08-31,699.812,701.126,683.072,694.322,262424,,,-1.2670,hfq
2026-09-01,692.414,694.340,684.386,684.512,198087,,,-1.4129,hfq
2026-09-02,680.696,681.632,665.522,666.854,278067,,,-2.5796,hfq
2026-09-03,669.914,678.572,666.512,669.032,262864,,,0.3266,hfq
2026-09-04,672.452,678.320,669.140,671.732,227381,,,0.4036,hfq
2026-09-07,671.822,673.172,661.832,666.692,246788,,,-0.7503,hfq
2026-09-08,662.138,663.812,626.732,643.814,519551,,,-3.4316,hfq
2026-09-09,638.396,647.720,628.712,646.244,390240,,,0.3774,hfq
2026-09-10,644.552,653.372,634.832,648.440,291184,,,0.3398,hfq
2026-09-11,639.440,644.120,630.872,634.850,276600,,,-2.0958,hfq
2026-09-14,642.050,655.190,641.132,646.730,261849,,,1.8713,hfq
2026-09-15,642.932,644.246,608.732,609.380,480483,,,-5.7752,hfq
2026-09-16,603.350,606.932,578.132,589.796,787163,,,-3.2138,hfq
2026-09-17,590.732,595.520,584.792,587.672,344896,,,-0.3601,hfq
2026-09-18,597.518,597.932,580.418,583.442,380713,,,-0.7198,hfq
