trade_date,open,high,low,close,volume,amount,turnover,pct_change,adjust
1998-06-16,15.000,15.000,14.000,14.690,268003,,,,hfq
1998-06-17,15.200,16.160,14.830,16.160,142961,,,10.0068,hfq
1998-06-18,16.200,16.500,15.880,15.950,101758,,,-1.2995,hfq
1998-06-19,15.970,17.110,15.970,16.830,56428,,,5.5172,hfq
1998-06-22,16.930,17.490,16.520,17.290,50535,,,2.7332,hfq
1998-06-23,17.150,17.390,16.650,16.830,32304,,,-2.6605,hfq
1998-06-24,16.800,17.260,16.710,16.850,23140,,,0.1188,hfq
1998-06-25,16.950,17.800,16.810,17.530,30382,,,4.0356,hfq
1998-06-26,17.500,17.880,17.200,17.330,16887,,,-1.1409,hfq
1998-06-29,17.200,17.230,16.400,16.500,22164,,,-4.7894,hfq
1998-06-30,16.510,16.860,16.000,16.500,9335,,,0.0000,hfq
1998-07-01,16.700,16.800,15.800,15.890,16042,,,-3.6970,hfq
1998-07-02,15.910,16.450,15.800,16.360,9345,,,2.9578,hfq
1998-07-03,16.500,16.850,16.100,16.400,10259,,,0.2445,hfq
1998-07-06,16.690,16.750,15.920,16.020,7702,,,-2.3171,hfq
1998-07-07,16.580,16.580,15.500,16.190,3979,,,1.0612,hfq
1998-07-08,16.230,16.370,16.020,16.100,4170,,,-0.5559,hfq
1998-07-09,16.000,16.390,15.950,16.100,3384,,,0.0000,hfq
1998-07-10,16.100,16.850,16.100,16.650,13064,,,3.4161,hfq
1998-07-13,16.630,17.050,16.400,16.820,12815,,,1.0210,hfq
1998-07-14,17.100,17.100,16.300,16.400,7352,,,-2.4970,hfq
1998-07-15,16.300,16.500,15.900,16.250,8052,,,-0.9146,hfq
1998-07-16,16.150,16.560,16.150,16.400,6580,,,0.9231,hfq
1998-07-17,16.480,16.580,16.290,16.350,11101,,,-0.3049,hfq
1998-07-20,16.000,16.120,15.710,16.060,7952,,,-1.7737,hfq
1998-07-21,16.010,16.080,15.760,15.800,11436,,,-1.6189,hfq
1998-07-22,15.800,15.950,15.330,15.500,27800,,,-1.8987,hfq
1998-07-23,15.450,15.590,15.400,15.450,6991,,,-0.3226,hfq
1998-07-24,15.450,15.680,15.230,15.580,11641,,,0.8414,hfq
1998-07-27,15.520,15.580,15.000,15.250,9306,,,-2.1181,hfq
1998-07-28,15.250,15.830,15.250,15.700,8837,,,2.9508,hfq
1998-07-29,15.750,15.750,15.480,15.530,3790,,,-1.0828,hfq
1998-07-30,15.400,15.780,15.300,15.680,6011,,,0.9659,hfq
1998-07-31,15.680,15.720,15.500,15.680,2176,,,0.0000,hfq
1998-08-03,15.700,15.750,15.250,15.300,4092,,,-2.4235,hfq
1998-08-04,15.250,15.700,15.250,15.700,7087,,,2.6144,hfq
1998-08-05,15.660,16.190,15.660,16.030,12689,,,2.1019,hfq
1998-08-06,16.000,16.100,15.000,16.000,8564,,,-0.1871,hfq
1998-08-07,15.980,16.150,15.610,16.050,9647,,,0.3125,hfq
1998-08-10,15.850,16.200,15.750,15.990,7531,,,-0.3738,hfq
1998-08-11,16.050,16.100,15.600,15.600,3898,,,-2.4390,hfq
1998-08-12,15.400,16.000,14.800,15.760,11505,,,1.0256,hfq
1998-08-13,15.780,16.000,15.300,15.850,5424,,,0.5711,hfq
1998-08-14,15.500,15.980,15.420,15.550,4668,,,-1.8927,hfq
1998-08-17,15.290,15.300,14.300,14.380,5134,,,-7.5241,hfq
1998-08-18,14.100,14.800,13.950,14.510,4446,,,0.9040,hfq
1998-08-19,14.500,15.250,14.230,15.100,4588,,,4.0662,hfq
1998-08-20,14.810,15.420,14.810,15.200,3409,,,0.6623,hfq
1998-08-21,15.180,15.300,14.700,15.260,5728,,,0.3947,hfq
1998-08-24,15.250,15.650,14.980,15.560,8029,,,1.9659,hfq
1998-08-25,15.460,15.760,15.250,15.750,11269,,,1.2211,hfq
1998-08-26,15.780,15.800,15.450,15.520,2508,,,-1.4603,hfq
1998-08-27,15.220,15.750,15.220,15.480,1791,,,-0.2577,hfq
1998-08-28,15.350,15.600,15.000,15.100,2438,,,-2.4548,hfq
1998-08-31,14.900,15.360,14.530,15.300,4327,,,1.3245,hfq
1998-09-01,15.400,15.500,15.050,15.200,1654,,,-0.6536,hfq
1998-09-02,15.150,15.670,15.070,15.350,7224,,,0.9868,hfq
1998-09-03,15.300,16.100,15.180,16.000,33157,,,4.2345,hfq
1998-09-04,16.190,16.200,15.810,15.850,14729,,,-0.9375,hfq
1998-09-07,16.000,16.480,15.850,16.270,10734,,,2.6498,hfq
1998-09-08,16.260,16.380,15.920,15.920,8364,,,-2.1512,hfq
1998-09-09,15.800,16.220,15.750,16.220,7187,,,1.8844,hfq
1998-09-10,16.000,16.670,16.000,16.480,15229,,,1.6030,hfq
1998-09-11,17.000,17.000,16.280,16.480,14798,,,0.0000,hfq
1998-09-14,16.480,16.480,15.980,16.070,18244,,,-2.4879,hfq
1998-09-15,16.050,16.400,16.000,16.170,8289,,,0.6223,hfq
1998-09-16,16.170,16.300,16.000,16.150,7260,,,-0.1237,hfq
1998-09-17,16.200,16.250,15.680,15.700,12472,,,-2.7864,hfq
1998-09-18,15.680,15.890,15.520,15.580,7066,,,-0.7643,hfq
1998-09-21,15.400,15.820,15.350,15.820,3347,,,1.5404,hfq
1998-09-22,15.930,15.930,15.490,15.600,4662,,,-1.3906,hfq
1998-09-23,15.800,16.180,15.650,15.980,8148,,,2.4359,hfq
1998-09-24,15.970,16.150,15.800,15.800,4268,,,-1.1264,hfq
1998-09-25,15.780,16.350,15.780,16.230,9996,,,2.7215,hfq
1998-09-28,16.370,16.780,16.120,16.190,10103,,,-0.2465,hfq
1998-09-29,16.150,16.480,16.110,16.150,3415,,,-0.2471,hfq
1998-09-30,17.000,17.000,16.160,16.200,8453,,,0.3096,hfq
1998-10-05,16.280,16.490,16.170,16.210,5239,,,0.0617,hfq
1998-10-06,16.200,16.250,15.920,15.930,6162,,,-1.7273,hfq
1998-10-07,16.890,16.890,15.900,16.110,3743,,,1.1299,hfq
1998-10-08,16.220,16.350,16.030,16.140,3112,,,0.1862,hfq
1998-10-09,16.300,16.600,16.100,16.600,17575,,,2.8501,hfq
1998-10-12,16.720,17.500,16.600,17.080,44137,,,2.8916,hfq
1998-10-13,17.150,17.300,16.900,16.980,19266,,,-0.5855,hfq
1998-10-14,16.900,17.770,16.900,17.530,28699,,,3.2391,hfq
1998-10-15,17.610,18.800,17.410,18.280,52778,,,4.2784,hfq
1998-10-16,18.270,19.080,18.270,18.730,39402,,,2.4617,hfq
1998-10-19,19.000,19.450,18.600,18.800,33600,,,0.3737,hfq
1998-10-20,18.800,18.970,18.460,18.700,17591,,,-0.5319,hfq
1998-10-21,18.800,19.050,17.950,18.050,24158,,,-3.4759,hfq
1998-10-22,17.900,18.290,17.730,18.210,20657,,,0.8864,hfq
1998-10-23,18.230,18.450,18.000,18.100,12792,,,-0.6041,hfq
1998-10-26,18.020,18.860,18.000,18.820,17637,,,3.9779,hfq
1998-10-27,18.930,19.970,18.930,19.900,24873,,,5.7386,hfq
1998-10-28,20.010,20.390,19.700,19.910,22188,,,0.0503,hfq
1998-10-29,19.880,20.450,19.870,19.990,17202,,,0.4018,hfq
1998-10-30,19.900,20.300,19.900,19.930,16955,,,-0.3002,hfq
1998-11-02,19.940,21.360,19.910,21.350,14277,,,7.1249,hfq
1998-11-03,21.610,21.820,20.910,21.110,19532,,,-1.1241,hfq
1998-11-04,21.160,21.820,21.080,21.330,11238,,,1.0422,hfq
1998-11-05,21.400,22.520,21.350,22.490,12261,,,5.4383,hfq
1998-11-06,22.600,23.100,22.490,22.880,17561,,,1.7341,hfq
1998-11-09,22.800,23.100,22.210,22.680,12468,,,-0.8741,hfq
1998-11-10,22.620,23.600,22.400,23.330,13984,,,2.8660,hfq
1998-11-11,23.400,23.650,23.200,23.620,9665,,,1.2430,hfq
1998-11-12,23.580,24.170,22.670,22.770,27108,,,-3.5986,hfq
1998-11-13,22.660,24.100,22.560,23.900,21736,,,4.9627,hfq
1998-11-16,23.900,24.000,23.530,23.600,12107,,,-1.2552,hfq
1998-11-17,23.600,23.900,23.020,23.440,7011,,,-0.6780,hfq
1998-11-18,23.400,23.480,22.770,22.840,8188,,,-2.5597,hfq
1998-11-19,22.710,23.350,22.570,22.890,8362,,,0.2189,hfq
1998-11-20,22.810,23.200,22.730,22.760,4948,,,-0.5679,hfq
1998-11-23,22.970,23.600,22.700,23.360,7300,,,2.6362,hfq
1998-11-24,23.500,24.100,23.360,23.450,7573,,,0.3853,hfq
1998-11-25,23.490,23.700,22.760,23.100,2943,,,-1.4925,hfq
1998-11-26,23.000,23.280,22.800,22.820,4945,,,-1.2121,hfq
1998-11-27,22.800,23.250,22.800,22.900,3823,,,0.3506,hfq
1998-11-30,23.140,23.810,22.980,23.300,6136,,,1.7467,hfq
1998-12-01,23.500,23.510,22.620,22.870,4476,,,-1.8455,hfq
1998-12-02,22.700,23.080,22.150,22.300,5415,,,-2.4923,hfq
1998-12-03,22.280,22.400,20.070,20.070,32964,,,-10.0000,hfq
1998-12-04,19.700,20.150,19.070,19.700,25358,,,-1.8435,hfq
1998-12-07,19.900,20.850,19.900,20.420,19711,,,3.6548,hfq
1998-12-08,20.500,20.880,20.200,20.630,7711,,,1.0284,hfq
1998-12-09,20.690,20.690,20.320,20.620,3157,,,-0.0485,hfq
1998-12-10,20.580,20.650,20.310,20.450,3252,,,-0.8244,hfq
1998-12-11,20.400,20.650,20.150,20.500,4578,,,0.2445,hfq
1998-12-14,20.410,20.500,19.350,19.410,9038,,,-5.3171,hfq
1998-12-15,19.010,19.380,18.990,18.990,8266,,,-2.1638,hfq
1998-12-16,19.300,20.000,18.900,19.630,7928,,,3.3702,hfq
1998-12-17,19.800,19.800,19.320,19.550,5041,,,-0.4075,hfq
1998-12-18,19.400,19.960,19.200,19.900,3292,,,1.7903,hfq
1998-12-21,19.800,20.650,19.800,20.150,4499,,,1.2563,hfq
1998-12-23,20.460,20.690,20.250,20.460,6839,,,1.5385,hfq
1998-12-24,20.300,20.530,20.100,20.280,3111,,,-0.8798,hfq
1998-12-25,20.280,20.460,20.100,20.350,2916,,,0.3452,hfq
1998-12-28,20.300,20.350,19.560,19.800,3742,,,-2.7027,hfq
1998-12-29,19.660,19.750,19.540,19.600,3069,,,-1.0101,hfq
1998-12-30,19.600,20.040,19.340,19.710,3915,,,0.5612,hfq
1998-12-31,19.700,19.980,19.680,19.680,1795,,,-0.1522,hfq
1999-01-04,19.480,19.700,19.480,19.480,1905,,,-1.0163,hfq
1999-01-05,19.470,19.470,18.500,18.510,4710,,,-4.9795,hfq
1999-01-06,18.480,18.600,17.890,18.190,11054,,,-1.7288,hfq
1999-01-07,18.200,18.380,17.900,18.250,5323,,,0.3299,hfq
1999-01-08,18.380,19.150,18.370,19.110,4236,,,4.7123,hfq
1999-01-11,19.110,19.170,18.840,19.050,3115,,,-0.3140,hfq
1999-01-12,19.000,19.530,18.800,19.360,3177,,,1.6273,hfq
1999-01-13,19.180,19.450,19.000,19.300,2375,,,-0.3099,hfq
1999-01-14,19.250,19.400,19.080,19.200,2385,,,-0.5181,hfq
1999-01-15,19.480,19.480,18.850,18.920,3938,,,-1.4583,hfq
1999-01-18,18.700,19.360,18.540,19.360,3449,,,2.3256,hfq
1999-01-19,19.480,19.480,18.900,19.130,2088,,,-1.1880,hfq
1999-01-20,19.020,19.360,19.020,19.300,2687,,,0.8887,hfq
1999-01-21,19.010,19.280,17.800,19.050,4176,,,-1.2953,hfq
1999-01-22,19.070,19.280,19.000,19.160,3202,,,0.5774,hfq
1999-01-25,19.050,19.300,18.940,18.960,5628,,,-1.0438,hfq
1999-01-26,18.950,19.100,18.760,19.010,3209,,,0.2637,hfq
1999-01-27,18.960,19.070,18.890,18.980,2995,,,-0.1578,hfq
1999-01-28,19.150,19.150,18.840,18.970,2391,,,-0.0527,hfq
1999-01-29,18.620,19.000,18.600,18.700,2297,,,-1.4233,hfq
1999-02-01,18.500,18.640,18.300,18.490,2599,,,-1.1230,hfq
1999-02-02,18.380,18.470,18.120,18.470,2270,,,-0.1082,hfq
1999-02-03,18.210,18.580,18.210,18.420,2473,,,-0.2707,hfq
1999-02-04,18.400,18.400,17.980,18.050,3036,,,-2.0087,hfq
1999-02-05,17.900,18.090,17.600,17.680,5265,,,-2.0499,hfq
1999-02-08,17.680,17.770,17.500,17.730,2079,,,0.2828,hfq
1999-02-09,17.800,18.350,17.690,18.300,2411,,,3.2149,hfq
1999-03-01,18.300,18.300,17.760,18.020,3723,,,-1.5301,hfq
1999-03-02,18.000,18.200,17.850,18.070,1792,,,0.2775,hfq
1999-03-03,18.100,18.300,17.900,18.180,1411,,,0.6087,hfq
1999-03-04,18.170,18.250,17.950,18.250,3149,,,0.3850,hfq
1999-03-05,18.380,18.380,18.120,18.300,2348,,,0.2740,hfq
1999-03-08,18.060,18.950,18.060,18.950,3039,,,3.5519,hfq
1999-03-09,18.800,19.160,18.800,19.060,3601,,,0.5805,hfq
1999-03-10,19.050,19.250,19.010,19.200,3688,,,0.7345,hfq
1999-03-11,19.220,20.160,19.200,20.050,6766,,,4.4271,hfq
1999-03-12,20.050,20.300,20.000,20.280,6258,,,1.1471,hfq
1999-03-15,20.200,20.450,19.800,20.260,7224,,,-0.0986,hfq
1999-03-16,20.200,20.790,20.000,20.650,7424,,,1.9250,hfq
1999-03-17,20.650,20.650,20.100,20.100,6201,,,-2.6634,hfq
1999-03-18,20.100,20.550,19.900,20.300,4564,,,0.9950,hfq
1999-03-19,20.100,20.440,20.000,20.250,2931,,,-0.2463,hfq
1999-03-22,20.200,20.350,19.200,19.300,6069,,,-4.6914,hfq
1999-03-23,19.200,19.300,18.260,18.500,7325,,,-4.1451,hfq
1999-03-24,18.380,18.940,18.380,18.610,3408,,,0.5946,hfq
1999-03-25,18.530,18.780,18.510,18.580,2758,,,-0.1612,hfq
1999-03-26,18.500,18.650,18.300,18.400,2026,,,-0.9688,hfq
1999-03-29,18.000,18.390,17.660,18.160,5839,,,-1.3043,hfq
1999-03-30,17.980,18.390,17.900,18.180,6496,,,0.1101,hfq
1999-03-31,18.180,19.180,18.180,19.050,4019,,,4.7855,hfq
1999-04-01,19.090,19.400,18.910,19.000,3791,,,-0.2625,hfq
1999-04-02,19.000,19.090,18.480,18.660,3543,,,-1.7895,hfq
1999-04-05,18.650,18.700,18.440,18.480,4251,,,-0.9646,hfq
1999-04-06,18.430,18.660,18.390,18.520,2659,,,0.2165,hfq
1999-04-07,18.440,19.380,18.430,18.660,1518,,,0.7559,hfq
1999-04-08,18.610,18.780,18.520,18.670,1985,,,0.0536,hfq
1999-04-09,18.600,18.700,18.560,18.590,2594,,,-0.4285,hfq
1999-04-12,18.600,18.600,18.200,18.360,3482,,,-1.2372,hfq
1999-04-13,18.360,19.100,18.220,18.600,1996,,,1.3072,hfq
1999-04-14,18.860,18.860,18.400,18.700,1754,,,0.5376,hfq
1999-04-15,18.500,18.900,18.500,18.510,1685,,,-1.0160,hfq
1999-04-16,18.600,18.760,18.420,18.600,1306,,,0.4862,hfq
1999-04-19,18.500,18.650,18.400,18.590,1155,,,-0.0538,hfq
1999-04-20,18.450,19.020,18.450,19.000,2220,,,2.2055,hfq
1999-04-21,18.800,19.380,18.800,19.090,3379,,,0.4737,hfq
1999-04-22,18.990,19.150,18.710,18.900,2580,,,-0.9953,hfq
1999-04-23,18.880,19.000,18.850,18.900,602,,,0.0000,hfq
1999-04-26,18.900,19.180,18.710,19.000,2233,,,0.5291,hfq
1999-04-27,18.980,18.980,18.500,18.510,1656,,,-2.5789,hfq
1999-04-28,18.550,18.870,18.250,18.500,1287,,,-0.0540,hfq
1999-04-29,18.510,18.730,18.190,18.730,1038,,,1.2432,hfq
1999-04-30,18.650,18.900,18.560,18.900,608,,,0.9076,hfq
1999-05-04,18.400,18.800,18.400,18.540,294,,,-1.9048,hfq
1999-05-05,18.350,18.600,18.350,18.550,731,,,0.0539,hfq
1999-05-06,18.500,18.840,18.100,18.410,1732,,,-0.7547,hfq
1999-05-07,18.410,18.410,18.000,18.400,2378,,,-0.0543,hfq
1999-05-10,18.060,18.200,17.900,17.910,1834,,,-2.6630,hfq
1999-05-11,17.950,18.180,17.830,18.050,749,,,0.7817,hfq
1999-05-12,17.880,18.100,17.880,17.990,826,,,-0.3324,hfq
1999-05-13,18.000,18.290,17.930,18.190,949,,,1.1117,hfq
1999-05-14,18.480,18.480,17.950,18.000,1095,,,-1.0445,hfq
1999-05-17,17.810,18.310,17.810,18.200,672,,,1.1111,hfq
1999-05-18,18.180,18.570,18.180,18.310,1046,,,0.6044,hfq
1999-05-19,18.250,19.000,18.220,18.990,2676,,,3.7138,hfq
1999-05-21,19.000,19.990,19.000,19.360,7602,,,1.9484,hfq
1999-05-24,19.300,19.800,19.000,19.660,6720,,,1.5496,hfq
1999-05-25,19.950,20.600,19.700,20.100,13375,,,2.2380,hfq
1999-05-26,20.040,21.015,20.040,21.015,17963,,,4.5522,hfq
1999-05-27,21.106,23.121,21.106,23.121,35676,,,10.0214,hfq
1999-05-28,23.745,23.979,22.315,23.160,17755,,,0.1687,hfq
1999-05-31,23.160,23.433,22.263,23.342,20525,,,0.7858,hfq
1999-06-01,23.290,23.290,22.510,22.770,9595,,,-2.4505,hfq
1999-06-02,22.835,22.835,21.340,21.600,16858,,,-5.1383,hfq
1999-06-03,21.600,21.600,20.833,20.950,13298,,,-3.0093,hfq
1999-06-04,20.820,21.808,20.807,21.470,9222,,,2.4821,hfq
1999-06-07,21.574,22.809,21.483,22.809,16630,,,6.2366,hfq
1999-06-08,22.900,23.407,22.796,22.822,20193,,,0.0570,hfq
1999-06-09,22.783,23.290,22.614,23.160,11678,,,1.4810,hfq
1999-06-10,23.160,23.615,23.030,23.030,19429,,,-0.5613,hfq
1999-06-11,22.874,23.550,22.874,23.355,13188,,,1.4112,hfq
1999-06-14,23.550,23.615,23.095,23.342,13601,,,-0.0557,hfq
1999-06-15,23.420,25.669,23.420,25.669,68602,,,9.9692,hfq
1999-06-16,26.033,26.774,25.383,26.384,26082,,,2.7855,hfq
1999-06-17,26.410,29.023,26.410,28.685,35772,,,8.7212,hfq
1999-06-18,29.517,29.855,27.684,28.360,21956,,,-1.1330,hfq
1999-06-21,29.933,30.271,28.880,30.258,23217,,,6.6925,hfq
1999-06-22,30.024,30.050,28.958,29.985,24626,,,-0.9022,hfq
1999-06-23,29.465,29.920,29.270,29.660,16269,,,-1.0839,hfq
1999-06-24,29.894,30.050,28.620,29.790,20544,,,0.4383,hfq
1999-06-25,29.790,31.220,28.854,28.854,19149,,,-3.1420,hfq
1999-06-28,28.880,30.544,28.880,30.544,12847,,,5.8571,hfq
1999-06-29,32.000,33.495,30.960,33.495,31693,,,9.6615,hfq
1999-06-30,33.495,35.081,32.273,34.340,41304,,,2.5228,hfq
1999-07-01,34.366,34.366,30.908,30.908,16469,,,-9.9942,hfq
1999-07-02,30.908,32.845,29.933,32.845,24998,,,6.2670,hfq
1999-07-05,33.170,33.430,29.673,29.790,11627,,,-9.3013,hfq
1999-07-06,29.335,30.180,28.620,28.737,5420,,,-3.5347,hfq
1999-07-07,28.633,29.660,28.425,29.660,4647,,,3.2119,hfq
1999-07-08,29.660,29.790,29.127,29.140,4369,,,-1.7532,hfq
1999-07-09,29.010,29.400,28.490,29.400,4063,,,0.8922,hfq
1999-07-12,29.270,29.595,28.490,28.555,4920,,,-2.8741,hfq
1999-07-13,28.581,28.893,28.477,28.815,2139,,,0.9105,hfq
1999-07-14,28.815,29.400,28.815,29.270,2644,,,1.5790,hfq
1999-07-15,29.270,29.270,28.594,28.594,3705,,,-2.3095,hfq
1999-07-16,28.594,28.880,28.360,28.880,2822,,,1.0002,hfq
1999-07-19,26.020,28.880,26.020,26.800,2363,,,-7.2022,hfq
1999-07-20,26.735,28.035,26.436,27.970,3833,,,4.3657,hfq
1999-07-21,28.100,28.620,27.515,28.204,5100,,,0.8366,hfq
1999-07-22,28.100,28.113,26.800,27.580,2354,,,-2.2125,hfq
1999-07-23,27.450,27.619,26.683,27.320,6400,,,-0.9427,hfq
1999-07-26,27.190,27.190,24.590,24.590,22699,,,-9.9927,hfq
1999-07-27,24.434,24.850,23.290,24.733,12290,,,0.5815,hfq
1999-07-28,24.980,25.110,23.706,23.940,7770,,,-3.2062,hfq
1999-07-29,24.330,24.460,22.744,23.615,19486,,,-1.3576,hfq
1999-07-30,23.615,23.745,23.056,23.628,7973,,,0.0550,hfq
1999-08-02,23.589,23.914,23.303,23.693,6699,,,0.2751,hfq
1999-08-03,23.940,23.940,23.615,23.940,4405,,,1.0425,hfq
1999-08-04,23.927,25.240,23.875,24.694,12389,,,3.1495,hfq
1999-08-05,24.850,24.850,24.369,24.382,5347,,,-1.2635,hfq
1999-08-06,24.200,24.356,23.394,23.940,4879,,,-1.8128,hfq
1999-08-09,23.693,23.914,23.550,23.576,3411,,,-1.5205,hfq
1999-08-10,23.654,24.070,23.485,24.005,2940,,,1.8196,hfq
1999-08-11,23.953,23.953,23.290,23.563,2565,,,-1.8413,hfq
1999-08-12,23.563,23.680,23.355,23.472,1914,,,-0.3862,hfq
1999-08-13,23.485,23.550,23.290,23.420,2118,,,-0.2215,hfq
1999-08-16,23.524,24.330,23.485,23.966,2897,,,2.3313,hfq
1999-08-17,24.070,24.434,23.927,24.031,3651,,,0.2712,hfq
1999-08-18,24.031,24.070,23.758,23.914,1074,,,-0.4869,hfq
1999-08-19,23.992,24.434,23.875,24.369,4775,,,1.9027,hfq
1999-08-20,24.590,24.720,24.109,24.174,3931,,,-0.8002,hfq
1999-08-23,24.564,24.564,23.680,23.823,2988,,,-1.4520,hfq
1999-08-24,23.940,24.161,23.706,24.070,2520,,,1.0368,hfq
1999-08-25,24.200,24.317,23.654,23.732,2249,,,-1.4042,hfq
1999-08-26,23.563,23.940,23.563,23.823,1074,,,0.3834,hfq
1999-08-27,23.810,23.849,23.680,23.706,1703,,,-0.4911,hfq
1999-08-30,23.719,24.408,23.719,23.888,3414,,,0.7677,hfq
1999-08-31,24.070,24.278,23.875,24.083,3394,,,0.8163,hfq
1999-09-01,24.265,24.265,23.940,24.044,2506,,,-0.1619,hfq
1999-09-02,23.888,24.460,22.510,24.278,3617,,,0.9732,hfq
1999-09-03,24.330,24.330,23.940,24.005,2474,,,-1.1245,hfq
1999-09-06,24.005,24.187,23.745,23.745,3423,,,-1.0831,hfq
1999-09-07,23.966,24.135,23.563,23.563,1790,,,-0.7665,hfq
1999-09-08,23.615,24.070,23.615,23.680,1673,,,0.4965,hfq
1999-09-09,24.005,25.474,23.680,25.045,13375,,,5.7644,hfq
1999-09-10,25.175,25.344,24.473,24.512,5852,,,-2.1282,hfq
1999-09-13,24.330,24.941,24.330,24.720,6038,,,0.8486,hfq
1999-09-14,25.071,25.110,24.668,24.733,4056,,,0.0526,hfq
1999-09-15,24.785,24.980,24.603,24.954,4210,,,0.8935,hfq
1999-09-16,25.045,25.630,24.954,25.487,7238,,,2.1359,hfq
1999-09-17,25.500,25.500,24.980,25.058,3161,,,-1.6832,hfq
1999-09-20,25.045,25.136,24.460,24.460,2885,,,-2.3865,hfq
1999-09-21,24.265,24.720,23.693,24.135,1812,,,-1.3287,hfq
1999-09-22,24.200,24.265,23.940,23.940,1441,,,-0.8080,hfq
1999-09-23,23.875,24.200,23.875,23.914,1682,,,-0.1086,hfq
1999-09-24,24.525,24.551,23.875,23.953,2073,,,0.1631,hfq
1999-09-27,24.005,24.005,23.810,23.836,1159,,,-0.4885,hfq
1999-09-28,23.940,24.070,23.745,23.888,550,,,0.2182,hfq
1999-09-29,24.070,24.070,23.680,23.706,955,,,-0.7619,hfq
1999-09-30,23.524,23.875,23.524,23.654,863,,,-0.2194,hfq
1999-10-08,23.433,23.576,23.355,23.420,1244,,,-0.9893,hfq
1999-10-11,23.420,24.330,23.160,23.446,539,,,0.1110,hfq
1999-10-12,23.394,23.771,23.394,23.511,280,,,0.2772,hfq
1999-10-13,23.784,23.784,23.433,23.550,1466,,,0.1659,hfq
1999-10-14,23.485,23.576,23.147,23.147,994,,,-1.7113,hfq
1999-10-15,23.550,23.654,23.160,23.407,1611,,,1.1233,hfq
1999-10-18,23.485,23.485,22.354,22.380,1776,,,-4.3876,hfq
1999-10-19,22.289,22.900,20.820,22.068,1658,,,-1.3941,hfq
1999-10-20,22.250,23.641,21.873,22.406,1120,,,1.5316,hfq
1999-10-21,22.497,22.497,21.990,21.990,866,,,-1.8566,hfq
1999-10-22,22.380,22.900,22.120,22.432,759,,,2.0100,hfq
1999-10-25,22.380,22.380,22.055,22.068,891,,,-1.6227,hfq
1999-10-26,22.250,22.510,22.120,22.276,530,,,0.9425,hfq
1999-10-27,22.510,23.173,22.471,23.173,2194,,,4.0268,hfq
1999-10-28,23.186,23.316,22.380,22.393,1324,,,-3.3660,hfq
1999-10-29,22.874,22.874,22.250,22.406,855,,,0.0581,hfq
1999-11-01,22.445,22.575,22.250,22.380,500,,,-0.1160,hfq
1999-11-02,22.510,22.640,22.133,22.289,478,,,-0.4066,hfq
1999-11-03,22.315,22.575,22.120,22.120,753,,,-0.7582,hfq
1999-11-04,22.120,22.705,21.730,21.730,1152,,,-1.7631,hfq
1999-11-05,21.730,22.445,21.730,21.860,1162,,,0.5983,hfq
1999-11-08,21.860,22.367,21.860,21.990,1644,,,0.5947,hfq
1999-11-09,22.185,22.185,21.730,21.860,749,,,-0.5912,hfq
1999-11-10,21.795,22.055,21.470,21.912,573,,,0.2379,hfq
1999-11-11,21.860,22.081,21.470,21.561,854,,,-1.6019,hfq
1999-11-12,21.600,21.977,21.470,21.522,616,,,-0.1809,hfq
1999-11-15,21.600,21.834,20.924,21.535,616,,,0.0604,hfq
1999-11-16,21.756,22.770,21.535,21.964,1148,,,1.9921,hfq
1999-11-17,21.470,22.094,21.210,22.081,1214,,,0.5327,hfq
1999-11-18,21.990,22.484,21.990,22.133,3774,,,0.2355,hfq
1999-11-19,22.120,22.510,22.003,22.120,2625,,,-0.0587,hfq
1999-11-22,22.380,22.380,21.873,21.925,752,,,-0.8816,hfq
1999-11-23,21.873,22.081,21.769,21.795,1220,,,-0.5929,hfq
1999-11-24,21.990,21.990,21.730,21.743,460,,,-0.2386,hfq
1999-11-25,21.860,21.860,21.574,21.665,924,,,-0.3587,hfq
1999-11-26,21.574,21.912,21.574,21.795,1294,,,0.6000,hfq
1999-11-29,21.314,22.250,21.314,21.626,442,,,-0.7754,hfq
1999-11-30,21.860,21.886,21.600,21.704,569,,,0.3607,hfq
1999-12-01,21.405,22.042,21.210,21.600,661,,,-0.4792,hfq
1999-12-02,21.535,21.717,21.392,21.405,680,,,-0.9028,hfq
1999-12-03,21.405,21.600,21.288,21.353,854,,,-0.2429,hfq
1999-12-06,21.340,22.705,21.340,21.600,756,,,1.1567,hfq
1999-12-07,21.600,21.795,21.470,21.470,566,,,-0.6019,hfq
1999-12-08,21.405,21.652,21.379,21.379,639,,,-0.4238,hfq
1999-12-09,21.600,21.730,21.275,21.301,816,,,-0.3648,hfq
1999-12-10,21.249,21.600,21.249,21.340,552,,,0.1831,hfq
1999-12-13,21.080,21.470,21.028,21.210,1184,,,-0.6092,hfq
1999-12-14,21.470,21.535,21.184,21.444,711,,,1.1033,hfq
1999-12-15,21.444,22.042,21.275,21.756,1725,,,1.4550,hfq
1999-12-16,20.898,21.730,20.898,21.327,847,,,-1.9719,hfq
1999-12-17,21.340,21.600,21.080,21.327,804,,,0.0000,hfq
1999-12-21,21.275,21.470,20.820,21.171,1114,,,-0.7315,hfq
1999-12-22,21.210,21.340,21.054,21.054,836,,,-0.5526,hfq
1999-12-23,21.080,21.210,20.365,20.365,861,,,-3.2725,hfq
1999-12-24,20.404,20.820,19.910,19.910,1402,,,-2.2342,hfq
1999-12-27,20.300,20.300,19.910,19.975,921,,,0.3265,hfq
1999-12-28,19.975,20.300,19.520,19.975,729,,,0.0000,hfq
1999-12-29,20.170,20.170,19.546,19.845,682,,,-0.6508,hfq
1999-12-30,19.910,20.300,19.520,20.300,511,,,2.2928,hfq
2000-01-04,20.170,20.820,19.845,20.820,2019,,,2.5616,hfq
2000-01-05,20.820,21.080,20.625,20.625,2737,,,-0.9366,hfq
2000-01-06,20.300,21.340,20.300,21.210,3373,,,2.8364,hfq
2000-01-07,21.600,22.146,21.340,22.055,5011,,,3.9840,hfq
2000-01-10,22.120,23.537,22.016,23.537,12920,,,6.7196,hfq
2000-01-11,23.550,23.680,21.548,21.548,6749,,,-8.4505,hfq
2000-01-12,21.626,22.510,21.236,21.756,4972,,,0.9653,hfq
2000-01-13,21.730,22.120,21.340,21.600,2279,,,-0.7170,hfq
2000-01-14,21.470,21.977,21.418,21.665,2458,,,0.3009,hfq
2000-01-17,21.600,21.990,21.548,21.964,2097,,,1.3801,hfq
2000-01-18,20.820,22.133,20.820,21.743,1592,,,-1.0062,hfq
2000-01-19,21.860,22.068,21.730,21.834,1653,,,0.4185,hfq
2000-01-20,21.730,22.250,21.730,22.211,3858,,,1.7267,hfq
2000-01-21,22.120,22.380,22.081,22.133,6083,,,-0.3512,hfq
2000-01-24,22.120,22.640,22.120,22.627,6889,,,2.2320,hfq
2000-01-25,22.575,22.835,22.003,22.250,3522,,,-1.6662,hfq
2000-01-26,22.224,22.380,21.795,21.795,2249,,,-2.0449,hfq
2000-01-27,22.120,22.510,21.756,22.185,4757,,,1.7894,hfq
2000-01-28,21.990,22.341,21.860,22.276,9095,,,0.4102,hfq
2000-02-14,22.575,24.460,22.523,24.213,14328,,,8.6955,hfq
2000-02-15,24.460,24.720,22.913,23.108,13149,,,-4.5637,hfq
2000-02-16,22.757,23.225,21.730,22.055,15044,,,-4.5569,hfq
2000-02-17,22.146,23.160,20.950,21.444,11817,,,-2.7703,hfq
2000-02-18,21.444,22.120,21.444,21.990,8095,,,2.5462,hfq
2000-02-21,22.120,22.185,20.950,21.470,13939,,,-2.3647,hfq
2000-02-22,21.587,22.250,20.963,21.392,11233,,,-0.3633,hfq
2000-02-23,21.470,23.524,21.405,23.095,26618,,,7.9609,hfq
2000-02-24,23.030,23.485,22.575,23.108,16080,,,0.0563,hfq
2000-02-25,23.290,23.524,22.744,22.900,12892,,,-0.9001,hfq
2000-02-28,23.108,23.290,22.770,23.160,9832,,,1.1354,hfq
2000-02-29,23.160,24.330,23.160,23.940,21766,,,3.3679,hfq
2000-03-01,23.940,24.330,23.511,23.888,13700,,,-0.2172,hfq
2000-03-02,23.940,24.538,23.368,24.005,22764,,,0.4898,hfq
2000-03-03,24.460,25.370,24.213,24.850,17775,,,3.5201,hfq
2000-03-06,25.110,26.605,24.590,24.707,33391,,,-0.5755,hfq
2000-03-07,24.590,25.500,24.070,24.564,13293,,,-0.5788,hfq
2000-03-08,24.590,25.370,24.356,24.980,9361,,,1.6935,hfq
2000-03-09,25.890,25.890,24.707,24.811,7538,,,-0.6765,hfq
2000-03-10,24.954,25.370,24.070,24.200,10244,,,-2.4626,hfq
2000-03-13,24.460,24.460,23.745,24.005,5600,,,-0.8058,hfq
2000-03-14,24.200,24.460,23.485,23.875,6655,,,-0.5416,hfq
2000-03-15,23.810,25.110,23.810,24.616,7759,,,3.1037,hfq
2000-03-16,24.629,24.980,24.161,24.720,11587,,,0.4225,hfq
2000-03-17,25.994,27.060,25.240,26.280,29546,,,6.3107,hfq
2000-03-20,26.514,27.320,24.720,26.475,22027,,,0.7420,hfq
2000-03-21,26.930,27.164,25.994,26.241,14970,,,-0.8839,hfq
2000-03-22,26.423,28.425,26.423,27.450,22139,,,4.6073,hfq
2000-03-23,27.450,27.970,26.917,27.385,12406,,,-0.2368,hfq
2000-03-24,27.515,27.905,27.060,27.190,13338,,,-0.7121,hfq
2000-03-27,27.320,28.607,27.060,28.204,17511,,,3.7293,hfq
2000-03-28,28.230,28.620,27.060,28.425,17602,,,0.7836,hfq
2000-03-29,28.503,28.503,27.320,27.684,7439,,,-2.6069,hfq
2000-03-30,27.580,27.645,26.800,27.294,11252,,,-1.4088,hfq
2000-03-31,27.255,27.320,26.904,27.034,6177,,,-0.9526,hfq
2000-04-03,27.216,27.255,26.280,26.423,5984,,,-2.2601,hfq
2000-04-04,26.280,26.566,25.825,26.306,5037,,,-0.4428,hfq
2000-04-05,26.254,27.047,26.254,26.865,3722,,,2.1250,hfq
2000-04-06,27.320,27.710,26.930,27.450,6389,,,2.1776,hfq
2000-04-07,27.450,27.970,26.410,27.060,7165,,,-1.4208,hfq
2000-04-10,27.060,27.164,26.566,26.670,3582,,,-1.4412,hfq
2000-04-11,26.293,27.970,26.280,27.892,16914,,,4.5819,hfq
2000-04-12,28.100,28.373,27.060,27.606,13160,,,-1.0254,hfq
2000-04-13,28.360,29.010,27.086,28.620,34969,,,3.6731,hfq
2000-04-14,28.490,31.207,28.490,30.427,61804,,,6.3138,hfq
2000-04-17,29.907,31.220,28.620,31.155,32920,,,2.3926,hfq
2000-04-18,30.310,32.390,30.245,32.026,60537,,,2.7957,hfq
2000-04-19,32.130,32.299,31.207,31.636,19113,,,-1.2178,hfq
2000-04-20,31.350,32.390,31.090,31.324,34103,,,-0.9862,hfq
2000-04-21,31.610,34.457,31.610,34.457,122240,,,10.0019,hfq
2000-04-24,35.510,35.601,33.690,35.055,51474,,,1.7355,hfq
2000-04-25,33.820,36.290,33.573,35.991,41652,,,2.6701,hfq
2000-04-26,35.900,37.018,35.120,36.173,73198,,,0.5057,hfq
2000-04-27,35.874,38.994,35.835,36.940,81766,,,2.1204,hfq
2000-05-08,37.746,38.760,35.003,35.094,62335,,,-4.9973,hfq
2000-05-09,34.665,34.730,32.780,33.300,43471,,,-5.1120,hfq
2000-05-10,33.170,33.807,32.793,32.910,20866,,,-1.1712,hfq
2000-05-11,32.897,33.170,32.273,32.520,19172,,,-1.1851,hfq
2000-05-12,32.390,33.300,32.273,32.585,28603,,,0.1999,hfq
2000-05-15,32.598,33.157,29.335,29.920,34378,,,-8.1786,hfq
2000-05-16,29.907,32.104,29.530,31.714,18319,,,5.9960,hfq
2000-05-17,31.584,31.857,30.830,31.337,13690,,,-1.1887,hfq
2000-05-18,31.025,31.181,30.193,30.791,12727,,,-1.7423,hfq
2000-05-19,30.960,31.883,30.791,31.480,15261,,,2.2377,hfq
2000-05-22,32.000,33.014,31.870,32.520,26408,,,3.3037,hfq
2000-05-23,32.546,32.780,31.493,31.792,20489,,,-2.2386,hfq
2000-05-24,31.870,31.987,30.960,31.857,19395,,,0.2045,hfq
2000-05-25,31.610,32.494,31.597,31.935,13366,,,0.2448,hfq
2000-05-26,31.935,31.935,30.570,31.220,19229,,,-2.2389,hfq
2000-05-29,30.960,31.090,29.660,29.764,26298,,,-4.6637,hfq
2000-05-30,29.374,30.310,29.283,29.894,14811,,,0.4368,hfq
2000-05-31,30.310,30.310,29.504,29.530,8577,,,-1.2176,hfq
2000-06-01,29.400,29.660,28.685,29.010,16430,,,-1.7609,hfq
2000-06-02,28.750,29.270,28.347,28.347,13774,,,-2.2854,hfq
2000-06-05,28.230,30.583,27.359,29.244,24014,,,3.1644,hfq
2000-06-06,29.114,30.050,28.633,29.751,10668,,,1.7337,hfq
2000-06-07,29.920,29.920,29.270,29.309,8660,,,-1.4857,hfq
2000-06-08,29.140,29.725,28.997,29.465,7767,,,0.5323,hfq
2000-06-09,29.504,30.050,29.439,29.790,9028,,,1.1030,hfq
2000-06-12,29.556,30.245,29.478,30.245,9391,,,1.5274,hfq
2000-06-13,30.284,30.375,29.920,30.115,7157,,,-0.4298,hfq
2000-06-14,29.920,30.310,28.880,29.140,13395,,,-3.2376,hfq
2000-06-15,29.140,29.400,28.633,29.140,10890,,,0.0000,hfq
2000-06-16,29.101,29.920,28.880,29.140,4886,,,0.0000,hfq
2000-06-19,28.646,29.790,28.620,29.400,4358,,,0.8922,hfq
2000-06-20,29.530,29.894,28.958,29.894,4160,,,1.6803,hfq
2000-06-21,29.894,30.154,29.543,29.738,3314,,,-0.5218,hfq
2000-06-22,29.660,29.920,29.504,29.556,3168,,,-0.6120,hfq
2000-06-23,29.530,30.310,29.439,29.855,7642,,,1.0116,hfq
2000-06-26,29.530,30.180,29.530,29.816,5951,,,-0.1306,hfq
2000-06-27,29.660,29.920,29.140,29.244,4198,,,-1.9184,hfq
2000-06-28,29.413,30.570,29.413,29.868,9926,,,2.1338,hfq
2000-06-29,29.777,30.167,29.335,29.413,5735,,,-1.5234,hfq
2000-06-30,29.478,29.660,29.140,29.660,4176,,,0.8398,hfq
2000-07-03,29.660,29.660,29.010,29.140,2359,,,-1.7532,hfq
2000-07-04,29.114,29.335,28.490,28.880,3347,,,-0.8922,hfq
2000-07-05,28.620,29.140,28.516,28.750,3299,,,-0.4501,hfq
2000-07-06,29.010,29.010,28.360,28.620,3488,,,-0.4522,hfq
2000-07-07,28.620,28.724,28.230,28.542,5748,,,-0.2725,hfq
2000-07-10,28.620,28.620,27.658,27.879,5300,,,-2.3229,hfq
2000-07-11,27.840,28.607,27.385,28.607,6426,,,2.6113,hfq
2000-07-12,28.620,28.815,28.087,28.269,3221,,,-1.1815,hfq
2000-07-13,28.620,30.271,28.360,30.271,19350,,,7.0820,hfq
2000-07-14,30.310,30.960,29.036,29.660,9439,,,-2.0184,hfq
2000-07-17,29.790,29.920,29.140,29.270,3784,,,-1.3149,hfq
2000-07-18,29.270,29.777,28.919,29.062,4212,,,-0.7106,hfq
2000-07-19,28.945,29.270,28.880,29.036,2816,,,-0.0895,hfq
2000-07-20,29.010,29.036,28.620,28.919,2338,,,-0.4029,hfq
2000-07-21,28.880,29.049,28.347,28.568,5291,,,-1.2137,hfq
2000-07-24,28.360,28.685,28.334,28.464,2834,,,-0.3640,hfq
2000-07-25,28.620,29.140,28.360,28.490,4776,,,0.0913,hfq
2000-07-26,28.620,29.140,28.360,28.581,9436,,,0.3194,hfq
2000-07-27,28.740,29.924,28.708,29.380,6163,,,2.7956,hfq
2000-07-28,29.540,29.540,28.932,29.028,1842,,,-1.1981,hfq
2000-07-31,28.980,29.540,28.580,29.428,4439,,,1.3780,hfq
2000-08-01,29.428,29.508,28.820,28.852,1973,,,-1.9573,hfq
2000-08-02,29.316,29.332,28.676,28.820,2214,,,-0.1109,hfq
2000-08-03,28.740,28.900,28.420,28.500,4136,,,-1.1103,hfq
2000-08-04,28.420,28.580,27.764,27.812,5168,,,-2.4140,hfq
2000-08-07,27.812,28.260,27.620,28.260,3712,,,1.6108,hfq
2000-08-08,28.340,28.900,28.100,28.900,4253,,,2.2647,hfq
2000-08-09,29.220,29.732,28.980,29.252,7160,,,1.2180,hfq
2000-08-10,29.540,29.892,28.708,29.348,2252,,,0.3282,hfq
2000-08-11,29.556,29.668,28.660,29.156,7405,,,-0.6542,hfq
2000-08-14,29.188,29.188,28.580,28.820,2822,,,-1.1524,hfq
2000-08-15,28.740,29.060,28.628,29.028,2408,,,0.7217,hfq
2000-08-16,29.188,29.188,28.708,28.820,1427,,,-0.7165,hfq
2000-08-17,28.900,28.900,28.580,28.612,2086,,,-0.7217,hfq
2000-08-18,28.740,28.740,28.436,28.500,1892,,,-0.3914,hfq
2000-08-21,28.580,28.580,28.196,28.260,3155,,,-0.8421,hfq
2000-08-22,28.356,29.044,28.116,28.388,2349,,,0.4529,hfq
2000-08-23,28.404,28.548,27.140,28.004,4008,,,-1.3527,hfq
2000-08-24,27.956,28.388,27.908,28.036,3123,,,0.1143,hfq
2000-08-25,28.036,28.372,27.924,28.180,2105,,,0.5136,hfq
2000-08-28,28.100,28.692,27.940,28.500,2622,,,1.1356,hfq
2000-08-29,28.660,29.140,28.660,28.740,2723,,,0.8421,hfq
2000-08-30,28.756,29.028,28.452,28.900,2980,,,0.5567,hfq
2000-08-31,28.804,28.884,28.180,28.260,3107,,,-2.2145,hfq
2000-09-01,28.100,28.820,28.100,28.660,2922,,,1.4154,hfq
2000-09-04,28.420,29.060,28.228,29.012,2356,,,1.2282,hfq
2000-09-05,29.012,29.812,29.012,29.428,7745,,,1.4339,hfq
2000-09-06,29.428,31.268,29.428,30.500,22684,,,3.6428,hfq
2000-09-07,30.820,31.204,30.340,30.596,9835,,,0.3148,hfq
2000-09-08,30.596,30.820,29.556,29.860,6195,,,-2.4055,hfq
2000-09-11,29.860,30.644,29.588,30.020,4772,,,0.5358,hfq
2000-09-12,30.020,31.300,29.860,31.220,13689,,,3.9973,hfq
2000-09-13,31.380,31.428,30.580,31.348,9221,,,0.4100,hfq
2000-09-14,31.300,31.300,30.500,30.548,3464,,,-2.5520,hfq
2000-09-15,30.148,30.660,29.716,30.020,10189,,,-1.7284,hfq
2000-09-18,30.020,30.020,28.708,28.884,4452,,,-3.7841,hfq
2000-09-19,28.756,28.756,27.860,28.420,4302,,,-1.6064,hfq
2000-09-20,28.420,28.580,27.748,28.548,2649,,,0.4504,hfq
2000-09-21,28.580,28.628,27.860,27.876,2108,,,-2.3539,hfq
2000-09-22,27.780,28.100,27.236,27.268,3163,,,-2.1811,hfq
2000-09-25,27.300,27.940,27.268,27.300,1933,,,0.1174,hfq
2000-09-26,27.428,27.444,26.900,27.060,2046,,,-0.8791,hfq
2000-09-27,28.388,28.388,26.980,27.092,2364,,,0.1183,hfq
2000-09-28,27.252,27.540,26.820,26.836,2130,,,-0.9449,hfq
2000-09-29,26.868,27.284,26.868,26.900,2102,,,0.2385,hfq
2000-10-09,26.996,27.140,26.500,26.660,2683,,,-0.8922,hfq
2000-10-10,26.676,26.820,26.420,26.820,2461,,,0.6002,hfq
2000-10-11,26.980,27.012,26.420,26.484,2425,,,-1.2528,hfq
2000-10-12,26.500,26.660,26.020,26.020,3184,,,-1.7520,hfq
2000-10-13,26.660,26.788,25.220,25.540,3076,,,-1.8447,hfq
2000-10-16,25.252,25.380,24.260,24.420,5593,,,-4.3853,hfq
2000-10-17,24.388,25.204,24.340,25.156,1962,,,3.0139,hfq
2000-10-18,25.220,25.300,24.596,25.108,1992,,,-0.1908,hfq
2000-10-19,25.108,25.108,24.820,24.932,1440,,,-0.7010,hfq
2000-10-20,24.900,25.668,24.596,25.540,2508,,,2.4386,hfq
2000-10-23,25.540,26.004,25.540,25.780,2054,,,0.9397,hfq
2000-10-24,25.812,25.908,25.252,25.380,1206,,,-1.5516,hfq
2000-10-25,25.380,25.460,24.820,25.204,2953,,,-0.6935,hfq
2000-10-26,25.220,25.508,25.204,25.348,1611,,,0.5713,hfq
2000-10-27,25.236,25.508,25.220,25.380,2139,,,0.1262,hfq
2000-10-30,25.236,25.828,25.236,25.396,1705,,,0.0630,hfq
2000-10-31,25.412,25.668,24.916,25.028,2817,,,-1.4490,hfq
2000-11-01,25.060,25.460,24.900,25.188,1421,,,0.6393,hfq
2000-11-02,25.220,25.620,25.076,25.220,2726,,,0.1270,hfq
2000-11-03,25.620,25.668,25.220,25.428,1224,,,0.8247,hfq
2000-11-06,25.428,25.972,25.380,25.844,2889,,,1.6360,hfq
2000-11-07,25.940,26.788,25.860,26.788,2320,,,3.6527,hfq
2000-11-08,26.468,27.108,26.180,27.108,3225,,,1.1946,hfq
2000-11-09,27.060,27.092,26.628,26.996,3407,,,-0.4132,hfq
2000-11-10,26.820,26.980,26.420,26.740,3798,,,-0.9483,hfq
2000-11-13,26.740,27.684,26.516,27.604,5373,,,3.2311,hfq
2000-11-14,27.620,28.020,26.820,27.972,4780,,,1.3331,hfq
2000-11-15,27.540,27.972,27.316,27.620,3900,,,-1.2584,hfq
2000-11-16,27.524,29.220,27.460,28.804,15400,,,4.2867,hfq
2000-11-17,28.884,29.060,28.276,28.532,5842,,,-0.9443,hfq
2000-11-20,28.404,28.420,28.020,28.116,4982,,,-1.4580,hfq
2000-11-21,28.020,30.980,28.020,28.868,8851,,,2.6746,hfq
2000-11-22,28.900,29.460,28.260,28.836,5692,,,-0.1108,hfq
2000-11-23,29.140,29.140,28.500,28.708,3527,,,-0.4439,hfq
2000-11-24,28.708,29.908,27.700,27.780,5214,,,-3.2325,hfq
2000-11-27,27.620,27.636,26.948,26.948,2889,,,-2.9950,hfq
2000-11-28,26.996,27.636,26.996,27.636,1820,,,2.5531,hfq
2000-11-29,27.636,27.860,26.580,26.708,6949,,,-3.3579,hfq
2000-11-30,26.708,26.980,26.500,26.804,3964,,,0.3594,hfq
2000-12-01,26.836,27.108,26.836,26.932,1784,,,0.4775,hfq
2000-12-04,27.140,27.604,26.948,27.460,3118,,,1.9605,hfq
2000-12-05,27.460,27.700,27.412,27.476,3167,,,0.0583,hfq
2000-12-06,27.460,27.700,27.300,27.428,4572,,,-0.1747,hfq
2000-12-07,27.460,27.556,26.628,27.108,5334,,,-1.1667,hfq
2000-12-08,26.948,27.140,26.660,26.788,2499,,,-1.1805,hfq
2000-12-11,26.180,26.660,25.860,26.036,3737,,,-2.8072,hfq
2000-12-12,26.036,26.532,25.988,26.196,3358,,,0.6145,hfq
2000-12-13,26.196,26.196,25.892,26.020,3417,,,-0.6719,hfq
2000-12-14,25.940,26.180,25.940,26.164,2922,,,0.5534,hfq
2000-12-15,26.020,26.660,26.020,26.340,3034,,,0.6727,hfq
2000-12-18,26.340,26.468,26.180,26.404,1260,,,0.2430,hfq
2000-12-19,26.436,27.076,26.356,27.028,1505,,,2.3633,hfq
2000-12-20,27.140,27.620,26.836,27.380,2311,,,1.3024,hfq
2000-12-21,27.460,27.876,27.300,27.652,4276,,,0.9934,hfq
2000-12-22,27.620,27.844,27.012,27.060,2061,,,-2.1409,hfq
2000-12-25,27.076,27.732,26.020,26.580,2568,,,-1.7738,hfq
2000-12-26,26.580,26.820,26.180,26.708,2176,,,0.4816,hfq
2000-12-27,26.340,26.836,26.196,26.820,2023,,,0.4194,hfq
2000-12-28,26.660,27.716,26.580,27.140,2647,,,1.1931,hfq
2000-12-29,27.332,28.100,26.820,28.100,3596,,,3.5372,hfq
2001-01-02,27.860,28.020,27.268,27.460,4333,,,-2.2776,hfq
2001-01-03,27.460,28.084,27.460,27.940,3354,,,1.7480,hfq
2001-01-04,27.940,27.956,27.300,27.556,2420,,,-1.3744,hfq
2001-01-05,27.604,28.980,27.428,28.228,9134,,,2.4387,hfq
2001-01-08,28.388,28.420,27.620,28.180,3860,,,-0.1700,hfq
2001-01-09,28.100,28.404,27.796,28.180,2387,,,0.0000,hfq
2001-01-10,28.196,28.676,28.100,28.372,1949,,,0.6813,hfq
2001-01-11,28.420,28.548,28.148,28.180,2399,,,-0.6767,hfq
2001-01-12,28.324,28.340,27.588,27.636,1624,,,-1.9304,hfq
2001-01-15,27.572,27.572,26.820,26.980,1976,,,-2.3737,hfq
2001-01-16,26.820,27.124,26.020,26.900,1670,,,-0.2965,hfq
2001-01-17,26.916,26.980,26.260,26.292,1812,,,-2.2602,hfq
2001-01-18,26.292,26.804,26.292,26.660,1213,,,1.3997,hfq
2001-01-19,26.820,27.108,26.660,26.948,1749,,,1.0803,hfq
2001-02-05,27.108,27.220,26.612,26.612,1078,,,-1.2468,hfq
2001-02-06,26.500,26.580,26.052,26.228,1335,,,-1.4430,hfq
2001-02-07,26.180,26.628,26.180,26.340,478,,,0.4270,hfq
2001-02-08,26.228,26.804,23.604,25.508,1422,,,-3.1587,hfq
2001-02-09,25.700,26.020,25.380,25.668,1682,,,0.6273,hfq
2001-02-12,25.700,25.732,24.900,25.220,1638,,,-1.7454,hfq
2001-02-13,25.220,25.700,25.220,25.300,906,,,0.3172,hfq
2001-02-14,25.476,25.700,25.220,25.380,933,,,0.3162,hfq
2001-02-15,25.476,25.700,25.188,25.220,635,,,-0.6304,hfq
2001-02-16,25.188,25.188,24.740,25.092,1338,,,-0.5075,hfq
2001-02-19,25.220,25.380,25.060,25.300,697,,,0.8289,hfq
2001-02-20,25.412,25.700,25.380,25.428,603,,,0.5059,hfq
2001-02-21,25.220,25.364,23.620,24.660,1461,,,-3.0203,hfq
2001-02-22,24.676,24.900,24.452,24.548,1477,,,-0.4542,hfq
2001-02-23,24.820,24.820,24.420,24.660,1182,,,0.4562,hfq
2001-02-26,24.740,25.300,24.692,25.252,926,,,2.4006,hfq
2001-02-27,25.268,25.636,25.060,25.316,752,,,0.2534,hfq
2001-02-28,25.380,25.380,24.468,25.188,308,,,-0.5056,hfq
2001-03-01,25.188,25.508,25.188,25.508,789,,,1.2704,hfq
2001-03-02,25.540,25.700,25.380,25.572,1198,,,0.2509,hfq
2001-03-05,25.572,25.700,25.412,25.460,726,,,-0.4380,hfq
2001-03-06,25.332,25.620,25.044,25.076,1158,,,-1.5082,hfq
2001-03-07,25.204,25.620,25.092,25.220,681,,,0.5743,hfq
2001-03-08,25.220,25.460,25.060,25.316,812,,,0.3807,hfq
2001-03-09,25.380,25.620,25.140,25.540,1865,,,0.8848,hfq
2001-03-12,25.540,25.540,25.300,25.444,1027,,,-0.3759,hfq
2001-03-13,25.428,25.428,24.996,25.124,1528,,,-1.2577,hfq
2001-03-14,25.188,25.508,25.140,25.332,851,,,0.8279,hfq
2001-03-15,25.332,25.620,25.172,25.524,2086,,,0.7579,hfq
2001-03-16,25.620,25.620,25.252,25.412,1186,,,-0.4388,hfq
2001-03-19,25.300,26.500,25.220,25.988,1840,,,2.2666,hfq
2001-03-20,25.892,26.500,25.860,26.036,975,,,0.1847,hfq
2001-03-21,25.940,26.852,25.940,26.836,3394,,,3.0727,hfq
2001-03-22,26.420,27.380,26.420,27.236,4387,,,1.4905,hfq
2001-03-23,27.300,27.572,26.740,26.820,4996,,,-1.5274,hfq
2001-03-26,26.740,27.140,26.740,26.980,4533,,,0.5966,hfq
2001-03-27,27.124,27.140,26.596,26.884,4170,,,-0.3558,hfq
2001-03-28,26.980,27.300,25.828,25.860,9827,,,-3.8090,hfq
2001-03-29,25.860,26.244,25.316,25.524,14809,,,-1.2993,hfq
2001-03-30,25.572,25.988,24.580,25.892,4138,,,1.4418,hfq
2001-04-02,25.860,25.940,25.300,25.508,5853,,,-1.4831,hfq
2001-04-03,25.380,25.588,25.220,25.300,6045,,,-0.8154,hfq
2001-04-04,25.300,25.524,25.140,25.156,5045,,,-0.5692,hfq
2001-04-05,25.140,25.140,24.884,25.028,4639,,,-0.5088,hfq
2001-04-06,25.220,25.620,25.060,25.252,3371,,,0.8950,hfq
2001-04-09,25.300,25.380,25.060,25.124,2572,,,-0.5069,hfq
2001-04-10,25.140,25.284,25.076,25.124,2220,,,0.0000,hfq
2001-04-11,25.236,25.236,24.900,24.980,3357,,,-0.5732,hfq
2001-04-12,25.060,25.220,24.596,24.980,5876,,,0.0000,hfq
2001-04-13,25.028,25.220,24.964,25.188,3374,,,0.8327,hfq
2001-04-16,25.380,25.508,25.156,25.300,5581,,,0.4447,hfq
2001-04-17,25.300,25.988,25.268,25.780,5599,,,1.8972,hfq
2001-04-18,25.860,26.020,25.540,25.748,2936,,,-0.1241,hfq
2001-04-19,25.748,25.956,25.380,25.588,2319,,,-0.6214,hfq
2001-04-20,25.556,25.780,25.140,25.188,4225,,,-1.5632,hfq
2001-04-23,25.140,25.620,24.772,24.772,3897,,,-1.6516,hfq
2001-04-24,24.820,24.900,24.420,24.500,9172,,,-1.0980,hfq
2001-04-25,24.820,24.820,24.500,24.644,4979,,,0.5878,hfq
2001-04-26,24.660,24.900,24.628,24.900,2398,,,1.0388,hfq
2001-04-27,24.740,25.300,24.740,24.852,3170,,,-0.1928,hfq
2001-04-30,24.868,25.076,24.740,24.820,1427,,,-0.1288,hfq
2001-05-08,24.900,24.900,24.660,24.756,1378,,,-0.2579,hfq
2001-05-09,24.756,24.820,24.452,24.516,1816,,,-0.9695,hfq
2001-05-10,24.564,25.140,24.516,25.124,1740,,,2.4800,hfq
2001-05-15,25.188,25.540,25.060,25.348,2616,,,0.8916,hfq
2001-05-16,25.348,25.492,24.900,25.028,2482,,,-1.2624,hfq
2001-05-17,25.060,25.412,24.900,25.396,3063,,,1.4704,hfq
2001-05-18,25.252,25.540,25.060,25.348,2578,,,-0.1890,hfq
2001-05-21,25.140,25.348,24.932,24.996,2050,,,-1.3887,hfq
2001-05-22,24.996,25.060,24.580,24.740,2287,,,-1.0242,hfq
2001-05-23,24.740,24.740,24.500,24.596,3069,,,-0.5821,hfq
2001-05-24,24.564,25.012,24.212,24.228,4603,,,-1.4962,hfq
2001-05-25,24.228,24.356,23.940,24.356,3204,,,0.5283,hfq
2001-05-28,24.308,24.308,23.860,23.972,2467,,,-1.5766,hfq
2001-05-29,23.956,24.724,23.620,24.500,7780,,,2.2026,hfq
2001-05-30,24.500,24.868,24.292,24.644,2208,,,0.5878,hfq
2001-05-31,24.756,24.836,24.628,24.692,2437,,,0.1948,hfq
2001-06-01,24.692,24.708,24.308,24.372,2596,,,-1.2960,hfq
2001-06-04,24.420,24.420,24.100,24.340,3573,,,-0.1313,hfq
2001-06-05,24.420,24.884,24.196,24.740,5993,,,1.6434,hfq
2001-06-06,24.548,25.460,24.548,25.316,13855,,,2.3282,hfq
2001-06-07,25.540,25.540,25.140,25.220,4246,,,-0.3792,hfq
2001-06-08,25.348,25.348,24.772,24.980,3668,,,-0.9516,hfq
2001-06-11,24.964,25.540,24.964,25.268,6274,,,1.1529,hfq
2001-06-12,25.220,25.860,25.220,25.684,10148,,,1.6464,hfq
2001-06-13,25.860,26.020,25.348,25.700,5801,,,0.0623,hfq
2001-06-14,25.540,25.780,24.900,25.172,7298,,,-2.0545,hfq
2001-06-15,25.220,25.380,24.900,25.220,4842,,,0.1907,hfq
2001-06-18,25.220,25.700,24.932,25.220,4184,,,0.0000,hfq
2001-06-19,25.220,25.380,24.932,25.284,2095,,,0.2538,hfq
2001-06-20,25.220,25.508,24.820,25.172,1554,,,-0.4430,hfq
2001-06-21,25.220,25.700,25.172,25.540,3870,,,1.4619,hfq
2001-06-22,25.620,25.700,25.236,25.460,1986,,,-0.3132,hfq
2001-06-25,25.460,25.684,25.188,25.444,3287,,,-0.0628,hfq
2001-06-26,25.460,26.084,25.220,25.876,7633,,,1.6978,hfq
2001-06-27,25.892,25.988,25.620,25.780,3725,,,-0.3710,hfq
2001-06-28,25.716,26.004,25.700,25.908,4893,,,0.4965,hfq
2001-06-29,25.908,26.164,25.796,25.972,5305,,,0.2470,hfq
2001-07-02,25.972,26.276,25.892,26.180,5958,,,0.8009,hfq
2001-07-03,26.132,26.180,25.972,26.084,2568,,,-0.3667,hfq
2001-07-04,26.020,26.180,25.828,26.100,3726,,,0.0613,hfq
2001-07-05,25.940,26.212,25.700,25.924,3110,,,-0.6743,hfq
2001-07-06,25.700,26.404,25.700,25.988,7985,,,0.2469,hfq
2001-07-09,26.100,26.372,25.940,26.052,4400,,,0.2463,hfq
2001-07-10,26.180,26.324,25.956,26.180,5156,,,0.4913,hfq
2001-07-11,26.324,26.708,26.148,26.532,16073,,,1.3445,hfq
2001-07-12,26.628,26.964,26.500,26.948,17166,,,1.5679,hfq
2001-07-13,26.980,27.220,26.580,26.692,12038,,,-0.9500,hfq
2001-07-16,26.852,27.108,26.500,26.868,10425,,,0.6594,hfq
2001-07-17,26.868,27.252,26.644,27.124,9365,,,0.9528,hfq
2001-07-18,27.476,27.492,26.788,26.964,11246,,,-0.5899,hfq
2001-07-19,26.980,27.060,26.404,26.580,8672,,,-1.4241,hfq
2001-07-20,26.692,27.300,26.548,27.284,16158,,,2.6486,hfq
2001-07-23,27.460,27.940,27.284,27.300,27736,,,0.0586,hfq
2001-07-24,27.300,27.300,26.452,26.660,17111,,,-2.3443,hfq
2001-07-25,26.500,26.740,26.020,26.484,11284,,,-0.6602,hfq
2001-07-26,26.340,26.516,25.684,25.908,9862,,,-2.1749,hfq
2001-07-27,26.020,26.420,25.508,26.100,14003,,,0.7411,hfq
2001-07-30,26.020,26.116,25.060,25.220,10543,,,-3.3716,hfq
2001-07-31,25.140,25.620,24.116,24.420,7078,,,-3.1721,hfq
2001-08-01,24.548,25.540,24.548,25.460,11036,,,4.2588,hfq
2001-08-02,25.700,25.796,24.660,25.620,9782,,,0.6284,hfq
2001-08-03,25.700,26.004,25.220,25.700,12578,,,0.3123,hfq
2001-08-06,25.620,25.700,24.148,24.868,18452,,,-3.2374,hfq
2001-08-07,24.740,24.868,22.068,22.420,32130,,,-9.8440,hfq
2001-08-08,22.180,22.196,20.228,20.340,29006,,,-9.2774,hfq
2001-08-09,20.340,21.988,19.076,21.588,26358,,,6.1357,hfq
2001-08-10,21.428,21.796,20.916,21.588,18282,,,0.0000,hfq
2001-08-13,21.668,22.324,21.252,21.908,14765,,,1.4823,hfq
2001-08-14,22.180,22.468,21.700,21.876,9237,,,-0.1461,hfq
2001-08-15,21.828,22.308,21.716,22.164,5053,,,1.3165,hfq
2001-08-16,22.260,22.500,21.876,22.340,7303,,,0.7941,hfq
2001-08-17,22.180,22.804,22.180,22.788,7429,,,2.0054,hfq
2001-08-20,22.772,22.772,22.340,22.756,3590,,,-0.1404,hfq
2001-08-21,22.756,22.884,22.260,22.276,4816,,,-2.1093,hfq
2001-08-22,22.100,22.340,21.284,21.396,7329,,,-3.9504,hfq
2001-08-23,21.188,21.684,20.500,21.140,6196,,,-1.1965,hfq
2001-08-24,21.220,21.636,20.740,21.060,3243,,,-0.3784,hfq
2001-08-27,20.772,20.980,20.100,20.132,4294,,,-4.4065,hfq
2001-08-28,19.940,20.260,19.476,20.260,3260,,,0.6358,hfq
2001-08-29,20.388,20.724,20.132,20.340,1671,,,0.3949,hfq
2001-08-30,20.420,20.420,19.860,19.940,1445,,,-1.9666,hfq
2001-08-31,20.020,20.420,19.940,20.100,1791,,,0.8024,hfq
2001-09-03,20.020,20.020,19.540,19.604,2217,,,-2.4677,hfq
2001-09-04,19.460,20.340,19.460,20.308,3132,,,3.5911,hfq
2001-09-05,20.580,20.884,20.228,20.244,2911,,,-0.3151,hfq
2001-09-06,20.244,20.676,19.940,20.084,2129,,,-0.7904,hfq
2001-09-07,19.956,20.420,19.620,19.636,2109,,,-2.2306,hfq
2001-09-10,19.300,20.276,19.076,20.276,3837,,,3.2593,hfq
2001-09-12,19.780,19.892,19.076,19.460,6687,,,-4.0245,hfq
2001-09-13,19.428,19.780,19.108,19.140,4340,,,-1.6444,hfq
2001-09-14,19.140,19.380,18.308,18.452,5822,,,-3.5946,hfq
2001-09-17,18.372,18.372,17.364,17.476,6120,,,-5.2894,hfq
2001-09-18,17.348,18.260,17.300,17.796,2545,,,1.8311,hfq
2001-09-19,17.860,18.068,17.396,17.956,1581,,,0.8991,hfq
2001-09-20,18.116,18.196,17.828,17.892,2292,,,-0.3564,hfq
2001-09-21,17.940,17.940,17.508,17.556,1792,,,-1.8779,hfq
2001-09-24,17.460,17.956,17.460,17.604,1220,,,0.2734,hfq
2001-09-25,17.684,17.812,17.348,17.588,1345,,,-0.0909,hfq
2001-09-26,17.620,17.700,17.300,17.316,1394,,,-1.5465,hfq
2001-09-27,17.284,17.380,16.900,17.124,1515,,,-1.1088,hfq
2001-09-28,17.236,17.636,16.932,17.188,1389,,,0.3737,hfq
2001-10-08,17.732,17.732,16.740,16.852,905,,,-1.9549,hfq
2001-10-09,16.740,17.028,16.436,16.788,1172,,,-0.3798,hfq
2001-10-10,16.900,16.916,15.652,15.652,2180,,,-6.7667,hfq
2001-10-11,15.700,16.004,15.156,15.284,1882,,,-2.3511,hfq
2001-10-12,15.284,16.580,15.076,16.100,3011,,,5.3389,hfq
2001-10-15,16.260,16.900,15.940,16.484,2460,,,2.3851,hfq
2001-10-16,16.580,16.724,15.908,16.020,965,,,-2.8149,hfq
2001-10-17,15.940,16.100,15.460,15.748,2667,,,-1.6979,hfq
2001-10-18,15.748,15.780,15.316,15.428,4072,,,-2.0320,hfq
2001-10-19,15.300,15.396,14.340,14.564,3239,,,-5.6002,hfq
2001-10-22,14.532,14.628,14.148,14.196,2069,,,-2.5268,hfq
2001-10-23,15.924,15.924,15.332,15.924,6949,,,12.1724,hfq
2001-10-24,16.868,17.524,16.420,16.916,16859,,,6.2296,hfq
2001-10-25,16.580,16.836,16.132,16.308,5122,,,-3.5942,hfq
2001-10-26,16.308,16.500,16.036,16.180,2590,,,-0.7849,hfq
2001-10-29,16.292,17.444,16.292,17.412,11013,,,7.6143,hfq
2001-10-30,17.380,18.180,17.028,17.540,11897,,,0.7351,hfq
2001-10-31,17.380,17.668,16.980,17.524,4322,,,-0.0912,hfq
2001-11-01,17.700,18.260,17.556,17.956,9436,,,2.4652,hfq
2001-11-02,17.828,18.020,17.508,17.508,5532,,,-2.4950,hfq
2001-11-05,17.348,17.508,17.140,17.380,2125,,,-0.7311,hfq
2001-11-06,17.380,17.636,17.300,17.428,2007,,,0.2762,hfq
2001-11-07,17.380,17.380,16.100,16.100,4569,,,-7.6199,hfq
2001-11-08,15.780,16.388,15.460,16.276,2867,,,1.0932,hfq
2001-11-09,16.244,16.724,16.020,16.548,2096,,,1.6712,hfq
2001-11-12,16.612,17.668,16.612,16.980,6063,,,2.6106,hfq
2001-11-13,16.628,17.300,16.596,17.108,3064,,,0.7538,hfq
2001-11-14,17.140,17.540,17.140,17.300,2721,,,1.1223,hfq
2001-11-15,17.300,17.524,17.188,17.380,2589,,,0.4624,hfq
2001-11-16,19.300,19.300,17.700,17.860,13206,,,2.7618,hfq
2001-11-19,17.860,18.372,17.780,18.340,12016,,,2.6876,hfq
2001-11-20,18.420,19.476,18.372,19.012,31966,,,3.6641,hfq
2001-11-21,19.060,19.300,18.756,19.220,11257,,,1.0940,hfq
2001-11-22,19.268,19.300,18.980,19.092,7009,,,-0.6660,hfq
2001-11-23,18.980,19.060,18.628,18.660,8599,,,-2.2627,hfq
2001-11-26,18.628,18.900,18.516,18.676,4818,,,0.0857,hfq
2001-11-27,18.692,19.284,18.692,19.188,8048,,,2.7415,hfq
2001-11-28,19.300,19.380,18.980,19.028,7794,,,-0.8339,hfq
2001-11-29,19.044,19.380,18.980,19.140,5248,,,0.5886,hfq
2001-11-30,19.124,19.636,19.124,19.620,12287,,,2.5078,hfq
2001-12-03,19.908,19.908,19.428,19.652,7766,,,0.1631,hfq
2001-12-04,19.652,19.700,19.092,19.428,9583,,,-1.1398,hfq
2001-12-05,19.364,19.524,18.772,18.788,7386,,,-3.2942,hfq
2001-12-06,18.740,18.980,18.660,18.820,7043,,,0.1703,hfq
2001-12-07,18.900,18.980,18.788,18.820,4148,,,0.0000,hfq
2001-12-10,18.820,18.868,18.628,18.820,2795,,,0.0000,hfq
2001-12-11,18.820,18.900,18.580,18.596,2333,,,-1.1902,hfq
2001-12-12,18.468,18.580,18.100,18.116,3775,,,-2.5812,hfq
2001-12-13,18.084,18.356,17.620,17.668,3784,,,-2.4730,hfq
2001-12-14,17.620,17.732,17.396,17.444,3537,,,-1.2678,hfq
2001-12-17,17.140,17.428,17.076,17.156,1850,,,-1.6510,hfq
2001-12-18,17.156,17.572,17.156,17.572,3888,,,2.4248,hfq
2001-12-19,17.668,17.764,17.476,17.540,3961,,,-0.1821,hfq
2001-12-20,17.060,17.540,16.868,16.900,2877,,,-3.6488,hfq
2001-12-21,16.868,17.188,16.852,17.124,1406,,,1.3254,hfq
2001-12-24,17.108,17.108,16.388,16.436,1870,,,-4.0178,hfq
2001-12-25,16.388,16.772,16.308,16.612,1757,,,1.0708,hfq
2001-12-26,16.500,16.740,16.500,16.708,2364,,,0.5779,hfq
2001-12-27,16.724,16.900,16.612,16.740,3934,,,0.1915,hfq
2001-12-28,16.708,17.060,16.708,17.044,1102,,,1.8160,hfq
2001-12-31,17.060,17.508,17.060,17.236,1397,,,1.1265,hfq
2002-01-04,17.412,17.668,16.820,16.900,2007,,,-1.9494,hfq
2002-01-07,16.708,16.804,16.420,16.580,990,,,-1.8935,hfq
2002-01-08,16.452,16.820,16.420,16.452,1365,,,-0.7720,hfq
2002-01-09,16.404,16.420,15.860,15.940,2483,,,-3.1121,hfq
2002-01-10,16.020,16.100,15.268,15.988,2684,,,0.3011,hfq
2002-01-11,16.036,16.100,15.300,15.364,1885,,,-3.9029,hfq
2002-01-14,15.060,15.140,14.228,14.420,5970,,,-6.1442,hfq
2002-01-15,14.180,14.500,14.100,14.212,2710,,,-1.4424,hfq
2002-01-16,14.180,14.676,14.020,14.628,2334,,,2.9271,hfq
2002-01-17,14.628,14.628,13.860,13.940,2826,,,-4.7033,hfq
2002-01-18,13.716,14.084,13.220,13.732,3508,,,-1.4921,hfq
2002-01-21,13.684,13.684,12.628,12.900,4547,,,-6.0588,hfq
2002-01-22,12.884,13.540,12.740,12.900,2835,,,0.0000,hfq
2002-01-23,12.900,14.148,12.548,14.132,3814,,,9.5504,hfq
2002-01-24,14.020,15.332,13.732,14.820,13621,,,4.8684,hfq
2002-01-25,14.740,15.140,14.676,14.804,7403,,,-0.1080,hfq
2002-01-28,14.660,14.804,13.012,13.076,7098,,,-11.6725,hfq
2002-01-29,12.868,13.828,12.740,13.668,3397,,,4.5274,hfq
2002-01-30,13.732,14.020,13.476,13.764,2435,,,0.7024,hfq
2002-01-31,14.004,15.268,14.004,15.076,9399,,,9.5321,hfq
2002-02-01,15.188,15.380,14.852,14.996,6784,,,-0.5306,hfq
2002-02-04,14.980,15.524,14.820,15.412,4632,,,2.7741,hfq
2002-02-05,15.428,15.652,15.268,15.460,3891,,,0.3114,hfq
2002-02-06,15.316,15.604,14.756,14.820,5383,,,-4.1397,hfq
2002-02-07,14.756,15.380,14.660,15.348,4213,,,3.5628,hfq
2002-02-08,15.444,15.700,15.300,15.316,4725,,,-0.2085,hfq
2002-02-25,16.020,16.196,15.780,16.100,9859,,,5.1188,hfq
2002-02-26,16.100,16.116,15.476,15.956,3450,,,-0.8944,hfq
2002-02-27,15.828,16.036,15.716,15.876,2187,,,-0.5014,hfq
2002-02-28,15.860,16.100,15.780,15.908,3779,,,0.2016,hfq
2002-03-01,15.604,15.844,15.428,15.588,2222,,,-2.0116,hfq
2002-03-04,15.572,16.148,14.980,16.100,3523,,,3.2846,hfq
2002-03-05,16.068,16.868,16.068,16.756,8086,,,4.0745,hfq
2002-03-06,16.868,17.060,16.436,16.660,6518,,,-0.5729,hfq
2002-03-07,16.548,17.252,16.420,17.220,9313,,,3.3613,hfq
2002-03-08,17.252,17.300,16.980,17.268,7676,,,0.2787,hfq
2002-03-11,17.252,17.732,17.124,17.716,7663,,,2.5944,hfq
2002-03-12,17.828,17.828,17.220,17.236,10039,,,-2.7094,hfq
2002-03-13,17.220,17.220,16.788,16.852,4460,,,-2.2279,hfq
2002-03-14,16.804,17.380,16.708,17.380,3482,,,3.1332,hfq
2002-03-15,17.396,17.700,16.740,16.756,6268,,,-3.5903,hfq
2002-03-18,16.900,17.428,16.116,16.612,4786,,,-0.8594,hfq
2002-03-19,16.612,17.540,16.228,17.300,8415,,,4.1416,hfq
2002-03-20,17.220,17.700,17.188,17.364,8872,,,0.3699,hfq
2002-03-21,17.300,17.556,17.140,17.188,4716,,,-1.0136,hfq
2002-03-22,17.188,17.348,16.740,16.884,4558,,,-1.7687,hfq
2002-03-25,17.380,17.604,17.140,17.332,6629,,,2.6534,hfq
2002-03-26,17.348,18.692,17.348,18.084,31352,,,4.3388,hfq
2002-03-27,17.988,18.276,17.764,18.100,6619,,,0.0885,hfq
2002-03-28,18.132,18.276,17.892,17.924,5259,,,-0.9724,hfq
2002-03-29,17.716,17.860,17.076,17.156,7714,,,-4.2848,hfq
2002-04-01,17.108,17.412,16.756,17.284,3452,,,0.7461,hfq
2002-04-02,17.284,17.284,16.740,16.836,3246,,,-2.5920,hfq
2002-04-03,16.900,17.252,16.772,16.820,2195,,,-0.0950,hfq
2002-04-04,16.820,17.348,16.516,17.300,3584,,,2.8537,hfq
2002-04-05,17.268,17.572,16.916,17.108,5333,,,-1.1098,hfq
2002-04-08,17.012,17.300,17.012,17.140,1667,,,0.1870,hfq
2002-04-09,17.060,17.748,17.060,17.620,8049,,,2.8005,hfq
2002-04-10,17.620,17.812,17.572,17.748,5367,,,0.7264,hfq
2002-04-11,17.748,17.748,17.156,17.220,4131,,,-2.9750,hfq
2002-04-12,17.220,17.492,17.124,17.380,4190,,,0.9292,hfq
2002-04-15,17.588,18.084,17.540,17.700,21733,,,1.8412,hfq
2002-04-16,17.812,17.812,17.380,17.588,3241,,,-0.6328,hfq
2002-04-17,17.748,17.748,17.236,17.556,3428,,,-0.1819,hfq
2002-04-18,17.780,17.780,17.252,17.636,3083,,,0.4557,hfq
2002-04-19,17.220,17.684,17.076,17.620,2991,,,-0.0907,hfq
2002-04-22,17.572,17.700,17.268,17.284,1843,,,-1.9069,hfq
2002-04-23,17.268,17.540,17.028,17.348,2950,,,0.3703,hfq
2002-04-24,17.108,17.364,17.108,17.108,723,,,-1.3834,hfq
2002-04-25,16.452,17.572,16.452,17.092,2878,,,-0.0935,hfq
2002-04-26,17.284,17.524,17.060,17.476,3117,,,2.2467,hfq
2002-04-29,17.476,17.780,17.476,17.684,5557,,,1.1902,hfq
2002-04-30,17.780,17.780,17.460,17.556,4805,,,-0.7238,hfq
2002-05-08,17.572,17.700,17.380,17.476,1736,,,-0.4557,hfq
2002-05-09,17.268,17.556,17.236,17.508,1773,,,0.1831,hfq
2002-05-10,17.460,17.460,17.060,17.108,2486,,,-2.2847,hfq
2002-05-13,17.140,17.140,16.820,17.092,2856,,,-0.0935,hfq
2002-05-14,16.916,17.204,16.852,16.916,3775,,,-1.0297,hfq
2002-05-15,16.852,16.916,16.228,16.340,6599,,,-3.4051,hfq
2002-05-16,16.340,16.340,15.620,15.636,5291,,,-4.3084,hfq
2002-05-17,15.556,16.244,15.540,16.132,3736,,,3.1722,hfq
2002-05-20,16.084,16.084,15.620,15.812,1201,,,-1.9836,hfq
2002-05-21,16.292,16.564,15.988,16.276,3448,,,2.9345,hfq
2002-05-22,16.308,16.372,15.780,15.796,1803,,,-2.9491,hfq
2002-05-23,15.924,17.044,15.924,16.772,11437,,,6.1788,hfq
2002-05-24,16.964,17.012,16.500,16.724,5996,,,-0.2862,hfq
2002-05-27,16.820,17.060,16.532,16.884,8161,,,0.9567,hfq
2002-05-28,16.900,17.012,16.500,16.804,3654,,,-0.4738,hfq
2002-05-29,16.788,16.788,15.940,16.020,3496,,,-4.6656,hfq
2002-05-30,15.908,16.180,15.508,15.908,2421,,,-0.6991,hfq
2002-05-31,15.940,15.972,15.556,15.716,2481,,,-1.2069,hfq
2002-06-03,15.588,15.700,14.980,14.996,2189,,,-4.5813,hfq
2002-06-04,14.996,15.892,14.964,15.508,2607,,,3.4142,hfq
2002-06-05,15.300,15.300,14.948,14.996,1362,,,-3.3015,hfq
2002-06-06,14.836,16.516,14.836,15.812,5070,,,5.4415,hfq
2002-06-07,15.780,16.020,15.620,15.780,3261,,,-0.2024,hfq
2002-06-10,15.860,15.860,15.220,15.284,1656,,,-3.1432,hfq
2002-06-11,15.268,15.620,15.268,15.460,1290,,,1.1515,hfq
2002-06-12,15.332,15.396,15.156,15.332,1156,,,-0.8279,hfq
2002-06-13,15.236,15.508,15.060,15.380,1705,,,0.3131,hfq
2002-06-14,15.156,15.380,15.140,15.172,1478,,,-1.3524,hfq
2002-06-17,14.980,15.348,14.964,15.188,490,,,0.1055,hfq
2002-06-18,15.300,15.620,15.300,15.572,1184,,,2.5283,hfq
2002-06-20,15.588,15.700,15.252,15.380,3346,,,-1.2330,hfq
2002-06-21,15.396,16.244,15.396,16.036,6115,,,4.2653,hfq
2002-06-24,17.956,17.956,17.220,17.956,37028,,,11.9731,hfq
2002-06-25,17.956,18.660,17.348,17.620,16904,,,-1.8712,hfq
2002-06-26,17.620,18.756,17.508,18.068,20355,,,2.5426,hfq
2002-06-27,18.100,18.500,17.988,18.292,12115,,,1.2398,hfq
2002-06-28,18.292,18.292,17.540,17.828,11386,,,-2.5366,hfq
2002-07-01,17.700,17.924,17.636,17.636,3829,,,-1.0770,hfq
2002-07-02,17.412,17.940,17.396,17.908,4184,,,1.5423,hfq
2002-07-03,18.260,18.260,17.620,17.700,2552,,,-1.1615,hfq
2002-07-04,17.748,18.020,17.620,17.668,3170,,,-0.1808,hfq
2002-07-05,17.620,18.068,17.540,18.052,6827,,,2.1734,hfq
2002-07-08,18.260,19.140,18.228,19.012,37398,,,5.3180,hfq
2002-07-09,19.220,19.220,18.740,18.964,21079,,,-0.2525,hfq
2002-07-10,18.980,18.980,18.548,18.612,11548,,,-1.8561,hfq
2002-07-11,18.612,18.900,18.500,18.772,9750,,,0.8597,hfq
2002-07-12,18.596,18.852,18.580,18.836,7065,,,0.3409,hfq
2002-07-15,18.980,19.508,18.820,18.996,23082,,,0.8494,hfq
2002-07-16,18.996,19.188,18.740,18.868,6687,,,-0.6738,hfq
2002-07-17,18.996,18.996,18.740,18.868,8932,,,0.0000,hfq
2002-07-18,19.348,19.348,18.980,19.092,16260,,,1.1872,hfq
2002-07-19,19.188,19.428,18.820,19.044,14708,,,-0.2514,hfq
2002-07-22,19.012,19.124,18.404,18.564,10643,,,-2.5205,hfq
2002-07-23,18.564,18.644,18.228,18.420,6646,,,-0.7757,hfq
2002-07-24,18.356,18.724,18.356,18.420,8181,,,0.0000,hfq
2002-07-25,18.580,18.676,18.180,18.420,5464,,,0.0000,hfq
2002-07-26,18.228,18.516,18.228,18.388,4762,,,-0.1737,hfq
2002-07-29,18.260,18.820,18.228,18.756,3901,,,2.0013,hfq
2002-07-30,18.724,18.836,18.420,18.756,9548,,,0.0000,hfq
2002-07-31,18.836,18.836,18.404,18.500,5213,,,-1.3649,hfq
2002-08-01,18.356,19.108,18.356,19.044,24037,,,2.9405,hfq
2002-08-02,19.028,19.348,18.916,19.092,14016,,,0.2520,hfq
2002-08-05,19.060,19.092,18.580,18.612,9402,,,-2.5141,hfq
2002-08-06,18.500,18.836,18.260,18.580,9235,,,-0.1719,hfq
2002-08-07,18.548,18.548,18.324,18.532,4899,,,-0.2583,hfq
2002-08-08,18.500,18.708,18.420,18.644,3998,,,0.6044,hfq
2002-08-09,18.580,18.740,18.292,18.660,4135,,,0.0858,hfq
2002-08-12,18.388,18.580,18.164,18.548,7398,,,-0.6002,hfq
2002-08-13,18.500,18.964,18.404,18.868,12793,,,1.7253,hfq
2002-08-14,18.868,18.932,18.580,18.836,4612,,,-0.1696,hfq
2002-08-15,18.724,18.740,18.340,18.404,3574,,,-2.2935,hfq
2002-08-16,18.404,18.708,18.228,18.452,2392,,,0.2608,hfq
2002-08-19,18.484,18.484,18.260,18.340,2024,,,-0.6070,hfq
2002-08-20,18.308,18.564,18.276,18.452,3297,,,0.6107,hfq
2002-08-21,18.580,18.612,18.340,18.420,2510,,,-0.1734,hfq
2002-08-22,18.388,18.676,18.388,18.596,6479,,,0.9555,hfq
2002-08-23,18.644,18.644,18.404,18.548,4053,,,-0.2581,hfq
2002-08-26,18.548,18.580,18.132,18.244,4064,,,-1.6390,hfq
2002-08-27,18.260,18.356,17.940,18.084,6487,,,-0.8770,hfq
2002-08-28,18.052,18.276,18.020,18.100,2077,,,0.0885,hfq
2002-08-29,18.228,18.228,17.780,17.924,4421,,,-0.9724,hfq
2002-08-30,18.100,18.100,17.780,17.876,2710,,,-0.2678,hfq
2002-09-02,17.892,17.892,17.524,17.684,4665,,,-1.0741,hfq
2002-09-03,17.700,17.860,17.700,17.764,3043,,,0.4524,hfq
2002-09-04,17.780,17.860,17.524,17.556,3739,,,-1.1709,hfq
2002-09-05,17.476,17.636,17.316,17.316,2771,,,-1.3671,hfq
2002-09-06,17.300,17.332,16.948,16.996,5092,,,-1.8480,hfq
2002-09-09,16.980,17.044,16.788,16.980,2790,,,-0.0941,hfq
2002-09-10,16.980,17.172,16.820,17.076,1513,,,0.5654,hfq
2002-09-11,17.140,17.188,16.660,16.868,2904,,,-1.2181,hfq
2002-09-12,16.900,17.076,16.852,16.916,2275,,,0.2846,hfq
2002-09-13,16.916,16.964,16.820,16.868,1313,,,-0.2838,hfq
2002-09-16,16.740,16.788,16.372,16.516,1892,,,-2.0868,hfq
2002-09-17,16.548,16.692,16.276,16.452,2155,,,-0.3875,hfq
2002-09-18,16.452,16.564,16.404,16.404,979,,,-0.2918,hfq
2002-09-19,16.500,16.772,16.180,16.644,2921,,,1.4631,hfq
2002-09-20,16.660,16.804,16.580,16.788,1842,,,0.8652,hfq
2002-09-23,16.660,17.060,16.644,16.900,1247,,,0.6671,hfq
2002-09-24,16.820,16.932,16.740,16.820,1520,,,-0.4734,hfq
2002-09-25,16.820,16.820,16.660,16.676,956,,,-0.8561,hfq
2002-09-26,16.676,16.676,16.388,16.436,1024,,,-1.4392,hfq
2002-09-27,16.388,16.500,16.372,16.436,1139,,,0.0000,hfq
2002-10-08,16.244,16.276,15.204,15.796,3827,,,-3.8939,hfq
2002-10-09,15.732,15.812,15.508,15.668,2283,,,-0.8103,hfq
2002-10-10,15.668,15.732,15.460,15.492,1969,,,-1.1233,hfq
2002-10-11,15.492,15.700,15.412,15.540,1329,,,0.3098,hfq
2002-10-14,15.540,15.684,15.476,15.636,739,,,0.6178,hfq
2002-10-15,15.684,15.700,15.556,15.604,749,,,-0.2047,hfq
2002-10-16,15.652,15.940,15.636,15.796,1011,,,1.2305,hfq
2002-10-17,15.796,15.860,15.428,15.444,1651,,,-2.2284,hfq
2002-10-18,15.380,15.700,15.300,15.572,1233,,,0.8288,hfq
2002-10-21,15.540,16.324,15.492,16.324,5324,,,4.8292,hfq
2002-10-22,16.484,16.676,16.324,16.548,10704,,,1.3722,hfq
2002-10-23,16.468,16.644,16.180,16.612,4153,,,0.3868,hfq
2002-10-24,16.612,16.644,16.228,16.244,3027,,,-2.2153,hfq
2002-10-25,16.212,16.340,15.700,15.860,2493,,,-2.3639,hfq
2002-10-28,15.860,15.908,15.540,15.556,2163,,,-1.9168,hfq
2002-10-29,15.380,15.828,15.380,15.764,2050,,,1.3371,hfq
2002-10-30,15.796,16.020,15.636,15.860,4701,,,0.6090,hfq
2002-10-31,16.196,16.196,15.828,16.004,4038,,,0.9079,hfq
2002-11-01,16.020,16.084,15.812,16.036,2764,,,0.2000,hfq
2002-11-04,16.100,16.340,16.068,16.292,2258,,,1.5964,hfq
2002-11-05,16.340,16.596,16.228,16.468,9855,,,1.0803,hfq
2002-11-06,16.692,16.788,16.340,16.388,3289,,,-0.4858,hfq
2002-11-07,16.356,16.436,16.020,16.068,3608,,,-1.9526,hfq
2002-11-08,16.324,16.500,15.636,15.668,5977,,,-2.4894,hfq
2002-11-11,15.588,16.004,15.540,15.588,2231,,,-0.5106,hfq
2002-11-12,15.588,15.780,15.268,15.380,4935,,,-1.3344,hfq
2002-11-13,15.220,15.348,14.820,15.188,3339,,,-1.2484,hfq
2002-11-14,15.236,15.236,14.820,14.900,3765,,,-1.8962,hfq
2002-11-15,14.868,15.124,14.612,14.740,2721,,,-1.0738,hfq
2002-11-18,14.820,14.820,14.180,14.324,3064,,,-2.8223,hfq
2002-11-19,14.260,14.564,14.260,14.548,1524,,,1.5638,hfq
2002-11-20,14.340,14.388,13.908,13.924,1935,,,-4.2892,hfq
2002-11-21,13.924,13.924,13.380,13.460,3541,,,-3.3324,hfq
2002-11-22,13.492,14.020,13.300,13.620,2645,,,1.1887,hfq
2002-11-25,13.540,13.780,13.188,13.588,1427,,,-0.2349,hfq
2002-11-26,13.620,13.780,13.156,13.156,1840,,,-3.1793,hfq
2002-11-27,12.980,13.300,12.820,13.236,2003,,,0.6081,hfq
2002-11-28,12.900,13.732,12.900,13.716,2391,,,3.6265,hfq
2002-11-29,13.588,14.228,13.588,13.908,6673,,,1.3998,hfq
2002-12-02,13.860,13.860,13.140,13.220,3927,,,-4.9468,hfq
2002-12-03,13.188,13.396,13.060,13.332,4099,,,0.8472,hfq
2002-12-04,13.380,13.764,13.220,13.556,6193,,,1.6802,hfq
2002-12-05,13.476,13.556,13.300,13.380,1472,,,-1.2983,hfq
2002-12-06,13.300,13.588,13.220,13.412,1194,,,0.2392,hfq
2002-12-09,13.300,13.508,13.220,13.252,1574,,,-1.1930,hfq
2002-12-10,13.252,13.300,12.980,13.028,2440,,,-1.6903,hfq
2002-12-11,12.996,13.140,12.932,13.092,1775,,,0.4912,hfq
2002-12-12,13.092,13.284,13.060,13.220,3176,,,0.9777,hfq
2002-12-13,13.108,13.380,12.820,13.284,1861,,,0.4841,hfq
2002-12-16,13.300,13.668,13.300,13.652,5273,,,2.7702,hfq
2002-12-17,13.700,13.780,13.524,13.652,3827,,,0.0000,hfq
2002-12-18,13.748,13.764,13.572,13.636,3503,,,-0.1172,hfq
2002-12-19,13.540,13.652,13.444,13.540,1586,,,-0.7040,hfq
2002-12-20,13.556,14.004,13.460,13.940,6027,,,2.9542,hfq
2002-12-23,13.684,14.180,13.684,13.828,3937,,,-0.8034,hfq
2002-12-24,13.860,14.052,13.828,13.988,4087,,,1.1571,hfq
2002-12-25,13.988,14.004,13.780,13.796,1778,,,-1.3726,hfq
2002-12-26,13.716,13.748,13.156,13.716,5199,,,-0.5799,hfq
2002-12-27,13.428,13.940,13.332,13.444,3087,,,-1.9831,hfq
2002-12-30,13.428,13.428,12.996,13.124,1853,,,-2.3802,hfq
2002-12-31,13.140,13.220,12.964,13.012,2596,,,-0.8534,hfq
2003-01-02,12.964,13.076,12.340,12.452,3107,,,-4.3037,hfq
2003-01-03,12.420,12.580,12.148,12.212,2911,,,-1.9274,hfq
2003-01-06,12.180,12.420,12.148,12.340,1940,,,1.0481,hfq
2003-01-07,12.356,12.676,12.356,12.500,2681,,,1.2966,hfq
2003-01-08,12.500,12.932,12.436,12.916,1791,,,3.3280,hfq
2003-01-09,12.980,13.236,12.820,13.188,3808,,,2.1059,hfq
2003-01-10,13.156,13.684,13.108,13.124,5903,,,-0.4853,hfq
2003-01-13,13.140,13.252,13.028,13.156,2019,,,0.2438,hfq
2003-01-14,13.124,14.020,13.076,13.812,11496,,,4.9863,hfq
2003-01-15,14.020,14.036,13.476,13.620,7362,,,-1.3901,hfq
2003-01-16,13.540,14.004,13.540,13.956,5425,,,2.4670,hfq
2003-01-17,14.020,14.100,13.716,14.004,6117,,,0.3439,hfq
2003-01-20,14.020,14.052,13.572,14.004,6037,,,0.0000,hfq
2003-01-21,14.004,14.132,13.652,13.668,9802,,,-2.3993,hfq
2003-01-22,13.620,13.748,13.540,13.700,2492,,,0.2341,hfq
2003-01-23,13.780,14.836,13.780,14.260,26513,,,4.0876,hfq
2003-01-24,14.068,14.548,13.988,14.452,11138,,,1.3464,hfq
2003-01-27,14.548,14.644,14.244,14.452,13963,,,0.0000,hfq
2003-01-28,14.420,14.452,14.212,14.436,4800,,,-0.1107,hfq
2003-01-29,14.436,14.468,14.228,14.324,6452,,,-0.7758,hfq
2003-02-10,14.340,14.340,13.876,13.908,3533,,,-2.9042,hfq
2003-02-11,13.860,14.068,13.812,14.068,1919,,,1.1504,hfq
2003-02-12,13.972,14.260,13.956,14.260,2736,,,1.3648,hfq
2003-02-13,14.260,14.420,14.132,14.148,5094,,,-0.7854,hfq
2003-02-14,14.148,14.292,13.988,14.244,3770,,,0.6785,hfq
2003-02-17,14.244,14.404,14.100,14.148,2820,,,-0.6740,hfq
2003-02-18,14.372,14.820,14.180,14.612,11027,,,3.2796,hfq
2003-02-19,14.628,14.660,14.340,14.628,5720,,,0.1095,hfq
2003-02-20,14.660,14.660,14.484,14.516,4363,,,-0.7657,hfq
2003-02-21,14.500,14.548,14.068,14.068,6530,,,-3.0862,hfq
2003-02-24,14.020,14.148,14.004,14.068,3707,,,0.0000,hfq
2003-02-25,14.116,14.548,14.116,14.516,5187,,,3.1845,hfq
2003-02-26,14.596,14.708,14.500,14.628,5189,,,0.7716,hfq
2003-02-27,14.676,14.724,14.404,14.484,3425,,,-0.9844,hfq
2003-02-28,14.468,14.548,14.196,14.340,2887,,,-0.9942,hfq
2003-03-03,14.372,14.740,14.372,14.692,4974,,,2.4547,hfq
2003-03-04,14.724,14.724,14.500,14.532,3747,,,-1.0890,hfq
2003-03-05,14.564,14.628,14.260,14.340,4705,,,-1.3212,hfq
2003-03-06,14.340,14.420,14.004,14.036,5074,,,-2.1199,hfq
2003-03-07,14.132,14.164,13.940,13.956,3073,,,-0.5700,hfq
2003-03-10,13.956,14.020,13.620,13.636,3591,,,-2.2929,hfq
2003-03-11,13.684,13.748,13.556,13.700,1701,,,0.4693,hfq
2003-03-12,13.700,13.780,13.492,13.668,1689,,,-0.2336,hfq
2003-03-13,13.668,13.780,13.572,13.588,1140,,,-0.5853,hfq
2003-03-14,13.556,13.716,13.476,13.604,1504,,,0.1178,hfq
2003-03-17,13.604,13.620,13.428,13.588,2039,,,-0.1176,hfq
2003-03-18,13.540,13.748,13.428,13.428,1692,,,-1.1775,hfq
2003-03-19,13.396,13.668,13.396,13.492,1235,,,0.4766,hfq
2003-03-20,13.508,13.636,13.348,13.396,2026,,,-0.7115,hfq
2003-03-21,13.364,13.780,13.364,13.780,1646,,,2.8665,hfq
2003-03-24,13.780,13.844,13.588,13.684,2237,,,-0.6967,hfq
2003-03-25,13.652,13.700,13.476,13.540,2285,,,-1.0523,hfq
2003-03-26,14.020,14.372,13.796,14.052,22596,,,3.7814,hfq
2003-03-27,14.052,14.724,13.956,14.580,35913,,,3.7575,hfq
2003-03-28,14.660,15.044,14.500,14.644,30205,,,0.4390,hfq
2003-03-31,14.708,14.932,14.596,14.868,12355,,,1.5296,hfq
2003-04-01,14.900,14.980,14.676,14.836,11029,,,-0.2152,hfq
2003-04-02,14.852,14.932,14.660,14.692,8345,,,-0.9706,hfq
2003-04-03,14.692,14.836,14.532,14.772,8030,,,0.5445,hfq
2003-04-04,14.756,15.076,14.708,15.044,9967,,,1.8413,hfq
2003-04-07,15.140,15.140,14.676,14.724,9943,,,-2.1271,hfq
2003-04-08,14.692,14.820,14.452,14.580,9137,,,-0.9780,hfq
2003-04-09,14.548,15.044,14.420,14.980,9547,,,2.7435,hfq
2003-04-10,14.996,15.508,14.980,15.236,25843,,,1.7089,hfq
2003-04-11,15.300,15.780,15.300,15.700,21784,,,3.0454,hfq
2003-04-14,15.796,16.468,15.796,16.164,27566,,,2.9554,hfq
2003-04-15,16.180,16.500,15.988,16.468,19606,,,1.8807,hfq
2003-04-16,16.468,16.468,15.700,15.780,18824,,,-4.1778,hfq
2003-04-17,15.700,15.956,15.620,15.924,10259,,,0.9125,hfq
2003-04-18,16.100,16.180,15.796,15.956,6870,,,0.2010,hfq
2003-04-21,15.860,15.860,15.188,15.316,10151,,,-4.0110,hfq
2003-04-22,15.332,15.396,15.092,15.156,5177,,,-1.0447,hfq
2003-04-23,15.156,15.220,14.740,14.900,8339,,,-1.6891,hfq
2003-04-24,14.996,15.124,14.340,14.500,9202,,,-2.6846,hfq
2003-04-25,14.468,14.740,14.260,14.324,5325,,,-1.2138,hfq
2003-04-28,14.228,14.868,13.988,14.804,7909,,,3.3510,hfq
2003-04-30,14.500,14.884,14.132,14.628,8670,,,-1.1889,hfq
2003-05-12,14.612,14.660,14.196,14.340,4601,,,-1.9688,hfq
2003-05-13,14.388,14.628,13.556,13.604,8219,,,-5.1325,hfq
2003-05-14,13.540,14.020,13.492,13.956,4943,,,2.5875,hfq
2003-05-15,14.068,14.356,13.860,14.260,8914,,,2.1783,hfq
2003-05-16,14.276,14.548,14.276,14.468,6565,,,1.4586,hfq
2003-05-19,14.516,14.900,14.516,14.628,5309,,,1.1059,hfq
2003-05-20,14.628,14.628,14.212,14.420,3921,,,-1.4219,hfq
2003-05-21,14.388,14.756,14.356,14.612,5632,,,1.3315,hfq
2003-05-22,14.580,14.580,14.244,14.420,3667,,,-1.3140,hfq
2003-05-23,14.420,15.220,14.420,15.028,26657,,,4.2164,hfq
2003-05-26,15.700,16.132,15.668,15.892,71565,,,5.7493,hfq
2003-05-27,15.860,15.860,15.380,15.540,14561,,,-2.2150,hfq
2003-05-28,15.444,15.828,15.300,15.332,9976,,,-1.3385,hfq
2003-05-29,15.540,15.828,15.380,15.732,5843,,,2.6089,hfq
2003-05-30,15.732,15.732,15.380,15.700,8167,,,-0.2034,hfq
2003-06-02,15.700,15.828,15.428,15.748,7924,,,0.3057,hfq
2003-06-03,15.700,15.748,15.300,15.364,6631,,,-2.4384,hfq
2003-06-04,15.348,15.380,15.108,15.332,5928,,,-0.2083,hfq
2003-06-05,15.268,15.284,14.580,14.980,4773,,,-2.2959,hfq
2003-06-06,14.900,14.932,14.676,14.692,4864,,,-1.9226,hfq
2003-06-09,14.580,14.820,14.436,14.596,3721,,,-0.6534,hfq
2003-06-10,14.612,14.740,14.548,14.740,3641,,,0.9866,hfq
2003-06-11,14.740,14.980,14.676,14.932,4481,,,1.3026,hfq
2003-06-12,14.980,15.044,14.740,14.820,3496,,,-0.7501,hfq
2003-06-13,14.820,15.060,14.820,15.060,3977,,,1.6194,hfq
2003-06-16,15.092,15.092,14.900,14.964,2246,,,-0.6375,hfq
2003-06-17,15.060,15.380,15.060,15.236,8904,,,1.8177,hfq
2003-06-18,15.380,15.396,15.156,15.220,8904,,,-0.1050,hfq
2003-06-19,15.236,15.252,14.948,15.204,5703,,,-0.1051,hfq
2003-06-20,15.204,15.268,15.060,15.140,6979,,,-0.4209,hfq
2003-06-23,15.092,15.092,14.500,14.548,4540,,,-3.9102,hfq
2003-06-24,14.500,14.500,14.260,14.276,3087,,,-1.8697,hfq
2003-06-25,14.292,14.404,14.100,14.148,2321,,,-0.8966,hfq
2003-06-26,14.068,14.148,13.700,14.100,4902,,,-0.3393,hfq
2003-06-27,14.100,14.100,13.748,13.796,3013,,,-2.1560,hfq
2003-07-01,13.748,14.020,13.620,13.796,3395,,,0.0000,hfq
2003-07-02,13.956,14.068,13.812,13.956,1909,,,1.1598,hfq
2003-07-03,14.020,14.036,13.892,13.924,3334,,,-0.2293,hfq
2003-07-04,13.940,14.052,13.780,14.052,2909,,,0.9193,hfq
2003-07-07,14.020,14.260,13.924,14.244,2982,,,1.3664,hfq
2003-07-08,14.228,14.308,14.180,14.292,3453,,,0.3370,hfq
2003-07-09,14.292,14.340,14.020,14.100,4191,,,-1.3434,hfq
2003-07-10,14.068,14.404,13.972,14.308,5545,,,1.4752,hfq
2003-07-11,14.260,14.324,14.132,14.196,2850,,,-0.7828,hfq
2003-07-14,14.196,14.196,14.068,14.068,1773,,,-0.9017,hfq
2003-07-15,14.068,14.068,13.924,14.004,2996,,,-0.4549,hfq
2003-07-16,13.908,14.068,13.908,14.036,1734,,,0.2285,hfq
2003-07-17,14.036,14.260,13.940,14.228,3265,,,1.3679,hfq
2003-07-18,14.100,14.388,14.100,14.308,6161,,,0.5623,hfq
2003-07-21,14.260,14.660,14.164,14.580,10067,,,1.9010,hfq
2003-07-22,14.660,14.740,14.500,14.612,4117,,,0.2195,hfq
2003-07-23,14.628,14.628,14.340,14.596,4474,,,-0.1095,hfq
2003-07-24,14.820,14.820,14.420,14.628,3976,,,0.2192,hfq
2003-07-25,14.628,14.628,14.308,14.404,4866,,,-1.5313,hfq
2003-07-28,14.276,14.404,14.212,14.244,2330,,,-1.1108,hfq
2003-07-29,14.228,14.276,14.132,14.260,1367,,,0.1123,hfq
2003-07-30,14.420,14.452,14.260,14.420,1955,,,1.1220,hfq
2003-07-31,14.420,14.420,14.196,14.420,2039,,,0.0000,hfq
2003-08-01,14.276,14.628,14.228,14.580,2587,,,1.1096,hfq
2003-08-04,14.580,14.820,14.340,14.804,4016,,,1.5364,hfq
2003-08-05,14.644,14.756,14.612,14.660,859,,,-0.9727,hfq
2003-08-06,14.612,14.612,14.420,14.452,1258,,,-1.4188,hfq
2003-08-07,14.452,14.580,14.356,14.532,1782,,,0.5536,hfq
2003-08-08,14.500,14.500,14.308,14.420,943,,,-0.7707,hfq
2003-08-11,14.356,14.420,14.212,14.292,953,,,-0.8877,hfq
2003-08-12,14.420,14.436,14.228,14.436,1351,,,1.0076,hfq
2003-08-13,14.420,14.500,14.276,14.356,917,,,-0.5542,hfq
2003-08-14,14.260,14.420,14.228,14.244,880,,,-0.7802,hfq
2003-08-15,14.132,14.356,14.036,14.116,1393,,,-0.8986,hfq
2003-08-18,14.068,14.068,13.764,13.796,10153,,,-2.2669,hfq
2003-08-19,13.780,13.940,13.748,13.876,1225,,,0.5799,hfq
2003-08-20,13.876,13.876,13.700,13.812,3816,,,-0.4612,hfq
2003-08-21,13.796,13.844,13.764,13.780,875,,,-0.2317,hfq
2003-08-22,13.812,13.812,13.652,13.668,1841,,,-0.8128,hfq
2003-08-25,13.668,13.668,13.252,13.412,2488,,,-1.8730,hfq
2003-08-26,13.380,13.668,13.332,13.444,1024,,,0.2386,hfq
2003-08-27,13.444,13.492,13.396,13.476,808,,,0.2380,hfq
2003-08-28,13.460,13.476,13.252,13.252,1664,,,-1.6622,hfq
2003-08-29,13.252,13.540,13.060,13.524,1583,,,2.0525,hfq
2003-09-01,13.492,13.940,13.316,13.924,5928,,,2.9577,hfq
2003-09-02,13.924,14.564,13.572,14.372,13965,,,3.2175,hfq
2003-09-03,13.476,14.628,12.996,14.596,28846,,,1.5586,hfq
2003-09-04,15.348,15.348,14.388,15.140,47653,,,3.7270,hfq
2003-09-05,15.060,15.076,14.020,14.516,46664,,,-4.1215,hfq
2003-09-08,14.516,15.380,13.092,15.220,88971,,,4.8498,hfq
2003-09-15,13.476,13.940,13.476,13.476,14645,,,-11.4586,hfq
2003-09-16,12.628,12.932,12.356,12.580,8467,,,-6.6489,hfq
2003-09-17,12.500,12.580,12.212,12.276,4426,,,-2.4165,hfq
2003-09-18,12.228,12.532,12.228,12.404,2680,,,1.0427,hfq
2003-09-19,12.276,12.484,12.276,12.340,1295,,,-0.5160,hfq
2003-09-22,12.436,12.468,12.340,12.372,3063,,,0.2593,hfq
2003-09-23,11.668,11.668,11.060,11.284,69241,,,-8.7941,hfq
2003-09-24,11.300,11.604,11.300,11.444,33353,,,1.4179,hfq
2003-09-25,11.460,11.460,11.076,11.364,19691,,,-0.6991,hfq
2003-09-26,11.252,11.380,11.220,11.268,4891,,,-0.8448,hfq
2003-09-29,11.348,11.524,11.252,11.444,10431,,,1.5619,hfq
2003-09-30,11.444,11.492,11.140,11.380,8428,,,-0.5592,hfq
2003-10-08,11.380,11.492,11.300,11.412,4301,,,0.2812,hfq
2003-10-09,11.380,11.492,11.252,11.268,3600,,,-1.2618,hfq
2003-10-10,11.236,11.780,11.188,11.604,22779,,,2.9819,hfq
2003-10-13,11.604,11.652,11.460,11.508,8332,,,-0.8273,hfq
2003-10-14,11.492,11.492,11.316,11.364,4256,,,-1.2513,hfq
2003-10-15,11.348,11.508,11.284,11.316,3293,,,-0.4224,hfq
2003-10-16,11.284,11.300,10.900,10.996,11787,,,-2.8279,hfq
2003-10-17,10.900,11.044,10.788,10.852,6391,,,-1.3096,hfq
2003-10-20,10.852,10.852,10.580,10.580,7001,,,-2.5065,hfq
2003-10-21,10.580,10.804,10.500,10.772,5621,,,1.8147,hfq
2003-10-22,10.772,11.076,10.660,11.028,10439,,,2.3765,hfq
2003-10-23,11.044,11.108,10.836,10.852,4772,,,-1.5959,hfq
2003-10-24,10.820,10.820,10.612,10.724,3619,,,-1.1795,hfq
2003-10-27,10.660,11.108,10.660,10.836,5452,,,1.0444,hfq
2003-10-28,10.772,11.060,10.724,10.996,6826,,,1.4766,hfq
2003-10-29,10.996,10.996,10.564,10.596,11562,,,-3.6377,hfq
2003-10-30,10.596,10.852,10.532,10.788,6289,,,1.8120,hfq
2003-10-31,10.756,11.044,10.740,10.884,5954,,,0.8899,hfq
2003-11-03,10.820,11.044,10.740,10.964,3876,,,0.7350,hfq
2003-11-04,10.996,11.524,10.980,11.124,17601,,,1.4593,hfq
2003-11-05,11.220,11.268,10.996,11.044,7514,,,-0.7192,hfq
2003-11-06,11.044,11.060,10.628,10.740,10615,,,-2.7526,hfq
2003-11-07,10.676,10.852,10.580,10.836,5311,,,0.8939,hfq
2003-11-10,10.740,10.836,10.644,10.836,2368,,,0.0000,hfq
2003-11-11,10.820,10.900,10.292,10.436,16146,,,-3.6914,hfq
2003-11-12,10.388,10.388,10.100,10.212,9532,,,-2.1464,hfq
2003-11-13,10.180,10.308,10.116,10.228,2518,,,0.1567,hfq
2003-11-14,10.244,10.420,10.244,10.308,4506,,,0.7822,hfq
2003-11-17,10.308,10.452,10.276,10.356,2133,,,0.4657,hfq
2003-11-18,10.356,10.436,10.292,10.356,3256,,,0.0000,hfq
2003-11-19,10.292,10.724,10.292,10.580,8607,,,2.1630,hfq
2003-11-20,10.580,10.980,10.500,10.932,13502,,,3.3270,hfq
2003-11-21,10.932,11.028,10.660,10.740,10740,,,-1.7563,hfq
2003-11-24,10.676,11.364,10.660,11.204,17651,,,4.3203,hfq
2003-11-25,11.220,11.540,11.140,11.316,26921,,,0.9996,hfq
2003-11-26,11.316,11.364,11.108,11.236,10930,,,-0.7070,hfq
2003-11-27,11.204,11.236,10.884,10.916,8694,,,-2.8480,hfq
2003-11-28,10.836,11.060,10.836,10.948,5511,,,0.2931,hfq
2003-12-01,11.108,11.236,10.996,11.204,11818,,,2.3383,hfq
2003-12-02,11.236,11.524,11.092,11.444,29767,,,2.1421,hfq
2003-12-03,11.444,11.924,11.268,11.716,49154,,,2.3768,hfq
2003-12-04,11.876,12.116,11.780,11.940,79721,,,1.9119,hfq
2003-12-05,11.940,12.020,11.700,11.812,15944,,,-1.0720,hfq
2003-12-08,11.812,11.828,11.524,11.556,12015,,,-2.1673,hfq
2003-12-09,11.524,11.764,11.476,11.716,11018,,,1.3846,hfq
2003-12-10,11.732,11.828,11.572,11.764,10971,,,0.4097,hfq
2003-12-11,11.780,11.860,11.620,11.716,11740,,,-0.4080,hfq
2003-12-12,11.716,11.796,11.588,11.652,9602,,,-0.5463,hfq
2003-12-15,11.636,11.764,11.460,11.508,12001,,,-1.2358,hfq
2003-12-16,11.476,11.540,11.252,11.412,12577,,,-0.8342,hfq
2003-12-17,11.460,11.460,11.156,11.172,28572,,,-2.1030,hfq
2003-12-18,11.140,11.300,11.028,11.060,19322,,,-1.0025,hfq
2003-12-19,11.060,11.140,10.516,10.740,28978,,,-2.8933,hfq
2003-12-22,10.740,11.028,10.388,10.964,17112,,,2.0857,hfq
2003-12-23,10.980,11.204,10.868,11.028,19751,,,0.5837,hfq
2003-12-24,11.060,11.300,11.028,11.236,28389,,,1.8861,hfq
2003-12-25,11.300,11.300,10.996,11.092,25462,,,-1.2816,hfq
2003-12-26,11.220,11.220,10.964,11.060,40550,,,-0.2885,hfq
2003-12-29,11.156,11.348,10.996,11.236,54834,,,1.5913,hfq
2003-12-30,11.220,11.316,11.028,11.044,18018,,,-1.7088,hfq
2003-12-31,11.012,11.140,10.580,10.612,31174,,,-3.9116,hfq
2004-01-02,10.628,10.948,10.628,10.884,13852,,,2.5631,hfq
2004-01-05,10.884,11.028,10.676,10.948,21094,,,0.5880,hfq
2004-01-06,10.948,11.124,10.836,11.108,20413,,,1.4615,hfq
2004-01-07,11.172,11.572,10.916,11.428,28629,,,2.8808,hfq
2004-01-08,11.428,12.020,11.428,11.748,52482,,,2.8001,hfq
2004-01-09,11.860,11.988,11.412,11.428,51274,,,-2.7239,hfq
2004-01-12,11.380,11.812,11.380,11.732,26103,,,2.6601,hfq
2004-01-13,12.004,12.820,11.988,12.580,135848,,,7.2281,hfq
2004-01-14,12.580,12.868,12.308,12.772,65443,,,1.5262,hfq
2004-01-15,12.788,12.804,12.388,12.500,32378,,,-2.1297,hfq
2004-01-16,12.500,12.644,12.420,12.500,26735,,,0.0000,hfq
2004-01-29,12.500,12.756,12.308,12.708,25799,,,1.6640,hfq
2004-01-30,12.788,12.820,12.308,12.308,23346,,,-3.1476,hfq
2004-02-02,12.340,12.756,12.132,12.420,40743,,,0.9100,hfq
2004-02-03,12.420,12.516,12.148,12.500,36164,,,0.6441,hfq
2004-02-04,12.532,13.124,12.516,12.900,57200,,,3.2000,hfq
2004-02-05,12.948,12.948,12.596,12.836,40775,,,-0.4961,hfq
2004-02-06,12.852,13.268,12.692,13.124,69725,,,2.2437,hfq
2004-02-09,13.156,13.460,13.108,13.300,46425,,,1.3411,hfq
2004-02-10,13.380,13.396,12.996,13.076,29464,,,-1.6842,hfq
2004-02-11,13.044,13.076,12.756,12.884,29735,,,-1.4683,hfq
2004-02-12,12.916,13.188,12.852,13.092,24246,,,1.6144,hfq
2004-02-13,13.060,13.076,12.708,12.788,21589,,,-2.3220,hfq
2004-02-16,12.788,13.140,12.644,13.124,27953,,,2.6275,hfq
2004-02-17,13.140,13.668,13.108,13.524,58905,,,3.0479,hfq
2004-02-18,13.700,13.764,13.364,13.764,67465,,,1.7746,hfq
2004-02-19,13.876,14.500,13.860,14.164,84574,,,2.9061,hfq
2004-02-20,14.116,14.820,14.036,14.724,106645,,,3.9537,hfq
2004-02-23,14.900,15.012,14.100,14.148,59251,,,-3.9120,hfq
2004-02-24,14.036,14.404,13.940,14.260,44578,,,0.7916,hfq
2004-02-25,14.260,14.452,13.700,13.780,55161,,,-3.3661,hfq
2004-02-26,13.636,13.860,13.556,13.636,27533,,,-1.0450,hfq
2004-02-27,13.684,14.484,13.684,14.324,43896,,,5.0455,hfq
2004-03-01,14.356,15.028,14.356,14.740,58162,,,2.9042,hfq
2004-03-02,14.820,15.172,14.580,14.900,67449,,,1.0855,hfq
2004-03-03,14.900,14.964,14.196,14.228,35730,,,-4.5101,hfq
2004-03-04,14.228,14.868,14.116,14.724,30740,,,3.4861,hfq
2004-03-05,14.900,14.900,14.500,14.500,17686,,,-1.5213,hfq
2004-03-08,14.564,14.580,13.924,14.020,23883,,,-3.3103,hfq
2004-03-09,13.940,14.228,13.860,13.892,18529,,,-0.9130,hfq
2004-03-10,13.988,14.580,13.908,14.468,16339,,,4.1463,hfq
2004-03-11,14.436,14.836,14.388,14.596,31665,,,0.8847,hfq
2004-03-12,14.660,15.044,14.564,14.740,40111,,,0.9866,hfq
2004-03-15,14.740,15.348,14.740,15.092,61502,,,2.3881,hfq
2004-03-16,15.092,15.476,15.092,15.236,46128,,,0.9541,hfq
2004-03-17,15.252,15.700,15.076,15.620,60356,,,2.5203,hfq
2004-03-18,15.764,15.924,15.188,15.220,51122,,,-2.5608,hfq
2004-03-19,15.220,15.940,15.220,15.892,86583,,,4.4152,hfq
2004-03-22,15.300,15.620,14.980,15.236,84588,,,-4.1279,hfq
2004-03-23,15.236,15.700,15.236,15.396,38693,,,1.0501,hfq
2004-03-24,15.460,15.652,15.316,15.428,33012,,,0.2078,hfq
2004-03-25,15.444,16.260,15.444,16.148,84723,,,4.6668,hfq
2004-03-26,16.308,16.340,15.860,16.084,34192,,,-0.3963,hfq
2004-03-29,16.180,16.308,15.892,15.940,45276,,,-0.8953,hfq
2004-03-30,15.940,16.260,15.940,16.148,36337,,,1.3049,hfq
2004-03-31,16.068,16.548,16.068,16.420,34952,,,1.6844,hfq
2004-04-01,16.500,16.564,16.260,16.404,24330,,,-0.0974,hfq
2004-04-02,16.404,16.900,16.404,16.724,56360,,,1.9507,hfq
2004-04-05,16.804,17.492,16.804,17.300,66318,,,3.4442,hfq
2004-04-06,17.380,17.668,17.268,17.412,42307,,,0.6474,hfq
2004-04-07,17.460,18.084,17.444,17.620,55249,,,1.1946,hfq
2004-04-08,17.620,17.716,17.428,17.620,57414,,,0.0000,hfq
2004-04-09,17.668,18.164,17.060,17.300,73332,,,-1.8161,hfq
2004-04-12,17.300,17.956,17.028,17.860,55695,,,3.2370,hfq
2004-04-13,17.940,18.068,17.140,17.396,45800,,,-2.5980,hfq
2004-04-14,17.460,17.492,16.228,16.484,68576,,,-5.2426,hfq
2004-04-15,16.500,16.900,16.244,16.628,40131,,,0.8736,hfq
2004-04-16,16.628,16.868,16.276,16.804,48023,,,1.0585,hfq
2004-04-19,16.820,17.508,16.820,17.188,57300,,,2.2852,hfq
2004-04-20,17.268,17.396,15.252,15.252,161667,,,-11.2637,hfq
2004-04-21,15.684,16.148,15.380,15.732,97138,,,3.1471,hfq
2004-04-22,15.748,15.940,15.396,15.508,34801,,,-1.4238,hfq
2004-04-23,15.524,15.572,14.740,14.948,40111,,,-3.6110,hfq
2004-04-26,14.948,15.380,14.900,15.300,18210,,,2.3548,hfq
2004-04-27,15.364,15.524,15.156,15.188,13477,,,-0.7320,hfq
2004-04-28,15.188,15.364,14.756,15.188,16922,,,0.0000,hfq
2004-04-29,15.140,15.300,14.980,15.012,20019,,,-1.1588,hfq
2004-04-30,15.060,15.300,14.516,14.772,25485,,,-1.5987,hfq
2004-05-10,14.916,15.060,14.468,14.500,9519,,,-1.8413,hfq
2004-05-11,14.500,14.740,14.276,14.484,10432,,,-0.1103,hfq
2004-05-12,14.468,15.044,14.468,15.044,13527,,,3.8663,hfq
2004-05-13,15.060,15.140,14.756,14.788,8006,,,-1.7017,hfq
2004-05-14,14.820,14.836,14.356,14.388,9603,,,-2.7049,hfq
2004-05-17,14.388,14.548,14.308,14.452,7354,,,0.4448,hfq
2004-05-18,14.500,14.612,14.228,14.596,9743,,,0.9964,hfq
2004-05-19,14.596,14.788,14.500,14.596,12090,,,0.0000,hfq
2004-05-20,14.660,15.028,14.516,14.820,11116,,,1.5347,hfq
2004-05-21,14.660,14.820,14.452,14.692,8042,,,-0.8637,hfq
2004-05-25,14.692,14.868,13.780,13.828,22501,,,-5.8808,hfq
2004-05-26,13.828,14.020,13.620,13.684,9064,,,-1.0414,hfq
2004-05-27,13.700,14.020,13.588,13.860,16500,,,1.2862,hfq
2004-05-28,13.892,13.940,13.300,13.364,18205,,,-3.5786,hfq
2004-05-31,13.428,13.444,12.900,13.044,20756,,,-2.3945,hfq
2004-06-01,13.044,13.444,12.980,13.412,18286,,,2.8212,hfq
2004-06-02,13.460,13.844,13.428,13.636,14549,,,1.6701,hfq
2004-06-03,13.684,13.748,13.140,13.204,10231,,,-3.1681,hfq
2004-06-04,13.108,13.332,13.044,13.124,7616,,,-0.6059,hfq
2004-06-07,13.140,13.220,12.612,12.804,11412,,,-2.4383,hfq
2004-06-08,12.740,12.884,12.612,12.692,7353,,,-0.8747,hfq
2004-06-09,12.724,12.900,12.212,12.308,9837,,,-3.0255,hfq
2004-06-10,12.212,12.340,12.036,12.148,12486,,,-1.3000,hfq
2004-06-11,12.308,12.612,12.116,12.228,8940,,,0.6585,hfq
2004-06-14,12.180,12.228,11.716,11.812,10025,,,-3.4020,hfq
2004-06-15,11.780,12.228,11.732,12.020,9351,,,1.7609,hfq
2004-06-16,12.148,12.388,11.988,12.052,12011,,,0.2662,hfq
2004-06-17,12.228,12.228,12.036,12.180,8407,,,1.0621,hfq
2004-06-18,12.180,12.628,12.180,12.484,18579,,,2.4959,hfq
2004-06-21,12.484,12.740,12.452,12.628,9801,,,1.1535,hfq
2004-06-22,12.628,12.772,12.532,12.676,11983,,,0.3801,hfq
2004-06-23,12.740,12.884,12.628,12.644,16859,,,-0.2524,hfq
2004-06-24,12.634,12.634,11.918,12.071,9297,,,-4.5318,hfq
2004-06-25,12.071,12.174,11.636,11.662,13072,,,-3.3883,hfq
2004-06-28,11.662,11.764,11.354,11.431,9847,,,-1.9808,hfq
2004-06-29,11.457,11.790,11.380,11.764,11313,,,2.9131,hfq
2004-06-30,11.764,11.841,11.508,11.790,6024,,,0.2210,hfq
2004-07-01,11.841,12.404,11.687,12.225,20335,,,3.6896,hfq
2004-07-02,12.199,12.353,12.020,12.225,10240,,,0.0000,hfq
2004-07-05,12.225,12.302,12.071,12.225,4762,,,0.0000,hfq
2004-07-06,12.225,12.506,12.174,12.302,11467,,,0.6299,hfq
2004-07-07,12.302,12.404,11.994,12.020,6255,,,-2.2923,hfq
2004-07-08,12.046,12.122,11.969,12.097,5723,,,0.6406,hfq
2004-07-09,12.020,12.276,12.020,12.071,5954,,,-0.2149,hfq
2004-07-12,11.943,11.943,11.610,11.636,10753,,,-3.6037,hfq
2004-07-13,11.636,11.790,11.482,11.687,6018,,,0.4383,hfq
2004-07-14,12.148,12.404,11.918,12.276,22662,,,5.0398,hfq
2004-07-15,12.276,12.686,12.148,12.660,23186,,,3.1281,hfq
2004-07-16,12.839,13.121,12.711,12.993,29720,,,2.6303,hfq
2004-07-19,13.018,13.070,12.839,12.890,22078,,,-0.7927,hfq
2004-07-20,12.865,13.607,12.788,13.454,32728,,,4.3755,hfq
2004-07-21,13.454,13.505,13.223,13.454,18933,,,0.0000,hfq
2004-07-22,13.428,13.479,12.686,12.788,19222,,,-4.9502,hfq
2004-07-23,12.788,12.890,12.532,12.865,18943,,,0.6021,hfq
2004-07-26,12.660,12.890,12.455,12.788,11526,,,-0.5985,hfq
2004-07-27,12.865,13.070,12.634,12.916,12258,,,1.0009,hfq
2004-07-28,12.916,13.249,12.788,13.121,12018,,,1.5872,hfq
2004-07-29,13.146,13.505,13.070,13.479,17027,,,2.7285,hfq
2004-07-30,13.428,13.607,12.967,13.172,13541,,,-2.2776,hfq
2004-08-02,14.401,14.401,13.172,13.249,21415,,,0.5846,hfq
2004-08-03,13.198,13.326,12.890,13.198,17098,,,-0.3849,hfq
2004-08-04,13.863,13.863,13.249,13.582,37786,,,2.9095,hfq
2004-08-05,13.607,13.786,13.428,13.479,18575,,,-0.7584,hfq
2004-08-06,13.454,13.556,13.198,13.300,12349,,,-1.3280,hfq
2004-08-09,13.300,13.428,13.121,13.377,5462,,,0.5789,hfq
2004-08-10,13.377,13.556,13.223,13.351,5440,,,-0.1944,hfq
2004-08-11,13.326,13.428,13.121,13.121,19822,,,-1.7227,hfq
2004-08-12,12.993,13.018,12.660,12.737,16375,,,-2.9266,hfq
2004-08-13,12.737,12.942,12.660,12.865,7346,,,1.0049,hfq
2004-08-16,12.737,12.890,12.532,12.686,9691,,,-1.3914,hfq
2004-08-17,12.686,13.044,12.634,12.916,6733,,,1.8130,hfq
2004-08-18,12.916,13.070,12.762,12.839,6208,,,-0.5962,hfq
2004-08-19,12.865,12.865,12.609,12.686,7160,,,-1.1917,hfq
2004-08-20,12.660,12.788,12.481,12.686,5419,,,0.0000,hfq
2004-08-23,12.711,12.737,12.558,12.583,5786,,,-0.8119,hfq
2004-08-24,12.737,12.737,12.199,12.532,26609,,,-0.4053,hfq
2004-08-25,12.532,12.558,12.353,12.353,7533,,,-1.4283,hfq
2004-08-26,12.353,12.558,12.250,12.481,10730,,,1.0362,hfq
2004-08-27,12.404,12.558,12.327,12.481,9117,,,0.0000,hfq
2004-08-30,12.455,12.609,12.353,12.558,9426,,,0.6169,hfq
2004-08-31,12.967,13.018,12.583,12.839,29021,,,2.2376,hfq
2004-09-01,12.814,12.890,12.583,12.762,12411,,,-0.5997,hfq
2004-09-02,12.660,12.916,12.583,12.916,14489,,,1.2067,hfq
2004-09-03,12.865,12.993,12.762,12.967,12704,,,0.3949,hfq
2004-09-06,13.018,13.044,12.788,13.018,7946,,,0.3933,hfq
2004-09-07,12.993,13.044,12.839,12.942,11156,,,-0.5838,hfq
2004-09-08,12.942,12.942,12.711,12.814,10046,,,-0.9890,hfq
2004-09-09,12.660,12.788,12.353,12.378,10060,,,-3.4025,hfq
2004-09-10,12.378,12.532,12.378,12.506,10587,,,1.0341,hfq
2004-09-13,12.353,12.404,12.097,12.148,10336,,,-2.8626,hfq
2004-09-14,12.148,12.711,12.148,12.583,10898,,,3.5808,hfq
2004-09-15,12.583,13.658,12.481,13.274,39832,,,5.4915,hfq
2004-09-16,13.402,13.479,13.044,13.300,18622,,,0.1959,hfq
2004-09-17,13.300,13.940,13.300,13.914,51055,,,4.6165,hfq
2004-09-20,14.145,14.554,13.914,14.273,152766,,,2.5801,hfq
2004-09-21,14.273,14.938,14.068,14.734,103216,,,3.2299,hfq
2004-09-22,14.708,15.015,14.375,14.503,63199,,,-1.5678,hfq
2004-09-23,14.503,14.836,14.170,14.810,48987,,,2.1168,hfq
2004-09-24,14.964,15.220,14.273,14.324,81364,,,-3.2816,hfq
2004-09-27,14.529,14.785,13.966,14.042,55967,,,-1.9687,hfq
2004-09-28,14.068,14.324,13.940,14.247,30278,,,1.4599,hfq
2004-09-29,14.324,14.401,14.068,14.119,18840,,,-0.8984,hfq
2004-09-30,14.119,14.222,13.633,13.684,30270,,,-3.0810,hfq
2004-10-08,13.735,14.452,13.684,14.426,29587,,,5.4224,hfq
2004-10-11,14.580,14.836,14.298,14.452,47584,,,0.1802,hfq
2004-10-12,14.452,14.580,13.735,13.940,51648,,,-3.5428,hfq
2004-10-13,13.940,14.068,13.658,13.940,18614,,,0.0000,hfq
2004-10-14,13.966,14.042,12.967,13.018,27219,,,-6.6141,hfq
2004-10-15,13.018,13.172,12.481,12.942,23635,,,-0.5838,hfq
2004-10-18,12.916,13.223,12.660,13.146,13356,,,1.5763,hfq
2004-10-19,13.172,13.479,13.044,13.070,14087,,,-0.5781,hfq
2004-10-20,13.070,13.070,12.660,12.967,12548,,,-0.7881,hfq
2004-10-21,12.967,13.223,12.737,12.916,12413,,,-0.3933,hfq
2004-10-22,13.121,13.351,12.788,13.326,17485,,,3.1744,hfq
2004-10-25,13.428,13.582,12.250,12.353,74892,,,-7.3015,hfq
2004-10-26,12.865,13.018,12.532,12.967,40031,,,4.9705,hfq
2004-10-27,12.993,13.300,12.942,13.095,38520,,,0.9871,hfq
2004-10-28,13.300,13.377,13.018,13.223,43730,,,0.9775,hfq
2004-10-29,12.660,13.172,12.660,12.814,25290,,,-3.0931,hfq
2004-11-01,12.814,12.865,12.302,12.353,23045,,,-3.5976,hfq
2004-11-02,12.276,12.353,11.815,11.892,36360,,,-3.7319,hfq
2004-11-03,11.943,12.174,11.790,12.174,17954,,,2.3713,hfq
2004-11-04,12.276,12.378,11.790,11.866,16164,,,-2.5300,hfq
2004-11-05,12.097,12.353,11.943,12.020,8173,,,1.2978,hfq
2004-11-08,12.020,12.097,11.892,11.969,5412,,,-0.4243,hfq
2004-11-09,11.969,12.174,11.918,12.020,7105,,,0.4261,hfq
2004-11-10,12.097,12.609,11.994,12.558,22801,,,4.4759,hfq
2004-11-11,12.558,12.839,12.404,12.404,29336,,,-1.2263,hfq
2004-11-12,12.532,12.558,12.327,12.353,13787,,,-0.4112,hfq
2004-11-15,12.378,12.737,12.378,12.711,15616,,,2.8981,hfq
2004-11-16,12.839,12.839,12.609,12.788,13811,,,0.6058,hfq
2004-11-17,12.788,12.839,12.430,12.609,11653,,,-1.3997,hfq
2004-11-18,12.532,12.711,12.455,12.711,14798,,,0.8089,hfq
2004-11-19,12.686,12.916,12.634,12.890,20558,,,1.4082,hfq
2004-11-22,12.942,13.070,12.762,12.865,21238,,,-0.1939,hfq
2004-11-23,12.916,12.942,12.609,12.634,15953,,,-1.7956,hfq
2004-11-24,12.660,12.788,12.353,12.404,15436,,,-1.8205,hfq
2004-11-25,12.430,12.634,12.148,12.174,18683,,,-1.8542,hfq
2004-11-26,12.302,12.430,12.199,12.353,9887,,,1.4703,hfq
2004-11-29,12.302,12.353,12.097,12.148,12327,,,-1.6595,hfq
2004-11-30,12.148,12.327,12.097,12.302,8060,,,1.2677,hfq
2004-12-01,12.327,12.353,12.199,12.276,4022,,,-0.2113,hfq
2004-12-02,12.276,12.455,12.199,12.327,9157,,,0.4154,hfq
2004-12-03,12.378,12.890,12.327,12.660,36523,,,2.7014,hfq
2004-12-06,12.660,12.737,12.532,12.660,11687,,,0.0000,hfq
2004-12-07,12.660,12.788,12.353,12.378,11049,,,-2.2275,hfq
2004-12-08,12.506,12.634,12.378,12.506,8308,,,1.0341,hfq
2004-12-09,12.506,12.814,12.430,12.762,18414,,,2.0470,hfq
2004-12-10,12.762,12.890,12.378,12.404,26752,,,-2.8052,hfq
2004-12-13,12.276,12.481,12.148,12.353,13482,,,-0.4112,hfq
2004-12-14,12.353,12.660,12.353,12.609,11049,,,2.0724,hfq
2004-12-15,12.660,12.839,12.481,12.814,35599,,,1.6258,hfq
2004-12-16,12.711,12.890,12.634,12.634,13980,,,-1.4047,hfq
2004-12-17,12.609,12.737,12.506,12.558,10726,,,-0.6016,hfq
2004-12-20,12.506,12.634,12.378,12.378,9865,,,-1.4333,hfq
2004-12-21,12.378,12.532,12.276,12.302,8147,,,-0.6140,hfq
2004-12-22,12.327,12.711,12.302,12.686,11326,,,3.1214,hfq
2004-12-23,12.686,12.686,12.455,12.481,6628,,,-1.6160,hfq
2004-12-24,12.378,12.634,12.378,12.609,6889,,,1.0256,hfq
2004-12-27,12.660,12.814,12.609,12.814,13565,,,1.6258,hfq
2004-12-28,12.865,12.865,12.686,12.814,17122,,,0.0000,hfq
2004-12-29,12.762,13.095,12.762,12.865,25706,,,0.3980,hfq
2004-12-30,13.274,13.274,12.814,12.865,22250,,,0.0000,hfq
2004-12-31,12.890,12.916,12.455,12.506,22138,,,-2.7905,hfq
2005-01-04,12.404,12.788,12.353,12.481,10580,,,-0.1999,hfq
2005-01-05,12.532,12.788,12.430,12.660,14162,,,1.4342,hfq
2005-01-06,12.634,12.762,12.455,12.532,7754,,,-1.0111,hfq
2005-01-07,12.481,12.942,12.481,12.865,18793,,,2.6572,hfq
2005-01-10,12.788,13.479,12.788,13.351,53892,,,3.7777,hfq
2005-01-11,13.377,13.428,13.223,13.351,10909,,,0.0000,hfq
2005-01-12,13.351,13.530,13.172,13.505,16585,,,1.1535,hfq
2005-01-13,13.505,13.556,13.300,13.530,19167,,,0.1851,hfq
2005-01-14,13.402,13.684,12.942,13.018,19024,,,-3.7842,hfq
2005-01-17,12.865,13.044,12.609,12.942,34753,,,-0.5838,hfq
2005-01-18,12.916,13.121,12.814,13.095,17503,,,1.1822,hfq
2005-01-19,13.044,13.044,12.839,12.967,13832,,,-0.9775,hfq
2005-01-20,12.890,13.044,12.762,12.839,21772,,,-0.9871,hfq
2005-01-21,11.866,12.839,11.431,12.506,72251,,,-2.5937,hfq
2005-01-24,12.814,12.839,12.225,12.353,29214,,,-1.2234,hfq
2005-01-25,12.276,12.634,12.020,12.583,27936,,,1.8619,hfq
2005-01-26,12.532,12.762,12.404,12.404,14326,,,-1.4226,hfq
2005-01-27,12.302,12.353,12.071,12.097,14390,,,-2.4750,hfq
2005-01-28,12.097,12.148,11.892,12.097,9950,,,0.0000,hfq
2005-01-31,12.020,12.020,11.457,11.534,9155,,,-4.6540,hfq
2005-02-01,11.534,11.790,11.534,11.610,6877,,,0.6589,hfq
2005-02-02,11.610,12.481,11.610,12.430,23091,,,7.0629,hfq
2005-02-03,12.404,12.404,11.892,12.097,15976,,,-2.6790,hfq
2005-02-04,12.020,12.276,11.841,12.148,15644,,,0.4216,hfq
2005-02-16,12.148,12.353,12.097,12.174,11577,,,0.2140,hfq
2005-02-17,12.148,12.302,12.097,12.225,7831,,,0.4189,hfq
2005-02-18,12.276,12.276,11.764,11.841,11761,,,-3.1411,hfq
2005-02-21,11.892,12.097,11.815,11.969,28233,,,1.0810,hfq
2005-02-22,12.097,12.430,11.841,12.327,49244,,,2.9911,hfq
2005-02-23,12.327,12.890,12.225,12.762,62024,,,3.5288,hfq
2005-02-24,12.788,12.916,12.634,12.839,62942,,,0.6034,hfq
2005-02-25,12.839,12.916,12.660,12.660,42506,,,-1.3942,hfq
2005-02-28,12.609,12.711,12.378,12.532,30389,,,-1.0111,hfq
2005-03-01,12.506,12.711,12.378,12.660,33379,,,1.0214,hfq
2005-03-02,12.762,13.044,12.353,12.378,56465,,,-2.2275,hfq
2005-03-03,12.302,12.609,12.302,12.532,14595,,,1.2441,hfq
2005-03-04,12.430,12.583,12.148,12.250,13254,,,-2.2502,hfq
2005-03-07,12.250,12.378,12.097,12.225,19298,,,-0.2041,hfq
2005-03-08,12.225,12.481,12.199,12.481,55758,,,2.0941,hfq
2005-03-09,12.481,12.558,12.276,12.481,38314,,,0.0000,hfq
2005-03-10,12.583,12.839,12.353,12.404,66616,,,-0.6169,hfq
2005-03-11,12.404,12.609,12.353,12.481,21002,,,0.6208,hfq
2005-03-14,12.532,12.890,12.430,12.814,60830,,,2.6681,hfq
2005-03-15,12.814,13.121,12.583,12.839,66386,,,0.1951,hfq
2005-03-16,12.814,12.890,12.455,12.506,28513,,,-2.5937,hfq
2005-03-17,12.532,12.558,12.122,12.302,33561,,,-1.6312,hfq
2005-03-18,12.686,12.788,12.302,12.532,49511,,,1.8696,hfq
2005-03-21,12.532,12.788,12.378,12.711,27018,,,1.4283,hfq
2005-03-22,12.686,12.788,12.199,12.506,28059,,,-1.6128,hfq
2005-03-23,12.378,12.532,12.174,12.199,34554,,,-2.4548,hfq
2005-03-24,12.199,12.199,11.636,11.892,47540,,,-2.5166,hfq
2005-03-25,11.892,12.148,11.841,11.994,18462,,,0.8577,hfq
2005-03-28,11.994,12.174,11.866,12.148,10894,,,1.2840,hfq
2005-03-29,12.174,12.250,11.994,12.148,13070,,,0.0000,hfq
2005-03-30,12.199,12.276,11.790,11.918,17805,,,-1.8933,hfq
2005-03-31,11.866,12.046,11.866,11.918,10285,,,0.0000,hfq
2005-04-01,11.994,12.558,11.738,12.353,32467,,,3.6499,hfq
2005-04-04,12.276,12.276,11.943,11.969,15547,,,-3.1086,hfq
2005-04-05,12.020,12.071,11.713,11.841,16641,,,-1.0694,hfq
2005-04-06,11.790,12.097,11.636,12.020,22162,,,1.5117,hfq
2005-04-07,12.046,12.353,11.892,12.097,35306,,,0.6406,hfq
2005-04-08,12.097,12.353,12.020,12.353,31421,,,2.1162,hfq
2005-04-11,12.302,12.660,12.174,12.634,57098,,,2.2748,hfq
2005-04-12,12.686,12.686,12.353,12.430,37002,,,-1.6147,hfq
2005-04-13,12.506,12.814,12.506,12.686,45979,,,2.0595,hfq
2005-04-14,12.737,12.814,12.353,12.353,30608,,,-2.6249,hfq
2005-04-15,12.353,12.378,12.148,12.302,16286,,,-0.4129,hfq
2005-04-18,12.250,12.276,11.943,11.943,14514,,,-2.9182,hfq
2005-04-19,11.943,12.199,11.943,12.122,9769,,,1.4988,hfq
2005-04-20,12.097,12.097,11.815,11.841,16020,,,-2.3181,hfq
2005-04-21,12.122,12.353,11.918,12.148,24566,,,2.5927,hfq
2005-04-22,12.097,12.609,12.071,12.378,28601,,,1.8933,hfq
2005-04-25,12.225,12.455,11.892,12.046,25153,,,-2.6822,hfq
2005-04-26,12.097,12.353,12.046,12.302,20132,,,2.1252,hfq
2005-04-27,12.302,12.378,10.919,10.919,76848,,,-11.2421,hfq
2005-04-28,10.791,10.919,10.049,10.817,58450,,,-0.9342,hfq
2005-04-29,10.740,11.022,10.458,10.510,25276,,,-2.8381,hfq
2005-05-09,10.484,10.766,10.049,10.254,17019,,,-2.4358,hfq
2005-05-10,10.126,10.484,10.074,10.305,19760,,,0.4974,hfq
2005-05-11,10.305,10.407,10.126,10.151,10764,,,-1.4944,hfq
2005-05-12,10.151,10.279,10.049,10.177,14379,,,0.2561,hfq
2005-05-13,10.151,10.356,10.049,10.228,11295,,,0.5011,hfq
2005-05-16,10.356,10.356,9.921,10.023,14674,,,-2.0043,hfq
2005-05-17,9.972,10.228,9.895,10.177,11946,,,1.5365,hfq
2005-05-18,10.177,10.254,10.100,10.228,7877,,,0.5011,hfq
2005-05-19,10.254,10.330,10.074,10.254,10020,,,0.2542,hfq
2005-05-20,10.330,10.330,10.126,10.177,11483,,,-0.7509,hfq
2005-05-23,10.151,10.151,9.895,9.921,12576,,,-2.5155,hfq
2005-05-24,9.895,10.279,9.870,10.100,10934,,,1.8043,hfq
2005-05-25,10.126,10.254,10.049,10.202,14365,,,1.0099,hfq
2005-05-26,10.305,10.433,10.202,10.279,18722,,,0.7548,hfq
2005-05-27,10.126,10.305,9.998,10.049,11268,,,-2.2376,hfq
2005-05-30,10.023,10.228,10.023,10.151,7060,,,1.0150,hfq
2005-05-31,10.100,10.254,10.100,10.177,6463,,,0.2561,hfq
2005-06-01,10.202,10.279,9.998,9.998,9209,,,-1.7589,hfq
2005-06-02,9.972,10.023,9.434,9.537,21520,,,-4.6109,hfq
2005-06-03,9.486,9.588,9.383,9.511,10727,,,-0.2726,hfq
2005-06-06,9.332,9.639,9.332,9.639,9309,,,1.3458,hfq
2005-06-07,9.639,9.895,9.588,9.588,13172,,,-0.5291,hfq
2005-06-08,9.537,10.510,9.537,10.356,50571,,,8.0100,hfq
2005-06-09,10.407,10.484,10.074,10.305,55321,,,-0.4925,hfq
2005-06-10,10.305,10.356,10.049,10.100,25081,,,-1.9893,hfq
2005-06-13,10.100,10.151,9.921,10.100,17835,,,0.0000,hfq
2005-06-14,10.126,10.254,10.100,10.100,14607,,,0.0000,hfq
2005-06-15,10.100,10.100,9.793,9.818,10812,,,-2.7921,hfq
2005-06-16,9.767,9.972,9.742,9.946,10783,,,1.3037,hfq
2005-06-17,10.049,10.177,9.972,10.074,16125,,,1.2869,hfq
2005-06-20,10.074,10.356,9.921,10.330,22126,,,2.5412,hfq
2005-06-21,10.433,10.458,10.177,10.202,12754,,,-1.2391,hfq
2005-06-22,10.228,10.484,10.100,10.382,17561,,,1.7644,hfq
2005-06-23,10.356,10.407,10.100,10.126,16096,,,-2.4658,hfq
2005-06-24,10.126,10.330,10.100,10.330,12833,,,2.0146,hfq
2005-06-27,10.382,10.714,10.330,10.612,32046,,,2.7299,hfq
2005-06-28,10.561,10.561,10.356,10.407,15358,,,-1.9318,hfq
2005-06-29,10.433,10.510,10.356,10.407,8530,,,0.0000,hfq
2005-06-30,10.356,10.382,10.049,10.049,12199,,,-3.4400,hfq
2005-07-01,10.049,10.049,9.742,9.767,13748,,,-2.8062,hfq
2005-07-04,9.665,9.742,9.383,9.716,10639,,,-0.5222,hfq
2005-07-05,9.716,9.946,9.665,9.895,9078,,,1.8423,hfq
2005-07-06,9.972,10.023,9.818,9.870,8945,,,-0.2527,hfq
2005-07-07,9.895,10.023,9.844,9.972,8006,,,1.0334,hfq
2005-07-08,9.998,10.023,9.742,9.818,16482,,,-1.5443,hfq
2005-07-11,9.818,9.870,8.794,8.794,29951,,,-10.4298,hfq
2005-07-12,8.513,9.050,8.462,8.948,31125,,,1.7512,hfq
2005-07-13,8.897,8.897,8.718,8.794,12449,,,-1.7211,hfq
2005-07-14,8.794,8.897,8.718,8.743,8755,,,-0.5799,hfq
2005-07-15,8.743,8.846,8.564,8.590,11090,,,-1.7500,hfq
2005-07-18,8.436,8.615,8.436,8.462,12574,,,-1.4901,hfq
2005-07-19,8.462,8.564,8.462,8.538,5151,,,0.8981,hfq
2005-07-20,8.590,8.692,8.538,8.641,5542,,,1.2064,hfq
2005-07-21,8.641,8.641,8.410,8.538,6980,,,-1.1920,hfq
2005-07-22,8.538,8.692,7.642,8.154,73071,,,-4.4975,hfq
2005-07-25,7.950,8.206,7.873,8.129,20179,,,-0.3066,hfq
2005-07-26,8.154,8.410,8.154,8.359,25240,,,2.8294,hfq
2005-07-27,8.410,8.718,8.359,8.718,37287,,,4.2948,hfq
2005-07-28,8.718,8.897,8.590,8.692,32474,,,-0.2982,hfq
2005-07-29,8.590,8.692,8.538,8.590,18325,,,-1.1735,hfq
2005-08-01,8.564,8.897,8.564,8.871,28448,,,3.2712,hfq
2005-08-02,8.871,9.050,8.743,9.025,26438,,,1.7360,hfq
2005-08-03,9.025,9.358,8.922,9.178,47327,,,1.6953,hfq
2005-08-04,9.102,9.153,8.974,8.974,20667,,,-2.2227,hfq
2005-08-05,8.948,9.409,8.948,9.383,54566,,,4.5576,hfq
2005-08-08,9.383,10.023,9.383,9.921,77612,,,5.7338,hfq
2005-08-09,9.921,10.177,9.793,10.100,67102,,,1.8043,hfq
2005-08-10,10.100,10.151,9.946,10.074,46296,,,-0.2574,hfq
2005-08-11,10.151,10.356,9.998,10.202,55246,,,1.2706,hfq
2005-08-12,10.228,10.458,10.100,10.356,79538,,,1.5095,hfq
2005-08-15,10.356,10.663,10.228,10.612,36398,,,2.4720,hfq
2005-08-16,10.586,10.612,10.228,10.382,36497,,,-2.1674,hfq
2005-08-17,10.356,10.433,10.100,10.382,46041,,,0.0000,hfq
2005-08-18,10.433,10.612,9.844,10.126,59376,,,-2.4658,hfq
2005-08-19,10.049,10.228,9.793,10.049,43136,,,-0.7604,hfq
2005-08-22,10.023,10.074,9.818,9.844,49627,,,-2.0400,hfq
2005-08-23,9.921,10.023,9.818,9.921,16852,,,0.7822,hfq
2005-08-24,9.921,10.074,9.844,10.023,14571,,,1.0281,hfq
2005-08-25,10.023,10.126,9.818,10.100,14521,,,0.7682,hfq
2005-08-26,10.100,10.228,9.998,10.100,15335,,,0.0000,hfq
2005-08-29,10.049,10.100,9.844,9.921,11076,,,-1.7723,hfq
2005-08-30,9.870,9.998,9.870,9.946,7328,,,0.2520,hfq
2005-08-31,9.870,10.023,9.793,9.998,35751,,,0.5228,hfq
2005-09-01,9.998,10.407,9.870,10.356,51806,,,3.5807,hfq
2005-09-02,10.382,10.561,10.330,10.535,46676,,,1.7285,hfq
2005-09-05,10.535,10.919,10.484,10.842,69857,,,2.9141,hfq
2005-09-06,10.868,10.919,10.433,10.510,38130,,,-3.0622,hfq
2005-09-07,10.458,10.791,10.382,10.766,23971,,,2.4358,hfq
2005-09-08,10.740,10.894,10.586,10.714,22875,,,-0.4830,hfq
2005-09-09,10.689,10.817,10.561,10.586,12080,,,-1.1947,hfq
2005-09-12,10.586,10.714,10.484,10.689,8313,,,0.9730,hfq
2005-09-13,10.740,11.022,10.638,10.996,33006,,,2.8721,hfq
2005-09-14,10.996,11.047,10.868,10.996,18865,,,0.0000,hfq
2005-09-15,10.996,11.022,10.868,10.945,12088,,,-0.4638,hfq
2005-09-16,10.919,11.150,10.894,11.022,19425,,,0.7035,hfq
2005-09-19,11.022,11.047,10.868,10.945,19618,,,-0.6986,hfq
2005-09-20,10.945,11.047,10.638,10.740,26482,,,-1.8730,hfq
2005-09-21,10.663,10.740,10.484,10.510,20568,,,-2.1415,hfq
2005-09-22,10.458,10.458,9.946,10.279,31128,,,-2.1979,hfq
2005-09-23,10.279,10.330,10.151,10.177,11449,,,-0.9923,hfq
2005-09-26,10.202,10.279,10.126,10.279,9742,,,1.0023,hfq
2005-09-27,10.228,10.228,10.049,10.049,11491,,,-2.2376,hfq
2005-09-28,9.895,10.151,9.895,10.049,9494,,,0.0000,hfq
2005-09-29,10.049,10.279,10.049,10.254,13032,,,2.0400,hfq
2005-09-30,10.279,10.305,10.151,10.279,10131,,,0.2438,hfq
2005-10-10,10.330,10.330,10.049,10.126,10826,,,-1.4885,hfq
2005-10-11,10.100,10.228,9.972,10.177,19990,,,0.5037,hfq
2005-10-12,10.177,10.254,10.074,10.177,10249,,,0.0000,hfq
2005-10-13,10.126,10.202,10.023,10.100,9831,,,-0.7566,hfq
2005-10-14,10.100,10.100,9.895,9.921,6574,,,-1.7723,hfq
2005-10-17,9.870,9.946,8.897,9.434,36568,,,-4.9088,hfq
2005-10-18,9.332,9.409,9.178,9.332,19138,,,-1.0812,hfq
2005-10-19,9.332,9.537,9.306,9.332,11950,,,0.0000,hfq
2005-10-20,9.306,9.383,9.204,9.306,6627,,,-0.2786,hfq
2005-10-21,9.409,9.537,9.281,9.486,8944,,,1.9342,hfq
2005-10-24,9.511,9.511,9.332,9.434,6221,,,-0.5482,hfq
2005-10-25,9.383,9.409,9.127,9.255,10195,,,-1.8974,hfq
2005-10-26,9.204,9.204,8.922,8.999,7940,,,-2.7661,hfq
2005-10-27,8.999,9.050,8.820,8.948,6839,,,-0.5667,hfq
2005-10-28,8.590,8.897,8.308,8.692,14536,,,-2.8610,hfq
2005-10-31,8.641,8.871,8.641,8.769,10570,,,0.8859,hfq
2005-11-01,8.692,8.794,8.410,8.692,15020,,,-0.8781,hfq
2005-11-02,8.718,9.025,8.692,8.948,13118,,,2.9452,hfq
2005-11-03,8.948,8.999,8.794,8.820,6397,,,-1.4305,hfq
2005-11-04,8.846,8.974,8.769,8.922,3657,,,1.1565,hfq
2005-11-07,8.999,9.102,8.820,9.102,7447,,,2.0175,hfq
2005-11-08,9.050,9.383,8.897,9.332,15188,,,2.5269,hfq
2005-11-09,9.332,9.358,9.230,9.281,6882,,,-0.5465,hfq
2005-11-10,9.281,9.281,8.846,8.871,7565,,,-4.4176,hfq
2005-11-11,8.820,9.050,8.794,8.999,5401,,,1.4429,hfq
2005-11-14,8.897,8.999,8.871,8.922,2389,,,-0.8557,hfq
2005-11-15,8.820,9.076,8.641,8.718,10017,,,-2.2865,hfq
2005-11-16,8.820,8.871,8.666,8.871,3490,,,1.7550,hfq
2005-11-17,8.897,9.025,8.846,8.999,4033,,,1.4429,hfq
2005-11-18,8.974,9.306,8.948,9.281,15301,,,3.1337,hfq
2005-11-21,9.281,9.332,9.153,9.230,6794,,,-0.5495,hfq
2005-11-22,9.306,9.306,9.050,9.050,6281,,,-1.9502,hfq
2005-11-23,9.050,9.127,8.999,9.076,4879,,,0.2873,hfq
2005-11-24,9.050,9.204,8.999,9.153,6566,,,0.8484,hfq
2005-11-25,9.204,9.204,9.050,9.178,3801,,,0.2731,hfq
2005-11-28,9.204,9.204,9.102,9.153,3446,,,-0.2724,hfq
2005-11-29,9.153,9.204,9.050,9.153,4824,,,0.0000,hfq
2005-11-30,8.999,9.153,8.180,9.102,20245,,,-0.5572,hfq
2005-12-01,8.897,9.102,8.820,8.999,5820,,,-1.1316,hfq
2005-12-02,8.999,9.537,8.999,9.332,40150,,,3.7004,hfq
2005-12-05,9.434,9.434,9.255,9.358,21383,,,0.2786,hfq
2005-12-06,9.204,9.588,9.204,9.511,16504,,,1.6350,hfq
2005-12-07,9.511,9.562,9.460,9.537,12179,,,0.2734,hfq
2005-12-08,9.537,9.588,9.358,9.460,10396,,,-0.8074,hfq
2005-12-09,9.383,9.537,9.306,9.486,9943,,,0.2748,hfq
2005-12-12,9.511,9.767,9.409,9.716,12720,,,2.4246,hfq
2005-12-13,9.716,9.895,9.562,9.818,21536,,,1.0498,hfq
2005-12-14,9.793,9.921,9.665,9.690,32156,,,-1.3037,hfq
2005-12-15,9.716,9.793,9.614,9.742,15408,,,0.5366,hfq
2005-12-16,9.767,9.767,9.639,9.690,7294,,,-0.5338,hfq
2005-12-19,9.690,9.742,9.562,9.690,6872,,,0.0000,hfq
2005-12-20,9.614,9.690,9.537,9.614,5824,,,-0.7843,hfq
2005-12-21,9.614,9.690,9.537,9.562,9924,,,-0.5409,hfq
2005-12-22,9.511,9.562,9.460,9.562,6339,,,0.0000,hfq
2005-12-23,9.562,9.742,9.486,9.639,31211,,,0.8053,hfq
2005-12-26,9.639,9.921,9.639,9.818,25019,,,1.8570,hfq
2005-12-27,9.844,10.023,9.793,9.921,18912,,,1.0491,hfq
2005-12-28,9.972,10.074,9.870,9.946,18187,,,0.2520,hfq
2005-12-29,9.946,10.356,9.870,10.279,39175,,,3.3481,hfq
2005-12-30,10.228,10.586,10.049,10.126,31557,,,-1.4885,hfq
2006-01-04,10.100,10.202,9.998,10.177,11540,,,0.5037,hfq
2006-01-05,10.151,10.382,10.126,10.305,22114,,,1.2577,hfq
2006-01-06,10.305,10.433,10.074,10.177,34569,,,-1.2421,hfq
2006-01-09,10.177,10.254,10.100,10.151,31438,,,-0.2555,hfq
2006-01-10,10.202,10.510,10.100,10.510,32213,,,3.5366,hfq
2006-01-11,10.433,10.484,9.998,10.254,44397,,,-2.4358,hfq
2006-01-12,10.126,10.356,10.126,10.330,17573,,,0.7412,hfq
2006-01-13,10.330,10.458,10.254,10.407,19692,,,0.7454,hfq
2006-01-16,10.407,10.535,10.305,10.382,20079,,,-0.2402,hfq
2006-01-17,10.305,10.382,10.049,10.074,20784,,,-2.9667,hfq
2006-01-18,10.126,10.305,10.074,10.202,30036,,,1.2706,hfq
2006-01-19,10.228,10.433,10.177,10.407,29276,,,2.0094,hfq
2006-01-20,10.433,10.842,10.330,10.714,48680,,,2.9499,hfq
2006-01-23,10.714,10.766,10.407,10.612,35702,,,-0.9520,hfq
2006-01-24,10.561,11.431,10.561,11.150,93125,,,5.0697,hfq
2006-01-25,11.150,11.252,10.894,11.201,29956,,,0.4574,hfq
2006-02-06,11.329,11.457,11.124,11.252,35926,,,0.4553,hfq
2006-02-07,11.278,11.329,10.714,10.919,52645,,,-2.9595,hfq
2006-02-08,10.894,10.945,10.689,10.868,51727,,,-0.4671,hfq
2006-02-09,10.740,10.945,10.689,10.689,38391,,,-1.6470,hfq
2006-02-10,10.689,10.842,10.689,10.766,33989,,,0.7204,hfq
2006-02-13,10.766,10.842,10.458,10.561,32946,,,-1.9041,hfq
2006-02-14,10.638,10.740,10.484,10.689,39441,,,1.2120,hfq
2006-02-15,10.714,10.868,10.689,10.766,40490,,,0.7204,hfq
2006-02-16,10.766,10.766,10.279,10.305,37212,,,-4.2820,hfq
2006-02-17,10.228,10.458,10.177,10.202,21078,,,-0.9995,hfq
2006-02-20,10.202,10.202,9.998,10.126,39147,,,-0.7450,hfq
2006-02-21,10.074,10.279,10.049,10.279,35347,,,1.5110,hfq
2006-02-22,10.279,10.791,10.228,10.663,75522,,,3.7358,hfq
2006-02-23,10.638,11.022,10.586,10.842,88553,,,1.6787,hfq
2006-02-24,10.842,11.073,10.663,10.740,65416,,,-0.9408,hfq
2006-03-15,11.866,11.866,11.022,11.662,321426,,,8.5847,hfq
2006-03-16,11.457,11.559,11.175,11.226,105180,,,-3.7386,hfq
2006-03-17,11.226,11.559,11.226,11.482,77099,,,2.2804,hfq
2006-03-20,11.482,11.559,11.278,11.431,57787,,,-0.4442,hfq
2006-03-21,11.508,11.508,11.150,11.175,76657,,,-2.2395,hfq
2006-04-10,12.486,12.599,11.754,12.176,202053,,,8.9575,hfq
2006-04-11,12.289,12.655,12.204,12.570,117849,,,3.2359,hfq
2006-04-12,12.570,12.683,12.233,12.261,72627,,,-2.4582,hfq
2006-04-13,12.261,12.401,11.895,11.923,72743,,,-2.7567,hfq
2006-04-14,11.923,12.261,11.838,12.261,41064,,,2.8349,hfq
2006-04-17,12.148,12.458,12.120,12.148,65007,,,-0.9216,hfq
2006-04-18,12.233,12.401,12.148,12.204,46016,,,0.4610,hfq
2006-04-19,12.204,12.345,12.007,12.204,51284,,,0.0000,hfq
2006-04-20,12.204,12.204,11.866,11.923,57615,,,-2.3025,hfq
2006-04-21,11.866,12.092,11.810,12.007,53934,,,0.7045,hfq
2006-04-24,12.120,12.148,11.669,11.951,80769,,,-0.4664,hfq
2006-04-25,11.810,11.923,11.697,11.810,26338,,,-1.1798,hfq
2006-04-26,11.810,12.261,11.754,12.176,76119,,,3.0991,hfq
2006-04-27,12.233,12.317,12.035,12.261,35023,,,0.6981,hfq
2006-04-28,12.092,12.824,11.866,12.570,121835,,,2.5202,hfq
2006-05-08,12.711,13.359,12.570,13.246,208166,,,5.3779,hfq
2006-05-09,13.415,13.472,13.049,13.246,151359,,,0.0000,hfq
2006-05-10,13.303,14.035,13.105,13.556,160541,,,2.3403,hfq
2006-05-11,13.641,14.823,13.387,13.753,216083,,,1.4532,hfq
2006-05-12,13.753,14.316,13.697,14.147,132665,,,2.8648,hfq
2006-05-15,14.288,14.654,13.584,14.260,177422,,,0.7988,hfq
2006-05-16,14.176,14.204,13.472,13.528,139783,,,-5.1332,hfq
2006-05-17,13.443,13.781,13.246,13.584,82275,,,0.4140,hfq
2006-05-18,13.246,13.584,12.993,13.443,87088,,,-1.0380,hfq
2006-05-19,13.443,13.922,13.274,13.809,89921,,,2.7226,hfq
2006-05-22,13.809,14.373,13.753,14.119,110997,,,2.2449,hfq
2006-05-23,13.978,13.978,13.472,13.472,80150,,,-4.5825,hfq
2006-05-24,13.443,13.753,12.852,13.105,69958,,,-2.7242,hfq
2006-05-25,13.077,13.331,13.021,13.274,37546,,,1.2896,hfq
2006-05-26,13.274,13.950,13.274,13.894,82524,,,4.6708,hfq
2006-05-29,13.894,14.176,13.781,14.035,106158,,,1.0148,hfq
2006-05-30,14.063,14.401,13.950,14.232,106167,,,1.4036,hfq
2006-05-31,14.260,14.345,13.978,14.007,78255,,,-1.5809,hfq
2006-06-01,14.007,14.457,13.950,14.345,110850,,,2.4131,hfq
2006-06-02,14.401,15.612,14.401,15.020,206000,,,4.7055,hfq
2006-06-05,15.246,15.358,14.739,15.189,76455,,,1.1252,hfq
2006-06-06,15.133,15.161,14.739,14.880,63083,,,-2.0344,hfq
2006-06-07,14.851,14.851,13.753,13.781,94523,,,-7.3858,hfq
2006-06-08,13.584,13.922,13.303,13.781,69886,,,0.0000,hfq
2006-06-09,13.697,13.922,13.472,13.500,48959,,,-2.0390,hfq
2006-06-12,13.443,13.950,13.359,13.894,39119,,,2.9185,hfq
2006-06-13,13.894,14.007,13.669,13.866,27352,,,-0.2015,hfq
2006-06-14,13.781,14.739,13.556,14.204,127932,,,2.4376,hfq
2006-06-15,14.176,14.316,13.950,14.147,49538,,,-0.4013,hfq
2006-06-16,14.147,14.513,14.147,14.429,65513,,,1.9934,hfq
2006-06-19,14.429,14.936,14.316,14.823,83421,,,2.7306,hfq
2006-06-20,14.880,14.908,14.542,14.767,50710,,,-0.3778,hfq
2006-06-21,14.739,14.992,14.626,14.908,57049,,,0.9548,hfq
2006-06-22,14.908,15.020,14.682,14.908,73502,,,0.0000,hfq
2006-06-23,14.908,14.964,14.542,14.654,50572,,,-1.7038,hfq
2006-06-26,14.654,14.908,14.570,14.795,36088,,,0.9622,hfq
2006-06-27,14.823,14.936,14.598,14.654,40659,,,-0.9530,hfq
2006-06-28,14.654,14.795,14.401,14.485,48378,,,-1.1533,hfq
2006-06-29,14.457,14.908,14.457,14.851,68192,,,2.5268,hfq
2006-06-30,14.908,14.992,14.682,14.795,54589,,,-0.3771,hfq
2006-07-03,14.795,15.189,14.795,15.161,73283,,,2.4738,hfq
2006-07-04,15.189,15.302,14.823,14.964,65112,,,-1.2994,hfq
2006-07-05,14.992,15.049,14.682,14.851,48562,,,-0.7551,hfq
2006-07-06,14.851,15.133,14.739,15.049,62030,,,1.3332,hfq
2006-07-07,15.189,15.330,15.077,15.274,99162,,,1.4951,hfq
2006-07-10,15.527,15.668,15.246,15.668,153262,,,2.5795,hfq
2006-07-11,15.668,15.753,15.386,15.527,67604,,,-0.8999,hfq
2006-07-12,15.527,15.668,15.386,15.415,53930,,,-0.7213,hfq
2006-07-13,15.386,15.415,14.401,14.429,113942,,,-6.3964,hfq
2006-07-14,14.345,14.654,14.232,14.485,42452,,,0.3881,hfq
2006-07-17,14.485,14.626,14.288,14.626,33354,,,0.9734,hfq
2006-07-18,14.626,14.626,14.401,14.570,19020,,,-0.3829,hfq
2006-07-19,14.485,14.542,14.119,14.260,34589,,,-2.1277,hfq
2006-07-20,14.232,14.457,14.176,14.316,19472,,,0.3927,hfq
2006-07-21,14.316,14.485,14.232,14.457,21554,,,0.9849,hfq
2006-07-24,14.147,15.077,14.147,15.077,73594,,,4.2886,hfq
2006-07-25,16.062,16.316,15.217,15.302,111955,,,1.4923,hfq
2006-07-26,15.358,15.443,15.133,15.246,37234,,,-0.3660,hfq
2006-07-27,15.246,15.555,15.161,15.386,51225,,,0.9183,hfq
2006-07-28,15.358,15.527,15.077,15.302,44233,,,-0.5460,hfq
2006-07-31,15.302,15.302,14.598,14.626,46414,,,-4.4177,hfq
2006-08-01,14.682,14.908,14.542,14.711,27618,,,0.5812,hfq
2006-08-02,14.682,14.823,14.513,14.823,28997,,,0.7613,hfq
2006-08-03,14.880,15.330,14.851,15.274,54909,,,3.0426,hfq
2006-08-04,15.189,15.217,14.119,14.457,70761,,,-5.3490,hfq
2006-08-07,14.316,14.485,14.147,14.260,28853,,,-1.3627,hfq
2006-08-08,14.401,14.570,14.288,14.570,26116,,,2.1739,hfq
2006-08-09,14.570,14.570,14.345,14.401,18466,,,-1.1599,hfq
2006-08-10,14.316,14.626,14.316,14.570,30184,,,1.1735,hfq
2006-08-11,14.626,14.739,14.485,14.598,24003,,,0.1922,hfq
2006-08-14,14.598,14.654,14.119,14.232,44970,,,-2.5072,hfq
2006-08-15,14.232,14.485,14.147,14.457,19623,,,1.5809,hfq
2006-08-16,14.513,15.049,14.485,14.880,82161,,,2.9259,hfq
2006-08-17,14.823,14.823,14.570,14.654,34642,,,-1.5188,hfq
2006-08-18,14.654,14.851,14.598,14.654,19832,,,0.0000,hfq
2006-08-21,14.176,14.654,14.147,14.598,23780,,,-0.3821,hfq
2006-08-22,14.542,14.964,14.542,14.851,58485,,,1.7331,hfq
2006-08-23,14.936,15.020,14.626,14.711,35410,,,-0.9427,hfq
2006-08-24,14.682,14.908,14.626,14.880,25158,,,1.1488,hfq
2006-08-25,14.936,15.020,14.823,14.936,39471,,,0.3763,hfq
2006-08-28,14.964,15.302,14.880,15.246,110760,,,2.0755,hfq
2006-08-29,15.302,15.471,15.133,15.161,103037,,,-0.5575,hfq
2006-08-30,15.105,15.471,15.049,15.386,69403,,,1.4841,hfq
2006-08-31,15.415,15.668,15.217,15.612,105086,,,1.4689,hfq
2006-09-01,15.612,15.950,15.330,15.696,212063,,,0.5380,hfq
2006-09-04,15.724,15.950,15.527,15.781,113693,,,0.5415,hfq
2006-09-05,15.724,15.781,15.471,15.499,69652,,,-1.7870,hfq
2006-09-06,15.499,15.640,15.358,15.612,50423,,,0.7291,hfq
2006-09-07,15.584,15.584,15.189,15.217,50214,,,-2.5301,hfq
2006-09-08,15.217,15.386,15.161,15.217,25067,,,0.0000,hfq
2006-09-11,15.189,15.555,15.049,15.499,44378,,,1.8532,hfq
2006-09-12,15.471,15.696,15.358,15.584,61665,,,0.5484,hfq
2006-09-13,15.612,16.147,15.415,15.753,186720,,,1.0844,hfq
2006-09-14,15.724,16.006,15.499,15.724,91007,,,-0.1841,hfq
2006-09-15,15.809,16.062,15.753,15.950,124617,,,1.4373,hfq
2006-09-18,16.090,16.288,15.978,16.090,112725,,,0.8777,hfq
2006-09-19,16.119,16.175,15.753,15.781,86442,,,-1.9204,hfq
2006-09-20,15.696,15.978,15.584,15.837,58971,,,0.3549,hfq
2006-09-21,15.837,15.978,15.696,15.809,42354,,,-0.1768,hfq
2006-09-22,15.865,15.893,15.527,15.555,50402,,,-1.6067,hfq
2006-09-25,15.527,15.696,15.302,15.415,49587,,,-0.9000,hfq
2006-09-26,15.415,15.555,15.302,15.555,29390,,,0.9082,hfq
2006-09-27,15.555,15.612,15.386,15.527,21630,,,-0.1800,hfq
2006-09-28,15.527,15.837,15.499,15.696,41656,,,1.0884,hfq
2006-09-29,15.696,15.950,15.696,15.921,59929,,,1.4335,hfq
2006-10-09,16.034,16.147,15.865,15.978,69566,,,0.3580,hfq
2006-10-10,16.006,16.062,15.696,15.781,67461,,,-1.2329,hfq
2006-10-11,15.753,15.950,15.640,15.781,50967,,,0.0000,hfq
2006-10-12,15.753,15.865,15.527,15.584,47207,,,-1.2483,hfq
2006-10-13,15.555,15.809,15.471,15.696,97225,,,0.7187,hfq
2006-10-16,15.640,15.668,15.386,15.443,59253,,,-1.6119,hfq
2006-10-17,15.443,15.499,15.330,15.443,30996,,,0.0000,hfq
2006-10-18,15.471,15.781,15.471,15.753,46875,,,2.0074,hfq
2006-10-19,15.893,15.921,15.668,15.696,42857,,,-0.3618,hfq
2006-10-20,15.668,15.696,15.386,15.443,46593,,,-1.6119,hfq
2006-10-23,15.443,15.668,15.358,15.640,84527,,,1.2757,hfq
2006-10-24,15.668,15.950,15.555,15.893,83952,,,1.6176,hfq
2006-10-25,15.950,16.203,15.612,15.781,74315,,,-0.7047,hfq
2006-10-26,15.668,16.062,15.668,15.837,72315,,,0.3549,hfq
2006-10-27,15.809,16.090,15.696,16.034,130213,,,1.2439,hfq
2006-10-30,16.119,16.597,15.893,16.541,193410,,,3.1620,hfq
2006-10-31,16.597,16.682,16.316,16.541,92353,,,0.0000,hfq
2006-11-01,16.513,16.513,16.147,16.344,75098,,,-1.1910,hfq
2006-11-02,16.372,16.766,16.316,16.541,86790,,,1.2053,hfq
2006-11-03,16.597,16.682,16.259,16.372,80831,,,-1.0217,hfq
2006-11-06,16.175,16.372,16.062,16.259,86764,,,-0.6902,hfq
2006-11-07,16.259,16.259,15.950,16.119,99530,,,-0.8611,hfq
2006-11-08,16.090,16.259,16.006,16.062,35692,,,-0.3536,hfq
2006-11-09,16.034,16.485,16.034,16.316,57746,,,1.5814,hfq
2006-11-10,16.344,16.400,15.696,15.809,92067,,,-3.1074,hfq
2006-11-13,15.781,15.950,15.274,15.471,67103,,,-2.1380,hfq
2006-11-14,15.471,15.640,15.274,15.612,43024,,,0.9114,hfq
2006-11-15,15.612,15.893,15.527,15.809,39495,,,1.2618,hfq
2006-11-16,15.837,15.950,15.612,15.640,54522,,,-1.0690,hfq
2006-11-17,15.668,15.978,15.584,15.950,48601,,,1.9821,hfq
2006-11-20,15.950,16.344,15.837,16.231,98377,,,1.7618,hfq
2006-11-21,16.288,16.288,15.837,16.147,44127,,,-0.5175,hfq
2006-11-22,16.147,16.992,16.062,16.682,213609,,,3.3133,hfq
2006-11-23,16.682,16.963,16.428,16.794,96198,,,0.6714,hfq
2006-11-24,16.738,18.428,16.654,18.428,345156,,,9.7297,hfq
2006-11-27,18.878,20.202,18.850,19.751,329880,,,7.1793,hfq
2006-11-28,19.610,20.202,19.498,19.977,200474,,,1.1442,hfq
2006-11-29,19.554,21.582,19.188,20.540,418278,,,2.8182,hfq
2006-11-30,20.568,20.765,20.005,20.483,368453,,,-0.2775,hfq
2006-12-01,20.512,21.131,19.779,20.540,276121,,,0.2783,hfq
2006-12-04,20.540,20.878,20.089,20.652,190256,,,0.5453,hfq
2006-12-05,20.624,22.173,20.568,20.878,353382,,,1.0943,hfq
2006-12-06,20.737,21.328,19.751,20.906,303387,,,0.1341,hfq
2006-12-07,20.906,21.807,20.737,20.793,215223,,,-0.5405,hfq
2006-12-08,20.512,20.793,19.216,19.385,207931,,,-6.7715,hfq
2006-12-11,19.441,20.990,19.441,20.821,149656,,,7.4078,hfq
2006-12-12,20.906,21.103,20.061,20.709,159250,,,-0.5379,hfq
2006-12-13,20.793,21.018,20.286,20.596,79016,,,-0.5457,hfq
2006-12-14,20.878,22.595,20.765,22.595,274179,,,9.7058,hfq
2006-12-15,23.581,23.609,22.624,22.680,232539,,,0.3762,hfq
2006-12-18,22.877,23.947,22.877,23.440,222601,,,3.3510,hfq
2006-12-19,23.412,23.665,22.764,23.440,181008,,,0.0000,hfq
2006-12-20,23.384,24.201,22.849,23.891,163808,,,1.9241,hfq
2006-12-21,23.834,23.891,22.736,22.821,163397,,,-4.4787,hfq
2006-12-22,22.539,23.159,22.455,22.793,99051,,,-0.1227,hfq
2006-12-25,22.877,23.947,22.877,23.215,130105,,,1.8514,hfq
2006-12-26,23.412,23.553,22.736,23.046,84193,,,-0.7280,hfq
2006-12-27,22.990,23.778,22.736,23.384,94252,,,1.4666,hfq
2006-12-28,23.553,23.694,22.652,22.961,114134,,,-1.8089,hfq
2006-12-29,23.102,24.229,22.905,23.665,186345,,,3.0661,hfq
2007-01-04,23.834,25.102,23.412,23.665,178581,,,0.0000,hfq
2007-01-05,23.694,24.736,23.609,24.679,160305,,,4.2848,hfq
2007-01-08,24.764,25.777,24.426,25.637,135010,,,3.8818,hfq
2007-01-09,25.946,26.650,25.946,26.144,134813,,,1.9776,hfq
2007-01-10,26.144,26.284,25.468,26.256,124209,,,0.4284,hfq
2007-01-11,26.284,26.876,25.665,25.890,127601,,,-1.3940,hfq
2007-01-12,25.609,25.862,23.863,24.482,148431,,,-5.4384,hfq
2007-01-15,24.341,25.749,24.285,25.609,110273,,,4.6034,hfq
2007-01-16,25.693,26.228,25.299,26.031,125785,,,1.6479,hfq
2007-01-17,26.059,27.045,24.257,24.567,255829,,,-5.6241,hfq
2007-01-18,24.454,24.454,22.567,23.553,252577,,,-4.1275,hfq
2007-01-19,23.694,24.313,23.412,24.229,159484,,,2.8701,hfq
2007-01-22,24.341,25.609,24.313,25.440,193101,,,4.9981,hfq
2007-01-23,25.806,26.876,25.383,26.791,290767,,,5.3105,hfq
2007-01-24,26.876,29.297,26.369,29.016,341806,,,8.3050,hfq
2007-01-25,28.762,28.762,26.172,27.636,273411,,,-4.7560,hfq
2007-01-26,27.354,29.776,27.073,29.579,340235,,,7.0307,hfq
2007-01-29,30.170,32.367,29.889,32.001,317444,,,8.1882,hfq
2007-01-30,32.789,34.338,31.269,31.494,279043,,,-1.5843,hfq
2007-01-31,31.438,32.592,29.833,30.311,190106,,,-3.7563,hfq
2007-02-01,29.917,31.100,28.565,29.833,164125,,,-1.5770,hfq
2007-02-02,29.804,31.691,29.748,30.255,217549,,,1.4145,hfq
2007-02-06,31.241,32.085,30.311,31.325,146628,,,3.5366,hfq
2007-02-07,31.635,32.057,30.762,31.241,119557,,,-0.2682,hfq
2007-02-08,31.550,31.860,30.452,31.804,106621,,,1.8021,hfq
2007-02-09,32.226,33.324,31.804,32.958,155272,,,3.6285,hfq
2007-02-12,33.071,33.888,32.705,33.071,121520,,,0.3429,hfq
2007-02-13,33.296,33.634,32.592,33.127,92013,,,0.1693,hfq
2007-02-14,33.155,33.550,32.705,33.099,174117,,,-0.0845,hfq
2007-02-15,34.169,34.648,33.578,34.028,273963,,,2.8067,hfq
2007-02-16,34.563,35.802,34.028,35.155,195517,,,3.3120,hfq
2007-02-26,35.408,36.619,34.732,36.366,134111,,,3.4447,hfq
2007-02-27,36.675,37.379,32.789,32.789,216092,,,-9.8361,hfq
2007-02-28,32.113,34.648,32.113,34.620,154167,,,5.5842,hfq
2007-03-01,34.592,34.592,31.860,32.508,168927,,,-6.1005,hfq
2007-03-02,32.142,33.184,31.916,32.649,94883,,,0.4337,hfq
2007-03-05,32.508,33.493,31.241,32.254,130742,,,-1.2098,hfq
2007-03-06,32.564,33.324,32.451,33.127,111066,,,2.7066,hfq
2007-03-07,33.296,33.972,33.099,33.719,105315,,,1.7871,hfq
2007-03-08,33.831,34.845,33.240,34.789,148016,,,3.1733,hfq
2007-03-09,34.901,35.662,33.719,35.127,167958,,,0.9716,hfq
2007-03-12,35.042,37.070,34.761,36.844,191338,,,4.8880,hfq
2007-03-13,36.957,37.323,36.253,36.816,139940,,,-0.0760,hfq
2007-03-14,36.253,36.309,34.901,35.577,148264,,,-3.3654,hfq
2007-03-15,35.465,36.929,35.380,36.112,112874,,,1.5038,hfq
2007-03-16,36.366,36.647,34.620,35.155,127225,,,-2.6501,hfq
2007-03-19,33.831,35.943,33.634,35.549,101787,,,1.1208,hfq
2007-03-21,36.591,37.689,35.971,37.633,179123,,,5.8623,hfq
2007-03-22,37.774,38.083,36.873,37.126,123950,,,-1.3472,hfq
2007-03-23,37.182,38.196,36.563,38.055,138162,,,2.5023,hfq
2007-03-26,38.956,41.434,38.956,40.871,166722,,,7.3998,hfq
2007-03-27,41.012,41.603,40.449,41.097,120063,,,0.5530,hfq
2007-03-28,41.322,43.349,39.689,43.068,241422,,,4.7960,hfq
2007-03-29,42.871,43.209,40.590,40.702,188482,,,-5.4936,hfq
2007-03-30,40.871,41.660,39.322,39.660,183799,,,-2.5601,hfq
2007-04-02,39.886,40.224,39.153,40.055,121853,,,0.9960,hfq
2007-04-03,40.336,40.561,39.745,40.167,95712,,,0.2796,hfq
2007-04-04,40.505,41.406,40.167,40.871,108432,,,1.7527,hfq
2007-04-05,40.364,40.815,39.745,40.618,140038,,,-0.6190,hfq
2007-04-06,40.195,42.223,39.801,41.941,195437,,,3.2572,hfq
2007-04-09,42.702,43.575,42.167,43.180,238384,,,2.9541,hfq
2007-04-10,43.406,43.575,41.660,42.842,156589,,,-0.7828,hfq
2007-04-11,43.011,43.180,42.026,42.983,170070,,,0.3291,hfq
2007-04-12,42.814,47.038,42.589,46.391,264769,,,7.9287,hfq
2007-04-13,46.391,46.391,44.250,44.476,210992,,,-4.1280,hfq
2007-04-16,44.870,45.349,44.279,45.152,139742,,,1.5199,hfq
2007-04-17,45.602,45.996,43.575,45.687,183383,,,1.1849,hfq
2007-04-18,45.715,47.883,45.715,46.785,182273,,,2.4033,hfq
2007-04-19,46.785,46.785,42.279,43.434,207485,,,-7.1626,hfq
2007-04-20,43.969,45.518,43.969,45.236,148951,,,4.1488,hfq
2007-04-23,45.405,47.292,45.405,47.292,185825,,,4.5451,hfq
2007-04-24,47.630,49.882,47.095,48.559,223945,,,2.6791,hfq
2007-04-25,48.869,51.009,48.559,49.713,233508,,,2.3765,hfq
2007-04-27,51.319,51.657,49.263,49.432,169085,,,-0.5652,hfq
2007-04-30,49.122,50.502,47.855,49.770,204345,,,0.6838,hfq
2007-05-08,51.572,53.797,50.389,52.980,243776,,,6.4497,hfq
2007-05-09,53.543,56.810,50.671,55.289,267762,,,4.3582,hfq
2007-05-10,55.261,55.289,53.543,54.191,137336,,,-1.9859,hfq
2007-05-11,53.515,53.543,51.741,52.670,151029,,,-2.8067,hfq
2007-05-14,51.854,55.458,51.319,54.388,173901,,,3.2618,hfq
2007-05-15,54.782,55.374,51.009,51.121,179461,,,-6.0068,hfq
2007-05-16,51.009,52.332,49.826,51.797,145797,,,1.3224,hfq
2007-05-17,51.516,52.558,51.459,52.079,129477,,,0.5444,hfq
2007-05-18,51.994,52.417,50.727,51.037,136235,,,-2.0008,hfq
2007-05-21,49.009,52.051,48.756,51.488,147864,,,0.8837,hfq
2007-05-22,51.572,53.740,51.516,52.501,189255,,,1.9674,hfq
2007-05-23,52.642,54.585,52.135,53.825,170582,,,2.5219,hfq
2007-05-24,54.106,54.388,51.178,53.008,191105,,,-1.5179,hfq
2007-05-25,53.571,57.120,53.543,56.331,369011,,,6.2689,hfq
2007-05-28,57.091,58.274,56.331,56.641,266331,,,0.5503,hfq
2007-05-29,57.204,57.486,55.599,56.894,169346,,,0.4467,hfq
2007-05-30,51.431,55.345,51.262,51.262,242242,,,-9.8991,hfq
2007-05-31,49.939,51.713,46.193,50.361,238668,,,-1.7576,hfq
2007-06-01,50.530,51.234,45.630,45.827,184931,,,-9.0030,hfq
2007-06-04,47.066,47.911,42.842,43.011,234534,,,-6.1448,hfq
2007-06-05,43.406,46.250,40.026,46.165,213705,,,7.3330,hfq
2007-06-06,46.644,47.517,45.095,46.560,140742,,,0.8556,hfq
2007-06-07,46.560,48.756,46.503,48.474,147569,,,4.1108,hfq
2007-06-08,48.643,50.446,48.137,49.713,156294,,,2.5560,hfq
2007-06-11,50.727,53.712,50.051,53.262,198148,,,7.1390,hfq
2007-06-12,54.106,57.880,52.783,57.767,295936,,,8.4582,hfq
2007-06-13,58.330,59.682,56.922,57.993,229105,,,0.3912,hfq
2007-06-14,57.739,61.146,56.387,59.288,196850,,,2.2330,hfq
2007-06-15,58.330,60.358,58.049,59.457,141146,,,0.2850,hfq
2007-06-18,61.006,64.469,61.006,63.709,187406,,,7.1514,hfq
2007-06-19,63.709,64.526,62.019,62.385,112165,,,-2.0782,hfq
2007-06-20,61.991,65.089,60.330,61.146,126206,,,-1.9861,hfq
2007-06-21,60.809,62.611,58.612,60.048,111422,,,-1.7957,hfq
2007-06-22,59.541,60.865,54.275,56.697,110749,,,-5.5805,hfq
2007-06-25,56.922,59.457,55.233,56.078,134097,,,-1.0918,hfq
2007-06-26,55.233,58.584,54.388,58.556,127724,,,4.4188,hfq
2007-06-27,58.753,60.724,58.330,60.555,112413,,,3.4138,hfq
2007-06-28,60.555,60.949,55.289,55.402,101096,,,-8.5096,hfq
2007-06-29,52.839,57.542,52.839,55.768,103018,,,0.6606,hfq
2007-07-02,55.796,57.401,54.135,56.049,61564,,,0.5039,hfq
2007-07-03,56.725,57.626,54.979,56.922,60049,,,1.5576,hfq
2007-07-04,57.120,57.120,55.177,55.599,40333,,,-2.3242,hfq
2007-07-05,55.233,55.712,50.699,50.924,100712,,,-8.4084,hfq
2007-07-06,50.812,53.571,49.770,53.402,104938,,,4.8661,hfq
2007-07-09,54.332,56.866,54.050,56.190,94045,,,5.2208,hfq
2007-07-10,56.247,56.613,54.754,54.951,60682,,,-2.2050,hfq
2007-07-11,54.782,56.049,54.444,55.543,43922,,,1.0773,hfq
2007-07-12,55.514,56.387,54.416,56.359,49321,,,1.4691,hfq
2007-07-13,56.331,56.585,54.951,55.937,29269,,,-0.7488,hfq
2007-07-16,55.740,56.078,54.106,54.135,29884,,,-3.2215,hfq
2007-07-17,53.684,56.782,53.487,55.852,51351,,,3.1717,hfq
2007-07-18,56.078,61.006,55.796,59.457,144953,,,6.4546,hfq
2007-07-19,59.429,60.583,58.190,58.697,57512,,,-1.2782,hfq
2007-07-20,58.330,62.611,58.330,61.907,112866,,,5.4688,hfq
2007-07-23,62.892,65.624,62.892,63.625,167695,,,2.7751,hfq
2007-07-24,65.230,66.722,63.962,65.004,138927,,,2.1674,hfq
2007-07-26,69.003,69.003,66.243,66.807,112140,,,2.7737,hfq
2007-07-27,66.243,67.849,65.399,66.609,71132,,,-0.2964,hfq
2007-07-30,66.441,70.158,65.680,69.228,102678,,,3.9319,hfq
2007-07-31,69.538,71.509,68.890,69.425,97505,,,0.2846,hfq
2007-08-01,69.425,69.876,64.807,64.976,104752,,,-6.4084,hfq
2007-08-02,65.934,68.046,64.976,67.905,85310,,,4.5078,hfq
2007-08-03,68.665,69.397,66.412,67.933,129165,,,0.0412,hfq
2007-08-06,68.243,72.467,67.342,72.382,147086,,,6.5491,hfq
2007-08-07,72.270,73.255,71.284,71.735,107518,,,-0.8939,hfq
2007-08-08,71.735,72.833,67.905,70.242,90101,,,-2.0813,hfq
2007-08-09,69.594,72.129,69.059,70.777,70086,,,0.7617,hfq
2007-08-10,70.890,70.890,66.159,68.721,81632,,,-2.9049,hfq
2007-08-13,68.327,68.468,65.934,67.342,78113,,,-2.0067,hfq
2007-08-14,66.778,68.440,66.215,67.736,52691,,,0.5851,hfq
2007-08-15,68.384,69.510,65.962,67.849,60445,,,0.1668,hfq
2007-08-16,67.060,67.539,65.708,66.778,60710,,,-1.5785,hfq
2007-08-17,66.497,68.271,65.962,67.567,65437,,,1.1815,hfq
2007-08-20,69.172,74.100,69.172,73.734,145981,,,9.1272,hfq
2007-08-21,75.367,79.985,74.241,76.437,135580,,,3.6659,hfq
2007-08-22,75.226,78.493,74.185,77.254,80731,,,1.0689,hfq
2007-08-23,76.691,79.901,76.691,79.084,76334,,,2.3688,hfq
2007-08-24,80.042,80.521,77.001,79.225,72148,,,0.1783,hfq
2007-08-27,79.450,81.675,78.324,80.014,113736,,,0.9959,hfq
2007-08-28,79.450,82.266,78.042,78.099,119821,,,-2.3933,hfq
2007-08-29,77.423,78.042,75.649,76.437,84736,,,-2.1281,hfq
2007-08-30,77.705,82.773,76.297,80.887,93604,,,5.8218,hfq
2007-08-31,81.478,82.548,80.380,81.872,73795,,,1.2177,hfq
2007-09-03,82.266,82.830,80.014,81.056,100565,,,-0.9967,hfq
2007-09-04,81.140,82.097,79.619,79.732,68445,,,-1.6334,hfq
2007-09-05,79.760,80.858,77.761,79.000,63038,,,-0.9181,hfq
2007-09-06,79.732,80.858,78.746,80.689,61442,,,2.1380,hfq
2007-09-07,80.014,80.718,77.873,77.930,75369,,,-3.4193,hfq
2007-09-10,75.790,79.113,75.790,78.521,57631,,,0.7584,hfq
2007-09-11,78.606,81.816,77.536,80.098,119284,,,2.0084,hfq
2007-09-12,79.394,87.392,79.281,85.815,210037,,,7.1375,hfq
2007-09-13,86.575,87.166,82.069,84.885,92902,,,-1.0837,hfq
2007-09-14,85.561,86.490,82.970,85.223,82564,,,0.3982,hfq
2007-09-17,85.223,87.025,83.984,85.674,77728,,,0.5292,hfq
2007-09-18,85.674,89.137,85.082,86.462,72872,,,0.9198,hfq
2007-09-19,85.111,85.927,82.407,82.801,58539,,,-4.2342,hfq
2007-09-20,82.858,85.082,81.675,82.999,61506,,,0.2391,hfq
2007-09-21,82.830,85.505,82.266,84.209,44928,,,1.4578,hfq
2007-09-24,84.519,87.335,83.759,84.716,71357,,,0.6021,hfq
2007-09-25,84.519,84.519,79.507,80.014,105591,,,-5.5503,hfq
2007-09-26,80.042,81.056,76.803,77.451,63384,,,-3.2032,hfq
2007-09-27,77.479,80.802,76.944,80.718,44305,,,4.2182,hfq
2007-09-28,81.140,83.365,81.140,83.139,52598,,,2.9993,hfq
2007-10-08,83.843,84.519,81.084,81.225,48697,,,-2.3022,hfq
2007-10-09,80.887,82.548,80.718,81.253,43128,,,0.0345,hfq
2007-10-10,81.365,82.069,79.507,79.676,60102,,,-1.9409,hfq
2007-10-11,79.788,80.521,77.761,77.986,64182,,,-2.1211,hfq
2007-10-12,77.479,77.479,72.692,75.987,93102,,,-2.5633,hfq
2007-10-15,76.212,77.338,73.847,75.733,59483,,,-0.3343,hfq
2007-10-16,76.634,76.775,74.804,76.353,51259,,,0.8187,hfq
2007-10-17,76.606,78.606,75.818,77.451,50622,,,1.4381,hfq
2007-10-18,78.042,78.549,74.663,74.832,63856,,,-3.3815,hfq
2007-10-19,74.945,76.353,73.678,76.128,39539,,,1.7319,hfq
2007-10-22,75.226,75.226,72.833,72.945,40026,,,-4.1811,hfq
2007-10-23,72.974,74.325,72.101,73.509,34556,,,0.7732,hfq
2007-10-24,73.818,74.016,70.749,71.002,58474,,,-3.4105,hfq
2007-10-25,70.214,70.721,65.399,65.427,68738,,,-7.8519,hfq
2007-10-26,63.962,68.693,63.962,67.482,50503,,,3.1409,hfq
2007-10-29,68.750,68.975,66.441,68.074,28726,,,0.8773,hfq
2007-10-30,69.594,71.988,69.341,70.439,44917,,,3.4742,hfq
2007-10-31,71.706,72.974,70.665,72.805,47881,,,3.3589,hfq
2007-11-01,72.945,72.974,70.862,71.566,43359,,,-1.7018,hfq
2007-11-02,70.693,70.693,68.130,68.158,31269,,,-4.7620,hfq
2007-11-05,68.299,68.975,66.553,67.032,31765,,,-1.6520,hfq
2007-11-06,68.721,69.257,66.807,68.778,17632,,,2.6047,hfq
2007-11-07,69.003,69.257,67.060,68.637,12225,,,-0.2050,hfq
2007-11-08,67.989,68.609,65.793,65.934,18828,,,-3.9381,hfq
2007-11-09,65.905,65.934,61.963,62.498,46020,,,-5.2113,hfq
2007-11-12,61.146,63.962,60.189,62.949,27036,,,0.7216,hfq
2007-11-13,64.244,64.723,61.315,61.907,22142,,,-1.6553,hfq
2007-11-14,63.005,64.695,62.245,64.638,39706,,,4.4115,hfq
2007-11-15,63.962,64.779,63.005,63.230,21175,,,-2.1783,hfq
2007-11-16,63.089,63.089,60.583,62.385,35779,,,-1.3364,hfq
2007-11-19,62.836,63.822,62.385,63.089,17396,,,1.1285,hfq
2007-11-20,62.808,66.131,62.583,65.708,57563,,,4.1513,hfq
2007-11-21,65.793,67.060,65.652,66.412,37357,,,1.0714,hfq
2007-11-22,64.047,65.905,63.118,63.174,25134,,,-4.8756,hfq
2007-11-23,63.202,65.370,62.752,65.370,22867,,,3.4761,hfq
2007-11-26,66.046,66.750,65.089,65.427,30776,,,0.0872,hfq
2007-11-27,65.539,67.004,65.033,65.905,28679,,,0.7306,hfq
2007-11-28,65.568,66.807,64.244,64.807,27301,,,-1.6660,hfq
2007-11-29,65.934,66.694,63.456,66.159,32083,,,2.0862,hfq
2007-11-30,66.159,66.863,64.864,66.215,47617,,,0.0846,hfq
2007-12-03,65.793,67.764,65.370,66.694,20842,,,0.7234,hfq
2007-12-04,66.835,67.905,66.609,66.835,18773,,,0.2114,hfq
2007-12-05,66.778,67.567,66.243,67.511,26830,,,1.0114,hfq
2007-12-06,67.905,68.130,67.145,67.820,18039,,,0.4577,hfq
2007-12-07,67.792,69.059,67.201,68.919,20427,,,1.6205,hfq
2007-12-10,67.989,69.876,67.285,69.594,35495,,,0.9794,hfq
2007-12-11,70.017,71.791,69.594,71.087,40627,,,2.1453,hfq
2007-12-12,71.256,72.270,71.087,71.960,37581,,,1.2281,hfq
2007-12-13,71.566,71.566,68.186,68.243,48100,,,-5.1654,hfq
2007-12-14,67.229,69.228,67.201,69.144,23453,,,1.3203,hfq
2007-12-17,69.397,69.594,65.089,65.230,50985,,,-5.6607,hfq
2007-12-18,65.314,66.103,64.047,65.399,26940,,,0.2591,hfq
2007-12-19,65.821,67.539,65.821,67.370,18480,,,3.0138,hfq
2007-12-20,66.750,68.947,66.750,68.750,22443,,,2.0484,hfq
2007-12-21,68.215,70.158,67.905,69.707,29198,,,1.3920,hfq
2007-12-24,70.158,72.720,70.158,72.101,43402,,,3.4344,hfq
2007-12-25,72.129,73.790,71.791,72.917,36703,,,1.1317,hfq
2007-12-26,72.974,73.593,71.706,72.382,30677,,,-0.7337,hfq
2007-12-27,72.692,75.593,72.129,75.339,55821,,,4.0853,hfq
2007-12-28,76.437,76.634,74.382,75.029,53791,,,-0.4115,hfq
2008-01-02,75.086,78.549,73.818,77.367,43184,,,3.1161,hfq
2008-01-03,77.141,79.084,76.099,78.324,49834,,,1.2370,hfq
2008-01-04,78.042,79.141,77.536,77.648,34990,,,-0.8631,hfq
2008-01-08,79.450,81.140,77.676,78.127,78244,,,0.6169,hfq
2008-01-09,78.042,80.267,77.536,79.873,39490,,,2.2348,hfq
2008-01-10,80.802,80.887,79.760,80.352,35709,,,0.5997,hfq
2008-01-11,80.295,81.112,79.056,80.380,33525,,,0.0348,hfq
2008-01-14,82.576,86.969,82.576,86.434,131866,,,7.5317,hfq
2008-01-15,86.378,87.758,85.308,85.617,74586,,,-0.9452,hfq
2008-01-16,85.280,85.280,82.323,84.209,67186,,,-1.6445,hfq
2008-01-17,83.674,85.082,77.479,81.337,62425,,,-3.4106,hfq
2008-01-18,81.112,83.111,79.197,82.999,37995,,,2.0434,hfq
2008-01-21,83.449,83.815,74.945,78.127,42471,,,-5.8700,hfq
2008-01-22,76.071,76.916,70.524,71.594,76892,,,-8.3620,hfq
2008-01-23,73.255,77.479,69.313,77.367,63555,,,8.0635,hfq
2008-01-24,77.479,81.619,76.071,79.394,57928,,,2.6200,hfq
2008-01-25,79.760,83.337,79.310,80.971,30510,,,1.9863,hfq
2008-01-28,80.295,80.492,74.269,77.169,50563,,,-4.6955,hfq
2008-01-29,76.634,79.169,75.874,77.733,20963,,,0.7309,hfq
2008-01-30,77.958,79.985,75.649,77.536,28355,,,-0.2534,hfq
2008-01-31,77.902,77.902,74.663,75.761,22886,,,-2.2893,hfq
2008-02-01,75.508,76.550,71.002,76.212,27685,,,0.5953,hfq
2008-02-04,77.338,82.238,77.338,81.985,44462,,,7.5749,hfq
2008-02-05,81.647,82.773,79.760,81.760,33194,,,-0.2744,hfq
2008-02-13,81.647,81.647,79.450,80.436,18021,,,-1.6194,hfq
2008-02-14,80.887,81.422,79.760,80.267,14798,,,-0.2101,hfq
2008-02-15,79.732,80.830,77.226,79.028,18780,,,-1.5436,hfq
2008-02-18,80.436,82.126,79.732,81.422,37310,,,3.0293,hfq
2008-02-19,81.422,83.534,80.718,83.393,35690,,,2.4207,hfq
2008-02-20,83.674,84.970,81.788,82.520,33104,,,-1.0469,hfq
2008-02-21,82.126,84.238,79.788,82.970,23590,,,0.5453,hfq
2008-02-22,81.703,82.773,78.042,79.732,30518,,,-3.9026,hfq
2008-02-25,80.295,80.295,75.930,77.479,20188,,,-2.8257,hfq
2008-02-26,79.084,79.873,75.790,77.761,19024,,,0.3640,hfq
2008-02-27,77.845,81.422,77.845,80.689,21459,,,3.7654,hfq
2008-02-28,80.887,82.548,80.380,82.266,32243,,,1.9544,hfq
2008-02-29,80.915,84.773,80.915,83.674,45518,,,1.7115,hfq
2008-03-03,83.674,87.335,82.323,86.969,78810,,,3.9379,hfq
2008-03-04,86.997,88.321,84.407,85.336,52729,,,-1.8777,hfq
2008-03-05,85.082,89.306,84.604,88.715,79994,,,3.9596,hfq
2008-03-06,88.743,89.644,87.335,87.701,30889,,,-1.1430,hfq
2008-03-07,87.758,88.715,84.547,85.364,25046,,,-2.6647,hfq
2008-03-10,85.195,85.308,82.576,83.083,23838,,,-2.6721,hfq
2008-03-11,82.295,82.295,79.028,81.985,34483,,,-1.3216,hfq
2008-03-12,83.393,83.928,79.225,79.422,19822,,,-3.1262,hfq
2008-03-13,78.972,79.422,75.508,76.944,24441,,,-3.1200,hfq
2008-03-14,76.916,78.634,74.720,77.226,15126,,,0.3665,hfq
2008-03-17,75.790,77.282,69.707,69.707,32964,,,-9.7364,hfq
2008-03-18,69.538,70.721,63.118,64.835,35126,,,-6.9893,hfq
2008-03-19,65.934,69.932,65.680,67.145,36487,,,3.5629,hfq
2008-03-20,65.427,73.649,65.004,72.805,53833,,,8.4295,hfq
2008-03-21,72.439,74.889,72.157,73.818,58227,,,1.3914,hfq
2008-03-24,77.479,77.676,68.186,68.327,106442,,,-7.4386,hfq
2008-03-25,65.652,70.721,65.370,69.594,37621,,,1.8543,hfq
2008-03-26,70.524,70.580,66.469,66.976,38131,,,-3.7618,hfq
2008-03-27,66.074,66.187,61.146,62.217,68502,,,-7.1055,hfq
2008-03-28,61.146,66.666,60.583,66.525,55816,,,6.9242,hfq
2008-03-31,64.807,66.863,63.118,66.046,26050,,,-0.7200,hfq
2008-04-01,65.089,65.652,59.654,60.611,49901,,,-8.2291,hfq
2008-04-02,60.893,61.653,57.232,58.021,45892,,,-4.2732,hfq
2008-04-03,58.077,59.654,55.092,58.077,37184,,,0.0965,hfq
2008-04-07,56.585,61.991,55.543,61.175,56134,,,5.3343,hfq
2008-04-08,61.428,63.962,59.767,63.258,43768,,,3.4050,hfq
2008-04-09,62.554,64.666,61.006,61.146,57383,,,-3.3387,hfq
2008-04-10,60.555,66.807,60.048,66.722,58203,,,9.1192,hfq
2008-04-11,68.947,69.172,64.807,66.412,58695,,,-0.4646,hfq
2008-04-14,64.807,64.892,60.217,62.104,32148,,,-6.4868,hfq
2008-04-15,61.681,62.667,58.894,62.554,25019,,,0.7246,hfq
2008-04-16,62.695,64.497,60.865,62.273,28450,,,-0.4492,hfq
2008-04-17,62.554,63.625,59.457,60.555,15752,,,-2.7588,hfq
2008-04-18,59.964,59.964,57.148,58.077,20971,,,-4.0921,hfq
2008-04-21,62.554,62.808,55.402,56.387,41039,,,-2.9099,hfq
2008-04-22,55.514,58.330,52.980,57.683,28292,,,2.2984,hfq
2008-04-23,56.922,60.020,56.021,59.485,24980,,,3.1240,hfq
2008-04-24,63.962,65.230,62.048,64.864,100359,,,9.0426,hfq
2008-04-25,64.385,67.285,63.343,64.864,76354,,,0.0000,hfq
2008-04-28,64.835,65.793,63.118,63.258,42350,,,-2.4759,hfq
2008-04-29,63.456,64.357,63.118,63.850,32519,,,0.9359,hfq
2008-04-30,63.822,66.581,63.765,65.877,48267,,,3.1746,hfq
2008-05-05,66.722,68.750,66.215,68.017,55528,,,3.2485,hfq
2008-05-06,67.905,69.257,66.778,67.905,46166,,,-0.1647,hfq
2008-05-07,67.032,68.693,64.300,64.526,54046,,,-4.9761,hfq
2008-05-08,64.216,67.060,64.019,67.032,31306,,,3.8837,hfq
2008-05-09,67.567,68.609,65.117,66.074,42147,,,-1.4292,hfq
2008-05-12,65.061,67.905,64.272,67.595,34878,,,2.3020,hfq
2008-05-13,65.370,67.032,64.807,65.624,36316,,,-2.9159,hfq
2008-05-14,65.652,68.158,65.089,67.482,44962,,,2.8313,hfq
2008-05-15,68.186,70.608,67.792,68.384,92937,,,1.3367,hfq
2008-05-16,67.905,70.017,67.820,69.594,69183,,,1.7694,hfq
2008-05-19,69.820,70.693,68.468,69.763,36301,,,0.2428,hfq
2008-05-20,70.918,70.918,63.962,64.272,64905,,,-7.8709,hfq
2008-05-21,63.962,64.751,61.090,63.906,47865,,,-0.5695,hfq
2008-05-22,63.118,63.625,61.710,61.738,36873,,,-3.3925,hfq
2008-05-23,61.850,62.780,59.401,62.076,34448,,,0.5475,hfq
2008-05-26,61.400,61.738,59.767,59.851,18983,,,-3.5843,hfq
2008-05-27,59.738,61.146,58.556,59.288,22736,,,-0.9407,hfq
2008-05-28,59.457,61.569,59.175,61.062,29445,,,2.9922,hfq
2008-05-29,60.865,62.076,59.738,59.738,24328,,,-2.1683,hfq
2008-05-30,60.442,60.499,59.034,60.442,13385,,,1.1785,hfq
2008-06-02,59.851,60.837,59.767,60.499,11642,,,0.0943,hfq
2008-06-03,60.724,61.428,59.710,60.555,13316,,,0.0926,hfq
2008-06-04,60.105,60.442,57.993,58.640,17667,,,-3.1624,hfq
2008-06-05,58.612,59.344,57.993,59.034,15157,,,0.6719,hfq
2008-06-06,59.034,59.879,58.190,59.429,14038,,,0.6691,hfq
2008-06-12,53.684,54.923,53.684,53.684,47685,,,-9.6670,hfq
2008-06-13,53.121,53.121,48.700,49.713,64398,,,-7.3970,hfq
2008-06-16,49.742,50.249,47.066,48.474,21442,,,-2.4923,hfq
2008-06-17,48.052,48.897,43.828,44.870,27512,,,-7.4349,hfq
2008-06-18,43.969,47.376,42.082,46.222,46450,,,3.0131,hfq
2008-06-19,45.377,45.377,41.801,41.801,26560,,,-9.5647,hfq
2008-06-20,41.998,44.701,38.506,41.660,63208,,,-0.3373,hfq
2008-06-23,41.603,42.054,40.364,41.660,13400,,,0.0000,hfq
2008-06-24,40.871,43.124,40.871,42.758,15841,,,2.6356,hfq
2008-06-25,42.842,44.954,42.589,44.729,27111,,,4.6097,hfq
2008-06-26,44.617,45.687,44.250,45.236,33851,,,1.1335,hfq
2008-06-27,43.603,43.969,40.928,41.885,34634,,,-7.4078,hfq
2008-06-30,41.491,42.702,40.928,42.364,18188,,,1.1436,hfq
2008-07-01,42.758,42.758,41.097,41.575,11979,,,-1.8624,hfq
2008-07-02,41.885,42.392,41.153,41.801,11300,,,0.5436,hfq
2008-07-03,41.125,44.053,40.449,42.730,37071,,,2.2224,hfq
2008-07-04,42.476,43.096,41.998,42.561,19118,,,-0.3955,hfq
2008-07-07,42.336,45.602,42.336,45.489,41954,,,6.8795,hfq
2008-07-08,45.377,45.996,44.110,45.602,33264,,,0.2484,hfq
2008-07-09,45.405,48.080,45.405,47.404,43547,,,3.9516,hfq
2008-07-10,46.588,48.615,46.193,47.320,45741,,,-0.1772,hfq
2008-07-11,47.010,47.376,45.856,46.362,29535,,,-2.0245,hfq
2008-07-14,45.912,47.601,45.743,47.066,20316,,,1.5185,hfq
2008-07-15,47.461,47.827,45.321,45.687,42949,,,-2.9299,hfq
2008-07-16,45.968,46.025,42.279,43.462,27625,,,-4.8701,hfq
2008-07-17,44.250,44.954,42.871,43.575,18520,,,0.2600,hfq
2008-07-18,44.166,45.827,42.899,45.658,23181,,,4.7803,hfq
2008-07-21,45.208,47.573,44.814,47.320,41786,,,3.6401,hfq
2008-07-22,47.630,49.178,47.348,48.052,40042,,,1.5469,hfq
2008-07-23,48.305,48.474,47.038,47.489,24841,,,-1.1716,hfq
2008-07-24,47.770,50.699,47.770,50.502,64132,,,6.3446,hfq
2008-07-25,49.601,50.502,49.319,50.051,48141,,,-0.8930,hfq
2008-07-28,51.290,51.825,49.939,51.093,78950,,,2.0819,hfq
2008-07-29,50.164,51.093,49.291,49.488,42024,,,-3.1413,hfq
2008-07-30,49.967,50.727,49.404,49.770,35106,,,0.5698,hfq
2008-07-31,50.023,50.333,48.897,49.178,28364,,,-1.1895,hfq
2008-08-01,48.841,49.601,46.672,48.756,49577,,,-0.8581,hfq
2008-08-04,48.170,48.170,46.802,46.852,17900,,,-3.9052,hfq
2008-08-05,46.548,46.548,42.797,43.406,61567,,,-7.3551,hfq
2008-08-06,43.862,43.913,41.632,43.608,37916,,,0.4654,hfq
2008-08-07,44.065,44.065,42.392,43.558,30089,,,-0.1147,hfq
2008-08-08,43.406,44.571,40.364,40.922,43885,,,-6.0517,hfq
2008-08-11,40.719,40.719,37.120,37.222,55970,,,-9.0416,hfq
2008-08-12,36.867,37.729,36.107,37.374,33146,,,0.4084,hfq
2008-08-13,37.374,37.475,35.549,37.374,32995,,,0.0000,hfq
2008-08-14,37.272,37.779,36.563,37.526,18627,,,0.4067,hfq
2008-08-15,37.424,38.185,37.120,37.222,22368,,,-0.8101,hfq
2008-08-18,37.222,37.475,34.231,34.434,24862,,,-7.4902,hfq
2008-08-19,33.623,35.042,33.521,34.535,16351,,,0.2933,hfq
2008-08-20,34.079,37.729,33.471,37.577,55771,,,8.8085,hfq
2008-08-21,36.664,37.627,35.448,36.157,33840,,,-3.7789,hfq
2008-08-22,36.056,38.033,36.056,37.272,57585,,,3.0838,hfq
2008-08-25,36.867,38.033,36.867,37.019,26489,,,-0.6788,hfq
2008-08-26,36.715,36.715,34.687,35.042,28086,,,-5.3405,hfq
2008-08-27,35.144,36.005,34.839,35.397,15607,,,1.0131,hfq
2008-08-28,35.448,35.955,35.144,35.498,16101,,,0.2853,hfq
2008-08-29,35.650,36.918,35.549,36.715,35335,,,3.4284,hfq
2008-09-01,36.461,36.461,34.941,35.296,25840,,,-3.8649,hfq
2008-09-02,34.789,35.498,34.535,35.144,19444,,,-0.4306,hfq
2008-09-03,35.194,35.498,34.485,34.687,17656,,,-1.3004,hfq
2008-09-04,34.890,35.955,34.332,35.448,26504,,,2.1939,hfq
2008-09-05,34.130,34.941,33.319,33.471,40991,,,-5.5772,hfq
2008-09-08,34.079,34.079,32.204,32.660,37365,,,-2.4230,hfq
2008-09-09,32.558,33.065,32.508,32.660,20654,,,0.0000,hfq
2008-09-10,32.710,33.420,32.001,32.660,28637,,,0.0000,hfq
2008-09-11,32.710,33.065,31.646,31.950,31976,,,-2.1739,hfq
2008-09-12,31.849,32.305,30.430,30.936,38360,,,-3.1737,hfq
2008-09-16,30.835,30.886,28.149,28.199,96995,,,-8.8473,hfq
2008-09-17,27.946,28.453,26.628,27.338,58794,,,-3.0533,hfq
2008-09-18,27.287,27.743,25.411,26.932,61259,,,-1.4851,hfq
2008-09-19,29.365,29.365,28.757,29.365,86916,,,9.0339,hfq
2008-09-22,31.494,32.001,29.213,30.430,290969,,,3.6268,hfq
2008-09-23,29.213,30.531,28.757,29.264,100264,,,-3.8317,hfq
2008-09-24,28.757,29.619,28.503,29.568,37928,,,1.0388,hfq
2008-09-25,29.720,30.582,29.466,30.176,121067,,,2.0563,hfq
2008-09-26,30.480,31.494,29.821,31.038,100481,,,2.8566,hfq
2008-10-06,30.430,30.430,29.314,29.517,51773,,,-4.9004,hfq
2008-10-07,28.250,29.923,28.149,29.365,35726,,,-0.5150,hfq
2008-10-08,28.858,29.365,28.503,28.605,31615,,,-2.5881,hfq
2008-10-09,29.213,29.213,28.250,28.250,25756,,,-1.2410,hfq
2008-10-10,27.388,27.642,26.628,26.983,39048,,,-4.4850,hfq
2008-10-13,27.135,28.047,25.766,27.996,29956,,,3.7542,hfq
2008-10-14,29.061,29.264,27.642,27.692,48752,,,-1.0859,hfq
2008-10-15,27.743,27.996,27.236,27.591,18328,,,-0.3647,hfq
2008-10-16,26.983,27.338,26.425,26.476,34990,,,-4.0412,hfq
2008-10-17,27.033,27.287,26.476,26.983,17726,,,1.9149,hfq
2008-10-20,27.185,27.591,26.831,27.287,45449,,,1.1266,hfq
2008-10-21,27.490,27.895,27.287,27.287,34716,,,0.0000,hfq
2008-10-22,26.932,27.338,26.577,26.679,21592,,,-2.2282,hfq
2008-10-23,26.222,26.831,25.969,26.679,18883,,,0.0000,hfq
2008-10-24,26.983,26.983,25.969,26.222,26764,,,-1.7130,hfq
2008-10-27,25.716,25.766,23.941,24.144,37160,,,-7.9246,hfq
2008-10-28,23.637,25.107,23.637,24.803,32657,,,2.7295,hfq
2008-10-29,25.209,25.513,23.992,24.043,28267,,,-3.0641,hfq
2008-10-30,24.499,24.905,24.144,24.499,20175,,,1.8966,hfq
2008-10-31,24.246,25.006,24.246,24.398,32441,,,-0.4123,hfq
2008-11-03,24.398,24.702,24.296,24.347,15154,,,-0.2090,hfq
2008-11-04,24.144,24.448,23.587,23.891,18774,,,-1.8729,hfq
2008-11-05,24.398,25.107,23.992,24.448,52901,,,2.3314,hfq
2008-11-06,23.992,24.043,23.536,23.789,27319,,,-2.6955,hfq
2008-11-07,23.384,24.144,23.333,23.992,23666,,,0.8533,hfq
2008-11-10,24.448,25.665,24.296,25.665,84986,,,6.9732,hfq
2008-11-11,25.411,26.121,24.955,25.158,75756,,,-1.9755,hfq
2008-11-12,25.006,25.462,24.651,25.361,69089,,,0.8069,hfq
2008-11-13,25.107,27.388,24.854,27.084,133145,,,6.7939,hfq
2008-11-14,27.135,28.047,26.729,27.844,193419,,,2.8061,hfq
2008-11-17,27.692,29.365,27.490,29.112,183895,,,4.5539,hfq
2008-11-18,28.706,29.112,26.476,26.476,160860,,,-9.0547,hfq
2008-11-19,26.527,28.199,26.222,27.946,88825,,,5.5522,hfq
2008-11-20,27.388,29.162,26.932,28.301,184745,,,1.2703,hfq
2008-11-21,27.439,29.973,26.679,29.162,192417,,,3.0423,hfq
2008-11-24,29.112,29.619,28.554,28.909,168615,,,-0.8676,hfq
2008-11-25,29.264,29.619,27.439,27.895,153040,,,-3.5076,hfq
2008-11-26,27.946,28.098,26.527,27.692,176543,,,-0.7277,hfq
2008-11-27,29.619,29.872,28.047,28.149,253268,,,1.6503,hfq
2008-11-28,27.540,27.895,26.780,27.084,88302,,,-3.7834,hfq
2008-12-01,26.780,27.692,26.628,27.591,63240,,,1.8720,hfq
2008-12-02,27.135,28.453,26.932,28.351,116481,,,2.7545,hfq
2008-12-03,28.757,30.227,28.706,30.176,238340,,,6.4372,hfq
2008-12-04,30.734,32.508,30.379,30.784,322562,,,2.0148,hfq
2008-12-05,31.038,33.572,31.038,33.572,433703,,,9.0567,hfq
2008-12-08,35.042,35.194,33.623,34.637,438626,,,3.1723,hfq
2008-12-09,34.687,35.245,33.876,34.332,240868,,,-0.8806,hfq
2008-12-10,34.130,37.475,33.876,36.816,300575,,,7.2352,hfq
2008-12-11,36.309,37.678,36.107,36.918,236949,,,0.2771,hfq
2008-12-12,36.056,36.918,33.521,33.775,213033,,,-8.5135,hfq
2008-12-15,34.839,35.904,34.028,35.498,193502,,,5.1014,hfq
2008-12-16,35.296,36.563,34.079,36.259,145239,,,2.1438,hfq
2008-12-17,36.664,37.982,36.208,36.309,192897,,,0.1379,hfq
2008-12-18,36.766,37.171,35.955,37.019,134513,,,1.9554,hfq
2008-12-19,37.019,37.424,36.664,37.070,144608,,,0.1378,hfq
2008-12-22,37.171,38.742,36.968,38.033,146687,,,2.5978,hfq
2008-12-23,38.286,38.286,34.586,34.789,125092,,,-8.5294,hfq
2008-12-24,34.332,35.042,32.863,34.434,124099,,,-1.0204,hfq
2008-12-25,34.383,35.042,33.724,34.434,74659,,,0.0000,hfq
2008-12-26,34.180,34.839,33.978,34.687,51057,,,0.7347,hfq
2008-12-29,34.434,36.208,33.521,35.904,86603,,,3.5085,hfq
2008-12-30,35.802,36.208,34.535,35.194,72299,,,-1.9775,hfq
2008-12-31,35.346,35.498,33.826,35.194,90566,,,0.0000,hfq
2009-01-05,35.093,36.664,35.093,36.512,83014,,,3.7450,hfq
2009-01-06,36.309,37.729,36.056,37.424,120124,,,2.4978,hfq
2009-01-07,37.678,37.678,36.867,36.968,69825,,,-1.2185,hfq
2009-01-08,36.259,37.577,36.005,37.374,89433,,,1.0982,hfq
2009-01-09,37.222,40.111,37.222,39.908,194758,,,6.7801,hfq
2009-01-12,39.756,41.125,39.249,40.871,142756,,,2.4131,hfq
2009-01-13,40.212,41.125,38.590,39.300,144346,,,-3.8438,hfq
2009-01-14,39.249,40.060,38.742,39.959,118690,,,1.6768,hfq
2009-01-15,39.351,39.959,38.692,39.351,110466,,,-1.5216,hfq
2009-01-16,39.351,40.263,38.590,38.844,154575,,,-1.2884,hfq
2009-01-19,39.148,39.351,37.323,38.083,160674,,,-1.9591,hfq
2009-01-20,38.033,38.844,36.816,38.590,188400,,,1.3313,hfq
2009-01-21,38.235,40.111,37.729,39.300,151319,,,1.8399,hfq
2009-01-22,39.097,39.604,36.613,37.830,301251,,,-3.7405,hfq
2009-01-23,37.830,38.083,37.070,37.323,127812,,,-1.3402,hfq
2009-02-02,37.779,37.931,37.171,37.729,107309,,,1.0878,hfq
2009-02-03,37.779,39.705,37.577,39.351,276897,,,4.2991,hfq
2009-02-04,39.908,39.959,39.097,39.553,191787,,,0.5133,hfq
2009-02-05,39.401,40.618,39.351,40.567,280940,,,2.5636,hfq
2009-02-06,40.973,42.595,40.668,42.189,299374,,,3.9983,hfq
2009-02-09,42.392,43.710,41.125,43.000,362525,,,1.9223,hfq
2009-02-10,42.443,43.608,41.885,43.304,259942,,,0.7070,hfq
2009-02-11,43.152,45.940,42.493,45.281,520217,,,4.5654,hfq
2009-02-12,45.433,45.433,43.558,44.521,198059,,,-1.6784,hfq
2009-02-13,44.926,46.650,44.470,46.244,287714,,,3.8701,hfq
2009-02-16,46.852,47.055,44.926,46.244,262505,,,0.0000,hfq
2009-02-17,45.940,46.092,44.622,44.825,206268,,,-3.0685,hfq
2009-02-18,43.558,44.977,42.595,43.203,247847,,,-3.6185,hfq
2009-02-20,44.166,45.433,43.304,44.977,150618,,,4.1062,hfq
2009-02-23,45.129,49.184,44.977,49.184,464252,,,9.3537,hfq
2009-02-24,48.981,53.290,48.221,50.603,590352,,,2.8851,hfq
2009-02-25,50.654,54.050,50.603,53.340,480689,,,5.4088,hfq
2009-02-26,53.036,53.290,48.272,48.424,238729,,,-9.2163,hfq
2009-02-27,47.461,47.461,44.115,45.839,273620,,,-5.3383,hfq
2009-03-02,44.926,47.968,44.673,46.193,189592,,,0.7723,hfq
2009-03-03,44.926,46.954,43.811,46.193,174596,,,0.0000,hfq
2009-03-04,46.700,50.553,46.346,50.553,220263,,,9.4387,hfq
2009-03-05,51.769,54.861,49.488,51.364,485660,,,1.6043,hfq
2009-03-06,50.502,52.986,49.843,51.972,225285,,,1.1837,hfq
2009-03-09,52.428,54.405,50.401,51.009,300380,,,-1.8529,hfq
2009-03-10,50.907,51.921,48.525,51.617,165501,,,1.1919,hfq
2009-03-11,52.783,53.290,48.474,49.184,242651,,,-4.7136,hfq
2009-03-12,49.894,53.594,48.728,53.290,399989,,,8.3482,hfq
2009-03-13,53.442,53.797,51.516,51.668,334790,,,-3.0437,hfq
2009-03-16,51.516,53.036,49.894,52.023,169515,,,0.6871,hfq
2009-03-17,52.124,56.737,51.668,56.280,423354,,,8.1829,hfq
2009-03-18,56.686,58.004,55.064,55.621,349331,,,-1.1709,hfq
2009-03-19,55.419,57.193,55.419,56.585,253732,,,1.7332,hfq
2009-03-20,56.483,56.939,53.898,54.963,275204,,,-2.8665,hfq
2009-03-23,54.963,57.598,53.999,55.723,248762,,,1.3827,hfq
2009-03-24,56.483,58.105,55.419,57.142,253668,,,2.5465,hfq
2009-03-25,56.382,58.156,55.571,55.774,174877,,,-2.3940,hfq
2009-03-26,55.419,56.331,53.847,56.027,204490,,,0.4536,hfq
2009-03-27,56.128,57.396,55.064,55.520,180810,,,-0.9049,hfq
2009-03-30,55.571,56.382,54.506,55.571,119455,,,0.0919,hfq
2009-03-31,53.898,55.419,53.290,54.760,193855,,,-1.4594,hfq
2009-04-01,54.709,57.598,54.354,56.838,273000,,,3.7947,hfq
2009-04-02,56.838,59.068,56.737,57.649,299556,,,1.4269,hfq
2009-04-03,57.598,58.004,55.115,55.520,303942,,,-3.6930,hfq
2009-04-07,55.419,56.585,54.608,55.571,110808,,,0.0919,hfq
2009-04-08,55.824,55.824,53.087,53.188,114088,,,-4.2882,hfq
2009-04-09,53.087,53.949,52.631,53.594,127114,,,0.7633,hfq
2009-04-10,54.050,55.267,53.594,55.115,146203,,,2.8380,hfq
2009-04-13,55.317,56.838,54.354,54.760,165673,,,-0.6441,hfq
2009-04-14,54.861,56.331,54.202,55.824,182110,,,1.9430,hfq
2009-04-15,56.027,56.027,54.405,55.774,148444,,,-0.0896,hfq
2009-04-16,55.621,55.621,54.709,55.013,165988,,,-1.3644,hfq
2009-04-17,54.709,57.649,54.658,56.128,273417,,,2.0268,hfq
2009-04-20,55.469,57.649,55.368,56.787,151219,,,1.1741,hfq
2009-04-21,56.432,60.386,55.723,60.082,326719,,,5.8024,hfq
2009-04-22,59.930,62.566,58.207,58.561,348861,,,-2.5315,hfq
2009-04-23,57.598,59.676,57.142,59.119,146951,,,0.9529,hfq
2009-04-24,59.524,59.778,56.483,56.939,130965,,,-3.6875,hfq
2009-04-27,56.838,56.889,51.617,52.834,214628,,,-7.2095,hfq
2009-04-28,52.529,53.543,51.871,53.493,93603,,,1.2473,hfq
2009-04-29,53.442,56.483,53.442,55.875,132366,,,4.4529,hfq
2009-04-30,57.649,61.146,56.585,59.322,314657,,,6.1691,hfq
2009-05-04,59.524,61.603,58.865,61.096,179222,,,2.9905,hfq
2009-05-05,66.874,66.925,62.870,63.579,592320,,,4.0641,hfq
2009-05-06,62.718,64.086,62.211,62.870,183562,,,-1.1151,hfq
2009-05-07,62.921,65.658,62.921,65.455,294577,,,4.1117,hfq
2009-05-08,65.201,68.952,64.188,67.330,247672,,,2.8646,hfq
2009-05-11,68.395,68.851,65.506,66.266,217839,,,-1.5803,hfq
2009-05-12,65.556,65.607,63.478,65.354,108275,,,-1.3763,hfq
2009-05-13,65.708,67.736,64.796,65.100,146682,,,-0.3887,hfq
2009-05-14,64.086,67.330,63.478,66.824,171902,,,2.6482,hfq
2009-05-15,67.381,67.736,64.745,65.506,170192,,,-1.9723,hfq
2009-05-18,65.506,65.506,63.630,64.593,117202,,,-1.3938,hfq
2009-05-19,65.354,66.925,64.543,65.962,123042,,,2.1194,hfq
2009-05-20,65.708,67.482,65.201,66.215,147645,,,0.3836,hfq
2009-05-21,65.506,66.976,64.289,64.390,95569,,,-2.7562,hfq
2009-05-22,63.681,64.390,61.856,62.566,149130,,,-2.8327,hfq
2009-05-25,60.741,63.529,59.676,63.022,87851,,,0.7288,hfq
2009-05-26,62.971,65.607,62.464,63.579,86310,,,0.8838,hfq
2009-05-27,63.934,65.506,63.579,64.441,105188,,,1.3558,hfq
2009-06-01,64.695,66.469,64.289,65.911,126146,,,2.2812,hfq
2009-06-02,65.962,68.293,65.354,67.280,148845,,,2.0770,hfq
2009-06-03,67.026,71.233,66.773,68.952,170685,,,2.4851,hfq
2009-06-04,69.358,69.358,65.506,66.722,134020,,,-3.2341,hfq
2009-06-05,66.570,67.482,64.137,64.695,152645,,,-3.0380,hfq
2009-06-08,64.847,67.888,64.847,67.432,161939,,,4.2306,hfq
2009-06-09,67.432,68.699,66.418,68.648,130299,,,1.8033,hfq
2009-06-10,69.054,70.676,67.787,68.192,149686,,,-0.6643,hfq
2009-06-11,68.598,68.648,66.215,66.671,101320,,,-2.2305,hfq
2009-06-12,66.570,67.736,63.732,64.796,119741,,,-2.8123,hfq
2009-06-15,64.847,65.860,63.934,65.049,63780,,,0.3905,hfq
2009-06-16,64.897,65.607,63.934,64.796,46283,,,-0.3889,hfq
2009-06-17,65.962,68.750,65.962,68.293,214656,,,5.3969,hfq
2009-06-18,68.293,69.459,67.026,67.989,166015,,,-0.4451,hfq
2009-06-19,68.243,69.155,67.381,68.192,106984,,,0.2986,hfq
2009-06-22,68.902,69.763,67.178,67.635,112654,,,-0.8168,hfq
2009-06-23,66.570,67.229,65.810,66.722,116035,,,-1.3499,hfq
2009-06-24,66.976,67.482,65.962,67.178,64982,,,0.6834,hfq
2009-06-25,67.026,69.003,66.570,67.939,104482,,,1.1328,hfq
2009-06-26,67.736,69.409,67.432,69.003,111931,,,1.5661,hfq
2009-06-29,69.054,73.514,68.851,71.436,235130,,,3.5259,hfq
2009-07-01,71.183,75.643,70.068,75.491,254692,,,5.6764,hfq
2009-07-02,75.491,76.404,73.413,75.339,173504,,,-0.2013,hfq
2009-07-03,73.869,78.330,73.818,77.113,202314,,,2.3547,hfq
2009-07-06,77.164,78.330,73.818,75.136,172024,,,-2.5638,hfq
2009-07-07,74.325,75.086,71.436,72.450,293129,,,-3.5749,hfq
2009-07-08,71.791,73.971,71.284,72.653,163703,,,0.2802,hfq
2009-07-09,72.805,74.934,72.602,73.058,111268,,,0.5574,hfq
2009-07-10,73.362,76.099,73.312,74.680,136605,,,2.2202,hfq
2009-07-13,74.579,74.579,73.058,73.109,74210,,,-2.1036,hfq
2009-07-14,73.312,74.325,72.703,74.275,97041,,,1.5949,hfq
2009-07-15,74.477,76.049,73.818,74.680,117650,,,0.5453,hfq
2009-07-16,75.339,77.164,73.818,75.846,164878,,,1.5613,hfq
2009-07-17,76.099,79.648,76.099,78.887,209012,,,4.0094,hfq
2009-07-20,79.343,79.648,76.860,78.178,167124,,,-0.8988,hfq
2009-07-21,77.873,80.560,75.643,77.164,227937,,,-1.2970,hfq
2009-07-22,77.265,79.901,77.164,78.684,134216,,,1.9698,hfq
2009-07-23,78.837,83.449,77.873,82.790,207087,,,5.2183,hfq
2009-07-24,83.297,83.551,80.205,80.915,116576,,,-2.2648,hfq
2009-07-27,81.574,83.246,80.307,82.537,102163,,,2.0046,hfq
2009-07-28,82.638,82.942,79.901,81.827,123395,,,-0.8602,hfq
2009-07-29,81.827,81.827,73.920,76.758,136568,,,-6.1948,hfq
2009-07-30,77.772,78.634,73.869,76.809,100165,,,0.0664,hfq
2009-07-31,76.809,79.546,76.758,79.343,126146,,,3.2991,hfq
2009-08-03,79.191,79.191,76.353,77.772,171341,,,-1.9800,hfq
2009-08-04,78.279,79.445,76.353,78.127,205128,,,0.4565,hfq
2009-08-05,77.924,79.800,77.062,78.583,163354,,,0.5837,hfq
2009-08-06,77.823,82.942,75.086,79.496,254099,,,1.1618,hfq
2009-08-07,78.938,80.357,77.113,78.380,130302,,,-1.4038,hfq
2009-08-10,78.634,79.496,76.251,77.620,71856,,,-0.9696,hfq
2009-08-11,77.316,78.989,77.316,78.532,63654,,,1.1750,hfq
2009-08-12,78.026,79.394,76.353,76.910,70118,,,-2.0654,hfq
2009-08-13,76.860,80.307,73.210,78.127,104924,,,1.5824,hfq
2009-08-14,78.786,81.776,77.975,78.380,157735,,,0.3238,hfq
2009-08-17,76.353,76.860,70.828,70.828,98895,,,-9.6351,hfq
2009-08-18,70.777,70.777,67.280,70.169,58971,,,-0.9304,hfq
2009-08-19,70.524,71.284,64.289,65.201,57598,,,-7.0800,hfq
2009-08-20,65.252,66.671,63.782,66.165,93989,,,1.4785,hfq
2009-08-21,66.722,68.902,66.469,68.040,79167,,,2.8338,hfq
2009-08-24,67.736,69.865,67.736,69.662,92528,,,2.3839,hfq
2009-08-25,69.409,69.409,64.796,67.888,64891,,,-2.5466,hfq
2009-08-26,67.482,69.510,66.925,69.003,93441,,,1.6424,hfq
2009-08-27,68.243,69.358,66.976,68.141,80180,,,-1.2492,hfq
2009-09-01,61.755,63.934,61.755,61.755,216874,,,-9.3717,hfq
2009-09-02,60.335,63.174,59.372,61.451,72177,,,-0.4923,hfq
2009-09-03,61.653,66.317,61.653,64.897,132500,,,5.6077,hfq
2009-09-04,65.252,67.939,64.441,66.317,86488,,,2.1881,hfq
2009-09-07,66.469,67.381,64.695,65.354,125444,,,-1.4521,hfq
2009-09-08,64.948,66.215,63.732,65.708,136485,,,0.5417,hfq
2009-09-09,65.455,66.773,65.100,65.911,152487,,,0.3089,hfq
2009-09-10,66.317,66.570,65.049,65.354,53555,,,-0.8451,hfq
2009-09-11,66.012,67.584,65.252,67.178,124472,,,2.7910,hfq
2009-09-14,67.888,68.293,67.077,68.192,88393,,,1.5094,hfq
2009-09-15,68.496,68.598,67.128,68.091,62205,,,-0.1481,hfq
2009-09-16,67.888,68.395,66.418,67.736,71033,,,-0.5214,hfq
2009-09-17,67.635,69.358,67.635,68.598,81186,,,1.2726,hfq
2009-09-18,69.155,69.257,64.948,65.911,103709,,,-3.9170,hfq
2009-09-21,65.556,65.556,62.414,64.796,78822,,,-1.6917,hfq
2009-09-22,64.897,66.012,63.174,63.225,66302,,,-2.4245,hfq
2009-09-23,62.921,63.934,61.755,62.211,69076,,,-1.6038,hfq
2009-09-24,62.211,64.036,59.930,62.768,81491,,,0.8953,hfq
2009-09-25,62.718,62.971,61.451,62.160,38520,,,-0.9686,hfq
2009-09-28,62.414,62.718,61.146,61.451,31578,,,-1.1406,hfq
2009-09-29,61.045,61.805,59.930,60.640,35572,,,-1.3198,hfq
2009-09-30,61.805,62.211,60.640,60.994,38870,,,0.5838,hfq
2009-10-09,62.667,63.377,61.755,63.225,83550,,,3.6577,hfq
2009-10-12,63.427,63.427,62.059,63.123,76554,,,-0.1613,hfq
2009-10-13,62.515,63.275,62.414,63.123,78630,,,0.0000,hfq
2009-10-14,63.225,65.404,63.225,65.049,145608,,,3.0512,hfq
2009-10-15,65.455,66.317,64.441,64.999,79918,,,-0.0769,hfq
2009-10-16,64.948,66.165,64.492,65.506,63898,,,0.7800,hfq
2009-10-19,65.404,68.750,64.948,68.598,148602,,,4.7202,hfq
2009-10-20,69.054,69.510,67.736,68.851,107201,,,0.3688,hfq
2009-10-21,69.155,71.284,68.496,70.169,184511,,,1.9143,hfq
2009-10-22,70.169,70.879,69.003,69.763,60737,,,-0.5786,hfq
2009-10-23,70.169,71.385,69.814,70.980,81130,,,1.7445,hfq
2009-10-26,70.980,71.537,69.409,71.183,60318,,,0.2860,hfq
2009-10-27,70.929,71.132,68.192,68.243,75397,,,-4.1302,hfq
2009-10-28,68.243,69.003,66.367,67.533,51274,,,-1.0404,hfq
2009-10-29,66.722,67.482,65.911,66.418,57301,,,-1.6510,hfq
2009-10-30,67.736,68.243,66.367,66.874,84243,,,0.6866,hfq
2009-11-02,65.556,72.602,65.201,71.791,159495,,,7.3526,hfq
2009-11-03,71.892,73.818,71.081,73.160,120866,,,1.9069,hfq
2009-11-04,73.210,75.086,71.487,73.058,158673,,,-0.1394,hfq
2009-11-05,73.058,75.086,72.146,74.579,142600,,,2.0819,hfq
2009-11-06,74.883,77.620,74.123,76.657,144425,,,2.7863,hfq
2009-11-09,76.758,76.758,74.579,75.643,56575,,,-1.3228,hfq
2009-11-10,75.846,81.118,75.390,79.445,169528,,,5.0262,hfq
2009-11-11,78.887,80.002,77.924,78.837,72158,,,-0.7653,hfq
2009-11-12,79.546,80.104,78.735,79.293,87663,,,0.5784,hfq
2009-11-13,78.887,79.597,76.404,78.735,96015,,,-0.7037,hfq
2009-11-16,78.735,80.256,78.482,79.445,108637,,,0.9018,hfq
2009-11-17,79.546,81.979,79.191,80.154,83823,,,0.8924,hfq
2009-11-18,80.154,80.154,78.076,78.178,87266,,,-2.4653,hfq
2009-11-19,78.127,78.634,76.099,77.417,125729,,,-0.9734,hfq
2009-11-20,77.671,81.979,77.265,80.104,147526,,,3.4708,hfq
2009-11-23,79.952,81.675,79.394,80.611,81905,,,0.6329,hfq
2009-11-24,80.307,84.716,78.887,80.864,233467,,,0.3139,hfq
2009-11-25,80.915,84.311,80.915,83.753,182138,,,3.5727,hfq
2009-11-26,83.855,85.122,79.039,79.343,115846,,,-5.2655,hfq
2009-11-27,78.786,78.887,76.099,77.113,74399,,,-2.8106,hfq
2009-11-30,77.620,79.343,77.620,79.191,57664,,,2.6947,hfq
2009-12-01,79.293,79.901,77.367,79.698,109533,,,0.6402,hfq
2009-12-02,80.053,81.219,78.735,79.901,165794,,,0.2547,hfq
2009-12-03,79.901,79.901,76.556,78.026,144262,,,-2.3467,hfq
2009-12-04,78.026,78.634,75.035,76.505,164825,,,-1.9494,hfq
2009-12-07,76.556,78.431,76.099,78.228,118176,,,2.2521,hfq
2009-12-08,78.026,80.408,77.772,78.634,154631,,,0.5190,hfq
2009-12-09,78.127,78.989,76.708,77.164,60730,,,-1.8694,hfq
2009-12-10,77.924,78.380,76.353,77.772,55444,,,0.7879,hfq
2009-12-11,77.772,78.279,77.215,78.178,47593,,,0.5220,hfq
2009-12-14,78.279,78.380,75.035,75.947,105740,,,-2.8537,hfq
2009-12-15,75.187,75.390,72.450,73.007,176211,,,-3.8711,hfq
2009-12-16,73.058,73.514,71.284,71.639,144147,,,-1.8738,hfq
2009-12-17,71.842,72.501,69.003,70.220,125612,,,-1.9808,hfq
2009-12-18,69.865,69.865,66.874,67.635,105693,,,-3.6813,hfq
2009-12-21,67.635,68.496,67.178,67.939,58854,,,0.4495,hfq
2009-12-22,68.344,68.598,65.607,65.860,91702,,,-3.0601,hfq
2009-12-23,65.911,67.229,65.455,66.519,67976,,,1.0006,hfq
2009-12-24,66.519,68.192,65.860,67.584,114877,,,1.6010,hfq
2009-12-25,67.685,67.888,66.671,66.925,122360,,,-0.9751,hfq
2009-12-28,67.229,69.409,67.178,69.358,120187,,,3.6354,hfq
2009-12-29,69.155,69.307,67.837,68.750,82902,,,-0.8766,hfq
2009-12-30,68.750,69.713,68.446,69.662,145631,,,1.3265,hfq
2009-12-31,69.611,70.828,68.800,69.814,144387,,,0.2182,hfq
2010-01-04,70.524,70.676,67.989,68.091,137760,,,-2.4680,hfq
2010-01-05,68.141,68.598,66.671,67.178,160968,,,-1.3409,hfq
2010-01-06,67.026,68.040,66.215,67.280,104940,,,0.1518,hfq
2010-01-07,66.976,67.381,65.455,66.063,129351,,,-1.8089,hfq
2010-01-08,66.114,66.469,64.999,66.012,105526,,,-0.0772,hfq
2010-01-11,66.621,66.925,64.340,64.745,130680,,,-1.9193,hfq
2010-01-12,64.695,65.911,62.921,65.911,168321,,,1.8009,hfq
2010-01-13,64.188,67.077,63.681,64.695,156511,,,-1.8449,hfq
2010-01-14,64.948,66.114,64.695,66.012,104591,,,2.0357,hfq
2010-01-15,66.317,66.976,65.962,66.114,149354,,,0.1545,hfq
2010-01-18,66.215,66.976,65.810,66.925,150444,,,1.2267,hfq
2010-01-19,67.178,69.206,67.178,68.699,277823,,,2.6507,hfq
2010-01-20,68.902,70.270,67.533,67.888,349197,,,-1.1805,hfq
2010-01-21,68.040,69.966,67.685,68.598,192011,,,1.0458,hfq
2010-01-22,67.989,68.395,65.100,66.012,160010,,,-3.7698,hfq
2010-01-25,66.012,66.722,64.695,64.948,92552,,,-1.6118,hfq
2010-01-26,64.948,65.252,62.363,63.174,112488,,,-2.7314,hfq
2010-01-27,63.225,64.897,62.312,63.326,62498,,,0.2406,hfq
2010-01-28,63.579,64.188,62.921,63.579,51755,,,0.3995,hfq
2010-01-29,63.630,64.340,63.174,63.427,46430,,,-0.2391,hfq
2010-02-01,63.225,63.782,61.045,62.160,63252,,,-1.9976,hfq
2010-02-02,62.718,63.782,61.299,61.501,82339,,,-1.0602,hfq
2010-02-03,62.363,64.086,61.146,63.681,92718,,,3.5447,hfq
2010-02-04,63.326,64.695,62.971,64.340,115008,,,1.0348,hfq
2010-02-05,63.579,65.962,62.921,64.695,112733,,,0.5518,hfq
2010-02-08,64.948,65.201,63.681,64.036,44195,,,-1.0186,hfq
2010-02-09,63.427,64.289,62.870,63.377,43442,,,-1.0291,hfq
2010-02-10,63.529,63.782,62.414,63.377,52626,,,0.0000,hfq
2010-02-11,63.225,63.782,62.921,63.326,58628,,,-0.0805,hfq
2010-02-12,63.377,64.289,63.326,64.188,40811,,,1.3612,hfq
2010-02-22,65.201,67.787,65.201,66.012,228340,,,2.8417,hfq
2010-02-23,65.860,68.952,65.506,68.750,271264,,,4.1477,hfq
2010-02-24,67.989,69.003,66.925,67.939,190707,,,-1.1796,hfq
2010-02-25,67.989,69.814,67.482,69.155,203311,,,1.7898,hfq
2010-02-26,69.155,71.791,68.598,70.574,278531,,,2.0519,hfq
2010-03-01,70.625,71.335,69.409,70.169,195355,,,-0.5739,hfq
2010-03-02,70.169,70.676,68.851,69.358,147643,,,-1.1558,hfq
2010-03-03,69.257,69.865,68.446,69.459,118720,,,0.1456,hfq
2010-03-04,69.915,70.625,66.469,66.519,123722,,,-4.2327,hfq
2010-03-05,67.077,67.432,66.266,66.824,79066,,,0.4585,hfq
2010-03-08,66.773,68.800,66.773,68.496,70691,,,2.5021,hfq
2010-03-09,68.496,71.183,67.482,69.865,145570,,,1.9987,hfq
2010-03-10,69.865,70.422,68.496,68.648,77032,,,-1.7419,hfq
2010-03-11,68.446,69.915,68.446,69.104,126546,,,0.6643,hfq
2010-03-12,69.206,70.118,67.989,68.446,134009,,,-0.9522,hfq
2010-03-15,68.293,68.750,66.621,66.671,63798,,,-2.5933,hfq
2010-03-17,67.280,69.003,67.128,68.648,86264,,,2.9653,hfq
2010-03-18,68.750,70.118,68.699,69.155,101131,,,0.7386,hfq
2010-03-19,69.459,70.270,69.003,70.068,122044,,,1.3202,hfq
2010-03-22,70.220,70.726,69.561,70.169,104945,,,0.1441,hfq
2010-03-23,70.321,70.372,69.054,69.561,68873,,,-0.8665,hfq
2010-03-24,69.409,71.132,69.409,71.081,164306,,,2.1851,hfq
2010-03-25,71.284,73.210,70.777,71.842,310990,,,1.0706,hfq
2010-03-26,72.298,73.818,70.980,73.768,219538,,,2.6809,hfq
2010-03-29,73.869,76.809,73.666,76.201,434716,,,3.2982,hfq
2010-03-30,76.556,77.012,74.579,74.832,542204,,,-1.7966,hfq
2010-03-31,75.339,76.758,74.832,75.795,236358,,,1.2869,hfq
2010-04-01,75.947,78.127,75.897,77.468,208887,,,2.2073,hfq
2010-04-02,77.873,78.026,76.961,77.620,157976,,,0.1962,hfq
2010-04-06,78.380,79.039,76.099,76.961,225086,,,-0.8490,hfq
2010-04-07,77.012,77.062,75.745,76.049,176271,,,-1.1850,hfq
2010-04-08,75.998,76.606,74.832,75.035,180504,,,-1.3334,hfq
2010-04-09,75.086,76.353,75.086,75.897,102250,,,1.1488,hfq
2010-04-12,76.150,76.353,73.160,73.971,268793,,,-2.5376,hfq
2010-04-13,74.072,74.528,72.551,74.427,214324,,,0.6165,hfq
2010-04-14,74.123,75.846,73.666,75.745,144755,,,1.7709,hfq
2010-04-15,75.390,75.390,73.565,75.086,188973,,,-0.8700,hfq
2010-04-16,75.593,76.454,74.579,75.846,232618,,,1.0122,hfq
2010-04-19,74.832,75.339,70.929,71.335,263619,,,-5.9476,hfq
2010-04-20,71.639,72.095,69.104,69.510,172769,,,-2.5584,hfq
2010-04-21,69.459,71.385,69.459,71.183,116628,,,2.4068,hfq
2010-04-22,71.031,71.031,68.952,69.510,168549,,,-2.3503,hfq
2010-04-23,69.104,71.081,69.104,70.676,129450,,,1.6775,hfq
2010-04-26,70.777,72.095,70.625,71.335,122641,,,0.9324,hfq
2010-04-27,71.081,71.233,69.611,70.625,103041,,,-0.9953,hfq
2010-04-28,69.966,70.980,68.800,69.814,111954,,,-1.1483,hfq
2010-04-29,70.270,70.777,69.003,69.561,108414,,,-0.3624,hfq
2010-04-30,69.814,70.422,67.229,68.547,149678,,,-1.4577,hfq
2010-05-04,67.229,68.446,64.948,65.201,147285,,,-4.8813,hfq
2010-05-05,64.492,66.215,63.427,65.658,189893,,,0.7009,hfq
2010-05-06,65.658,65.658,61.704,62.160,152256,,,-5.3276,hfq
2010-05-07,60.842,63.427,60.386,62.566,127035,,,0.6532,hfq
2010-05-10,63.174,65.962,62.464,65.354,182646,,,4.4561,hfq
2010-05-11,66.570,67.128,64.289,64.745,179936,,,-0.9318,hfq
2010-05-12,64.847,66.469,64.847,65.962,148404,,,1.8797,hfq
2010-05-13,66.165,66.671,64.745,66.469,149440,,,0.7686,hfq
2010-05-14,66.215,66.215,65.303,65.708,106239,,,-1.1449,hfq
2010-05-17,65.607,65.607,62.414,62.566,121710,,,-4.7818,hfq
2010-05-18,62.414,65.759,62.414,65.252,117952,,,4.2931,hfq
2010-05-19,64.745,65.708,64.340,64.897,79398,,,-0.5440,hfq
2010-05-20,64.390,65.658,63.985,64.847,80890,,,-0.0770,hfq
2010-05-21,62.921,66.367,62.819,66.012,129201,,,1.7965,hfq
2010-05-25,67.432,68.344,66.317,66.621,247923,,,0.9226,hfq
2010-05-26,66.317,66.874,65.658,66.165,94006,,,-0.6845,hfq
2010-05-27,65.810,66.773,64.390,66.671,116072,,,0.7648,hfq
2010-05-28,67.178,67.381,65.556,65.911,92989,,,-1.1399,hfq
2010-05-31,65.455,65.860,63.985,64.036,73321,,,-2.8447,hfq
2010-06-01,63.478,64.188,62.464,63.225,80269,,,-1.2665,hfq
2010-06-02,63.326,64.543,62.921,64.492,59536,,,2.0040,hfq
2010-06-03,64.695,64.796,63.529,63.579,57902,,,-1.4157,hfq
2010-06-04,63.022,64.441,62.921,64.188,45925,,,0.9579,hfq
2010-06-07,63.073,63.833,62.515,63.326,46122,,,-1.3429,hfq
2010-06-08,63.073,64.137,62.971,64.036,48826,,,1.1212,hfq
2010-06-09,64.036,65.759,63.123,65.556,100789,,,2.3737,hfq
2010-06-10,64.695,68.851,64.492,67.837,331243,,,3.4795,hfq
2010-06-11,67.482,69.459,67.280,68.446,224017,,,0.8977,hfq
2010-06-17,68.598,69.104,67.736,68.496,96838,,,0.0731,hfq
2010-06-18,68.446,69.155,67.432,67.888,117096,,,-0.8876,hfq
2010-06-21,69.003,70.828,68.243,70.473,232361,,,3.8077,hfq
2010-06-22,70.118,70.220,69.307,69.713,105395,,,-1.0784,hfq
2010-06-23,69.307,69.510,67.533,68.344,100944,,,-1.9638,hfq
2010-06-24,68.344,68.902,67.888,68.192,48309,,,-0.2224,hfq
2010-06-25,67.736,68.952,67.178,67.989,69246,,,-0.2977,hfq
2010-06-28,67.837,68.243,65.708,65.962,87084,,,-2.9814,hfq
2010-06-29,66.266,66.671,61.400,61.603,165858,,,-6.6084,hfq
2010-06-30,61.856,62.768,59.879,61.552,133977,,,-0.0828,hfq
2010-07-01,61.096,61.856,60.488,61.299,75679,,,-0.4110,hfq
2010-07-02,61.299,63.782,60.133,63.377,105168,,,3.3899,hfq
2010-07-05,62.414,63.681,61.704,62.667,63157,,,-1.1203,hfq
2010-07-06,62.414,63.529,62.312,63.377,91046,,,1.1330,hfq
2010-07-07,63.427,64.188,62.718,64.086,94824,,,1.1187,hfq
2010-07-08,64.137,64.593,63.377,63.478,68980,,,-0.9487,hfq
2010-07-09,63.934,66.012,63.529,65.911,132313,,,3.8328,hfq
2010-07-12,66.570,68.648,66.012,67.584,226897,,,2.5383,hfq
2010-07-13,66.976,66.976,65.556,65.911,136726,,,-2.4754,hfq
2010-07-14,66.317,67.482,66.266,66.621,105524,,,1.0772,hfq
2010-07-15,66.773,67.837,65.962,66.114,126303,,,-0.7610,hfq
2010-07-16,65.607,65.972,64.421,65.607,92929,,,-0.7669,hfq
2010-07-19,64.603,67.432,63.965,66.884,237331,,,1.9464,hfq
2010-07-20,66.702,67.979,66.519,67.523,217882,,,0.9554,hfq
2010-07-21,67.523,68.709,67.158,67.797,282542,,,0.4058,hfq
2010-07-22,67.432,69.530,67.249,69.348,348320,,,2.2877,hfq
2010-07-23,69.439,70.808,69.348,70.169,345322,,,1.1839,hfq
2010-07-26,70.443,70.625,69.621,70.625,252680,,,0.6499,hfq
2010-07-27,70.808,70.899,70.169,70.351,239011,,,-0.3880,hfq
2010-07-28,70.443,72.724,69.804,72.632,397383,,,3.2423,hfq
2010-07-29,72.541,73.089,71.264,72.359,276811,,,-0.3759,hfq
2010-07-30,72.176,72.359,71.081,71.537,195331,,,-1.1360,hfq
2010-08-02,71.537,72.997,71.264,72.450,224437,,,1.2763,hfq
2010-08-03,72.815,72.906,71.173,71.446,299497,,,-1.3858,hfq
2010-08-04,71.081,72.815,70.899,72.815,321665,,,1.9161,hfq
2010-08-05,74.183,74.640,71.994,72.815,403554,,,0.0000,hfq
2010-08-06,72.085,73.453,71.081,73.180,306824,,,0.5013,hfq
2010-08-09,73.089,74.275,72.267,73.089,257189,,,-0.1244,hfq
2010-08-10,73.271,73.727,70.625,70.716,241732,,,-3.2467,hfq
2010-08-11,70.625,71.994,69.986,71.264,168545,,,0.7749,hfq
2010-08-12,70.443,72.176,70.169,71.446,217605,,,0.2554,hfq
2010-08-13,72.541,73.180,71.081,72.085,276167,,,0.8944,hfq
2010-08-16,71.902,72.724,71.355,72.541,257262,,,0.6326,hfq
2010-08-17,72.541,73.636,72.176,73.180,346567,,,0.8809,hfq
2010-08-18,73.453,73.818,72.359,72.541,271102,,,-0.8732,hfq
2010-08-19,72.632,72.997,71.629,72.815,248255,,,0.3777,hfq
2010-08-20,72.450,72.541,70.443,70.716,254597,,,-2.8826,hfq
2010-08-23,71.355,71.355,70.169,70.808,158367,,,0.1301,hfq
2010-08-24,70.716,71.355,69.804,70.443,230818,,,-0.5155,hfq
2010-08-25,70.260,70.625,68.709,68.800,234002,,,-2.3324,hfq
2010-08-26,69.257,70.260,68.527,70.078,131086,,,1.8576,hfq
2010-08-27,70.260,70.625,69.439,69.895,164492,,,-0.2611,hfq
2010-08-30,70.625,70.990,69.895,70.716,237807,,,1.1746,hfq
2010-08-31,70.716,73.271,70.169,72.359,574709,,,2.3234,hfq
2010-09-01,72.541,73.089,71.446,72.176,391089,,,-0.2529,hfq
2010-09-02,72.267,73.089,71.720,72.176,362701,,,0.0000,hfq
2010-09-03,72.267,72.450,70.351,70.808,291699,,,-1.8954,hfq
2010-09-06,71.081,71.811,70.899,71.629,216413,,,1.1595,hfq
2010-09-07,71.811,72.085,70.990,71.446,165329,,,-0.2555,hfq
2010-09-08,71.355,71.446,70.443,70.716,217611,,,-1.0218,hfq
2010-09-09,70.625,70.990,68.983,69.165,301799,,,-2.1933,hfq
2010-09-10,69.257,69.621,67.341,68.800,197236,,,-0.5277,hfq
2010-09-13,68.800,70.169,68.527,69.621,172650,,,1.1933,hfq
2010-09-14,69.713,69.804,68.253,69.165,279217,,,-0.6550,hfq
2010-09-15,69.074,69.074,67.523,67.705,161905,,,-2.1109,hfq
2010-09-16,67.705,67.979,65.789,66.246,156724,,,-2.1549,hfq
2010-09-17,66.519,67.067,66.246,66.337,98173,,,0.1374,hfq
2010-09-20,66.519,66.793,65.333,65.881,85033,,,-0.6874,hfq
2010-09-21,66.154,66.702,65.972,66.337,56303,,,0.6922,hfq
2010-09-27,66.428,66.793,65.881,66.428,107221,,,0.1372,hfq
2010-09-28,66.428,66.702,64.968,65.151,177801,,,-1.9224,hfq
2010-09-29,65.151,65.425,64.603,64.786,101160,,,-0.5602,hfq
2010-09-30,63.965,66.519,63.782,66.337,139460,,,2.3940,hfq
2010-10-08,66.428,67.888,65.425,67.249,235913,,,1.3748,hfq
2010-10-11,67.067,70.078,66.702,69.165,337497,,,2.8491,hfq
2010-10-12,69.165,69.257,68.344,68.527,213257,,,-0.9224,hfq
2010-10-13,68.435,71.355,68.435,71.081,558250,,,3.7270,hfq
2010-10-14,71.264,73.545,70.169,70.534,565217,,,-0.7695,hfq
2010-10-15,70.625,72.359,70.169,72.176,393130,,,2.3280,hfq
2010-10-18,73.089,73.727,71.264,72.267,591362,,,0.1261,hfq
2010-10-19,72.724,73.089,70.899,72.541,425320,,,0.3791,hfq
2010-10-20,70.808,71.446,70.169,71.081,509512,,,-2.0127,hfq
2010-10-21,71.081,73.271,70.625,71.994,471878,,,1.2845,hfq
2010-10-22,72.176,72.906,71.537,71.994,334407,,,0.0000,hfq
2010-10-25,72.359,75.552,71.537,75.552,797558,,,4.9421,hfq
2010-10-26,75.826,78.107,75.187,77.468,805427,,,2.5360,hfq
2010-10-27,77.559,80.205,76.556,77.012,606707,,,-0.5886,hfq
2010-10-28,76.829,78.198,74.913,75.917,433203,,,-1.4219,hfq
2010-10-29,75.917,76.464,74.366,76.099,292013,,,0.2397,hfq
2010-11-01,75.826,77.012,74.913,76.373,399501,,,0.3601,hfq
2010-11-02,76.829,77.103,75.734,76.008,370750,,,-0.4779,hfq
2010-11-03,76.008,76.008,73.453,73.545,379178,,,-3.2404,hfq
2010-11-04,73.636,74.913,73.545,74.366,231771,,,1.1163,hfq
2010-11-05,74.640,75.278,73.910,75.096,325127,,,0.9816,hfq
2010-11-08,75.187,76.921,75.187,76.373,326056,,,1.7005,hfq
2010-11-09,76.556,76.738,75.278,75.552,307270,,,-1.0750,hfq
2010-11-10,75.278,75.461,73.271,73.727,367961,,,-2.4156,hfq
2010-11-11,73.636,74.275,73.180,73.818,376470,,,0.1234,hfq
2010-11-12,73.362,73.636,68.344,68.709,484826,,,-6.9211,hfq
2010-11-15,68.800,69.621,67.979,69.165,212689,,,0.6637,hfq
2010-11-16,69.074,69.165,66.063,66.702,292075,,,-3.5610,hfq
2010-11-17,66.702,67.158,65.607,66.428,173399,,,-0.4108,hfq
2010-11-18,66.611,67.067,66.154,66.793,114970,,,0.5495,hfq
2010-11-19,66.884,68.709,65.607,68.344,211781,,,2.3221,hfq
2010-11-22,67.432,68.618,66.976,67.523,271655,,,-1.2013,hfq
2010-11-23,66.976,67.341,64.603,65.425,283134,,,-3.1071,hfq
2010-11-24,64.695,66.154,64.695,66.063,237454,,,0.9752,hfq
2010-11-25,66.337,67.797,65.789,67.432,345239,,,2.0723,hfq
2010-11-26,67.067,67.067,65.972,66.154,168789,,,-1.8952,hfq
2010-11-29,66.063,66.702,65.607,66.246,130752,,,0.1391,hfq
2010-11-30,66.337,66.611,63.417,64.968,236026,,,-1.9292,hfq
2010-12-01,64.968,65.425,64.056,64.968,78140,,,0.0000,hfq
2010-12-02,65.607,65.881,64.786,65.151,110824,,,0.2817,hfq
2010-12-03,65.242,66.154,64.877,65.607,93443,,,0.6999,hfq
2010-12-06,65.789,65.972,64.695,64.968,93736,,,-0.9740,hfq
2010-12-07,64.786,66.063,63.782,65.881,132143,,,1.4053,hfq
2010-12-08,65.789,66.063,64.786,65.972,146143,,,0.1381,hfq
2010-12-09,65.425,66.337,65.151,66.154,192927,,,0.2759,hfq
2010-12-10,65.972,70.169,65.698,69.895,484082,,,5.6550,hfq
2010-12-13,70.078,70.534,69.348,70.351,293435,,,0.6524,hfq
2010-12-14,70.169,70.351,68.983,69.439,227729,,,-1.2964,hfq
2010-12-15,69.257,69.439,67.614,67.888,198848,,,-2.2336,hfq
2010-12-16,67.888,68.709,67.614,68.070,100534,,,0.2681,hfq
2010-12-17,68.070,68.253,67.523,67.797,83098,,,-0.4011,hfq
2010-12-20,67.797,68.162,65.516,66.519,160124,,,-1.8850,hfq
2010-12-21,66.519,69.621,66.154,69.165,288958,,,3.9778,hfq
2010-12-22,69.165,70.078,67.705,68.162,221094,,,-1.4502,hfq
2010-12-23,67.705,69.257,67.432,67.614,123277,,,-0.8040,hfq
2010-12-24,67.249,69.348,67.249,68.435,292479,,,1.2142,hfq
2010-12-27,68.162,68.709,65.242,65.516,304989,,,-4.2654,hfq
2010-12-28,65.607,65.972,64.056,64.238,137669,,,-1.9507,hfq
2010-12-29,64.330,65.060,64.147,64.877,80823,,,0.9947,hfq
2010-12-30,64.695,65.151,64.056,64.330,90153,,,-0.8431,hfq
2010-12-31,64.512,65.151,64.330,65.151,77169,,,1.2762,hfq
2011-01-04,65.425,67.341,64.695,66.611,182755,,,2.2409,hfq
2011-01-05,66.611,66.884,65.698,66.246,146588,,,-0.5480,hfq
2011-01-06,66.246,66.519,64.695,65.333,115303,,,-1.3782,hfq
2011-01-07,65.425,67.249,64.968,66.154,234549,,,1.2566,hfq
2011-01-10,66.063,66.884,65.242,65.425,112042,,,-1.1020,hfq
2011-01-11,65.425,66.337,64.968,66.063,86515,,,0.9752,hfq
2011-01-12,66.246,66.884,65.698,66.519,141717,,,0.6903,hfq
2011-01-13,66.611,66.702,65.789,65.972,98025,,,-0.8223,hfq
2011-01-14,65.881,66.063,64.512,65.060,142276,,,-1.3824,hfq
2011-01-17,64.695,65.060,61.957,62.140,191116,,,-4.4882,hfq
2011-01-18,62.049,62.414,61.501,62.322,57188,,,0.2929,hfq
2011-01-19,62.231,63.235,61.957,63.052,77882,,,1.1713,hfq
2011-01-20,62.961,63.052,61.136,61.228,88460,,,-2.8929,hfq
2011-01-21,61.136,62.870,61.136,62.231,104308,,,1.6381,hfq
2011-01-24,62.414,62.687,61.228,62.140,74497,,,-0.1462,hfq
2011-01-25,61.866,62.322,61.410,61.866,49133,,,-0.4409,hfq
2011-01-26,61.775,62.505,61.684,62.231,44267,,,0.5900,hfq
2011-01-27,61.684,62.414,61.136,62.322,184618,,,0.1462,hfq
2011-01-28,62.140,62.687,61.775,62.140,106354,,,-0.2920,hfq
2011-01-31,62.140,62.870,61.957,62.779,97963,,,1.0283,hfq
2011-02-01,62.870,63.235,62.231,62.505,66552,,,-0.4365,hfq
2011-02-09,62.231,62.322,61.228,61.410,145544,,,-1.7519,hfq
2011-02-10,61.410,62.322,61.319,62.231,145339,,,1.3369,hfq
2011-02-11,62.231,63.235,61.957,62.870,201315,,,1.0268,hfq
2011-02-14,62.961,65.060,62.870,64.695,301928,,,2.9028,hfq
2011-02-15,64.786,64.968,64.238,64.238,181041,,,-0.7064,hfq
2011-02-16,64.056,64.603,63.873,64.603,149813,,,0.5682,hfq
2011-02-17,64.603,65.972,64.421,65.881,332867,,,1.9782,hfq
2011-02-18,65.698,66.702,65.060,65.789,250917,,,-0.1396,hfq
2011-02-21,65.060,71.811,64.786,71.446,1011388,,,8.5987,hfq
2011-02-22,71.994,76.556,71.355,73.180,1512485,,,2.4270,hfq
2011-02-23,72.359,77.377,72.359,77.194,1325654,,,5.4851,hfq
2011-02-24,76.556,76.738,74.822,75.461,644184,,,-2.2450,hfq
2011-02-25,75.461,76.921,74.366,75.552,545930,,,0.1206,hfq
2011-02-28,75.917,79.202,75.917,78.198,935625,,,3.5022,hfq
2011-03-01,78.198,83.672,77.559,81.847,1064807,,,4.6664,hfq
2011-03-02,81.118,82.304,78.472,81.574,712177,,,-0.3335,hfq
2011-03-03,80.753,82.486,79.566,80.114,595300,,,-1.7898,hfq
2011-03-04,80.114,82.121,78.928,81.847,543645,,,2.1632,hfq
2011-03-07,81.756,84.676,79.293,80.753,610355,,,-1.3366,hfq
2011-03-08,81.209,83.216,81.209,82.486,591808,,,2.1461,hfq
2011-03-09,82.486,82.942,80.935,82.212,381238,,,-0.3322,hfq
2011-03-10,83.672,89.147,83.672,88.325,1069119,,,7.4357,hfq
2011-03-11,87.869,92.796,87.139,89.511,854321,,,1.3428,hfq
2011-03-14,89.511,89.876,86.683,88.325,441435,,,-1.3250,hfq
2011-03-15,88.782,88.782,81.300,85.132,831244,,,-3.6151,hfq
2011-03-16,86.227,88.873,85.771,87.960,483362,,,3.3219,hfq
2011-03-17,85.771,87.504,83.125,83.855,498112,,,-4.6669,hfq
2011-03-18,84.767,85.497,83.125,84.402,278801,,,0.6523,hfq
2011-03-21,83.946,86.227,83.855,84.220,284314,,,-0.2156,hfq
2011-03-22,84.585,86.136,84.493,85.497,314013,,,1.5163,hfq
2011-03-23,85.679,88.234,84.402,87.413,407944,,,2.2410,hfq
2011-03-24,87.322,88.417,83.855,84.585,429399,,,-3.2352,hfq
2011-03-25,84.402,85.406,83.672,84.311,369730,,,-0.3239,hfq
2011-03-28,84.402,85.953,81.118,82.395,525810,,,-2.2725,hfq
2011-03-29,82.030,84.128,81.939,82.304,318769,,,-0.1104,hfq
2011-03-30,82.395,82.942,81.209,81.756,210584,,,-0.6658,hfq
2011-03-31,81.665,83.946,81.574,82.395,217455,,,0.7816,hfq
2011-04-01,82.669,84.128,81.574,84.037,216008,,,1.9928,hfq
2011-04-06,83.581,86.136,83.034,85.862,370608,,,2.1717,hfq
2011-04-07,85.862,88.325,85.406,86.774,421596,,,1.0622,hfq
2011-04-08,85.497,87.960,84.950,87.595,560821,,,0.9461,hfq
2011-04-11,87.960,89.147,86.592,86.774,433351,,,-0.9373,hfq
2011-04-12,86.409,87.413,84.767,85.953,296113,,,-0.9461,hfq
2011-04-13,85.223,86.592,84.950,86.318,165046,,,0.4247,hfq
2011-04-14,86.044,94.438,86.044,92.614,950922,,,7.2940,hfq
2011-04-15,92.614,94.347,91.245,93.800,529204,,,1.2806,hfq
2011-04-18,93.800,94.073,90.698,92.522,442903,,,-1.3625,hfq
2011-04-19,91.519,92.249,89.420,90.241,358944,,,-2.4654,hfq
2011-04-20,90.333,93.343,88.417,89.329,456701,,,-1.0106,hfq
2011-04-21,89.147,90.241,88.143,89.147,253317,,,-0.2037,hfq
2011-04-22,89.147,90.971,88.782,90.059,207258,,,1.0230,hfq
2011-04-25,89.785,89.876,87.139,87.504,232375,,,-2.8370,hfq
2011-04-26,87.322,87.687,84.493,85.314,295264,,,-2.5027,hfq
2011-04-27,85.862,87.139,85.497,86.683,231897,,,1.6047,hfq
2011-04-28,86.318,87.322,82.030,82.304,260701,,,-5.0517,hfq
2011-04-29,82.304,84.128,82.030,83.855,159865,,,1.8845,hfq
2011-05-03,84.493,86.318,83.855,85.588,130422,,,2.0667,hfq
2011-05-04,84.950,86.044,82.577,83.216,168445,,,-2.7714,hfq
2011-05-05,82.851,84.585,81.939,83.307,117833,,,0.1094,hfq
2011-05-06,82.030,84.767,81.118,84.037,165609,,,0.8763,hfq
2011-05-09,84.402,86.318,84.037,84.676,132838,,,0.7604,hfq
2011-05-10,84.858,85.314,83.672,84.585,98455,,,-0.1075,hfq
2011-05-11,84.767,85.406,82.669,84.676,199901,,,0.1076,hfq
2011-05-12,84.037,85.953,83.398,84.493,168071,,,-0.2161,hfq
2011-05-13,84.493,89.329,84.037,88.964,318576,,,5.2916,hfq
2011-05-16,89.238,89.694,86.866,87.139,276784,,,-2.0514,hfq
2011-05-17,86.683,88.782,86.501,87.960,224788,,,0.9422,hfq
2011-05-18,87.778,88.234,85.679,87.687,166712,,,-0.3104,hfq
2011-05-19,87.869,89.694,86.774,88.599,303019,,,1.0401,hfq
2011-05-23,88.143,88.599,83.490,84.585,312304,,,-4.5305,hfq
2011-05-24,83.490,85.132,82.030,83.490,158524,,,-1.2946,hfq
2011-05-25,83.034,83.490,79.931,80.296,222493,,,-3.8256,hfq
2011-05-26,80.661,81.482,79.749,79.840,145412,,,-0.5679,hfq
2011-05-27,79.475,80.114,77.286,77.650,229451,,,-2.7430,hfq
2011-05-30,76.738,78.745,75.643,77.559,109871,,,-0.1172,hfq
2011-05-31,77.924,80.023,77.924,79.931,103622,,,3.0583,hfq
2011-06-01,79.931,80.296,79.110,79.475,65673,,,-0.5705,hfq
2011-06-02,78.745,79.019,77.103,77.833,99854,,,-2.0661,hfq
2011-06-03,78.289,80.023,77.650,79.749,82196,,,2.4617,hfq
2011-06-07,79.475,80.935,78.837,80.753,80366,,,1.2589,hfq
2011-06-08,80.479,81.391,79.019,80.844,106819,,,0.1127,hfq
2011-06-09,82.212,83.216,79.384,79.475,139470,,,-1.6934,hfq
2011-06-10,79.475,80.753,77.559,79.566,109192,,,0.1145,hfq
2011-06-13,78.928,80.570,78.198,80.296,85329,,,0.9175,hfq
2011-06-14,80.388,83.034,79.840,82.486,185367,,,2.7274,hfq
2011-06-15,82.486,83.034,81.391,82.669,130937,,,0.2219,hfq
2011-06-16,81.756,82.212,80.844,80.935,73063,,,-2.0975,hfq
2011-06-17,80.661,82.486,80.388,80.570,78833,,,-0.4510,hfq
2011-06-20,80.661,80.844,78.107,78.837,107410,,,-2.1509,hfq
2011-06-21,78.837,80.388,78.654,80.205,72567,,,1.7352,hfq
2011-06-22,80.205,80.661,78.654,79.110,93071,,,-1.3653,hfq
2011-06-23,79.019,82.942,78.745,82.486,148529,,,4.2675,hfq
2011-06-24,81.939,86.774,81.939,85.406,325149,,,3.5400,hfq
2011-06-27,85.406,87.322,84.767,85.679,178989,,,0.3196,hfq
2011-06-28,85.679,86.866,85.132,86.136,91581,,,0.5334,hfq
2011-06-29,86.227,86.683,82.942,83.125,245733,,,-3.4956,hfq
2011-06-30,82.760,86.866,82.760,86.592,288350,,,4.1708,hfq
2011-07-01,86.774,87.413,85.588,86.136,252230,,,-0.5266,hfq
2011-07-04,86.592,88.873,86.227,88.417,247296,,,2.6481,hfq
2011-07-05,88.599,88.782,87.869,88.599,120487,,,0.2058,hfq
2011-07-06,88.690,89.603,86.683,88.873,199074,,,0.3093,hfq
2011-07-07,88.873,89.147,86.957,87.504,132265,,,-1.5404,hfq
2011-07-08,87.413,88.143,86.227,86.592,147442,,,-1.0422,hfq
2011-07-11,86.683,88.143,85.771,87.322,121054,,,0.8430,hfq
2011-07-12,86.866,89.329,85.862,86.683,126870,,,-0.7318,hfq
2011-07-13,87.230,87.504,85.953,87.322,121584,,,0.7372,hfq
2011-07-14,87.504,88.873,87.048,87.869,98703,,,0.6264,hfq
2011-07-15,87.139,87.139,85.314,85.771,249132,,,-2.3876,hfq
2011-07-18,85.497,85.771,84.128,85.132,173964,,,-0.7450,hfq
2011-07-19,84.767,84.767,82.760,82.942,207509,,,-2.5725,hfq
2011-07-20,83.490,83.672,81.574,82.760,145715,,,-0.2194,hfq
2011-07-21,82.942,83.763,81.939,83.581,127684,,,0.9920,hfq
2011-07-22,83.581,83.672,82.577,83.125,105524,,,-0.5456,hfq
2011-07-25,82.577,82.669,79.293,80.023,163279,,,-3.7317,hfq
2011-07-26,80.114,80.479,79.293,80.114,92302,,,0.1137,hfq
2011-07-27,79.840,86.227,79.202,85.132,335630,,,6.2636,hfq
2011-07-28,83.946,86.318,82.851,84.676,222459,,,-0.5356,hfq
2011-07-29,84.858,85.406,83.581,83.672,83658,,,-1.1857,hfq
2011-08-01,83.946,84.767,83.490,83.672,70400,,,0.0000,hfq
2011-08-02,83.581,83.581,81.482,82.942,67673,,,-0.8725,hfq
2011-08-03,81.939,84.220,81.665,83.216,88259,,,0.3304,hfq
2011-08-04,83.034,84.493,83.034,83.855,63793,,,0.7679,hfq
2011-08-05,81.118,83.398,80.661,81.756,80522,,,-2.5031,hfq
2011-08-08,80.844,82.304,77.468,79.658,148904,,,-2.5662,hfq
2011-08-09,78.107,81.209,77.194,80.296,138404,,,0.8009,hfq
2011-08-10,82.030,82.760,80.844,81.391,142766,,,1.3637,hfq
2011-08-11,80.114,82.486,79.749,81.665,162019,,,0.3366,hfq
2011-08-12,82.030,83.216,81.482,82.121,133303,,,0.5584,hfq
2011-08-15,82.121,83.763,81.756,83.216,136824,,,1.3334,hfq
2011-08-16,83.034,83.763,81.026,82.030,141773,,,-1.4252,hfq
2011-08-17,81.847,83.125,81.482,82.942,98151,,,1.1118,hfq
2011-08-18,82.760,83.307,81.300,81.391,87894,,,-1.8700,hfq
2011-08-19,80.388,81.300,79.384,80.479,105207,,,-1.1205,hfq
2011-08-22,80.570,81.209,79.384,79.658,85301,,,-1.0201,hfq
2011-08-23,79.840,81.847,79.840,81.300,79546,,,2.0613,hfq
2011-08-24,81.574,82.030,81.026,81.482,67646,,,0.2239,hfq
2011-08-25,81.847,84.585,81.665,84.402,262832,,,3.5836,hfq
2011-08-26,84.128,85.223,83.672,84.493,117573,,,0.1078,hfq
2011-08-29,84.767,87.139,83.763,84.128,158652,,,-0.4320,hfq
2011-08-30,85.953,85.953,83.034,83.125,105368,,,-1.1922,hfq
2011-08-31,82.942,84.311,82.304,83.216,79384,,,0.1095,hfq
2011-09-01,83.034,83.855,82.121,82.486,83473,,,-0.8772,hfq
2011-09-02,82.760,82.760,80.570,81.300,72715,,,-1.4378,hfq
2011-09-05,80.114,81.026,79.749,80.388,47672,,,-1.1218,hfq
2011-09-06,80.205,80.935,78.472,79.110,134936,,,-1.5898,hfq
2011-09-07,79.840,80.661,78.745,80.661,92776,,,1.9606,hfq
2011-09-08,80.844,81.026,79.293,79.658,72651,,,-1.2435,hfq
2011-09-09,79.749,80.205,78.928,79.384,90940,,,-0.3440,hfq
2011-09-13,78.380,78.745,78.015,78.380,76884,,,-1.2647,hfq
2011-09-14,78.837,79.019,76.738,78.380,127352,,,0.0000,hfq
2011-09-15,78.563,79.475,78.289,79.110,84954,,,0.9314,hfq
2011-09-16,79.202,79.658,78.654,78.837,55691,,,-0.3451,hfq
2011-09-19,78.837,78.837,76.647,77.468,74037,,,-1.7365,hfq
2011-09-20,77.286,78.380,76.647,78.198,48500,,,0.9423,hfq
2011-09-21,78.107,80.661,77.559,80.570,108021,,,3.0333,hfq
2011-09-22,79.931,80.114,77.833,78.015,86652,,,-3.1712,hfq
2011-09-23,76.738,78.745,76.647,77.012,98337,,,-1.2857,hfq
2011-09-26,77.194,77.924,76.191,76.373,70766,,,-0.8297,hfq
2011-09-27,76.738,77.286,75.917,76.373,56113,,,0.0000,hfq
2011-09-28,77.012,77.012,73.180,74.183,145846,,,-2.8675,hfq
2011-09-29,73.818,74.640,72.906,73.362,69464,,,-1.1067,hfq
2011-09-30,73.180,74.092,72.450,73.910,57545,,,0.7470,hfq
2011-10-10,73.818,74.001,73.089,73.362,38678,,,-0.7414,hfq
2011-10-11,74.640,75.278,71.994,72.632,67978,,,-0.9951,hfq
2011-10-12,72.632,74.366,71.629,73.727,142346,,,1.5076,hfq
2011-10-13,73.727,75.005,73.453,73.910,114137,,,0.2482,hfq
2011-10-14,74.092,74.366,73.271,74.366,52718,,,0.6170,hfq
2011-10-17,74.275,75.096,73.818,74.183,61986,,,-0.2461,hfq
2011-10-18,73.818,73.910,71.629,71.629,77445,,,-3.4428,hfq
2011-10-19,72.176,72.267,69.986,70.625,108115,,,-1.4017,hfq
2011-10-20,70.443,70.443,66.246,66.611,157534,,,-5.6835,hfq
2011-10-21,66.884,67.067,65.607,65.789,94505,,,-1.2340,hfq
2011-10-24,66.337,68.435,65.607,68.162,79452,,,3.6070,hfq
2011-10-25,68.162,70.351,66.884,69.713,134998,,,2.2755,hfq
2011-10-26,68.800,71.264,68.800,69.713,141482,,,0.0000,hfq
2011-10-27,69.713,72.085,69.621,70.990,133129,,,1.8318,hfq
2011-10-28,71.811,75.187,71.811,73.453,194181,,,3.4695,hfq
2011-10-31,72.724,72.815,71.537,72.085,137690,,,-1.8624,hfq
2011-11-01,71.629,72.815,71.264,72.267,64793,,,0.2525,hfq
2011-11-02,71.537,73.910,71.173,73.818,108440,,,2.1462,hfq
2011-11-03,73.910,74.913,73.180,73.727,177175,,,-0.1233,hfq
2011-11-04,74.548,74.913,73.727,74.183,78997,,,0.6185,hfq
2011-11-07,73.636,74.822,73.545,74.183,63657,,,0.0000,hfq
2011-11-08,74.183,74.548,72.815,72.815,49085,,,-1.8441,hfq
2011-11-09,73.362,73.727,71.720,72.997,48850,,,0.2499,hfq
2011-11-10,72.267,72.267,71.081,71.081,73378,,,-2.6248,hfq
2011-11-11,71.720,71.720,70.625,70.899,50103,,,-0.2560,hfq
2011-11-14,71.629,72.176,71.081,72.176,85499,,,1.8012,hfq
2011-11-15,72.176,72.815,71.720,72.085,62898,,,-0.1261,hfq
2011-11-16,72.176,72.176,69.257,69.713,93846,,,-3.2906,hfq
2011-11-17,69.895,70.260,68.253,68.435,97637,,,-1.8332,hfq
2011-11-18,68.435,68.618,66.702,67.249,116825,,,-1.7330,hfq
2011-11-21,67.705,67.979,66.793,67.249,75943,,,0.0000,hfq
2011-11-22,67.158,67.888,66.702,67.797,65784,,,0.8149,hfq
2011-11-23,67.888,68.070,66.793,66.884,62345,,,-1.3467,hfq
2011-11-24,66.154,66.702,65.333,65.607,144223,,,-1.9093,hfq
2011-11-25,65.607,66.519,65.425,65.789,62020,,,0.2774,hfq
2011-11-28,66.063,66.154,64.330,64.877,63410,,,-1.3862,hfq
2011-11-29,65.242,66.337,64.877,66.246,64678,,,2.1101,hfq
2011-11-30,65.789,65.972,62.596,64.695,129153,,,-2.3413,hfq
2011-12-01,66.702,67.797,66.063,66.884,190476,,,3.3836,hfq
2011-12-02,66.154,67.705,66.154,67.341,91987,,,0.6833,hfq
2011-12-05,67.432,67.979,66.337,67.797,90739,,,0.6772,hfq
2011-12-06,67.432,68.892,67.067,68.709,83964,,,1.3452,hfq
2011-12-07,68.527,69.804,68.162,69.621,101330,,,1.3273,hfq
2011-12-08,69.257,70.078,68.800,69.713,86945,,,0.1321,hfq
2011-12-09,69.621,71.173,68.983,70.169,113316,,,0.6541,hfq
2011-12-12,70.078,70.078,66.793,66.884,75014,,,-4.6816,hfq
2011-12-13,66.337,67.158,64.695,64.786,65193,,,-3.1368,hfq
2011-12-14,64.512,65.333,62.961,63.509,41929,,,-1.9711,hfq
2011-12-15,63.509,64.238,62.870,63.235,63245,,,-0.4314,hfq
2011-12-16,63.600,65.607,63.144,65.333,71378,,,3.3178,hfq
2011-12-19,64.877,65.060,62.961,64.877,55674,,,-0.6980,hfq
2011-12-20,65.060,65.698,64.238,64.330,68436,,,-0.8431,hfq
2011-12-21,64.786,64.968,63.144,63.144,55108,,,-1.8436,hfq
2011-12-22,62.961,64.603,62.140,63.052,64194,,,-0.1457,hfq
2011-12-23,63.052,64.968,62.687,64.968,113549,,,3.0388,hfq
2011-12-26,64.695,65.425,64.147,64.968,114172,,,0.0000,hfq
2011-12-27,64.877,64.968,62.505,62.687,119283,,,-3.5110,hfq
2011-12-28,62.414,62.961,61.593,62.870,87052,,,0.2919,hfq
2011-12-29,62.687,63.417,62.322,63.326,90274,,,0.7253,hfq
2011-12-30,63.326,65.516,63.052,64.512,109464,,,1.8728,hfq
2012-01-04,64.603,64.786,62.231,62.414,82566,,,-3.2521,hfq
2012-01-05,62.231,62.687,62.049,62.231,86409,,,-0.2932,hfq
2012-01-06,62.414,62.505,61.410,62.140,69581,,,-0.1462,hfq
2012-01-09,62.322,63.965,61.410,63.873,123965,,,2.7889,hfq
2012-01-10,63.691,66.154,63.326,65.881,228936,,,3.1437,hfq
2012-01-11,65.881,66.063,64.603,64.786,101713,,,-1.6621,hfq
2012-01-12,64.603,66.793,64.330,65.516,148969,,,1.1268,hfq
2012-01-13,65.881,66.063,64.147,64.147,97372,,,-2.0896,hfq
2012-01-16,64.512,64.603,62.505,62.596,86556,,,-2.4179,hfq
2012-01-17,62.414,65.972,61.957,65.607,178724,,,4.8102,hfq
2012-01-18,66.428,71.081,66.428,68.435,531030,,,4.3105,hfq
2012-01-19,68.527,71.264,67.888,70.078,283498,,,2.4008,hfq
2012-01-20,70.351,71.720,69.621,71.173,196485,,,1.5625,hfq
2012-01-30,71.355,71.355,69.439,69.804,110058,,,-1.9235,hfq
2012-01-31,69.439,70.625,69.348,70.169,66909,,,0.5229,hfq
2012-02-01,70.169,70.716,69.439,69.621,62190,,,-0.7810,hfq
2012-02-02,69.804,70.716,69.257,70.625,141563,,,1.4421,hfq
2012-02-03,70.625,71.720,70.351,70.990,165246,,,0.5168,hfq
2012-02-06,71.173,71.446,69.257,69.895,95152,,,-1.5425,hfq
2012-02-07,69.804,69.804,67.158,67.979,142569,,,-2.7413,hfq
2012-02-08,67.979,71.720,67.797,71.264,244313,,,4.8324,hfq
2012-02-09,71.173,72.724,70.625,71.537,192288,,,0.3831,hfq
2012-02-10,71.720,73.818,71.264,71.720,249766,,,0.2558,hfq
2012-02-13,70.625,71.629,68.983,71.081,220157,,,-0.8910,hfq
2012-02-14,70.625,71.537,69.986,70.990,114515,,,-0.1280,hfq
2012-02-15,70.808,72.267,69.986,71.902,173205,,,1.2847,hfq
2012-02-16,71.994,72.541,71.173,71.902,175219,,,0.0000,hfq
2012-02-17,72.450,72.724,70.899,71.355,107010,,,-0.7608,hfq
2012-02-20,72.085,73.180,71.811,71.994,162354,,,0.8955,hfq
2012-02-21,72.267,74.001,71.264,73.545,161946,,,2.1543,hfq
2012-02-22,73.545,76.099,73.362,75.643,287034,,,2.8527,hfq
2012-02-23,75.643,76.464,74.275,74.822,182182,,,-1.0854,hfq
2012-02-24,74.640,77.650,74.548,76.829,284334,,,2.6824,hfq
2012-02-27,77.286,78.654,75.552,75.734,234680,,,-1.4252,hfq
2012-02-28,75.734,76.738,74.731,75.278,140734,,,-0.6021,hfq
2012-02-29,75.005,75.187,73.453,74.275,143364,,,-1.3324,hfq
2012-03-01,74.001,75.187,73.910,75.005,109331,,,0.9828,hfq
2012-03-02,75.096,78.289,74.822,78.198,265709,,,4.2570,hfq
2012-03-05,78.380,80.023,78.380,78.472,255980,,,0.3504,hfq
2012-03-06,78.289,79.019,76.738,77.468,152149,,,-1.2794,hfq
2012-03-07,77.012,78.928,76.464,77.286,130043,,,-0.2349,hfq
2012-03-08,77.468,80.570,77.468,80.114,256906,,,3.6591,hfq
2012-03-09,80.205,81.939,79.840,80.114,232164,,,0.0000,hfq
2012-03-12,80.205,80.935,79.110,80.114,223778,,,0.0000,hfq
2012-03-13,80.023,80.479,79.202,80.296,176607,,,0.2272,hfq
2012-03-14,80.479,80.935,76.464,76.738,247510,,,-4.4311,hfq
2012-03-15,76.829,77.833,75.370,76.099,148275,,,-0.8327,hfq
2012-03-16,76.191,78.289,75.826,78.198,132250,,,2.7582,hfq
2012-03-19,77.377,79.384,77.377,78.837,155825,,,0.8172,hfq
2012-03-20,78.745,79.202,77.650,77.742,125511,,,-1.3889,hfq
2012-03-21,78.015,78.472,75.734,76.829,101254,,,-1.1744,hfq
2012-03-22,76.829,78.198,76.556,77.012,112319,,,0.2382,hfq
2012-03-23,76.647,77.286,74.092,74.548,155239,,,-3.1995,hfq
2012-03-26,73.910,75.552,73.636,74.183,87046,,,-0.4896,hfq
2012-03-27,74.457,74.822,71.994,73.180,110698,,,-1.3521,hfq
2012-03-28,73.089,74.275,71.902,72.085,118173,,,-1.4963,hfq
2012-03-29,71.994,73.271,71.173,72.541,155356,,,0.6326,hfq
2012-03-30,72.632,74.183,72.176,73.089,85279,,,0.7554,hfq
2012-04-05,73.362,75.643,73.362,75.187,136617,,,2.8705,hfq
2012-04-06,74.913,78.289,74.822,77.103,179204,,,2.5483,hfq
2012-04-09,77.377,78.015,76.008,76.008,89756,,,-1.4202,hfq
2012-04-10,76.464,78.289,74.731,78.198,119608,,,2.8813,hfq
2012-04-11,77.286,79.931,76.738,79.202,254967,,,1.2839,hfq
2012-04-12,79.202,81.391,78.472,81.026,369197,,,2.3030,hfq
2012-04-13,81.118,82.395,80.296,80.570,188254,,,-0.5628,hfq
2012-04-16,80.023,80.388,79.110,79.749,140654,,,-1.0190,hfq
2012-04-17,79.293,80.388,78.563,78.563,130315,,,-1.4872,hfq
2012-04-18,78.745,81.026,78.198,80.296,276181,,,2.2059,hfq
2012-04-19,80.296,80.570,78.654,78.837,189094,,,-1.8170,hfq
2012-04-20,79.019,83.855,78.289,81.118,406281,,,2.8933,hfq
2012-04-23,81.209,81.847,80.023,80.296,203658,,,-1.0133,hfq
2012-04-24,79.749,80.935,78.289,80.844,258907,,,0.6825,hfq
2012-04-25,80.388,83.307,79.749,82.486,365867,,,2.0311,hfq
2012-04-26,83.125,83.125,80.661,80.935,223813,,,-1.8803,hfq
2012-04-27,80.844,81.026,78.928,79.202,186095,,,-2.1412,hfq
2012-05-02,80.205,81.665,79.110,80.753,234609,,,1.9583,hfq
2012-05-03,80.935,80.935,78.015,78.380,338762,,,-2.9386,hfq
2012-05-04,77.833,79.202,77.742,78.837,241360,,,0.5831,hfq
2012-05-07,78.472,80.661,77.559,80.570,234333,,,2.1982,hfq
2012-05-08,80.570,81.118,79.749,80.844,153320,,,0.3401,hfq
2012-05-09,80.205,80.570,79.110,79.658,159578,,,-1.4670,hfq
2012-05-10,79.749,80.114,78.745,79.658,72583,,,0.0000,hfq
2012-05-11,79.110,80.935,79.110,79.384,148571,,,-0.3440,hfq
2012-05-14,79.384,80.296,77.924,78.837,154439,,,-0.6891,hfq
2012-05-15,78.015,80.023,77.650,79.840,155148,,,1.2722,hfq
2012-05-16,79.475,79.749,77.012,77.377,108181,,,-3.0849,hfq
2012-05-17,77.377,78.563,76.829,77.468,151881,,,0.1176,hfq
2012-05-18,77.286,77.650,75.643,76.373,104880,,,-1.4135,hfq
2012-05-21,76.282,77.012,75.005,75.917,68905,,,-0.5971,hfq
2012-05-22,76.191,78.107,76.008,78.015,143111,,,2.7635,hfq
2012-05-23,77.833,79.384,77.377,78.289,178011,,,0.3512,hfq
2012-05-24,78.289,79.110,77.377,78.289,110947,,,0.0000,hfq
2012-05-25,79.110,79.202,76.738,77.650,158317,,,-0.8162,hfq
2012-05-28,77.286,78.837,75.552,78.380,111580,,,0.9401,hfq
2012-05-29,78.198,78.837,77.103,77.924,197202,,,-0.5818,hfq
2012-05-30,78.015,80.753,77.468,80.205,393414,,,2.9272,hfq
2012-05-31,79.566,80.479,79.110,79.658,166628,,,-0.6820,hfq
2012-06-01,79.566,80.205,78.472,79.019,127780,,,-0.8022,hfq
2012-06-04,77.742,77.742,74.092,75.461,294780,,,-4.5027,hfq
2012-06-05,75.461,75.734,72.176,74.457,192757,,,-1.3305,hfq
2012-06-06,73.818,74.548,72.632,74.092,96251,,,-0.4902,hfq
2012-06-07,74.731,75.005,72.906,73.636,93689,,,-0.6155,hfq
2012-06-08,74.366,74.913,73.453,73.545,86406,,,-0.1236,hfq
2012-06-11,73.636,75.917,73.636,74.913,150938,,,1.8601,hfq
2012-06-12,74.457,76.373,74.366,75.826,150639,,,1.2187,hfq
2012-06-13,75.826,77.377,75.734,76.921,117292,,,1.4441,hfq
2012-06-14,76.738,77.103,76.099,76.556,75404,,,-0.4745,hfq
2012-06-18,77.103,77.103,75.187,75.461,81860,,,-1.4303,hfq
2012-06-19,75.461,75.461,73.636,73.910,82968,,,-2.0554,hfq
2012-06-20,73.910,74.548,73.545,73.910,60773,,,0.0000,hfq
2012-06-21,73.910,73.910,72.997,73.727,37913,,,-0.2476,hfq
2012-06-25,73.727,73.727,70.625,70.808,76892,,,-3.9592,hfq
2012-06-26,70.716,71.994,70.534,71.811,71105,,,1.4165,hfq
2012-06-27,71.537,71.720,70.260,70.351,63685,,,-2.0331,hfq
2012-06-28,70.716,72.267,70.625,71.355,107392,,,1.4271,hfq
2012-06-29,71.355,72.176,70.808,71.629,70424,,,0.3840,hfq
2012-07-02,71.811,71.902,70.625,70.808,67720,,,-1.1462,hfq
2012-07-03,70.990,72.085,70.625,71.173,94004,,,0.5155,hfq
2012-07-04,71.264,71.355,69.257,69.530,82056,,,-2.3085,hfq
2012-07-05,69.530,69.530,67.249,67.523,110244,,,-2.8865,hfq
2012-07-06,67.979,70.351,67.432,69.895,288258,,,3.5129,hfq
2012-07-09,68.892,68.983,66.611,67.432,127715,,,-3.5239,hfq
2012-07-10,66.702,68.162,66.702,67.614,86523,,,0.2699,hfq
2012-07-11,67.158,68.800,67.158,67.888,72727,,,0.4052,hfq
2012-07-12,67.614,68.800,67.432,68.618,80502,,,1.0753,hfq
2012-07-13,69.074,69.165,68.162,68.344,45034,,,-0.3993,hfq
2012-07-16,68.344,68.527,67.432,67.705,76628,,,-0.9350,hfq
2012-07-17,68.070,68.527,67.432,68.253,39460,,,0.8094,hfq
2012-07-18,68.070,69.257,67.705,68.162,101298,,,-0.1333,hfq
2012-07-19,68.344,68.709,67.432,68.435,104973,,,0.4005,hfq
2012-07-20,68.253,68.253,67.158,67.249,64972,,,-1.7330,hfq
2012-07-23,66.884,67.158,65.607,65.972,94817,,,-1.8989,hfq
2012-07-24,65.425,66.428,65.242,65.972,67583,,,0.0000,hfq
2012-07-25,65.698,66.154,65.242,66.063,51515,,,0.1379,hfq
2012-07-26,66.063,66.246,65.060,65.698,58765,,,-0.5525,hfq
2012-07-27,65.881,66.976,65.607,66.793,94997,,,1.6667,hfq
2012-07-30,66.793,67.067,65.516,65.789,51720,,,-1.5032,hfq
2012-07-31,65.789,66.063,64.786,64.877,82174,,,-1.3862,hfq
2012-08-01,64.968,65.698,64.786,65.333,63323,,,0.7029,hfq
2012-08-02,65.242,65.242,63.144,63.509,86983,,,-2.7919,hfq
2012-08-03,63.691,64.147,63.417,64.056,66497,,,0.8613,hfq
2012-08-06,63.965,65.242,63.509,64.603,87756,,,0.8539,hfq
2012-08-07,64.695,66.063,64.695,65.698,108063,,,1.6950,hfq
2012-08-08,66.063,66.884,65.333,66.519,91044,,,1.2497,hfq
2012-08-09,66.428,66.428,65.333,66.246,88134,,,-0.4104,hfq
2012-08-10,66.246,66.793,65.242,65.333,124531,,,-1.3782,hfq
2012-08-13,65.333,65.333,63.600,63.782,99074,,,-2.3740,hfq
2012-08-14,63.691,64.056,63.235,63.965,84564,,,0.2869,hfq
2012-08-15,63.965,64.056,63.509,63.782,38053,,,-0.2861,hfq
2012-08-16,63.691,63.965,63.235,63.600,51027,,,-0.2853,hfq
2012-08-17,63.417,63.965,63.417,63.873,29429,,,0.4292,hfq
2012-08-20,63.326,63.509,61.684,62.322,112701,,,-2.4283,hfq
2012-08-21,62.322,62.687,61.045,61.228,210995,,,-1.7554,hfq
2012-08-22,61.410,61.410,58.490,59.038,281101,,,-3.5768,hfq
2012-08-23,59.220,59.494,58.582,59.220,82934,,,0.3083,hfq
2012-08-24,59.038,59.038,56.939,57.669,237356,,,-2.6190,hfq
2012-08-27,57.852,58.308,57.213,57.396,151739,,,-0.4734,hfq
2012-08-28,57.487,58.308,57.304,57.578,126455,,,0.3171,hfq
2012-08-29,57.578,57.669,56.848,56.939,82989,,,-1.1098,hfq
2012-08-30,57.031,57.031,54.932,55.388,187828,,,-2.7240,hfq
2012-08-31,55.115,55.662,54.932,55.206,103560,,,-0.3286,hfq
2012-09-03,54.841,56.118,54.841,55.936,153139,,,1.3223,hfq
2012-09-04,55.936,55.936,55.023,55.206,94865,,,-1.3051,hfq
2012-09-05,55.206,55.571,54.841,55.206,63183,,,0.0000,hfq
2012-09-06,55.206,55.753,54.932,55.662,69552,,,0.8260,hfq
2012-09-07,56.027,58.490,55.844,57.852,352245,,,3.9345,hfq
2012-09-10,57.852,58.855,57.487,58.764,274199,,,1.5764,hfq
2012-09-11,58.490,58.490,57.304,57.760,170172,,,-1.7085,hfq
2012-09-12,58.034,58.308,57.304,58.125,129257,,,0.6319,hfq
2012-09-13,58.399,59.129,57.669,57.852,217758,,,-0.4697,hfq
2012-09-14,58.217,58.673,56.483,57.122,213767,,,-1.2618,hfq
2012-09-17,57.122,57.122,55.206,55.297,198563,,,-3.1949,hfq
2012-09-18,55.115,55.571,54.293,54.567,116988,,,-1.3201,hfq
2012-09-19,54.750,54.932,54.111,54.658,86182,,,0.1668,hfq
2012-09-20,54.385,54.658,53.107,53.472,118152,,,-2.1699,hfq
2012-09-21,53.199,53.928,52.834,53.564,54903,,,0.1721,hfq
2012-09-24,53.381,53.837,52.742,53.564,62845,,,0.0000,hfq
2012-09-25,53.381,53.746,52.742,53.107,57669,,,-0.8532,hfq
2012-09-26,52.925,53.107,52.560,52.742,61877,,,-0.6873,hfq
2012-09-27,52.560,54.293,52.560,53.928,112177,,,2.2487,hfq
2012-09-28,53.564,54.658,53.199,54.567,145750,,,1.1849,hfq
2012-10-08,54.476,54.750,53.837,53.928,87579,,,-1.1710,hfq
2012-10-09,54.476,55.023,54.020,54.932,126485,,,1.8617,hfq
2012-10-10,54.750,55.571,54.476,55.115,143755,,,0.3331,hfq
2012-10-11,54.932,55.206,54.020,54.111,130552,,,-1.8216,hfq
2012-10-12,54.202,54.750,53.746,54.476,115183,,,0.6745,hfq
2012-10-15,54.293,54.476,53.837,54.202,45609,,,-0.5030,hfq
2012-10-16,54.202,54.750,53.928,54.385,65185,,,0.3376,hfq
2012-10-17,54.385,54.658,53.928,54.202,58103,,,-0.3365,hfq
2012-10-18,54.202,55.753,54.111,55.662,219416,,,2.6936,hfq
2012-10-19,55.662,56.027,55.115,55.480,120748,,,-0.3270,hfq
2012-10-22,55.023,55.753,54.750,55.571,74316,,,0.1640,hfq
2012-10-23,55.571,56.848,55.115,55.388,185151,,,-0.3293,hfq
2012-10-24,55.115,55.936,55.023,55.571,102186,,,0.3304,hfq
2012-10-25,55.480,55.844,54.750,54.841,119249,,,-1.3136,hfq
2012-10-26,54.932,55.023,52.925,53.381,142680,,,-2.6622,hfq
2012-10-29,53.381,53.746,53.107,53.746,80929,,,0.6838,hfq
2012-10-30,53.746,54.385,53.472,53.928,99707,,,0.3386,hfq
2012-10-31,53.381,54.658,53.199,54.658,147570,,,1.3537,hfq
2012-11-01,54.385,56.666,54.293,56.027,335059,,,2.5047,hfq
2012-11-02,56.027,57.213,55.844,56.757,271571,,,1.3029,hfq
2012-11-05,56.574,57.578,56.301,57.031,219622,,,0.4828,hfq
2012-11-06,56.939,56.939,55.480,56.209,126068,,,-1.4413,hfq
2012-11-07,56.027,56.574,55.662,56.118,100747,,,-0.1619,hfq
2012-11-08,55.662,55.936,54.841,54.841,134340,,,-2.2756,hfq
2012-11-09,55.115,55.388,54.750,55.115,80888,,,0.4996,hfq
2012-11-12,55.115,55.662,55.023,55.571,81688,,,0.8274,hfq
2012-11-13,55.753,55.753,54.202,54.293,112418,,,-2.2998,hfq
2012-11-14,54.293,54.567,54.020,54.385,43442,,,0.1695,hfq
2012-11-15,54.293,54.932,53.655,53.746,81973,,,-1.1750,hfq
2012-11-16,53.655,54.020,53.290,53.746,98982,,,0.0000,hfq
2012-11-19,53.746,54.020,52.742,53.381,139718,,,-0.6791,hfq
2012-11-20,53.564,53.746,52.925,53.107,102030,,,-0.5133,hfq
2012-11-21,53.107,54.111,52.925,54.020,97394,,,1.7192,hfq
2012-11-22,53.655,53.928,53.381,53.746,68289,,,-0.5072,hfq
2012-11-23,54.020,54.293,53.472,53.746,90744,,,0.0000,hfq
2012-11-26,53.564,53.746,52.742,53.107,104146,,,-1.1889,hfq
2012-11-27,53.016,53.199,52.651,52.834,74012,,,-0.5141,hfq
2012-11-28,52.742,52.742,52.012,52.469,60928,,,-0.6908,hfq
2012-11-29,52.469,52.651,51.921,52.012,76488,,,-0.8710,hfq
2012-11-30,52.104,53.381,51.921,53.016,113445,,,1.9303,hfq
2012-12-03,52.834,53.381,52.377,52.469,93893,,,-1.0318,hfq
2012-12-04,52.651,53.107,51.921,53.016,79068,,,1.0425,hfq
2012-12-05,53.199,55.753,53.016,55.206,263921,,,4.1308,hfq
2012-12-06,55.571,59.859,55.571,58.855,698900,,,6.6098,hfq
2012-12-07,58.399,60.315,58.308,59.585,410179,,,1.2403,hfq
2012-12-10,59.403,62.049,59.312,61.319,550738,,,2.9101,hfq
2012-12-11,61.045,61.866,60.498,60.498,218446,,,-1.3389,hfq
2012-12-12,60.771,61.319,60.224,61.136,183097,,,1.0546,hfq
2012-12-13,60.863,60.954,59.676,60.406,199920,,,-1.1941,hfq
2012-12-14,60.315,64.877,60.224,64.056,462800,,,6.0424,hfq
2012-12-17,64.147,64.421,62.596,62.870,257730,,,-1.8515,hfq
2012-12-18,62.779,63.600,61.410,61.593,255189,,,-2.0312,hfq
2012-12-19,61.775,62.596,61.410,62.140,192747,,,0.8881,hfq
2012-12-20,61.866,62.505,60.863,62.414,158415,,,0.4409,hfq
2012-12-21,62.505,63.873,61.593,61.866,197534,,,-0.8780,hfq
2012-12-24,62.049,62.596,61.228,62.140,145247,,,0.4429,hfq
2012-12-25,62.140,66.884,61.866,66.154,453802,,,6.4596,hfq
2012-12-26,65.881,66.793,65.333,66.337,254965,,,0.2766,hfq
2012-12-27,66.519,67.432,65.516,66.063,154182,,,-0.4130,hfq
2012-12-28,66.063,68.800,66.063,68.253,232788,,,3.3150,hfq
2012-12-31,68.162,71.994,68.162,71.355,301962,,,4.5449,hfq
2013-01-04,71.446,72.815,69.165,69.986,370861,,,-1.9186,hfq
2013-01-07,69.713,71.720,69.257,71.355,199958,,,1.9561,hfq
2013-01-08,70.808,71.720,69.348,70.990,194608,,,-0.5115,hfq
2013-01-09,70.351,71.537,69.530,70.716,212226,,,-0.3860,hfq
2013-01-10,70.716,72.450,69.895,71.264,176243,,,0.7749,hfq
2013-01-11,71.264,71.811,68.070,68.253,234775,,,-4.2251,hfq
2013-01-14,68.070,72.450,67.979,71.902,236519,,,5.3463,hfq
2013-01-15,71.902,72.267,70.351,71.081,270746,,,-1.1418,hfq
2013-01-16,70.990,70.990,68.709,69.804,239103,,,-1.7965,hfq
2013-01-17,69.621,70.078,68.800,69.257,151189,,,-0.7836,hfq
2013-01-18,69.621,73.089,69.348,72.359,431496,,,4.4790,hfq
2013-01-21,72.906,74.731,71.902,73.727,409052,,,1.8906,hfq
2013-01-22,73.818,73.818,71.264,71.720,248588,,,-2.7222,hfq
2013-01-23,71.446,72.997,70.808,71.537,161022,,,-0.2552,hfq
2013-01-24,71.537,72.541,68.253,68.892,351258,,,-3.6974,hfq
2013-01-25,68.709,69.621,67.523,68.892,137177,,,0.0000,hfq
2013-01-28,68.344,70.534,68.344,70.260,208791,,,1.9857,hfq
2013-01-29,70.443,71.902,70.169,70.716,203652,,,0.6490,hfq
2013-01-30,71.446,72.997,71.081,71.902,174463,,,1.6771,hfq
2013-01-31,71.902,72.267,68.983,69.257,253664,,,-3.6786,hfq
2013-02-01,69.348,70.351,69.257,69.895,202502,,,0.9212,hfq
2013-02-04,70.534,72.997,70.078,72.632,357362,,,3.9159,hfq
2013-02-05,72.176,76.373,70.899,75.187,379257,,,3.5177,hfq
2013-02-06,75.461,75.643,74.001,74.548,116517,,,-0.8499,hfq
2013-02-07,74.275,75.552,73.727,74.548,109147,,,0.0000,hfq
2013-02-08,74.548,76.647,74.548,75.826,168958,,,1.7143,hfq
2013-02-18,76.556,76.829,75.643,76.008,127632,,,0.2400,hfq
2013-02-19,76.008,76.373,71.994,72.815,240116,,,-4.2009,hfq
2013-02-20,72.450,73.453,71.902,73.089,150666,,,0.3763,hfq
2013-02-21,72.085,73.089,71.081,71.446,193716,,,-2.2479,hfq
2013-02-22,71.537,72.267,71.264,71.902,120089,,,0.6382,hfq
2013-02-25,71.902,72.724,71.355,71.902,68830,,,0.0000,hfq
2013-02-26,71.629,74.183,71.081,71.902,182699,,,0.0000,hfq
2013-02-27,71.811,73.636,71.811,73.453,111511,,,2.1571,hfq
2013-02-28,73.636,75.826,73.545,75.370,239264,,,2.6098,hfq
2013-03-01,75.461,75.917,74.092,75.187,106633,,,-0.2428,hfq
2013-03-04,71.994,71.994,68.435,68.435,427478,,,-8.9803,hfq
2013-03-05,67.432,70.351,64.786,70.078,497355,,,2.4008,hfq
2013-03-06,69.804,70.716,68.983,70.260,355071,,,0.2597,hfq
2013-03-07,70.169,71.446,69.530,70.443,155677,,,0.2605,hfq
2013-03-08,70.443,70.716,69.621,70.078,80725,,,-0.5181,hfq
2013-03-11,70.078,71.081,69.348,70.169,78177,,,0.1299,hfq
2013-03-12,70.169,70.625,68.070,68.435,146094,,,-2.4712,hfq
2013-03-13,68.162,68.527,66.793,67.432,87701,,,-1.4656,hfq
2013-03-14,67.249,68.435,65.789,66.246,57330,,,-1.7588,hfq
2013-03-15,66.519,67.979,64.877,66.611,115377,,,0.5510,hfq
2013-03-18,66.519,67.067,65.516,65.972,85754,,,-0.9593,hfq
2013-03-19,66.519,67.523,65.516,67.432,105261,,,2.2131,hfq
2013-03-20,67.614,70.169,67.432,69.257,140351,,,2.7064,hfq
2013-03-21,69.348,69.713,67.432,68.344,95495,,,-1.3183,hfq
2013-03-22,68.253,68.253,67.067,68.070,87114,,,-0.4009,hfq
2013-03-25,68.253,68.709,67.705,68.344,61424,,,0.4025,hfq
2013-03-26,68.253,68.983,67.705,68.892,91842,,,0.8018,hfq
2013-03-27,68.162,72.176,68.162,71.446,227888,,,3.7073,hfq
2013-03-28,69.713,71.720,69.713,71.446,249736,,,0.0000,hfq
2013-03-29,71.629,73.180,70.899,72.085,184510,,,0.8944,hfq
2013-04-01,72.450,73.545,72.267,72.815,168418,,,1.0127,hfq
2013-04-02,73.180,73.727,70.260,72.176,227779,,,-0.8776,hfq
2013-04-03,72.359,72.815,70.534,71.446,95795,,,-1.0114,hfq
2013-04-08,70.716,73.636,68.800,73.089,145433,,,2.2996,hfq
2013-04-09,73.180,74.457,71.720,73.636,208949,,,0.7484,hfq
2013-04-10,73.453,73.545,71.720,73.089,229428,,,-0.7428,hfq
2013-04-11,73.089,74.001,72.267,73.180,94669,,,0.1245,hfq
2013-04-12,73.089,73.636,72.450,72.541,65263,,,-0.8732,hfq
2013-04-15,72.541,72.997,70.625,71.994,137633,,,-0.7541,hfq
2013-04-16,71.081,74.001,70.990,73.910,169842,,,2.6613,hfq
2013-04-17,74.001,74.001,72.450,73.180,72787,,,-0.9877,hfq
2013-04-18,72.450,73.727,72.450,73.180,78619,,,0.0000,hfq
2013-04-19,73.180,74.913,72.997,74.457,129322,,,1.7450,hfq
2013-04-22,73.818,74.275,72.997,73.362,82841,,,-1.4706,hfq
2013-04-23,73.362,73.636,70.899,70.899,111338,,,-3.3573,hfq
2013-04-24,71.173,72.724,69.895,71.173,126146,,,0.3865,hfq
2013-04-25,71.081,71.081,68.162,68.344,180643,,,-3.9748,hfq
2013-04-26,69.165,69.713,67.705,68.344,73653,,,0.0000,hfq
2013-05-02,68.162,69.348,67.888,69.074,57025,,,1.0681,hfq
2013-05-03,69.165,70.716,69.165,69.530,67866,,,0.6602,hfq
2013-05-06,70.078,70.899,69.713,70.443,47450,,,1.3131,hfq
2013-05-07,70.169,71.537,70.078,71.081,86806,,,0.9057,hfq
2013-05-08,71.811,72.176,71.081,71.264,79676,,,0.2575,hfq
2013-05-09,71.264,71.994,71.081,71.446,70791,,,0.2554,hfq
2013-05-10,70.899,72.450,70.899,72.176,85571,,,1.0218,hfq
2013-05-13,72.541,72.724,71.446,72.085,79824,,,-0.1261,hfq
2013-05-14,71.720,72.359,70.625,70.808,76588,,,-1.7715,hfq
2013-05-15,70.443,71.902,70.443,71.629,58769,,,1.1595,hfq
2013-05-16,71.264,72.724,71.173,72.632,82730,,,1.4003,hfq
2013-05-17,72.632,74.640,72.359,74.366,219259,,,2.3874,hfq
2013-05-20,74.457,75.552,73.818,74.640,168740,,,0.3684,hfq
2013-05-21,74.548,75.187,73.453,74.183,92487,,,-0.6123,hfq
2013-05-22,74.092,75.370,72.906,73.818,141888,,,-0.4920,hfq
2013-05-23,73.362,74.548,72.450,72.815,117083,,,-1.3587,hfq
2013-05-24,72.997,73.545,71.720,72.267,141436,,,-0.7526,hfq
2013-05-27,72.267,72.815,70.990,71.720,184517,,,-0.7569,hfq
2013-05-28,71.629,73.089,70.808,73.089,217317,,,1.9088,hfq
2013-05-29,72.906,75.826,72.724,74.183,300412,,,1.4968,hfq
2013-05-30,74.092,78.107,73.453,77.377,410941,,,4.3056,hfq
2013-05-31,77.286,77.742,74.548,74.640,363781,,,-3.5372,hfq
2013-06-03,74.731,79.019,74.731,78.837,425722,,,5.6230,hfq
2013-06-04,78.654,79.840,77.012,79.749,371954,,,1.1568,hfq
2013-06-05,79.931,80.114,76.099,76.373,324320,,,-4.2333,hfq
2013-06-06,76.829,76.921,73.910,74.548,232912,,,-2.3896,hfq
2013-06-07,75.005,75.005,71.994,72.450,198854,,,-2.8143,hfq
2013-06-13,71.081,71.629,69.348,70.169,161943,,,-3.1484,hfq
2013-06-14,70.260,71.173,70.169,70.899,126510,,,1.0403,hfq
2013-06-17,70.808,70.990,69.439,69.621,163497,,,-1.8026,hfq
2013-06-18,69.804,70.351,68.800,70.260,103962,,,0.9178,hfq
2013-06-19,70.078,70.078,67.979,69.165,146494,,,-1.5585,hfq
2013-06-20,68.800,69.257,66.063,66.519,174739,,,-3.8256,hfq
2013-06-21,65.607,67.341,65.516,66.976,100806,,,0.6870,hfq
2013-06-24,66.611,66.702,62.870,63.052,134047,,,-5.8588,hfq
2013-06-25,62.961,63.235,58.764,61.684,243141,,,-2.1696,hfq
2013-06-26,61.866,63.873,60.498,62.322,203391,,,1.0343,hfq
2013-06-27,63.326,63.782,61.775,62.231,167735,,,-0.1460,hfq
2013-06-28,62.140,67.432,61.319,64.603,224899,,,3.8116,hfq
2013-07-01,64.056,64.695,63.144,64.512,100997,,,-0.1409,hfq
2013-07-02,64.603,65.060,63.782,64.421,89574,,,-0.1411,hfq
2013-07-03,64.238,65.060,63.417,64.512,126165,,,0.1413,hfq
2013-07-04,64.330,68.070,63.691,66.154,191267,,,2.5453,hfq
2013-07-05,66.246,70.169,66.246,67.797,184685,,,2.4836,hfq
2013-07-08,66.976,66.976,64.786,65.698,139668,,,-3.0960,hfq
2013-07-09,66.063,66.337,64.786,65.060,68142,,,-0.9711,hfq
2013-07-10,64.968,67.614,64.330,67.341,180887,,,3.5060,hfq
2013-07-11,68.618,71.446,68.618,71.081,365869,,,5.5538,hfq
2013-07-12,70.443,71.446,69.257,69.713,173034,,,-1.9246,hfq
2013-07-15,69.986,71.994,69.713,71.081,140016,,,1.9623,hfq
2013-07-16,70.443,71.264,69.530,71.173,109755,,,0.1294,hfq
2013-07-17,70.625,71.811,69.986,70.443,107826,,,-1.0257,hfq
2013-07-18,70.169,70.990,69.713,69.895,78763,,,-0.7779,hfq
2013-07-19,69.895,70.534,67.614,67.979,108530,,,-2.7413,hfq
2013-07-22,67.979,68.983,66.884,68.800,70031,,,1.2077,hfq
2013-07-23,68.892,70.808,68.435,70.534,84008,,,2.5203,hfq
2013-07-24,69.986,70.625,67.888,68.892,116547,,,-2.3280,hfq
2013-07-25,69.348,69.530,68.162,68.344,74015,,,-0.7954,hfq
2013-07-26,68.435,68.527,67.705,68.344,54004,,,0.0000,hfq
2013-07-29,67.888,67.888,65.789,66.337,88755,,,-2.9366,hfq
2013-07-30,66.519,68.070,66.063,66.702,69620,,,0.5502,hfq
2013-07-31,68.800,69.713,67.158,67.614,72540,,,1.3673,hfq
2013-08-01,67.705,69.621,67.341,69.530,114262,,,2.8337,hfq
2013-08-02,70.169,71.902,70.169,70.534,152008,,,1.4440,hfq
2013-08-05,70.351,70.899,69.439,70.534,73310,,,0.0000,hfq
2013-08-06,70.078,71.264,69.439,70.534,96058,,,0.0000,hfq
2013-08-07,70.625,72.267,70.443,70.808,171434,,,0.3885,hfq
2013-08-08,70.625,70.990,69.530,69.713,103297,,,-1.5464,hfq
2013-08-09,70.899,71.994,69.804,71.355,174352,,,2.3554,hfq
2013-08-12,71.355,74.548,71.355,74.001,253913,,,3.7082,hfq
2013-08-13,74.001,74.457,73.362,74.092,92246,,,0.1230,hfq
2013-08-14,74.548,75.917,73.818,74.183,165298,,,0.1228,hfq
2013-08-15,74.092,74.457,72.359,72.450,149736,,,-2.3361,hfq
2013-08-16,72.267,74.640,71.811,72.176,185967,,,-0.3782,hfq
2013-08-19,72.267,73.910,71.720,73.271,133126,,,1.5171,hfq
2013-08-20,73.089,73.910,71.537,71.720,117502,,,-2.1168,hfq
2013-08-21,72.359,72.359,70.625,71.355,114128,,,-0.5089,hfq
2013-08-22,71.264,72.267,70.625,70.808,125910,,,-0.7666,hfq
2013-08-23,71.081,71.355,68.983,69.804,155492,,,-1.4179,hfq
2013-08-26,69.895,72.085,69.804,71.902,136802,,,3.0056,hfq
2013-08-27,72.176,74.092,71.720,73.727,238028,,,2.5382,hfq
2013-08-28,71.994,75.096,71.629,73.727,320232,,,0.0000,hfq
2013-08-29,73.727,75.005,72.815,74.457,280874,,,0.9901,hfq
2013-08-30,75.643,81.026,74.913,80.935,956100,,,8.7003,hfq
2013-09-02,81.574,81.574,75.187,75.917,544319,,,-6.2000,hfq
2013-09-03,76.464,77.559,74.548,76.008,304920,,,0.1199,hfq
2013-09-04,76.099,77.103,75.370,75.643,163039,,,-0.4802,hfq
2013-09-05,75.734,75.734,73.362,74.092,229009,,,-2.0504,hfq
2013-09-06,73.545,74.640,73.453,74.275,141583,,,0.2470,hfq
2013-09-09,74.548,77.286,74.092,77.012,330710,,,3.6850,hfq
2013-09-10,77.012,78.107,75.917,77.468,202664,,,0.5921,hfq
2013-09-11,77.468,77.650,75.917,76.464,219950,,,-1.2960,hfq
2013-09-12,76.464,76.464,74.457,75.187,191924,,,-1.6701,hfq
2013-09-13,75.278,75.643,74.366,75.187,98287,,,0.0000,hfq
2013-09-16,75.643,76.464,75.005,75.643,159133,,,0.6065,hfq
2013-09-17,75.734,78.837,74.731,76.373,366157,,,0.9651,hfq
2013-09-18,76.191,76.191,75.096,75.643,96808,,,-0.9558,hfq
2013-09-23,75.552,75.643,73.727,75.096,155112,,,-0.7231,hfq
2013-09-24,74.731,74.913,72.815,73.545,252329,,,-2.0654,hfq
2013-09-25,73.362,73.818,72.815,73.089,162408,,,-0.6200,hfq
2013-09-26,72.906,73.545,71.994,72.815,131941,,,-0.3749,hfq
2013-09-27,72.815,73.362,72.450,72.997,67125,,,0.2499,hfq
2013-09-30,72.906,74.001,72.906,73.362,65744,,,0.5000,hfq
2013-10-08,72.997,74.640,72.450,74.092,124961,,,0.9951,hfq
2013-10-09,73.818,78.015,73.545,77.377,464017,,,4.4337,hfq
2013-10-10,77.742,79.749,76.191,76.921,392325,,,-0.5893,hfq
2013-10-11,76.921,77.924,75.643,77.559,214400,,,0.8294,hfq
2013-10-14,77.559,77.559,75.734,76.191,254910,,,-1.7638,hfq
2013-10-15,76.191,77.012,75.461,76.464,147415,,,0.3583,hfq
2013-10-16,76.008,76.191,73.362,74.183,198170,,,-2.9831,hfq
2013-10-17,74.366,74.822,73.362,73.636,114548,,,-0.7374,hfq
2013-10-18,73.727,74.822,73.089,73.910,100329,,,0.3721,hfq
2013-10-21,73.910,74.731,73.180,74.640,116435,,,0.9877,hfq
2013-10-22,74.548,75.278,74.001,74.275,99981,,,-0.4890,hfq
2013-10-23,74.457,74.731,72.906,73.089,128247,,,-1.5968,hfq
2013-10-24,73.453,73.545,72.541,72.906,94506,,,-0.2504,hfq
2013-10-25,72.997,73.180,71.355,71.720,125034,,,-1.6268,hfq
2013-10-28,72.359,72.359,71.264,71.629,62155,,,-0.1269,hfq
2013-10-29,71.537,72.906,69.986,71.537,101361,,,-0.1284,hfq
2013-10-30,71.537,73.089,71.173,72.997,84197,,,2.0409,hfq
2013-10-31,73.453,74.183,73.089,73.180,136494,,,0.2507,hfq
2013-11-01,73.636,74.092,73.271,74.001,106683,,,1.1219,hfq
2013-11-04,74.548,74.731,73.362,73.818,60627,,,-0.2473,hfq
2013-11-05,73.545,73.636,72.541,73.362,94817,,,-0.6177,hfq
2013-11-06,73.180,73.636,72.450,72.541,95031,,,-1.1191,hfq
2013-11-07,72.541,72.906,71.811,71.994,73043,,,-0.7541,hfq
2013-11-08,71.720,72.724,71.629,71.811,51829,,,-0.2542,hfq
2013-11-11,71.720,73.362,70.990,72.906,73117,,,1.5248,hfq
2013-11-12,72.815,73.089,72.267,72.632,40166,,,-0.3758,hfq
2013-11-13,72.450,74.548,71.811,73.362,190472,,,1.0051,hfq
2013-11-14,73.089,74.001,72.541,73.453,95087,,,0.1240,hfq
2013-11-15,73.271,74.731,72.906,73.910,174477,,,0.6222,hfq
2013-11-18,74.275,75.096,73.453,75.005,180120,,,1.4815,hfq
2013-11-19,75.187,76.008,74.548,74.822,150846,,,-0.2440,hfq
2013-11-20,75.096,76.647,73.910,76.099,299103,,,1.7067,hfq
2013-11-21,75.461,77.194,73.910,74.822,394946,,,-1.6781,hfq
2013-11-22,75.005,75.370,74.183,74.275,111038,,,-0.7311,hfq
2013-11-25,73.910,75.005,73.636,74.275,115067,,,0.0000,hfq
2013-11-26,75.370,77.012,74.640,75.005,221391,,,0.9828,hfq
2013-11-27,75.187,75.278,74.183,74.731,165259,,,-0.3653,hfq
2013-11-28,74.731,76.373,74.548,75.643,248042,,,1.2204,hfq
2013-11-29,75.643,75.826,74.275,74.822,189640,,,-1.0854,hfq
2013-12-02,74.183,74.548,72.450,73.271,202590,,,-2.0729,hfq
2013-12-03,73.180,74.092,72.815,73.910,103369,,,0.8721,hfq
2013-12-04,73.818,75.370,73.636,75.096,190556,,,1.6047,hfq
2013-12-05,75.005,75.461,74.640,75.096,99662,,,0.0000,hfq
2013-12-06,74.822,75.826,74.822,75.005,86158,,,-0.1212,hfq
2013-12-09,75.096,75.826,74.913,75.370,128283,,,0.4866,hfq
2013-12-10,75.370,75.734,74.822,75.096,88515,,,-0.3635,hfq
2013-12-11,75.005,75.005,73.636,73.910,98531,,,-1.5793,hfq
2013-12-12,73.727,74.183,73.545,73.727,77186,,,-0.2476,hfq
2013-12-13,73.636,74.001,73.271,73.636,82508,,,-0.1234,hfq
2013-12-16,73.910,74.183,73.362,73.545,97240,,,-0.1236,hfq
2013-12-17,73.453,73.910,73.362,73.636,62445,,,0.1237,hfq
2013-12-18,73.910,74.001,73.545,73.636,40372,,,0.0000,hfq
2013-12-19,73.910,74.092,72.906,72.997,58140,,,-0.8678,hfq
2013-12-20,73.089,73.271,70.716,71.355,110942,,,-2.2494,hfq
2013-12-23,71.355,71.994,71.173,71.811,61948,,,0.6391,hfq
2013-12-24,72.085,72.267,71.446,71.811,70791,,,0.0000,hfq
2013-12-25,71.811,72.085,71.720,72.085,49355,,,0.3816,hfq
2013-12-26,71.629,71.994,69.895,70.351,125099,,,-2.4055,hfq
2013-12-27,70.443,72.632,70.351,71.994,91023,,,2.3354,hfq
2013-12-30,73.727,74.731,72.997,73.545,179058,,,2.1543,hfq
2013-12-31,73.089,73.910,71.994,73.818,113394,,,0.3712,hfq
2014-01-02,73.362,73.362,72.450,72.724,49612,,,-1.4820,hfq
2014-01-03,72.541,72.724,70.625,71.081,164495,,,-2.2592,hfq
2014-01-06,71.081,71.081,69.439,69.713,107475,,,-1.9246,hfq
2014-01-07,69.530,69.804,68.892,69.348,69692,,,-0.5236,hfq
2014-01-08,69.530,69.713,67.523,67.797,142157,,,-2.2365,hfq
2014-01-09,68.070,68.162,65.881,66.063,163181,,,-2.5576,hfq
2014-01-10,66.063,66.428,65.607,66.063,72382,,,0.0000,hfq
2014-01-13,66.428,66.428,65.242,65.607,75692,,,-0.6903,hfq
2014-01-14,65.607,65.881,63.600,64.695,229583,,,-1.3901,hfq
2014-01-15,64.786,64.968,63.600,63.873,166359,,,-1.2706,hfq
2014-01-16,64.056,64.695,63.873,64.238,140607,,,0.5714,hfq
2014-01-17,64.421,64.786,60.771,61.957,568907,,,-3.5509,hfq
2014-01-20,62.049,62.140,61.136,61.593,126391,,,-0.5875,hfq
2014-01-21,61.957,63.417,61.957,63.052,169025,,,2.3688,hfq
2014-01-22,63.417,65.242,63.052,65.060,252093,,,3.1847,hfq
2014-01-23,64.968,65.242,64.330,64.968,154668,,,-0.1414,hfq
2014-01-24,64.695,66.154,64.512,65.333,175960,,,0.5618,hfq
2014-01-27,64.968,64.968,63.417,63.965,199410,,,-2.0939,hfq
2014-01-28,64.056,64.695,63.873,64.238,88189,,,0.4268,hfq
2014-01-29,64.877,64.968,64.330,64.512,92141,,,0.4265,hfq
2014-01-30,64.603,64.695,64.147,64.330,74579,,,-0.2821,hfq
2014-02-07,63.782,64.695,63.509,64.512,76896,,,0.2829,hfq
2014-02-10,64.603,65.881,64.512,65.698,190253,,,1.8384,hfq
2014-02-11,65.789,66.519,65.151,66.246,276588,,,0.8341,hfq
2014-02-12,66.611,66.702,66.154,66.519,141745,,,0.4121,hfq
2014-02-13,66.337,68.344,66.337,67.249,256719,,,1.0974,hfq
2014-02-14,67.614,67.614,66.611,67.158,164888,,,-0.1353,hfq
2014-02-17,67.341,68.527,66.976,68.435,209189,,,1.9015,hfq
2014-02-18,68.983,74.275,68.800,74.001,1097833,,,8.1333,hfq
2014-02-19,74.731,77.559,73.180,77.103,1077171,,,4.1918,hfq
2014-02-20,76.829,77.924,75.826,76.647,738603,,,-0.5914,hfq
2014-02-21,76.829,76.829,73.089,74.275,470529,,,-3.0947,hfq
2014-02-24,73.089,73.089,69.713,71.081,522922,,,-4.3002,hfq
2014-02-25,70.990,73.089,70.716,71.264,363777,,,0.2575,hfq
2014-02-26,71.173,71.994,70.351,71.355,170874,,,0.1277,hfq
2014-02-27,71.994,72.450,69.530,69.895,263720,,,-2.0461,hfq
2014-02-28,70.260,71.173,69.439,71.081,179334,,,1.6968,hfq
2014-03-03,70.990,72.815,70.351,72.541,277993,,,2.0540,hfq
2014-03-04,71.994,72.267,70.351,71.537,215545,,,-1.3840,hfq
2014-03-05,71.629,73.453,70.625,71.902,198921,,,0.5102,hfq
2014-03-06,71.994,73.089,71.173,72.724,173646,,,1.1432,hfq
2014-03-07,72.450,72.541,70.169,70.534,217742,,,-3.0114,hfq
2014-03-10,70.169,70.169,66.976,67.341,310489,,,-4.5269,hfq
2014-03-11,66.611,68.435,66.611,67.067,190030,,,-0.4069,hfq
2014-03-12,66.976,68.070,66.246,67.523,142888,,,0.6799,hfq
2014-03-13,67.067,67.979,67.067,67.614,105858,,,0.1348,hfq
2014-03-14,67.341,67.888,66.793,67.249,81884,,,-0.5398,hfq
2014-03-17,67.523,67.705,66.884,67.523,96950,,,0.4074,hfq
2014-03-18,67.705,68.618,67.341,68.070,128637,,,0.8101,hfq
2014-03-19,68.070,68.070,66.063,66.884,169041,,,-1.7423,hfq
2014-03-20,66.884,67.523,65.789,66.337,127764,,,-0.8178,hfq
2014-03-21,66.337,68.253,65.698,68.162,176385,,,2.7511,hfq
2014-03-24,68.070,69.165,67.523,68.253,190072,,,0.1335,hfq
2014-03-25,68.344,69.257,67.979,68.527,138135,,,0.4014,hfq
2014-03-26,68.800,69.165,67.979,68.527,83639,,,0.0000,hfq
2014-03-27,68.253,69.074,67.797,68.070,120430,,,-0.6669,hfq
2014-03-28,68.618,70.078,68.253,69.165,232772,,,1.6086,hfq
2014-03-31,69.621,70.351,68.892,69.074,171973,,,-0.1316,hfq
2014-04-01,69.074,70.260,68.892,69.986,134234,,,1.3203,hfq
2014-04-02,69.895,72.632,69.804,71.537,290933,,,2.2162,hfq
2014-04-03,71.537,71.902,69.348,70.169,189417,,,-1.9123,hfq
2014-04-04,70.078,70.808,69.530,70.351,97820,,,0.2594,hfq
2014-04-08,69.895,71.720,69.895,70.716,188805,,,0.5188,hfq
2014-04-09,71.081,71.811,70.443,71.173,205221,,,0.6462,hfq
2014-04-10,71.173,71.811,70.808,71.355,195456,,,0.2557,hfq
2014-04-11,71.355,72.724,71.173,72.267,233348,,,1.2781,hfq
2014-04-14,72.541,76.099,72.541,74.001,591018,,,2.3994,hfq
2014-04-15,74.001,74.366,72.359,72.906,262276,,,-1.4797,hfq
2014-04-16,72.085,72.359,70.078,70.899,414481,,,-2.7529,hfq
2014-04-17,70.534,71.081,69.439,69.621,434204,,,-1.8026,hfq
2014-04-18,69.713,70.078,68.435,68.983,496499,,,-0.9164,hfq
2014-04-29,65.189,66.923,63.340,66.345,241243,,,-3.8241,hfq
2014-04-30,65.652,66.692,65.074,66.576,114983,,,0.3482,hfq
2014-05-05,66.345,66.345,63.918,65.305,188953,,,-1.9091,hfq
2014-05-06,65.305,65.536,64.380,64.843,121893,,,-0.7074,hfq
2014-05-07,64.611,64.727,63.224,63.455,110476,,,-2.1406,hfq
2014-05-08,63.455,64.265,63.224,63.455,119221,,,0.0000,hfq
2014-05-09,63.571,63.687,62.415,62.762,107561,,,-1.0921,hfq
2014-05-12,63.224,64.149,62.299,63.918,208925,,,1.8419,hfq
2014-05-13,63.918,64.496,63.455,63.802,161571,,,-0.1815,hfq
2014-05-14,64.149,64.496,63.224,63.455,97283,,,-0.5439,hfq
2014-05-15,63.571,63.571,61.837,62.184,198255,,,-2.0030,hfq
2014-05-16,62.184,62.762,61.721,62.415,122492,,,0.3715,hfq
2014-05-19,62.184,62.299,61.259,61.721,131732,,,-1.1119,hfq
2014-05-20,61.953,62.299,61.259,61.490,61782,,,-0.3743,hfq
2014-05-21,61.259,61.837,61.028,61.721,96065,,,0.3757,hfq
2014-05-22,61.606,62.646,61.375,61.837,135433,,,0.1879,hfq
2014-05-23,61.837,62.646,61.721,62.415,126578,,,0.9347,hfq
2014-05-26,62.646,63.109,62.184,62.877,127702,,,0.7402,hfq
2014-05-27,62.993,63.224,62.531,62.646,90234,,,-0.3674,hfq
2014-05-28,62.646,62.993,61.953,62.762,117316,,,0.1852,hfq
2014-05-29,62.993,63.687,62.762,62.877,161674,,,0.1832,hfq
2014-05-30,63.109,63.109,62.299,62.646,84846,,,-0.3674,hfq
2014-06-03,62.646,62.762,61.375,61.490,114275,,,-1.8453,hfq
2014-06-04,61.490,61.721,59.525,59.872,160751,,,-2.6313,hfq
2014-06-05,59.872,60.797,59.294,60.565,99898,,,1.1575,hfq
2014-06-06,60.565,60.681,59.756,60.219,62216,,,-0.5713,hfq
2014-06-09,60.103,60.912,59.872,60.565,70942,,,0.5746,hfq
2014-06-10,60.565,61.721,60.219,61.606,99317,,,1.7188,hfq
2014-06-11,61.490,62.068,60.565,61.606,113095,,,0.0000,hfq
2014-06-12,61.606,61.837,60.681,61.028,104610,,,-0.9382,hfq
2014-06-13,60.797,61.259,60.219,60.797,175824,,,-0.3785,hfq
2014-06-16,60.797,61.375,60.797,61.028,104245,,,0.3800,hfq
2014-06-17,61.028,61.143,60.334,60.450,101583,,,-0.9471,hfq
2014-06-18,60.334,60.912,60.103,60.103,92765,,,-0.5740,hfq
2014-06-19,60.103,60.565,58.600,59.063,134278,,,-1.7304,hfq
2014-06-20,59.063,61.953,58.600,61.259,267989,,,3.7181,hfq
2014-06-23,60.103,60.912,59.409,59.987,197337,,,-2.0764,hfq
2014-06-24,59.872,60.103,59.294,59.525,124866,,,-0.7702,hfq
2014-06-25,59.525,60.912,59.409,60.334,197702,,,1.3591,hfq
2014-06-26,60.681,60.797,60.219,60.334,88757,,,0.0000,hfq
2014-06-27,60.103,60.565,59.987,60.334,77804,,,0.0000,hfq
2014-06-30,60.334,61.028,60.103,60.912,110787,,,0.9580,hfq
2014-07-01,60.912,61.606,60.681,61.490,117659,,,0.9489,hfq
2014-07-02,61.606,61.721,61.028,61.490,132530,,,0.0000,hfq
2014-07-03,61.606,63.802,61.259,62.993,295521,,,2.4443,hfq
2014-07-04,62.993,63.802,62.762,63.455,156424,,,0.7334,hfq
2014-07-07,63.455,63.571,61.837,62.068,161507,,,-2.1858,hfq
2014-07-08,61.721,63.455,61.721,62.993,199157,,,1.4903,hfq
2014-07-09,62.993,63.571,62.068,62.299,159918,,,-1.1017,hfq
2014-07-10,62.184,63.224,62.068,62.762,113727,,,0.7432,hfq
2014-07-11,62.877,62.877,61.953,62.415,139159,,,-0.5529,hfq
2014-07-14,62.415,65.189,62.415,64.727,362406,,,3.7042,hfq
2014-07-15,64.265,64.496,63.455,63.802,135458,,,-1.4291,hfq
2014-07-16,64.033,64.727,63.571,63.918,121524,,,0.1818,hfq
2014-07-17,63.918,64.727,63.455,64.149,99746,,,0.3614,hfq
2014-07-18,64.149,66.114,64.033,64.611,239985,,,0.7202,hfq
2014-07-21,64.958,66.461,64.958,65.305,153747,,,1.0741,hfq
2014-07-22,65.305,69.351,65.305,68.542,544145,,,4.9567,hfq
2014-07-23,68.310,70.160,66.808,67.386,347610,,,-1.6866,hfq
2014-07-24,66.461,70.160,66.114,68.773,410048,,,2.0583,hfq
2014-07-25,69.235,69.698,68.426,68.888,198863,,,0.1672,hfq
2014-07-28,69.582,70.044,68.657,69.235,283479,,,0.5037,hfq
2014-07-29,69.235,71.316,68.773,70.391,385295,,,1.6697,hfq
2014-07-30,69.929,71.432,68.773,69.004,356947,,,-1.9704,hfq
2014-07-31,69.004,69.582,67.964,69.004,260452,,,0.0000,hfq
2014-08-01,69.004,70.160,68.426,68.542,304328,,,-0.6695,hfq
2014-08-04,69.004,69.466,68.079,69.351,272502,,,1.1803,hfq
2014-08-05,69.351,69.351,67.848,68.542,234943,,,-1.1665,hfq
2014-08-06,68.426,68.426,66.692,67.501,376024,,,-1.5188,hfq
2014-08-07,67.617,67.617,65.305,65.652,447855,,,-2.7392,hfq
2014-08-08,65.767,66.461,65.421,66.114,215281,,,0.7037,hfq
2014-08-11,66.461,67.386,65.883,67.039,223692,,,1.3991,hfq
2014-08-12,66.923,67.270,66.230,67.154,190775,,,0.1715,hfq
2014-08-13,67.154,67.270,65.998,67.039,275775,,,-0.1712,hfq
2014-08-14,66.923,67.386,66.114,66.230,231170,,,-1.2068,hfq
2014-08-15,66.230,66.692,65.767,66.345,298467,,,0.1736,hfq
2014-08-18,66.461,66.923,66.345,66.692,268254,,,0.5230,hfq
2014-08-19,66.923,66.923,66.345,66.923,224110,,,0.3464,hfq
2014-08-20,66.808,67.617,66.461,67.270,379483,,,0.5185,hfq
2014-08-21,67.154,67.617,65.421,65.998,393370,,,-1.8909,hfq
2014-08-22,65.883,66.345,65.767,66.345,185672,,,0.5258,hfq
2014-08-25,66.345,66.345,65.189,65.421,202267,,,-1.3927,hfq
2014-08-26,65.305,65.652,63.918,64.380,195129,,,-1.5912,hfq
2014-08-27,64.611,64.843,63.455,63.571,298585,,,-1.2566,hfq
2014-08-28,63.802,63.918,62.993,63.109,213409,,,-0.7267,hfq
2014-08-29,63.224,64.496,63.109,64.380,157729,,,2.0140,hfq
2014-09-01,64.380,65.998,64.149,65.536,224991,,,1.7956,hfq
2014-09-02,65.652,66.461,65.189,66.230,238144,,,1.0590,hfq
2014-09-03,66.230,66.808,66.114,66.461,267718,,,0.3488,hfq
2014-09-04,66.808,67.270,66.461,67.154,346835,,,1.0427,hfq
2014-09-05,67.732,68.426,67.386,68.195,489968,,,1.5502,hfq
2014-09-09,68.195,70.969,67.501,70.160,711247,,,2.8814,hfq
2014-09-10,69.582,70.391,69.120,69.582,509833,,,-0.8238,hfq
2014-09-11,69.582,70.276,68.773,69.004,465627,,,-0.8307,hfq
2014-09-12,69.004,69.351,68.542,69.351,277267,,,0.5029,hfq
2014-09-15,69.120,71.085,68.888,70.276,458384,,,1.3338,hfq
2014-09-16,70.391,70.854,67.848,67.964,415680,,,-3.2899,hfq
2014-09-17,68.195,69.466,67.617,69.004,288112,,,1.5302,hfq
2014-09-18,68.888,69.235,68.079,68.542,216912,,,-0.6695,hfq
2014-09-19,68.657,69.120,68.079,69.004,149939,,,0.6740,hfq
2014-09-22,69.004,69.120,67.386,67.501,280502,,,-2.1781,hfq
2014-09-23,67.501,68.310,67.386,68.079,197454,,,0.8563,hfq
2014-09-24,67.848,68.773,67.386,68.542,277532,,,0.6801,hfq
2014-09-25,69.004,69.582,68.310,68.657,323874,,,0.1678,hfq
2014-09-26,68.773,71.085,68.195,70.622,726492,,,2.8621,hfq
2014-09-29,71.085,72.472,70.622,72.241,635506,,,2.2925,hfq
2014-09-30,72.241,72.819,71.778,72.125,460637,,,-0.1606,hfq
2014-10-08,72.819,72.934,71.778,72.703,355816,,,0.8014,hfq
2014-10-09,73.050,73.512,71.663,72.356,396764,,,-0.4773,hfq
2014-10-10,71.894,73.050,71.432,72.125,378532,,,-0.3193,hfq
2014-10-13,72.125,72.588,70.969,72.472,423392,,,0.4811,hfq
2014-10-14,72.241,74.900,72.241,72.934,465135,,,0.6375,hfq
2014-10-15,72.819,73.628,71.663,72.703,307836,,,-0.3167,hfq
2014-10-16,72.125,72.934,70.969,71.200,257793,,,-2.0673,hfq
2014-10-17,71.200,71.547,69.351,70.507,273020,,,-0.9733,hfq
2014-10-20,70.507,73.744,70.044,73.512,513804,,,4.2620,hfq
2014-10-21,72.819,76.865,72.703,75.131,872073,,,2.2024,hfq
2014-10-22,75.593,77.905,75.131,75.478,840074,,,0.4619,hfq
2014-10-23,74.784,78.021,74.322,77.096,667956,,,2.1437,hfq
2014-10-24,76.980,84.032,75.246,81.604,1164282,,,5.8473,hfq
2014-10-27,81.026,83.223,78.714,80.333,696540,,,-1.5575,hfq
2014-10-28,82.413,82.991,79.061,81.373,653453,,,1.2946,hfq
2014-10-29,81.373,89.696,80.564,87.731,1609387,,,7.8134,hfq
2014-10-30,86.691,88.424,84.841,86.575,858137,,,-1.3177,hfq
2014-10-31,86.459,89.002,85.419,86.922,698146,,,0.4008,hfq
2014-11-03,90.390,93.858,87.615,88.424,1706279,,,1.7280,hfq
2014-11-04,87.500,87.615,83.223,83.916,1144306,,,-5.0982,hfq
2014-11-05,83.801,84.263,81.720,82.876,608170,,,-1.2393,hfq
2014-11-06,82.876,83.223,81.835,82.876,714975,,,0.0000,hfq
2014-11-07,82.760,82.876,79.986,80.448,706442,,,-2.9297,hfq
2014-11-10,81.373,83.916,80.448,83.338,573367,,,3.5924,hfq
2014-11-11,83.454,84.032,79.986,81.142,621467,,,-2.6351,hfq
2014-11-12,80.679,82.760,80.448,82.413,347249,,,1.5664,hfq
2014-11-13,81.835,86.113,81.142,84.032,874875,,,1.9645,hfq
2014-11-14,83.107,85.303,82.529,84.263,392690,,,0.2749,hfq
2014-11-17,85.188,87.615,84.263,85.650,698921,,,1.6460,hfq
2014-11-18,85.997,90.043,85.535,89.696,1100902,,,4.7239,hfq
2014-11-19,88.078,90.043,85.997,86.113,785934,,,-3.9946,hfq
2014-11-20,85.303,87.846,84.610,87.384,563881,,,1.4760,hfq
2014-11-21,86.575,88.309,85.997,87.615,553869,,,0.2644,hfq
2014-11-24,90.390,92.470,88.424,91.083,1337640,,,3.9582,hfq
2014-11-25,91.199,92.124,90.274,90.505,679032,,,-0.6346,hfq
2014-11-26,90.274,91.546,89.002,90.852,720083,,,0.3834,hfq
2014-11-27,91.430,93.742,90.390,92.124,818710,,,1.4001,hfq
2014-11-28,91.430,94.204,90.390,94.089,972984,,,2.1330,hfq
2014-12-01,94.204,94.898,90.505,92.008,909092,,,-2.2117,hfq
2014-12-02,91.546,93.973,90.621,92.355,655206,,,0.3771,hfq
2014-12-03,92.355,95.823,91.661,93.048,958589,,,0.7504,hfq
2014-12-04,93.048,99.406,92.124,98.250,1216313,,,5.5907,hfq
2014-12-05,98.250,103.452,96.054,101.256,1484880,,,3.0595,hfq
2014-12-08,105.880,111.544,105.880,111.544,1544217,,,10.1604,hfq
2014-12-09,116.977,122.873,110.157,112.238,2295039,,,0.6222,hfq
2014-12-10,112.931,123.682,112.931,123.682,1353750,,,10.1962,hfq
2014-12-12,135.704,135.704,122.988,126.109,1522184,,,1.9623,hfq
2014-12-15,133.161,133.161,122.063,122.873,1472063,,,-2.5660,hfq
2014-12-16,121.601,124.607,115.706,122.295,1241905,,,-0.4704,hfq
2014-12-17,120.792,129.115,119.751,124.375,1065475,,,1.7008,hfq
2014-12-18,123.913,129.462,121.601,125.300,844309,,,0.7437,hfq
2014-12-19,125.069,127.265,119.289,123.566,755307,,,-1.3839,hfq
2014-12-22,122.757,122.757,111.313,113.972,969969,,,-7.7643,hfq
2014-12-23,113.278,116.977,111.775,112.238,493431,,,-1.5214,hfq
2014-12-24,112.584,116.977,109.116,114.665,760571,,,2.1624,hfq
2014-12-25,114.781,116.515,112.931,116.284,487348,,,1.4119,hfq
2014-12-26,116.399,119.405,114.896,118.364,699681,,,1.7887,hfq
2014-12-29,120.792,122.873,117.555,119.058,834881,,,0.5863,hfq
2014-12-30,119.174,119.289,113.625,113.972,554710,,,-4.2719,hfq
2014-12-31,114.318,118.480,113.278,117.902,476251,,,3.4482,hfq
2015-01-05,119.289,124.838,119.058,121.485,889408,,,3.0390,hfq
2015-01-06,119.289,119.405,115.821,118.133,654063,,,-2.7592,hfq
2015-01-07,116.977,118.942,116.515,117.440,410223,,,-0.5866,hfq
2015-01-08,117.555,118.480,113.047,114.434,567225,,,-2.5596,hfq
2015-01-09,113.625,115.590,112.353,112.584,476682,,,-1.6167,hfq
2015-01-12,111.197,113.625,109.810,110.388,411073,,,-1.9505,hfq
2015-01-13,109.694,111.428,108.423,108.770,305560,,,-1.4657,hfq
2015-01-14,109.232,110.619,108.539,110.504,282955,,,1.5942,hfq
2015-01-15,110.157,114.318,110.041,113.509,417860,,,2.7194,hfq
2015-01-16,113.509,115.012,111.428,114.087,421764,,,0.5092,hfq
2015-01-19,110.272,112.469,102.759,105.071,744086,,,-7.9027,hfq
2015-01-20,105.880,109.348,105.071,109.116,441184,,,3.8498,hfq
2015-01-21,109.116,112.006,107.729,111.544,619967,,,2.2252,hfq
2015-01-22,111.313,113.625,110.735,113.047,383366,,,1.3475,hfq
2015-01-23,113.856,114.434,110.157,110.966,451159,,,-1.8408,hfq
2015-01-26,110.504,116.515,110.388,115.937,560036,,,4.4798,hfq
2015-01-27,115.937,118.711,113.740,116.168,546458,,,0.1992,hfq
2015-01-28,116.168,118.018,114.665,116.746,427821,,,0.4976,hfq
2015-01-29,114.781,117.208,112.584,113.856,309983,,,-2.4755,hfq
2015-01-30,114.087,115.359,111.313,112.122,320341,,,-1.5230,hfq
2015-02-02,109.810,110.272,107.267,107.961,313870,,,-3.7111,hfq
2015-02-03,108.885,110.272,107.729,109.579,214242,,,1.4987,hfq
2015-02-04,109.926,110.272,107.267,107.729,260111,,,-1.6883,hfq
2015-02-05,111.775,111.775,105.417,105.880,327398,,,-1.7163,hfq
2015-02-06,106.111,106.920,103.105,105.186,283556,,,-0.6555,hfq
2015-02-09,104.955,106.689,104.955,105.649,151773,,,0.4402,hfq
2015-02-10,105.649,108.076,105.186,107.614,220439,,,1.8599,hfq
2015-02-11,108.192,111.313,107.036,111.197,295760,,,3.3295,hfq
2015-02-12,111.197,111.660,108.885,110.272,210129,,,-0.8319,hfq
2015-02-13,110.735,111.660,109.810,110.388,280257,,,0.1052,hfq
2015-02-16,110.388,110.850,109.232,110.504,281228,,,0.1051,hfq
2015-02-17,111.197,118.018,111.197,116.630,625026,,,5.5437,hfq
2015-02-25,117.440,119.867,114.896,116.168,435300,,,-0.3961,hfq
2015-02-26,116.052,120.098,116.052,118.133,606221,,,1.6915,hfq
2015-02-27,116.977,118.596,116.284,117.902,367365,,,-0.1955,hfq
2015-03-02,119.174,119.520,117.093,118.133,388067,,,0.1959,hfq
2015-03-03,117.671,117.671,113.856,114.434,558237,,,-3.1312,hfq
2015-03-04,114.087,115.590,113.625,114.665,282732,,,0.2019,hfq
2015-03-05,114.318,115.243,113.625,114.550,320465,,,-0.1003,hfq
2015-03-06,114.434,116.515,114.434,114.781,268126,,,0.2017,hfq
2015-03-09,114.665,119.289,113.856,119.174,701724,,,3.8273,hfq
2015-03-10,119.520,127.265,119.520,123.335,977736,,,3.4915,hfq
2015-03-11,122.757,124.838,120.445,121.254,513579,,,-1.6873,hfq
2015-03-12,123.219,124.953,119.520,124.375,579847,,,2.5739,hfq
2015-03-13,124.375,125.878,122.063,124.607,529826,,,0.1865,hfq
2015-03-16,126.225,130.849,126.225,129.577,1044046,,,3.9885,hfq
2015-03-17,129.577,142.409,129.115,139.981,1320857,,,8.0292,hfq
2015-03-18,140.212,144.143,137.785,140.675,875471,,,0.4958,hfq
2015-03-19,140.790,143.333,136.744,142.062,811675,,,0.9860,hfq
2015-03-20,143.102,149.113,140.675,143.680,854125,,,1.1389,hfq
2015-03-23,147.033,155.009,145.761,146.801,954262,,,2.1722,hfq
2015-03-24,146.917,147.264,137.900,142.409,977069,,,-2.9918,hfq
2015-03-25,145.299,150.501,142.755,145.183,1289944,,,1.9479,hfq
2015-03-26,144.721,159.633,140.212,156.974,2068030,,,8.1215,hfq
2015-03-27,156.974,164.719,154.315,163.447,1207037,,,4.1236,hfq
2015-03-30,170.846,177.319,166.569,168.303,1219050,,,2.9710,hfq
2015-03-31,172.580,174.545,162.060,163.101,988399,,,-3.0909,hfq
2015-04-01,163.101,167.609,160.211,165.066,715788,,,1.2048,hfq
2015-04-02,165.528,167.031,160.442,162.869,759709,,,-1.3310,hfq
2015-04-03,160.904,164.257,158.824,162.638,556952,,,-0.1418,hfq
2015-04-07,162.754,175.585,162.754,172.349,1098668,,,5.9709,hfq
2015-04-08,172.464,174.545,165.528,170.846,740407,,,-0.8721,hfq
2015-04-09,171.539,184.949,170.961,183.330,1371541,,,7.3072,hfq
2015-04-10,180.672,201.595,179.631,195.930,1223547,,,6.8729,hfq
2015-04-13,197.896,212.345,192.116,206.797,1079135,,,5.5464,hfq
2015-04-14,208.299,213.733,202.520,203.676,787761,,,-1.5092,hfq
2015-04-15,197.896,198.474,184.486,187.839,1001844,,,-7.7756,hfq
2015-04-16,188.070,194.312,186.105,190.266,736409,,,1.2921,hfq
2015-04-17,192.000,193.619,188.301,191.191,770165,,,0.4862,hfq
2015-04-20,192.231,202.404,190.844,194.428,1125244,,,1.6931,hfq
2015-04-21,197.780,199.052,183.908,191.538,920436,,,-1.4864,hfq
2015-04-22,192.694,200.092,188.070,195.699,1189022,,,2.1724,hfq
2015-04-23,195.699,197.664,189.226,191.191,912877,,,-2.3035,hfq
2015-04-24,185.527,190.382,183.908,185.989,824598,,,-2.7208,hfq
2015-04-27,186.914,188.070,185.180,186.336,748767,,,0.1866,hfq
2015-04-28,186.336,186.336,173.158,175.585,994315,,,-5.7697,hfq
2015-04-29,175.585,181.481,171.424,180.672,594994,,,2.8972,hfq
2015-04-30,180.672,183.215,176.163,181.250,672757,,,0.3199,hfq
2015-05-04,181.018,182.868,177.088,177.550,585179,,,-2.0414,hfq
2015-05-05,177.666,178.244,166.222,167.609,708059,,,-5.5990,hfq
2015-05-06,167.725,170.383,159.864,161.136,596901,,,-3.8620,hfq
2015-05-07,160.904,162.985,153.275,154.315,573440,,,-4.2331,hfq
2015-05-08,157.205,163.216,155.124,162.523,728999,,,5.3190,hfq
2015-05-11,165.297,171.886,165.297,169.574,627252,,,4.3385,hfq
2015-05-12,170.961,177.319,167.840,175.470,822292,,,3.4769,hfq
2015-05-13,174.776,182.290,174.776,178.591,1030528,,,1.7787,hfq
2015-05-14,177.088,178.128,174.776,176.741,619495,,,-1.0359,hfq
2015-05-15,176.394,181.828,172.117,178.244,853870,,,0.8504,hfq
2015-05-18,177.666,190.151,177.666,187.261,1112912,,,5.0588,hfq
2015-05-19,187.839,194.428,187.607,192.578,1109031,,,2.8394,hfq
2015-05-20,193.156,197.549,188.648,189.573,954294,,,-1.5604,hfq
2015-05-21,189.573,197.896,189.573,197.433,994262,,,4.1462,hfq
2015-05-22,198.820,199.976,192.231,196.162,794310,,,-0.6438,hfq
2015-05-25,195.584,207.837,193.850,204.947,951058,,,4.4784,hfq
2015-05-26,205.987,209.224,201.942,207.028,931268,,,1.0154,hfq
2015-05-27,207.721,209.455,201.710,208.184,996264,,,0.5584,hfq
2015-05-28,207.375,227.951,201.364,202.173,1306338,,,-2.8873,hfq
2015-05-29,203.676,212.692,186.336,207.837,1036699,,,2.8016,hfq
2015-06-01,210.843,218.472,210.149,217.200,874298,,,4.5050,hfq
2015-06-02,217.663,230.263,217.663,229.685,1006496,,,5.7482,hfq
2015-06-03,230.263,231.650,220.090,224.599,863827,,,-2.2143,hfq
2015-06-04,224.136,224.599,202.173,211.189,1527587,,,-5.9706,hfq
2015-06-05,212.345,217.432,202.520,212.808,1298251,,,0.7666,hfq
2015-06-08,213.964,234.078,207.143,234.078,1641294,,,9.9949,hfq
2015-06-09,237.199,257.429,234.887,257.429,2386472,,,9.9757,hfq
2015-06-10,253.036,272.341,239.511,255.348,2095141,,,-0.8084,hfq
2015-06-11,256.966,273.959,250.030,268.410,1663506,,,5.1154,hfq
2015-06-12,270.260,295.229,261.590,295.229,1364984,,,9.9918,hfq
2015-06-15,303.090,312.337,279.970,280.895,1736828,,,-4.8552,hfq
2015-06-16,272.109,273.034,252.805,254.192,1409346,,,-9.5064,hfq
2015-06-17,253.383,272.341,249.105,269.451,1099541,,,6.0029,hfq
2015-06-18,269.451,269.566,250.493,254.192,820859,,,-5.6630,hfq
2015-06-19,245.175,251.071,228.760,228.760,961612,,,-10.0050,hfq
2015-06-23,228.760,242.516,205.872,241.129,958201,,,5.4070,hfq
2015-06-24,241.707,248.643,234.887,243.441,948339,,,0.9588,hfq
2015-06-25,241.360,242.979,219.397,225.061,810072,,,-7.5501,hfq
2015-06-26,215.813,219.859,202.635,202.635,801490,,,-9.9644,hfq
2016-06-14,182.637,182.637,182.637,182.637,8778,,,-9.8690,hfq
2016-06-15,164.603,164.603,164.603,164.603,90776,,,-9.8742,hfq
2016-06-16,148.420,148.420,148.420,148.420,161052,,,-9.8315,hfq
2016-06-17,135.704,141.484,134.895,137.091,3379275,,,-7.6331,hfq
2016-06-20,133.045,135.588,132.120,132.814,1532560,,,-3.1198,hfq
2016-06-21,133.854,135.935,132.583,134.779,1287692,,,1.4795,hfq
2016-06-22,134.548,135.820,133.276,134.664,828324,,,-0.0853,hfq
2016-06-23,134.664,135.242,132.236,132.698,731232,,,-1.4599,hfq
2016-06-24,132.930,133.854,125.763,130.155,979078,,,-1.9164,hfq
2016-06-27,129.115,133.161,129.115,132.814,706514,,,2.0429,hfq
2016-06-28,132.005,133.276,131.196,133.161,704648,,,0.2613,hfq
2016-06-29,134.664,146.108,133.276,143.565,2118433,,,7.8131,hfq
2016-06-30,141.368,146.223,140.097,142.409,1380706,,,-0.8052,hfq
2016-07-01,142.409,144.605,140.212,140.790,791360,,,-1.1369,hfq
2016-07-04,138.710,141.831,137.900,141.253,871559,,,0.3289,hfq
2016-07-05,141.368,141.831,139.288,140.097,816888,,,-0.8184,hfq
2016-07-06,140.097,140.444,138.247,138.825,564856,,,-0.9079,hfq
2016-07-07,139.866,141.599,138.132,139.056,729100,,,0.1664,hfq
2016-07-08,139.056,139.056,136.629,136.860,587385,,,-1.5792,hfq
2016-07-11,136.744,137.438,133.970,134.086,722847,,,-2.0269,hfq
2016-07-12,133.970,135.242,131.311,135.010,689185,,,0.6891,hfq
2016-07-13,135.010,143.333,134.317,140.790,1367603,,,4.2812,hfq
2016-07-14,139.981,142.409,137.322,138.247,751422,,,-1.8062,hfq
2016-07-15,137.785,138.594,136.398,136.860,454093,,,-1.0033,hfq
2016-07-18,136.051,136.629,133.970,134.548,478308,,,-1.6893,hfq
2016-07-19,134.664,138.132,134.432,137.554,527058,,,2.2341,hfq
2016-07-20,137.785,138.132,135.704,136.051,380588,,,-1.0927,hfq
2016-07-21,136.513,138.941,135.588,136.398,544761,,,0.2551,hfq
2016-07-22,136.166,137.438,134.895,135.242,353015,,,-0.8475,hfq
2016-07-25,134.895,135.820,134.317,135.242,333476,,,0.0000,hfq
2016-07-26,135.357,139.288,135.010,138.478,781339,,,2.3927,hfq
2016-07-27,138.941,139.634,130.502,135.242,869026,,,-2.3368,hfq
2016-07-28,134.086,135.473,131.658,133.508,450395,,,-1.2821,hfq
2016-07-29,133.508,134.895,132.236,133.739,333603,,,0.1730,hfq
2016-08-01,132.930,133.508,131.311,132.467,289957,,,-0.9511,hfq
2016-08-02,132.583,132.930,131.774,132.583,248001,,,0.0876,hfq
2016-08-03,132.583,133.392,132.120,132.583,308153,,,0.0000,hfq
2016-08-04,132.814,134.086,131.542,133.854,445870,,,0.9586,hfq
2016-08-05,134.086,134.086,132.352,132.467,297643,,,-1.0362,hfq
2016-08-08,132.583,135.242,131.542,133.739,412247,,,0.9602,hfq
2016-08-09,133.854,134.432,133.161,134.317,346336,,,0.4322,hfq
2016-08-10,134.779,134.779,133.161,133.276,294877,,,-0.7750,hfq
2016-08-11,132.930,133.276,131.658,131.658,344267,,,-1.2140,hfq
2016-08-12,132.120,134.432,131.658,134.317,484770,,,2.0196,hfq
2016-08-15,134.895,147.033,134.086,142.987,1992989,,,6.4549,hfq
2016-08-16,143.796,149.229,143.796,144.952,1786720,,,1.3743,hfq
2016-08-17,144.489,144.489,141.021,144.374,953096,,,-0.3988,hfq
2016-08-18,143.911,152.350,143.565,148.073,1583991,,,2.5621,hfq
2016-08-19,148.535,149.923,145.299,146.917,760061,,,-0.7807,hfq
2016-08-22,145.992,147.033,142.987,143.102,588267,,,-2.5967,hfq
2016-08-23,142.524,144.836,141.484,143.333,453053,,,0.1614,hfq
2016-08-24,143.333,144.027,140.675,141.137,470941,,,-1.5321,hfq
2016-08-25,139.981,139.981,137.785,138.710,472719,,,-1.7196,hfq
2016-08-26,139.056,140.559,138.941,139.403,326480,,,0.4996,hfq
2016-08-29,139.172,142.062,138.594,141.021,322566,,,1.1607,hfq
2016-08-30,141.021,142.062,139.056,141.946,286150,,,0.6559,hfq
2016-08-31,141.021,143.449,140.328,141.599,408438,,,-0.2445,hfq
2016-09-01,141.368,142.755,138.941,139.172,346132,,,-1.7140,hfq
2016-09-02,138.363,139.750,138.363,139.519,263754,,,0.2493,hfq
2016-09-05,139.634,140.212,138.132,138.594,252204,,,-0.6630,hfq
2016-09-06,138.594,139.519,135.473,139.403,353176,,,0.5837,hfq
2016-09-07,138.941,139.866,137.785,138.247,334220,,,-0.8293,hfq
2016-09-08,138.247,138.941,137.322,137.900,215877,,,-0.2510,hfq
2016-09-09,138.016,138.247,136.166,136.282,258614,,,-1.1733,hfq
2016-09-12,133.161,133.739,131.542,133.508,493189,,,-2.0355,hfq
2016-09-13,133.392,133.970,132.236,133.045,245365,,,-0.3468,hfq
2016-09-14,132.583,132.698,131.658,132.120,191302,,,-0.6953,hfq
2016-09-19,132.005,133.276,131.774,132.698,145647,,,0.4375,hfq
2016-09-20,132.698,133.276,132.120,132.352,143531,,,-0.2607,hfq
2016-09-21,132.352,133.045,132.236,132.930,136088,,,0.4367,hfq
2016-09-22,133.392,136.282,133.161,135.820,459350,,,2.1741,hfq
2016-09-23,135.588,136.051,133.392,133.392,226555,,,-1.7877,hfq
2016-09-26,133.623,133.623,131.080,131.311,259226,,,-1.5601,hfq
2016-09-27,131.311,132.467,130.964,132.467,155283,,,0.8804,hfq
2016-09-28,132.930,132.930,131.427,131.658,139259,,,-0.6107,hfq
2016-09-29,131.427,132.236,131.311,131.658,157714,,,0.0000,hfq
2016-09-30,131.542,132.467,131.542,131.889,125616,,,0.1755,hfq
2016-10-10,132.236,132.814,131.080,132.698,289983,,,0.6134,hfq
2016-10-11,132.698,133.508,131.889,133.508,272490,,,0.6104,hfq
2016-10-12,133.045,134.779,132.698,133.623,248616,,,0.0861,hfq
2016-10-13,133.392,133.854,132.698,133.392,189428,,,-0.1729,hfq
2016-10-14,133.392,133.392,131.774,132.352,202349,,,-0.7797,hfq
2016-10-17,132.467,134.201,132.352,132.698,264751,,,0.2614,hfq
2016-10-18,132.583,134.201,132.236,133.854,325100,,,0.8712,hfq
2016-10-19,133.739,134.201,132.930,133.045,223199,,,-0.6044,hfq
2016-10-20,133.161,133.739,132.814,133.392,178014,,,0.2608,hfq
2016-10-21,133.276,133.854,132.120,132.698,247380,,,-0.5203,hfq
2016-10-24,133.161,135.820,132.467,134.201,449993,,,1.1326,hfq
2016-10-25,134.548,134.779,133.392,133.739,290477,,,-0.3443,hfq
2016-10-26,133.623,134.201,132.930,133.161,233401,,,-0.4322,hfq
2016-10-27,133.045,133.276,132.352,132.814,205447,,,-0.2606,hfq
2016-10-28,132.814,133.276,132.120,132.236,188039,,,-0.4352,hfq
2016-10-31,131.427,132.120,131.080,131.889,188478,,,-0.2624,hfq
2016-11-01,131.889,132.352,131.427,132.236,203895,,,0.2631,hfq
2016-11-02,131.889,132.005,130.849,131.080,295235,,,-0.8742,hfq
2016-11-03,130.849,131.658,130.386,131.196,249535,,,0.0885,hfq
2016-11-04,130.964,133.739,130.849,132.120,384242,,,0.7043,hfq
2016-11-07,132.120,132.583,131.311,131.658,212696,,,-0.3497,hfq
2016-11-08,132.005,132.236,131.427,131.774,197269,,,0.0881,hfq
2016-11-09,132.005,132.120,128.537,129.924,337286,,,-1.4039,hfq
2016-11-10,130.849,131.542,130.733,131.311,225704,,,1.0675,hfq
2016-11-11,131.080,131.542,130.733,131.427,292472,,,0.0883,hfq
2016-11-14,131.311,132.467,130.849,132.005,307385,,,0.4398,hfq
2016-11-15,132.120,132.236,131.427,131.889,295743,,,-0.0879,hfq
2016-11-16,132.005,133.739,131.774,133.276,412336,,,1.0516,hfq
2016-11-17,133.045,133.161,131.774,132.236,339686,,,-0.7803,hfq
2016-11-18,132.352,133.392,132.005,132.236,244845,,,0.0000,hfq
2016-11-21,132.120,133.392,131.889,132.583,214415,,,0.2624,hfq
2016-11-22,132.814,132.930,132.236,132.814,279394,,,0.1742,hfq
2016-11-23,132.930,136.166,132.698,134.201,784684,,,1.0443,hfq
2016-11-24,134.086,134.432,132.930,133.508,435124,,,-0.5164,hfq
2016-11-25,133.508,140.675,133.392,138.941,1174691,,,4.0694,hfq
2016-11-28,139.172,141.599,137.322,138.016,898232,,,-0.6658,hfq
2016-11-29,138.363,140.790,137.322,138.132,675281,,,0.0840,hfq
2016-11-30,138.363,141.021,138.247,140.212,723402,,,1.5058,hfq
2016-12-01,140.097,144.721,138.825,141.021,1024230,,,0.5770,hfq
2016-12-02,141.599,144.489,140.097,143.680,1236581,,,1.8855,hfq
2016-12-05,141.253,142.987,138.247,139.403,762719,,,-2.9768,hfq
2016-12-06,139.519,140.097,135.820,136.860,526005,,,-1.8242,hfq
2016-12-07,136.860,138.478,136.051,137.900,328329,,,0.7599,hfq
2016-12-08,137.669,138.247,135.820,135.935,340002,,,-1.4249,hfq
2016-12-09,135.473,136.398,133.970,134.317,394037,,,-1.1903,hfq
2016-12-12,134.548,134.779,129.693,130.618,660324,,,-2.7539,hfq
2016-12-13,130.155,134.432,129.462,132.352,358510,,,1.3275,hfq
2016-12-14,132.120,132.930,130.849,131.542,244754,,,-0.6120,hfq
2016-12-15,131.542,133.508,131.311,132.236,243940,,,0.5276,hfq
2016-12-16,132.236,133.276,131.774,132.352,182277,,,0.0877,hfq
2016-12-19,132.352,132.583,131.774,132.005,152819,,,-0.2622,hfq
2016-12-20,131.889,132.005,130.849,131.080,225754,,,-0.7007,hfq
2016-12-21,131.311,132.236,131.311,131.889,150212,,,0.6172,hfq
2016-12-22,131.774,131.889,130.733,131.080,181818,,,-0.6134,hfq
2016-12-23,131.080,131.080,128.537,128.999,340854,,,-1.5876,hfq
2016-12-26,128.190,128.768,126.225,128.075,221200,,,-0.7163,hfq
2016-12-27,128.190,128.884,127.728,128.075,126454,,,0.0000,hfq
2016-12-28,128.075,128.190,126.572,126.803,140018,,,-0.9932,hfq
2016-12-29,126.803,127.265,125.878,126.456,151334,,,-0.2737,hfq
2016-12-30,126.225,127.497,126.225,127.381,125754,,,0.7315,hfq
2017-01-03,127.497,128.537,127.150,128.306,175760,,,0.7262,hfq
2017-01-04,127.959,128.768,127.612,128.537,145569,,,0.1800,hfq
2017-01-05,128.884,129.577,128.537,128.653,148591,,,0.0902,hfq
2017-01-06,128.653,128.768,127.265,127.381,163128,,,-0.9887,hfq
2017-01-09,127.381,128.306,126.919,127.843,134444,,,0.3627,hfq
2017-01-10,127.612,128.190,127.381,127.728,142543,,,-0.0900,hfq
2017-01-11,127.612,127.843,126.109,126.109,168692,,,-1.2675,hfq
2017-01-12,126.341,127.034,124.838,125.185,172883,,,-0.7327,hfq
2017-01-13,125.300,125.878,123.104,124.953,231913,,,-0.1853,hfq
2017-01-16,124.491,127.150,121.832,126.687,369977,,,1.3877,hfq
2017-01-17,125.878,126.109,123.682,125.647,120724,,,-0.8209,hfq
2017-01-18,124.953,125.647,124.607,124.953,81969,,,-0.5523,hfq
2017-01-19,124.722,124.838,123.566,123.797,109295,,,-0.9251,hfq
2017-01-20,123.797,125.069,123.682,124.607,103634,,,0.6543,hfq
2017-01-23,124.722,125.994,124.607,125.185,127732,,,0.4639,hfq
2017-01-24,125.300,125.531,124.607,124.838,102678,,,-0.2772,hfq
2017-01-25,124.838,125.531,124.260,125.300,107411,,,0.3701,hfq
2017-01-26,125.300,126.687,125.300,126.341,130166,,,0.8308,hfq
2017-02-03,126.687,126.687,124.838,125.416,106189,,,-0.7321,hfq
2017-02-06,125.647,125.994,125.069,125.763,89461,,,0.2767,hfq
2017-02-07,125.531,126.225,125.416,125.994,87192,,,0.1837,hfq
2017-02-08,125.763,126.225,124.838,125.994,109328,,,0.0000,hfq
2017-02-09,126.225,129.231,125.878,128.653,334566,,,2.1104,hfq
2017-02-10,128.421,130.271,128.075,128.884,246935,,,0.1796,hfq
2017-02-13,129.231,131.889,128.884,130.155,279969,,,0.9862,hfq
2017-02-14,129.693,130.502,128.884,129.577,176333,,,-0.4441,hfq
2017-02-15,129.462,130.733,128.075,128.537,172550,,,-0.8026,hfq
2017-02-16,128.306,130.271,128.190,129.693,163758,,,0.8994,hfq
2017-02-17,129.577,130.502,128.653,128.884,152213,,,-0.6238,hfq
2017-02-20,128.884,133.970,128.884,133.392,461343,,,3.4977,hfq
2017-02-21,133.623,134.895,132.814,133.161,393520,,,-0.1732,hfq
2017-02-22,133.508,136.282,132.698,135.126,385488,,,1.4757,hfq
2017-02-23,134.664,134.664,132.583,133.045,255202,,,-1.5400,hfq
2017-02-24,133.276,133.276,131.889,132.814,167869,,,-0.1736,hfq
2017-02-27,132.236,133.392,131.080,131.542,181401,,,-0.9577,hfq
2017-02-28,131.427,132.698,131.311,132.467,148766,,,0.7032,hfq
2017-03-01,132.352,132.814,131.658,131.774,158226,,,-0.5231,hfq
2017-03-02,132.236,132.236,129.462,129.577,252089,,,-1.6672,hfq
2017-03-03,129.231,130.964,128.768,129.809,219044,,,0.1790,hfq
2017-03-06,129.346,131.427,129.115,130.502,131885,,,0.5339,hfq
2017-03-07,130.502,130.618,129.693,130.040,97740,,,-0.3540,hfq
2017-03-08,129.809,130.040,129.115,129.231,111813,,,-0.6221,hfq
2017-03-09,129.115,129.346,127.612,128.421,148193,,,-0.6268,hfq
2017-03-10,128.190,128.768,127.612,127.728,91361,,,-0.5396,hfq
2017-03-13,127.843,129.693,126.803,129.577,185327,,,1.4476,hfq
2017-03-14,129.462,130.849,129.115,129.924,215908,,,0.2678,hfq
2017-03-15,129.693,129.809,128.653,129.693,102453,,,-0.1778,hfq
2017-03-16,129.346,131.889,129.115,130.733,175592,,,0.8019,hfq
2017-03-17,130.733,131.080,128.768,129.346,152738,,,-1.0609,hfq
2017-03-20,129.346,129.924,128.306,128.768,109202,,,-0.4469,hfq
2017-03-21,128.537,130.733,128.421,129.693,162288,,,0.7183,hfq
2017-03-22,129.231,132.583,128.768,132.236,395826,,,1.9608,hfq
2017-03-23,132.583,132.698,130.040,131.311,190605,,,-0.6995,hfq
2017-03-24,131.080,134.664,130.618,134.086,403895,,,2.1133,hfq
2017-03-27,134.317,136.282,133.045,133.392,396031,,,-0.5176,hfq
2017-03-28,133.508,133.739,131.542,131.774,197493,,,-1.2130,hfq
2017-03-29,132.005,133.854,131.196,132.236,229948,,,0.3506,hfq
2017-03-30,131.542,136.051,131.542,132.583,499826,,,0.2624,hfq
2017-03-31,132.583,133.045,129.231,130.502,318585,,,-1.5696,hfq
2017-04-05,130.849,132.814,130.386,132.352,195200,,,1.4176,hfq
2017-04-06,132.352,133.739,132.236,133.161,246277,,,0.6112,hfq
2017-04-07,133.970,135.126,133.508,134.317,341440,,,0.8681,hfq
2017-04-10,134.317,136.051,133.045,135.126,345769,,,0.6023,hfq
2017-04-11,136.629,139.981,134.432,138.594,601877,,,2.5665,hfq
2017-04-12,138.132,142.177,136.976,140.097,684922,,,1.0845,hfq
2017-04-13,138.710,141.368,138.247,138.825,368384,,,-0.9079,hfq
2017-04-14,138.478,139.403,135.820,136.744,342266,,,-1.4990,hfq
2017-04-17,136.744,138.247,135.357,136.976,272418,,,0.1697,hfq
2017-04-18,137.207,144.143,137.091,141.831,838052,,,3.5444,hfq
2017-04-19,141.484,144.258,139.866,142.062,735444,,,0.1629,hfq
2017-04-20,141.368,143.449,140.790,142.987,432260,,,0.6511,hfq
2017-04-21,143.449,147.726,142.409,145.299,674236,,,1.6169,hfq
2017-04-24,144.721,144.836,139.750,143.680,527891,,,-1.1143,hfq
2017-04-25,143.449,143.449,138.132,139.056,405761,,,-3.2183,hfq
2017-04-26,138.478,145.761,137.554,145.414,588582,,,4.5723,hfq
2017-04-27,144.258,145.530,141.599,144.374,475314,,,-0.7152,hfq
2017-04-28,143.565,147.611,142.755,144.027,444581,,,-0.2403,hfq
2017-05-02,142.524,142.640,139.519,140.328,451900,,,-2.5683,hfq
2017-05-03,140.097,141.946,139.172,141.253,294480,,,0.6592,hfq
2017-05-04,140.906,141.599,138.132,138.478,322375,,,-1.9646,hfq
2017-05-05,137.554,139.172,135.820,138.941,343152,,,0.3343,hfq
2017-05-08,138.363,139.981,134.664,139.750,457453,,,0.5823,hfq
2017-05-09,138.016,139.172,136.976,137.554,211237,,,-1.5714,hfq
2017-05-10,137.785,138.132,134.317,134.664,290545,,,-2.1010,hfq
2017-05-11,134.664,136.398,132.120,135.935,315232,,,0.9438,hfq
2017-05-12,134.895,137.438,134.895,135.704,188988,,,-0.1699,hfq
2017-05-15,136.282,136.860,135.126,136.513,173137,,,0.5962,hfq
2017-05-16,135.704,138.247,134.548,138.132,253656,,,1.1860,hfq
2017-05-17,137.785,139.056,136.976,137.785,228618,,,-0.2512,hfq
2017-05-18,136.744,138.016,136.051,137.785,156903,,,0.0000,hfq
2017-05-19,137.322,138.478,136.166,137.091,149351,,,-0.5037,hfq
2017-05-22,137.438,137.438,133.045,135.704,308985,,,-1.0117,hfq
2017-05-23,134.664,137.091,132.930,136.398,336950,,,0.5114,hfq
2017-05-24,135.357,136.629,133.854,136.513,155835,,,0.0843,hfq
2017-05-25,135.935,139.519,135.242,138.825,291113,,,1.6936,hfq
2017-05-26,138.825,140.675,138.478,138.710,191233,,,-0.0828,hfq
2017-05-31,140.328,140.906,137.438,137.554,188265,,,-0.8334,hfq
2017-06-01,136.860,137.438,134.548,134.895,201498,,,-1.9331,hfq
2017-06-02,133.970,136.513,133.739,135.242,150130,,,0.2572,hfq
2017-06-05,135.357,136.282,134.201,135.126,126774,,,-0.0858,hfq
2017-06-06,134.548,135.242,134.201,134.779,122721,,,-0.2568,hfq
2017-06-07,134.895,136.860,134.664,136.398,303373,,,1.2012,hfq
2017-06-08,136.398,139.288,136.398,138.478,370506,,,1.5249,hfq
2017-06-09,138.247,139.403,137.322,138.941,278553,,,0.3343,hfq
2017-06-12,138.941,141.599,138.363,138.941,271449,,,0.0000,hfq
2017-06-13,139.519,140.559,138.363,140.328,221859,,,0.9983,hfq
2017-06-14,140.212,140.675,138.594,139.403,191839,,,-0.6592,hfq
2017-06-15,138.478,140.097,138.016,138.941,148933,,,-0.3314,hfq
2017-06-16,138.941,142.177,138.478,141.368,341821,,,1.7468,hfq
2017-06-19,141.021,142.177,140.559,141.368,222303,,,0.0000,hfq
2017-06-20,141.253,144.258,140.906,142.871,373229,,,1.0632,hfq
2017-06-21,142.409,144.374,142.293,143.911,271287,,,0.7279,hfq
2017-06-22,143.796,147.495,142.987,144.489,541601,,,0.4016,hfq
2017-06-23,143.796,145.299,142.524,145.299,262074,,,0.5606,hfq
2017-06-26,145.299,151.079,145.183,150.963,638736,,,3.8982,hfq
2017-06-27,150.732,154.893,149.691,150.154,593109,,,-0.5359,hfq
2017-06-28,151.079,154.546,149.691,151.425,422763,,,0.8465,hfq
2017-06-29,151.656,154.315,150.269,153.275,299538,,,1.2217,hfq
2017-06-30,152.812,155.009,150.154,153.159,343277,,,-0.0757,hfq
2017-07-03,152.119,153.622,151.310,152.119,313766,,,-0.6790,hfq
2017-07-04,151.310,152.119,147.033,147.842,425063,,,-2.8116,hfq
2017-07-05,148.073,150.732,147.611,150.269,260728,,,1.6416,hfq
2017-07-06,150.616,153.044,147.957,151.079,398644,,,0.5390,hfq
2017-07-07,150.963,152.466,149.691,151.772,262278,,,0.4587,hfq
2017-07-10,152.466,160.673,152.003,156.396,723559,,,3.0467,hfq
2017-07-11,155.587,157.668,155.009,155.702,285938,,,-0.4437,hfq
2017-07-12,154.893,156.627,154.431,156.396,284950,,,0.4457,hfq
2017-07-13,156.627,158.708,149.345,151.079,829861,,,-3.3997,hfq
2017-07-14,150.154,151.772,148.651,151.310,349782,,,0.1529,hfq
2017-07-17,150.616,151.541,141.599,145.992,428897,,,-3.5146,hfq
2017-07-18,145.877,148.998,145.414,147.842,178071,,,1.2672,hfq
2017-07-19,147.957,150.269,146.570,150.154,352509,,,1.5638,hfq
2017-07-20,151.079,153.506,150.616,152.581,299251,,,1.6163,hfq
2017-07-21,152.928,159.748,152.928,158.014,575862,,,3.5607,hfq
2017-07-24,159.748,165.066,156.396,156.743,934865,,,-0.8044,hfq
2017-07-25,157.436,157.436,153.622,156.165,397243,,,-0.3688,hfq
2017-07-26,156.512,162.523,155.356,160.095,631622,,,2.5166,hfq
2017-07-27,160.095,160.095,155.009,156.165,482399,,,-2.4548,hfq
2017-07-28,156.280,158.014,155.124,156.280,227242,,,0.0736,hfq
2017-07-31,157.321,161.829,154.893,160.673,527960,,,2.8110,hfq
2017-08-01,160.789,164.141,158.939,159.402,443366,,,-0.7910,hfq
2017-08-02,159.748,162.754,158.592,162.176,505108,,,1.7403,hfq
2017-08-03,162.523,167.031,161.251,166.222,761110,,,2.4948,hfq
2017-08-04,165.528,167.725,162.176,162.523,667931,,,-2.2253,hfq
2017-08-07,161.482,162.638,159.864,160.673,405208,,,-1.1383,hfq
2017-08-08,161.020,163.679,158.592,159.748,376743,,,-0.5757,hfq
2017-08-09,159.748,159.748,154.084,155.934,598766,,,-2.3875,hfq
2017-08-10,156.512,158.130,153.737,156.858,311794,,,0.5926,hfq
2017-08-11,155.124,156.165,152.234,153.853,349850,,,-1.9157,hfq
2017-08-14,153.044,155.818,153.044,155.356,231924,,,0.9769,hfq
2017-08-15,155.702,156.627,153.622,155.009,187635,,,-0.2234,hfq
2017-08-16,155.009,155.587,153.044,153.737,201242,,,-0.8206,hfq
2017-08-17,153.737,158.130,153.159,156.858,371701,,,2.0301,hfq
2017-08-18,155.702,157.783,154.662,156.743,269752,,,-0.0733,hfq
2017-08-21,156.858,158.130,154.200,156.280,281253,,,-0.2954,hfq
2017-08-22,156.280,158.014,154.662,157.321,325054,,,0.6661,hfq
2017-08-23,157.783,158.014,154.200,154.315,317077,,,-1.9107,hfq
2017-08-24,153.737,154.084,149.923,152.350,358758,,,-1.2734,hfq
2017-08-25,151.656,154.200,150.616,152.928,213836,,,0.3794,hfq
2017-08-28,153.506,155.356,152.466,154.546,329547,,,1.0580,hfq
2017-08-29,155.009,161.945,154.893,160.904,902902,,,4.1140,hfq
2017-08-30,161.020,161.020,156.512,157.205,699199,,,-2.2989,hfq
2017-08-31,157.205,157.899,155.356,156.743,315102,,,-0.2939,hfq
2017-09-01,157.668,157.899,153.622,154.084,505751,,,-1.6964,hfq
2017-09-04,154.431,155.009,150.038,150.501,633349,,,-2.3254,hfq
2017-09-05,150.616,151.656,150.038,150.501,254999,,,0.0000,hfq
2017-09-06,150.616,150.616,147.842,148.998,301294,,,-0.9987,hfq
2017-09-07,148.998,150.385,148.651,148.998,199516,,,0.0000,hfq
2017-09-08,148.882,149.807,148.189,148.420,158780,,,-0.3879,hfq
2017-09-11,148.304,149.807,148.189,148.651,220671,,,0.1556,hfq
2017-09-12,148.767,148.882,145.299,145.761,416751,,,-1.9442,hfq
2017-09-13,145.761,146.801,145.299,145.992,155820,,,0.1585,hfq
2017-09-14,146.455,148.535,146.108,147.726,259359,,,1.1877,hfq
2017-09-15,147.726,148.767,147.495,147.611,184918,,,-0.0778,hfq
2017-09-18,147.611,149.691,147.264,148.882,203676,,,0.8610,hfq
2017-09-19,149.229,149.576,148.189,149.113,209206,,,0.1552,hfq
2017-09-20,148.420,149.229,145.761,146.339,289345,,,-1.8603,hfq
2017-09-21,146.339,146.455,143.796,144.258,208631,,,-1.4220,hfq
2017-09-22,143.911,145.299,142.062,144.836,236710,,,0.4007,hfq
2017-09-25,144.258,144.605,140.906,144.143,272632,,,-0.4785,hfq
2017-09-26,142.987,144.489,142.755,143.565,96190,,,-0.4010,hfq
2017-09-27,143.565,144.374,142.062,142.524,142105,,,-0.7251,hfq
2017-09-28,142.524,142.871,141.599,142.177,128394,,,-0.2435,hfq
2017-09-29,142.177,143.796,142.177,142.987,137477,,,0.5697,hfq
2017-10-09,145.414,145.645,143.333,144.143,175562,,,0.8085,hfq
2017-10-10,145.299,147.842,144.721,147.611,310004,,,2.4059,hfq
2017-10-11,147.033,147.842,146.108,146.339,157553,,,-0.8617,hfq
2017-10-12,146.455,147.148,144.489,144.952,150026,,,-0.9478,hfq
2017-10-13,144.952,145.877,144.027,145.530,112430,,,0.3988,hfq
2017-10-16,145.761,146.223,142.409,143.102,192766,,,-1.6684,hfq
2017-10-17,143.218,144.952,142.987,143.680,94432,,,0.4039,hfq
2017-10-18,143.796,145.414,143.565,144.836,142880,,,0.8046,hfq
2017-10-19,144.721,146.108,143.911,145.761,170555,,,0.6387,hfq
2017-10-20,146.455,147.957,146.108,147.033,201325,,,0.8727,hfq
2017-10-23,147.495,148.073,145.761,147.033,140262,,,0.0000,hfq
2017-10-24,146.917,148.304,146.223,148.189,209570,,,0.7862,hfq
2017-10-25,147.726,148.882,147.379,148.304,189541,,,0.0776,hfq
2017-10-26,148.535,148.535,146.339,147.379,160751,,,-0.6237,hfq
2017-10-27,147.033,147.033,144.836,144.952,166903,,,-1.6468,hfq
2017-10-30,144.952,145.414,141.137,142.987,211908,,,-1.3556,hfq
2017-10-31,143.102,144.374,141.946,143.911,126014,,,0.6462,hfq
2017-11-01,143.911,146.223,143.333,145.645,139574,,,1.2049,hfq
2017-11-02,145.299,146.223,143.333,144.258,171001,,,-0.9523,hfq
2017-11-03,146.223,147.033,143.102,144.721,156296,,,0.3210,hfq
2017-11-06,144.143,144.489,141.484,142.755,173086,,,-1.3585,hfq
2017-11-07,143.218,146.108,142.409,145.530,208233,,,1.9439,hfq
2017-11-08,145.414,149.460,143.911,147.033,458915,,,1.0328,hfq
2017-11-09,146.108,146.917,144.605,145.067,248252,,,-1.3371,hfq
2017-11-10,144.374,144.605,143.102,143.449,174690,,,-1.1153,hfq
2017-11-13,143.218,143.911,142.409,142.755,179638,,,-0.4838,hfq
2017-11-14,142.293,143.333,141.253,142.524,168144,,,-0.1618,hfq
2017-11-15,142.524,142.524,137.900,139.172,256953,,,-2.3519,hfq
2017-11-16,138.594,139.634,137.785,138.132,138882,,,-0.7473,hfq
2017-11-17,137.785,142.293,136.282,141.715,331137,,,2.5939,hfq
2017-11-20,140.097,140.906,138.478,139.981,114889,,,-1.2236,hfq
2017-11-21,140.790,144.489,140.790,144.258,323559,,,3.0554,hfq
2017-11-22,144.489,145.530,143.333,144.489,154881,,,0.1601,hfq
2017-11-23,144.489,145.877,140.097,142.293,167906,,,-1.5198,hfq
2017-11-24,142.409,146.801,142.409,145.183,307193,,,2.0310,hfq
2017-11-27,145.183,147.148,144.489,145.183,259917,,,0.0000,hfq
2017-11-28,144.836,145.530,143.911,144.374,115735,,,-0.5572,hfq
2017-11-29,144.143,144.605,139.172,141.946,304572,,,-1.6817,hfq
2017-11-30,141.253,142.987,140.097,141.484,149195,,,-0.3255,hfq
2017-12-01,141.137,141.831,139.866,141.484,132969,,,0.0000,hfq
2017-12-04,141.021,141.137,137.900,138.825,205785,,,-1.8794,hfq
2017-12-05,138.941,140.444,136.860,137.438,140912,,,-0.9991,hfq
2017-12-06,137.207,137.785,134.779,136.860,156770,,,-0.4206,hfq
2017-12-07,136.051,136.860,135.242,135.473,83486,,,-1.0134,hfq
2017-12-08,136.051,136.282,135.242,135.820,80279,,,0.2561,hfq
2017-12-11,136.051,137.554,135.704,137.091,94009,,,0.9358,hfq
2017-12-12,136.860,136.860,133.508,133.739,182339,,,-2.4451,hfq
2017-12-13,133.392,134.432,132.930,133.970,87575,,,0.1727,hfq
2017-12-14,133.508,133.854,132.352,132.467,80066,,,-1.1219,hfq
2017-12-15,132.120,132.930,131.889,132.005,48764,,,-0.3488,hfq
2017-12-18,132.467,132.698,131.658,132.467,63823,,,0.3500,hfq
2017-12-19,132.467,133.739,131.542,133.392,81908,,,0.6983,hfq
2017-12-20,132.930,133.623,131.196,131.196,66618,,,-1.6463,hfq
2017-12-21,131.542,131.658,127.381,129.693,142289,,,-1.1456,hfq
2017-12-22,129.346,131.658,128.653,129.809,100240,,,0.0894,hfq
2017-12-25,130.155,134.317,129.924,132.236,177233,,,1.8697,hfq
2017-12-26,132.352,134.895,132.005,133.970,111173,,,1.3113,hfq
2017-12-27,133.854,134.779,133.045,133.392,89171,,,-0.4314,hfq
2017-12-28,133.508,135.126,133.276,133.854,89180,,,0.3463,hfq
2017-12-29,133.508,137.438,133.508,136.860,208199,,,2.2457,hfq
2018-01-02,136.860,140.790,136.398,140.675,238449,,,2.7875,hfq
2018-01-03,140.675,141.368,139.056,140.097,147260,,,-0.4109,hfq
2018-01-04,139.750,141.946,139.750,141.253,169938,,,0.8251,hfq
2018-01-05,141.253,145.761,140.675,142.755,308825,,,1.0633,hfq
2018-01-08,143.218,147.726,143.102,144.605,381204,,,1.2959,hfq
2018-01-09,143.796,145.992,143.680,144.027,154734,,,-0.3997,hfq
2018-01-10,145.299,145.414,141.484,142.293,149681,,,-1.2039,hfq
2018-01-11,143.218,144.952,141.715,144.605,160292,,,1.6248,hfq
2018-01-12,144.027,146.223,143.449,145.414,191568,,,0.5595,hfq
2018-01-15,145.414,145.414,141.599,141.831,185739,,,-2.4640,hfq
2018-01-16,140.790,146.686,140.559,145.761,249338,,,2.7709,hfq
2018-01-17,145.877,147.611,144.027,147.379,311006,,,1.1100,hfq
2018-01-18,147.379,149.229,146.108,146.686,250170,,,-0.4702,hfq
2018-01-19,146.801,149.345,146.801,147.379,318859,,,0.4724,hfq
2018-01-22,146.917,147.957,145.067,145.761,208375,,,-1.0978,hfq
2018-01-23,145.414,149.460,145.414,148.535,261382,,,1.9031,hfq
2018-01-24,148.189,151.888,147.611,150.963,327615,,,1.6346,hfq
2018-01-25,150.732,152.812,150.385,152.697,294141,,,1.1486,hfq
2018-01-26,152.466,155.702,151.079,155.124,337216,,,1.5894,hfq
2018-01-29,154.546,158.130,154.315,155.934,348317,,,0.5222,hfq
2018-01-30,155.934,158.592,152.581,154.431,382182,,,-0.9639,hfq
2018-01-31,152.812,155.356,151.656,154.431,235697,,,0.0000,hfq
2018-02-01,153.275,156.858,149.460,152.928,285963,,,-0.9733,hfq
2018-02-02,152.812,158.130,150.732,157.783,261990,,,3.1747,hfq
2018-02-05,156.743,164.719,156.280,164.372,588302,,,4.1760,hfq
2018-02-06,162.060,162.060,153.044,153.506,352553,,,-6.6106,hfq
2018-02-07,157.205,158.246,147.033,150.616,316166,,,-1.8827,hfq
2018-02-08,149.113,154.778,147.726,151.656,216800,,,0.6905,hfq
2018-02-09,147.264,149.229,139.172,147.148,314382,,,-2.9725,hfq
2018-02-12,145.877,148.073,144.605,147.726,155239,,,0.3928,hfq
2018-02-13,147.726,150.269,147.264,147.842,93786,,,0.0785,hfq
2018-02-14,147.957,151.079,146.801,150.847,101521,,,2.0326,hfq
2018-02-22,152.466,157.090,151.888,156.049,148698,,,3.4485,hfq
2018-02-23,156.165,157.436,154.084,155.587,93790,,,-0.2961,hfq
2018-02-26,156.049,157.321,153.275,157.090,212522,,,0.9660,hfq
2018-02-27,156.165,156.396,150.732,152.003,236803,,,-3.2383,hfq
2018-02-28,150.847,152.234,148.651,150.269,141533,,,-1.1408,hfq
2018-03-01,149.113,151.656,147.495,150.616,167335,,,0.2309,hfq
2018-03-02,149.229,150.154,147.611,148.189,92186,,,-1.6114,hfq
2018-03-05,147.379,149.576,147.033,147.842,78594,,,-0.2342,hfq
2018-03-06,149.113,151.194,147.611,150.616,147141,,,1.8763,hfq
2018-03-07,150.385,151.425,147.957,150.154,88811,,,-0.3067,hfq
2018-03-08,148.882,154.778,148.882,154.315,168674,,,2.7712,hfq
2018-03-09,154.431,156.627,153.968,155.471,177788,,,0.7491,hfq
2018-03-12,155.471,156.165,152.812,155.818,217000,,,0.2232,hfq
2018-03-13,155.009,155.818,153.390,153.968,101335,,,-1.1873,hfq
2018-03-14,153.390,153.968,150.038,150.269,98886,,,-2.4024,hfq
2018-03-15,150.269,153.390,149.345,153.275,92522,,,2.0004,hfq
2018-03-16,152.928,153.506,149.576,150.501,89721,,,-1.8098,hfq
2018-03-19,149.345,151.310,148.767,149.229,71189,,,-0.8452,hfq
2018-03-20,148.767,149.113,146.223,148.651,69642,,,-0.3873,hfq
2018-03-21,149.113,150.269,147.264,147.726,78639,,,-0.6223,hfq
2018-03-22,147.842,148.189,144.143,144.489,119418,,,-2.1912,hfq
2018-03-23,141.368,141.368,130.849,132.005,256540,,,-8.6401,hfq
2018-03-26,130.849,135.126,128.306,134.432,158980,,,1.8386,hfq
2018-03-27,136.282,138.016,134.317,135.473,142035,,,0.7744,hfq
2018-03-28,133.854,136.282,133.508,134.201,107148,,,-0.9389,hfq
2018-03-29,134.664,138.247,133.970,137.785,114421,,,2.6706,hfq
2018-03-30,138.132,138.594,137.091,137.669,57399,,,-0.0842,hfq
2018-04-02,137.438,139.634,136.513,136.513,107139,,,-0.8397,hfq
2018-04-03,134.548,136.166,134.432,135.704,86342,,,-0.5926,hfq
2018-04-04,135.473,137.669,135.473,135.935,92485,,,0.1702,hfq
2018-04-09,133.854,136.051,133.854,135.242,55521,,,-0.5098,hfq
2018-04-10,135.357,138.132,135.010,137.554,90138,,,1.7095,hfq
2018-04-11,138.016,140.790,137.900,140.097,110981,,,1.8487,hfq
2018-04-12,140.097,140.097,137.554,138.132,87375,,,-1.4026,hfq
2018-04-13,138.132,139.172,135.935,137.785,98294,,,-0.2512,hfq
2018-04-16,138.478,138.478,133.161,136.398,170625,,,-1.0066,hfq
2018-04-17,136.282,136.860,133.623,133.970,96555,,,-1.7801,hfq
2018-04-18,134.317,135.357,131.889,133.276,99979,,,-0.5180,hfq
2018-04-19,133.392,135.357,133.161,135.242,69855,,,1.4751,hfq
2018-04-20,134.664,134.895,131.427,132.352,91580,,,-2.1369,hfq
2018-04-23,131.658,134.317,131.542,132.120,57802,,,-0.1753,hfq
2018-04-24,132.814,136.860,132.814,135.473,137275,,,2.5378,hfq
2018-04-25,134.432,135.357,134.317,134.548,50990,,,-0.6828,hfq
2018-04-26,135.473,135.473,129.809,130.733,89970,,,-2.8354,hfq
2018-04-27,131.774,134.548,131.774,133.508,90413,,,2.1226,hfq
2018-05-02,133.623,135.820,133.623,133.970,84172,,,0.3460,hfq
2018-05-03,133.970,134.548,131.196,134.201,100638,,,0.1724,hfq
2018-05-04,133.508,135.588,133.508,135.126,92388,,,0.6893,hfq
2018-05-07,135.010,138.478,134.548,137.091,131702,,,1.4542,hfq
2018-05-08,137.554,138.247,136.744,137.322,93663,,,0.1685,hfq
2018-05-09,137.207,138.710,137.207,138.016,70308,,,0.5054,hfq
2018-05-10,137.900,138.825,136.976,138.132,85208,,,0.0840,hfq
2018-05-11,137.322,138.247,136.860,137.900,77913,,,-0.1680,hfq
2018-05-14,137.900,140.097,137.669,138.132,98864,,,0.1682,hfq
2018-05-15,137.785,139.288,137.207,138.710,81074,,,0.4184,hfq
2018-05-16,138.478,138.825,137.669,138.132,58852,,,-0.4167,hfq
2018-05-17,138.132,139.519,137.900,139.056,74118,,,0.6689,hfq
2018-05-18,139.172,139.750,138.132,139.519,71848,,,0.3330,hfq
2018-05-21,140.906,142.755,140.675,142.062,122530,,,1.8227,hfq
2018-05-22,141.831,142.987,140.328,141.831,86152,,,-0.1626,hfq
2018-05-23,141.715,141.715,139.634,140.212,121414,,,-1.1415,hfq
2018-05-24,140.212,140.906,137.669,137.785,89318,,,-1.7310,hfq
2018-05-25,138.825,141.137,138.478,139.634,106179,,,1.3419,hfq
2018-05-28,138.941,140.097,137.091,137.438,101673,,,-1.5727,hfq
2018-05-29,137.669,138.363,134.779,134.779,139101,,,-1.9347,hfq
2018-05-30,132.005,134.664,131.196,132.352,122000,,,-1.8007,hfq
2018-05-31,132.583,134.086,131.311,131.658,152200,,,-0.5244,hfq
2018-06-01,131.658,132.583,129.346,129.924,145427,,,-1.3170,hfq
2018-06-04,130.386,133.045,130.386,132.583,124625,,,2.0466,hfq
2018-06-05,132.120,134.779,132.120,134.664,120507,,,1.5696,hfq
2018-06-06,134.201,135.357,133.623,134.432,70428,,,-0.1723,hfq
2018-06-07,134.664,136.744,134.086,135.357,104460,,,0.6881,hfq
2018-06-08,134.779,135.242,132.005,133.045,103090,,,-1.7081,hfq
2018-06-11,133.045,134.086,131.658,132.352,94161,,,-0.5209,hfq
2018-06-12,133.045,133.623,131.889,132.698,110451,,,0.2614,hfq
2018-06-13,132.352,133.045,129.693,130.155,85648,,,-1.9164,hfq
2018-06-14,129.462,131.427,128.653,129.924,98886,,,-0.1775,hfq
2018-06-15,129.809,130.964,128.306,128.537,89533,,,-1.0675,hfq
2018-06-19,125.647,127.612,117.208,119.751,197796,,,-6.8354,hfq
2018-06-20,120.214,123.335,119.751,122.873,97550,,,2.6071,hfq
2018-06-21,123.335,124.144,120.098,121.139,95456,,,-1.4112,hfq
2018-06-22,120.329,122.873,118.249,122.295,93799,,,0.9543,hfq
2018-06-25,122.295,123.566,120.329,120.676,103686,,,-1.3238,hfq
2018-06-26,119.520,119.520,109.463,114.434,262061,,,-5.1725,hfq
2018-06-27,113.278,114.434,110.272,111.775,163826,,,-2.3236,hfq
2018-06-28,111.775,112.816,109.232,110.157,98851,,,-1.4476,hfq
2018-06-29,110.388,112.931,110.157,112.238,82429,,,1.8891,hfq
2018-07-02,112.122,112.931,105.533,106.227,153175,,,-5.3556,hfq
2018-07-03,107.383,110.966,107.151,110.850,191580,,,4.3520,hfq
2018-07-04,111.197,112.238,105.764,105.995,192158,,,-4.3798,hfq
2018-07-05,107.729,108.654,105.186,105.533,135813,,,-0.4359,hfq
2018-07-06,106.227,107.036,102.412,105.880,152322,,,0.3288,hfq
2018-07-09,105.880,107.498,104.377,107.383,108731,,,1.4195,hfq
2018-07-10,107.383,108.654,106.805,107.961,117802,,,0.5383,hfq
2018-07-11,106.342,106.342,103.221,104.493,113241,,,-3.2123,hfq
2018-07-12,104.608,108.423,104.608,107.498,118562,,,2.8758,hfq
2018-07-13,107.614,108.423,106.805,107.151,76846,,,-0.3228,hfq
2018-07-16,108.654,109.232,106.573,106.920,131596,,,-0.2156,hfq
2018-07-17,106.689,108.654,106.689,108.192,142735,,,1.1897,hfq
2018-07-18,108.423,108.654,106.573,107.036,108092,,,-1.0685,hfq
2018-07-19,106.573,107.036,105.417,105.880,94140,,,-1.0800,hfq
2018-07-20,105.417,106.920,104.146,106.689,93650,,,0.7641,hfq
2018-07-23,106.689,109.926,106.111,109.694,120213,,,2.8166,hfq
2018-07-24,109.463,115.128,109.463,112.931,209390,,,2.9509,hfq
2018-07-25,112.931,113.278,111.891,112.006,133258,,,-0.8191,hfq
2018-07-26,112.006,113.278,110.619,110.735,115005,,,-1.1348,hfq
2018-07-27,110.735,112.122,110.157,110.735,70799,,,0.0000,hfq
2018-07-30,110.735,111.428,109.116,109.348,81719,,,-1.2525,hfq
2018-07-31,109.463,112.584,109.116,112.238,129887,,,2.6429,hfq
2018-08-01,112.122,112.931,109.463,110.388,120626,,,-1.6483,hfq
2018-08-02,109.232,110.850,105.880,107.845,95264,,,-2.3037,hfq
2018-08-03,107.961,108.423,105.764,106.227,89161,,,-1.5003,hfq
2018-08-06,105.995,107.614,103.799,104.608,110531,,,-1.5241,hfq
2018-08-07,104.608,107.036,104.146,106.805,65234,,,2.1002,hfq
2018-08-08,106.805,107.036,105.649,106.227,43959,,,-0.5412,hfq
2018-08-09,105.649,108.307,105.533,107.961,82938,,,1.6324,hfq
2018-08-10,107.845,109.463,107.614,109.348,75627,,,1.2847,hfq
2018-08-13,108.076,109.232,106.573,109.001,78975,,,-0.3173,hfq
2018-08-14,108.423,109.232,107.267,107.845,54253,,,-1.0605,hfq
2018-08-15,107.961,108.423,105.302,105.417,60071,,,-2.2514,hfq
2018-08-16,104.377,105.417,103.799,104.146,66064,,,-1.2057,hfq
2018-08-17,104.724,106.111,103.337,103.452,64134,,,-0.6664,hfq
2018-08-20,103.683,104.146,102.181,102.990,73072,,,-0.4466,hfq
2018-08-21,103.105,104.839,103.105,104.493,50946,,,1.4594,hfq
2018-08-22,104.839,104.839,103.915,104.608,40248,,,0.1101,hfq
2018-08-23,104.724,105.186,103.337,104.493,54854,,,-0.1099,hfq
2018-08-24,104.146,106.920,104.030,105.649,55564,,,1.1063,hfq
2018-08-27,105.417,108.539,105.417,108.423,80537,,,2.6257,hfq
2018-08-28,108.654,108.654,106.458,106.920,85178,,,-1.3862,hfq
2018-08-29,107.151,107.267,105.417,105.995,67542,,,-0.8651,hfq
2018-08-30,106.920,110.619,106.805,107.961,155029,,,1.8548,hfq
2018-08-31,108.770,108.770,105.880,106.805,83635,,,-1.0708,hfq
2018-09-03,105.649,106.689,103.799,104.955,114216,,,-1.7321,hfq
2018-09-04,105.071,106.573,104.493,105.880,65636,,,0.8813,hfq
2018-09-05,105.880,106.342,104.839,104.839,77718,,,-0.9832,hfq
2018-09-06,104.839,105.302,103.452,103.915,54954,,,-0.8814,hfq
2018-09-07,103.683,105.417,103.568,104.030,47161,,,0.1107,hfq
2018-09-10,104.146,104.261,102.874,103.337,52096,,,-0.6662,hfq
2018-09-11,102.874,103.683,102.181,102.759,59533,,,-0.5593,hfq
2018-09-12,102.759,102.759,101.603,101.718,72684,,,-1.0130,hfq
2018-09-13,102.296,103.105,101.603,102.643,62281,,,0.9094,hfq
2018-09-14,102.643,102.759,101.718,102.412,48954,,,-0.2251,hfq
2018-09-17,102.412,102.412,99.753,99.753,75182,,,-2.5964,hfq
2018-09-18,99.984,101.603,99.291,101.487,76629,,,1.7383,hfq
2018-09-19,101.371,104.839,101.025,104.146,145557,,,2.6200,hfq
2018-09-20,104.030,104.724,103.799,104.261,67215,,,0.1104,hfq
2018-09-21,104.839,106.805,103.915,106.342,108712,,,1.9960,hfq
2018-09-25,105.417,105.417,104.146,104.839,91150,,,-1.4134,hfq
2018-09-26,105.186,105.764,104.608,104.839,68056,,,0.0000,hfq
2018-09-27,105.302,105.417,104.377,104.724,55216,,,-0.1097,hfq
2018-09-28,104.955,104.955,103.337,104.377,83157,,,-0.3313,hfq
2018-10-08,103.105,103.568,101.140,101.834,88476,,,-2.4364,hfq
2018-10-09,101.603,102.643,100.793,100.909,61201,,,-0.9083,hfq
2018-10-10,100.909,102.296,100.447,101.834,51120,,,0.9167,hfq
2018-10-11,99.984,100.331,94.667,96.054,166399,,,-5.6759,hfq
2018-10-12,94.667,95.476,92.239,94.436,110931,,,-1.6845,hfq
2018-10-15,94.898,95.360,93.280,93.742,57281,,,-0.7349,hfq
2018-10-16,93.742,94.320,90.968,91.661,82868,,,-2.2199,hfq
2018-10-17,92.586,93.280,90.968,92.586,71861,,,1.0092,hfq
2018-10-18,92.586,92.817,91.083,91.546,70939,,,-1.1233,hfq
2018-10-19,91.083,94.089,90.505,93.858,88406,,,2.5255,hfq
2018-10-22,94.436,98.250,94.320,97.441,132077,,,3.8175,hfq
2018-10-23,97.441,97.788,95.360,95.823,66978,,,-1.6605,hfq
2018-10-24,95.129,97.210,95.129,96.054,41203,,,0.2411,hfq
2018-10-25,93.511,96.632,93.280,96.516,58696,,,0.4810,hfq
2018-10-26,96.979,99.059,96.516,96.979,64779,,,0.4797,hfq
2018-10-29,96.632,98.250,96.054,96.516,63904,,,-0.4774,hfq
2018-10-30,96.170,97.904,94.551,97.326,75051,,,0.8392,hfq
2018-10-31,97.326,98.250,96.863,97.672,78734,,,0.3555,hfq
2018-11-01,97.904,98.597,96.516,96.516,131054,,,-1.1836,hfq
2018-11-02,97.788,99.059,97.441,98.713,163553,,,2.2763,hfq
2018-11-05,98.250,99.059,97.788,98.713,118139,,,0.0000,hfq
2018-11-06,97.788,99.753,97.788,99.753,100873,,,1.0536,hfq
2018-11-07,99.406,100.215,98.597,99.406,122437,,,-0.3479,hfq
2018-11-08,99.869,100.100,97.788,99.059,78362,,,-0.3491,hfq
2018-11-09,98.250,98.250,97.094,97.094,69305,,,-1.9837,hfq
2018-11-12,97.210,98.713,96.979,98.597,86360,,,1.5480,hfq
2018-11-13,97.904,101.371,97.557,100.447,118326,,,1.8763,hfq
2018-11-14,100.100,102.296,99.984,100.909,92389,,,0.4599,hfq
2018-11-15,100.793,101.487,100.215,101.256,80444,,,0.3439,hfq
2018-11-16,101.140,103.683,100.909,102.874,116394,,,1.5979,hfq
2018-11-19,102.759,105.417,102.759,104.724,123968,,,1.7983,hfq
2018-11-20,104.261,105.302,101.949,102.412,109119,,,-2.2077,hfq
2018-11-21,101.487,103.337,100.909,102.527,74765,,,0.1123,hfq
2018-11-22,102.759,103.683,101.834,102.643,60079,,,0.1131,hfq
2018-11-23,102.296,102.643,99.291,100.215,90144,,,-2.3655,hfq
2018-11-26,100.331,104.608,99.753,99.753,181987,,,-0.4610,hfq
2018-11-27,100.100,100.215,97.672,98.019,110908,,,-1.7383,hfq
2018-11-28,99.059,99.869,97.672,99.522,75510,,,1.5334,hfq
2018-11-29,100.215,100.447,97.094,97.326,86185,,,-2.2065,hfq
2018-11-30,97.441,97.904,96.054,97.788,63078,,,0.4747,hfq
2018-12-03,99.984,101.025,99.637,99.984,144879,,,2.2457,hfq
2018-12-04,100.100,100.100,98.713,99.406,88001,,,-0.5781,hfq
2018-12-05,98.366,98.944,97.672,98.713,81477,,,-0.6971,hfq
2018-12-06,98.135,98.481,96.863,96.979,73485,,,-1.7566,hfq
2018-12-07,97.210,97.557,96.863,97.326,43997,,,0.3578,hfq
2018-12-10,97.094,97.210,94.898,95.823,72933,,,-1.5443,hfq
2018-12-11,96.285,97.557,96.054,97.557,45517,,,1.8096,hfq
2018-12-12,97.326,98.250,96.863,97.326,53771,,,-0.2368,hfq
2018-12-13,97.672,99.291,97.441,98.481,105526,,,1.1867,hfq
2018-12-14,98.597,98.828,97.094,97.326,84226,,,-1.1728,hfq
2018-12-17,96.748,97.326,95.014,96.285,78690,,,-1.0696,hfq
2018-12-18,96.170,96.863,94.320,95.014,77398,,,-1.3200,hfq
2018-12-19,95.592,95.707,93.858,93.858,67326,,,-1.2167,hfq
2018-12-20,94.320,94.782,93.858,94.436,54825,,,0.6158,hfq
2018-12-21,94.667,94.667,92.933,93.280,70468,,,-1.2241,hfq
2018-12-24,93.164,94.320,92.817,93.973,44388,,,0.7429,hfq
2018-12-25,93.280,93.858,91.777,93.626,51330,,,-0.3693,hfq
2018-12-26,93.511,93.973,92.933,93.164,48016,,,-0.4935,hfq
2018-12-27,94.320,94.436,92.355,92.702,95789,,,-0.4959,hfq
2018-12-28,92.586,92.933,91.546,92.124,141534,,,-0.6235,hfq
2019-01-02,92.355,92.702,90.852,92.124,97015,,,0.0000,hfq
2019-01-03,91.546,92.933,91.430,92.239,64331,,,0.1248,hfq
2019-01-04,90.968,93.742,90.968,93.626,91935,,,1.5037,hfq
2019-01-07,93.858,94.551,93.626,94.204,99909,,,0.6173,hfq
2019-01-08,94.204,94.782,93.858,94.667,61842,,,0.4915,hfq
2019-01-09,94.667,96.054,94.204,94.782,64196,,,0.1215,hfq
2019-01-10,94.782,95.823,94.436,94.782,50448,,,0.0000,hfq
2019-01-11,95.245,95.823,94.898,95.129,63022,,,0.3661,hfq
2019-01-14,95.360,95.938,95.129,95.592,71649,,,0.4867,hfq
2019-01-15,95.823,95.823,94.551,95.476,69951,,,-0.1213,hfq
2019-01-16,95.707,96.170,95.014,95.245,44501,,,-0.2419,hfq
2019-01-17,95.592,95.592,94.436,95.129,64152,,,-0.1218,hfq
2019-01-18,95.129,96.401,94.898,96.170,75044,,,1.0943,hfq
2019-01-21,96.632,98.135,96.054,97.441,106109,,,1.3216,hfq
2019-01-22,97.094,97.672,96.401,96.979,92534,,,-0.4741,hfq
2019-01-23,96.516,96.863,94.898,95.823,69492,,,-1.1920,hfq
2019-01-24,95.707,96.054,94.898,95.592,46933,,,-0.2411,hfq
2019-01-25,95.938,95.938,94.667,95.592,90386,,,0.0000,hfq
2019-01-28,95.823,96.516,95.360,95.592,67012,,,0.0000,hfq
2019-01-29,95.476,97.210,94.782,96.979,90018,,,1.4510,hfq
2019-01-30,96.979,98.828,96.170,98.366,128693,,,1.4302,hfq
2019-01-31,98.135,99.753,97.788,99.406,110241,,,1.0573,hfq
2019-02-01,99.059,99.984,98.828,99.869,75372,,,0.4658,hfq
2019-02-11,100.100,101.949,99.984,101.025,139752,,,1.1575,hfq
2019-02-12,100.909,101.256,99.984,101.140,81148,,,0.1138,hfq
2019-02-13,100.909,102.412,100.447,101.949,110150,,,0.7999,hfq
2019-02-14,101.949,104.493,101.487,104.030,155567,,,2.0412,hfq
2019-02-15,103.915,104.839,102.181,102.527,138331,,,-1.4448,hfq
2019-02-18,102.990,104.493,102.527,104.377,104984,,,1.8044,hfq
2019-02-19,104.261,105.880,103.221,104.146,144717,,,-0.2213,hfq
2019-02-20,103.915,104.377,102.527,103.915,81582,,,-0.2218,hfq
2019-02-21,103.915,104.377,102.412,102.643,114854,,,-1.2241,hfq
2019-02-22,102.874,104.030,102.412,103.683,157625,,,1.0132,hfq
2019-02-25,104.261,108.654,104.261,108.423,266609,,,4.5716,hfq
2019-02-26,108.539,111.313,107.729,108.192,295104,,,-0.2131,hfq
2019-02-27,108.654,110.619,107.845,108.770,201646,,,0.5342,hfq
2019-02-28,108.423,110.041,108.192,109.001,120051,,,0.2124,hfq
2019-03-01,109.463,109.926,108.307,109.694,105272,,,0.6358,hfq
2019-03-04,110.041,113.047,109.694,110.619,241981,,,0.8433,hfq
2019-03-05,110.735,112.006,110.157,111.428,159537,,,0.7313,hfq
2019-03-06,111.660,113.972,111.544,113.625,234724,,,1.9717,hfq
2019-03-07,113.740,116.284,113.394,115.474,275922,,,1.6273,hfq
2019-03-08,113.509,113.625,109.926,110.157,326214,,,-4.6045,hfq
2019-03-11,110.272,112.816,109.001,112.584,206578,,,2.2032,hfq
2019-03-12,113.278,114.087,110.619,111.775,216236,,,-0.7186,hfq
2019-03-13,112.006,112.700,109.579,109.926,200257,,,-1.6542,hfq
2019-03-14,109.694,111.082,107.498,108.076,174104,,,-1.6830,hfq
2019-03-15,108.770,111.197,108.423,109.694,167337,,,1.4971,hfq
2019-03-18,110.272,114.087,110.157,113.856,295240,,,3.7942,hfq
2019-03-19,114.550,116.746,112.700,113.625,414395,,,-0.2029,hfq
2019-03-20,113.278,114.896,112.006,112.931,289414,,,-0.6108,hfq
2019-03-21,113.047,116.168,113.047,114.781,539681,,,1.6382,hfq
2019-03-22,115.012,117.093,114.203,116.399,348622,,,1.4096,hfq
2019-03-25,114.781,115.128,112.238,112.469,316269,,,-3.3763,hfq
2019-03-26,113.278,113.625,109.463,109.926,254701,,,-2.2611,hfq
2019-03-27,110.388,111.775,109.116,110.157,188824,,,0.2101,hfq
2019-03-28,110.041,110.041,107.036,107.498,227591,,,-2.4138,hfq
2019-03-29,107.729,111.082,106.805,110.735,258553,,,3.0112,hfq
2019-04-01,111.891,116.284,111.891,116.168,539076,,,4.9063,hfq
2019-04-02,117.208,118.133,115.474,117.902,404300,,,1.4927,hfq
2019-04-03,117.902,119.983,116.977,119.405,271465,,,1.2748,hfq
2019-04-04,119.867,124.029,119.636,123.797,435233,,,3.6782,hfq
2019-04-08,125.300,126.572,120.098,122.295,485322,,,-1.2133,hfq
2019-04-09,122.295,123.335,121.139,122.526,218305,,,0.1889,hfq
2019-04-10,121.601,123.335,120.098,121.832,211955,,,-0.5664,hfq
2019-04-11,122.410,123.451,118.711,119.636,212284,,,-1.8025,hfq
2019-04-12,119.520,120.445,119.058,119.405,166777,,,-0.1931,hfq
2019-04-15,120.792,123.797,120.676,120.792,275200,,,1.1616,hfq
2019-04-16,120.907,122.063,118.018,121.717,288689,,,0.7658,hfq
2019-04-17,122.295,126.803,122.179,123.566,545853,,,1.5191,hfq
2019-04-18,124.029,124.838,122.063,122.410,240579,,,-0.9355,hfq
2019-04-19,122.063,123.335,119.751,122.988,173736,,,0.4722,hfq
2019-04-22,123.566,124.491,118.133,118.711,323425,,,-3.4776,hfq
2019-04-23,122.179,129.577,120.792,127.959,1041159,,,7.7903,hfq
2019-04-24,126.919,130.271,125.994,129.231,655041,,,0.9941,hfq
2019-04-25,129.924,136.166,129.346,132.352,795853,,,2.4151,hfq
2019-04-26,132.352,135.588,130.386,130.502,610949,,,-1.3978,hfq
2019-04-29,130.849,133.508,129.693,130.502,493595,,,0.0000,hfq
2019-04-30,125.994,125.994,120.561,121.948,689503,,,-6.5547,hfq
2019-05-06,118.133,119.867,115.359,115.821,434701,,,-5.0243,hfq
2019-05-07,116.977,118.249,115.012,116.630,350502,,,0.6985,hfq
2019-05-08,115.012,118.364,113.856,115.359,358470,,,-1.0898,hfq
2019-05-09,115.359,115.937,111.428,111.660,291448,,,-3.2065,hfq
2019-05-10,112.931,114.434,109.810,113.394,304910,,,1.5529,hfq
2019-05-13,113.278,113.278,111.544,111.775,124741,,,-1.4278,hfq
2019-05-14,111.197,113.047,110.157,112.122,142698,,,0.3104,hfq
2019-05-15,112.469,114.318,112.238,113.509,180287,,,1.2370,hfq
2019-05-16,113.509,114.665,112.816,114.550,122109,,,0.9171,hfq
2019-05-17,114.665,114.781,111.544,112.006,108667,,,-2.2209,hfq
2019-05-20,111.197,112.122,109.579,110.735,84952,,,-1.1348,hfq
2019-05-21,110.966,112.816,110.619,111.660,99535,,,0.8353,hfq
2019-05-22,111.197,112.006,110.157,110.619,78439,,,-0.9323,hfq
2019-05-23,110.272,111.428,109.116,110.388,108122,,,-0.2088,hfq
2019-05-24,110.850,111.544,109.579,109.810,64430,,,-0.5236,hfq
2019-05-27,110.041,111.313,109.001,110.850,99615,,,0.9471,hfq
2019-05-28,111.082,112.006,110.619,111.660,101465,,,0.7307,hfq
2019-05-29,111.197,114.318,110.850,112.006,166048,,,0.3099,hfq
2019-05-30,111.428,111.891,110.619,111.313,80686,,,-0.6187,hfq
2019-05-31,111.544,112.931,111.197,112.006,106488,,,0.6226,hfq
2019-06-03,112.006,112.584,110.041,110.388,99251,,,-1.4446,hfq
2019-06-04,110.388,110.735,109.463,110.041,80870,,,-0.3143,hfq
2019-06-05,110.504,111.775,110.272,111.197,110469,,,1.0505,hfq
2019-06-06,111.197,112.353,110.388,111.660,107698,,,0.4164,hfq
2019-06-10,111.891,113.740,111.197,113.509,126451,,,1.6559,hfq
2019-06-11,113.625,115.243,113.162,115.243,183261,,,1.5276,hfq
2019-06-12,115.128,115.128,114.087,114.781,112087,,,-0.4009,hfq
2019-06-13,114.434,115.474,114.087,114.087,92203,,,-0.6046,hfq
2019-06-14,114.550,115.128,112.584,113.740,120558,,,-0.3042,hfq
2019-06-17,115.128,115.128,113.509,114.434,88951,,,0.6102,hfq
2019-06-18,113.972,115.012,113.162,113.972,66827,,,-0.4037,hfq
2019-06-19,115.012,116.630,114.896,115.012,103671,,,0.9125,hfq
2019-06-20,115.128,118.364,114.781,118.018,174409,,,2.6136,hfq
2019-06-21,118.480,121.023,118.249,120.098,149799,,,1.7624,hfq
2019-06-24,120.329,121.139,119.289,120.214,158552,,,0.0966,hfq
2019-06-25,119.983,120.214,116.862,117.671,196973,,,-2.1154,hfq
2019-06-26,118.249,121.601,117.671,119.867,166164,,,1.8662,hfq
2019-06-27,119.867,121.601,119.058,119.174,125846,,,-0.5781,hfq
2019-06-28,119.751,120.214,117.440,119.058,88916,,,-0.0973,hfq
2019-07-01,120.214,121.370,119.405,119.751,134979,,,0.5821,hfq
2019-07-02,119.289,121.023,118.942,121.023,185049,,,1.0622,hfq
2019-07-03,120.792,122.526,119.751,122.179,183247,,,0.9552,hfq
2019-07-04,122.526,124.144,121.601,122.179,145280,,,0.0000,hfq
2019-07-05,122.641,122.988,121.717,122.526,65086,,,0.2840,hfq
2019-07-08,122.641,122.988,119.405,120.098,115403,,,-1.9816,hfq
2019-07-09,120.329,121.023,119.289,119.751,53785,,,-0.2889,hfq
2019-07-10,120.214,121.023,119.289,120.214,85491,,,0.3866,hfq
2019-07-11,120.676,120.792,117.324,117.902,126318,,,-1.9232,hfq
2019-07-12,118.249,119.058,117.208,118.364,71676,,,0.3919,hfq
2019-07-15,118.596,119.058,116.052,118.249,105777,,,-0.0972,hfq
2019-07-16,118.364,118.827,117.671,118.596,50280,,,0.2934,hfq
2019-07-17,118.249,118.711,117.902,118.480,64771,,,-0.0978,hfq
2019-07-18,118.018,118.249,116.630,117.555,76211,,,-0.7807,hfq
2019-07-19,117.208,119.289,117.093,119.174,108896,,,1.3772,hfq
2019-07-22,118.711,120.329,117.208,118.711,141407,,,-0.3885,hfq
2019-07-23,118.249,119.520,116.977,119.520,120910,,,0.6815,hfq
2019-07-24,118.711,119.289,117.902,118.480,105857,,,-0.8701,hfq
2019-07-25,118.249,118.480,117.440,117.786,79126,,,-0.5858,hfq
2019-07-26,117.208,118.249,117.093,117.786,88649,,,0.0000,hfq
2019-07-29,117.324,118.596,117.324,118.364,87664,,,0.4907,hfq
2019-07-30,118.364,121.254,118.133,121.023,154146,,,2.2465,hfq
2019-07-31,120.561,121.717,119.636,120.445,110818,,,-0.4776,hfq
2019-08-01,120.098,121.254,118.942,119.174,82992,,,-1.0553,hfq
2019-08-02,117.555,117.786,114.896,115.128,136564,,,-3.3950,hfq
2019-08-05,115.128,115.128,112.584,112.584,134828,,,-2.2097,hfq
2019-08-06,112.122,114.434,109.926,114.203,167500,,,1.4380,hfq
2019-08-07,114.087,114.550,111.313,112.006,136585,,,-1.9238,hfq
2019-08-08,113.394,113.394,111.544,112.006,66144,,,0.0000,hfq
2019-08-09,112.122,112.931,109.348,110.041,94010,,,-1.7544,hfq
2019-08-12,110.157,110.966,109.810,110.966,55734,,,0.8406,hfq
2019-08-13,110.272,110.966,109.694,110.157,57642,,,-0.7291,hfq
2019-08-14,111.197,111.891,110.504,110.735,53853,,,0.5247,hfq
2019-08-15,109.348,110.735,107.961,110.504,59043,,,-0.2086,hfq
2019-08-16,110.504,110.735,109.579,110.157,61169,,,-0.3140,hfq
2019-08-19,110.619,113.394,109.926,113.047,104538,,,2.6235,hfq
2019-08-20,113.047,113.047,112.006,112.238,54113,,,-0.7156,hfq
2019-08-21,112.122,112.700,111.775,112.122,44652,,,-0.1034,hfq
2019-08-22,112.353,112.816,111.313,112.584,63373,,,0.4121,hfq
2019-08-23,112.584,112.816,111.313,111.428,74087,,,-1.0268,hfq
2019-08-26,110.735,112.353,109.694,111.197,83475,,,-0.2073,hfq
2019-08-27,111.660,113.162,110.735,112.469,92276,,,1.1439,hfq
2019-08-28,112.469,113.278,112.006,112.931,61091,,,0.4108,hfq
2019-08-29,115.706,116.052,113.509,114.203,174266,,,1.1264,hfq
2019-08-30,114.665,116.630,114.665,115.359,118391,,,1.0122,hfq
2019-09-02,115.821,119.636,115.243,118.827,162684,,,3.0063,hfq
2019-09-03,119.636,119.983,118.133,119.289,104271,,,0.3888,hfq
2019-09-04,119.405,120.792,119.058,119.983,162473,,,0.5818,hfq
2019-09-05,122.063,122.063,118.364,118.596,200034,,,-1.1560,hfq
2019-09-06,119.058,119.983,118.133,119.983,117466,,,1.1695,hfq
2019-09-09,119.983,120.676,119.405,120.329,103565,,,0.2884,hfq
2019-09-10,120.676,121.139,119.751,119.983,89177,,,-0.2875,hfq
2019-09-11,120.445,121.601,119.636,121.023,138068,,,0.8668,hfq
2019-09-12,121.485,121.485,120.098,120.907,95855,,,-0.0958,hfq
2019-09-16,121.370,121.485,119.058,119.636,124446,,,-1.0512,hfq
2019-09-17,119.289,119.983,118.133,118.711,92542,,,-0.7732,hfq
2019-09-18,119.520,119.867,118.596,119.636,72386,,,0.7792,hfq
2019-09-19,119.405,119.636,118.133,119.058,96682,,,-0.4831,hfq
2019-09-20,119.058,119.867,118.596,119.174,107651,,,0.0974,hfq
2019-09-23,119.058,119.174,116.746,117.208,123961,,,-1.6497,hfq
2019-09-24,117.671,120.907,117.208,120.214,177413,,,2.5647,hfq
2019-09-25,120.329,120.329,118.018,118.018,128950,,,-1.8267,hfq
2019-09-26,118.133,119.289,114.781,115.590,166542,,,-2.0573,hfq
2019-09-27,115.590,116.746,114.896,115.128,86941,,,-0.3997,hfq
2019-09-30,115.359,118.364,114.665,116.977,80962,,,1.6060,hfq
2019-10-08,115.937,116.977,112.700,115.359,270876,,,-1.3832,hfq
2019-10-09,113.856,116.977,113.740,115.474,157486,,,0.0997,hfq
2019-10-10,116.052,117.440,115.474,117.208,108684,,,1.5016,hfq
2019-10-11,117.671,118.249,116.515,117.324,81739,,,0.0990,hfq
2019-10-14,117.902,119.520,117.671,118.249,102687,,,0.7884,hfq
2019-10-15,117.786,119.520,117.671,119.058,111194,,,0.6841,hfq
2019-10-16,119.867,120.098,116.862,118.249,139355,,,-0.6795,hfq
2019-10-17,118.133,118.596,117.093,117.324,78794,,,-0.7822,hfq
2019-10-18,118.018,119.751,117.208,117.440,112159,,,0.0989,hfq
2019-10-21,117.440,117.902,116.052,117.093,84884,,,-0.2955,hfq
2019-10-22,117.324,117.555,116.630,117.208,61796,,,0.0982,hfq
2019-10-23,116.746,117.440,115.821,115.937,69961,,,-1.0844,hfq
2019-10-24,115.359,116.630,115.359,115.821,53528,,,-0.1001,hfq
2019-10-25,116.399,116.977,115.128,116.746,74910,,,0.7986,hfq
2019-10-28,116.052,118.364,116.052,117.902,96658,,,0.9902,hfq
2019-10-29,117.902,118.480,116.862,117.440,94968,,,-0.3919,hfq
2019-10-30,117.324,119.058,116.515,118.596,114717,,,0.9843,hfq
2019-10-31,118.018,118.480,113.972,114.550,153270,,,-3.4116,hfq
2019-11-01,113.856,114.550,112.006,112.931,206195,,,-1.4134,hfq
2019-11-04,112.931,113.278,111.544,111.544,169938,,,-1.2282,hfq
2019-11-05,111.544,112.238,110.850,111.660,142402,,,0.1040,hfq
2019-11-06,111.660,112.238,110.850,111.082,90839,,,-0.5176,hfq
2019-11-07,111.428,112.006,110.619,111.082,132177,,,0.0000,hfq
2019-11-08,111.428,111.544,110.388,110.504,161017,,,-0.5203,hfq
2019-11-11,110.272,110.272,107.614,108.539,175339,,,-1.7782,hfq
2019-11-12,108.076,109.001,107.383,107.729,135096,,,-0.7463,hfq
2019-11-13,107.961,107.961,105.880,106.227,160339,,,-1.3942,hfq
2019-11-14,106.458,106.689,105.533,105.649,141541,,,-0.5441,hfq
2019-11-15,105.649,105.995,104.261,104.493,118410,,,-1.0942,hfq
2019-11-18,104.724,105.995,104.377,105.880,97740,,,1.3274,hfq
2019-11-19,105.649,107.729,105.533,107.498,115510,,,1.5281,hfq
2019-11-20,107.729,108.192,106.689,106.920,81145,,,-0.5377,hfq
2019-11-21,107.614,108.423,106.805,108.192,115002,,,1.1897,hfq
2019-11-22,108.423,108.770,107.036,107.498,90320,,,-0.6415,hfq
2019-11-25,107.729,109.348,107.729,108.770,133251,,,1.1833,hfq
2019-11-26,109.810,109.810,108.770,109.348,143727,,,0.5314,hfq
2019-11-27,109.463,109.463,107.845,108.076,110043,,,-1.1633,hfq
2019-11-28,108.770,108.770,107.614,107.845,64327,,,-0.2137,hfq
2019-11-29,107.498,109.348,107.383,108.885,91645,,,0.9643,hfq
2019-12-02,109.116,110.157,108.539,109.810,105372,,,0.8495,hfq
2019-12-03,109.694,112.816,109.348,112.469,205277,,,2.4215,hfq
2019-12-04,112.584,113.625,111.775,113.162,128462,,,0.6162,hfq
2019-12-05,113.162,113.625,112.006,112.584,82499,,,-0.5108,hfq
2019-12-06,112.931,113.278,112.122,112.931,85645,,,0.3082,hfq
2019-12-09,113.972,114.434,112.816,114.087,114039,,,1.0236,hfq
2019-12-10,114.087,114.434,113.162,113.740,103605,,,-0.3042,hfq
2019-12-11,114.318,115.590,113.278,115.243,132268,,,1.3214,hfq
2019-12-12,115.243,116.630,114.665,114.896,115364,,,-0.3011,hfq
2019-12-13,115.474,117.208,115.474,116.862,142793,,,1.7111,hfq
2019-12-16,117.555,117.902,116.515,117.671,124710,,,0.6923,hfq
2019-12-17,117.440,118.711,116.977,117.902,119481,,,0.1963,hfq
2019-12-18,118.018,118.480,116.746,117.671,80546,,,-0.1959,hfq
2019-12-19,117.786,118.133,116.399,117.208,86313,,,-0.3935,hfq
2019-12-20,117.440,118.249,116.862,117.671,107006,,,0.3950,hfq
2019-12-23,117.093,117.671,115.937,116.630,121042,,,-0.8847,hfq
2019-12-24,116.630,116.630,114.896,115.590,87342,,,-0.8917,hfq
2019-12-25,116.052,116.168,114.434,114.781,100377,,,-0.6999,hfq
2019-12-26,115.128,117.555,114.781,117.324,112271,,,2.2155,hfq
2019-12-27,117.440,117.671,116.746,117.208,91262,,,-0.0989,hfq
2019-12-30,117.208,118.827,116.515,118.133,168146,,,0.7892,hfq
2019-12-31,118.249,120.445,117.786,120.329,180624,,,1.8589,hfq
2020-01-02,121.139,121.485,119.751,121.139,162673,,,0.6732,hfq
2020-01-03,121.254,123.335,120.676,121.717,109949,,,0.4771,hfq
2020-01-06,121.254,122.873,120.792,122.526,129379,,,0.6647,hfq
2020-01-07,122.641,123.451,121.485,121.948,143273,,,-0.4717,hfq
2020-01-08,121.948,122.641,120.329,120.907,143198,,,-0.8536,hfq
2020-01-09,122.295,123.219,121.139,122.063,93040,,,0.9561,hfq
2020-01-10,122.757,122.757,121.485,122.641,76284,,,0.4735,hfq
2020-01-13,121.601,121.948,120.098,121.023,186811,,,-1.3193,hfq
2020-01-14,121.254,122.063,120.329,120.792,114890,,,-0.1909,hfq
2020-01-15,120.792,121.254,119.636,119.983,101318,,,-0.6697,hfq
2020-01-16,119.983,121.601,119.520,120.329,96366,,,0.2884,hfq
2020-01-17,120.214,121.254,119.751,120.098,59248,,,-0.1920,hfq
2020-01-20,121.023,121.023,119.058,119.520,91109,,,-0.4813,hfq
2020-01-21,119.520,119.867,117.555,117.786,103536,,,-1.4508,hfq
2020-01-22,117.902,119.289,115.590,118.942,135605,,,0.9814,hfq
2020-01-23,118.018,118.133,115.128,115.474,179888,,,-2.9157,hfq
2020-02-03,105.533,108.654,105.533,105.533,282844,,,-8.6089,hfq
2020-02-04,105.302,107.036,104.377,106.805,171865,,,1.2053,hfq
2020-02-05,107.267,109.348,105.533,107.614,139981,,,0.7575,hfq
2020-02-06,107.383,109.116,106.920,108.770,136980,,,1.0742,hfq
2020-02-07,108.770,108.770,106.689,108.076,114506,,,-0.6380,hfq
2020-02-10,107.729,109.463,107.151,109.232,119016,,,1.0696,hfq
2020-02-11,109.116,111.775,108.423,110.504,152317,,,1.1645,hfq
2020-02-12,110.504,110.619,109.463,110.504,86060,,,0.0000,hfq
2020-02-13,110.388,111.313,109.579,110.041,103317,,,-0.4190,hfq
2020-02-14,110.157,110.735,109.348,110.041,104565,,,0.0000,hfq
2020-02-17,110.272,112.122,110.272,111.891,162892,,,1.6812,hfq
2020-02-18,112.122,112.238,110.619,111.197,124523,,,-0.6202,hfq
2020-02-19,110.735,111.197,110.041,110.272,179451,,,-0.8319,hfq
2020-02-20,110.272,111.428,109.810,111.428,206708,,,1.0483,hfq
2020-02-21,111.197,112.006,110.966,111.197,211732,,,-0.2073,hfq
2020-02-24,110.966,111.660,109.463,109.810,182451,,,-1.2473,hfq
2020-02-25,108.307,109.694,106.920,108.076,210668,,,-1.5791,hfq
2020-02-26,107.267,109.926,107.151,108.423,232370,,,0.3211,hfq
2020-02-27,109.232,109.579,107.036,107.614,267791,,,-0.7462,hfq
2020-02-28,106.573,107.151,104.724,105.071,268089,,,-2.3631,hfq
2020-03-02,105.302,108.192,105.186,107.961,270927,,,2.7505,hfq
2020-03-03,108.192,109.463,107.845,108.307,218802,,,0.3205,hfq
2020-03-04,108.192,110.966,108.076,110.850,251843,,,2.3480,hfq
2020-03-05,110.735,111.775,110.388,111.082,285479,,,0.2093,hfq
2020-03-06,110.735,110.850,109.810,110.041,160915,,,-0.9371,hfq
2020-03-09,108.885,109.463,106.920,107.614,219697,,,-2.2055,hfq
2020-03-10,106.805,109.579,106.805,109.232,202700,,,1.5035,hfq
2020-03-11,109.694,110.157,108.192,108.307,135262,,,-0.8468,hfq
2020-03-12,107.267,107.729,105.880,106.805,151533,,,-1.3868,hfq
2020-03-13,104.377,106.227,103.221,105.417,215270,,,-1.2996,hfq
2020-03-16,105.995,106.342,103.105,103.337,188623,,,-1.9731,hfq
2020-03-17,103.221,104.493,101.603,102.759,136108,,,-0.5593,hfq
2020-03-18,103.452,103.683,100.215,100.331,184429,,,-2.3628,hfq
2020-03-19,100.215,101.140,97.210,98.828,196313,,,-1.4980,hfq
2020-03-20,99.522,101.718,98.597,101.140,139317,,,2.3394,hfq
2020-03-23,99.753,99.869,97.904,97.904,102443,,,-3.1995,hfq
2020-03-24,99.291,100.100,98.250,99.522,85326,,,1.6526,hfq
2020-03-25,101.371,103.452,100.562,102.874,156336,,,3.3681,hfq
2020-03-26,102.874,102.874,101.371,101.371,83830,,,-1.4610,hfq
2020-03-27,102.181,103.683,101.487,102.527,123779,,,1.1404,hfq
2020-03-30,101.834,104.377,101.487,103.568,128216,,,1.0153,hfq
2020-03-31,104.839,105.649,102.874,104.839,164591,,,1.2272,hfq
2020-04-01,104.377,105.302,103.221,103.683,116382,,,-1.1026,hfq
2020-04-02,103.221,104.030,102.643,104.030,67489,,,0.3347,hfq
2020-04-03,104.030,104.839,103.337,104.261,78427,,,0.2221,hfq
2020-04-07,105.302,105.880,104.724,105.533,82328,,,1.2200,hfq
2020-04-08,105.071,105.302,104.261,104.839,60951,,,-0.6576,hfq
2020-04-09,105.302,105.302,104.377,104.724,55760,,,-0.1097,hfq
2020-04-10,104.724,104.955,103.105,103.799,87494,,,-0.8833,hfq
2020-04-13,103.221,104.493,103.105,104.146,57087,,,0.3343,hfq
2020-04-14,104.146,105.880,103.683,105.533,101092,,,1.3318,hfq
2020-04-15,105.880,105.880,104.261,104.955,90796,,,-0.5477,hfq
2020-04-16,104.839,105.302,104.377,104.493,79720,,,-0.4402,hfq
2020-04-17,104.608,105.764,104.608,105.071,109739,,,0.5531,hfq
2020-04-20,105.649,108.307,104.955,108.192,155429,,,2.9704,hfq
2020-04-21,107.498,109.579,106.458,109.116,289018,,,0.8540,hfq
2020-04-22,109.232,109.348,106.920,107.961,179951,,,-1.0585,hfq
2020-04-23,108.307,108.885,107.845,108.192,127386,,,0.2140,hfq
2020-04-24,108.076,109.116,106.573,108.539,153493,,,0.3207,hfq
2020-04-27,108.192,110.504,108.192,109.579,131792,,,0.9582,hfq
2020-04-28,109.463,109.926,107.151,109.232,127267,,,-0.3167,hfq
2020-04-29,109.694,110.966,109.001,110.966,109940,,,1.5874,hfq
2020-04-30,111.775,114.318,111.197,113.162,260497,,,1.9790,hfq
2020-05-06,111.891,115.474,111.544,115.359,273272,,,1.9415,hfq
2020-05-07,114.781,122.641,114.665,121.601,597102,,,5.4109,hfq
2020-05-08,121.485,122.063,119.405,121.485,322087,,,-0.0954,hfq
2020-05-11,121.370,121.370,118.480,119.174,298716,,,-1.9023,hfq
2020-05-12,119.520,119.520,116.862,116.977,266614,,,-1.8435,hfq
2020-05-13,117.324,117.324,115.474,116.168,207798,,,-0.6916,hfq
2020-05-14,116.284,117.208,115.012,116.630,161631,,,0.3977,hfq
2020-05-15,116.284,116.746,114.781,116.515,169927,,,-0.0986,hfq
2020-05-18,115.937,116.168,114.203,114.203,173472,,,-1.9843,hfq
2020-05-19,114.550,116.515,114.318,115.821,173406,,,1.4168,hfq
2020-05-20,115.821,115.937,114.087,114.896,117345,,,-0.7986,hfq
2020-05-21,115.590,118.711,114.434,118.364,291348,,,3.0184,hfq
2020-05-22,117.902,118.480,115.012,116.284,178813,,,-1.7573,hfq
2020-05-25,115.937,120.676,114.665,119.174,239272,,,2.4853,hfq
2020-05-26,119.289,120.098,117.093,118.018,168417,,,-0.9700,hfq
2020-05-27,118.018,121.601,117.208,121.139,251896,,,2.6445,hfq
2020-05-28,119.636,122.873,119.636,121.023,163551,,,-0.0958,hfq
2020-05-29,121.023,121.254,117.324,117.324,212244,,,-3.0564,hfq
2020-06-01,117.902,120.792,116.862,119.405,199582,,,1.7737,hfq
2020-06-02,119.405,119.405,117.671,118.480,149067,,,-0.7747,hfq
2020-06-03,119.289,119.289,117.902,118.018,114813,,,-0.3899,hfq
2020-06-04,118.018,118.480,115.706,115.821,161424,,,-1.8616,hfq
2020-06-05,115.821,116.862,115.359,116.284,92295,,,0.3998,hfq
2020-06-08,116.168,117.440,115.937,116.630,112686,,,0.2975,hfq
2020-06-09,116.630,117.555,116.168,117.324,93264,,,0.5950,hfq
2020-06-10,117.902,120.792,116.977,120.214,277312,,,2.4633,hfq
2020-06-11,120.445,120.792,118.480,119.289,194932,,,-0.7695,hfq
2020-06-12,117.208,120.329,116.630,120.214,270948,,,0.7754,hfq
2020-06-15,120.098,121.601,118.480,118.596,240473,,,-1.3459,hfq
2020-06-16,119.058,119.867,118.249,118.827,161843,,,0.1948,hfq
2020-06-17,119.520,121.948,118.942,121.370,313912,,,2.1401,hfq
2020-06-18,121.370,123.566,121.139,122.179,279762,,,0.6666,hfq
2020-06-19,123.104,123.104,121.254,121.832,209541,,,-0.2840,hfq
2020-06-22,122.641,122.757,119.983,120.098,181350,,,-1.4233,hfq
2020-06-23,120.214,120.907,118.596,118.711,207946,,,-1.1549,hfq
2020-06-24,119.289,120.792,118.711,119.174,210787,,,0.3900,hfq
2020-06-29,118.480,118.480,114.434,114.665,354159,,,-3.7835,hfq
2020-06-30,115.474,116.284,115.128,115.821,155986,,,1.0082,hfq
2020-07-01,116.168,119.289,115.590,118.480,236474,,,2.2958,hfq
2020-07-02,118.711,128.075,118.018,126.225,674429,,,6.5370,hfq
2020-07-03,126.687,131.427,126.225,129.693,618427,,,2.7475,hfq
2020-07-06,132.005,138.478,130.964,136.976,633716,,,5.6156,hfq
2020-07-07,140.097,142.062,135.820,135.820,611705,,,-0.8439,hfq
2020-07-08,136.166,138.363,134.664,137.322,345004,,,1.1059,hfq
2020-07-09,136.744,137.785,135.242,137.207,374300,,,-0.0837,hfq
2020-07-10,137.322,137.322,133.623,134.317,382512,,,-2.1063,hfq
2020-07-13,134.317,138.363,134.201,137.322,377148,,,2.2372,hfq
2020-07-14,137.669,139.981,134.548,138.363,438717,,,0.7581,hfq
2020-07-15,138.478,139.288,135.242,135.588,339032,,,-2.0056,hfq
2020-07-16,135.588,142.871,132.005,134.548,658577,,,-0.7670,hfq
2020-07-17,134.548,140.559,133.161,135.242,466010,,,0.5158,hfq
2020-07-20,135.473,142.871,135.357,142.755,654924,,,5.5552,hfq
2020-07-21,143.333,143.449,137.322,138.016,641475,,,-3.3197,hfq
2020-07-22,138.247,140.328,136.513,137.322,473890,,,-0.5028,hfq
2020-07-23,136.051,136.976,132.352,135.242,413639,,,-1.5147,hfq
2020-07-24,134.432,135.704,129.577,129.693,419086,,,-4.1030,hfq
2020-07-27,129.231,131.080,127.843,128.653,203298,,,-0.8019,hfq
2020-07-28,129.924,131.080,128.421,129.462,185258,,,0.6288,hfq
2020-07-29,128.999,131.196,127.265,130.733,282086,,,0.9818,hfq
2020-07-30,130.618,131.542,129.462,129.924,204390,,,-0.6188,hfq
2020-07-31,129.693,132.352,128.999,130.618,243918,,,0.5342,hfq
2020-08-03,131.311,132.352,130.849,132.352,251402,,,1.3275,hfq
2020-08-04,132.930,133.161,130.733,132.583,288077,,,0.1745,hfq
2020-08-05,132.583,132.583,129.924,130.964,204835,,,-1.2211,hfq
2020-08-06,131.196,131.658,128.768,130.155,181205,,,-0.6177,hfq
2020-08-07,130.271,130.386,127.381,128.653,170743,,,-1.1540,hfq
2020-08-10,128.306,131.889,128.190,131.080,230824,,,1.8865,hfq
2020-08-11,131.311,137.091,131.311,133.392,493790,,,1.7638,hfq
2020-08-12,133.739,135.473,131.080,132.814,276572,,,-0.4333,hfq
2020-08-13,133.508,134.779,132.467,132.930,202339,,,0.0873,hfq
2020-08-14,132.698,134.317,132.005,133.739,226060,,,0.6086,hfq
2020-08-17,133.970,136.398,133.392,136.166,301753,,,1.8147,hfq
2020-08-18,136.282,136.629,134.086,135.010,231134,,,-0.8490,hfq
2020-08-19,134.895,135.010,133.508,133.508,146083,,,-1.1125,hfq
2020-08-20,133.276,134.086,131.311,131.889,138427,,,-1.2127,hfq
2020-08-21,132.236,133.392,131.658,132.930,157139,,,0.7893,hfq
2020-08-24,133.045,135.126,132.005,133.508,185259,,,0.4348,hfq
2020-08-25,133.854,135.010,132.698,133.045,144490,,,-0.3468,hfq
2020-08-26,133.045,133.508,130.271,131.542,168804,,,-1.1297,hfq
2020-08-27,131.774,135.357,131.311,134.895,267283,,,2.5490,hfq
2020-08-28,135.820,136.051,133.623,135.820,231512,,,0.6857,hfq
2020-08-31,136.398,136.976,132.120,133.392,534609,,,-1.7877,hfq
2020-09-01,132.120,132.352,129.924,130.618,384539,,,-2.0796,hfq
2020-09-02,130.618,131.196,129.346,130.271,226022,,,-0.2657,hfq
2020-09-03,131.196,131.427,129.577,129.809,190353,,,-0.3546,hfq
2020-09-04,130.271,132.698,129.924,130.849,259554,,,0.8012,hfq
2020-09-07,129.809,130.386,127.381,128.075,267662,,,-2.1200,hfq
2020-09-08,128.537,128.653,126.687,127.728,141512,,,-0.2709,hfq
2020-09-09,127.150,127.728,124.838,125.185,180751,,,-1.9909,hfq
2020-09-10,125.763,127.381,124.144,125.069,153610,,,-0.0927,hfq
2020-09-11,124.144,125.416,123.451,125.416,98248,,,0.2774,hfq
2020-09-14,125.763,126.225,124.144,124.838,102415,,,-0.4609,hfq
2020-09-15,124.491,124.838,123.913,124.375,71755,,,-0.3709,hfq
2020-09-16,124.375,124.953,123.797,124.491,90470,,,0.0933,hfq
2020-09-17,124.491,127.381,124.144,126.225,139494,,,1.3929,hfq
2020-09-18,126.109,128.653,125.763,128.190,178906,,,1.5567,hfq
2020-09-21,127.959,128.421,125.994,126.572,146517,,,-1.2622,hfq
2020-09-22,125.185,126.109,124.260,124.491,103679,,,-1.6441,hfq
2020-09-23,124.722,125.185,124.144,124.375,63757,,,-0.0932,hfq
2020-09-24,124.144,124.144,121.139,121.832,132701,,,-2.0446,hfq
2020-09-25,121.948,122.526,120.907,121.601,107422,,,-0.1896,hfq
2020-09-28,121.832,122.526,120.676,121.254,92957,,,-0.2854,hfq
2020-09-29,121.601,123.219,121.485,122.410,90803,,,0.9534,hfq
2020-09-30,122.410,123.219,120.445,121.139,122110,,,-1.0383,hfq
2020-10-09,122.295,123.335,122.063,122.526,106367,,,1.1450,hfq
2020-10-12,122.641,124.722,122.410,124.375,125783,,,1.5091,hfq
2020-10-13,124.491,124.491,123.104,123.797,96995,,,-0.4647,hfq
2020-10-14,123.451,123.797,122.410,122.641,97287,,,-0.9338,hfq
2020-10-15,122.873,123.104,121.832,122.410,70823,,,-0.1884,hfq
2020-10-16,122.526,123.682,122.295,122.641,79120,,,0.1887,hfq
2020-10-19,122.988,124.029,122.295,122.410,102043,,,-0.1884,hfq
2020-10-20,122.179,122.526,121.485,122.410,47083,,,0.0000,hfq
2020-10-21,122.179,122.526,120.907,122.063,89578,,,-0.2835,hfq
2020-10-22,121.370,122.295,120.676,120.792,98557,,,-1.0413,hfq
2020-10-23,121.139,121.601,120.561,121.139,72209,,,0.2873,hfq
2020-10-26,120.676,121.023,120.098,120.329,79909,,,-0.6687,hfq
2020-10-27,120.098,120.098,119.289,119.636,77810,,,-0.5759,hfq
2020-10-28,119.636,119.751,118.249,119.751,79874,,,0.0961,hfq
2020-10-29,119.058,120.329,118.711,120.214,68904,,,0.3866,hfq
2020-10-30,120.445,120.907,118.364,118.827,92300,,,-1.1538,hfq
2020-11-02,118.480,121.832,118.018,120.907,151613,,,1.7504,hfq
2020-11-03,121.832,122.410,120.676,121.485,106330,,,0.4781,hfq
2020-11-04,121.601,121.717,120.445,121.023,71117,,,-0.3803,hfq
2020-11-05,121.485,122.063,121.139,121.948,82237,,,0.7643,hfq
2020-11-06,122.063,122.526,121.139,122.526,91522,,,0.4740,hfq
2020-11-09,122.641,124.838,122.641,124.029,163472,,,1.2267,hfq
2020-11-10,124.838,125.069,123.566,124.144,160293,,,0.0927,hfq
2020-11-11,123.797,125.185,123.451,124.491,115050,,,0.2795,hfq
2020-11-12,124.144,125.069,123.219,123.797,106102,,,-0.5575,hfq
2020-11-13,123.566,123.682,121.948,122.757,75976,,,-0.8401,hfq
2020-11-16,123.797,127.497,123.797,126.456,193200,,,3.0133,hfq
2020-11-17,126.456,127.034,125.763,126.456,100614,,,0.0000,hfq
2020-11-18,128.537,131.196,128.190,129.231,333888,,,2.1944,hfq
2020-11-19,128.075,129.115,126.687,127.265,171989,,,-1.5213,hfq
2020-11-20,126.803,127.381,125.531,126.341,128920,,,-0.7260,hfq
2020-11-23,126.341,129.115,125.300,128.190,175348,,,1.4635,hfq
2020-11-24,128.190,129.462,127.381,127.843,102668,,,-0.2707,hfq
2020-11-25,128.768,128.768,126.456,126.803,108125,,,-0.8135,hfq
2020-11-26,126.687,127.381,125.647,126.225,89319,,,-0.4558,hfq
2020-11-27,126.919,127.728,125.647,127.497,74347,,,1.0077,hfq
2020-11-30,127.728,129.346,127.497,127.728,181829,,,0.1812,hfq
2020-12-01,127.843,129.809,127.612,129.231,187793,,,1.1767,hfq
2020-12-02,129.462,130.155,128.653,129.231,112773,,,0.0000,hfq
2020-12-03,129.462,129.924,128.075,129.346,105874,,,0.0890,hfq
2020-12-04,129.462,130.040,128.768,129.577,120111,,,0.1786,hfq
2020-12-07,129.577,130.155,128.537,128.768,109003,,,-0.6243,hfq
2020-12-08,129.115,129.462,127.497,127.612,125714,,,-0.8977,hfq
2020-12-09,127.959,128.768,126.919,126.919,139438,,,-0.5431,hfq
2020-12-10,126.803,127.612,125.531,127.150,156732,,,0.1820,hfq
2020-12-11,127.265,127.843,123.451,123.451,196539,,,-2.9092,hfq
2020-12-14,125.647,129.231,124.607,125.416,249069,,,1.5917,hfq
2020-12-15,125.878,125.878,122.179,122.526,190468,,,-2.3043,hfq
2020-12-16,122.641,123.219,120.907,122.295,149600,,,-0.1885,hfq
2020-12-17,122.410,123.566,121.485,123.451,146100,,,0.9453,hfq
2020-12-18,123.682,124.144,122.757,123.219,100340,,,-0.1879,hfq
2020-12-21,122.873,124.029,121.948,123.682,109611,,,0.3758,hfq
2020-12-22,123.566,123.566,120.676,120.676,148344,,,-2.4304,hfq
2020-12-23,121.485,121.601,118.827,119.289,157697,,,-1.1494,hfq
2020-12-24,119.751,119.751,117.324,117.671,133068,,,-1.3564,hfq
2020-12-25,117.555,119.174,117.440,117.671,165526,,,0.0000,hfq
2020-12-28,117.555,117.555,116.168,116.515,167792,,,-0.9824,hfq
2020-12-29,116.977,117.671,116.515,117.324,125617,,,0.6943,hfq
2020-12-30,116.862,117.555,116.399,117.093,110011,,,-0.1969,hfq
2020-12-31,117.208,117.440,116.515,117.093,169260,,,0.0000,hfq
2021-01-04,117.440,117.555,115.012,116.168,224373,,,-0.7900,hfq
2021-01-05,116.052,117.093,115.243,116.977,199638,,,0.6964,hfq
2021-01-06,116.630,116.746,115.359,115.937,190516,,,-0.8891,hfq
2021-01-07,115.937,115.937,114.087,114.434,215969,,,-1.2964,hfq
2021-01-08,114.318,117.324,114.203,116.399,216954,,,1.7171,hfq
2021-01-11,116.399,116.515,114.781,115.012,190939,,,-1.1916,hfq
2021-01-12,114.896,115.474,114.087,114.781,191801,,,-0.2008,hfq
2021-01-13,114.665,115.128,112.816,114.318,202458,,,-0.4034,hfq
2021-01-14,114.087,116.399,113.509,115.012,201270,,,0.6071,hfq
2021-01-15,115.012,116.515,114.896,116.399,159303,,,1.2060,hfq
2021-01-18,116.515,116.862,115.821,116.052,119064,,,-0.2981,hfq
2021-01-19,116.052,118.480,115.706,117.555,167115,,,1.2951,hfq
2021-01-20,117.555,117.902,116.515,116.746,100062,,,-0.6882,hfq
2021-01-21,117.208,117.208,116.399,116.515,113493,,,-0.1979,hfq
2021-01-22,116.399,116.399,114.550,115.243,119718,,,-1.0917,hfq
2021-01-25,114.896,115.243,113.972,114.203,102686,,,-0.9024,hfq
2021-01-26,114.203,115.012,113.509,113.625,90996,,,-0.5061,hfq
2021-01-27,113.740,114.550,113.278,113.394,84563,,,-0.2033,hfq
2021-01-28,113.278,113.278,112.122,112.700,93596,,,-0.6120,hfq
2021-01-29,112.469,113.278,111.313,111.544,109827,,,-1.0257,hfq
2021-02-01,111.544,112.700,111.197,112.469,73435,,,0.8293,hfq
2021-02-02,112.816,113.509,111.891,112.238,79747,,,-0.2054,hfq
2021-02-03,112.238,112.238,110.966,111.197,106580,,,-0.9275,hfq
2021-02-04,111.197,112.353,110.735,112.006,99574,,,0.7275,hfq
2021-02-05,112.122,114.550,111.775,114.087,154657,,,1.8579,hfq
2021-02-08,114.665,115.706,113.856,114.203,215301,,,0.1017,hfq
2021-02-09,114.434,115.243,112.931,114.665,116553,,,0.4045,hfq
2021-02-10,114.781,115.128,114.087,114.550,100782,,,-0.1003,hfq
2021-02-18,115.359,115.590,114.318,114.550,297643,,,0.0000,hfq
2021-02-19,114.434,117.440,114.203,117.208,240871,,,2.3204,hfq
2021-02-22,117.324,119.058,117.208,117.555,227935,,,0.2961,hfq
2021-02-23,117.208,118.018,116.862,117.208,132894,,,-0.2952,hfq
2021-02-24,116.977,119.751,116.862,118.018,161809,,,0.6911,hfq
2021-02-25,119.405,122.526,118.480,120.445,355167,,,2.0565,hfq
2021-02-26,119.058,120.445,118.133,118.133,178035,,,-1.9195,hfq
2021-03-01,118.827,119.636,117.555,117.902,157552,,,-0.1955,hfq
2021-03-02,118.364,118.480,117.208,117.555,96926,,,-0.2943,hfq
2021-03-03,117.671,119.636,117.324,117.555,257106,,,0.0000,hfq
2021-03-04,117.440,118.249,116.977,118.133,192400,,,0.4917,hfq
2021-03-05,117.555,118.480,116.746,117.440,157454,,,-0.5866,hfq
2021-03-08,117.671,118.249,117.208,117.555,183833,,,0.0979,hfq
2021-03-09,117.555,117.902,115.243,115.590,195399,,,-1.6716,hfq
2021-03-10,116.052,116.284,114.550,114.665,127129,,,-0.8002,hfq
2021-03-11,114.434,115.706,114.434,115.590,112724,,,0.8067,hfq
2021-03-12,115.590,116.515,114.896,116.284,138343,,,0.6004,hfq
2021-03-15,116.630,118.942,116.630,118.711,237293,,,2.0871,hfq
2021-03-16,118.596,119.520,118.364,119.174,145423,,,0.3900,hfq
2021-03-17,118.596,119.520,118.133,119.174,109541,,,0.0000,hfq
2021-03-18,119.289,119.867,118.711,118.942,102651,,,-0.1947,hfq
2021-03-19,118.596,119.520,117.671,118.480,101084,,,-0.3884,hfq
2021-03-22,117.902,119.520,117.786,119.058,95098,,,0.4878,hfq
2021-03-23,119.058,120.329,118.364,120.098,171769,,,0.8735,hfq
2021-03-24,119.520,120.329,119.174,119.636,118092,,,-0.3847,hfq
2021-03-25,119.636,120.445,118.942,119.983,102339,,,0.2900,hfq
2021-03-26,119.405,120.329,119.058,119.520,100045,,,-0.3859,hfq
2021-03-29,119.520,119.636,118.018,118.133,117555,,,-1.1605,hfq
2021-03-30,118.018,119.058,117.902,119.058,108307,,,0.7830,hfq
2021-03-31,118.827,119.983,118.480,119.520,111033,,,0.3880,hfq
2021-04-01,120.098,120.676,119.289,120.098,100373,,,0.4836,hfq
2021-04-02,120.098,120.329,119.289,119.520,99810,,,-0.4813,hfq
2021-04-06,120.098,120.329,119.520,119.983,82472,,,0.3874,hfq
2021-04-07,119.983,120.907,119.520,120.907,101820,,,0.7701,hfq
2021-04-08,120.676,120.792,119.520,119.520,103994,,,-1.1472,hfq
2021-04-09,119.520,120.214,119.058,119.751,76821,,,0.1933,hfq
2021-04-12,120.214,120.792,119.174,120.676,137078,,,0.7724,hfq
2021-04-13,120.792,120.792,118.942,119.058,119209,,,-1.3408,hfq
2021-04-14,119.289,119.751,118.133,118.249,106358,,,-0.6795,hfq
2021-04-15,118.249,119.058,118.133,118.711,71677,,,0.3907,hfq
2021-04-16,118.827,123.335,118.711,123.219,310326,,,3.7975,hfq
2021-04-19,123.682,124.029,121.832,122.063,202054,,,-0.9382,hfq
2021-04-20,121.023,121.139,118.942,119.058,297058,,,-2.4618,hfq
2021-04-21,118.827,119.058,117.786,118.480,156144,,,-0.4855,hfq
2021-04-22,118.711,120.098,118.480,118.827,154740,,,0.2929,hfq
2021-04-23,118.827,119.636,118.018,119.636,132264,,,0.6808,hfq
2021-04-26,119.405,120.561,118.711,119.289,138796,,,-0.2900,hfq
2021-04-27,119.289,119.751,118.596,118.711,102706,,,-0.4845,hfq
2021-04-28,118.596,118.596,117.555,118.133,77184,,,-0.4869,hfq
2021-04-29,118.133,119.174,117.555,118.942,104392,,,0.6848,hfq
2021-04-30,117.902,118.596,114.896,115.937,304252,,,-2.5264,hfq
2021-05-06,115.937,116.284,115.243,115.243,144533,,,-0.5986,hfq
2021-05-07,115.243,115.937,114.896,115.359,128493,,,0.1007,hfq
2021-05-10,115.590,115.706,115.012,115.359,89083,,,0.0000,hfq
2021-05-11,115.474,115.590,114.434,115.359,111055,,,0.0000,hfq
2021-05-12,115.474,115.590,115.012,115.359,64865,,,0.0000,hfq
2021-05-13,115.243,115.706,114.665,115.012,92949,,,-0.3008,hfq
2021-05-14,115.359,115.590,114.896,115.243,190499,,,0.2008,hfq
2021-05-17,114.781,115.590,114.665,114.896,112539,,,-0.3011,hfq
2021-05-18,114.896,115.590,114.781,115.359,56934,,,0.4030,hfq
2021-05-19,115.474,115.474,114.781,115.243,68466,,,-0.1006,hfq
2021-05-20,115.128,115.474,114.781,115.243,72308,,,0.0000,hfq
2021-05-21,115.243,115.359,114.896,114.896,68392,,,-0.3011,hfq
2021-05-24,115.012,115.359,114.781,115.012,87557,,,0.1010,hfq
2021-05-25,115.012,115.359,114.665,115.243,81967,,,0.2008,hfq
2021-05-26,115.128,116.168,115.012,115.706,107335,,,0.4018,hfq
2021-05-27,115.706,115.937,115.359,115.706,100047,,,0.0000,hfq
2021-05-28,115.821,116.862,115.590,116.399,133402,,,0.5989,hfq
2021-05-31,116.284,118.249,115.937,117.786,169110,,,1.1916,hfq
2021-06-01,117.671,117.671,116.515,116.746,110696,,,-0.8830,hfq
2021-06-02,116.746,118.480,116.515,117.324,146598,,,0.4951,hfq
2021-06-03,117.555,118.827,116.862,117.324,172330,,,0.0000,hfq
2021-06-04,117.555,117.671,116.862,117.208,85136,,,-0.0989,hfq
2021-06-07,117.093,117.671,116.284,116.399,94922,,,-0.6902,hfq
2021-06-08,117.440,117.440,116.284,116.630,89585,,,0.1985,hfq
2021-06-09,116.168,117.093,116.052,116.630,109775,,,0.0000,hfq
2021-06-10,116.630,116.862,116.052,116.515,77218,,,-0.0986,hfq
2021-06-11,116.399,118.364,116.168,117.440,157900,,,0.7939,hfq
2021-06-15,118.018,118.480,116.284,116.399,125346,,,-0.8864,hfq
2021-06-16,116.052,116.746,115.937,116.284,116201,,,-0.0988,hfq
2021-06-17,116.052,116.630,115.590,115.706,81712,,,-0.4971,hfq
2021-06-18,115.706,116.168,115.359,115.474,89602,,,-0.2005,hfq
2021-06-21,115.590,116.052,115.243,116.052,77813,,,0.5005,hfq
2021-06-22,115.706,116.399,115.474,115.937,72725,,,-0.0991,hfq
2021-06-23,115.937,116.168,115.359,115.706,93112,,,-0.1992,hfq
2021-06-24,115.590,117.555,115.359,116.977,166902,,,1.0985,hfq
2021-06-25,116.746,116.862,115.937,116.746,94587,,,-0.1975,hfq
2021-06-28,116.746,116.862,116.284,116.862,91670,,,0.0994,hfq
2021-06-29,117.555,117.671,115.474,115.706,127852,,,-0.9892,hfq
2021-06-30,115.474,116.168,115.474,115.821,54973,,,0.0994,hfq
2021-07-01,115.821,117.093,115.706,116.284,93588,,,0.3998,hfq
2021-07-02,116.284,116.862,115.590,115.937,85317,,,-0.2984,hfq
2021-07-05,116.399,116.746,115.937,116.052,82071,,,0.0992,hfq
2021-07-06,116.052,116.746,115.706,116.399,153589,,,0.2990,hfq
2021-07-07,116.977,117.208,115.821,116.052,145589,,,-0.2981,hfq
2021-07-08,115.937,115.937,113.856,114.087,189358,,,-1.6932,hfq
2021-07-09,114.087,114.434,113.278,113.856,90386,,,-0.2025,hfq
2021-07-12,114.087,114.781,113.394,113.509,93380,,,-0.3048,hfq
2021-07-13,113.625,113.856,112.816,113.625,80466,,,0.1022,hfq
2021-07-14,113.625,115.012,113.394,114.087,91930,,,0.4066,hfq
2021-07-15,114.087,114.896,113.394,114.087,103485,,,0.0000,hfq
2021-07-16,114.781,116.862,114.781,115.821,197714,,,1.5199,hfq
2021-07-19,115.474,116.052,114.781,115.012,80708,,,-0.6985,hfq
2021-07-20,115.012,115.243,114.087,114.318,80625,,,-0.6034,hfq
2021-07-21,114.318,114.896,113.625,114.087,87117,,,-0.2021,hfq
2021-07-22,114.318,114.550,113.856,114.318,74604,,,0.2025,hfq
2021-07-23,114.203,114.550,113.740,114.434,82733,,,0.1015,hfq
2021-07-26,114.087,114.434,111.544,111.775,143458,,,-2.3236,hfq
2021-07-27,111.891,112.353,110.619,110.850,124200,,,-0.8276,hfq
2021-07-28,110.619,112.353,109.694,110.966,164746,,,0.1046,hfq
2021-07-29,111.082,111.313,109.926,110.504,97183,,,-0.4163,hfq
2021-07-30,110.388,110.504,109.463,109.694,77338,,,-0.7330,hfq
2021-08-02,110.041,111.313,109.926,110.735,118537,,,0.9490,hfq
2021-08-03,110.735,111.544,110.619,111.082,86866,,,0.3134,hfq
2021-08-04,111.313,111.313,110.388,110.504,78444,,,-0.5203,hfq
2021-08-05,110.504,111.660,110.388,110.504,87045,,,0.0000,hfq
2021-08-06,110.619,111.197,110.504,110.619,99211,,,0.1041,hfq
2021-08-09,110.619,112.931,110.388,112.353,143285,,,1.5675,hfq
2021-08-10,112.584,112.700,111.313,112.584,95651,,,0.2056,hfq
2021-08-11,112.700,114.896,112.584,113.278,135760,,,0.6164,hfq
2021-08-12,113.394,113.856,113.047,113.394,76077,,,0.1024,hfq
2021-08-13,113.509,113.740,112.700,113.394,81276,,,0.0000,hfq
2021-08-16,113.509,114.434,113.162,114.087,94890,,,0.6111,hfq
2021-08-17,114.087,114.550,113.047,113.047,92179,,,-0.9116,hfq
2021-08-18,113.162,113.740,112.584,113.509,75422,,,0.4087,hfq
2021-08-19,113.509,113.856,111.891,112.353,95330,,,-1.0184,hfq
2021-08-20,112.700,112.931,111.891,112.816,65719,,,0.4121,hfq
2021-08-23,112.816,113.278,112.238,112.353,104166,,,-0.4104,hfq
2021-08-24,112.700,113.972,112.353,113.625,132481,,,1.1321,hfq
2021-08-25,113.394,113.625,112.931,113.047,84949,,,-0.5087,hfq
2021-08-26,113.047,114.203,112.816,114.203,131151,,,1.0226,hfq
2021-08-27,114.203,114.665,113.278,114.434,137649,,,0.2023,hfq
2021-08-30,115.128,117.555,115.128,116.630,388692,,,1.9190,hfq
2021-08-31,116.746,118.711,115.821,117.902,344028,,,1.0906,hfq
2021-09-01,117.902,119.751,117.671,119.289,296202,,,1.1764,hfq
2021-09-02,119.174,122.526,119.058,121.601,379316,,,1.9382,hfq
2021-09-03,121.601,122.526,120.676,122.179,286508,,,0.4753,hfq
2021-09-06,123.335,126.456,122.641,126.456,412569,,,3.5006,hfq
2021-09-07,126.456,126.803,124.260,125.531,267409,,,-0.7315,hfq
2021-09-08,126.225,129.809,125.069,128.884,407266,,,2.6711,hfq
2021-09-09,129.693,132.005,128.653,130.155,596197,,,0.9862,hfq
2021-09-10,131.427,137.322,130.964,133.739,554318,,,2.7536,hfq
2021-09-13,134.201,136.976,133.508,134.779,417312,,,0.7776,hfq
2021-09-14,134.895,135.820,131.427,132.120,470715,,,-1.9729,hfq
2021-09-15,132.352,133.392,130.733,131.774,315752,,,-0.2619,hfq
2021-09-16,131.889,132.814,129.115,129.924,327119,,,-1.4039,hfq
2021-09-17,129.809,130.733,127.497,128.768,211448,,,-0.8898,hfq
2021-09-22,127.150,128.768,125.300,128.537,211008,,,-0.1794,hfq
2021-09-23,129.577,133.045,129.115,130.386,260923,,,1.4385,hfq
2021-09-24,130.618,130.849,127.728,128.306,191877,,,-1.5953,hfq
2021-09-27,127.612,128.653,124.029,125.300,270905,,,-2.3428,hfq
2021-09-28,125.763,128.306,124.491,127.497,173498,,,1.7534,hfq
2021-09-29,126.456,127.497,124.491,125.531,176453,,,-1.5420,hfq
2021-09-30,126.225,127.150,123.797,124.607,207391,,,-0.7361,hfq
2021-10-08,125.300,130.271,125.069,128.306,278832,,,2.9685,hfq
2021-10-11,128.190,129.115,126.803,128.537,194257,,,0.1800,hfq
2021-10-12,128.537,129.346,125.878,126.456,178025,,,-1.6190,hfq
2021-10-13,125.878,127.497,125.300,126.687,134776,,,0.1827,hfq
2021-10-14,126.687,126.803,123.451,123.566,191350,,,-2.4636,hfq
2021-10-15,124.491,124.953,122.063,122.757,250027,,,-0.6547,hfq
2021-10-18,122.757,123.682,121.948,122.295,231851,,,-0.3764,hfq
2021-10-19,122.295,125.531,121.948,122.988,255335,,,0.5667,hfq
2021-10-20,123.682,124.029,122.295,122.757,117319,,,-0.1878,hfq
2021-10-21,122.526,124.491,122.410,123.797,137065,,,0.8472,hfq
2021-10-22,123.797,124.838,122.526,123.451,175502,,,-0.2795,hfq
2021-10-25,122.295,122.988,120.214,122.295,151279,,,-0.9364,hfq
2021-10-26,122.179,122.641,121.254,121.485,99669,,,-0.6623,hfq
2021-10-27,121.601,122.179,119.405,120.561,138832,,,-0.7606,hfq
2021-10-28,120.445,120.907,119.867,120.098,108672,,,-0.3840,hfq
2021-10-29,120.214,120.676,118.942,120.561,145755,,,0.3855,hfq
2021-11-01,120.561,120.561,117.671,118.480,215612,,,-1.7261,hfq
2021-11-02,118.364,118.942,115.128,116.515,249329,,,-1.6585,hfq
2021-11-03,116.399,117.555,114.665,116.862,176364,,,0.2978,hfq
2021-11-04,117.208,117.671,115.937,117.671,125045,,,0.6923,hfq
2021-11-05,117.440,117.555,116.052,116.399,110126,,,-1.0810,hfq
2021-11-08,116.399,116.977,115.706,116.284,82133,,,-0.0988,hfq
2021-11-09,116.168,117.208,116.052,116.515,100501,,,0.1987,hfq
2021-11-10,116.515,116.977,115.012,116.630,117605,,,0.0987,hfq
2021-11-11,116.862,123.335,116.399,122.641,324494,,,5.1539,hfq
2021-11-12,121.485,121.717,119.520,119.751,224868,,,-2.3565,hfq
2021-11-15,119.751,123.913,118.711,123.682,307637,,,3.2826,hfq
2021-11-16,122.757,124.838,122.063,123.913,274364,,,0.1868,hfq
2021-11-17,120.561,122.641,120.329,121.254,248534,,,-2.1459,hfq
2021-11-18,121.254,121.832,120.792,121.254,123247,,,0.0000,hfq
2021-11-19,120.907,125.763,120.792,124.953,313815,,,3.0506,hfq
2021-11-22,124.953,125.531,123.682,123.682,186050,,,-1.0172,hfq
2021-11-23,123.682,124.491,123.104,123.566,125361,,,-0.0938,hfq
2021-11-24,123.451,125.185,123.104,124.491,152485,,,0.7486,hfq
2021-11-25,124.260,124.838,123.451,123.913,100031,,,-0.4643,hfq
2021-11-26,123.913,123.913,122.526,122.873,99093,,,-0.8393,hfq
2021-11-29,121.717,122.063,121.139,121.485,114465,,,-1.1296,hfq
2021-11-30,121.485,122.179,121.023,121.254,105313,,,-0.1901,hfq
2021-12-01,121.139,122.410,120.907,122.179,98071,,,0.7629,hfq
2021-12-02,122.063,122.757,121.370,121.601,105888,,,-0.4731,hfq
2021-12-03,121.601,123.219,121.485,122.295,100419,,,0.5707,hfq
2021-12-06,122.641,123.913,121.832,121.832,147038,,,-0.3786,hfq
2021-12-07,122.295,127.843,122.295,127.265,480070,,,4.4594,hfq
2021-12-08,127.728,128.768,125.647,128.075,321088,,,0.6365,hfq
2021-12-09,127.959,133.161,127.381,132.005,538232,,,3.0685,hfq
2021-12-10,132.005,134.548,132.005,132.583,421290,,,0.4379,hfq
2021-12-13,133.161,133.739,130.964,131.889,295296,,,-0.5234,hfq
2021-12-14,131.427,131.774,128.306,129.115,263816,,,-2.1033,hfq
2021-12-15,129.115,129.231,127.150,127.843,182652,,,-0.9852,hfq
2021-12-16,127.728,129.577,127.497,128.884,164113,,,0.8143,hfq
2021-12-17,128.999,130.733,128.537,129.462,155845,,,0.4485,hfq
2021-12-20,129.462,130.733,128.653,129.346,155573,,,-0.0896,hfq
2021-12-21,129.346,132.583,129.231,131.889,175075,,,1.9660,hfq
2021-12-22,131.889,132.352,129.809,130.155,141479,,,-1.3147,hfq
2021-12-23,130.155,131.427,129.577,130.733,114319,,,0.4441,hfq
2021-12-24,130.733,130.733,128.075,129.809,126818,,,-0.7068,hfq
2021-12-27,129.809,131.658,129.115,130.964,115765,,,0.8898,hfq
2021-12-28,130.733,130.849,129.577,130.155,63023,,,-0.6177,hfq
2021-12-29,130.155,131.889,129.693,131.311,122897,,,0.8882,hfq
2021-12-30,131.080,132.120,130.502,131.080,92024,,,-0.1759,hfq
2021-12-31,131.311,133.392,130.386,132.814,146969,,,1.3229,hfq
2022-01-04,132.930,133.623,132.352,133.161,129223,,,0.2613,hfq
2022-01-05,133.392,137.091,132.930,135.704,302347,,,1.9097,hfq
2022-01-06,135.126,136.629,133.739,134.201,171405,,,-1.1076,hfq
2022-01-07,134.086,137.785,134.086,135.935,212494,,,1.2921,hfq
2022-01-10,135.935,137.669,135.242,136.398,174526,,,0.3406,hfq
2022-01-11,136.513,142.409,135.704,141.946,450904,,,4.0675,hfq
2022-01-12,141.253,142.409,138.825,139.634,260813,,,-1.6288,hfq
2022-01-13,139.634,140.790,137.091,137.554,191678,,,-1.4896,hfq
2022-01-14,137.322,137.785,134.548,135.820,164199,,,-1.2606,hfq
2022-01-17,135.820,136.976,134.086,134.317,131610,,,-1.1066,hfq
2022-01-18,134.432,136.513,133.508,135.935,167361,,,1.2046,hfq
2022-01-19,136.629,139.634,136.166,139.519,224451,,,2.6366,hfq
2022-01-20,138.710,141.599,138.710,140.559,208469,,,0.7454,hfq
2022-01-21,140.212,140.675,137.322,138.132,165666,,,-1.7267,hfq
2022-01-24,137.322,142.177,135.588,140.444,206719,,,1.6738,hfq
2022-01-25,140.212,141.137,136.051,136.051,157364,,,-3.1279,hfq
2022-01-26,136.744,137.322,134.432,136.513,132052,,,0.3396,hfq
2022-01-27,136.051,140.444,135.473,135.588,167107,,,-0.6776,hfq
2022-01-28,137.091,139.056,135.357,136.166,168482,,,0.4263,hfq
2022-02-07,137.207,139.750,136.166,138.247,177000,,,1.5283,hfq
2022-02-08,137.785,140.097,137.438,139.866,194775,,,1.1711,hfq
2022-02-09,139.750,140.444,137.207,138.016,165715,,,-1.3227,hfq
2022-02-10,138.247,142.409,137.322,141.484,256711,,,2.5128,hfq
2022-02-11,141.253,146.917,140.790,144.489,421191,,,2.1239,hfq
2022-02-14,144.836,144.952,141.021,141.599,251940,,,-2.0002,hfq
2022-02-15,141.599,143.796,139.288,140.212,297380,,,-0.9795,hfq
2022-02-16,140.444,142.293,139.519,140.675,270003,,,0.3302,hfq
2022-02-17,140.444,140.790,133.623,136.513,373909,,,-2.9586,hfq
2022-02-18,135.588,144.605,135.357,143.449,419636,,,5.0808,hfq
2022-02-21,143.449,145.645,142.409,144.836,270533,,,0.9669,hfq
2022-02-22,143.449,147.611,143.218,145.761,408911,,,0.6387,hfq
2022-02-23,145.877,146.223,143.333,144.836,194055,,,-0.6346,hfq
2022-02-24,145.414,145.414,141.368,142.755,256768,,,-1.4368,hfq
2022-02-25,143.333,145.877,142.062,142.871,158059,,,0.0813,hfq
2022-02-28,143.449,143.911,141.368,143.333,161720,,,0.3234,hfq
2022-03-01,143.449,145.645,142.987,143.796,138923,,,0.3230,hfq
2022-03-02,143.911,147.033,143.796,144.836,164475,,,0.7232,hfq
2022-03-03,145.299,150.038,144.489,149.460,364251,,,3.1926,hfq
2022-03-04,149.113,149.923,146.801,149.460,223253,,,0.0000,hfq
2022-03-07,147.726,150.501,147.726,149.460,296333,,,0.0000,hfq
2022-03-08,149.345,150.501,146.108,146.455,276381,,,-2.0106,hfq
2022-03-09,147.957,153.390,145.183,148.767,542623,,,1.5786,hfq
2022-03-10,151.079,154.546,146.917,150.269,393526,,,1.0096,hfq
2022-03-11,150.269,153.737,146.570,152.466,389112,,,1.4620,hfq
2022-03-14,151.079,157.090,150.501,151.079,350496,,,-0.9097,hfq
2022-03-15,149.460,151.425,141.368,141.599,536454,,,-6.2749,hfq
2022-03-16,142.987,143.565,134.086,140.559,621152,,,-0.7345,hfq
2022-03-17,142.409,151.772,142.409,149.113,480604,,,6.0857,hfq
2022-03-18,147.264,158.708,147.264,158.014,706257,,,5.9693,hfq
2022-03-21,157.090,162.638,154.200,155.818,538671,,,-1.3898,hfq
2022-03-22,156.165,166.569,154.084,162.638,575675,,,4.3769,hfq
2022-03-23,161.945,166.800,159.980,165.297,581969,,,1.6349,hfq
2022-03-24,163.332,170.383,161.598,169.921,461731,,,2.7974,hfq
2022-03-25,167.840,172.002,164.950,165.413,400177,,,-2.6530,hfq
2022-03-28,164.488,169.227,160.904,165.644,314530,,,0.1397,hfq
2022-03-29,165.644,167.493,162.985,166.337,276967,,,0.4184,hfq
2022-03-30,166.684,178.128,165.875,177.088,489602,,,6.4634,hfq
2022-03-31,175.585,179.631,173.504,175.007,481327,,,-1.1751,hfq
2022-04-01,173.620,185.873,173.620,181.712,471294,,,3.8313,hfq
2022-04-06,182.521,196.740,182.059,196.393,627349,,,8.0793,hfq
2022-04-07,192.231,196.740,183.215,185.411,620787,,,-5.5918,hfq
2022-04-08,184.024,188.648,179.284,187.723,531001,,,1.2470,hfq
2022-04-11,185.873,186.336,178.822,182.059,481103,,,-3.0172,hfq
2022-04-12,182.059,186.105,175.701,177.088,496505,,,-2.7304,hfq
2022-04-13,175.701,191.307,174.082,187.607,554150,,,5.9400,hfq
2022-04-14,185.989,194.081,182.637,189.341,465223,,,0.9243,hfq
2022-04-15,186.914,200.901,186.105,191.422,556807,,,1.0991,hfq
2022-04-18,189.226,195.352,182.059,183.908,523118,,,-3.9254,hfq
2022-04-19,185.180,191.653,184.486,189.341,504043,,,2.9542,hfq
2022-04-20,188.301,193.041,182.059,184.717,405079,,,-2.4422,hfq
2022-04-21,183.562,190.960,182.637,183.677,433537,,,-0.5630,hfq
2022-04-22,181.481,189.110,181.481,187.145,284658,,,1.8881,hfq
2022-04-25,184.024,187.145,178.360,178.475,376396,,,-4.6328,hfq
2022-04-26,176.972,186.683,176.626,182.290,432011,,,2.1376,hfq
2022-04-27,180.556,185.527,175.238,178.938,500764,,,-1.8388,hfq
2022-04-28,179.053,190.844,179.053,190.266,490208,,,6.3307,hfq
2022-04-29,189.573,198.127,184.717,195.121,579349,,,2.5517,hfq
2022-05-05,192.231,193.156,185.180,189.110,451443,,,-3.0807,hfq
2022-05-06,181.250,183.677,173.042,173.042,443208,,,-8.4966,hfq
2022-05-09,167.031,173.273,166.106,170.152,353014,,,-1.6701,hfq
2022-05-10,167.262,182.752,165.297,181.712,521373,,,6.7939,hfq
2022-05-11,181.943,183.446,173.620,176.279,414230,,,-2.9899,hfq
2022-05-12,172.811,179.284,171.771,176.279,249516,,,0.0000,hfq
2022-05-13,178.475,183.215,172.811,180.903,331932,,,2.6231,hfq
2022-05-16,185.989,192.463,179.516,188.995,485335,,,4.4731,hfq
2022-05-17,188.995,188.995,182.637,183.330,281972,,,-2.9974,hfq
2022-05-18,184.139,187.029,182.637,185.180,281536,,,1.0091,hfq
2022-05-19,184.139,188.070,182.868,186.336,205481,,,0.6243,hfq
2022-05-20,185.411,194.659,185.411,193.156,369439,,,3.6601,hfq
2022-05-23,192.578,192.694,180.556,189.573,434059,,,-1.8550,hfq
2022-05-24,184.833,184.833,173.389,173.504,522130,,,-8.4764,hfq
2022-05-25,173.504,180.325,173.273,179.862,318732,,,3.6645,hfq
2022-05-26,179.169,186.567,179.169,185.411,263096,,,3.0851,hfq
2022-05-27,186.336,188.417,180.556,182.984,293979,,,-1.3090,hfq
2022-05-30,183.330,184.486,180.209,181.712,207143,,,-0.6951,hfq
2022-05-31,182.059,183.446,178.128,182.059,218326,,,0.1910,hfq
2022-06-01,181.712,181.712,176.626,178.244,232107,,,-2.0955,hfq
2022-06-02,178.013,182.752,177.088,178.475,216959,,,0.1296,hfq
2022-06-06,178.591,179.284,172.926,176.163,308643,,,-1.2954,hfq
2022-06-07,176.163,180.672,175.354,179.284,211066,,,1.7717,hfq
2022-06-08,179.400,181.250,177.666,178.938,215794,,,-0.1930,hfq
2022-06-09,178.822,188.995,178.244,186.105,462259,,,4.0053,hfq
2022-06-10,186.105,190.729,182.868,189.573,405611,,,1.8635,hfq
2022-06-13,186.683,188.648,173.389,173.504,703560,,,-8.4764,hfq
2022-06-14,172.580,176.163,168.765,175.932,412711,,,1.3994,hfq
2022-06-15,174.776,181.365,172.811,178.360,442725,,,1.3801,hfq
2022-06-16,176.279,182.406,176.279,178.013,314787,,,-0.1946,hfq
2022-06-17,178.822,179.053,174.429,176.279,303301,,,-0.9741,hfq
2022-06-20,176.048,181.250,175.470,177.782,367416,,,0.8526,hfq
2022-06-21,177.782,182.059,176.626,177.782,431771,,,0.0000,hfq
2022-06-22,178.244,178.822,168.881,169.343,465417,,,-4.7468,hfq
2022-06-23,169.459,169.805,162.291,167.031,582460,,,-1.3653,hfq
2022-06-24,167.031,167.031,161.598,163.910,560584,,,-1.8685,hfq
2022-06-27,163.910,169.227,163.216,167.031,441741,,,1.9041,hfq
2022-06-28,168.996,168.996,163.794,166.222,238057,,,-0.4843,hfq
2022-06-29,165.991,180.094,165.528,177.435,723161,,,6.7458,hfq
2022-06-30,177.666,181.596,176.163,179.053,365733,,,0.9119,hfq
2022-07-01,180.209,181.134,178.128,179.747,274560,,,0.3876,hfq
2022-07-04,178.822,183.330,176.972,182.290,298362,,,1.4148,hfq
2022-07-05,182.984,185.411,179.169,180.903,219338,,,-0.7609,hfq
2022-07-06,179.631,180.787,169.227,170.846,385688,,,-5.5593,hfq
2022-07-07,172.580,172.926,167.956,170.499,318042,,,-0.2031,hfq
2022-07-08,169.459,172.464,168.649,169.227,219753,,,-0.7460,hfq
2022-07-11,169.690,174.198,168.649,172.580,254757,,,1.9814,hfq
2022-07-12,172.811,179.284,170.730,176.972,326493,,,2.5449,hfq
2022-07-13,177.204,185.758,176.163,181.596,359071,,,2.6128,hfq
2022-07-14,181.250,181.481,172.811,177.088,316653,,,-2.4824,hfq
2022-07-15,177.088,177.088,171.424,172.002,192209,,,-2.8720,hfq
2022-07-18,172.117,176.857,170.499,175.354,212595,,,1.9488,hfq
2022-07-19,175.701,176.163,171.308,173.736,215685,,,-0.9227,hfq
2022-07-20,174.082,174.429,169.459,172.349,239446,,,-0.7983,hfq
2022-07-21,171.886,172.349,168.765,168.996,185525,,,-1.9455,hfq
2022-07-22,169.459,169.921,163.679,165.528,359055,,,-2.0521,hfq
2022-07-25,166.337,171.308,165.528,166.569,228396,,,0.6289,hfq
2022-07-26,167.725,174.545,165.181,173.158,382917,,,3.9557,hfq
2022-07-27,173.504,174.776,167.840,172.695,279724,,,-0.2674,hfq
2022-07-28,172.464,173.389,169.921,170.268,177038,,,-1.4054,hfq
2022-07-29,169.921,170.152,164.372,164.719,398952,,,-3.2590,hfq
2022-08-01,164.603,169.921,163.216,168.649,272191,,,2.3859,hfq
2022-08-02,168.418,168.418,161.020,161.482,288098,,,-4.2497,hfq
2022-08-03,161.829,164.257,156.049,157.321,313704,,,-2.5768,hfq
2022-08-04,158.477,158.824,156.049,157.668,155416,,,0.2206,hfq
2022-08-05,158.130,158.592,155.934,158.361,147600,,,0.4395,hfq
2022-08-08,157.668,160.326,156.396,157.436,242766,,,-0.5841,hfq
2022-08-09,157.552,160.326,155.240,158.824,224567,,,0.8816,hfq
2022-08-10,159.055,159.055,155.471,156.743,153623,,,-1.3103,hfq
2022-08-11,157.090,159.402,155.702,158.708,252167,,,1.2536,hfq
2022-08-12,159.170,160.095,157.668,159.748,155516,,,0.6553,hfq
2022-08-15,159.980,162.060,158.824,161.482,215984,,,1.0855,hfq
2022-08-16,161.482,164.372,160.326,162.407,185081,,,0.5728,hfq
2022-08-17,162.060,166.569,161.714,165.413,253030,,,1.8509,hfq
2022-08-18,165.297,165.875,162.523,164.719,149598,,,-0.4196,hfq
2022-08-19,164.488,169.459,163.563,167.609,240001,,,1.7545,hfq
2022-08-22,167.956,173.620,154.315,172.811,314060,,,3.1037,hfq
2022-08-23,174.660,174.776,171.539,173.389,196386,,,0.3345,hfq
2022-08-24,168.418,168.418,159.517,159.517,834792,,,-8.0005,hfq
2022-08-25,159.170,162.869,158.708,161.945,342874,,,1.5221,hfq
2022-08-26,162.523,167.609,161.598,166.337,288459,,,2.7120,hfq
2022-08-29,164.488,166.800,161.367,166.453,211512,,,0.0697,hfq
2022-08-30,166.915,168.534,164.025,166.684,204812,,,0.1388,hfq
2022-08-31,166.915,172.002,165.644,170.615,350196,,,2.3584,hfq
2022-09-01,170.846,184.139,169.343,179.978,677970,,,5.4878,hfq
2022-09-02,180.903,182.868,176.394,181.134,443826,,,0.6423,hfq
2022-09-05,181.365,190.151,179.978,188.301,442837,,,3.9567,hfq
2022-09-06,187.839,197.549,187.492,195.006,551950,,,3.5608,hfq
2022-09-07,194.774,199.398,193.619,195.584,420952,,,0.2964,hfq
2022-09-08,195.352,199.514,191.307,196.971,348627,,,0.7092,hfq
2022-09-09,196.046,209.109,196.046,207.143,540801,,,5.1642,hfq
2022-09-13,205.872,211.999,200.786,204.254,482409,,,-1.3947,hfq
2022-09-14,201.364,211.305,200.670,206.681,275916,,,1.1882,hfq
2022-09-15,208.299,215.004,203.907,207.953,445630,,,0.6154,hfq
2022-09-16,206.103,210.611,201.479,202.288,378090,,,-2.7242,hfq
2022-09-19,203.444,207.837,199.052,204.485,242344,,,1.0861,hfq
2022-09-20,205.409,205.872,199.052,201.595,275337,,,-1.4133,hfq
2022-09-21,202.635,203.444,199.052,202.057,201324,,,0.2292,hfq
2022-09-22,200.208,203.676,198.127,202.635,156505,,,0.2861,hfq
2022-09-23,203.213,207.606,200.323,201.248,171802,,,-0.6845,hfq
2022-09-26,199.398,207.837,199.052,201.710,242741,,,0.2296,hfq
2022-09-27,201.595,204.254,198.820,202.288,190398,,,0.2865,hfq
2022-09-28,202.057,202.057,197.549,198.936,140334,,,-1.6570,hfq
2022-09-29,199.167,200.439,191.191,192.578,378088,,,-3.1960,hfq
2022-09-30,194.659,198.358,191.075,195.006,304197,,,1.2608,hfq
2022-10-10,196.740,204.022,195.699,200.554,445944,,,2.8450,hfq
2022-10-11,200.439,201.826,196.740,198.589,215624,,,-0.9798,hfq
2022-10-12,198.705,207.721,196.855,206.797,251775,,,4.1332,hfq
2022-10-13,204.947,206.681,197.318,202.982,309888,,,-1.8448,hfq
2022-10-14,201.826,209.224,201.595,202.057,195411,,,-0.4557,hfq
2022-10-17,201.248,202.404,194.543,199.052,186308,,,-1.4872,hfq
2022-10-18,198.820,203.098,197.549,199.283,194255,,,0.1161,hfq
2022-10-19,198.820,205.756,198.011,202.404,164125,,,1.5661,hfq
2022-10-20,202.751,204.254,198.589,199.398,160994,,,-1.4851,hfq
2022-10-21,198.358,205.756,197.433,202.288,192544,,,1.4494,hfq
2022-10-24,200.901,201.132,191.538,191.885,278718,,,-5.1427,hfq
2022-10-25,193.156,193.965,184.371,187.376,351986,,,-2.3498,hfq
2022-10-26,185.873,191.538,182.059,184.024,499736,,,-1.7889,hfq
2022-10-27,184.139,187.261,181.018,185.064,275721,,,0.5651,hfq
2022-10-28,183.446,184.717,178.706,181.018,282114,,,-2.1863,hfq
2022-10-31,181.134,181.712,171.886,173.504,430760,,,-4.1510,hfq
2022-11-01,173.736,175.470,169.459,173.158,309300,,,-0.1994,hfq
2022-11-02,173.158,179.053,170.730,177.435,264812,,,2.4700,hfq
2022-11-03,175.932,179.978,174.429,175.123,217307,,,-1.3030,hfq
2022-11-04,175.701,177.204,174.660,175.007,263533,,,-0.0662,hfq
2022-11-07,174.660,178.822,173.158,176.741,239033,,,0.9908,hfq
2022-11-08,176.394,182.868,176.394,180.325,341641,,,2.0278,hfq
2022-11-09,182.637,189.110,180.556,180.672,243088,,,0.1924,hfq
2022-11-10,179.400,180.325,175.123,177.088,224222,,,-1.9837,hfq
2022-11-11,183.562,191.307,181.250,191.307,582110,,,8.0293,hfq
2022-11-14,198.127,199.630,187.607,194.312,626395,,,1.5708,hfq
2022-11-15,191.769,197.202,189.573,192.578,343373,,,-0.8924,hfq
2022-11-16,191.075,192.578,186.336,186.683,251104,,,-3.0611,hfq
2022-11-17,187.029,192.116,182.868,188.879,203725,,,1.1763,hfq
2022-11-18,187.839,191.885,187.376,189.804,217720,,,0.4897,hfq
2022-11-21,189.573,190.960,185.989,190.266,147637,,,0.2434,hfq
2022-11-22,190.960,195.699,190.266,191.769,178068,,,0.7899,hfq
2022-11-23,191.538,194.197,189.804,191.422,146497,,,-0.1809,hfq
2022-11-24,192.347,193.850,188.648,191.075,137193,,,-0.1813,hfq
2022-11-25,191.653,201.942,191.422,200.554,371918,,,4.9609,hfq
2022-11-28,196.740,201.364,195.006,200.554,230706,,,0.0000,hfq
2022-11-29,208.877,217.085,205.641,217.085,517301,,,8.2427,hfq
2022-11-30,214.079,218.703,208.531,214.889,556090,,,-1.0116,hfq
2022-12-01,211.767,216.160,208.993,211.652,317152,,,-1.5064,hfq
2022-12-02,211.999,212.808,204.254,206.219,244826,,,-2.5669,hfq
2022-12-05,208.646,214.079,204.716,206.103,353302,,,-0.0563,hfq
2022-12-06,206.103,209.571,204.947,206.797,199417,,,0.3367,hfq
2022-12-07,207.143,208.068,202.404,203.213,194688,,,-1.7331,hfq
2022-12-08,203.444,207.606,201.826,205.294,253593,,,1.0240,hfq
2022-12-09,205.178,211.536,205.178,210.611,398826,,,2.5899,hfq
2022-12-12,209.224,209.340,202.520,202.866,233744,,,-3.6774,hfq
2022-12-13,202.866,205.409,202.173,203.676,179766,,,0.3993,hfq
2022-12-14,202.520,203.676,199.052,201.710,162428,,,-0.9653,hfq
2022-12-15,201.826,202.288,196.971,201.132,136987,,,-0.2865,hfq
2022-12-16,202.288,206.219,200.786,204.600,128198,,,1.7242,hfq
2022-12-19,204.485,206.565,198.474,201.248,117260,,,-1.6383,hfq
2022-12-20,199.745,199.745,195.121,196.046,106860,,,-2.5849,hfq
2022-12-21,194.774,198.474,194.774,196.046,78956,,,0.0000,hfq
2022-12-22,197.318,199.976,195.352,196.046,99088,,,0.0000,hfq
2022-12-23,197.086,197.202,193.734,194.659,65559,,,-0.7075,hfq
2022-12-26,195.006,195.699,192.116,193.387,84477,,,-0.6535,hfq
2022-12-27,194.774,197.318,192.925,193.041,96496,,,-0.1789,hfq
2022-12-28,193.387,194.890,191.307,194.659,84899,,,0.8382,hfq
2022-12-29,193.503,194.774,188.763,192.347,171857,,,-1.1877,hfq
2022-12-30,193.387,195.237,192.231,192.694,95689,,,0.1804,hfq
2023-01-03,193.619,203.329,192.116,198.242,207250,,,2.8792,hfq
2023-01-04,197.896,207.606,197.086,206.797,215917,,,4.3154,hfq
2023-01-05,207.259,209.340,205.409,207.837,151099,,,0.5029,hfq
2023-01-06,208.646,210.611,205.756,207.490,136008,,,-0.1670,hfq
2023-01-09,206.565,208.877,190.266,190.960,861908,,,-7.9666,hfq
2023-01-10,187.607,190.266,179.631,188.070,1653726,,,-1.5134,hfq
2023-01-11,183.908,188.648,182.868,185.411,577595,,,-1.4138,hfq
2023-01-12,185.411,187.145,184.024,184.717,383318,,,-0.3743,hfq
2023-01-13,184.949,185.411,182.868,184.371,233250,,,-0.1873,hfq
2023-01-16,188.648,194.312,187.607,191.885,569967,,,4.0755,hfq
2023-01-17,193.156,193.850,188.532,189.457,251636,,,-1.2653,hfq
2023-01-18,189.804,191.075,186.451,187.029,220609,,,-1.2816,hfq
2023-01-19,186.451,188.070,184.602,187.839,188449,,,0.4331,hfq
2023-01-20,187.029,189.804,186.567,188.532,176021,,,0.3689,hfq
2023-01-30,190.497,190.497,186.451,186.567,221571,,,-1.0423,hfq
2023-01-31,186.336,189.457,185.873,188.301,223570,,,0.9294,hfq
2023-02-01,188.417,189.341,184.949,187.145,326141,,,-0.6139,hfq
2023-02-02,186.798,187.954,185.642,186.683,188257,,,-0.2469,hfq
2023-02-03,186.798,186.914,183.793,184.024,230765,,,-1.4243,hfq
2023-02-06,182.174,185.411,181.943,183.446,221269,,,-0.3141,hfq
2023-02-07,183.446,186.220,183.330,184.949,216341,,,0.8193,hfq
2023-02-08,184.949,189.226,184.949,186.451,361118,,,0.8121,hfq
2023-02-09,186.567,189.110,185.989,188.417,296158,,,1.0544,hfq
2023-02-10,188.185,188.417,185.873,187.261,190242,,,-0.6135,hfq
2023-02-13,187.029,188.995,185.295,186.798,258304,,,-0.2472,hfq
2023-02-14,186.798,187.954,184.602,187.376,332355,,,0.3094,hfq
2023-02-15,186.798,186.914,182.637,183.099,357903,,,-2.2826,hfq
2023-02-16,182.637,183.215,178.822,180.440,324064,,,-1.4522,hfq
2023-02-17,180.440,181.134,179.516,180.556,133853,,,0.0643,hfq
2023-02-20,181.134,184.602,180.556,183.562,285117,,,1.6649,hfq
2023-02-21,184.602,185.873,183.793,185.295,278466,,,0.9441,hfq
2023-02-22,184.833,186.567,183.793,185.642,180996,,,0.1873,hfq
2023-02-23,185.527,186.105,184.255,184.717,133306,,,-0.4983,hfq
2023-02-24,184.255,184.717,182.637,184.486,146014,,,-0.1251,hfq
2023-02-27,184.255,186.914,183.330,185.642,197052,,,0.6266,hfq
2023-02-28,185.758,187.954,183.793,187.492,345177,,,0.9965,hfq
2023-03-01,187.261,188.648,186.798,187.607,240545,,,0.0613,hfq
2023-03-02,187.607,188.648,185.989,186.105,174259,,,-0.8006,hfq
2023-03-03,186.683,186.683,184.602,185.642,159224,,,-0.2488,hfq
2023-03-06,185.411,186.105,182.059,182.752,291280,,,-1.5568,hfq
2023-03-07,182.406,184.833,180.787,181.018,229257,,,-0.9488,hfq
2023-03-08,181.018,181.134,177.319,178.706,262187,,,-1.2772,hfq
2023-03-09,179.631,180.556,178.244,179.284,130440,,,0.3234,hfq
2023-03-10,178.706,178.822,174.198,174.314,257642,,,-2.7721,hfq
2023-03-13,174.429,177.435,174.198,177.204,164037,,,1.6579,hfq
2023-03-14,176.510,177.897,175.007,175.123,126420,,,-1.1744,hfq
2023-03-15,175.123,177.897,175.123,177.204,137190,,,1.1883,hfq
2023-03-16,176.510,180.325,175.701,177.319,248442,,,0.0649,hfq
2023-03-17,178.244,179.053,175.816,176.510,216975,,,-0.4562,hfq
2023-03-20,176.857,177.666,173.967,174.198,155291,,,-1.3098,hfq
2023-03-21,173.851,175.007,171.193,172.926,212287,,,-0.7302,hfq
2023-03-22,172.926,178.706,172.811,175.354,250016,,,1.4041,hfq
2023-03-23,175.238,175.354,173.273,174.082,122976,,,-0.7254,hfq
2023-03-24,173.736,174.545,171.655,172.233,226203,,,-1.0621,hfq
2023-03-27,172.233,172.811,169.227,172.233,283148,,,0.0000,hfq
2023-03-28,172.233,173.042,170.152,171.077,192047,,,-0.6712,hfq
2023-03-29,171.424,173.042,170.268,171.539,172261,,,0.2701,hfq
2023-03-30,171.539,174.198,170.152,173.389,191029,,,1.0785,hfq
2023-03-31,174.429,177.782,173.967,174.429,232212,,,0.5998,hfq
2023-04-03,174.660,180.094,174.660,178.475,412216,,,2.3196,hfq
2023-04-04,178.591,181.365,178.013,179.284,276368,,,0.4533,hfq
2023-04-06,179.400,180.209,177.666,177.666,156925,,,-0.9025,hfq
2023-04-07,177.666,184.024,177.550,181.712,339604,,,2.2773,hfq
2023-04-10,181.712,184.949,180.325,183.562,329001,,,1.0181,hfq
2023-04-11,183.562,186.105,182.290,185.758,352114,,,1.1963,hfq
2023-04-12,185.758,186.798,184.139,184.717,228520,,,-0.5604,hfq
2023-04-13,184.833,184.833,182.406,183.793,198584,,,-0.5002,hfq
2023-04-14,183.099,184.486,182.406,182.637,136002,,,-0.6290,hfq
2023-04-17,182.290,183.793,181.828,183.099,272567,,,0.2530,hfq
2023-04-18,183.446,185.064,182.521,183.446,163465,,,0.1895,hfq
2023-04-19,184.139,184.139,181.018,181.134,179720,,,-1.2603,hfq
2023-04-20,181.365,181.365,179.747,180.672,140167,,,-0.2551,hfq
2023-04-21,181.365,184.486,180.325,180.787,216449,,,0.0637,hfq
2023-04-24,180.556,180.787,177.666,178.475,170557,,,-1.2789,hfq
2023-04-25,178.475,179.400,173.967,176.510,194126,,,-1.1010,hfq
2023-04-26,175.470,177.319,174.198,176.510,144512,,,0.0000,hfq
2023-04-27,176.626,176.741,174.776,175.238,122788,,,-0.7206,hfq
2023-04-28,176.163,176.510,173.736,175.123,159769,,,-0.0656,hfq
2023-05-04,168.996,168.996,161.136,161.136,655021,,,-7.9870,hfq
2023-05-05,161.251,164.488,159.517,163.332,501354,,,1.3628,hfq
2023-05-08,163.216,165.875,160.326,164.835,439893,,,0.9202,hfq
2023-05-09,164.488,173.389,164.141,169.690,436445,,,2.9454,hfq
2023-05-10,169.805,170.383,165.759,166.800,203790,,,-1.7031,hfq
2023-05-11,166.800,169.805,166.453,168.649,153986,,,1.1085,hfq
2023-05-12,168.418,168.996,165.991,166.800,99954,,,-1.0964,hfq
2023-05-15,166.453,170.615,166.222,169.690,213882,,,1.7326,hfq
2023-05-16,169.690,170.730,166.569,167.262,149193,,,-1.4308,hfq
2023-05-17,167.031,167.840,164.719,165.528,106491,,,-1.0367,hfq
2023-05-18,165.991,167.725,165.066,165.991,108412,,,0.2797,hfq
2023-05-19,165.528,166.337,163.563,163.794,105672,,,-1.3236,hfq
2023-05-22,163.216,164.603,163.101,163.910,103243,,,0.0708,hfq
2023-05-23,163.679,166.222,163.563,164.372,135615,,,0.2819,hfq
2023-05-24,164.372,164.372,161.598,161.945,166296,,,-1.4765,hfq
2023-05-25,160.904,162.869,159.748,161.598,156579,,,-0.2143,hfq
2023-05-26,161.598,162.060,160.442,161.598,140857,,,0.0000,hfq
2023-05-29,161.482,165.528,161.367,164.141,178794,,,1.5737,hfq
2023-05-30,164.141,167.725,162.985,167.609,184334,,,2.1128,hfq
2023-05-31,167.147,170.037,165.991,169.112,264786,,,0.8967,hfq
2023-06-01,169.574,169.574,162.638,163.447,322979,,,-3.3499,hfq
2023-06-02,163.794,165.991,160.673,165.528,333931,,,1.2732,hfq
2023-06-05,164.488,164.603,158.246,159.748,469419,,,-3.4919,hfq
2023-06-06,158.477,163.794,158.477,161.136,344048,,,0.8689,hfq
2023-06-07,161.482,164.719,160.904,163.794,274127,,,1.6495,hfq
2023-06-08,163.216,164.603,161.714,163.794,167721,,,0.0000,hfq
2023-06-09,163.679,164.141,161.829,162.407,180786,,,-0.8468,hfq
2023-06-12,162.407,164.141,161.251,163.563,170448,,,0.7118,hfq
2023-06-13,163.563,165.528,163.216,164.141,116308,,,0.3534,hfq
2023-06-14,164.141,165.297,163.216,163.332,102440,,,-0.4929,hfq
2023-06-15,163.216,164.719,161.829,164.372,152873,,,0.6367,hfq
2023-06-16,163.910,167.840,163.794,167.262,241016,,,1.7582,hfq
2023-06-19,167.956,167.956,161.829,162.638,278952,,,-2.7645,hfq
2023-06-20,162.060,163.101,160.673,161.367,168662,,,-0.7815,hfq
2023-06-21,161.367,161.945,159.748,159.864,166064,,,-0.9314,hfq
2023-06-26,159.402,159.517,157.552,158.014,144557,,,-1.1572,hfq
2023-06-27,158.939,161.482,156.512,160.442,178308,,,1.5366,hfq
2023-06-28,160.558,161.482,158.824,161.367,141193,,,0.5765,hfq
2023-06-29,161.136,161.251,160.095,160.904,102550,,,-0.2869,hfq
2023-06-30,162.060,163.216,160.904,161.020,132269,,,0.0721,hfq
2023-07-03,161.598,161.598,160.095,160.904,135367,,,-0.0720,hfq
2023-07-04,161.020,161.020,158.014,159.286,215718,,,-1.0056,hfq
2023-07-05,159.286,159.864,157.783,158.014,191620,,,-0.7986,hfq
2023-07-06,158.014,158.477,154.778,156.396,204777,,,-1.0240,hfq
2023-07-07,156.165,157.090,154.893,155.587,157120,,,-0.5173,hfq
2023-07-10,155.702,156.280,152.119,153.044,365734,,,-1.6345,hfq
2023-07-11,153.506,154.315,151.425,152.350,195334,,,-0.4535,hfq
2023-07-12,152.234,152.697,150.616,150.732,235166,,,-1.0620,hfq
2023-07-13,150.963,151.541,150.501,151.425,163337,,,0.4598,hfq
2023-07-14,151.310,151.310,149.923,150.038,219575,,,-0.9160,hfq
2023-07-17,150.385,150.385,148.651,148.767,181122,,,-0.8471,hfq
2023-07-18,148.420,149.807,147.495,149.460,199110,,,0.4658,hfq
2023-07-19,148.998,149.807,148.767,149.576,138636,,,0.0776,hfq
2023-07-20,149.576,153.390,149.460,150.501,297913,,,0.6184,hfq
2023-07-21,150.501,151.772,149.923,151.541,156296,,,0.6910,hfq
2023-07-24,151.425,151.656,149.576,150.385,106794,,,-0.7628,hfq
2023-07-25,152.812,157.321,152.466,156.974,521607,,,4.3814,hfq
2023-07-26,156.743,158.477,156.165,157.436,289038,,,0.2943,hfq
2023-07-27,156.280,158.361,155.818,157.436,270098,,,0.0000,hfq
2023-07-28,157.205,163.216,156.627,161.829,435443,,,2.7903,hfq
2023-07-31,167.378,173.620,167.378,173.620,894853,,,7.2861,hfq
2023-08-01,171.193,179.400,169.112,175.932,1196727,,,1.3316,hfq
2023-08-02,174.545,179.862,173.851,176.510,722654,,,0.3285,hfq
2023-08-03,177.088,178.013,172.926,177.204,447539,,,0.3932,hfq
2023-08-04,178.013,183.793,176.394,176.741,703102,,,-0.2613,hfq
2023-08-07,175.238,175.585,171.655,172.811,451497,,,-2.2236,hfq
2023-08-08,172.926,173.736,171.077,171.424,242991,,,-0.8026,hfq
2023-08-09,171.308,174.892,171.193,172.117,370498,,,0.4043,hfq
2023-08-10,172.349,174.082,171.886,172.233,226934,,,0.0674,hfq
2023-08-11,173.504,174.892,170.383,171.539,295598,,,-0.4029,hfq
2023-08-14,169.574,171.655,168.534,170.499,203332,,,-0.6063,hfq
2023-08-15,169.343,171.886,168.649,170.268,208430,,,-0.1355,hfq
2023-08-16,170.152,174.545,168.881,173.042,351740,,,1.6292,hfq
2023-08-17,172.349,174.660,171.655,174.314,231072,,,0.7351,hfq
2023-08-18,173.736,179.400,173.620,175.932,387170,,,0.9282,hfq
2023-08-21,175.354,175.354,171.193,171.308,219262,,,-2.6283,hfq
2023-08-22,171.193,173.042,169.805,172.349,171456,,,0.6077,hfq
2023-08-23,171.424,172.695,170.730,171.308,111043,,,-0.6040,hfq
2023-08-24,171.771,172.580,168.996,169.574,198631,,,-1.0122,hfq
2023-08-25,169.690,173.389,168.765,170.152,196327,,,0.3409,hfq
2023-08-28,178.128,181.365,174.545,176.163,609538,,,3.5327,hfq
2023-08-29,175.123,177.782,173.042,176.510,362214,,,0.1970,hfq
2023-08-30,175.470,180.094,174.314,174.776,416740,,,-0.9824,hfq
2023-08-31,170.499,175.585,167.493,169.690,525223,,,-2.9100,hfq
2023-09-01,169.690,172.349,167.147,168.534,334649,,,-0.6812,hfq
2023-09-04,169.805,175.354,169.459,170.268,444031,,,1.0289,hfq
2023-09-05,171.308,171.308,165.181,166.337,344319,,,-2.3087,hfq
2023-09-06,166.684,168.996,164.603,168.303,283661,,,1.1819,hfq
2023-09-07,168.303,170.037,167.378,168.534,148183,,,0.1373,hfq
2023-09-08,167.840,169.343,166.800,168.418,93716,,,-0.0688,hfq
2023-09-11,168.303,168.765,166.222,166.684,129509,,,-1.0296,hfq
2023-09-12,166.800,167.031,165.297,165.644,112532,,,-0.6239,hfq
2023-09-13,169.112,170.730,166.222,166.800,447837,,,0.6979,hfq
2023-09-14,166.337,167.493,164.950,166.106,178652,,,-0.4161,hfq
2023-09-15,166.337,168.303,165.528,165.528,145858,,,-0.3480,hfq
2023-09-18,165.066,165.759,162.638,163.679,247833,,,-1.1170,hfq
2023-09-19,163.679,164.835,163.216,164.372,191043,,,0.4234,hfq
2023-09-20,164.257,164.257,162.407,162.523,168867,,,-1.1249,hfq
2023-09-21,162.754,164.719,162.407,162.985,138969,,,0.2843,hfq
2023-09-22,162.407,163.563,161.945,163.216,117713,,,0.1417,hfq
2023-09-25,163.332,163.332,161.367,161.714,137254,,,-0.9203,hfq
2023-09-26,161.482,162.523,159.748,160.095,242329,,,-1.0012,hfq
2023-09-27,159.980,161.251,158.361,158.592,215897,,,-0.9388,hfq
2023-09-28,158.592,159.980,158.592,158.824,130273,,,0.1463,hfq
2023-10-09,158.824,159.286,156.858,157.436,141496,,,-0.8739,hfq
2023-10-10,157.321,158.130,156.049,156.396,125652,,,-0.6606,hfq
2023-10-11,156.165,156.974,154.893,155.009,174972,,,-0.8869,hfq
2023-10-12,155.124,156.049,155.124,155.587,170885,,,0.3729,hfq
2023-10-13,155.009,155.471,153.622,154.431,132018,,,-0.7430,hfq
2023-10-16,154.200,155.009,153.506,154.315,123176,,,-0.0751,hfq
2023-10-17,154.431,154.431,152.350,153.390,110339,,,-0.5994,hfq
2023-10-18,153.159,153.506,151.425,151.772,107636,,,-1.0548,hfq
2023-10-19,151.425,151.772,149.576,149.576,149268,,,-1.4469,hfq
2023-10-20,149.691,151.541,149.345,150.732,110777,,,0.7729,hfq
2023-10-23,154.778,155.587,150.154,150.847,419174,,,0.0763,hfq
2023-10-24,151.079,154.546,150.732,153.853,292815,,,1.9927,hfq
2023-10-25,155.240,158.130,154.200,156.512,251326,,,1.7283,hfq
2023-10-26,155.934,156.396,153.390,154.662,179943,,,-1.1820,hfq
2023-10-27,154.662,157.205,154.431,154.893,166338,,,0.1494,hfq
2023-10-30,154.546,155.934,153.275,153.968,255114,,,-0.5972,hfq
2023-10-31,155.587,159.055,154.431,157.321,552589,,,2.1777,hfq
2023-11-01,157.436,158.708,155.934,157.668,381272,,,0.2206,hfq
2023-11-02,157.436,158.130,156.627,156.974,196227,,,-0.4402,hfq
2023-11-03,157.090,157.436,155.471,155.702,269396,,,-0.8103,hfq
2023-11-06,156.049,156.743,154.431,156.396,314312,,,0.4457,hfq
2023-11-07,155.934,156.858,154.662,155.240,247102,,,-0.7391,hfq
2023-11-08,154.893,156.165,154.200,154.778,207063,,,-0.2976,hfq
2023-11-09,154.778,156.280,154.778,155.702,214646,,,0.5970,hfq
2023-11-10,155.124,155.356,152.003,152.466,263569,,,-2.0783,hfq
2023-11-13,152.928,152.928,151.425,152.466,174124,,,0.0000,hfq
2023-11-14,152.350,155.009,152.234,153.968,221437,,,0.9851,hfq
2023-11-15,155.934,156.049,154.546,154.893,213743,,,0.6008,hfq
2023-11-16,155.124,155.240,153.622,154.431,132821,,,-0.2983,hfq
2023-11-17,153.968,154.315,152.697,153.506,141549,,,-0.5990,hfq
2023-11-20,153.968,154.546,153.044,153.275,169370,,,-0.1505,hfq
2023-11-21,153.622,159.633,153.275,155.934,492376,,,1.7348,hfq
2023-11-22,155.587,156.858,155.124,155.240,198876,,,-0.4451,hfq
2023-11-23,155.240,158.824,154.200,157.899,320634,,,1.7128,hfq
2023-11-24,158.014,160.673,156.974,157.552,278447,,,-0.2198,hfq
2023-11-27,157.090,157.321,155.471,155.934,244457,,,-1.0270,hfq
2023-11-28,155.818,156.512,155.124,156.165,168603,,,0.1481,hfq
2023-11-29,155.934,156.280,152.581,153.159,279598,,,-1.9249,hfq
2023-11-30,153.044,153.853,152.581,153.622,152833,,,0.3023,hfq
2023-12-01,153.622,155.587,153.159,155.240,188331,,,1.0532,hfq
2023-12-04,155.240,155.818,154.315,154.546,160398,,,-0.4470,hfq
2023-12-05,154.200,155.356,153.390,153.622,135243,,,-0.5979,hfq
2023-12-06,153.159,154.662,152.466,154.431,148911,,,0.5266,hfq
2023-12-07,154.084,155.702,153.622,155.240,186612,,,0.5239,hfq
2023-12-08,155.356,156.512,154.546,154.546,249947,,,-0.4470,hfq
2023-12-11,154.546,156.974,152.697,156.165,337639,,,1.0476,hfq
2023-12-12,155.702,159.748,155.702,159.517,360925,,,2.1464,hfq
2023-12-13,159.517,159.980,157.552,157.899,212491,,,-1.0143,hfq
2023-12-14,158.592,159.286,157.205,157.436,133234,,,-0.2932,hfq
2023-12-15,158.361,158.708,156.165,156.512,174414,,,-0.5869,hfq
2023-12-18,156.396,158.361,156.049,156.858,173284,,,0.2211,hfq
2023-12-19,156.396,156.858,154.546,155.471,165580,,,-0.8842,hfq
2023-12-20,155.587,155.818,154.546,154.546,108993,,,-0.5950,hfq
2023-12-21,154.315,155.240,153.159,153.737,196194,,,-0.5235,hfq
2023-12-22,153.622,155.702,152.350,155.356,218266,,,1.0531,hfq
2023-12-25,155.009,155.471,152.581,153.159,225454,,,-1.4142,hfq
2023-12-26,153.159,154.084,152.697,152.928,133628,,,-0.1508,hfq
2023-12-27,153.159,153.390,151.888,153.159,106707,,,0.1511,hfq
2023-12-28,152.928,155.356,152.234,155.356,204978,,,1.4345,hfq
2023-12-29,155.471,156.396,155.124,155.471,141344,,,0.0740,hfq
2024-01-02,155.702,155.702,154.315,154.662,218098,,,-0.5204,hfq
2024-01-03,154.315,158.708,154.315,157.090,410309,,,1.5699,hfq
2024-01-04,156.512,157.205,155.702,156.858,201647,,,-0.1477,hfq
2024-01-05,157.321,160.673,156.858,158.477,374485,,,1.0321,hfq
2024-01-08,158.824,160.442,157.552,157.783,315644,,,-0.4379,hfq
2024-01-09,157.205,159.055,156.396,158.014,193653,,,0.1464,hfq
2024-01-10,157.552,159.170,157.321,158.824,192596,,,0.5126,hfq
2024-01-11,158.824,158.939,157.321,157.899,220393,,,-0.5824,hfq
2024-01-12,158.246,159.633,157.668,158.824,190557,,,0.5858,hfq
2024-01-15,158.246,162.407,158.014,161.945,315987,,,1.9651,hfq
2024-01-16,161.482,162.060,159.633,160.673,271371,,,-0.7855,hfq
2024-01-17,160.326,160.673,157.783,158.014,200570,,,-1.6549,hfq
2024-01-18,157.783,157.783,153.390,156.165,341768,,,-1.1701,hfq
2024-01-19,155.702,158.246,155.124,156.049,225987,,,-0.0743,hfq
2024-01-22,155.702,156.049,151.541,152.581,304735,,,-2.2224,hfq
2024-01-23,152.466,153.159,149.345,152.697,251985,,,0.0760,hfq
2024-01-24,152.928,156.512,151.772,156.049,276495,,,2.1952,hfq
2024-01-25,156.165,163.101,155.818,162.754,488715,,,4.2967,hfq
2024-01-26,162.176,165.297,162.176,163.563,398174,,,0.4971,hfq
2024-01-29,165.875,167.609,163.794,164.025,481371,,,0.2825,hfq
2024-01-30,163.447,164.950,161.020,161.482,318550,,,-1.5504,hfq
2024-01-31,159.402,159.402,155.124,155.702,552166,,,-3.5793,hfq
2024-02-01,156.049,157.436,154.200,154.546,379805,,,-0.7424,hfq
2024-02-02,154.431,157.552,151.310,154.778,400380,,,0.1501,hfq
2024-02-05,153.968,154.084,149.923,151.541,533214,,,-2.0914,hfq
2024-02-06,151.310,156.858,149.923,156.743,558136,,,3.4327,hfq
2024-02-07,156.049,160.558,155.124,160.558,606319,,,2.4339,hfq
2024-02-08,160.673,164.835,160.558,161.251,562753,,,0.4316,hfq
2024-02-19,163.332,163.679,159.402,161.251,457136,,,0.0000,hfq
2024-02-20,160.211,163.101,160.211,162.407,324340,,,0.7169,hfq
2024-02-21,162.176,165.528,160.904,162.869,454009,,,0.2845,hfq
2024-02-22,162.754,163.563,161.482,163.332,319344,,,0.2843,hfq
2024-02-23,163.563,164.603,162.060,162.754,296144,,,-0.3539,hfq
2024-02-26,163.216,163.563,161.251,161.482,322979,,,-0.7815,hfq
2024-02-27,161.482,162.869,161.020,162.754,314893,,,0.7877,hfq
2024-02-28,162.638,164.603,161.598,162.291,460608,,,-0.2845,hfq
2024-02-29,161.598,164.488,161.251,164.488,378828,,,1.3537,hfq
2024-03-01,164.488,165.759,162.638,163.447,355648,,,-0.6329,hfq
2024-03-04,163.101,163.216,159.748,160.442,515270,,,-1.8385,hfq
2024-03-05,160.095,160.326,157.899,159.055,413366,,,-0.8645,hfq
2024-03-06,159.055,159.864,158.361,159.170,290500,,,0.0723,hfq
2024-03-07,158.939,159.864,158.592,158.592,257388,,,-0.3631,hfq
2024-03-08,158.708,158.939,157.552,158.708,240640,,,0.0731,hfq
2024-03-11,158.708,162.291,158.592,161.829,435236,,,1.9665,hfq
2024-03-12,161.829,163.794,160.326,163.216,458681,,,0.8571,hfq
2024-03-13,162.638,163.332,161.136,161.136,261259,,,-1.2744,hfq
2024-03-14,161.714,163.910,161.136,163.679,510706,,,1.5782,hfq
2024-03-15,163.447,165.875,163.101,164.835,422313,,,0.7063,hfq
2024-03-18,164.835,164.950,162.523,163.679,370354,,,-0.7013,hfq
2024-03-19,163.563,163.910,162.407,162.523,220152,,,-0.7063,hfq
2024-03-20,162.638,162.754,161.136,162.291,222513,,,-0.1427,hfq
2024-03-21,162.060,162.985,161.482,161.714,241114,,,-0.3555,hfq
2024-03-22,161.482,161.945,159.517,160.558,293734,,,-0.7148,hfq
2024-03-25,160.095,163.101,159.286,161.829,363476,,,0.7916,hfq
2024-03-26,161.714,163.563,161.367,162.638,305802,,,0.4999,hfq
2024-03-27,162.176,162.985,161.482,161.482,233401,,,-0.7108,hfq
2024-03-28,161.367,162.060,160.211,161.482,197902,,,0.0000,hfq
2024-03-29,161.482,162.869,161.020,162.754,223015,,,0.7877,hfq
2024-04-01,162.291,163.563,161.945,162.985,292512,,,0.1419,hfq
2024-04-02,163.447,163.679,162.291,163.447,288580,,,0.2835,hfq
2024-04-03,163.216,164.950,162.985,164.488,316437,,,0.6369,hfq
2024-04-08,164.372,167.493,163.910,165.644,538542,,,0.7028,hfq
2024-04-09,165.413,166.800,164.488,164.719,282859,,,-0.5584,hfq
2024-04-10,164.719,165.759,163.332,164.372,263804,,,-0.2107,hfq
2024-04-11,164.025,166.106,162.638,165.759,276951,,,0.8438,hfq
2024-04-12,165.759,166.915,164.950,165.644,256557,,,-0.0694,hfq
2024-04-15,160.673,162.407,153.506,158.708,1182411,,,-4.1873,hfq
2024-04-16,161.482,164.835,160.904,164.257,1026236,,,3.4964,hfq
2024-04-17,163.216,164.488,161.482,164.372,654694,,,0.0700,hfq
2024-04-18,163.794,164.835,161.251,161.482,678954,,,-1.7582,hfq
2024-04-19,160.904,162.060,159.980,160.442,411310,,,-0.6440,hfq
2024-04-22,160.095,161.598,159.055,159.633,388522,,,-0.5042,hfq
2024-04-23,158.708,158.939,156.396,157.436,348335,,,-1.3763,hfq
2024-04-24,156.974,157.552,155.818,157.090,249595,,,-0.2198,hfq
2024-04-25,157.090,158.361,156.165,158.246,262656,,,0.7359,hfq
2024-04-26,158.361,159.980,156.974,159.748,330945,,,0.9492,hfq
2024-04-29,159.286,163.910,159.055,163.332,666650,,,2.2435,hfq
2024-04-30,162.060,162.176,157.899,159.170,691854,,,-2.5482,hfq
2024-05-06,158.592,161.598,158.592,160.558,461275,,,0.8720,hfq
2024-05-07,160.558,163.101,160.095,161.598,377102,,,0.6477,hfq
2024-05-08,161.598,161.598,159.864,160.095,209030,,,-0.9301,hfq
2024-05-09,160.326,162.060,160.211,161.714,272960,,,1.0113,hfq
2024-05-10,161.945,165.297,161.136,164.141,604205,,,1.5008,hfq
2024-05-13,163.563,164.835,162.176,164.025,245047,,,-0.0707,hfq
2024-05-14,164.372,165.297,163.794,164.719,246127,,,0.4231,hfq
2024-05-15,164.488,169.227,163.910,167.262,560320,,,1.5438,hfq
2024-05-16,167.147,170.499,166.569,169.343,564636,,,1.2442,hfq
2024-05-17,169.574,177.782,166.915,176.510,1138408,,,4.2322,hfq
2024-05-20,174.776,175.007,169.574,172.464,836447,,,-2.2922,hfq
2024-05-21,172.002,172.695,169.574,171.655,442418,,,-0.4691,hfq
2024-05-22,171.655,174.545,170.730,171.308,503684,,,-0.2021,hfq
2024-05-23,169.921,170.730,167.725,169.227,460759,,,-1.2148,hfq
2024-05-24,168.881,169.921,166.915,166.915,320274,,,-1.3662,hfq
2024-05-27,167.493,168.071,166.569,167.840,205219,,,0.5542,hfq
2024-05-28,168.071,168.881,165.991,166.222,229981,,,-0.9640,hfq
2024-05-29,166.222,167.147,165.413,165.875,182895,,,-0.2088,hfq
2024-05-30,165.528,165.875,163.216,163.563,309601,,,-1.3938,hfq
2024-05-31,163.679,164.488,163.216,163.447,184114,,,-0.0709,hfq
2024-06-03,162.985,163.332,160.904,161.482,257756,,,-1.2022,hfq
2024-06-04,161.367,163.216,160.326,162.985,223407,,,0.9308,hfq
2024-06-05,162.754,162.985,161.020,161.020,190865,,,-1.2056,hfq
2024-06-06,161.598,161.945,159.748,160.326,174889,,,-0.4310,hfq
2024-06-07,160.442,161.598,159.864,160.442,176035,,,0.0724,hfq
2024-06-11,160.326,160.326,158.246,159.055,188646,,,-0.8645,hfq
2024-06-12,159.055,161.251,158.708,160.673,183917,,,1.0173,hfq
2024-06-13,160.673,161.714,159.286,159.517,157259,,,-0.7195,hfq
2024-06-14,159.517,159.980,157.552,159.286,212491,,,-0.1448,hfq
2024-06-17,158.477,159.170,158.130,158.246,116306,,,-0.6529,hfq
2024-06-18,158.361,158.592,157.668,158.014,130219,,,-0.1466,hfq
2024-06-19,158.014,158.246,156.512,156.627,166216,,,-0.8778,hfq
2024-06-20,156.396,157.205,155.934,156.165,120497,,,-0.2950,hfq
2024-06-21,156.049,156.627,155.124,156.396,117728,,,0.1479,hfq
2024-06-24,156.974,157.090,153.159,153.390,227761,,,-1.9220,hfq
2024-06-25,153.390,155.240,152.466,154.084,155189,,,0.4524,hfq
2024-06-26,154.200,154.662,152.350,154.662,151965,,,0.3751,hfq
2024-06-27,154.662,155.009,152.466,153.853,209590,,,-0.5231,hfq
2024-06-28,153.275,156.396,152.928,155.471,218132,,,1.0517,hfq
2024-07-01,155.124,157.321,155.009,156.858,213921,,,0.8921,hfq
2024-07-02,156.974,157.090,153.506,154.315,257272,,,-1.6212,hfq
2024-07-03,153.968,155.818,153.275,153.968,185875,,,-0.2249,hfq
2024-07-04,153.968,154.315,150.501,150.847,269981,,,-2.0270,hfq
2024-07-05,150.847,151.079,148.998,150.154,216812,,,-0.4594,hfq
2024-07-08,150.385,150.385,147.264,147.726,202114,,,-1.6170,hfq
2024-07-09,147.379,149.576,146.339,149.113,164061,,,0.9389,hfq
2024-07-10,148.189,149.576,147.611,148.189,98718,,,-0.6197,hfq
2024-07-11,148.882,149.807,148.420,149.229,145530,,,0.7018,hfq
2024-07-12,149.229,150.847,148.998,149.460,173674,,,0.1548,hfq
2024-07-15,148.998,149.460,147.957,148.535,126681,,,-0.6189,hfq
2024-07-16,148.651,149.229,147.495,148.767,107971,,,0.1562,hfq
2024-07-17,148.651,149.691,148.535,148.767,122805,,,0.0000,hfq
2024-07-18,148.420,149.229,147.611,149.113,109932,,,0.2326,hfq
2024-07-19,148.998,148.998,147.842,148.535,126619,,,-0.3876,hfq
2024-07-22,148.767,148.882,146.917,147.148,170236,,,-0.9338,hfq
2024-07-23,147.033,147.033,144.605,144.605,229030,,,-1.7282,hfq
2024-07-24,144.605,144.952,143.565,143.680,140956,,,-0.6397,hfq
2024-07-25,143.218,144.374,143.102,143.333,114206,,,-0.2415,hfq
2024-07-26,143.333,144.836,142.987,144.027,124449,,,0.4842,hfq
2024-07-29,144.143,144.143,140.906,140.906,247424,,,-2.1670,hfq
2024-07-30,140.790,141.368,139.634,140.559,166450,,,-0.2463,hfq
2024-07-31,140.906,144.143,140.097,143.911,222996,,,2.3848,hfq
2024-08-01,143.911,144.721,141.946,142.062,239974,,,-1.2848,hfq
2024-08-02,141.715,142.062,140.906,141.021,167012,,,-0.7328,hfq
2024-08-05,140.675,142.409,139.981,139.981,204264,,,-0.7375,hfq
2024-08-06,140.559,141.253,139.866,140.559,150734,,,0.4129,hfq
2024-08-07,140.328,140.444,139.172,139.750,140565,,,-0.5756,hfq
2024-08-08,139.634,141.831,139.519,141.253,229416,,,1.0755,hfq
2024-08-09,141.484,142.871,141.021,141.021,230551,,,-0.1642,hfq
2024-08-12,141.253,141.368,139.634,139.866,166547,,,-0.8190,hfq
2024-08-13,139.981,140.212,138.478,139.288,158700,,,-0.4133,hfq
2024-08-14,139.288,139.519,138.016,138.132,162878,,,-0.8299,hfq
2024-08-15,137.900,139.403,137.322,138.825,172503,,,0.5017,hfq
2024-08-16,138.594,139.403,138.247,138.594,108766,,,-0.1664,hfq
2024-08-19,138.478,139.634,138.478,138.710,106275,,,0.0837,hfq
2024-08-20,138.825,139.288,137.322,137.554,160786,,,-0.8334,hfq
2024-08-21,137.669,138.594,136.860,137.438,113159,,,-0.0843,hfq
2024-08-22,137.438,137.785,136.629,136.744,96670,,,-0.5050,hfq
2024-08-23,136.513,136.744,135.473,135.704,126505,,,-0.7605,hfq
2024-08-26,135.820,136.976,135.588,136.051,133638,,,0.2557,hfq
2024-08-27,136.051,136.166,134.548,134.548,101855,,,-1.1047,hfq
2024-08-28,134.548,134.895,133.508,133.854,115191,,,-0.5158,hfq
2024-08-29,133.854,134.432,133.161,133.970,126120,,,0.0867,hfq
2024-08-30,133.970,138.016,133.623,136.513,293371,,,1.8982,hfq
2024-09-02,136.051,136.629,134.548,134.779,221272,,,-1.2702,hfq
2024-09-03,134.664,135.357,133.508,135.126,146438,,,0.2575,hfq
2024-09-04,134.779,135.820,134.548,135.242,128470,,,0.0858,hfq
2024-09-05,135.473,137.554,135.357,137.322,215651,,,1.5380,hfq
2024-09-06,137.554,139.750,136.860,139.172,243281,,,1.3472,hfq
2024-09-09,138.363,138.594,135.704,137.785,267640,,,-0.9966,hfq
2024-09-10,137.554,137.669,135.126,136.282,244985,,,-1.0908,hfq
2024-09-11,135.820,138.363,135.126,138.016,259701,,,1.2724,hfq
2024-09-12,137.207,140.675,136.976,138.016,274453,,,0.0000,hfq
2024-09-13,138.016,139.519,137.669,138.710,230194,,,0.5028,hfq
2024-09-18,138.825,140.906,137.900,140.675,250932,,,1.4166,hfq
2024-09-19,141.021,141.599,139.172,139.750,241985,,,-0.6575,hfq
2024-09-20,139.750,140.328,138.363,139.288,175428,,,-0.3306,hfq
2024-09-23,138.941,139.981,138.710,139.056,129541,,,-0.1666,hfq
2024-09-24,139.750,141.831,139.403,141.831,327090,,,1.9956,hfq
2024-09-25,142.987,148.535,142.987,145.761,594226,,,2.7709,hfq
2024-09-26,146.455,155.124,146.223,155.124,1005440,,,6.4235,hfq
2024-09-27,159.748,161.829,157.552,160.673,842477,,,3.5771,hfq
2024-09-30,166.569,171.193,164.141,170.268,1278053,,,5.9718,hfq
2024-10-08,182.059,182.059,167.840,171.077,1500833,,,0.4751,hfq
2024-10-09,167.609,167.609,159.517,159.864,1130714,,,-6.5544,hfq
2024-10-10,160.211,164.950,158.246,162.060,578120,,,1.3737,hfq
2024-10-11,163.216,163.910,159.517,160.789,399812,,,-0.7843,hfq
2024-10-14,162.060,170.499,161.367,167.725,1006836,,,4.3137,hfq
2024-10-15,166.684,170.499,164.603,166.453,580378,,,-0.7584,hfq
2024-10-16,166.800,171.077,166.222,170.961,695594,,,2.7083,hfq
2024-10-17,170.961,171.308,162.985,163.563,698621,,,-4.3273,hfq
2024-10-18,162.638,167.493,161.945,165.759,506011,,,1.3426,hfq
2024-10-21,166.453,166.915,163.447,164.025,588803,,,-1.0461,hfq
2024-10-22,164.257,165.181,162.638,164.141,337832,,,0.0707,hfq
2024-10-23,163.910,165.066,163.447,164.257,338580,,,0.0707,hfq
2024-10-24,164.141,164.488,161.714,162.291,279759,,,-1.1969,hfq
2024-10-25,162.176,164.025,161.829,162.638,250840,,,0.2138,hfq
2024-10-28,163.101,163.679,161.251,162.523,321717,,,-0.0707,hfq
2024-10-29,162.523,163.563,160.326,160.673,368016,,,-1.1383,hfq
2024-10-30,159.864,161.598,159.286,160.326,307345,,,-0.2160,hfq
2024-10-31,160.673,162.754,157.783,159.748,475223,,,-0.3605,hfq
2024-11-01,159.633,165.297,159.055,162.869,663236,,,1.9537,hfq
2024-11-04,164.141,165.297,162.523,164.719,427347,,,1.1359,hfq
2024-11-05,164.719,165.991,163.794,165.644,397891,,,0.5616,hfq
2024-11-06,165.413,168.765,163.563,167.493,526167,,,1.1162,hfq
2024-11-07,166.106,168.534,165.875,168.534,416512,,,0.6215,hfq
2024-11-08,168.996,169.574,165.181,165.644,435216,,,-1.7148,hfq
2024-11-11,164.950,165.991,164.141,165.413,296997,,,-0.1395,hfq
2024-11-12,164.950,167.378,164.835,165.528,388655,,,0.0695,hfq
2024-11-13,164.835,167.725,164.488,164.719,277740,,,-0.4887,hfq
2024-11-14,165.528,165.875,162.060,162.060,267399,,,-1.6143,hfq
2024-11-15,162.060,163.216,161.482,161.482,185343,,,-0.3567,hfq
2024-11-18,164.719,172.233,164.603,170.846,1261034,,,5.7988,hfq
2024-11-19,168.765,168.765,164.257,166.337,634420,,,-2.6392,hfq
2024-11-20,165.297,165.759,164.488,165.181,361292,,,-0.6950,hfq
2024-11-21,165.181,165.991,163.910,164.719,302627,,,-0.2797,hfq
2024-11-22,164.719,165.875,161.020,161.136,380827,,,-2.1752,hfq
2024-11-25,160.789,162.985,159.286,161.020,315401,,,-0.0720,hfq
2024-11-26,161.020,162.985,159.980,162.060,226204,,,0.6459,hfq
2024-11-27,161.829,163.216,160.326,163.216,193692,,,0.7133,hfq
2024-11-28,163.563,163.794,162.523,163.216,179728,,,0.0000,hfq
2024-11-29,162.985,166.915,162.638,165.528,346324,,,1.4165,hfq
2024-12-02,165.297,169.574,165.066,168.187,432779,,,1.6064,hfq
2024-12-03,168.071,170.615,166.684,169.921,414635,,,1.0310,hfq
2024-12-04,169.112,169.690,168.187,168.534,226484,,,-0.8163,hfq
2024-12-05,168.534,168.534,166.453,167.840,198978,,,-0.4118,hfq
2024-12-06,168.534,169.343,167.840,168.534,190212,,,0.4135,hfq
2024-12-09,168.534,169.343,167.262,167.609,189355,,,-0.5489,hfq
2024-12-10,171.308,172.580,167.725,167.840,406245,,,0.1378,hfq
2024-12-11,167.956,170.730,167.609,170.037,352764,,,1.3090,hfq
2024-12-12,169.690,170.961,168.649,170.730,269657,,,0.4076,hfq
2024-12-13,170.499,170.499,168.071,168.071,476864,,,-1.5574,hfq
2024-12-16,167.840,168.765,166.915,168.071,296770,,,0.0000,hfq
2024-12-17,168.071,170.615,167.493,169.921,354170,,,1.1007,hfq
2024-12-18,172.580,176.972,171.424,172.233,563295,,,1.3606,hfq
2024-12-19,172.117,174.660,171.077,173.967,385921,,,1.0068,hfq
2024-12-20,173.504,175.007,172.002,172.117,288755,,,-1.0634,hfq
2024-12-23,172.349,172.695,170.499,170.846,245470,,,-0.7385,hfq
2024-12-24,170.961,173.504,170.961,171.771,249916,,,0.5414,hfq
2024-12-25,171.886,174.545,171.424,173.389,322719,,,0.9420,hfq
2024-12-26,173.042,174.082,172.233,172.695,232135,,,-0.4003,hfq
2024-12-27,172.580,173.967,171.886,172.349,239531,,,-0.2004,hfq
2024-12-30,171.886,174.660,171.886,174.314,301356,,,1.1401,hfq
2024-12-31,174.314,176.048,173.273,173.851,333950,,,-0.2656,hfq
2025-01-02,173.620,175.354,167.378,168.303,406823,,,-3.1912,hfq
2025-01-03,169.112,170.268,166.684,167.262,322423,,,-0.6185,hfq
2025-01-06,166.800,167.609,165.413,166.337,214335,,,-0.5530,hfq
2025-01-07,166.106,168.303,165.991,167.609,203469,,,0.7647,hfq
2025-01-08,167.262,168.187,164.372,167.147,227901,,,-0.2756,hfq
2025-01-09,166.800,166.915,165.066,165.413,156268,,,-1.0374,hfq
2025-01-10,165.413,165.991,162.523,162.638,175362,,,-1.6776,hfq
2025-01-13,162.176,163.563,161.136,162.869,118814,,,0.1420,hfq
2025-01-14,162.985,165.759,162.985,165.297,134472,,,1.4908,hfq
2025-01-15,165.066,168.534,164.950,167.147,239990,,,1.1192,hfq
2025-01-16,167.378,168.071,165.066,166.106,184820,,,-0.6228,hfq
2025-01-17,166.337,168.765,164.950,168.649,308355,,,1.5310,hfq
2025-01-20,168.534,170.152,166.106,168.534,210057,,,-0.0682,hfq
2025-01-21,168.649,169.343,166.453,166.569,196191,,,-1.1659,hfq
2025-01-22,166.453,166.569,163.447,163.447,157865,,,-1.8743,hfq
2025-01-23,164.488,167.840,164.488,166.684,204862,,,1.9805,hfq
2025-01-24,166.453,168.418,166.106,167.262,136762,,,0.3468,hfq
2025-01-27,166.915,168.418,165.991,167.725,195798,,,0.2768,hfq
2025-02-05,167.840,168.071,165.066,165.528,177136,,,-1.3099,hfq
2025-02-06,165.528,167.262,164.488,167.031,187533,,,0.9080,hfq
2025-02-07,166.684,168.418,166.222,167.493,144713,,,0.2766,hfq
2025-02-10,167.493,168.881,166.569,167.378,174214,,,-0.0687,hfq
2025-02-11,167.493,168.071,166.453,167.262,146165,,,-0.0693,hfq
2025-02-12,167.378,168.418,166.106,168.303,172091,,,0.6224,hfq
2025-02-13,167.725,174.198,167.725,173.158,497114,,,2.8847,hfq
2025-02-14,172.926,175.354,172.464,174.314,336137,,,0.6676,hfq
2025-02-17,175.007,176.857,173.042,176.163,256652,,,1.0607,hfq
2025-02-18,175.816,176.857,173.273,173.620,203133,,,-1.4435,hfq
2025-02-19,173.504,174.082,170.846,171.424,229508,,,-1.2648,hfq
2025-02-20,171.424,171.886,169.343,169.805,148920,,,-0.9444,hfq
2025-02-21,170.268,170.499,169.112,169.459,163802,,,-0.2038,hfq
2025-02-24,169.343,173.389,169.112,172.580,279624,,,1.8417,hfq
2025-02-25,172.117,174.198,171.424,173.620,260245,,,0.6026,hfq
2025-02-26,173.736,178.938,173.736,176.857,312388,,,1.8644,hfq
2025-02-27,177.435,178.244,176.394,177.204,176233,,,0.1962,hfq
2025-02-28,177.204,177.666,175.932,176.394,198952,,,-0.4571,hfq
2025-03-03,176.394,177.897,174.660,175.701,173914,,,-0.3929,hfq
2025-03-04,175.816,176.626,174.429,176.279,161846,,,0.3290,hfq
2025-03-05,176.626,176.626,173.736,174.082,133989,,,-1.2463,hfq
2025-03-06,174.429,175.123,173.620,174.660,127365,,,0.3320,hfq
2025-03-07,174.429,174.776,172.464,172.580,140359,,,-1.1909,hfq
2025-03-10,172.695,173.389,172.002,172.464,134683,,,-0.0672,hfq
2025-03-11,172.117,172.464,171.424,171.886,135115,,,-0.3351,hfq
2025-03-12,171.886,173.736,170.383,172.811,144548,,,0.5381,hfq
2025-03-13,172.464,175.354,172.233,174.776,208097,,,1.1371,hfq
2025-03-14,174.776,176.163,173.967,174.776,183682,,,0.0000,hfq
2025-03-17,175.007,180.440,174.314,178.128,418129,,,1.9179,hfq
2025-03-18,177.204,178.013,175.123,176.510,224050,,,-0.9083,hfq
2025-03-19,176.048,177.550,173.620,177.088,193268,,,0.3275,hfq
2025-03-20,176.394,176.741,174.429,174.660,140025,,,-1.3711,hfq
2025-03-21,174.660,176.163,174.198,175.123,143672,,,0.2651,hfq
2025-03-24,175.123,175.932,173.389,175.354,156625,,,0.1319,hfq
2025-03-25,175.354,176.972,175.007,176.857,144962,,,0.8571,hfq
2025-03-26,176.163,178.591,175.585,178.244,169660,,,0.7842,hfq
2025-03-27,178.591,179.284,176.510,177.088,153817,,,-0.6485,hfq
2025-03-28,176.972,178.244,176.394,177.204,155287,,,0.0655,hfq
2025-03-31,176.394,178.128,175.585,176.741,132362,,,-0.2613,hfq
2025-04-01,176.741,178.591,174.545,174.660,240804,,,-1.1774,hfq
2025-04-02,174.660,176.857,174.545,175.007,151939,,,0.1987,hfq
2025-04-03,174.545,179.284,174.198,178.244,321168,,,1.8496,hfq
2025-04-07,174.545,176.972,166.915,170.268,369268,,,-4.4748,hfq
2025-04-08,170.383,175.701,170.152,174.198,300941,,,2.3081,hfq
2025-04-09,173.042,177.550,171.193,176.857,307469,,,1.5264,hfq
2025-04-10,177.666,178.591,175.238,177.782,212865,,,0.5230,hfq
2025-04-11,177.435,177.550,174.776,175.123,142157,,,-1.4957,hfq
2025-04-14,175.123,175.816,173.158,175.007,212187,,,-0.0662,hfq
2025-04-15,174.198,175.007,172.464,173.851,188307,,,-0.6605,hfq
2025-04-16,174.545,176.857,173.736,176.741,242821,,,1.6623,hfq
2025-04-17,176.279,178.706,174.892,176.857,220920,,,0.0656,hfq
2025-04-18,176.857,179.169,176.857,178.244,167043,,,0.7842,hfq
2025-04-21,178.244,178.591,176.741,178.128,136846,,,-0.0651,hfq
2025-04-22,177.782,182.521,177.782,180.325,266659,,,1.2334,hfq
2025-04-23,179.978,180.556,177.897,178.244,182337,,,-1.1540,hfq
2025-04-24,178.475,180.094,178.013,179.862,128436,,,0.9077,hfq
2025-04-25,179.862,184.833,179.284,181.134,321927,,,0.7072,hfq
2025-04-28,181.134,181.365,178.244,179.169,160975,,,-1.0848,hfq
2025-04-29,178.475,180.903,178.475,179.747,108316,,,0.3226,hfq
2025-04-30,178.706,179.400,175.701,177.435,283485,,,-1.2863,hfq
2025-05-06,177.088,178.706,176.626,177.550,192620,,,0.0648,hfq
2025-05-07,178.244,179.284,177.666,178.013,172145,,,0.2608,hfq
2025-05-08,178.013,178.591,176.626,176.741,170589,,,-0.7146,hfq
2025-05-09,176.510,177.204,173.851,176.048,273400,,,-0.3921,hfq
2025-05-12,176.048,177.088,174.776,176.394,193958,,,0.1965,hfq
2025-05-13,176.972,177.088,175.585,175.816,151071,,,-0.3277,hfq
2025-05-14,176.048,177.319,173.736,176.972,246515,,,0.6575,hfq
2025-05-15,176.626,178.013,175.354,176.048,141167,,,-0.5221,hfq
2025-05-16,175.585,176.279,173.967,174.082,175848,,,-1.1167,hfq
2025-05-19,174.082,174.545,173.389,173.504,173188,,,-0.3320,hfq
2025-05-20,173.620,174.082,172.695,174.082,177492,,,0.3331,hfq
2025-05-21,174.429,174.776,173.736,174.429,127083,,,0.1993,hfq
2025-05-22,174.545,175.238,173.504,174.545,142216,,,0.0665,hfq
2025-05-23,174.776,176.048,174.314,174.545,174723,,,0.0000,hfq
2025-05-26,174.660,177.897,174.429,177.666,262505,,,1.7881,hfq
2025-05-27,177.550,179.631,176.394,176.972,188792,,,-0.3906,hfq
2025-05-28,176.626,176.972,175.354,175.354,130310,,,-0.9143,hfq
2025-05-29,175.354,176.048,175.007,175.123,131207,,,-0.1317,hfq
2025-05-30,175.123,175.701,174.545,175.007,125061,,,-0.0662,hfq
2025-06-03,174.545,175.007,172.695,173.273,227672,,,-0.9908,hfq
2025-06-04,173.273,175.816,173.158,175.470,148155,,,1.2679,hfq
2025-06-05,175.354,176.394,174.545,175.585,129005,,,0.0655,hfq
2025-06-06,175.585,177.204,175.123,176.510,124857,,,0.5268,hfq
2025-06-09,176.510,176.972,174.892,175.816,130439,,,-0.3932,hfq
2025-06-10,175.932,176.741,174.892,175.470,106813,,,-0.1968,hfq
2025-06-11,175.816,176.741,175.354,176.163,110047,,,0.3949,hfq
2025-06-12,176.163,176.741,175.816,176.279,81764,,,0.0658,hfq
2025-06-13,176.741,177.088,175.238,175.470,153384,,,-0.4589,hfq
2025-06-16,175.354,177.319,175.007,176.510,131342,,,0.5927,hfq
2025-06-17,176.510,177.666,176.163,176.857,89481,,,0.1966,hfq
2025-06-18,176.972,177.319,175.932,176.163,99101,,,-0.3924,hfq
2025-06-19,176.510,176.510,174.314,175.123,126976,,,-0.5904,hfq
2025-06-20,175.007,175.354,174.082,174.545,107853,,,-0.3301,hfq
2025-06-23,174.545,175.123,173.504,174.776,108272,,,0.1323,hfq
2025-06-24,175.123,176.279,174.314,176.048,118671,,,0.7278,hfq
2025-06-25,176.279,180.440,175.585,180.094,373809,,,2.2982,hfq
2025-06-26,180.325,182.059,179.516,181.828,228831,,,0.9628,hfq
2025-06-27,181.828,183.446,180.094,181.018,231700,,,-0.4455,hfq
2025-06-30,180.440,182.868,179.169,180.209,203687,,,-0.4469,hfq
2025-07-01,180.556,181.365,178.591,180.094,224592,,,-0.0638,hfq
2025-07-02,180.787,183.330,180.094,182.174,194384,,,1.1550,hfq
2025-07-03,182.174,183.561,181.712,182.406,100216,,,0.1274,hfq
2025-07-04,182.406,182.637,181.365,181.596,94520,,,-0.4441,hfq
2025-07-07,181.596,182.868,181.134,182.637,91178,,,0.5733,hfq
2025-07-08,182.984,183.446,181.596,181.943,149279,,,-0.3800,hfq
2025-07-09,181.943,183.677,181.828,183.446,132991,,,0.8261,hfq
2025-07-10,183.561,185.411,182.637,185.064,181427,,,0.8820,hfq
2025-07-11,184.486,185.295,183.677,184.371,140892,,,-0.3745,hfq
2025-07-14,184.486,186.451,184.486,185.295,137549,,,0.5012,hfq
2025-07-15,185.411,186.798,183.561,184.486,168682,,,-0.4366,hfq
2025-07-16,184.024,184.602,180.672,181.018,192981,,,-1.8798,hfq
2025-07-17,181.250,181.712,179.978,180.325,185685,,,-0.3828,hfq
2025-07-18,180.672,181.250,179.169,179.747,203618,,,-0.3205,hfq
2025-07-21,179.747,181.018,179.631,180.556,143520,,,0.4501,hfq
2025-07-22,180.440,181.828,179.284,181.828,202580,,,0.7045,hfq
2025-07-23,181.828,183.330,181.596,182.290,219919,,,0.2541,hfq
2025-07-24,182.752,183.446,181.596,182.406,154433,,,0.0636,hfq
2025-07-25,182.637,184.139,182.174,182.984,180366,,,0.3169,hfq
2025-07-28,182.984,183.330,180.903,181.481,159300,,,-0.8214,hfq
2025-07-29,181.134,181.365,179.747,181.250,140287,,,-0.1273,hfq
2025-07-30,181.365,182.059,180.325,180.903,126807,,,-0.1914,hfq
2025-07-31,180.440,180.556,177.088,177.550,281906,,,-1.8535,hfq
2025-08-01,177.550,178.938,177.204,178.128,123567,,,0.3255,hfq
2025-08-04,178.013,178.591,177.319,178.360,103374,,,0.1302,hfq
2025-08-05,178.591,179.169,178.013,178.360,121156,,,0.0000,hfq
2025-08-06,178.822,178.938,177.782,178.244,105548,,,-0.0650,hfq
2025-08-07,178.244,178.822,177.897,178.244,114156,,,0.0000,hfq
2025-08-08,178.244,178.706,177.666,178.475,114628,,,0.1296,hfq
2025-08-11,178.475,179.747,178.475,179.747,146214,,,0.7127,hfq
2025-08-12,179.631,181.596,179.400,179.862,164555,,,0.0640,hfq
2025-08-13,180.094,181.018,179.516,179.862,181847,,,0.0000,hfq
2025-08-14,181.250,186.914,180.672,186.336,706010,,,3.5994,hfq
2025-08-15,185.411,191.769,185.180,189.573,580578,,,1.7372,hfq
2025-08-18,189.573,191.422,188.648,189.804,349432,,,0.1219,hfq
2025-08-19,189.804,191.422,187.954,190.729,263302,,,0.4873,hfq
2025-08-20,190.266,191.191,188.995,190.729,211932,,,0.0000,hfq
2025-08-21,190.729,191.307,189.226,190.266,171283,,,-0.2428,hfq
2025-08-22,190.729,190.844,188.763,189.919,161881,,,-0.1824,hfq
2025-08-25,189.341,194.428,188.995,192.694,303640,,,1.4611,hfq
2025-08-26,192.694,194.890,191.307,193.503,205969,,,0.4198,hfq
2025-08-27,193.041,194.543,191.653,191.769,196533,,,-0.8961,hfq
2025-08-28,191.769,195.468,191.653,195.468,270782,,,1.9289,hfq
2025-08-29,195.468,195.699,193.850,194.890,208029,,,-0.2957,hfq
2025-09-01,191.307,191.307,182.059,185.180,860346,,,-4.9823,hfq
2025-09-02,184.139,184.833,180.903,181.828,393595,,,-1.8101,hfq
2025-09-03,182.752,182.984,179.053,179.284,299596,,,-1.3991,hfq
2025-09-04,179.631,182.406,178.013,182.059,289089,,,1.5478,hfq
2025-09-05,182.174,182.637,180.094,180.556,233764,,,-0.8256,hfq
2025-09-08,181.250,182.752,179.169,179.978,304930,,,-0.3201,hfq
2025-09-09,179.631,185.180,179.400,184.024,392912,,,2.2481,hfq
2025-09-10,183.908,184.602,181.134,181.250,189124,,,-1.5074,hfq
2025-09-11,181.712,182.752,180.672,182.637,159910,,,0.7652,hfq
2025-09-12,182.637,182.984,181.365,182.752,139357,,,0.0630,hfq
2025-09-15,182.752,183.908,182.059,182.752,195967,,,0.0000,hfq
2025-09-16,182.752,187.492,182.752,186.336,357856,,,1.9611,hfq
2025-09-17,186.220,187.839,184.949,185.989,194081,,,-0.1862,hfq
2025-09-18,186.105,186.336,182.406,182.984,219071,,,-1.6157,hfq
2025-09-19,183.215,184.833,182.637,184.255,170285,,,0.6946,hfq
2025-09-22,184.139,184.139,181.828,183.446,107244,,,-0.4391,hfq
2025-09-23,183.446,183.561,180.440,181.134,188395,,,-1.2603,hfq
2025-09-24,181.134,183.677,179.978,181.943,278979,,,0.4466,hfq
2025-09-25,182.059,182.059,179.053,179.516,254729,,,-1.3339,hfq
2025-09-26,179.978,179.978,174.545,176.510,451481,,,-1.6745,hfq
2025-09-29,176.510,177.782,174.776,177.666,241499,,,0.6549,hfq
2025-09-30,177.550,180.094,177.204,178.938,173798,,,0.7160,hfq
2025-10-09,179.053,179.053,175.932,178.013,368136,,,-0.5169,hfq
2025-10-10,177.088,178.938,176.857,178.591,182250,,,0.3247,hfq
2025-10-13,176.279,179.284,175.932,178.938,228553,,,0.1943,hfq
2025-10-14,179.053,179.862,178.013,179.516,230158,,,0.3230,hfq
2025-10-15,179.516,180.672,178.938,179.169,166109,,,-0.1933,hfq
2025-10-16,179.169,180.325,178.475,179.400,143137,,,0.1289,hfq
2025-10-17,178.822,180.556,178.706,180.325,176309,,,0.5156,hfq
2025-10-20,180.325,180.787,179.053,180.094,149747,,,-0.1281,hfq
2025-10-21,180.094,180.672,179.862,179.978,115696,,,-0.0644,hfq
2025-10-22,180.094,181.365,179.631,180.672,120831,,,0.3856,hfq
2025-10-23,180.787,181.596,180.440,181.250,126093,,,0.3199,hfq
2025-10-24,181.712,181.828,178.706,180.787,194424,,,-0.2554,hfq
2025-10-27,180.672,182.174,179.516,180.209,201867,,,-0.3197,hfq
2025-10-28,179.978,182.752,179.747,181.250,294726,,,0.5777,hfq
2025-10-29,180.556,180.672,177.319,179.284,258476,,,-1.0847,hfq
2025-10-30,179.284,179.747,178.244,179.053,184128,,,-0.1288,hfq
2025-10-31,177.897,179.053,177.550,178.128,256965,,,-0.5166,hfq
2025-11-03,177.666,178.360,177.088,177.435,218565,,,-0.3890,hfq
2025-11-04,177.435,181.481,176.741,180.440,357883,,,1.6936,hfq
2025-11-05,179.169,179.284,177.088,178.013,289424,,,-1.3450,hfq
2025-11-06,177.897,178.244,177.319,177.782,154556,,,-0.1298,hfq
2025-11-07,178.128,179.169,178.013,178.706,167677,,,0.5197,hfq
2025-11-10,178.706,182.868,178.475,182.406,357758,,,2.0704,hfq
2025-11-11,182.290,185.180,181.018,183.446,311692,,,0.5702,hfq
2025-11-12,183.446,185.064,182.984,184.371,189973,,,0.5042,hfq
2025-11-13,184.371,186.567,183.793,186.451,218027,,,1.1282,hfq
2025-11-14,186.336,187.261,185.180,185.180,174790,,,-0.6817,hfq
2025-11-17,185.295,186.105,183.446,185.180,178508,,,0.0000,hfq
2025-11-18,184.949,185.180,181.712,182.059,174385,,,-1.6854,hfq
2025-11-19,182.752,182.752,179.400,179.978,161141,,,-1.1430,hfq
2025-11-20,180.556,183.446,180.209,181.365,172060,,,0.7706,hfq
2025-11-21,181.596,184.949,180.787,184.486,503627,,,1.7208,hfq
2025-11-24,183.793,184.833,177.897,177.897,555085,,,-3.5715,hfq
2025-11-25,178.706,180.787,177.088,177.319,370847,,,-0.3249,hfq
2025-11-26,177.435,179.169,176.741,176.741,199480,,,-0.3260,hfq
2025-11-27,176.857,177.088,174.776,174.776,283433,,,-1.1118,hfq
2025-11-28,174.776,175.701,173.967,175.354,211180,,,0.3307,hfq
2025-12-01,175.123,175.354,171.886,173.042,546466,,,-1.3185,hfq
2025-12-02,172.580,172.811,170.961,171.655,281914,,,-0.8015,hfq
2025-12-03,171.771,172.811,170.961,171.193,224960,,,-0.2691,hfq
2025-12-04,171.193,172.349,169.805,171.886,266995,,,0.4048,hfq
2025-12-05,171.424,173.042,170.268,172.811,262929,,,0.5381,hfq
2025-12-08,172.811,174.660,171.886,173.620,285643,,,0.4681,hfq
2025-12-09,173.504,173.504,171.424,172.117,300505,,,-0.8657,hfq
2025-12-10,172.117,175.816,171.886,174.429,493197,,,1.3433,hfq
2025-12-11,174.082,174.198,169.805,170.152,484138,,,-2.4520,hfq
2025-12-12,170.152,170.730,167.840,170.730,527827,,,0.3397,hfq
2025-12-15,169.690,171.193,168.649,170.499,267183,,,-0.1353,hfq
2025-12-16,170.383,170.961,169.112,169.343,184654,,,-0.6780,hfq
2025-12-17,168.996,170.615,168.303,169.921,199625,,,0.3413,hfq
2025-12-18,169.921,169.921,168.187,168.418,195378,,,-0.8845,hfq
2025-12-19,168.534,169.227,167.725,168.418,210214,,,0.0000,hfq
2025-12-22,168.418,168.765,167.840,168.071,225707,,,-0.2060,hfq
2025-12-23,168.071,170.037,168.071,168.418,211768,,,0.2065,hfq
2025-12-24,168.534,170.383,168.071,169.690,266974,,,0.7553,hfq
2025-12-25,169.805,171.077,169.805,170.499,200315,,,0.4768,hfq
2025-12-26,170.268,171.424,169.805,171.193,230447,,,0.4070,hfq
2025-12-29,171.193,171.539,169.921,169.921,195075,,,-0.7430,hfq
2025-12-30,169.574,169.805,167.840,168.071,253493,,,-1.0887,hfq
2025-12-31,168.187,168.187,166.337,167.262,187732,,,-0.4813,hfq
2026-01-05,167.262,169.343,167.031,168.996,241485,,,1.0367,hfq
2026-01-06,168.881,169.921,168.765,169.805,189915,,,0.4787,hfq
2026-01-07,169.805,169.805,168.187,168.303,213674,,,-0.8845,hfq
2026-01-08,168.071,169.459,167.609,168.996,222813,,,0.4118,hfq
2026-01-09,168.881,169.690,168.534,169.343,238887,,,0.2053,hfq
2026-01-12,169.459,169.459,168.534,169.227,190371,,,-0.0685,hfq
2026-01-13,168.881,169.459,168.649,168.881,186604,,,-0.2045,hfq
2026-01-14,168.881,169.227,167.262,168.418,318204,,,-0.2742,hfq
2026-01-15,168.418,168.996,167.840,168.303,265571,,,-0.0683,hfq
2026-01-16,168.303,168.765,166.106,166.222,393350,,,-1.2365,hfq
2026-01-19,162.291,164.372,160.673,163.563,603288,,,-1.5997,hfq
2026-01-20,163.447,167.609,163.101,167.031,452541,,,2.1203,hfq
2026-01-21,167.031,169.343,166.106,167.147,223352,,,0.0694,hfq
2026-01-22,167.262,170.037,166.800,168.765,305113,,,0.9680,hfq
2026-01-23,168.649,169.227,168.071,168.881,174457,,,0.0687,hfq
2026-01-26,167.840,168.881,166.684,168.187,261590,,,-0.4109,hfq
2026-01-27,168.187,168.649,165.181,167.840,298572,,,-0.2063,hfq
2026-01-28,167.840,170.152,167.031,168.418,300367,,,0.3444,hfq
2026-01-29,168.187,172.464,167.609,171.886,482526,,,2.0592,hfq
2026-01-30,171.771,172.580,169.921,170.615,226213,,,-0.7394,hfq
2026-02-02,170.152,170.846,167.147,167.262,258535,,,-1.9652,hfq
2026-02-03,168.534,170.152,168.187,168.534,217952,,,0.7605,hfq
2026-02-04,168.187,172.464,168.071,172.349,319080,,,2.2636,hfq
2026-02-05,172.580,173.042,171.539,172.464,224269,,,0.0667,hfq
2026-02-06,172.349,172.464,170.268,170.383,165519,,,-1.2066,hfq
2026-02-09,171.193,172.926,170.152,171.886,190235,,,0.8821,hfq
2026-02-10,171.771,172.464,170.615,172.233,161762,,,0.2019,hfq
2026-02-11,172.349,173.620,172.002,172.117,136415,,,-0.0674,hfq
2026-02-12,172.349,173.158,171.539,172.002,123976,,,-0.0668,hfq
2026-02-13,172.233,172.464,169.805,169.921,118664,,,-1.2099,hfq
2026-02-24,170.037,171.308,169.921,170.846,127907,,,0.5444,hfq
2026-02-25,170.730,175.354,170.615,174.545,266264,,,2.1651,hfq
2026-02-26,174.892,175.354,173.042,173.620,171816,,,-0.5299,hfq
2026-02-27,173.620,175.354,173.158,174.892,153126,,,0.7326,hfq
2026-03-02,174.198,175.701,173.158,175.007,189076,,,0.0658,hfq
2026-03-03,175.007,175.701,173.504,173.851,219268,,,-0.6605,hfq
2026-03-04,173.389,174.314,169.690,170.961,262831,,,-1.6623,hfq
2026-03-05,171.771,172.117,169.805,170.268,151267,,,-0.4054,hfq
2026-03-06,170.268,171.539,169.227,170.961,143996,,,0.4070,hfq
2026-03-09,170.730,171.193,168.534,168.765,172880,,,-1.2845,hfq
2026-03-10,169.459,170.152,168.071,169.459,154044,,,0.4112,hfq
2026-03-11,169.227,170.152,168.187,169.574,143669,,,0.0679,hfq
2026-03-12,169.921,170.846,168.418,170.383,151517,,,0.4771,hfq
2026-03-13,169.921,173.042,169.805,171.886,216851,,,0.8821,hfq
2026-03-16,171.308,176.857,171.308,174.429,372621,,,1.4795,hfq
2026-03-17,174.545,175.238,173.620,173.620,147430,,,-0.4638,hfq
2026-03-18,173.504,173.851,170.152,172.695,199968,,,-0.5328,hfq
2026-03-19,171.308,172.464,169.574,170.846,218344,,,-1.0707,hfq
2026-03-20,170.499,171.308,167.840,167.840,226900,,,-1.7595,hfq
2026-03-23,168.303,168.303,162.869,163.794,260940,,,-2.4106,hfq
2026-03-24,164.835,166.106,163.332,165.644,149630,,,1.1295,hfq
2026-03-25,166.337,168.418,165.413,166.684,128777,,,0.6279,hfq
2026-03-26,166.453,168.418,165.875,167.262,128728,,,0.3468,hfq
2026-03-27,166.800,168.765,166.222,167.262,107977,,,0.0000,hfq
2026-03-30,166.337,168.187,165.181,167.031,167449,,,-0.1381,hfq
2026-03-31,166.915,168.303,164.950,165.297,155150,,,-1.0381,hfq
2026-04-01,166.106,167.493,164.719,165.066,168423,,,-0.1397,hfq
2026-04-02,164.603,166.106,163.910,165.875,121972,,,0.4901,hfq
2026-04-03,165.875,165.875,163.101,164.025,153447,,,-1.1153,hfq
2026-04-07,164.835,164.835,162.523,163.216,124494,,,-0.4932,hfq
2026-04-08,163.910,165.413,163.216,165.297,194352,,,1.2750,hfq
2026-04-09,164.719,165.066,163.332,163.563,92456,,,-1.0490,hfq
2026-04-10,163.679,165.066,163.563,164.257,88940,,,0.4243,hfq
2026-04-13,164.488,164.950,162.869,162.985,131314,,,-0.7744,hfq
2026-04-14,162.985,165.528,162.176,164.835,197131,,,1.1351,hfq
2026-04-15,164.603,167.262,164.372,166.915,175622,,,1.2619,hfq
2026-04-16,167.378,168.071,165.991,166.222,136053,,,-0.4152,hfq
2026-04-17,165.991,167.147,164.950,166.684,92782,,,0.2779,hfq
2026-04-20,166.569,166.915,163.447,163.563,221932,,,-1.8724,hfq
2026-04-21,163.679,164.835,163.563,164.372,115213,,,0.4946,hfq
2026-04-22,163.794,165.759,163.101,165.644,168321,,,0.7739,hfq
2026-04-23,165.644,166.106,164.719,165.759,127405,,,0.0694,hfq
2026-04-24,166.222,166.915,165.066,166.106,128182,,,0.2093,hfq
2026-04-27,166.106,167.031,164.719,166.684,148413,,,0.3480,hfq
2026-04-28,168.071,173.967,167.956,172.464,545394,,,3.4676,hfq
2026-04-29,173.273,174.776,170.961,171.539,282325,,,-0.5363,hfq
2026-04-30,171.424,174.082,171.077,172.580,257737,,,0.6069,hfq
2026-05-06,172.580,178.128,172.349,176.857,456800,,,2.4783,hfq
2026-05-07,176.857,178.128,176.279,177.897,200621,,,0.5880,hfq
2026-05-08,176.741,181.250,176.626,177.666,217085,,,-0.1299,hfq
2026-05-11,177.319,182.290,176.510,180.672,428643,,,1.6919,hfq
2026-05-12,179.516,186.105,179.400,184.602,569905,,,2.1752,hfq
2026-05-13,182.868,185.989,180.325,181.481,393652,,,-1.6907,hfq
2026-05-14,180.903,183.330,180.094,180.325,240551,,,-0.6370,hfq
2026-05-15,180.209,181.365,179.053,179.747,206754,,,-0.3205,hfq
2026-05-18,179.284,179.747,173.851,176.163,349883,,,-1.9939,hfq
2026-05-19,175.470,177.550,175.354,177.435,213389,,,0.7221,hfq
2026-05-20,176.626,176.741,174.314,175.585,211396,,,-1.0426,hfq
2026-05-21,175.238,177.897,172.695,173.042,257382,,,-1.4483,hfq
2026-05-22,173.736,173.967,171.193,171.886,225307,,,-0.6680,hfq
2026-05-25,171.539,175.470,171.424,173.620,224239,,,1.0088,hfq
2026-05-26,174.082,174.198,171.539,172.926,182943,,,-0.3997,hfq
2026-05-27,172.580,172.580,168.534,170.268,289332,,,-1.5371,hfq
2026-05-28,170.037,171.655,168.303,170.268,182626,,,0.0000,hfq
2026-05-29,170.268,176.741,169.690,174.660,291230,,,2.5795,hfq
2026-06-01,174.082,178.244,172.580,177.435,377874,,,1.5888,hfq
2026-06-02,177.319,180.325,174.892,175.585,169726,,,-1.0426,hfq
2026-06-03,175.585,176.048,172.926,173.851,198936,,,-0.9876,hfq
2026-06-04,173.851,178.360,173.158,174.776,296109,,,0.5321,hfq
2026-06-05,174.776,176.626,172.233,172.580,210493,,,-1.2565,hfq
2026-06-08,171.308,172.580,169.921,171.308,201763,,,-0.7370,hfq
2026-06-09,171.771,172.117,166.800,170.268,307408,,,-0.6071,hfq
2026-06-10,169.574,171.193,169.227,171.077,116529,,,0.4751,hfq
2026-06-11,170.961,171.771,169.805,170.961,105548,,,-0.0678,hfq
2026-06-12,171.771,173.620,170.152,172.926,132501,,,1.1494,hfq
2026-06-15,173.504,174.545,169.574,170.037,230626,,,-1.6707,hfq
2026-06-16,170.730,170.846,168.881,170.268,165717,,,0.1359,hfq
2026-06-17,170.152,171.308,166.684,167.725,297801,,,-1.4935,hfq
2026-06-18,167.725,168.418,165.875,166.453,254048,,,-0.7584,hfq
2026-06-22,166.453,168.303,165.644,167.956,230635,,,0.9030,hfq
2026-06-23,167.956,170.037,167.262,169.805,223465,,,1.1009,hfq
2026-06-24,169.921,171.077,165.181,167.031,316465,,,-1.6336,hfq
2026-06-25,166.569,168.187,164.372,164.835,314010,,,-1.3147,hfq
2026-06-26,165.528,165.528,161.367,161.829,283923,,,-1.8236,hfq
2026-06-29,162.291,163.216,158.477,162.638,260394,,,0.4999,hfq
2026-06-30,162.291,162.523,158.939,160.095,260971,,,-1.5636,hfq
2026-07-01,160.095,161.829,157.205,160.095,349667,,,0.0000,hfq
2026-07-02,160.326,163.563,160.095,162.638,266080,,,1.5884,hfq
2026-07-03,163.447,163.910,161.482,163.447,190452,,,0.4974,hfq
2026-07-06,163.332,168.303,162.754,167.609,242773,,,2.5464,hfq
2026-07-07,167.262,167.840,164.603,166.337,181663,,,-0.7589,hfq
2026-07-08,166.106,167.493,164.950,166.800,133619,,,0.2784,hfq
2026-07-09,166.453,167.493,165.759,167.493,117719,,,0.4155,hfq
2026-07-10,167.840,168.881,165.759,167.609,138479,,,0.0693,hfq
2026-07-13,167.262,168.418,165.644,166.337,143454,,,-0.7589,hfq
2026-07-14,165.644,167.840,165.644,166.915,136033,,,0.3475,hfq
2026-07-15,167.378,168.187,165.759,166.800,232364,,,-0.0689,hfq
2026-07-16,166.569,168.418,165.066,167.725,196729,,,0.5546,hfq
2026-07-17,167.609,169.921,167.262,167.840,256522,,,0.0686,hfq
2026-07-20,168.418,169.343,166.222,167.609,261231,,,-0.1376,hfq
2026-07-21,167.840,171.308,167.609,168.303,282158,,,0.4141,hfq
2026-07-22,167.956,168.534,165.759,168.187,225954,,,-0.0689,hfq
2026-07-23,168.187,169.343,167.147,168.418,149543,,,0.1373,hfq
2026-07-24,168.418,169.459,167.378,167.378,122261,,,-0.6175,hfq
2026-07-27,166.569,170.730,166.569,170.037,279913,,,1.5886,hfq
2026-07-28,170.499,172.349,168.765,170.615,190528,,,0.3399,hfq
2026-07-29,170.615,173.620,170.268,172.233,249142,,,0.9483,hfq
2026-07-30,172.233,174.545,172.117,173.389,202519,,,0.6712,hfq
2026-07-31,173.620,173.620,170.152,172.233,261055,,,-0.6667,hfq
2026-08-03,172.233,175.354,171.886,173.967,251617,,,1.0068,hfq
2026-08-04,173.967,174.314,170.383,170.730,298730,,,-1.8607,hfq
2026-08-05,170.846,170.961,169.805,170.152,159386,,,-0.3385,hfq
2026-08-06,170.037,170.499,167.262,169.112,268867,,,-0.6112,hfq
2026-08-07,168.996,169.112,167.378,168.187,192333,,,-0.5470,hfq
2026-08-10,168.187,170.152,168.187,168.996,159855,,,0.4810,hfq
2026-08-11,168.765,170.152,168.418,169.227,121599,,,0.1367,hfq
2026-08-12,169.227,172.233,168.996,171.771,223020,,,1.5033,hfq
2026-08-13,171.539,172.464,169.343,170.961,188669,,,-0.4716,hfq
2026-08-14,170.961,171.655,169.343,169.343,102616,,,-0.9464,hfq
2026-08-17,169.227,169.805,168.071,169.459,126584,,,0.0685,hfq
2026-08-18,169.343,170.961,168.996,169.227,128074,,,-0.1369,hfq
2026-08-19,169.227,170.961,168.996,170.615,180090,,,0.8202,hfq
2026-08-20,170.152,175.470,170.152,174.198,316048,,,2.1000,hfq
2026-08-21,175.354,175.932,170.961,171.308,216653,,,-1.6590,hfq
2026-08-24,171.539,171.886,169.574,170.037,172454,,,-0.7419,hfq
2026-08-25,169.805,170.961,169.574,169.921,119859,,,-0.0682,hfq
2026-08-26,169.690,173.620,169.227,173.273,241746,,,1.9727,hfq
2026-08-27,172.580,173.620,171.539,172.811,149492,,,-0.2666,hfq
2026-08-28,172.580,174.198,168.765,169.690,440369,,,-1.8060,hfq
2026-08-31,170.615,172.002,162.754,163.679,879775,,,-3.5423,hfq
2026-09-01,163.332,163.910,159.980,162.523,367496,,,-0.7063,hfq
2026-09-02,162.638,163.332,161.136,162.176,267476,,,-0.2135,hfq
2026-09-03,162.407,165.181,162.291,163.332,322680,,,0.7128,hfq
2026-09-04,163.216,166.800,162.985,166.337,417432,,,1.8398,hfq
2026-09-07,166.337,167.031,164.257,164.835,237169,,,-0.9030,hfq
2026-09-08,164.835,166.106,164.488,165.759,136213,,,0.5606,hfq
2026-09-09,165.759,166.337,164.603,165.759,118668,,,0.0000,hfq
2026-09-10,165.528,167.378,164.372,166.915,213770,,,0.6974,hfq
2026-09-11,166.915,167.262,164.835,166.569,197590,,,-0.2073,hfq
2026-09-14,166.453,167.031,164.950,165.759,131800,,,-0.4863,hfq
2026-09-15,165.644,165.875,164.488,164.835,106232,,,-0.5574,hfq
2026-09-16,165.413,165.413,162.638,163.679,176248,,,-0.7013,hfq
2026-09-17,163.447,164.141,162.869,163.563,116431,,,-0.0709,hfq
2026-09-18,163.563,165.413,163.216,165.181,182296,,,0.9892,hfq
