trade_date,open,high,low,close,volume,amount,turnover,pct_change,adjust
2000-10-18,26.880,28.450,26.500,27.700,271930,,,,hfq
2000-10-19,27.610,28.190,27.010,27.210,77476,,,-1.7690,hfq
2000-10-20,26.980,27.880,26.300,27.750,51195,,,1.9846,hfq
2000-10-23,27.880,28.090,27.400,27.900,21437,,,0.5405,hfq
2000-10-24,27.980,28.560,27.610,28.280,26559,,,1.3620,hfq
2000-10-25,28.010,28.950,27.900,27.900,35964,,,-1.3437,hfq
2000-10-26,27.980,28.100,27.610,27.730,14867,,,-0.6093,hfq
2000-10-27,27.800,28.790,27.750,28.450,20411,,,2.5965,hfq
2000-10-30,28.460,28.490,27.780,28.080,11399,,,-1.3005,hfq
2000-10-31,28.030,28.180,27.610,27.690,13105,,,-1.3889,hfq
2000-11-01,27.650,28.090,27.500,28.000,15493,,,1.1195,hfq
2000-11-02,28.080,28.450,27.800,28.370,13385,,,1.3214,hfq
2000-11-03,28.050,28.450,27.950,28.120,7576,,,-0.8812,hfq
2000-11-06,28.150,28.850,27.900,28.660,11712,,,1.9203,hfq
2000-11-07,28.880,29.380,28.600,29.100,15635,,,1.5352,hfq
2000-11-08,29.200,29.540,29.020,29.480,17298,,,1.3058,hfq
2000-11-09,29.380,29.600,29.020,29.200,13278,,,-0.9498,hfq
2000-11-10,29.300,29.470,29.100,29.460,12986,,,0.8904,hfq
2000-11-13,29.500,29.640,29.220,29.220,12931,,,-0.8147,hfq
2000-11-14,29.010,30.090,28.860,30.050,15404,,,2.8405,hfq
2000-11-15,30.050,31.200,29.850,30.130,20981,,,0.2662,hfq
2000-11-16,30.510,30.520,30.000,30.090,10315,,,-0.1328,hfq
2000-11-17,30.200,30.310,29.820,29.900,8021,,,-0.6314,hfq
2000-11-20,29.800,30.100,29.530,29.950,4494,,,0.1672,hfq
2000-11-21,29.980,30.050,29.510,29.730,5095,,,-0.7346,hfq
2000-11-22,29.730,30.270,29.550,29.990,9247,,,0.8745,hfq
2000-11-23,29.990,30.400,29.800,30.000,4361,,,0.0333,hfq
2000-11-24,30.010,30.390,28.900,29.590,12888,,,-1.3667,hfq
2000-11-27,29.420,29.550,28.950,29.130,7579,,,-1.5546,hfq
2000-11-28,29.130,29.460,29.000,29.230,3169,,,0.3433,hfq
2000-11-29,29.400,29.600,28.600,28.650,5365,,,-1.9843,hfq
2000-11-30,28.880,29.000,28.500,28.980,2604,,,1.1518,hfq
2000-12-01,28.900,29.260,28.640,29.000,1369,,,0.0690,hfq
2000-12-04,29.280,29.280,28.800,29.150,1606,,,0.5172,hfq
2000-12-05,29.100,29.340,29.000,29.080,1822,,,-0.2401,hfq
2000-12-06,29.080,29.220,28.850,28.940,2451,,,-0.4814,hfq
2000-12-07,28.940,29.100,28.800,28.900,2253,,,-0.1382,hfq
2000-12-08,28.900,29.270,28.870,28.950,2540,,,0.1730,hfq
2000-12-11,28.900,28.900,28.210,28.220,5569,,,-2.5216,hfq
2000-12-12,28.210,28.800,28.200,28.600,1720,,,1.3466,hfq
2000-12-13,28.750,28.750,28.380,28.580,1228,,,-0.0699,hfq
2000-12-14,28.500,28.940,28.500,28.700,2057,,,0.4199,hfq
2000-12-15,28.700,28.800,28.590,28.750,1098,,,0.1742,hfq
2000-12-18,28.750,29.200,28.600,28.970,5021,,,0.7652,hfq
2000-12-19,29.180,29.180,28.710,28.940,1928,,,-0.1036,hfq
2000-12-20,28.830,29.400,28.830,29.300,3683,,,1.2440,hfq
2000-12-21,29.300,29.760,29.300,29.490,2577,,,0.6485,hfq
2000-12-22,29.390,29.550,28.890,29.280,5564,,,-0.7121,hfq
2000-12-25,29.280,29.300,28.900,28.950,5857,,,-1.1270,hfq
2000-12-26,28.940,29.700,28.810,29.480,3995,,,1.8307,hfq
2000-12-27,29.500,29.600,29.110,29.360,3787,,,-0.4071,hfq
2000-12-28,28.100,29.850,28.100,29.850,6798,,,1.6689,hfq
2000-12-29,29.780,30.250,29.450,30.150,7461,,,1.0050,hfq
2001-01-02,30.170,31.200,30.000,30.990,10014,,,2.7861,hfq
2001-01-03,31.180,31.410,30.600,30.850,7587,,,-0.4518,hfq
2001-01-04,30.950,31.240,30.620,30.890,4257,,,0.1297,hfq
2001-01-05,30.890,31.480,30.880,31.480,4403,,,1.9100,hfq
2001-01-08,31.480,31.680,30.550,30.590,5540,,,-2.8272,hfq
2001-01-09,30.600,30.920,29.640,30.100,13780,,,-1.6018,hfq
2001-01-10,30.000,31.200,29.810,30.500,5539,,,1.3289,hfq
2001-01-11,30.400,31.000,29.800,29.900,5724,,,-1.9672,hfq
2001-01-12,29.800,30.650,29.500,30.300,8421,,,1.3378,hfq
2001-01-15,30.200,30.200,29.310,29.400,2681,,,-2.9703,hfq
2001-01-16,29.010,29.500,28.910,29.180,2185,,,-0.7483,hfq
2001-01-17,29.180,29.300,28.510,28.670,3413,,,-1.7478,hfq
2001-01-18,28.660,29.600,28.600,29.100,3936,,,1.4998,hfq
2001-01-19,29.480,29.790,29.110,29.700,3475,,,2.0619,hfq
2001-02-05,29.800,29.990,28.500,28.530,3113,,,-3.9394,hfq
2001-02-06,28.380,28.690,28.000,28.500,3594,,,-0.1052,hfq
2001-02-07,28.340,28.600,28.340,28.450,958,,,-0.1754,hfq
2001-02-08,28.580,28.610,27.070,27.400,3168,,,-3.6907,hfq
2001-02-09,27.450,28.600,27.000,27.980,9859,,,2.1168,hfq
2001-02-12,27.960,27.980,27.100,27.700,3277,,,-1.0007,hfq
2001-02-13,27.800,27.850,27.500,27.800,2191,,,0.3610,hfq
2001-02-14,27.610,27.940,27.610,27.750,722,,,-0.1799,hfq
2001-02-15,27.800,27.800,26.700,27.090,5430,,,-2.3784,hfq
2001-02-16,27.000,27.000,26.360,26.800,3083,,,-1.0705,hfq
2001-02-19,26.900,27.250,26.800,27.100,1820,,,1.1194,hfq
2001-02-20,27.120,27.400,26.400,26.800,3992,,,-1.1070,hfq
2001-02-21,26.780,26.820,26.000,26.100,2437,,,-2.6119,hfq
2001-02-22,25.990,26.970,25.950,26.500,7852,,,1.5326,hfq
2001-02-23,26.700,26.800,26.200,26.550,2352,,,0.1887,hfq
2001-02-26,26.900,27.260,26.800,27.260,2489,,,2.6742,hfq
2001-02-27,27.320,27.550,27.150,27.500,2339,,,0.8804,hfq
2001-02-28,27.500,28.330,27.490,28.200,10909,,,2.5455,hfq
2001-03-01,28.700,29.300,28.560,29.000,17853,,,2.8369,hfq
2001-03-02,29.300,29.450,29.000,29.300,9077,,,1.0345,hfq
2001-03-05,29.520,29.560,29.150,29.160,6284,,,-0.4778,hfq
2001-03-06,29.170,29.900,29.010,29.850,4404,,,2.3663,hfq
2001-03-07,29.800,30.000,29.500,29.600,4095,,,-0.8375,hfq
2001-03-08,29.800,29.800,29.500,29.700,2539,,,0.3378,hfq
2001-03-09,29.700,29.800,29.450,29.490,3327,,,-0.7071,hfq
2001-03-12,29.570,30.600,29.280,30.380,7114,,,3.0180,hfq
2001-03-13,30.300,30.300,29.650,29.900,4470,,,-1.5800,hfq
2001-03-14,29.900,30.400,29.750,30.290,4105,,,1.3043,hfq
2001-03-15,30.410,30.880,30.280,30.490,8962,,,0.6603,hfq
2001-03-16,30.520,30.680,30.000,30.030,3955,,,-1.5087,hfq
2001-03-19,30.030,30.280,30.000,30.220,3622,,,0.6327,hfq
2001-03-20,30.310,30.730,30.250,30.600,4854,,,1.2574,hfq
2001-03-21,30.600,31.240,30.480,31.200,6122,,,1.9608,hfq
2001-03-22,31.200,31.480,30.920,31.340,5190,,,0.4487,hfq
2001-03-23,31.410,31.500,30.580,30.760,6532,,,-1.8507,hfq
2001-03-26,30.580,32.080,30.560,32.080,11392,,,4.2913,hfq
2001-03-27,32.120,32.500,31.750,32.300,6838,,,0.6858,hfq
2001-03-28,32.300,33.600,31.900,33.460,11604,,,3.5913,hfq
2001-03-29,33.550,34.900,33.500,33.650,22466,,,0.5678,hfq
2001-03-30,33.470,34.700,33.110,34.630,12205,,,2.9123,hfq
2001-04-02,34.800,35.650,34.750,35.000,13759,,,1.0684,hfq
2001-04-03,35.050,35.090,34.400,34.970,6123,,,-0.0857,hfq
2001-04-04,34.810,35.000,33.400,33.600,10798,,,-3.9176,hfq
2001-04-05,33.350,34.600,33.310,34.580,9261,,,2.9167,hfq
2001-04-06,34.620,34.850,33.820,33.980,6003,,,-1.7351,hfq
2001-04-09,33.980,35.310,33.920,35.310,7185,,,3.9141,hfq
2001-04-10,35.350,35.590,34.990,35.320,3649,,,0.0283,hfq
2001-04-11,35.380,35.600,34.680,35.000,4009,,,-0.9060,hfq
2001-04-12,35.280,35.280,34.590,34.750,6338,,,-0.7143,hfq
2001-04-13,34.810,35.800,34.490,35.400,8465,,,1.8705,hfq
2001-04-16,35.680,37.300,35.650,37.100,17909,,,4.8023,hfq
2001-04-17,37.600,37.880,36.350,36.890,12258,,,-0.5660,hfq
2001-04-19,36.500,37.380,36.230,37.350,6952,,,1.2470,hfq
2001-04-20,37.300,37.300,35.520,35.730,8893,,,-4.3373,hfq
2001-04-23,35.730,36.480,34.900,35.900,11160,,,0.4758,hfq
2001-04-24,35.900,36.580,35.530,36.480,5799,,,1.6156,hfq
2001-04-25,36.370,36.370,34.700,34.750,8101,,,-4.7423,hfq
2001-04-26,34.600,35.290,34.400,34.900,5371,,,0.4317,hfq
2001-04-27,35.180,35.350,34.900,35.200,4624,,,0.8596,hfq
2001-04-30,35.200,37.080,35.200,36.420,10537,,,3.4659,hfq
2001-05-08,36.600,37.130,36.080,36.800,4132,,,1.0434,hfq
2001-05-09,36.880,36.880,35.930,36.050,4142,,,-2.0380,hfq
2001-05-10,36.050,36.950,35.700,36.400,7018,,,0.9709,hfq
2001-05-11,36.580,36.740,35.620,35.812,4659,,,-1.6154,hfq
2001-05-14,35.812,36.084,35.364,35.892,6785,,,0.2234,hfq
2001-05-15,35.940,37.220,35.940,37.188,14036,,,3.6108,hfq
2001-05-16,37.220,38.852,37.220,38.564,23549,,,3.7001,hfq
2001-05-17,38.660,39.172,38.100,38.420,18523,,,-0.3734,hfq
2001-05-18,38.500,38.660,37.668,38.356,11468,,,-0.1666,hfq
2001-05-21,38.420,39.364,38.340,38.500,14627,,,0.3754,hfq
2001-05-22,38.612,38.612,37.444,37.668,8949,,,-2.1610,hfq
2001-05-23,37.684,37.780,36.308,36.948,8597,,,-1.9114,hfq
2001-05-24,36.900,37.188,36.340,36.580,9811,,,-0.9960,hfq
2001-05-25,36.900,36.900,35.300,36.404,6333,,,-0.4811,hfq
2001-05-28,36.260,37.508,35.620,37.140,8484,,,2.0218,hfq
2001-05-29,37.060,38.260,37.060,37.428,9127,,,0.7754,hfq
2001-05-30,37.540,38.308,37.540,37.988,8648,,,1.4962,hfq
2001-05-31,38.180,38.180,36.980,37.380,8245,,,-1.6005,hfq
2001-06-01,37.396,37.556,36.276,36.628,7556,,,-2.0118,hfq
2001-06-04,36.628,36.660,36.116,36.580,5548,,,-0.1310,hfq
2001-06-05,36.660,36.900,36.340,36.580,6622,,,0.0000,hfq
2001-06-06,36.676,36.676,35.780,35.988,7087,,,-1.6184,hfq
2001-06-07,36.100,37.540,36.004,37.140,7008,,,3.2011,hfq
2001-06-08,37.140,37.188,36.228,36.708,3573,,,-1.1632,hfq
2001-06-11,36.516,36.516,35.668,35.844,8120,,,-2.3537,hfq
2001-06-12,35.844,35.844,35.300,35.556,12360,,,-0.8035,hfq
2001-06-13,35.588,36.260,35.316,35.908,5808,,,0.9900,hfq
2001-06-14,36.004,36.228,35.300,35.380,4227,,,-1.4704,hfq
2001-06-15,35.380,36.100,34.276,35.700,10718,,,0.9045,hfq
2001-06-18,35.684,36.180,34.500,35.220,6672,,,-1.3445,hfq
2001-06-19,34.500,35.204,34.356,34.708,3088,,,-1.4537,hfq
2001-06-20,34.740,34.740,33.236,33.380,7853,,,-3.8262,hfq
2001-06-21,33.380,33.700,32.900,33.140,7904,,,-0.7190,hfq
2001-06-22,33.380,34.004,33.220,33.636,3588,,,1.4967,hfq
2001-06-25,33.860,33.988,33.028,33.188,6404,,,-1.3319,hfq
2001-06-26,33.188,33.524,33.188,33.460,3744,,,0.8196,hfq
2001-06-27,33.636,34.308,33.460,34.276,4375,,,2.4387,hfq
2001-06-28,34.260,34.260,33.348,34.164,11198,,,-0.3268,hfq
2001-06-29,34.100,34.820,33.700,33.700,4827,,,-1.3582,hfq
2001-07-02,33.796,34.724,33.732,34.516,4727,,,2.4214,hfq
2001-07-03,34.516,35.092,34.500,34.948,4819,,,1.2516,hfq
2001-07-04,34.980,35.060,34.420,34.452,3107,,,-1.4193,hfq
2001-07-05,34.580,34.580,33.748,33.860,1921,,,-1.7183,hfq
2001-07-06,33.700,33.924,33.572,33.924,1816,,,0.1890,hfq
2001-07-09,33.780,33.780,33.396,33.636,1104,,,-0.8490,hfq
2001-07-10,33.476,33.636,33.476,33.540,1567,,,-0.2854,hfq
2001-07-11,33.508,33.684,33.060,33.108,1527,,,-1.2880,hfq
2001-07-12,33.380,33.380,32.916,33.140,1462,,,0.0967,hfq
2001-07-13,33.380,33.988,33.060,33.076,1817,,,-0.1931,hfq
2001-07-16,33.220,33.252,31.828,31.988,5990,,,-3.2894,hfq
2001-07-17,32.020,32.020,30.820,31.492,3310,,,-1.5506,hfq
2001-07-19,31.476,32.372,31.476,32.260,2071,,,2.4387,hfq
2001-07-20,32.388,33.460,31.940,33.060,3964,,,2.4799,hfq
2001-07-23,33.220,33.780,32.772,33.604,3508,,,1.6455,hfq
2001-07-24,33.508,33.508,32.036,32.100,3702,,,-4.4757,hfq
2001-07-25,31.940,32.100,31.300,31.300,3157,,,-2.4922,hfq
2001-07-26,31.300,31.876,30.484,30.788,6870,,,-1.6358,hfq
2001-07-27,31.220,31.860,30.484,31.092,3104,,,0.9874,hfq
2001-07-30,30.500,30.660,29.380,29.524,2618,,,-5.0431,hfq
2001-07-31,28.916,30.420,28.740,28.900,3998,,,-2.1135,hfq
2001-08-01,29.732,30.420,29.220,30.420,4950,,,5.2595,hfq
2001-08-02,30.484,30.532,29.156,29.620,2699,,,-2.6298,hfq
2001-08-03,29.732,29.732,29.380,29.620,1544,,,0.0000,hfq
2001-08-06,29.348,29.380,28.196,28.292,2951,,,-4.4835,hfq
2001-08-07,28.100,28.868,28.020,28.740,2461,,,1.5835,hfq
2001-08-08,28.820,29.220,28.100,28.580,1303,,,-0.5567,hfq
2001-08-09,29.188,29.380,28.932,29.380,1506,,,2.7992,hfq
2001-08-10,29.700,30.180,29.572,30.180,2544,,,2.7229,hfq
2001-08-13,30.020,30.228,28.580,30.132,1301,,,-0.1590,hfq
2001-08-14,30.132,30.180,29.220,29.220,1632,,,-3.0267,hfq
2001-08-15,29.796,29.796,28.980,29.332,2001,,,0.3833,hfq
2001-08-16,29.300,29.380,28.740,28.900,1499,,,-1.4728,hfq
2001-08-17,29.204,29.204,28.660,28.836,1766,,,-0.2215,hfq
2001-08-20,29.380,29.668,28.740,29.604,1743,,,2.6633,hfq
2001-08-21,28.932,30.180,28.932,29.732,1877,,,0.4324,hfq
2001-08-22,29.316,29.636,28.964,29.380,1977,,,-1.1839,hfq
2001-08-23,29.028,29.524,28.740,29.460,1738,,,0.2723,hfq
2001-08-24,29.220,29.828,29.076,29.460,1777,,,0.0000,hfq
2001-08-27,29.348,29.380,28.420,28.548,2204,,,-3.0957,hfq
2001-08-28,28.516,28.516,26.980,28.068,5408,,,-1.6814,hfq
2001-08-29,28.020,28.756,27.940,28.132,1904,,,0.2280,hfq
2001-08-30,27.972,28.404,27.940,28.036,516,,,-0.3412,hfq
2001-08-31,28.100,28.484,27.940,28.068,514,,,0.1141,hfq
2001-09-03,28.100,28.100,27.620,28.068,1173,,,0.0000,hfq
2001-09-04,28.148,29.204,28.100,29.188,3404,,,3.9903,hfq
2001-09-05,29.220,30.308,29.220,30.180,8174,,,3.3987,hfq
2001-09-06,30.356,30.596,30.036,30.388,7171,,,0.6892,hfq
2001-09-07,30.100,30.116,29.028,29.028,4148,,,-4.4755,hfq
2001-09-10,28.500,30.484,28.100,30.420,4450,,,4.7954,hfq
2001-09-11,30.660,30.820,30.132,30.308,3314,,,-0.3682,hfq
2001-09-12,29.380,30.148,29.300,29.764,5488,,,-1.7949,hfq
2001-09-13,30.020,31.620,29.860,30.980,10648,,,4.0855,hfq
2001-09-14,30.948,31.300,30.340,30.692,5573,,,-0.9296,hfq
2001-09-17,30.340,31.732,30.340,31.316,15689,,,2.0331,hfq
2001-09-18,31.316,31.924,31.300,31.780,8135,,,1.4817,hfq
2001-09-19,32.020,32.020,31.540,32.004,4638,,,0.7048,hfq
2001-09-20,32.260,32.436,31.620,31.732,4579,,,-0.8499,hfq
2001-09-21,31.620,31.700,31.108,31.172,3520,,,-1.7648,hfq
2001-09-24,31.172,31.428,30.820,30.900,1814,,,-0.8726,hfq
2001-09-25,31.060,31.364,30.836,30.948,1568,,,0.1553,hfq
2001-09-26,30.916,31.060,30.180,30.468,3673,,,-1.5510,hfq
2001-09-27,30.420,30.484,29.620,30.020,5778,,,-1.4704,hfq
2001-09-28,29.988,30.900,29.988,30.580,3949,,,1.8654,hfq
2001-10-08,30.660,30.948,29.860,30.020,1870,,,-1.8313,hfq
2001-10-09,30.020,30.660,29.860,30.484,1959,,,1.5456,hfq
2001-10-10,30.484,30.500,28.740,28.900,5454,,,-5.1962,hfq
2001-10-11,28.900,29.380,28.100,28.164,2775,,,-2.5467,hfq
2001-10-12,28.420,29.220,26.500,29.028,5227,,,3.0677,hfq
2001-10-15,28.900,29.060,28.260,28.612,1347,,,-1.4331,hfq
2001-10-16,26.980,28.884,26.980,27.620,3063,,,-3.4671,hfq
2001-10-17,27.604,27.860,27.140,27.460,1137,,,-0.5793,hfq
2001-10-18,27.140,27.332,26.420,26.452,4212,,,-3.6708,hfq
2001-10-19,26.180,26.180,24.868,25.188,5364,,,-4.7785,hfq
2001-10-22,24.900,24.900,23.060,23.268,5446,,,-7.6227,hfq
2001-10-23,25.588,25.588,25.588,25.588,2308,,,9.9708,hfq
2001-10-24,28.100,28.132,26.980,27.812,21830,,,8.6916,hfq
2001-10-25,27.764,27.764,26.980,27.300,6067,,,-1.8409,hfq
2001-10-26,27.140,27.460,26.900,27.108,2394,,,-0.7033,hfq
2001-10-29,27.140,28.644,27.140,28.532,7082,,,5.2531,hfq
2001-10-30,28.580,28.660,28.100,28.100,2272,,,-1.5141,hfq
2001-10-31,27.780,28.196,27.460,28.084,1816,,,-0.0569,hfq
2001-11-01,28.084,28.788,28.084,28.644,3518,,,1.9940,hfq
2001-11-02,28.548,28.548,27.780,27.956,1410,,,-2.4019,hfq
2001-11-05,27.636,27.860,27.460,27.604,683,,,-1.2591,hfq
2001-11-06,27.492,27.940,27.428,27.508,791,,,-0.3478,hfq
2001-11-07,27.588,27.604,25.220,25.220,2776,,,-8.3176,hfq
2001-11-08,24.980,26.148,24.452,25.924,3218,,,2.7914,hfq
2001-11-09,25.940,26.996,25.540,26.740,1740,,,3.1477,hfq
2001-11-12,26.596,26.596,25.380,25.780,2081,,,-3.5901,hfq
2001-11-13,25.700,25.716,25.060,25.620,1218,,,-0.6206,hfq
2001-11-14,25.636,26.020,25.636,25.924,428,,,1.1866,hfq
2001-11-15,26.500,26.500,25.876,26.116,1217,,,0.7406,hfq
2001-11-16,28.580,28.676,27.156,27.268,7430,,,4.4111,hfq
2001-11-19,26.980,27.620,26.980,27.396,2152,,,0.4694,hfq
2001-11-20,27.220,28.340,27.220,28.084,3239,,,2.5113,hfq
2001-11-21,27.780,28.308,27.780,27.988,2962,,,-0.3418,hfq
2001-11-22,27.988,28.228,27.796,28.020,1380,,,0.1143,hfq
2001-11-23,28.020,28.628,27.940,28.340,2790,,,1.1420,hfq
2001-11-26,28.260,28.500,27.940,28.020,1199,,,-1.1291,hfq
2001-11-27,27.940,28.500,27.940,28.356,1355,,,1.1991,hfq
2001-11-28,28.500,29.060,28.356,28.404,3713,,,0.1693,hfq
2001-11-29,28.708,28.980,28.340,28.724,3902,,,1.1266,hfq
2001-11-30,28.660,29.188,28.612,29.060,3907,,,1.1698,hfq
2001-12-03,29.220,29.860,29.140,29.620,6100,,,1.9270,hfq
2001-12-04,29.556,29.716,29.332,29.508,2800,,,-0.3781,hfq
2001-12-05,29.380,29.540,28.740,28.788,3299,,,-2.4400,hfq
2001-12-06,28.580,29.220,28.580,29.204,2143,,,1.4450,hfq
2001-12-07,29.220,29.540,28.916,29.220,1917,,,0.0548,hfq
2001-12-10,29.780,29.780,29.236,29.700,3268,,,1.6427,hfq
2001-12-11,29.636,29.908,29.332,29.380,2153,,,-1.0774,hfq
2001-12-12,29.252,29.380,28.868,28.900,1320,,,-1.6338,hfq
2001-12-13,28.804,28.916,28.420,28.500,2357,,,-1.3841,hfq
2001-12-14,28.260,28.900,28.116,28.260,1756,,,-0.8421,hfq
2001-12-17,28.180,28.580,26.676,27.828,10722,,,-1.5287,hfq
2001-12-18,27.780,28.356,27.764,28.260,1975,,,1.5524,hfq
2001-12-19,28.148,28.580,27.908,27.908,1148,,,-1.2456,hfq
2001-12-20,27.924,27.924,27.124,27.124,2363,,,-2.8092,hfq
2001-12-21,28.372,28.372,27.220,27.588,1918,,,1.7107,hfq
2001-12-24,27.396,27.396,26.820,26.948,1506,,,-2.3198,hfq
2001-12-25,26.980,27.060,26.500,26.820,1235,,,-0.4750,hfq
2001-12-26,27.140,27.300,26.580,27.204,4169,,,1.4318,hfq
2001-12-27,27.300,27.300,26.788,27.140,1406,,,-0.2353,hfq
2001-12-28,27.300,27.460,26.660,26.868,1764,,,-1.0022,hfq
2001-12-31,26.868,27.652,26.868,27.220,2434,,,1.3101,hfq
2002-01-04,27.220,27.284,26.820,27.284,765,,,0.2351,hfq
2002-01-07,26.836,26.948,26.196,26.500,1307,,,-2.8735,hfq
2002-01-08,26.500,27.140,26.500,26.548,833,,,0.1811,hfq
2002-01-09,26.484,26.500,26.260,26.372,672,,,-0.6630,hfq
2002-01-10,26.276,26.948,25.380,26.820,5666,,,1.6988,hfq
2002-01-11,26.820,26.820,25.700,26.020,918,,,-2.9828,hfq
2002-01-14,25.700,25.844,25.396,25.700,2956,,,-1.2298,hfq
2002-01-15,25.460,25.764,25.140,25.380,1984,,,-1.2451,hfq
2002-01-16,25.380,25.780,24.516,24.900,2484,,,-1.8913,hfq
2002-01-17,24.900,24.996,24.260,24.372,4200,,,-2.1205,hfq
2002-01-18,24.132,25.140,23.524,25.060,5160,,,2.8229,hfq
2002-01-21,24.820,24.820,23.796,24.004,968,,,-4.2139,hfq
2002-01-22,24.020,24.820,24.020,24.132,2000,,,0.5332,hfq
2002-01-23,24.100,25.716,24.100,25.684,2236,,,6.4313,hfq
2002-01-24,25.492,26.580,24.260,25.668,6538,,,-0.0623,hfq
2002-01-25,25.380,26.468,25.380,25.860,5625,,,0.7480,hfq
2002-01-28,25.700,25.860,24.116,24.420,5151,,,-5.5684,hfq
2002-01-29,24.100,25.060,23.924,24.868,2020,,,1.8346,hfq
2002-01-30,24.772,25.060,24.500,24.756,867,,,-0.4504,hfq
2002-01-31,25.076,27.140,25.076,26.724,7537,,,7.9496,hfq
2002-02-01,26.980,26.996,26.340,26.468,4206,,,-0.9579,hfq
2002-02-04,26.468,27.316,26.436,27.108,2530,,,2.4180,hfq
2002-02-05,27.060,27.268,26.788,27.060,1583,,,-0.1771,hfq
2002-02-06,26.980,27.060,26.500,26.500,2058,,,-2.0695,hfq
2002-02-07,26.500,27.108,26.500,26.980,1970,,,1.8113,hfq
2002-02-08,27.060,27.300,26.756,26.852,916,,,-0.4744,hfq
2002-02-25,27.620,27.700,26.708,27.092,2977,,,0.8938,hfq
2002-02-26,27.156,27.268,26.740,26.948,846,,,-0.5315,hfq
2002-02-27,26.820,27.012,26.740,26.836,1439,,,-0.4156,hfq
2002-02-28,26.820,27.140,26.612,26.612,1464,,,-0.8347,hfq
2002-03-01,26.580,26.788,26.388,26.500,1205,,,-0.4209,hfq
2002-03-04,26.340,26.820,26.228,26.820,804,,,1.2075,hfq
2002-03-05,27.140,27.556,26.804,27.412,3294,,,2.2073,hfq
2002-03-06,27.460,27.972,27.300,27.476,4140,,,0.2335,hfq
2002-03-07,27.588,28.276,27.300,28.180,4349,,,2.5622,hfq
2002-03-08,28.308,28.420,27.636,28.340,4821,,,0.5678,hfq
2002-03-11,28.100,28.388,27.860,28.100,6888,,,-0.8469,hfq
2002-03-12,28.260,29.668,27.476,28.676,5725,,,2.0498,hfq
2002-03-13,28.260,29.492,28.228,28.932,7851,,,0.8927,hfq
2002-03-14,28.852,29.108,28.580,28.900,3270,,,-0.1106,hfq
2002-03-15,28.932,29.060,28.100,28.100,3022,,,-2.7682,hfq
2002-03-18,28.340,28.580,27.764,27.940,3102,,,-0.5694,hfq
2002-03-19,27.940,28.708,27.300,28.580,5695,,,2.2906,hfq
2002-03-20,28.740,29.188,28.580,28.900,7537,,,1.1197,hfq
2002-03-21,28.980,29.060,28.580,28.580,2438,,,-1.1073,hfq
2002-03-22,28.612,28.900,28.260,28.340,2373,,,-0.8397,hfq
2002-03-25,28.356,28.596,27.940,28.420,2684,,,0.2823,hfq
2002-03-26,28.420,28.420,27.908,27.972,2290,,,-1.5764,hfq
2002-03-27,27.956,28.180,27.780,28.100,1805,,,0.4576,hfq
2002-03-28,27.940,28.164,27.924,28.020,3435,,,-0.2847,hfq
2002-03-29,28.020,28.020,27.316,27.476,3240,,,-1.9415,hfq
2002-04-01,27.316,27.732,27.140,27.380,1525,,,-0.3494,hfq
2002-04-02,27.428,27.700,26.980,27.012,1404,,,-1.3440,hfq
2002-04-03,27.188,27.556,26.980,26.996,1074,,,-0.0592,hfq
2002-04-04,27.012,28.372,26.740,28.036,2433,,,3.8524,hfq
2002-04-05,28.100,28.100,27.460,27.540,2544,,,-1.7692,hfq
2002-04-08,27.460,27.988,27.060,27.140,2475,,,-1.4524,hfq
2002-04-09,27.060,28.100,27.060,27.876,2284,,,2.7119,hfq
2002-04-10,27.924,28.212,27.892,28.004,1405,,,0.4592,hfq
2002-04-11,28.100,28.100,27.300,27.300,1972,,,-2.5139,hfq
2002-04-12,27.332,27.940,27.188,27.348,2071,,,0.1758,hfq
2002-04-15,27.220,27.668,27.076,27.236,1378,,,-0.4095,hfq
2002-04-16,27.252,27.508,27.236,27.300,672,,,0.2350,hfq
2002-04-17,27.220,27.892,27.220,27.540,813,,,0.8791,hfq
2002-04-19,27.444,27.444,26.948,27.268,835,,,-0.9877,hfq
2002-04-22,27.156,27.156,26.948,26.964,1256,,,-1.1149,hfq
2002-04-23,27.604,27.620,26.980,27.572,1040,,,2.2549,hfq
2002-04-24,27.460,27.588,25.700,27.284,1614,,,-1.0445,hfq
2002-04-25,27.300,27.444,26.820,27.092,903,,,-0.7037,hfq
2002-04-26,27.028,27.620,27.028,27.380,924,,,1.0630,hfq
2002-04-29,27.380,27.908,27.140,27.636,2687,,,0.9350,hfq
2002-04-30,27.748,27.908,27.460,27.620,1371,,,-0.0579,hfq
2002-05-08,27.636,27.636,26.980,27.412,605,,,-0.7531,hfq
2002-05-09,27.316,27.540,26.996,27.044,977,,,-1.3425,hfq
2002-05-10,27.044,27.620,27.012,27.220,643,,,0.6508,hfq
2002-05-13,26.996,27.380,26.004,26.436,1700,,,-2.8802,hfq
2002-05-14,26.852,26.964,26.148,26.260,1002,,,-0.6658,hfq
2002-05-15,26.180,26.644,26.164,26.308,966,,,0.1828,hfq
2002-05-16,26.292,26.292,25.668,25.780,1737,,,-2.0070,hfq
2002-05-17,25.812,26.068,25.540,25.860,1710,,,0.3103,hfq
2002-05-20,25.812,25.892,25.540,25.556,803,,,-1.1756,hfq
2002-05-21,26.254,26.772,25.870,25.946,2025,,,1.5261,hfq
2002-05-22,25.985,26.234,25.639,25.678,881,,,-1.0329,hfq
2002-05-23,26.004,26.158,25.774,25.831,1731,,,0.5958,hfq
2002-05-24,25.831,25.908,25.447,25.543,790,,,-1.1149,hfq
2002-05-27,25.524,25.582,25.044,25.102,1167,,,-1.7265,hfq
2002-05-28,25.159,25.428,25.082,25.140,787,,,0.1514,hfq
2002-05-29,25.102,25.102,24.737,24.814,887,,,-1.2967,hfq
2002-05-30,24.948,25.390,24.602,24.718,843,,,-0.3869,hfq
2002-05-31,24.698,24.814,24.602,24.602,426,,,-0.4693,hfq
2002-06-03,24.602,24.602,23.950,23.950,1381,,,-2.6502,hfq
2002-06-04,24.084,24.180,23.738,24.084,1167,,,0.5595,hfq
2002-06-05,24.180,24.238,23.604,23.738,1876,,,-1.4366,hfq
2002-06-06,23.604,24.756,23.585,24.391,2884,,,2.7509,hfq
2002-06-07,24.199,24.852,23.988,24.526,4081,,,0.5535,hfq
2002-06-10,24.430,24.430,24.084,24.142,2226,,,-1.5657,hfq
2002-06-11,24.122,24.698,23.950,24.410,1160,,,1.1101,hfq
2002-06-12,24.372,24.372,23.796,24.046,1768,,,-1.4912,hfq
2002-06-13,24.334,24.660,23.911,24.142,440,,,0.3992,hfq
2002-06-14,24.180,24.180,23.854,23.892,423,,,-1.0355,hfq
2002-06-17,23.988,23.988,23.796,23.854,250,,,-0.1590,hfq
2002-06-18,23.911,24.506,23.911,24.334,3411,,,2.0122,hfq
2002-06-19,24.180,24.238,23.873,23.873,1213,,,-1.8945,hfq
2002-06-20,24.180,24.180,23.834,23.988,708,,,0.4817,hfq
2002-06-21,24.142,24.852,23.700,24.660,6691,,,2.8014,hfq
2002-06-24,27.118,27.118,26.119,27.060,28683,,,9.7324,hfq
2002-06-25,27.060,27.098,26.100,26.215,8473,,,-3.1227,hfq
2002-06-26,25.870,26.772,25.543,26.676,6102,,,1.7585,hfq
2002-06-27,26.676,26.676,25.716,25.927,4794,,,-2.8078,hfq
2002-06-28,25.927,26.158,24.929,25.140,9362,,,-3.0354,hfq
2002-07-01,25.236,25.908,25.236,25.428,2670,,,1.1456,hfq
2002-07-02,25.159,25.524,25.159,25.409,1847,,,-0.0747,hfq
2002-07-03,25.428,25.601,25.236,25.370,2436,,,-0.1535,hfq
2002-07-04,25.409,25.447,25.255,25.332,1698,,,-0.1498,hfq
2002-07-05,25.140,25.332,25.044,25.140,1664,,,-0.7579,hfq
2002-07-08,25.236,26.004,23.950,25.850,5714,,,2.8242,hfq
2002-07-09,25.831,25.908,25.582,25.639,1990,,,-0.8162,hfq
2002-07-10,25.658,25.716,25.121,25.217,2680,,,-1.6459,hfq
2002-07-11,25.140,25.505,25.121,25.236,1772,,,0.0753,hfq
2002-07-12,25.236,25.332,25.140,25.198,1119,,,-0.1506,hfq
2002-07-15,25.178,25.332,25.063,25.102,956,,,-0.3810,hfq
2002-07-16,25.140,25.332,24.718,24.756,1145,,,-1.3784,hfq
2002-07-17,24.756,24.929,24.545,24.737,1348,,,-0.0767,hfq
2002-07-18,24.756,24.948,24.410,24.602,2051,,,-0.5457,hfq
2002-07-19,24.756,24.890,24.410,24.564,1925,,,-0.1545,hfq
2002-07-22,24.756,24.833,24.526,24.698,2925,,,0.5455,hfq
2002-07-23,24.718,24.794,24.602,24.775,2105,,,0.3118,hfq
2002-07-24,24.794,24.794,24.622,24.641,1430,,,-0.5409,hfq
2002-07-25,24.718,24.852,24.564,24.564,1391,,,-0.3125,hfq
2002-07-26,24.583,24.660,24.564,24.583,1181,,,0.0773,hfq
2002-07-29,24.583,24.622,24.487,24.583,1815,,,0.0000,hfq
2002-07-30,24.660,25.025,24.545,24.890,3038,,,1.2488,hfq
2002-07-31,24.948,24.986,24.660,24.718,666,,,-0.6910,hfq
2002-08-01,24.948,24.948,24.545,24.564,701,,,-0.6230,hfq
2002-08-02,24.564,24.679,24.564,24.583,1015,,,0.0773,hfq
2002-08-05,24.564,24.756,24.506,24.602,577,,,0.0773,hfq
2002-08-06,24.679,24.948,24.679,24.794,1363,,,0.7804,hfq
2002-08-07,24.756,24.833,24.583,24.756,826,,,-0.1533,hfq
2002-08-08,24.718,24.718,24.583,24.602,818,,,-0.6221,hfq
2002-08-09,24.564,24.564,24.391,24.468,1463,,,-0.5447,hfq
2002-08-12,24.468,24.468,24.314,24.334,1195,,,-0.5477,hfq
2002-08-13,24.372,24.372,24.199,24.276,1267,,,-0.2383,hfq
2002-08-14,24.295,24.372,24.218,24.353,458,,,0.3172,hfq
2002-08-15,24.372,24.430,24.180,24.180,572,,,-0.7104,hfq
2002-08-16,24.180,24.737,24.084,24.334,635,,,0.6369,hfq
2002-08-19,24.468,24.468,24.180,24.238,562,,,-0.3945,hfq
2002-08-20,24.276,24.756,24.276,24.718,1326,,,1.9804,hfq
2002-08-21,24.794,24.852,24.564,24.756,1289,,,0.1537,hfq
2002-08-22,24.756,25.236,24.718,25.063,3459,,,1.2401,hfq
2002-08-23,25.198,25.236,25.063,25.140,1956,,,0.3072,hfq
2002-08-26,25.140,25.466,25.082,25.351,2830,,,0.8393,hfq
2002-08-27,25.370,25.812,25.370,25.620,11611,,,1.0611,hfq
2002-08-28,25.735,25.812,25.505,25.524,1915,,,-0.3747,hfq
2002-08-29,25.486,25.697,25.486,25.639,2901,,,0.4506,hfq
2002-08-30,25.620,25.812,25.428,25.658,2299,,,0.0741,hfq
2002-09-02,25.620,25.620,25.486,25.524,1415,,,-0.5223,hfq
2002-09-03,25.351,25.716,25.351,25.524,1250,,,0.0000,hfq
2002-09-04,25.447,25.620,25.178,25.274,852,,,-0.9795,hfq
2002-09-05,25.140,25.236,24.756,24.756,2499,,,-2.0495,hfq
2002-09-06,24.679,24.967,24.660,24.948,1833,,,0.7756,hfq
2002-09-09,24.718,25.006,24.718,24.967,736,,,0.0762,hfq
2002-09-10,24.929,24.948,24.794,24.852,228,,,-0.4606,hfq
2002-09-11,24.871,24.871,24.506,24.545,1339,,,-1.2353,hfq
2002-09-12,24.487,24.948,24.276,24.929,1147,,,1.5645,hfq
2002-09-13,24.622,25.236,24.622,24.967,718,,,0.1524,hfq
2002-09-16,24.775,24.794,24.622,24.775,568,,,-0.7690,hfq
2002-09-17,24.737,24.852,24.660,24.737,1031,,,-0.1534,hfq
2002-09-18,24.737,24.910,24.660,24.756,330,,,0.0768,hfq
2002-09-19,24.564,25.620,24.564,25.505,1069,,,3.0255,hfq
2002-09-20,25.198,25.294,24.910,25.063,562,,,-1.7330,hfq
2002-09-23,24.852,25.121,24.852,24.986,251,,,-0.3072,hfq
2002-09-24,24.890,25.198,24.890,25.178,574,,,0.7684,hfq
2002-09-25,24.910,25.140,24.910,24.967,763,,,-0.8380,hfq
2002-09-26,24.967,25.140,24.794,24.794,208,,,-0.6929,hfq
2002-09-27,24.794,24.948,24.756,24.910,620,,,0.4679,hfq
2002-10-08,24.890,24.890,24.180,24.487,1133,,,-1.6981,hfq
2002-10-09,24.276,24.468,24.180,24.180,1073,,,-1.2537,hfq
2002-10-10,24.180,24.276,24.084,24.161,438,,,-0.0786,hfq
2002-10-11,24.161,24.276,24.084,24.122,725,,,-0.1614,hfq
2002-10-14,24.103,24.103,23.662,23.930,1359,,,-0.7960,hfq
2002-10-15,23.988,23.988,23.604,23.719,270,,,-0.8817,hfq
2002-10-16,23.758,24.564,23.758,23.988,2319,,,1.1341,hfq
2002-10-17,24.084,24.353,23.892,23.892,2026,,,-0.4002,hfq
2002-10-18,23.796,24.142,23.796,23.892,1074,,,0.0000,hfq
2002-10-21,24.084,24.084,23.738,23.911,383,,,0.0795,hfq
2002-10-22,23.911,24.180,23.911,24.007,1132,,,0.4015,hfq
2002-10-23,24.007,24.007,23.719,23.988,771,,,-0.0791,hfq
2002-10-24,23.988,23.988,23.815,23.854,241,,,-0.5586,hfq
2002-10-25,22.452,24.353,22.452,23.681,446,,,-0.7252,hfq
2002-10-28,23.681,23.815,23.335,23.374,897,,,-1.2964,hfq
2002-10-29,23.335,23.546,23.220,23.470,1028,,,0.4107,hfq
2002-10-30,23.412,23.758,23.278,23.354,536,,,-0.4942,hfq
2002-10-31,23.354,23.662,23.354,23.354,550,,,0.0000,hfq
2002-11-01,23.354,23.412,23.258,23.393,187,,,0.1670,hfq
2002-11-04,23.470,23.796,23.412,23.796,580,,,1.7227,hfq
2002-11-05,23.796,24.046,23.220,23.988,6025,,,0.8069,hfq
2002-11-06,23.988,23.988,23.508,23.930,1928,,,-0.2418,hfq
2002-11-07,23.642,24.314,23.527,24.007,1627,,,0.3218,hfq
2002-11-08,24.334,24.334,23.316,23.374,1259,,,-2.6367,hfq
2002-11-11,23.374,23.374,22.874,22.951,1146,,,-1.8097,hfq
2002-11-12,22.951,23.374,22.567,22.567,1144,,,-1.6731,hfq
2002-11-13,22.644,22.817,21.876,22.817,1665,,,1.1078,hfq
2002-11-14,22.298,22.644,22.010,22.318,367,,,-2.1870,hfq
2002-11-15,22.260,22.452,21.876,22.260,912,,,-0.2599,hfq
2002-11-18,22.068,22.087,21.703,21.722,555,,,-2.4169,hfq
2002-11-19,21.684,22.087,21.492,21.799,668,,,0.3545,hfq
2002-11-20,21.684,21.761,20.916,20.954,962,,,-3.8763,hfq
2002-11-21,20.916,20.935,20.340,20.340,1975,,,-2.9302,hfq
2002-11-22,20.551,20.897,20.052,20.302,1685,,,-0.1868,hfq
2002-11-25,20.378,20.686,20.244,20.628,641,,,1.6058,hfq
2002-11-26,20.551,21.031,19.918,20.033,864,,,-2.8844,hfq
2002-11-27,19.764,19.860,19.380,19.764,1903,,,-1.3428,hfq
2002-11-28,19.418,20.494,19.418,20.417,1572,,,3.3040,hfq
2002-11-29,20.244,20.724,20.244,20.609,5207,,,0.9404,hfq
2002-12-02,20.686,20.686,19.918,20.033,1276,,,-2.7949,hfq
2002-12-03,19.956,20.340,19.956,20.167,725,,,0.6689,hfq
2002-12-04,20.244,20.686,20.225,20.398,2645,,,1.1454,hfq
2002-12-05,20.378,20.474,19.764,19.956,2346,,,-2.1669,hfq
2002-12-06,19.956,20.148,19.802,19.937,305,,,-0.0952,hfq
2002-12-09,19.879,20.340,19.822,20.033,250,,,0.4815,hfq
2002-12-10,19.860,20.033,19.418,19.822,832,,,-1.0533,hfq
2002-12-11,19.668,19.879,19.380,19.553,830,,,-1.3571,hfq
2002-12-12,19.476,19.841,19.476,19.649,854,,,0.4910,hfq
2002-12-13,19.572,19.764,19.380,19.514,1576,,,-0.6871,hfq
2002-12-16,19.726,19.802,19.476,19.802,2373,,,1.4759,hfq
2002-12-17,19.822,20.494,19.822,20.340,6162,,,2.7169,hfq
2002-12-18,20.340,20.532,20.129,20.167,1753,,,-0.8505,hfq
2002-12-19,20.167,20.244,19.764,19.783,1732,,,-1.9041,hfq
2002-12-20,19.860,20.436,19.764,20.282,3230,,,2.5224,hfq
2002-12-23,20.340,20.686,20.321,20.436,3152,,,0.7593,hfq
2002-12-24,20.455,20.628,20.263,20.609,1424,,,0.8465,hfq
2002-12-25,20.647,20.705,20.148,20.417,1726,,,-0.9316,hfq
2002-12-26,20.186,20.263,19.726,20.052,3966,,,-1.7877,hfq
2002-12-27,19.956,20.148,19.553,19.956,3085,,,-0.4788,hfq
2002-12-30,19.630,20.110,19.342,19.879,3102,,,-0.3858,hfq
2002-12-31,20.436,20.436,19.418,19.457,3389,,,-2.1228,hfq
2003-01-02,19.207,19.380,18.439,18.458,2035,,,-5.1344,hfq
2003-01-03,18.420,18.785,18.228,18.305,908,,,-0.8289,hfq
2003-01-06,18.286,18.516,18.132,18.420,852,,,0.6282,hfq
2003-01-07,18.574,18.804,18.343,18.554,1239,,,0.7275,hfq
2003-01-08,18.708,19.054,18.247,19.034,1717,,,2.5870,hfq
2003-01-09,19.188,19.514,18.900,19.303,2199,,,1.4133,hfq
2003-01-10,19.322,19.380,18.919,19.111,3193,,,-0.9947,hfq
2003-01-13,18.996,19.111,18.900,18.958,821,,,-0.8006,hfq
2003-01-14,18.919,20.148,18.804,19.783,5546,,,4.3517,hfq
2003-01-15,19.783,20.570,19.783,20.186,9037,,,2.0371,hfq
2003-01-16,20.225,21.012,20.206,20.993,8993,,,3.9978,hfq
2003-01-17,21.108,21.166,20.724,20.801,5333,,,-0.9146,hfq
2003-01-20,20.494,21.070,20.455,20.954,2545,,,0.7355,hfq
2003-01-21,21.492,21.492,20.474,20.494,4836,,,-2.1953,hfq
2003-01-22,20.340,20.532,20.263,20.474,1586,,,-0.0976,hfq
2003-01-23,20.474,20.686,20.071,20.129,2034,,,-1.6851,hfq
2003-01-24,20.148,20.378,19.994,20.359,3163,,,1.1426,hfq
2003-01-27,20.398,20.705,20.340,20.532,1496,,,0.8497,hfq
2003-01-28,20.551,20.724,20.359,20.666,2664,,,0.6526,hfq
2003-01-29,20.820,21.646,20.724,21.089,9261,,,2.0468,hfq
2003-02-10,21.127,21.146,20.762,21.070,1749,,,-0.0901,hfq
2003-02-11,21.300,21.511,21.108,21.204,5141,,,0.6360,hfq
2003-02-12,21.089,21.761,20.954,21.722,4522,,,2.4429,hfq
2003-02-13,21.492,21.799,21.300,21.703,3368,,,-0.0875,hfq
2003-02-14,21.338,21.646,21.338,21.454,1074,,,-1.1473,hfq
2003-02-17,21.415,21.415,20.916,20.954,1834,,,-2.3306,hfq
2003-02-18,20.993,20.993,20.762,20.993,1273,,,0.1861,hfq
2003-02-19,20.993,21.108,20.954,21.108,503,,,0.5478,hfq
2003-02-20,20.628,21.665,20.244,21.108,1324,,,0.0000,hfq
2003-02-21,21.070,21.108,20.455,20.570,1528,,,-2.5488,hfq
2003-02-24,20.532,20.686,20.417,20.494,1756,,,-0.3695,hfq
2003-02-25,20.398,20.878,20.398,20.820,1702,,,1.5907,hfq
2003-02-26,20.954,21.108,20.743,21.050,2047,,,1.1047,hfq
2003-02-27,21.070,21.223,20.974,21.070,1377,,,0.0950,hfq
2003-02-28,21.031,21.050,20.743,20.974,1459,,,-0.4556,hfq
2003-03-03,20.974,21.223,20.820,21.166,4132,,,0.9154,hfq
2003-03-04,21.031,21.454,20.916,21.166,2188,,,0.0000,hfq
2003-03-05,21.166,21.166,20.762,20.820,1452,,,-1.6347,hfq
2003-03-06,20.801,20.954,20.494,20.551,1588,,,-1.2920,hfq
2003-03-07,20.532,20.782,20.244,20.321,1712,,,-1.1192,hfq
2003-03-10,20.282,20.417,19.610,19.726,2506,,,-2.9280,hfq
2003-03-11,20.033,20.033,19.745,19.860,722,,,0.6793,hfq
2003-03-12,19.956,20.225,19.668,19.937,905,,,0.3877,hfq
2003-03-13,19.975,19.975,19.706,19.706,762,,,-1.1586,hfq
2003-03-14,19.668,19.726,19.534,19.630,2165,,,-0.3857,hfq
2003-03-17,19.572,19.822,19.342,19.495,1960,,,-0.6877,hfq
2003-03-18,19.764,19.764,19.380,19.668,3615,,,0.8874,hfq
2003-03-19,19.802,20.244,19.764,20.014,16068,,,1.7592,hfq
2003-03-20,20.148,20.244,19.783,19.956,5784,,,-0.2898,hfq
2003-03-21,19.956,19.956,19.726,19.918,1418,,,-0.1904,hfq
2003-03-24,19.956,19.956,19.476,19.572,2721,,,-1.7371,hfq
2003-03-25,19.476,19.553,18.958,19.284,2312,,,-1.4715,hfq
2003-03-26,19.342,19.342,19.015,19.092,2079,,,-0.9956,hfq
2003-03-27,19.015,19.630,18.804,19.361,4308,,,1.4090,hfq
2003-03-28,19.438,19.534,19.111,19.226,3099,,,-0.6973,hfq
2003-03-31,19.226,19.361,19.111,19.322,3845,,,0.4993,hfq
2003-04-01,19.322,19.706,19.322,19.572,12700,,,1.2939,hfq
2003-04-02,19.668,20.532,19.668,20.513,22220,,,4.8079,hfq
2003-04-03,20.647,21.300,20.647,20.878,24234,,,1.7794,hfq
2003-04-04,20.916,21.146,20.609,20.916,9451,,,0.1820,hfq
2003-04-07,21.012,21.684,21.012,21.530,23762,,,2.9356,hfq
2003-04-08,21.588,21.646,21.223,21.607,16301,,,0.3576,hfq
2003-04-09,21.588,21.588,20.993,21.358,13846,,,-1.1524,hfq
2003-04-10,21.396,23.124,21.050,22.490,37861,,,5.3001,hfq
2003-04-11,22.394,23.316,22.241,22.817,18432,,,1.4540,hfq
2003-04-14,22.836,23.182,22.510,22.913,18532,,,0.4207,hfq
2003-04-15,22.874,23.758,22.644,23.239,16651,,,1.4228,hfq
2003-04-16,23.566,23.604,22.298,22.452,15182,,,-3.3865,hfq
2003-04-17,22.375,22.970,22.260,22.817,11713,,,1.6257,hfq
2003-04-18,22.817,23.969,22.817,22.970,14879,,,0.6706,hfq
2003-04-21,23.220,24.084,22.452,23.066,23470,,,0.4179,hfq
2003-04-22,22.452,22.740,21.108,21.991,9009,,,-4.6605,hfq
2003-04-23,22.049,22.394,21.454,22.010,9172,,,0.0864,hfq
2003-04-24,22.030,22.414,21.742,21.818,7696,,,-0.8723,hfq
2003-04-25,21.684,22.068,20.954,21.089,8377,,,-3.3413,hfq
2003-04-28,21.089,22.606,21.012,22.241,29668,,,5.4626,hfq
2003-04-29,22.222,22.222,21.300,21.434,11033,,,-3.6284,hfq
2003-04-30,21.434,21.588,21.012,21.415,10409,,,-0.0886,hfq
2003-05-12,21.876,22.030,21.492,21.972,7680,,,2.6010,hfq
2003-05-13,22.164,22.202,21.108,21.300,8272,,,-3.0584,hfq
2003-05-14,21.665,21.665,20.148,21.185,11479,,,-0.5399,hfq
2003-05-15,20.743,21.454,20.743,21.396,7740,,,0.9960,hfq
2003-05-16,21.300,22.452,21.012,21.953,13553,,,2.6033,hfq
2003-05-19,21.953,21.972,21.454,21.838,7264,,,-0.5238,hfq
2003-05-20,21.838,21.876,21.127,21.146,4401,,,-3.1688,hfq
2003-05-21,21.108,21.300,20.916,21.089,5066,,,-0.2696,hfq
2003-05-22,20.954,21.146,20.628,21.108,4368,,,0.0901,hfq
2003-05-23,21.127,21.185,20.724,20.993,8484,,,-0.5448,hfq
2003-05-26,21.473,21.473,20.686,20.858,4894,,,-0.6431,hfq
2003-05-27,20.916,21.089,20.590,20.647,5343,,,-1.0116,hfq
2003-05-28,20.647,20.878,20.340,20.436,11060,,,-1.0219,hfq
2003-05-29,20.436,20.666,20.148,20.666,7998,,,1.1255,hfq
2003-05-30,20.666,21.300,20.647,21.223,11138,,,2.6952,hfq
2003-06-02,21.204,21.204,20.954,21.070,3086,,,-0.7209,hfq
2003-06-03,20.993,21.012,20.570,20.609,2999,,,-2.1879,hfq
2003-06-04,20.532,20.686,20.398,20.551,5080,,,-0.2814,hfq
2003-06-05,20.532,20.628,20.359,20.436,2511,,,-0.5596,hfq
2003-06-06,20.359,20.398,20.186,20.186,2777,,,-1.2233,hfq
2003-06-09,20.110,20.148,19.572,19.630,3526,,,-2.7544,hfq
2003-06-10,19.610,19.860,19.610,19.841,1999,,,1.0749,hfq
2003-06-11,19.956,20.148,19.918,20.148,6781,,,1.5473,hfq
2003-06-12,20.167,20.263,19.918,19.956,2286,,,-0.9529,hfq
2003-06-13,19.994,20.225,19.994,20.110,2469,,,0.7717,hfq
2003-06-16,20.186,20.186,19.668,19.745,3397,,,-1.8150,hfq
2003-06-17,19.726,20.398,19.630,20.282,6461,,,2.7197,hfq
2003-06-19,20.148,20.628,20.148,20.609,14971,,,1.6123,hfq
2003-06-20,20.782,20.782,20.321,20.417,4246,,,-0.9316,hfq
2003-06-23,20.340,20.417,19.860,19.898,2741,,,-2.5420,hfq
2003-06-24,19.860,20.263,19.860,20.206,1706,,,1.5479,hfq
2003-06-25,20.225,20.225,19.745,19.783,1492,,,-2.0934,hfq
2003-06-26,19.726,20.378,19.572,20.263,3631,,,2.4263,hfq
2003-06-27,20.282,20.378,19.783,20.033,1455,,,-1.1351,hfq
2003-06-30,19.860,20.110,19.630,19.764,1076,,,-1.3428,hfq
2003-07-01,19.745,20.340,19.591,19.610,2300,,,-0.7792,hfq
2003-07-02,19.649,20.052,19.246,20.033,4618,,,2.1571,hfq
2003-07-03,19.668,20.090,19.668,19.841,1533,,,-0.9584,hfq
2003-07-04,19.822,19.956,19.553,19.572,2023,,,-1.3558,hfq
2003-07-07,19.495,19.841,19.342,19.380,3324,,,-0.9810,hfq
2003-07-08,19.361,19.687,19.361,19.572,3423,,,0.9907,hfq
2003-07-09,19.591,19.745,19.553,19.572,2953,,,0.0000,hfq
2003-07-10,19.745,19.956,19.399,19.898,3350,,,1.6656,hfq
2003-07-11,19.975,19.975,19.802,19.841,3221,,,-0.2865,hfq
2003-07-14,19.745,19.918,19.418,19.610,867,,,-1.1643,hfq
2003-07-15,19.610,19.668,19.380,19.649,1815,,,0.1989,hfq
2003-07-16,19.841,19.956,19.572,19.764,2902,,,0.5853,hfq
2003-07-17,19.802,19.937,19.726,19.860,4886,,,0.4857,hfq
2003-07-18,19.822,19.822,19.284,19.342,2630,,,-2.6083,hfq
2003-07-21,19.188,19.188,18.535,18.746,4744,,,-3.0814,hfq
2003-07-22,18.958,19.150,18.401,18.516,4193,,,-1.2269,hfq
2003-07-23,18.516,19.092,18.420,19.054,2754,,,2.9056,hfq
2003-07-24,18.746,18.996,18.650,18.650,1520,,,-2.1203,hfq
2003-07-25,18.612,18.958,18.478,18.746,1622,,,0.5147,hfq
2003-07-28,18.689,18.996,18.535,18.574,1102,,,-0.9175,hfq
2003-07-29,18.650,18.900,18.593,18.727,948,,,0.8237,hfq
2003-07-30,18.766,18.766,18.554,18.612,402,,,-0.6141,hfq
2003-07-31,18.766,18.996,18.631,18.919,2414,,,1.6495,hfq
2003-08-01,18.842,18.938,18.650,18.766,924,,,-0.8087,hfq
2003-08-04,18.804,18.919,18.420,18.900,3526,,,0.7141,hfq
2003-08-05,18.881,18.996,18.708,18.996,2141,,,0.5079,hfq
2003-08-06,18.996,18.996,18.727,18.785,933,,,-1.1108,hfq
2003-08-07,18.785,18.881,18.708,18.804,450,,,0.1011,hfq
2003-08-08,18.804,18.804,18.382,18.458,1294,,,-1.8400,hfq
2003-08-11,18.478,18.612,18.362,18.401,805,,,-0.3088,hfq
2003-08-12,18.362,18.612,18.362,18.535,1083,,,0.7282,hfq
2003-08-13,18.478,18.670,18.420,18.535,957,,,0.0000,hfq
2003-08-14,18.535,18.689,18.458,18.631,1650,,,0.5179,hfq
2003-08-15,18.612,18.766,18.574,18.766,1218,,,0.7246,hfq
2003-08-18,18.228,18.574,18.190,18.228,2000,,,-2.8669,hfq
2003-08-19,18.209,18.382,17.844,17.998,2840,,,-1.2618,hfq
2003-08-20,17.940,18.036,17.844,17.978,4896,,,-0.1111,hfq
2003-08-21,17.959,18.151,17.806,18.113,1179,,,0.7509,hfq
2003-08-22,18.074,18.362,17.652,18.132,1634,,,0.1049,hfq
2003-08-25,18.036,18.151,17.614,17.921,2676,,,-1.1637,hfq
2003-08-26,17.844,18.151,17.767,17.786,1144,,,-0.7533,hfq
2003-08-27,17.786,18.036,17.671,18.017,750,,,1.2988,hfq
2003-08-28,17.844,17.921,17.614,17.825,820,,,-1.0657,hfq
2003-08-29,17.652,17.652,17.364,17.575,1080,,,-1.4025,hfq
2003-09-01,17.575,17.748,17.287,17.729,7874,,,0.8762,hfq
2003-09-02,17.729,17.844,17.422,17.518,4269,,,-1.1901,hfq
2003-09-03,17.594,17.748,17.441,17.556,6462,,,0.2169,hfq
2003-09-04,17.652,18.516,17.518,18.036,18282,,,2.7341,hfq
2003-09-05,17.940,17.940,17.556,17.748,6789,,,-1.5968,hfq
2003-09-08,17.844,17.921,17.460,17.537,3440,,,-1.1889,hfq
2003-09-09,17.537,17.537,17.210,17.326,4282,,,-1.2032,hfq
2003-09-10,17.460,17.786,17.230,17.652,16307,,,1.8816,hfq
2003-09-11,17.940,17.998,17.652,17.825,18369,,,0.9801,hfq
2003-09-12,17.825,17.825,17.364,17.441,4148,,,-2.1543,hfq
2003-09-15,17.402,17.422,16.961,17.038,4361,,,-2.3106,hfq
2003-09-16,16.922,17.076,16.711,16.980,2773,,,-0.3404,hfq
2003-09-17,16.942,16.980,16.346,16.404,3918,,,-3.3922,hfq
2003-09-18,16.366,16.385,16.078,16.116,5170,,,-1.7557,hfq
2003-09-19,16.212,16.346,15.828,16.289,4300,,,1.0735,hfq
2003-09-22,16.308,16.404,15.924,16.039,2020,,,-1.5348,hfq
2003-09-23,15.924,16.078,15.905,16.058,3416,,,0.1185,hfq
2003-09-24,16.116,16.404,15.924,16.366,3341,,,1.9180,hfq
2003-09-25,16.366,16.366,15.886,15.905,1687,,,-2.8168,hfq
2003-09-26,15.905,16.039,15.905,15.943,1196,,,0.2389,hfq
2003-09-29,15.924,16.020,15.444,15.482,4660,,,-2.8916,hfq
2003-09-30,15.367,15.713,15.310,15.540,3878,,,0.3746,hfq
2003-10-08,15.540,15.636,15.118,15.137,4895,,,-2.5933,hfq
2003-10-09,15.137,15.310,14.830,14.868,7444,,,-1.7771,hfq
2003-10-10,14.830,15.598,14.657,15.463,12733,,,4.0019,hfq
2003-10-13,15.425,15.521,15.079,15.194,4126,,,-1.7396,hfq
2003-10-14,15.118,15.156,14.772,14.887,3697,,,-2.0205,hfq
2003-10-15,14.926,15.214,14.926,15.156,3864,,,1.8069,hfq
2003-10-16,15.118,15.367,15.118,15.194,3836,,,0.2507,hfq
2003-10-17,15.194,15.290,15.060,15.175,1876,,,-0.1250,hfq
2003-10-20,15.098,15.252,14.868,15.002,1378,,,-1.1400,hfq
2003-10-21,15.002,15.060,14.734,15.041,1384,,,0.2600,hfq
2003-10-22,14.868,15.482,14.868,15.310,8527,,,1.7884,hfq
2003-10-23,15.329,15.617,15.214,15.502,10620,,,1.2541,hfq
2003-10-24,15.578,15.578,15.310,15.386,2652,,,-0.7483,hfq
2003-10-27,15.502,15.502,14.926,15.002,2376,,,-2.4958,hfq
2003-10-28,14.926,15.310,14.926,15.233,3069,,,1.5398,hfq
2003-10-29,15.233,15.674,15.194,15.674,11327,,,2.8950,hfq
2003-10-30,15.713,16.154,15.540,16.058,16355,,,2.4499,hfq
2003-10-31,16.116,16.404,15.751,16.135,10529,,,0.4795,hfq
2003-11-03,16.078,16.462,15.924,16.442,7449,,,1.9027,hfq
2003-11-04,16.481,16.673,16.212,16.538,15800,,,0.5839,hfq
2003-11-05,16.423,16.481,16.020,16.116,8873,,,-2.5517,hfq
2003-11-06,16.078,16.231,15.732,16.174,13233,,,0.3599,hfq
2003-11-07,15.924,16.308,15.924,16.116,4603,,,-0.3586,hfq
2003-11-10,16.058,16.058,15.617,15.943,4206,,,-1.0735,hfq
2003-11-11,15.886,16.001,15.655,15.924,6568,,,-0.1192,hfq
2003-11-12,15.886,16.404,15.751,16.308,8629,,,2.4115,hfq
2003-11-13,16.308,16.884,16.135,16.884,16339,,,3.5320,hfq
2003-11-14,16.884,17.057,16.673,16.961,10135,,,0.4561,hfq
2003-11-17,16.961,16.980,16.654,16.903,3994,,,-0.3420,hfq
2003-11-18,16.884,16.884,16.346,16.404,4406,,,-2.9521,hfq
2003-11-19,16.270,16.846,16.231,16.615,5642,,,1.2863,hfq
2003-11-20,16.692,17.460,16.654,17.460,16524,,,5.0858,hfq
2003-11-21,17.498,17.518,17.018,17.249,9635,,,-1.2085,hfq
2003-11-24,17.249,18.190,17.076,17.690,17150,,,2.5567,hfq
2003-11-25,17.748,17.978,17.479,17.690,10519,,,0.0000,hfq
2003-11-26,17.441,17.575,17.287,17.383,7468,,,-1.7354,hfq
2003-11-27,17.306,17.748,17.095,17.633,6504,,,1.4382,hfq
2003-11-28,17.652,17.748,17.287,17.556,4062,,,-0.4367,hfq
2003-12-02,17.690,18.324,17.556,17.594,7031,,,0.2165,hfq
2003-12-03,17.633,17.633,16.980,17.287,11965,,,-1.7449,hfq
2003-12-04,17.191,17.383,16.999,17.364,6498,,,0.4454,hfq
2003-12-05,17.345,17.575,17.191,17.287,4485,,,-0.4434,hfq
2003-12-08,17.268,17.460,17.095,17.114,2680,,,-1.0008,hfq
2003-12-09,17.076,17.230,16.942,17.210,4847,,,0.5609,hfq
2003-12-10,17.268,17.326,17.076,17.268,3611,,,0.3370,hfq
2003-12-11,17.364,17.652,17.306,17.441,4970,,,1.0019,hfq
2003-12-12,17.460,17.460,17.076,17.230,3141,,,-1.2098,hfq
2003-12-15,17.172,17.191,17.018,17.038,3678,,,-1.1143,hfq
2003-12-16,16.999,17.018,16.538,16.577,6681,,,-2.7057,hfq
2003-12-17,16.500,16.807,16.289,16.673,14942,,,0.5791,hfq
2003-12-18,16.673,16.692,16.058,16.116,8381,,,-3.3407,hfq
2003-12-19,16.078,16.212,15.636,15.674,13951,,,-2.7426,hfq
2003-12-22,15.655,16.078,15.310,16.058,11746,,,2.4499,hfq
2003-12-23,16.116,16.692,15.962,16.462,7841,,,2.5159,hfq
2003-12-24,16.481,16.692,16.404,16.692,7622,,,1.3972,hfq
2003-12-25,16.654,16.673,16.270,16.308,11538,,,-2.3005,hfq
2003-12-26,16.308,16.692,16.270,16.404,5583,,,0.5887,hfq
2003-12-29,16.558,16.922,16.462,16.500,11093,,,0.5852,hfq
2003-12-30,16.500,16.654,16.308,16.634,5261,,,0.8121,hfq
2003-12-31,16.500,16.634,16.481,16.481,3896,,,-0.9198,hfq
2004-01-02,16.654,16.673,16.135,16.154,6357,,,-1.9841,hfq
2004-01-05,16.154,16.270,15.694,16.001,29421,,,-0.9471,hfq
2004-01-06,16.039,17.172,15.924,17.095,34719,,,6.8371,hfq
2004-01-07,17.038,17.210,16.884,17.134,15416,,,0.2281,hfq
2004-01-08,17.134,17.556,17.038,17.422,12115,,,1.6809,hfq
2004-01-09,17.460,17.748,17.268,17.326,13244,,,-0.5510,hfq
2004-01-12,17.287,17.863,17.191,17.863,13245,,,3.0994,hfq
2004-01-13,18.036,18.228,17.729,17.940,11066,,,0.4311,hfq
2004-01-14,17.844,17.844,17.537,17.594,12517,,,-1.9287,hfq
2004-01-15,17.422,17.729,17.364,17.422,2971,,,-0.9776,hfq
2004-01-16,17.575,17.902,17.364,17.767,5441,,,1.9803,hfq
2004-01-29,17.902,18.324,17.690,18.266,6331,,,2.8086,hfq
2004-01-30,18.266,18.286,17.902,17.998,8279,,,-1.4672,hfq
2004-02-02,18.516,18.708,18.036,18.420,18067,,,2.3447,hfq
2004-02-03,18.382,18.516,18.036,18.401,7763,,,-0.1031,hfq
2004-02-04,18.516,18.766,18.286,18.574,8906,,,0.9402,hfq
2004-02-05,18.574,18.574,18.074,18.497,9879,,,-0.4146,hfq
2004-02-06,18.516,18.516,18.036,18.036,7581,,,-2.4923,hfq
2004-02-09,17.998,19.188,17.940,19.015,22872,,,5.4280,hfq
2004-02-10,19.092,19.342,18.900,18.900,13259,,,-0.6048,hfq
2004-02-11,18.996,19.649,18.881,19.630,18619,,,3.8624,hfq
2004-02-12,19.764,20.033,19.553,19.706,14693,,,0.3872,hfq
2004-02-13,19.860,20.532,19.726,20.244,29200,,,2.7301,hfq
2004-02-16,20.436,20.609,19.994,20.590,21321,,,1.7091,hfq
2004-02-17,20.590,21.434,20.590,21.050,41370,,,2.2341,hfq
2004-02-18,21.050,21.108,20.378,20.954,38277,,,-0.4561,hfq
2004-02-19,20.916,21.031,20.551,20.590,20048,,,-1.7371,hfq
2004-02-20,20.628,20.762,20.129,20.340,14078,,,-1.2142,hfq
2004-02-23,20.398,20.666,19.668,19.668,15015,,,-3.3038,hfq
2004-02-24,19.572,20.263,19.572,20.225,16505,,,2.8320,hfq
2004-02-25,20.455,20.551,19.898,19.975,20514,,,-1.2361,hfq
2004-02-26,19.745,20.206,19.572,20.052,9432,,,0.3855,hfq
2004-02-27,20.340,20.417,19.860,20.359,7905,,,1.5310,hfq
2004-03-01,20.340,20.532,20.148,20.513,6963,,,0.7564,hfq
2004-03-02,20.494,20.494,20.052,20.090,5041,,,-2.0621,hfq
2004-03-03,19.994,20.110,19.591,19.745,4451,,,-1.7173,hfq
2004-03-04,19.745,19.918,19.610,19.879,3565,,,0.6787,hfq
2004-03-05,19.879,20.052,19.726,19.802,3667,,,-0.3873,hfq
2004-03-08,19.860,19.860,19.476,19.630,4546,,,-0.8686,hfq
2004-03-09,19.572,19.764,19.553,19.726,6336,,,0.4890,hfq
2004-03-10,19.764,20.110,19.668,20.071,3717,,,1.7490,hfq
2004-03-11,20.110,20.647,20.110,20.398,9532,,,1.6292,hfq
2004-03-12,20.474,20.532,20.129,20.340,4888,,,-0.2843,hfq
2004-03-15,20.436,20.666,20.302,20.551,9953,,,1.0374,hfq
2004-03-16,20.628,20.878,20.378,20.436,6009,,,-0.5596,hfq
2004-03-17,20.551,20.590,20.225,20.513,5421,,,0.3768,hfq
2004-03-18,20.494,20.647,20.110,20.148,6384,,,-1.7794,hfq
2004-03-19,20.110,20.916,19.956,20.897,6357,,,3.7175,hfq
2004-03-22,20.724,21.415,20.686,21.185,14422,,,1.3782,hfq
2004-03-23,21.070,21.972,20.935,21.876,19607,,,3.2617,hfq
2004-03-24,21.607,22.548,21.607,21.914,20432,,,0.1737,hfq
2004-03-25,21.914,22.932,21.914,22.452,17575,,,2.4551,hfq
2004-03-26,22.433,22.490,21.838,21.876,9768,,,-2.5655,hfq
2004-03-29,21.838,22.183,21.742,21.742,5385,,,-0.6125,hfq
2004-03-30,21.742,22.375,21.607,22.279,14840,,,2.4699,hfq
2004-03-31,22.356,22.932,22.356,22.874,25377,,,2.6707,hfq
2004-04-01,22.874,23.028,22.682,22.990,14753,,,0.5071,hfq
2004-04-02,23.066,23.086,22.644,22.702,11587,,,-1.2527,hfq
2004-04-05,22.702,23.182,22.490,23.143,16780,,,1.9426,hfq
2004-04-07,23.316,24.142,23.316,23.758,18324,,,2.6574,hfq
2004-04-08,23.700,24.065,23.566,23.834,17933,,,0.3199,hfq
2004-04-09,23.758,23.796,22.606,22.778,15777,,,-4.4306,hfq
2004-04-12,22.606,22.970,22.087,22.663,9774,,,-0.5049,hfq
2004-04-13,22.606,23.086,22.606,23.086,8621,,,1.8665,hfq
2004-04-14,22.990,23.623,22.356,22.874,25309,,,-0.9183,hfq
2004-04-15,22.817,23.124,22.644,22.855,7397,,,-0.0831,hfq
2004-04-16,23.047,23.930,22.855,23.854,22413,,,4.3710,hfq
2004-04-19,23.988,25.044,23.969,24.852,28303,,,4.1838,hfq
2004-04-20,24.756,25.140,24.430,24.929,15008,,,0.3098,hfq
2004-04-21,24.929,24.929,23.431,23.777,18097,,,-4.6211,hfq
2004-04-22,23.700,24.641,23.623,24.468,12745,,,2.9062,hfq
2004-04-23,24.910,25.159,23.988,24.238,12155,,,-0.9400,hfq
2004-04-26,24.180,25.178,23.988,25.044,18784,,,3.3254,hfq
2004-04-27,25.044,25.658,24.775,25.063,24620,,,0.0759,hfq
2004-04-28,24.948,25.332,24.180,24.449,18452,,,-2.4498,hfq
2004-04-29,24.372,24.564,23.124,23.412,20266,,,-4.2415,hfq
2004-04-30,23.316,24.526,23.297,24.506,15975,,,4.6728,hfq
2004-05-10,24.372,24.372,23.431,24.065,7229,,,-1.7996,hfq
2004-05-11,23.508,23.988,23.220,23.623,6260,,,-1.8367,hfq
2004-05-12,23.623,24.622,23.431,24.526,8443,,,3.8225,hfq
2004-05-13,24.564,25.082,24.276,25.044,13416,,,2.1120,hfq
2004-05-14,25.044,25.044,24.410,24.871,10403,,,-0.6908,hfq
2004-05-17,24.833,24.910,24.430,24.545,6803,,,-1.3108,hfq
2004-05-18,24.372,24.890,24.122,24.679,8109,,,0.5459,hfq
2004-05-19,24.679,25.582,24.564,25.543,11903,,,3.5010,hfq
2004-05-20,25.524,25.562,24.679,24.967,18940,,,-2.2550,hfq
2004-05-21,24.910,25.505,24.622,25.332,4661,,,1.4619,hfq
2004-05-24,25.524,25.697,25.082,25.351,8241,,,0.0750,hfq
2004-05-25,25.351,25.351,24.583,24.794,6517,,,-2.1972,hfq
2004-05-26,24.564,24.948,24.564,24.679,3031,,,-0.4638,hfq
2004-05-27,24.679,25.390,24.564,25.294,4198,,,2.4920,hfq
2004-05-28,25.294,26.062,25.255,25.313,5890,,,0.0751,hfq
2004-05-31,24.718,25.447,24.718,25.140,2266,,,-0.6834,hfq
2004-06-01,24.756,25.332,24.718,25.178,11157,,,0.1512,hfq
2004-06-02,25.102,25.294,24.794,24.852,4385,,,-1.2948,hfq
2004-06-03,24.852,24.852,22.798,22.894,26986,,,-7.8786,hfq
2004-06-04,22.567,22.874,22.164,22.778,8662,,,-0.5067,hfq
2004-06-07,22.644,23.009,22.356,22.990,3849,,,0.9307,hfq
2004-06-08,22.414,23.028,21.684,22.471,2443,,,-2.2575,hfq
2004-06-09,22.452,22.798,22.433,22.471,5427,,,0.0000,hfq
2004-06-10,22.490,22.990,22.471,22.932,2628,,,2.0515,hfq
2004-06-11,22.836,23.431,22.836,23.220,4301,,,1.2559,hfq
2004-06-14,23.220,23.220,22.836,22.894,3428,,,-1.4040,hfq
2004-06-16,23.028,23.393,22.932,23.066,3145,,,0.7513,hfq
2004-06-17,22.932,23.258,22.529,22.567,4539,,,-2.1634,hfq
2004-06-18,22.529,22.721,20.724,21.434,12019,,,-5.0206,hfq
2004-06-21,21.300,21.434,20.993,21.204,2254,,,-1.0731,hfq
2004-06-22,21.204,22.202,21.108,22.030,2268,,,3.8955,hfq
2004-06-23,22.068,22.222,21.684,22.068,1429,,,0.1725,hfq
2004-06-24,22.068,22.682,22.068,22.433,1306,,,1.6540,hfq
2004-06-25,22.433,22.606,21.300,22.164,1338,,,-1.1991,hfq
2004-06-28,22.030,22.260,21.338,22.222,598,,,0.2617,hfq
2004-06-29,22.068,22.164,21.626,21.799,1793,,,-1.9035,hfq
2004-06-30,21.876,22.068,21.031,21.876,2080,,,0.3532,hfq
2004-07-01,21.300,22.510,21.300,22.433,1226,,,2.5462,hfq
2004-07-02,22.087,22.836,22.068,22.740,1953,,,1.3685,hfq
2004-07-05,22.356,22.702,22.260,22.702,297,,,-0.1671,hfq
2004-07-06,22.702,23.124,22.490,23.028,1864,,,1.4360,hfq
2004-07-07,22.682,22.682,22.356,22.414,1412,,,-2.6663,hfq
2004-07-08,22.452,22.548,22.260,22.452,1855,,,0.1695,hfq
2004-07-09,22.452,23.028,22.452,22.644,693,,,0.8552,hfq
2004-07-12,22.644,22.644,21.703,22.202,1775,,,-1.9520,hfq
2004-07-13,22.164,22.260,21.665,22.260,1615,,,0.2612,hfq
2004-07-14,22.068,22.606,21.972,22.298,4477,,,0.1707,hfq
2004-07-15,21.972,22.548,21.742,21.914,7681,,,-1.7221,hfq
2004-07-16,21.972,22.836,21.914,22.433,4252,,,2.3683,hfq
2004-07-19,22.740,23.028,22.337,23.009,3791,,,2.5676,hfq
2004-07-20,23.009,23.220,22.836,23.028,4665,,,0.0826,hfq
2004-07-21,23.201,23.201,22.644,22.990,801,,,-0.1650,hfq
2004-07-22,22.836,23.105,22.452,22.490,2083,,,-2.1749,hfq
2004-07-23,22.202,22.414,21.415,22.337,4321,,,-0.6803,hfq
2004-07-26,22.452,22.471,21.799,22.164,2515,,,-0.7745,hfq
2004-07-27,22.068,22.164,21.876,21.972,8035,,,-0.8663,hfq
2004-07-28,21.972,22.394,21.838,22.375,1146,,,1.8342,hfq
2004-07-29,22.452,22.490,22.164,22.452,301,,,0.3441,hfq
2004-07-30,22.452,22.606,22.260,22.260,1908,,,-0.8552,hfq
2004-08-02,21.876,22.606,21.876,22.490,557,,,1.0332,hfq
2004-08-03,22.126,22.452,22.068,22.183,3286,,,-1.3651,hfq
2004-08-04,22.068,22.529,22.010,22.452,878,,,1.2126,hfq
2004-08-05,22.106,22.452,22.106,22.183,302,,,-1.1981,hfq
2004-08-06,22.068,22.087,21.454,21.665,3592,,,-2.3351,hfq
2004-08-09,21.454,21.780,20.724,21.031,5722,,,-2.9264,hfq
2004-08-10,21.031,21.396,20.762,21.281,1877,,,1.1887,hfq
2004-08-11,21.300,21.454,21.127,21.281,1262,,,0.0000,hfq
2004-08-12,21.108,21.204,20.916,21.108,648,,,-0.8129,hfq
2004-08-13,21.492,21.780,21.031,21.722,1861,,,2.9088,hfq
2004-08-16,21.588,21.588,21.319,21.492,239,,,-1.0588,hfq
2004-08-17,21.492,23.028,20.954,21.914,1200,,,1.9635,hfq
2004-08-18,21.703,21.876,21.473,21.799,1191,,,-0.5248,hfq
2004-08-19,21.530,21.780,21.358,21.665,1071,,,-0.6147,hfq
2004-08-20,21.031,21.665,21.031,21.511,3183,,,-0.7108,hfq
2004-08-23,21.722,21.742,21.146,21.300,1099,,,-0.9809,hfq
2004-08-24,21.300,21.300,21.070,21.281,942,,,-0.0892,hfq
2004-08-25,21.070,21.396,20.916,21.281,1618,,,0.0000,hfq
2004-08-26,21.127,21.396,21.070,21.300,397,,,0.0893,hfq
2004-08-27,21.300,21.492,21.127,21.146,1780,,,-0.7230,hfq
2004-08-30,20.916,21.262,20.244,20.340,2998,,,-3.8116,hfq
2004-08-31,20.878,21.262,20.033,20.033,8670,,,-1.5093,hfq
2004-09-01,20.052,20.225,18.958,19.438,5020,,,-2.9701,hfq
2004-09-02,19.188,19.726,19.034,19.668,3781,,,1.1832,hfq
2004-09-03,19.649,19.822,19.457,19.706,2457,,,0.1932,hfq
2004-09-06,19.342,19.918,19.342,19.822,2638,,,0.5887,hfq
2004-09-07,19.918,19.956,19.726,19.764,1103,,,-0.2926,hfq
2004-09-08,19.668,20.129,19.572,19.956,650,,,0.9715,hfq
2004-09-09,19.956,20.090,19.764,19.956,1349,,,0.0000,hfq
2004-09-10,19.764,20.090,19.380,20.071,670,,,0.5763,hfq
2004-09-13,19.764,20.090,19.764,20.052,3386,,,-0.0947,hfq
2004-09-14,19.956,20.724,19.956,20.724,3458,,,3.3513,hfq
2004-09-15,20.820,22.068,20.724,21.780,2805,,,5.0955,hfq
2004-09-16,21.780,21.895,21.492,21.722,3999,,,-0.2663,hfq
2004-09-17,21.742,22.586,21.722,22.490,2661,,,3.5356,hfq
2004-09-20,22.471,23.124,22.471,23.086,10222,,,2.6501,hfq
2004-09-21,23.124,23.374,22.798,23.335,6421,,,1.0786,hfq
2004-09-22,22.721,23.335,22.721,23.220,2198,,,-0.4928,hfq
2004-09-23,23.412,23.604,22.951,23.604,2662,,,1.6537,hfq
2004-09-24,23.796,24.526,23.700,23.700,9096,,,0.4067,hfq
2004-09-27,23.796,24.545,23.220,23.604,2679,,,-0.4051,hfq
2004-09-28,23.892,23.892,23.508,23.719,2224,,,0.4872,hfq
2004-09-29,23.604,23.950,23.546,23.719,1128,,,0.0000,hfq
2004-09-30,23.566,23.738,23.220,23.374,1994,,,-1.4545,hfq
2004-10-08,23.220,24.295,23.220,24.199,1531,,,3.5296,hfq
2004-10-11,24.353,25.313,24.180,25.044,7640,,,3.4919,hfq
2004-10-12,25.025,25.025,24.487,24.641,12309,,,-1.6092,hfq
2004-10-13,24.641,25.102,23.950,24.199,1327,,,-1.7938,hfq
2004-10-14,23.911,24.199,23.335,23.527,2405,,,-2.7770,hfq
2004-10-15,23.585,23.796,23.316,23.700,4289,,,0.7353,hfq
2004-10-18,23.777,23.892,23.239,23.604,4556,,,-0.4051,hfq
2004-10-19,23.604,23.969,23.604,23.854,3213,,,1.0591,hfq
2004-10-20,23.950,24.199,23.239,24.180,1421,,,1.3666,hfq
2004-10-21,24.545,24.948,24.180,24.526,3717,,,1.4309,hfq
2004-10-22,24.718,24.756,24.238,24.698,9355,,,0.7013,hfq
2004-10-25,24.756,25.735,24.756,25.332,7083,,,2.5670,hfq
2004-10-26,25.332,26.004,25.159,25.812,6081,,,1.8948,hfq
2004-10-27,25.850,26.465,25.735,26.446,6633,,,2.4562,hfq
2004-10-28,26.484,26.484,26.062,26.292,7006,,,-0.5823,hfq
2004-10-29,26.100,26.138,25.140,25.908,4897,,,-1.4605,hfq
2004-11-01,25.870,25.908,25.159,25.447,3453,,,-1.7794,hfq
2004-11-02,25.332,25.332,24.334,24.391,13172,,,-4.1498,hfq
2004-11-03,24.334,25.294,24.238,25.294,4573,,,3.7022,hfq
2004-11-04,25.428,25.428,24.564,24.641,1314,,,-2.5816,hfq
2004-11-05,24.526,25.044,24.334,24.679,1136,,,0.1542,hfq
2004-11-08,24.334,24.660,23.662,24.641,1260,,,-0.1540,hfq
2004-11-09,24.718,24.852,24.602,24.852,3125,,,0.8563,hfq
2004-11-10,25.044,25.812,24.948,25.793,2052,,,3.7864,hfq
2004-11-11,25.812,26.215,25.716,25.946,5555,,,0.5932,hfq
2004-11-12,25.562,26.062,25.562,25.850,3966,,,-0.3700,hfq
2004-11-15,25.351,26.196,25.351,25.697,1880,,,-0.5919,hfq
2004-11-16,25.543,25.812,25.332,25.524,2852,,,-0.6732,hfq
2004-11-17,25.332,25.466,24.967,25.255,2968,,,-1.0539,hfq
2004-11-18,25.428,25.812,25.140,25.774,906,,,2.0550,hfq
2004-11-19,25.716,26.081,25.486,26.081,6287,,,1.1911,hfq
2004-11-22,26.100,26.638,25.870,26.503,9231,,,1.6180,hfq
2004-11-23,26.503,26.503,25.927,25.966,2698,,,-2.0262,hfq
2004-11-24,25.908,25.985,25.543,25.870,2036,,,-0.3697,hfq
2004-11-25,25.812,26.062,25.716,26.004,1264,,,0.5180,hfq
2004-11-26,25.927,25.966,25.735,25.850,1966,,,-0.5922,hfq
2004-11-29,25.716,25.985,25.716,25.889,2215,,,0.1509,hfq
2004-11-30,26.062,26.062,25.255,25.524,3411,,,-1.4099,hfq
2004-12-01,25.178,25.466,24.698,24.890,3603,,,-2.4839,hfq
2004-12-02,24.756,24.775,24.410,24.660,2374,,,-0.9241,hfq
2004-12-03,24.468,25.428,24.468,24.756,1488,,,0.3893,hfq
2004-12-06,25.121,25.121,24.622,24.756,131,,,0.0000,hfq
2004-12-07,24.756,24.794,24.142,24.295,1044,,,-1.8622,hfq
2004-12-08,24.180,24.372,23.796,24.026,2544,,,-1.1072,hfq
2004-12-09,24.122,24.756,24.084,24.276,827,,,1.0405,hfq
2004-12-10,24.564,24.641,24.180,24.506,515,,,0.9474,hfq
2004-12-13,23.815,24.218,23.815,24.180,2253,,,-1.3303,hfq
2004-12-14,23.892,24.718,23.892,24.180,365,,,0.0000,hfq
2004-12-15,23.930,24.564,23.911,24.026,797,,,-0.6369,hfq
2004-12-16,23.892,24.545,23.892,24.276,699,,,1.0405,hfq
2004-12-17,24.295,24.545,24.276,24.391,1156,,,0.4737,hfq
2004-12-20,24.391,24.391,22.030,24.142,1891,,,-1.0209,hfq
2004-12-21,23.950,23.988,23.450,23.815,6520,,,-1.3545,hfq
2004-12-22,23.815,24.295,23.604,24.295,5504,,,2.0155,hfq
2004-12-23,23.796,24.218,23.604,24.161,3599,,,-0.5516,hfq
2004-12-24,24.084,24.142,23.604,24.122,3128,,,-0.1614,hfq
2004-12-27,23.604,24.334,23.604,24.180,355,,,0.2404,hfq
2004-12-28,24.180,24.180,23.642,24.084,3381,,,-0.3970,hfq
2004-12-29,23.719,23.911,23.604,23.911,3144,,,-0.7183,hfq
2004-12-30,23.892,24.084,23.585,24.007,1713,,,0.4015,hfq
2004-12-31,24.564,24.564,24.238,24.506,1956,,,2.0786,hfq
2005-01-04,24.506,24.506,23.450,23.700,2841,,,-3.2890,hfq
2005-01-05,23.892,23.892,23.604,23.892,101,,,0.8101,hfq
2005-01-06,24.161,24.161,23.374,23.489,5007,,,-1.6868,hfq
2005-01-07,23.239,23.508,22.279,22.529,9313,,,-4.0870,hfq
2005-01-10,22.260,23.028,22.260,22.932,1394,,,1.7888,hfq
2005-01-11,23.162,23.873,22.452,23.431,4476,,,2.1760,hfq
2005-01-12,23.777,23.777,23.124,23.585,1760,,,0.6572,hfq
2005-01-13,23.604,23.642,23.316,23.508,130,,,-0.3265,hfq
2005-01-14,23.700,23.700,22.855,23.546,1134,,,0.1616,hfq
2005-01-17,23.546,23.566,23.047,23.220,5048,,,-1.3845,hfq
2005-01-18,23.412,23.489,23.028,23.201,2311,,,-0.0818,hfq
2005-01-19,23.220,23.546,23.028,23.124,98,,,-0.3319,hfq
2005-01-20,22.932,23.566,22.932,23.527,1376,,,1.7428,hfq
2005-01-21,23.585,23.585,23.066,23.546,2835,,,0.0808,hfq
2005-01-24,23.239,24.142,23.239,23.930,1668,,,1.6309,hfq
2005-01-25,23.604,25.466,23.220,25.140,3733,,,5.0564,hfq
2005-01-26,24.871,25.294,24.545,25.217,1227,,,0.3063,hfq
2005-01-27,25.178,25.178,24.564,24.756,748,,,-1.8281,hfq
2005-01-28,24.737,24.756,23.988,24.314,695,,,-1.7854,hfq
2005-01-31,24.142,25.140,23.758,25.102,1036,,,3.2409,hfq
2005-02-01,24.007,25.025,24.007,24.929,438,,,-0.6892,hfq
2005-02-02,25.140,25.620,24.775,25.236,2188,,,1.2315,hfq
2005-02-03,25.255,26.004,24.948,25.697,11035,,,1.8268,hfq
2005-02-04,25.697,25.774,25.313,25.524,3232,,,-0.6732,hfq
2005-02-16,25.716,26.100,25.524,25.524,1640,,,0.0000,hfq
2005-02-17,25.505,25.505,24.814,25.294,1595,,,-0.9011,hfq
2005-02-18,25.505,25.505,24.756,24.794,3612,,,-1.9768,hfq
2005-02-21,24.910,25.006,24.660,24.986,2896,,,0.7744,hfq
2005-02-22,24.986,26.100,24.622,26.081,6047,,,4.3825,hfq
2005-02-23,24.334,26.273,24.334,25.774,2525,,,-1.1771,hfq
2005-02-24,25.716,25.754,25.178,25.313,2155,,,-1.7886,hfq
2005-02-25,24.929,26.004,24.910,25.735,2225,,,1.6671,hfq
2005-03-01,25.774,25.966,25.332,25.428,2274,,,-1.1929,hfq
2005-03-02,25.409,25.678,24.890,24.948,2200,,,-1.8877,hfq
2005-03-03,25.313,25.313,24.756,24.775,3309,,,-0.6934,hfq
2005-03-04,24.698,25.006,24.660,24.852,1371,,,0.3108,hfq
2005-03-07,24.852,25.754,24.852,25.582,2326,,,2.9374,hfq
2005-03-08,25.524,26.484,25.140,26.215,6319,,,2.4744,hfq
2005-03-09,26.292,26.292,25.908,26.196,3314,,,-0.0725,hfq
2005-03-10,26.196,26.196,25.870,25.966,2746,,,-0.8780,hfq
2005-03-11,25.946,27.425,25.601,27.060,10117,,,4.2132,hfq
2005-03-14,27.060,29.345,26.868,28.346,30432,,,4.7524,hfq
2005-03-15,28.346,28.404,27.770,27.924,12103,,,-1.4887,hfq
2005-03-16,27.540,27.905,26.676,27.079,3514,,,-3.0261,hfq
2005-03-17,27.098,28.174,27.060,27.770,3586,,,2.5518,hfq
2005-03-18,27.732,27.732,26.388,26.599,5909,,,-4.2168,hfq
2005-03-21,26.311,27.713,26.177,27.540,9204,,,3.5377,hfq
2005-03-22,27.444,28.116,26.887,27.886,7724,,,1.2564,hfq
2005-03-23,27.732,28.692,27.444,27.982,10914,,,0.3443,hfq
2005-03-24,27.713,27.713,26.830,27.002,7098,,,-3.5023,hfq
2005-03-25,26.676,27.386,26.676,26.926,2765,,,-0.2815,hfq
2005-03-28,26.676,27.425,26.676,27.348,3765,,,1.5673,hfq
2005-03-29,27.329,28.097,27.060,27.060,2950,,,-1.0531,hfq
2005-03-30,27.060,27.194,26.273,26.887,6182,,,-0.6393,hfq
2005-03-31,26.868,28.212,26.676,27.540,4708,,,2.4287,hfq
2005-04-01,27.540,29.153,27.444,28.769,8725,,,4.4626,hfq
2005-04-04,28.366,29.902,28.154,29.479,23741,,,2.4679,hfq
2005-04-05,29.364,29.844,29.076,29.767,12461,,,0.9770,hfq
2005-04-06,29.748,30.612,29.134,30.401,9286,,,2.1299,hfq
2005-04-07,30.228,31.073,29.172,29.345,8834,,,-3.4736,hfq
2005-04-08,29.057,29.825,29.057,29.786,4721,,,1.5028,hfq
2005-04-11,29.863,30.286,29.364,29.460,3656,,,-1.0945,hfq
2005-04-12,29.345,30.190,29.134,29.959,3630,,,1.6938,hfq
2005-04-13,29.748,30.900,29.594,29.633,4155,,,-1.0882,hfq
2005-04-14,29.652,30.516,29.287,30.151,2893,,,1.7481,hfq
2005-04-15,30.055,30.151,29.364,29.441,2216,,,-2.3548,hfq
2005-04-18,29.191,29.460,28.980,29.287,2394,,,-0.5231,hfq
2005-04-19,29.268,29.729,28.519,28.577,4566,,,-2.4243,hfq
2005-04-20,28.404,29.210,28.308,29.172,2328,,,2.0821,hfq
2005-04-21,29.172,30.228,29.172,30.132,5326,,,3.2908,hfq
2005-04-22,30.516,30.516,29.460,29.594,2593,,,-1.7855,hfq
2005-04-25,29.460,30.670,28.980,30.478,8918,,,2.9871,hfq
2005-04-26,30.324,31.265,30.190,31.265,9683,,,2.5822,hfq
2005-04-27,31.284,31.476,30.996,31.073,7778,,,-0.6141,hfq
2005-04-28,30.708,31.284,30.708,31.246,5192,,,0.5568,hfq
2005-04-29,31.226,31.438,30.535,30.554,3016,,,-2.2147,hfq
2005-05-09,30.708,30.804,29.998,30.420,2929,,,-0.4386,hfq
2005-05-10,30.324,30.900,29.364,29.863,5628,,,-1.8310,hfq
2005-05-11,30.055,30.094,27.982,28.404,15386,,,-4.8856,hfq
2005-05-12,28.116,29.038,26.484,28.807,7867,,,1.4188,hfq
2005-05-13,28.596,28.884,27.598,28.788,2771,,,-0.0660,hfq
2005-05-16,28.404,28.788,28.308,28.366,4322,,,-1.4659,hfq
2005-05-17,28.020,29.326,28.020,29.018,1015,,,2.2985,hfq
2005-05-18,29.230,29.364,28.270,29.364,3218,,,1.1924,hfq
2005-05-19,29.364,29.364,28.212,28.865,3249,,,-1.6994,hfq
2005-05-20,28.404,29.364,28.385,29.153,1117,,,0.9977,hfq
2005-05-23,28.615,28.922,28.404,28.558,1371,,,-2.0410,hfq
2005-05-24,28.212,28.558,27.214,27.348,8407,,,-4.2370,hfq
2005-05-25,26.676,27.060,25.908,26.158,16187,,,-4.3513,hfq
2005-05-26,25.927,26.100,23.796,23.988,19427,,,-8.2957,hfq
2005-05-27,23.604,24.564,23.239,24.026,5486,,,0.1584,hfq
2005-05-30,23.969,24.564,22.836,24.526,16627,,,2.0811,hfq
2005-05-31,24.564,24.929,24.103,24.871,1929,,,1.4067,hfq
2005-06-01,24.583,25.006,23.988,24.775,2079,,,-0.3860,hfq
2005-06-02,24.430,24.430,23.988,24.161,4164,,,-2.4783,hfq
2005-06-03,23.777,24.506,23.777,24.353,3337,,,0.7947,hfq
2005-06-06,23.988,25.121,23.988,25.121,2318,,,3.1536,hfq
2005-06-07,25.044,25.870,24.660,24.679,8101,,,-1.7595,hfq
2005-06-08,27.098,27.098,24.948,26.580,12548,,,7.7029,hfq
2005-06-09,26.292,26.484,25.370,25.562,6561,,,-3.8299,hfq
2005-06-10,25.562,25.562,24.756,24.794,2005,,,-3.0045,hfq
2005-06-13,24.833,24.852,23.988,24.391,1477,,,-1.6254,hfq
2005-06-14,24.007,24.564,24.007,24.142,2443,,,-1.0209,hfq
2005-06-15,23.892,24.103,23.758,24.103,2832,,,-0.1615,hfq
2005-06-16,24.084,24.276,23.316,24.238,8991,,,0.5601,hfq
2005-06-17,24.276,24.276,23.604,24.142,7010,,,-0.3961,hfq
2005-06-20,24.161,25.543,23.969,25.332,5048,,,4.9292,hfq
2005-06-21,25.370,25.678,24.890,24.910,1664,,,-1.6659,hfq
2005-06-22,25.102,25.236,23.335,24.372,10186,,,-2.1598,hfq
2005-06-23,24.199,25.236,24.007,24.756,5597,,,1.5756,hfq
2005-06-24,25.313,25.332,23.758,24.852,1531,,,0.3878,hfq
2005-06-27,25.140,26.292,25.140,26.292,5417,,,5.7943,hfq
2005-06-28,26.100,26.638,25.562,26.542,2687,,,0.9509,hfq
2005-06-29,26.004,26.542,26.004,26.330,1495,,,-0.7987,hfq
2005-06-30,25.697,25.908,24.967,25.889,4697,,,-1.6749,hfq
2005-07-01,25.332,25.486,24.948,25.409,6902,,,-1.8541,hfq
2005-07-04,25.102,25.505,25.063,25.466,1541,,,0.2243,hfq
2005-07-05,25.313,25.678,25.236,25.543,864,,,0.3024,hfq
2005-07-06,25.351,25.620,24.526,25.006,2723,,,-2.1023,hfq
2005-07-07,24.948,25.140,24.564,25.102,462,,,0.3839,hfq
2005-07-08,24.314,25.294,24.314,25.198,844,,,0.3824,hfq
2005-07-11,24.794,25.543,24.430,25.063,480,,,-0.5358,hfq
2005-07-12,24.948,25.524,24.660,25.466,2143,,,1.6079,hfq
2005-07-13,25.486,25.812,25.236,25.255,1256,,,-0.8286,hfq
2005-07-14,25.159,25.716,25.159,25.639,2724,,,1.5205,hfq
2005-07-15,25.524,25.716,25.294,25.697,638,,,0.2262,hfq
2005-07-18,25.370,25.658,25.332,25.658,211,,,-0.1518,hfq
2005-07-19,25.332,25.658,25.140,25.562,731,,,-0.3742,hfq
2005-07-20,25.025,25.601,24.948,25.543,737,,,-0.0743,hfq
2005-07-21,25.524,26.158,25.255,26.062,2057,,,2.0319,hfq
2005-07-22,25.908,26.772,25.908,26.618,4169,,,2.1334,hfq
2005-07-25,26.542,27.463,26.484,26.810,2371,,,0.7213,hfq
2005-07-26,26.849,27.406,26.753,27.329,1557,,,1.9358,hfq
2005-07-27,27.329,27.559,27.022,27.214,993,,,-0.4208,hfq
2005-07-28,27.214,27.214,26.887,27.060,1591,,,-0.5659,hfq
2005-07-29,26.906,26.906,26.676,26.753,831,,,-1.1345,hfq
2005-08-01,26.772,27.233,26.695,27.156,2603,,,1.5064,hfq
2005-08-02,27.444,27.463,27.156,27.444,1232,,,1.0605,hfq
2005-08-03,27.444,27.598,27.214,27.482,1538,,,0.1385,hfq
2005-08-04,27.252,28.058,27.233,28.058,1322,,,2.0959,hfq
2005-08-05,28.058,28.826,28.058,28.596,9708,,,1.9175,hfq
2005-08-08,28.884,29.287,28.404,28.807,6342,,,0.7379,hfq
2005-08-09,28.942,28.961,28.212,28.596,10011,,,-0.7325,hfq
2005-08-10,28.558,28.577,27.828,28.212,3448,,,-1.3428,hfq
2005-08-11,28.212,28.692,27.674,28.366,7411,,,0.5459,hfq
2005-08-12,28.346,28.366,27.713,27.732,8013,,,-2.2351,hfq
2005-08-15,27.732,27.866,27.559,27.828,7585,,,0.3462,hfq
2005-08-16,28.020,28.308,27.790,28.212,1833,,,1.3799,hfq
2005-08-17,28.250,28.404,27.636,28.327,2005,,,0.4076,hfq
2005-08-18,28.404,28.404,27.694,27.732,2590,,,-2.1005,hfq
2005-08-19,27.636,27.790,27.079,27.694,3373,,,-0.1370,hfq
2005-08-22,27.444,28.212,27.444,28.020,1339,,,1.1772,hfq
2005-08-23,28.289,28.289,27.636,27.828,1346,,,-0.6852,hfq
2005-08-24,27.463,28.308,27.463,28.289,3606,,,1.6566,hfq
2005-08-25,28.058,30.439,28.058,30.074,11482,,,6.3099,hfq
2005-08-26,30.247,30.439,29.287,29.690,12082,,,-1.2769,hfq
2005-08-29,29.690,29.786,28.884,28.999,1656,,,-2.3274,hfq
2005-08-30,28.980,29.306,28.788,29.306,1328,,,1.0587,hfq
2005-08-31,29.191,29.518,28.788,29.479,1718,,,0.5903,hfq
2005-09-01,29.479,30.094,29.172,29.767,3680,,,0.9770,hfq
2005-09-02,29.460,30.746,28.999,30.458,4641,,,2.3214,hfq
2005-09-05,30.305,31.687,30.151,31.284,12743,,,2.7119,hfq
2005-09-06,31.284,31.572,31.092,31.284,3475,,,0.0000,hfq
2005-09-07,31.284,31.994,31.284,31.841,4738,,,1.7805,hfq
2005-09-08,31.860,31.860,30.900,31.130,7173,,,-2.2330,hfq
2005-09-09,31.054,31.380,30.554,31.111,2084,,,-0.0610,hfq
2005-09-12,30.746,31.361,30.708,31.226,1811,,,0.3696,hfq
2005-09-13,30.900,31.994,30.900,31.860,3398,,,2.0304,hfq
2005-09-14,31.860,32.052,31.322,32.033,7207,,,0.5430,hfq
2005-09-15,32.033,32.244,31.054,32.244,4357,,,0.6587,hfq
2005-09-16,32.206,32.225,31.514,32.071,4038,,,-0.5365,hfq
2005-09-19,31.687,31.898,31.476,31.668,4814,,,-1.2566,hfq
2005-09-20,31.284,31.668,30.516,30.823,3323,,,-2.6683,hfq
2005-09-21,30.804,30.804,30.228,30.516,12549,,,-0.9960,hfq
2005-09-22,30.516,30.708,30.382,30.612,2661,,,0.3146,hfq
2005-09-23,30.593,30.996,30.554,30.996,2204,,,1.2544,hfq
2005-09-26,30.458,31.649,30.439,31.553,1255,,,1.7970,hfq
2005-09-27,31.668,31.668,30.631,31.649,5155,,,0.3042,hfq
2005-09-28,31.303,31.418,30.420,30.478,6025,,,-3.7000,hfq
2005-09-29,30.286,31.649,29.729,31.610,9195,,,3.7142,hfq
2005-09-30,31.572,31.764,31.169,31.399,3928,,,-0.6675,hfq
2005-10-10,31.610,31.610,30.708,30.842,3002,,,-1.7739,hfq
2005-10-11,30.727,31.457,30.516,31.438,4318,,,1.9324,hfq
2005-10-12,31.438,31.438,30.554,31.092,10163,,,-1.1006,hfq
2005-10-13,31.073,31.380,30.727,31.092,2278,,,0.0000,hfq
2005-10-14,30.708,31.380,30.708,31.265,761,,,0.5564,hfq
2005-10-17,30.708,31.207,30.362,31.207,10611,,,-0.1855,hfq
2005-10-18,30.708,31.092,30.708,31.073,539,,,-0.4294,hfq
2005-10-19,30.938,31.111,30.247,30.286,3693,,,-2.5327,hfq
2005-10-20,30.535,31.495,30.286,31.284,8380,,,3.2953,hfq
2005-10-21,31.054,31.303,30.708,31.092,6173,,,-0.6137,hfq
2005-10-24,31.092,31.092,30.631,30.670,1075,,,-1.3573,hfq
2005-10-25,30.689,30.862,30.516,30.785,489,,,0.3750,hfq
2005-10-26,30.708,30.785,30.324,30.727,4464,,,-0.1884,hfq
2005-10-27,30.286,30.823,29.940,30.804,4843,,,0.2506,hfq
2005-10-28,30.689,30.727,30.132,30.478,1781,,,-1.0583,hfq
2005-10-31,30.132,30.727,30.132,30.439,2012,,,-0.1280,hfq
2005-11-01,30.324,30.324,29.786,29.940,328,,,-1.6393,hfq
2005-11-02,30.113,30.324,28.788,29.210,4024,,,-2.4382,hfq
2005-11-03,29.018,29.018,28.020,28.193,7103,,,-3.4817,hfq
2005-11-04,27.886,28.596,27.886,28.577,1828,,,1.3620,hfq
2005-11-07,28.788,28.788,28.212,28.423,3236,,,-0.5389,hfq
2005-11-08,28.020,28.730,27.828,28.462,1274,,,0.1372,hfq
2005-11-09,28.481,29.364,28.270,29.230,2875,,,2.6983,hfq
2005-11-10,29.095,29.306,28.346,29.230,2934,,,0.0000,hfq
2005-11-11,29.153,29.748,28.980,29.690,1796,,,1.5737,hfq
2005-11-14,29.268,29.556,28.788,29.402,964,,,-0.9700,hfq
2005-11-15,29.364,29.364,28.769,29.114,3682,,,-0.9795,hfq
2005-11-16,28.711,29.441,28.519,29.422,654,,,1.0579,hfq
2005-11-17,26.868,29.364,26.868,29.134,1561,,,-0.9789,hfq
2005-11-18,29.172,29.748,28.980,29.345,8360,,,0.7242,hfq
2005-11-21,29.460,29.460,28.942,29.230,1563,,,-0.3919,hfq
2005-11-22,28.942,29.249,28.596,29.210,1287,,,-0.0684,hfq
2005-11-23,28.788,29.652,28.769,29.364,5139,,,0.5272,hfq
2005-11-24,28.807,29.364,28.596,29.287,2204,,,-0.2622,hfq
2005-11-25,28.788,29.287,28.596,28.942,5193,,,-1.1780,hfq
2005-11-28,28.596,28.769,28.423,28.615,1200,,,-1.1298,hfq
2005-11-29,28.462,28.596,28.462,28.481,1126,,,-0.4683,hfq
2005-11-30,28.481,28.481,28.039,28.385,2030,,,-0.3371,hfq
2005-12-01,28.596,28.596,27.828,28.519,3540,,,0.4721,hfq
2005-12-02,27.694,28.596,27.694,28.538,4240,,,0.0666,hfq
2005-12-05,28.385,28.385,27.674,27.732,3179,,,-2.8243,hfq
2005-12-06,27.636,27.636,26.465,26.484,16796,,,-4.5002,hfq
2005-12-07,27.252,27.252,26.292,26.446,1122,,,-0.1435,hfq
2005-12-08,26.580,26.580,26.273,26.292,1549,,,-0.5823,hfq
2005-12-09,26.273,27.329,26.196,27.079,3532,,,2.9933,hfq
2005-12-12,27.022,27.194,26.676,27.175,4560,,,0.3545,hfq
2005-12-13,26.887,27.118,26.791,27.041,3681,,,-0.4931,hfq
2005-12-14,27.079,27.636,26.868,27.617,16441,,,2.1301,hfq
2005-12-15,27.060,27.732,27.060,27.617,2616,,,0.0000,hfq
2005-12-16,27.732,28.212,27.636,27.962,14669,,,1.2492,hfq
2005-12-19,27.828,28.058,27.502,27.828,2355,,,-0.4792,hfq
2005-12-20,27.636,27.809,27.233,27.482,3462,,,-1.2434,hfq
2005-12-21,27.290,27.905,27.271,27.809,6091,,,1.1899,hfq
2005-12-22,27.674,29.364,27.540,28.788,5192,,,3.5204,hfq
2005-12-23,28.788,29.172,28.788,28.980,1913,,,0.6669,hfq
2005-12-26,28.788,29.172,28.788,28.903,532,,,-0.2657,hfq
2005-12-27,28.942,28.980,28.730,28.922,413,,,0.0657,hfq
2005-12-28,28.826,29.710,28.788,29.633,1293,,,2.4583,hfq
2005-12-29,29.690,29.940,29.364,29.748,5172,,,0.3881,hfq
2005-12-30,29.748,30.036,29.038,29.268,2963,,,-1.6136,hfq
2006-01-04,29.479,29.998,29.191,29.556,3348,,,0.9840,hfq
2006-01-05,29.633,29.633,28.865,29.210,4833,,,-1.1707,hfq
2006-01-06,29.460,29.460,26.580,28.404,7534,,,-2.7593,hfq
2006-01-09,28.308,28.750,27.674,28.423,14600,,,0.0669,hfq
2006-01-10,28.385,28.577,27.847,28.519,8819,,,0.3378,hfq
2006-01-11,28.519,28.673,27.636,27.924,31165,,,-2.0863,hfq
2006-01-12,27.886,29.460,27.655,28.999,27548,,,3.8497,hfq
2006-01-13,29.018,29.940,28.884,29.306,7734,,,1.0587,hfq
2006-01-16,29.460,29.671,28.846,29.038,8268,,,-0.9145,hfq
2006-01-17,29.038,30.017,29.018,29.844,9657,,,2.7757,hfq
2006-01-18,29.748,30.094,29.556,29.921,5718,,,0.2580,hfq
2006-01-19,29.806,30.670,29.633,29.710,12429,,,-0.7052,hfq
2006-01-20,29.690,29.940,28.980,29.844,9437,,,0.4510,hfq
2006-01-23,29.748,30.017,29.172,29.441,1553,,,-1.3504,hfq
2006-01-24,29.383,29.710,28.999,29.076,8160,,,-1.2398,hfq
2006-01-25,29.095,29.095,28.788,28.826,5446,,,-0.8598,hfq
2006-02-06,28.788,29.767,28.788,29.268,5640,,,1.5333,hfq
2006-02-07,29.268,29.287,28.846,29.076,6458,,,-0.6560,hfq
2006-02-08,29.268,29.364,28.404,28.481,9173,,,-2.0464,hfq
2006-02-09,28.788,28.903,28.500,28.769,12505,,,1.0112,hfq
2006-02-10,28.769,29.268,28.538,29.134,2074,,,1.2687,hfq
2006-02-13,29.114,30.055,29.095,30.036,11559,,,3.0960,hfq
2006-02-14,30.036,30.593,29.594,29.671,15946,,,-1.2152,hfq
2006-02-15,29.767,29.767,29.210,29.422,6817,,,-0.8392,hfq
2006-02-16,29.364,29.364,27.847,28.135,19657,,,-4.3743,hfq
2006-02-17,28.020,28.135,27.482,27.694,13364,,,-1.5674,hfq
2006-02-20,27.636,27.636,26.484,26.503,21062,,,-4.3006,hfq
2006-02-21,26.484,27.002,26.292,26.868,19905,,,1.3772,hfq
2006-02-22,26.830,27.233,26.772,27.079,7367,,,0.7853,hfq
2006-02-23,27.022,27.271,26.292,26.618,3685,,,-1.7024,hfq
2006-02-24,26.926,27.348,26.868,27.252,4981,,,2.3818,hfq
2006-02-27,27.252,27.271,26.330,26.446,11750,,,-2.9576,hfq
2006-02-28,26.446,26.926,26.407,26.868,5751,,,1.5957,hfq
2006-03-01,26.964,28.097,26.868,27.886,13368,,,3.7889,hfq
2006-03-02,27.982,29.230,27.828,28.711,24032,,,2.9585,hfq
2006-03-03,28.596,29.172,28.231,28.826,14271,,,0.4005,hfq
2006-03-06,28.788,29.287,28.519,28.961,6043,,,0.4683,hfq
2006-03-07,28.634,29.076,28.020,28.078,5250,,,-3.0489,hfq
2006-03-08,28.058,28.577,27.598,27.866,6051,,,-0.7550,hfq
2006-03-09,27.636,28.404,27.444,27.655,4331,,,-0.7572,hfq
2006-03-10,27.828,28.116,27.540,27.828,1621,,,0.6256,hfq
2006-03-13,27.598,27.828,27.540,27.674,5124,,,-0.5534,hfq
2006-03-14,27.598,27.828,27.540,27.809,4344,,,0.4878,hfq
2006-03-15,27.828,28.692,27.674,28.308,10371,,,1.7944,hfq
2006-03-16,28.366,29.422,28.212,29.076,9414,,,2.7130,hfq
2006-03-17,29.076,29.652,28.404,29.460,9461,,,1.3207,hfq
2006-03-20,29.402,29.940,29.172,29.671,6932,,,0.7162,hfq
2006-03-21,29.652,30.862,29.460,30.631,14278,,,3.2355,hfq
2006-03-22,30.708,31.956,30.554,31.514,13965,,,2.8827,hfq
2006-03-23,31.476,31.860,30.631,31.418,5959,,,-0.3046,hfq
2006-03-24,31.418,31.572,30.804,31.111,9381,,,-0.9771,hfq
2006-03-27,30.900,31.630,30.900,31.572,4210,,,1.4818,hfq
2006-03-28,31.649,32.609,31.284,32.359,12607,,,2.4927,hfq
2006-03-29,31.284,33.876,31.284,33.780,9416,,,4.3914,hfq
2006-03-30,33.588,34.836,33.012,34.356,17191,,,1.7052,hfq
2006-03-31,34.375,35.662,33.588,35.527,11101,,,3.4084,hfq
2006-04-03,35.508,36.756,35.143,36.679,13003,,,3.2426,hfq
2006-04-04,36.487,38.177,36.180,37.505,8638,,,2.2520,hfq
2006-04-05,37.486,37.486,36.180,36.526,15337,,,-2.6103,hfq
2006-04-06,36.468,36.814,35.508,36.084,8405,,,-1.2101,hfq
2006-04-07,35.988,37.063,35.316,35.873,9156,,,-0.5847,hfq
2006-04-10,35.892,37.524,35.470,36.986,15153,,,3.1026,hfq
2006-04-11,36.679,38.580,36.679,38.388,11811,,,3.7906,hfq
2006-04-12,38.388,39.886,38.004,38.119,12383,,,-0.7007,hfq
2006-04-13,38.004,38.004,35.508,36.948,8985,,,-3.0720,hfq
2006-04-14,36.948,38.388,36.276,38.234,5329,,,3.4806,hfq
2006-04-17,38.196,39.367,37.908,38.177,7699,,,-0.1491,hfq
2006-04-18,38.004,39.041,38.004,38.215,3441,,,0.0995,hfq
2006-04-19,38.215,41.940,38.004,41.940,16399,,,9.7475,hfq
2006-04-20,41.940,42.535,39.540,40.058,14485,,,-4.4874,hfq
2006-04-21,39.828,42.612,39.348,42.286,10381,,,5.5619,hfq
2006-04-24,42.305,43.764,41.268,42.228,8306,,,-0.1372,hfq
2006-04-25,41.441,42.324,39.367,42.209,8743,,,-0.0450,hfq
2006-04-26,42.247,42.247,40.846,42.132,13284,,,-0.1824,hfq
2006-04-27,42.228,45.108,41.940,43.687,17415,,,3.6908,hfq
2006-05-18,47.969,47.969,47.969,47.969,2231,,,9.8015,hfq
2006-05-19,52.673,52.673,50.484,52.673,13899,,,9.8063,hfq
2006-05-22,53.134,57.838,52.788,53.172,27812,,,0.9474,hfq
2006-05-23,51.252,54.804,49.524,54.650,16506,,,2.7797,hfq
2006-05-24,54.324,58.068,53.172,53.786,14496,,,-1.5810,hfq
2006-05-25,54.708,55.668,50.100,52.346,26726,,,-2.6773,hfq
2006-06-20,53.772,63.228,51.396,58.788,48830,,,12.3066,hfq
2006-06-21,58.044,59.220,56.580,57.828,29627,,,-1.6330,hfq
2006-06-22,57.948,58.980,57.396,58.596,7428,,,1.3281,hfq
2006-06-23,58.068,58.740,57.348,58.548,17850,,,-0.0819,hfq
2006-06-26,58.548,58.596,55.788,56.100,5888,,,-4.1812,hfq
2006-06-27,56.004,56.844,55.764,56.508,8909,,,0.7273,hfq
2006-06-28,56.508,57.348,56.052,56.220,2380,,,-0.5097,hfq
2006-06-29,56.148,57.084,55.908,56.748,10439,,,0.9392,hfq
2006-06-30,57.204,59.100,56.628,57.708,8221,,,1.6917,hfq
2006-07-03,57.588,60.708,57.348,59.988,6097,,,3.9509,hfq
2006-07-04,59.508,60.948,58.788,59.652,2982,,,-0.5601,hfq
2006-07-05,59.580,59.748,58.548,59.244,2829,,,-0.6840,hfq
2006-07-06,59.628,59.628,57.444,59.508,2310,,,0.4456,hfq
2006-07-07,59.460,59.460,58.092,58.260,2138,,,-2.0972,hfq
2006-07-10,58.260,58.260,55.860,56.700,4710,,,-2.6777,hfq
2006-07-11,56.676,56.748,55.140,55.428,12881,,,-2.2434,hfq
2006-07-12,55.380,56.124,54.108,55.068,4674,,,-0.6495,hfq
2006-07-13,54.228,55.188,52.068,54.660,6255,,,-0.7409,hfq
2006-07-14,54.108,56.148,52.908,55.596,5401,,,1.7124,hfq
2006-07-17,54.516,56.340,54.516,56.148,8426,,,0.9929,hfq
2006-07-18,56.916,56.916,55.740,56.676,2796,,,0.9404,hfq
2006-07-19,56.196,57.876,55.500,55.620,6345,,,-1.8632,hfq
2006-07-20,55.500,57.444,55.500,57.372,3460,,,3.1499,hfq
2006-07-21,57.372,57.420,56.868,56.868,2809,,,-0.8785,hfq
2006-07-24,56.052,60.612,56.052,60.612,4730,,,6.5837,hfq
2006-07-25,61.428,61.452,59.916,61.164,3139,,,0.9107,hfq
2006-07-26,61.428,62.076,60.540,61.716,5595,,,0.9025,hfq
2006-07-27,62.052,62.052,59.652,61.404,10519,,,-0.5055,hfq
2006-07-28,60.876,60.876,58.788,60.228,4382,,,-1.9152,hfq
2006-07-31,58.116,59.724,57.852,58.956,3429,,,-2.1120,hfq
2006-08-01,58.788,59.484,58.116,59.004,3086,,,0.0814,hfq
2006-08-02,58.980,59.340,58.284,59.004,1336,,,0.0000,hfq
2006-08-03,59.076,59.076,55.236,56.076,11308,,,-4.9624,hfq
2006-08-04,54.660,56.076,53.340,54.684,5152,,,-2.4823,hfq
2006-08-07,52.836,54.996,52.836,54.276,2666,,,-0.7461,hfq
2006-08-08,54.276,55.380,53.460,55.380,1964,,,2.0340,hfq
2006-08-09,55.740,56.196,54.276,54.276,1546,,,-1.9935,hfq
2006-08-10,54.276,56.676,54.276,56.220,6201,,,3.5817,hfq
2006-08-11,56.388,56.388,55.260,56.028,584,,,-0.3415,hfq
2006-08-14,54.732,55.956,54.276,55.476,932,,,-0.9852,hfq
2006-08-15,55.452,56.484,54.396,55.788,7117,,,0.5624,hfq
2006-08-17,56.196,56.436,54.684,54.972,1043,,,-1.4627,hfq
2006-08-18,54.948,55.428,54.516,55.380,2694,,,0.7422,hfq
2006-08-21,54.276,56.148,54.276,55.500,2412,,,0.2167,hfq
2006-08-22,54.852,55.836,54.852,55.500,1108,,,0.0000,hfq
2006-08-23,55.836,56.796,55.836,55.956,1513,,,0.8216,hfq
2006-08-24,56.364,60.900,55.476,59.508,4343,,,6.3478,hfq
2006-08-25,59.508,59.556,58.404,59.340,2147,,,-0.2823,hfq
2006-08-28,60.276,60.276,58.356,59.364,3483,,,0.0404,hfq
2006-08-29,60.288,60.600,58.759,59.914,5642,,,0.9265,hfq
2006-08-30,59.196,60.756,58.884,59.914,3458,,,0.0000,hfq
2006-08-31,60.070,60.382,59.446,59.726,2467,,,-0.3138,hfq
2006-09-01,60.038,60.038,57.979,58.634,2636,,,-1.8283,hfq
2006-09-04,57.667,59.196,57.667,58.572,8379,,,-0.1057,hfq
2006-09-05,58.572,58.790,57.698,57.730,5950,,,-1.4375,hfq
2006-09-06,57.636,59.789,57.324,59.508,6568,,,3.0799,hfq
2006-09-07,59.539,59.539,58.884,59.352,3421,,,-0.2621,hfq
2006-09-08,57.886,59.570,57.886,58.946,1395,,,-0.6841,hfq
2006-09-11,59.196,60.288,58.853,60.132,2366,,,2.0120,hfq
2006-09-12,59.820,60.070,58.603,58.915,10092,,,-2.0239,hfq
2006-09-13,58.572,58.603,57.948,58.572,10031,,,-0.5822,hfq
2006-09-14,57.948,58.260,57.605,58.104,3615,,,-0.7990,hfq
2006-09-15,57.948,58.416,57.636,58.322,2354,,,0.3752,hfq
2006-09-18,58.322,59.321,57.012,57.948,15065,,,-0.6413,hfq
2006-09-19,57.917,59.508,57.324,57.948,11510,,,0.0000,hfq
2006-09-20,57.948,58.884,57.542,58.510,4469,,,0.9698,hfq
2006-09-21,57.979,58.884,57.948,58.291,4866,,,-0.3743,hfq
2006-09-22,58.354,58.572,58.010,58.510,7459,,,0.3757,hfq
2006-09-25,58.572,58.853,57.979,58.385,3338,,,-0.2136,hfq
2006-09-26,58.385,58.572,57.636,57.979,5661,,,-0.6954,hfq
2006-09-27,57.948,60.600,57.636,60.506,8247,,,4.3585,hfq
2006-09-28,60.694,66.403,60.694,66.403,12198,,,9.7461,hfq
2006-09-29,67.870,72.893,67.402,68.119,15180,,,2.5842,hfq
2006-10-09,68.119,72.238,67.932,70.116,9307,,,2.9316,hfq
2006-10-10,70.085,71.676,67.651,68.213,6943,,,-2.7141,hfq
2006-10-11,68.244,69.960,68.244,69.367,2223,,,1.6918,hfq
2006-10-12,69.398,69.430,65.686,66.902,5206,,,-3.5536,hfq
2006-10-13,66.840,67.932,65.561,66.466,1869,,,-0.6517,hfq
2006-10-16,66.528,68.400,63.252,66.341,20442,,,-0.1881,hfq
2006-10-17,64.500,66.996,63.876,66.528,2124,,,0.2819,hfq
2006-10-18,65.873,67.932,64.843,66.840,3319,,,0.4690,hfq
2006-10-19,65.654,70.116,65.530,69.367,8471,,,3.7807,hfq
2006-10-20,69.679,70.740,68.556,69.180,25265,,,-0.2696,hfq
2006-10-23,69.648,72.144,68.587,70.022,16108,,,1.2171,hfq
2006-10-24,70.740,74.484,70.740,73.205,10297,,,4.5457,hfq
2006-10-25,73.205,74.172,70.116,73.080,14069,,,-0.1708,hfq
2006-10-26,72.986,73.018,71.333,71.770,3194,,,-1.7926,hfq
2006-10-27,71.863,71.863,68.618,69.898,10988,,,-2.6083,hfq
2006-10-30,70.116,70.366,68.213,69.773,1880,,,-0.1788,hfq
2006-10-31,69.710,72.050,69.710,71.926,2958,,,3.0857,hfq
2006-11-01,71.988,72.300,70.116,71.988,5541,,,0.0862,hfq
2006-11-02,71.676,72.768,70.116,70.584,6541,,,-1.9503,hfq
2006-11-03,69.523,70.927,69.523,69.648,3488,,,-1.3261,hfq
2006-11-06,69.648,71.302,66.840,67.433,5389,,,-3.1803,hfq
2006-11-07,67.464,68.275,66.154,67.464,5409,,,0.0460,hfq
2006-11-08,67.714,67.932,64.500,66.871,17930,,,-0.8790,hfq
2006-11-09,63.252,63.876,60.319,61.910,133903,,,-7.4188,hfq
2006-11-10,62.472,66.060,62.472,63.720,54826,,,2.9236,hfq
2006-11-13,62.940,63.876,60.288,61.848,15508,,,-2.9379,hfq
2006-11-14,61.661,62.129,58.884,60.382,22636,,,-2.3703,hfq
2006-11-15,60.413,63.408,60.382,63.252,18968,,,4.7531,hfq
2006-11-16,63.252,63.439,61.380,63.127,24303,,,-0.1976,hfq
2006-11-17,61.411,63.252,61.411,63.252,14343,,,0.1980,hfq
2006-11-20,63.252,69.336,62.659,68.431,24919,,,8.1879,hfq
2006-11-21,67.932,69.960,66.996,69.305,13376,,,1.2772,hfq
2006-11-22,69.336,70.054,67.620,69.336,5811,,,0.0447,hfq
2006-11-23,69.180,69.180,67.152,67.838,4406,,,-2.1605,hfq
2006-11-24,67.870,67.932,65.124,65.436,22744,,,-3.5408,hfq
2006-11-27,65.436,67.370,65.436,66.934,15287,,,2.2893,hfq
2006-11-28,66.653,67.963,65.623,66.934,9032,,,0.0000,hfq
2006-11-29,66.746,70.740,65.436,70.334,16284,,,5.0796,hfq
2006-11-30,70.334,74.952,69.523,74.016,9253,,,5.2350,hfq
2006-12-01,73.642,76.824,72.612,76.387,10986,,,3.2034,hfq
2006-12-04,77.854,81.972,74.172,81.566,10754,,,6.7799,hfq
2006-12-05,80.724,82.596,78.010,80.506,12909,,,-1.2996,hfq
2006-12-06,79.788,80.100,73.798,77.479,12370,,,-3.7600,hfq
2006-12-07,75.763,80.724,75.732,78.852,18638,,,1.7721,hfq
2006-12-08,77.916,78.852,75.264,77.292,9454,,,-1.9784,hfq
2006-12-11,77.854,80.568,77.292,80.381,9820,,,3.9965,hfq
2006-12-12,80.974,81.410,77.916,80.381,4123,,,0.0000,hfq
2006-12-13,80.381,80.880,79.195,80.849,3569,,,0.5822,hfq
2006-12-14,80.849,87.588,79.476,87.588,6148,,,8.3353,hfq
2006-12-15,87.588,90.708,86.746,87.900,7370,,,0.3562,hfq
2006-12-18,88.524,90.396,88.524,88.774,23589,,,0.9943,hfq
2006-12-19,88.836,90.334,84.156,88.087,14771,,,-0.7739,hfq
2006-12-20,86.652,90.396,86.652,89.803,5123,,,1.9481,hfq
2006-12-21,89.990,95.700,89.990,95.482,16447,,,6.3238,hfq
2006-12-22,95.076,96.636,92.018,95.138,4440,,,-0.3603,hfq
2006-12-25,92.923,99.787,92.892,99.132,10727,,,4.1981,hfq
2006-12-26,99.444,100.349,93.547,98.196,5545,,,-0.9442,hfq
2006-12-27,97.853,99.912,94.483,98.758,12244,,,0.5723,hfq
2006-12-28,98.758,104.436,94.452,101.909,19814,,,3.1906,hfq
2006-12-29,102.938,104.374,98.196,102.127,10752,,,0.2139,hfq
2007-01-04,101.628,101.628,95.107,96.074,14926,,,-5.9269,hfq
2007-01-05,94.608,95.107,92.081,92.705,21236,,,-3.5067,hfq
2007-01-08,92.705,95.357,92.705,94.390,9520,,,1.8176,hfq
2007-01-09,95.950,100.068,94.608,99.132,5545,,,5.0238,hfq
2007-01-10,99.725,99.725,94.078,96.542,9269,,,-2.6127,hfq
2007-01-11,96.636,98.196,93.454,94.452,17629,,,-2.1649,hfq
2007-01-12,93.516,99.413,92.830,98.539,9529,,,4.3271,hfq
2007-01-15,99.132,106.963,98.976,106.370,14204,,,7.9471,hfq
2007-01-16,106.963,115.980,106.932,115.481,10508,,,8.5654,hfq
2007-01-17,115.512,126.869,107.962,124.123,14659,,,7.4835,hfq
2007-01-18,130.956,130.956,114.732,124.716,8790,,,0.4778,hfq
2007-01-19,120.098,132.516,120.098,131.892,11380,,,5.7539,hfq
2007-01-22,131.580,135.574,126.650,127.243,10274,,,-3.5249,hfq
2007-01-23,127.961,128.086,116.479,116.854,14649,,,-8.1647,hfq
2007-01-24,116.074,128.398,112.236,128.117,20385,,,9.6385,hfq
2007-01-25,127.805,127.805,118.538,120.036,11279,,,-6.3075,hfq
2007-01-26,116.947,123.156,112.267,122.813,4906,,,2.3135,hfq
2007-01-29,126.276,128.148,117.072,126.276,7376,,,2.8197,hfq
2007-01-30,126.900,128.117,121.596,122.064,4254,,,-3.3356,hfq
2007-01-31,122.064,129.396,110.021,111.019,5558,,,-9.0485,hfq
2007-02-01,108.180,116.604,108.180,115.418,6774,,,3.9624,hfq
2007-02-02,115.294,116.604,110.770,113.172,5616,,,-1.9460,hfq
2007-02-06,113.078,113.796,104.717,110.676,30467,,,-2.2055,hfq
2007-02-07,113.734,121.565,110.676,121.159,4623,,,9.4718,hfq
2007-02-08,126.276,126.276,121.222,123.593,5424,,,2.0089,hfq
2007-02-09,125.621,125.964,120.130,121.128,2443,,,-1.9944,hfq
2007-02-12,119.755,131.892,119.755,127.056,2202,,,4.8940,hfq
2007-02-13,129.396,132.547,129.084,132.516,4631,,,4.2973,hfq
2007-02-14,133.452,134.076,131.674,132.797,2027,,,0.2120,hfq
2007-02-15,133.078,137.726,131.892,133.202,2349,,,0.3050,hfq
2007-02-16,133.764,133.764,130.613,133.390,5010,,,0.1411,hfq
2007-02-26,132.516,133.452,128.148,129.396,1437,,,-2.9942,hfq
2007-02-27,128.148,128.928,118.164,119.443,9656,,,-7.6919,hfq
2007-02-28,119.287,119.318,111.924,116.760,13021,,,-2.2463,hfq
2007-03-01,116.822,116.916,106.932,109.990,24793,,,-5.7982,hfq
2007-03-02,109.428,111.581,107.556,109.553,7348,,,-0.3973,hfq
2007-03-05,109.553,115.013,109.303,110.676,14101,,,1.0251,hfq
2007-03-07,114.108,118.445,112.267,115.512,12734,,,4.3695,hfq
2007-03-08,116.573,117.540,113.515,116.635,4704,,,0.9722,hfq
2007-03-09,116.635,116.635,112.174,112.735,7856,,,-3.3438,hfq
2007-03-12,113.796,115.356,113.172,114.982,9614,,,1.9932,hfq
2007-03-13,113.203,114.732,111.300,112.922,7665,,,-1.7916,hfq
2007-03-14,112.798,113.172,109.678,112.298,8084,,,-0.5526,hfq
2007-03-15,111.300,113.796,110.146,112.080,9093,,,-0.1941,hfq
2007-03-16,111.924,112.236,110.395,112.205,6310,,,0.1115,hfq
2007-03-19,107.899,115.450,107.899,112.330,5000,,,0.1114,hfq
2007-03-20,113.172,113.172,105.684,106.901,20440,,,-4.8331,hfq
2007-03-21,106.464,107.182,101.316,103.188,18907,,,-3.4733,hfq
2007-03-22,102.907,107.868,102.907,106.214,20186,,,2.9325,hfq
2007-03-23,106.870,107.868,103.812,107.400,13339,,,1.1166,hfq
2007-03-26,107.650,110.988,105.996,110.863,12642,,,3.2244,hfq
2007-03-27,110.894,115.668,110.364,112.860,30139,,,1.8013,hfq
2007-03-28,112.860,114.763,105.996,113.765,18723,,,0.8019,hfq
2007-03-29,113.765,114.576,111.175,113.422,14478,,,-0.3015,hfq
2007-03-30,113.765,113.765,110.114,110.614,8106,,,-2.4757,hfq
2007-04-02,111.366,111.406,108.486,110.595,17551,,,-0.0172,hfq
2007-04-03,110.473,113.434,108.689,112.015,21590,,,1.2840,hfq
2007-04-04,112.217,120.816,112.217,120.532,30102,,,7.6034,hfq
2007-04-05,121.627,126.008,119.599,123.980,41324,,,2.8607,hfq
2007-04-06,122.844,123.534,120.816,123.047,12548,,,-0.7525,hfq
2007-04-09,123.169,123.655,120.045,121.911,16430,,,-0.9232,hfq
2007-04-10,133.795,133.917,124.183,129.820,39551,,,6.4875,hfq
2007-04-11,129.780,130.956,126.778,128.239,23688,,,-1.2178,hfq
2007-04-12,128.117,128.604,127.225,127.711,20763,,,-0.4117,hfq
2007-04-13,127.711,131.564,127.346,128.360,25968,,,0.5082,hfq
2007-04-16,128.766,130.145,125.967,129.739,16986,,,1.0743,hfq
2007-04-17,129.536,129.739,123.858,127.630,16016,,,-1.6256,hfq
2007-04-18,126.089,127.468,123.655,125.359,13974,,,-1.7794,hfq
2007-04-19,124.872,125.278,115.503,116.476,20132,,,-7.0860,hfq
2007-04-20,116.354,122.033,116.354,121.952,13699,,,4.7014,hfq
2007-04-23,122.155,125.278,120.045,124.913,19222,,,2.4280,hfq
2007-04-24,125.197,126.129,122.885,123.412,12762,,,-1.2016,hfq
2007-04-25,123.615,124.385,119.721,121.668,5426,,,-1.4132,hfq
2007-04-26,122.073,123.655,119.478,120.613,9812,,,-0.8671,hfq
2007-04-27,120.816,126.819,120.816,125.480,35467,,,4.0352,hfq
2007-04-30,124.061,127.225,122.114,125.643,16113,,,0.1299,hfq
2007-05-08,128.928,138.013,125.683,138.013,35100,,,9.8454,hfq
2007-05-09,141.502,141.502,127.914,132.660,20101,,,-3.8786,hfq
2007-05-10,131.808,140.812,129.334,137.283,27446,,,3.4848,hfq
2007-05-11,135.823,145.558,130.956,143.854,30746,,,4.7865,hfq
2007-05-14,143.530,147.991,139.879,142.881,27594,,,-0.6764,hfq
2007-05-15,142.718,147.180,138.865,143.043,26832,,,0.1134,hfq
2007-05-16,143.935,143.935,140.285,141.826,12713,,,-0.8508,hfq
2007-05-17,142.313,149.857,142.313,145.963,12198,,,2.9170,hfq
2007-05-18,145.963,147.099,141.907,144.260,7443,,,-1.1667,hfq
2007-05-21,139.798,148.032,135.945,143.327,10373,,,-0.6467,hfq
2007-05-22,143.408,146.369,139.879,144.503,14637,,,0.8205,hfq
2007-05-23,144.341,158.131,140.366,157.645,22171,,,9.0946,hfq
2007-05-24,158.740,160.159,154.075,159.267,20532,,,1.0289,hfq
2007-05-25,158.942,164.134,154.521,161.335,17852,,,1.2984,hfq
2007-05-28,160.159,162.187,156.549,159.267,10775,,,-1.2818,hfq
2007-05-29,159.267,168.271,156.103,166.973,40840,,,4.8384,hfq
2007-05-30,152.575,168.271,152.575,162.877,16666,,,-2.4531,hfq
2007-05-31,158.131,169.488,155.292,169.285,8333,,,3.9343,hfq
2007-06-01,171.516,178.371,158.131,159.997,8941,,,-5.4866,hfq
2007-06-04,157.320,164.175,144.746,150.790,9252,,,-5.7545,hfq
2007-06-05,150.790,160.159,143.935,152.047,15417,,,0.8336,hfq
2007-06-06,158.131,159.348,147.180,157.401,17771,,,3.5213,hfq
2007-06-07,154.562,166.933,154.562,163.363,8414,,,3.7878,hfq
2007-06-08,165.432,168.352,162.187,163.404,9511,,,0.0251,hfq
2007-06-11,168.271,176.343,163.404,175.410,6675,,,7.3474,hfq
2007-06-12,179.628,192.769,179.628,192.769,28726,,,9.8962,hfq
2007-06-13,192.769,199.908,186.523,197.921,20165,,,2.6726,hfq
2007-06-14,198.691,198.691,188.551,192.242,5609,,,-2.8693,hfq
2007-06-15,192.972,193.824,186.523,187.416,11948,,,-2.5104,hfq
2007-06-18,188.957,193.662,182.467,193.094,20013,,,3.0296,hfq
2007-06-19,192.202,198.691,184.536,192.404,12111,,,-0.3573,hfq
2007-06-20,192.404,196.663,185.306,186.564,11426,,,-3.0353,hfq
2007-06-21,188.470,188.470,180.439,181.453,16852,,,-2.7395,hfq
2007-06-22,181.210,186.442,174.761,180.480,7532,,,-0.5362,hfq
2007-06-25,183.360,183.684,176.627,183.319,4738,,,1.5730,hfq
2007-06-26,183.481,194.635,177.600,192.729,9422,,,5.1331,hfq
2007-06-27,192.607,194.473,188.795,193.053,13634,,,0.1681,hfq
2007-06-28,193.013,196.663,176.383,186.929,11992,,,-3.1722,hfq
2007-06-29,178.857,193.418,178.857,185.469,10164,,,-0.7810,hfq
2007-07-02,184.090,193.540,176.383,193.135,9353,,,4.1333,hfq
2007-07-03,192.607,193.824,188.551,190.701,10792,,,-1.2603,hfq
2007-07-04,186.604,191.025,180.034,184.576,4094,,,-3.2118,hfq
2007-07-05,184.495,184.495,170.543,170.745,6915,,,-7.4934,hfq
2007-07-06,166.243,174.274,162.228,174.071,3956,,,1.9479,hfq
2007-07-09,174.152,174.396,168.880,173.828,16134,,,-0.1396,hfq
2007-07-10,174.355,175.004,171.516,173.909,9696,,,0.0466,hfq
2007-07-11,174.680,174.680,168.880,171.394,6305,,,-1.4462,hfq
2007-07-12,174.355,180.399,169.488,171.354,13347,,,-0.0233,hfq
2007-07-13,172.327,172.327,164.215,166.852,4140,,,-2.6273,hfq
2007-07-16,164.661,166.203,162.025,163.201,1499,,,-2.1882,hfq
2007-07-17,164.094,170.908,164.094,168.312,7043,,,3.1317,hfq
2007-07-18,166.446,171.192,158.334,168.231,8370,,,-0.0481,hfq
2007-07-19,170.705,170.705,164.824,167.095,1788,,,-0.6753,hfq
2007-07-20,168.028,171.029,165.026,170.908,4872,,,2.2819,hfq
2007-07-23,169.813,178.411,169.813,175.937,31225,,,2.9425,hfq
2007-07-24,178.006,178.046,172.652,175.045,22104,,,-0.5070,hfq
2007-07-25,174.031,177.803,173.463,177.438,7694,,,1.3671,hfq
2007-07-26,177.316,180.439,172.327,175.572,6358,,,-1.0516,hfq
2007-07-27,175.572,175.572,172.733,173.666,3469,,,-1.0856,hfq
2007-07-30,172.733,182.062,172.733,179.790,9080,,,3.5263,hfq
2007-07-31,179.628,182.427,176.383,180.885,6405,,,0.6090,hfq
2007-08-01,180.885,182.143,175.166,176.383,10009,,,-2.4889,hfq
2007-08-02,172.530,177.438,172.530,176.748,14270,,,0.2069,hfq
2007-08-03,178.208,178.330,175.410,177.681,15819,,,0.5279,hfq
2007-08-06,177.681,181.129,176.383,177.722,12266,,,0.0231,hfq
2007-08-07,179.587,181.656,176.383,179.547,17596,,,1.0269,hfq
2007-08-08,179.628,194.554,176.464,188.511,30351,,,4.9926,hfq
2007-08-09,187.740,192.607,184.495,185.793,9836,,,-1.4418,hfq
2007-08-10,185.712,185.712,176.708,180.885,11797,,,-2.6416,hfq
2007-08-13,181.575,192.161,179.831,184.901,13063,,,2.2202,hfq
2007-08-14,186.523,189.362,182.508,186.483,9780,,,0.8556,hfq
2007-08-15,184.820,186.483,180.439,181.818,11738,,,-2.5016,hfq
2007-08-16,180.480,180.480,172.571,175.531,17667,,,-3.4579,hfq
2007-08-17,173.544,180.439,171.029,176.343,9294,,,0.4626,hfq
2007-08-20,176.099,183.076,176.099,181.332,16675,,,2.8291,hfq
2007-08-21,182.873,183.684,177.762,182.508,18184,,,0.6485,hfq
2007-08-22,182.264,184.941,176.829,183.684,21171,,,0.6444,hfq
2007-08-23,184.455,187.699,183.035,184.901,13943,,,0.6626,hfq
2007-08-24,187.334,188.146,184.536,186.848,19183,,,1.0530,hfq
2007-08-27,187.132,188.551,180.439,184.576,22409,,,-1.2160,hfq
2007-08-28,184.576,184.576,178.411,180.318,14663,,,-2.3069,hfq
2007-08-29,180.845,180.845,176.789,177.032,19341,,,-1.8223,hfq
2007-08-30,175.572,182.427,175.572,180.601,7350,,,2.0160,hfq
2007-08-31,180.561,189.971,180.561,188.551,10650,,,4.4020,hfq
2007-09-03,189.362,193.378,188.876,192.283,12878,,,1.9793,hfq
2007-09-04,192.283,193.378,187.375,188.105,11362,,,-2.1728,hfq
2007-09-05,189.525,189.971,184.495,185.469,16347,,,-1.4013,hfq
2007-09-06,188.551,188.592,184.901,185.590,11966,,,0.0652,hfq
2007-09-07,188.551,192.567,184.576,186.442,22239,,,0.4591,hfq
2007-09-10,186.523,192.607,185.712,192.607,6927,,,3.3067,hfq
2007-09-11,193.418,194.879,185.712,186.888,7980,,,-2.9693,hfq
2007-09-12,186.523,186.888,168.677,184.495,10064,,,-1.2804,hfq
2007-09-13,179.587,181.250,172.327,172.855,9191,,,-6.3091,hfq
2007-09-14,185.712,185.712,173.138,174.315,14084,,,0.8446,hfq
2007-09-17,173.544,177.438,170.299,173.138,5612,,,-0.6752,hfq
2007-09-18,171.678,175.694,170.299,174.396,16666,,,0.7266,hfq
2007-09-19,174.274,181.615,172.368,176.099,14291,,,0.9765,hfq
2007-09-20,174.193,178.208,169.407,172.246,11519,,,-2.1880,hfq
2007-09-21,170.299,172.327,164.256,165.554,9184,,,-3.8851,hfq
2007-09-24,165.554,165.838,159.348,163.080,9711,,,-1.4944,hfq
2007-09-25,163.080,168.231,162.998,166.122,4847,,,1.8653,hfq
2007-09-26,167.217,167.460,159.348,162.228,11654,,,-2.3441,hfq
2007-09-27,163.363,169.650,163.363,165.838,9262,,,2.2253,hfq
2007-09-28,169.488,172.246,168.271,171.557,6616,,,3.4485,hfq
2007-10-08,175.207,175.978,170.705,171.638,11822,,,0.0472,hfq
2007-10-09,172.327,172.733,170.056,171.759,5124,,,0.0705,hfq
2007-10-10,172.327,174.315,170.299,171.435,2782,,,-0.1886,hfq
2007-10-11,170.867,170.867,164.621,164.945,2423,,,-3.7857,hfq
2007-10-12,165.026,169.285,149.614,165.432,6867,,,0.2952,hfq
2007-10-15,165.635,167.663,154.481,160.119,22929,,,-3.2116,hfq
2007-10-16,160.159,165.351,155.292,164.702,12925,,,2.8622,hfq
2007-10-17,162.593,170.299,162.593,166.243,23006,,,0.9356,hfq
2007-10-18,166.243,174.152,166.000,168.271,18093,,,1.2199,hfq
2007-10-19,172.287,172.327,160.159,169.934,11830,,,0.9883,hfq
2007-10-22,170.624,170.624,164.296,170.259,5242,,,0.1913,hfq
2007-10-23,171.435,177.194,170.259,175.978,15410,,,3.3590,hfq
2007-10-24,177.113,180.318,173.098,179.425,17957,,,1.9588,hfq
2007-10-25,179.628,179.993,174.355,175.126,8813,,,-2.3960,hfq
2007-10-26,176.140,176.221,164.215,176.099,5456,,,0.5556,hfq
2007-10-29,177.316,177.316,172.327,172.408,9718,,,-2.0960,hfq
2007-10-30,168.352,173.950,168.190,172.936,7867,,,0.3063,hfq
2007-10-31,176.424,176.992,171.110,176.343,5505,,,1.9701,hfq
2007-11-01,176.302,180.034,167.541,171.922,17130,,,-2.5070,hfq
2007-11-02,168.271,168.271,160.159,168.231,8625,,,-2.1469,hfq
2007-11-05,166.649,172.327,161.092,170.705,5627,,,1.4706,hfq
2007-11-06,171.841,171.841,163.769,163.931,21410,,,-3.9682,hfq
2007-11-07,169.488,170.299,164.945,166.730,21521,,,1.7074,hfq
2007-11-08,164.337,170.096,162.998,163.688,20928,,,-1.8245,hfq
2007-11-09,162.187,168.271,162.187,167.257,9458,,,2.1804,hfq
2007-11-12,160.565,173.950,160.484,170.624,5631,,,2.0131,hfq
2007-11-13,174.071,174.071,168.717,169.569,12121,,,-0.6183,hfq
2007-11-14,169.610,176.180,169.610,174.761,7768,,,3.0619,hfq
2007-11-15,174.964,175.978,172.368,173.625,4975,,,-0.6500,hfq
2007-11-16,171.516,174.355,171.151,173.666,8028,,,0.0236,hfq
2007-11-19,176.708,180.034,172.327,179.060,5936,,,3.1060,hfq
2007-11-20,180.236,184.820,177.194,184.495,8317,,,3.0353,hfq
2007-11-21,184.901,191.715,176.383,180.236,14123,,,-2.3085,hfq
2007-11-22,178.411,192.526,176.586,188.916,14198,,,4.8159,hfq
2007-11-23,190.660,194.635,184.901,193.378,10744,,,2.3619,hfq
2007-11-26,200.719,205.505,191.796,196.339,11615,,,1.5312,hfq
2007-11-27,196.663,199.786,191.390,199.056,5054,,,1.3838,hfq
2007-11-28,199.056,199.827,195.852,197.677,6363,,,-0.6928,hfq
2007-11-29,198.083,201.936,189.038,194.595,11043,,,-1.5591,hfq
2007-11-30,192.648,195.811,190.701,192.851,6011,,,-0.8962,hfq
2007-12-03,190.620,194.149,187.740,190.579,10967,,,-1.1781,hfq
2007-12-04,176.505,193.418,176.505,192.445,5296,,,0.9791,hfq
2007-12-05,192.404,193.337,190.620,192.607,7856,,,0.0842,hfq
2007-12-06,193.783,195.000,189.890,192.769,9066,,,0.0841,hfq
2007-12-07,194.635,200.314,192.851,198.286,6366,,,2.8620,hfq
2007-12-10,196.663,209.561,191.147,207.979,12168,,,4.8884,hfq
2007-12-11,207.979,226.637,207.979,218.890,12113,,,5.2462,hfq
2007-12-12,218.971,223.027,214.510,218.850,10371,,,-0.0183,hfq
2007-12-13,218.890,220.959,208.872,209.075,4983,,,-4.4665,hfq
2007-12-14,206.803,213.617,200.719,213.577,9799,,,2.1533,hfq
2007-12-17,213.577,218.444,212.279,214.996,8116,,,0.6644,hfq
2007-12-18,212.766,220.796,208.101,219.255,5023,,,1.9810,hfq
2007-12-19,218.971,220.796,214.996,216.051,8565,,,-1.4613,hfq
2007-12-20,220.147,230.328,217.349,229.071,10129,,,6.0264,hfq
2007-12-21,232.113,232.113,221.486,225.745,5353,,,-1.4520,hfq
2007-12-24,228.503,229.071,220.675,224.731,24287,,,-0.4492,hfq
2007-12-25,222.906,233.167,220.513,228.259,13896,,,1.5699,hfq
2007-12-26,228.259,232.681,225.420,231.829,7616,,,1.5640,hfq
2007-12-27,232.153,236.818,228.706,234.668,13636,,,1.2246,hfq
2007-12-28,234.668,235.601,229.111,233.329,12954,,,-0.5706,hfq
2008-01-02,235.925,239.657,230.896,236.209,8516,,,1.2343,hfq
2008-01-03,233.167,236.777,231.139,236.493,7250,,,0.1202,hfq
2008-01-04,236.818,236.818,224.974,226.799,19099,,,-4.0991,hfq
2008-01-07,225.420,225.420,216.943,222.500,28546,,,-1.8955,hfq
2008-01-08,226.556,229.030,220.188,225.096,14877,,,1.1667,hfq
2008-01-09,225.055,231.058,223.230,228.746,16447,,,1.6215,hfq
2008-01-10,227.570,231.748,227.570,231.058,10228,,,1.0107,hfq
2008-01-11,231.058,231.139,227.894,229.639,8957,,,-0.6141,hfq
2008-01-14,229.517,233.167,225.055,230.977,5929,,,0.5827,hfq
2008-01-15,229.192,235.520,229.192,231.950,8052,,,0.4213,hfq
2008-01-16,231.383,231.950,225.785,229.111,9821,,,-1.2240,hfq
2008-01-17,229.111,234.709,217.146,228.178,15274,,,-0.4072,hfq
2008-01-18,228.625,231.139,219.052,230.044,13181,,,0.8178,hfq
2008-01-21,226.069,230.653,224.203,226.353,13340,,,-1.6045,hfq
2008-01-22,218.282,229.111,212.887,221.689,35222,,,-2.0605,hfq
2008-01-23,221.770,235.601,221.770,233.208,23484,,,5.1960,hfq
2008-01-24,233.208,243.307,231.261,231.585,23048,,,-0.6959,hfq
2008-01-25,229.882,247.404,229.882,246.349,34181,,,6.3752,hfq
2008-01-28,246.349,246.349,233.978,237.264,13529,,,-3.6879,hfq
2008-01-29,239.251,240.468,227.489,230.328,6939,,,-2.9233,hfq
2008-01-30,233.208,234.992,219.174,230.328,7843,,,0.0000,hfq
2008-01-31,227.083,229.111,219.782,224.285,3736,,,-2.6236,hfq
2008-02-01,225.055,225.055,205.019,213.293,5668,,,-4.9009,hfq
2008-02-04,216.984,231.139,216.984,230.247,4729,,,7.9487,hfq
2008-02-05,225.055,233.573,225.055,230.125,3020,,,-0.0530,hfq
2008-02-13,225.258,233.086,225.258,230.206,2033,,,0.0352,hfq
2008-02-14,231.139,235.439,229.111,233.167,4662,,,1.2862,hfq
2008-02-15,233.005,233.005,228.300,230.734,2543,,,-1.0435,hfq
2008-02-18,231.991,240.468,231.991,235.966,11433,,,2.2675,hfq
2008-02-19,235.682,240.468,235.682,236.088,11045,,,0.0517,hfq
2008-02-20,236.412,236.412,232.356,234.019,7716,,,-0.8764,hfq
2008-02-21,231.545,239.251,231.545,237.223,6891,,,1.3691,hfq
2008-02-22,237.223,237.223,229.436,233.086,6112,,,-1.7439,hfq
2008-02-25,227.083,234.100,211.184,212.644,9312,,,-8.7702,hfq
2008-02-26,217.187,220.999,198.691,205.221,8234,,,-3.4908,hfq
2008-02-27,204.775,213.698,203.558,211.630,6388,,,3.1230,hfq
2008-02-28,216.943,216.943,204.775,211.630,2413,,,0.0000,hfq
2008-02-29,210.859,213.901,207.574,212.076,10466,,,0.2107,hfq
2008-03-03,214.915,220.999,212.887,219.742,13401,,,3.6147,hfq
2008-03-04,220.999,226.272,219.296,219.499,7387,,,-0.1106,hfq
2008-03-05,216.943,224.366,215.605,219.864,4089,,,0.1663,hfq
2008-03-06,222.541,224.244,219.377,222.216,4279,,,1.0698,hfq
2008-03-07,224.163,224.163,213.415,217.633,4951,,,-2.0624,hfq
2008-03-10,217.349,217.349,204.775,207.493,4303,,,-4.6592,hfq
2008-03-11,204.856,206.803,201.165,205.059,3210,,,-1.1731,hfq
2008-03-12,212.887,212.887,193.946,195.081,5838,,,-4.8659,hfq
2008-03-13,192.648,194.797,184.576,191.309,4830,,,-1.9336,hfq
2008-03-14,188.957,197.069,186.929,192.648,4250,,,0.6999,hfq
2008-03-17,192.121,192.121,186.523,190.579,3329,,,-1.0740,hfq
2008-03-18,187.902,192.607,179.263,184.495,7081,,,-3.1924,hfq
2008-03-19,192.202,197.474,182.467,194.635,8912,,,5.4961,hfq
2008-03-20,194.635,204.735,188.146,201.490,11021,,,3.5220,hfq
2008-03-21,201.449,202.747,194.635,196.825,8827,,,-2.3153,hfq
2008-03-24,198.651,200.273,189.362,189.809,3695,,,-3.5646,hfq
2008-03-25,184.495,190.174,180.520,187.578,2650,,,-1.1754,hfq
2008-03-27,180.642,185.306,172.327,175.572,4434,,,-6.4005,hfq
2008-03-28,172.043,181.088,165.026,180.885,15460,,,3.0261,hfq
2008-03-31,174.842,179.020,172.733,174.761,12239,,,-3.3856,hfq
2008-04-01,171.962,173.747,165.270,170.299,9279,,,-2.5532,hfq
2008-04-02,171.962,176.262,170.299,170.340,4513,,,0.0241,hfq
2008-04-03,171.313,180.561,166.243,180.115,5377,,,5.7385,hfq
2008-04-07,180.034,185.712,176.383,185.509,7241,,,2.9948,hfq
2008-04-08,180.885,186.726,180.885,184.333,3249,,,-0.6339,hfq
2008-04-09,184.090,190.539,181.250,184.495,4137,,,0.0879,hfq
2008-04-10,182.873,186.158,178.898,183.603,2308,,,-0.4835,hfq
2008-04-11,182.954,194.587,182.954,191.715,10289,,,4.4182,hfq
2008-04-14,190.741,197.020,184.901,191.180,7363,,,-0.2791,hfq
2008-04-15,191.180,191.180,184.414,187.286,5994,,,-2.0368,hfq
2008-04-16,183.003,187.286,180.034,180.423,8155,,,-3.6644,hfq
2008-04-17,180.910,184.804,172.246,172.733,11576,,,-4.2622,hfq
2008-04-18,167.963,174.047,167.379,168.352,11464,,,-2.5363,hfq
2008-04-21,184.414,184.414,159.105,166.844,5151,,,-0.8957,hfq
2008-04-22,165.432,167.866,159.202,167.622,12264,,,0.4663,hfq
2008-04-23,167.233,173.706,163.583,173.609,13162,,,3.5717,hfq
2008-04-24,184.414,190.741,180.034,190.741,15836,,,9.8682,hfq
2008-04-25,187.334,194.149,183.343,188.989,16073,,,-0.9185,hfq
2008-04-28,184.414,185.290,178.476,182.419,9091,,,-3.4764,hfq
2008-04-29,180.861,183.879,175.166,183.003,3889,,,0.3201,hfq
2008-04-30,182.467,191.715,182.467,191.277,7952,,,4.5212,hfq
2008-05-05,191.958,196.582,187.334,194.684,7900,,,1.7812,hfq
2008-05-06,194.635,197.556,191.618,194.635,5750,,,-0.0252,hfq
2008-05-07,196.923,196.923,184.901,185.826,3590,,,-4.5259,hfq
2008-05-08,184.171,200.671,177.649,200.330,5518,,,7.8052,hfq
2008-05-09,200.963,208.653,198.334,201.887,6521,,,0.7772,hfq
2008-05-12,201.936,214.104,198.480,208.750,11366,,,3.3994,hfq
2008-05-13,207.777,221.015,206.803,216.684,21311,,,3.8007,hfq
2008-05-14,219.409,223.595,201.985,211.670,12827,,,-2.3140,hfq
2008-05-15,211.670,214.980,197.069,201.985,8063,,,-4.5755,hfq
2008-05-16,201.936,208.847,200.427,205.246,4502,,,1.6145,hfq
2008-05-19,202.423,206.706,199.405,203.153,5740,,,-1.0198,hfq
2008-05-20,197.653,206.122,187.626,196.144,8620,,,-3.4501,hfq
2008-05-21,192.445,206.609,190.595,205.976,10177,,,5.0126,hfq
2008-05-22,203.056,208.993,199.892,201.206,4975,,,-2.3158,hfq
2008-05-23,196.095,203.396,192.202,201.498,3860,,,0.1451,hfq
2008-05-26,198.042,200.427,193.224,195.852,4684,,,-2.8020,hfq
2008-05-27,194.635,201.790,194.635,198.772,3911,,,1.4909,hfq
2008-05-28,198.772,199.405,196.339,198.529,2482,,,-0.1223,hfq
2008-05-29,198.626,198.626,192.202,194.635,5062,,,-1.9614,hfq
2008-05-30,196.241,201.352,194.733,200.768,4929,,,3.1510,hfq
2008-06-02,200.671,200.719,194.149,198.286,5115,,,-1.2363,hfq
2008-06-03,196.241,199.502,193.564,194.295,3405,,,-2.0127,hfq
2008-06-04,196.972,196.972,186.361,190.352,3085,,,-2.0294,hfq
2008-06-05,186.848,190.741,180.034,190.498,5219,,,0.0767,hfq
2008-06-06,185.534,186.361,183.003,183.295,1320,,,-3.7811,hfq
2008-06-10,177.600,180.812,165.189,177.065,18218,,,-3.3989,hfq
2008-06-11,172.733,181.883,170.689,180.666,23677,,,2.0337,hfq
2008-06-12,177.113,181.153,176.967,178.476,6082,,,-1.2122,hfq
2008-06-13,177.649,183.927,177.162,181.396,3517,,,1.6361,hfq
2008-06-16,184.901,184.901,174.534,180.520,3685,,,-0.4829,hfq
2008-06-17,179.060,181.883,177.308,179.596,7230,,,-0.5119,hfq
2008-06-18,176.627,181.883,165.432,181.542,45974,,,1.0835,hfq
2008-06-19,177.600,180.034,166.892,166.892,19761,,,-8.0698,hfq
2008-06-20,162.998,176.043,155.698,165.237,28745,,,-0.9917,hfq
2008-06-23,162.512,167.428,155.698,159.445,17367,,,-3.5053,hfq
2008-06-24,157.158,165.432,157.158,164.459,14051,,,3.1447,hfq
2008-06-25,163.972,173.706,162.998,170.786,4075,,,3.8472,hfq
2008-06-26,169.326,173.220,168.109,172.733,2536,,,1.1400,hfq
2008-06-27,167.866,174.193,165.432,173.658,4417,,,0.5355,hfq
2008-06-30,173.609,176.870,165.919,172.246,6558,,,-0.8131,hfq
2008-07-01,172.295,174.388,169.813,173.220,2220,,,0.5655,hfq
2008-07-02,172.733,175.653,171.224,175.458,4945,,,1.2920,hfq
2008-07-03,171.808,182.467,171.759,177.405,6150,,,1.1097,hfq
2008-07-04,172.830,180.812,172.830,177.600,761,,,0.1099,hfq
2008-07-07,177.600,187.334,177.600,187.286,2542,,,5.4538,hfq
2008-07-08,185.777,186.848,181.494,185.972,7027,,,-0.7016,hfq
2008-07-09,184.706,188.357,181.981,183.927,17466,,,-1.0996,hfq
2008-07-10,180.034,186.361,180.034,183.441,11364,,,-0.2642,hfq
2008-07-11,184.317,184.317,179.060,179.693,13869,,,-2.0432,hfq
2008-07-14,179.352,186.361,179.352,185.923,4614,,,3.4670,hfq
2008-07-15,186.799,186.848,177.600,182.029,3639,,,-2.0944,hfq
2008-07-16,178.233,182.467,172.879,179.012,3388,,,-1.6574,hfq
2008-07-17,179.012,185.874,179.012,181.494,3358,,,1.3865,hfq
2008-07-18,186.361,186.361,182.516,185.728,2282,,,2.3329,hfq
2008-07-21,185.728,193.175,183.441,192.834,2869,,,3.8260,hfq
2008-07-22,191.326,197.069,188.065,191.131,1378,,,-0.8831,hfq
2008-07-23,193.467,193.467,189.768,190.401,788,,,-0.3819,hfq
2008-07-24,193.662,194.149,188.795,189.476,1124,,,-0.4858,hfq
2008-07-25,189.281,191.131,189.281,189.768,1448,,,0.1541,hfq
2008-07-28,189.281,197.069,187.432,192.786,2211,,,1.5904,hfq
2008-07-29,193.175,193.175,188.746,191.666,1331,,,-0.5810,hfq
2008-07-30,189.281,195.852,189.281,192.202,990,,,0.2797,hfq
2008-07-31,192.202,194.635,189.768,190.109,930,,,-1.0890,hfq
2008-08-01,190.109,193.224,186.848,190.839,4271,,,0.3840,hfq
2008-08-04,190.839,196.825,188.357,191.520,4371,,,0.3568,hfq
2008-08-05,188.843,197.507,187.334,190.157,9637,,,-0.7117,hfq
2008-08-06,188.892,193.272,188.892,190.255,2928,,,0.0515,hfq
2008-08-07,190.255,196.095,187.383,191.277,6362,,,0.5372,hfq
2008-08-08,191.277,193.175,189.281,191.131,13706,,,-0.0763,hfq
2008-08-11,191.131,191.131,182.467,183.051,7737,,,-4.2275,hfq
2008-08-12,177.649,185.290,177.649,184.560,3250,,,0.8244,hfq
2008-08-13,184.122,187.432,179.109,187.091,2992,,,1.3714,hfq
2008-08-14,188.308,195.901,184.804,194.684,7241,,,4.0585,hfq
2008-08-15,190.303,197.848,190.303,195.122,6518,,,0.2250,hfq
2008-08-18,197.020,197.069,188.795,189.914,5884,,,-2.6691,hfq
2008-08-19,189.135,194.392,185.972,189.671,3565,,,-0.1280,hfq
2008-08-20,187.334,199.454,187.334,196.679,5999,,,3.6948,hfq
2008-08-21,196.972,196.972,182.516,184.901,6380,,,-5.9884,hfq
2008-08-22,183.441,186.118,180.034,180.277,2418,,,-2.5008,hfq
2008-08-25,179.547,182.419,173.268,176.140,9346,,,-2.2948,hfq
2008-08-26,175.994,175.994,168.839,169.813,13483,,,-3.5920,hfq
2008-08-27,165.432,172.246,162.998,165.432,22834,,,-2.5799,hfq
2008-08-28,166.405,169.326,164.848,166.357,4943,,,0.5591,hfq
2008-08-29,168.742,169.228,166.357,167.963,2642,,,0.9654,hfq
2008-09-01,169.715,172.149,167.866,172.051,3075,,,2.4339,hfq
2008-09-02,172.051,174.436,168.742,172.733,2713,,,0.3964,hfq
2008-09-03,169.326,174.193,165.432,171.711,4999,,,-0.5917,hfq
2008-09-04,169.423,172.733,164.459,172.636,6089,,,0.5387,hfq
2008-09-05,167.866,170.543,166.892,169.520,347,,,-1.8050,hfq
2008-09-08,168.352,171.759,167.038,171.759,791,,,1.3208,hfq
2008-09-09,167.914,172.246,167.914,171.759,2612,,,0.0000,hfq
2008-09-10,168.450,170.299,165.481,167.428,10011,,,-2.5216,hfq
2008-09-11,164.118,169.813,162.998,165.627,14974,,,-1.0757,hfq
2008-09-12,163.096,165.237,149.370,155.649,23030,,,-6.0244,hfq
2008-09-16,152.777,159.105,150.830,157.304,8102,,,1.0633,hfq
2008-09-17,157.304,162.998,157.304,162.998,11429,,,3.6197,hfq
2008-09-18,160.614,163.144,158.375,161.928,4470,,,-0.6564,hfq
2008-09-19,173.220,177.892,170.299,177.892,27707,,,9.8587,hfq
2008-09-22,183.927,188.259,172.782,174.680,40537,,,-1.8056,hfq
2008-09-23,168.596,172.343,159.591,159.883,14213,,,-8.4709,hfq
2008-09-24,158.423,167.282,158.131,167.136,7610,,,4.5364,hfq
2008-09-25,167.087,175.069,163.534,169.326,11318,,,1.3103,hfq
2008-09-26,172.733,175.166,164.994,173.317,4751,,,2.3570,hfq
2008-10-06,173.706,175.166,167.866,167.914,3271,,,-3.1174,hfq
2008-10-07,170.299,171.759,167.866,170.299,618,,,1.4204,hfq
2008-10-08,170.056,173.220,166.892,167.184,16128,,,-1.8291,hfq
2008-10-09,168.352,173.658,167.866,167.866,18122,,,0.4079,hfq
2008-10-10,167.866,169.715,165.481,169.715,11117,,,1.1015,hfq
2008-10-13,166.454,169.228,160.565,165.237,11098,,,-2.6385,hfq
2008-10-14,170.007,170.007,165.919,166.600,13990,,,0.8249,hfq
2008-10-15,166.552,169.813,166.503,166.892,2129,,,0.1753,hfq
2008-10-16,164.069,169.228,160.565,167.866,7739,,,0.5836,hfq
2008-10-17,163.485,168.450,157.596,165.237,12843,,,-1.5661,hfq
2008-10-20,162.025,162.025,148.932,152.096,72274,,,-7.9528,hfq
2008-10-21,153.167,158.083,150.830,155.892,24263,,,2.4958,hfq
2008-10-22,153.410,157.450,153.264,156.671,8525,,,0.4997,hfq
2008-10-23,154.237,161.538,153.264,155.211,22339,,,-0.9319,hfq
2008-10-24,154.724,156.914,152.291,153.264,2360,,,-1.2544,hfq
2008-10-27,153.264,155.454,148.786,151.268,10550,,,-1.3023,hfq
2008-10-28,148.446,153.945,148.446,151.755,3567,,,0.3219,hfq
2008-10-29,153.751,156.184,150.830,151.804,5531,,,0.0323,hfq
2008-10-30,148.786,154.237,148.786,153.751,2279,,,1.2826,hfq
2008-10-31,151.804,155.795,151.366,155.746,501,,,1.2976,hfq
2008-11-03,155.746,159.105,150.587,156.184,2186,,,0.2812,hfq
2008-11-04,156.184,158.180,154.530,156.233,9603,,,0.0314,hfq
2008-11-05,157.791,159.105,155.698,157.645,4576,,,0.9038,hfq
2008-11-06,156.184,159.105,153.264,158.618,7937,,,0.6172,hfq
2008-11-07,155.746,158.131,153.167,153.507,8736,,,-3.2222,hfq
2008-11-10,150.879,158.083,150.879,155.746,9248,,,1.4586,hfq
2008-11-11,155.454,155.454,152.680,153.361,14252,,,-1.5313,hfq
2008-11-12,152.972,155.114,152.777,154.968,2681,,,1.0479,hfq
2008-11-13,153.264,162.950,149.857,162.706,15811,,,4.9933,hfq
2008-11-14,160.614,164.459,160.614,162.901,8552,,,0.1198,hfq
2008-11-17,162.950,167.866,160.808,166.892,11241,,,2.4500,hfq
2008-11-18,165.919,170.153,162.122,162.366,7401,,,-2.7119,hfq
2008-11-19,162.512,167.379,160.760,166.405,5992,,,2.4876,hfq
2008-11-20,162.998,167.817,161.782,165.724,6008,,,-0.4092,hfq
2008-11-21,162.122,166.892,159.883,163.534,2595,,,-1.3215,hfq
2008-11-24,165.529,169.326,162.998,163.193,5952,,,-0.2085,hfq
2008-11-25,165.919,166.892,160.565,163.583,3961,,,0.2390,hfq
2008-11-26,163.583,165.335,158.180,164.313,5657,,,0.4463,hfq
2008-11-27,168.352,173.220,165.919,166.649,7686,,,1.4217,hfq
2008-11-28,162.998,170.299,162.998,170.105,7106,,,2.0738,hfq
2008-12-01,167.671,174.923,166.990,174.339,6932,,,2.4891,hfq
2008-12-02,171.273,173.706,169.423,173.171,14342,,,-0.6700,hfq
2008-12-03,172.295,174.096,171.321,172.733,16892,,,-0.2529,hfq
2008-12-04,173.317,174.582,170.786,171.516,9324,,,-0.7046,hfq
2008-12-05,171.127,171.662,167.379,168.839,8499,,,-1.5608,hfq
2008-12-08,168.936,177.600,168.936,175.166,12427,,,3.7474,hfq
2008-12-09,176.870,176.870,172.879,175.994,8117,,,0.4727,hfq
2008-12-10,173.998,182.954,173.998,181.396,8997,,,3.0694,hfq
2008-12-11,179.109,186.361,179.109,180.520,6606,,,-0.4829,hfq
2008-12-12,180.520,182.370,175.166,180.034,3051,,,-0.2692,hfq
2008-12-15,180.034,183.927,180.034,183.003,2022,,,1.6491,hfq
2008-12-16,182.857,189.671,179.547,188.649,4329,,,3.0852,hfq
2008-12-17,190.888,192.202,186.507,189.963,9093,,,0.6965,hfq
2008-12-18,187.480,190.936,185.874,188.989,5562,,,-0.5127,hfq
2008-12-19,188.989,201.839,185.144,194.392,10799,,,2.8589,hfq
2008-12-22,194.343,195.755,187.724,191.715,13587,,,-1.3771,hfq
2008-12-23,191.715,192.202,186.118,189.233,15969,,,-1.2946,hfq
2008-12-24,184.950,190.498,183.927,187.480,3791,,,-0.9264,hfq
2008-12-25,187.334,187.821,183.441,186.799,9264,,,-0.3632,hfq
2008-12-26,185.290,186.361,183.733,186.166,4294,,,-0.3389,hfq
2008-12-29,186.118,188.308,181.494,188.308,6847,,,1.1506,hfq
2008-12-30,185.923,191.618,185.874,189.914,9403,,,0.8529,hfq
2008-12-31,191.180,191.180,186.069,189.817,9605,,,-0.0511,hfq
2009-01-05,190.011,191.082,188.308,189.281,5163,,,-0.2824,hfq
2009-01-06,189.768,190.741,181.007,184.852,33604,,,-2.3399,hfq
2009-01-07,182.467,186.604,182.467,183.051,12206,,,-0.9743,hfq
2009-01-08,182.467,184.657,181.007,183.051,10881,,,0.0000,hfq
2009-01-09,183.927,186.945,183.197,186.653,6334,,,1.9678,hfq
2009-01-12,186.653,186.653,183.489,184.073,4540,,,-1.3822,hfq
2009-01-13,183.343,183.343,181.494,181.688,1854,,,-1.2957,hfq
2009-01-14,181.007,184.219,181.007,184.171,6399,,,1.3666,hfq
2009-01-15,183.927,184.706,182.954,183.392,3449,,,-0.4230,hfq
2009-01-16,182.954,183.927,177.600,182.954,27170,,,-0.2388,hfq
2009-01-19,179.547,183.927,178.038,181.981,11999,,,-0.5318,hfq
2009-01-20,182.370,183.343,180.082,182.954,8355,,,0.5347,hfq
2009-01-21,181.202,182.954,181.007,182.467,5448,,,-0.2662,hfq
2009-01-22,186.361,189.573,182.078,183.392,16524,,,0.5069,hfq
2009-01-23,183.392,183.684,181.007,181.250,3163,,,-1.1680,hfq
2009-02-02,181.494,182.370,180.228,182.370,5206,,,0.6179,hfq
2009-02-03,182.370,184.219,181.396,183.246,9959,,,0.4803,hfq
2009-02-04,184.073,186.361,181.883,183.197,37483,,,-0.0267,hfq
2009-02-05,183.197,183.197,177.649,181.153,39294,,,-1.1157,hfq
2009-02-06,180.228,183.441,178.622,182.808,28832,,,0.9136,hfq
2009-02-09,184.852,189.184,184.852,189.135,32935,,,3.4610,hfq
2009-02-10,189.671,194.879,189.184,194.879,19960,,,3.0370,hfq
2009-02-11,191.715,196.290,189.768,191.034,24622,,,-1.9730,hfq
2009-02-12,192.445,194.149,188.308,192.445,14957,,,0.7386,hfq
2009-02-13,193.418,195.025,191.715,194.392,11792,,,1.0117,hfq
2009-02-16,195.609,199.600,195.609,199.551,21647,,,2.6539,hfq
2009-02-17,199.551,209.529,199.502,206.755,47884,,,3.6101,hfq
2009-02-18,206.073,209.967,201.936,204.467,24523,,,-1.1066,hfq
2009-02-19,206.073,208.263,200.963,205.294,30503,,,0.4045,hfq
2009-02-20,207.290,207.533,201.936,203.202,11362,,,-1.0190,hfq
2009-02-23,204.175,204.175,199.794,203.932,18694,,,0.3592,hfq
2009-02-24,203.007,203.007,197.458,197.896,20415,,,-2.9598,hfq
2009-02-25,198.042,200.135,192.299,197.945,13826,,,0.0248,hfq
2009-02-26,197.556,199.989,191.618,192.494,13513,,,-2.7538,hfq
2009-02-27,192.007,194.051,187.334,191.520,19542,,,-0.5060,hfq
2009-03-02,191.520,195.025,189.427,194.879,4009,,,1.7539,hfq
2009-03-03,194.149,203.737,191.618,197.994,5479,,,1.5984,hfq
2009-03-04,198.042,204.370,196.095,203.104,18432,,,2.5809,hfq
2009-03-05,203.591,205.246,196.582,200.038,10699,,,-1.5096,hfq
2009-03-06,200.476,200.476,194.635,195.657,9141,,,-2.1901,hfq
2009-03-09,195.657,198.870,191.618,191.958,8378,,,-1.8906,hfq
2009-03-10,191.520,194.538,190.644,193.078,5830,,,0.5835,hfq
2009-03-11,195.609,198.529,194.635,198.432,6572,,,2.7730,hfq
2009-03-12,198.286,199.794,195.657,199.259,4468,,,0.4168,hfq
2009-03-13,199.989,199.989,196.339,196.679,4251,,,-1.2948,hfq
2009-03-16,196.144,196.144,194.149,195.122,6187,,,-0.7916,hfq
2009-03-17,196.874,198.237,194.149,197.118,8533,,,1.0229,hfq
2009-03-18,198.578,202.812,195.609,196.387,13248,,,-0.3708,hfq
2009-03-19,196.241,197.069,193.418,194.587,27279,,,-0.9166,hfq
2009-03-20,195.511,196.047,191.472,194.587,30712,,,0.0000,hfq
2009-03-23,194.587,194.635,191.958,194.100,25316,,,-0.2503,hfq
2009-03-24,194.149,196.728,193.126,195.901,33735,,,0.9279,hfq
2009-03-25,195.901,196.095,192.250,192.688,18141,,,-1.6401,hfq
2009-03-26,191.374,193.613,189.817,192.542,19677,,,-0.0758,hfq
2009-03-27,192.542,193.175,190.741,191.180,32368,,,-0.7074,hfq
2009-03-31,191.618,204.418,189.330,196.436,35527,,,2.7492,hfq
2009-04-01,196.290,197.945,192.202,195.414,27352,,,-0.5203,hfq
2009-04-02,195.414,195.657,192.153,193.224,32062,,,-1.1207,hfq
2009-04-03,193.759,195.609,192.104,195.463,31938,,,1.1588,hfq
2009-04-07,199.259,201.839,192.104,194.051,45595,,,-0.7224,hfq
2009-04-08,194.149,196.972,191.764,191.861,42665,,,-1.1286,hfq
2009-04-09,190.693,193.418,190.206,193.370,14821,,,0.7865,hfq
2009-04-10,193.662,194.879,191.228,194.587,25701,,,0.6294,hfq
2009-04-13,196.047,196.095,193.078,194.051,42824,,,-0.2755,hfq
2009-04-14,194.149,194.392,191.228,192.007,31832,,,-1.0533,hfq
2009-04-15,191.520,195.901,191.326,195.755,30470,,,1.9520,hfq
2009-04-16,196.241,200.963,195.122,199.746,34854,,,2.0388,hfq
2009-04-17,199.746,201.401,196.436,198.091,22743,,,-0.8286,hfq
2009-04-20,198.091,198.724,195.560,197.994,23534,,,-0.0490,hfq
2009-04-21,198.286,203.348,197.069,202.861,35086,,,2.4582,hfq
2009-04-22,202.423,204.662,194.635,196.047,25911,,,-3.3590,hfq
2009-04-23,196.339,199.405,195.122,198.432,14410,,,1.2165,hfq
2009-04-24,199.989,200.817,197.458,197.848,11900,,,-0.2943,hfq
2009-04-27,199.308,201.936,194.879,197.799,13843,,,-0.0248,hfq
2009-04-28,197.750,205.830,196.095,204.613,27554,,,3.4449,hfq
2009-04-29,206.219,206.317,198.918,201.985,31724,,,-1.2844,hfq
2009-04-30,202.617,203.961,198.529,201.157,25690,,,-0.4099,hfq
2009-05-04,201.449,202.617,198.646,201.449,51105,,,0.1452,hfq
2009-05-05,202.033,204.370,198.003,202.209,44377,,,0.3773,hfq
2009-05-06,201.157,201.157,196.660,198.821,44116,,,-1.6755,hfq
2009-05-07,198.821,198.821,195.141,196.076,33053,,,-1.3806,hfq
2009-05-08,196.076,197.361,192.455,192.630,46684,,,-1.7575,hfq
2009-05-11,192.805,198.821,192.455,194.324,37450,,,0.8794,hfq
2009-05-12,194.441,195.959,192.805,195.667,11504,,,0.6911,hfq
2009-05-13,196.076,197.361,193.740,194.557,23674,,,-0.5673,hfq
2009-05-14,195.025,199.931,194.908,198.237,55512,,,1.8915,hfq
2009-05-15,198.295,202.150,197.419,199.931,27492,,,0.8545,hfq
2009-05-18,201.449,201.449,195.609,196.952,27126,,,-1.4900,hfq
2009-05-19,197.361,197.419,194.557,195.083,22119,,,-0.9490,hfq
2009-05-20,194.791,195.550,191.987,192.163,20500,,,-1.4968,hfq
2009-05-21,192.163,193.272,187.432,187.665,23132,,,-2.3407,hfq
2009-05-22,187.549,191.929,186.556,188.892,21890,,,0.6538,hfq
2009-05-25,186.848,192.688,186.497,187.841,23494,,,-0.5564,hfq
2009-05-26,188.308,192.396,187.490,190.936,14528,,,1.6477,hfq
2009-05-27,191.871,192.980,190.936,192.046,17097,,,0.5813,hfq
2009-06-01,193.389,197.186,192.688,196.485,29962,,,2.3114,hfq
2009-06-02,197.536,198.295,194.908,195.609,25709,,,-0.4458,hfq
2009-06-03,195.317,197.361,194.908,195.433,19299,,,-0.0900,hfq
2009-06-04,195.901,196.894,194.441,195.492,39648,,,0.0302,hfq
2009-06-05,195.433,203.202,195.433,201.274,59689,,,2.9577,hfq
2009-06-08,202.325,205.304,199.756,203.377,42048,,,1.0448,hfq
2009-06-09,203.202,205.129,199.580,204.370,23264,,,0.4883,hfq
2009-06-10,204.078,213.189,201.800,208.925,39736,,,2.2288,hfq
2009-06-11,208.925,214.299,207.874,209.509,28779,,,0.2795,hfq
2009-06-12,209.509,213.247,201.449,203.202,29613,,,-3.0104,hfq
2009-06-15,203.202,208.458,203.085,208.400,30582,,,2.5580,hfq
2009-06-16,208.458,210.502,204.370,210.269,17855,,,0.8968,hfq
2009-06-17,209.334,212.430,207.816,212.255,20986,,,0.9445,hfq
2009-06-18,212.255,212.255,207.874,208.925,13334,,,-1.5689,hfq
2009-06-19,209.626,212.313,206.180,211.962,22217,,,1.4536,hfq
2009-06-22,211.962,216.168,210.794,215.292,15555,,,1.5710,hfq
2009-06-23,214.182,218.971,211.962,216.051,32211,,,0.3525,hfq
2009-06-24,216.051,218.854,211.378,211.670,29872,,,-2.0278,hfq
2009-06-25,211.378,216.051,207.932,208.341,22286,,,-1.5727,hfq
2009-06-26,210.152,213.598,205.538,208.108,11753,,,-0.1118,hfq
2009-06-29,207.874,212.371,206.297,209.626,18993,,,0.7294,hfq
2009-06-30,211.670,211.670,204.837,206.764,31709,,,-1.3653,hfq
2009-07-01,203.202,209.568,200.690,203.494,36180,,,-1.5815,hfq
2009-07-02,204.370,207.757,203.727,205.012,24327,,,0.7460,hfq
2009-07-03,205.012,210.970,202.617,209.101,14395,,,1.9945,hfq
2009-07-06,207.932,211.320,206.122,208.458,16963,,,-0.3075,hfq
2009-07-07,208.458,215.584,206.764,213.890,25656,,,2.6058,hfq
2009-07-08,213.364,219.263,212.605,217.803,29929,,,1.8294,hfq
2009-07-09,218.679,219.205,213.423,215.525,38749,,,-1.0459,hfq
2009-07-10,215.642,219.263,215.350,218.738,15025,,,1.4908,hfq
2009-07-13,219.088,222.768,218.738,220.782,14281,,,0.9345,hfq
2009-07-14,220.723,225.104,220.081,222.300,14674,,,0.6876,hfq
2009-07-15,222.359,222.476,216.635,217.686,22474,,,-2.0756,hfq
2009-07-16,218.971,218.971,212.839,214.532,35583,,,-1.4489,hfq
2009-07-17,214.941,214.941,211.670,213.715,20394,,,-0.3808,hfq
2009-07-20,213.715,214.883,212.547,213.131,30372,,,-0.2733,hfq
2009-07-21,213.948,217.803,212.255,217.044,40855,,,1.8360,hfq
2009-07-22,215.993,217.686,212.839,214.007,25213,,,-1.3993,hfq
2009-07-23,213.831,215.759,211.962,213.539,32993,,,-0.2187,hfq
2009-07-24,214.299,214.883,208.458,210.794,29011,,,-1.2855,hfq
2009-07-27,211.378,214.474,209.626,214.007,53254,,,1.5242,hfq
2009-07-28,213.715,213.715,211.086,212.488,24434,,,-0.7098,hfq
2009-07-29,212.839,213.131,201.508,207.290,42893,,,-2.4463,hfq
2009-07-30,208.458,208.925,202.617,205.421,31113,,,-0.9016,hfq
2009-07-31,207.232,207.874,205.421,207.465,27686,,,0.9950,hfq
2009-08-03,207.874,207.874,204.720,207.290,58832,,,-0.0844,hfq
2009-08-04,208.867,220.723,205.246,219.847,117646,,,6.0577,hfq
2009-08-05,217.686,220.723,213.131,216.927,42065,,,-1.3282,hfq
2009-08-06,217.161,220.723,213.598,216.869,31840,,,-0.0267,hfq
2009-08-07,216.635,225.046,216.051,223.293,63664,,,2.9622,hfq
2009-08-10,223.293,231.120,219.906,228.316,75156,,,2.2495,hfq
2009-08-11,227.732,228.024,221.658,224.053,20105,,,-1.8671,hfq
2009-08-12,223.352,225.338,216.168,217.569,15927,,,-2.8940,hfq
2009-08-13,217.161,218.562,211.962,213.656,19494,,,-1.7985,hfq
2009-08-14,213.423,216.109,206.706,206.823,27291,,,-3.1981,hfq
2009-08-17,205.830,212.547,198.529,202.501,26345,,,-2.0897,hfq
2009-08-18,201.157,207.991,200.865,207.290,14093,,,2.3649,hfq
2009-08-19,209.042,219.555,209.042,210.794,41319,,,1.6904,hfq
2009-08-20,213.715,230.653,213.715,221.950,38310,,,5.2924,hfq
2009-08-21,221.950,227.732,218.971,225.922,29402,,,1.7896,hfq
2009-08-24,227.791,234.858,225.513,232.580,35103,,,2.9470,hfq
2009-08-25,231.295,242.626,226.564,240.056,77662,,,3.2144,hfq
2009-08-26,236.493,245.254,235.325,239.530,48346,,,-0.2191,hfq
2009-08-27,239.530,247.182,236.552,243.151,26842,,,1.5117,hfq
2009-08-28,243.151,243.151,232.171,234.449,32704,,,-3.5788,hfq
2009-08-31,232.989,246.130,228.900,235.267,41987,,,0.3489,hfq
2009-09-01,237.077,239.939,222.008,237.194,23837,,,0.8191,hfq
2009-09-02,235.267,238.713,227.791,232.463,8031,,,-1.9946,hfq
2009-09-03,232.463,236.435,230.711,233.514,17180,,,0.4521,hfq
2009-09-04,234.040,253.431,229.952,248.642,28473,,,6.4784,hfq
2009-09-07,251.679,264.528,246.189,253.373,28966,,,1.9027,hfq
2009-09-08,253.840,257.461,248.174,249.985,15676,,,-1.3372,hfq
2009-09-09,251.095,252.380,242.334,244.670,18776,,,-2.1261,hfq
2009-09-10,243.969,256.935,238.829,253.957,22244,,,3.7957,hfq
2009-09-11,252.555,252.555,246.539,250.277,26925,,,-1.4491,hfq
2009-09-14,249.343,252.555,247.590,251.212,25812,,,0.3736,hfq
2009-09-15,252.555,252.555,242.334,251.153,18201,,,-0.0235,hfq
2009-09-16,251.036,251.036,244.670,247.415,10390,,,-1.4883,hfq
2009-09-17,247.006,250.394,245.254,247.532,11326,,,0.0473,hfq
2009-09-18,247.590,254.950,246.773,248.759,16934,,,0.4957,hfq
2009-09-21,248.759,260.440,246.831,259.856,34584,,,4.4609,hfq
2009-09-22,259.856,272.588,259.856,262.017,28165,,,0.8316,hfq
2009-09-23,259.914,265.696,259.272,263.419,21728,,,0.5351,hfq
2009-09-24,263.302,263.360,244.962,253.957,33568,,,-3.5920,hfq
2009-09-25,250.511,254.190,248.174,251.912,9424,,,-0.8053,hfq
2009-09-28,248.642,259.739,248.642,256.351,11490,,,1.7621,hfq
2009-09-29,255.592,255.592,242.334,242.976,7798,,,-5.2175,hfq
2009-09-30,242.801,250.043,242.801,247.123,4857,,,1.7068,hfq
2009-10-09,248.759,254.833,243.035,254.658,10066,,,3.0491,hfq
2009-10-12,254.658,254.658,248.174,250.277,7651,,,-1.7203,hfq
2009-10-13,249.927,250.219,242.918,248.174,16257,,,-0.8403,hfq
2009-10-14,245.838,252.847,245.838,249.576,6493,,,0.5649,hfq
2009-10-15,249.810,252.204,243.444,246.948,17782,,,-1.0530,hfq
2009-10-16,246.714,247.006,242.217,243.444,26512,,,-1.4189,hfq
2009-10-19,243.677,245.838,241.399,242.684,34461,,,-0.3122,hfq
2009-10-20,243.502,244.962,240.056,242.217,87517,,,-0.1924,hfq
2009-10-21,242.626,252.204,242.626,248.583,60081,,,2.6282,hfq
2009-10-22,251.095,251.095,242.334,243.502,27520,,,-2.0440,hfq
2009-10-23,244.378,249.167,242.334,248.934,31146,,,2.2308,hfq
2009-10-26,249.109,253.957,249.109,252.438,24888,,,1.4076,hfq
2009-10-27,253.957,254.015,246.189,246.656,21103,,,-2.2905,hfq
2009-10-28,246.422,247.298,242.509,247.182,13339,,,0.2133,hfq
2009-10-29,245.254,251.095,242.918,246.013,19678,,,-0.4729,hfq
2009-10-30,248.116,254.716,245.838,254.482,33204,,,3.4425,hfq
2009-11-02,250.861,267.741,250.511,266.280,40100,,,4.6361,hfq
2009-11-03,266.280,268.208,260.440,266.981,26390,,,0.2633,hfq
2009-11-04,265.638,272.413,262.776,270.427,31395,,,1.2907,hfq
2009-11-05,271.537,271.946,265.755,266.339,11908,,,-1.5117,hfq
2009-11-06,266.806,271.595,264.528,267.624,26355,,,0.4825,hfq
2009-11-09,265.755,272.121,264.995,272.121,25118,,,1.6803,hfq
2009-11-10,274.516,278.663,269.201,273.464,12743,,,0.4935,hfq
2009-11-11,273.523,276.443,271.537,274.925,6645,,,0.5343,hfq
2009-11-12,274.925,281.174,273.289,276.852,13068,,,0.7009,hfq
2009-11-13,275.625,276.385,270.369,272.121,9588,,,-1.7089,hfq
2009-11-16,271.654,283.510,271.654,281.525,16797,,,3.4558,hfq
2009-11-17,283.160,283.218,277.670,282.167,11993,,,0.2280,hfq
2009-11-18,282.050,282.576,278.546,280.882,6506,,,-0.4554,hfq
2009-11-19,282.225,284.970,280.882,281.817,5676,,,0.3329,hfq
2009-11-20,281.817,287.190,279.130,282.459,7658,,,0.2278,hfq
2009-11-23,282.634,284.562,280.298,283.394,16504,,,0.3310,hfq
2009-11-24,284.328,284.854,265.696,270.427,24560,,,-4.5756,hfq
2009-11-25,271.537,278.546,270.486,278.487,11394,,,2.9805,hfq
2009-11-26,279.130,280.240,268.617,276.268,15079,,,-0.7968,hfq
2009-11-27,274.399,284.211,269.201,280.648,16519,,,1.5854,hfq
2009-11-30,279.422,291.979,279.422,290.227,14278,,,3.4132,hfq
2009-12-01,290.227,309.501,289.643,300.156,37106,,,3.4211,hfq
2009-12-02,300.448,306.522,295.951,296.827,13722,,,-1.1091,hfq
2009-12-03,296.827,299.572,293.731,294.841,7273,,,-0.6691,hfq
2009-12-04,294.841,303.953,293.147,295.192,12498,,,0.1190,hfq
2009-12-07,297.820,300.448,288.475,294.608,5691,,,-0.1978,hfq
2009-12-08,294.082,303.661,290.052,295.776,7206,,,0.3965,hfq
2009-12-09,294.316,300.740,287.891,289.293,6994,,,-2.1919,hfq
2009-12-10,289.059,291.687,286.839,289.234,7033,,,-0.0204,hfq
2009-12-11,288.475,292.855,287.307,290.227,13718,,,0.3433,hfq
2009-12-14,292.447,296.126,285.555,286.781,5631,,,-1.1873,hfq
2009-12-15,285.905,291.395,285.905,291.103,8866,,,1.5071,hfq
2009-12-16,291.103,291.278,287.190,289.059,3076,,,-0.7022,hfq
2009-12-17,290.986,290.986,280.356,286.431,3782,,,-0.9092,hfq
2009-12-18,286.139,286.139,278.546,278.721,8296,,,-2.6917,hfq
2009-12-21,277.962,282.284,277.962,280.765,5323,,,0.7333,hfq
2009-12-22,281.992,287.307,281.992,285.963,7067,,,1.8514,hfq
2009-12-23,286.022,290.110,283.218,289.701,3330,,,1.3072,hfq
2009-12-24,290.870,295.367,289.059,292.914,5688,,,1.1091,hfq
2009-12-25,293.147,305.705,291.454,304.829,9438,,,4.0677,hfq
2009-12-28,304.245,306.464,297.820,300.098,6534,,,-1.5520,hfq
2009-12-29,300.448,306.522,294.374,304.361,8391,,,1.4205,hfq
2009-12-30,303.661,305.938,297.528,304.537,12545,,,0.0578,hfq
2009-12-31,304.245,309.501,300.039,309.501,17625,,,1.6300,hfq
2010-01-04,306.639,309.501,294.958,300.740,11745,,,-2.8307,hfq
2010-01-05,297.937,300.740,284.970,290.461,20125,,,-3.4179,hfq
2010-01-06,291.103,293.439,287.307,289.059,19380,,,-0.4827,hfq
2010-01-07,288.358,290.110,283.218,285.671,11977,,,-1.1721,hfq
2010-01-08,286.431,292.797,283.802,290.811,10305,,,1.7993,hfq
2010-01-11,288.241,293.031,282.109,283.160,13431,,,-2.6309,hfq
2010-01-12,283.043,294.608,282.634,292.914,19625,,,3.4447,hfq
2010-01-13,287.365,294.724,286.314,293.147,14341,,,0.0795,hfq
2010-01-14,293.147,302.551,293.147,298.404,16082,,,1.7933,hfq
2010-01-15,298.404,300.740,294.023,294.432,9989,,,-1.3311,hfq
2010-01-18,294.199,296.827,289.059,295.425,14482,,,0.3373,hfq
2010-01-19,292.505,294.724,287.891,289.643,9253,,,-1.9572,hfq
2010-01-20,288.825,294.841,286.781,288.416,11453,,,-0.4236,hfq
2010-01-21,290.694,290.694,285.905,288.825,6408,,,0.1418,hfq
2010-01-22,286.197,288.825,277.436,282.284,7868,,,-2.2647,hfq
2010-01-25,280.765,283.218,278.663,282.459,6167,,,0.0620,hfq
2010-01-26,282.050,286.139,278.546,282.926,5807,,,0.1653,hfq
2010-01-27,280.298,286.139,275.100,280.356,18374,,,-0.9084,hfq
2010-01-28,278.254,286.139,274.457,285.613,15396,,,1.8751,hfq
2010-01-29,283.978,288.942,280.415,281.933,11237,,,-1.2885,hfq
2010-02-01,281.758,288.183,278.020,283.160,30729,,,0.4352,hfq
2010-02-02,283.218,286.372,281.466,281.525,17064,,,-0.5774,hfq
2010-02-03,281.349,282.926,269.201,277.144,27210,,,-1.5562,hfq
2010-02-04,277.378,282.342,271.946,278.020,25973,,,0.3161,hfq
2010-02-05,271.654,279.714,271.654,275.976,7213,,,-0.7352,hfq
2010-02-08,276.034,281.466,268.617,269.201,17053,,,-2.4549,hfq
2010-02-09,269.785,271.829,265.696,267.565,12953,,,-0.6077,hfq
2010-02-10,268.675,273.464,266.339,273.289,15581,,,2.1393,hfq
2010-02-11,271.829,278.838,270.135,276.794,23747,,,1.2825,hfq
2010-02-12,278.487,304.186,275.917,286.139,15135,,,3.3762,hfq
2010-02-22,286.723,290.753,286.139,286.723,9668,,,0.2041,hfq
2010-02-23,286.723,287.891,280.356,286.898,6300,,,0.0610,hfq
2010-02-24,286.664,297.528,284.094,293.731,14118,,,2.3817,hfq
2010-02-25,293.731,294.900,286.139,289.701,18182,,,-1.3720,hfq
2010-02-26,289.001,295.192,285.730,289.993,29327,,,0.1008,hfq
2010-03-02,291.979,294.783,284.970,286.606,8550,,,-1.1680,hfq
2010-03-03,286.606,290.811,284.970,287.248,9872,,,0.2240,hfq
2010-03-04,287.424,287.424,278.020,279.714,14845,,,-2.6228,hfq
2010-03-05,279.714,280.240,278.663,279.714,24685,,,0.0000,hfq
2010-03-08,279.480,285.263,279.188,281.232,5816,,,0.5427,hfq
2010-03-09,281.933,283.218,276.210,281.174,11024,,,-0.0206,hfq
2010-03-10,280.648,283.802,277.962,282.401,8843,,,0.4364,hfq
2010-03-11,280.940,283.101,278.546,279.597,3211,,,-0.9929,hfq
2010-03-12,278.604,280.882,271.420,271.771,22480,,,-2.7990,hfq
2010-03-15,272.997,273.114,265.988,266.456,14500,,,-1.9557,hfq
2010-03-16,269.084,270.194,267.040,269.142,5990,,,1.0080,hfq
2010-03-17,269.154,280.158,269.154,278.055,8457,,,3.3116,hfq
2010-03-18,278.125,278.336,266.070,277.144,7518,,,-0.3276,hfq
2010-03-19,276.864,280.228,273.990,279.597,11144,,,0.8851,hfq
2010-03-22,279.247,282.401,277.214,278.756,11640,,,-0.3008,hfq
2010-03-23,280.298,281.489,273.289,275.252,10157,,,-1.2570,hfq
2010-03-24,273.149,276.653,272.729,273.640,6897,,,-0.5856,hfq
2010-03-25,273.289,273.640,269.645,271.116,7232,,,-0.9224,hfq
2010-03-26,270.906,271.467,268.243,271.467,7885,,,0.1295,hfq
2010-03-29,271.747,278.756,268.173,278.336,35044,,,2.5303,hfq
2010-03-30,276.794,279.177,274.831,278.195,14302,,,-0.0507,hfq
2010-03-31,278.265,278.336,273.499,278.265,13584,,,0.0252,hfq
2010-04-01,278.616,284.503,275.882,282.331,27737,,,1.4612,hfq
2010-04-02,283.662,294.456,282.331,290.671,32831,,,2.9540,hfq
2010-04-06,290.741,294.526,286.956,290.110,9167,,,-0.1930,hfq
2010-04-07,290.180,295.577,287.307,295.227,17822,,,1.7638,hfq
2010-04-08,294.736,297.820,292.213,294.876,10305,,,-0.1189,hfq
2010-04-13,302.726,317.304,302.726,309.525,93980,,,4.9679,hfq
2010-04-14,309.665,332.864,302.796,328.799,51626,,,6.2270,hfq
2010-04-15,328.799,328.799,312.468,320.248,29798,,,-2.6007,hfq
2010-04-16,318.145,325.575,311.837,320.809,14442,,,0.1752,hfq
2010-04-19,320.598,323.612,312.328,321.510,15191,,,0.2185,hfq
2010-04-20,320.809,334.966,304.829,331.883,19697,,,3.2263,hfq
2010-04-21,330.341,336.228,325.855,332.233,11517,,,0.1055,hfq
2010-04-22,326.626,336.158,322.701,335.948,10911,,,1.1182,hfq
2010-04-23,335.177,338.471,329.920,332.023,9849,,,-1.1683,hfq
2010-04-26,331.532,334.966,324.173,326.275,11900,,,-1.7312,hfq
2010-04-27,320.949,325.715,314.641,320.809,18759,,,-1.6753,hfq
2010-04-28,315.412,325.855,315.412,324.804,8613,,,1.2453,hfq
2010-04-29,325.014,328.238,309.875,311.627,9944,,,-4.0569,hfq
2010-04-30,313.870,314.501,295.717,303.287,21459,,,-2.6763,hfq
2010-05-04,297.820,320.248,297.820,309.805,15758,,,2.1491,hfq
2010-05-05,310.576,318.075,306.931,311.697,30531,,,0.6107,hfq
2010-05-06,310.295,320.949,308.543,309.805,19420,,,-0.6070,hfq
2010-05-07,307.632,318.846,298.521,316.183,17388,,,2.0587,hfq
2010-05-10,310.436,315.272,301.675,309.174,8430,,,-2.2168,hfq
2010-05-11,313.239,315.482,302.025,305.179,9473,,,-1.2922,hfq
2010-05-12,304.829,307.562,293.474,293.685,21704,,,-3.7663,hfq
2010-05-13,294.316,304.759,294.316,302.586,15853,,,3.0308,hfq
2010-05-14,302.376,317.374,302.025,315.622,16691,,,4.3082,hfq
2010-05-17,313.239,320.108,309.525,310.576,13611,,,-1.5987,hfq
2010-05-18,309.034,314.290,297.890,303.567,12431,,,-2.2568,hfq
2010-05-19,303.707,311.837,298.591,308.333,9535,,,1.5700,hfq
2010-05-20,309.384,311.277,304.829,305.530,9882,,,-0.9091,hfq
2010-05-21,299.081,310.015,297.750,307.632,4919,,,0.6880,hfq
2010-05-24,306.651,320.178,306.651,316.043,9864,,,2.7341,hfq
2010-05-25,316.043,325.575,316.043,323.542,9491,,,2.3728,hfq
2010-05-26,322.210,323.542,313.940,315.482,6999,,,-2.4912,hfq
2010-05-27,313.730,325.715,306.581,322.771,8416,,,2.3104,hfq
2010-05-28,322.561,332.163,322.561,330.761,10398,,,2.4754,hfq
2010-05-31,331.392,342.396,322.981,323.612,14365,,,-2.1614,hfq
2010-06-01,323.612,331.322,315.342,318.706,13280,,,-1.5160,hfq
2010-06-02,317.444,320.949,308.754,313.239,13647,,,-1.7154,hfq
2010-06-03,313.940,323.051,313.940,317.444,12404,,,1.3424,hfq
2010-06-04,316.393,334.616,314.641,332.303,18779,,,4.6808,hfq
2010-06-07,327.607,351.087,327.257,347.162,32385,,,4.4715,hfq
2010-06-08,346.040,360.618,340.994,348.633,11462,,,0.4237,hfq
2010-06-09,347.232,356.343,347.232,354.100,11474,,,1.5681,hfq
2010-06-10,354.591,356.413,350.386,354.801,10256,,,0.1980,hfq
2010-06-11,353.820,357.184,339.872,346.881,24706,,,-2.2322,hfq
2010-06-17,346.881,346.881,314.641,319.477,74752,,,-7.9001,hfq
2010-06-18,317.444,317.444,301.394,307.702,75111,,,-3.6857,hfq
2010-06-21,304.829,307.632,298.170,305.179,49255,,,-0.8199,hfq
2010-06-22,305.530,310.786,303.076,306.861,37955,,,0.5512,hfq
2010-06-23,306.581,307.282,296.418,297.680,41716,,,-2.9919,hfq
2010-06-24,297.820,301.955,297.119,299.852,22733,,,0.7296,hfq
2010-06-25,299.923,299.923,282.751,285.695,56762,,,-4.7213,hfq
2010-06-29,282.961,289.199,274.551,278.896,43743,,,-2.3798,hfq
2010-06-30,274.621,280.298,268.944,277.284,69782,,,-0.5780,hfq
2010-07-01,276.794,278.546,261.795,262.426,40975,,,-5.3584,hfq
2010-07-02,262.426,266.631,248.128,265.439,43015,,,1.1481,hfq
2010-07-05,263.337,273.990,253.805,269.014,22277,,,1.3468,hfq
2010-07-06,269.014,272.869,264.739,269.014,18729,,,0.0000,hfq
2010-07-07,269.154,276.443,266.280,274.691,25283,,,2.1103,hfq
2010-07-08,275.392,279.667,268.383,269.785,26883,,,-1.7860,hfq
2010-07-09,271.187,283.802,264.879,276.794,31703,,,2.5980,hfq
2010-07-12,276.794,280.088,274.691,276.864,10359,,,0.0253,hfq
2010-07-13,277.494,282.401,274.971,277.074,15651,,,0.0758,hfq
2010-07-14,276.934,280.088,269.364,269.785,30918,,,-2.6307,hfq
2010-07-15,268.874,275.392,268.033,271.187,21018,,,0.5197,hfq
2010-07-16,269.785,272.448,262.145,271.887,15495,,,0.2581,hfq
2010-07-19,269.084,275.953,266.351,272.588,25777,,,0.2578,hfq
2010-07-20,272.658,282.751,272.658,281.630,22503,,,3.3171,hfq
2010-07-21,282.961,288.358,280.368,285.204,13581,,,1.2690,hfq
2010-07-22,285.204,287.867,281.209,285.765,12561,,,0.1967,hfq
2010-07-23,286.326,292.073,283.802,291.162,19081,,,1.8886,hfq
2010-07-26,290.811,301.955,288.708,300.764,22007,,,3.2978,hfq
2010-07-27,299.152,306.230,295.717,304.688,19177,,,1.3047,hfq
2010-07-28,304.829,306.581,300.483,304.899,20464,,,0.0693,hfq
2010-07-29,304.829,304.829,294.175,294.946,19124,,,-3.2644,hfq
2010-07-30,292.914,299.222,292.073,296.208,13299,,,0.4279,hfq
2010-08-02,295.367,303.427,293.825,302.586,17806,,,2.1532,hfq
2010-08-03,303.427,303.427,295.227,298.521,20895,,,-1.3434,hfq
2010-08-04,296.348,299.782,287.307,291.372,24972,,,-2.3948,hfq
2010-08-05,291.792,302.095,291.792,299.081,20203,,,2.6458,hfq
2010-08-06,297.820,301.324,293.264,300.273,14959,,,0.3986,hfq
2010-08-09,301.324,314.150,301.324,313.800,31368,,,4.5049,hfq
2010-08-10,315.903,324.453,306.791,310.366,35843,,,-1.0943,hfq
2010-08-11,310.085,313.449,307.282,312.118,16622,,,0.5645,hfq
2010-08-12,306.230,318.846,305.950,312.678,14092,,,0.1794,hfq
2010-08-13,315.342,318.846,308.473,316.673,19858,,,1.2777,hfq
2010-08-16,316.884,322.351,316.603,318.636,27655,,,0.6199,hfq
2010-08-17,318.566,318.566,310.506,313.239,24164,,,-1.6938,hfq
2010-08-18,313.309,313.940,308.473,309.104,38699,,,-1.3201,hfq
2010-08-19,309.104,311.697,303.217,304.128,30820,,,-1.6098,hfq
2010-08-20,304.128,304.759,292.353,293.545,32507,,,-3.4798,hfq
2010-08-23,293.685,293.685,287.657,290.110,28754,,,-1.1702,hfq
2010-08-24,291.512,298.030,290.180,291.302,24646,,,0.4109,hfq
2010-08-25,291.512,299.782,290.110,298.030,38709,,,2.3096,hfq
2010-08-26,297.820,301.394,294.175,301.324,44004,,,1.1053,hfq
2010-08-27,299.923,307.282,299.292,305.039,22132,,,1.2329,hfq
2010-08-30,305.109,313.870,302.726,313.379,33141,,,2.7341,hfq
2010-08-31,313.449,316.043,310.436,311.066,22728,,,-0.7381,hfq
2010-09-01,311.277,316.603,296.628,305.039,30685,,,-1.9375,hfq
2010-09-02,305.109,310.786,299.572,306.931,37524,,,0.6202,hfq
2010-09-03,306.581,313.590,306.581,311.908,23916,,,1.6215,hfq
2010-09-06,312.538,314.921,309.805,310.646,16168,,,-0.4046,hfq
2010-09-07,310.646,313.099,307.071,307.772,13595,,,-0.9252,hfq
2010-09-08,307.842,313.239,306.230,312.118,20138,,,1.4121,hfq
2010-09-09,312.188,330.200,312.118,323.612,46394,,,3.6826,hfq
2010-09-10,321.299,342.536,321.299,336.088,34118,,,3.8552,hfq
2010-09-13,337.770,338.401,325.855,330.761,46631,,,-1.5850,hfq
2010-09-14,330.621,346.951,326.906,343.097,45913,,,3.7296,hfq
2010-09-15,342.676,347.933,338.120,339.242,21706,,,-1.1236,hfq
2010-09-16,339.031,344.078,327.257,330.060,27360,,,-2.7066,hfq
2010-09-17,329.710,345.760,323.402,340.854,27121,,,3.2703,hfq
2010-09-20,341.134,341.975,334.336,340.854,18731,,,0.0000,hfq
2010-09-21,341.274,354.941,334.195,353.610,18104,,,3.7424,hfq
2010-09-27,352.488,355.642,347.652,354.591,21766,,,0.2774,hfq
2010-09-28,353.890,359.357,348.563,351.087,17244,,,-0.9882,hfq
2010-09-29,351.087,354.521,336.368,338.611,15080,,,-3.5535,hfq
2010-09-30,334.826,346.531,334.265,345.409,19262,,,2.0076,hfq
2010-10-08,345.830,354.451,345.550,353.960,19275,,,2.4756,hfq
2010-10-11,352.488,355.642,325.014,332.233,43349,,,-6.1383,hfq
2010-10-12,330.761,330.761,318.706,321.299,44483,,,-3.2911,hfq
2010-10-13,321.650,324.453,317.795,319.547,27042,,,-0.5453,hfq
2010-10-14,319.898,324.243,311.837,320.248,44783,,,0.2194,hfq
2010-10-15,320.108,322.841,288.568,313.449,59386,,,-2.1230,hfq
2010-10-18,308.333,319.547,299.292,317.935,49075,,,1.4312,hfq
2010-10-19,318.846,327.607,313.239,324.944,53463,,,2.2045,hfq
2010-10-20,322.351,337.770,318.145,331.883,75128,,,2.1354,hfq
2010-10-21,330.761,331.112,324.313,328.869,40244,,,-0.9082,hfq
2010-10-22,328.238,337.069,327.397,330.971,30825,,,0.6392,hfq
2010-10-25,331.462,341.274,331.462,339.662,28725,,,2.6259,hfq
2010-10-26,339.872,340.223,328.658,340.083,30349,,,0.1239,hfq
2010-10-27,340.643,351.437,338.120,339.102,33227,,,-0.2885,hfq
2010-10-28,338.471,338.471,325.014,336.088,28070,,,-0.8888,hfq
2010-10-29,332.864,334.966,322.631,334.826,26929,,,-0.3755,hfq
2010-11-01,331.392,344.638,331.392,343.377,32840,,,2.5539,hfq
2010-11-02,343.727,347.512,338.891,342.676,22332,,,-0.2041,hfq
2010-11-03,344.078,355.993,342.326,354.731,38251,,,3.5179,hfq
2010-11-04,354.731,354.731,350.386,353.470,29298,,,-0.3555,hfq
2010-11-05,354.591,358.656,351.857,353.960,27533,,,0.1386,hfq
2010-11-08,353.960,371.973,353.960,370.150,20497,,,4.5740,hfq
2010-11-09,369.800,380.944,363.352,373.725,31305,,,0.9658,hfq
2010-11-10,376.669,409.960,376.669,384.799,35390,,,2.9631,hfq
2010-11-11,392.298,396.223,374.776,381.224,40528,,,-0.9291,hfq
2010-11-12,376.038,390.055,360.899,382.346,62256,,,0.2943,hfq
2010-11-15,384.098,418.231,380.523,417.670,91139,,,9.2388,hfq
2010-11-16,423.627,451.172,411.712,436.243,115634,,,4.4468,hfq
2010-11-17,395.943,437.154,395.943,412.834,51860,,,-5.3660,hfq
2010-11-18,412.764,423.137,398.746,408.699,40257,,,-1.0016,hfq
2010-11-19,415.567,428.884,407.157,428.113,38169,,,4.7502,hfq
2010-11-22,428.183,441.500,415.077,420.473,33107,,,-1.7846,hfq
2010-11-23,420.824,423.978,411.923,413.605,12856,,,-1.6334,hfq
2010-11-24,409.960,439.958,409.960,432.949,21921,,,4.6769,hfq
2010-11-25,434.561,453.975,417.880,430.075,38332,,,-0.6638,hfq
2010-11-26,425.379,434.211,419.702,430.636,18608,,,0.1304,hfq
2010-11-29,430.846,437.645,414.165,425.309,43039,,,-1.2370,hfq
2010-11-30,429.445,429.445,406.526,414.165,36157,,,-2.6202,hfq
2010-12-01,410.100,416.759,401.550,401.970,13262,,,-2.9445,hfq
2010-12-02,405.334,409.750,395.242,398.676,39557,,,-0.8195,hfq
2010-12-03,398.746,406.946,393.840,395.873,43811,,,-0.7031,hfq
2010-12-06,394.541,401.199,390.686,396.083,29341,,,0.0530,hfq
2010-12-07,397.344,414.516,392.578,413.044,31638,,,4.2822,hfq
2010-12-08,414.586,415.567,408.558,411.572,11979,,,-0.3564,hfq
2010-12-09,413.324,415.567,400.358,411.993,14779,,,0.1023,hfq
2010-12-10,406.316,415.567,403.863,413.114,30359,,,0.2721,hfq
2010-12-13,414.376,427.482,412.413,416.058,16489,,,0.7126,hfq
2010-12-14,416.268,419.072,393.139,399.587,56469,,,-3.9588,hfq
2010-12-15,399.447,408.348,391.107,402.461,41744,,,0.7192,hfq
2010-12-16,402.251,406.105,398.956,400.498,17430,,,-0.4877,hfq
2010-12-17,397.344,402.180,391.037,392.438,32714,,,-2.0125,hfq
2010-12-20,393.139,398.466,387.532,391.457,30674,,,-0.2500,hfq
2010-12-21,391.457,395.592,382.276,385.640,44707,,,-1.4860,hfq
2010-12-22,387.462,389.565,381.575,388.794,26750,,,0.8179,hfq
2010-12-23,388.233,392.789,375.827,379.682,34220,,,-2.3437,hfq
2010-12-24,378.841,390.476,376.318,388.724,27205,,,2.3815,hfq
2010-12-27,388.443,394.471,383.327,390.756,27691,,,0.5227,hfq
2010-12-28,390.756,395.032,382.065,392.368,21688,,,0.4125,hfq
2010-12-29,393.139,401.199,392.438,400.709,20607,,,2.1258,hfq
2010-12-30,402.881,414.726,396.644,411.923,32710,,,2.7985,hfq
2010-12-31,416.268,423.137,410.311,420.894,38138,,,2.1778,hfq
2011-01-04,423.978,425.309,402.531,406.246,53872,,,-3.4802,hfq
2011-01-05,404.423,404.704,390.406,393.349,47651,,,-3.1747,hfq
2011-01-06,393.349,395.452,384.588,385.500,39924,,,-1.9954,hfq
2011-01-07,388.583,398.886,385.500,395.943,57380,,,2.7089,hfq
2011-01-10,397.835,397.835,374.776,374.916,52835,,,-5.3106,hfq
2011-01-11,374.916,374.916,357.394,359.427,46525,,,-4.1313,hfq
2011-01-12,360.969,363.001,351.297,355.432,27520,,,-1.1115,hfq
2011-01-13,357.394,362.721,355.993,358.165,49142,,,0.7689,hfq
2011-01-14,360.408,361.460,353.960,359.147,24020,,,0.2742,hfq
2011-01-17,359.147,360.759,339.943,345.269,37113,,,-3.8642,hfq
2011-01-18,340.573,351.087,337.069,345.760,38882,,,0.1422,hfq
2011-01-19,346.040,357.184,340.714,353.890,30684,,,2.3513,hfq
2011-01-20,353.890,354.661,340.083,344.849,18840,,,-2.5547,hfq
2011-01-21,351.087,351.787,332.864,336.508,20302,,,-2.4187,hfq
2011-01-24,335.878,339.102,325.505,329.009,48866,,,-2.2285,hfq
2011-01-25,329.079,337.630,328.658,328.799,36832,,,-0.0638,hfq
2011-01-26,331.392,336.368,327.958,329.640,39588,,,0.2558,hfq
2011-01-27,327.817,349.334,327.117,348.143,33584,,,5.6131,hfq
2011-01-28,346.881,351.507,344.779,349.615,39343,,,0.4228,hfq
2011-01-31,346.951,350.526,342.466,349.755,23461,,,0.0400,hfq
2011-02-01,346.180,350.386,332.023,349.755,53270,,,0.0000,hfq
2011-02-09,342.746,348.353,340.083,342.676,22646,,,-2.0240,hfq
2011-02-10,340.643,352.488,340.083,350.946,33772,,,2.4134,hfq
2011-02-11,350.386,357.955,347.092,356.343,31576,,,1.5378,hfq
2011-02-14,357.044,366.996,357.044,365.104,32071,,,2.4586,hfq
2011-02-15,365.104,367.908,359.147,363.282,36410,,,-0.4990,hfq
2011-02-16,362.721,367.207,359.427,361.389,34225,,,-0.5211,hfq
2011-02-17,362.301,377.019,355.923,366.926,56133,,,1.5321,hfq
2011-02-18,368.398,371.832,360.128,364.543,34213,,,-0.6494,hfq
2011-02-21,361.039,367.908,360.899,364.123,33929,,,-0.1152,hfq
2011-02-22,364.123,369.449,361.249,363.282,34325,,,-0.2310,hfq
2011-02-23,363.352,373.935,362.301,367.978,28703,,,1.2927,hfq
2011-02-24,368.328,379.122,364.403,374.776,49244,,,1.8474,hfq
2011-02-25,374.566,378.561,370.361,375.827,47324,,,0.2804,hfq
2011-02-28,374.916,378.351,365.104,367.557,30855,,,-2.2005,hfq
2011-03-01,368.118,370.781,360.899,364.333,25942,,,-0.8771,hfq
2011-03-02,364.263,364.263,351.998,352.068,55122,,,-3.3664,hfq
2011-03-03,353.820,360.058,345.480,347.652,33975,,,-1.2543,hfq
2011-03-04,347.722,353.820,346.180,349.404,25253,,,0.5040,hfq
2011-03-07,350.316,350.946,339.872,344.849,71241,,,-1.3036,hfq
2011-03-08,343.377,343.377,336.368,342.396,62275,,,-0.7113,hfq
2011-03-09,343.167,347.933,343.026,345.480,38822,,,0.9007,hfq
2011-03-10,346.811,352.208,346.741,349.194,41279,,,1.0750,hfq
2011-03-11,348.704,351.577,341.344,343.026,39327,,,-1.7664,hfq
2011-03-14,343.026,351.507,341.695,350.245,39107,,,2.1045,hfq
2011-03-15,350.245,360.829,338.611,356.343,58685,,,1.7411,hfq
2011-03-16,355.642,355.782,344.078,347.302,37391,,,-2.5372,hfq
2011-03-17,344.638,344.638,333.635,335.667,42874,,,-3.3501,hfq
2011-03-18,337.069,339.732,332.864,334.826,19805,,,-0.2505,hfq
2011-03-21,334.826,334.826,327.607,328.939,44008,,,-1.7582,hfq
2011-03-22,330.060,334.265,323.752,329.570,46830,,,0.1918,hfq
2011-03-23,329.359,335.667,329.359,334.686,29240,,,1.5523,hfq
2011-03-24,334.966,340.573,332.864,338.190,30766,,,1.0470,hfq
2011-03-28,338.120,340.643,320.178,322.210,86104,,,-4.7252,hfq
2011-03-29,322.351,325.645,319.898,321.860,37559,,,-0.1086,hfq
2011-03-30,324.103,324.173,320.108,321.510,40775,,,-0.1087,hfq
2011-03-31,321.720,326.346,321.720,324.874,21030,,,1.0463,hfq
2011-04-01,327.257,328.448,323.051,325.925,15464,,,0.3235,hfq
2011-04-06,324.523,326.976,321.299,324.944,28530,,,-0.3010,hfq
2011-04-07,323.752,323.752,315.061,320.388,49444,,,-1.4021,hfq
2011-04-08,320.598,327.607,317.444,326.976,34155,,,2.0563,hfq
2011-04-11,334.616,337.630,330.481,330.761,51270,,,1.1576,hfq
2011-04-12,332.653,336.508,330.901,333.495,48520,,,0.8266,hfq
2011-04-13,334.055,334.265,328.658,333.845,48801,,,0.1049,hfq
2011-04-14,332.233,336.719,330.761,333.354,23030,,,-0.1471,hfq
2011-04-15,334.265,336.578,331.392,334.686,20698,,,0.3996,hfq
2011-04-18,334.406,336.368,332.163,332.653,32690,,,-0.6074,hfq
2011-04-19,332.724,337.069,332.163,334.125,44487,,,0.4425,hfq
2011-04-20,335.597,343.938,334.406,342.886,68942,,,2.6221,hfq
2011-04-21,344.709,353.119,337.840,340.083,71922,,,-0.8175,hfq
2011-04-22,339.872,344.008,338.471,343.447,21330,,,0.9892,hfq
2011-04-25,344.428,348.984,343.727,345.480,51200,,,0.5919,hfq
2011-04-26,346.145,349.404,335.842,336.684,28600,,,-2.5460,hfq
2011-04-27,335.632,336.263,326.906,334.791,38921,,,-0.5622,hfq
2011-04-28,332.373,334.791,325.014,325.119,34351,,,-2.8890,hfq
2011-04-29,324.804,328.483,322.701,327.958,24994,,,0.8732,hfq
2011-05-03,326.906,339.312,326.170,335.422,36028,,,2.2759,hfq
2011-05-04,332.163,342.150,330.376,332.268,44976,,,-0.9403,hfq
2011-05-05,332.163,345.304,331.112,342.466,52112,,,3.0692,hfq
2011-05-06,341.835,353.189,338.471,349.825,55736,,,2.1488,hfq
2011-05-09,349.825,353.715,344.358,345.725,52235,,,-1.1720,hfq
2011-05-10,345.725,346.776,341.099,343.412,25187,,,-0.6690,hfq
2011-05-11,343.307,348.458,341.204,347.092,24935,,,1.0716,hfq
2011-05-12,344.779,348.669,342.676,344.884,26535,,,-0.6361,hfq
2011-05-13,345.935,346.671,341.309,344.568,22219,,,-0.0916,hfq
2011-05-16,343.622,352.663,340.679,349.510,43213,,,1.4343,hfq
2011-05-17,347.933,352.033,345.830,346.881,27345,,,-0.7522,hfq
2011-05-18,347.933,351.087,345.830,346.461,25545,,,-0.1211,hfq
2011-05-19,347.722,351.087,345.830,347.092,23415,,,0.1821,hfq
2011-05-20,347.092,356.028,346.250,349.510,43886,,,0.6966,hfq
2011-05-23,347.933,349.510,333.740,337.735,54248,,,-3.3690,hfq
2011-05-24,336.053,337.419,324.804,334.160,34606,,,-1.0585,hfq
2011-05-25,329.114,334.055,324.804,325.540,29708,,,-2.5796,hfq
2011-05-26,328.694,329.429,319.021,319.232,25710,,,-1.9377,hfq
2011-05-27,321.439,324.909,318.601,323.752,25258,,,1.4159,hfq
2011-05-30,323.332,327.958,318.601,325.329,17133,,,0.4871,hfq
2011-05-31,325.750,328.483,322.701,327.222,13369,,,0.5819,hfq
2011-06-01,327.222,329.009,324.278,327.958,15707,,,0.2249,hfq
2011-06-02,326.906,336.473,324.804,334.055,38623,,,1.8591,hfq
2011-06-03,332.163,336.473,330.376,334.896,43216,,,0.2518,hfq
2011-06-07,335.422,337.209,332.373,335.001,19005,,,0.0314,hfq
2011-06-08,335.001,335.317,327.958,330.270,23990,,,-1.4122,hfq
2011-06-09,329.219,330.060,319.442,319.547,57326,,,-3.2467,hfq
2011-06-10,321.124,326.591,319.757,323.332,47628,,,1.1845,hfq
2011-06-13,319.652,321.860,319.021,319.547,21636,,,-1.1706,hfq
2011-06-14,319.547,322.806,319.337,321.439,27761,,,0.5921,hfq
2011-06-15,325.750,327.222,320.388,321.439,15424,,,0.0000,hfq
2011-06-16,319.547,320.598,314.290,314.396,25254,,,-2.1911,hfq
2011-06-17,315.762,316.498,309.034,309.560,23431,,,-1.5382,hfq
2011-06-20,309.139,310.611,297.469,298.311,58875,,,-3.6339,hfq
2011-06-21,298.311,301.044,292.213,298.205,35545,,,-0.0355,hfq
2011-06-22,298.205,300.413,294.736,297.785,19214,,,-0.1408,hfq
2011-06-23,297.469,305.880,293.159,304.408,21422,,,2.2241,hfq
2011-06-24,303.567,314.290,301.675,313.449,25215,,,2.9700,hfq
2011-06-27,315.237,318.916,311.242,318.601,37107,,,1.6436,hfq
2011-06-28,318.601,319.021,312.293,315.342,13855,,,-1.0229,hfq
2011-06-29,315.342,319.127,313.134,315.552,16141,,,0.0666,hfq
2011-06-30,315.867,321.860,314.080,319.232,41671,,,1.1662,hfq
2011-07-01,319.337,321.545,317.550,318.601,22419,,,-0.1977,hfq
2011-07-04,319.862,328.168,319.862,327.117,28101,,,2.6729,hfq
2011-07-05,327.747,332.373,325.119,330.060,19324,,,0.8997,hfq
2011-07-06,330.060,332.478,327.747,331.006,16882,,,0.2866,hfq
2011-07-07,331.427,339.732,331.112,335.212,28066,,,1.2707,hfq
2011-07-08,335.317,337.419,330.060,332.163,42438,,,-0.9096,hfq
2011-07-11,331.112,334.686,325.329,333.319,60487,,,0.3480,hfq
2011-07-12,329.009,340.048,327.958,335.422,29479,,,0.6309,hfq
2011-07-13,334.265,341.940,332.163,340.573,29247,,,1.5357,hfq
2011-07-14,340.784,353.189,340.573,350.981,55485,,,3.0560,hfq
2011-07-15,350.351,361.389,348.984,360.653,46330,,,2.7557,hfq
2011-07-18,361.074,367.382,356.448,358.971,56971,,,-0.4664,hfq
2011-07-19,356.343,356.553,351.087,353.294,39422,,,-1.5815,hfq
2011-07-20,354.766,355.187,345.935,350.035,34128,,,-0.9225,hfq
2011-07-21,350.035,355.817,345.830,348.984,36777,,,-0.3003,hfq
2011-07-22,347.302,354.240,345.830,353.294,23140,,,1.2350,hfq
2011-07-25,350.035,357.815,338.471,341.414,43721,,,-3.3626,hfq
2011-07-26,340.573,344.253,337.419,339.312,23483,,,-0.6157,hfq
2011-07-27,336.999,346.145,335.422,343.202,19722,,,1.1464,hfq
2011-07-28,341.520,347.407,339.627,346.461,21967,,,0.9496,hfq
2011-07-29,346.776,351.507,343.727,345.830,22008,,,-0.1821,hfq
2011-08-01,349.299,349.510,339.522,339.627,23871,,,-1.7937,hfq
2011-08-02,338.471,339.732,334.055,339.522,37168,,,-0.0309,hfq
2011-08-03,338.471,338.996,333.740,334.581,31516,,,-1.4553,hfq
2011-08-04,334.791,338.155,333.004,335.317,17056,,,0.2200,hfq
2011-08-05,330.060,336.368,325.329,335.842,40335,,,0.1566,hfq
2011-08-08,331.532,335.317,319.862,334.160,65706,,,-0.5008,hfq
2011-08-09,319.862,338.891,319.862,328.063,63141,,,-1.8246,hfq
2011-08-10,330.691,335.317,328.168,333.004,43787,,,1.5061,hfq
2011-08-11,330.586,345.409,328.588,344.568,60833,,,3.4726,hfq
2011-08-12,345.304,354.556,344.884,351.612,60292,,,2.0443,hfq
2011-08-15,352.663,357.289,351.087,355.923,45022,,,1.2261,hfq
2011-08-16,355.817,355.817,344.779,346.881,48814,,,-2.5404,hfq
2011-08-17,345.935,348.458,336.158,339.207,52829,,,-2.2123,hfq
2011-08-18,338.996,339.312,335.317,335.737,21471,,,-1.0230,hfq
2011-08-19,330.060,339.312,330.060,333.740,21733,,,-0.5948,hfq
2011-08-22,332.163,336.894,330.165,332.794,20779,,,-0.2835,hfq
2011-08-23,334.055,341.520,332.163,340.679,36982,,,2.3693,hfq
2011-08-24,340.679,342.466,332.058,335.527,34602,,,-1.5123,hfq
2011-08-25,336.158,340.573,332.163,340.363,37850,,,1.4413,hfq
2011-08-26,339.417,340.153,334.055,334.160,33131,,,-1.8225,hfq
2011-08-29,335.317,335.317,326.906,329.009,29868,,,-1.5415,hfq
2011-08-30,331.742,335.317,328.483,330.060,31935,,,0.3194,hfq
2011-08-31,330.060,332.583,328.694,331.112,14764,,,0.3187,hfq
2011-09-01,330.060,330.060,322.386,323.647,25000,,,-2.2545,hfq
2011-09-02,322.701,325.014,319.442,321.124,27515,,,-0.7796,hfq
2011-09-05,319.547,321.229,318.496,320.073,17432,,,-0.3273,hfq
2011-09-06,319.547,322.175,314.290,317.550,12389,,,-0.7883,hfq
2011-09-07,319.757,326.065,319.547,325.329,18285,,,2.4497,hfq
2011-09-08,322.701,326.275,322.280,325.329,12578,,,0.0000,hfq
2011-09-09,325.855,330.060,321.650,322.175,18708,,,-0.9695,hfq
2011-09-13,322.070,322.701,314.396,319.547,14176,,,-0.8157,hfq
2011-09-14,319.652,324.068,318.496,321.334,30676,,,0.5592,hfq
2011-09-15,322.070,323.752,318.811,320.809,14776,,,-0.1634,hfq
2011-09-16,322.596,324.699,317.444,319.547,10385,,,-0.3934,hfq
2011-09-19,320.598,320.598,309.560,315.447,10609,,,-1.2831,hfq
2011-09-20,314.290,317.339,313.660,314.921,18009,,,-0.1667,hfq
2011-09-21,315.342,322.701,313.239,319.547,18074,,,1.4689,hfq
2011-09-22,318.391,320.598,314.396,314.606,14990,,,-1.5463,hfq
2011-09-23,311.978,318.496,308.613,310.821,30844,,,-1.2031,hfq
2011-09-26,305.459,311.662,299.572,303.882,24101,,,-2.2325,hfq
2011-09-27,305.565,309.034,303.882,308.613,23047,,,1.5569,hfq
2011-09-28,308.613,311.137,307.036,309.665,23345,,,0.3409,hfq
2011-09-29,306.931,309.875,304.724,306.090,14783,,,-1.1545,hfq
2011-09-30,306.931,309.875,304.829,309.665,10255,,,1.1680,hfq
2011-10-10,310.821,313.765,305.459,312.503,9251,,,0.9165,hfq
2011-10-11,316.919,318.706,309.034,312.188,23821,,,-0.1008,hfq
2011-10-12,313.239,314.290,307.457,312.924,33927,,,0.2358,hfq
2011-10-13,313.029,313.975,309.034,313.344,26877,,,0.1342,hfq
2011-10-14,312.924,312.924,307.983,310.190,13354,,,-1.0066,hfq
2011-10-17,310.506,312.503,308.298,310.295,11081,,,0.0339,hfq
2011-10-18,309.139,310.611,306.931,307.036,10122,,,-1.0503,hfq
2011-10-19,307.036,310.821,306.826,308.929,13654,,,0.6165,hfq
2011-10-20,306.931,309.770,300.413,302.095,14603,,,-2.2122,hfq
2011-10-21,307.247,307.247,295.367,295.787,29749,,,-2.0881,hfq
2011-10-24,295.577,301.990,292.633,299.362,22975,,,1.2086,hfq
2011-10-25,299.782,305.565,295.892,302.831,19080,,,1.1588,hfq
2011-10-26,301.780,310.506,301.675,307.142,21640,,,1.4236,hfq
2011-10-27,309.034,313.765,307.142,313.239,19134,,,1.9851,hfq
2011-10-28,313.134,316.603,308.824,314.501,30557,,,0.4029,hfq
2011-10-31,313.239,313.239,307.036,307.562,45638,,,-2.2064,hfq
2011-11-01,305.985,312.398,305.985,307.772,26432,,,0.0683,hfq
2011-11-02,305.880,319.547,304.829,318.285,57638,,,3.4158,hfq
2011-11-03,319.968,329.009,316.814,324.804,37869,,,2.0482,hfq
2011-11-04,328.063,332.163,321.650,325.119,17302,,,0.0970,hfq
2011-11-07,320.598,330.165,320.598,329.009,18643,,,1.1965,hfq
2011-11-08,331.217,331.637,325.329,328.694,15336,,,-0.0957,hfq
2011-11-09,330.060,331.006,320.073,327.852,13128,,,-0.2562,hfq
2011-11-10,322.175,329.009,321.755,328.168,21027,,,0.0964,hfq
2011-11-11,328.483,329.324,324.804,328.168,9851,,,0.0000,hfq
2011-11-14,329.219,333.319,329.219,332.794,16844,,,1.4096,hfq
2011-11-15,334.055,337.419,331.112,337.314,16416,,,1.3582,hfq
2011-11-16,337.314,340.258,322.701,329.219,27982,,,-2.3998,hfq
2011-11-17,329.009,333.214,327.011,328.378,19433,,,-0.2555,hfq
2011-11-18,325.434,327.958,317.339,320.388,34027,,,-2.4332,hfq
2011-11-21,321.019,322.386,317.970,321.439,8092,,,0.3280,hfq
2011-11-22,320.809,322.386,314.290,319.862,13087,,,-0.4906,hfq
2011-11-23,320.598,320.598,314.290,319.862,11165,,,0.0000,hfq
2011-11-24,319.442,333.109,316.393,330.691,35049,,,3.3855,hfq
2011-11-25,329.219,334.265,328.273,331.637,13407,,,0.2861,hfq
2011-11-28,331.637,338.996,325.014,336.999,30979,,,1.6168,hfq
2011-11-29,337.945,340.048,332.373,336.684,33827,,,-0.0935,hfq
2011-11-30,336.894,337.630,325.645,329.640,30133,,,-2.0922,hfq
2011-12-01,330.060,344.253,330.060,336.158,43758,,,1.9773,hfq
2011-12-02,333.109,338.786,330.165,337.945,23949,,,0.5316,hfq
2011-12-05,336.158,339.312,326.906,332.373,19070,,,-1.6488,hfq
2011-12-06,329.955,330.165,324.804,325.434,19138,,,-2.0877,hfq
2011-12-07,325.119,327.011,321.650,325.750,14781,,,0.0971,hfq
2011-12-08,324.804,332.163,319.337,331.847,16371,,,1.8717,hfq
2011-12-09,331.112,337.419,326.065,336.053,16313,,,1.2675,hfq
2011-12-12,330.165,335.948,324.804,326.486,31588,,,-2.8469,hfq
2011-12-13,325.119,328.168,315.342,321.229,49175,,,-1.6102,hfq
2011-12-14,321.124,321.124,309.560,315.762,27095,,,-1.7019,hfq
2011-12-15,312.398,316.078,308.088,312.819,10170,,,-0.9320,hfq
2011-12-16,309.349,315.342,306.931,314.185,17949,,,0.4367,hfq
2011-12-19,309.349,324.068,309.349,321.650,27842,,,2.3760,hfq
2011-12-20,331.112,335.001,318.496,322.596,34071,,,0.2941,hfq
2011-12-21,326.906,327.852,313.449,318.706,13788,,,-1.2058,hfq
2011-12-22,317.444,323.227,315.342,322.070,24988,,,1.0555,hfq
2011-12-23,322.070,324.804,317.550,321.334,19838,,,-0.2285,hfq
2011-12-26,318.285,322.701,315.973,318.285,16516,,,-0.9489,hfq
2011-12-27,317.444,320.388,306.406,307.877,29657,,,-3.2700,hfq
2011-12-28,306.721,313.029,305.880,307.983,20431,,,0.0344,hfq
2011-12-29,309.034,309.349,304.093,307.877,16551,,,-0.0344,hfq
2011-12-30,308.088,314.606,306.616,313.660,30929,,,1.8783,hfq
2012-01-04,314.290,316.919,302.726,303.252,11847,,,-3.3182,hfq
2012-01-05,298.941,303.777,283.802,288.008,38922,,,-5.0268,hfq
2012-01-06,288.218,290.531,280.018,283.277,33756,,,-1.6427,hfq
2012-01-09,284.328,293.264,273.289,292.213,43085,,,3.1545,hfq
2012-01-10,290.636,300.203,287.902,295.892,30371,,,1.2590,hfq
2012-01-11,295.367,298.416,292.213,295.367,22914,,,-0.1774,hfq
2012-01-12,295.367,297.049,290.636,291.897,19448,,,-1.1748,hfq
2012-01-13,294.210,294.841,285.590,285.905,22659,,,-2.0528,hfq
2012-01-16,283.172,285.800,276.969,277.494,14736,,,-2.9419,hfq
2012-01-17,278.651,287.797,265.930,277.705,73474,,,0.0760,hfq
2012-01-18,277.494,278.336,261.304,263.407,42776,,,-5.1486,hfq
2012-01-19,265.194,269.610,260.673,269.084,42475,,,2.1552,hfq
2012-01-20,269.084,289.795,269.084,284.643,49622,,,5.7822,hfq
2012-01-30,286.326,286.431,274.341,279.492,49424,,,-1.8096,hfq
2012-01-31,279.071,279.071,274.341,277.494,21468,,,-0.7149,hfq
2012-02-01,278.125,284.328,275.392,276.023,19412,,,-0.5301,hfq
2012-02-02,277.705,281.700,276.023,280.018,12900,,,1.4473,hfq
2012-02-03,280.123,283.277,277.074,281.595,31566,,,0.5632,hfq
2012-02-06,284.854,289.059,281.384,288.533,42250,,,2.4638,hfq
2012-02-07,285.905,287.587,280.648,283.066,31948,,,-1.8948,hfq
2012-02-08,282.856,286.431,279.177,283.697,48724,,,0.2229,hfq
2012-02-09,283.907,289.059,282.751,287.272,32804,,,1.2601,hfq
2012-02-10,286.536,287.797,282.541,284.118,34637,,,-1.0979,hfq
2012-02-13,280.754,288.533,279.282,287.902,63272,,,1.3318,hfq
2012-02-14,287.482,288.744,283.487,286.641,25252,,,-0.4380,hfq
2012-02-15,284.959,291.162,284.959,289.795,43093,,,1.1003,hfq
2012-02-16,288.218,297.259,288.008,294.105,66688,,,1.4873,hfq
2012-02-17,296.734,296.734,290.110,292.213,27096,,,-0.6433,hfq
2012-02-20,293.474,296.103,291.267,292.108,35534,,,-0.0359,hfq
2012-02-21,293.054,293.054,285.800,289.374,34408,,,-0.9360,hfq
2012-02-22,289.374,291.056,285.800,289.479,78068,,,0.0363,hfq
2012-02-23,291.477,294.421,289.269,290.741,54236,,,0.4360,hfq
2012-02-24,292.003,294.736,286.431,294.316,55301,,,1.2296,hfq
2012-02-27,294.316,297.890,291.792,296.523,74429,,,0.7499,hfq
2012-02-28,294.316,297.890,291.162,294.526,55110,,,-0.6735,hfq
2012-02-29,294.316,294.316,285.695,285.695,63637,,,-2.9984,hfq
2012-03-01,286.746,286.851,274.866,278.125,147257,,,-2.6497,hfq
2012-03-02,278.861,284.328,277.389,283.907,73376,,,2.0789,hfq
2012-03-05,284.854,285.379,277.284,278.336,72853,,,-1.9623,hfq
2012-03-06,279.071,280.648,276.969,277.705,53676,,,-0.2267,hfq
2012-03-07,276.969,284.749,275.392,284.013,64819,,,2.2715,hfq
2012-03-08,283.907,287.482,279.597,287.167,47768,,,1.1105,hfq
2012-03-09,287.167,287.272,282.541,286.010,38720,,,-0.4029,hfq
2012-03-12,286.326,294.631,286.326,292.949,61336,,,2.4261,hfq
2012-03-13,294.526,295.998,290.110,294.316,42413,,,0.4666,hfq
2012-03-14,294.841,301.570,286.431,288.008,63278,,,-2.1433,hfq
2012-03-15,288.849,296.628,288.849,293.369,61890,,,1.8614,hfq
2012-03-16,294.316,302.726,293.264,302.095,62860,,,2.9744,hfq
2012-03-19,302.095,304.408,298.521,299.677,41260,,,-0.8004,hfq
2012-03-20,298.521,299.467,292.739,293.054,34083,,,-2.2100,hfq
2012-03-21,293.264,295.892,289.690,293.054,20872,,,0.0000,hfq
2012-03-22,291.792,298.100,291.792,295.051,23690,,,0.6814,hfq
2012-03-23,295.262,296.208,289.059,292.844,22417,,,-0.7480,hfq
2012-03-26,294.526,296.944,291.162,294.631,12387,,,0.6102,hfq
2012-03-27,294.841,296.208,288.008,288.849,15555,,,-1.9625,hfq
2012-03-28,288.954,290.321,277.389,277.600,43032,,,-3.8944,hfq
2012-03-29,277.600,280.859,275.917,279.597,29728,,,0.7194,hfq
2012-03-30,280.648,284.959,279.071,279.912,14297,,,0.1127,hfq
2012-04-05,278.546,283.277,276.969,281.700,39773,,,0.6388,hfq
2012-04-06,280.228,284.433,279.597,279.912,27471,,,-0.6347,hfq
2012-04-09,279.807,280.964,276.969,278.966,13984,,,-0.3380,hfq
2012-04-10,279.387,280.333,276.443,280.018,9440,,,0.3771,hfq
2012-04-12,277.494,284.959,277.494,284.749,18156,,,1.6895,hfq
2012-04-13,285.379,287.061,282.856,285.695,21053,,,0.3322,hfq
2012-04-16,284.328,292.213,284.118,290.846,28628,,,1.8030,hfq
2012-04-17,291.162,294.841,288.113,292.739,38054,,,0.6509,hfq
2012-04-18,294.316,298.521,290.846,295.157,43623,,,0.8260,hfq
2012-04-19,295.262,295.367,289.269,290.951,23163,,,-1.4250,hfq
2012-04-20,290.951,292.213,287.902,290.636,31485,,,-0.1083,hfq
2012-04-23,290.426,294.316,287.167,288.323,16954,,,-0.7958,hfq
2012-04-24,289.585,291.582,281.489,288.849,19196,,,0.1824,hfq
2012-04-25,286.746,290.636,285.379,288.428,12202,,,-0.1458,hfq
2012-04-26,288.849,290.636,287.482,289.479,12197,,,0.3644,hfq
2012-04-27,289.479,289.479,285.905,287.692,24863,,,-0.6173,hfq
2012-05-02,290.636,296.208,290.321,295.367,43078,,,2.6678,hfq
2012-05-03,295.682,301.675,295.472,299.046,55782,,,1.2456,hfq
2012-05-04,298.836,303.357,298.836,299.257,55720,,,0.0706,hfq
2012-05-07,296.418,303.777,296.418,302.621,52052,,,1.1241,hfq
2012-05-08,301.675,303.252,300.623,301.570,31456,,,-0.3473,hfq
2012-05-09,298.626,300.308,294.316,296.313,35290,,,-1.7432,hfq
2012-05-10,298.521,303.777,294.841,302.621,40495,,,2.1288,hfq
2012-05-11,302.306,303.357,297.259,301.780,36440,,,-0.2779,hfq
2012-05-14,299.887,311.137,299.677,306.616,39865,,,1.6025,hfq
2012-05-15,303.041,307.772,303.041,304.724,36972,,,-0.6171,hfq
2012-05-16,303.777,307.772,302.831,305.985,30271,,,0.4138,hfq
2012-05-17,305.985,308.613,303.672,303.882,39305,,,-0.6873,hfq
2012-05-18,302.411,304.408,297.469,297.469,29172,,,-2.1104,hfq
2012-05-21,297.469,300.623,295.367,298.521,15500,,,0.3537,hfq
2012-05-22,298.836,301.464,297.049,300.623,23059,,,0.7041,hfq
2012-05-23,300.623,302.200,295.262,296.839,51394,,,-1.2587,hfq
2012-05-24,296.839,298.521,294.526,295.262,18484,,,-0.5313,hfq
2012-05-25,294.421,298.311,293.369,294.526,21614,,,-0.2493,hfq
2012-05-28,294.316,298.311,293.054,298.100,14582,,,1.2135,hfq
2012-05-29,305.775,305.775,296.755,300.918,22430,,,0.9453,hfq
2012-05-30,300.918,302.305,298.836,301.149,44611,,,0.0768,hfq
2012-05-31,299.993,309.244,299.993,307.163,27057,,,1.9970,hfq
2012-06-01,306.931,317.339,306.237,316.299,43156,,,2.9743,hfq
2012-06-04,312.945,325.203,311.557,316.183,67233,,,-0.0367,hfq
2012-06-05,318.496,323.468,312.482,317.918,53672,,,0.5487,hfq
2012-06-06,318.496,321.387,316.183,318.727,50159,,,0.2545,hfq
2012-06-07,318.843,319.537,313.870,316.992,39007,,,-0.5444,hfq
2012-06-08,315.720,318.149,313.986,317.108,17691,,,0.0366,hfq
2012-06-11,317.455,320.230,314.217,320.115,17686,,,0.9483,hfq
2012-06-12,319.421,332.373,316.183,330.292,36318,,,3.1792,hfq
2012-06-13,329.019,340.121,329.019,339.081,37826,,,2.6610,hfq
2012-06-14,337.577,341.740,332.720,336.768,24595,,,-0.6821,hfq
2012-06-15,338.040,340.353,332.836,335.033,24144,,,-0.5152,hfq
2012-06-18,334.917,339.312,334.686,339.196,32868,,,1.2426,hfq
2012-06-19,338.734,341.162,336.074,336.305,19599,,,-0.8523,hfq
2012-06-20,336.305,338.387,326.591,328.210,29177,,,-2.4070,hfq
2012-06-21,327.747,327.747,320.809,325.087,23128,,,-0.9515,hfq
2012-06-25,324.278,335.149,324.162,326.128,27905,,,0.3202,hfq
2012-06-26,328.904,328.904,322.543,326.244,26196,,,0.0356,hfq
2012-06-27,326.013,332.373,324.856,330.407,20323,,,1.2760,hfq
2012-06-28,331.332,338.734,328.904,336.999,33863,,,1.9951,hfq
2012-06-29,337.230,340.468,334.223,337.115,30824,,,0.0344,hfq
2012-07-02,335.033,340.468,332.142,339.312,32538,,,0.6517,hfq
2012-07-03,338.155,341.625,330.060,333.530,48092,,,-1.7040,hfq
2012-07-04,332.373,334.686,325.666,328.326,42396,,,-1.5603,hfq
2012-07-05,325.087,335.842,324.278,334.917,22267,,,2.0075,hfq
2012-07-06,336.883,341.162,331.679,339.659,47687,,,1.4159,hfq
2012-07-09,339.543,347.754,336.189,336.768,69623,,,-0.8511,hfq
2012-07-10,336.768,340.468,332.373,332.489,32095,,,-1.2706,hfq
2012-07-11,329.366,340.931,329.366,340.584,30813,,,2.4347,hfq
2012-07-12,342.665,361.400,342.203,349.026,74857,,,2.4787,hfq
2012-07-13,352.264,355.849,344.978,351.686,50858,,,0.7621,hfq
2012-07-16,352.611,356.427,340.815,343.359,50113,,,-2.3677,hfq
2012-07-17,342.087,348.910,340.006,346.597,29254,,,0.9430,hfq
2012-07-18,345.325,349.489,336.421,341.740,22251,,,-1.4013,hfq
2012-07-19,343.822,353.189,340.006,352.033,38280,,,3.0119,hfq
2012-07-20,350.645,360.706,348.679,356.774,39620,,,1.3467,hfq
2012-07-23,357.121,360.822,350.876,351.801,28306,,,-1.3939,hfq
2012-07-24,353.189,356.658,343.822,346.482,39040,,,-1.5119,hfq
2012-07-25,343.359,360.012,343.359,356.890,43446,,,3.0039,hfq
2012-07-26,356.427,358.856,350.876,351.108,26076,,,-1.6201,hfq
2012-07-27,350.876,351.108,335.842,336.305,81080,,,-4.2161,hfq
2012-07-30,333.992,337.693,331.217,336.305,57272,,,0.0000,hfq
2012-07-31,336.305,339.312,335.611,336.421,13941,,,0.0345,hfq
2012-08-01,335.958,346.366,335.958,340.815,16078,,,1.3061,hfq
2012-08-02,340.815,349.142,339.543,341.740,20616,,,0.2714,hfq
2012-08-03,341.625,346.135,338.849,344.400,20910,,,0.7784,hfq
2012-08-06,345.094,354.808,344.863,349.142,31460,,,1.3769,hfq
2012-08-07,346.829,354.230,346.829,351.570,20717,,,0.6954,hfq
2012-08-08,351.570,353.767,339.312,341.278,49854,,,-2.9274,hfq
2012-08-09,342.781,353.767,339.312,352.033,34308,,,3.1514,hfq
2012-08-10,351.917,362.209,349.951,359.318,41329,,,2.0694,hfq
2012-08-13,358.971,362.556,356.774,357.931,46736,,,-0.3860,hfq
2012-08-14,358.162,359.781,345.788,349.489,46292,,,-2.3586,hfq
2012-08-15,348.332,352.495,345.672,346.366,27792,,,-0.8936,hfq
2012-08-16,342.665,349.026,341.625,342.665,17662,,,-1.0685,hfq
2012-08-17,340.468,346.366,337.577,337.808,38019,,,-1.4174,hfq
2012-08-20,335.496,345.672,334.686,340.006,13713,,,0.6507,hfq
2012-08-21,338.502,350.298,337.924,345.094,23945,,,1.4964,hfq
2012-08-22,343.128,347.407,341.162,342.319,33446,,,-0.8041,hfq
2012-08-23,346.019,352.611,343.128,352.033,49295,,,2.8377,hfq
2012-08-24,356.427,362.094,352.380,354.924,87378,,,0.8212,hfq
2012-08-27,353.189,358.971,348.332,355.039,21639,,,0.0324,hfq
2012-08-28,355.502,356.658,349.835,352.033,21431,,,-0.8467,hfq
2012-08-29,348.679,364.754,348.679,355.849,29653,,,1.0840,hfq
2012-08-30,360.937,360.937,342.781,356.196,44723,,,0.0975,hfq
2012-08-31,356.080,358.393,348.795,352.380,41926,,,-1.0713,hfq
2012-09-03,353.305,358.971,347.985,357.237,42147,,,1.3783,hfq
2012-09-04,354.924,359.550,352.033,356.774,20505,,,-0.1296,hfq
2012-09-05,356.774,359.550,352.148,356.543,16454,,,-0.0647,hfq
2012-09-06,357.237,360.590,354.461,357.121,12344,,,0.1621,hfq
2012-09-07,355.271,373.658,354.693,368.917,42073,,,3.3031,hfq
2012-09-10,370.536,370.536,362.788,368.801,21961,,,-0.0314,hfq
2012-09-11,365.447,373.427,365.101,372.733,24401,,,1.0662,hfq
2012-09-12,373.890,378.168,362.788,368.339,28317,,,-1.1789,hfq
2012-09-13,368.339,372.386,362.788,364.522,15336,,,-1.0363,hfq
2012-09-14,367.182,371.230,362.441,366.835,26786,,,0.6345,hfq
2012-09-17,366.373,367.067,357.352,359.434,22066,,,-2.0175,hfq
2012-09-18,361.284,361.284,349.720,352.380,60750,,,-1.9625,hfq
2012-09-19,349.373,361.284,349.142,356.543,46744,,,1.1814,hfq
2012-09-20,353.189,356.312,350.298,350.876,28153,,,-1.5894,hfq
2012-09-21,349.720,353.652,343.359,348.216,26979,,,-0.7581,hfq
2012-09-24,342.550,354.230,341.740,349.720,18157,,,0.4319,hfq
2012-09-25,350.067,353.883,345.094,349.373,21568,,,-0.0992,hfq
2012-09-26,351.686,354.577,348.563,354.346,16019,,,1.4234,hfq
2012-09-27,354.346,359.087,351.454,354.346,40887,,,0.0000,hfq
2012-09-28,352.033,357.815,347.754,355.618,30525,,,0.3590,hfq
2012-10-08,355.502,355.618,350.645,353.420,16458,,,-0.6181,hfq
2012-10-09,355.849,363.597,354.114,362.903,23442,,,2.6832,hfq
2012-10-10,362.441,368.223,359.434,366.026,22729,,,0.8606,hfq
2012-10-11,364.754,364.754,359.897,361.169,26352,,,-1.3270,hfq
2012-10-12,362.672,365.910,355.502,358.162,12708,,,-0.8326,hfq
2012-10-15,359.434,364.175,355.502,364.060,20865,,,1.6467,hfq
2012-10-16,364.060,371.114,360.822,366.604,30586,,,0.6988,hfq
2012-10-17,367.413,368.223,363.597,366.141,9542,,,-0.1263,hfq
2012-10-18,367.992,369.958,360.128,362.325,35006,,,-1.0422,hfq
2012-10-19,363.019,364.060,353.883,357.121,25871,,,-1.4363,hfq
2012-10-22,355.733,358.393,354.346,356.196,21720,,,-0.2590,hfq
2012-10-23,356.774,357.931,347.638,351.108,53107,,,-1.4284,hfq
2012-10-24,350.761,354.577,348.795,351.223,14042,,,0.0328,hfq
2012-10-25,350.298,353.767,348.795,352.495,11610,,,0.3622,hfq
2012-10-26,352.495,352.495,343.359,349.604,16319,,,-0.8202,hfq
2012-10-29,349.257,350.414,343.128,347.407,17560,,,-0.6284,hfq
2012-10-30,346.482,354.346,344.285,346.829,21282,,,-0.1664,hfq
2012-10-31,346.019,352.842,345.210,352.611,28347,,,1.6671,hfq
2012-11-01,352.958,357.931,352.033,355.502,29065,,,0.8199,hfq
2012-11-02,354.461,357.699,346.250,352.033,20159,,,-0.9758,hfq
2012-11-05,352.033,358.046,349.720,355.618,19858,,,1.0184,hfq
2012-11-06,357.121,357.121,347.176,353.536,15937,,,-0.5855,hfq
2012-11-07,352.148,355.502,348.563,348.679,12956,,,-1.3738,hfq
2012-11-08,347.523,350.876,345.210,345.441,15262,,,-0.9286,hfq
2012-11-09,345.672,349.142,342.087,345.672,9703,,,0.0669,hfq
2012-11-12,345.557,347.407,333.876,337.924,27485,,,-2.2414,hfq
2012-11-13,338.271,338.387,331.217,334.455,20523,,,-1.0266,hfq
2012-11-14,334.686,341.393,334.686,338.618,21442,,,1.2447,hfq
2012-11-15,335.958,343.938,335.958,340.468,15094,,,0.5463,hfq
2012-11-16,339.427,342.434,332.951,340.121,17268,,,-0.1019,hfq
2012-11-19,338.734,341.625,335.496,336.768,18148,,,-0.9858,hfq
2012-11-20,335.496,340.815,334.108,335.380,14867,,,-0.4122,hfq
2012-11-21,336.652,340.468,332.489,336.768,11219,,,0.4139,hfq
2012-11-22,335.496,337.577,332.142,335.033,23048,,,-0.5152,hfq
2012-11-23,336.768,338.849,335.149,337.924,18789,,,0.8629,hfq
2012-11-26,335.727,341.393,335.264,340.468,8101,,,0.7528,hfq
2012-11-27,338.040,341.625,336.421,337.115,11727,,,-0.9848,hfq
2012-11-28,337.115,339.312,327.169,329.019,30016,,,-2.4016,hfq
2012-11-29,326.707,329.482,326.475,327.169,16414,,,-0.5623,hfq
2012-11-30,325.434,328.904,323.122,327.285,23749,,,0.0355,hfq
2012-12-03,327.169,328.326,322.196,322.659,27924,,,-1.4134,hfq
2012-12-04,323.122,324.162,312.482,319.537,61521,,,-0.9676,hfq
2012-12-05,320.577,327.863,315.142,325.203,54994,,,1.7732,hfq
2012-12-06,325.781,327.516,321.965,326.013,18252,,,0.2491,hfq
2012-12-07,326.128,334.108,324.625,333.992,31726,,,2.4474,hfq
2012-12-10,338.155,338.965,323.700,326.013,57143,,,-2.3890,hfq
2012-12-11,323.237,328.326,321.734,325.897,44150,,,-0.0356,hfq
2012-12-12,325.434,330.985,324.972,330.638,25437,,,1.4548,hfq
2012-12-13,327.863,334.455,326.707,332.836,23972,,,0.6648,hfq
2012-12-14,335.842,340.237,328.441,338.965,61508,,,1.8414,hfq
2012-12-17,335.842,340.468,327.169,328.326,75021,,,-3.1387,hfq
2012-12-18,328.557,329.945,325.897,327.747,51412,,,-0.1763,hfq
2012-12-19,327.979,329.713,327.053,328.441,46584,,,0.2117,hfq
2012-12-20,328.904,330.176,325.550,326.822,37174,,,-0.4929,hfq
2012-12-21,327.516,329.713,324.047,326.591,69603,,,-0.0707,hfq
2012-12-24,328.904,336.421,325.781,333.530,54985,,,2.1247,hfq
2012-12-25,333.530,346.250,331.911,344.631,68410,,,3.3283,hfq
2012-12-26,344.631,346.366,338.502,346.250,50143,,,0.4698,hfq
2012-12-27,346.250,349.142,342.897,346.713,49260,,,0.1337,hfq
2012-12-28,347.407,353.767,343.938,351.801,56064,,,1.4675,hfq
2012-12-31,352.033,354.346,342.550,353.189,105168,,,0.3945,hfq
2013-01-04,349.720,349.720,333.183,334.455,127544,,,-5.3042,hfq
2013-01-07,334.917,342.781,334.917,340.815,73746,,,1.9016,hfq
2013-01-08,341.046,349.257,338.849,346.019,68368,,,1.5269,hfq
2013-01-09,345.672,353.189,344.053,347.638,49977,,,0.4679,hfq
2013-01-10,347.407,349.489,340.468,344.863,62417,,,-0.7982,hfq
2013-01-11,344.400,346.250,338.849,344.863,37822,,,0.0000,hfq
2013-01-14,345.325,357.468,341.856,353.767,92496,,,2.5819,hfq
2013-01-15,354.461,355.271,350.414,352.842,68566,,,-0.2615,hfq
2013-01-16,352.495,364.869,350.992,361.169,83178,,,2.3600,hfq
2013-01-17,368.223,372.617,361.284,366.373,55051,,,1.4409,hfq
2013-01-18,367.413,375.162,360.359,370.651,54136,,,1.1677,hfq
2013-01-21,372.849,372.849,361.631,366.026,68350,,,-1.2478,hfq
2013-01-22,364.754,365.794,358.856,359.781,45633,,,-1.7062,hfq
2013-01-23,361.284,368.339,357.699,367.645,41425,,,2.1858,hfq
2013-01-24,367.645,371.808,363.713,367.645,47614,,,0.0000,hfq
2013-01-25,369.148,384.876,366.604,383.372,82356,,,4.2778,hfq
2013-01-28,384.413,392.393,382.100,389.617,80888,,,1.6290,hfq
2013-01-29,389.964,391.352,384.413,389.039,36305,,,-0.1484,hfq
2013-01-30,388.923,388.923,378.400,383.141,70894,,,-1.5160,hfq
2013-01-31,383.141,384.066,372.849,382.679,77577,,,-0.1206,hfq
2013-02-01,379.787,384.066,370.305,372.964,53899,,,-2.5387,hfq
2013-02-04,374.930,375.162,362.441,364.638,68957,,,-2.2324,hfq
2013-02-05,363.597,375.393,361.284,370.883,59505,,,1.7127,hfq
2013-02-06,370.998,382.100,369.495,381.291,44599,,,2.8063,hfq
2013-02-07,381.291,385.107,377.590,381.291,44129,,,0.0000,hfq
2013-02-08,381.522,389.849,380.481,384.182,52953,,,0.7582,hfq
2013-02-18,385.570,386.495,372.733,378.631,41236,,,-1.4449,hfq
2013-02-19,377.937,386.842,377.590,386.726,38705,,,2.1380,hfq
2013-02-20,385.570,404.651,384.645,400.719,116930,,,3.6183,hfq
2013-02-21,401.529,405.807,388.923,392.277,83396,,,-2.1067,hfq
2013-02-22,392.277,396.903,388.923,392.161,41920,,,-0.0296,hfq
2013-02-25,394.821,398.984,392.508,393.896,36899,,,0.4424,hfq
2013-02-26,391.583,402.801,386.842,387.998,51226,,,-1.4973,hfq
2013-02-27,388.114,391.352,379.209,383.025,42629,,,-1.2817,hfq
2013-02-28,384.413,390.542,383.257,386.148,47171,,,0.8154,hfq
2013-03-01,385.570,398.753,383.951,396.672,53829,,,2.7254,hfq
2013-03-04,395.053,412.168,395.053,398.291,95389,,,0.4081,hfq
2013-03-05,400.488,407.542,395.978,404.073,97760,,,1.4517,hfq
2013-03-06,407.542,411.011,397.712,397.828,80736,,,-1.5455,hfq
2013-03-07,399.331,400.372,387.767,390.889,43474,,,-1.7442,hfq
2013-03-08,391.121,396.209,387.883,390.889,44358,,,0.0000,hfq
2013-03-11,389.386,395.168,386.148,390.195,27941,,,-0.1775,hfq
2013-03-12,389.733,392.508,374.583,380.597,69403,,,-2.4598,hfq
2013-03-13,378.053,380.944,374.005,378.515,29484,,,-0.5470,hfq
2013-03-14,373.890,389.733,373.890,384.876,36560,,,1.6805,hfq
2013-03-15,383.372,393.665,382.100,386.610,31369,,,0.4505,hfq
2013-03-18,389.733,392.624,376.896,377.590,47587,,,-2.3331,hfq
2013-03-19,380.250,386.032,372.502,374.005,38597,,,-0.9494,hfq
2013-03-20,375.162,382.447,372.849,380.828,36495,,,1.8243,hfq
2013-03-21,381.753,389.386,375.393,386.726,47636,,,1.5487,hfq
2013-03-22,386.726,394.243,384.413,392.508,30618,,,1.4951,hfq
2013-03-25,395.631,395.978,384.413,386.957,32177,,,-1.4142,hfq
2013-03-26,386.726,388.692,378.631,384.991,18905,,,-0.5081,hfq
2013-03-27,384.413,390.774,382.100,389.849,35805,,,1.2618,hfq
2013-03-28,389.270,399.447,384.182,394.012,63198,,,1.0678,hfq
2013-03-29,395.862,398.869,392.277,393.780,34188,,,-0.0589,hfq
2013-04-01,393.433,395.284,379.903,380.481,72061,,,-3.3773,hfq
2013-04-02,381.522,388.923,367.067,368.339,131017,,,-3.1912,hfq
2013-04-03,372.155,372.155,360.128,362.325,67302,,,-1.6327,hfq
2013-04-08,375.162,385.338,369.379,374.005,177236,,,3.2236,hfq
2013-04-09,372.849,373.196,354.346,364.754,110870,,,-2.4735,hfq
2013-04-10,362.325,362.325,351.454,361.284,109216,,,-0.9513,hfq
2013-04-11,360.128,361.863,355.733,357.815,71491,,,-0.9602,hfq
2013-04-12,356.658,361.284,354.924,357.121,42374,,,-0.1940,hfq
2013-04-15,359.434,362.209,350.992,351.570,55849,,,-1.5544,hfq
2013-04-16,349.720,356.196,346.829,354.461,66112,,,0.8223,hfq
2013-04-17,354.230,358.856,352.264,357.121,58320,,,0.7504,hfq
2013-04-18,357.237,360.128,348.563,349.604,81501,,,-2.1049,hfq
2013-04-19,349.720,358.046,349.604,357.121,82188,,,2.1501,hfq
2013-04-22,357.005,369.379,356.658,367.067,91892,,,2.7851,hfq
2013-04-23,367.067,369.379,358.509,362.441,67365,,,-1.2603,hfq
2013-04-24,360.243,365.679,356.196,363.482,43276,,,0.2872,hfq
2013-04-25,357.237,357.237,346.597,352.495,136366,,,-3.0227,hfq
2013-04-26,352.033,360.937,349.720,357.584,56794,,,1.4437,hfq
2013-05-02,353.305,359.434,352.264,357.005,50212,,,-0.1619,hfq
2013-05-03,357.005,366.720,356.890,363.944,42399,,,1.9437,hfq
2013-05-06,363.944,374.930,363.597,370.998,42222,,,1.9382,hfq
2013-05-07,371.808,381.753,370.536,374.352,74787,,,0.9040,hfq
2013-05-08,375.046,381.406,371.692,378.515,56334,,,1.1121,hfq
2013-05-09,378.284,379.556,367.645,374.468,47173,,,-1.0692,hfq
2013-05-10,370.767,378.631,370.767,374.815,26366,,,0.0927,hfq
2013-05-13,375.162,376.202,370.073,370.767,26103,,,-1.0800,hfq
2013-05-14,371.114,374.005,364.175,369.611,43087,,,-0.3118,hfq
2013-05-15,368.107,376.781,364.869,376.087,35595,,,1.7521,hfq
2013-05-16,369.379,377.243,369.379,370.189,55272,,,-1.5683,hfq
2013-05-17,369.958,382.679,369.958,380.481,73303,,,2.7802,hfq
2013-05-20,379.787,379.787,352.033,362.788,253239,,,-4.6502,hfq
2013-05-21,358.393,360.128,352.611,358.278,167064,,,-1.2432,hfq
2013-05-22,358.393,358.740,345.094,346.829,236165,,,-3.1956,hfq
2013-05-23,347.523,351.570,344.978,350.992,125353,,,1.2003,hfq
2013-05-24,352.033,354.230,348.101,350.529,85131,,,-0.1319,hfq
2013-05-27,351.917,360.475,350.645,358.624,120726,,,2.3094,hfq
2013-05-28,358.856,361.284,355.849,359.665,74449,,,0.2903,hfq
2013-05-29,359.318,362.209,358.393,359.550,47536,,,-0.0320,hfq
2013-05-30,359.434,362.325,356.080,359.434,66842,,,-0.0323,hfq
2013-05-31,358.971,372.155,358.393,367.529,109250,,,2.2522,hfq
2013-06-03,367.413,376.202,366.951,369.032,86645,,,0.4089,hfq
2013-06-04,367.298,371.345,356.427,359.434,77459,,,-2.6009,hfq
2013-06-05,359.203,366.951,358.971,365.216,47623,,,1.6086,hfq
2013-06-06,364.985,367.645,358.740,358.971,43178,,,-1.7099,hfq
2013-06-07,362.209,367.043,355.595,361.446,54183,,,0.6895,hfq
2013-06-13,357.503,361.573,350.761,359.029,61443,,,-0.6687,hfq
2013-06-14,359.538,374.422,359.411,370.987,88848,,,3.3307,hfq
2013-06-17,371.114,377.729,368.570,375.439,80190,,,1.2000,hfq
2013-06-18,375.694,376.202,369.588,372.895,63581,,,-0.6776,hfq
2013-06-19,371.750,371.750,363.227,366.916,52986,,,-1.6034,hfq
2013-06-20,363.990,370.478,361.573,361.828,46753,,,-1.3867,hfq
2013-06-21,354.704,360.937,351.906,353.178,72671,,,-2.3906,hfq
2013-06-24,353.941,353.941,335.496,338.549,127493,,,-4.1421,hfq
2013-06-25,337.404,338.549,320.103,333.715,134390,,,-1.4279,hfq
2013-06-26,335.877,341.474,327.863,339.185,67675,,,1.6391,hfq
2013-06-27,339.185,351.015,339.185,344.400,63922,,,1.5375,hfq
2013-06-28,340.584,349.489,335.623,341.347,41308,,,-0.8865,hfq
2013-07-01,336.768,352.160,336.768,349.870,58886,,,2.4969,hfq
2013-07-02,350.506,369.842,350.506,368.443,151927,,,5.3085,hfq
2013-07-03,367.298,377.220,363.990,373.785,99639,,,1.4499,hfq
2013-07-04,367.171,370.605,363.863,365.644,62598,,,-2.1780,hfq
2013-07-05,366.026,373.913,363.482,366.535,61096,,,0.2437,hfq
2013-07-08,361.573,371.114,355.849,361.955,45328,,,-1.2495,hfq
2013-07-09,358.393,366.026,356.612,358.266,39992,,,-1.0192,hfq
2013-07-10,356.103,366.280,356.103,364.754,49411,,,1.8109,hfq
2013-07-11,365.899,378.747,365.390,376.330,66675,,,3.1736,hfq
2013-07-12,376.457,389.941,375.694,381.927,76899,,,1.4873,hfq
2013-07-15,381.927,419.581,381.927,419.581,125934,,,9.8590,hfq
2013-07-16,425.814,450.747,425.814,434.591,197312,,,3.5774,hfq
2013-07-17,433.447,444.514,428.994,435.864,144896,,,0.2929,hfq
2013-07-18,431.538,434.083,419.835,427.977,102522,,,-1.8095,hfq
2013-07-19,428.104,431.538,414.111,419.962,78635,,,-1.8728,hfq
2013-07-22,415.383,448.457,413.348,446.931,99239,,,6.4218,hfq
2013-07-23,444.641,449.729,436.372,438.789,102856,,,-1.8218,hfq
2013-07-24,438.281,448.712,427.468,445.913,122319,,,1.6236,hfq
2013-07-25,445.913,470.973,442.606,445.531,104349,,,-0.0857,hfq
2013-07-26,439.425,461.433,436.627,447.440,77708,,,0.4285,hfq
2013-07-29,440.061,469.065,437.136,451.129,110919,,,0.8245,hfq
2013-07-30,455.072,462.705,432.174,439.680,86423,,,-2.5379,hfq
2013-07-31,440.443,444.514,427.086,431.538,61582,,,-1.8518,hfq
2013-08-01,433.574,441.079,424.669,437.517,82249,,,1.3855,hfq
2013-08-02,437.136,437.517,429.630,437.136,62388,,,-0.0871,hfq
2013-08-05,437.008,452.782,431.793,449.475,73506,,,2.8227,hfq
2013-08-06,449.475,467.030,446.167,459.016,73151,,,2.1227,hfq
2013-08-07,463.341,463.722,447.440,456.471,50283,,,-0.5544,hfq
2013-08-08,451.892,474.153,451.892,471.355,70581,,,3.2607,hfq
2013-08-09,473.517,473.517,454.054,466.139,57925,,,-1.1066,hfq
2013-08-12,460.797,466.139,443.242,451.256,103018,,,-3.1928,hfq
2013-08-13,450.747,450.747,436.754,444.895,80404,,,-1.4096,hfq
2013-08-14,444.514,449.348,439.807,449.093,53648,,,0.9436,hfq
2013-08-15,447.821,447.821,421.616,422.761,170766,,,-5.8634,hfq
2013-08-16,419.072,439.680,407.878,408.386,110145,,,-3.4003,hfq
2013-08-19,409.277,426.323,408.641,424.542,96657,,,3.9561,hfq
2013-08-20,422.761,428.231,414.365,420.217,53144,,,-1.0187,hfq
2013-08-21,421.871,421.998,414.365,417.927,35736,,,-0.5450,hfq
2013-08-22,415.637,428.485,414.492,426.577,58725,,,2.0697,hfq
2013-08-23,424.542,444.514,424.415,437.390,93517,,,2.5348,hfq
2013-08-26,433.447,437.263,429.630,435.991,53535,,,-0.3199,hfq
2013-08-27,435.227,439.171,427.086,428.358,40814,,,-1.7507,hfq
2013-08-28,427.341,427.341,414.874,415.256,49282,,,-3.0587,hfq
2013-08-29,419.454,420.344,413.220,416.273,33444,,,0.2449,hfq
2013-08-30,414.492,418.690,411.312,413.220,33914,,,-0.7334,hfq
2013-09-02,412.203,414.620,396.683,411.058,87329,,,-0.5232,hfq
2013-09-03,413.093,425.560,408.641,423.397,50199,,,3.0018,hfq
2013-09-04,423.143,427.595,417.291,421.616,27988,,,-0.4206,hfq
2013-09-05,421.616,429.630,418.818,426.832,51986,,,1.2371,hfq
2013-09-06,430.266,432.174,422.379,426.323,49068,,,-0.1193,hfq
2013-09-09,426.577,427.468,418.436,422.507,49213,,,-0.8951,hfq
2013-09-10,421.998,423.143,408.895,410.931,95949,,,-2.7398,hfq
2013-09-11,411.185,418.690,402.916,415.637,67188,,,1.1452,hfq
2013-09-12,416.273,420.980,410.549,418.945,63772,,,0.7959,hfq
2013-09-13,417.545,424.288,408.132,419.708,67870,,,0.1821,hfq
2013-09-16,420.980,427.722,415.256,426.959,75740,,,1.7276,hfq
2013-09-17,425.178,426.832,414.111,419.708,65575,,,-1.6983,hfq
2013-09-18,418.436,427.722,414.111,419.581,52364,,,-0.0303,hfq
2013-09-23,420.471,443.751,415.637,441.461,121824,,,5.2147,hfq
2013-09-24,441.461,446.804,438.535,443.496,68800,,,0.4610,hfq
2013-09-25,440.443,442.606,432.811,436.118,53712,,,-1.6636,hfq
2013-09-26,436.627,462.832,433.447,461.560,133745,,,5.8337,hfq
2013-09-27,460.669,464.740,453.800,461.051,78383,,,-0.1103,hfq
2013-09-30,460.797,469.447,454.054,468.683,50953,,,1.6553,hfq
2013-10-08,464.994,474.408,455.835,458.380,61635,,,-2.1983,hfq
2013-10-09,459.524,460.797,449.348,456.344,52638,,,-0.4442,hfq
2013-10-10,448.712,449.348,436.245,439.298,106730,,,-3.7353,hfq
2013-10-11,438.535,451.256,436.500,449.729,53561,,,2.3745,hfq
2013-10-14,447.440,447.440,428.104,433.447,141482,,,-3.6204,hfq
2013-10-15,433.828,439.807,419.708,423.143,160323,,,-2.3772,hfq
2013-10-16,425.051,427.086,417.291,423.270,93290,,,0.0300,hfq
2013-10-17,423.906,434.464,423.906,430.648,83717,,,1.7431,hfq
2013-10-18,432.174,433.701,418.563,421.871,60783,,,-2.0381,hfq
2013-10-21,420.980,425.687,412.330,424.288,90989,,,0.5729,hfq
2013-10-22,423.906,431.538,420.726,429.121,66394,,,1.1391,hfq
2013-10-23,431.284,439.298,428.994,433.065,69752,,,0.9191,hfq
2013-10-24,433.319,435.355,419.454,419.581,54120,,,-3.1136,hfq
2013-10-25,418.563,421.998,408.259,413.348,61227,,,-1.4855,hfq
2013-10-28,413.093,416.655,405.079,414.111,24651,,,0.1846,hfq
2013-10-29,418.181,419.199,406.733,409.913,55481,,,-1.0137,hfq
2013-10-30,408.641,416.655,404.061,409.658,45082,,,-0.0622,hfq
2013-10-31,409.658,411.821,405.461,409.277,25332,,,-0.0930,hfq
2013-11-01,412.711,417.545,409.404,416.655,37973,,,1.8027,hfq
2013-11-04,414.365,418.054,393.630,399.609,86323,,,-4.0912,hfq
2013-11-05,394.012,400.245,383.072,398.973,77706,,,-0.1592,hfq
2013-11-06,396.556,397.828,386.379,387.651,49476,,,-2.8378,hfq
2013-11-07,387.778,394.012,386.761,390.577,32322,,,0.7548,hfq
2013-11-08,390.450,394.521,387.142,391.213,28900,,,0.1628,hfq
2013-11-11,387.651,404.825,385.234,401.899,50346,,,2.7315,hfq
2013-11-12,402.026,407.878,397.192,402.408,47382,,,0.1266,hfq
2013-11-13,401.899,402.280,394.775,398.718,27587,,,-0.9170,hfq
2013-11-14,398.846,413.856,397.828,410.676,43290,,,2.9991,hfq
2013-11-15,410.676,418.563,408.132,411.821,52158,,,0.2788,hfq
2013-11-18,412.966,419.072,409.658,418.054,64454,,,1.5135,hfq
2013-11-19,417.927,417.927,413.220,416.782,23798,,,-0.3043,hfq
2013-11-20,421.362,422.634,412.203,416.782,20271,,,0.0000,hfq
2013-11-21,413.348,433.319,413.348,431.411,95036,,,3.5100,hfq
2013-11-22,434.719,435.355,425.941,431.030,48918,,,-0.0883,hfq
2013-11-25,427.086,448.584,427.086,446.676,61890,,,3.6299,hfq
2013-11-26,444.895,456.090,439.680,440.697,67077,,,-1.3386,hfq
2013-11-27,443.623,446.549,432.302,442.351,35124,,,0.3753,hfq
2013-11-28,442.478,442.987,436.754,437.008,48658,,,-1.2079,hfq
2013-11-29,434.210,443.114,432.174,437.008,46958,,,0.0000,hfq
2013-12-02,432.174,435.991,422.634,425.178,44302,,,-2.7070,hfq
2013-12-03,420.598,441.970,420.598,440.570,24976,,,3.6201,hfq
2013-12-04,441.715,447.185,437.008,442.733,31232,,,0.4910,hfq
2013-12-05,439.553,449.729,435.355,445.786,31686,,,0.6896,hfq
2013-12-06,441.461,446.804,434.464,436.754,30790,,,-2.0261,hfq
2013-12-09,437.517,451.256,437.517,444.514,36004,,,1.7767,hfq
2013-12-10,442.987,451.256,440.189,445.023,40963,,,0.1145,hfq
2013-12-11,441.461,453.546,441.461,443.369,58121,,,-0.3717,hfq
2013-12-12,440.825,460.160,440.825,457.616,76617,,,3.2134,hfq
2013-12-13,450.238,470.846,450.238,463.977,97143,,,1.3900,hfq
2013-12-16,460.033,465.630,448.584,453.037,56595,,,-2.3579,hfq
2013-12-17,451.256,472.118,450.111,471.737,107854,,,4.1277,hfq
2013-12-18,471.737,482.931,469.447,474.026,87527,,,0.4852,hfq
2013-12-19,471.100,474.026,457.616,460.542,70113,,,-2.8446,hfq
2013-12-20,457.616,479.115,457.616,475.171,95591,,,3.1765,hfq
2013-12-23,479.242,501.631,473.009,493.998,140449,,,3.9622,hfq
2013-12-24,491.327,496.797,476.698,477.588,101742,,,-3.3219,hfq
2013-12-25,478.097,488.146,470.083,471.228,94698,,,-1.3317,hfq
2013-12-26,471.737,489.419,471.737,481.532,105048,,,2.1866,hfq
2013-12-27,481.532,488.274,476.698,481.913,49720,,,0.0791,hfq
2013-12-30,484.330,494.761,480.514,492.599,67887,,,2.2174,hfq
2013-12-31,483.058,494.507,483.058,489.164,67916,,,-0.6973,hfq
2014-01-02,489.291,511.044,488.146,502.903,78341,,,2.8087,hfq
2014-01-03,502.903,504.684,488.146,499.595,65572,,,-0.6578,hfq
2014-01-06,495.397,495.397,476.698,482.931,62723,,,-3.3355,hfq
2014-01-07,475.426,503.030,475.426,499.086,68591,,,3.3452,hfq
2014-01-08,505.320,505.320,489.291,499.468,36014,,,0.0765,hfq
2014-01-09,497.051,509.772,489.419,500.867,57489,,,0.2801,hfq
2014-01-10,499.595,505.956,485.602,486.111,52449,,,-2.9461,hfq
2014-01-13,486.111,489.291,471.609,477.588,48520,,,-1.7533,hfq
2014-01-14,476.698,484.076,467.284,474.281,55610,,,-0.6924,hfq
2014-01-15,474.662,502.139,474.662,501.122,39135,,,5.6593,hfq
2014-01-16,499.595,500.867,488.528,490.182,36824,,,-2.1831,hfq
2014-01-17,491.454,493.998,476.952,478.479,25834,,,-2.3875,hfq
2014-01-20,477.079,484.330,459.779,469.956,48401,,,-1.7813,hfq
2014-01-21,470.210,475.298,465.376,471.100,28621,,,0.2434,hfq
2014-01-22,472.245,481.404,467.284,481.150,35893,,,2.1333,hfq
2014-01-23,480.514,480.514,464.231,465.503,68688,,,-3.2520,hfq
2014-01-24,463.977,474.790,461.433,470.464,92177,,,1.0657,hfq
2014-01-27,469.065,470.210,455.072,464.994,52256,,,-1.1627,hfq
2014-01-28,467.030,474.153,460.033,468.175,61506,,,0.6841,hfq
2014-01-29,468.429,479.623,461.814,478.987,39850,,,2.3094,hfq
2014-01-30,476.062,486.111,471.864,482.676,26695,,,0.7702,hfq
2014-02-07,474.153,482.804,471.609,477.461,35077,,,-1.0804,hfq
2014-02-10,482.804,489.419,476.698,488.274,55744,,,2.2647,hfq
2014-02-11,485.348,501.503,483.185,490.563,68111,,,0.4688,hfq
2014-02-12,489.546,492.472,484.330,489.419,43390,,,-0.2332,hfq
2014-02-13,486.747,499.977,475.171,477.461,55687,,,-2.4433,hfq
2014-02-14,477.715,494.507,477.334,491.581,33004,,,2.9573,hfq
2014-02-17,494.507,501.758,482.549,490.563,51336,,,-0.2071,hfq
2014-02-18,486.238,486.238,472.373,473.263,58808,,,-3.5266,hfq
2014-02-19,473.517,481.786,463.977,471.991,62443,,,-0.2688,hfq
2014-02-20,471.609,479.242,465.249,471.100,35331,,,-0.1888,hfq
2014-02-21,471.609,483.058,470.973,477.843,60602,,,1.4313,hfq
2014-02-24,474.153,498.959,474.153,497.051,120746,,,4.0197,hfq
2014-02-25,496.415,500.231,476.698,482.931,58720,,,-2.8408,hfq
2014-02-26,484.330,484.330,467.920,480.260,62463,,,-0.5531,hfq
2014-02-27,476.698,478.097,441.715,445.913,177731,,,-7.1518,hfq
2014-02-28,437.899,472.245,434.719,465.376,95202,,,4.3648,hfq
2014-03-03,465.249,469.956,456.471,464.104,76944,,,-0.2733,hfq
2014-03-04,464.486,468.429,442.987,446.295,78846,,,-3.8373,hfq
2014-03-05,446.167,449.729,435.736,438.408,69818,,,-1.7672,hfq
2014-03-06,437.263,443.369,429.757,434.210,59025,,,-0.9576,hfq
2014-03-07,434.210,445.531,430.902,441.206,59330,,,1.6112,hfq
2014-03-10,440.697,449.984,434.083,441.079,51433,,,-0.0288,hfq
2014-03-11,437.008,467.157,437.008,462.577,77275,,,4.8740,hfq
2014-03-12,461.433,473.772,456.471,459.397,77793,,,-0.6875,hfq
2014-03-13,460.160,470.846,457.871,462.705,30744,,,0.7201,hfq
2014-03-14,463.214,463.214,450.620,451.892,24930,,,-2.3369,hfq
2014-03-17,455.454,461.178,449.729,454.309,37497,,,0.5349,hfq
2014-03-18,455.072,455.072,438.535,446.040,63910,,,-1.8201,hfq
2014-03-19,442.733,450.874,438.917,441.715,36519,,,-0.9696,hfq
2014-03-20,442.351,444.259,430.012,431.157,75842,,,-2.3902,hfq
2014-03-21,430.394,444.259,425.814,443.751,37352,,,2.9210,hfq
2014-03-24,439.807,444.768,434.846,441.970,31118,,,-0.4014,hfq
2014-03-25,441.842,444.005,434.973,440.825,21663,,,-0.2591,hfq
2014-03-26,440.697,451.001,438.662,444.641,20526,,,0.8656,hfq
2014-03-27,441.461,444.132,436.118,437.263,23161,,,-1.6593,hfq
2014-03-28,435.991,440.952,423.270,426.450,39599,,,-2.4729,hfq
2014-03-31,426.196,439.680,423.906,431.920,30489,,,1.2827,hfq
2014-04-01,430.775,437.263,424.542,429.630,46104,,,-0.5302,hfq
2014-04-02,429.630,429.630,419.835,422.507,59081,,,-1.6579,hfq
2014-04-03,424.796,430.012,421.998,427.977,40497,,,1.2947,hfq
2014-04-04,428.994,430.902,421.362,429.885,50122,,,0.4458,hfq
2014-04-08,429.630,451.637,428.358,447.948,72077,,,4.2018,hfq
2014-04-09,441.715,446.167,437.263,442.351,65807,,,-1.2495,hfq
2014-04-10,442.351,446.931,434.973,438.153,46757,,,-0.9490,hfq
2014-04-11,438.408,452.146,437.263,446.804,58545,,,1.9744,hfq
2014-04-14,445.150,455.072,442.987,447.058,37168,,,0.0568,hfq
2014-04-15,443.751,454.436,443.623,449.093,55522,,,0.4552,hfq
2014-04-16,450.111,450.365,442.351,448.712,22321,,,-0.0848,hfq
2014-04-17,447.440,448.712,440.443,441.588,21361,,,-1.5877,hfq
2014-04-18,438.789,446.040,438.662,442.478,10822,,,0.2015,hfq
2014-04-21,438.662,446.422,431.920,433.319,27405,,,-2.0699,hfq
2014-04-22,433.319,436.627,428.104,430.139,38391,,,-0.7339,hfq
2014-04-23,428.740,438.408,428.358,432.047,21376,,,0.4436,hfq
2014-04-24,431.666,433.065,426.832,428.231,19924,,,-0.8832,hfq
2014-04-25,427.977,429.885,420.471,421.489,28809,,,-1.5744,hfq
2014-04-28,420.853,425.305,412.839,417.037,54280,,,-1.0563,hfq
2014-04-29,413.729,421.998,413.729,418.054,23893,,,0.2439,hfq
2014-04-30,415.510,433.192,415.510,430.266,41385,,,2.9212,hfq
2014-05-05,429.630,432.429,424.542,430.394,27678,,,0.0297,hfq
2014-05-06,426.577,439.171,425.941,433.192,23747,,,0.6501,hfq
2014-05-07,430.012,434.083,430.012,431.538,15787,,,-0.3818,hfq
2014-05-08,430.902,437.899,428.358,428.485,23008,,,-0.7075,hfq
2014-05-09,432.683,440.316,428.994,439.425,53909,,,2.5532,hfq
2014-05-12,440.316,442.224,434.337,436.627,37239,,,-0.6367,hfq
2014-05-13,436.372,438.408,433.701,436.627,16098,,,0.0000,hfq
2014-05-14,437.899,443.369,437.899,442.606,33282,,,1.3694,hfq
2014-05-15,447.669,447.669,436.754,440.252,19366,,,-0.5318,hfq
2014-05-16,442.351,448.788,437.034,439.553,22026,,,-0.1588,hfq
2014-05-19,434.515,438.153,426.399,435.495,38666,,,-0.9232,hfq
2014-05-20,436.754,440.952,432.556,438.573,17097,,,0.7068,hfq
2014-05-21,434.375,443.051,432.556,439.972,30143,,,0.3190,hfq
2014-05-22,439.553,448.788,439.553,444.310,20420,,,0.9860,hfq
2014-05-23,444.310,455.784,444.310,454.105,37020,,,2.2045,hfq
2014-05-26,461.662,461.662,448.788,449.348,23365,,,-1.0476,hfq
2014-05-27,448.368,457.464,447.948,450.327,27482,,,0.2179,hfq
2014-05-28,450.047,454.525,447.948,450.887,18304,,,0.1244,hfq
2014-05-29,454.805,466.139,454.805,460.122,44980,,,2.0482,hfq
2014-05-30,461.941,462.501,457.604,460.402,20691,,,0.0609,hfq
2014-06-03,458.303,470.197,458.303,467.958,27404,,,1.6412,hfq
2014-06-04,468.938,470.197,457.743,459.842,24278,,,-1.7343,hfq
2014-06-05,459.842,473.136,458.023,471.597,34163,,,2.5563,hfq
2014-06-06,471.737,478.453,466.139,467.259,43085,,,-0.9199,hfq
2014-06-09,470.197,478.733,467.539,476.074,32308,,,1.8865,hfq
2014-06-10,473.136,479.433,468.378,477.614,34493,,,0.3235,hfq
2014-06-11,473.276,483.351,473.276,482.931,28936,,,1.1132,hfq
2014-06-12,482.931,482.931,477.054,478.313,26723,,,-0.9562,hfq
2014-06-13,477.054,482.371,473.696,473.975,45831,,,-0.9069,hfq
2014-06-16,473.835,478.033,467.539,469.218,43438,,,-1.0036,hfq
2014-06-17,469.078,472.436,464.740,466.279,35855,,,-0.6264,hfq
2014-06-18,467.259,479.013,465.859,474.255,34944,,,1.7106,hfq
2014-06-19,474.535,476.774,467.259,468.378,25855,,,-1.2392,hfq
2014-06-20,468.938,471.317,463.481,468.098,25540,,,-0.0598,hfq
2014-06-23,468.938,477.334,467.679,476.074,41117,,,1.7039,hfq
2014-06-24,480.132,480.132,475.235,476.214,27722,,,0.0294,hfq
2014-06-25,476.214,476.214,461.941,466.979,35418,,,-1.9393,hfq
2014-06-26,468.938,469.638,461.662,465.440,32981,,,-0.3296,hfq
2014-06-27,465.440,467.119,461.941,463.621,25697,,,-0.3908,hfq
2014-06-30,464.600,471.737,464.600,471.177,32115,,,1.6298,hfq
2014-07-01,472.156,475.934,466.699,473.835,27995,,,0.5641,hfq
2014-07-02,476.634,477.334,467.539,468.938,29370,,,-1.0335,hfq
2014-07-03,468.938,475.655,467.818,474.115,30534,,,1.1040,hfq
2014-07-04,473.556,473.696,466.139,466.699,26812,,,-1.5642,hfq
2014-07-07,466.279,468.798,464.460,464.740,18009,,,-0.4198,hfq
2014-07-08,463.341,470.757,460.542,466.699,49592,,,0.4215,hfq
2014-07-09,467.399,467.399,445.150,450.047,84403,,,-3.5680,hfq
2014-07-10,450.047,454.665,446.689,449.767,31720,,,-0.0622,hfq
2014-07-11,451.167,457.044,449.628,453.825,30356,,,0.9022,hfq
2014-07-14,456.344,462.921,453.266,459.703,34104,,,1.2952,hfq
2014-07-15,465.580,465.580,457.184,463.061,40665,,,0.7305,hfq
2014-07-16,461.382,467.679,449.348,449.767,65626,,,-2.8709,hfq
2014-07-17,449.348,453.126,447.109,451.167,29505,,,0.3113,hfq
2014-07-18,449.348,453.546,448.228,451.587,33594,,,0.0931,hfq
2014-07-21,453.406,459.703,451.587,458.583,35211,,,1.5492,hfq
2014-07-22,458.583,463.621,458.583,461.662,33398,,,0.6714,hfq
2014-07-23,461.941,463.341,456.204,456.904,19243,,,-1.0306,hfq
2014-07-24,456.904,466.139,455.784,458.863,31278,,,0.4288,hfq
2014-07-25,463.621,465.580,453.825,459.003,28664,,,0.0305,hfq
2014-07-28,459.842,463.621,413.805,459.703,77844,,,0.1525,hfq
2014-07-29,459.003,463.760,456.624,461.801,48713,,,0.4564,hfq
2014-07-30,459.423,473.136,459.423,472.296,65329,,,2.2726,hfq
2014-07-31,471.597,475.934,464.880,469.638,38231,,,-0.5628,hfq
2014-08-01,469.358,484.050,467.679,477.614,79767,,,1.6983,hfq
2014-08-04,481.672,491.047,475.235,478.593,55765,,,0.2050,hfq
2014-08-05,479.433,479.433,467.679,471.597,57629,,,-1.4618,hfq
2014-08-06,468.938,476.634,468.938,471.876,50200,,,0.0592,hfq
2014-08-07,474.255,474.255,467.539,469.078,39829,,,-0.5930,hfq
2014-08-08,471.037,474.395,468.658,470.337,30245,,,0.2684,hfq
2014-08-11,470.337,477.753,470.337,477.054,41298,,,1.4281,hfq
2014-08-12,473.136,482.651,473.136,481.392,48358,,,0.9093,hfq
2014-08-13,481.811,485.590,474.675,480.692,43369,,,-0.1454,hfq
2014-08-14,477.893,481.811,473.975,476.914,25385,,,-0.7860,hfq
2014-08-15,481.252,487.129,476.214,484.750,43024,,,1.6431,hfq
2014-08-18,486.429,495.525,486.429,493.566,46110,,,1.8187,hfq
2014-08-19,494.125,496.644,489.088,491.886,43448,,,-0.3404,hfq
2014-08-20,490.347,492.726,486.009,486.849,43050,,,-1.0240,hfq
2014-08-21,489.508,490.767,485.450,489.787,26271,,,0.6035,hfq
2014-08-22,487.129,494.125,487.129,489.088,23948,,,-0.1427,hfq
2014-08-25,489.228,496.364,487.269,487.269,43406,,,-0.3719,hfq
2014-08-26,485.869,492.026,485.869,489.368,26899,,,0.4308,hfq
2014-08-27,490.207,491.886,481.252,481.392,31939,,,-1.6299,hfq
2014-08-28,481.392,482.651,475.095,481.252,31025,,,-0.0291,hfq
2014-08-29,482.791,487.968,476.774,480.832,39114,,,-0.0873,hfq
2014-09-01,481.532,486.709,477.194,484.190,53672,,,0.6984,hfq
2014-09-02,487.129,487.269,480.132,484.050,46727,,,-0.0289,hfq
2014-09-03,483.910,492.166,483.910,489.927,60047,,,1.2141,hfq
2014-09-04,489.648,489.648,482.651,487.269,76389,,,-0.5425,hfq
2014-09-05,488.248,492.446,481.252,488.668,71664,,,0.2871,hfq
2014-09-09,487.968,487.968,480.972,482.511,83217,,,-1.2600,hfq
2014-09-10,480.132,485.030,478.453,482.371,46979,,,-0.0290,hfq
2014-09-11,480.272,483.770,475.794,476.914,52983,,,-1.1313,hfq
2014-09-12,477.054,482.231,476.914,481.672,54483,,,0.9977,hfq
2014-09-15,477.194,482.091,477.194,480.972,52185,,,-0.1453,hfq
2014-09-16,482.231,491.327,480.692,481.951,94289,,,0.2035,hfq
2014-09-17,481.532,506.299,480.832,505.320,129192,,,4.8488,hfq
2014-09-18,507.559,526.309,506.719,520.292,129593,,,2.9629,hfq
2014-09-19,520.292,526.309,513.016,526.029,71529,,,1.1027,hfq
2014-09-22,522.251,533.726,515.255,522.531,55902,,,-0.6650,hfq
2014-09-23,526.729,539.323,520.292,535.545,88090,,,2.4906,hfq
2014-09-24,531.906,541.422,530.227,540.162,81294,,,0.8621,hfq
2014-09-25,543.101,543.101,526.449,532.186,84441,,,-1.4766,hfq
2014-09-26,533.026,537.783,529.528,535.125,44384,,,0.5523,hfq
2014-09-29,535.125,537.224,523.651,532.746,51481,,,-0.4446,hfq
2014-09-30,532.606,534.285,524.910,525.889,45428,,,-1.2871,hfq
2014-10-08,526.309,557.514,520.992,552.896,120357,,,5.1355,hfq
2014-10-09,552.196,565.490,548.698,551.357,87677,,,-0.2784,hfq
2014-10-10,545.899,556.954,541.702,548.978,33203,,,-0.4315,hfq
2014-10-13,547.998,563.391,537.224,560.872,55510,,,2.1666,hfq
2014-10-14,556.954,560.312,543.241,551.077,36660,,,-1.7464,hfq
2014-10-15,543.800,557.094,543.800,552.196,40492,,,0.2031,hfq
2014-10-16,549.398,564.090,536.104,537.504,50999,,,-2.6606,hfq
2014-10-17,537.504,545.620,527.709,542.681,48094,,,0.9632,hfq
2014-10-20,542.681,550.097,534.005,535.125,44325,,,-1.3923,hfq
2014-10-21,538.483,553.875,537.504,546.879,54049,,,2.1965,hfq
2014-10-22,546.879,549.678,537.504,541.702,32080,,,-0.9466,hfq
2014-10-23,542.121,551.217,534.705,537.224,34732,,,-0.8267,hfq
2014-10-24,537.504,543.101,533.306,539.323,22997,,,0.3907,hfq
2014-10-27,534.425,552.896,534.005,552.756,45486,,,2.4907,hfq
2014-10-28,551.077,561.292,548.698,558.773,59366,,,1.0885,hfq
2014-10-29,559.613,561.432,552.196,559.193,73518,,,0.0752,hfq
2014-10-30,558.073,568.708,556.814,560.872,67880,,,0.3003,hfq
2014-10-31,561.432,573.046,547.439,552.196,51261,,,-1.5469,hfq
2014-11-03,552.756,554.435,545.899,548.698,42393,,,-0.6335,hfq
2014-11-04,548.978,548.978,536.104,544.360,78430,,,-0.7906,hfq
2014-11-05,552.896,561.012,544.640,547.159,68576,,,0.5142,hfq
2014-11-06,551.497,559.193,550.097,554.295,52338,,,1.3042,hfq
2014-11-07,556.114,558.353,537.364,540.442,87725,,,-2.4992,hfq
2014-11-10,538.903,540.302,533.026,538.763,63646,,,-0.3107,hfq
2014-11-11,539.043,544.500,533.306,543.661,84320,,,0.9091,hfq
2014-11-12,541.702,559.053,539.743,557.374,59993,,,2.5223,hfq
2014-11-13,555.695,555.695,538.203,542.821,59992,,,-2.6110,hfq
2014-11-14,540.442,547.998,535.405,541.422,37732,,,-0.2577,hfq
2014-11-17,572.346,572.346,531.906,536.104,108523,,,-0.9822,hfq
2014-11-18,537.504,542.401,536.104,539.463,53940,,,0.6266,hfq
2014-11-19,540.302,547.019,538.763,543.521,42737,,,0.7522,hfq
2014-11-20,539.043,542.541,524.910,528.268,74999,,,-2.8063,hfq
2014-11-21,528.828,534.005,524.210,528.268,55428,,,0.0000,hfq
2014-11-24,528.268,529.248,510.917,515.115,207858,,,-2.4898,hfq
2014-11-25,515.395,526.309,510.637,519.033,131318,,,0.7606,hfq
2014-11-26,519.313,521.412,503.920,514.695,181681,,,-0.8358,hfq
2014-11-27,511.617,513.296,503.920,511.197,165050,,,-0.6796,hfq
2014-11-28,508.118,508.818,502.801,506.299,156105,,,-0.9581,hfq
2014-12-01,504.340,526.169,499.723,524.210,192576,,,3.5376,hfq
2014-12-02,521.831,525.050,515.115,521.412,149186,,,-0.5338,hfq
2014-12-03,521.412,529.388,510.357,527.709,191672,,,1.2077,hfq
2014-12-04,528.128,541.702,528.128,535.964,176351,,,1.5643,hfq
2014-12-05,537.504,539.323,514.415,531.347,235662,,,-0.8614,hfq
2014-12-08,524.910,525.610,511.057,520.152,176081,,,-2.1069,hfq
2014-12-09,522.111,523.371,508.118,508.398,214271,,,-2.2597,hfq
2014-12-10,512.316,533.026,511.617,524.770,157560,,,3.2203,hfq
2014-12-11,523.511,531.766,517.354,525.610,128828,,,0.1601,hfq
2014-12-12,528.268,542.821,517.913,534.005,118210,,,1.5972,hfq
2014-12-15,536.804,558.773,534.145,554.015,186078,,,3.7472,hfq
2014-12-16,553.176,558.773,542.401,549.957,96343,,,-0.7325,hfq
2014-12-17,552.616,552.616,529.807,531.627,146078,,,-3.3330,hfq
2014-12-18,534.425,536.804,524.910,536.384,77416,,,0.8948,hfq
2014-12-19,535.964,541.841,523.371,530.367,93233,,,-1.1218,hfq
2014-12-22,528.408,529.108,509.518,520.712,91283,,,-1.8204,hfq
2014-12-23,520.432,523.231,513.716,514.555,82063,,,-1.1824,hfq
2014-12-24,514.835,520.572,511.197,518.053,60606,,,0.6798,hfq
2014-12-25,517.913,523.930,516.514,520.292,60935,,,0.4322,hfq
2014-12-26,520.292,523.930,512.456,521.971,114381,,,0.3227,hfq
2014-12-29,520.992,532.746,515.814,521.971,86723,,,0.0000,hfq
2014-12-30,522.391,534.425,520.712,528.268,99043,,,1.2064,hfq
2014-12-31,525.050,534.705,523.371,531.627,91741,,,0.6359,hfq
2015-01-05,531.627,555.415,524.910,549.678,131527,,,3.3954,hfq
2015-01-06,549.398,582.281,544.640,561.152,174777,,,2.0874,hfq
2015-01-07,560.592,565.350,548.418,555.555,71088,,,-0.9974,hfq
2015-01-08,558.493,572.486,556.114,559.473,86168,,,0.7052,hfq
2015-01-09,562.131,578.363,554.575,555.555,124714,,,-0.7003,hfq
2015-01-12,553.316,572.906,545.899,569.688,88035,,,2.5439,hfq
2015-01-13,567.029,583.401,567.029,570.247,68357,,,0.0981,hfq
2015-01-14,569.688,575.285,554.435,555.135,60988,,,-2.6501,hfq
2015-01-15,555.555,563.950,545.340,552.756,72157,,,-0.4285,hfq
2015-01-16,551.217,555.555,547.299,551.637,68470,,,-0.2024,hfq
2015-01-19,545.899,572.346,541.282,552.896,123324,,,0.2282,hfq
2015-01-20,547.998,562.691,546.599,558.353,93546,,,0.9870,hfq
2015-01-21,560.592,580.882,559.892,577.664,118751,,,3.4586,hfq
2015-01-22,578.083,602.991,578.083,594.455,150925,,,2.9067,hfq
2015-01-23,597.534,601.871,587.599,592.916,71140,,,-0.2589,hfq
2015-01-26,593.196,607.469,592.776,601.032,87431,,,1.3688,hfq
2015-01-27,600.192,608.868,591.796,596.834,68627,,,-0.6985,hfq
2015-01-28,592.216,599.772,580.882,582.981,53130,,,-2.3211,hfq
2015-01-29,578.783,585.080,571.087,577.943,56325,,,-0.8642,hfq
2015-01-30,580.462,586.199,569.688,576.824,44025,,,-0.1936,hfq
2015-02-02,571.087,597.394,571.087,595.015,93159,,,3.1536,hfq
2015-02-03,601.871,602.991,583.681,586.759,60246,,,-1.3875,hfq
2015-02-04,588.298,590.397,576.824,577.803,38151,,,-1.5264,hfq
2015-02-05,580.882,584.800,566.889,568.568,54659,,,-1.5983,hfq
2015-02-06,568.288,580.602,566.189,569.688,51956,,,0.1970,hfq
2015-02-09,578.083,583.681,568.288,578.643,51478,,,1.5719,hfq
2015-02-10,578.643,589.278,573.885,578.783,73303,,,0.0242,hfq
2015-02-11,579.483,587.179,576.824,583.541,33926,,,0.8221,hfq
2015-02-12,583.960,587.179,575.705,585.500,33091,,,0.3357,hfq
2015-02-13,588.158,589.138,569.967,574.725,67901,,,-1.8403,hfq
2015-02-16,575.005,589.278,569.688,583.820,59261,,,1.5825,hfq
2015-02-17,585.779,590.677,584.660,585.919,34528,,,0.3595,hfq
2015-02-25,585.919,586.199,573.186,576.264,50338,,,-1.6478,hfq
2015-02-26,575.285,579.762,571.087,578.083,41343,,,0.3157,hfq
2015-02-27,579.483,579.902,571.087,571.926,55175,,,-1.0651,hfq
2015-03-02,573.746,574.025,562.691,566.889,106514,,,-0.8807,hfq
2015-03-03,569.688,576.684,565.630,568.288,115558,,,0.2468,hfq
2015-03-04,573.746,594.875,569.827,592.636,164683,,,4.2844,hfq
2015-03-05,587.878,614.885,585.360,606.209,154821,,,2.2903,hfq
2015-03-06,607.469,609.428,592.216,599.493,62558,,,-1.1079,hfq
2015-03-09,590.817,608.308,586.199,602.431,94067,,,0.4901,hfq
2015-03-10,597.953,613.766,597.953,609.428,63622,,,1.1615,hfq
2015-03-11,611.667,622.581,604.670,617.404,74625,,,1.3088,hfq
2015-03-12,617.684,627.339,607.749,608.588,62819,,,-1.4279,hfq
2015-03-13,599.073,611.387,595.575,606.769,61015,,,-0.2989,hfq
2015-03-16,606.769,615.165,595.994,608.588,107696,,,0.2998,hfq
2015-03-17,607.189,614.465,594.875,600.192,148943,,,-1.3796,hfq
2015-03-18,600.052,609.148,593.476,608.868,118060,,,1.4455,hfq
2015-03-19,608.728,608.728,594.315,598.653,103540,,,-1.6777,hfq
2015-03-20,597.953,624.260,588.998,624.120,219913,,,4.2541,hfq
2015-03-23,624.820,642.451,624.120,625.799,120276,,,0.2690,hfq
2015-03-24,623.281,624.820,606.069,618.803,151668,,,-1.1179,hfq
2015-03-25,613.066,643.291,611.806,639.513,169116,,,3.3468,hfq
2015-03-26,636.714,649.588,629.857,639.932,93092,,,0.0655,hfq
2015-03-27,639.932,640.072,621.182,629.578,79924,,,-1.6180,hfq
2015-03-30,629.857,643.850,621.462,638.813,90677,,,1.4669,hfq
2015-03-31,648.048,668.758,634.755,652.246,162635,,,2.1028,hfq
2015-04-01,652.106,695.345,650.567,685.410,153760,,,5.0846,hfq
2015-04-02,685.550,698.423,673.236,684.990,107436,,,-0.0613,hfq
2015-04-03,679.952,690.727,674.075,689.468,79507,,,0.6537,hfq
2015-04-07,695.625,699.683,683.451,694.225,118820,,,0.6900,hfq
2015-04-08,694.365,712.136,690.027,696.744,168239,,,0.3629,hfq
2015-04-09,693.945,706.819,672.956,698.003,125707,,,0.1807,hfq
2015-04-10,697.024,730.607,692.826,723.471,123519,,,3.6487,hfq
2015-04-13,720.812,777.764,720.812,756.494,199340,,,4.5645,hfq
2015-04-14,756.774,784.480,740.402,749.358,113408,,,-0.9433,hfq
2015-04-15,749.358,790.777,741.941,770.627,121393,,,2.8383,hfq
2015-04-16,776.784,832.336,764.190,778.183,176973,,,0.9805,hfq
2015-04-17,778.183,798.613,757.194,769.648,190268,,,-1.0968,hfq
2015-04-20,797.774,818.623,755.934,759.573,166788,,,-1.3090,hfq
2015-04-21,772.306,800.572,762.791,798.613,174696,,,5.1397,hfq
2015-04-22,801.552,842.271,801.552,821.422,153528,,,2.8561,hfq
2015-04-23,833.875,834.015,803.511,812.046,120616,,,-1.1414,hfq
2015-04-24,797.774,821.422,788.258,804.210,133120,,,-0.9650,hfq
2015-04-27,806.589,822.681,789.937,807.848,155409,,,0.4524,hfq
2015-04-28,792.876,804.770,783.781,784.060,128660,,,-2.9446,hfq
2015-04-29,783.781,802.811,783.781,799.872,89391,,,2.0167,hfq
2015-04-30,804.770,813.026,799.872,804.910,95306,,,0.6299,hfq
2015-05-04,806.869,808.828,785.180,788.258,81235,,,-2.0688,hfq
2015-05-05,790.637,817.224,788.258,803.651,133515,,,1.9528,hfq
2015-05-06,804.770,836.954,804.770,813.586,137210,,,1.2362,hfq
2015-05-07,809.248,818.763,790.777,797.214,80194,,,-2.0123,hfq
2015-05-08,796.374,803.231,785.180,800.572,97562,,,0.4212,hfq
2015-05-11,800.572,826.179,783.781,820.162,178250,,,2.4470,hfq
2015-05-12,821.562,836.674,817.084,834.995,164513,,,1.8085,hfq
2015-05-13,835.555,851.787,817.504,821.841,120258,,,-1.5753,hfq
2015-05-14,814.565,831.077,807.289,815.265,109826,,,-0.8002,hfq
2015-05-15,815.964,819.882,785.320,791.617,109113,,,-2.9007,hfq
2015-05-18,790.497,797.494,772.866,788.258,117041,,,-0.4243,hfq
2015-05-19,787.699,804.490,771.187,800.572,140112,,,1.5622,hfq
2015-05-20,801.272,818.483,790.777,812.606,176415,,,1.5032,hfq
2015-05-21,813.166,841.991,804.770,841.432,174261,,,3.5474,hfq
2015-05-22,853.746,863.681,832.756,844.650,140926,,,0.3824,hfq
2015-05-25,841.152,856.264,828.278,851.087,210032,,,0.7621,hfq
2015-05-26,851.647,917.554,843.251,901.742,281208,,,5.9518,hfq
2015-05-27,895.725,959.813,880.332,948.198,234610,,,5.1518,hfq
2015-05-28,937.704,951.697,854.865,858.363,184155,,,-9.4743,hfq
2015-05-29,860.322,904.960,847.029,885.230,173327,,,3.1300,hfq
2015-06-01,892.926,924.130,878.793,922.591,163013,,,4.2205,hfq
2015-06-02,923.011,925.110,881.732,904.260,181711,,,-1.9869,hfq
2015-06-03,904.680,904.820,865.220,869.837,160489,,,-3.8068,hfq
2015-06-04,874.455,877.534,798.753,837.234,217305,,,-3.7482,hfq
2015-06-05,853.186,874.735,845.070,860.322,169864,,,2.7577,hfq
2015-06-08,860.322,860.322,820.302,838.073,186350,,,-2.5861,hfq
2015-06-09,846.889,871.377,829.957,838.493,177912,,,0.0501,hfq
2015-06-10,838.353,873.056,831.217,863.261,165577,,,2.9539,hfq
2015-06-11,863.960,888.028,850.527,881.592,182377,,,2.1235,hfq
2015-06-12,881.592,888.448,861.442,881.312,138584,,,-0.0318,hfq
2015-06-15,885.188,894.465,840.802,844.622,141146,,,-4.1631,hfq
2015-06-16,828.068,847.169,794.779,803.693,180381,,,-4.8458,hfq
2015-06-17,809.150,824.612,803.511,818.427,172665,,,1.8333,hfq
2015-06-18,809.150,816.972,783.501,787.685,157865,,,-3.7562,hfq
2015-06-19,787.139,806.239,768.948,770.585,167177,,,-2.1709,hfq
2015-06-23,772.586,836.254,745.300,832.070,235066,,,7.9790,hfq
2015-06-24,816.608,839.892,810.787,830.069,176905,,,-0.2405,hfq
2015-06-25,829.887,829.887,778.589,782.227,130787,,,-5.7636,hfq
2015-06-26,772.768,784.956,716.194,737.114,198836,,,-5.7673,hfq
2015-06-29,754.395,780.044,701.278,756.942,327163,,,2.6900,hfq
2015-06-30,750.757,831.707,736.204,818.791,331935,,,8.1709,hfq
2015-07-01,821.702,858.993,817.518,822.793,323867,,,0.4888,hfq
2015-07-02,836.254,853.536,790.959,811.333,246460,,,-1.3928,hfq
2015-07-03,826.977,838.983,731.293,766.219,353839,,,-5.5605,hfq
2015-07-06,835.345,835.345,699.823,800.600,379693,,,4.4871,hfq
2015-07-07,772.586,817.700,727.836,765.855,413370,,,-4.3399,hfq
2015-07-08,690.181,690.181,690.181,690.181,302000,,,-9.8810,hfq
2015-07-09,690.181,758.397,635.609,758.397,512450,,,9.8838,hfq
2015-07-10,818.973,833.344,779.681,833.344,345491,,,9.8823,hfq
2015-07-13,834.435,885.552,818.427,879.912,523467,,,5.5881,hfq
2015-07-14,855.900,887.735,839.892,843.713,324676,,,-4.1139,hfq
2015-07-15,825.340,830.433,771.677,774.951,220825,,,-8.1499,hfq
2015-07-16,774.951,825.885,774.951,812.060,198110,,,4.7886,hfq
2015-07-17,820.064,863.177,818.063,851.353,170683,,,4.8387,hfq
2015-07-20,851.353,863.541,824.066,841.166,153090,,,-1.1966,hfq
2015-07-21,822.429,841.530,813.698,833.344,108414,,,-0.9299,hfq
2015-07-22,833.344,859.902,828.250,844.076,156185,,,1.2878,hfq
2015-07-23,841.712,854.445,828.978,847.533,155499,,,0.4096,hfq
2015-07-24,847.533,854.081,816.972,819.519,155092,,,-3.3054,hfq
2015-07-27,799.872,808.422,742.571,744.936,183782,,,-9.1008,hfq
2015-07-28,730.201,803.693,690.727,796.780,356490,,,6.9595,hfq
2015-07-29,793.506,833.162,774.405,826.977,196092,,,3.7899,hfq
2015-07-30,819.882,834.253,783.137,787.321,128956,,,-4.7953,hfq
2015-07-31,796.234,835.345,796.234,825.885,195056,,,4.8981,hfq
2015-08-03,821.338,871.545,809.514,871.181,306757,,,5.4845,hfq
2015-08-04,870.453,893.556,854.809,879.912,203740,,,1.0022,hfq
2015-08-05,880.094,886.279,844.986,861.176,110602,,,-2.1293,hfq
2015-08-06,848.078,877.002,845.532,857.356,78780,,,-0.4436,hfq
2015-08-07,863.541,875.365,852.808,859.357,88402,,,0.2334,hfq
2015-08-10,859.902,918.113,854.627,915.749,199354,,,6.5621,hfq
2015-08-11,913.748,913.748,876.274,889.372,182318,,,-2.8804,hfq
2015-08-12,876.456,892.282,861.358,862.813,121750,,,-2.9863,hfq
2015-08-13,860.084,870.817,847.169,863.541,89229,,,0.0844,hfq
2015-08-14,868.634,875.547,857.720,860.994,96512,,,-0.2949,hfq
2015-08-17,846.077,877.184,839.529,871.545,98344,,,1.2254,hfq
2015-08-18,873.546,878.275,819.519,852.080,144237,,,-2.2334,hfq
2015-08-19,836.436,876.456,830.433,875.183,157604,,,2.7114,hfq
2015-08-20,863.541,866.451,841.348,842.621,104042,,,-3.7206,hfq
2015-08-21,836.436,839.892,800.782,803.329,164155,,,-4.6631,hfq
2015-08-24,772.586,788.958,723.834,729.474,288110,,,-9.1936,hfq
2015-08-25,709.100,783.501,708.918,735.840,207490,,,0.8727,hfq
2015-08-26,753.668,794.415,737.660,786.775,169872,,,6.9220,hfq
2015-08-27,792.596,808.058,764.218,802.055,169390,,,1.9421,hfq
2015-08-28,792.232,823.157,787.503,817.154,126424,,,1.8825,hfq
2015-08-31,803.511,828.978,790.777,816.244,101852,,,-0.1114,hfq
2015-09-01,808.968,808.968,768.948,781.863,111363,,,-4.2121,hfq
2015-09-02,772.586,797.326,757.124,770.949,108028,,,-1.3959,hfq
2015-09-07,793.142,836.254,776.042,812.788,174262,,,5.4269,hfq
2015-09-08,808.604,886.825,799.872,882.277,202670,,,8.5495,hfq
2015-09-09,881.550,908.654,837.164,848.260,357899,,,-3.8556,hfq
2015-09-10,834.435,877.184,827.159,859.902,170694,,,1.3725,hfq
2015-09-11,854.627,865.360,829.160,838.255,111254,,,-2.5174,hfq
2015-09-14,843.167,862.995,823.521,852.990,190760,,,1.7578,hfq
2015-09-15,836.254,847.169,814.607,815.335,81590,,,-4.4145,hfq
2015-09-16,823.339,881.732,805.330,863.723,137424,,,5.9347,hfq
2015-09-17,854.445,863.541,833.526,833.889,122034,,,-3.4541,hfq
2015-09-18,839.892,843.349,819.155,835.345,67185,,,0.1746,hfq
2015-09-21,827.159,848.442,821.702,846.623,91423,,,1.3501,hfq
2015-09-22,845.350,862.995,839.892,842.257,84825,,,-0.5157,hfq
2015-09-23,836.254,840.620,824.976,832.980,47967,,,-1.1014,hfq
2015-09-24,836.254,860.630,828.796,859.357,99175,,,3.1666,hfq
2015-09-25,850.807,877.730,842.257,847.351,98793,,,-1.3971,hfq
2015-09-28,852.444,869.726,841.712,867.179,76917,,,2.3400,hfq
2015-09-29,858.629,882.095,850.807,858.265,82688,,,-1.0279,hfq
2015-09-30,859.175,866.633,847.896,848.806,61820,,,-1.1021,hfq
2015-10-08,872.636,890.827,861.358,881.732,125431,,,3.8791,hfq
2015-10-09,876.638,896.284,873.546,885.370,60323,,,0.4126,hfq
2015-10-12,882.823,921.752,875.365,883.551,346343,,,-0.2055,hfq
2015-10-13,874.455,879.549,855.719,863.541,157616,,,-2.2647,hfq
2015-10-14,863.541,867.179,854.809,861.540,78483,,,-0.2317,hfq
2015-10-15,861.358,870.271,854.445,868.452,88705,,,0.8023,hfq
2015-10-16,870.089,877.002,857.538,864.450,98418,,,-0.4608,hfq
2015-10-19,863.904,897.558,856.446,893.738,160595,,,3.3881,hfq
2015-10-20,893.738,902.833,881.913,894.283,127249,,,0.0610,hfq
2015-10-21,899.741,925.026,873.728,875.547,202169,,,-2.0951,hfq
2015-10-22,874.455,903.379,872.636,896.648,116785,,,2.4100,hfq
2015-10-23,902.469,923.025,881.732,899.559,201829,,,0.3247,hfq
2015-10-26,914.293,954.677,901.014,953.586,239649,,,6.0059,hfq
2015-10-27,945.400,951.403,919.023,944.490,165683,,,-0.9539,hfq
2015-10-28,936.304,978.689,931.757,952.130,164977,,,0.8089,hfq
2015-10-29,959.952,982.873,943.581,981.054,126272,,,3.0378,hfq
2015-10-30,979.962,992.514,963.591,964.500,103303,,,-1.6874,hfq
2015-11-02,949.038,978.143,939.942,945.582,116878,,,-1.9614,hfq
2015-11-03,951.039,962.681,932.666,935.940,101033,,,-1.0197,hfq
2015-11-04,936.486,970.685,936.304,969.957,114971,,,3.6345,hfq
2015-11-05,971.049,978.143,954.495,958.315,128810,,,-1.2003,hfq
2015-11-06,958.133,963.591,934.121,945.036,235861,,,-1.3857,hfq
2015-11-09,943.944,957.951,936.668,942.307,156999,,,-0.2888,hfq
2015-11-10,942.853,961.044,883.551,898.649,228061,,,-4.6331,hfq
2015-11-11,930.847,943.581,915.567,942.307,221545,,,4.8582,hfq
2015-11-12,939.942,945.400,920.660,939.215,138826,,,-0.3281,hfq
2015-11-13,931.211,935.213,920.114,925.754,85764,,,-1.4332,hfq
2015-11-16,918.295,945.218,915.385,944.854,92638,,,2.0632,hfq
2015-11-17,945.218,953.040,939.942,948.674,115320,,,0.4043,hfq
2015-11-18,948.674,949.947,934.849,937.760,68470,,,-1.1504,hfq
2015-11-19,937.760,950.493,934.849,942.125,49008,,,0.4655,hfq
2015-11-20,943.217,943.399,927.391,935.395,78756,,,-0.7143,hfq
2015-11-23,936.304,939.942,919.751,925.208,86244,,,-1.0891,hfq
2015-11-24,924.116,934.485,910.837,931.029,68088,,,0.6292,hfq
2015-11-25,929.028,929.028,915.930,922.115,71634,,,-0.9574,hfq
2015-11-26,922.297,932.302,912.656,927.936,107838,,,0.6313,hfq
2015-11-27,919.932,922.661,902.833,907.745,83755,,,-2.1759,hfq
2015-11-30,907.745,912.656,894.647,908.654,84898,,,0.1001,hfq
2015-12-01,903.743,927.755,901.742,924.844,49413,,,1.7818,hfq
2015-12-02,925.390,939.579,919.751,935.213,71439,,,1.1212,hfq
2015-12-03,933.576,938.669,923.753,936.668,73507,,,0.1556,hfq
2015-12-04,932.302,943.399,928.664,939.215,55388,,,0.2719,hfq
2015-12-07,934.849,947.583,929.210,945.764,64224,,,0.6973,hfq
2015-12-08,939.942,946.309,918.113,921.752,54871,,,-2.5389,hfq
2015-12-09,918.113,927.209,914.111,918.295,57508,,,-0.3750,hfq
2015-12-10,918.295,921.752,910.837,918.113,56263,,,-0.0198,hfq
2015-12-11,912.656,927.209,907.199,911.383,51984,,,-0.7330,hfq
2015-12-14,906.835,908.108,895.011,900.832,122460,,,-1.1577,hfq
2015-12-15,901.742,919.932,899.741,914.111,68415,,,1.4741,hfq
2015-12-16,909.018,916.112,908.654,910.473,42083,,,-0.3980,hfq
2015-12-17,912.656,921.752,910.837,915.930,58917,,,0.5994,hfq
2015-12-18,914.839,920.842,905.562,913.384,47273,,,-0.2780,hfq
2015-12-21,911.019,943.763,905.380,936.668,131212,,,2.5492,hfq
2015-12-22,936.304,936.304,923.207,928.846,59660,,,-0.8351,hfq
2015-12-23,929.028,938.669,925.572,926.663,70543,,,-0.2350,hfq
2015-12-24,927.209,930.665,909.927,915.385,47299,,,-1.2171,hfq
2015-12-25,915.567,919.569,904.470,906.471,55183,,,-0.9738,hfq
2015-12-28,909.018,909.018,894.465,898.467,90194,,,-0.8830,hfq
2015-12-29,896.284,909.927,896.284,907.745,44599,,,1.0326,hfq
2015-12-30,905.380,909.564,887.189,897.740,93190,,,-1.1022,hfq
2015-12-31,897.740,910.473,894.465,902.105,81922,,,0.4862,hfq
2016-01-04,901.742,901.742,864.996,867.179,86744,,,-3.8716,hfq
2016-01-05,854.445,881.732,853.536,873.728,95328,,,0.7552,hfq
2016-01-06,873.728,897.740,870.817,891.191,86670,,,1.9987,hfq
2016-01-07,886.279,886.279,838.983,848.806,15488,,,-4.7560,hfq
2016-01-08,868.998,881.550,845.350,875.365,112455,,,3.1290,hfq
2016-01-11,875.365,881.186,836.618,837.164,69613,,,-4.3640,hfq
2016-01-12,845.168,850.079,807.149,827.886,89419,,,-1.1083,hfq
2016-01-13,828.978,841.712,807.149,807.876,66595,,,-2.4170,hfq
2016-01-14,792.778,824.976,781.682,814.789,93403,,,0.8557,hfq
2016-01-15,812.242,817.700,784.956,791.141,61851,,,-2.9023,hfq
2016-01-18,790.595,800.782,772.404,797.690,94166,,,0.8278,hfq
2016-01-19,795.143,818.063,787.139,814.971,55823,,,2.1664,hfq
2016-01-20,816.790,820.610,800.236,814.789,39341,,,-0.0223,hfq
2016-01-21,807.149,818.063,788.048,788.776,35315,,,-3.1926,hfq
2016-01-22,796.052,799.691,790.413,796.598,39782,,,0.9917,hfq
2016-01-25,794.051,819.701,794.051,808.422,52165,,,1.4843,hfq
2016-01-26,806.967,823.521,778.225,789.140,95603,,,-2.3851,hfq
2016-01-27,785.320,802.783,767.675,797.144,70181,,,1.0143,hfq
2016-01-28,790.959,809.696,782.227,782.955,63235,,,-1.7800,hfq
2016-01-29,785.320,816.062,784.410,808.968,55463,,,3.3224,hfq
2016-02-01,808.240,831.707,803.874,821.156,53689,,,1.5066,hfq
2016-02-02,824.976,834.435,819.882,826.067,33837,,,0.5981,hfq
2016-02-03,820.064,852.626,816.062,845.350,58671,,,2.3343,hfq
2016-02-04,842.075,850.079,830.797,841.348,44352,,,-0.4734,hfq
2016-02-05,841.530,843.531,824.430,831.888,31637,,,-1.1244,hfq
2016-02-15,823.521,845.350,818.063,833.708,30503,,,0.2188,hfq
2016-02-16,838.073,848.806,833.708,846.441,49445,,,1.5273,hfq
2016-02-17,845.350,850.625,818.609,836.618,67258,,,-1.1605,hfq
2016-02-18,835.345,838.619,822.611,825.522,45708,,,-1.3263,hfq
2016-02-19,827.159,838.073,824.248,836.800,55641,,,1.3662,hfq
2016-02-22,850.443,860.994,842.075,849.897,96079,,,1.5651,hfq
2016-02-23,847.533,858.265,840.438,857.901,48928,,,0.9418,hfq
2016-02-24,858.083,870.271,854.263,862.631,97056,,,0.5513,hfq
2016-02-25,863.177,863.359,829.887,839.165,78693,,,-2.7203,hfq
2016-02-26,840.074,851.717,836.254,845.350,54757,,,0.7370,hfq
2016-02-29,845.168,845.168,808.058,826.613,81485,,,-2.2165,hfq
2016-03-01,821.520,830.797,810.059,822.429,49761,,,-0.5062,hfq
2016-03-02,819.882,845.350,819.882,843.167,69259,,,2.5216,hfq
2016-03-03,840.256,859.357,839.892,858.083,59698,,,1.7690,hfq
2016-03-04,854.445,887.007,847.351,872.090,172106,,,1.6324,hfq
2016-03-07,868.998,879.912,864.632,876.456,55310,,,0.5006,hfq
2016-03-08,870.089,875.910,850.807,875.547,51104,,,-0.1037,hfq
2016-03-09,864.086,888.280,851.717,884.824,60689,,,1.0596,hfq
2016-03-10,879.912,884.460,856.446,856.992,52027,,,-3.1455,hfq
2016-03-11,856.264,860.630,840.802,855.719,41939,,,-0.1485,hfq
2016-03-14,859.175,873.000,854.809,859.539,45286,,,0.4464,hfq
2016-03-15,855.900,889.917,848.260,880.640,84805,,,2.4549,hfq
2016-03-16,873.000,892.646,866.633,883.733,109620,,,0.3512,hfq
2016-03-17,883.733,894.101,877.184,889.008,58302,,,0.5969,hfq
2016-03-18,890.463,894.465,871.363,875.365,138049,,,-1.5346,hfq
2016-03-21,877.366,882.641,873.728,879.003,77708,,,0.4156,hfq
2016-03-22,878.093,878.093,864.632,867.361,76759,,,-1.3245,hfq
2016-03-23,867.543,873.000,863.177,867.543,51938,,,0.0210,hfq
2016-03-24,865.360,870.271,857.720,868.452,38666,,,0.1048,hfq
2016-03-25,868.452,877.184,865.360,870.453,36439,,,0.2304,hfq
2016-03-28,874.455,879.003,861.176,862.267,50804,,,-0.9404,hfq
2016-03-29,865.178,865.178,854.627,857.538,42203,,,-0.5484,hfq
2016-03-30,858.993,873.364,858.447,869.180,38449,,,1.3576,hfq
2016-03-31,869.544,876.274,863.541,867.725,38075,,,-0.1674,hfq
2016-04-01,867.725,874.091,856.264,873.546,33613,,,0.6708,hfq
2016-04-05,867.179,882.823,867.179,879.912,48776,,,0.7288,hfq
2016-04-06,879.912,879.912,871.727,874.273,38279,,,-0.6409,hfq
2016-04-07,879.912,881.732,871.363,876.456,40341,,,0.2497,hfq
2016-04-08,870.089,873.546,863.723,869.726,30098,,,-0.7679,hfq
2016-04-11,867.179,872.090,862.085,863.904,87431,,,-0.6694,hfq
2016-04-13,868.998,878.093,863.723,865.905,92719,,,0.2316,hfq
2016-04-14,866.269,872.090,863.904,867.543,66521,,,0.1892,hfq
2016-04-15,868.088,877.730,864.996,875.183,64032,,,0.8806,hfq
2016-04-18,878.639,891.737,875.183,884.278,86852,,,1.0392,hfq
2016-04-19,885.370,888.098,874.819,877.730,40549,,,-0.7405,hfq
2016-04-20,877.730,881.550,843.894,879.003,97610,,,0.1450,hfq
2016-04-21,866.269,868.816,857.174,858.811,54467,,,-2.2971,hfq
2016-04-22,858.265,863.177,852.262,860.994,50417,,,0.2542,hfq
2016-04-25,856.810,860.812,850.989,854.809,45964,,,-0.7184,hfq
2016-04-26,854.991,870.817,852.626,869.726,42651,,,1.7451,hfq
2016-04-27,868.998,872.272,862.449,869.544,34233,,,-0.0209,hfq
2016-04-28,866.269,866.269,850.807,859.175,33813,,,-1.1925,hfq
2016-04-29,856.810,863.723,852.262,857.720,38340,,,-0.1693,hfq
2016-05-03,861.358,881.186,854.445,877.911,68193,,,2.3540,hfq
2016-05-04,876.274,889.372,874.455,878.093,54106,,,0.0207,hfq
2016-05-05,877.184,877.184,868.816,873.546,26990,,,-0.5178,hfq
2016-05-06,874.455,877.730,858.993,862.085,28655,,,-1.3120,hfq
2016-05-09,858.083,860.266,846.805,852.080,46019,,,-1.1606,hfq
2016-05-10,848.988,857.720,846.987,851.171,36591,,,-0.1067,hfq
2016-05-11,851.353,879.549,850.443,868.270,55602,,,2.0089,hfq
2016-05-12,863.541,870.817,857.174,862.085,44246,,,-0.7123,hfq
2016-05-13,857.356,863.541,852.626,860.266,32865,,,-0.2110,hfq
2016-05-16,858.083,866.087,849.170,863.723,31325,,,0.4019,hfq
2016-05-17,863.723,872.818,859.175,869.907,30587,,,0.7160,hfq
2016-05-18,863.904,872.090,856.446,866.451,36959,,,-0.3973,hfq
2016-05-19,858.993,865.905,851.717,856.810,60078,,,-1.1127,hfq
2016-05-20,853.172,856.264,847.169,854.081,34239,,,-0.3185,hfq
2016-05-23,848.988,852.262,840.256,843.894,87086,,,-1.1927,hfq
2016-05-24,841.166,848.988,836.254,843.713,52032,,,-0.0214,hfq
2016-05-25,843.713,846.623,830.615,831.343,53217,,,-1.4661,hfq
2016-05-26,831.525,835.890,823.339,829.887,52768,,,-0.1751,hfq
2016-05-27,833.162,833.162,815.880,824.430,76859,,,-0.6576,hfq
2016-05-30,821.338,832.616,817.154,827.159,47062,,,0.3310,hfq
2016-05-31,827.341,845.168,827.341,844.258,69486,,,2.0672,hfq
2016-06-01,841.893,845.532,837.164,840.256,52440,,,-0.4740,hfq
2016-06-02,838.255,841.712,835.527,837.164,32618,,,-0.3680,hfq
2016-06-03,841.530,862.631,837.891,858.265,113815,,,2.5205,hfq
2016-06-06,862.631,865.178,854.445,856.264,44840,,,-0.2331,hfq
2016-06-07,858.265,859.721,849.170,855.173,32780,,,-0.1274,hfq
2016-06-08,854.445,862.631,849.534,857.901,49639,,,0.3190,hfq
2016-06-13,847.351,861.722,845.350,846.987,69345,,,-1.2722,hfq
2016-06-14,843.531,848.442,833.162,843.713,48485,,,-0.3865,hfq
2016-06-15,841.530,852.626,836.436,848.988,51359,,,0.6252,hfq
2016-06-16,849.061,866.524,849.061,859.757,62663,,,1.2685,hfq
2016-06-17,857.574,873.728,857.574,869.143,76089,,,1.0917,hfq
2016-06-20,869.143,872.636,859.975,865.433,35211,,,-0.4269,hfq
2016-06-21,869.362,883.551,864.996,866.087,69526,,,0.0756,hfq
2016-06-22,866.306,882.241,861.285,878.530,57346,,,1.4367,hfq
2016-06-23,878.530,883.987,876.347,880.931,61013,,,0.2733,hfq
2016-06-24,872.854,885.952,862.813,870.017,51975,,,-1.2389,hfq
2016-06-27,869.362,894.465,868.707,891.627,58672,,,2.4839,hfq
2016-06-28,888.135,911.928,888.135,895.557,63209,,,0.4408,hfq
2016-06-29,896.212,901.450,887.262,890.099,34124,,,-0.6095,hfq
2016-06-30,892.282,892.501,883.551,885.952,25519,,,-0.4659,hfq
2016-07-01,885.297,903.197,885.297,890.099,27541,,,0.4681,hfq
2016-07-04,891.191,904.507,889.008,901.450,38136,,,1.2753,hfq
2016-07-05,903.197,915.421,892.937,895.775,41799,,,-0.6295,hfq
2016-07-06,895.775,906.471,890.318,901.669,43053,,,0.6580,hfq
2016-07-07,900.359,913.456,899.486,904.725,51988,,,0.3389,hfq
2016-07-08,905.380,907.126,890.099,895.775,56872,,,-0.9893,hfq
2016-07-11,897.085,933.758,892.282,928.955,122774,,,3.7041,hfq
2016-07-12,925.899,959.516,925.026,954.495,133560,,,2.7493,hfq
2016-07-13,960.607,970.867,949.038,951.003,84227,,,-0.3658,hfq
2016-07-14,953.404,953.404,940.306,946.637,56385,,,-0.4591,hfq
2016-07-15,951.657,959.952,945.764,953.404,41148,,,0.7148,hfq
2016-07-18,956.678,963.445,944.890,959.079,38663,,,0.5952,hfq
2016-07-19,959.952,968.248,938.123,942.053,51696,,,-1.7752,hfq
2016-07-20,946.418,951.003,938.778,944.672,26790,,,0.2780,hfq
2016-07-21,946.418,948.820,933.758,941.398,61183,,,-0.3466,hfq
2016-07-22,939.215,940.306,922.843,929.828,53550,,,-1.2290,hfq
2016-07-25,927.209,948.383,922.843,945.982,39768,,,1.7373,hfq
2016-07-26,944.672,948.820,942.489,947.292,37759,,,0.1385,hfq
2016-07-27,946.855,957.333,931.138,952.094,104320,,,0.5069,hfq
2016-07-28,949.256,980.472,940.743,966.501,79341,,,1.5132,hfq
2016-07-29,961.044,972.832,953.404,963.882,55135,,,-0.2710,hfq
2016-08-01,964.318,973.923,948.820,952.749,60388,,,-1.1550,hfq
2016-08-02,949.911,967.156,949.911,966.501,42467,,,1.4434,hfq
2016-08-03,966.283,972.177,958.206,966.938,35596,,,0.0452,hfq
2016-08-04,965.191,973.050,957.770,960.607,31289,,,-0.6547,hfq
2016-08-05,960.171,970.867,960.171,967.593,27646,,,0.7272,hfq
2016-08-08,968.902,969.121,960.389,963.882,37252,,,-0.3835,hfq
2016-08-09,967.374,997.498,967.156,990.950,76721,,,2.8082,hfq
2016-08-10,990.950,996.844,983.964,986.802,38923,,,-0.4186,hfq
2016-08-11,985.711,994.006,982.218,983.746,29965,,,-0.3097,hfq
2016-08-12,982.655,990.295,980.472,987.675,27908,,,0.3994,hfq
2016-08-15,990.077,1011.906,986.584,999.463,57050,,,1.1935,hfq
2016-08-16,1003.392,1006.885,988.330,999.027,70020,,,-0.0436,hfq
2016-08-17,995.752,1004.702,988.549,990.077,38586,,,-0.8959,hfq
2016-08-18,988.767,1001.209,970.867,982.000,64828,,,-0.8158,hfq
2016-08-19,978.944,985.056,977.416,980.908,38216,,,-0.1112,hfq
2016-08-22,983.746,987.239,975.233,984.401,50690,,,0.3561,hfq
2016-08-23,981.782,985.056,970.867,974.796,53734,,,-0.9757,hfq
2016-08-24,977.416,983.528,969.557,972.613,27869,,,-0.2239,hfq
2016-08-25,969.776,977.416,965.191,973.705,46951,,,0.1123,hfq
2016-08-26,973.705,982.873,968.248,974.141,31854,,,0.0448,hfq
2016-08-29,971.522,985.492,971.304,979.162,39715,,,0.5154,hfq
2016-08-30,976.324,979.380,949.038,954.277,88340,,,-2.5415,hfq
2016-08-31,955.368,960.826,949.474,956.460,31288,,,0.2288,hfq
2016-09-01,956.460,966.283,953.404,961.262,26229,,,0.5021,hfq
2016-09-02,956.678,982.873,956.678,982.218,59786,,,2.1801,hfq
2016-09-05,983.964,985.274,969.557,973.486,33523,,,-0.8890,hfq
2016-09-06,971.958,976.543,966.283,974.141,29181,,,0.0673,hfq
2016-09-07,976.324,976.979,956.023,963.882,69866,,,-1.0531,hfq
2016-09-08,962.354,967.374,956.678,959.516,23299,,,-0.4530,hfq
2016-09-09,961.917,966.065,952.749,953.404,32617,,,-0.6370,hfq
2016-09-12,947.728,968.684,940.525,968.029,65060,,,1.5340,hfq
2016-09-13,961.044,966.501,951.221,961.480,44684,,,-0.6765,hfq
2016-09-14,959.516,959.952,938.123,942.053,59135,,,-2.0205,hfq
2016-09-19,942.053,954.059,942.053,952.967,52192,,,1.1585,hfq
2016-09-20,954.277,961.044,947.728,959.952,35331,,,0.7330,hfq
2016-09-21,961.262,964.100,956.678,961.044,22493,,,0.1138,hfq
2016-09-22,965.191,965.410,959.952,964.537,37131,,,0.3635,hfq
2016-09-23,964.537,981.782,962.572,981.345,58377,,,1.7426,hfq
2016-09-26,981.127,981.127,966.501,967.593,23006,,,-1.4013,hfq
2016-09-27,970.867,976.324,956.242,963.663,38227,,,-0.4062,hfq
2016-09-28,965.628,967.156,958.643,965.628,30158,,,0.2039,hfq
2016-09-29,965.191,976.106,963.663,968.684,32516,,,0.3165,hfq
2016-09-30,968.248,978.507,966.938,971.958,17689,,,0.3380,hfq
2016-10-10,979.162,1003.829,978.725,997.062,75452,,,2.5828,hfq
2016-10-11,997.935,1016.053,993.133,1010.814,93189,,,1.3793,hfq
2016-10-12,1010.159,1012.342,999.245,1006.667,37680,,,-0.4103,hfq
2016-10-13,1003.611,1018.891,1003.611,1017.581,74156,,,1.0842,hfq
2016-10-14,1014.525,1028.932,1009.068,1012.779,44242,,,-0.4719,hfq
2016-10-17,1012.342,1045.959,1010.159,1032.862,71163,,,1.9830,hfq
2016-10-18,1028.059,1042.466,1027.841,1031.988,59649,,,-0.0846,hfq
2016-10-19,1034.171,1045.086,1032.425,1038.537,51017,,,0.6346,hfq
2016-10-20,1042.466,1044.213,1021.074,1026.531,38293,,,-1.1560,hfq
2016-10-21,1025.876,1035.481,1019.328,1027.623,27213,,,0.1064,hfq
2016-10-24,1031.334,1031.334,1016.272,1021.292,40546,,,-0.6161,hfq
2016-10-25,1023.257,1025.440,1011.687,1014.525,39849,,,-0.6626,hfq
2016-10-26,1016.490,1028.496,1014.743,1025.658,32433,,,1.0974,hfq
2016-10-27,1025.440,1036.354,1023.475,1027.404,33423,,,0.1702,hfq
2016-10-28,1025.440,1028.714,1013.434,1019.328,32772,,,-0.7861,hfq
2016-10-31,1021.074,1027.623,1012.561,1017.581,58249,,,-0.1714,hfq
2016-11-01,1020.201,1034.171,1014.525,1033.953,67040,,,1.6089,hfq
2016-11-02,1032.207,1038.755,1025.658,1031.334,40586,,,-0.2533,hfq
2016-11-03,1029.806,1031.770,1014.525,1026.968,47956,,,-0.4233,hfq
2016-11-04,1018.891,1019.982,1004.702,1009.068,82580,,,-1.7430,hfq
2016-11-07,1009.286,1012.342,997.062,1001.209,67425,,,-0.7788,hfq
2016-11-08,1001.428,1022.384,999.463,1020.419,68578,,,1.9187,hfq
2016-11-09,1020.637,1025.003,1000.336,1019.546,50223,,,-0.0856,hfq
2016-11-10,1023.257,1025.221,1008.631,1012.124,61500,,,-0.7280,hfq
2016-11-11,1010.596,1013.870,1001.428,1006.885,45034,,,-0.5176,hfq
2016-11-14,1007.976,1012.342,988.112,995.316,115997,,,-1.1490,hfq
2016-11-15,995.316,1003.829,993.133,999.245,47062,,,0.3947,hfq
2016-11-16,999.245,1015.617,996.844,1011.033,48379,,,1.1797,hfq
2016-11-17,1011.033,1015.617,1007.103,1011.469,32718,,,0.0431,hfq
2016-11-18,1013.215,1013.652,1003.174,1004.266,41676,,,-0.7121,hfq
2016-11-21,1006.667,1013.652,1002.083,1011.687,48495,,,0.7389,hfq
2016-11-22,1012.342,1022.820,1010.159,1021.074,61092,,,0.9279,hfq
2016-11-23,1019.982,1023.257,1012.342,1016.708,39176,,,-0.4276,hfq
2016-11-24,1014.962,1032.643,1014.743,1028.277,63943,,,1.1379,hfq
2016-11-25,1027.623,1036.136,1018.236,1027.841,59604,,,-0.0424,hfq
2016-11-28,1033.735,1033.735,1019.982,1022.384,41508,,,-0.5309,hfq
2016-11-29,1022.165,1028.059,1015.835,1022.384,47929,,,0.0000,hfq
2016-11-30,1023.912,1035.263,1017.581,1033.298,46518,,,1.0675,hfq
2016-12-01,1030.897,1035.699,1024.785,1033.516,36125,,,0.0211,hfq
2016-12-02,1035.699,1041.812,1027.841,1037.227,72730,,,0.3591,hfq
2016-12-05,1031.770,1039.629,1027.623,1038.319,77857,,,0.1053,hfq
2016-12-06,1038.101,1057.747,1033.735,1055.127,67096,,,1.6188,hfq
2016-12-07,1058.183,1060.148,1047.924,1054.254,63317,,,-0.0827,hfq
2016-12-08,1057.965,1061.894,1038.755,1042.248,55604,,,-1.1388,hfq
2016-12-09,1042.466,1042.685,1029.151,1034.390,68255,,,-0.7539,hfq
2016-12-12,1036.354,1057.092,1022.820,1043.994,76748,,,0.9285,hfq
2016-12-13,1039.410,1040.502,1023.257,1031.988,38338,,,-1.1500,hfq
2016-12-14,1032.643,1035.481,1024.130,1030.679,25356,,,-0.1268,hfq
2016-12-15,1031.552,1034.171,1022.384,1025.003,51825,,,-0.5507,hfq
2016-12-16,1023.475,1028.059,1020.419,1027.404,50156,,,0.2342,hfq
2016-12-19,1029.806,1035.918,1025.003,1031.115,44896,,,0.3612,hfq
2016-12-20,1033.735,1033.735,998.153,1011.906,96968,,,-1.8629,hfq
2016-12-21,1008.195,1019.546,1007.976,1016.490,45516,,,0.4530,hfq
2016-12-22,1016.272,1018.236,995.970,999.900,62892,,,-1.6321,hfq
2016-12-23,1000.773,1005.139,995.970,999.900,69363,,,0.0000,hfq
2016-12-26,992.696,1014.743,986.147,1008.850,73548,,,0.8951,hfq
2016-12-27,1007.322,1020.856,1006.885,1012.561,28203,,,0.3678,hfq
2016-12-28,1011.687,1013.434,996.625,1002.956,43158,,,-0.9486,hfq
2016-12-29,1004.484,1005.794,995.970,1003.829,38232,,,0.0870,hfq
2016-12-30,1007.540,1008.413,998.590,1003.611,48789,,,-0.0217,hfq
2017-01-03,1001.428,1023.257,999.245,1014.525,45691,,,1.0875,hfq
2017-01-04,1017.581,1032.862,1014.743,1027.186,47645,,,1.2480,hfq
2017-01-05,1026.313,1031.334,1022.602,1027.404,48903,,,0.0212,hfq
2017-01-06,1026.313,1030.679,1011.906,1014.307,41927,,,-1.2748,hfq
2017-01-09,1012.561,1015.180,997.062,1005.139,71542,,,-0.9039,hfq
2017-01-10,1004.702,1016.708,1001.209,1015.398,32582,,,1.0207,hfq
2017-01-11,1016.053,1016.053,997.062,998.590,52474,,,-1.6553,hfq
2017-01-12,998.372,1006.448,993.788,998.372,35404,,,-0.0218,hfq
2017-01-13,998.372,1007.322,995.970,1007.103,53792,,,0.8745,hfq
2017-01-16,1003.611,1027.623,997.062,1025.003,141228,,,1.7774,hfq
2017-01-17,1018.891,1024.567,1015.835,1020.856,34105,,,-0.4046,hfq
2017-01-18,1022.820,1026.968,1020.856,1025.876,31983,,,0.4917,hfq
2017-01-19,1025.440,1036.354,1023.039,1035.481,39581,,,0.9363,hfq
2017-01-20,1035.481,1039.847,1032.207,1036.354,29541,,,0.0843,hfq
2017-01-23,1036.354,1050.980,1032.425,1049.670,37032,,,1.2849,hfq
2017-01-24,1051.198,1052.289,1029.806,1032.862,67773,,,-1.6013,hfq
2017-01-25,1034.171,1072.591,1031.988,1053.381,53950,,,1.9866,hfq
2017-01-26,1056.000,1069.098,1052.508,1054.472,34472,,,0.1036,hfq
2017-02-03,1056.219,1080.886,1052.071,1077.611,38259,,,2.1944,hfq
2017-02-06,1075.428,1105.334,1058.183,1064.295,79007,,,-1.2357,hfq
2017-02-07,1062.549,1062.549,1054.254,1057.092,35938,,,-0.6768,hfq
2017-02-08,1060.803,1067.570,1057.747,1063.859,35248,,,0.6402,hfq
2017-02-09,1066.478,1076.956,1057.310,1061.458,60693,,,-0.2257,hfq
2017-02-10,1061.894,1063.422,1049.015,1054.036,50732,,,-0.6992,hfq
2017-02-13,1055.127,1060.366,1045.522,1055.782,38246,,,0.1656,hfq
2017-02-14,1056.000,1070.408,1052.944,1064.950,39426,,,0.8684,hfq
2017-02-15,1062.549,1068.443,1052.071,1055.346,27707,,,-0.9018,hfq
2017-02-16,1056.000,1096.166,1056.000,1088.962,58633,,,3.1853,hfq
2017-02-17,1088.744,1090.709,1078.048,1081.759,28817,,,-0.6615,hfq
2017-02-20,1082.632,1105.771,1076.738,1096.166,52931,,,1.3318,hfq
2017-02-21,1099.877,1117.122,1091.364,1098.567,46595,,,0.2190,hfq
2017-02-22,1102.060,1106.207,1091.145,1100.968,32161,,,0.2186,hfq
2017-02-23,1096.821,1110.573,1093.546,1109.045,54343,,,0.7336,hfq
2017-02-24,1111.228,1134.585,1110.573,1131.529,77912,,,2.0273,hfq
2017-02-27,1130.001,1130.001,1111.665,1119.523,53392,,,-1.0610,hfq
2017-02-28,1119.523,1125.199,1104.024,1110.355,40963,,,-0.8189,hfq
2017-03-01,1109.263,1115.812,1097.039,1098.349,71447,,,-1.0813,hfq
2017-03-02,1098.785,1109.482,1089.836,1093.110,54695,,,-0.4770,hfq
2017-03-03,1093.328,1098.567,1091.582,1097.476,28468,,,0.3994,hfq
2017-03-06,1098.349,1113.848,1094.201,1106.207,44008,,,0.7956,hfq
2017-03-07,1109.482,1128.691,1108.390,1126.945,63747,,,1.8747,hfq
2017-03-08,1121.488,1134.367,1120.178,1131.966,34131,,,0.4455,hfq
2017-03-09,1138.514,1138.514,1123.452,1127.163,34251,,,-0.4243,hfq
2017-03-10,1127.163,1138.078,1125.199,1129.783,51258,,,0.2324,hfq
2017-03-13,1117.122,1125.854,1108.390,1118.432,121568,,,-1.0047,hfq
2017-03-14,1119.305,1122.797,1106.207,1121.269,75838,,,0.2537,hfq
2017-03-15,1118.650,1151.830,1115.594,1150.739,72753,,,2.6283,hfq
2017-03-16,1148.337,1155.759,1134.585,1141.352,69437,,,-0.8157,hfq
2017-03-17,1142.225,1148.774,1134.585,1144.627,44435,,,0.2869,hfq
2017-03-20,1141.789,1167.329,1135.240,1154.450,60692,,,0.8582,hfq
2017-03-21,1150.957,1179.990,1149.866,1177.807,61339,,,2.0232,hfq
2017-03-22,1178.243,1186.975,1169.730,1181.736,43334,,,0.3336,hfq
2017-03-23,1186.538,1196.580,1167.329,1181.299,67302,,,-0.0370,hfq
2017-03-24,1182.609,1193.524,1174.969,1177.807,62568,,,-0.2956,hfq
2017-03-27,1175.624,1204.220,1169.730,1184.792,58914,,,0.5931,hfq
2017-03-28,1181.736,1196.798,1178.462,1185.665,39465,,,0.0737,hfq
2017-03-29,1185.665,1192.651,1170.167,1174.969,39111,,,-0.9021,hfq
2017-03-30,1178.243,1184.355,1159.252,1172.568,53849,,,-0.2043,hfq
2017-03-31,1170.821,1196.798,1167.984,1196.361,46314,,,2.0291,hfq
2017-04-05,1193.960,1210.550,1186.538,1199.854,59591,,,0.2920,hfq
2017-04-06,1206.621,1210.769,1197.453,1204.875,43743,,,0.4185,hfq
2017-04-07,1205.966,1212.952,1204.438,1207.276,42309,,,0.1993,hfq
2017-04-10,1212.078,1212.078,1174.532,1186.975,71083,,,-1.6816,hfq
2017-04-11,1185.229,1185.229,1153.795,1164.928,104866,,,-1.8574,hfq
2017-04-12,1162.963,1182.609,1160.562,1175.187,55294,,,0.8807,hfq
2017-04-13,1175.406,1193.305,1169.293,1192.651,36000,,,1.4861,hfq
2017-04-14,1192.651,1193.087,1181.954,1189.158,19685,,,-0.2929,hfq
2017-04-17,1184.355,1193.305,1178.025,1193.087,33227,,,0.3304,hfq
2017-04-18,1189.376,1221.247,1189.376,1210.114,62663,,,1.4271,hfq
2017-04-19,1212.952,1212.952,1194.615,1210.332,68496,,,0.0180,hfq
2017-04-20,1210.550,1234.126,1205.311,1228.014,82221,,,1.4609,hfq
2017-04-21,1221.683,1239.365,1219.282,1238.928,62448,,,0.8888,hfq
2017-04-24,1234.562,1247.442,1199.199,1245.695,67090,,,0.5462,hfq
2017-04-25,1235.436,1254.645,1233.908,1241.329,53870,,,-0.3505,hfq
2017-04-26,1240.893,1255.955,1217.536,1223.648,74585,,,-1.4244,hfq
2017-04-27,1222.120,1222.338,1195.707,1204.657,135524,,,-1.5520,hfq
2017-04-28,1204.438,1210.987,1166.892,1181.081,180879,,,-1.9571,hfq
2017-05-02,1181.081,1181.081,1164.054,1170.385,82470,,,-0.9056,hfq
2017-05-03,1171.476,1192.869,1171.258,1182.827,79004,,,1.0631,hfq
2017-05-04,1186.538,1198.981,1176.060,1197.671,86055,,,1.2550,hfq
2017-05-05,1198.108,1204.220,1189.158,1203.128,88036,,,0.4556,hfq
2017-05-08,1202.474,1208.367,1193.087,1204.875,98875,,,0.1452,hfq
2017-05-09,1203.347,1203.347,1176.715,1197.453,93551,,,-0.6160,hfq
2017-05-10,1200.072,1239.365,1191.341,1218.845,84083,,,1.7865,hfq
2017-05-11,1217.317,1236.309,1211.642,1231.070,77866,,,1.0030,hfq
2017-05-12,1230.633,1242.203,1228.450,1231.943,47175,,,0.0709,hfq
2017-05-15,1234.999,1248.096,1225.394,1243.731,59282,,,0.9569,hfq
2017-05-16,1238.273,1277.129,1237.400,1272.545,67828,,,2.3167,hfq
2017-05-17,1271.890,1287.170,1255.300,1264.250,53194,,,-0.6518,hfq
2017-05-18,1261.194,1296.775,1257.701,1294.592,67898,,,2.4000,hfq
2017-05-19,1293.719,1300.486,1278.657,1292.409,46090,,,-0.1686,hfq
2017-05-22,1292.191,1316.203,1288.480,1305.289,57953,,,0.9966,hfq
2017-05-23,1304.415,1326.463,1295.247,1324.498,65579,,,1.4716,hfq
2017-05-24,1325.153,1328.864,1298.958,1322.534,67417,,,-0.1483,hfq
2017-05-25,1315.985,1326.681,1289.135,1289.572,59962,,,-2.4923,hfq
2017-05-26,1289.572,1298.085,1276.911,1295.902,57285,,,0.4909,hfq
2017-05-31,1297.670,1321.770,1292.955,1317.578,82142,,,1.6727,hfq
2017-06-01,1314.697,1343.511,1306.053,1342.987,72126,,,1.9285,hfq
2017-06-02,1333.557,1340.368,1310.506,1325.175,82315,,,-1.3263,hfq
2017-06-05,1319.936,1323.079,1285.621,1290.860,115766,,,-2.5895,hfq
2017-06-06,1289.288,1309.982,1283.001,1309.720,74619,,,1.4610,hfq
2017-06-07,1308.934,1333.033,1308.410,1331.986,77925,,,1.7001,hfq
2017-06-08,1332.771,1363.681,1330.938,1356.085,88318,,,1.8093,hfq
2017-06-09,1358.442,1369.968,1342.726,1352.942,72850,,,-0.2318,hfq
2017-06-12,1353.465,1369.968,1344.035,1355.299,80310,,,0.1742,hfq
2017-06-13,1355.823,1358.181,1333.557,1344.035,72278,,,-0.8311,hfq
2017-06-14,1344.035,1348.226,1331.200,1344.559,61160,,,0.0390,hfq
2017-06-15,1344.559,1344.559,1320.198,1336.701,82376,,,-0.5844,hfq
2017-06-16,1330.676,1369.444,1330.414,1358.704,174206,,,1.6461,hfq
2017-06-19,1349.274,1355.823,1327.271,1330.152,110271,,,-2.1014,hfq
2017-06-20,1330.938,1334.867,1298.194,1304.743,135726,,,-1.9102,hfq
2017-06-21,1309.982,1323.341,1293.479,1322.817,177570,,,1.3853,hfq
2017-06-22,1320.460,1333.557,1307.886,1310.244,127644,,,-0.9505,hfq
2017-06-23,1309.982,1334.605,1307.362,1326.485,92978,,,1.2395,hfq
2017-06-26,1331.986,1355.037,1325.437,1351.632,123357,,,1.8958,hfq
2017-06-27,1352.156,1358.442,1339.582,1351.894,74837,,,0.0194,hfq
2017-06-28,1344.559,1348.488,1323.079,1325.699,70764,,,-1.9377,hfq
2017-06-29,1323.341,1346.131,1323.079,1339.320,70709,,,1.0275,hfq
2017-06-30,1338.272,1344.035,1325.961,1338.534,49714,,,-0.0587,hfq
2017-07-03,1342.726,1349.274,1323.079,1325.175,76612,,,-0.9980,hfq
2017-07-04,1320.460,1323.079,1296.884,1301.600,101196,,,-1.7790,hfq
2017-07-05,1300.028,1317.316,1297.670,1316.531,45215,,,1.1471,hfq
2017-07-06,1316.531,1317.055,1299.242,1303.957,64069,,,-0.9551,hfq
2017-07-07,1302.123,1302.123,1289.026,1292.169,67177,,,-0.9040,hfq
2017-07-10,1289.812,1311.554,1281.429,1305.267,68604,,,1.0136,hfq
2017-07-11,1305.529,1314.959,1302.385,1310.506,47988,,,0.4014,hfq
2017-07-12,1316.531,1317.578,1294.265,1298.718,47482,,,-0.8995,hfq
2017-07-13,1299.766,1312.077,1295.575,1299.504,54570,,,0.0605,hfq
2017-07-14,1296.884,1296.884,1286.406,1289.288,59241,,,-0.7861,hfq
2017-07-17,1289.026,1309.720,1281.691,1297.932,73223,,,0.6704,hfq
2017-07-18,1300.290,1327.271,1297.146,1326.485,124331,,,2.1999,hfq
2017-07-19,1328.842,1347.965,1324.651,1336.439,75397,,,0.7504,hfq
2017-07-20,1330.414,1347.703,1323.079,1332.771,73180,,,-0.2745,hfq
2017-07-21,1333.557,1338.272,1318.888,1320.722,81838,,,-0.9041,hfq
2017-07-24,1320.984,1333.033,1319.150,1324.651,40269,,,0.2975,hfq
2017-07-25,1323.079,1338.534,1322.555,1326.223,45988,,,0.1187,hfq
2017-07-26,1327.794,1333.557,1320.460,1329.104,49287,,,0.2172,hfq
2017-07-27,1329.366,1336.177,1319.150,1335.391,45683,,,0.4730,hfq
2017-07-28,1338.796,1358.181,1336.177,1346.393,81855,,,0.8239,hfq
2017-07-31,1356.347,1356.609,1342.987,1354.513,68436,,,0.6031,hfq
2017-08-01,1353.989,1358.442,1345.607,1357.133,48398,,,0.1934,hfq
2017-08-02,1352.680,1357.133,1325.175,1329.366,66828,,,-2.0460,hfq
2017-08-03,1327.009,1335.915,1322.555,1325.961,55877,,,-0.2561,hfq
2017-08-04,1324.913,1334.867,1322.817,1326.485,43560,,,0.0395,hfq
2017-08-07,1325.961,1345.083,1317.316,1341.940,46267,,,1.1651,hfq
2017-08-08,1345.345,1352.942,1338.796,1342.464,61776,,,0.0390,hfq
2017-08-09,1342.726,1419.739,1339.844,1400.092,141662,,,4.2927,hfq
2017-08-10,1392.758,1409.523,1380.970,1390.924,60458,,,-0.6548,hfq
2017-08-11,1388.043,1409.261,1383.852,1405.331,86844,,,1.0358,hfq
2017-08-14,1405.593,1458.769,1405.593,1452.744,119365,,,3.3738,hfq
2017-08-15,1454.054,1458.245,1432.574,1442.004,61960,,,-0.7393,hfq
2017-08-16,1442.004,1456.935,1425.239,1429.693,49711,,,-0.8537,hfq
2017-08-17,1427.859,1427.859,1410.570,1417.119,52191,,,-0.8795,hfq
2017-08-18,1412.928,1427.597,1412.142,1420.262,39355,,,0.2218,hfq
2017-08-21,1420.786,1453.268,1420.524,1448.815,70722,,,2.0104,hfq
2017-08-22,1446.457,1449.863,1429.693,1433.884,36531,,,-1.0306,hfq
2017-08-23,1429.955,1456.935,1427.859,1443.576,38398,,,0.6759,hfq
2017-08-24,1444.100,1450.387,1438.337,1448.553,41503,,,0.3448,hfq
2017-08-25,1451.696,1471.081,1443.576,1445.933,78603,,,-0.1809,hfq
2017-08-28,1442.266,1457.983,1417.381,1428.383,104826,,,-1.2137,hfq
2017-08-29,1433.098,1436.503,1417.381,1427.859,59782,,,-0.0367,hfq
2017-08-30,1432.050,1437.813,1422.620,1429.693,52756,,,0.1284,hfq
2017-08-31,1421.834,1432.836,1416.595,1431.526,64839,,,0.1282,hfq
2017-09-01,1434.670,1476.320,1434.670,1471.866,127376,,,2.8180,hfq
2017-09-04,1472.914,1562.763,1471.866,1543.379,148136,,,4.8587,hfq
2017-09-05,1535.782,1548.356,1526.090,1538.401,70038,,,-0.3225,hfq
2017-09-06,1532.901,1538.140,1511.421,1521.113,68986,,,-1.1238,hfq
2017-09-07,1519.541,1570.359,1508.539,1542.331,67037,,,1.3949,hfq
2017-09-08,1547.046,1584.505,1534.472,1570.097,75605,,,1.8003,hfq
2017-09-11,1569.311,1569.311,1537.878,1543.640,66621,,,-1.6851,hfq
2017-09-12,1541.807,1543.117,1514.302,1539.973,71567,,,-0.2376,hfq
2017-09-13,1533.948,1550.975,1524.780,1543.902,53106,,,0.2551,hfq
2017-09-14,1541.021,1566.168,1524.780,1526.090,57338,,,-1.1537,hfq
2017-09-15,1521.637,1539.973,1519.541,1538.663,41439,,,0.8239,hfq
2017-09-18,1543.379,1562.763,1539.711,1548.356,42998,,,0.6300,hfq
2017-09-19,1548.356,1558.572,1543.117,1552.809,34654,,,0.2876,hfq
2017-09-20,1552.809,1563.025,1551.237,1555.690,27024,,,0.1855,hfq
2017-09-21,1557.524,1558.310,1532.901,1538.925,46973,,,-1.0777,hfq
2017-09-22,1532.639,1547.046,1530.543,1536.306,32194,,,-0.1702,hfq
2017-09-25,1539.187,1545.736,1522.685,1535.782,55413,,,-0.0341,hfq
2017-09-26,1531.067,1543.379,1526.876,1534.734,38688,,,-0.0682,hfq
2017-09-27,1553.595,1558.572,1536.568,1544.164,52914,,,0.6144,hfq
2017-09-28,1545.474,1588.172,1544.164,1587.124,93993,,,2.7821,hfq
2017-09-29,1596.816,1610.437,1579.789,1583.195,65029,,,-0.2476,hfq
2017-10-09,1605.984,1684.569,1601.007,1636.108,121213,,,3.3422,hfq
2017-10-10,1634.799,1662.827,1580.575,1609.128,142659,,,-1.6490,hfq
2017-10-11,1613.843,1660.470,1613.843,1647.634,114461,,,2.3930,hfq
2017-10-12,1648.944,1680.640,1648.944,1661.779,72326,,,0.8585,hfq
2017-10-13,1663.089,1666.233,1640.038,1661.256,51394,,,-0.0315,hfq
2017-10-16,1660.732,1688.498,1649.206,1663.613,62790,,,0.1419,hfq
2017-10-17,1664.923,1686.403,1654.707,1684.831,77688,,,1.2754,hfq
2017-10-18,1686.403,1688.498,1671.734,1680.116,59065,,,-0.2799,hfq
2017-10-19,1678.806,1729.100,1676.711,1727.267,103743,,,2.8064,hfq
2017-10-20,1725.957,1725.957,1700.286,1715.479,59965,,,-0.6825,hfq
2017-10-23,1716.003,1737.221,1704.477,1718.884,58795,,,0.1985,hfq
2017-10-24,1717.051,1730.410,1710.764,1712.074,55798,,,-0.3962,hfq
2017-10-25,1712.074,1772.322,1706.049,1763.416,76949,,,2.9988,hfq
2017-10-26,1727.267,1786.467,1727.267,1749.270,126909,,,-0.8022,hfq
2017-10-27,1751.104,1751.104,1724.385,1739.054,104221,,,-0.5840,hfq
2017-10-30,1739.054,1749.532,1710.764,1716.265,105583,,,-1.3104,hfq
2017-10-31,1712.860,1784.110,1710.764,1774.418,117837,,,3.3883,hfq
2017-11-01,1784.110,1813.448,1765.773,1807.947,107060,,,1.8896,hfq
2017-11-02,1809.781,1858.503,1794.588,1822.616,115051,,,0.8114,hfq
2017-11-03,1831.261,1935.778,1826.022,1898.058,146268,,,4.1392,hfq
2017-11-06,1899.105,2013.053,1875.792,1996.288,192794,,,5.1753,hfq
2017-11-07,1993.407,2028.246,1896.748,1907.226,387043,,,-4.4614,hfq
2017-11-08,1892.033,1895.438,1848.811,1859.289,319676,,,-2.5134,hfq
2017-11-09,1846.977,1875.792,1823.402,1872.648,292337,,,0.7185,hfq
2017-11-10,1873.172,1894.390,1831.784,1886.794,259303,,,0.7554,hfq
2017-11-13,1881.031,1881.031,1826.283,1832.308,263076,,,-2.8878,hfq
2017-11-14,1833.880,1854.312,1766.559,1770.226,284490,,,-3.3882,hfq
2017-11-15,1765.773,1802.446,1745.865,1797.207,266164,,,1.5242,hfq
2017-11-16,1794.588,1851.169,1772.846,1843.572,215881,,,2.5798,hfq
2017-11-17,1836.761,1857.193,1781.490,1787.253,176265,,,-3.0549,hfq
2017-11-20,1756.605,1821.830,1706.049,1818.687,223413,,,1.7588,hfq
2017-11-21,1801.922,1838.857,1799.827,1826.283,179777,,,0.4177,hfq
2017-11-22,1846.977,1873.172,1789.349,1814.758,225279,,,-0.6311,hfq
2017-11-23,1795.897,1803.494,1710.764,1713.645,240950,,,-5.5717,hfq
2017-11-24,1684.831,1747.437,1684.831,1722.290,169674,,,0.5045,hfq
2017-11-27,1716.265,1742.198,1676.973,1695.833,120598,,,-1.5362,hfq
2017-11-28,1706.049,1749.532,1700.286,1748.747,131977,,,3.1202,hfq
2017-11-29,1758.963,1779.395,1710.764,1723.861,109406,,,-1.4231,hfq
2017-11-30,1724.123,1747.437,1702.905,1720.980,69654,,,-0.1671,hfq
2017-12-01,1737.483,1759.486,1721.504,1744.555,77924,,,1.3699,hfq
2017-12-04,1729.624,1793.016,1717.837,1779.133,105660,,,1.9821,hfq
2017-12-05,1777.823,1786.467,1742.198,1752.676,75881,,,-1.4871,hfq
2017-12-06,1752.414,1773.370,1703.691,1725.957,101330,,,-1.5245,hfq
2017-12-07,1723.861,1733.815,1695.833,1701.858,74576,,,-1.3963,hfq
2017-12-08,1698.452,1735.911,1697.143,1727.267,114272,,,1.4930,hfq
2017-12-11,1761.582,1833.618,1750.056,1831.784,243700,,,6.0510,hfq
2017-12-12,1839.381,1851.693,1812.924,1815.020,138390,,,-0.9152,hfq
2017-12-13,1829.165,1844.096,1800.089,1832.832,115216,,,0.9814,hfq
2017-12-14,1844.358,1853.264,1825.760,1837.547,88646,,,0.2573,hfq
2017-12-15,1836.500,1836.500,1781.228,1782.800,108179,,,-2.9794,hfq
2017-12-18,1783.848,1815.544,1783.848,1798.255,72954,,,0.8669,hfq
2017-12-19,1804.542,1812.400,1786.729,1811.352,82889,,,0.7283,hfq
2017-12-20,1833.880,1838.333,1807.685,1830.737,89702,,,1.0702,hfq
2017-12-21,1828.903,1884.960,1823.926,1867.933,150573,,,2.0318,hfq
2017-12-22,1867.933,1897.534,1859.813,1879.197,106673,,,0.6030,hfq
2017-12-25,1873.172,1907.226,1852.216,1873.434,75866,,,-0.3067,hfq
2017-12-26,1873.434,1888.627,1839.119,1865.576,61590,,,-0.4194,hfq
2017-12-27,1870.029,1870.029,1794.588,1798.517,110444,,,-3.5945,hfq
2017-12-28,1798.517,1845.668,1798.517,1831.784,73494,,,1.8497,hfq
2017-12-29,1828.903,1853.526,1815.544,1820.259,72756,,,-0.6292,hfq
2018-01-02,1831.784,1843.048,1799.827,1812.138,93925,,,-0.4461,hfq
2018-01-03,1812.662,1846.977,1810.305,1816.329,124564,,,0.2313,hfq
2018-01-04,1823.926,1865.052,1816.329,1861.909,160499,,,2.5095,hfq
2018-01-05,1887.580,1893.604,1843.834,1855.360,133913,,,-0.3517,hfq
2018-01-08,1857.717,1882.341,1844.358,1879.983,97948,,,1.3271,hfq
2018-01-09,1891.247,1982.929,1875.006,1970.094,217986,,,4.7932,hfq
2018-01-10,1967.474,1995.241,1951.757,1975.333,145295,,,0.2659,hfq
2018-01-11,1967.474,1982.667,1945.732,1958.830,86486,,,-0.8355,hfq
2018-01-12,1958.830,1977.952,1950.709,1967.736,72168,,,0.4547,hfq
2018-01-15,1962.235,2004.147,1941.541,1964.593,141139,,,-0.1597,hfq
2018-01-16,1956.734,2030.080,1948.090,1980.571,172476,,,0.8133,hfq
2018-01-17,1993.407,1995.503,1931.849,1939.707,115277,,,-2.0632,hfq
2018-01-18,1943.899,1977.166,1897.534,1920.323,99762,,,-0.9993,hfq
2018-01-19,1922.419,1971.927,1900.677,1961.187,116944,,,2.1280,hfq
2018-01-22,1961.187,2016.720,1956.734,2014.363,127705,,,2.7114,hfq
2018-01-23,2012.005,2056.013,1991.311,2022.221,147308,,,0.3901,hfq
2018-01-24,2025.889,2067.015,2012.529,2058.370,139220,,,1.7876,hfq
2018-01-25,2074.349,2076.183,1990.264,2005.719,154773,,,-2.5579,hfq
2018-01-26,2006.243,2050.250,1997.598,2034.271,105402,,,1.4235,hfq
2018-01-29,2043.701,2056.537,1922.943,1931.849,175524,,,-5.0348,hfq
2018-01-30,1931.849,1973.237,1926.872,1954.377,86503,,,1.1661,hfq
2018-01-31,1951.495,2001.527,1949.138,1996.026,86171,,,2.1311,hfq
2018-02-01,2009.124,2027.722,1930.801,1957.782,96967,,,-1.9160,hfq
2018-02-02,1972.975,2003.885,1944.161,1959.092,79708,,,0.0669,hfq
2018-02-05,1937.350,1942.851,1891.509,1935.254,124317,,,-1.2168,hfq
2018-02-06,1886.008,1886.008,1773.108,1821.045,241600,,,-5.9015,hfq
2018-02-07,1875.268,1878.411,1770.488,1786.467,153767,,,-1.8988,hfq
2018-02-08,1793.802,1844.096,1788.825,1823.664,107457,,,2.0822,hfq
2018-02-09,1760.534,1817.377,1745.341,1783.062,167040,,,-2.2264,hfq
2018-02-12,1791.706,1883.650,1790.658,1872.387,125221,,,5.0096,hfq
2018-02-13,1888.103,1925.300,1872.387,1879.197,91029,,,0.3637,hfq
2018-02-14,1891.509,1910.369,1881.031,1897.534,55794,,,0.9758,hfq
2018-02-22,1899.367,1930.277,1872.387,1911.679,145671,,,0.7454,hfq
2018-02-23,1925.038,1974.809,1910.631,1932.897,96619,,,1.1099,hfq
2018-02-26,1938.660,1977.952,1913.774,1971.665,98866,,,2.0057,hfq
2018-02-27,1978.476,1991.049,1941.541,1943.113,64497,,,-1.4481,hfq
2018-02-28,1938.660,1959.616,1909.059,1911.941,65965,,,-1.6042,hfq
2018-03-01,1907.226,1959.092,1904.606,1956.734,73570,,,2.3428,hfq
2018-03-02,1947.828,1964.855,1939.707,1945.732,51571,,,-0.5623,hfq
2018-03-05,1946.518,1970.617,1928.444,1964.069,54846,,,0.9424,hfq
2018-03-06,1963.283,2024.055,1962.497,2009.124,98475,,,2.2940,hfq
2018-03-07,2001.265,2021.436,1981.881,1988.430,59575,,,-1.0300,hfq
2018-03-08,2013.315,2082.208,1999.432,2063.347,143653,,,3.7676,hfq
2018-03-09,2063.347,2097.663,2048.678,2092.948,98135,,,1.4346,hfq
2018-03-12,2108.927,2121.762,2084.041,2108.141,88345,,,0.7259,hfq
2018-03-13,2100.282,2114.166,2069.634,2077.755,77988,,,-1.4414,hfq
2018-03-14,2073.563,2115.475,2064.919,2106.569,77879,,,1.3868,hfq
2018-03-15,2097.663,2187.511,2095.829,2179.391,124889,,,3.4569,hfq
2018-03-16,2166.555,2196.156,2152.410,2160.007,93116,,,-0.8894,hfq
2018-03-19,2166.817,2276.312,2150.314,2275.264,144529,,,5.3360,hfq
2018-03-20,2256.404,2341.013,2253.260,2305.126,149633,,,1.3125,hfq
2018-03-21,2313.247,2349.658,2266.096,2279.455,142643,,,-1.1136,hfq
2018-03-22,2266.096,2301.459,2233.876,2263.215,124608,,,-0.7125,hfq
2018-03-23,2196.156,2262.953,2161.316,2229.947,158383,,,-1.4699,hfq
2018-03-26,2229.685,2350.706,2229.423,2301.197,204555,,,3.1951,hfq
2018-03-27,2341.799,2344.681,2241.211,2284.694,207803,,,-0.7171,hfq
2018-03-28,2268.715,2306.174,2187.511,2194.060,233196,,,-3.9670,hfq
2018-03-29,2213.706,2226.018,2082.732,2182.272,161244,,,-0.5373,hfq
2018-03-30,2181.486,2294.386,2180.701,2292.553,142271,,,5.0535,hfq
2018-04-02,2292.553,2315.604,2229.423,2236.496,110219,,,-2.4452,hfq
2018-04-03,2205.062,2239.901,2169.175,2236.234,143768,,,-0.0117,hfq
2018-04-04,2276.574,2284.694,2208.205,2216.588,137104,,,-0.8785,hfq
2018-04-09,2208.467,2223.660,2165.246,2177.295,129534,,,-1.7727,hfq
2018-04-10,2188.821,2232.828,2183.058,2223.136,95517,,,2.1054,hfq
2018-04-11,2225.232,2269.501,2213.706,2241.473,120562,,,0.8248,hfq
2018-04-12,2245.402,2277.622,2219.207,2259.023,104014,,,0.7830,hfq
2018-04-13,2260.857,2271.073,2135.121,2137.217,223433,,,-5.3920,hfq
2018-04-16,2152.148,2208.205,2111.546,2195.108,162869,,,2.7087,hfq
2018-04-17,2194.322,2206.634,2104.473,2131.716,166656,,,-2.8879,hfq
2018-04-18,2148.219,2174.152,2108.665,2162.364,138486,,,1.4377,hfq
2018-04-19,2166.555,2192.750,2150.838,2188.297,97605,,,1.1993,hfq
2018-04-20,2188.297,2270.025,2182.272,2214.492,136024,,,1.1970,hfq
2018-04-23,2212.920,2239.901,2191.440,2221.303,93334,,,0.3076,hfq
2018-04-24,2229.423,2271.597,2213.968,2233.352,108921,,,0.5424,hfq
2018-04-25,2227.851,2307.484,2223.136,2304.341,168922,,,3.1786,hfq
2018-04-26,2310.365,2310.365,2197.465,2207.681,157848,,,-4.1947,hfq
2018-04-27,2187.511,2244.878,2135.645,2200.085,152687,,,-0.3441,hfq
2018-05-02,2213.444,2237.282,2135.121,2159.483,138002,,,-1.8455,hfq
2018-05-03,2160.792,2199.299,2111.546,2184.630,88419,,,1.1645,hfq
2018-05-04,2183.320,2206.372,2156.339,2172.842,80977,,,-0.5396,hfq
2018-05-07,2179.129,2228.113,2174.676,2227.066,92976,,,2.4955,hfq
2018-05-08,2238.067,2267.406,2218.945,2254.570,103102,,,1.2350,hfq
2018-05-09,2254.570,2276.574,2231.519,2262.429,76963,,,0.3486,hfq
2018-05-10,2287.576,2438.982,2267.668,2412.525,252768,,,6.6343,hfq
2018-05-11,2414.359,2517.567,2339.704,2357.254,269733,,,-2.2910,hfq
2018-05-14,2370.876,2409.906,2330.797,2400.738,126126,,,1.8447,hfq
2018-05-15,2406.239,2455.223,2386.331,2434.529,131331,,,1.4075,hfq
2018-05-16,2418.026,2453.913,2407.025,2413.311,114591,,,-0.8715,hfq
2018-05-17,2404.929,2411.740,2349.396,2369.042,103643,,,-1.8344,hfq
2018-05-18,2370.352,2431.124,2350.444,2430.076,102791,,,2.5763,hfq
2018-05-21,2444.221,2446.055,2397.070,2417.503,85001,,,-0.5174,hfq
2018-05-22,2415.931,2507.613,2402.309,2505.517,138794,,,3.6407,hfq
2018-05-23,2496.873,2539.309,2481.680,2492.944,115270,,,-0.5018,hfq
2018-05-24,2449.460,2501.850,2449.460,2478.013,88624,,,-0.5989,hfq
2018-05-25,2483.514,2602.701,2474.345,2563.932,166512,,,3.4673,hfq
2018-05-28,2586.984,2672.117,2545.858,2665.830,173744,,,3.9743,hfq
2018-05-29,2639.373,2708.004,2453.651,2512.852,239240,,,-5.7385,hfq
2018-05-30,2453.259,2618.417,2414.097,2554.397,228286,,,1.6533,hfq
2018-05-31,2554.057,2612.288,2514.555,2609.223,218449,,,2.1463,hfq
2018-06-01,2609.564,2632.039,2492.420,2537.030,215486,,,-2.7668,hfq
2018-06-04,2556.781,2612.628,2506.041,2595.942,202431,,,2.3221,hfq
2018-06-05,2610.245,2808.776,2588.791,2746.118,300368,,,5.7850,hfq
2018-06-06,2761.101,2846.575,2730.794,2823.078,267558,,,2.8025,hfq
2018-06-07,2824.440,2853.045,2787.322,2809.457,237760,,,-0.4825,hfq
2018-06-08,2788.684,2830.229,2776.085,2780.171,271095,,,-1.0424,hfq
2018-06-11,2778.128,2778.468,2616.374,2673.584,376465,,,-3.8338,hfq
2018-06-12,2678.011,2699.124,2644.639,2695.378,232293,,,0.8152,hfq
2018-06-13,2672.903,2681.076,2603.434,2639.871,186431,,,-2.0593,hfq
2018-06-14,2638.849,2671.881,2604.115,2614.672,158804,,,-0.9546,hfq
2018-06-15,2605.137,2638.168,2573.467,2603.093,142981,,,-0.4428,hfq
2018-06-19,2594.580,2659.963,2519.663,2570.402,262520,,,-1.2559,hfq
2018-06-20,2570.743,2711.724,2523.068,2704.913,319820,,,5.2331,hfq
2018-06-21,2704.913,2738.285,2644.979,2679.373,219275,,,-0.9442,hfq
2018-06-22,2642.255,2716.832,2611.607,2705.935,201434,,,0.9914,hfq
2018-06-25,2712.405,2784.598,2693.335,2728.069,230032,,,0.8180,hfq
2018-06-26,2707.297,2767.912,2658.260,2732.496,188501,,,0.1623,hfq
2018-06-27,2739.988,2742.712,2604.796,2620.120,216343,,,-4.1126,hfq
2018-06-28,2567.337,2608.201,2495.825,2497.528,256433,,,-4.6789,hfq
2018-06-29,2508.766,2607.520,2508.766,2596.623,162773,,,3.9677,hfq
2018-07-02,2570.743,2658.600,2536.689,2584.364,169244,,,-0.4721,hfq
2018-07-03,2579.256,2579.937,2366.422,2485.950,379958,,,-3.8081,hfq
2018-07-04,2451.556,2475.393,2401.497,2402.860,190048,,,-3.3424,hfq
2018-07-05,2407.287,2453.259,2327.602,2332.029,250616,,,-2.9478,hfq
2018-07-06,2332.369,2450.534,2321.472,2399.795,309294,,,2.9059,hfq
2018-07-09,2375.957,2484.247,2373.574,2478.458,214347,,,3.2779,hfq
2018-07-10,2494.123,2525.111,2463.134,2497.187,157070,,,0.7557,hfq
2018-07-11,2451.556,2497.869,2407.627,2481.182,192820,,,-0.6409,hfq
2018-07-12,2487.652,2559.165,2487.312,2526.473,241162,,,1.8254,hfq
2018-07-13,2532.262,2580.959,2506.041,2570.402,237112,,,1.7387,hfq
2018-07-16,2553.716,2577.213,2524.771,2560.867,137178,,,-0.3710,hfq
2018-07-17,2567.337,2573.126,2470.966,2494.123,181517,,,-2.6063,hfq
2018-07-18,2504.339,2597.985,2485.609,2540.095,233663,,,1.8432,hfq
2018-07-19,2557.121,2559.505,2494.123,2510.128,128442,,,-1.1798,hfq
2018-07-20,2507.744,2531.922,2437.253,2528.517,175336,,,0.7326,hfq
2018-07-23,2419.205,2461.772,2372.212,2406.946,392308,,,-4.8080,hfq
2018-07-24,2390.260,2475.393,2372.552,2434.870,260237,,,1.1601,hfq
2018-07-25,2429.081,2478.458,2421.589,2464.837,155788,,,1.2307,hfq
2018-07-26,2475.053,2489.355,2414.097,2417.503,144469,,,-1.9204,hfq
2018-07-27,2407.968,2430.443,2396.389,2414.097,111570,,,-0.1409,hfq
2018-07-30,2407.968,2417.503,2332.710,2368.125,160200,,,-1.9043,hfq
2018-07-31,2349.736,2412.395,2349.396,2361.996,131961,,,-0.2588,hfq
2018-08-01,2392.984,2392.984,2337.477,2342.926,96969,,,-0.8074,hfq
2018-08-02,2342.926,2381.065,2311.937,2380.044,196298,,,1.5843,hfq
2018-08-03,2366.422,2400.135,2277.884,2280.948,180978,,,-4.1636,hfq
2018-08-06,2247.236,2253.365,2087.185,2122.941,386501,,,-6.9273,hfq
2018-08-07,2114.427,2182.194,2088.887,2177.086,247370,,,2.5505,hfq
2018-08-08,2186.621,2206.031,2136.562,2149.843,124749,,,-1.2514,hfq
2018-08-09,2151.886,2320.450,2139.968,2300.018,232524,,,6.9854,hfq
2018-08-10,2300.018,2421.929,2299.337,2401.497,260948,,,4.4121,hfq
2018-08-13,2396.389,2424.313,2355.525,2412.395,148724,,,0.4538,hfq
2018-08-14,2412.395,2448.832,2390.260,2438.275,156682,,,1.0728,hfq
2018-08-15,2429.081,2433.167,2308.532,2316.364,203947,,,-4.9999,hfq
2018-08-16,2281.289,2380.384,2274.819,2306.148,175889,,,-0.4410,hfq
2018-08-17,2328.283,2328.964,2182.534,2226.123,329551,,,-3.4701,hfq
2018-08-20,2214.544,2229.868,2093.995,2158.697,295977,,,-3.0289,hfq
2018-08-21,2162.102,2311.937,2160.400,2298.316,246914,,,6.4677,hfq
2018-08-22,2282.992,2304.445,2243.149,2283.673,132341,,,-0.6371,hfq
2018-08-23,2291.846,2339.520,2265.965,2317.386,156090,,,1.4763,hfq
2018-08-24,2303.764,2366.763,2282.311,2331.347,184790,,,0.6024,hfq
2018-08-27,2339.861,2451.556,2337.477,2412.395,265124,,,3.4764,hfq
2018-08-28,2416.821,2430.443,2384.811,2418.524,168854,,,0.2541,hfq
2018-08-29,2407.287,2417.503,2380.044,2392.644,108663,,,-1.0701,hfq
2018-08-30,2395.368,2410.692,2325.558,2332.029,157552,,,-2.5334,hfq
2018-08-31,2315.342,2315.342,2220.674,2269.370,293465,,,-2.6869,hfq
2018-09-03,2234.976,2257.452,2213.182,2253.365,129138,,,-0.7053,hfq
2018-09-04,2264.262,2279.246,2213.182,2255.068,173985,,,0.0756,hfq
2018-09-05,2254.046,2274.478,2222.717,2223.058,137537,,,-1.4195,hfq
2018-09-06,2196.156,2227.485,2179.129,2182.534,132835,,,-1.8229,hfq
2018-09-07,2197.858,2274.138,2197.858,2251.322,199101,,,3.1517,hfq
2018-09-10,2257.452,2272.776,2185.599,2195.475,144492,,,-2.4806,hfq
2018-09-11,2198.880,2255.749,2179.810,2221.015,120543,,,1.1633,hfq
2018-09-12,2218.290,2218.290,2093.995,2107.617,333740,,,-5.1057,hfq
2018-09-13,2147.800,2155.292,1911.810,2022.483,560078,,,-4.0393,hfq
2018-09-14,2018.397,2024.186,1944.161,1996.262,273474,,,-1.2965,hfq
2018-09-17,1970.041,2022.483,1896.145,1903.297,289501,,,-4.6570,hfq
2018-09-18,1903.297,1980.257,1863.454,1973.446,346143,,,3.6857,hfq
2018-09-19,1967.998,2072.201,1952.674,2030.997,326950,,,2.9163,hfq
2018-09-20,2030.997,2070.499,2009.203,2032.359,185944,,,0.0671,hfq
2018-09-21,2035.424,2102.509,2000.689,2087.866,205031,,,2.7312,hfq
2018-09-25,2061.304,2133.838,2053.131,2111.022,164970,,,1.1091,hfq
2018-09-26,2124.984,2192.750,2100.125,2151.886,328167,,,1.9357,hfq
2018-09-27,2147.119,2196.156,2130.773,2153.589,216015,,,0.0791,hfq
2018-09-28,2132.476,2189.345,2132.476,2179.129,179392,,,1.1859,hfq
2018-10-08,2128.049,2128.049,1998.305,2005.116,290842,,,-7.9854,hfq
2018-10-09,1998.646,2044.959,1997.965,2018.056,190432,,,0.6453,hfq
2018-10-10,2045.640,2056.537,1957.782,1996.603,153980,,,-1.0631,hfq
2018-10-11,1855.622,1944.842,1845.406,1908.405,294450,,,-4.4174,hfq
2018-10-12,1917.939,1995.581,1885.929,1967.998,273915,,,3.1227,hfq
2018-10-15,1964.593,2030.316,1961.528,1977.873,165328,,,0.5018,hfq
2018-10-16,1985.025,2038.488,1969.020,1992.176,124743,,,0.7232,hfq
2018-10-17,2019.078,2048.023,1913.513,1996.262,165453,,,0.2051,hfq
2018-10-18,1988.430,2009.203,1886.610,1904.659,280168,,,-4.5887,hfq
2018-10-19,1889.335,1978.214,1865.838,1944.161,334821,,,2.0740,hfq
2018-10-22,1974.809,2136.903,1974.128,2101.147,488159,,,8.0747,hfq
2018-10-23,2089.569,2112.044,2032.699,2071.861,329623,,,-1.3938,hfq
2018-10-24,2069.136,2071.180,1952.674,2010.905,280090,,,-2.9421,hfq
2018-10-25,1930.539,1970.382,1892.740,1950.971,234672,,,-2.9804,hfq
2018-10-26,1991.154,2020.781,1958.463,1985.025,231620,,,1.7455,hfq
2018-10-29,1985.025,1985.025,1889.675,1941.096,246942,,,-2.2130,hfq
2018-10-30,1955.398,2042.915,1925.431,2004.435,228883,,,3.2631,hfq
2018-10-31,2022.483,2128.049,2019.078,2113.746,242007,,,5.4535,hfq
2018-11-01,2140.308,2209.777,2117.152,2145.076,292174,,,1.4822,hfq
2018-11-02,2247.236,2327.261,2221.696,2318.748,371911,,,8.0963,hfq
2018-11-05,2285.375,2293.208,2224.079,2263.922,219001,,,-2.3645,hfq
2018-11-06,2264.262,2270.392,2214.885,2244.171,154046,,,-0.8724,hfq
2018-11-07,2254.046,2268.689,2216.928,2225.782,143596,,,-0.8194,hfq
2018-11-08,2252.684,2260.857,2222.377,2240.084,121184,,,0.6426,hfq
2018-11-09,2219.993,2246.555,2189.004,2212.161,124070,,,-1.2465,hfq
2018-11-12,2211.480,2260.857,2175.042,2231.231,134920,,,0.8621,hfq
2018-11-13,2192.069,2264.262,2186.280,2243.830,157490,,,0.5647,hfq
2018-11-14,2254.046,2267.327,2196.156,2200.583,135609,,,-1.9274,hfq
2018-11-15,2182.534,2203.988,2134.860,2203.988,220142,,,0.1547,hfq
2018-11-16,2189.345,2191.388,2117.152,2138.605,293398,,,-2.9666,hfq
2018-11-19,2144.394,2199.220,2129.751,2172.659,181850,,,1.5923,hfq
2018-11-20,2159.037,2182.875,2138.265,2149.843,123957,,,-1.0501,hfq
2018-11-21,2128.049,2211.480,2123.962,2196.837,143635,,,2.1859,hfq
2018-11-22,2196.156,2218.290,2162.443,2172.999,121120,,,-1.0851,hfq
2018-11-23,2161.421,2184.237,2140.649,2149.502,101553,,,-1.0813,hfq
2018-11-26,2161.762,2166.870,2128.049,2146.778,75948,,,-0.1267,hfq
2018-11-27,2154.951,2167.551,2131.454,2145.416,73165,,,-0.0634,hfq
2018-11-28,2157.335,2222.036,2134.860,2211.820,175436,,,3.0952,hfq
2018-11-29,2219.993,2239.403,2197.518,2197.518,128711,,,-0.6466,hfq
2018-11-30,2209.777,2250.641,2189.345,2245.533,142638,,,2.1850,hfq
2018-12-03,2301.721,2315.342,2250.641,2296.273,221274,,,2.2596,hfq
2018-12-04,2297.975,2308.532,2264.603,2296.613,125143,,,0.0148,hfq
2018-12-05,2264.603,2340.542,2260.176,2295.251,161182,,,-0.0593,hfq
2018-12-06,2257.792,2277.543,2076.969,2150.184,343875,,,-6.3203,hfq
2018-12-07,2114.427,2120.898,1993.197,2004.776,508862,,,-6.7626,hfq
2018-12-10,1974.128,2042.234,1948.928,2025.889,233019,,,1.0531,hfq
2018-12-11,2027.591,2080.034,2027.591,2064.028,174130,,,1.8826,hfq
2018-12-12,2087.525,2090.590,2009.543,2020.440,186623,,,-2.1118,hfq
2018-12-13,2026.229,2083.439,2008.862,2057.218,205222,,,1.8203,hfq
2018-12-14,2039.170,2056.537,2001.030,2022.483,203403,,,-1.6884,hfq
2018-12-17,2006.138,2007.840,1903.978,1964.252,285971,,,-2.8792,hfq
2018-12-18,1960.506,1985.025,1940.755,1951.652,175128,,,-0.6415,hfq
2018-12-19,1957.782,1964.252,1889.675,1893.421,228167,,,-2.9837,hfq
2018-12-20,1878.438,1893.421,1813.736,1819.866,364633,,,-3.8848,hfq
2018-12-21,1807.947,1807.947,1715.662,1722.473,513154,,,-5.3517,hfq
2018-12-24,1739.840,1828.379,1733.030,1827.017,295973,,,6.0694,hfq
2018-12-25,1798.072,1848.130,1785.812,1835.530,222119,,,0.4660,hfq
2018-12-26,1832.125,1842.000,1787.515,1787.515,150453,,,-2.6159,hfq
2018-12-27,1804.542,1831.784,1763.678,1770.488,255486,,,-0.9526,hfq
2018-12-28,1786.153,1817.823,1777.640,1813.055,202230,,,2.4043,hfq
2019-01-02,1831.444,1852.557,1805.904,1820.547,278848,,,0.4132,hfq
2019-01-03,1795.347,1810.671,1723.495,1755.845,325560,,,-3.5540,hfq
2019-01-04,1729.624,1871.967,1711.917,1867.540,354968,,,6.3613,hfq
2019-01-07,1855.622,1859.027,1818.163,1840.979,240338,,,-1.4222,hfq
2019-01-08,1833.487,1867.881,1833.487,1854.941,128292,,,0.7584,hfq
2019-01-09,1872.648,1931.220,1859.027,1907.723,197010,,,2.8455,hfq
2019-01-10,1892.740,1965.955,1880.140,1932.923,163685,,,1.3209,hfq
2019-01-11,1930.539,1941.096,1890.697,1922.026,131164,,,-0.5638,hfq
2019-01-14,1922.026,1922.026,1859.368,1866.859,111805,,,-2.8703,hfq
2019-01-15,1872.648,1940.415,1866.859,1938.712,161210,,,3.8489,hfq
2019-01-16,1938.372,1991.495,1906.702,1973.787,177373,,,1.8092,hfq
2019-01-17,1969.701,2006.819,1961.868,1970.041,124214,,,-0.1898,hfq
2019-01-18,1988.430,2052.450,1975.490,2031.678,178399,,,3.1287,hfq
2019-01-21,2024.527,2075.607,2020.781,2028.272,157929,,,-0.1676,hfq
2019-01-22,2036.105,2036.105,1959.485,1981.279,151659,,,-2.3169,hfq
2019-01-23,1971.403,2004.776,1965.614,1992.516,90135,,,0.5672,hfq
2019-01-24,1988.430,2049.045,1971.403,2038.829,121942,,,2.3243,hfq
2019-01-25,2037.807,2052.450,2019.419,2025.548,111232,,,-0.6514,hfq
2019-01-28,1990.133,1990.133,1872.648,1883.546,415754,,,-7.0105,hfq
2019-01-29,1890.016,1965.955,1882.183,1963.912,267403,,,4.2667,hfq
2019-01-30,1957.782,2008.181,1951.993,1971.403,144053,,,0.3814,hfq
2019-01-31,2000.008,2041.213,1977.873,2027.591,185000,,,2.8502,hfq
2019-02-01,2057.899,2089.569,2020.440,2087.866,173804,,,2.9727,hfq
2019-02-11,2062.326,2133.497,2052.791,2122.941,162455,,,1.6799,hfq
2019-02-12,2145.076,2203.988,2128.049,2179.129,213539,,,2.6467,hfq
2019-02-13,2196.156,2263.922,2196.156,2250.300,208882,,,3.2660,hfq
2019-02-14,2247.236,2269.370,2226.804,2257.452,157679,,,0.3178,hfq
2019-02-15,2237.701,2255.749,2193.091,2206.031,137296,,,-2.2778,hfq
2019-02-18,2274.478,2320.450,2264.262,2292.527,240945,,,3.9209,hfq
2019-02-19,2291.505,2314.321,2250.641,2261.879,196815,,,-1.3369,hfq
2019-02-20,2250.641,2261.879,2198.880,2228.506,176077,,,-1.4755,hfq
2019-02-21,2232.252,2281.289,2230.209,2245.192,159134,,,0.7488,hfq
2019-02-22,2256.430,2274.478,2216.588,2274.478,119445,,,1.3044,hfq
2019-02-25,2264.262,2363.017,2257.452,2349.396,356755,,,3.2939,hfq
2019-02-26,2321.813,2517.619,2308.872,2332.369,368608,,,-0.7247,hfq
2019-02-27,2330.666,2410.011,2324.537,2359.612,191795,,,1.1680,hfq
2019-02-28,2359.612,2475.393,2350.077,2465.177,282684,,,4.4738,hfq
2019-03-01,2495.825,2502.636,2430.443,2468.583,207387,,,0.1382,hfq
2019-03-04,2482.544,2536.689,2457.345,2477.777,270970,,,0.3724,hfq
2019-03-05,2472.669,2498.550,2454.961,2472.669,159719,,,-0.2062,hfq
2019-03-06,2475.393,2495.825,2414.097,2443.043,207512,,,-1.1981,hfq
2019-03-07,2442.702,2442.702,2391.963,2413.416,202092,,,-1.2127,hfq
2019-03-08,2366.422,2449.853,2354.504,2388.898,201548,,,-1.0159,hfq
2019-03-11,2400.816,2430.443,2376.638,2410.692,196450,,,0.9123,hfq
2019-03-12,2444.745,2452.918,2379.363,2394.006,186710,,,-0.6922,hfq
2019-03-13,2396.049,2422.611,2380.044,2396.389,166470,,,0.0995,hfq
2019-03-14,2406.605,2438.275,2391.281,2402.519,188755,,,0.2558,hfq
2019-03-15,2410.692,2496.166,2391.963,2452.237,256058,,,2.0694,hfq
2019-03-18,2475.393,2572.445,2439.297,2540.095,291631,,,3.5828,hfq
2019-03-19,2534.987,2535.327,2456.323,2471.988,235289,,,-2.6813,hfq
2019-03-20,2457.004,2502.636,2439.978,2493.101,170864,,,0.8541,hfq
2019-03-21,2503.658,2521.706,2464.496,2482.204,125727,,,-0.4371,hfq
2019-03-22,2499.231,2519.322,2470.285,2507.063,134844,,,1.0015,hfq
2019-03-25,2471.988,2506.041,2440.659,2441.340,178861,,,-2.6215,hfq
2019-03-26,2465.177,2484.928,2429.762,2453.259,129691,,,0.4882,hfq
2019-03-27,2473.350,2589.472,2473.350,2548.949,344629,,,3.9005,hfq
2019-03-28,2544.726,2698.783,2516.938,2666.092,255548,,,4.5957,hfq
2019-03-29,2634.627,2721.667,2584.364,2697.557,294505,,,1.1802,hfq
2019-04-01,2721.259,2800.944,2699.192,2711.043,264290,,,0.4999,hfq
2019-04-02,2721.259,2721.667,2664.049,2691.837,199156,,,-0.7084,hfq
2019-04-03,2690.611,2718.398,2676.717,2704.096,166465,,,0.4554,hfq
2019-04-04,2700.827,2731.475,2676.308,2726.980,178992,,,0.8463,hfq
2019-04-08,2741.691,2741.691,2617.055,2638.713,320093,,,-3.2368,hfq
2019-04-09,2620.324,2684.481,2582.321,2673.039,257800,,,1.3009,hfq
2019-04-10,2678.760,2763.349,2639.939,2710.225,326110,,,1.3912,hfq
2019-04-11,2710.225,2741.691,2631.358,2638.713,250216,,,-2.6386,hfq
2019-04-12,2651.790,2685.298,2620.324,2664.866,157140,,,0.9911,hfq
2019-04-15,2705.730,2720.441,2603.979,2612.969,197564,,,-1.9475,hfq
2019-04-16,2612.560,2674.674,2600.710,2674.674,164085,,,2.3615,hfq
2019-04-17,2700.827,2700.827,2648.112,2661.188,153631,,,-0.5042,hfq
2019-04-18,2670.179,2670.179,2630.132,2644.843,101789,,,-0.6142,hfq
2019-04-19,2639.531,2683.664,2630.540,2657.919,127295,,,0.4944,hfq
2019-04-22,2651.790,2655.876,2560.663,2563.523,269081,,,-3.5515,hfq
2019-04-23,2561.072,2621.142,2558.211,2592.128,190381,,,1.1158,hfq
2019-04-24,2609.291,2626.863,2578.234,2592.537,147052,,,0.0158,hfq
2019-04-25,2599.892,2675.082,2594.580,2635.444,264766,,,1.6550,hfq
2019-04-26,2599.075,2631.766,2541.457,2571.288,203221,,,-2.4344,hfq
2019-04-29,2577.417,2739.239,2577.417,2693.471,412739,,,4.7518,hfq
2019-04-30,2680.395,2733.518,2665.684,2711.043,194519,,,0.6524,hfq
2019-05-06,2680.395,2680.395,2599.484,2647.703,348033,,,-2.3364,hfq
2019-05-07,2672.222,2822.601,2660.780,2726.980,424232,,,2.9942,hfq
2019-05-08,2662.823,2704.913,2639.531,2648.929,235150,,,-2.8622,hfq
2019-05-09,2627.271,2670.179,2557.802,2578.234,211815,,,-2.6688,hfq
2019-05-10,2614.195,2651.790,2531.649,2644.434,219774,,,2.5676,hfq
2019-05-13,2615.012,2670.587,2586.816,2646.477,137765,,,0.0773,hfq
2019-05-14,2632.992,2707.365,2598.666,2599.892,234627,,,-1.7603,hfq
2019-05-15,2620.324,2697.149,2619.507,2697.149,300369,,,3.7408,hfq
2019-05-16,2675.900,2687.750,2628.089,2650.972,284269,,,-1.7121,hfq
2019-05-17,2631.358,2637.896,2582.321,2588.859,295148,,,-2.3430,hfq
2019-05-20,2586.407,2617.873,2462.181,2486.290,319055,,,-3.9619,hfq
2019-05-21,2486.699,2539.414,2486.699,2509.174,192418,,,0.9204,hfq
2019-05-22,2508.766,2541.457,2480.161,2519.390,157541,,,0.4071,hfq
2019-05-23,2516.938,2516.938,2458.911,2460.137,161124,,,-2.3519,hfq
2019-05-24,2470.762,2504.679,2461.772,2478.935,114232,,,0.7641,hfq
2019-05-27,2482.204,2541.457,2435.210,2525.111,178433,,,1.8627,hfq
2019-05-28,2525.111,2585.590,2521.433,2579.052,244889,,,2.1362,hfq
2019-05-29,2557.802,2581.095,2541.048,2554.125,106882,,,-0.9665,hfq
2019-05-30,2525.111,2557.394,2509.583,2554.125,111061,,,0.0000,hfq
2019-05-31,2594.580,2634.627,2564.341,2564.341,180457,,,0.4000,hfq
2019-06-03,2572.513,2619.098,2568.427,2607.657,196510,,,1.6892,hfq
2019-06-04,2612.969,2626.454,2537.370,2559.028,162462,,,-1.8649,hfq
2019-06-05,2557.802,2572.513,2430.715,2435.210,361236,,,-4.8385,hfq
2019-06-06,2437.253,2451.147,2360.838,2393.529,244782,,,-1.7116,hfq
2019-06-10,2393.120,2450.330,2369.010,2420.091,164987,,,1.1097,hfq
2019-06-11,2434.802,2489.559,2423.360,2480.978,236636,,,2.5159,hfq
2019-06-12,2474.848,2509.991,2439.297,2490.377,158292,,,0.3788,hfq
2019-06-13,2508.766,2547.586,2476.074,2529.198,152969,,,1.5588,hfq
2019-06-14,2533.284,2577.417,2516.938,2528.380,175688,,,-0.0323,hfq
2019-06-17,2555.759,2577.417,2537.370,2541.457,138578,,,0.5172,hfq
2019-06-18,2557.802,2591.720,2552.081,2581.912,140974,,,1.5918,hfq
2019-06-19,2626.454,2684.890,2626.454,2655.059,274499,,,2.8331,hfq
2019-06-20,2668.135,2721.259,2640.756,2701.235,264794,,,1.7392,hfq
2019-06-21,2696.740,2747.003,2694.288,2717.172,192742,,,0.5900,hfq
2019-06-24,2738.013,2760.079,2704.096,2723.710,157763,,,0.2406,hfq
2019-06-25,2726.571,2768.661,2684.072,2722.485,158846,,,-0.0450,hfq
2019-06-26,2729.431,2761.305,2708.999,2741.691,130423,,,0.7055,hfq
2019-06-27,2735.152,2785.824,2735.152,2758.036,146115,,,0.5962,hfq
2019-06-28,2758.036,2758.036,2670.179,2721.259,189280,,,-1.3334,hfq
2019-07-01,2762.123,2828.731,2761.305,2812.385,222347,,,3.3487,hfq
2019-07-02,2802.987,2903.921,2798.900,2893.296,296291,,,2.8770,hfq
2019-07-03,2884.715,2884.715,2803.804,2818.106,219413,,,-2.5988,hfq
2019-07-04,2818.106,2823.419,2708.999,2725.754,265375,,,-3.2771,hfq
2019-07-05,2735.561,2798.900,2731.475,2778.468,167373,,,1.9339,hfq
2019-07-08,2748.638,2793.997,2721.259,2741.691,147923,,,-1.3236,hfq
2019-07-09,2759.671,2778.468,2732.292,2740.873,101459,,,-0.0298,hfq
2019-07-10,2764.575,2816.472,2745.777,2778.877,143314,,,1.3866,hfq
2019-07-11,2790.728,2800.944,2737.604,2748.229,114916,,,-1.1029,hfq
2019-07-12,2741.282,2778.060,2725.345,2739.647,113454,,,-0.3123,hfq
2019-07-15,2757.628,2791.953,2702.870,2777.651,182260,,,1.3872,hfq
2019-07-16,2770.295,2782.555,2723.302,2723.710,122060,,,-1.9420,hfq
2019-07-17,2725.754,2754.767,2691.837,2731.066,94187,,,0.2701,hfq
2019-07-18,2725.345,2738.830,2706.956,2722.076,89084,,,-0.3292,hfq
2019-07-19,2741.691,2762.940,2715.129,2722.076,147348,,,0.0000,hfq
2019-07-22,2720.850,2762.940,2694.697,2743.325,120897,,,0.7806,hfq
2019-07-23,2743.325,2754.359,2713.086,2723.302,95375,,,-0.7299,hfq
2019-07-24,2738.422,2758.854,2723.710,2745.777,108107,,,0.8253,hfq
2019-07-25,2745.368,2761.714,2737.604,2750.681,93202,,,0.1786,hfq
2019-07-26,2739.647,2768.661,2739.647,2754.767,120438,,,0.1485,hfq
2019-07-29,2754.767,2780.512,2729.431,2747.820,104602,,,-0.2522,hfq
2019-07-30,2751.907,2772.339,2747.003,2760.488,100350,,,0.4610,hfq
2019-07-31,2737.604,2761.714,2707.773,2759.671,146493,,,-0.0296,hfq
2019-08-01,2745.777,2776.016,2740.873,2751.089,104499,,,-0.3110,hfq
2019-08-02,2710.225,2742.917,2688.159,2722.893,137849,,,-1.0249,hfq
2019-08-05,2708.999,2720.850,2635.853,2643.617,196056,,,-2.9115,hfq
2019-08-06,2598.666,2697.557,2551.673,2669.770,183629,,,0.9893,hfq
2019-08-07,2680.395,2720.441,2668.135,2700.827,138901,,,1.1633,hfq
2019-08-08,2716.355,2753.950,2716.355,2748.229,121912,,,1.7551,hfq
2019-08-09,2765.392,2795.223,2749.455,2757.219,164169,,,0.3271,hfq
2019-08-12,2751.089,2775.199,2747.820,2772.339,112063,,,0.5484,hfq
2019-08-13,2772.339,2788.276,2758.036,2764.575,117636,,,-0.2801,hfq
2019-08-14,2786.232,2860.196,2786.232,2831.183,242887,,,2.4093,hfq
2019-08-15,2805.030,2856.110,2802.987,2843.851,215331,,,0.4474,hfq
2019-08-16,2843.851,2872.456,2816.472,2848.754,169987,,,0.1724,hfq
2019-08-19,2864.691,2972.573,2856.110,2963.991,247327,,,4.0452,hfq
2019-08-20,2964.400,2984.832,2929.665,2964.808,129141,,,0.0276,hfq
2019-08-21,2974.616,2978.702,2923.944,2954.592,109978,,,-0.3446,hfq
2019-08-22,3006.898,3006.898,2933.752,2955.410,125230,,,0.0277,hfq
2019-08-23,2986.875,3203.454,2978.702,3154.418,352863,,,6.7337,hfq
2019-08-26,3132.351,3154.826,3095.982,3111.510,255952,,,-1.3603,hfq
2019-08-27,3133.986,3202.637,3113.554,3121.726,294953,,,0.3283,hfq
2019-08-28,3131.942,3204.680,3109.876,3175.667,219129,,,1.7279,hfq
2019-08-29,3131.125,3215.714,3117.640,3168.311,187372,,,-0.2316,hfq
2019-08-30,3206.724,3316.239,3191.195,3295.399,287797,,,4.0112,hfq
2019-09-02,3313.379,3321.143,3245.544,3277.418,220966,,,-0.5456,hfq
2019-09-03,3282.322,3287.634,3211.627,3232.059,235753,,,-1.3840,hfq
2019-09-04,3243.501,3272.515,3183.431,3223.069,181167,,,-0.2782,hfq
2019-09-05,3243.910,3250.857,3211.627,3231.242,177268,,,0.2536,hfq
2019-09-06,3258.212,3300.711,3203.454,3297.850,202205,,,2.0614,hfq
2019-09-09,3302.754,3302.754,3225.112,3262.707,180285,,,-1.0656,hfq
2019-09-10,3275.375,3344.435,3258.621,3316.648,195322,,,1.6533,hfq
2019-09-11,3307.658,3307.658,3183.022,3215.305,237228,,,-3.0556,hfq
2019-09-12,3231.242,3250.448,3194.464,3236.146,123693,,,0.6482,hfq
2019-09-16,3268.837,3312.561,3232.059,3283.548,148501,,,1.4648,hfq
2019-09-17,3277.010,3308.884,3245.136,3253.717,113183,,,-0.9085,hfq
2019-09-18,3252.491,3297.442,3239.415,3285.591,158199,,,0.9796,hfq
2019-09-19,3299.894,3349.339,3271.697,3299.076,170379,,,0.4104,hfq
2019-09-20,3299.076,3433.928,3293.355,3354.651,261808,,,1.6846,hfq
2019-09-23,3376.718,3376.718,3317.057,3338.306,167257,,,-0.4872,hfq
2019-09-24,3334.219,3431.476,3324.003,3395.516,217481,,,1.7137,hfq
2019-09-25,3380.804,3447.821,3357.921,3409.001,169407,,,0.3971,hfq
2019-09-26,3436.380,3449.865,3336.671,3346.887,149840,,,-1.8221,hfq
2019-09-27,3350.565,3375.083,3320.326,3336.263,125056,,,-0.3174,hfq
2019-09-30,3326.047,3391.429,3315.831,3321.143,123381,,,-0.4532,hfq
2019-10-08,3298.259,3360.781,3298.259,3307.658,162990,,,-0.4060,hfq
2019-10-09,3307.658,3308.066,3194.056,3239.823,223927,,,-2.0508,hfq
2019-10-10,3243.501,3431.067,3240.232,3415.948,263569,,,5.4363,hfq
2019-10-11,3452.725,3469.071,3400.419,3431.885,151871,,,0.4665,hfq
2019-10-14,3449.456,3493.589,3402.871,3438.831,193422,,,0.2024,hfq
2019-10-15,3463.758,3536.496,3446.187,3507.892,154965,,,2.0083,hfq
2019-10-16,3522.194,3552.433,3467.028,3537.314,143535,,,0.8387,hfq
2019-10-17,3548.347,3573.683,3481.330,3530.367,126525,,,-0.1964,hfq
2019-10-18,3530.367,3533.636,3442.918,3467.845,156062,,,-1.7710,hfq
2019-10-21,3467.436,3485.416,3366.911,3400.011,199148,,,-1.9561,hfq
2019-10-22,3432.293,3449.456,3396.741,3444.144,101579,,,1.2980,hfq
2019-10-23,3436.380,3473.974,3397.967,3406.957,114957,,,-1.0797,hfq
2019-10-24,3424.120,3435.562,3360.781,3404.097,121178,,,-0.0839,hfq
2019-10-25,3501.762,3602.696,3500.536,3601.470,419354,,,5.7981,hfq
2019-10-28,3594.523,3748.990,3587.985,3746.129,251886,,,4.0167,hfq
2019-10-29,3734.279,3765.744,3709.760,3733.053,139972,,,-0.3491,hfq
2019-10-30,3772.691,3773.508,3683.607,3709.351,143744,,,-0.6349,hfq
2019-10-31,3742.860,3810.694,3697.092,3737.956,169234,,,0.7712,hfq
2019-11-01,3731.418,3804.156,3720.385,3804.156,175347,,,1.7710,hfq
2019-11-04,3804.156,3824.588,3765.335,3791.897,171634,,,-0.3223,hfq
2019-11-05,3783.724,3790.262,3721.611,3755.119,176470,,,-0.9699,hfq
2019-11-06,3757.162,3779.638,3722.428,3750.624,127383,,,-0.1197,hfq
2019-11-07,3762.883,3778.412,3718.750,3725.697,151496,,,-0.6646,hfq
2019-11-08,3763.292,3821.319,3737.956,3755.119,162781,,,0.7897,hfq
2019-11-11,3735.096,3735.096,3620.268,3656.228,261003,,,-2.6335,hfq
2019-11-12,3679.521,3698.318,3623.946,3688.511,159165,,,0.8830,hfq
2019-11-13,3684.833,3783.724,3634.979,3758.797,209854,,,1.9055,hfq
2019-11-14,3783.724,3905.908,3783.724,3878.937,251296,,,3.1962,hfq
2019-11-15,3869.539,3892.014,3811.920,3812.329,142107,,,-1.7172,hfq
2019-11-18,3853.193,3859.323,3795.983,3820.502,108510,,,0.2144,hfq
2019-11-19,3820.502,3932.061,3812.329,3932.061,200283,,,2.9200,hfq
2019-11-20,3907.133,3966.386,3886.293,3906.316,152919,,,-0.6547,hfq
2019-11-21,3906.316,3906.316,3775.551,3808.242,239382,,,-2.5107,hfq
2019-11-22,3824.588,3851.150,3621.494,3660.315,332720,,,-3.8844,hfq
2019-11-25,3661.132,3681.155,3562.241,3625.171,226209,,,-0.9601,hfq
2019-11-26,3656.228,3706.082,3627.623,3657.045,204799,,,0.8792,hfq
2019-11-27,3657.454,3712.212,3627.623,3687.693,121332,,,0.8381,hfq
2019-11-28,3688.102,3707.717,3652.550,3688.919,94543,,,0.0332,hfq
2019-11-29,3661.132,3661.132,3445.370,3534.453,438806,,,-4.1873,hfq
2019-12-02,3419.217,3517.699,3417.582,3445.778,269762,,,-2.5089,hfq
2019-12-03,3435.562,3488.686,3354.243,3479.287,295124,,,0.9725,hfq
2019-12-04,3477.244,3548.347,3447.413,3524.237,205708,,,1.2919,hfq
2019-12-05,3538.131,3590.846,3527.506,3534.862,166422,,,0.3015,hfq
2019-12-06,3555.703,3584.716,3524.237,3583.490,129563,,,1.3757,hfq
2019-12-09,3595.749,3595.749,3415.130,3441.283,338597,,,-3.9684,hfq
2019-12-10,3415.948,3481.330,3411.044,3477.244,191100,,,1.0450,hfq
2019-12-11,3509.118,3514.021,3461.307,3497.676,125158,,,0.5876,hfq
2019-12-12,3532.001,3532.001,3469.071,3501.762,126099,,,0.1168,hfq
2019-12-13,3521.785,3579.404,3502.171,3573.274,211275,,,2.0422,hfq
2019-12-16,3567.962,3570.822,3485.416,3507.892,239490,,,-1.8298,hfq
2019-12-17,3506.666,3561.015,3459.263,3540.174,218063,,,0.9203,hfq
2019-12-18,3538.540,3538.540,3470.297,3487.460,232334,,,-1.4890,hfq
2019-12-19,3504.214,3504.214,3464.984,3491.955,128419,,,0.1289,hfq
2019-12-20,3505.848,3507.892,3469.071,3493.589,115342,,,0.0468,hfq
2019-12-23,3493.998,3535.271,3475.200,3507.074,174041,,,0.3860,hfq
2019-12-24,3493.181,3515.247,3476.018,3477.244,98282,,,-0.8506,hfq
2019-12-25,3460.898,3463.350,3375.083,3431.476,170645,,,-1.3162,hfq
2019-12-26,3436.380,3486.234,3432.293,3472.340,93423,,,1.1909,hfq
2019-12-27,3456.812,3500.945,3456.403,3472.340,142714,,,0.0000,hfq
2019-12-30,3469.071,3521.377,3425.755,3518.108,180846,,,1.3181,hfq
2019-12-31,3508.709,3627.623,3508.709,3600.653,220793,,,2.3463,hfq
2020-01-02,3620.268,3624.354,3573.274,3607.191,210809,,,0.1816,hfq
2020-01-03,3621.085,3628.441,3526.280,3536.496,218177,,,-1.9598,hfq
2020-01-06,3520.151,3526.689,3438.423,3460.489,297348,,,-2.1492,hfq
2020-01-07,3460.898,3515.247,3443.735,3492.363,189409,,,0.9211,hfq
2020-01-08,3458.038,3491.137,3456.812,3484.599,123041,,,-0.2223,hfq
2020-01-09,3497.676,3587.577,3496.450,3574.500,260171,,,2.5800,hfq
2020-01-10,3595.749,3640.700,3583.490,3599.836,232566,,,0.7088,hfq
2020-01-13,3635.796,3639.883,3558.972,3613.730,215037,,,0.3860,hfq
2020-01-14,3612.095,3612.095,3541.809,3559.380,214681,,,-1.5040,hfq
2020-01-15,3565.101,3618.225,3540.992,3576.543,164960,,,0.4822,hfq
2020-01-16,3605.557,3610.052,3522.194,3556.520,207123,,,-0.5598,hfq
2020-01-17,3558.972,3729.783,3558.972,3728.966,526241,,,4.8487,hfq
2020-01-20,3815.598,3844.203,3664.401,3706.082,293527,,,-0.6137,hfq
2020-01-21,3706.082,3783.315,3696.275,3717.116,199509,,,0.2977,hfq
2020-01-22,3716.298,3750.215,3681.973,3715.481,162262,,,-0.0440,hfq
2020-01-23,3702.813,3726.514,3587.577,3619.859,237015,,,-2.5736,hfq
2020-02-03,3317.057,3574.500,3309.701,3516.473,410420,,,-2.8561,hfq
2020-02-04,3515.656,3623.537,3434.745,3569.188,324330,,,1.4991,hfq
2020-02-05,3579.404,3659.906,3550.390,3657.454,296758,,,2.4730,hfq
2020-02-06,3679.521,3759.206,3632.118,3705.674,308324,,,1.3184,hfq
2020-02-07,3722.428,3726.514,3613.730,3687.693,224676,,,-0.4852,hfq
2020-02-10,3648.873,3657.045,3591.663,3640.700,165484,,,-1.2743,hfq
2020-02-11,3661.132,3738.365,3641.108,3708.126,229187,,,1.8520,hfq
2020-02-12,3722.837,3822.953,3714.255,3822.953,249630,,,3.0966,hfq
2020-02-13,3833.170,3850.741,3753.485,3761.249,185216,,,-1.6140,hfq
2020-02-14,3769.422,3802.113,3743.269,3765.335,150103,,,0.1086,hfq
2020-02-17,3765.335,3816.007,3744.903,3799.252,162569,,,0.9008,hfq
2020-02-18,3799.661,3847.063,3711.803,3726.514,227545,,,-1.9145,hfq
2020-02-19,3717.933,3738.774,3677.069,3688.919,168513,,,-1.0089,hfq
2020-02-20,3709.351,3746.129,3671.348,3734.687,160275,,,1.2407,hfq
2020-02-21,3714.664,3730.601,3697.092,3710.169,193347,,,-0.6565,hfq
2020-02-24,3700.770,3704.039,3601.879,3635.796,279507,,,-2.0046,hfq
2020-02-25,3594.523,3701.587,3587.577,3632.936,231843,,,-0.0787,hfq
2020-02-26,3616.181,3619.859,3558.972,3566.327,229985,,,-1.8335,hfq
2020-02-27,3579.404,3620.268,3550.799,3587.985,190021,,,0.6073,hfq
2020-02-28,3538.540,3562.241,3442.918,3460.489,269596,,,-3.5534,hfq
2020-03-02,3499.719,3555.294,3420.851,3505.848,269891,,,1.3108,hfq
2020-03-03,3549.164,3671.348,3549.164,3634.162,292429,,,3.6600,hfq
2020-03-04,3620.268,3624.763,3554.885,3612.095,150531,,,-0.6072,hfq
2020-03-05,3686.059,3804.156,3661.540,3771.465,441925,,,4.4121,hfq
2020-03-06,3783.724,3857.279,3771.465,3793.940,312582,,,0.5959,hfq
2020-03-09,3704.039,3755.119,3652.550,3656.637,328201,,,-3.6190,hfq
2020-03-10,3671.348,3767.378,3626.397,3726.514,262844,,,1.9110,hfq
2020-03-11,3775.143,3775.143,3653.368,3662.358,160102,,,-1.7216,hfq
2020-03-12,3600.244,3661.132,3538.540,3554.068,250775,,,-2.9568,hfq
2020-03-13,3383.256,3538.540,3375.083,3485.416,349671,,,-1.9316,hfq
2020-03-16,3497.676,3526.280,3356.695,3377.127,289941,,,-3.1069,hfq
2020-03-17,3377.127,3455.177,3255.760,3337.897,272935,,,-1.1616,hfq
2020-03-18,3342.392,3467.436,3305.206,3317.874,283897,,,-0.5999,hfq
2020-03-19,3313.787,3366.911,3178.119,3252.491,322311,,,-1.9706,hfq
2020-03-20,3292.538,3333.811,3238.598,3299.894,248832,,,1.4574,hfq
2020-03-23,3293.355,3435.971,3265.159,3387.343,415208,,,2.6501,hfq
2020-03-24,3417.582,3538.540,3411.044,3524.646,319005,,,4.0534,hfq
2020-03-25,3626.397,3701.179,3563.467,3659.906,318446,,,3.8375,hfq
2020-03-26,3657.045,3763.292,3626.397,3713.438,317704,,,1.4627,hfq
2020-03-27,3744.903,3834.804,3705.265,3738.365,284699,,,0.6713,hfq
2020-03-30,3701.996,3802.113,3648.055,3730.601,256846,,,-0.2077,hfq
2020-03-31,3749.807,3791.080,3701.996,3784.950,263045,,,1.4568,hfq
2020-04-01,3758.388,3762.883,3669.305,3701.996,193045,,,-2.1917,hfq
2020-04-02,3704.039,3783.315,3686.468,3777.594,181389,,,2.0421,hfq
2020-04-03,3775.551,3906.316,3764.518,3854.419,292103,,,2.0337,hfq
2020-04-07,3885.884,3946.363,3848.289,3926.748,237684,,,1.8765,hfq
2020-04-08,3902.230,3967.612,3874.851,3897.326,161199,,,-0.7493,hfq
2020-04-09,3897.735,4020.736,3883.841,3979.463,177081,,,2.1075,hfq
2020-04-10,3979.054,4097.560,3943.094,3955.762,171076,,,-0.5956,hfq
2020-04-13,3987.227,4003.164,3917.758,3974.559,93329,,,0.4752,hfq
2020-04-14,4017.466,4050.975,3950.449,4048.932,193455,,,1.8712,hfq
2020-04-15,4049.749,4092.248,3983.141,4005.616,144663,,,-1.0698,hfq
2020-04-16,3954.127,4025.639,3927.565,4004.799,139843,,,-0.0204,hfq
2020-04-17,4010.520,4037.081,3961.891,3971.699,147495,,,-0.8265,hfq
2020-04-20,3971.699,4008.476,3947.589,3975.785,128542,,,0.1029,hfq
2020-04-21,3988.044,3988.862,3875.668,3918.575,183203,,,-1.4390,hfq
2020-04-22,3918.167,4008.476,3869.947,4008.476,177450,,,2.2942,hfq
2020-04-23,4028.908,4060.374,3906.316,3949.223,193766,,,-1.4782,hfq
2020-04-24,3946.363,3946.772,3885.884,3917.758,108507,,,-0.7967,hfq
2020-04-27,3943.094,4000.303,3877.303,3961.483,183860,,,1.1161,hfq
2020-04-28,3963.526,3988.044,3908.359,3949.223,221292,,,-0.3095,hfq
2020-04-29,3929.200,3947.180,3769.422,3840.525,241030,,,-2.7524,hfq
2020-04-30,3840.934,3889.971,3801.704,3824.588,196497,,,-0.4150,hfq
2020-05-06,3804.565,3964.343,3787.810,3964.343,260014,,,3.6541,hfq
2020-05-07,3969.655,4001.529,3930.835,3971.699,124586,,,0.1856,hfq
2020-05-08,3986.410,4057.105,3964.752,3990.087,167321,,,0.4630,hfq
2020-05-11,3975.785,3979.054,3840.525,3852.376,329390,,,-3.4513,hfq
2020-05-12,3852.376,3927.974,3845.837,3924.296,182856,,,1.8669,hfq
2020-05-13,3924.296,3988.044,3869.539,3934.921,224920,,,0.2707,hfq
2020-05-14,3925.114,4028.908,3894.057,3996.217,222617,,,1.5577,hfq
2020-05-15,4020.736,4035.038,3886.293,3899.369,253661,,,-2.4235,hfq
2020-05-18,3904.273,4037.081,3869.539,3996.217,301163,,,2.4837,hfq
2020-05-19,4069.772,4109.411,4000.712,4026.456,185348,,,0.7567,hfq
2020-05-20,4050.158,4109.411,3994.174,4024.822,193246,,,-0.0406,hfq
2020-05-21,4041.168,4151.500,4030.134,4100.012,270699,,,1.8682,hfq
2020-05-22,4101.238,4105.733,3921.845,3942.277,284478,,,-3.8472,hfq
2020-05-25,3986.001,4041.413,3959.031,4003.164,199368,,,1.5445,hfq
2020-05-26,3988.453,4049.749,3969.329,4030.134,211371,,,0.6737,hfq
2020-05-27,4011.991,4011.991,3878.610,3950.204,311442,,,-1.9833,hfq
2020-05-28,3942.358,3953.146,3825.651,3883.024,231917,,,-1.7007,hfq
2020-05-29,3863.409,3924.705,3848.698,3892.831,173190,,,0.2526,hfq
2020-06-01,3946.772,3995.808,3936.474,3967.367,261484,,,1.9147,hfq
2020-06-02,3969.819,3986.001,3933.532,3976.194,176093,,,0.2225,hfq
2020-06-03,3988.943,3995.318,3951.675,3964.915,209538,,,-0.2837,hfq
2020-06-04,3985.020,4018.365,3952.166,4015.423,209798,,,1.2739,hfq
2020-06-05,4015.423,4070.345,3977.174,4069.364,185789,,,1.3433,hfq
2020-06-08,4080.152,4088.488,3940.887,3971.290,330383,,,-2.4101,hfq
2020-06-09,3971.290,4103.690,3971.290,4102.218,352700,,,3.2969,hfq
2020-06-10,4104.180,4226.282,4081.133,4179.206,319125,,,1.8767,hfq
2020-06-11,4169.889,4219.417,4132.131,4175.283,221179,,,-0.0939,hfq
2020-06-12,4109.084,4243.445,4109.084,4242.954,233958,,,1.6208,hfq
2020-06-15,4206.667,4280.222,4156.649,4164.495,254782,,,-1.8492,hfq
2020-06-16,4206.667,4329.750,4181.168,4306.702,274286,,,3.4147,hfq
2020-06-17,4314.548,4449.399,4307.193,4429.785,331274,,,2.8579,hfq
2020-06-18,4427.333,4444.986,4328.278,4412.622,214876,,,-0.3874,hfq
2020-06-19,4422.429,4609.750,4412.622,4593.077,334485,,,4.0895,hfq
2020-06-22,4589.155,4712.237,4554.829,4605.337,292778,,,0.2669,hfq
2020-06-23,4558.261,4667.614,4545.021,4667.614,254531,,,1.3523,hfq
2020-06-24,4643.095,4662.710,4546.492,4591.606,310913,,,-1.6284,hfq
2020-06-29,4564.636,4615.634,4515.599,4556.300,271306,,,-0.7689,hfq
2020-06-30,4588.174,4623.480,4532.762,4559.732,257669,,,0.0753,hfq
2020-07-01,4564.636,4572.482,4413.112,4498.436,420680,,,-1.3443,hfq
2020-07-02,4495.004,4532.762,4446.948,4505.792,345271,,,0.1635,hfq
2020-07-03,4511.676,4545.021,4471.466,4539.137,299107,,,0.7400,hfq
2020-07-06,4545.021,4613.673,4503.340,4600.433,496528,,,1.3504,hfq
2020-07-07,4617.106,4850.031,4591.606,4804.426,474944,,,4.4342,hfq
2020-07-08,4837.771,4925.547,4744.111,4793.148,358710,,,-0.2347,hfq
2020-07-09,4795.109,4899.068,4771.081,4864.251,282675,,,1.4834,hfq
2020-07-10,4868.665,4957.421,4841.694,4905.442,293976,,,0.8468,hfq
2020-07-13,4916.721,4980.469,4890.731,4928.490,323715,,,0.4698,hfq
2020-07-14,4927.509,4927.509,4790.206,4860.328,332263,,,-1.3830,hfq
2020-07-15,4932.413,5182.501,4891.222,5083.936,478900,,,4.6007,hfq
2020-07-16,5099.138,5141.310,4753.918,4758.332,475574,,,-6.4046,hfq
2020-07-17,4736.755,4833.358,4692.132,4757.351,366632,,,-0.0206,hfq
2020-07-20,4763.726,4818.647,4653.883,4765.197,256361,,,0.1649,hfq
2020-07-21,4809.820,4936.336,4764.707,4902.990,324189,,,2.8917,hfq
2020-07-22,4887.789,4989.295,4813.253,4906.423,301276,,,0.0700,hfq
2020-07-23,4878.962,4980.469,4839.243,4906.423,345556,,,0.0000,hfq
2020-07-24,4844.637,4877.982,4643.095,4681.834,444160,,,-4.5774,hfq
2020-07-27,4681.344,4788.244,4667.123,4711.256,249829,,,0.6284,hfq
2020-07-28,4711.747,4751.467,4652.902,4672.517,285202,,,-0.8223,hfq
2020-07-29,4654.864,4759.803,4643.095,4733.813,266037,,,1.3118,hfq
2020-07-30,4734.304,4755.389,4673.008,4690.661,272996,,,-0.9116,hfq
2020-07-31,4685.757,4715.670,4537.175,4661.729,560034,,,-0.6168,hfq
2020-08-03,4579.347,4630.345,4520.503,4603.866,639978,,,-1.2412,hfq
2020-08-04,4618.577,4732.342,4616.125,4642.114,407385,,,0.8308,hfq
2020-08-05,4637.701,4648.489,4564.146,4583.760,383115,,,-1.2571,hfq
2020-08-06,4594.549,4608.279,4471.956,4495.984,477497,,,-1.9149,hfq
2020-08-07,4510.696,4543.550,4423.410,4505.792,329883,,,0.2182,hfq
2020-08-10,4511.676,4524.916,4433.708,4485.687,287939,,,-0.4462,hfq
2020-08-11,4519.032,4599.943,4505.792,4534.233,350843,,,1.0822,hfq
2020-08-12,4534.233,4553.358,4397.911,4447.438,353339,,,-1.9142,hfq
2020-08-13,4492.552,4492.552,4388.103,4392.026,263858,,,-1.2459,hfq
2020-08-14,4396.930,4437.140,4347.403,4422.429,242375,,,0.6922,hfq
2020-08-17,4445.967,4520.013,4406.737,4491.081,343677,,,1.5524,hfq
2020-08-18,4505.792,4675.459,4505.792,4613.673,449291,,,2.7297,hfq
2020-08-19,4633.288,4685.267,4570.521,4580.818,327704,,,-0.7121,hfq
2020-08-20,4580.818,4610.731,4505.792,4530.310,203114,,,-1.1026,hfq
2020-08-21,4598.472,4625.932,4486.177,4535.214,205669,,,0.1082,hfq
2020-08-24,4593.077,4594.058,4527.858,4565.617,177433,,,0.6704,hfq
2020-08-25,4593.568,4674.969,4584.251,4642.605,249792,,,1.6863,hfq
2020-08-26,4644.566,4738.227,4628.384,4671.536,268723,,,0.6232,hfq
2020-08-27,4671.536,4686.248,4573.953,4648.489,213100,,,-0.4933,hfq
2020-08-28,4608.769,4716.650,4589.645,4711.256,281548,,,1.3503,hfq
2020-08-31,4731.361,4768.139,4677.911,4685.757,272986,,,-0.5412,hfq
2020-09-01,4667.123,4719.102,4610.731,4642.605,209669,,,-0.9209,hfq
2020-09-02,4692.132,4692.132,4574.934,4677.421,273407,,,0.7499,hfq
2020-09-03,4677.421,4735.284,4637.211,4692.132,196908,,,0.3145,hfq
2020-09-04,4637.211,4657.806,4563.165,4619.067,254465,,,-1.5572,hfq
2020-09-07,4594.058,4632.797,4520.503,4525.407,233966,,,-2.0277,hfq
2020-09-08,4526.387,4588.664,4505.792,4561.204,205176,,,0.7910,hfq
2020-09-09,4522.464,4548.454,4422.429,4461.659,210803,,,-2.1824,hfq
2020-09-10,4520.503,4543.060,4462.149,4483.235,162648,,,0.4836,hfq
2020-09-11,4427.333,4557.771,4427.333,4535.704,183390,,,1.1703,hfq
2020-09-14,4549.925,4563.655,4511.676,4513.638,154824,,,-0.4865,hfq
2020-09-15,4510.696,4512.167,4447.928,4500.888,148881,,,-0.2825,hfq
2020-09-16,4515.599,4540.118,4427.333,4434.198,195171,,,-1.4817,hfq
2020-09-17,4401.834,4429.294,4250.800,4265.021,423045,,,-3.8153,hfq
2020-09-18,4270.415,4396.930,4261.588,4396.930,297717,,,3.0928,hfq
2020-09-21,4388.103,4420.468,4336.615,4373.392,168298,,,-0.5353,hfq
2020-09-22,4348.874,4451.851,4348.384,4412.622,204940,,,0.8970,hfq
2020-09-23,4419.977,4471.466,4390.555,4439.102,155195,,,0.6001,hfq
2020-09-24,4424.881,4424.881,4314.548,4342.009,173027,,,-2.1872,hfq
2020-09-25,4363.585,4379.277,4317.000,4370.940,141113,,,0.6663,hfq
2020-09-28,4372.902,4425.862,4354.268,4377.315,145685,,,0.1458,hfq
2020-09-29,4411.641,4466.562,4393.007,4441.554,177814,,,1.4675,hfq
2020-09-30,4466.072,4544.041,4422.429,4438.121,234316,,,-0.0773,hfq
2020-10-09,4545.021,4566.598,4488.629,4542.570,195761,,,2.3535,hfq
2020-10-12,4564.146,4657.806,4563.655,4652.902,246020,,,2.4288,hfq
2020-10-13,4652.902,4676.931,4599.452,4628.384,186964,,,-0.5269,hfq
2020-10-14,4618.086,4646.528,4582.289,4594.058,210900,,,-0.7416,hfq
2020-10-15,4594.058,4625.932,4572.482,4601.904,178035,,,0.1708,hfq
2020-10-16,4641.134,4652.902,4550.906,4598.962,176502,,,-0.0639,hfq
2020-10-19,4627.403,4643.095,4501.379,4521.484,207159,,,-1.6847,hfq
2020-10-20,4515.109,4521.484,4430.275,4496.475,222967,,,-0.5531,hfq
2020-10-21,4496.965,4505.792,4398.401,4426.352,288336,,,-1.5595,hfq
2020-10-22,4424.391,4425.371,4373.392,4425.371,161529,,,-0.0222,hfq
2020-10-23,4425.371,4440.082,4352.797,4356.229,145912,,,-1.5624,hfq
2020-10-26,4353.778,4424.391,4329.259,4406.737,125432,,,1.1594,hfq
2020-10-27,4405.757,4434.688,4364.075,4409.189,152410,,,0.0556,hfq
2020-10-28,4409.189,4545.021,4373.883,4513.638,260264,,,2.3689,hfq
2020-10-29,4480.783,4545.021,4437.140,4497.946,238522,,,-0.3477,hfq
2020-10-30,4503.830,4515.109,4365.056,4390.065,303491,,,-2.3985,hfq
2020-11-02,4377.315,4422.429,4339.067,4409.189,214137,,,0.4356,hfq
2020-11-03,4418.997,4468.033,4398.401,4454.303,196300,,,1.0232,hfq
2020-11-04,4456.265,4471.466,4426.352,4455.284,139726,,,0.0220,hfq
2020-11-05,4514.618,4554.829,4479.312,4505.792,180906,,,1.1337,hfq
2020-11-06,4530.310,4534.724,4348.874,4392.517,319762,,,-2.5140,hfq
2020-11-09,4401.834,4444.005,4378.786,4416.054,314853,,,0.5358,hfq
2020-11-10,4427.333,4439.102,4332.692,4346.422,300413,,,-1.5768,hfq
2020-11-11,4346.422,4346.422,4245.896,4259.136,351044,,,-2.0082,hfq
2020-11-12,4275.319,4308.173,4260.608,4277.770,195162,,,0.4375,hfq
2020-11-13,4280.222,4287.087,4210.590,4226.282,294420,,,-1.2036,hfq
2020-11-16,4255.704,4267.963,4198.821,4232.657,203858,,,0.1508,hfq
2020-11-17,4233.147,4242.464,4196.860,4227.753,215696,,,-0.1159,hfq
2020-11-18,4228.734,4313.567,4228.734,4280.713,240688,,,1.2527,hfq
2020-11-19,4299.837,4329.259,4275.319,4314.548,180169,,,0.7904,hfq
2020-11-20,4314.548,4333.182,4283.655,4295.424,171634,,,-0.4432,hfq
2020-11-23,4295.424,4299.837,4201.763,4256.685,328838,,,-0.9019,hfq
2020-11-24,4256.194,4310.135,4227.753,4308.173,238378,,,1.2096,hfq
2020-11-25,4308.173,4316.019,4245.896,4257.175,200238,,,-1.1838,hfq
2020-11-26,4289.539,4297.876,4206.177,4250.800,156072,,,-0.1497,hfq
2020-11-27,4244.916,4299.347,4203.234,4297.385,162138,,,1.0959,hfq
2020-11-30,4285.126,4324.355,4250.310,4250.310,241934,,,-1.0954,hfq
2020-12-01,4265.021,4342.989,4258.156,4329.750,245353,,,1.8690,hfq
2020-12-02,4339.557,4342.989,4298.366,4325.827,159663,,,-0.0906,hfq
2020-12-03,4339.067,4451.851,4330.240,4446.457,321789,,,2.7886,hfq
2020-12-04,4441.554,4520.503,4422.429,4511.676,301797,,,1.4668,hfq
2020-12-07,4534.233,4534.233,4413.112,4441.063,239912,,,-1.5651,hfq
2020-12-08,4484.216,4485.687,4432.237,4450.380,145613,,,0.2098,hfq
2020-12-09,4479.312,4479.312,4355.249,4360.643,223855,,,-2.0164,hfq
2020-12-10,4348.874,4432.237,4328.278,4397.911,172351,,,0.8546,hfq
2020-12-11,4427.333,4487.648,4378.296,4422.429,259012,,,0.5575,hfq
2020-12-14,4398.891,4466.072,4350.345,4452.342,178858,,,0.6764,hfq
2020-12-15,4452.832,4804.426,4452.832,4791.186,771545,,,7.6105,hfq
2020-12-16,4794.129,4833.358,4720.573,4790.696,410625,,,-0.0102,hfq
2020-12-17,5035.390,5266.354,4986.843,5191.327,903875,,,8.3627,hfq
2020-12-18,5222.220,5302.641,5154.059,5214.865,463821,,,0.4534,hfq
2020-12-21,5219.278,5358.053,5176.616,5322.746,369736,,,2.0687,hfq
2020-12-22,5319.804,5377.667,5231.537,5241.345,284836,,,-1.5293,hfq
2020-12-23,5299.699,5336.967,5199.663,5231.537,298966,,,-0.1871,hfq
2020-12-24,5256.056,5482.116,5236.932,5368.841,283334,,,2.6245,hfq
2020-12-25,5369.821,5746.425,5354.130,5673.360,324330,,,5.6720,hfq
2020-12-28,5721.906,5743.973,5427.685,5476.722,394340,,,-3.4660,hfq
2020-12-29,5516.932,5556.652,5233.989,5343.341,377975,,,-2.4354,hfq
2020-12-30,5377.667,5593.920,5368.841,5560.084,362171,,,4.0563,hfq
2020-12-31,5552.729,5558.123,5428.175,5499.279,281569,,,-1.0936,hfq
2021-01-04,5525.268,5608.631,5476.722,5486.529,363423,,,-0.2318,hfq
2021-01-05,5486.529,5754.270,5486.039,5586.074,417628,,,1.8144,hfq
2021-01-06,5587.055,5715.531,5525.759,5610.102,283700,,,0.4301,hfq
2021-01-07,5666.004,5672.869,5515.951,5672.869,329276,,,1.1188,hfq
2021-01-08,5678.754,5764.568,5533.114,5585.584,307676,,,-1.5386,hfq
2021-01-11,5541.450,5631.188,5427.685,5491.433,272011,,,-1.6856,hfq
2021-01-12,5490.942,5649.332,5427.685,5628.736,286388,,,2.5003,hfq
2021-01-13,5624.323,5647.860,5507.125,5553.710,237719,,,-1.3329,hfq
2021-01-14,5553.710,5571.363,5359.033,5436.512,300416,,,-2.1103,hfq
2021-01-15,5501.240,5501.240,5330.102,5419.349,247071,,,-0.3157,hfq
2021-01-18,5380.119,5444.357,5299.699,5321.275,235132,,,-1.8097,hfq
2021-01-19,5354.130,5354.130,5147.194,5180.049,348142,,,-2.6540,hfq
2021-01-20,5226.634,5306.564,5182.501,5230.066,305027,,,0.9656,hfq
2021-01-21,5231.537,5368.841,5201.135,5336.967,382935,,,2.0440,hfq
2021-01-22,5327.650,5574.795,5285.968,5555.181,411308,,,4.0887,hfq
2021-01-25,5564.007,5605.689,5403.166,5498.788,387944,,,-1.0151,hfq
2021-01-26,5454.655,5490.452,5268.315,5280.574,339761,,,-3.9684,hfq
2021-01-27,5314.900,5338.438,5207.019,5261.940,230270,,,-0.3529,hfq
2021-01-28,5258.508,5329.121,5103.061,5165.828,282737,,,-1.8266,hfq
2021-01-29,5145.723,5188.385,4986.843,5121.695,327276,,,-0.8543,hfq
2021-02-01,5057.947,5137.877,4986.353,5062.360,250766,,,-1.1585,hfq
2021-02-02,5119.243,5280.574,5037.842,5231.537,311946,,,3.3419,hfq
2021-02-03,5228.595,5278.122,5158.963,5182.501,215736,,,-0.9373,hfq
2021-02-04,5133.464,5153.078,5011.362,5074.619,285482,,,-2.0817,hfq
2021-02-05,5131.012,5343.832,5059.908,5295.285,380712,,,4.3484,hfq
2021-02-08,5295.776,5395.811,5224.182,5245.268,373468,,,-0.9446,hfq
2021-02-09,5317.352,5467.895,5221.730,5414.935,341346,,,3.2347,hfq
2021-02-10,5388.455,5464.463,5286.459,5388.455,343645,,,-0.4890,hfq
2021-02-18,5496.337,5496.337,5157.982,5177.597,450416,,,-3.9131,hfq
2021-02-19,5161.415,5220.749,5075.110,5190.346,286563,,,0.2462,hfq
2021-02-22,5251.152,5251.152,4937.316,4937.807,456260,,,-4.8656,hfq
2021-02-23,4904.952,5033.429,4888.279,4971.642,254889,,,0.6852,hfq
2021-02-24,4985.863,4986.353,4868.665,4922.605,317807,,,-0.9863,hfq
2021-02-25,4937.316,5047.159,4895.635,4988.805,316097,,,1.3448,hfq
2021-02-26,4888.770,5116.791,4888.770,5025.583,349964,,,0.7372,hfq
2021-03-01,5074.619,5074.619,4903.481,4952.518,305339,,,-1.4539,hfq
2021-03-02,4952.518,4977.036,4814.724,4856.405,304206,,,-1.9407,hfq
2021-03-03,4863.761,5009.891,4816.686,5003.516,264632,,,3.0292,hfq
2021-03-04,4946.143,5003.516,4868.174,4961.835,250831,,,-0.8330,hfq
2021-03-05,4864.742,4992.728,4863.271,4952.027,228363,,,-0.1977,hfq
2021-03-08,4972.132,5013.323,4530.310,4550.906,462043,,,-8.1001,hfq
2021-03-09,4588.174,4676.931,4417.035,4534.233,429656,,,-0.3664,hfq
2021-03-10,4642.605,4669.085,4571.501,4613.673,242134,,,1.7520,hfq
2021-03-11,4642.605,4686.248,4569.540,4617.596,272516,,,0.0850,hfq
2021-03-12,4667.614,4706.843,4524.426,4554.338,229179,,,-1.3699,hfq
2021-03-15,4502.359,4547.473,4376.825,4426.843,301244,,,-2.7994,hfq
2021-03-16,4471.466,4485.196,4353.778,4407.228,240420,,,-0.4431,hfq
2021-03-17,4407.718,4435.179,4328.278,4379.277,250863,,,-0.6342,hfq
2021-03-18,4398.401,4470.976,4363.585,4408.209,311128,,,0.6607,hfq
2021-03-19,4348.874,4394.969,4309.644,4351.326,224501,,,-1.2904,hfq
2021-03-22,4351.326,4461.168,4329.259,4354.268,254827,,,0.0676,hfq
2021-03-23,4302.779,4370.940,4300.327,4331.711,243465,,,-0.5180,hfq
2021-03-24,4331.711,4358.681,4238.541,4276.299,201135,,,-1.2792,hfq
2021-03-25,4236.089,4342.499,4206.177,4311.116,217352,,,0.8142,hfq
2021-03-26,4328.769,4549.925,4318.961,4506.773,378234,,,4.5384,hfq
2021-03-29,4510.696,4540.118,4453.322,4472.937,249642,,,-0.7508,hfq
2021-03-30,4464.601,4627.403,4446.948,4623.480,296356,,,3.3656,hfq
2021-03-31,4604.356,4604.356,4496.475,4549.435,188051,,,-1.6015,hfq
2021-04-01,4525.407,4667.614,4525.407,4635.740,192760,,,1.8970,hfq
2021-04-02,4643.095,4684.286,4539.137,4578.366,197985,,,-1.2376,hfq
2021-04-06,4564.636,4566.107,4479.312,4491.081,169785,,,-1.9065,hfq
2021-04-07,4505.792,4510.696,4434.198,4480.293,169071,,,-0.2402,hfq
2021-04-08,4461.659,4586.703,4432.237,4566.598,184761,,,1.9263,hfq
2021-04-09,4594.058,4603.866,4471.466,4505.792,179889,,,-1.3315,hfq
2021-04-12,4488.629,4544.041,4392.026,4423.900,213444,,,-1.8175,hfq
2021-04-13,4417.035,4461.659,4332.201,4396.930,223809,,,-0.6096,hfq
2021-04-14,4419.977,4419.977,4065.441,4227.262,922491,,,-3.8588,hfq
2021-04-15,4178.226,4181.168,4057.595,4063.479,598684,,,-3.8744,hfq
2021-04-16,4071.816,4071.816,3922.744,3986.982,528806,,,-1.8825,hfq
2021-04-19,3990.905,4064.950,3932.061,4059.066,529618,,,1.8080,hfq
2021-04-20,4049.259,4049.259,3927.157,3971.780,742405,,,-2.1504,hfq
2021-04-21,3965.896,4121.343,3937.455,4112.516,688097,,,3.5434,hfq
2021-04-22,4087.998,4098.786,4044.845,4064.460,368504,,,-1.1685,hfq
2021-04-23,4098.786,4151.746,4054.653,4103.690,468638,,,0.9652,hfq
2021-04-26,4112.516,4180.677,4024.250,4031.115,542473,,,-1.7685,hfq
2021-04-27,4032.096,4112.516,3998.260,4106.141,336012,,,1.8612,hfq
2021-04-28,4108.593,4122.324,4049.749,4096.824,271647,,,-0.2269,hfq
2021-04-29,4103.199,4108.593,4044.845,4071.816,317536,,,-0.6104,hfq
2021-04-30,4103.690,4216.474,4074.758,4157.630,513369,,,2.1075,hfq
2021-05-06,4157.630,4216.474,4055.143,4060.537,421448,,,-2.3353,hfq
2021-05-07,4060.537,4071.816,3956.089,3956.089,371054,,,-2.5723,hfq
2021-05-10,3951.675,3999.731,3858.996,3972.761,253161,,,0.4214,hfq
2021-05-11,3932.061,4142.919,3924.705,4138.506,387987,,,4.1720,hfq
2021-05-12,4134.583,4149.784,4079.171,4112.516,243463,,,-0.6280,hfq
2021-05-13,4085.056,4099.276,4011.991,4041.413,247591,,,-1.7289,hfq
2021-05-14,4069.854,4162.534,4025.721,4144.390,347378,,,2.5480,hfq
2021-05-17,4172.341,4282.674,4170.380,4220.397,358229,,,1.8340,hfq
2021-05-18,4221.378,4267.473,4179.206,4237.560,191552,,,0.4067,hfq
2021-05-19,4236.089,4236.089,4177.245,4204.215,167147,,,-0.7869,hfq
2021-05-20,4210.100,4218.436,4118.401,4138.506,347175,,,-1.5629,hfq
2021-05-21,4155.178,4214.023,4054.653,4062.989,366266,,,-1.8247,hfq
2021-05-24,4050.239,4121.343,4000.712,4121.343,279435,,,1.4362,hfq
2021-05-25,4120.852,4283.164,4115.949,4263.059,464457,,,3.4386,hfq
2021-05-26,4303.760,4322.884,4232.657,4265.021,417488,,,0.0460,hfq
2021-05-27,4248.839,4294.933,4208.628,4266.002,326368,,,0.0230,hfq
2021-05-28,4294.443,4315.529,4214.513,4243.445,321284,,,-0.5288,hfq
2021-05-31,4236.089,4269.434,4202.254,4265.511,259537,,,0.5200,hfq
2021-06-01,4269.925,4324.355,4231.185,4322.884,392538,,,1.3450,hfq
2021-06-02,4324.846,4336.615,4133.112,4170.380,524299,,,-3.5278,hfq
2021-06-03,4129.679,4147.823,4082.113,4083.094,414103,,,-2.0930,hfq
2021-06-04,4058.085,4127.718,4039.451,4086.527,334781,,,0.0841,hfq
2021-06-07,4079.171,4080.642,4017.875,4076.229,253011,,,-0.2520,hfq
2021-06-08,4096.334,4168.909,4084.565,4102.709,297829,,,0.6496,hfq
2021-06-09,4108.103,4177.245,4108.103,4160.082,256591,,,1.3984,hfq
2021-06-10,4221.967,4483.823,4169.595,4339.067,617790,,,4.3024,hfq
2021-06-11,4344.951,4365.546,4227.262,4336.713,448209,,,-0.0543,hfq
2021-06-15,4336.713,4406.737,4253.742,4273.161,438438,,,-1.4654,hfq
2021-06-16,4273.161,4303.760,4191.956,4210.198,280378,,,-1.4735,hfq
2021-06-17,4211.963,4238.443,4171.949,4230.205,233548,,,0.4752,hfq
2021-06-18,4250.800,4306.702,4211.375,4247.270,310607,,,0.4034,hfq
2021-06-21,4233.147,4233.147,4110.162,4133.700,452862,,,-2.6740,hfq
2021-06-22,4133.700,4191.368,4103.690,4190.779,436130,,,1.3808,hfq
2021-06-23,4196.075,4307.291,4194.898,4230.205,572156,,,0.9408,hfq
2021-06-24,4161.945,4161.945,4037.196,4044.845,772128,,,-4.3818,hfq
2021-06-25,4025.427,4070.737,3984.824,4048.376,537240,,,0.0873,hfq
2021-06-28,4048.376,4080.152,4015.423,4080.152,411068,,,0.7849,hfq
2021-06-29,4080.740,4093.098,4033.665,4056.614,300627,,,-0.5769,hfq
2021-06-30,4059.556,4086.036,4038.961,4043.080,266825,,,-0.3336,hfq
2021-07-01,4044.845,4209.609,4030.134,4144.292,494102,,,2.5033,hfq
2021-07-02,4105.455,4120.754,3977.174,3980.705,531316,,,-3.9473,hfq
2021-07-05,3965.994,3965.994,3710.610,3747.682,795019,,,-5.8538,hfq
2021-07-06,3727.086,3727.086,3622.932,3695.311,655918,,,-1.3974,hfq
2021-07-07,3708.845,3779.458,3707.079,3718.260,421310,,,0.6210,hfq
2021-07-08,3718.848,3743.563,3642.939,3654.708,376693,,,-1.7092,hfq
2021-07-09,3634.113,3710.610,3627.051,3697.664,317140,,,1.1754,hfq
2021-07-12,3780.046,3838.891,3750.036,3757.685,599867,,,1.6232,hfq
2021-07-13,3757.685,3774.750,3677.657,3688.249,381455,,,-1.8478,hfq
2021-07-14,3674.127,3680.011,3574.091,3580.564,676799,,,-2.9197,hfq
2021-07-15,3562.323,3591.156,3478.764,3589.979,648061,,,0.2629,hfq
2021-07-16,3589.979,3589.979,3515.247,3579.976,450067,,,-0.2786,hfq
2021-07-19,3564.676,3632.936,3515.836,3630.582,502333,,,1.4136,hfq
2021-07-20,3624.109,3761.216,3603.514,3761.216,798081,,,3.5982,hfq
2021-07-21,3809.468,3837.125,3730.617,3749.447,554571,,,-0.3129,hfq
2021-07-22,3748.270,3748.270,3648.824,3649.412,470006,,,-2.6680,hfq
2021-07-23,3644.116,3682.953,3587.626,3661.769,361120,,,0.3386,hfq
2021-07-26,3650.589,3650.589,3491.121,3528.193,464010,,,-3.6479,hfq
2021-07-27,3527.605,3549.377,3227.499,3250.448,810946,,,-7.8722,hfq
2021-07-28,3219.261,3354.602,3197.488,3333.419,523920,,,2.5526,hfq
2021-07-29,3432.865,3450.519,3260.452,3286.343,530125,,,-1.4122,hfq
2021-07-30,3255.156,3272.809,3162.182,3243.387,484236,,,-1.3071,hfq
2021-08-02,3219.849,3353.426,3118.049,3294.581,604141,,,1.5784,hfq
2021-08-03,3286.343,3421.096,3256.333,3421.096,549982,,,3.8401,hfq
2021-08-04,3432.865,3442.869,3326.946,3358.133,473268,,,-1.8404,hfq
2021-08-05,3358.722,3425.804,3308.704,3326.946,385789,,,-0.9287,hfq
2021-08-06,3309.292,3311.646,3237.502,3268.101,347438,,,-1.7687,hfq
2021-08-09,3250.448,3451.695,3236.326,3392.851,539000,,,3.8172,hfq
2021-08-10,3402.855,3444.634,3323.415,3441.103,563061,,,1.4222,hfq
2021-08-11,3409.328,3478.175,3384.025,3391.086,394126,,,-1.4535,hfq
2021-08-12,3369.902,3436.984,3316.354,3326.946,400836,,,-1.8914,hfq
2021-08-13,3312.823,3376.963,3296.347,3369.902,338592,,,1.2912,hfq
2021-08-16,3369.902,3403.443,3341.657,3366.371,250645,,,-0.1048,hfq
2021-08-17,3350.483,3364.018,3259.275,3265.159,362979,,,-3.0066,hfq
2021-08-18,3269.278,3292.228,3206.903,3279.282,330021,,,0.4325,hfq
2021-08-19,3259.863,3306.939,3208.080,3211.611,332101,,,-2.0636,hfq
2021-08-20,2985.649,3004.479,2895.029,2895.029,1406764,,,-9.8574,hfq
2021-08-23,2841.481,2879.729,2720.850,2819.708,1342010,,,-2.6017,hfq
2021-08-24,2803.820,2877.376,2756.157,2820.885,973951,,,0.0417,hfq
2021-08-25,2821.474,2874.433,2792.052,2833.243,631071,,,0.4381,hfq
2021-08-26,2809.705,2815.001,2706.139,2709.670,804365,,,-4.3615,hfq
2021-08-27,2720.850,2803.232,2720.262,2753.214,538304,,,1.6070,hfq
2021-08-30,2739.680,2766.749,2706.727,2726.734,444569,,,-0.9618,hfq
2021-08-31,2717.908,2758.510,2652.002,2703.197,495742,,,-0.8632,hfq
2021-09-01,2714.966,2820.885,2686.720,2784.990,731271,,,3.0258,hfq
2021-09-02,2785.579,2785.579,2720.850,2742.034,465752,,,-1.5424,hfq
2021-09-03,2710.258,2799.701,2694.370,2756.157,462358,,,0.5151,hfq
2021-09-06,2761.453,2920.332,2761.453,2873.845,866636,,,4.2700,hfq
2021-09-07,2873.845,2887.379,2819.708,2872.668,488972,,,-0.0410,hfq
2021-09-08,2872.668,2886.791,2844.423,2853.250,331069,,,-0.6760,hfq
2021-09-09,2851.484,2877.376,2826.770,2835.008,301660,,,-0.6393,hfq
2021-09-10,2832.654,2865.018,2814.412,2835.596,337886,,,0.0207,hfq
2021-09-13,2835.596,2864.430,2779.694,2794.405,405871,,,-1.4526,hfq
2021-09-14,2795.582,2839.715,2793.228,2797.348,487355,,,0.1053,hfq
2021-09-15,2790.286,2792.052,2720.850,2733.796,448330,,,-2.2719,hfq
2021-09-16,2744.388,2776.752,2713.789,2759.099,558906,,,0.9256,hfq
2021-09-17,2740.269,2844.423,2732.619,2806.174,635328,,,1.7062,hfq
2021-09-22,2806.174,2876.787,2786.167,2862.076,580513,,,1.9921,hfq
2021-09-23,2867.961,2914.448,2825.593,2855.603,586868,,,-0.2262,hfq
2021-09-24,2850.307,2991.534,2841.481,2973.880,927197,,,4.1419,hfq
2021-09-27,2976.234,3112.753,2938.574,3029.782,881591,,,1.8798,hfq
2021-09-28,3073.915,3073.915,2946.223,3008.598,542766,,,-0.6992,hfq
2021-09-29,2979.765,3011.541,2912.682,2980.942,484391,,,-0.9192,hfq
2021-09-30,2982.118,3022.721,2952.696,2999.183,411221,,,0.6119,hfq
2021-10-08,3036.255,3263.394,2990.357,3232.206,1124309,,,7.7695,hfq
2021-10-11,3232.206,3311.646,3162.770,3198.077,739909,,,-1.0559,hfq
2021-10-12,3206.315,3262.217,3168.066,3209.257,549721,,,0.3496,hfq
2021-10-13,3194.546,3194.546,3076.858,3159.240,607656,,,-1.5585,hfq
2021-10-14,3129.817,3143.940,3048.024,3048.024,561685,,,-3.5203,hfq
2021-10-15,3009.187,3066.266,2970.350,2988.591,569812,,,-1.9499,hfq
2021-10-18,2970.350,2985.649,2899.148,2932.689,515125,,,-1.8705,hfq
2021-10-19,2911.505,3029.194,2906.798,2962.700,521175,,,1.0233,hfq
2021-10-20,2926.805,3096.865,2856.192,3078.623,965917,,,3.9127,hfq
2021-10-21,3042.140,3063.323,3007.421,3015.071,437411,,,-2.0643,hfq
2021-10-22,3021.544,3095.099,3009.775,3062.147,461962,,,1.5614,hfq
2021-10-25,3044.493,3120.991,3032.724,3056.851,459922,,,-0.1730,hfq
2021-10-26,3059.793,3067.443,2950.343,2950.343,638573,,,-3.4842,hfq
2021-10-27,2944.458,2977.999,2907.975,2930.336,341071,,,-0.6781,hfq
2021-10-28,2900.913,2994.476,2896.206,2912.682,445554,,,-0.6025,hfq
2021-10-29,2897.383,2978.588,2897.383,2940.927,427476,,,0.9697,hfq
2021-11-01,2927.982,2991.534,2900.325,2973.880,487702,,,1.1205,hfq
2021-11-02,2956.815,3002.125,2867.961,2897.383,480225,,,-2.5723,hfq
2021-11-03,2897.971,2996.241,2897.971,2933.866,415537,,,1.2592,hfq
2021-11-04,2941.516,3091.569,2926.805,3056.851,823350,,,4.1919,hfq
2021-11-05,3059.204,3202.196,3057.439,3092.157,920662,,,1.1550,hfq
2021-11-08,3103.338,3116.872,2956.227,2963.288,826903,,,-4.1676,hfq
2021-11-09,2966.819,3008.010,2956.227,2974.469,373595,,,0.3773,hfq
2021-11-10,2974.469,3250.448,2967.996,3205.138,1371612,,,7.7550,hfq
2021-11-11,3191.604,3208.669,3136.290,3162.182,775870,,,-1.3402,hfq
2021-11-12,3165.124,3188.662,3103.926,3135.702,443428,,,-0.8374,hfq
2021-11-15,3136.879,3218.084,3126.287,3183.954,590072,,,1.5388,hfq
2021-11-16,3185.719,3278.105,3183.954,3241.622,676750,,,1.8112,hfq
2021-11-17,3250.448,3288.697,3208.080,3216.318,522252,,,-0.7806,hfq
2021-11-18,3191.604,3196.311,3079.800,3090.392,696159,,,-3.9152,hfq
2021-11-19,3063.323,3116.283,3058.616,3102.749,366586,,,0.3999,hfq
2021-11-22,3138.056,3172.185,3094.511,3104.514,431026,,,0.0569,hfq
2021-11-23,3092.157,3129.817,3080.388,3108.045,298044,,,0.1137,hfq
2021-11-24,3100.395,3115.106,3073.915,3096.276,301306,,,-0.3787,hfq
2021-11-25,3097.453,3168.066,3081.565,3161.593,473939,,,2.1095,hfq
2021-11-26,3172.774,3173.951,3118.049,3123.933,421663,,,-1.1912,hfq
2021-11-29,3125.698,3173.362,3034.490,3049.789,566364,,,-2.3734,hfq
2021-11-30,3023.898,3050.378,2989.180,2995.653,482994,,,-1.7751,hfq
2021-12-01,2996.241,3023.898,2968.584,3015.071,320410,,,0.6482,hfq
2021-12-02,2981.530,2981.530,2927.982,2930.336,524007,,,-2.8104,hfq
2021-12-03,2928.570,2951.519,2919.744,2938.574,388783,,,0.2811,hfq
2021-12-06,2938.574,2973.880,2937.985,2943.281,362115,,,0.1602,hfq
2021-12-07,2966.819,3002.125,2943.870,2996.241,415265,,,1.7994,hfq
2021-12-08,2996.829,3008.010,2950.343,3006.833,334290,,,0.3535,hfq
2021-12-09,3009.187,3080.388,2986.238,3067.443,576039,,,2.0157,hfq
2021-12-10,3045.082,3084.507,3039.197,3059.793,396118,,,-0.2494,hfq
2021-12-13,3073.327,3103.338,3037.432,3044.493,444106,,,-0.5000,hfq
2021-12-14,3023.898,3072.739,3022.133,3044.493,309301,,,0.0000,hfq
2021-12-15,3025.075,3044.493,2959.758,2985.649,423673,,,-1.9328,hfq
2021-12-16,2967.996,3003.302,2946.223,2999.183,317147,,,0.4533,hfq
2021-12-17,3002.125,3014.483,2972.703,2972.703,264860,,,-0.8829,hfq
2021-12-20,2953.285,3012.129,2947.989,2978.588,251471,,,0.1980,hfq
2021-12-21,2954.462,2996.241,2953.873,2988.003,223402,,,0.3161,hfq
2021-12-22,2985.649,2990.945,2959.758,2965.642,251012,,,-0.7484,hfq
2021-12-23,2968.584,2979.765,2938.574,2950.931,254866,,,-0.4960,hfq
2021-12-24,2944.458,3005.068,2941.516,2992.710,330458,,,1.4158,hfq
2021-12-27,2992.710,3015.071,2979.765,3009.775,268236,,,0.5702,hfq
2021-12-28,3009.775,3030.959,2980.942,2995.653,277510,,,-0.4692,hfq
2021-12-29,2995.653,2995.653,2963.877,2969.173,214951,,,-0.8839,hfq
2021-12-30,2970.350,3012.717,2952.108,2986.238,285881,,,0.5747,hfq
2021-12-31,2997.418,3043.316,2985.061,3027.428,379036,,,1.3793,hfq
2022-01-04,3031.548,3042.140,2976.234,3008.598,375581,,,-0.6220,hfq
2022-01-05,3005.656,3075.092,2979.176,3039.786,466265,,,1.0366,hfq
2022-01-06,3040.374,3072.739,2985.649,2992.122,443946,,,-1.5680,hfq
2022-01-07,2992.710,3072.739,2974.469,3037.432,483774,,,1.5143,hfq
2022-01-10,3038.609,3072.739,2997.418,3051.555,393542,,,0.4650,hfq
2022-01-11,3021.544,3032.724,2986.238,2996.241,370172,,,-1.8126,hfq
2022-01-12,2999.183,3009.187,2953.873,2961.523,516616,,,-1.1587,hfq
2022-01-13,2955.639,2960.346,2809.705,2837.362,910495,,,-4.1925,hfq
2022-01-14,2809.116,2834.419,2784.402,2788.521,493168,,,-1.7214,hfq
2022-01-17,2789.109,2802.055,2753.803,2774.398,394114,,,-0.5065,hfq
2022-01-18,2774.398,2779.694,2750.272,2762.629,354221,,,-0.4242,hfq
2022-01-19,2756.157,2772.633,2708.493,2734.384,413248,,,-1.0224,hfq
2022-01-20,2729.677,2756.157,2725.558,2732.030,350225,,,-0.0861,hfq
2022-01-21,2732.619,2743.211,2662.006,2687.897,446901,,,-1.6154,hfq
2022-01-24,2662.006,2687.309,2590.216,2590.804,648814,,,-3.6122,hfq
2022-01-25,2579.624,2619.638,2554.321,2563.147,403950,,,-1.0675,hfq
2022-01-26,2581.978,2590.216,2517.249,2520.191,379315,,,-1.6759,hfq
2022-01-27,2520.191,2530.783,2456.639,2461.347,465658,,,-2.3349,hfq
2022-01-28,2461.347,2488.415,2448.990,2453.109,349369,,,-0.3347,hfq
2022-02-07,2483.119,2494.300,2457.816,2464.289,313714,,,0.4557,hfq
2022-02-08,2464.289,2501.361,2438.398,2498.419,310682,,,1.3850,hfq
2022-02-09,2497.242,2523.133,2490.181,2515.484,320538,,,0.6830,hfq
2022-02-10,2521.368,2521.368,2476.058,2489.592,256442,,,-1.0293,hfq
2022-02-11,2476.646,2485.473,2431.336,2471.350,371662,,,-0.7327,hfq
2022-02-14,2456.051,2468.997,2379.553,2382.496,537082,,,-3.5954,hfq
2022-02-15,2382.496,2477.235,2373.669,2467.820,645330,,,3.5813,hfq
2022-02-16,2456.051,2460.758,2420.744,2430.748,483055,,,-1.5022,hfq
2022-02-17,2431.336,2448.401,2421.333,2433.102,271649,,,0.0968,hfq
2022-02-18,2409.564,2460.758,2399.560,2453.697,321422,,,0.8465,hfq
2022-02-21,2444.282,2464.878,2432.513,2451.932,253580,,,-0.0719,hfq
2022-02-22,2451.932,2451.932,2397.795,2403.680,321387,,,-1.9679,hfq
2022-02-23,2411.918,2452.520,2407.799,2450.167,336118,,,1.9340,hfq
2022-02-24,2436.632,2440.751,2357.781,2378.377,559658,,,-2.9300,hfq
2022-02-25,2390.734,2466.643,2389.557,2403.680,536279,,,1.0639,hfq
2022-02-28,2404.268,2423.098,2385.438,2401.914,319263,,,-0.0735,hfq
2022-03-01,2401.914,2473.116,2401.914,2459.582,544670,,,2.4009,hfq
2022-03-02,2446.047,2446.047,2421.921,2433.102,277590,,,-1.0766,hfq
2022-03-03,2442.517,2447.224,2403.091,2406.033,285092,,,-1.1125,hfq
2022-03-04,2385.438,2416.625,2368.373,2384.261,322607,,,-0.9049,hfq
2022-03-07,2361.900,2367.785,2247.742,2253.038,693118,,,-5.5037,hfq
2022-03-08,2257.746,2270.692,2191.840,2201.844,475707,,,-2.2722,hfq
2022-03-09,2208.905,2223.028,2085.332,2164.184,558800,,,-1.7104,hfq
2022-03-10,2208.905,2226.558,2167.714,2171.833,459155,,,0.3534,hfq
2022-03-11,2128.289,2260.100,2116.520,2257.157,709099,,,3.9287,hfq
2022-03-14,2266.573,2331.890,2244.212,2244.212,679361,,,-0.5735,hfq
2022-03-15,2218.320,2279.518,2161.830,2169.480,578556,,,-3.3300,hfq
2022-03-16,2200.079,2220.674,2091.217,2205.375,680261,,,1.6545,hfq
2022-03-17,2226.558,2292.464,2211.259,2245.389,771905,,,1.8144,hfq
2022-03-18,2222.439,2255.981,2208.905,2250.096,560523,,,0.2096,hfq
2022-03-21,2258.923,2272.457,2208.905,2238.327,507424,,,-0.5230,hfq
2022-03-22,2238.327,2258.923,2214.790,2217.143,285882,,,-0.9464,hfq
2022-03-23,2226.558,2269.515,2194.783,2241.858,498463,,,1.1147,hfq
2022-03-24,2220.086,2271.280,2198.902,2258.334,575648,,,0.7349,hfq
2022-03-25,2245.977,2258.923,2182.425,2183.602,531614,,,-3.3092,hfq
2022-03-28,2155.945,2171.245,2132.408,2155.945,322103,,,-1.2666,hfq
2022-03-29,2155.945,2183.014,2141.823,2157.122,273913,,,0.0546,hfq
2022-03-30,2171.833,2245.389,2144.176,2245.389,584919,,,4.0919,hfq
2022-03-31,2228.912,2244.800,2204.786,2210.082,401770,,,-1.5724,hfq
2022-04-01,2197.136,2224.793,2165.949,2207.728,374431,,,-0.1065,hfq
2022-04-06,2207.728,2237.739,2168.303,2176.541,431287,,,-1.4126,hfq
2022-04-07,2178.306,2190.663,2120.639,2121.816,395446,,,-2.5143,hfq
2022-04-08,2108.282,2118.873,2027.665,2040.022,723021,,,-3.8549,hfq
2022-04-11,2021.192,2035.315,1967.644,1973.528,570157,,,-3.2595,hfq
2022-04-12,1972.940,2032.372,1943.518,2024.723,591549,,,2.5941,hfq
2022-04-13,2007.069,2052.968,1998.243,2022.957,368377,,,-0.0872,hfq
2022-04-14,2021.192,2067.091,2020.604,2033.549,308845,,,0.5236,hfq
2022-04-15,2032.372,2070.621,2022.957,2049.437,332958,,,0.7813,hfq
2022-04-18,2038.257,2041.788,2005.304,2041.788,223627,,,-0.3732,hfq
2022-04-19,2033.549,2064.737,1980.590,1991.770,403558,,,-2.4497,hfq
2022-04-20,2002.950,2112.989,1997.654,2062.971,754696,,,3.5748,hfq
2022-04-21,2055.910,2079.448,1980.590,1995.301,471589,,,-3.2802,hfq
2022-04-22,1982.943,2020.604,1903.504,1985.297,452914,,,-0.5014,hfq
2022-04-25,1817.591,1855.251,1791.111,1791.111,1039617,,,-9.7812,hfq
2022-04-26,1749.920,1751.685,1672.246,1675.776,1082858,,,-6.4393,hfq
2022-04-27,1632.820,1700.491,1632.232,1694.607,708004,,,1.1237,hfq
2022-04-28,1688.722,1733.444,1679.307,1717.556,572220,,,1.3542,hfq
2022-04-29,1716.967,1790.523,1712.848,1778.165,570479,,,3.5288,hfq
2022-05-05,1777.577,1812.883,1762.866,1789.934,461882,,,0.6619,hfq
2022-05-06,1755.805,1805.822,1750.509,1769.927,307035,,,-1.1178,hfq
2022-05-09,1774.635,1789.346,1756.981,1767.573,201674,,,-0.1330,hfq
2022-05-10,1721.086,1785.227,1705.787,1772.869,384859,,,0.2996,hfq
2022-05-11,1773.458,1855.840,1773.458,1805.822,573373,,,1.8587,hfq
2022-05-12,1794.642,1824.652,1791.111,1810.530,257546,,,0.2607,hfq
2022-05-13,1857.017,1861.724,1796.996,1807.587,339407,,,-0.1625,hfq
2022-05-16,1825.241,1839.363,1771.692,1775.223,340038,,,-1.7905,hfq
2022-05-17,1785.227,1795.819,1761.689,1776.988,248481,,,0.0994,hfq
2022-05-18,1782.873,1791.111,1764.631,1772.281,240164,,,-0.2649,hfq
2022-05-19,1752.274,1771.104,1742.859,1764.631,237597,,,-0.4316,hfq
2022-05-20,1782.284,1829.360,1779.342,1822.887,518717,,,3.3013,hfq
2022-05-23,1837.010,1841.129,1806.411,1814.649,293970,,,-0.4519,hfq
2022-05-24,1813.472,1814.649,1721.675,1726.971,585919,,,-4.8317,hfq
2022-05-25,1732.267,1747.566,1720.498,1745.801,321550,,,1.0903,hfq
2022-05-26,1748.743,1776.988,1724.029,1752.274,378681,,,0.3708,hfq
2022-05-27,1779.342,1829.948,1771.104,1795.819,761231,,,2.4851,hfq
2022-05-30,1798.761,1811.707,1776.988,1791.700,386844,,,-0.2294,hfq
2022-05-31,1779.342,1832.302,1770.516,1827.595,564941,,,2.0034,hfq
2022-06-01,1828.183,1835.244,1797.584,1807.587,365275,,,-1.0948,hfq
2022-06-02,1804.057,1804.645,1776.400,1799.349,348859,,,-0.4557,hfq
2022-06-06,1794.642,1848.190,1792.288,1839.952,552506,,,2.2565,hfq
2022-06-07,1850.544,1905.857,1835.833,1878.789,762500,,,2.1108,hfq
2022-06-08,1882.908,1979.413,1877.612,1931.749,1184831,,,2.8188,hfq
2022-06-09,1920.568,1923.511,1861.136,1864.666,649194,,,-3.4727,hfq
2022-06-10,1849.367,1907.623,1849.367,1900.561,560985,,,1.9250,hfq
2022-06-13,1881.731,1913.507,1869.962,1885.262,445047,,,-0.8050,hfq
2022-06-14,1870.551,1905.857,1835.244,1904.092,494083,,,0.9988,hfq
2022-06-15,1911.742,1994.124,1905.857,1961.759,910669,,,3.0286,hfq
2022-06-16,1968.232,2004.716,1956.463,1962.348,665953,,,0.0300,hfq
2022-06-17,1947.637,2031.196,1941.752,2007.069,740718,,,2.2790,hfq
2022-06-20,2015.896,2041.788,1985.297,2012.365,654972,,,0.2639,hfq
2022-06-21,2008.835,2008.835,1964.702,1985.886,531509,,,-1.3158,hfq
2022-06-22,1991.181,2014.719,1962.348,1964.113,422606,,,-1.0964,hfq
2022-06-23,1970.586,1982.355,1955.875,1981.178,347493,,,0.8688,hfq
2022-06-24,1981.178,2031.196,1981.178,2015.896,561877,,,1.7524,hfq
2022-06-27,2029.430,2166.537,2029.430,2135.938,1114011,,,5.9548,hfq
2022-06-28,2135.350,2151.826,2094.159,2141.823,587816,,,0.2755,hfq
2022-06-29,2141.234,2207.728,2108.870,2133.585,828483,,,-0.3846,hfq
2022-06-30,2150.061,2248.919,2147.119,2225.970,861263,,,4.3300,hfq
2022-07-01,2225.970,2338.362,2212.436,2334.832,1000346,,,4.8905,hfq
2022-07-04,2338.362,2485.473,2268.338,2466.054,1416054,,,5.6202,hfq
2022-07-05,2441.338,2474.879,2396.617,2436.631,875507,,,-1.1931,hfq
2022-07-06,2442.515,2500.182,2356.602,2372.490,949991,,,-2.6324,hfq
2022-07-07,2349.541,2371.313,2289.520,2327.180,714188,,,-1.9098,hfq
2022-07-08,2347.187,2365.429,2306.585,2315.411,469154,,,-0.5057,hfq
2022-07-11,2316.000,2341.891,2246.564,2293.051,590258,,,-0.9657,hfq
2022-07-12,2292.462,2298.347,2221.849,2222.438,555110,,,-3.0794,hfq
2022-07-13,2222.438,2241.856,2205.373,2228.910,378406,,,0.2912,hfq
2022-07-14,2241.856,2337.772,2241.856,2320.119,756206,,,4.0921,hfq
2022-07-15,2306.585,2335.419,2243.033,2244.210,488436,,,-3.2718,hfq
2022-07-18,2241.856,2291.874,2207.727,2284.812,385230,,,1.8092,hfq
2022-07-19,2281.282,2307.762,2240.091,2267.748,339889,,,-0.7468,hfq
2022-07-20,2283.047,2316.000,2271.278,2290.108,357702,,,0.9860,hfq
2022-07-21,2285.989,2344.834,2270.101,2330.123,441108,,,1.7473,hfq
2022-07-22,2330.123,2386.025,2317.765,2347.776,520039,,,0.7576,hfq
2022-07-25,2347.776,2370.137,2307.762,2317.177,263742,,,-1.3033,hfq
2022-07-26,2318.942,2347.776,2171.243,2181.247,997684,,,-5.8662,hfq
2022-07-27,2171.243,2224.791,2165.359,2184.777,374379,,,0.1618,hfq
2022-07-28,2178.304,2200.077,2141.821,2177.128,436470,,,-0.3501,hfq
2022-07-29,2178.304,2194.781,2122.991,2129.464,377162,,,-2.1893,hfq
2022-08-01,2128.875,2146.529,2089.450,2122.991,263278,,,-0.3040,hfq
2022-08-02,2112.399,2112.399,2046.493,2065.323,456818,,,-2.7164,hfq
2022-08-03,2067.677,2127.110,2067.677,2094.746,367133,,,1.4246,hfq
2022-08-04,2111.810,2215.965,2109.457,2213.022,643002,,,5.6463,hfq
2022-08-05,2226.557,2294.228,2224.791,2290.697,599976,,,3.5099,hfq
2022-08-08,2299.524,2321.296,2260.098,2294.228,348084,,,0.1541,hfq
2022-08-09,2288.932,2288.932,2233.030,2249.506,280720,,,-1.9493,hfq
2022-08-10,2247.741,2262.452,2196.546,2221.261,329821,,,-1.2556,hfq
2022-08-11,2230.087,2268.925,2207.727,2255.390,329243,,,1.5365,hfq
2022-08-12,2254.213,2277.163,2235.972,2255.979,226887,,,0.0261,hfq
2022-08-15,2251.860,2268.336,2223.026,2224.203,259248,,,-1.4085,hfq
2022-08-16,2224.203,2255.390,2192.427,2197.723,265368,,,-1.1905,hfq
2022-08-17,2188.896,2221.849,2180.070,2208.315,258070,,,0.4820,hfq
2022-08-18,2195.958,2206.550,2154.767,2173.597,274331,,,-1.5721,hfq
2022-08-19,2164.770,2194.192,2159.474,2165.359,232145,,,-0.3790,hfq
2022-08-22,2083.565,2143.586,2030.017,2114.753,604420,,,-2.3371,hfq
2022-08-23,2114.164,2149.471,2078.858,2090.038,327830,,,-1.1687,hfq
2022-08-24,2090.038,2127.110,2080.623,2081.800,279635,,,-0.3942,hfq
2022-08-25,2085.330,2120.637,2047.082,2111.810,263564,,,1.4415,hfq
2022-08-26,2117.695,2131.817,2094.746,2098.865,212095,,,-0.6130,hfq
2022-08-29,2062.381,2089.450,2056.497,2067.089,176266,,,-1.5140,hfq
2022-08-30,2068.854,2087.096,2018.248,2034.136,309316,,,-1.5942,hfq
2022-08-31,2019.425,2111.810,2017.071,2092.392,356546,,,2.8639,hfq
2022-09-01,2091.803,2104.161,2058.851,2073.562,242547,,,-0.8999,hfq
2022-09-02,2082.388,2122.991,2035.901,2047.670,266194,,,-1.2487,hfq
2022-09-05,2041.786,2059.439,2012.364,2037.667,222204,,,-0.4885,hfq
2022-09-06,2049.436,2065.323,2031.194,2046.493,180244,,,0.4331,hfq
2022-09-07,2030.017,2037.078,2004.125,2020.013,247838,,,-1.2939,hfq
2022-09-08,2030.017,2077.092,2024.132,2037.667,274555,,,0.8740,hfq
2022-09-09,2033.548,2104.749,2033.548,2099.453,414174,,,3.0322,hfq
2022-09-13,2100.630,2150.648,2087.684,2142.998,362340,,,2.0741,hfq
2022-09-14,2117.695,2160.651,2095.922,2152.413,291787,,,0.4393,hfq
2022-09-15,2164.770,2170.655,2135.937,2141.233,275193,,,-0.5194,hfq
2022-09-16,2141.821,2152.413,2096.511,2102.395,316296,,,-1.8138,hfq
2022-09-19,2107.691,2131.229,2077.681,2094.157,200495,,,-0.3918,hfq
2022-09-20,2095.334,2110.045,2050.612,2061.204,202237,,,-1.5736,hfq
2022-09-21,2061.204,2067.089,2009.421,2020.013,290762,,,-1.9984,hfq
2022-09-22,2000.595,2028.252,1955.285,1973.526,312046,,,-2.3013,hfq
2022-09-23,1965.288,2033.548,1957.050,1990.591,341931,,,0.8647,hfq
2022-09-26,1990.591,2012.364,1928.805,1929.982,345768,,,-3.0448,hfq
2022-09-27,1937.043,2035.901,1929.982,2032.959,464681,,,5.3356,hfq
2022-09-28,2031.782,2052.966,2007.068,2022.367,297010,,,-0.5210,hfq
2022-09-29,2047.082,2167.712,2029.428,2110.634,582714,,,4.3645,hfq
2022-09-30,2110.045,2147.117,2094.746,2118.283,342588,,,0.3624,hfq
2022-10-10,2112.399,2132.994,2067.089,2068.854,312171,,,-2.3334,hfq
2022-10-11,2085.919,2087.684,2044.728,2059.439,199416,,,-0.4551,hfq
2022-10-12,2053.555,2060.616,1942.927,2009.421,418962,,,-2.4287,hfq
2022-10-13,2000.595,2110.634,1991.768,2085.330,397854,,,3.7777,hfq
2022-10-14,2112.399,2288.343,2109.457,2288.343,950157,,,9.7353,hfq
2022-10-17,2302.466,2430.158,2302.466,2380.140,1415941,,,4.0115,hfq
2022-10-18,2380.140,2415.447,2334.830,2374.844,827033,,,-0.2225,hfq
2022-10-19,2374.256,2396.028,2318.354,2347.776,550168,,,-1.1398,hfq
2022-10-20,2321.884,2445.457,2318.354,2358.368,861646,,,0.4512,hfq
2022-10-21,2330.123,2417.212,2324.238,2404.855,701746,,,1.9712,hfq
2022-10-24,2406.620,2428.392,2334.830,2346.599,676905,,,-2.4224,hfq
2022-10-25,2327.769,2351.895,2254.802,2295.993,505045,,,-2.1566,hfq
2022-10-26,2295.404,2424.273,2294.228,2390.144,734058,,,4.1007,hfq
2022-10-27,2390.144,2415.447,2359.545,2390.144,507586,,,0.0000,hfq
2022-10-28,2383.082,2429.569,2337.772,2344.834,560422,,,-1.8957,hfq
2022-10-31,2298.347,2436.042,2297.758,2418.389,736431,,,3.1369,hfq
2022-11-01,2411.328,2499.594,2378.963,2494.298,834856,,,3.1388,hfq
2022-11-02,2477.233,2595.510,2458.991,2523.132,944808,,,1.1560,hfq
2022-11-03,2497.829,2557.261,2469.583,2529.604,509935,,,0.2565,hfq
2022-11-04,2512.540,2557.261,2503.713,2512.540,533436,,,-0.6746,hfq
2022-11-07,2509.597,2529.016,2477.822,2523.720,481563,,,0.4450,hfq
2022-11-08,2521.955,2521.955,2437.807,2447.811,586386,,,-3.0078,hfq
2022-11-09,2447.811,2489.002,2431.923,2450.753,331978,,,0.1202,hfq
2022-11-10,2436.042,2474.291,2408.385,2417.800,319877,,,-1.3446,hfq
2022-11-11,2467.818,2492.533,2360.722,2360.722,678497,,,-2.3607,hfq
2022-11-14,2367.783,2473.114,2363.664,2451.342,568397,,,3.8387,hfq
2022-11-15,2451.930,2452.519,2391.909,2420.743,480043,,,-1.2483,hfq
2022-11-16,2420.743,2499.594,2384.848,2436.042,476331,,,0.6320,hfq
2022-11-17,2424.273,2471.937,2406.620,2430.158,277683,,,-0.2415,hfq
2022-11-18,2435.454,2483.118,2417.800,2422.508,349113,,,-0.3148,hfq
2022-11-21,2394.851,2470.172,2359.545,2453.107,418371,,,1.2631,hfq
2022-11-22,2455.461,2509.597,2393.086,2401.912,408100,,,-2.0869,hfq
2022-11-23,2388.378,2400.147,2351.306,2377.198,279883,,,-1.0289,hfq
2022-11-24,2384.259,2413.093,2336.595,2369.548,284075,,,-0.3218,hfq
2022-11-25,2358.368,2394.851,2336.007,2384.848,248639,,,0.6457,hfq
2022-11-28,2341.891,2375.433,2324.827,2358.368,260135,,,-1.1103,hfq
2022-11-29,2372.490,2419.566,2353.072,2409.562,275733,,,2.1707,hfq
2022-11-30,2409.562,2424.273,2383.082,2396.617,293264,,,-0.5372,hfq
2022-12-01,2419.566,2463.110,2394.851,2434.277,379558,,,1.5714,hfq
2022-12-02,2431.923,2460.168,2420.154,2436.042,250603,,,0.0725,hfq
2022-12-05,2436.042,2457.226,2383.082,2399.559,453317,,,-1.4976,hfq
2022-12-06,2388.967,2436.042,2387.790,2399.559,274308,,,0.0000,hfq
2022-12-07,2394.851,2458.403,2367.783,2440.750,396003,,,1.7166,hfq
2022-12-08,2440.161,2440.750,2339.538,2340.126,612777,,,-4.1227,hfq
2022-12-09,2344.245,2365.429,2330.123,2337.184,409827,,,-0.1257,hfq
2022-12-12,2341.891,2380.140,2318.354,2340.714,376900,,,0.1510,hfq
2022-12-13,2341.303,2347.776,2280.693,2311.292,384600,,,-1.2570,hfq
2022-12-14,2311.292,2323.061,2277.163,2314.823,262941,,,0.1528,hfq
2022-12-15,2299.524,2336.007,2280.693,2286.578,212865,,,-1.2202,hfq
2022-12-16,2277.751,2291.874,2271.867,2288.932,249092,,,0.1029,hfq
2022-12-19,2293.639,2303.054,2234.795,2241.268,291345,,,-2.0824,hfq
2022-12-20,2240.091,2258.333,2200.665,2201.254,278438,,,-1.7853,hfq
2022-12-21,2201.254,2211.846,2167.124,2179.481,251313,,,-0.9891,hfq
2022-12-22,2197.723,2250.683,2186.543,2208.315,356206,,,1.3230,hfq
2022-12-23,2189.485,2225.968,2183.012,2215.376,216845,,,0.3197,hfq
2022-12-26,2213.022,2288.932,2211.257,2263.040,316402,,,2.1515,hfq
2022-12-27,2281.870,2282.459,2223.026,2234.206,320140,,,-1.2741,hfq
2022-12-28,2229.499,2280.105,2225.380,2253.625,247495,,,0.8692,hfq
2022-12-29,2244.798,2307.173,2233.030,2296.581,357508,,,1.9061,hfq
2022-12-30,2298.935,2338.949,2298.935,2320.119,282411,,,1.0249,hfq
2023-01-03,2325.415,2350.718,2295.404,2314.823,257565,,,-0.2283,hfq
2023-01-04,2326.003,2347.187,2313.058,2334.242,257668,,,0.8389,hfq
2023-01-05,2347.776,2398.970,2330.711,2380.140,408464,,,1.9663,hfq
2023-01-06,2388.967,2397.205,2360.133,2366.018,200107,,,-0.5933,hfq
2023-01-09,2364.252,2394.851,2334.242,2380.140,328360,,,0.5969,hfq
2023-01-10,2378.963,2400.736,2365.429,2370.137,374508,,,-0.4203,hfq
2023-01-11,2370.137,2386.025,2308.350,2315.411,531573,,,-2.3090,hfq
2023-01-12,2316.588,2320.707,2273.632,2276.574,495277,,,-1.6773,hfq
2023-01-13,2315.411,2377.786,2279.516,2363.664,708163,,,3.8255,hfq
2023-01-16,2363.664,2594.922,2363.664,2590.802,1378805,,,9.6096,hfq
2023-01-17,2570.795,2602.571,2517.247,2534.900,844312,,,-2.1577,hfq
2023-01-18,2540.785,2563.146,2484.883,2499.005,541313,,,-1.4160,hfq
2023-01-19,2533.724,2687.307,2504.301,2620.813,1094864,,,4.8743,hfq
2023-01-20,2623.167,2693.780,2606.102,2614.929,532465,,,-0.2245,hfq
2023-01-30,2636.113,2667.888,2588.449,2597.864,496623,,,-0.6526,hfq
2023-01-31,2599.041,2630.228,2532.547,2536.666,409176,,,-2.3557,hfq
2023-02-01,2537.843,2565.499,2523.132,2561.969,396414,,,0.9975,hfq
2023-02-02,2565.499,2647.881,2550.788,2583.153,653487,,,0.8269,hfq
2023-02-03,2587.272,2617.871,2566.676,2571.384,498018,,,-0.4556,hfq
2023-02-06,2571.384,2581.387,2518.424,2553.142,379173,,,-0.7094,hfq
2023-02-07,2547.258,2593.745,2514.893,2530.193,307633,,,-0.8989,hfq
2023-02-08,2535.489,2612.575,2533.135,2580.799,423949,,,2.0001,hfq
2023-02-09,2572.561,2634.347,2563.734,2621.401,373022,,,1.5732,hfq
2023-02-10,2620.813,2639.643,2596.687,2618.459,279700,,,-0.1122,hfq
2023-02-13,2660.239,2759.097,2660.239,2699.076,652677,,,3.0788,hfq
2023-02-14,2696.722,2724.379,2673.773,2713.787,329763,,,0.5450,hfq
2023-02-15,2712.610,2732.029,2668.477,2689.661,269470,,,-0.8890,hfq
2023-02-16,2689.072,2704.960,2601.394,2629.640,458815,,,-2.2315,hfq
2023-02-17,2624.344,2694.957,2605.514,2652.000,395716,,,0.8503,hfq
2023-02-20,2651.412,2727.321,2623.755,2713.787,459923,,,2.3298,hfq
2023-02-21,2702.018,2726.733,2659.650,2671.419,337434,,,-1.5612,hfq
2023-02-22,2665.535,2689.072,2641.997,2648.470,222477,,,-0.8591,hfq
2023-02-23,2643.174,2660.827,2593.745,2613.752,337062,,,-1.3109,hfq
2023-02-24,2606.102,2653.177,2588.449,2594.333,238178,,,-0.7430,hfq
2023-02-27,2577.268,2606.690,2559.615,2590.802,270401,,,-0.1361,hfq
2023-02-28,2596.687,2667.300,2578.445,2612.575,328495,,,0.8404,hfq
2023-03-01,2608.456,2650.235,2593.745,2628.463,265213,,,0.6081,hfq
2023-03-02,2611.986,2628.463,2576.091,2594.333,230686,,,-1.2985,hfq
2023-03-03,2592.568,2640.820,2589.037,2606.690,190156,,,0.4763,hfq
2023-03-06,2612.575,2627.874,2587.860,2607.867,210869,,,0.0452,hfq
2023-03-07,2606.690,2630.228,2530.781,2531.370,334387,,,-2.9333,hfq
2023-03-08,2530.781,2543.727,2500.182,2521.955,270510,,,-0.3719,hfq
2023-03-09,2520.189,2537.843,2506.655,2508.421,176774,,,-0.5366,hfq
2023-03-10,2486.648,2536.666,2484.883,2516.070,208268,,,0.3049,hfq
2023-03-13,2496.652,2518.424,2477.822,2490.179,254689,,,-1.0290,hfq
2023-03-14,2490.179,2551.377,2481.941,2493.710,331395,,,0.1418,hfq
2023-03-15,2515.482,2540.196,2480.764,2487.825,212096,,,-0.2360,hfq
2023-03-16,2474.291,2521.366,2468.995,2476.645,184248,,,-0.4494,hfq
2023-03-17,2497.829,2511.951,2447.811,2454.872,387716,,,-0.8791,hfq
2023-03-20,2458.403,2470.760,2411.916,2430.158,335133,,,-1.0067,hfq
2023-03-21,2427.216,2511.363,2427.216,2500.771,333897,,,2.9057,hfq
2023-03-22,2501.359,2569.030,2501.359,2561.380,331144,,,2.4236,hfq
2023-03-23,2559.027,2580.799,2541.373,2563.734,262656,,,0.0919,hfq
2023-03-24,2559.615,2575.503,2502.536,2506.655,259856,,,-2.2264,hfq
2023-03-27,2506.655,2600.806,2459.580,2599.629,469301,,,3.7091,hfq
2023-03-28,2588.449,2594.922,2543.139,2583.153,261611,,,-0.6338,hfq
2023-03-29,2603.748,2610.221,2570.207,2592.568,183576,,,0.3645,hfq
2023-03-30,2592.568,2597.864,2554.319,2583.741,206747,,,-0.3405,hfq
2023-03-31,2583.741,2609.044,2553.731,2572.561,220698,,,-0.4327,hfq
2023-04-03,2562.557,2593.745,2547.846,2557.261,244114,,,-0.5947,hfq
2023-04-04,2557.261,2592.568,2530.193,2591.979,338527,,,1.3576,hfq
2023-04-06,2594.922,2597.864,2541.962,2570.207,280353,,,-0.8400,hfq
2023-04-07,2570.795,2718.494,2570.795,2709.668,670009,,,5.4261,hfq
2023-04-10,2709.668,2800.288,2694.957,2775.573,662720,,,2.4322,hfq
2023-04-11,2771.454,2798.523,2743.209,2760.274,327026,,,-0.5512,hfq
2023-04-12,2765.570,2839.125,2733.794,2737.913,336009,,,-0.8101,hfq
2023-04-13,2737.913,2862.663,2728.498,2839.125,646011,,,3.6967,hfq
2023-04-14,2873.843,2914.446,2818.530,2860.898,604880,,,0.7669,hfq
2023-04-17,2865.605,3012.716,2865.605,2953.283,803312,,,3.2292,hfq
2023-04-18,2953.871,2977.409,2899.735,2932.099,376306,,,-0.7173,hfq
2023-04-19,2924.449,2947.987,2901.500,2916.211,267820,,,-0.5419,hfq
2023-04-20,2906.796,2930.922,2849.717,2865.605,414766,,,-1.7353,hfq
2023-04-21,2865.605,2897.969,2837.360,2837.360,408355,,,-0.9857,hfq
2023-04-24,2837.948,2955.048,2837.948,2897.969,603105,,,2.1361,hfq
2023-04-25,2897.969,2933.864,2835.006,2876.197,438672,,,-0.7513,hfq
2023-04-26,2877.374,2922.684,2819.707,2889.143,360255,,,0.4501,hfq
2023-04-27,2887.966,2921.507,2842.656,2889.143,400538,,,0.0000,hfq
2023-04-28,2889.143,2933.276,2867.370,2915.623,282983,,,0.9165,hfq
2023-05-04,2909.738,2989.178,2905.619,2952.106,432507,,,1.2513,hfq
2023-05-05,2958.579,2964.463,2823.237,2846.186,422608,,,-3.5879,hfq
2023-05-08,2846.186,2853.836,2763.805,2789.696,468052,,,-1.9848,hfq
2023-05-09,2782.635,2807.938,2742.032,2755.566,289536,,,-1.2234,hfq
2023-05-10,2759.685,2800.876,2739.090,2780.281,251665,,,0.8969,hfq
2023-05-11,2780.281,2876.785,2772.043,2784.988,286218,,,0.1693,hfq
2023-05-12,2785.577,2810.880,2722.614,2730.852,363767,,,-1.9439,hfq
2023-05-15,2730.852,2854.425,2730.263,2844.421,326025,,,4.1587,hfq
2023-05-16,2942.103,2977.998,2918.565,2943.868,588846,,,3.4962,hfq
2023-05-17,2950.929,2956.814,2886.789,2906.796,271331,,,-1.2593,hfq
2023-05-18,2906.796,2928.568,2864.428,2878.551,229022,,,-0.9717,hfq
2023-05-19,2882.081,2980.351,2882.081,2943.868,341093,,,2.2691,hfq
2023-05-22,2946.810,3006.831,2896.793,2918.565,291330,,,-0.8595,hfq
2023-05-23,2921.507,2989.178,2920.919,2942.103,328983,,,0.8065,hfq
2023-05-24,2942.103,2946.810,2855.602,2875.020,287120,,,-2.2801,hfq
2023-05-25,2857.955,2892.085,2829.122,2880.905,183705,,,0.2047,hfq
2023-05-26,2874.432,2939.160,2870.901,2900.912,174986,,,0.6945,hfq
2023-05-29,2903.854,2937.983,2867.370,2895.027,218625,,,-0.2029,hfq
2023-05-30,2895.027,2947.987,2836.183,2894.439,347627,,,-0.0203,hfq
2023-05-31,2906.796,2914.446,2701.430,2733.206,859349,,,-5.5704,hfq
2023-06-01,2733.794,2812.057,2727.321,2755.566,458276,,,0.8181,hfq
2023-06-02,2770.277,2809.115,2752.036,2761.451,286950,,,0.2136,hfq
2023-06-05,2771.454,2812.645,2762.039,2789.108,270911,,,1.0015,hfq
2023-06-06,2791.461,2828.533,2768.512,2777.927,267820,,,-0.4009,hfq
2023-06-07,2777.339,2800.288,2721.437,2730.263,248218,,,-1.7158,hfq
2023-06-08,2739.671,2750.263,2701.423,2744.967,223284,,,0.5386,hfq
2023-06-09,2730.256,2777.920,2716.722,2756.736,314957,,,0.4287,hfq
2023-06-12,2747.321,2747.321,2633.752,2692.596,499494,,,-2.3267,hfq
2023-06-13,2687.300,2730.256,2667.293,2710.249,196180,,,0.6556,hfq
2023-06-14,2716.134,2791.454,2699.657,2769.093,411556,,,2.1712,hfq
2023-06-15,2792.631,2827.349,2771.447,2823.819,317301,,,1.9763,hfq
2023-06-16,2816.169,2915.027,2810.284,2857.360,380344,,,1.1878,hfq
2023-06-19,2857.360,2879.721,2806.165,2820.876,218127,,,-1.2768,hfq
2023-06-20,2826.172,2856.771,2810.284,2814.992,148967,,,-0.2086,hfq
2023-06-21,2799.104,2837.941,2792.631,2792.631,170863,,,-0.7944,hfq
2023-06-26,2785.570,2832.645,2750.263,2790.277,214000,,,-0.0843,hfq
2023-06-27,2779.685,2816.169,2759.090,2766.151,189784,,,-0.8646,hfq
2023-06-28,2776.743,2792.631,2752.029,2780.862,215203,,,0.5318,hfq
2023-06-29,2777.920,2853.829,2774.978,2830.880,302950,,,1.7987,hfq
2023-06-30,2822.053,2915.027,2819.700,2880.898,283562,,,1.7669,hfq
2023-07-03,2882.074,2882.074,2829.703,2849.122,203984,,,-1.1030,hfq
2023-07-04,2845.591,3033.893,2799.104,2936.800,841571,,,3.0774,hfq
2023-07-05,2936.800,2995.644,2917.969,2956.807,461083,,,0.6813,hfq
2023-07-06,2955.041,2957.395,2880.309,2893.255,252248,,,-2.1493,hfq
2023-07-07,2886.782,2921.500,2875.602,2909.731,172268,,,0.5695,hfq
2023-07-10,2909.143,2915.616,2849.122,2863.833,216794,,,-1.5774,hfq
2023-07-11,2886.782,2919.735,2840.295,2900.905,242128,,,1.2945,hfq
2023-07-12,2900.905,2910.320,2860.302,2873.248,146811,,,-0.9534,hfq
2023-07-13,2883.251,2898.551,2857.360,2887.370,246040,,,0.4915,hfq
2023-07-14,2885.605,2886.194,2857.360,2858.537,134610,,,-0.9986,hfq
2023-07-17,2858.537,2858.537,2812.050,2839.707,213944,,,-0.6587,hfq
2023-07-18,2851.475,2877.955,2827.938,2839.707,121135,,,0.0000,hfq
2023-07-19,2827.938,2849.710,2801.458,2809.696,194150,,,-1.0568,hfq
2023-07-20,2827.349,2851.475,2761.444,2766.740,180988,,,-1.5288,hfq
2023-07-21,2770.859,2786.747,2748.498,2764.974,209766,,,-0.0638,hfq
2023-07-24,2763.209,2886.782,2762.621,2845.003,473988,,,2.8944,hfq
2023-07-25,2872.071,2880.898,2835.587,2872.659,249098,,,0.9721,hfq
2023-07-26,2873.248,2896.197,2860.302,2891.489,167788,,,0.6555,hfq
2023-07-27,2906.201,2914.439,2875.013,2893.255,162255,,,0.0611,hfq
2023-07-28,2879.721,2957.395,2862.656,2948.568,377573,,,1.9118,hfq
2023-07-31,2947.980,2965.045,2664.351,2685.535,1359242,,,-8.9207,hfq
2023-08-01,2669.647,2669.647,2551.370,2614.922,1344001,,,-2.6294,hfq
2023-08-02,2607.272,2650.817,2537.247,2550.193,934819,,,-2.4754,hfq
2023-08-03,2524.890,2586.088,2485.464,2549.604,791888,,,-0.0231,hfq
2023-08-04,2566.081,2573.142,2474.872,2478.991,1064609,,,-2.7696,hfq
2023-08-07,2454.865,2454.865,2331.292,2364.834,1347893,,,-4.6050,hfq
2023-08-08,2333.646,2456.631,2332.469,2424.266,974177,,,2.5132,hfq
2023-08-09,2410.144,2455.454,2404.259,2428.385,573863,,,0.1699,hfq
2023-08-10,2428.385,2438.389,2392.490,2410.144,355953,,,-0.7512,hfq
2023-08-11,2413.674,2429.562,2368.953,2368.953,337898,,,-1.7091,hfq
2023-08-14,2347.180,2462.515,2345.415,2452.511,602790,,,3.5272,hfq
2023-08-15,2451.923,2480.757,2414.851,2445.450,426582,,,-0.2879,hfq
2023-08-16,2438.977,2528.421,2430.739,2475.461,630409,,,1.2272,hfq
2023-08-17,2458.396,2466.634,2421.912,2449.569,395599,,,-1.0459,hfq
2023-08-18,2445.450,2450.158,2404.259,2413.086,261862,,,-1.4894,hfq
2023-08-21,2295.986,2376.602,2245.380,2345.415,607921,,,-2.8043,hfq
2023-08-22,2366.010,2380.722,2317.758,2366.010,435386,,,0.8781,hfq
2023-08-23,2363.068,2375.426,2338.354,2339.531,258171,,,-1.1191,hfq
2023-08-24,2340.119,2467.811,2321.877,2441.920,477737,,,4.3765,hfq
2023-08-25,2431.328,2494.291,2425.443,2458.396,430306,,,0.6747,hfq
2023-08-28,2591.972,2613.156,2505.471,2529.009,722102,,,2.8723,hfq
2023-08-29,2528.421,2562.550,2510.179,2548.428,376997,,,0.7679,hfq
2023-08-30,2563.139,2563.139,2533.717,2542.543,253504,,,-0.2309,hfq
2023-08-31,2542.543,2547.839,2516.063,2520.771,259633,,,-0.8563,hfq
2023-09-01,2524.890,2534.893,2500.175,2506.060,165313,,,-0.5836,hfq
2023-09-04,2529.597,2531.951,2480.757,2486.641,324688,,,-0.7749,hfq
2023-09-05,2487.230,2509.002,2480.168,2487.230,202444,,,0.0237,hfq
2023-09-06,2475.461,2486.053,2451.335,2458.984,211816,,,-1.1356,hfq
2023-09-07,2467.811,2467.811,2411.909,2433.093,286649,,,-1.0529,hfq
2023-09-08,2430.739,2451.923,2416.028,2450.158,178497,,,0.7014,hfq
2023-09-11,2460.161,2601.976,2460.161,2592.561,757357,,,5.8120,hfq
2023-09-12,2581.380,2603.153,2573.731,2587.265,262043,,,-0.2043,hfq
2023-09-13,2583.734,2597.268,2534.305,2545.485,223141,,,-1.6148,hfq
2023-09-14,2553.135,2580.203,2536.659,2568.435,230089,,,0.9016,hfq
2023-09-15,2574.907,2648.463,2554.312,2627.867,669591,,,2.3139,hfq
2023-09-18,2628.456,2707.307,2627.279,2672.589,478974,,,1.7018,hfq
2023-09-19,2672.589,2699.657,2656.701,2688.477,257266,,,0.5945,hfq
2023-09-20,2680.827,2686.712,2644.344,2672.000,218104,,,-0.6129,hfq
2023-09-21,2672.000,2674.354,2638.459,2644.932,192238,,,-1.0130,hfq
2023-09-22,2649.640,2659.643,2616.098,2654.936,282408,,,0.3782,hfq
2023-09-25,2657.289,2713.191,2634.340,2701.423,407403,,,1.7510,hfq
2023-09-26,2698.480,2714.957,2660.232,2692.596,273018,,,-0.3268,hfq
2023-09-27,2691.419,2750.263,2689.654,2728.491,357243,,,1.3331,hfq
2023-09-28,2742.614,2762.032,2696.127,2706.719,251307,,,-0.7980,hfq
2023-10-09,2703.776,2722.018,2658.466,2696.127,331422,,,-0.3913,hfq
2023-10-10,2705.542,2709.661,2667.881,2673.177,166019,,,-0.8512,hfq
2023-10-11,2692.596,2743.790,2692.596,2713.191,329577,,,1.4969,hfq
2023-10-12,2745.556,2748.498,2692.596,2707.307,244608,,,-0.2169,hfq
2023-10-13,2685.535,2717.311,2673.177,2689.654,187513,,,-0.6521,hfq
2023-10-16,2699.657,2717.311,2657.289,2664.939,214400,,,-0.9189,hfq
2023-10-17,2664.939,2682.592,2627.867,2679.062,214293,,,0.5300,hfq
2023-10-18,2679.650,2680.239,2637.282,2640.813,157011,,,-1.4277,hfq
2023-10-19,2631.398,2656.113,2604.330,2616.687,262747,,,-0.9136,hfq
2023-10-20,2599.622,2621.983,2566.081,2576.084,303034,,,-1.5517,hfq
2023-10-23,2576.673,2613.745,2553.135,2596.680,224632,,,0.7995,hfq
2023-10-24,2596.091,2621.983,2569.612,2606.095,260856,,,0.3626,hfq
2023-10-25,2633.163,2643.755,2596.091,2602.564,275145,,,-0.1355,hfq
2023-10-26,2644.932,2701.423,2619.041,2677.885,418092,,,2.8941,hfq
2023-10-27,2666.704,2742.614,2644.344,2733.787,414072,,,2.0875,hfq
2023-10-30,2736.729,2827.938,2722.018,2803.223,550654,,,2.5399,hfq
2023-10-31,2917.969,2932.680,2841.472,2883.251,706569,,,2.8549,hfq
2023-11-01,2883.840,2897.374,2845.003,2885.017,335687,,,0.0613,hfq
2023-11-02,2896.785,2898.551,2869.717,2880.898,205142,,,-0.1428,hfq
2023-11-03,2875.013,2892.666,2851.475,2857.948,212838,,,-0.7966,hfq
2023-11-06,2915.616,2938.565,2896.197,2906.201,378138,,,1.6884,hfq
2023-11-07,2916.204,2934.446,2897.374,2912.085,261492,,,0.2025,hfq
2023-11-08,2914.439,2989.171,2914.439,2962.103,318466,,,1.7176,hfq
2023-11-09,2953.864,2967.399,2902.670,2909.143,294700,,,-1.7879,hfq
2023-11-10,2892.666,2926.796,2888.547,2909.731,186558,,,0.0202,hfq
2023-11-13,2916.793,2924.442,2831.468,2845.591,338641,,,-2.2043,hfq
2023-11-14,2849.710,2867.952,2816.169,2830.291,206788,,,-0.5377,hfq
2023-11-15,2867.952,2885.605,2837.353,2847.356,156722,,,0.6029,hfq
2023-11-16,2829.703,2856.183,2813.815,2816.169,139576,,,-1.0953,hfq
2023-11-17,2815.580,2847.356,2809.108,2836.176,211799,,,0.7104,hfq
2023-11-20,2840.295,2885.605,2825.584,2856.771,231080,,,0.7262,hfq
2023-11-21,2863.244,2891.489,2846.179,2862.067,205466,,,0.1854,hfq
2023-11-22,2862.067,2867.363,2836.176,2836.176,126902,,,-0.9046,hfq
2023-11-23,2836.764,2843.826,2807.342,2837.941,126847,,,0.0622,hfq
2023-11-24,2828.526,2840.295,2811.461,2823.819,146471,,,-0.4976,hfq
2023-11-27,2823.230,2833.822,2793.808,2816.169,184432,,,-0.2709,hfq
2023-11-28,2810.284,2857.360,2803.223,2857.360,204180,,,1.4627,hfq
2023-11-29,2857.360,2880.898,2847.356,2867.363,175454,,,0.3501,hfq
2023-11-30,2869.129,2891.489,2853.241,2887.959,215983,,,0.7183,hfq
2023-12-01,2883.840,2894.432,2759.090,2803.223,408166,,,-2.9341,hfq
2023-12-04,2802.046,2806.754,2739.671,2768.505,276861,,,-1.2385,hfq
2023-12-05,2759.090,2786.747,2719.076,2724.960,265791,,,-1.5729,hfq
2023-12-06,2723.195,2770.270,2701.423,2734.375,220289,,,0.3455,hfq
2023-12-07,2738.494,2754.382,2694.361,2697.303,237438,,,-1.3558,hfq
2023-12-08,2696.715,2749.086,2689.654,2744.967,292413,,,1.7671,hfq
2023-12-11,2732.022,2804.400,2713.780,2800.281,267695,,,2.0151,hfq
2023-12-12,2800.281,2807.931,2736.729,2757.325,212970,,,-1.5340,hfq
2023-12-13,2742.025,2774.389,2740.848,2746.733,186764,,,-0.3841,hfq
2023-12-14,2773.801,2780.274,2743.790,2753.206,194061,,,0.2357,hfq
2023-12-15,2754.382,2759.678,2677.885,2690.242,259066,,,-2.2869,hfq
2023-12-18,2686.123,2756.148,2661.997,2739.083,244786,,,1.8155,hfq
2023-12-19,2734.375,2736.141,2663.762,2697.303,214347,,,-1.5253,hfq
2023-12-20,2692.596,2720.841,2662.585,2664.939,189821,,,-1.1999,hfq
2023-12-21,2661.997,2688.477,2654.347,2680.239,188352,,,0.5741,hfq
2023-12-22,2679.650,2684.946,2622.571,2651.993,242358,,,-1.0539,hfq
2023-12-25,2651.993,2683.769,2645.521,2651.405,133612,,,-0.0222,hfq
2023-12-26,2651.405,2655.524,2610.214,2650.228,150554,,,-0.0444,hfq
2023-12-27,2645.521,2663.762,2613.745,2656.701,216015,,,0.2442,hfq
2023-12-28,2657.289,2701.423,2647.286,2695.538,307634,,,1.4619,hfq
2023-12-29,2703.188,2733.787,2689.654,2723.783,242380,,,1.0478,hfq
2024-01-02,2724.372,2736.141,2672.589,2679.062,182608,,,-1.6419,hfq
2024-01-03,2663.762,2703.188,2654.347,2664.939,146694,,,-0.5272,hfq
2024-01-04,2669.058,2671.412,2585.499,2639.048,339045,,,-0.9715,hfq
2024-01-05,2610.802,2621.983,2491.349,2530.774,495227,,,-4.1028,hfq
2024-01-08,2521.948,2521.948,2474.872,2481.345,300091,,,-1.9531,hfq
2024-01-09,2483.699,2507.825,2467.811,2486.641,211749,,,0.2134,hfq
2024-01-10,2486.641,2533.128,2461.338,2504.294,206746,,,0.7099,hfq
2024-01-11,2504.883,2524.890,2485.464,2503.118,189720,,,-0.0470,hfq
2024-01-12,2487.230,2510.179,2470.165,2480.757,132701,,,-0.8933,hfq
2024-01-15,2457.219,2527.832,2456.042,2504.883,148935,,,0.9725,hfq
2024-01-16,2486.641,2513.121,2463.103,2498.998,186577,,,-0.2349,hfq
2024-01-17,2482.522,2491.937,2422.501,2422.501,240232,,,-3.0611,hfq
2024-01-18,2416.028,2498.410,2384.841,2491.937,387165,,,2.8663,hfq
2024-01-19,2480.168,2510.179,2463.692,2498.998,317395,,,0.2834,hfq
2024-01-22,2498.410,2516.063,2423.678,2461.927,349377,,,-1.4834,hfq
2024-01-23,2456.042,2470.165,2429.562,2433.681,208862,,,-1.1473,hfq
2024-01-24,2456.042,2458.984,2386.606,2446.627,250042,,,0.5320,hfq
2024-01-25,2465.457,2486.641,2418.970,2486.641,278912,,,1.6355,hfq
2024-01-26,2468.988,2487.818,2416.616,2433.681,302800,,,-2.1298,hfq
2024-01-29,2430.739,2448.392,2358.949,2371.895,281051,,,-2.5388,hfq
2024-01-30,2370.130,2383.075,2331.292,2338.942,233013,,,-1.3893,hfq
2024-01-31,2321.877,2333.646,2252.441,2265.975,380597,,,-3.1197,hfq
2024-02-01,2251.264,2301.870,2232.434,2248.910,300235,,,-0.7531,hfq
2024-02-02,2252.441,2278.921,2151.817,2177.709,360475,,,-3.1660,hfq
2024-02-05,2179.474,2295.986,2168.294,2263.033,497939,,,3.9181,hfq
2024-02-06,2263.033,2477.814,2251.264,2474.872,568195,,,9.3608,hfq
2024-02-07,2489.583,2525.478,2446.039,2524.301,522124,,,1.9972,hfq
2024-02-08,2524.301,2566.081,2485.464,2526.067,379944,,,0.0700,hfq
2024-02-19,2525.478,2543.720,2477.814,2513.709,253808,,,-0.4892,hfq
2024-02-20,2517.829,2547.251,2504.883,2525.478,212255,,,0.4682,hfq
2024-02-21,2526.655,2560.785,2501.352,2546.662,299015,,,0.8388,hfq
2024-02-22,2533.717,2565.492,2531.363,2559.020,175301,,,0.4853,hfq
2024-02-23,2559.020,2584.323,2526.655,2556.666,229506,,,-0.0920,hfq
2024-02-26,2546.074,2562.550,2521.948,2538.424,188782,,,-0.7135,hfq
2024-02-27,2539.601,2553.135,2524.301,2549.604,176161,,,0.4404,hfq
2024-02-28,2561.373,2627.279,2547.251,2547.251,340118,,,-0.0923,hfq
2024-02-29,2546.662,2583.734,2539.601,2571.377,253408,,,0.9471,hfq
2024-03-01,2571.377,2587.853,2539.601,2564.316,215637,,,-0.2746,hfq
2024-03-04,2564.316,2650.228,2560.785,2645.521,376568,,,3.1667,hfq
2024-03-05,2645.521,2692.596,2629.044,2684.358,371200,,,1.4680,hfq
2024-03-06,2689.654,2704.365,2633.752,2649.051,216991,,,-1.3153,hfq
2024-03-07,2645.521,2649.051,2510.179,2530.774,457433,,,-4.4649,hfq
2024-03-08,2530.186,2574.907,2511.356,2527.244,277418,,,-0.1395,hfq
2024-03-11,2527.832,2633.752,2514.886,2627.867,325467,,,3.9815,hfq
2024-03-12,2634.340,2727.314,2604.330,2706.130,431410,,,2.9782,hfq
2024-03-13,2710.249,2712.015,2660.820,2691.419,207495,,,-0.5436,hfq
2024-03-14,2945.626,2954.453,2799.104,2829.703,1099245,,,5.1380,hfq
2024-03-15,2826.761,2883.840,2798.516,2835.587,438579,,,0.2079,hfq
2024-03-18,2827.938,2867.952,2795.573,2844.414,297914,,,0.3113,hfq
2024-03-19,2822.642,2847.356,2763.209,2767.328,272048,,,-2.7101,hfq
2024-03-20,2749.086,2763.797,2728.491,2747.321,225014,,,-0.7230,hfq
2024-03-21,2760.267,2773.213,2736.729,2747.321,183357,,,0.0000,hfq
2024-03-22,2742.025,2769.093,2716.134,2764.974,242254,,,0.6426,hfq
2024-03-25,2766.151,2817.346,2757.913,2778.509,232620,,,0.4895,hfq
2024-03-26,2774.978,2803.812,2761.444,2784.981,200061,,,0.2329,hfq
2024-03-27,2780.862,2789.689,2751.440,2763.797,155668,,,-0.7607,hfq
2024-03-28,2763.797,2819.700,2742.025,2781.451,214019,,,0.6388,hfq
2024-03-29,2781.451,2790.866,2733.787,2767.328,187038,,,-0.5078,hfq
2024-04-01,2767.917,2816.169,2767.917,2787.924,202224,,,0.7443,hfq
2024-04-02,2780.862,2809.696,2713.780,2737.318,224903,,,-1.8152,hfq
2024-04-03,2716.134,2729.668,2682.004,2696.127,236904,,,-1.5048,hfq
2024-04-08,2698.480,2761.444,2698.480,2733.787,236268,,,1.3968,hfq
2024-04-09,2733.787,2747.321,2667.881,2742.025,215272,,,0.3013,hfq
2024-04-10,2742.025,2767.917,2704.365,2736.729,163531,,,-0.1931,hfq
2024-04-11,2713.191,2739.083,2688.477,2706.719,186092,,,-1.0966,hfq
2024-04-12,2698.480,2730.845,2648.463,2656.701,222119,,,-1.8479,hfq
2024-04-15,2659.643,2719.076,2656.701,2684.358,220278,,,1.0410,hfq
2024-04-16,2670.824,2689.654,2639.048,2666.704,233857,,,-0.6577,hfq
2024-04-17,2672.000,2697.303,2641.990,2674.354,232756,,,0.2869,hfq
2024-04-18,2722.018,2739.671,2545.485,2554.312,590168,,,-4.4886,hfq
2024-04-19,2533.717,2553.724,2487.818,2514.886,384255,,,-1.5435,hfq
2024-04-22,2533.128,2543.720,2501.941,2525.478,278064,,,0.4212,hfq
2024-04-23,2525.478,2667.293,2521.948,2655.524,493661,,,5.1494,hfq
2024-04-24,2649.051,2663.174,2616.098,2633.752,216252,,,-0.8199,hfq
2024-04-25,2633.752,2708.484,2621.983,2669.058,244691,,,1.3405,hfq
2024-04-26,2663.174,2756.736,2661.409,2746.144,342783,,,2.8881,hfq
2024-04-29,2745.556,2819.700,2741.437,2779.685,342796,,,1.2214,hfq
2024-04-30,2792.043,2819.111,2760.267,2778.509,192502,,,-0.0423,hfq
2024-05-06,2823.819,2879.132,2793.808,2837.353,325824,,,2.1178,hfq
2024-05-07,2837.353,2857.360,2829.115,2841.472,203780,,,0.1452,hfq
2024-05-08,2843.237,2849.710,2783.805,2793.808,261292,,,-1.6774,hfq
2024-05-09,2799.104,2841.472,2787.335,2822.053,175147,,,1.0110,hfq
2024-05-10,2815.580,2830.880,2780.274,2797.339,155773,,,-0.8757,hfq
2024-05-13,2797.339,2814.992,2732.022,2741.437,291757,,,-1.9984,hfq
2024-05-14,2741.437,2756.148,2723.195,2729.668,197237,,,-0.4293,hfq
2024-05-15,2730.256,2734.964,2682.592,2690.831,159429,,,-1.4228,hfq
2024-05-16,2710.249,2716.722,2674.943,2692.008,234377,,,0.0437,hfq
2024-05-17,2739.671,2782.628,2655.524,2695.538,376855,,,0.1311,hfq
2024-05-20,2667.881,2697.892,2620.806,2640.225,397023,,,-2.0520,hfq
2024-05-21,2634.929,2660.820,2617.275,2639.636,244383,,,-0.0223,hfq
2024-05-22,2645.521,2649.051,2616.098,2624.337,252388,,,-0.5796,hfq
2024-05-23,2624.337,2627.279,2586.676,2595.503,197024,,,-1.0987,hfq
2024-05-24,2595.503,2603.153,2556.077,2559.608,220384,,,-1.3830,hfq
2024-05-27,2553.135,2586.676,2523.125,2574.907,306782,,,0.5977,hfq
2024-05-28,2574.907,2627.279,2554.900,2608.449,374279,,,1.3026,hfq
2024-05-29,2607.272,2620.806,2589.619,2593.738,166767,,,-0.5640,hfq
2024-05-30,2595.503,2606.683,2565.492,2585.499,132477,,,-0.3176,hfq
2024-05-31,2616.098,2627.279,2554.900,2554.900,228651,,,-1.1835,hfq
2024-06-03,2546.662,2574.319,2537.836,2563.139,187801,,,0.3225,hfq
2024-06-04,2560.196,2651.405,2554.900,2641.401,358139,,,3.0534,hfq
2024-06-05,2641.401,2669.058,2633.163,2646.697,180676,,,0.2005,hfq
2024-06-06,2630.810,2657.289,2580.792,2587.265,225869,,,-2.2455,hfq
2024-06-07,2591.972,2607.860,2542.543,2542.543,238547,,,-1.7285,hfq
2024-06-11,2533.717,2581.380,2516.063,2576.084,251121,,,1.3192,hfq
2024-06-12,2576.673,2576.673,2528.421,2539.601,218505,,,-1.4162,hfq
2024-06-13,2539.601,2559.020,2506.060,2537.247,207298,,,-0.0927,hfq
2024-06-14,2527.832,2539.601,2479.580,2527.832,415372,,,-0.3711,hfq
2024-06-17,2510.179,2574.907,2509.590,2564.904,241981,,,1.4666,hfq
2024-06-18,2563.139,2575.496,2522.536,2531.951,203923,,,-1.2848,hfq
2024-06-19,2533.717,2549.016,2487.230,2496.056,201011,,,-1.4177,hfq
2024-06-20,2494.879,2520.182,2450.158,2451.335,247827,,,-1.7917,hfq
2024-06-21,2457.219,2463.103,2402.494,2418.382,364553,,,-1.3443,hfq
2024-06-24,2416.028,2453.688,2388.960,2433.093,278930,,,0.6083,hfq
2024-06-25,2446.039,2450.158,2383.664,2398.375,224590,,,-1.4269,hfq
2024-06-26,2397.786,2418.382,2382.487,2410.144,223235,,,0.4907,hfq
2024-06-27,2407.201,2407.201,2357.184,2371.306,271838,,,-1.6114,hfq
2024-06-28,2368.953,2383.075,2317.758,2325.408,309258,,,-1.9356,hfq
2024-07-01,2324.819,2325.996,2286.571,2314.228,238909,,,-0.4808,hfq
2024-07-02,2311.874,2313.051,2253.618,2267.152,310847,,,-2.0342,hfq
2024-07-03,2274.802,2392.490,2258.914,2337.765,552759,,,3.1146,hfq
2024-07-04,2337.765,2383.664,2317.758,2324.819,289257,,,-0.5538,hfq
2024-07-05,2325.408,2433.681,2304.224,2417.793,493653,,,3.9992,hfq
2024-07-08,2368.953,2421.912,2324.231,2369.541,499868,,,-1.9957,hfq
2024-07-09,2364.245,2385.429,2298.928,2356.595,401063,,,-0.5464,hfq
2024-07-10,2357.184,2403.671,2350.123,2381.310,202323,,,1.0488,hfq
2024-07-11,2403.671,2483.110,2374.837,2451.335,379802,,,2.9406,hfq
2024-07-12,2477.207,2516.044,2456.023,2502.510,315010,,,2.0876,hfq
2024-07-15,2486.622,2503.687,2454.846,2473.677,207110,,,-1.1522,hfq
2024-07-16,2466.027,2490.153,2452.493,2483.680,226268,,,0.4044,hfq
2024-07-17,2461.908,2554.293,2457.200,2530.167,356832,,,1.8717,hfq
2024-07-18,2533.698,2570.181,2527.813,2554.293,307122,,,0.9535,hfq
2024-07-19,2550.174,2573.712,2541.347,2559.001,277511,,,0.1843,hfq
2024-07-22,2558.412,2610.195,2536.640,2590.777,325703,,,1.2417,hfq
2024-07-23,2588.423,2593.719,2507.218,2510.748,366897,,,-3.0890,hfq
2024-07-24,2503.687,2548.997,2498.391,2510.160,200352,,,-0.0234,hfq
2024-07-25,2499.568,2538.405,2468.969,2513.691,219080,,,0.1407,hfq
2024-07-26,2513.691,2520.752,2462.496,2490.741,221158,,,-0.9130,hfq
2024-07-29,2487.799,2507.806,2450.727,2456.612,234789,,,-1.3702,hfq
2024-07-30,2457.200,2466.615,2405.417,2427.778,242615,,,-1.1737,hfq
2024-07-31,2427.190,2566.650,2410.125,2557.824,395724,,,5.3566,hfq
2024-08-01,2556.647,2574.889,2530.755,2542.524,174313,,,-0.5982,hfq
2024-08-02,2538.994,2603.134,2533.698,2555.470,255820,,,0.5092,hfq
2024-08-05,2555.470,2638.440,2551.939,2583.715,323588,,,1.1053,hfq
2024-08-06,2582.538,2614.903,2573.712,2599.015,217715,,,0.5922,hfq
2024-08-07,2597.249,2597.838,2551.939,2554.293,177293,,,-1.7207,hfq
2024-08-08,2551.939,2597.838,2551.939,2579.596,164887,,,0.9906,hfq
2024-08-09,2586.658,2621.964,2569.593,2570.181,155984,,,-0.3650,hfq
2024-08-12,2558.412,2660.801,2557.824,2641.383,332835,,,2.7703,hfq
2024-08-13,2639.617,2639.617,2569.004,2584.892,227236,,,-2.1387,hfq
2024-08-14,2601.369,2603.134,2550.763,2574.889,141847,,,-0.3870,hfq
2024-08-15,2567.827,2642.560,2564.297,2599.603,214247,,,0.9598,hfq
2024-08-16,2580.773,2616.668,2563.120,2611.372,156943,,,0.4527,hfq
2024-08-19,2616.668,2639.617,2531.932,2551.939,239673,,,-2.2759,hfq
2024-08-20,2551.351,2567.827,2533.698,2560.178,153987,,,0.3229,hfq
2024-08-21,2556.647,2592.542,2547.820,2563.708,162313,,,0.1379,hfq
2024-08-22,2616.668,2679.043,2582.538,2659.036,537348,,,3.7184,hfq
2024-08-23,2644.325,2660.213,2609.018,2640.794,277509,,,-0.6860,hfq
2024-08-26,2640.206,2651.386,2592.542,2623.141,245225,,,-0.6685,hfq
2024-08-27,2620.199,2661.978,2610.784,2639.617,226268,,,0.6281,hfq
2024-08-28,2639.617,2667.863,2613.137,2633.733,206227,,,-0.2229,hfq
2024-08-29,2632.556,2695.519,2621.964,2681.985,305230,,,1.8321,hfq
2024-08-30,2689.046,2692.577,2659.036,2670.805,313280,,,-0.4169,hfq
2024-09-02,2663.743,2684.927,2605.488,2657.271,258008,,,-0.5067,hfq
2024-09-03,2656.094,2733.768,2646.679,2697.285,316480,,,1.5058,hfq
2024-09-04,2685.516,2730.826,2673.159,2693.166,212577,,,-0.1527,hfq
2024-09-05,2701.992,2732.591,2687.870,2721.999,198639,,,1.0706,hfq
2024-09-06,2730.826,2730.826,2686.693,2686.693,141476,,,-1.2971,hfq
2024-09-09,2686.693,2746.714,2680.808,2695.519,256017,,,0.3285,hfq
2024-09-10,2686.693,2704.346,2646.090,2691.400,199183,,,-0.1528,hfq
2024-09-11,2680.808,2754.364,2669.628,2747.302,291578,,,2.0771,hfq
2024-09-12,2735.533,2767.898,2707.288,2720.234,186578,,,-0.9853,hfq
2024-09-13,2719.057,2739.653,2686.693,2708.465,195097,,,-0.4326,hfq
2024-09-18,2715.526,2756.717,2709.054,2729.061,175079,,,0.7604,hfq
2024-09-19,2729.649,2741.418,2686.693,2721.999,224012,,,-0.2588,hfq
2024-09-20,2716.115,2716.115,2564.297,2587.246,669156,,,-4.9505,hfq
2024-09-23,2597.249,2632.556,2576.066,2587.246,284754,,,0.0000,hfq
2024-09-24,2626.672,2646.679,2559.589,2643.148,433281,,,2.1607,hfq
2024-09-25,2663.743,2701.404,2644.913,2653.740,433825,,,0.4007,hfq
2024-09-26,2671.393,2810.266,2646.090,2807.912,476933,,,5.8096,hfq
2024-09-27,2862.049,2951.492,2836.746,2938.546,380621,,,4.6524,hfq
2024-09-30,3027.989,3177.454,3016.220,3151.562,1018482,,,7.2490,hfq
2024-10-08,3459.318,3459.318,3216.291,3369.874,1192595,,,6.9271,hfq
2024-10-09,3310.442,3310.442,3108.017,3115.079,900591,,,-7.5610,hfq
2024-10-10,3115.079,3241.005,3115.079,3167.450,585281,,,1.6812,hfq
2024-10-11,3141.559,3167.450,2997.390,3027.989,495422,,,-4.4029,hfq
2024-10-14,3045.643,3114.490,3019.751,3098.014,395841,,,2.3126,hfq
2024-10-15,3098.014,3170.392,3048.585,3051.527,363264,,,-1.5005,hfq
2024-10-16,3009.748,3056.235,2957.965,2967.968,397388,,,-2.7383,hfq
2024-10-17,2975.029,3047.408,2970.322,2970.322,342963,,,0.0793,hfq
2024-10-18,2957.376,3105.075,2943.254,3044.466,536726,,,2.4962,hfq
2024-10-21,3051.527,3079.184,2976.795,3049.173,471852,,,0.1546,hfq
2024-10-22,3028.578,3121.552,3028.578,3060.942,401077,,,0.3860,hfq
2024-10-23,3065.061,3085.657,3024.459,3056.823,370597,,,-0.1346,hfq
2024-10-24,3051.527,3051.527,2887.940,2937.958,901547,,,-3.8885,hfq
2024-10-25,2933.839,2933.839,2823.211,2898.532,943149,,,-1.3420,hfq
2024-10-28,2900.297,2951.492,2896.767,2933.250,571141,,,1.1978,hfq
2024-10-29,2935.015,2952.080,2904.416,2909.124,397700,,,-0.8225,hfq
2024-10-30,2909.124,2926.777,2837.334,2851.457,475485,,,-1.9823,hfq
2024-10-31,2852.045,2863.225,2813.796,2816.150,456722,,,-1.2382,hfq
2024-11-01,2823.211,2927.954,2823.211,2872.640,619959,,,2.0059,hfq
2024-11-04,2904.416,2921.481,2854.987,2897.944,406592,,,0.8809,hfq
2024-11-05,2876.171,2947.961,2869.110,2938.546,514370,,,1.4011,hfq
2024-11-06,2940.311,2997.390,2913.243,2942.665,537558,,,0.1402,hfq
2024-11-07,2933.839,3016.220,2922.658,3016.220,584066,,,2.4996,hfq
2024-11-08,3022.105,3045.643,2966.203,2986.798,652314,,,-0.9755,hfq
2024-11-11,2956.788,2996.802,2916.185,2982.679,586792,,,-0.1379,hfq
2024-11-12,2982.679,3062.119,2960.318,2974.441,767357,,,-0.2762,hfq
2024-11-13,2966.791,3031.520,2960.907,2977.972,409141,,,0.1187,hfq
2024-11-14,2973.264,2998.567,2923.835,2925.012,389092,,,-1.7784,hfq
2024-11-15,2914.420,2939.723,2880.879,2880.879,330870,,,-1.5088,hfq
2024-11-18,2881.467,2902.063,2839.688,2851.457,303536,,,-1.0213,hfq
2024-11-19,2853.810,2886.763,2830.273,2864.991,260305,,,0.4746,hfq
2024-11-20,2865.579,3062.707,2865.579,3043.289,1095674,,,6.2233,hfq
2024-11-21,3034.462,3073.299,3001.509,3027.401,488475,,,-0.5221,hfq
2024-11-22,3027.401,3053.292,2910.301,2914.420,501548,,,-3.7319,hfq
2024-11-25,2933.839,2986.210,2884.409,2884.409,436129,,,-1.0297,hfq
2024-11-26,2890.294,2990.329,2886.763,2938.546,399756,,,1.8769,hfq
2024-11-27,2935.015,3027.989,2932.662,3015.632,574544,,,2.6233,hfq
2024-11-28,3013.278,3060.354,2976.206,2998.567,367210,,,-0.5659,hfq
2024-11-29,3022.693,3092.718,3004.452,3056.823,693041,,,1.9428,hfq
2024-12-02,3051.527,3062.707,3017.397,3042.700,419765,,,-0.4620,hfq
2024-12-03,3036.816,3040.347,2988.564,2994.448,396197,,,-1.5858,hfq
2024-12-04,2995.625,3015.044,2972.087,2980.914,258260,,,-0.4520,hfq
2024-12-05,2982.091,2983.856,2925.012,2954.434,298108,,,-0.8883,hfq
2024-12-06,2954.434,3004.452,2947.961,2988.564,342291,,,1.1552,hfq
2024-12-09,3015.044,3021.516,2960.907,2979.737,276614,,,-0.2954,hfq
2024-12-10,3030.931,3030.931,2875.583,2906.182,1022100,,,-2.4685,hfq
2024-12-11,2890.294,2908.535,2869.698,2907.359,429449,,,0.0405,hfq
2024-12-12,2907.359,2907.359,2874.994,2900.886,361609,,,-0.2226,hfq
2024-12-13,2886.763,2893.236,2813.796,2815.562,650777,,,-2.9413,hfq
2024-12-16,2814.973,2814.973,2769.075,2784.963,354079,,,-1.0868,hfq
2024-12-17,2783.786,2837.922,2774.959,2810.266,315875,,,0.9086,hfq
2024-12-18,2822.034,2842.630,2812.031,2815.562,247140,,,0.1885,hfq
2024-12-19,2791.435,2819.681,2773.782,2812.619,217461,,,-0.1045,hfq
2024-12-20,2812.619,2832.626,2793.789,2795.555,260733,,,-0.6067,hfq
2024-12-23,2795.555,2800.262,2752.010,2772.017,361927,,,-0.8420,hfq
2024-12-24,2772.017,2819.681,2767.898,2800.262,293991,,,1.0189,hfq
2024-12-25,2813.796,2839.688,2800.262,2817.327,315258,,,0.6094,hfq
2024-12-26,2810.266,2812.619,2766.721,2787.316,255828,,,-1.0652,hfq
2024-12-27,2792.612,2802.027,2774.959,2786.728,212505,,,-0.0211,hfq
2024-12-30,2797.908,2825.565,2783.786,2789.082,256267,,,0.0845,hfq
2024-12-31,2788.493,2814.385,2772.017,2774.959,388166,,,-0.5064,hfq
2025-01-02,2773.782,2786.728,2704.346,2719.057,348132,,,-2.0145,hfq
2025-01-03,2721.999,2732.003,2672.570,2684.339,273873,,,-1.2768,hfq
2025-01-06,2707.288,2728.472,2685.516,2722.588,301481,,,1.4249,hfq
2025-01-07,2724.941,2727.295,2663.743,2665.509,257422,,,-2.0965,hfq
2025-01-08,2666.097,2673.747,2601.369,2636.675,350327,,,-1.0817,hfq
2025-01-09,2638.440,2655.505,2607.841,2609.018,257768,,,-1.0489,hfq
2025-01-10,2607.841,2628.437,2576.654,2584.892,265752,,,-0.9247,hfq
2025-01-13,2575.477,2614.314,2569.004,2593.130,191129,,,0.3187,hfq
2025-01-14,2593.130,2687.281,2593.130,2680.220,337755,,,3.3585,hfq
2025-01-15,2678.455,2679.631,2643.148,2656.094,184965,,,-0.9001,hfq
2025-01-16,2667.863,2671.982,2596.073,2598.426,310158,,,-2.1712,hfq
2025-01-17,2574.889,2609.018,2571.358,2594.896,200612,,,-0.1359,hfq
2025-01-20,2621.376,2743.183,2620.787,2693.754,558603,,,3.8097,hfq
2025-01-21,2713.173,2739.653,2695.519,2729.649,353980,,,1.3325,hfq
2025-01-22,2723.765,2736.122,2677.278,2688.458,210751,,,-1.5090,hfq
2025-01-23,2695.519,2711.407,2649.621,2660.801,286082,,,-1.0287,hfq
2025-01-24,2655.505,2730.826,2652.563,2700.815,350461,,,1.5038,hfq
2025-01-27,2710.230,2732.591,2697.285,2701.404,193068,,,0.0218,hfq
2025-02-05,2702.581,2710.230,2655.505,2663.743,274407,,,-1.3941,hfq
2025-02-06,2670.805,2695.519,2643.736,2684.339,252177,,,0.7732,hfq
2025-02-07,2684.339,2800.262,2663.155,2739.064,505422,,,2.0387,hfq
2025-02-10,2751.421,2751.421,2702.581,2714.938,378892,,,-0.8808,hfq
2025-02-11,2721.999,2727.884,2666.097,2674.335,310678,,,-1.4955,hfq
2025-02-12,2674.924,2695.519,2664.332,2689.046,251757,,,0.5501,hfq
2025-02-13,2680.808,2725.530,2666.686,2700.815,378625,,,0.4377,hfq
2025-02-14,2699.638,2767.309,2696.108,2751.421,522174,,,1.8737,hfq
2025-02-17,2769.075,2799.085,2719.057,2737.299,557653,,,-0.5133,hfq
2025-02-18,2740.241,2767.309,2701.992,2711.407,350219,,,-0.9459,hfq
2025-02-19,2706.700,2732.591,2674.924,2704.934,367611,,,-0.2387,hfq
2025-02-20,2707.288,2838.511,2707.288,2810.266,854058,,,3.8941,hfq
2025-02-21,2822.034,2926.777,2812.031,2915.008,975118,,,3.7271,hfq
2025-02-24,2922.070,2936.781,2874.994,2903.828,533081,,,-0.3835,hfq
2025-02-25,2877.348,2913.243,2849.691,2861.460,354332,,,-1.4590,hfq
2025-02-26,2874.994,2883.232,2836.746,2872.052,328113,,,0.3702,hfq
2025-02-27,2863.225,2919.716,2850.868,2893.236,369081,,,0.7376,hfq
2025-02-28,2881.467,2904.416,2769.663,2778.490,491615,,,-3.9660,hfq
2025-03-03,2777.901,2828.507,2767.309,2776.136,318946,,,-0.0847,hfq
2025-03-04,2769.663,2786.139,2744.360,2772.605,243337,,,-0.1272,hfq
2025-03-05,2772.605,2787.905,2749.068,2779.667,252670,,,0.2547,hfq
2025-03-06,2798.497,2831.450,2783.786,2811.442,331389,,,1.1431,hfq
2025-03-07,2804.381,2804.381,2752.598,2762.013,336614,,,-1.7581,hfq
2025-03-10,2770.252,2790.259,2721.999,2750.833,343606,,,-0.4048,hfq
2025-03-11,2724.941,2750.833,2719.057,2742.006,291535,,,-0.3209,hfq
2025-03-12,2744.360,2768.486,2719.057,2721.999,339551,,,-0.7296,hfq
2025-03-13,2724.941,2738.476,2708.465,2723.765,243349,,,0.0649,hfq
2025-03-14,2729.061,2832.038,2714.938,2812.619,573207,,,3.2622,hfq
2025-03-17,2858.518,2860.283,2803.204,2809.089,277431,,,-0.1255,hfq
2025-03-18,2832.626,2867.933,2805.558,2810.266,308309,,,0.0419,hfq
2025-03-19,2811.442,2905.593,2798.497,2856.753,485162,,,1.6542,hfq
2025-03-20,2851.457,2867.345,2809.089,2817.915,325188,,,-1.3595,hfq
2025-03-21,2804.381,2817.915,2711.996,2713.173,541538,,,-3.7170,hfq
2025-03-24,2713.761,2724.353,2674.924,2683.750,327076,,,-1.0844,hfq
2025-03-25,2690.812,2723.176,2676.689,2714.349,229105,,,1.1402,hfq
2025-03-26,2792.612,2836.157,2784.963,2794.378,611036,,,2.9484,hfq
2025-03-27,2785.551,2923.247,2757.306,2921.481,868632,,,4.5485,hfq
2025-03-28,2921.481,2988.564,2921.481,2934.427,772998,,,0.4431,hfq
2025-03-31,2956.199,3020.928,2948.550,2969.145,783166,,,1.1831,hfq
2025-04-01,2969.145,3163.331,2952.080,3122.140,1359063,,,5.1528,hfq
2025-04-02,3093.895,3119.786,3055.058,3066.238,631879,,,-1.7905,hfq
2025-04-03,3040.347,3110.371,3040.347,3077.418,517858,,,0.3646,hfq
2025-04-07,2945.607,3007.394,2825.565,2939.723,1155033,,,-4.4744,hfq
2025-04-08,2945.607,2974.441,2854.987,2939.723,987646,,,0.0000,hfq
2025-04-09,2882.644,2911.478,2772.605,2911.478,975200,,,-0.9608,hfq
2025-04-10,2955.611,2962.672,2890.294,2927.954,731713,,,0.5659,hfq
2025-04-11,2907.947,2938.546,2886.763,2920.893,425798,,,-0.2412,hfq
2025-04-14,2920.893,3016.220,2904.416,2949.726,571834,,,0.9871,hfq
2025-04-15,2933.839,2953.257,2893.824,2914.420,326289,,,-1.1969,hfq
2025-04-16,2922.070,2951.492,2860.872,2951.492,455344,,,1.2720,hfq
2025-04-17,2930.308,2949.726,2917.362,2944.430,303900,,,-0.2393,hfq
2025-04-18,2932.662,2952.669,2890.294,2898.532,253302,,,-1.5588,hfq
2025-04-21,2880.879,2980.914,2876.760,2967.380,370680,,,2.3753,hfq
2025-04-22,2959.730,3092.718,2959.730,3073.299,617892,,,3.5694,hfq
2025-04-23,3072.711,3101.545,3052.704,3080.361,385430,,,0.2298,hfq
2025-04-24,3073.299,3117.433,3040.935,3082.714,336077,,,0.0764,hfq
2025-04-25,3115.079,3133.909,3014.455,3032.108,524329,,,-1.6416,hfq
2025-04-28,2997.390,3025.047,2957.376,3014.455,396210,,,-0.5822,hfq
2025-04-29,2999.156,3000.332,2950.315,2992.683,346670,,,-0.7223,hfq
2025-04-30,2983.856,3096.249,2975.029,3080.949,429338,,,2.9494,hfq
2025-05-06,3139.793,3144.501,3059.177,3075.065,385439,,,-0.1910,hfq
2025-05-07,3139.793,3148.620,3075.653,3105.075,397288,,,0.9759,hfq
2025-05-08,3088.010,3118.021,3076.830,3108.017,290148,,,0.0947,hfq
2025-05-09,3108.017,3192.165,3101.545,3181.573,586037,,,2.3667,hfq
2025-05-12,3133.909,3133.909,3027.989,3056.823,843912,,,-3.9210,hfq
2025-05-13,3086.245,3147.443,3068.003,3088.599,519132,,,1.0395,hfq
2025-05-14,3076.242,3207.464,3075.653,3186.869,626347,,,3.1817,hfq
2025-05-15,3186.869,3248.655,3175.100,3233.356,533615,,,1.4587,hfq
2025-05-16,3221.587,3251.597,3186.869,3242.771,382177,,,0.2912,hfq
2025-05-19,3239.829,3271.016,3195.695,3219.233,350191,,,-0.7259,hfq
2025-05-20,3268.662,3319.268,3239.240,3278.077,593357,,,1.8279,hfq
2025-05-21,3268.074,3398.708,3253.363,3365.755,612403,,,2.6747,hfq
2025-05-22,3369.286,3390.470,3319.857,3345.748,413146,,,-0.5944,hfq
2025-05-23,3375.155,3381.039,3281.004,3292.773,541840,,,-1.5834,hfq
2025-05-26,3275.120,3300.423,3208.037,3225.102,532284,,,-2.0551,hfq
2025-05-27,3217.452,3268.647,3212.156,3229.221,360323,,,0.1277,hfq
2025-05-28,3239.225,3318.076,3223.925,3278.062,358050,,,1.5125,hfq
2025-05-29,3272.178,3298.069,3255.113,3269.235,354853,,,-0.2693,hfq
2025-05-30,3280.416,3361.032,3278.062,3306.896,471422,,,1.1520,hfq
2025-06-03,3306.896,3368.094,3278.062,3315.134,434450,,,0.2491,hfq
2025-06-04,3312.780,3371.624,3299.246,3339.260,368593,,,0.7278,hfq
2025-06-05,3328.080,3328.080,3236.871,3256.290,495273,,,-2.4847,hfq
2025-06-06,3257.467,3273.943,3226.868,3251.582,344534,,,-0.1446,hfq
2025-06-09,3263.351,3368.682,3250.405,3284.535,656906,,,1.0134,hfq
2025-06-10,3285.712,3369.271,3285.712,3329.845,480735,,,1.3795,hfq
2025-06-11,3322.195,3369.859,3295.715,3305.130,377736,,,-0.7422,hfq
2025-06-12,3286.889,3392.808,3263.351,3370.447,493188,,,1.9762,hfq
2025-06-13,3362.798,3384.570,3237.459,3256.878,660238,,,-3.3696,hfq
2025-06-16,3228.633,3268.058,3210.391,3249.228,392241,,,-0.2349,hfq
2025-06-17,3263.351,3275.708,3122.125,3136.247,695180,,,-3.4772,hfq
2025-06-18,3128.009,3159.197,3105.648,3134.482,334095,,,-0.0563,hfq
2025-06-19,3136.247,3168.612,3105.060,3120.948,373167,,,-0.4318,hfq
2025-06-20,3130.951,3165.081,3123.890,3131.540,240608,,,0.3394,hfq
2025-06-23,3126.832,3156.254,3098.587,3143.309,313281,,,0.3758,hfq
2025-06-24,3150.958,3175.085,3129.775,3154.489,451035,,,0.3557,hfq
2025-06-25,3154.489,3206.272,3105.060,3201.564,536482,,,1.4923,hfq
2025-06-26,3180.969,3201.564,3139.778,3150.370,392269,,,-1.5990,hfq
2025-06-27,3140.366,3149.782,3126.244,3142.720,287765,,,-0.2428,hfq
2025-06-30,3140.366,3156.843,3086.230,3139.778,445355,,,-0.0936,hfq
2025-07-01,3139.190,3189.207,3133.894,3172.731,397725,,,1.0495,hfq
2025-07-02,3169.200,3230.398,3151.547,3160.374,325712,,,-0.3895,hfq
2025-07-03,3160.962,3179.792,3134.482,3173.319,293678,,,0.4096,hfq
2025-07-04,3181.557,3250.994,3180.969,3219.806,477923,,,1.4649,hfq
2025-07-07,3226.868,3239.225,3178.615,3183.911,286388,,,-1.1148,hfq
2025-07-08,3186.265,3245.109,3175.085,3228.044,359263,,,1.3861,hfq
2025-07-09,3228.044,3495.197,3205.684,3451.064,1158212,,,6.9088,hfq
2025-07-10,3447.533,3515.204,3416.934,3475.190,903716,,,0.6991,hfq
2025-07-11,3469.894,3505.789,3432.822,3433.999,658632,,,-1.1853,hfq
2025-07-14,3425.173,3501.670,3413.992,3452.241,473758,,,0.5312,hfq
2025-07-15,3454.595,3471.071,3411.638,3452.829,436928,,,0.0170,hfq
2025-07-16,3478.132,3551.688,3442.237,3452.829,398191,,,0.0000,hfq
2025-07-17,3433.999,3492.843,3430.469,3482.840,444146,,,0.8692,hfq
2025-07-18,3511.085,3608.178,3492.843,3543.449,660986,,,1.7402,hfq
2025-07-21,3528.150,3545.803,3479.898,3498.728,509442,,,-1.2621,hfq
2025-07-22,3498.728,3548.745,3451.652,3464.010,475570,,,-0.9923,hfq
2025-07-23,3451.652,3503.435,3432.234,3447.533,425295,,,-0.4757,hfq
2025-07-24,3465.775,3497.551,3436.941,3469.306,465834,,,0.6316,hfq
2025-07-25,3469.306,3472.248,3401.635,3404.577,505394,,,-1.8658,hfq
2025-07-28,3622.301,3736.459,3596.409,3736.459,1630096,,,9.7481,hfq
2025-07-29,3792.949,3935.941,3741.755,3840.024,1682769,,,2.7717,hfq
2025-07-30,3840.613,3894.750,3772.354,3827.667,980849,,,-0.3218,hfq
2025-07-31,3816.487,3866.504,3763.527,3787.065,742039,,,-1.0608,hfq
2025-08-01,3782.946,3827.079,3661.138,3693.502,734655,,,-2.4706,hfq
2025-08-04,3651.723,3737.047,3616.416,3734.105,689613,,,1.0993,hfq
2025-08-05,3740.578,3761.173,3708.213,3751.758,541443,,,0.4728,hfq
2025-08-06,3745.285,3766.469,3697.621,3709.390,572479,,,-1.1293,hfq
2025-08-07,3689.972,3739.989,3657.607,3664.080,504764,,,-1.2215,hfq
2025-08-08,3657.607,3682.910,3616.416,3674.672,362971,,,0.2891,hfq
2025-08-11,3674.672,3699.975,3656.430,3679.380,425752,,,0.1281,hfq
2025-08-12,3694.091,3701.740,3631.716,3666.434,391835,,,-0.3519,hfq
2025-08-13,3666.434,3822.960,3666.434,3770.000,815296,,,2.8247,hfq
2025-08-14,3784.122,3828.256,3755.289,3782.357,571266,,,0.3278,hfq
2025-08-15,3771.765,3867.681,3761.173,3816.487,614933,,,0.9023,hfq
2025-08-18,3816.487,3848.851,3781.769,3797.657,728858,,,-0.4934,hfq
2025-08-19,3816.487,3934.175,3712.332,3715.863,997700,,,-2.1538,hfq
2025-08-20,3714.098,3791.184,3681.733,3784.122,650424,,,1.8370,hfq
2025-08-21,3850.616,3930.056,3790.007,3851.205,858629,,,1.7727,hfq
2025-08-22,3893.573,3922.406,3841.790,3909.461,637719,,,1.5127,hfq
2025-08-25,3909.461,3993.019,3873.566,3984.781,849234,,,1.9266,hfq
2025-08-26,3981.251,3981.251,3910.638,3928.291,575129,,,-1.4176,hfq
2025-08-27,3911.226,3952.417,3795.303,3795.891,836169,,,-3.3704,hfq
2025-08-28,3790.007,3805.895,3699.387,3794.714,715902,,,-0.0310,hfq
2025-08-29,3794.714,4020.676,3794.714,3983.016,1023186,,,4.9622,hfq
2025-09-01,3993.019,4138.953,3964.774,4107.766,872181,,,3.1320,hfq
2025-09-02,4193.090,4250.169,4075.401,4138.365,1084490,,,0.7449,hfq
2025-09-03,4134.246,4406.106,4134.246,4321.370,1129369,,,4.4222,hfq
2025-09-04,4279.591,4297.833,4057.748,4125.419,1102894,,,-4.5345,hfq
2025-09-05,4146.014,4380.215,4146.014,4350.204,936479,,,5.4488,hfq
2025-09-08,4381.391,4432.586,4301.363,4340.789,748209,,,-0.2164,hfq
2025-09-09,4332.551,4442.589,4233.104,4268.999,767670,,,-1.6538,hfq
2025-09-10,4254.288,4309.013,4209.566,4223.689,468204,,,-1.0614,hfq
2025-09-11,4003.611,4114.827,3851.793,4104.235,1942359,,,-2.8282,hfq
2025-09-12,4103.647,4176.025,4078.932,4146.603,831215,,,1.0323,hfq
2025-09-15,4137.188,4186.617,4102.470,4151.899,611882,,,0.1277,hfq
2025-09-16,4151.899,4166.022,4107.177,4154.841,434582,,,0.0709,hfq
2025-09-17,4163.668,4251.934,4163.668,4212.508,586034,,,1.3879,hfq
2025-09-18,4237.811,4388.453,4198.974,4268.999,865639,,,1.3410,hfq
2025-09-19,4269.587,4277.826,4174.848,4184.263,524392,,,-1.9849,hfq
2025-09-22,4233.692,4363.738,4228.396,4266.645,576542,,,1.9689,hfq
2025-09-23,4263.703,4274.883,4116.592,4187.205,561330,,,-1.8619,hfq
2025-09-24,4187.205,4227.220,4163.668,4211.332,395302,,,0.5762,hfq
2025-09-25,4346.085,4386.099,4296.067,4338.435,739039,,,3.0181,hfq
2025-09-26,4251.934,4285.475,4159.549,4209.566,699045,,,-2.9704,hfq
2025-09-29,4192.501,4192.501,4073.048,4157.783,647991,,,-1.2301,hfq
2025-09-30,4146.014,4297.833,4134.246,4296.067,579451,,,3.3259,hfq
2025-10-09,4296.656,4302.540,4152.487,4272.530,592793,,,-0.5479,hfq
2025-10-10,4227.220,4256.642,4078.344,4098.939,706101,,,-4.0630,hfq
2025-10-13,3969.482,4088.936,3951.829,4027.149,532287,,,-1.7514,hfq
2025-10-14,4064.221,4067.163,3834.140,3867.681,702947,,,-3.9598,hfq
2025-10-15,3863.562,3994.196,3832.963,3993.019,511232,,,3.2406,hfq
2025-10-16,3994.785,4116.592,3953.005,4018.911,460378,,,0.6484,hfq
2025-10-17,4019.499,4051.864,3910.638,3916.522,349507,,,-2.5477,hfq
2025-10-20,3968.893,3999.492,3900.634,3918.287,326717,,,0.0451,hfq
2025-10-21,3940.060,4003.611,3918.876,3969.482,369560,,,1.3066,hfq
2025-10-22,3984.193,4015.969,3911.226,3925.937,398048,,,-1.0970,hfq
2025-10-23,3911.226,3935.941,3852.970,3918.876,342785,,,-0.1799,hfq
2025-10-24,3925.937,3990.666,3911.226,3940.060,372753,,,0.5406,hfq
2025-10-27,4001.846,4078.344,3999.492,4028.914,508925,,,2.2551,hfq
2025-10-28,3923.583,3937.706,3822.371,3829.432,1082090,,,-4.9513,hfq
2025-10-29,3828.256,3880.039,3775.884,3852.970,562175,,,0.6147,hfq
2025-10-30,3852.970,3852.970,3785.299,3785.888,608740,,,-1.7410,hfq
2025-10-31,3814.133,3939.471,3804.718,3860.620,837064,,,1.9740,hfq
2025-11-03,3908.284,3910.049,3782.357,3816.487,460306,,,-1.1432,hfq
2025-11-04,3817.664,3819.429,3707.625,3729.397,515610,,,-2.2819,hfq
2025-11-05,3692.914,3762.939,3688.206,3731.751,334381,,,0.0631,hfq
2025-11-06,3731.163,3763.527,3702.917,3758.819,252524,,,0.7253,hfq
2025-11-07,3734.105,3762.939,3704.683,3709.390,270654,,,-1.3150,hfq
2025-11-10,3708.802,3729.986,3672.907,3724.101,396248,,,0.3966,hfq
2025-11-11,3731.163,3745.874,3675.261,3678.791,275160,,,-1.2167,hfq
2025-11-12,3680.557,3784.711,3680.557,3739.989,514268,,,1.6635,hfq
2025-11-13,3774.707,3839.436,3747.639,3825.902,508318,,,2.2971,hfq
2025-11-14,3819.429,3845.909,3778.826,3787.065,319504,,,-1.0151,hfq
2025-11-17,3786.476,3795.891,3699.387,3722.336,315385,,,-1.7092,hfq
2025-11-18,3711.156,3784.122,3705.860,3721.159,219101,,,-0.0316,hfq
2025-11-19,3704.683,3721.159,3676.437,3681.733,211162,,,-1.0595,hfq
2025-11-20,3688.795,3713.509,3648.192,3653.488,253480,,,-0.7672,hfq
2025-11-21,3635.835,3681.145,3575.814,3586.994,447335,,,-1.8200,hfq
2025-11-24,3618.770,3681.145,3614.063,3655.254,343973,,,1.9030,hfq
2025-11-25,3681.145,3711.156,3647.604,3668.199,265045,,,0.3541,hfq
2025-11-26,3704.683,3781.180,3677.026,3755.289,439862,,,2.3742,hfq
2025-11-27,3769.411,3790.595,3730.574,3739.401,257308,,,-0.4231,hfq
2025-11-28,3755.289,3755.289,3711.156,3738.812,202776,,,-0.0158,hfq
2025-12-01,3738.812,3739.401,3678.791,3730.574,254831,,,-0.2203,hfq
2025-12-02,3728.220,3728.220,3675.261,3682.322,182306,,,-1.2934,hfq
2025-12-03,3681.145,3707.625,3657.607,3673.495,198530,,,-0.2397,hfq
2025-12-04,3675.849,3704.094,3673.495,3689.972,180408,,,0.4485,hfq
2025-12-05,3686.441,3721.748,3657.607,3711.744,231176,,,0.5900,hfq
2025-12-08,3769.411,3825.313,3729.397,3761.173,508618,,,1.3317,hfq
2025-12-09,3752.935,3860.620,3751.758,3797.657,493593,,,0.9700,hfq
2025-12-10,3801.776,3825.902,3749.993,3815.310,288960,,,0.4648,hfq
2025-12-11,3825.902,3848.263,3799.422,3816.487,247061,,,0.0308,hfq
2025-12-12,3809.425,3809.425,3749.404,3809.425,315629,,,-0.1850,hfq
2025-12-15,3774.119,3774.119,3697.621,3697.621,290072,,,-2.9349,hfq
2025-12-16,3697.621,3704.094,3538.742,3566.399,523785,,,-3.5488,hfq
2025-12-17,3578.168,3663.492,3558.161,3634.070,330418,,,1.8975,hfq
2025-12-18,3619.359,3649.958,3613.474,3616.416,179309,,,-0.4858,hfq
2025-12-19,3620.535,3697.621,3611.120,3666.434,288358,,,1.3831,hfq
2025-12-22,3664.080,3704.683,3635.835,3671.141,236709,,,0.1284,hfq
2025-12-23,3666.434,3767.058,3665.846,3722.336,329191,,,1.3945,hfq
2025-12-24,3714.686,3734.105,3679.968,3688.795,250502,,,-0.9011,hfq
2025-12-25,3688.206,3714.098,3677.026,3698.798,155182,,,0.2712,hfq
2025-12-26,3692.914,3714.098,3651.723,3678.791,214308,,,-0.5409,hfq
2025-12-29,3678.791,3691.149,3640.542,3646.427,285752,,,-0.8797,hfq
2025-12-30,3639.954,3651.723,3610.532,3627.008,253305,,,-0.5325,hfq
2025-12-31,3625.831,3637.600,3586.994,3591.113,268279,,,-0.9897,hfq
2026-01-05,3619.947,3821.783,3615.828,3797.657,851170,,,5.7515,hfq
2026-01-06,3814.133,3821.194,3757.643,3796.480,463525,,,-0.0310,hfq
2026-01-07,3793.538,3898.869,3792.949,3842.967,524652,,,1.2245,hfq
2026-01-08,3910.638,3913.580,3794.714,3828.256,447749,,,-0.3828,hfq
2026-01-09,3827.079,3863.562,3781.180,3838.848,426358,,,0.2767,hfq
2026-01-12,3857.678,3869.447,3805.306,3842.967,428770,,,0.1073,hfq
2026-01-13,3869.447,3959.478,3854.736,3882.392,740340,,,1.0259,hfq
2026-01-14,3884.158,3945.944,3804.718,3828.844,629255,,,-1.3793,hfq
2026-01-15,3803.541,3841.790,3775.296,3802.953,467612,,,-0.6762,hfq
2026-01-16,3813.545,3823.548,3714.098,3730.574,523786,,,-1.9032,hfq
2026-01-19,3722.336,3756.466,3655.254,3682.322,473891,,,-1.2934,hfq
2026-01-20,3682.910,3713.509,3639.954,3645.838,427755,,,-0.9908,hfq
2026-01-21,3646.427,3668.199,3608.178,3622.301,546035,,,-0.6456,hfq
2026-01-22,3637.600,3637.600,3575.225,3583.464,537068,,,-1.0722,hfq
2026-01-23,3600.528,3632.304,3543.449,3556.984,808043,,,-0.7389,hfq
2026-01-26,3556.984,3566.987,3501.670,3508.143,727329,,,-1.3731,hfq
2026-01-27,3521.677,3527.562,3448.122,3451.652,637255,,,-1.6103,hfq
2026-01-28,3465.775,3486.959,3398.693,3413.404,878750,,,-1.1081,hfq
2026-01-29,3401.635,3520.500,3385.747,3505.201,1137825,,,2.6893,hfq
2026-01-30,3498.728,3604.059,3484.605,3508.143,852045,,,0.0839,hfq
2026-02-02,3484.605,3518.146,3399.281,3409.873,609580,,,-2.8012,hfq
2026-02-03,3439.884,3480.486,3410.462,3467.540,498835,,,1.6912,hfq
2026-02-04,3457.537,3481.075,3394.574,3475.190,489243,,,0.2206,hfq
2026-02-05,3469.306,3526.385,3457.537,3508.143,517746,,,0.9482,hfq
2026-02-06,3483.428,3507.555,3454.006,3458.125,360904,,,-1.4258,hfq
2026-02-09,3484.017,3492.255,3439.884,3466.364,366117,,,0.2383,hfq
2026-02-10,3466.952,3559.926,3442.826,3522.266,648861,,,1.6127,hfq
2026-02-11,3522.266,3613.474,3519.323,3551.688,573680,,,0.8353,hfq
2026-02-12,3534.034,3586.406,3528.150,3542.273,348690,,,-0.2651,hfq
2026-02-13,3543.449,3560.514,3506.378,3512.262,343568,,,-0.8472,hfq
2026-02-24,3516.970,3526.973,3482.251,3499.316,338981,,,-0.3686,hfq
2026-02-25,3497.551,3510.497,3474.013,3490.490,421579,,,-0.2522,hfq
2026-02-26,3490.490,3504.612,3416.346,3423.407,508987,,,-1.9219,hfq
2026-02-27,3417.523,3455.772,3398.693,3413.992,363641,,,-0.2750,hfq
2026-03-02,3356.325,3385.747,3275.120,3295.127,742062,,,-3.4817,hfq
2026-03-03,3304.542,3341.614,3230.987,3240.402,601399,,,-1.6608,hfq
2026-03-04,3217.452,3257.467,3185.088,3203.330,471518,,,-1.1441,hfq
2026-03-05,3228.633,3312.780,3210.391,3246.875,484860,,,1.3594,hfq
2026-03-06,3239.813,3361.621,3228.044,3355.148,629119,,,3.3347,hfq
2026-03-09,3309.249,3332.787,3266.293,3318.665,426233,,,-1.0874,hfq
2026-03-10,3339.848,3425.173,3339.848,3413.404,473605,,,2.8547,hfq
2026-03-11,3407.519,3413.404,3357.502,3371.036,321259,,,-1.2412,hfq
2026-03-12,3369.271,3383.393,3335.729,3339.848,266691,,,-0.9252,hfq
2026-03-13,3339.848,3359.267,3319.253,3328.668,244164,,,-0.3347,hfq
2026-03-16,3334.552,3383.982,3293.950,3356.913,307751,,,0.8485,hfq
2026-03-17,3362.798,3465.775,3344.556,3398.693,504111,,,1.2446,hfq
2026-03-18,3396.339,3444.591,3382.216,3432.822,393793,,,1.0042,hfq
2026-03-19,3391.043,3441.649,3375.743,3382.216,343647,,,-1.4742,hfq
2026-03-20,3392.220,3425.761,3325.137,3330.433,347395,,,-1.5310,hfq
2026-03-23,3273.943,3283.946,3169.789,3191.561,487702,,,-4.1698,hfq
2026-03-24,3220.395,3248.051,3193.326,3242.167,348355,,,1.5856,hfq
2026-03-25,3263.351,3313.957,3253.936,3269.235,411526,,,0.8349,hfq
2026-03-26,3220.983,3269.235,3118.594,3123.890,649417,,,-4.4458,hfq
2026-03-27,3104.471,3350.440,3093.291,3332.787,991196,,,6.6871,hfq
2026-03-30,3306.307,3386.924,3299.246,3366.917,697271,,,1.0241,hfq
2026-03-31,3372.801,3462.244,3333.964,3335.141,692924,,,-0.9438,hfq
2026-04-01,3382.805,3485.782,3357.502,3482.840,1005517,,,4.4286,hfq
2026-04-02,3483.428,3519.323,3440.472,3461.656,765170,,,-0.6082,hfq
2026-04-03,3438.707,3439.295,3386.924,3403.400,454916,,,-1.6829,hfq
2026-04-07,3411.050,3431.057,3322.195,3388.101,401467,,,-0.4495,hfq
2026-04-08,3440.472,3477.544,3375.743,3466.364,734463,,,2.3099,hfq
2026-04-09,3435.176,3496.963,3422.819,3437.530,480755,,,-0.8318,hfq
2026-04-10,3469.306,3506.966,3428.115,3443.414,587795,,,0.1712,hfq
2026-04-13,3416.346,3418.700,3322.784,3333.964,796044,,,-3.1785,hfq
2026-04-14,3342.791,3399.281,3310.426,3391.631,574457,,,1.7297,hfq
2026-04-15,3495.197,3525.208,3442.237,3482.840,1029480,,,2.6892,hfq
2026-04-16,3497.551,3498.728,3441.061,3467.540,576718,,,-0.4393,hfq
2026-04-17,3451.652,3451.652,3381.628,3400.458,632524,,,-1.9346,hfq
2026-04-20,3400.458,3421.053,3371.036,3401.046,433049,,,0.0173,hfq
2026-04-21,3401.635,3425.761,3354.559,3366.328,432751,,,-1.0208,hfq
2026-04-22,3357.502,3377.509,3318.665,3348.087,523563,,,-0.5419,hfq
2026-04-23,3382.805,3496.374,3382.805,3404.577,963938,,,1.6872,hfq
2026-04-24,3410.462,3425.173,3341.025,3383.982,557798,,,-0.6049,hfq
2026-04-27,3384.570,3385.159,3333.964,3344.556,455530,,,-1.1651,hfq
2026-04-28,3344.556,3460.479,3310.426,3312.780,903120,,,-0.9501,hfq
2026-04-29,3312.192,3326.903,3275.120,3321.607,591509,,,0.2665,hfq
2026-04-30,3324.549,3324.549,3252.171,3256.290,712485,,,-1.9664,hfq
2026-05-06,3262.174,3269.824,3228.044,3241.579,665748,,,-0.4518,hfq
2026-05-07,3256.290,3288.654,3228.044,3244.521,623452,,,0.0908,hfq
2026-05-08,3256.290,3258.643,3185.677,3192.738,802415,,,-1.5960,hfq
2026-05-11,3192.738,3250.994,3152.724,3235.106,1023063,,,1.3270,hfq
2026-05-12,3235.694,3549.922,3189.796,3387.512,2465400,,,4.7110,hfq
2026-05-13,3387.512,3455.183,3361.032,3372.801,1327791,,,-0.4343,hfq
2026-05-14,3369.271,3424.584,3279.827,3282.181,917227,,,-2.6868,hfq
2026-05-15,3268.058,3361.032,3248.640,3262.762,765989,,,-0.5916,hfq
2026-05-18,3250.405,3251.582,3156.843,3170.965,786609,,,-2.8135,hfq
2026-05-19,3163.316,3199.211,3106.237,3121.536,699095,,,-1.5588,hfq
2026-05-20,3116.829,3143.309,3050.335,3083.876,827046,,,-1.2065,hfq
2026-05-21,3088.584,3192.149,3079.757,3113.298,994025,,,0.9541,hfq
2026-05-22,3119.183,3120.948,3051.512,3055.631,677620,,,-1.8523,hfq
2026-05-25,3028.562,3029.151,2970.307,2994.433,838355,,,-2.0028,hfq
2026-05-26,2973.837,3037.978,2957.361,2980.899,713746,,,-0.4520,hfq
2026-05-27,2973.837,3116.240,2948.534,3061.515,961153,,,2.7044,hfq
2026-05-28,3043.273,3073.872,2913.228,2922.054,978697,,,-4.5553,hfq
2026-05-29,2923.231,3070.342,2899.694,3050.923,1300405,,,4.4102,hfq
2026-06-01,3058.573,3110.356,2980.899,2990.902,946653,,,-1.9673,hfq
2026-06-02,2970.307,2986.783,2916.170,2945.592,611443,,,-1.5149,hfq
2026-06-03,2927.939,2932.646,2874.979,2874.979,815364,,,-2.3972,hfq
2026-06-04,2863.210,2914.993,2834.376,2841.438,639249,,,-1.1667,hfq
2026-06-05,2891.455,2964.422,2863.210,2867.918,930264,,,0.9319,hfq
2026-06-08,2839.672,2905.578,2777.886,2800.835,684211,,,-2.3391,hfq
2026-06-09,2824.373,2839.672,2760.821,2826.727,621286,,,0.9244,hfq
2026-06-10,2810.250,2885.571,2799.070,2863.799,621576,,,1.3115,hfq
2026-06-11,2845.557,2874.979,2817.312,2862.033,473374,,,-0.0617,hfq
2026-06-12,2874.979,2977.956,2837.319,2950.888,1002990,,,3.1046,hfq
2026-06-15,2947.946,2969.130,2899.694,2914.993,669408,,,-1.2164,hfq
2026-06-16,2898.517,2927.350,2871.448,2883.806,502935,,,-1.0699,hfq
2026-06-17,2884.982,2902.047,2850.264,2862.622,518239,,,-0.7346,hfq
2026-06-18,2862.622,3010.321,2840.261,2946.769,1185928,,,2.9395,hfq
2026-06-22,2933.823,3005.025,2880.863,3002.083,946321,,,1.8771,hfq
2026-06-23,2991.491,3093.880,2969.130,2979.722,1075827,,,-0.7448,hfq
2026-06-24,2979.722,3119.771,2976.779,3054.454,1358812,,,2.5080,hfq
2026-06-25,3031.505,3086.818,2960.892,3042.097,1051386,,,-0.4046,hfq
2026-06-26,3066.811,3082.699,2958.538,2961.480,749617,,,-2.6500,hfq
2026-06-29,2981.487,3234.517,2947.357,3212.156,1727562,,,8.4646,hfq
2026-06-30,3214.510,3242.755,3139.778,3159.785,1146413,,,-1.6304,hfq
2026-07-01,3134.482,3279.827,3052.689,3262.174,1569308,,,3.2404,hfq
2026-07-02,3263.351,3360.444,3221.572,3245.109,1320238,,,-0.5231,hfq
2026-07-03,3307.484,3342.791,3232.752,3301.600,1098671,,,1.7408,hfq
2026-07-06,3298.657,3496.963,3261.586,3438.118,1796982,,,4.1349,hfq
2026-07-07,3416.346,3422.230,3326.903,3355.148,1077221,,,-2.4132,hfq
2026-07-08,3367.505,3437.530,3274.531,3275.708,957827,,,-2.3677,hfq
2026-07-09,3228.044,3379.274,3207.449,3369.859,1108322,,,2.8742,hfq
2026-07-10,3310.426,3479.898,3307.484,3378.097,1336189,,,0.2445,hfq
2026-07-13,3340.437,3405.754,3321.018,3378.097,930293,,,0.0000,hfq
2026-07-14,3378.097,3391.631,3291.008,3323.372,966292,,,-1.6200,hfq
2026-07-15,3290.419,3510.497,3290.419,3481.075,1941697,,,4.7453,hfq
2026-07-16,3440.472,3475.190,3363.975,3392.220,1220084,,,-2.5525,hfq
2026-07-17,3392.808,3402.812,3217.452,3227.456,1161817,,,-4.8571,hfq
2026-07-20,3214.510,3379.863,3210.391,3367.505,1133069,,,4.3393,hfq
2026-07-21,3392.220,3392.220,3260.997,3329.845,964390,,,-1.1183,hfq
2026-07-22,3295.715,3421.642,3291.008,3356.913,859798,,,0.8129,hfq
2026-07-23,3356.913,3378.097,3269.235,3328.668,799989,,,-0.8414,hfq
2026-07-24,3333.964,3338.672,3216.276,3242.755,704837,,,-2.5810,hfq
2026-07-27,3269.235,3308.073,3209.214,3251.582,552452,,,0.2722,hfq
2026-07-28,3242.755,3268.058,3188.619,3233.340,479795,,,-0.5610,hfq
2026-07-29,3275.120,3301.011,3199.799,3268.647,684657,,,1.0920,hfq
2026-07-30,3278.062,3315.722,3233.929,3313.369,735879,,,1.3682,hfq
2026-07-31,3257.467,3301.600,3245.698,3279.827,578082,,,-1.0123,hfq
2026-08-03,3267.470,3293.950,3208.037,3216.276,616099,,,-1.9376,hfq
2026-08-04,3232.752,3295.715,3219.218,3240.990,730069,,,0.7684,hfq
2026-08-05,3241.579,3262.762,3209.214,3248.051,670925,,,0.2179,hfq
2026-08-06,3254.524,3263.939,3157.431,3163.904,898631,,,-2.5907,hfq
2026-08-07,3157.431,3311.603,3146.839,3311.603,1419315,,,4.6683,hfq
2026-08-10,3333.964,3385.747,3253.347,3285.712,1183657,,,-0.7818,hfq
2026-08-11,3262.762,3381.039,3260.997,3332.199,1207617,,,1.4148,hfq
2026-08-12,3312.192,3355.148,3281.004,3296.304,748812,,,-1.0772,hfq
2026-08-13,3278.062,3350.440,3255.701,3260.997,975900,,,-1.0711,hfq
2026-08-14,3256.290,3260.409,3169.200,3193.915,873251,,,-2.0571,hfq
2026-08-17,3186.265,3253.347,3148.605,3208.626,668530,,,0.4606,hfq
2026-08-18,3199.799,3218.041,3161.550,3179.204,598404,,,-0.9170,hfq
2026-08-19,3196.857,3197.445,3158.608,3196.269,637992,,,0.5368,hfq
2026-08-20,3098.587,3129.775,2931.469,3010.321,2387416,,,-5.8177,hfq
2026-08-21,2952.065,2969.130,2895.574,2906.755,1274153,,,-3.4404,hfq
2026-08-24,2894.986,2926.762,2832.023,2849.088,860023,,,-1.9839,hfq
2026-08-25,2835.553,2856.149,2817.312,2833.200,770143,,,-0.5577,hfq
2026-08-26,2833.200,2891.455,2833.200,2847.911,782954,,,0.5192,hfq
2026-08-27,2850.264,2899.694,2833.788,2899.105,778495,,,1.7976,hfq
2026-08-28,2897.340,2902.636,2869.095,2882.040,532397,,,-0.5886,hfq
2026-08-31,2873.214,2873.214,2797.305,2808.485,892759,,,-2.5522,hfq
2026-09-01,2807.308,2827.904,2798.481,2817.900,464740,,,0.3352,hfq
2026-09-02,2817.900,2823.196,2774.355,2779.063,548288,,,-1.3782,hfq
2026-09-03,2780.828,2809.662,2766.706,2802.012,502917,,,0.8258,hfq
2026-09-04,2802.601,2828.492,2798.481,2805.543,489803,,,0.1260,hfq
2026-09-07,2805.543,2823.784,2787.301,2819.665,394197,,,0.5034,hfq
2026-09-08,2816.135,2816.135,2778.474,2787.301,589143,,,-1.1478,hfq
2026-09-09,2780.828,2780.828,2724.338,2728.457,716944,,,-2.1111,hfq
2026-09-10,2713.157,2713.746,2617.241,2623.714,1037814,,,-3.8389,hfq
2026-09-11,2607.238,2613.711,2562.516,2608.415,802551,,,-0.5831,hfq
2026-09-14,2589.584,2639.014,2569.577,2636.660,526232,,,1.0828,hfq
2026-09-15,2637.248,2656.667,2627.245,2635.483,375735,,,-0.0446,hfq
2026-09-16,2632.541,2663.140,2624.891,2658.432,416195,,,0.8708,hfq
2026-09-17,2647.252,2667.847,2633.718,2641.367,352524,,,-0.6419,hfq
2026-09-18,2658.432,2695.504,2657.255,2681.381,569343,,,1.5149,hfq
