trade_date,open,high,low,close,volume,amount,turnover,pct_change,adjust
1994-02-24,7.800,8.140,7.400,8.040,68958,,,,hfq
1994-02-25,8.200,8.600,8.080,8.500,70340,,,5.7214,hfq
1994-02-28,8.500,8.500,7.800,7.870,27732,,,-7.4118,hfq
1994-03-01,7.800,7.850,7.290,7.290,9512,,,-7.3698,hfq
1994-03-02,7.280,7.640,6.940,7.180,13865,,,-1.5089,hfq
1994-03-03,7.250,7.520,7.080,7.270,8196,,,1.2535,hfq
1994-03-04,7.200,7.870,7.120,7.700,40385,,,5.9147,hfq
1994-03-07,7.850,7.920,7.720,7.780,8378,,,1.0390,hfq
1994-03-08,7.890,7.890,7.200,7.450,14664,,,-4.2416,hfq
1994-03-09,7.400,7.880,7.160,7.850,36835,,,5.3691,hfq
1994-03-10,7.800,7.830,7.110,7.110,23737,,,-9.4268,hfq
1994-03-11,7.110,7.250,6.900,7.140,12499,,,0.4219,hfq
1994-03-14,7.500,7.900,7.350,7.800,26336,,,9.2437,hfq
1994-03-15,7.910,8.180,7.530,7.800,37409,,,0.0000,hfq
1994-03-16,7.900,9.180,7.900,8.970,92191,,,15.0000,hfq
1994-03-17,8.880,8.900,8.010,8.400,43008,,,-6.3545,hfq
1994-03-18,8.050,8.210,7.500,7.710,17148,,,-8.2143,hfq
1994-03-21,7.500,7.950,7.400,7.500,10350,,,-2.7237,hfq
1994-03-22,7.500,8.000,7.400,7.980,6051,,,6.4000,hfq
1994-03-23,7.700,7.900,7.480,7.480,7384,,,-6.2657,hfq
1994-03-24,7.850,7.850,7.450,7.690,5850,,,2.8075,hfq
1994-03-25,7.750,7.750,7.500,7.660,9161,,,-0.3901,hfq
1994-03-28,7.500,7.600,7.050,7.240,8515,,,-5.4830,hfq
1994-03-29,7.280,7.400,7.150,7.290,7734,,,0.6906,hfq
1994-03-30,7.380,7.430,7.160,7.290,6403,,,0.0000,hfq
1994-03-31,7.400,7.740,7.350,7.620,13090,,,4.5267,hfq
1994-04-01,7.750,8.050,7.280,7.500,27378,,,-1.5748,hfq
1994-04-04,7.550,7.550,7.310,7.310,3789,,,-2.5333,hfq
1994-04-05,7.310,7.500,7.130,7.270,4045,,,-0.5472,hfq
1994-04-06,7.310,7.360,7.200,7.230,1718,,,-0.5502,hfq
1994-04-07,7.280,7.390,7.270,7.280,2144,,,0.6916,hfq
1994-04-08,7.280,7.430,7.180,7.280,1490,,,0.0000,hfq
1994-04-11,7.200,7.250,7.120,7.150,2456,,,-1.7857,hfq
1994-04-12,7.200,7.250,7.100,7.160,1770,,,0.1399,hfq
1994-04-13,7.280,7.610,7.230,7.410,29457,,,3.4916,hfq
1994-04-14,7.410,7.930,7.410,7.820,48766,,,5.5331,hfq
1994-04-15,7.900,8.880,7.670,8.800,61728,,,12.5320,hfq
1994-04-18,10.430,11.480,9.580,11.400,59448,,,29.5455,hfq
1994-04-19,11.400,11.650,10.420,10.800,54717,,,-5.2632,hfq
1994-04-20,10.500,11.200,9.500,10.810,36643,,,0.0926,hfq
1994-04-21,11.080,12.060,10.930,12.000,36032,,,11.0083,hfq
1994-04-22,12.050,13.690,12.050,13.500,32671,,,12.5000,hfq
1994-04-25,13.550,14.190,11.660,14.000,42335,,,3.7037,hfq
1994-04-26,14.100,14.250,13.590,14.020,23197,,,0.1429,hfq
1994-04-27,14.020,15.690,14.000,15.430,19148,,,10.0571,hfq
1994-04-28,15.500,15.800,14.200,15.300,6906,,,-0.8425,hfq
1994-04-29,15.500,15.920,15.100,15.400,7319,,,0.6536,hfq
1994-05-03,15.600,15.990,15.410,15.580,2700,,,1.1688,hfq
1994-05-04,15.500,16.220,15.100,16.100,7690,,,3.3376,hfq
1994-05-05,16.100,16.100,15.540,15.680,1652,,,-2.6087,hfq
1994-05-06,14.200,15.600,14.200,15.230,3121,,,-2.8699,hfq
1994-05-09,14.800,15.100,13.600,13.700,10677,,,-10.0460,hfq
1994-05-10,13.750,13.950,12.200,12.720,16446,,,-7.1533,hfq
1994-05-11,12.400,13.900,12.400,12.530,29187,,,-1.4937,hfq
1994-05-12,12.550,13.100,12.260,12.420,10404,,,-0.8779,hfq
1994-05-13,12.320,12.650,11.500,11.760,14774,,,-5.3140,hfq
1994-05-16,11.800,12.200,11.800,12.180,13946,,,3.5714,hfq
1994-05-17,12.400,12.880,12.300,12.870,13512,,,5.6650,hfq
1994-05-18,13.000,13.200,12.710,13.180,18146,,,2.4087,hfq
1994-05-19,13.100,13.100,11.930,12.440,15640,,,-5.6146,hfq
1994-05-20,12.150,12.330,12.020,12.050,6473,,,-3.1350,hfq
1994-05-23,12.100,12.320,11.850,12.070,5101,,,0.1660,hfq
1994-05-24,12.150,12.260,12.150,12.200,1338,,,1.0771,hfq
1994-05-25,12.250,12.290,12.090,12.260,3668,,,0.4918,hfq
1994-05-26,12.260,12.280,12.090,12.260,2850,,,0.0000,hfq
1994-05-27,12.180,12.200,12.050,12.180,1832,,,-0.6525,hfq
1994-05-30,12.200,12.350,12.150,12.200,3222,,,0.1642,hfq
1994-05-31,12.200,12.400,12.180,12.300,1279,,,0.8197,hfq
1994-06-01,12.350,12.690,12.210,12.300,7345,,,0.0000,hfq
1994-06-02,12.300,12.390,12.180,12.280,1317,,,-0.1626,hfq
1994-06-03,12.300,12.500,12.230,12.320,1249,,,0.3257,hfq
1994-06-06,12.500,12.500,12.220,12.250,788,,,-0.5682,hfq
1994-06-07,12.220,12.400,12.180,12.400,4511,,,1.2245,hfq
1994-06-08,12.420,12.680,12.420,12.680,4608,,,2.2581,hfq
1994-06-09,12.700,13.260,12.700,13.250,10101,,,4.4953,hfq
1994-06-10,13.300,13.680,13.300,13.610,16722,,,2.7170,hfq
1994-06-13,13.700,13.800,13.260,13.720,5833,,,0.8082,hfq
1994-06-14,13.720,13.850,11.380,11.380,18090,,,-17.0554,hfq
1994-06-15,11.150,11.170,8.780,9.030,36226,,,-20.6503,hfq
1994-06-16,9.100,9.660,8.700,9.090,40990,,,0.6645,hfq
1994-06-17,9.500,9.500,9.000,9.350,31685,,,2.8603,hfq
1994-06-20,9.390,10.090,9.110,9.250,78317,,,-1.0695,hfq
1994-06-21,9.100,9.380,9.010,9.080,9577,,,-1.8378,hfq
1994-06-22,9.100,9.350,9.100,9.180,4911,,,1.1013,hfq
1994-06-23,9.220,9.300,9.000,9.010,5267,,,-1.8519,hfq
1994-06-24,9.050,9.070,8.600,8.660,6635,,,-3.8846,hfq
1994-06-27,8.400,8.400,8.010,8.080,10238,,,-6.6975,hfq
1994-06-28,8.080,8.200,8.050,8.100,4136,,,0.2475,hfq
1994-06-29,8.200,8.250,7.880,7.880,5229,,,-2.7160,hfq
1994-06-30,7.880,7.980,7.350,7.700,10947,,,-2.2843,hfq
1994-07-01,7.850,7.900,7.380,7.400,10506,,,-3.8961,hfq
1994-07-04,7.060,7.290,7.050,7.100,7385,,,-4.0541,hfq
1994-07-05,7.100,7.580,7.100,7.550,7623,,,6.3380,hfq
1994-07-06,7.580,7.680,7.130,7.200,16374,,,-4.6358,hfq
1994-07-07,7.160,7.350,7.130,7.220,5246,,,0.2778,hfq
1994-07-08,7.300,7.500,7.220,7.410,6615,,,2.6316,hfq
1994-07-11,7.420,7.460,7.200,7.250,5481,,,-2.1592,hfq
1994-07-12,7.190,7.280,7.120,7.200,2438,,,-0.6897,hfq
1994-07-13,7.300,7.410,7.250,7.380,2978,,,2.5000,hfq
1994-07-14,7.350,7.460,7.160,7.240,7409,,,-1.8970,hfq
1994-07-15,7.200,7.230,6.780,6.800,6858,,,-6.0773,hfq
1994-07-18,6.580,6.580,6.230,6.370,3978,,,-6.3235,hfq
1994-07-19,6.400,6.520,6.210,6.420,3320,,,0.7849,hfq
1994-07-20,6.450,6.480,6.170,6.200,3322,,,-3.4268,hfq
1994-07-21,6.100,6.150,5.940,5.940,5741,,,-4.1935,hfq
1994-07-22,5.870,5.900,5.300,5.350,7790,,,-9.9327,hfq
1994-07-25,5.180,5.720,5.050,5.700,14529,,,6.5421,hfq
1994-07-26,5.700,6.240,5.560,6.190,42052,,,8.5965,hfq
1994-07-27,6.200,6.390,5.800,5.850,28245,,,-5.4927,hfq
1994-07-28,5.780,5.860,5.120,5.150,19604,,,-11.9658,hfq
1994-07-29,5.120,5.280,4.990,5.130,15270,,,-0.3883,hfq
1994-08-01,6.020,7.780,5.960,7.560,72724,,,47.3684,hfq
1994-08-02,7.600,9.350,7.400,7.550,84115,,,-0.1323,hfq
1994-08-03,7.600,9.050,7.600,8.900,68187,,,17.8808,hfq
1994-08-04,9.500,10.000,8.810,9.200,70469,,,3.3708,hfq
1994-08-05,9.750,10.480,9.350,10.400,45001,,,13.0435,hfq
1994-08-08,11.000,11.480,9.000,10.100,38967,,,-2.8846,hfq
1994-08-09,10.300,10.500,8.500,8.890,22266,,,-11.9802,hfq
1994-08-10,8.600,10.200,8.300,10.080,26559,,,13.3858,hfq
1994-08-11,10.700,10.750,9.010,9.100,31637,,,-9.7222,hfq
1994-08-12,8.990,9.900,8.800,9.050,10818,,,-0.5495,hfq
1994-08-15,9.000,9.500,9.000,9.150,9953,,,1.1050,hfq
1994-08-16,9.150,9.750,9.100,9.350,9374,,,2.1858,hfq
1994-08-17,9.600,9.850,9.450,9.700,13105,,,3.7433,hfq
1994-08-18,9.850,10.500,9.700,10.130,33858,,,4.4330,hfq
1994-08-19,10.200,10.350,9.280,9.550,19503,,,-5.7256,hfq
1994-08-22,9.000,9.380,8.910,9.100,9418,,,-4.7120,hfq
1994-08-23,9.200,9.490,9.020,9.490,4647,,,4.2857,hfq
1994-08-24,9.580,10.100,9.000,9.450,15980,,,-0.4215,hfq
1994-08-25,9.600,9.880,9.400,9.610,8933,,,1.6931,hfq
1994-08-26,9.800,9.850,9.110,9.300,6580,,,-3.2258,hfq
1994-08-29,9.300,9.520,9.100,9.120,3724,,,-1.9355,hfq
1994-08-30,9.150,9.650,9.120,9.460,7582,,,3.7281,hfq
1994-08-31,9.600,10.150,9.600,10.150,27768,,,7.2939,hfq
1994-09-01,10.500,10.560,10.000,10.200,22525,,,0.4926,hfq
1994-09-02,10.150,10.510,10.010,10.510,14306,,,3.0392,hfq
1994-09-05,10.820,11.500,10.820,11.450,37494,,,8.9439,hfq
1994-09-06,11.980,13.050,11.680,12.800,42023,,,11.7904,hfq
1994-09-07,12.800,13.600,11.010,11.500,26711,,,-10.1562,hfq
1994-09-08,11.890,12.500,11.680,12.160,18158,,,5.7391,hfq
1994-09-09,12.300,12.300,11.450,11.590,13362,,,-4.6875,hfq
1994-09-12,12.440,12.480,11.900,12.350,22279,,,6.5574,hfq
1994-09-13,11.990,12.880,11.800,12.400,49966,,,0.4049,hfq
1994-09-14,12.580,12.690,11.120,11.630,13494,,,-6.2097,hfq
1994-09-15,11.800,11.980,10.950,11.380,10995,,,-2.1496,hfq
1994-09-16,11.500,12.180,11.400,11.950,17260,,,5.0088,hfq
1994-09-19,11.500,11.990,11.050,11.200,7228,,,-6.2762,hfq
1994-09-20,11.200,11.390,10.700,10.880,6551,,,-2.8571,hfq
1994-09-21,11.400,11.680,11.100,11.680,5761,,,7.3529,hfq
1994-09-22,11.680,11.680,10.850,10.990,7858,,,-5.9075,hfq
1994-09-23,10.950,10.950,10.100,10.150,7298,,,-7.6433,hfq
1994-09-26,9.880,10.290,9.780,10.180,4217,,,0.2956,hfq
1994-09-27,10.180,10.180,10.000,10.000,2950,,,-1.7682,hfq
1994-09-28,9.800,10.550,9.800,10.500,4978,,,5.0000,hfq
1994-09-29,10.480,10.480,9.070,9.400,3874,,,-10.4762,hfq
1994-09-30,9.040,9.180,8.500,8.650,6018,,,-7.9787,hfq
1994-10-05,8.200,8.400,7.210,7.450,5870,,,-13.8728,hfq
1994-10-06,7.600,8.200,6.800,7.280,7787,,,-2.2819,hfq
1994-10-07,7.080,8.790,6.020,8.000,13427,,,9.8901,hfq
1994-10-10,7.500,7.950,7.150,7.480,7871,,,-6.5000,hfq
1994-10-11,7.600,7.880,7.450,7.750,5489,,,3.6096,hfq
1994-10-12,7.850,8.350,7.700,8.350,10953,,,7.7419,hfq
1994-10-13,8.330,8.330,7.450,7.480,15012,,,-10.4192,hfq
1994-10-14,7.080,8.250,6.900,7.770,11577,,,3.8770,hfq
1994-10-17,7.300,7.460,7.080,7.200,2095,,,-7.3359,hfq
1994-10-18,7.810,7.810,7.200,7.350,2965,,,2.0833,hfq
1994-10-19,7.430,8.000,7.300,7.800,6304,,,6.1224,hfq
1994-10-20,7.910,8.490,7.900,8.380,11674,,,7.4359,hfq
1994-10-21,8.450,8.680,8.000,8.150,15524,,,-2.7446,hfq
1994-10-24,8.350,8.880,8.350,8.800,12704,,,7.9755,hfq
1994-10-25,8.910,9.300,8.200,8.490,30199,,,-3.5227,hfq
1994-10-26,8.300,8.380,7.750,7.850,8005,,,-7.5383,hfq
1994-10-27,7.500,8.380,7.500,8.280,5767,,,5.4777,hfq
1994-10-28,8.000,8.250,7.760,7.800,5514,,,-5.7971,hfq
1994-10-31,7.400,7.580,7.400,7.450,3493,,,-4.4872,hfq
1994-11-01,7.680,7.770,7.500,7.700,1896,,,3.3557,hfq
1994-11-02,7.600,7.770,7.460,7.680,1122,,,-0.2597,hfq
1994-11-03,7.750,8.550,7.750,8.420,10886,,,9.6354,hfq
1994-11-04,8.700,9.130,7.800,8.000,46538,,,-4.9881,hfq
1994-11-07,7.810,8.280,7.650,8.190,9281,,,2.3750,hfq
1994-11-08,8.500,9.500,8.400,8.600,21627,,,5.0061,hfq
1994-11-09,8.300,8.770,8.280,8.740,10168,,,1.6279,hfq
1994-11-10,8.900,8.980,8.400,8.450,7166,,,-3.3181,hfq
1994-11-11,8.600,8.700,8.400,8.600,3305,,,1.7751,hfq
1994-11-14,8.700,8.810,8.410,8.700,4898,,,1.1628,hfq
1994-11-15,8.420,8.650,8.350,8.380,3728,,,-3.6782,hfq
1994-11-16,8.400,8.500,8.200,8.330,1697,,,-0.5967,hfq
1994-11-17,8.350,8.440,8.210,8.230,1939,,,-1.2005,hfq
1994-11-18,8.200,8.270,8.010,8.250,1662,,,0.2430,hfq
1994-11-21,8.260,8.290,8.160,8.200,833,,,-0.6061,hfq
1994-11-22,8.200,8.500,8.200,8.490,6023,,,3.5366,hfq
1994-11-23,8.390,8.700,8.210,8.620,14744,,,1.5312,hfq
1994-11-24,8.690,8.840,8.510,8.750,19502,,,1.5081,hfq
1994-11-25,8.900,9.180,8.650,8.780,23754,,,0.3429,hfq
1994-11-28,8.700,8.950,8.480,8.880,14262,,,1.1390,hfq
1994-11-29,8.690,9.020,8.620,8.960,14140,,,0.9009,hfq
1994-11-30,9.000,9.040,8.780,8.960,7450,,,0.0000,hfq
1994-12-01,8.810,8.990,8.800,8.850,10627,,,-1.2277,hfq
1994-12-02,8.880,8.900,8.580,8.580,5173,,,-3.0508,hfq
1994-12-05,8.550,8.680,8.420,8.450,3853,,,-1.5152,hfq
1994-12-06,8.350,8.620,8.130,8.620,4920,,,2.0118,hfq
1994-12-07,8.600,8.620,8.420,8.620,2126,,,0.0000,hfq
1994-12-08,8.580,8.580,8.360,8.380,886,,,-2.7842,hfq
1994-12-09,8.250,8.500,8.150,8.300,1650,,,-0.9547,hfq
1994-12-12,8.180,8.300,8.020,8.060,1442,,,-2.8916,hfq
1994-12-13,8.200,8.490,8.080,8.290,4647,,,2.8536,hfq
1994-12-14,8.190,8.250,8.100,8.120,1899,,,-2.0507,hfq
1994-12-15,8.160,8.600,8.100,8.530,4665,,,5.0493,hfq
1994-12-16,8.580,8.800,8.410,8.540,8712,,,0.1172,hfq
1994-12-19,8.620,8.750,8.200,8.250,3488,,,-3.3958,hfq
1994-12-20,8.400,8.600,8.210,8.400,2896,,,1.8182,hfq
1994-12-21,8.450,8.700,8.320,8.450,8441,,,0.5952,hfq
1994-12-22,8.450,8.530,8.210,8.290,3095,,,-1.8935,hfq
1994-12-23,8.400,8.600,8.300,8.370,5253,,,0.9650,hfq
1994-12-26,8.550,8.640,8.380,8.480,2642,,,1.3142,hfq
1994-12-27,8.580,8.580,8.100,8.200,2412,,,-3.3019,hfq
1994-12-28,8.250,8.300,8.080,8.100,1980,,,-1.2195,hfq
1994-12-29,8.150,8.470,8.000,8.150,3204,,,0.6173,hfq
1994-12-30,8.240,8.240,8.080,8.150,1349,,,0.0000,hfq
1995-01-03,8.030,8.140,7.850,8.000,848,,,-1.8405,hfq
1995-01-04,8.000,8.210,7.900,8.160,544,,,2.0000,hfq
1995-01-05,8.100,8.190,8.050,8.060,518,,,-1.2255,hfq
1995-01-06,8.070,8.070,7.900,7.970,975,,,-1.1166,hfq
1995-01-09,7.800,7.900,7.800,7.830,904,,,-1.7566,hfq
1995-01-10,7.800,7.800,7.510,7.600,1212,,,-2.9374,hfq
1995-01-11,7.650,7.660,7.520,7.590,793,,,-0.1316,hfq
1995-01-12,7.590,7.600,7.440,7.480,751,,,-1.4493,hfq
1995-01-13,7.480,7.480,7.180,7.270,855,,,-2.8075,hfq
1995-01-16,7.050,7.110,7.010,7.070,1048,,,-2.7510,hfq
1995-01-17,7.150,7.200,7.080,7.200,921,,,1.8388,hfq
1995-01-18,7.250,7.450,7.200,7.420,933,,,3.0556,hfq
1995-01-19,7.390,7.390,7.080,7.280,1796,,,-1.8868,hfq
1995-01-20,7.170,7.380,7.050,7.350,1452,,,0.9615,hfq
1995-01-23,7.150,7.200,6.900,7.050,505,,,-4.0816,hfq
1995-01-24,7.120,7.300,6.910,7.200,881,,,2.1277,hfq
1995-01-25,7.800,7.800,7.300,7.460,4687,,,3.6111,hfq
1995-01-26,7.400,7.440,7.320,7.390,1363,,,-0.9383,hfq
1995-01-27,7.380,7.480,7.370,7.460,1186,,,0.9472,hfq
1995-02-06,7.500,7.540,7.110,7.150,767,,,-4.1555,hfq
1995-02-07,7.030,7.250,7.010,7.120,521,,,-0.4196,hfq
1995-02-08,7.120,7.200,7.120,7.150,381,,,0.4213,hfq
1995-02-09,7.180,7.350,7.150,7.330,479,,,2.5175,hfq
1995-02-10,7.300,7.420,7.130,7.150,789,,,-2.4557,hfq
1995-02-13,7.300,7.300,7.110,7.190,406,,,0.5594,hfq
1995-02-14,7.200,7.250,7.140,7.200,422,,,0.1391,hfq
1995-02-15,7.180,7.210,7.150,7.150,278,,,-0.6944,hfq
1995-02-16,7.100,7.270,7.100,7.150,356,,,0.0000,hfq
1995-02-17,7.190,7.200,7.060,7.090,354,,,-0.8392,hfq
1995-02-20,7.130,7.200,7.050,7.100,286,,,0.1410,hfq
1995-02-21,7.110,7.220,7.060,7.220,266,,,1.6901,hfq
1995-02-22,7.240,8.000,7.200,7.840,3084,,,8.5873,hfq
1995-02-23,7.700,7.940,7.570,7.690,4168,,,-1.9133,hfq
1995-02-24,7.770,7.840,7.450,7.680,4037,,,-0.1300,hfq
1995-02-27,7.920,7.980,7.480,7.510,2258,,,-2.2135,hfq
1995-02-28,7.480,7.600,7.250,7.350,985,,,-2.1305,hfq
1995-03-01,7.800,9.000,7.600,8.560,22274,,,16.4626,hfq
1995-03-02,8.390,8.720,8.250,8.500,12531,,,-0.7009,hfq
1995-03-03,8.500,8.680,8.320,8.560,10891,,,0.7059,hfq
1995-03-06,8.650,9.100,8.530,9.000,11541,,,5.1402,hfq
1995-03-07,9.000,9.000,8.450,8.850,11808,,,-1.6667,hfq
1995-03-08,8.840,8.850,8.600,8.700,8256,,,-1.6949,hfq
1995-03-09,8.580,9.380,8.580,8.800,16544,,,1.1494,hfq
1995-03-10,8.820,8.920,8.490,8.580,6914,,,-2.5000,hfq
1995-03-13,8.700,8.800,8.560,8.680,4296,,,1.1655,hfq
1995-03-14,8.790,8.970,8.700,8.780,4902,,,1.1521,hfq
1995-03-15,8.800,9.100,8.650,8.780,6336,,,0.0000,hfq
1995-03-16,8.800,8.860,8.610,8.830,3027,,,0.5695,hfq
1995-03-17,8.780,9.020,8.780,8.950,8203,,,1.3590,hfq
1995-03-20,9.070,9.270,8.810,8.870,12155,,,-0.8939,hfq
1995-03-21,8.790,8.930,8.620,8.930,4342,,,0.6764,hfq
1995-03-22,8.900,9.170,8.880,9.100,7531,,,1.9037,hfq
1995-03-23,9.150,9.170,8.900,8.980,6792,,,-1.3187,hfq
1995-03-24,8.950,9.200,8.910,9.160,3922,,,2.0045,hfq
1995-03-27,9.200,9.810,9.180,9.670,27998,,,5.5677,hfq
1995-03-28,9.500,9.670,9.410,9.500,9435,,,-1.7580,hfq
1995-03-29,9.500,10.050,9.450,10.000,11030,,,5.2632,hfq
1995-03-30,10.100,10.100,9.650,9.680,11707,,,-3.2000,hfq
1995-03-31,9.610,9.980,9.600,9.920,8390,,,2.4793,hfq
1995-04-03,9.930,10.160,9.730,9.940,12090,,,0.2016,hfq
1995-04-04,9.890,9.990,9.830,9.960,6388,,,0.2012,hfq
1995-04-05,10.000,10.480,9.950,10.080,19103,,,1.2048,hfq
1995-04-06,9.950,10.200,9.900,10.180,9713,,,0.9921,hfq
1995-04-07,10.250,10.390,10.100,10.230,13789,,,0.4912,hfq
1995-04-10,10.280,10.450,10.050,10.050,6989,,,-1.7595,hfq
1995-04-11,9.950,10.280,9.800,9.810,10746,,,-2.3881,hfq
1995-04-12,9.750,9.980,9.750,9.880,5159,,,0.7136,hfq
1995-04-13,9.900,9.950,9.580,9.600,5113,,,-2.8340,hfq
1995-04-14,9.560,9.840,9.520,9.770,5912,,,1.7708,hfq
1995-04-17,9.750,9.800,9.560,9.600,3184,,,-1.7400,hfq
1995-04-18,9.550,9.700,9.530,9.530,2398,,,-0.7292,hfq
1995-04-19,9.790,10.250,9.680,10.200,18146,,,7.0304,hfq
1995-04-20,10.320,10.500,10.240,10.450,16121,,,2.4510,hfq
1995-04-21,10.450,10.480,10.250,10.310,13194,,,-1.3397,hfq
1995-04-24,10.250,10.300,10.000,10.100,8315,,,-2.0369,hfq
1995-04-25,10.100,10.580,10.100,10.480,11568,,,3.7624,hfq
1995-04-26,10.570,10.600,10.020,10.050,9779,,,-4.1031,hfq
1995-04-27,9.580,10.280,8.940,9.680,23559,,,-3.6816,hfq
1995-04-28,9.800,9.980,9.600,9.910,10170,,,2.3760,hfq
1995-05-02,9.890,9.960,9.800,9.910,3124,,,0.0000,hfq
1995-05-03,9.900,10.080,9.800,9.890,5961,,,-0.2018,hfq
1995-05-04,9.800,9.980,9.560,9.910,6417,,,0.2022,hfq
1995-05-05,9.800,10.150,9.700,9.940,7972,,,0.3027,hfq
1995-05-08,9.990,9.990,9.780,9.880,1806,,,-0.6036,hfq
1995-05-09,9.880,10.140,9.850,10.100,5027,,,2.2267,hfq
1995-05-10,10.010,10.140,9.650,9.750,5969,,,-3.4653,hfq
1995-05-11,9.930,9.980,9.770,9.880,2487,,,1.3333,hfq
1995-05-12,9.800,10.250,9.800,10.000,8701,,,1.2146,hfq
1995-05-15,10.000,10.150,9.900,10.110,3478,,,1.1000,hfq
1995-05-16,10.090,10.140,9.950,9.980,1923,,,-1.2859,hfq
1995-05-17,9.970,10.050,9.920,10.030,1216,,,0.5010,hfq
1995-05-18,12.800,13.600,11.330,12.900,47390,,,28.6142,hfq
1995-05-19,12.980,14.680,12.580,14.300,43877,,,10.8527,hfq
1995-05-22,15.500,16.000,14.900,15.540,41117,,,8.6713,hfq
1995-05-23,13.800,14.540,12.800,13.150,35941,,,-15.3797,hfq
1995-05-24,13.400,13.700,12.700,13.250,17799,,,0.7605,hfq
1995-05-25,13.410,13.800,12.710,12.810,17021,,,-3.3208,hfq
1995-05-26,12.500,14.980,12.400,13.200,17581,,,3.0445,hfq
1995-05-29,13.320,13.800,13.200,13.500,12375,,,2.2727,hfq
1995-05-30,13.600,13.760,13.200,13.380,6223,,,-0.8889,hfq
1995-05-31,13.020,13.270,12.800,13.000,6474,,,-2.8401,hfq
1995-06-01,13.260,13.260,13.000,13.130,2862,,,1.0000,hfq
1995-06-02,13.200,13.460,13.200,13.350,4866,,,1.6756,hfq
1995-06-05,13.450,13.450,12.800,12.900,4134,,,-3.3708,hfq
1995-06-06,12.660,12.900,12.600,12.900,5225,,,0.0000,hfq
1995-06-07,12.900,13.480,12.820,13.380,3935,,,3.7209,hfq
1995-06-08,13.250,13.400,12.880,12.910,6665,,,-3.5127,hfq
1995-06-09,12.900,13.180,12.900,13.080,2864,,,1.3168,hfq
1995-06-12,12.830,12.980,12.750,12.950,3025,,,-0.9939,hfq
1995-06-13,12.850,12.990,12.760,12.940,2279,,,-0.0772,hfq
1995-06-14,12.920,12.990,12.600,12.680,2184,,,-2.0093,hfq
1995-06-15,12.650,12.680,11.590,11.680,10164,,,-7.8864,hfq
1995-06-16,11.410,11.870,11.380,11.600,4751,,,-0.6849,hfq
1995-06-19,11.470,11.780,11.460,11.680,3469,,,0.6897,hfq
1995-06-20,11.860,12.180,11.700,11.960,8232,,,2.3973,hfq
1995-06-21,11.940,12.350,11.920,12.260,5062,,,2.5084,hfq
1995-06-22,12.250,12.570,12.210,12.330,12049,,,0.5710,hfq
1995-06-23,12.990,12.990,12.400,12.680,21531,,,2.8386,hfq
1995-06-26,12.750,12.780,12.210,12.480,8429,,,-1.5773,hfq
1995-06-27,12.400,12.480,11.710,11.800,14924,,,-5.4487,hfq
1995-06-28,11.600,11.800,11.530,11.680,6843,,,-1.0169,hfq
1995-06-29,11.850,11.890,10.900,11.080,14915,,,-5.1370,hfq
1995-06-30,10.900,11.320,10.740,11.100,16838,,,0.1805,hfq
1995-07-03,10.950,10.982,10.134,10.134,30137,,,-8.7027,hfq
1995-07-04,9.990,10.774,9.974,10.710,12563,,,5.6838,hfq
1995-07-05,10.886,11.766,10.710,11.622,42813,,,8.5154,hfq
1995-07-06,11.622,12.150,11.350,11.702,45482,,,0.6883,hfq
1995-07-07,11.590,12.230,11.366,12.198,30847,,,4.2386,hfq
1995-07-10,12.150,12.294,11.846,11.958,20433,,,-1.9675,hfq
1995-07-11,11.958,12.150,11.350,11.350,14534,,,-5.0845,hfq
1995-07-12,11.286,11.814,11.286,11.558,9700,,,1.8326,hfq
1995-07-13,11.590,11.798,11.590,11.702,6816,,,1.2459,hfq
1995-07-14,11.702,11.750,11.478,11.494,7029,,,-1.7775,hfq
1995-07-17,11.398,12.470,11.286,12.246,33697,,,6.5425,hfq
1995-07-18,12.230,12.358,11.798,11.958,16625,,,-2.3518,hfq
1995-07-19,11.958,12.070,11.430,11.510,18541,,,-3.7464,hfq
1995-07-20,11.270,11.718,11.222,11.526,6112,,,0.1390,hfq
1995-07-21,11.590,11.670,11.494,11.526,5826,,,0.0000,hfq
1995-07-24,11.590,11.942,11.350,11.830,13637,,,2.6375,hfq
1995-07-25,11.830,11.894,11.510,11.590,5606,,,-2.0287,hfq
1995-07-26,11.510,12.486,11.510,11.782,37259,,,1.6566,hfq
1995-07-27,11.590,12.038,11.590,12.038,8876,,,2.1728,hfq
1995-07-28,12.070,12.150,11.830,11.958,7446,,,-0.6646,hfq
1995-07-31,11.958,12.070,11.846,11.878,4736,,,-0.6690,hfq
1995-08-01,11.830,12.310,11.782,12.262,16008,,,3.2329,hfq
1995-08-02,12.422,13.142,12.230,12.230,46910,,,-0.2610,hfq
1995-08-03,12.422,12.518,12.310,12.486,16062,,,2.0932,hfq
1995-08-04,12.566,12.790,12.518,12.678,20190,,,1.5377,hfq
1995-08-07,12.790,13.302,12.726,13.206,38728,,,4.1647,hfq
1995-08-08,13.270,13.318,12.566,12.870,23827,,,-2.5443,hfq
1995-08-09,12.838,12.870,12.470,12.806,15834,,,-0.4973,hfq
1995-08-10,12.710,13.030,12.518,12.870,24294,,,0.4998,hfq
1995-08-11,12.790,13.126,12.550,12.710,17559,,,-1.2432,hfq
1995-08-14,12.710,14.390,12.486,13.910,36014,,,9.4414,hfq
1995-08-15,13.894,13.894,12.486,12.998,26587,,,-6.5564,hfq
1995-08-16,12.886,13.014,12.806,12.998,12644,,,0.0000,hfq
1995-08-17,13.350,13.494,12.710,12.934,10243,,,-0.4924,hfq
1995-08-18,12.870,13.190,12.070,12.838,10367,,,-0.7422,hfq
1995-08-21,12.710,12.710,12.246,12.358,5796,,,-3.7389,hfq
1995-08-22,12.390,12.486,12.230,12.262,4259,,,-0.7768,hfq
1995-08-23,12.294,12.518,12.230,12.518,5516,,,2.0878,hfq
1995-08-24,12.454,12.454,12.118,12.374,2849,,,-1.1503,hfq
1995-08-25,12.230,12.294,12.198,12.230,3356,,,-1.1637,hfq
1995-08-28,12.214,12.214,12.038,12.102,2105,,,-1.0466,hfq
1995-08-29,12.070,12.390,11.942,12.038,2720,,,-0.5288,hfq
1995-08-30,12.006,12.134,11.910,11.942,2364,,,-0.7975,hfq
1995-08-31,11.926,12.070,11.670,11.974,2659,,,0.2680,hfq
1995-09-01,11.830,12.182,11.830,11.974,2193,,,0.0000,hfq
1995-09-04,11.942,12.230,11.878,12.118,3203,,,1.2026,hfq
1995-09-05,12.118,12.534,12.070,12.198,7644,,,0.6602,hfq
1995-09-06,12.102,12.358,11.910,12.262,4325,,,0.5247,hfq
1995-09-07,12.422,12.518,12.150,12.166,5148,,,-0.7829,hfq
1995-09-08,12.166,12.214,11.910,12.054,2384,,,-0.9206,hfq
1995-09-11,12.070,12.278,11.958,12.230,3600,,,1.4601,hfq
1995-09-12,12.390,12.790,11.990,12.070,4608,,,-1.3083,hfq
1995-09-13,12.278,12.278,11.910,11.942,2745,,,-1.0605,hfq
1995-09-14,11.910,11.974,11.750,11.830,4594,,,-0.9379,hfq
1995-09-15,11.814,11.910,11.718,11.814,3240,,,-0.1352,hfq
1995-09-18,11.766,11.782,11.590,11.638,1815,,,-1.4898,hfq
1995-09-19,11.654,11.718,11.446,11.542,3645,,,-0.8249,hfq
1995-09-20,11.430,11.430,11.286,11.398,2175,,,-1.2476,hfq
1995-09-21,11.446,11.718,11.398,11.494,1444,,,0.8423,hfq
1995-09-22,11.494,11.510,11.350,11.414,1530,,,-0.6960,hfq
1995-09-25,11.398,11.430,11.190,11.270,1226,,,-1.2616,hfq
1995-09-26,11.238,11.334,11.238,11.270,1050,,,0.0000,hfq
1995-09-27,11.158,11.206,10.806,10.950,3228,,,-2.8394,hfq
1995-09-28,10.950,11.254,10.630,10.742,2114,,,-1.8995,hfq
1995-09-29,10.790,11.110,10.742,11.014,1791,,,2.5321,hfq
1995-10-04,11.110,11.110,10.902,10.918,798,,,-0.8716,hfq
1995-10-05,10.886,10.966,10.502,10.918,783,,,0.0000,hfq
1995-10-06,10.918,11.334,10.790,10.982,1947,,,0.5862,hfq
1995-10-09,10.870,10.870,10.326,10.630,1646,,,-3.2052,hfq
1995-10-10,10.630,10.918,10.486,10.566,1970,,,-0.6021,hfq
1995-10-11,10.550,10.550,10.310,10.406,3027,,,-1.5143,hfq
1995-10-12,10.390,10.486,10.198,10.326,3773,,,-0.7688,hfq
1995-10-13,10.278,10.918,10.278,10.534,3650,,,2.0143,hfq
1995-10-16,10.566,10.774,10.566,10.678,2182,,,1.3670,hfq
1995-10-17,10.790,10.902,10.630,10.678,1171,,,0.0000,hfq
1995-10-18,10.742,10.774,10.662,10.742,2175,,,0.5994,hfq
1995-10-19,10.854,10.854,10.470,10.486,2027,,,-2.3832,hfq
1995-10-20,10.390,11.142,10.310,11.030,3003,,,5.1879,hfq
1995-10-23,11.078,11.430,10.710,11.206,6708,,,1.5956,hfq
1995-10-24,11.270,11.350,10.982,11.046,2616,,,-1.4278,hfq
1995-10-25,11.846,12.198,11.318,11.718,10406,,,6.0837,hfq
1995-10-26,11.590,11.638,11.046,11.110,4230,,,-5.1886,hfq
1995-10-27,10.678,10.950,10.678,10.822,2916,,,-2.5923,hfq
1995-10-30,10.390,10.774,10.390,10.710,1704,,,-1.0349,hfq
1995-10-31,10.790,11.350,10.710,10.854,1526,,,1.3445,hfq
1995-11-01,10.790,10.934,10.710,10.902,1526,,,0.4422,hfq
1995-11-02,10.758,11.078,10.758,10.838,744,,,-0.5870,hfq
1995-11-03,10.790,10.998,10.790,10.966,1287,,,1.1810,hfq
1995-11-06,11.046,11.174,10.950,11.110,2132,,,1.3131,hfq
1995-11-07,11.334,11.350,10.966,11.078,1686,,,-0.2880,hfq
1995-11-08,10.550,10.950,10.550,10.886,1194,,,-1.7332,hfq
1995-11-09,10.790,10.918,10.726,10.822,1112,,,-0.5879,hfq
1995-11-10,10.886,10.886,10.630,10.678,1420,,,-1.3306,hfq
1995-11-13,10.630,10.662,10.470,10.534,1294,,,-1.3486,hfq
1995-11-14,10.310,10.566,10.310,10.534,768,,,0.0000,hfq
1995-11-15,10.534,10.838,10.358,10.518,915,,,-0.1519,hfq
1995-11-16,10.550,10.790,10.502,10.502,566,,,-0.1521,hfq
1995-11-17,10.390,10.598,10.390,10.454,632,,,-0.4571,hfq
1995-11-20,10.390,10.502,10.390,10.470,470,,,0.1531,hfq
1995-11-21,10.566,10.582,10.470,10.502,390,,,0.3056,hfq
1995-11-22,10.502,10.550,10.342,10.358,779,,,-1.3712,hfq
1995-11-23,10.310,10.390,10.230,10.246,1089,,,-1.0813,hfq
1995-11-24,10.246,10.342,10.150,10.294,1777,,,0.4685,hfq
1995-11-27,10.246,10.390,10.230,10.246,1006,,,-0.4663,hfq
1995-11-28,10.310,10.470,10.278,10.374,1061,,,1.2493,hfq
1995-11-29,10.278,10.310,10.150,10.150,918,,,-2.1592,hfq
1995-11-30,10.230,10.390,10.038,10.150,1858,,,0.0000,hfq
1995-12-01,10.150,10.150,10.054,10.118,1143,,,-0.3153,hfq
1995-12-04,10.070,10.950,9.990,10.118,752,,,0.0000,hfq
1995-12-05,10.118,10.166,10.006,10.102,660,,,-0.1581,hfq
1995-12-06,10.022,10.086,9.942,9.958,901,,,-1.4255,hfq
1995-12-07,9.942,10.150,9.814,9.990,726,,,0.3213,hfq
1995-12-08,10.070,10.390,10.070,10.150,684,,,1.6016,hfq
1995-12-11,10.150,10.150,9.830,9.846,815,,,-2.9951,hfq
1995-12-12,9.830,10.310,9.590,10.198,1750,,,3.5751,hfq
1995-12-13,10.150,10.198,9.830,9.894,870,,,-2.9810,hfq
1995-12-14,9.654,10.054,9.654,9.862,567,,,-0.3234,hfq
1995-12-15,9.766,9.910,9.750,9.814,499,,,-0.4867,hfq
1995-12-18,9.654,9.654,9.510,9.558,695,,,-2.6085,hfq
1995-12-19,9.558,9.814,9.558,9.590,451,,,0.3348,hfq
1995-12-20,9.766,9.766,9.606,9.686,256,,,1.0010,hfq
1995-12-21,9.702,9.830,9.510,9.622,430,,,-0.6607,hfq
1995-12-22,9.558,9.670,9.510,9.574,565,,,-0.4989,hfq
1995-12-25,9.446,9.590,9.350,9.350,804,,,-2.3397,hfq
1995-12-26,9.350,9.462,9.190,9.222,534,,,-1.3690,hfq
1995-12-27,9.174,9.222,8.582,8.966,699,,,-2.7760,hfq
1995-12-28,9.030,9.030,8.870,8.870,931,,,-1.0707,hfq
1995-12-29,8.806,8.950,8.710,8.742,1239,,,-1.4431,hfq
1996-01-02,8.790,9.190,8.710,8.902,4620,,,1.8302,hfq
1996-01-03,8.790,8.806,8.550,8.710,1468,,,-2.1568,hfq
1996-01-04,8.742,8.870,8.262,8.870,957,,,1.8370,hfq
1996-01-05,8.950,9.078,8.566,8.566,2121,,,-3.4273,hfq
1996-01-08,8.550,8.566,8.310,8.486,986,,,-0.9339,hfq
1996-01-09,8.870,8.870,8.486,8.790,1731,,,3.5824,hfq
1996-01-10,8.694,8.694,8.470,8.630,1154,,,-1.8203,hfq
1996-01-11,8.550,8.870,8.550,8.662,858,,,0.3708,hfq
1996-01-12,8.662,8.678,8.566,8.630,682,,,-0.3694,hfq
1996-01-15,8.566,8.694,8.566,8.630,569,,,0.0000,hfq
1996-01-16,8.790,8.790,8.614,8.614,493,,,-0.1854,hfq
1996-01-17,8.582,8.710,8.486,8.486,679,,,-1.4860,hfq
1996-01-18,8.470,8.550,7.766,8.070,1178,,,-4.9022,hfq
1996-01-19,8.070,8.118,7.990,8.118,951,,,0.5948,hfq
1996-01-22,7.990,8.070,7.910,8.006,436,,,-1.3797,hfq
1996-01-23,8.070,8.102,8.022,8.022,440,,,0.1999,hfq
1996-01-24,8.166,8.166,8.006,8.006,414,,,-0.1995,hfq
1996-01-25,8.150,8.310,7.990,7.990,1045,,,-0.1999,hfq
1996-01-26,7.910,8.182,7.830,8.182,1344,,,2.4030,hfq
1996-01-29,8.070,8.278,8.070,8.246,1090,,,0.7822,hfq
1996-01-30,8.262,8.262,7.990,8.102,619,,,-1.7463,hfq
1996-01-31,8.038,8.230,8.038,8.118,997,,,0.1975,hfq
1996-02-01,8.150,8.150,8.070,8.118,707,,,0.0000,hfq
1996-02-02,8.230,8.310,8.118,8.214,965,,,1.1826,hfq
1996-02-05,8.150,8.262,7.910,8.038,814,,,-2.1427,hfq
1996-02-06,8.070,8.070,7.910,7.958,499,,,-0.9953,hfq
1996-02-07,8.102,8.102,7.974,7.974,171,,,0.2011,hfq
1996-02-08,7.958,8.118,7.942,7.990,190,,,0.2007,hfq
1996-02-09,8.070,8.118,8.038,8.070,313,,,1.0013,hfq
1996-02-12,7.926,8.198,7.926,8.150,319,,,0.9913,hfq
1996-02-13,8.118,8.214,8.118,8.198,391,,,0.5890,hfq
1996-02-14,8.198,8.278,8.150,8.230,459,,,0.3903,hfq
1996-02-15,8.230,8.358,8.182,8.342,804,,,1.3609,hfq
1996-02-16,8.342,8.742,8.246,8.694,2503,,,4.2196,hfq
1996-03-04,9.030,9.958,9.030,9.590,4781,,,10.3060,hfq
1996-03-05,9.590,9.654,9.030,9.110,3840,,,-5.0052,hfq
1996-03-06,9.046,9.078,8.710,8.742,2041,,,-4.0395,hfq
1996-03-07,8.710,8.790,8.582,8.790,1059,,,0.5491,hfq
1996-03-08,8.742,8.998,8.710,8.870,943,,,0.9101,hfq
1996-03-11,8.870,9.014,8.854,8.902,1239,,,0.3608,hfq
1996-03-12,8.870,8.870,8.710,8.774,878,,,-1.4379,hfq
1996-03-13,8.710,8.854,8.710,8.838,421,,,0.7294,hfq
1996-03-14,8.710,8.838,8.598,8.790,268,,,-0.5431,hfq
1996-03-15,8.790,8.838,8.678,8.790,472,,,0.0000,hfq
1996-03-18,8.870,8.870,8.726,8.822,474,,,0.3641,hfq
1996-03-19,8.822,8.950,8.790,8.822,502,,,0.0000,hfq
1996-03-20,8.870,8.918,8.838,8.854,368,,,0.3627,hfq
1996-03-21,8.774,8.918,8.758,8.838,610,,,-0.1807,hfq
1996-03-22,8.790,8.870,8.790,8.838,460,,,0.0000,hfq
1996-03-25,8.790,8.870,8.742,8.838,366,,,0.0000,hfq
1996-03-26,8.854,8.870,8.694,8.710,803,,,-1.4483,hfq
1996-03-27,8.646,8.710,8.550,8.678,567,,,-0.3674,hfq
1996-03-28,8.678,8.710,8.550,8.582,605,,,-1.1062,hfq
1996-03-29,8.358,8.630,8.358,8.630,545,,,0.5593,hfq
1996-04-01,8.870,9.830,8.742,8.790,1875,,,1.8540,hfq
1996-04-02,8.710,8.822,8.630,8.646,593,,,-1.6382,hfq
1996-04-03,8.550,8.710,8.550,8.662,383,,,0.1851,hfq
1996-04-04,8.566,9.110,8.566,8.710,390,,,0.5541,hfq
1996-04-05,8.742,9.030,8.742,8.998,1135,,,3.3065,hfq
1996-04-08,9.030,9.302,8.998,9.158,2093,,,1.7782,hfq
1996-04-09,9.030,9.158,9.030,9.046,1089,,,-1.2230,hfq
1996-04-10,9.030,9.126,9.030,9.078,976,,,0.3537,hfq
1996-04-11,9.062,9.110,9.062,9.094,777,,,0.1763,hfq
1996-04-12,9.110,9.334,9.110,9.190,1027,,,1.0556,hfq
1996-04-15,9.190,9.254,9.126,9.158,865,,,-0.3482,hfq
1996-04-16,9.190,9.350,9.158,9.222,747,,,0.6988,hfq
1996-04-17,9.222,9.382,9.222,9.302,1758,,,0.8675,hfq
1996-04-18,9.190,9.350,9.190,9.350,827,,,0.5160,hfq
1996-04-19,9.350,9.670,9.350,9.670,3558,,,3.4225,hfq
1996-04-22,9.830,10.470,9.030,9.830,6885,,,1.6546,hfq
1996-04-23,9.830,10.102,9.670,9.990,3121,,,1.6277,hfq
1996-04-24,10.326,10.630,10.310,10.630,9134,,,6.4064,hfq
1996-04-25,10.886,11.110,10.150,10.390,8064,,,-2.2578,hfq
1996-04-26,10.358,12.550,10.358,11.558,14548,,,11.2416,hfq
1996-04-29,12.182,12.550,11.574,11.990,13148,,,3.7377,hfq
1996-04-30,11.990,11.990,9.478,11.110,9393,,,-7.3394,hfq
1996-05-02,11.878,11.990,10.470,10.470,6063,,,-5.7606,hfq
1996-05-03,10.470,10.774,10.166,10.246,3137,,,-2.1394,hfq
1996-05-07,10.774,11.110,10.630,10.630,6085,,,3.7478,hfq
1996-05-08,10.598,10.710,10.406,10.518,1177,,,-1.0536,hfq
1996-05-09,10.310,10.774,10.310,10.518,2218,,,0.0000,hfq
1996-05-10,10.710,10.710,10.166,10.438,1348,,,-0.7606,hfq
1996-05-13,10.470,10.710,10.438,10.470,1453,,,0.3066,hfq
1996-05-14,10.598,10.662,10.438,10.438,1365,,,-0.3056,hfq
1996-05-15,10.454,10.630,10.182,10.566,1386,,,1.2263,hfq
1996-05-16,10.726,10.822,10.630,10.678,2950,,,1.0600,hfq
1996-05-17,10.630,11.270,10.150,11.046,2811,,,3.4463,hfq
1996-05-20,11.270,11.430,10.326,10.918,5325,,,-1.1588,hfq
1996-05-21,10.950,10.950,10.390,10.438,2459,,,-4.3964,hfq
1996-05-22,10.406,10.614,10.278,10.406,1796,,,-0.3066,hfq
1996-05-23,10.342,10.390,10.006,10.054,2120,,,-3.3827,hfq
1996-05-24,10.038,10.118,9.526,9.878,1442,,,-1.7505,hfq
1996-05-27,9.670,9.830,9.670,9.782,868,,,-0.9719,hfq
1996-05-28,9.910,9.910,9.718,9.830,668,,,0.4907,hfq
1996-05-29,9.862,9.910,9.798,9.878,970,,,0.4883,hfq
1996-05-30,9.734,9.862,9.670,9.846,287,,,-0.3240,hfq
1996-05-31,10.790,10.790,10.070,10.118,831,,,2.7625,hfq
1996-06-03,10.134,10.150,9.830,9.862,1359,,,-2.5301,hfq
1996-06-04,9.910,10.086,9.798,9.958,1679,,,0.9734,hfq
1996-06-05,10.086,10.534,9.990,10.470,3302,,,5.1416,hfq
1996-06-06,10.779,10.779,9.670,10.339,3765,,,-1.2512,hfq
1996-06-07,10.392,10.638,10.392,10.550,6142,,,2.0408,hfq
1996-06-10,10.585,10.832,10.585,10.832,6673,,,2.6730,hfq
1996-06-11,10.814,11.430,10.726,11.043,8432,,,1.9479,hfq
1996-06-12,11.078,11.395,10.867,10.920,5765,,,-1.1138,hfq
1996-06-13,10.937,11.254,10.603,10.937,2922,,,0.1557,hfq
1996-06-14,10.990,11.113,10.814,10.920,5418,,,-0.1554,hfq
1996-06-17,10.902,10.920,10.515,10.532,2327,,,-3.5531,hfq
1996-06-18,10.216,10.902,10.216,10.708,2510,,,1.6711,hfq
1996-06-19,10.726,11.342,10.691,10.832,8240,,,1.1580,hfq
1996-06-20,10.902,10.902,9.864,10.673,2313,,,-1.4679,hfq
1996-06-21,11.043,11.043,10.550,10.620,2029,,,-0.4966,hfq
1996-06-24,10.638,10.726,10.462,10.480,2563,,,-1.3183,hfq
1996-06-25,10.163,10.409,9.934,10.339,2105,,,-1.3454,hfq
1996-06-26,10.198,10.603,10.198,10.550,2154,,,2.0408,hfq
1996-06-27,10.568,10.638,10.286,10.374,2574,,,-1.6682,hfq
1996-06-28,10.374,10.550,10.110,10.233,2764,,,-1.3592,hfq
1996-07-01,9.670,10.198,9.670,9.793,2720,,,-4.2998,hfq
1996-07-02,9.846,9.881,9.670,9.776,1555,,,-0.1736,hfq
1996-07-03,9.723,9.881,9.670,9.776,2378,,,0.0000,hfq
1996-07-04,9.670,9.811,9.459,9.459,2737,,,-3.2426,hfq
1996-07-05,9.406,9.934,9.353,9.811,3379,,,3.7213,hfq
1996-07-08,9.811,9.934,8.984,9.459,2441,,,-3.5878,hfq
1996-07-09,9.494,9.670,9.195,9.336,2417,,,-1.3003,hfq
1996-07-10,9.371,9.811,9.265,9.670,4017,,,3.5775,hfq
1996-07-11,9.969,10.110,9.723,9.864,4748,,,2.0062,hfq
1996-07-12,9.670,9.758,9.441,9.652,2068,,,-2.1492,hfq
1996-07-15,9.670,9.705,9.406,9.582,2672,,,-0.7252,hfq
1996-07-16,9.494,10.163,9.494,10.092,5014,,,5.3225,hfq
1996-07-17,10.163,10.374,9.846,9.864,5580,,,-2.2592,hfq
1996-07-18,9.881,10.022,9.811,9.881,2322,,,0.1723,hfq
1996-07-19,9.881,10.867,9.881,10.550,13855,,,6.7706,hfq
1996-07-22,11.078,12.292,11.078,11.676,26662,,,10.6730,hfq
1996-07-23,11.782,11.958,11.078,11.236,11507,,,-3.7684,hfq
1996-07-24,11.166,11.588,11.166,11.236,5834,,,0.0000,hfq
1996-07-25,11.324,11.606,10.920,11.025,6750,,,-1.8779,hfq
1996-07-26,10.744,10.990,10.585,10.638,5436,,,-3.5102,hfq
1996-07-29,10.462,10.814,10.374,10.726,3385,,,0.8272,hfq
1996-07-30,10.726,11.043,10.550,10.550,3395,,,-1.6409,hfq
1996-07-31,10.304,10.550,10.286,10.286,2640,,,-2.5024,hfq
1996-08-01,10.163,10.867,10.163,10.568,3115,,,2.7416,hfq
1996-08-02,10.744,10.744,10.392,10.550,2807,,,-0.1703,hfq
1996-08-05,10.726,11.923,10.409,11.641,13254,,,10.3412,hfq
1996-08-06,11.606,11.606,10.744,11.078,8336,,,-4.8364,hfq
1996-08-07,11.254,11.254,10.902,11.060,5331,,,-0.1625,hfq
1996-08-08,11.078,11.166,10.832,10.902,3878,,,-1.4286,hfq
1996-08-09,10.814,11.518,10.814,11.254,11101,,,3.2288,hfq
1996-08-12,11.395,11.782,11.342,11.694,17250,,,3.9097,hfq
1996-08-13,11.606,11.606,11.254,11.465,7245,,,-1.9583,hfq
1996-08-14,11.465,11.676,11.395,11.430,5331,,,-0.3053,hfq
1996-08-15,11.430,11.641,11.412,11.430,6949,,,0.0000,hfq
1996-08-16,9.318,12.222,9.318,11.694,24735,,,2.3097,hfq
1996-08-19,11.712,12.662,11.659,12.433,51220,,,6.3195,hfq
1996-08-20,12.486,12.539,11.606,12.187,29275,,,-1.9786,hfq
1996-08-21,12.099,13.049,12.099,12.310,46987,,,1.0093,hfq
1996-08-22,12.328,12.433,11.606,11.624,20047,,,-5.5727,hfq
1996-08-23,11.624,11.764,10.761,11.078,16560,,,-4.6972,hfq
1996-08-26,10.884,11.377,10.638,10.990,8204,,,-0.7944,hfq
1996-08-27,10.902,11.712,10.902,11.676,14325,,,6.2420,hfq
1996-08-28,11.676,12.028,11.219,11.465,13634,,,-1.8071,hfq
1996-08-29,11.465,11.553,11.078,11.395,9518,,,-0.6106,hfq
1996-08-30,11.360,11.888,11.254,11.764,20172,,,3.2383,hfq
1996-09-02,11.782,11.782,11.096,11.448,7667,,,-2.6862,hfq
1996-09-03,11.430,11.747,11.219,11.395,7441,,,-0.4630,hfq
1996-09-04,11.518,11.536,11.166,11.377,5804,,,-0.1580,hfq
1996-09-05,11.448,12.046,11.166,11.395,10339,,,0.1582,hfq
1996-09-06,11.395,11.395,11.008,11.043,6234,,,-3.0891,hfq
1996-09-09,11.043,11.782,10.832,11.747,19725,,,6.3751,hfq
1996-09-10,11.782,11.835,11.078,11.096,15829,,,-5.5418,hfq
1996-09-11,11.254,11.342,10.849,11.131,3326,,,0.3154,hfq
1996-09-12,11.307,11.412,10.796,10.832,3997,,,-2.6862,hfq
1996-09-13,10.779,11.060,10.726,11.025,2832,,,1.7818,hfq
1996-09-16,11.131,11.166,10.761,10.920,2459,,,-0.9524,hfq
1996-09-17,11.254,11.254,10.814,10.955,2339,,,0.3205,hfq
1996-09-18,10.955,11.008,10.568,10.568,2450,,,-3.5326,hfq
1996-09-19,10.568,10.726,10.550,10.726,2608,,,1.4951,hfq
1996-09-20,10.849,11.166,10.691,11.166,3296,,,4.1022,hfq
1996-09-23,11.166,11.606,11.166,11.606,15411,,,3.9405,hfq
1996-09-24,11.747,11.817,11.395,11.430,11243,,,-1.5165,hfq
1996-09-25,11.553,11.606,10.990,11.131,4622,,,-2.6159,hfq
1996-09-26,11.166,11.430,10.867,11.219,5486,,,0.7906,hfq
1996-09-27,11.219,11.606,11.166,11.342,6085,,,1.0964,hfq
1996-10-03,11.606,11.729,11.342,11.342,7333,,,0.0000,hfq
1996-10-04,11.395,11.624,11.219,11.571,6477,,,2.0190,hfq
1996-10-07,11.606,11.993,11.588,11.782,13040,,,1.8235,hfq
1996-10-08,11.747,11.870,11.641,11.694,8824,,,-0.7469,hfq
1996-10-09,11.747,11.870,11.342,11.430,5155,,,-2.2576,hfq
1996-10-10,11.430,12.064,11.430,12.046,24869,,,5.3893,hfq
1996-10-11,12.134,12.363,11.870,11.923,15257,,,-1.0211,hfq
1996-10-14,11.958,12.222,11.835,12.099,11487,,,1.4761,hfq
1996-10-15,12.099,12.204,11.747,11.817,10216,,,-2.3308,hfq
1996-10-16,11.923,12.046,11.676,11.747,6905,,,-0.5924,hfq
1996-10-17,11.782,11.958,11.571,11.940,7721,,,1.6430,hfq
1996-10-18,11.940,12.064,11.571,11.659,7704,,,-2.3534,hfq
1996-10-21,11.694,11.923,11.659,11.764,7668,,,0.9006,hfq
1996-10-22,11.782,12.451,11.483,11.993,10423,,,1.9466,hfq
1996-10-23,12.134,12.768,12.134,12.732,27283,,,6.1619,hfq
1996-10-24,12.838,12.996,12.398,12.486,19675,,,-1.9321,hfq
1996-10-25,12.750,12.820,12.310,12.803,16666,,,2.5388,hfq
1996-10-28,12.486,13.155,12.345,13.049,19253,,,1.9214,hfq
1996-10-29,13.190,13.366,12.662,12.697,17207,,,-2.6975,hfq
1996-10-30,12.627,12.838,11.694,11.747,11448,,,-7.4821,hfq
1996-10-31,11.870,12.028,11.747,11.870,8229,,,1.0471,hfq
1996-11-01,11.430,11.712,11.043,11.236,7494,,,-5.3412,hfq
1996-11-04,11.342,11.712,11.254,11.606,4190,,,3.2930,hfq
1996-11-05,11.500,11.694,11.342,11.395,3411,,,-1.8180,hfq
1996-11-06,11.395,11.606,11.166,11.254,2572,,,-1.2374,hfq
1996-11-07,11.395,11.430,11.254,11.395,1852,,,1.2529,hfq
1996-11-08,11.395,11.606,11.342,11.536,2467,,,1.2374,hfq
1996-11-11,11.606,11.852,11.536,11.800,3610,,,2.2885,hfq
1996-11-12,11.852,11.852,11.571,11.659,3539,,,-1.1949,hfq
1996-11-13,11.694,11.694,11.518,11.659,4312,,,0.0000,hfq
1996-11-14,11.923,11.923,11.606,11.694,4375,,,0.3002,hfq
1996-11-15,11.659,11.782,11.518,11.606,4547,,,-0.7525,hfq
1996-11-18,11.571,12.275,11.430,12.222,7908,,,5.3076,hfq
1996-11-19,12.451,12.838,12.240,12.416,16374,,,1.5873,hfq
1996-11-20,12.275,12.398,12.028,12.292,8432,,,-0.9987,hfq
1996-11-21,12.398,12.451,11.430,11.430,7948,,,-7.0127,hfq
1996-11-22,11.219,11.430,11.166,11.430,5251,,,0.0000,hfq
1996-11-25,11.430,11.747,11.342,11.747,5221,,,2.7734,hfq
1996-11-26,11.782,11.905,11.483,11.747,4291,,,0.0000,hfq
1996-11-27,11.676,12.011,11.536,11.817,4978,,,0.5959,hfq
1996-11-28,11.923,12.310,11.782,12.134,11357,,,2.6826,hfq
1996-11-29,12.222,13.507,12.169,13.208,45210,,,8.8512,hfq
1996-12-02,13.683,15.214,13.683,14.950,51231,,,13.1890,hfq
1996-12-03,15.443,15.795,13.929,14.228,40246,,,-4.8294,hfq
1996-12-04,14.334,16.710,14.334,16.640,48952,,,16.9525,hfq
1996-12-05,17.027,17.414,16.358,16.974,49543,,,2.0072,hfq
1996-12-06,16.710,17.836,15.003,17.326,34052,,,2.0738,hfq
1996-12-09,17.590,18.276,17.502,17.854,32671,,,3.0474,hfq
1996-12-10,17.590,17.590,16.622,17.027,29368,,,-4.6320,hfq
1996-12-11,16.710,17.238,16.534,16.974,22173,,,-0.3113,hfq
1996-12-12,17.062,17.238,15.760,15.760,18461,,,-7.1521,hfq
1996-12-13,15.654,15.760,14.123,14.158,15984,,,-10.1650,hfq
1996-12-16,12.662,12.662,12.662,12.662,4319,,,-10.5665,hfq
1996-12-17,11.307,12.310,11.307,11.307,21878,,,-10.7013,hfq
1996-12-18,11.254,12.521,11.166,12.521,25103,,,10.7367,hfq
1996-12-19,12.486,13.507,11.342,12.486,30020,,,-0.2795,hfq
1996-12-20,11.958,13.507,11.624,13.366,65117,,,7.0479,hfq
1996-12-23,13.507,13.859,12.680,13.419,43410,,,0.3965,hfq
1996-12-24,13.419,13.472,12.046,12.134,23136,,,-9.5760,hfq
1996-12-25,12.134,13.014,11.958,12.768,13045,,,5.2250,hfq
1996-12-26,12.926,13.454,12.504,13.454,20482,,,5.3728,hfq
1996-12-27,13.331,13.630,12.996,13.401,22944,,,-0.3939,hfq
1996-12-30,13.824,14.017,13.348,13.507,18384,,,0.7910,hfq
1996-12-31,13.560,13.683,12.873,12.979,11145,,,-3.9091,hfq
1997-01-02,13.120,13.366,12.838,12.961,7854,,,-0.1387,hfq
1997-01-03,13.172,13.190,12.486,12.592,9840,,,-2.8470,hfq
1997-01-06,12.504,12.504,11.958,11.958,8201,,,-5.0349,hfq
1997-01-07,11.923,12.592,11.923,12.398,5986,,,3.6795,hfq
1997-01-08,12.310,12.468,11.993,12.310,5449,,,-0.7098,hfq
1997-01-09,12.222,12.574,12.222,12.310,4526,,,0.0000,hfq
1997-01-10,12.398,13.102,12.398,13.067,15981,,,6.1495,hfq
1997-01-13,13.190,13.436,13.014,13.067,13206,,,0.0000,hfq
1997-01-14,13.067,13.067,12.486,12.574,9091,,,-3.7729,hfq
1997-01-15,12.574,12.803,12.486,12.644,9410,,,0.5567,hfq
1997-01-16,12.627,12.697,12.240,12.310,15678,,,-2.6416,hfq
1997-01-17,11.837,12.273,11.837,12.128,8051,,,-1.4785,hfq
1997-01-20,12.128,12.273,11.961,12.128,4791,,,0.0000,hfq
1997-01-21,12.211,12.232,11.920,12.024,4154,,,-0.8575,hfq
1997-01-22,12.045,12.190,12.003,12.128,3542,,,0.8649,hfq
1997-01-23,12.190,12.336,12.086,12.252,4676,,,1.0224,hfq
1997-01-24,12.252,12.439,12.128,12.315,4951,,,0.5142,hfq
1997-01-27,12.502,12.647,12.356,12.606,8731,,,2.3630,hfq
1997-01-28,12.647,12.959,12.647,12.793,7805,,,1.4834,hfq
1997-01-29,12.813,13.125,12.710,12.897,8822,,,0.8129,hfq
1997-01-30,12.897,12.897,12.626,12.751,6633,,,-1.1320,hfq
1997-01-31,12.668,12.751,12.647,12.730,7290,,,-0.1647,hfq
1997-02-17,12.793,12.959,12.730,12.917,4819,,,1.4690,hfq
1997-02-18,12.855,13.042,11.421,11.421,9974,,,-11.5816,hfq
1997-02-19,12.086,12.543,11.712,12.523,9104,,,9.6489,hfq
1997-02-20,11.068,12.336,11.068,12.294,11387,,,-1.8286,hfq
1997-02-21,12.294,13.375,12.294,13.354,32298,,,8.6221,hfq
1997-02-24,13.686,14.517,13.645,13.749,43280,,,2.9579,hfq
1997-02-25,13.499,14.414,13.499,14.019,19936,,,1.9638,hfq
1997-02-26,14.019,14.393,13.873,14.206,16900,,,1.3339,hfq
1997-02-27,14.206,14.372,13.832,13.998,11879,,,-1.4642,hfq
1997-02-28,13.956,14.206,13.333,14.123,10663,,,0.8930,hfq
1997-03-03,13.915,14.601,13.915,14.580,20849,,,3.2359,hfq
1997-03-04,14.517,15.660,14.310,15.328,36268,,,5.1303,hfq
1997-03-05,15.453,15.598,14.705,14.705,23260,,,-4.0645,hfq
1997-03-06,14.621,15.286,14.455,15.266,21648,,,3.8150,hfq
1997-03-07,15.349,15.536,14.954,15.141,18633,,,-0.8188,hfq
1997-03-10,15.203,15.411,15.037,15.141,19331,,,0.0000,hfq
1997-03-11,15.245,15.432,15.099,15.307,21261,,,1.0964,hfq
1997-03-12,15.307,15.370,14.995,15.349,15402,,,0.2744,hfq
1997-03-13,15.411,16.284,14.829,16.138,22599,,,5.1404,hfq
1997-03-14,16.034,16.034,15.307,15.660,16054,,,-2.9620,hfq
1997-03-17,15.868,15.868,15.349,15.744,17645,,,0.5364,hfq
1997-03-18,15.744,15.806,14.995,15.328,18158,,,-2.6423,hfq
1997-03-19,15.370,15.660,15.203,15.266,14007,,,-0.4045,hfq
1997-03-20,15.286,15.972,15.141,15.245,27679,,,-0.1376,hfq
1997-03-21,15.349,16.970,15.349,16.970,65225,,,11.3152,hfq
1997-03-24,17.219,17.905,16.699,16.866,58824,,,-0.6128,hfq
1997-03-25,17.011,17.967,16.949,17.448,41604,,,3.4507,hfq
1997-03-26,17.635,17.739,16.990,17.261,18900,,,-1.0718,hfq
1997-03-27,17.468,18.154,17.074,17.551,25251,,,1.6801,hfq
1997-03-28,17.759,18.050,17.531,17.739,21037,,,1.0712,hfq
1997-03-31,17.988,19.588,17.946,19.235,29791,,,8.4334,hfq
1997-04-01,19.339,19.401,18.736,18.944,19642,,,-1.5129,hfq
1997-04-02,19.401,19.796,19.006,19.068,19347,,,0.6546,hfq
1997-04-03,18.985,19.276,18.383,19.027,17912,,,-0.2150,hfq
1997-04-04,19.027,19.193,18.466,18.778,14626,,,-1.3087,hfq
1997-04-07,18.736,19.027,18.029,18.757,16073,,,-0.1118,hfq
1997-04-08,18.778,19.422,17.946,18.819,20143,,,0.3305,hfq
1997-04-09,18.944,20.897,18.902,20.731,49758,,,10.1599,hfq
1997-04-10,20.793,20.814,19.609,19.733,32273,,,-4.8140,hfq
1997-04-11,19.609,20.606,19.027,20.440,26663,,,3.5828,hfq
1997-04-14,20.232,21.437,19.983,20.440,69083,,,0.0000,hfq
1997-04-15,20.440,21.375,20.191,20.793,31341,,,1.7270,hfq
1997-04-16,21.063,21.209,20.232,20.461,24801,,,-1.5967,hfq
1997-04-17,20.544,21.063,20.232,20.773,27377,,,1.5249,hfq
1997-04-18,20.856,21.063,19.983,20.918,22412,,,0.6980,hfq
1997-04-21,21.271,21.874,21.063,21.479,35601,,,2.6819,hfq
1997-04-22,21.479,21.479,20.648,20.689,22660,,,-3.6780,hfq
1997-04-23,20.856,21.001,20.045,20.398,19830,,,-1.4065,hfq
1997-04-24,20.087,20.398,19.380,19.609,15923,,,-3.8680,hfq
1997-04-25,19.567,20.440,18.674,19.796,22095,,,0.9536,hfq
1997-04-28,18.736,19.193,17.614,17.614,18034,,,-11.0224,hfq
1997-04-29,16.762,17.572,16.492,17.510,12609,,,-0.5904,hfq
1997-04-30,17.635,18.300,17.531,17.614,10298,,,0.5939,hfq
1997-05-05,17.489,17.946,17.219,17.697,12702,,,0.4712,hfq
1997-05-06,17.739,17.926,17.240,17.323,17145,,,-2.1134,hfq
1997-05-07,17.323,19.048,17.323,18.196,16994,,,5.0395,hfq
1997-05-08,18.300,18.300,16.762,16.762,12216,,,-7.8809,hfq
1997-05-09,16.928,17.718,16.554,17.572,12065,,,4.8324,hfq
1997-05-12,17.489,18.300,17.323,18.113,13885,,,3.0788,hfq
1997-05-13,18.154,18.341,17.115,17.489,8154,,,-3.4450,hfq
1997-05-14,17.323,17.468,16.492,16.596,8514,,,-5.1061,hfq
1997-05-15,16.596,16.907,16.076,16.824,6465,,,1.3738,hfq
1997-05-16,14.933,16.284,14.933,14.933,7700,,,-11.2399,hfq
1997-05-19,15.141,15.577,14.725,15.120,4740,,,1.2523,hfq
1997-05-20,15.536,15.536,15.245,15.349,4455,,,1.5146,hfq
1997-05-21,15.328,15.349,14.517,14.621,4875,,,-4.7430,hfq
1997-05-22,13.167,13.998,12.959,12.959,7419,,,-11.3672,hfq
1997-05-23,12.793,13.541,12.710,13.312,4630,,,2.7240,hfq
1997-05-26,13.520,13.665,12.772,13.167,2876,,,-1.0892,hfq
1997-05-27,13.208,13.582,12.959,13.375,3574,,,1.5797,hfq
1997-05-29,13.478,13.645,13.063,13.271,2203,,,-0.7776,hfq
1997-05-30,13.333,13.541,13.084,13.541,2867,,,2.0345,hfq
1997-06-02,13.790,14.372,13.686,14.330,5594,,,5.8267,hfq
1997-06-03,14.227,14.497,13.790,14.164,4863,,,-1.1584,hfq
1997-06-04,14.102,14.954,14.060,14.829,8234,,,4.6950,hfq
1997-06-05,14.808,14.912,14.414,14.497,4981,,,-2.2389,hfq
1997-06-06,13.582,13.582,13.001,13.188,7289,,,-9.0295,hfq
1997-06-09,13.188,13.271,12.917,13.167,2239,,,-0.1592,hfq
1997-06-10,13.665,13.686,12.813,12.834,2271,,,-2.5290,hfq
1997-06-11,12.980,13.167,12.190,12.730,2729,,,-0.8103,hfq
1997-06-12,12.834,13.063,12.606,12.855,1671,,,0.9819,hfq
1997-06-13,12.273,13.167,11.920,13.125,3238,,,2.1004,hfq
1997-06-16,13.271,13.582,13.167,13.375,3820,,,1.9048,hfq
1997-06-17,13.478,13.582,13.084,13.167,2420,,,-1.5551,hfq
1997-06-18,13.125,13.375,12.813,12.855,2673,,,-2.3696,hfq
1997-06-19,12.980,13.063,12.710,12.710,5413,,,-1.1280,hfq
1997-06-20,12.917,13.375,12.855,13.354,3648,,,5.0669,hfq
1997-06-23,13.478,13.790,12.876,13.021,4926,,,-2.4936,hfq
1997-06-24,13.063,13.562,13.063,13.520,5408,,,3.8323,hfq
1997-06-25,13.520,13.998,13.084,13.998,12123,,,3.5355,hfq
1997-06-26,13.790,14.123,13.395,13.582,7261,,,-2.9719,hfq
1997-06-27,13.541,13.686,12.772,12.855,4645,,,-5.3527,hfq
1997-07-02,12.606,12.959,11.504,12.107,3257,,,-5.8187,hfq
1997-07-03,12.024,12.024,11.504,11.546,2752,,,-4.6337,hfq
1997-07-04,11.608,11.961,11.546,11.774,1038,,,1.9747,hfq
1997-07-07,11.774,11.774,10.486,10.694,2507,,,-9.1728,hfq
1997-07-08,10.486,11.047,10.050,10.777,2632,,,0.7761,hfq
1997-07-09,10.777,10.839,10.486,10.652,2339,,,-1.1599,hfq
1997-07-10,10.819,10.943,10.631,10.777,2312,,,1.1735,hfq
1997-07-11,10.777,11.234,10.777,11.193,1957,,,3.8601,hfq
1997-07-14,11.193,11.567,11.089,11.463,2971,,,2.4122,hfq
1997-07-15,11.504,11.587,11.172,11.525,3289,,,0.5409,hfq
1997-07-16,11.525,12.107,11.504,11.650,3532,,,1.0846,hfq
1997-07-17,11.671,11.795,11.234,11.380,2204,,,-2.3176,hfq
1997-07-18,11.463,11.920,11.255,11.878,3323,,,4.3761,hfq
1997-07-21,11.858,12.273,11.608,11.795,3729,,,-0.6988,hfq
1997-07-22,11.608,12.128,11.296,12.065,3280,,,2.2891,hfq
1997-07-23,12.024,12.439,12.024,12.190,6027,,,1.0361,hfq
1997-07-24,11.920,12.232,11.525,11.650,2061,,,-4.4299,hfq
1997-07-25,11.567,11.712,11.359,11.525,2739,,,-1.0730,hfq
1997-07-28,11.525,11.816,11.463,11.463,2123,,,-0.5380,hfq
1997-07-29,11.504,11.774,11.400,11.774,4165,,,2.7131,hfq
1997-07-30,11.878,12.190,11.816,12.128,3796,,,3.0066,hfq
1997-07-31,12.190,12.190,11.816,12.003,2506,,,-1.0307,hfq
1997-08-01,11.961,12.481,11.920,12.419,4324,,,3.4658,hfq
1997-08-04,12.439,13.125,12.273,12.959,6235,,,4.3482,hfq
1997-08-05,12.959,12.959,12.481,12.585,2980,,,-2.8860,hfq
1997-08-06,12.460,12.647,12.024,12.065,2526,,,-4.1319,hfq
1997-08-07,12.003,12.481,11.878,12.481,2612,,,3.4480,hfq
1997-08-08,12.543,12.959,12.398,12.606,4334,,,1.0015,hfq
1997-08-11,12.876,13.894,12.606,13.894,10429,,,10.2174,hfq
1997-08-12,13.229,13.665,12.460,12.647,7149,,,-8.9751,hfq
1997-08-13,12.751,13.271,12.730,13.042,8794,,,3.1233,hfq
1997-08-14,13.063,13.894,12.793,13.894,16922,,,6.5327,hfq
1997-08-15,13.998,14.102,13.063,13.478,12618,,,-2.9941,hfq
1997-08-18,13.562,13.665,13.188,13.645,7466,,,1.2391,hfq
1997-08-19,13.333,13.832,13.333,13.375,6095,,,-1.9787,hfq
1997-08-20,13.437,13.645,13.042,13.250,4187,,,-0.9346,hfq
1997-08-21,13.229,13.520,13.104,13.208,4069,,,-0.3170,hfq
1997-08-22,13.104,13.645,13.104,13.395,4955,,,1.4158,hfq
1997-08-25,13.645,13.728,13.021,13.084,9406,,,-2.3218,hfq
1997-08-26,13.167,13.686,13.063,13.458,13987,,,2.8585,hfq
1997-08-27,13.478,14.580,13.437,14.517,45757,,,7.8689,hfq
1997-08-28,14.517,14.517,13.582,13.936,18680,,,-4.0022,hfq
1997-08-29,13.271,13.936,13.188,13.478,12518,,,-3.2865,hfq
1997-09-01,13.478,13.853,13.271,13.749,8503,,,2.0107,hfq
1997-09-02,13.686,13.790,13.437,13.603,5277,,,-1.0619,hfq
1997-09-03,13.541,13.749,13.375,13.624,5899,,,0.1544,hfq
1997-09-04,13.790,14.372,13.707,14.019,11440,,,2.8993,hfq
1997-09-05,13.894,13.915,13.624,13.645,5936,,,-2.6678,hfq
1997-09-08,13.582,14.040,13.520,13.853,7183,,,1.5244,hfq
1997-09-09,13.728,13.894,13.291,13.375,5815,,,-3.4505,hfq
1997-09-10,13.375,13.749,13.312,13.728,6459,,,2.6393,hfq
1997-09-11,13.790,13.853,13.125,13.167,7972,,,-4.0865,hfq
1997-09-12,13.167,13.375,12.606,12.668,5106,,,-3.7898,hfq
1997-09-15,13.665,13.665,12.439,12.460,3212,,,-1.6419,hfq
1997-09-16,12.917,12.917,12.336,12.419,2324,,,-0.3291,hfq
1997-09-17,12.439,12.606,11.816,12.065,3330,,,-2.8505,hfq
1997-09-18,12.232,12.232,11.961,12.148,1522,,,0.6879,hfq
1997-09-19,12.232,12.398,12.045,12.315,1403,,,1.3747,hfq
1997-09-22,12.315,12.315,11.193,11.193,2838,,,-9.1108,hfq
1997-09-23,10.943,11.213,10.174,10.257,3857,,,-8.3624,hfq
1997-09-24,11.193,11.193,10.611,10.985,4489,,,7.0976,hfq
1997-09-25,11.109,11.380,11.026,11.234,3662,,,2.2667,hfq
1997-09-26,11.255,11.255,10.881,11.130,1814,,,-0.9258,hfq
1997-09-29,11.068,11.068,10.569,10.777,2345,,,-3.1716,hfq
1997-09-30,10.777,11.089,10.777,11.047,1386,,,2.5053,hfq
1997-10-06,10.881,11.068,10.735,11.047,1575,,,0.0000,hfq
1997-10-07,11.006,11.109,10.777,11.109,1111,,,0.5612,hfq
1997-10-08,11.234,11.733,11.193,11.587,2567,,,4.3028,hfq
1997-10-09,11.587,11.587,11.234,11.276,1073,,,-2.6840,hfq
1997-10-10,11.359,11.504,11.255,11.484,1490,,,1.8446,hfq
1997-10-13,11.608,11.608,11.296,11.296,1211,,,-1.6371,hfq
1997-10-14,11.380,11.380,11.089,11.151,1165,,,-1.2836,hfq
1997-10-15,11.317,11.400,11.151,11.296,862,,,1.3003,hfq
1997-10-16,11.400,11.546,11.317,11.504,1716,,,1.8414,hfq
1997-10-17,11.608,11.608,11.359,11.587,2707,,,0.7215,hfq
1997-10-20,11.629,11.920,11.567,11.629,3098,,,0.3625,hfq
1997-10-21,11.816,11.816,11.463,11.567,2232,,,-0.5331,hfq
1997-10-22,11.608,11.671,11.026,11.296,4426,,,-2.3429,hfq
1997-10-23,11.608,11.608,11.151,11.234,2835,,,-0.5489,hfq
1997-10-24,11.193,11.317,11.089,11.213,4358,,,-0.1869,hfq
1997-10-27,11.296,12.190,11.296,12.024,6670,,,7.2327,hfq
1997-10-28,12.024,12.024,11.193,11.213,3388,,,-6.7448,hfq
1997-10-29,11.317,11.754,11.151,11.567,3549,,,3.1570,hfq
1997-10-30,11.712,12.024,11.296,11.317,2792,,,-2.1613,hfq
1997-10-31,11.255,11.691,11.130,11.504,2547,,,1.6524,hfq
1997-11-03,11.712,11.899,11.400,11.608,3624,,,0.9040,hfq
1997-11-04,11.982,12.169,11.650,11.982,6804,,,3.2219,hfq
1997-11-05,12.045,12.751,12.024,12.398,16626,,,3.4719,hfq
1997-11-06,12.543,12.772,12.065,12.148,7910,,,-2.0165,hfq
1997-11-07,12.128,12.336,12.024,12.315,5136,,,1.3747,hfq
1997-11-10,12.460,12.481,11.733,11.816,4315,,,-4.0520,hfq
1997-11-11,11.733,11.816,11.567,11.816,2154,,,0.0000,hfq
1997-11-12,11.961,11.982,11.712,11.712,2527,,,-0.8802,hfq
1997-11-13,11.671,11.920,11.567,11.920,1976,,,1.7760,hfq
1997-11-14,11.920,12.128,11.754,11.899,2468,,,-0.1762,hfq
1997-11-17,12.024,12.024,11.816,11.899,2360,,,0.0000,hfq
1997-11-18,11.712,12.128,11.671,11.816,2831,,,-0.6975,hfq
1997-11-19,12.065,12.336,11.795,12.065,4477,,,2.1073,hfq
1997-11-20,12.128,12.439,11.858,12.024,3696,,,-0.3398,hfq
1997-11-21,11.920,12.460,11.754,12.398,6625,,,3.1104,hfq
1997-11-24,13.084,13.811,12.876,13.811,59127,,,11.3970,hfq
1997-11-25,13.894,14.434,13.520,13.645,42499,,,-1.2019,hfq
1997-11-26,13.645,15.182,13.582,14.829,45696,,,8.6772,hfq
1997-11-27,14.725,15.951,14.538,15.203,48981,,,2.5221,hfq
1997-11-28,15.037,15.868,14.746,15.120,28197,,,-0.5459,hfq
1997-12-01,15.245,15.536,14.767,15.203,18555,,,0.5489,hfq
1997-12-02,15.162,15.411,14.538,14.580,13593,,,-4.0979,hfq
1997-12-03,14.517,14.642,14.102,14.206,12866,,,-2.5652,hfq
1997-12-04,14.206,15.744,14.123,15.349,17806,,,8.0459,hfq
1997-12-05,15.660,15.889,14.975,14.995,15232,,,-2.3063,hfq
1997-12-08,14.975,15.370,14.892,15.328,7118,,,2.2207,hfq
1997-12-09,15.328,15.328,15.037,15.266,5016,,,-0.4045,hfq
1997-12-10,15.307,16.263,15.099,16.201,19508,,,6.1247,hfq
1997-12-11,16.180,16.554,15.868,15.972,16267,,,-1.4135,hfq
1997-12-12,15.993,16.492,15.660,15.744,10133,,,-1.4275,hfq
1997-12-15,15.744,16.097,15.577,15.972,9509,,,1.4482,hfq
1997-12-16,15.764,16.159,14.954,15.162,37830,,,-5.0714,hfq
1997-12-17,14.933,14.933,14.289,14.393,22460,,,-5.0719,hfq
1997-12-18,14.310,14.725,14.310,14.476,9081,,,0.5767,hfq
1997-12-19,14.476,14.580,13.853,14.143,14779,,,-2.3004,hfq
1997-12-22,14.102,14.206,13.354,13.375,14313,,,-5.4302,hfq
1997-12-23,13.271,13.998,13.167,13.894,9651,,,3.8804,hfq
1997-12-24,13.853,13.853,13.375,13.686,5910,,,-1.4970,hfq
1997-12-25,13.665,14.102,13.665,13.977,5267,,,2.1263,hfq
1997-12-26,14.123,14.164,13.811,13.853,6910,,,-0.8872,hfq
1997-12-29,13.686,14.164,13.375,13.853,7440,,,0.0000,hfq
1997-12-30,13.728,14.060,13.728,14.060,5646,,,1.4943,hfq
1997-12-31,14.102,14.829,14.102,14.517,9933,,,3.2504,hfq
1998-01-05,14.663,14.954,14.517,14.601,9312,,,0.5786,hfq
1998-01-06,14.621,14.829,14.310,14.434,7381,,,-1.1438,hfq
1998-01-07,14.517,14.892,14.330,14.517,7351,,,0.5750,hfq
1998-01-08,14.476,14.705,14.040,14.081,7826,,,-3.0034,hfq
1998-01-09,13.998,14.102,13.603,13.790,8400,,,-2.0666,hfq
1998-01-12,13.790,13.790,13.437,13.582,7136,,,-1.5083,hfq
1998-01-13,13.582,13.582,12.065,12.834,8473,,,-5.5073,hfq
1998-01-14,12.938,13.832,12.938,13.603,8500,,,5.9919,hfq
1998-01-15,13.894,14.455,13.624,13.853,4344,,,1.8378,hfq
1998-01-16,13.894,13.998,13.312,13.333,3342,,,-3.7537,hfq
1998-01-19,13.520,13.624,13.229,13.333,3968,,,0.0000,hfq
1998-01-20,13.478,13.478,13.229,13.333,2448,,,0.0000,hfq
1998-01-21,13.333,14.060,13.333,13.894,6187,,,4.2076,hfq
1998-01-22,13.998,14.102,13.665,13.811,3764,,,-0.5974,hfq
1998-01-23,13.894,14.268,13.894,14.102,4031,,,2.1070,hfq
1998-02-09,14.621,15.141,14.517,14.933,13073,,,5.8928,hfq
1998-02-10,14.933,15.536,14.829,15.058,11576,,,0.8371,hfq
1998-02-11,15.058,15.307,14.933,15.120,7123,,,0.4117,hfq
1998-02-12,15.141,15.349,14.621,14.725,7400,,,-2.6124,hfq
1998-02-13,14.725,15.141,14.642,14.725,6326,,,0.0000,hfq
1998-02-16,14.621,14.725,14.351,14.517,6415,,,-1.4126,hfq
1998-02-17,14.517,15.307,14.517,15.224,7677,,,4.8702,hfq
1998-02-18,15.286,15.951,15.058,15.744,17628,,,3.4157,hfq
1998-02-19,15.827,15.847,15.307,15.411,7396,,,-2.1151,hfq
1998-02-20,15.557,15.993,15.307,15.349,7979,,,-0.4023,hfq
1998-02-23,15.307,15.494,14.725,14.725,8616,,,-4.0654,hfq
1998-02-24,14.829,15.099,14.746,14.871,4590,,,0.9915,hfq
1998-02-25,14.829,15.349,14.808,15.016,4979,,,0.9751,hfq
1998-02-26,14.912,15.141,14.850,15.037,3671,,,0.1399,hfq
1998-02-27,15.037,15.099,14.476,14.580,7516,,,-3.0392,hfq
1998-03-02,14.330,14.517,14.060,14.102,5227,,,-3.2785,hfq
1998-03-03,14.060,14.517,13.956,14.476,2875,,,2.6521,hfq
1998-03-04,14.517,14.621,14.123,14.517,2844,,,0.2832,hfq
1998-03-05,14.621,14.684,14.310,14.351,2238,,,-1.1435,hfq
1998-03-06,14.351,15.037,14.351,14.725,3650,,,2.6061,hfq
1998-03-09,15.037,15.473,15.037,15.141,10226,,,2.8251,hfq
1998-03-10,15.245,15.307,14.767,15.203,5917,,,0.4095,hfq
1998-03-11,15.307,15.307,14.892,14.912,4747,,,-1.9141,hfq
1998-03-12,14.621,14.892,14.476,14.642,3282,,,-1.8106,hfq
1998-03-13,14.642,14.954,14.621,14.954,1977,,,2.1309,hfq
1998-03-16,15.037,15.037,14.621,14.663,2624,,,-1.9460,hfq
1998-03-17,14.725,14.933,14.517,14.933,3834,,,1.8414,hfq
1998-03-18,14.725,14.892,14.268,14.372,7351,,,-3.7568,hfq
1998-03-19,14.414,14.476,13.998,14.081,6676,,,-2.0248,hfq
1998-03-20,14.019,14.455,14.019,14.123,2654,,,0.2983,hfq
1998-03-23,14.040,14.310,13.894,13.894,2148,,,-1.6215,hfq
1998-03-24,14.102,14.351,13.894,14.310,3466,,,2.9941,hfq
1998-03-25,14.538,14.621,14.060,14.227,3087,,,-0.5800,hfq
1998-03-26,14.310,14.351,13.853,13.853,6217,,,-2.6288,hfq
1998-03-27,13.728,14.414,13.645,14.123,5937,,,1.9490,hfq
1998-03-30,14.206,14.393,13.853,14.164,6712,,,0.2903,hfq
1998-03-31,14.206,15.099,14.206,14.933,12095,,,5.4293,hfq
1998-04-01,14.912,15.058,14.476,14.705,8160,,,-1.5268,hfq
1998-04-02,14.933,15.349,14.746,14.995,13076,,,1.9721,hfq
1998-04-03,15.266,16.159,15.266,16.118,41694,,,7.4892,hfq
1998-04-06,16.325,16.679,15.827,16.367,30230,,,1.5449,hfq
1998-04-07,16.450,16.492,15.827,15.951,14402,,,-2.5417,hfq
1998-04-08,15.931,16.990,15.660,16.512,21069,,,3.5170,hfq
1998-04-09,16.450,16.512,15.245,15.453,15562,,,-6.4135,hfq
1998-04-10,15.453,15.723,15.141,15.390,10191,,,-0.4077,hfq
1998-04-13,15.245,15.557,15.079,15.141,9329,,,-1.6179,hfq
1998-04-14,15.245,15.660,15.099,15.515,6478,,,2.4701,hfq
1998-04-15,15.557,15.764,15.266,15.453,9157,,,-0.3996,hfq
1998-04-16,15.660,15.993,15.328,15.390,11777,,,-0.4077,hfq
1998-04-17,15.453,16.596,15.453,16.034,35010,,,4.1845,hfq
1998-04-20,16.284,16.596,15.931,16.159,16181,,,0.7796,hfq
1998-04-21,16.222,17.011,15.993,16.907,28253,,,4.6290,hfq
1998-04-22,17.032,17.593,16.803,16.970,29169,,,0.3726,hfq
1998-04-23,16.803,17.011,16.346,16.845,16658,,,-0.7366,hfq
1998-04-24,16.741,16.803,15.931,15.993,11946,,,-5.0579,hfq
1998-04-27,15.785,15.868,15.245,15.349,12504,,,-4.0268,hfq
1998-04-28,15.453,15.951,15.453,15.764,7238,,,2.7038,hfq
1998-04-29,15.868,15.910,15.557,15.764,4351,,,0.0000,hfq
1998-04-30,15.764,15.806,15.453,15.764,5765,,,0.0000,hfq
1998-05-04,16.138,16.325,15.764,16.159,7710,,,2.5057,hfq
1998-05-05,16.097,16.845,15.764,16.616,9404,,,2.8281,hfq
1998-05-06,16.637,16.699,15.972,16.222,6554,,,-2.3712,hfq
1998-05-07,16.284,16.596,15.660,15.723,9336,,,-3.0761,hfq
1998-05-08,15.951,17.468,15.785,17.468,50811,,,11.0984,hfq
1998-05-11,19.068,19.380,18.840,19.380,47752,,,10.9457,hfq
1998-05-12,19.671,19.879,17.635,18.341,43093,,,-5.3612,hfq
1998-05-13,18.258,19.297,18.154,18.591,23072,,,1.3631,hfq
1998-05-14,18.570,18.965,18.154,18.258,12456,,,-1.7912,hfq
1998-05-15,18.362,18.570,17.635,17.676,14050,,,-3.1876,hfq
1998-05-18,17.759,18.258,17.739,18.258,9519,,,3.2926,hfq
1998-05-19,18.466,18.528,17.801,17.842,6256,,,-2.2785,hfq
1998-05-21,17.842,18.466,17.593,18.445,9144,,,3.3797,hfq
1998-05-22,18.466,19.422,18.466,18.487,18751,,,0.2277,hfq
1998-05-25,18.487,18.674,18.113,18.404,12138,,,-0.4490,hfq
1998-05-26,18.341,18.362,17.801,18.050,11474,,,-1.9235,hfq
1998-05-27,18.258,19.380,18.258,19.068,19743,,,5.6399,hfq
1998-05-28,19.297,19.297,18.591,18.653,7903,,,-2.1764,hfq
1998-05-29,18.715,18.985,18.445,18.840,10516,,,1.0025,hfq
1998-06-01,19.089,19.609,18.861,19.256,16350,,,2.2081,hfq
1998-06-02,19.463,19.463,18.549,18.881,7035,,,-1.9474,hfq
1998-06-03,18.881,18.881,18.300,18.632,6395,,,-1.3188,hfq
1998-06-04,18.694,18.778,18.050,18.175,6592,,,-2.4528,hfq
1998-06-05,18.196,18.424,17.676,18.113,7447,,,-0.3411,hfq
1998-06-08,18.113,18.216,17.842,17.863,4304,,,-1.3802,hfq
1998-06-09,17.863,18.050,16.970,17.011,9128,,,-4.7696,hfq
1998-06-10,17.011,17.032,16.180,16.658,6671,,,-2.0751,hfq
1998-06-11,16.596,16.907,16.429,16.658,2741,,,0.0000,hfq
1998-06-12,17.136,17.323,16.762,17.032,4364,,,2.2452,hfq
1998-06-15,17.032,17.177,16.242,16.388,2964,,,-3.7811,hfq
1998-06-16,16.388,16.388,15.764,15.972,4546,,,-2.5384,hfq
1998-06-17,15.993,16.554,15.868,16.388,2909,,,2.6046,hfq
1998-06-18,16.388,16.762,16.346,16.699,3247,,,1.8977,hfq
1998-06-19,17.011,17.822,17.011,17.323,9102,,,3.7368,hfq
1998-06-22,17.261,17.261,16.699,16.907,4635,,,-2.4014,hfq
1998-06-23,16.409,16.824,16.409,16.762,3045,,,-0.8576,hfq
1998-06-24,16.762,16.783,16.284,16.596,4005,,,-0.9903,hfq
1998-06-25,16.783,17.177,16.492,16.575,3677,,,-0.1265,hfq
1998-06-26,16.845,17.094,16.388,16.803,4324,,,1.3756,hfq
1998-06-29,16.596,17.094,16.492,16.970,3601,,,0.9939,hfq
1998-06-30,16.928,16.928,16.471,16.471,2100,,,-2.9405,hfq
1998-07-01,17.157,17.157,15.972,16.034,2637,,,-2.6531,hfq
1998-07-02,16.180,17.074,15.910,17.053,5982,,,6.3552,hfq
1998-07-03,17.219,17.822,16.928,17.344,11915,,,1.7064,hfq
1998-07-06,17.385,17.842,16.990,17.510,6938,,,0.9571,hfq
1998-07-07,17.427,18.300,17.240,18.258,13443,,,4.2718,hfq
1998-07-08,18.362,18.424,17.926,18.154,7671,,,-0.5696,hfq
1998-07-09,18.383,18.798,18.258,18.570,14455,,,2.2915,hfq
1998-07-10,18.778,18.965,18.092,18.819,18936,,,1.3409,hfq
1998-07-13,19.526,20.876,19.526,20.856,74071,,,10.8242,hfq
1998-07-14,20.752,21.749,20.211,20.876,47268,,,0.0959,hfq
1998-07-15,20.710,21.583,20.440,21.084,25236,,,0.9964,hfq
1998-07-16,21.167,21.230,20.232,20.731,19760,,,-1.6743,hfq
1998-07-17,20.648,22.331,20.502,21.708,33755,,,4.7127,hfq
1998-07-20,21.583,22.206,20.378,20.876,21535,,,-3.8327,hfq
1998-07-21,20.648,21.001,19.567,20.232,18108,,,-3.0849,hfq
1998-07-22,20.295,20.585,19.505,20.087,11670,,,-0.7167,hfq
1998-07-23,19.962,20.856,19.921,20.440,9346,,,1.7574,hfq
1998-07-24,20.544,20.752,19.879,20.440,9539,,,0.0000,hfq
1998-07-27,20.128,21.625,19.713,21.583,21554,,,5.5920,hfq
1998-07-28,21.479,21.936,20.731,20.793,9936,,,-3.6603,hfq
1998-07-29,20.710,20.939,20.108,20.253,6310,,,-2.5970,hfq
1998-07-30,19.941,20.731,19.941,20.461,5001,,,1.0270,hfq
1998-07-31,20.336,20.648,20.087,20.336,4331,,,-0.6109,hfq
1998-08-03,20.232,20.419,19.671,19.713,5338,,,-3.0635,hfq
1998-08-04,19.484,20.128,19.422,19.713,4937,,,0.0000,hfq
1998-08-05,19.713,20.232,19.401,19.837,5691,,,0.6290,hfq
1998-08-06,19.775,20.253,19.713,20.024,2938,,,0.9427,hfq
1998-08-07,20.045,20.045,18.674,18.674,9088,,,-6.7419,hfq
1998-08-10,18.258,18.258,17.219,17.219,9376,,,-7.7916,hfq
1998-08-11,17.011,17.531,16.533,16.720,4614,,,-2.8980,hfq
1998-08-12,16.429,16.970,15.951,16.284,7324,,,-2.6077,hfq
1998-08-13,16.284,17.489,16.284,17.261,7626,,,5.9998,hfq
1998-08-14,17.261,17.780,17.011,17.344,8469,,,0.4809,hfq
1998-08-17,17.323,17.323,15.889,16.388,11446,,,-5.5120,hfq
1998-08-18,16.492,17.364,16.076,17.011,6710,,,3.8016,hfq
1998-08-19,17.011,17.946,17.011,17.842,5870,,,4.8851,hfq
1998-08-20,17.531,18.216,17.531,18.216,7223,,,2.0962,hfq
1998-08-21,18.216,19.297,17.842,19.172,19656,,,5.2481,hfq
1998-08-24,19.089,19.193,18.466,18.591,7337,,,-3.0305,hfq
1998-08-25,18.404,19.089,18.404,19.048,3262,,,2.4582,hfq
1998-08-26,18.466,19.256,17.635,17.884,9300,,,-6.1109,hfq
1998-08-27,17.635,18.300,17.489,17.739,6383,,,-0.8108,hfq
1998-08-28,17.676,17.946,17.011,17.323,2920,,,-2.3451,hfq
1998-08-31,17.011,17.635,16.034,17.531,5719,,,1.2007,hfq
1998-09-01,17.323,18.050,16.596,17.177,4672,,,-2.0193,hfq
1998-09-02,16.803,17.531,16.803,17.032,1986,,,-0.8442,hfq
1998-09-03,17.053,17.385,17.011,17.136,2089,,,0.6106,hfq
1998-09-04,17.198,18.050,17.198,17.593,3348,,,2.6669,hfq
1998-09-07,18.029,18.196,17.739,18.113,3725,,,2.9557,hfq
1998-09-08,18.113,19.297,18.113,18.778,18372,,,3.6714,hfq
1998-09-09,18.881,19.193,18.528,18.881,12472,,,0.5485,hfq
1998-09-10,18.881,19.671,18.861,18.902,10702,,,0.1112,hfq
1998-09-11,19.089,19.505,18.632,18.778,9361,,,-0.6560,hfq
1998-09-14,18.778,19.297,18.591,18.985,9987,,,1.1024,hfq
1998-09-15,19.089,20.066,19.027,19.297,12109,,,1.6434,hfq
1998-09-16,19.297,20.128,19.193,19.609,12106,,,1.6168,hfq
1998-09-17,19.692,20.960,19.671,20.128,22463,,,2.6467,hfq
1998-09-18,20.128,20.876,19.817,20.565,21393,,,2.1711,hfq
1998-09-21,20.856,21.770,20.585,21.334,27735,,,3.7394,hfq
1998-09-22,21.604,21.832,20.585,21.521,23313,,,0.8765,hfq
1998-09-23,21.583,21.895,21.126,21.167,11519,,,-1.6449,hfq
1998-09-24,21.167,21.417,20.357,21.063,16583,,,-0.4913,hfq
1998-09-25,21.126,21.687,20.752,21.541,14066,,,2.2694,hfq
1998-09-28,21.687,23.225,21.625,23.038,35449,,,6.9495,hfq
1998-09-30,23.266,23.557,22.664,22.996,25856,,,-0.1823,hfq
1998-10-05,23.245,24.887,22.871,24.492,28813,,,6.5055,hfq
1998-10-06,24.492,25.303,23.682,24.181,27061,,,-1.2698,hfq
1998-10-07,23.890,24.866,23.890,24.284,11876,,,0.4260,hfq
1998-10-08,24.451,24.679,23.329,23.557,22689,,,-2.9937,hfq
1998-10-09,23.557,25.843,23.557,25.594,41932,,,8.6471,hfq
1998-10-12,25.905,26.778,25.282,26.737,26355,,,4.4659,hfq
1998-10-13,26.778,27.090,26.363,26.986,16731,,,0.9313,hfq
1998-10-14,26.944,27.277,26.030,27.048,10382,,,0.2297,hfq
1998-10-15,26.986,27.589,26.404,27.526,12721,,,1.7672,hfq
1998-10-16,27.526,27.734,24.700,25.531,38141,,,-7.2477,hfq
1998-10-19,25.324,26.259,25.136,25.635,20297,,,0.4073,hfq
1998-10-20,25.739,27.152,25.739,26.903,17618,,,4.9464,hfq
1998-10-21,26.986,27.360,26.279,26.986,17895,,,0.3085,hfq
1998-10-22,27.048,27.277,26.466,26.903,14336,,,-0.3076,hfq
1998-10-23,26.778,28.856,26.757,28.752,26716,,,6.8728,hfq
1998-10-26,28.752,29.085,28.025,28.648,13186,,,-0.3617,hfq
1998-10-27,28.337,29.022,28.233,28.898,7526,,,0.8727,hfq
1998-10-28,29.043,29.168,28.503,28.752,4633,,,-0.5052,hfq
1998-10-29,28.960,29.043,27.505,27.817,10322,,,-3.2519,hfq
1998-10-30,27.402,28.025,27.007,27.235,13320,,,-2.0922,hfq
1998-11-02,27.298,28.191,26.840,28.129,7963,,,3.2825,hfq
1998-11-03,28.233,29.542,27.402,29.272,15867,,,4.0634,hfq
1998-11-04,29.397,29.397,28.461,28.690,4904,,,-1.9882,hfq
1998-11-05,28.690,29.313,28.399,28.752,4877,,,0.2161,hfq
1998-11-06,29.022,29.022,27.838,28.233,8103,,,-1.8051,hfq
1998-11-09,27.921,28.919,27.672,28.856,8620,,,2.2066,hfq
1998-11-10,28.898,30.062,28.503,29.978,18629,,,3.8883,hfq
1998-11-11,30.103,30.124,29.438,29.563,9903,,,-1.3843,hfq
1998-11-12,29.563,30.311,28.752,29.022,8533,,,-1.8300,hfq
1998-11-13,29.022,29.064,27.422,27.422,9781,,,-5.5131,hfq
1998-11-16,28.461,28.752,26.965,27.194,16948,,,-0.8314,hfq
1998-11-17,27.152,27.651,26.986,27.131,12034,,,-0.2317,hfq
1998-11-18,27.318,28.648,26.176,28.607,20364,,,5.4403,hfq
1998-11-19,28.233,28.815,27.880,27.880,16329,,,-2.5413,hfq
1998-11-20,27.630,28.170,27.007,27.339,5887,,,-1.9405,hfq
1998-11-23,27.609,28.628,27.547,28.129,7931,,,2.8896,hfq
1998-11-24,28.025,28.420,27.422,27.568,4633,,,-1.9944,hfq
1998-11-25,27.713,27.817,27.194,27.402,3666,,,-0.6021,hfq
1998-11-26,27.817,27.921,27.318,27.609,2620,,,0.7554,hfq
1998-11-27,27.547,28.337,27.547,28.191,8490,,,2.1080,hfq
1998-11-30,28.441,29.376,28.337,29.272,23984,,,3.8346,hfq
1998-12-01,28.898,29.480,27.609,27.921,15584,,,-4.6153,hfq
1998-12-02,27.921,28.337,27.048,28.337,4510,,,1.4899,hfq
1998-12-03,28.025,28.316,27.402,27.921,2501,,,-1.4680,hfq
1998-12-04,27.422,27.693,26.778,27.215,5738,,,-2.5286,hfq
1998-12-07,27.609,27.921,26.944,27.505,7451,,,1.0656,hfq
1998-12-08,27.505,28.316,27.505,28.274,12594,,,2.7959,hfq
1998-12-09,28.441,28.586,27.609,27.817,4568,,,-1.6163,hfq
1998-12-10,27.838,27.838,26.882,27.277,4476,,,-1.9413,hfq
1998-12-11,27.609,28.233,26.570,26.986,6234,,,-1.0668,hfq
1998-12-14,27.360,27.360,24.118,24.492,13890,,,-9.2418,hfq
1998-12-15,24.284,24.638,23.516,24.305,7160,,,-0.7635,hfq
1998-12-16,24.347,25.074,24.305,24.575,4573,,,1.1109,hfq
1998-12-17,24.388,24.887,23.973,24.388,2265,,,-0.7609,hfq
1998-12-18,24.388,24.409,23.786,24.181,1435,,,-0.8488,hfq
1998-12-21,24.077,24.492,24.035,24.035,599,,,-0.6038,hfq
1998-12-22,24.097,24.700,23.807,24.700,1145,,,2.7668,hfq
1998-12-23,24.700,24.742,24.284,24.284,903,,,-1.6842,hfq
1998-12-24,24.866,24.866,24.118,24.139,618,,,-0.5971,hfq
1998-12-25,24.181,24.326,23.910,23.973,820,,,-0.6877,hfq
1998-12-28,24.035,24.139,22.206,22.664,8236,,,-5.4603,hfq
1998-12-29,22.560,22.560,21.334,21.895,5436,,,-3.3930,hfq
1998-12-30,21.687,22.102,21.271,21.895,4059,,,0.0000,hfq
1998-12-31,21.957,22.206,21.708,21.853,2177,,,-0.1918,hfq
1999-01-04,21.583,21.832,20.939,21.375,1250,,,-2.1873,hfq
1999-01-05,21.271,21.957,21.167,21.874,1522,,,2.3345,hfq
1999-01-06,21.791,22.518,21.708,22.206,3339,,,1.5178,hfq
1999-01-07,22.414,22.580,22.165,22.539,1902,,,1.4996,hfq
1999-01-08,22.954,23.412,22.414,23.412,3224,,,3.8733,hfq
1999-01-11,23.619,23.619,23.038,23.412,2183,,,0.0000,hfq
1999-01-12,23.245,23.266,22.414,22.664,2552,,,-3.1949,hfq
1999-01-13,22.518,22.643,21.999,22.310,1835,,,-1.5619,hfq
1999-01-14,22.227,22.975,22.206,22.456,1066,,,0.6544,hfq
1999-01-15,22.414,22.539,21.895,21.895,1115,,,-2.4982,hfq
1999-01-18,21.791,23.017,21.583,22.934,1097,,,4.7454,hfq
1999-01-19,23.058,23.058,22.435,22.664,1240,,,-1.1773,hfq
1999-01-20,22.871,23.142,22.414,23.038,1321,,,1.6502,hfq
1999-01-21,22.788,24.659,22.788,24.347,5001,,,5.6819,hfq
1999-01-22,24.596,24.596,23.952,24.077,2960,,,-1.1090,hfq
1999-01-25,24.243,25.698,23.827,24.908,5280,,,3.4514,hfq
1999-01-26,25.012,25.074,24.700,25.033,2307,,,0.5018,hfq
1999-01-27,25.033,25.324,24.305,24.742,2708,,,-1.1625,hfq
1999-01-28,24.908,24.908,24.014,24.035,2303,,,-2.8575,hfq
1999-01-29,24.035,24.097,23.432,23.578,2648,,,-1.9014,hfq
1999-02-01,23.412,23.536,22.851,22.934,1879,,,-2.7314,hfq
1999-02-02,22.871,23.453,22.871,23.453,1011,,,2.2630,hfq
1999-02-03,23.453,23.474,23.038,23.349,1475,,,-0.4434,hfq
1999-02-04,23.162,23.225,22.726,22.996,1590,,,-1.5118,hfq
1999-02-05,22.830,23.121,22.726,22.996,1619,,,0.0000,hfq
1999-03-01,24.035,24.035,22.830,23.266,1508,,,1.1741,hfq
1999-03-02,23.162,23.973,23.038,23.661,4668,,,1.6978,hfq
1999-03-03,23.619,24.679,23.619,23.994,6064,,,1.4074,hfq
1999-03-04,24.284,24.596,23.661,24.077,3891,,,0.3459,hfq
1999-03-05,24.077,24.492,23.557,23.557,6108,,,-2.1597,hfq
1999-03-08,23.578,23.661,22.954,23.183,6081,,,-1.5876,hfq
1999-03-09,23.225,23.432,22.643,23.079,3904,,,-0.4486,hfq
1999-03-10,23.079,23.225,22.726,23.100,3449,,,0.0910,hfq
1999-03-11,23.142,23.661,23.038,23.121,3617,,,0.0909,hfq
1999-03-12,22.934,23.516,22.622,22.830,3162,,,-1.2586,hfq
1999-03-15,22.851,23.100,22.414,22.788,3222,,,-0.1840,hfq
1999-03-16,22.788,22.788,22.186,22.664,2843,,,-0.5441,hfq
1999-03-17,22.726,23.952,22.518,23.557,7161,,,3.9402,hfq
1999-03-18,23.869,23.869,23.308,23.661,4586,,,0.4415,hfq
1999-03-19,23.619,24.908,23.557,24.305,11388,,,2.7218,hfq
1999-03-22,24.388,25.427,24.368,24.908,10401,,,2.4810,hfq
1999-03-23,24.284,24.284,23.266,23.578,8802,,,-5.3396,hfq
1999-03-24,23.308,23.869,23.245,23.619,4992,,,0.1739,hfq
1999-03-25,23.619,23.661,22.851,22.975,2771,,,-2.7266,hfq
1999-03-26,23.038,23.142,22.851,22.934,1496,,,-0.1785,hfq
1999-03-29,23.038,24.243,22.809,24.118,4943,,,5.1626,hfq
1999-03-30,24.056,24.347,23.578,23.578,3346,,,-2.2390,hfq
1999-03-31,23.245,23.931,23.245,23.432,2063,,,-0.6192,hfq
1999-04-01,23.557,24.866,23.453,24.700,9444,,,5.4114,hfq
1999-04-02,24.804,25.303,24.534,24.970,7542,,,1.0931,hfq
1999-04-05,25.116,26.529,25.033,25.739,20820,,,3.0797,hfq
1999-04-06,25.843,26.259,25.511,25.739,6426,,,0.0000,hfq
1999-04-07,25.531,26.363,25.116,25.240,6491,,,-1.9387,hfq
1999-04-08,25.365,25.843,25.116,25.739,4687,,,1.9770,hfq
1999-04-09,25.739,25.843,24.908,24.949,4748,,,-3.0693,hfq
1999-04-12,24.991,25.116,24.284,24.534,2907,,,-1.6634,hfq
1999-04-13,24.492,24.991,24.284,24.430,1568,,,-0.4239,hfq
1999-04-14,24.284,24.908,24.284,24.866,3495,,,1.7847,hfq
1999-04-15,24.866,25.095,24.451,24.492,2361,,,-1.5041,hfq
1999-04-16,24.700,24.804,24.451,24.700,1295,,,0.8493,hfq
1999-04-19,24.700,25.116,24.513,24.700,3089,,,0.0000,hfq
1999-04-20,24.513,24.991,24.284,24.513,2139,,,-0.7571,hfq
1999-04-21,24.181,24.409,23.349,23.349,4596,,,-4.7485,hfq
1999-04-22,23.245,23.432,22.414,23.225,4943,,,-0.5311,hfq
1999-04-23,23.183,23.183,22.830,23.038,2603,,,-0.8052,hfq
1999-04-26,23.038,23.245,22.664,22.664,1408,,,-1.6234,hfq
1999-04-27,22.726,23.038,22.664,22.830,1220,,,0.7324,hfq
1999-04-28,23.121,23.994,22.830,23.225,1206,,,1.7302,hfq
1999-04-29,23.245,23.848,23.245,23.786,820,,,2.4155,hfq
1999-04-30,23.661,23.890,23.245,23.453,1173,,,-1.4000,hfq
1999-05-04,22.871,23.453,22.871,23.017,531,,,-1.8590,hfq
1999-05-05,22.913,23.432,22.830,23.038,1224,,,0.0912,hfq
1999-05-07,23.038,23.619,22.830,23.204,453,,,0.7205,hfq
1999-05-10,22.934,22.934,21.562,22.206,1970,,,-4.3010,hfq
1999-05-11,21.978,23.121,21.978,21.999,922,,,-0.9322,hfq
1999-05-12,22.102,22.996,21.812,22.954,5251,,,4.3411,hfq
1999-05-13,22.518,22.954,22.206,22.726,7228,,,-0.9933,hfq
1999-05-14,22.539,22.705,22.227,22.310,1117,,,-1.8305,hfq
1999-05-17,22.206,22.310,21.645,22.310,687,,,0.0000,hfq
1999-05-18,22.248,22.580,22.165,22.248,426,,,-0.2779,hfq
1999-05-19,22.435,23.142,22.206,22.830,887,,,2.6160,hfq
1999-05-20,23.038,23.557,22.622,23.349,2973,,,2.2733,hfq
1999-05-21,23.640,23.869,23.038,23.640,2969,,,1.2463,hfq
1999-05-24,23.869,23.869,22.871,23.640,8445,,,0.0000,hfq
1999-05-25,23.640,25.344,23.183,24.679,15778,,,4.3951,hfq
1999-05-26,24.596,25.116,23.952,24.035,8694,,,-2.6095,hfq
1999-05-27,24.243,24.451,23.786,24.201,6891,,,0.6907,hfq
1999-05-28,24.388,26.591,24.284,25.905,26969,,,7.0410,hfq
1999-05-31,25.698,25.739,24.430,24.700,12376,,,-4.6516,hfq
1999-06-01,24.804,25.157,24.284,24.638,5903,,,-0.2510,hfq
1999-06-02,24.721,25.656,24.492,24.804,10585,,,0.6738,hfq
1999-06-03,24.555,25.116,24.077,24.430,5043,,,-1.5078,hfq
1999-06-04,24.492,25.427,24.492,25.427,12312,,,4.0810,hfq
1999-06-07,25.739,27.921,25.511,27.547,36080,,,8.3376,hfq
1999-06-08,27.693,28.357,27.152,27.755,19417,,,0.7551,hfq
1999-06-09,27.609,27.713,26.363,27.028,21807,,,-2.6193,hfq
1999-06-10,28.441,28.441,26.570,27.194,22526,,,0.6142,hfq
1999-06-11,27.090,27.609,26.363,27.152,9481,,,-0.1544,hfq
1999-06-14,27.173,27.568,26.363,27.069,12258,,,-0.3057,hfq
1999-06-15,27.194,27.693,24.804,25.220,23980,,,-6.8307,hfq
1999-06-16,24.908,26.155,24.492,26.134,25583,,,3.6241,hfq
1999-06-17,25.905,26.840,25.344,26.363,29328,,,0.8763,hfq
1999-06-18,26.466,26.570,25.552,25.739,31365,,,-2.3670,hfq
1999-06-21,26.155,28.067,25.947,27.817,29667,,,8.0734,hfq
1999-06-22,28.399,30.768,27.817,30.623,63849,,,10.0874,hfq
1999-06-23,30.560,31.225,29.480,30.706,20126,,,0.2710,hfq
1999-06-24,31.142,31.495,29.812,30.207,23214,,,-1.6251,hfq
1999-06-25,30.415,30.415,27.402,27.505,28825,,,-8.9449,hfq
1999-06-28,27.651,30.436,27.651,30.436,20358,,,10.6562,hfq
1999-06-29,31.558,32.077,29.854,31.350,29889,,,3.0030,hfq
1999-06-30,31.558,31.558,28.441,28.815,15849,,,-8.0861,hfq
1999-07-01,27.630,29.480,26.113,27.817,10562,,,-3.4635,hfq
1999-07-02,28.856,30.685,28.316,30.311,14624,,,8.9657,hfq
1999-07-05,30.934,31.558,29.584,29.895,9618,,,-1.3724,hfq
1999-07-06,29.895,30.269,28.648,28.648,3743,,,-4.1713,hfq
1999-07-07,28.856,29.812,28.233,29.126,2976,,,1.6685,hfq
1999-07-08,29.126,30.685,29.126,29.480,9346,,,1.2154,hfq
1999-07-09,29.687,29.978,28.815,29.895,6159,,,1.4077,hfq
1999-07-12,29.895,30.311,28.815,28.815,6267,,,-3.6126,hfq
1999-07-13,28.482,28.877,27.402,27.817,4419,,,-3.4635,hfq
1999-07-14,27.776,29.895,27.776,28.732,4234,,,3.2894,hfq
1999-07-15,28.233,28.773,27.776,28.191,3862,,,-1.8829,hfq
1999-07-16,27.942,27.942,26.529,27.173,7634,,,-3.6111,hfq
1999-07-19,26.986,27.173,26.155,26.737,6484,,,-1.6045,hfq
1999-07-20,26.570,28.441,26.570,28.233,3220,,,5.5952,hfq
1999-07-21,28.441,29.895,27.609,29.480,22746,,,4.4168,hfq
1999-07-22,29.251,29.376,27.838,29.376,20454,,,-0.3528,hfq
1999-07-23,28.628,30.062,28.441,29.854,14907,,,1.6272,hfq
1999-07-26,30.269,31.038,29.895,30.207,10567,,,1.1824,hfq
1999-07-27,30.082,30.415,28.960,30.207,6000,,,0.0000,hfq
1999-07-28,30.311,31.038,30.103,30.727,10063,,,1.7215,hfq
1999-07-29,30.706,31.620,30.519,31.308,12640,,,1.8908,hfq
1999-07-30,31.038,31.267,30.519,31.101,6535,,,-0.6612,hfq
1999-08-02,31.142,31.350,30.290,30.415,4839,,,-2.2057,hfq
1999-08-03,30.519,31.246,29.937,31.246,7326,,,2.7322,hfq
1999-08-04,31.121,31.246,30.519,31.038,5034,,,-0.6657,hfq
1999-08-05,31.308,34.280,30.747,34.280,30729,,,10.4453,hfq
1999-08-06,34.467,36.504,33.636,35.922,28245,,,4.7900,hfq
1999-08-09,36.233,36.961,35.090,35.922,16797,,,0.0000,hfq
1999-08-10,35.111,36.878,33.844,34.031,19385,,,-5.2642,hfq
1999-08-11,34.051,35.506,32.015,35.153,34146,,,3.2970,hfq
1999-08-12,35.090,36.130,34.051,35.007,17785,,,-0.4153,hfq
1999-08-13,34.675,35.277,34.218,35.007,5389,,,0.0000,hfq
1999-08-16,35.423,35.714,32.971,32.971,12123,,,-5.8160,hfq
1999-08-17,32.971,34.259,32.825,33.906,13437,,,2.8358,hfq
1999-08-18,34.051,34.093,33.262,33.823,5900,,,-0.2448,hfq
1999-08-19,34.467,36.753,34.259,36.337,33046,,,7.4328,hfq
1999-08-20,36.545,36.898,34.903,35.277,18385,,,-2.9171,hfq
1999-08-23,35.090,35.880,34.280,34.883,6706,,,-1.1169,hfq
1999-08-24,35.610,36.130,34.633,34.820,9610,,,-0.1806,hfq
1999-08-25,34.883,35.298,34.051,34.883,5054,,,0.1809,hfq
1999-08-26,34.675,35.402,34.467,34.758,4553,,,-0.3583,hfq
1999-08-27,34.675,34.883,33.449,33.844,9309,,,-2.6296,hfq
1999-08-30,33.948,34.467,33.179,33.428,4552,,,-1.2292,hfq
1999-08-31,33.740,34.675,33.428,34.238,4803,,,2.4231,hfq
1999-09-01,34.238,34.405,33.428,34.031,5003,,,-0.6046,hfq
1999-09-02,33.844,35.049,33.636,34.800,6811,,,2.2597,hfq
1999-09-03,34.883,34.883,33.636,34.363,2219,,,-1.2557,hfq
1999-09-06,33.740,34.425,33.324,33.636,2421,,,-2.1156,hfq
1999-09-07,34.155,34.197,33.636,33.948,4027,,,0.9276,hfq
1999-09-08,34.051,34.155,33.553,33.844,1362,,,-0.3064,hfq
1999-09-09,33.844,35.714,33.844,35.257,11252,,,4.1750,hfq
1999-09-10,34.633,35.527,33.844,34.467,11361,,,-2.2407,hfq
1999-09-13,34.633,35.090,33.636,33.802,4806,,,-1.9294,hfq
1999-09-14,33.948,34.155,33.241,33.968,6316,,,0.4911,hfq
1999-09-15,34.072,34.301,32.223,33.553,3485,,,-1.2217,hfq
1999-09-16,33.594,33.948,33.386,33.428,1546,,,-0.3725,hfq
1999-09-17,33.802,33.844,33.262,33.345,4828,,,-0.2483,hfq
1999-09-20,33.844,33.844,33.075,33.366,1324,,,0.0630,hfq
1999-09-21,33.116,35.049,33.116,33.740,2216,,,1.1209,hfq
1999-09-22,33.948,33.948,33.012,33.844,4611,,,0.3082,hfq
1999-09-23,33.740,33.740,32.805,33.615,832,,,-0.6766,hfq
1999-09-24,33.594,34.176,33.012,33.844,3587,,,0.6812,hfq
1999-09-28,34.051,34.363,33.636,33.844,3354,,,0.0000,hfq
1999-09-29,34.051,34.155,33.719,33.989,2117,,,0.4284,hfq
1999-09-30,34.010,34.155,33.844,34.051,2441,,,0.1824,hfq
1999-10-08,34.072,34.571,33.844,33.968,2216,,,-0.2438,hfq
1999-10-11,33.885,34.041,33.075,33.542,2136,,,-1.2541,hfq
1999-10-12,33.792,33.948,33.324,33.480,586,,,-0.1848,hfq
1999-10-13,33.324,34.072,33.262,34.041,3978,,,1.6756,hfq
1999-10-14,33.698,34.571,33.075,34.384,6539,,,1.0076,hfq
1999-10-15,33.636,35.662,33.636,34.571,17249,,,0.5439,hfq
1999-10-18,35.039,35.444,33.885,34.633,9294,,,0.1793,hfq
1999-10-19,33.948,34.259,33.573,34.259,3273,,,-1.0799,hfq
1999-10-20,33.667,34.571,33.636,34.384,4656,,,0.3649,hfq
1999-10-21,33.854,34.727,33.636,34.228,1732,,,-0.4537,hfq
1999-10-22,31.766,35.039,31.766,34.353,7997,,,0.3652,hfq
1999-10-25,34.259,34.415,33.324,33.480,1337,,,-2.5413,hfq
1999-10-26,33.324,33.916,33.293,33.605,1358,,,0.3734,hfq
1999-10-27,33.948,34.758,33.948,34.384,11826,,,2.3181,hfq
1999-10-28,34.851,34.851,33.573,33.885,23230,,,-1.4513,hfq
1999-10-29,33.948,36.348,33.948,35.755,36681,,,5.5187,hfq
1999-11-01,36.067,36.753,35.132,35.974,20387,,,0.6125,hfq
1999-11-02,35.974,36.223,35.132,35.755,9289,,,-0.6088,hfq
1999-11-03,35.444,35.755,34.353,34.789,3228,,,-2.7017,hfq
1999-11-04,33.979,34.571,33.761,34.353,4547,,,-1.2533,hfq
1999-11-05,34.259,34.883,33.636,34.415,7431,,,0.1805,hfq
1999-11-08,34.197,34.509,33.636,34.477,1962,,,0.1802,hfq
1999-11-09,33.979,34.789,33.854,34.259,4504,,,-0.6323,hfq
1999-11-10,33.948,34.415,33.386,33.885,5368,,,-1.0917,hfq
1999-11-11,33.885,34.259,33.355,33.636,2431,,,-0.7348,hfq
1999-11-12,33.355,34.259,33.324,34.010,2240,,,1.1119,hfq
1999-11-15,33.885,34.883,33.511,33.885,1294,,,-0.3675,hfq
1999-11-16,33.636,33.948,32.389,32.701,4367,,,-3.4942,hfq
1999-11-17,32.794,33.324,31.610,33.324,11150,,,1.9051,hfq
1999-11-18,33.324,33.823,33.012,33.106,4305,,,-0.6542,hfq
1999-11-19,33.324,33.636,32.576,32.576,2739,,,-1.6009,hfq
1999-11-22,33.012,33.012,32.015,32.015,1794,,,-1.7221,hfq
1999-11-23,32.015,32.451,31.454,31.890,3378,,,-0.3904,hfq
1999-11-24,31.766,32.015,31.672,31.703,1854,,,-0.5864,hfq
1999-11-25,31.703,31.703,31.485,31.672,1700,,,-0.0978,hfq
1999-11-26,31.766,32.015,31.516,31.641,1072,,,-0.0979,hfq
1999-11-29,31.859,31.859,30.830,31.329,2672,,,-0.9861,hfq
1999-11-30,31.454,31.454,30.363,30.830,5477,,,-1.5928,hfq
1999-12-01,31.080,31.454,30.675,31.298,2164,,,1.5180,hfq
1999-12-02,30.893,31.298,30.612,30.830,1515,,,-1.4953,hfq
1999-12-03,30.830,32.295,30.706,32.046,6654,,,3.9442,hfq
1999-12-06,32.670,32.701,31.766,31.953,1809,,,-0.2902,hfq
1999-12-07,31.766,32.077,31.236,31.641,910,,,-0.9764,hfq
1999-12-08,31.890,32.327,31.142,31.204,952,,,-1.3811,hfq
1999-12-09,31.017,31.454,30.675,30.955,1893,,,-0.7980,hfq
1999-12-10,30.830,31.142,30.456,30.862,2408,,,-0.3004,hfq
1999-12-13,30.737,31.142,30.581,30.581,2285,,,-0.9105,hfq
1999-12-14,30.612,30.799,30.051,30.176,5779,,,-1.3244,hfq
1999-12-15,30.363,30.986,30.207,30.269,6741,,,0.3082,hfq
1999-12-16,30.394,30.519,29.895,29.926,9025,,,-1.1332,hfq
1999-12-17,29.739,30.675,29.677,30.456,4035,,,1.7710,hfq
1999-12-21,30.176,30.176,29.521,29.771,2195,,,-2.2491,hfq
1999-12-22,29.739,29.895,29.147,29.147,4808,,,-2.0960,hfq
1999-12-23,29.521,29.864,28.898,29.864,3369,,,2.4599,hfq
1999-12-24,28.804,29.833,28.680,29.584,715,,,-0.9376,hfq
1999-12-27,29.864,29.864,28.680,29.054,4220,,,-1.7915,hfq
1999-12-28,28.493,29.272,28.368,28.867,8056,,,-0.6436,hfq
1999-12-29,28.648,29.490,28.648,29.241,2650,,,1.2956,hfq
1999-12-30,29.272,31.610,28.773,31.610,4884,,,8.1016,hfq
2000-01-04,30.207,31.641,29.739,31.485,8917,,,-0.3954,hfq
2000-01-05,31.610,32.389,30.799,31.516,13039,,,0.0985,hfq
2000-01-06,31.391,32.264,30.768,32.077,9857,,,1.7800,hfq
2000-01-07,32.108,33.324,31.984,32.981,17618,,,2.8182,hfq
2000-01-10,33.012,34.353,33.012,33.698,20400,,,2.1740,hfq
2000-01-11,33.792,34.259,31.766,32.108,15083,,,-4.7184,hfq
2000-01-12,32.389,32.545,31.173,31.391,12230,,,-2.2331,hfq
2000-01-13,31.142,31.766,30.924,31.267,2882,,,-0.3950,hfq
2000-01-14,31.142,32.077,30.862,30.955,7201,,,-0.9979,hfq
2000-01-17,30.893,31.173,29.864,30.456,5792,,,-1.6120,hfq
2000-01-18,30.363,31.454,29.926,30.893,11406,,,1.4349,hfq
2000-01-19,30.830,32.327,30.207,31.766,17362,,,2.8259,hfq
2000-01-20,31.766,32.545,31.454,32.108,21062,,,1.0766,hfq
2000-01-21,32.389,33.916,32.264,32.701,34936,,,1.8469,hfq
2000-01-24,32.732,34.727,32.295,34.228,33792,,,4.6696,hfq
2000-01-25,34.540,35.444,33.231,33.324,23794,,,-2.6411,hfq
2000-01-26,33.012,33.573,32.077,33.012,19192,,,-0.9363,hfq
2000-01-27,33.012,34.228,33.012,33.948,20446,,,2.8353,hfq
2000-01-28,33.948,35.039,33.636,33.979,26435,,,0.0913,hfq
2000-02-14,35.506,37.501,35.194,37.501,30116,,,10.3652,hfq
2000-02-15,38.654,41.366,37.688,38.779,56749,,,3.4079,hfq
2000-02-16,39.247,39.870,36.753,38.000,35071,,,-2.0088,hfq
2000-02-17,38.623,40.805,34.135,34.290,60549,,,-9.7632,hfq
2000-02-18,34.290,35.911,33.948,34.259,20383,,,-0.0904,hfq
2000-02-21,35.506,36.223,34.259,35.880,25260,,,4.7316,hfq
2000-02-22,35.974,38.187,35.101,35.288,25735,,,-1.6499,hfq
2000-02-23,34.259,35.194,33.605,33.698,14678,,,-4.5058,hfq
2000-02-24,33.106,34.509,33.106,34.259,8601,,,1.6648,hfq
2000-02-25,34.477,34.571,33.573,33.792,10251,,,-1.3631,hfq
2000-02-28,33.823,36.130,33.480,35.600,13650,,,5.3504,hfq
2000-02-29,36.130,36.441,33.979,34.633,13160,,,-2.7163,hfq
2000-03-01,34.727,35.662,34.571,34.820,10878,,,0.5399,hfq
2000-03-02,35.132,35.163,34.415,34.664,9786,,,-0.4480,hfq
2000-03-03,34.883,37.158,34.602,36.410,31999,,,5.0369,hfq
2000-03-06,37.158,38.311,35.600,35.600,34982,,,-2.2247,hfq
2000-03-07,35.506,36.691,35.039,36.659,16292,,,2.9747,hfq
2000-03-08,37.002,40.462,36.659,39.309,66860,,,7.2288,hfq
2000-03-09,39.247,39.309,38.000,38.748,26846,,,-1.4272,hfq
2000-03-10,38.623,40.026,36.535,36.940,32978,,,-4.6660,hfq
2000-03-13,36.130,37.065,35.755,36.597,15644,,,-0.9285,hfq
2000-03-14,34.883,36.379,34.290,35.257,25736,,,-3.6615,hfq
2000-03-15,34.571,35.194,33.636,34.228,25492,,,-2.9186,hfq
2000-03-16,33.667,34.664,33.511,33.542,11593,,,-2.0042,hfq
2000-03-17,33.324,34.135,33.293,33.885,6211,,,1.0226,hfq
2000-03-20,33.324,33.792,32.108,33.729,17695,,,-0.4604,hfq
2000-03-21,33.636,34.197,33.012,34.010,10380,,,0.8331,hfq
2000-03-22,34.010,34.540,33.573,33.636,10043,,,-1.0997,hfq
2000-03-23,33.948,34.571,33.636,34.540,9318,,,2.6876,hfq
2000-03-24,34.820,35.007,34.072,34.166,12866,,,-1.0828,hfq
2000-03-27,34.072,34.571,33.480,34.197,13464,,,0.0907,hfq
2000-03-28,34.290,35.070,34.103,34.883,15470,,,2.0060,hfq
2000-03-29,35.350,35.475,34.509,34.820,9243,,,-0.1806,hfq
2000-03-30,34.883,36.223,34.883,36.223,30524,,,4.0293,hfq
2000-03-31,36.285,36.441,35.039,35.724,15392,,,-1.3776,hfq
2000-04-03,35.662,36.192,35.350,35.537,10160,,,-0.5235,hfq
2000-04-04,35.257,35.350,33.948,33.979,8214,,,-4.3842,hfq
2000-04-05,34.010,34.571,33.698,34.103,5018,,,0.3649,hfq
2000-04-06,34.103,34.727,34.072,34.477,8163,,,1.0967,hfq
2000-04-07,34.602,35.319,34.477,35.194,9043,,,2.0796,hfq
2000-04-11,35.257,35.974,34.820,35.039,8673,,,-0.4404,hfq
2000-04-12,35.039,35.444,34.259,34.509,5065,,,-1.5126,hfq
2000-04-13,34.571,34.820,34.290,34.571,5398,,,0.1797,hfq
2000-04-14,34.633,35.475,34.633,35.163,8364,,,1.7124,hfq
2000-04-17,35.381,35.600,34.259,34.571,8568,,,-1.6836,hfq
2000-04-18,33.324,34.727,33.324,34.415,4678,,,-0.4512,hfq
2000-04-19,34.353,35.070,33.823,34.571,5778,,,0.4533,hfq
2000-04-20,34.633,35.506,34.415,35.350,12908,,,2.2533,hfq
2000-04-21,35.413,35.662,34.883,35.007,13354,,,-0.9703,hfq
2000-04-24,35.288,37.002,35.007,36.535,39033,,,4.3648,hfq
2000-04-25,37.127,37.127,35.444,35.568,11004,,,-2.6468,hfq
2000-04-26,35.818,36.161,35.070,35.288,10446,,,-0.7872,hfq
2000-04-27,35.381,36.441,35.350,35.381,10226,,,0.2635,hfq
2000-04-28,35.506,37.065,35.506,36.379,30715,,,2.8207,hfq
2000-05-08,36.441,37.906,36.441,37.470,25753,,,2.9990,hfq
2000-05-09,37.532,37.626,36.285,36.441,10458,,,-2.7462,hfq
2000-05-10,36.130,36.161,35.132,35.132,8231,,,-3.5921,hfq
2000-05-11,34.571,35.226,34.010,34.259,11245,,,-2.4849,hfq
2000-05-12,34.259,35.007,34.259,34.727,5752,,,1.3661,hfq
2000-05-15,34.820,35.194,34.446,35.039,7093,,,0.8984,hfq
2000-05-16,35.194,35.818,35.039,35.257,4580,,,0.6222,hfq
2000-05-17,35.506,35.506,34.571,34.758,3816,,,-1.4153,hfq
2000-05-18,35.070,35.662,34.664,35.568,4858,,,2.3304,hfq
2000-05-19,35.724,36.130,35.163,35.974,12606,,,1.1415,hfq
2000-05-22,36.691,37.065,35.942,36.753,17196,,,2.1655,hfq
2000-05-23,36.909,38.561,36.379,37.937,52347,,,3.2215,hfq
2000-05-24,38.031,38.935,37.439,37.688,36592,,,-0.6564,hfq
2000-05-25,37.937,38.779,37.688,38.467,24232,,,2.0670,hfq
2000-05-26,38.873,39.091,37.688,37.688,20806,,,-2.0251,hfq
2000-05-29,38.000,40.182,38.000,38.935,40480,,,3.3087,hfq
2000-05-30,39.278,39.371,37.626,38.124,16981,,,-2.0830,hfq
2000-05-31,37.688,38.623,37.688,38.187,12672,,,0.1653,hfq
2000-06-01,38.467,38.779,37.220,37.376,13561,,,-2.1238,hfq
2000-06-02,37.376,37.688,36.753,37.065,15425,,,-0.8321,hfq
2000-06-05,37.065,38.156,36.940,37.189,11855,,,0.3345,hfq
2000-06-06,37.314,38.249,37.314,38.062,8564,,,2.3475,hfq
2000-06-07,38.156,39.153,38.156,38.405,13283,,,0.9012,hfq
2000-06-08,38.561,38.904,37.688,37.875,11250,,,-1.3800,hfq
2000-06-09,37.750,38.093,36.753,37.065,9304,,,-2.1386,hfq
2000-06-12,36.753,37.626,36.566,37.563,5408,,,1.3436,hfq
2000-06-13,37.595,38.592,37.563,38.343,7610,,,2.0765,hfq
2000-06-14,38.779,38.779,37.688,37.750,6551,,,-1.5466,hfq
2000-06-15,37.844,38.467,37.626,38.218,7879,,,1.2397,hfq
2000-06-16,38.311,40.338,38.311,39.028,41888,,,2.1194,hfq
2000-06-19,39.590,41.740,39.590,40.805,48660,,,4.5531,hfq
2000-06-20,41.148,41.429,39.590,39.808,24076,,,-2.4433,hfq
2000-06-21,39.714,41.055,39.714,40.556,14601,,,1.8790,hfq
2000-06-22,40.556,41.023,40.182,40.431,10958,,,-0.3082,hfq
2000-06-23,40.493,40.493,39.558,39.995,14014,,,-1.0784,hfq
2000-06-27,39.247,42.301,38.935,41.740,30162,,,4.3630,hfq
2000-06-28,42.301,42.364,41.335,41.771,27371,,,0.0743,hfq
2000-06-29,41.771,42.021,40.431,40.805,16326,,,-2.3126,hfq
2000-06-30,40.649,41.896,40.493,40.774,17732,,,-0.0760,hfq
2000-07-03,39.839,40.774,39.122,39.247,56017,,,-3.7450,hfq
2000-07-04,39.091,39.621,38.935,39.309,21222,,,0.1580,hfq
2000-07-05,39.808,41.584,39.808,40.649,33746,,,3.4089,hfq
2000-07-06,40.649,40.961,39.870,40.119,15675,,,-1.3038,hfq
2000-07-07,40.119,40.493,39.870,40.431,17869,,,0.7777,hfq
2000-07-10,40.649,42.582,40.119,41.803,34101,,,3.3934,hfq
2000-07-11,42.052,43.237,41.460,42.488,36024,,,1.6386,hfq
2000-07-12,42.675,44.140,42.457,42.675,38531,,,0.4401,hfq
2000-07-13,42.675,42.925,41.803,42.301,24922,,,-0.8764,hfq
2000-07-14,42.301,42.769,41.366,41.927,16136,,,-0.8841,hfq
2000-07-17,42.301,43.424,41.927,42.364,18177,,,1.0423,hfq
2000-07-18,42.364,42.831,41.959,42.301,10222,,,-0.1487,hfq
2000-07-19,42.644,42.675,41.834,42.052,9999,,,-0.5886,hfq
2000-07-20,42.052,42.208,41.397,41.460,11785,,,-1.4078,hfq
2000-07-21,41.429,42.333,41.366,41.678,7653,,,0.5258,hfq
2000-07-24,41.740,42.956,41.678,42.208,9796,,,1.2717,hfq
2000-07-25,42.364,42.364,41.460,41.771,7486,,,-1.0353,hfq
2000-07-26,42.052,42.270,41.740,41.959,6188,,,0.4501,hfq
2000-07-27,42.987,42.987,41.959,42.208,14166,,,0.5934,hfq
2000-07-28,42.083,42.769,41.678,41.834,8935,,,-0.8861,hfq
2000-07-31,41.834,42.301,41.429,42.083,10477,,,0.5952,hfq
2000-08-01,42.083,43.361,42.083,42.426,10766,,,0.8151,hfq
2000-08-02,42.301,43.143,42.301,43.112,10049,,,1.6169,hfq
2000-08-03,43.237,44.109,42.831,43.018,25587,,,-0.2180,hfq
2000-08-04,42.987,43.268,41.803,42.052,14758,,,-2.2456,hfq
2000-08-07,41.896,41.896,41.117,41.429,17787,,,-1.4815,hfq
2000-08-08,41.429,42.925,41.429,41.803,10092,,,0.9027,hfq
2000-08-09,42.052,42.520,41.740,42.052,12277,,,0.5957,hfq
2000-08-10,42.083,42.333,41.148,41.366,11993,,,-1.6313,hfq
2000-08-11,41.366,41.740,41.055,41.117,13262,,,-0.6019,hfq
2000-08-14,41.117,41.522,41.086,41.366,9008,,,0.6056,hfq
2000-08-15,41.366,41.803,41.117,41.335,8090,,,-0.0749,hfq
2000-08-16,41.429,42.582,41.273,42.301,12499,,,2.3370,hfq
2000-08-17,42.364,42.675,41.896,42.208,6697,,,-0.2199,hfq
2000-08-18,43.081,43.081,41.834,41.927,7324,,,-0.6658,hfq
2000-08-21,42.364,42.457,41.179,42.052,9241,,,0.2981,hfq
2000-08-22,42.208,42.675,41.678,41.771,15149,,,-0.6682,hfq
2000-08-23,41.740,42.208,40.213,41.990,26946,,,0.5243,hfq
2000-08-24,41.990,42.987,41.429,42.769,23011,,,1.8552,hfq
2000-08-25,42.769,43.237,42.364,42.831,18773,,,0.1450,hfq
2000-08-28,42.925,44.795,42.925,44.390,48572,,,3.6399,hfq
2000-08-29,44.390,44.982,43.766,44.172,26698,,,-0.4911,hfq
2000-08-30,44.172,44.546,42.520,42.956,22689,,,-2.7529,hfq
2000-08-31,42.364,43.611,42.083,42.333,19379,,,-1.4503,hfq
2000-09-01,41.771,42.520,41.771,42.052,15057,,,-0.6638,hfq
2000-09-04,42.052,42.364,41.927,42.114,5729,,,0.1474,hfq
2000-09-05,42.208,42.675,41.055,41.148,10036,,,-2.2938,hfq
2000-09-06,41.117,41.148,39.652,39.839,14615,,,-3.1812,hfq
2000-09-07,39.714,40.805,39.527,39.932,6812,,,0.2334,hfq
2000-09-08,39.870,40.805,39.402,40.338,6378,,,1.0167,hfq
2000-09-11,40.493,40.805,39.714,40.088,3658,,,-0.6198,hfq
2000-09-12,40.182,40.493,39.745,40.182,3340,,,0.2345,hfq
2000-09-13,40.182,40.961,40.182,40.680,5544,,,1.2394,hfq
2000-09-14,40.805,40.961,39.839,40.026,4928,,,-1.6077,hfq
2000-09-15,40.182,41.117,39.558,40.649,3671,,,1.5565,hfq
2000-09-18,40.805,40.805,39.808,39.870,2397,,,-1.9164,hfq
2000-09-19,39.808,39.870,38.031,38.623,9972,,,-3.1277,hfq
2000-09-20,38.623,39.028,37.688,38.311,3356,,,-0.8078,hfq
2000-09-21,38.343,38.499,38.156,38.218,3231,,,-0.2428,hfq
2000-09-22,37.719,38.467,37.719,38.031,2575,,,-0.4893,hfq
2000-09-25,38.000,38.311,37.782,37.782,1565,,,-0.6547,hfq
2000-09-26,37.782,38.374,37.408,38.156,2463,,,0.9899,hfq
2000-09-27,38.311,38.686,37.813,38.623,1943,,,1.2239,hfq
2000-09-28,38.623,38.841,38.187,38.187,1725,,,-1.1289,hfq
2000-09-29,38.000,38.904,38.000,38.654,2306,,,1.2229,hfq
2000-10-09,38.686,38.686,38.000,38.561,1925,,,-0.2406,hfq
2000-10-10,38.561,39.153,38.311,39.060,3245,,,1.2941,hfq
2000-10-11,39.247,39.309,38.156,38.156,3348,,,-2.3144,hfq
2000-10-12,38.124,38.904,37.875,38.249,3022,,,0.2437,hfq
2000-10-13,38.311,38.374,37.719,37.782,3481,,,-1.2209,hfq
2000-10-16,37.626,37.657,36.130,36.753,6133,,,-2.7235,hfq
2000-10-17,36.753,37.314,36.441,36.971,1727,,,0.5931,hfq
2000-10-18,36.753,37.314,36.753,37.065,3456,,,0.2543,hfq
2000-10-19,37.033,37.314,36.815,36.815,2357,,,-0.6745,hfq
2000-10-20,36.691,37.345,36.472,37.345,3001,,,1.4396,hfq
2000-10-23,37.657,37.750,37.189,37.595,3388,,,0.6694,hfq
2000-10-24,37.127,38.311,37.127,38.000,3265,,,1.0773,hfq
2000-10-25,38.000,38.467,37.813,38.436,5713,,,1.1474,hfq
2000-10-26,38.561,38.561,37.844,38.467,2525,,,0.0807,hfq
2000-10-27,38.311,38.311,37.563,37.688,2644,,,-2.0251,hfq
2000-10-30,37.127,37.688,37.096,37.376,2852,,,-0.8278,hfq
2000-10-31,37.376,37.470,36.753,36.971,5091,,,-1.0836,hfq
2000-11-01,36.971,37.501,36.971,37.501,2354,,,1.4336,hfq
2000-11-02,37.376,38.000,37.189,37.439,3158,,,-0.1653,hfq
2000-11-03,37.688,38.904,37.376,38.686,11141,,,3.3308,hfq
2000-11-06,38.841,39.091,38.779,39.028,4718,,,0.8840,hfq
2000-11-07,39.028,39.028,38.467,38.686,2137,,,-0.8763,hfq
2000-11-08,41.117,41.117,38.810,39.745,6905,,,2.7374,hfq
2000-11-09,39.808,40.462,39.558,40.182,6237,,,1.0995,hfq
2000-11-10,40.306,40.462,39.714,39.870,7891,,,-0.7765,hfq
2000-11-13,39.870,40.649,39.870,40.431,7795,,,1.4071,hfq
2000-11-14,40.400,40.774,40.119,40.649,4434,,,0.5392,hfq
2000-11-15,40.680,40.961,40.213,40.774,5946,,,0.3075,hfq
2000-11-16,40.774,41.803,40.618,41.522,12831,,,1.8345,hfq
2000-11-17,41.740,41.740,40.961,41.179,6467,,,-0.8261,hfq
2000-11-20,41.179,41.273,40.275,41.117,7206,,,-0.1506,hfq
2000-11-21,41.117,41.273,40.805,41.117,5780,,,0.0000,hfq
2000-11-22,40.805,41.055,40.649,40.961,7975,,,-0.3794,hfq
2000-11-23,41.990,42.208,41.366,41.865,8116,,,2.2070,hfq
2000-11-24,41.117,41.896,39.621,40.182,6894,,,-4.0201,hfq
2000-11-27,39.870,41.335,39.590,40.836,10979,,,1.6276,hfq
2000-11-28,40.836,41.429,40.805,41.273,4325,,,1.0701,hfq
2000-11-29,41.273,41.397,40.493,40.868,5837,,,-0.9813,hfq
2000-11-30,40.836,41.117,40.556,40.587,2222,,,-0.6876,hfq
2000-12-01,40.587,40.805,40.213,40.493,3866,,,-0.2316,hfq
2000-12-04,40.493,41.273,40.369,41.086,4341,,,1.4645,hfq
2000-12-05,41.179,41.179,40.493,40.743,2310,,,-0.8348,hfq
2000-12-06,40.525,40.649,39.558,40.649,7300,,,-0.2307,hfq
2000-12-07,39.901,40.182,39.714,39.870,3848,,,-1.9164,hfq
2000-12-08,39.808,40.649,39.558,40.182,3849,,,0.7825,hfq
2000-12-11,40.182,40.182,39.558,39.745,2827,,,-1.0876,hfq
2000-12-12,39.558,40.712,39.309,40.369,3641,,,1.5700,hfq
2000-12-13,39.777,41.148,39.777,40.525,3458,,,0.3864,hfq
2000-12-14,40.805,41.148,40.462,40.743,3436,,,0.5379,hfq
2000-12-15,40.805,41.117,40.462,40.743,2738,,,0.0000,hfq
2000-12-18,40.743,40.743,39.808,40.400,3176,,,-0.8419,hfq
2000-12-19,41.959,41.959,40.431,41.429,9492,,,2.5470,hfq
2000-12-20,41.273,42.239,41.242,41.896,14618,,,1.1272,hfq
2000-12-21,41.990,42.457,41.273,41.273,9750,,,-1.4870,hfq
2000-12-22,41.273,41.584,41.117,41.429,10628,,,0.3780,hfq
2000-12-26,40.527,41.633,40.527,41.115,7600,,,-0.7579,hfq
2000-12-27,41.287,41.736,41.115,41.356,6648,,,0.5862,hfq
2000-12-28,41.564,41.633,41.011,41.115,16635,,,-0.5827,hfq
2000-12-29,41.115,41.909,41.115,41.391,4343,,,0.6713,hfq
2001-01-02,41.460,42.842,41.460,42.635,7930,,,3.0055,hfq
2001-01-03,42.635,43.015,42.600,43.015,9617,,,0.8913,hfq
2001-01-04,42.669,43.740,42.669,43.015,10517,,,0.0000,hfq
2001-01-05,43.360,43.533,42.842,43.360,9396,,,0.8020,hfq
2001-01-08,43.360,44.915,43.360,44.500,24641,,,2.6292,hfq
2001-01-09,44.500,46.124,44.086,44.604,18494,,,0.2337,hfq
2001-01-10,44.742,45.433,44.396,44.673,11127,,,0.1547,hfq
2001-01-11,44.742,45.606,43.015,43.706,19766,,,-2.1646,hfq
2001-01-12,43.706,44.016,43.360,43.947,16158,,,0.5514,hfq
2001-01-15,43.947,44.776,43.533,44.155,18657,,,0.4733,hfq
2001-01-16,42.324,44.327,42.324,44.051,9703,,,-0.2355,hfq
2001-01-17,44.051,44.673,42.842,44.051,5809,,,0.0000,hfq
2001-01-18,43.982,45.640,43.809,45.122,17596,,,2.4313,hfq
2001-01-19,45.467,46.400,45.433,45.709,34631,,,1.3009,hfq
2001-02-05,45.709,45.916,44.742,45.640,31370,,,-0.1510,hfq
2001-02-06,44.915,45.986,43.878,45.433,26731,,,-0.4535,hfq
2001-02-07,45.778,45.951,44.327,45.122,9935,,,-0.6845,hfq
2001-02-08,44.673,45.398,43.291,43.360,14717,,,-3.9050,hfq
2001-02-09,43.360,44.742,40.596,44.016,22469,,,1.5129,hfq
2001-02-12,43.878,44.293,43.533,43.913,8642,,,-0.2340,hfq
2001-02-13,43.913,45.087,43.913,44.535,7777,,,1.4164,hfq
2001-02-14,44.742,45.087,44.086,44.466,3646,,,-0.1549,hfq
2001-02-15,44.742,45.053,44.396,44.707,3365,,,0.5420,hfq
2001-02-16,44.396,44.742,43.360,44.466,6738,,,-0.5391,hfq
2001-02-19,44.742,45.986,44.673,45.536,15821,,,2.4063,hfq
2001-02-20,45.951,46.124,45.122,45.433,10032,,,-0.2262,hfq
2001-02-21,45.329,45.502,43.913,44.396,15375,,,-2.2825,hfq
2001-02-22,44.051,44.569,43.498,44.362,6281,,,-0.0766,hfq
2001-02-23,44.224,44.396,43.464,44.362,6692,,,0.0000,hfq
2001-02-26,44.707,45.502,44.224,45.260,11546,,,2.0243,hfq
2001-02-27,45.398,45.433,44.742,45.191,4387,,,-0.1525,hfq
2001-02-28,45.191,46.331,45.191,46.158,17419,,,2.1398,hfq
2001-03-01,46.193,48.127,46.193,47.402,38296,,,2.6951,hfq
2001-03-02,47.575,48.404,46.987,47.471,20569,,,0.1456,hfq
2001-03-05,47.575,48.818,47.160,48.300,20168,,,1.7463,hfq
2001-03-06,48.369,48.887,47.851,48.542,13044,,,0.5010,hfq
2001-03-07,48.542,48.853,47.229,47.713,12678,,,-1.7078,hfq
2001-03-08,47.506,47.851,47.091,47.333,9335,,,-0.7964,hfq
2001-03-09,47.333,48.197,47.091,48.058,9840,,,1.5317,hfq
2001-03-12,48.197,48.818,47.713,48.024,7198,,,-0.0707,hfq
2001-03-13,48.197,48.197,46.815,47.091,7763,,,-1.9428,hfq
2001-03-14,47.126,47.609,46.815,47.298,4692,,,0.4396,hfq
2001-03-15,47.506,47.609,46.884,46.884,7471,,,-0.8753,hfq
2001-03-16,46.884,47.506,46.815,47.160,5698,,,0.5887,hfq
2001-03-19,47.506,48.369,47.333,48.266,9966,,,2.3452,hfq
2001-03-20,48.266,48.542,48.197,48.231,7840,,,-0.0725,hfq
2001-03-21,48.369,48.369,47.506,48.093,7674,,,-0.2861,hfq
2001-03-22,48.197,49.440,48.127,48.887,21643,,,1.6510,hfq
2001-03-23,48.887,49.164,47.229,47.229,14498,,,-3.3915,hfq
2001-03-26,47.333,49.060,47.333,48.887,14029,,,3.5106,hfq
2001-03-27,48.957,49.682,48.542,49.267,17571,,,0.7773,hfq
2001-03-28,49.233,50.546,48.818,49.924,22698,,,1.3335,hfq
2001-03-29,49.924,50.787,49.786,50.097,16797,,,0.3465,hfq
2001-03-30,50.027,50.442,49.578,50.097,8030,,,0.0000,hfq
2001-04-02,50.131,50.131,48.749,49.406,15008,,,-1.3793,hfq
2001-04-03,49.233,49.855,48.887,49.198,7379,,,-0.4210,hfq
2001-04-04,49.198,49.233,48.127,48.369,12001,,,-1.6850,hfq
2001-04-05,47.678,48.887,47.609,48.611,7828,,,0.5003,hfq
2001-04-06,48.818,48.818,48.058,48.369,5758,,,-0.4978,hfq
2001-04-09,48.369,48.887,48.197,48.369,5084,,,0.0000,hfq
2001-04-10,48.024,49.578,48.024,48.853,5481,,,1.0006,hfq
2001-04-11,48.853,49.406,48.438,49.060,7240,,,0.4237,hfq
2001-04-12,48.887,49.233,48.093,48.231,9267,,,-1.6898,hfq
2001-04-13,48.197,48.715,47.506,47.609,13301,,,-1.2896,hfq
2001-04-16,47.678,48.853,47.540,48.300,12622,,,1.4514,hfq
2001-04-17,48.404,48.542,47.126,47.264,19552,,,-2.1449,hfq
2001-04-18,47.160,47.575,46.746,46.849,13228,,,-0.8780,hfq
2001-04-19,46.849,48.024,46.849,47.437,10472,,,1.2551,hfq
2001-04-20,47.506,47.989,46.780,46.987,6891,,,-0.9486,hfq
2001-04-23,46.987,47.402,46.469,47.333,5916,,,0.7364,hfq
2001-04-24,47.333,48.542,47.333,48.093,15468,,,1.6056,hfq
2001-04-25,48.542,48.715,47.402,47.817,14664,,,-0.5739,hfq
2001-04-26,47.540,48.127,47.437,47.506,5899,,,-0.6504,hfq
2001-04-27,47.402,48.300,47.333,47.920,11306,,,0.8715,hfq
2001-04-30,48.127,48.335,47.471,47.678,7393,,,-0.5050,hfq
2001-05-08,47.678,47.920,47.506,47.851,2888,,,0.3629,hfq
2001-05-09,47.678,48.197,47.540,47.747,3903,,,-0.2173,hfq
2001-05-10,47.437,48.369,47.437,47.782,5519,,,0.0733,hfq
2001-05-14,48.024,49.198,47.851,48.887,9214,,,2.3126,hfq
2001-05-15,49.233,49.440,48.438,48.715,6834,,,-0.3518,hfq
2001-05-16,48.749,48.887,47.575,48.335,8464,,,-0.7800,hfq
2001-05-17,48.197,48.507,47.540,47.782,5295,,,-1.1441,hfq
2001-05-18,47.851,48.024,47.506,47.851,4320,,,0.1444,hfq
2001-05-21,48.127,48.300,47.333,47.506,9053,,,-0.7210,hfq
2001-05-22,47.506,47.851,46.780,46.953,9312,,,-1.1641,hfq
2001-05-23,46.987,46.987,46.331,46.746,6944,,,-0.4409,hfq
2001-05-24,46.815,47.471,46.055,47.298,7342,,,1.1808,hfq
2001-05-25,47.160,47.402,46.642,46.849,2518,,,-0.9493,hfq
2001-05-28,46.987,47.506,46.227,47.437,7432,,,1.2551,hfq
2001-05-29,47.333,47.506,47.126,47.298,2715,,,-0.2930,hfq
2001-05-30,47.160,48.058,47.160,47.920,4562,,,1.3151,hfq
2001-05-31,48.127,48.473,48.024,48.024,5148,,,0.2170,hfq
2001-06-01,48.058,48.715,48.024,48.507,6900,,,1.0057,hfq
2001-06-04,48.369,48.404,47.402,48.127,7019,,,-0.7834,hfq
2001-06-05,48.127,48.369,47.506,47.713,3971,,,-0.8602,hfq
2001-06-06,47.713,47.851,46.815,47.126,7363,,,-1.2303,hfq
2001-06-07,46.987,47.333,46.711,46.953,6759,,,-0.3671,hfq
2001-06-08,46.849,47.575,46.815,47.022,2724,,,0.1470,hfq
2001-06-11,47.057,47.644,46.469,47.022,3529,,,0.0000,hfq
2001-06-12,47.160,47.333,46.676,46.953,6009,,,-0.1467,hfq
2001-06-13,46.953,47.333,46.642,47.298,6485,,,0.7348,hfq
2001-06-14,47.022,48.369,47.022,47.540,9654,,,0.5116,hfq
2001-06-15,47.851,48.369,47.678,48.127,13664,,,1.2347,hfq
2001-06-18,48.197,48.369,46.849,47.298,10472,,,-1.7225,hfq
2001-06-19,47.298,48.369,47.022,48.127,14215,,,1.7527,hfq
2001-06-20,48.335,49.786,48.197,49.026,36447,,,1.8680,hfq
2001-06-21,49.026,49.371,48.646,49.095,12678,,,0.1407,hfq
2001-06-22,49.337,49.406,48.231,48.542,16887,,,-1.1264,hfq
2001-06-25,48.577,49.855,48.231,48.957,39836,,,0.8549,hfq
2001-06-26,49.406,50.442,49.337,49.924,40838,,,1.9752,hfq
2001-06-27,50.373,50.787,49.613,49.820,28969,,,-0.2083,hfq
2001-06-28,49.820,50.235,48.715,48.957,20358,,,-1.7322,hfq
2001-06-29,48.957,50.097,48.749,49.786,13804,,,1.6933,hfq
2001-07-02,50.097,50.200,49.544,50.062,8227,,,0.5544,hfq
2001-07-03,50.753,50.753,49.751,50.097,6705,,,0.0699,hfq
2001-07-04,50.235,50.235,49.855,50.097,7270,,,0.0000,hfq
2001-07-05,49.578,50.062,48.887,49.095,13411,,,-2.0001,hfq
2001-07-06,48.887,49.060,48.507,48.715,5810,,,-0.7740,hfq
2001-07-09,48.577,48.784,48.369,48.715,4394,,,0.0000,hfq
2001-07-10,48.715,49.164,48.404,48.749,5881,,,0.0698,hfq
2001-07-11,49.060,49.060,46.987,47.229,11334,,,-3.1180,hfq
2001-07-12,47.160,48.093,46.987,47.506,10733,,,0.5865,hfq
2001-07-13,47.506,47.886,47.333,47.367,2938,,,-0.2926,hfq
2001-07-16,47.333,48.024,46.815,46.815,4767,,,-1.1654,hfq
2001-07-17,46.815,47.851,46.538,47.747,4999,,,1.9908,hfq
2001-07-18,47.747,47.747,47.160,47.506,1067,,,-0.5047,hfq
2001-07-19,47.540,47.540,46.815,47.022,2927,,,-1.0188,hfq
2001-07-20,47.333,47.851,46.987,47.333,2622,,,0.6614,hfq
2001-07-23,47.920,48.127,47.367,48.024,6650,,,1.4599,hfq
2001-07-24,48.093,48.093,46.815,47.022,2849,,,-2.0865,hfq
2001-07-25,46.987,47.506,46.849,47.367,2917,,,0.7337,hfq
2001-07-26,47.160,47.678,45.778,45.951,8327,,,-2.9894,hfq
2001-07-27,46.124,46.815,45.847,46.296,6210,,,0.7508,hfq
2001-07-30,45.364,46.469,42.324,42.773,15896,,,-7.6097,hfq
2001-07-31,38.869,45.709,38.869,44.051,29822,,,2.9879,hfq
2001-08-01,43.706,45.606,43.706,45.433,4780,,,3.1373,hfq
2001-08-02,45.433,45.467,44.051,45.018,3603,,,-0.9134,hfq
2001-08-03,45.018,46.020,44.846,45.951,6201,,,2.0725,hfq
2001-08-06,44.776,45.882,43.429,43.740,3772,,,-4.8116,hfq
2001-08-07,43.498,45.433,43.360,45.295,3272,,,3.5551,hfq
2001-08-08,45.018,45.606,44.051,45.260,1357,,,-0.0773,hfq
2001-08-09,44.776,45.778,44.742,45.778,1725,,,1.1445,hfq
2001-08-10,45.778,46.746,44.776,46.193,5398,,,0.9065,hfq
2001-08-13,45.813,46.642,45.778,45.847,2025,,,-0.7490,hfq
2001-08-14,45.433,47.333,45.433,46.987,7637,,,2.4865,hfq
2001-08-15,47.022,47.437,46.158,47.402,3842,,,0.8832,hfq
2001-08-16,47.402,47.851,46.469,47.851,10325,,,0.9472,hfq
2001-08-17,48.473,49.164,46.849,47.333,15821,,,-1.0825,hfq
2001-08-20,47.333,47.782,46.987,47.540,3328,,,0.4373,hfq
2001-08-21,47.851,47.920,47.506,47.506,3885,,,-0.0715,hfq
2001-08-22,47.506,47.506,46.815,47.057,5814,,,-0.9451,hfq
2001-08-23,46.642,47.057,46.124,46.780,1875,,,-0.5886,hfq
2001-08-24,46.746,47.195,46.504,46.746,2561,,,-0.0727,hfq
2001-08-27,46.746,46.746,45.053,45.122,3214,,,-3.4741,hfq
2001-08-28,45.087,45.778,44.396,45.295,3598,,,0.3834,hfq
2001-08-29,46.746,46.987,45.606,46.849,5202,,,3.4308,hfq
2001-08-30,46.296,46.987,46.089,46.089,3433,,,-1.6222,hfq
2001-08-31,46.607,47.229,46.124,46.780,3061,,,1.4993,hfq
2001-09-03,46.884,47.817,46.504,47.333,4807,,,1.1821,hfq
2001-09-04,46.573,48.300,46.573,48.058,9535,,,1.5317,hfq
2001-09-05,48.058,48.404,47.506,47.989,6077,,,-0.1436,hfq
2001-09-06,47.989,47.989,47.160,47.229,14859,,,-1.5837,hfq
2001-09-07,46.987,47.437,46.296,46.849,30389,,,-0.8046,hfq
2001-09-10,46.124,47.367,46.089,47.126,4714,,,0.5913,hfq
2001-09-11,47.160,48.162,46.849,47.817,2874,,,1.4663,hfq
2001-09-12,46.124,47.437,43.360,46.711,4780,,,-2.3130,hfq
2001-09-13,46.815,47.471,46.469,46.815,2074,,,0.2226,hfq
2001-09-14,47.402,47.402,46.504,46.746,3407,,,-0.1474,hfq
2001-09-17,46.676,47.126,45.502,45.744,4331,,,-2.1435,hfq
2001-09-18,45.744,47.437,45.053,46.020,1878,,,0.6034,hfq
2001-09-19,46.124,46.987,45.813,46.711,1669,,,1.5015,hfq
2001-09-20,46.642,46.953,46.642,46.780,2157,,,0.1477,hfq
2001-09-21,46.642,46.746,45.502,45.606,2962,,,-2.5096,hfq
2001-09-24,45.433,45.433,43.049,43.775,15940,,,-4.0148,hfq
2001-09-25,43.636,44.224,42.876,43.982,9251,,,0.4729,hfq
2001-09-26,43.982,43.982,42.600,43.706,1779,,,-0.6275,hfq
2001-09-27,42.358,43.533,42.358,42.600,1408,,,-2.5305,hfq
2001-09-28,42.842,43.015,42.393,42.669,1136,,,0.1620,hfq
2001-10-08,42.842,42.842,41.633,41.806,1720,,,-2.0225,hfq
2001-10-09,41.978,43.636,41.633,43.256,613,,,3.4684,hfq
2001-10-10,43.187,43.360,41.978,41.978,1609,,,-2.9545,hfq
2001-10-11,41.806,41.978,39.595,40.873,6553,,,-2.6323,hfq
2001-10-12,40.873,43.360,39.906,42.669,5129,,,4.3941,hfq
2001-10-15,42.496,43.015,41.667,43.015,5206,,,0.8109,hfq
2001-10-16,42.669,42.669,41.115,42.427,4127,,,-1.3670,hfq
2001-10-17,42.427,43.015,42.289,43.015,3812,,,1.3859,hfq
2001-10-18,43.015,43.187,42.186,42.324,2771,,,-1.6064,hfq
2001-10-19,42.255,42.255,39.802,40.873,3700,,,-3.4283,hfq
2001-10-22,40.009,40.251,36.451,38.178,1847,,,-6.5936,hfq
2001-10-23,41.287,42.427,40.631,42.427,9366,,,11.1294,hfq
2001-10-24,44.051,44.051,41.287,42.289,10067,,,-0.3253,hfq
2001-10-25,40.942,41.806,37.695,40.769,13459,,,-3.5943,hfq
2001-10-26,40.596,41.287,39.215,40.769,3725,,,0.0000,hfq
2001-10-29,39.284,41.287,39.284,41.218,3437,,,1.1013,hfq
2001-10-30,41.287,41.287,40.113,41.011,1582,,,-0.5022,hfq
2001-10-31,41.011,42.324,40.078,42.255,4738,,,3.0333,hfq
2001-11-01,42.324,42.324,41.287,41.460,2114,,,-1.8814,hfq
2001-11-02,41.287,41.909,40.873,41.598,1617,,,0.3329,hfq
2001-11-05,41.460,41.460,40.458,41.391,1119,,,-0.4976,hfq
2001-11-06,41.287,41.356,40.596,41.253,1473,,,-0.3334,hfq
2001-11-07,40.907,41.218,39.560,40.182,3060,,,-2.5962,hfq
2001-11-08,39.733,42.255,39.595,40.907,2324,,,1.8043,hfq
2001-11-09,40.942,41.287,40.527,41.287,1039,,,0.9289,hfq
2001-11-12,41.287,41.806,40.596,40.596,3682,,,-1.6737,hfq
2001-11-13,40.596,40.596,40.078,40.078,314,,,-1.2760,hfq
2001-11-14,40.942,41.115,39.802,41.080,2914,,,2.5001,hfq
2001-11-15,41.115,41.460,39.940,41.287,4032,,,0.5039,hfq
2001-11-16,42.324,44.051,41.322,41.391,5552,,,0.2519,hfq
2001-11-19,40.666,41.460,40.666,41.115,2917,,,-0.6668,hfq
2001-11-20,40.873,41.978,40.804,41.702,1854,,,1.4277,hfq
2001-11-21,41.322,43.326,41.322,43.015,5142,,,3.1485,hfq
2001-11-22,43.015,43.533,42.669,43.049,4048,,,0.0790,hfq
2001-11-23,43.049,44.224,42.946,43.671,19831,,,1.4449,hfq
2001-11-26,43.360,44.155,43.360,43.740,6224,,,0.1580,hfq
2001-11-27,43.740,44.016,43.533,43.533,6332,,,-0.4733,hfq
2001-11-28,43.706,44.569,43.706,44.569,8803,,,2.3798,hfq
2001-11-29,45.087,45.087,44.396,44.604,5205,,,0.0785,hfq
2001-11-30,44.742,45.364,44.293,45.364,6139,,,1.7039,hfq
2001-12-03,45.364,46.055,45.018,45.847,9636,,,1.0647,hfq
2001-12-04,46.469,46.469,45.260,45.675,16020,,,-0.3752,hfq
2001-12-05,45.295,46.055,44.915,45.709,11210,,,0.0744,hfq
2001-12-06,45.295,46.435,45.087,45.882,4789,,,0.3785,hfq
2001-12-07,45.847,45.951,45.640,45.813,2935,,,-0.1504,hfq
2001-12-10,45.813,46.227,45.571,45.951,3771,,,0.3012,hfq
2001-12-11,45.778,46.331,45.433,45.502,17019,,,-0.9771,hfq
2001-12-12,45.502,45.778,44.327,45.122,6090,,,-0.8351,hfq
2001-12-13,45.087,45.087,43.706,44.086,11104,,,-2.2960,hfq
2001-12-14,44.051,44.535,43.360,43.878,10663,,,-0.4718,hfq
2001-12-17,44.051,44.707,43.567,43.809,1079,,,-0.1573,hfq
2001-12-18,44.086,44.811,43.671,43.947,9944,,,0.3150,hfq
2001-12-19,44.051,45.606,44.051,44.569,15126,,,1.4153,hfq
2001-12-20,44.707,45.087,43.636,44.051,2694,,,-1.1622,hfq
2001-12-21,44.051,44.535,43.360,43.947,2622,,,-0.2361,hfq
2001-12-24,43.706,43.706,42.669,43.360,3427,,,-1.3357,hfq
2001-12-25,42.496,43.706,42.358,43.429,2247,,,0.1591,hfq
2001-12-26,43.291,45.087,41.909,44.466,16732,,,2.3878,hfq
2001-12-27,45.018,45.364,44.051,44.155,4381,,,-0.6994,hfq
2001-12-28,44.396,45.778,44.155,45.364,13455,,,2.7381,hfq
2001-12-31,45.778,46.469,45.433,45.606,31744,,,0.5335,hfq
2002-01-04,45.709,45.951,43.360,44.742,4631,,,-1.8945,hfq
2002-01-07,44.569,44.742,44.016,44.707,4725,,,-0.0782,hfq
2002-01-08,44.742,44.846,44.016,44.396,10543,,,-0.6956,hfq
2002-01-09,44.224,44.396,43.706,44.051,7299,,,-0.7771,hfq
2002-01-10,43.982,44.258,43.015,43.775,1572,,,-0.6265,hfq
2002-01-11,43.706,46.815,43.533,44.431,6169,,,1.4986,hfq
2002-01-14,43.567,44.086,42.324,42.427,2758,,,-4.5104,hfq
2002-01-15,41.564,43.947,40.596,42.842,15801,,,0.9782,hfq
2002-01-16,41.909,43.326,41.633,42.531,4405,,,-0.7259,hfq
2002-01-17,43.360,43.360,38.869,39.146,4552,,,-7.9589,hfq
2002-01-18,38.869,39.491,37.142,38.973,5202,,,-0.4419,hfq
2002-01-21,38.178,38.178,34.655,34.655,20957,,,-11.0795,hfq
2002-01-22,32.996,34.862,31.960,34.067,3906,,,-1.6967,hfq
2002-01-23,34.033,37.142,33.342,37.073,6305,,,8.8238,hfq
2002-01-24,36.796,38.109,35.449,37.556,6710,,,1.3028,hfq
2002-01-25,37.142,37.487,36.727,37.176,2727,,,-1.0118,hfq
2002-01-28,37.142,37.142,33.687,33.895,6093,,,-8.8256,hfq
2002-01-29,33.342,36.106,33.169,35.622,2915,,,5.0951,hfq
2002-01-30,35.104,35.933,35.069,35.864,261,,,0.6794,hfq
2002-01-31,37.004,38.800,36.451,37.764,5026,,,5.2978,hfq
2002-02-01,38.006,38.282,37.211,37.418,2171,,,-0.9162,hfq
2002-02-04,38.869,38.869,37.487,38.386,13718,,,2.5870,hfq
2002-02-05,38.524,38.696,38.006,38.040,1800,,,-0.9014,hfq
2002-02-06,38.075,38.455,37.142,37.142,3137,,,-2.3607,hfq
2002-02-07,37.626,38.351,37.315,37.556,7306,,,1.1146,hfq
2002-02-08,37.556,39.560,37.487,38.178,10696,,,1.6562,hfq
2002-02-25,38.869,38.973,38.144,38.455,1131,,,0.7255,hfq
2002-02-26,38.455,38.455,37.315,38.075,761,,,-0.9882,hfq
2002-02-27,38.662,38.662,37.176,38.075,14011,,,0.0000,hfq
2002-02-28,38.109,38.213,37.107,37.176,3276,,,-2.3611,hfq
2002-03-01,37.142,37.833,36.796,36.831,1213,,,-0.9280,hfq
2002-03-04,36.451,37.107,35.864,36.796,2463,,,-0.0950,hfq
2002-03-05,36.796,37.936,36.486,37.695,3068,,,2.4432,hfq
2002-03-06,37.764,38.455,37.695,38.040,7551,,,0.9152,hfq
2002-03-07,38.178,38.766,38.109,38.593,17171,,,1.4537,hfq
2002-03-08,39.387,39.387,38.351,39.180,7922,,,1.5210,hfq
2002-03-11,39.076,40.596,39.042,40.389,8480,,,3.0858,hfq
2002-03-12,40.251,40.251,39.146,39.422,5467,,,-2.3942,hfq
2002-03-13,39.284,41.426,38.558,39.491,19999,,,0.1750,hfq
2002-03-14,39.491,40.147,39.284,39.940,4437,,,1.1370,hfq
2002-03-15,40.078,40.942,38.869,39.042,5151,,,-2.2484,hfq
2002-03-18,39.491,40.044,39.146,39.491,3542,,,1.1500,hfq
2002-03-19,39.387,42.289,39.387,41.322,14728,,,4.6365,hfq
2002-03-20,41.633,41.736,40.907,41.529,6175,,,0.5009,hfq
2002-03-21,41.218,41.736,40.976,41.495,5005,,,-0.0819,hfq
2002-03-22,41.564,41.633,41.115,41.633,4065,,,0.3326,hfq
2002-03-25,39.284,43.187,39.249,42.842,6050,,,2.9039,hfq
2002-03-26,42.773,42.842,41.667,42.047,4696,,,-1.8557,hfq
2002-03-27,41.978,42.669,41.806,42.635,2845,,,1.3984,hfq
2002-03-28,42.635,44.569,42.600,44.120,19454,,,3.4831,hfq
2002-03-29,43.878,44.396,42.980,43.049,18377,,,-2.4275,hfq
2002-04-01,43.533,44.224,43.118,44.016,4993,,,2.2463,hfq
2002-04-02,43.706,44.224,40.804,43.291,6911,,,-1.6471,hfq
2002-04-03,43.326,43.533,42.946,43.118,2218,,,-0.3996,hfq
2002-04-04,43.118,43.706,42.324,43.360,3440,,,0.5613,hfq
2002-04-05,43.464,43.740,42.704,43.118,2293,,,-0.5581,hfq
2002-04-08,43.844,43.913,42.393,43.187,2485,,,0.1600,hfq
2002-04-09,43.533,46.435,43.533,45.433,42131,,,5.2006,hfq
2002-04-10,45.847,45.847,44.258,44.776,14243,,,-1.4461,hfq
2002-04-11,44.742,45.191,44.051,44.431,14330,,,-0.7705,hfq
2002-04-12,44.396,45.433,44.396,45.226,4496,,,1.7893,hfq
2002-04-15,45.122,45.122,43.809,43.982,5666,,,-2.7506,hfq
2002-04-16,43.706,43.947,43.533,43.671,3734,,,-0.7071,hfq
2002-04-17,43.291,44.051,43.291,43.913,1343,,,0.5541,hfq
2002-04-18,44.396,44.396,43.636,43.775,2152,,,-0.3143,hfq
2002-04-19,44.051,44.638,43.567,44.535,8730,,,1.7362,hfq
2002-04-22,44.500,45.226,44.258,44.915,4098,,,0.8533,hfq
2002-04-23,45.087,45.226,44.673,44.707,1419,,,-0.4631,hfq
2002-04-24,45.191,45.191,44.431,44.535,3257,,,-0.3847,hfq
2002-04-25,44.535,45.606,44.500,45.087,7437,,,1.2395,hfq
2002-04-26,45.433,45.502,45.087,45.260,3718,,,0.3837,hfq
2002-04-29,45.467,45.467,44.604,45.226,3013,,,-0.0751,hfq
2002-04-30,45.087,45.951,45.087,45.295,2860,,,0.1526,hfq
2002-05-08,45.433,46.124,45.364,45.536,4494,,,0.5321,hfq
2002-05-09,45.433,45.778,45.191,45.467,2200,,,-0.1515,hfq
2002-05-10,45.502,45.571,45.226,45.536,2946,,,0.1518,hfq
2002-05-14,45.571,45.571,44.500,44.673,2047,,,-1.8952,hfq
2002-05-15,44.327,44.742,44.189,44.293,3357,,,-0.8506,hfq
2002-05-16,44.120,44.258,42.393,42.635,3406,,,-3.7433,hfq
2002-05-17,42.704,43.360,42.531,43.326,2363,,,1.6207,hfq
2002-05-20,43.326,43.360,42.324,43.187,1667,,,-0.3208,hfq
2002-05-21,43.118,44.327,43.118,43.775,2767,,,1.3615,hfq
2002-05-22,43.740,43.947,43.015,43.464,3556,,,-0.7105,hfq
2002-05-23,43.464,44.258,43.464,43.706,2756,,,0.5568,hfq
2002-05-24,43.706,43.706,43.153,43.187,2162,,,-1.1875,hfq
2002-05-27,43.429,44.120,43.222,44.051,977,,,2.0006,hfq
2002-05-28,44.189,45.433,42.669,45.087,4454,,,2.3518,hfq
2002-05-29,44.673,45.433,44.396,45.226,5560,,,0.3083,hfq
2002-05-30,45.191,45.398,44.673,45.364,4163,,,0.3051,hfq
2002-05-31,45.364,45.916,45.364,45.571,9202,,,0.4563,hfq
2002-06-03,45.571,45.606,44.051,44.949,5308,,,-1.3649,hfq
2002-06-04,44.742,44.949,43.602,44.051,2335,,,-1.9978,hfq
2002-06-05,43.809,43.809,42.324,42.669,2899,,,-3.1373,hfq
2002-06-06,42.324,45.087,42.324,44.051,3779,,,3.2389,hfq
2002-06-07,44.016,44.086,43.222,43.326,3664,,,-1.6458,hfq
2002-06-10,43.360,43.464,42.773,43.326,6191,,,0.0000,hfq
2002-06-11,43.706,43.706,43.187,43.360,820,,,0.0785,hfq
2002-06-12,43.636,43.947,42.669,42.807,1368,,,-1.2754,hfq
2002-06-13,43.533,43.533,42.842,43.049,253,,,0.5653,hfq
2002-06-14,43.015,43.084,42.600,42.669,1022,,,-0.8827,hfq
2002-06-17,42.324,43.015,41.978,42.013,1376,,,-1.5374,hfq
2002-06-18,42.013,42.842,41.391,42.669,1779,,,1.5614,hfq
2002-06-19,42.635,42.635,42.289,42.358,723,,,-0.7289,hfq
2002-06-20,42.047,42.531,41.978,42.082,1840,,,-0.6516,hfq
2002-06-21,42.324,43.360,42.013,43.187,2125,,,2.6258,hfq
2002-06-24,47.920,47.920,44.811,47.367,33093,,,9.6788,hfq
2002-06-25,46.676,46.676,44.258,44.362,17586,,,-6.3441,hfq
2002-06-26,44.396,44.949,43.706,44.086,5894,,,-0.6222,hfq
2002-06-27,44.466,44.569,43.049,43.360,7558,,,-1.6468,hfq
2002-06-28,43.360,44.051,42.876,43.256,28182,,,-0.2399,hfq
2002-07-01,43.567,43.567,42.704,42.738,15506,,,-1.1975,hfq
2002-07-02,42.876,43.015,42.151,42.600,4777,,,-0.3229,hfq
2002-07-03,42.738,43.187,42.186,43.153,4307,,,1.2981,hfq
2002-07-04,43.118,43.464,42.531,42.842,3858,,,-0.7207,hfq
2002-07-05,42.669,43.015,42.255,42.842,2413,,,0.0000,hfq
2002-07-08,42.842,43.015,42.255,42.324,2488,,,-1.2091,hfq
2002-07-09,42.358,42.496,42.255,42.324,2346,,,0.0000,hfq
2002-07-10,42.427,43.187,42.427,42.807,4875,,,1.1412,hfq
2002-07-11,42.773,43.360,42.669,43.015,3397,,,0.4859,hfq
2002-07-12,43.015,43.326,42.151,42.324,2414,,,-1.6064,hfq
2002-07-15,42.358,43.360,41.046,41.806,2810,,,-1.2239,hfq
2002-07-16,41.909,43.049,41.909,42.289,2079,,,1.1553,hfq
2002-07-17,42.324,42.600,41.495,41.771,2105,,,-1.2249,hfq
2002-07-18,42.496,42.496,41.391,41.598,4244,,,-0.4142,hfq
2002-07-19,41.633,41.944,41.287,41.633,3347,,,0.0841,hfq
2002-07-22,41.806,41.806,41.149,41.287,2960,,,-0.8311,hfq
2002-07-23,41.218,41.356,40.769,41.149,2435,,,-0.3342,hfq
2002-07-24,40.942,41.495,40.942,41.391,1489,,,0.5881,hfq
2002-07-25,41.287,41.391,40.527,40.596,1581,,,-1.9207,hfq
2002-07-26,40.320,40.735,40.078,40.631,3353,,,0.0862,hfq
2002-07-29,40.873,40.873,40.251,40.700,641,,,0.1698,hfq
2002-07-30,40.527,40.838,40.493,40.596,789,,,-0.2555,hfq
2002-07-31,40.666,40.873,40.389,40.596,692,,,0.0000,hfq
2002-08-01,40.596,41.356,40.596,40.838,1294,,,0.5961,hfq
2002-08-02,40.631,41.080,40.596,41.011,1678,,,0.4236,hfq
2002-08-05,41.149,41.218,40.873,40.907,974,,,-0.2536,hfq
2002-08-06,40.942,41.287,40.942,41.011,680,,,0.2542,hfq
2002-08-07,41.287,41.287,40.769,40.907,464,,,-0.2536,hfq
2002-08-08,40.942,40.942,40.216,40.251,1538,,,-1.6036,hfq
2002-08-09,40.320,40.942,40.078,40.838,942,,,1.4583,hfq
2002-08-12,40.320,40.320,39.318,40.147,4830,,,-1.6921,hfq
2002-08-13,39.906,40.389,39.249,40.147,3987,,,0.0000,hfq
2002-08-14,39.871,40.838,39.595,40.424,2875,,,0.6900,hfq
2002-08-15,40.769,40.769,39.906,40.113,542,,,-0.7693,hfq
2002-08-16,39.698,40.078,39.560,39.940,1011,,,-0.4313,hfq
2002-08-19,40.251,40.251,39.595,39.802,433,,,-0.3455,hfq
2002-08-20,39.595,40.596,39.595,40.355,3398,,,1.3894,hfq
2002-08-21,40.424,41.633,40.389,40.666,4210,,,0.7707,hfq
2002-08-22,40.838,40.942,40.458,40.769,1917,,,0.2533,hfq
2002-08-23,39.560,41.598,39.560,41.495,8747,,,1.7808,hfq
2002-08-26,41.564,41.633,40.596,40.804,1128,,,-1.6653,hfq
2002-08-27,40.942,40.942,40.527,40.838,1330,,,0.0833,hfq
2002-08-28,40.942,40.942,40.631,40.873,943,,,0.0857,hfq
2002-08-29,40.873,40.942,40.631,40.631,1873,,,-0.5921,hfq
2002-08-30,40.666,40.907,39.215,40.735,3355,,,0.2560,hfq
2002-09-02,40.735,40.804,40.078,40.424,2899,,,-0.7635,hfq
2002-09-03,40.458,40.458,39.906,39.906,483,,,-1.2814,hfq
2002-09-04,39.906,40.596,39.906,39.940,921,,,0.0852,hfq
2002-09-05,39.767,40.216,39.387,39.387,913,,,-1.3846,hfq
2002-09-09,39.180,39.387,38.938,39.111,2081,,,-0.7007,hfq
2002-09-10,39.284,39.318,38.869,38.904,703,,,-0.5293,hfq
2002-09-11,39.215,39.215,38.247,39.146,1186,,,0.6220,hfq
2002-09-12,39.111,39.111,38.386,38.731,863,,,-1.0601,hfq
2002-09-13,38.627,38.627,38.282,38.386,1037,,,-0.8908,hfq
2002-09-16,38.386,39.353,38.178,39.146,3685,,,1.9799,hfq
2002-09-17,39.249,39.802,38.800,39.629,3074,,,1.2338,hfq
2002-09-18,39.629,40.078,39.560,39.871,3140,,,0.6107,hfq
2002-09-19,39.906,40.562,39.353,40.147,5989,,,0.6922,hfq
2002-09-20,40.493,40.493,39.595,39.975,4741,,,-0.4284,hfq
2002-09-23,40.147,40.320,39.042,39.975,5480,,,0.0000,hfq
2002-09-24,39.836,40.286,39.629,40.078,4871,,,0.2577,hfq
2002-09-25,40.182,40.251,39.526,39.733,9095,,,-0.8608,hfq
2002-09-26,40.113,40.355,39.456,39.491,11062,,,-0.6091,hfq
2002-09-27,39.906,40.044,39.249,39.491,12802,,,0.0000,hfq
2002-10-08,39.595,39.733,38.420,39.042,5574,,,-1.1370,hfq
2002-10-09,38.938,39.456,38.524,38.593,3428,,,-1.1500,hfq
2002-10-10,38.627,39.560,38.420,38.869,3131,,,0.7152,hfq
2002-10-11,39.560,39.664,38.524,39.111,3802,,,0.6226,hfq
2002-10-14,39.215,39.802,38.696,39.491,2158,,,0.9716,hfq
2002-10-15,39.111,40.009,39.111,39.698,4249,,,0.5242,hfq
2002-10-16,40.078,40.147,39.664,39.940,2250,,,0.6096,hfq
2002-10-17,39.836,39.836,38.869,39.249,2508,,,-1.7301,hfq
2002-10-18,39.249,39.975,39.111,39.698,3080,,,1.1440,hfq
2002-10-21,39.560,40.216,39.560,39.975,3261,,,0.6978,hfq
2002-10-22,40.251,40.424,39.560,40.182,3668,,,0.5178,hfq
2002-10-23,39.906,40.424,39.560,39.802,1030,,,-0.9457,hfq
2002-10-24,39.767,40.389,39.387,39.871,3265,,,0.1734,hfq
2002-10-25,40.078,40.320,39.560,40.009,3639,,,0.3461,hfq
2002-10-28,40.493,42.600,39.215,39.526,2798,,,-1.2072,hfq
2002-10-29,40.182,40.182,38.524,39.180,7001,,,-0.8754,hfq
2002-10-30,39.215,39.491,38.662,38.904,1249,,,-0.7044,hfq
2002-10-31,38.800,39.560,38.524,38.524,622,,,-0.9768,hfq
2002-11-01,38.524,39.215,38.524,39.042,407,,,1.3446,hfq
2002-11-04,38.800,39.698,38.662,39.318,1144,,,0.7069,hfq
2002-11-05,39.387,39.767,39.042,39.387,11583,,,0.1755,hfq
2002-11-06,39.215,39.629,38.869,39.180,7893,,,-0.5256,hfq
2002-11-07,39.215,39.387,38.524,38.973,6089,,,-0.5283,hfq
2002-11-08,39.042,39.387,38.351,38.696,3130,,,-0.7107,hfq
2002-11-11,38.524,39.111,37.487,37.591,3313,,,-2.8556,hfq
2002-11-12,37.073,37.487,33.618,33.998,4624,,,-9.5581,hfq
2002-11-13,34.033,34.655,32.824,33.756,2252,,,-0.7118,hfq
2002-11-14,33.342,33.756,33.169,33.273,1415,,,-1.4309,hfq
2002-11-15,33.342,34.033,33.342,33.445,1553,,,0.5169,hfq
2002-11-18,34.033,34.033,31.615,33.065,1890,,,-1.1362,hfq
2002-11-19,32.720,33.964,31.995,32.893,1734,,,-0.5202,hfq
2002-11-20,32.133,32.893,29.749,29.956,3154,,,-8.9290,hfq
2002-11-21,29.818,30.405,29.818,29.991,2016,,,0.1168,hfq
2002-11-22,30.129,32.271,29.956,30.267,4157,,,0.9203,hfq
2002-11-25,30.060,31.027,29.127,30.958,5346,,,2.2830,hfq
2002-11-26,30.509,32.996,30.198,32.375,17566,,,4.5772,hfq
2002-11-27,32.133,33.964,31.407,33.411,16587,,,3.2000,hfq
2002-11-28,33.342,34.655,32.478,34.447,15416,,,3.1008,hfq
2002-11-29,38.040,38.040,34.033,36.451,27608,,,5.8176,hfq
2002-12-02,36.451,36.796,35.069,35.380,5334,,,-2.9382,hfq
2002-12-03,35.311,35.829,35.069,35.691,2010,,,0.8790,hfq
2002-12-04,35.760,36.451,34.931,35.967,3709,,,0.7733,hfq
2002-12-05,35.967,35.967,35.345,35.656,1682,,,-0.8647,hfq
2002-12-06,35.622,36.278,35.415,35.795,2269,,,0.3898,hfq
2002-12-09,35.656,36.451,35.656,36.175,1848,,,1.0616,hfq
2002-12-10,35.553,36.278,35.553,36.071,3436,,,-0.2875,hfq
2002-12-11,36.071,36.106,34.551,36.036,9429,,,-0.0970,hfq
2002-12-12,35.725,36.106,34.620,35.069,6757,,,-2.6834,hfq
2002-12-13,35.035,35.725,34.551,35.484,3279,,,1.1834,hfq
2002-12-16,35.553,35.795,34.724,35.345,4510,,,-0.3917,hfq
2002-12-17,35.311,35.933,35.069,35.898,4519,,,1.5646,hfq
2002-12-18,35.898,36.106,35.587,35.829,378,,,-0.1922,hfq
2002-12-19,35.760,35.933,35.069,35.656,10342,,,-0.4828,hfq
2002-12-20,35.656,35.967,35.587,35.760,13318,,,0.2917,hfq
2002-12-23,35.760,36.106,35.587,36.106,4104,,,0.9676,hfq
2002-12-24,35.933,36.106,35.622,35.622,1114,,,-1.3405,hfq
2002-12-25,35.622,35.829,35.311,35.484,1029,,,-0.3874,hfq
2002-12-26,35.587,35.622,34.585,35.207,1213,,,-0.7806,hfq
2002-12-27,34.551,35.656,33.342,35.622,2617,,,1.1787,hfq
2002-12-30,35.587,35.587,34.205,34.344,15502,,,-3.5877,hfq
2002-12-31,34.033,35.518,33.480,35.138,8021,,,2.3119,hfq
2003-01-02,33.825,35.380,33.204,33.342,1725,,,-5.1113,hfq
2003-01-03,33.342,34.965,32.824,33.722,9357,,,1.1397,hfq
2003-01-06,34.033,34.033,33.342,33.549,485,,,-0.5130,hfq
2003-01-07,33.549,34.585,33.515,34.275,2480,,,2.1640,hfq
2003-01-08,34.102,34.758,34.067,34.482,1565,,,0.6039,hfq
2003-01-09,34.482,34.931,34.240,34.724,4412,,,0.7018,hfq
2003-01-10,35.069,35.069,34.413,34.516,815,,,-0.5990,hfq
2003-01-13,34.516,34.516,33.653,33.929,5699,,,-1.7007,hfq
2003-01-14,33.929,35.035,33.584,34.689,5746,,,2.2400,hfq
2003-01-15,34.758,34.965,34.205,34.275,4494,,,-1.1935,hfq
2003-01-16,34.205,34.240,33.618,34.033,10363,,,-0.7061,hfq
2003-01-17,34.309,34.551,33.376,33.411,3520,,,-1.8276,hfq
2003-01-20,33.376,33.480,32.824,33.376,1137,,,-0.1048,hfq
2003-01-21,33.376,33.964,33.342,33.376,1387,,,0.0000,hfq
2003-01-22,33.307,33.342,32.824,32.996,1151,,,-1.1385,hfq
2003-01-23,33.860,33.860,32.133,32.305,2587,,,-2.0942,hfq
2003-01-24,32.305,32.651,32.133,32.513,1303,,,0.6439,hfq
2003-01-27,32.513,32.927,32.340,32.720,1094,,,0.6367,hfq
2003-01-28,32.651,33.342,32.582,33.169,2954,,,1.3722,hfq
2003-01-29,33.342,33.584,32.824,33.411,1418,,,0.7296,hfq
2003-02-10,32.996,33.273,32.409,32.789,645,,,-1.8617,hfq
2003-02-11,32.789,33.515,32.651,33.445,1135,,,2.0007,hfq
2003-02-12,33.273,34.447,33.135,34.378,2526,,,2.7897,hfq
2003-02-13,32.996,34.896,32.996,34.827,5662,,,1.3061,hfq
2003-02-14,34.793,34.793,34.378,34.413,2732,,,-1.1887,hfq
2003-02-17,34.413,34.620,33.860,34.240,1254,,,-0.5027,hfq
2003-02-18,34.033,34.275,33.756,34.136,1719,,,-0.3037,hfq
2003-02-19,34.136,34.378,33.895,34.275,1799,,,0.4072,hfq
2003-02-20,34.378,34.620,34.033,34.240,2584,,,-0.1021,hfq
2003-02-21,34.275,34.585,34.067,34.205,5927,,,-0.1022,hfq
2003-02-24,34.240,34.862,34.067,34.758,8556,,,1.6167,hfq
2003-02-25,34.862,35.725,34.655,35.691,12791,,,2.6843,hfq
2003-02-26,35.691,35.829,35.345,35.449,1287,,,-0.6780,hfq
2003-02-27,35.725,35.725,34.931,35.069,3953,,,-1.0720,hfq
2003-02-28,34.931,34.931,34.378,34.413,1595,,,-1.8706,hfq
2003-03-03,34.655,35.173,34.413,34.724,2312,,,0.9037,hfq
2003-03-04,35.587,35.587,34.724,35.380,5825,,,1.8892,hfq
2003-03-05,35.449,35.449,34.965,35.069,1466,,,-0.8790,hfq
2003-03-06,35.725,35.725,34.447,34.724,1940,,,-0.9838,hfq
2003-03-07,34.585,35.207,34.551,34.585,1030,,,-0.4003,hfq
2003-03-10,35.242,35.345,34.378,34.413,10028,,,-0.4973,hfq
2003-03-11,34.413,34.724,34.171,34.724,25298,,,0.9037,hfq
2003-03-12,34.724,34.862,34.413,34.793,10458,,,0.1987,hfq
2003-03-13,34.793,34.931,34.240,34.344,1948,,,-1.2905,hfq
2003-03-14,34.067,34.585,34.067,34.344,847,,,0.0000,hfq
2003-03-17,34.102,34.585,33.964,34.482,6781,,,0.4018,hfq
2003-03-18,34.378,34.447,34.067,34.136,1785,,,-1.0034,hfq
2003-03-19,34.033,34.447,33.895,34.033,4279,,,-0.3017,hfq
2003-03-20,34.309,34.344,33.756,34.067,12888,,,0.0999,hfq
2003-03-21,34.205,34.482,33.860,34.344,2361,,,0.8131,hfq
2003-03-24,34.516,34.896,34.240,34.585,1937,,,0.7017,hfq
2003-03-25,34.827,34.931,34.482,34.724,7486,,,0.4019,hfq
2003-03-26,34.724,34.793,34.378,34.585,3127,,,-0.4003,hfq
2003-03-27,34.516,35.242,34.447,35.035,2135,,,1.3011,hfq
2003-03-28,34.758,35.035,33.687,34.447,2055,,,-1.6783,hfq
2003-03-31,34.378,35.415,34.378,35.207,7081,,,2.2063,hfq
2003-04-01,35.000,35.173,34.447,34.620,5761,,,-1.6673,hfq
2003-04-02,34.655,34.965,34.551,34.689,10697,,,0.1993,hfq
2003-04-03,34.896,35.276,34.827,34.896,2923,,,0.5967,hfq
2003-04-04,34.793,35.311,34.724,35.207,1729,,,0.8912,hfq
2003-04-07,35.242,36.244,35.069,36.140,15953,,,2.6500,hfq
2003-04-08,36.313,37.315,36.106,36.866,23086,,,2.0089,hfq
2003-04-09,37.004,37.073,36.106,36.727,14146,,,-0.3770,hfq
2003-04-10,36.796,37.280,35.587,35.795,14564,,,-2.5376,hfq
2003-04-11,35.760,35.760,34.896,35.380,14953,,,-1.1594,hfq
2003-04-14,34.896,35.069,34.033,35.000,10236,,,-1.0741,hfq
2003-04-15,35.000,35.415,34.033,34.344,10515,,,-1.8743,hfq
2003-04-16,34.378,34.896,34.067,34.205,8851,,,-0.4047,hfq
2003-04-17,34.620,34.758,34.205,34.516,8940,,,0.9092,hfq
2003-04-18,34.689,35.276,34.482,35.069,12452,,,1.6022,hfq
2003-04-21,35.069,35.069,33.722,34.689,5244,,,-1.0836,hfq
2003-04-22,35.069,35.069,34.240,34.413,1200,,,-0.7956,hfq
2003-04-23,34.136,34.620,34.033,34.102,3210,,,-0.9037,hfq
2003-04-24,34.655,34.655,33.618,34.240,4451,,,0.4047,hfq
2003-04-25,34.102,34.862,33.860,34.033,7147,,,-0.6046,hfq
2003-04-28,34.033,35.415,33.791,35.173,11715,,,3.3497,hfq
2003-04-29,35.415,35.518,34.724,34.758,15444,,,-1.1799,hfq
2003-04-30,34.758,35.069,34.551,34.724,14107,,,-0.0978,hfq
2003-05-13,34.724,34.724,31.269,31.373,4512,,,-9.6504,hfq
2003-05-14,31.269,31.442,30.578,31.442,1946,,,0.2199,hfq
2003-05-15,31.096,31.615,30.924,31.304,3081,,,-0.4389,hfq
2003-05-16,31.269,34.447,30.924,32.271,4442,,,3.0891,hfq
2003-05-19,32.271,32.409,31.269,31.545,2699,,,-2.2497,hfq
2003-05-20,31.545,31.925,31.096,31.269,1214,,,-0.8749,hfq
2003-05-21,31.545,31.891,30.958,31.131,1273,,,-0.4413,hfq
2003-05-22,31.131,31.856,31.131,31.545,1523,,,1.3299,hfq
2003-05-23,31.545,31.891,31.200,31.338,2414,,,-0.6562,hfq
2003-05-26,31.407,31.615,30.958,31.235,2286,,,-0.3287,hfq
2003-05-27,31.027,31.407,31.027,31.165,1221,,,-0.2241,hfq
2003-05-28,31.615,31.615,31.235,31.269,739,,,0.3337,hfq
2003-05-29,31.269,31.511,30.613,30.855,2826,,,-1.3240,hfq
2003-05-30,31.235,32.271,31.131,31.718,5321,,,2.7970,hfq
2003-06-02,31.856,31.891,31.476,31.787,1708,,,0.2175,hfq
2003-06-03,31.787,31.787,30.924,31.407,1789,,,-1.1955,hfq
2003-06-04,31.684,31.684,30.924,30.993,2779,,,-1.3182,hfq
2003-06-05,31.131,31.131,28.885,30.371,3627,,,-2.0069,hfq
2003-06-06,30.371,30.371,29.542,29.645,2635,,,-2.3904,hfq
2003-06-09,29.645,29.715,29.127,29.542,1607,,,-0.3474,hfq
2003-06-10,29.715,29.853,29.196,29.680,671,,,0.4671,hfq
2003-06-11,29.680,30.233,29.196,29.887,3637,,,0.6974,hfq
2003-06-12,29.853,31.200,29.749,30.924,13510,,,3.4697,hfq
2003-06-13,30.924,31.062,30.509,30.647,1899,,,-0.8957,hfq
2003-06-16,30.613,30.924,30.164,30.716,1389,,,0.2251,hfq
2003-06-17,30.578,30.889,30.198,30.716,1414,,,0.0000,hfq
2003-06-18,30.682,30.682,29.887,30.440,944,,,-0.8986,hfq
2003-06-19,29.196,30.544,29.196,30.164,593,,,-0.9067,hfq
2003-06-20,29.991,31.960,29.991,31.269,23629,,,3.6633,hfq
2003-06-23,31.131,31.753,31.096,31.165,13561,,,-0.3326,hfq
2003-06-24,31.165,31.442,30.751,31.269,1628,,,0.3337,hfq
2003-06-25,30.889,31.304,30.578,30.613,1008,,,-2.0979,hfq
2003-06-26,30.164,30.751,30.164,30.302,984,,,-1.0159,hfq
2003-06-27,30.405,30.613,30.233,30.267,649,,,-0.1155,hfq
2003-06-30,31.096,31.718,30.233,31.407,3679,,,3.7665,hfq
2003-07-01,31.407,31.407,30.060,30.198,778,,,-3.8495,hfq
2003-07-02,30.233,30.613,30.129,30.267,301,,,0.2285,hfq
2003-07-03,30.578,30.578,30.060,30.302,571,,,0.1156,hfq
2003-07-04,30.302,30.578,30.129,30.129,268,,,-0.5709,hfq
2003-07-07,30.336,30.336,29.542,29.749,912,,,-1.2612,hfq
2003-07-08,29.542,31.235,29.542,30.129,2358,,,1.2774,hfq
2003-07-09,30.129,30.129,29.438,29.784,873,,,-1.1451,hfq
2003-07-10,29.887,30.060,29.507,30.060,1446,,,0.9267,hfq
2003-07-11,29.680,30.060,29.542,29.680,980,,,-1.2641,hfq
2003-07-14,29.853,29.853,29.231,29.542,1604,,,-0.4650,hfq
2003-07-15,29.231,29.818,28.678,28.747,2634,,,-2.6911,hfq
2003-07-16,28.851,28.851,27.055,27.918,10207,,,-2.8838,hfq
2003-07-17,27.745,27.745,27.158,27.435,5101,,,-1.7301,hfq
2003-07-18,27.435,27.987,27.089,27.089,2968,,,-1.2612,hfq
2003-07-21,27.158,27.435,26.709,27.055,3493,,,-0.1255,hfq
2003-07-22,27.089,27.262,26.605,26.709,2250,,,-1.2789,hfq
2003-07-23,26.709,26.882,25.742,26.053,4030,,,-2.4561,hfq
2003-07-24,26.018,26.398,24.982,25.673,11327,,,-1.4586,hfq
2003-07-25,25.431,25.604,24.291,25.085,20386,,,-2.2903,hfq
2003-07-28,24.878,24.982,24.325,24.671,9245,,,-1.6504,hfq
2003-07-29,24.533,24.774,23.876,24.705,10116,,,0.1378,hfq
2003-07-30,24.636,25.155,24.533,24.774,4462,,,0.2793,hfq
2003-07-31,24.774,25.120,24.084,24.947,4401,,,0.6983,hfq
2003-08-01,24.740,25.362,24.740,25.189,3978,,,0.9701,hfq
2003-08-04,25.155,25.396,24.878,25.085,3872,,,-0.4129,hfq
2003-08-05,24.913,25.155,24.774,25.085,2462,,,0.0000,hfq
2003-08-06,25.189,25.327,24.464,24.533,2893,,,-2.2005,hfq
2003-08-07,24.533,25.051,24.429,24.636,1525,,,0.4198,hfq
2003-08-08,24.567,24.982,24.256,24.567,1900,,,-0.2801,hfq
2003-08-11,24.567,24.774,24.084,24.602,2928,,,0.1425,hfq
2003-08-12,24.533,25.327,24.533,25.120,4918,,,2.1055,hfq
2003-08-13,25.155,25.293,24.187,24.360,5944,,,-3.0255,hfq
2003-08-14,24.360,24.498,24.222,24.360,1695,,,0.0000,hfq
2003-08-15,24.498,25.051,24.187,24.498,1592,,,0.5665,hfq
2003-08-18,24.498,24.878,24.360,24.533,1232,,,0.1429,hfq
2003-08-19,24.429,24.671,24.325,24.464,1377,,,-0.2813,hfq
2003-08-20,24.533,24.602,24.049,24.256,2361,,,-0.8502,hfq
2003-08-21,24.360,24.602,24.256,24.429,1616,,,0.7132,hfq
2003-08-22,24.429,24.947,24.429,24.844,2535,,,1.6988,hfq
2003-08-25,24.878,24.913,24.291,24.671,2637,,,-0.6963,hfq
2003-08-26,24.498,24.982,24.498,24.878,1648,,,0.8390,hfq
2003-08-27,24.878,27.780,24.844,27.780,19136,,,11.6649,hfq
2003-08-28,27.987,28.367,26.847,26.951,19497,,,-2.9842,hfq
2003-08-29,26.778,27.607,26.433,27.538,8984,,,2.1780,hfq
2003-09-01,27.469,27.469,26.778,27.331,11194,,,-0.7517,hfq
2003-09-02,27.400,27.400,26.467,26.813,10931,,,-1.8953,hfq
2003-09-03,26.847,27.400,26.640,26.916,8103,,,0.3841,hfq
2003-09-04,26.951,27.227,26.813,26.916,5551,,,0.0000,hfq
2003-09-05,27.124,27.124,25.915,25.949,6657,,,-3.5927,hfq
2003-09-08,25.915,26.571,25.707,25.811,3912,,,-0.5318,hfq
2003-09-09,26.087,26.260,25.742,26.225,3867,,,1.6040,hfq
2003-09-10,26.225,26.398,25.845,25.984,1757,,,-0.9190,hfq
2003-09-11,26.156,26.433,25.984,26.156,1470,,,0.6619,hfq
2003-09-12,26.260,26.260,24.844,25.120,7201,,,-3.9609,hfq
2003-09-15,25.120,25.742,24.325,24.533,3164,,,-2.3368,hfq
2003-09-16,24.360,24.878,24.291,24.878,2336,,,1.4063,hfq
2003-09-17,24.809,25.258,24.360,25.016,1715,,,0.5547,hfq
2003-09-18,24.705,25.189,24.705,24.947,1110,,,-0.2758,hfq
2003-09-19,24.947,25.155,24.325,24.705,3912,,,-0.9701,hfq
2003-09-22,24.705,25.224,24.567,24.878,1091,,,0.7003,hfq
2003-09-23,24.740,25.120,24.567,24.913,2064,,,0.1407,hfq
2003-09-24,24.947,25.673,24.947,25.535,3140,,,2.4967,hfq
2003-09-25,25.604,25.604,24.982,25.085,1244,,,-1.7623,hfq
2003-09-26,25.051,25.327,24.567,25.051,3359,,,-0.1355,hfq
2003-09-29,25.085,26.087,24.187,25.949,9839,,,3.5847,hfq
2003-10-08,25.051,26.571,25.051,25.673,3599,,,-1.0636,hfq
2003-10-09,25.396,26.156,25.155,25.396,2394,,,-1.0790,hfq
2003-10-10,25.465,26.433,25.293,26.122,2658,,,2.8587,hfq
2003-10-13,26.156,26.605,26.018,26.502,2412,,,1.4547,hfq
2003-10-14,26.502,26.502,25.638,26.156,2218,,,-1.3056,hfq
2003-10-15,26.709,26.882,26.156,26.364,3424,,,0.7952,hfq
2003-10-16,25.949,26.433,25.327,25.465,1469,,,-3.4100,hfq
2003-10-17,25.051,25.915,25.051,25.327,1902,,,-0.5419,hfq
2003-10-20,25.327,25.742,24.533,24.533,3301,,,-3.1350,hfq
2003-10-21,26.502,26.502,24.222,24.792,1876,,,1.0557,hfq
2003-10-22,24.844,25.569,24.585,25.258,5011,,,1.8796,hfq
2003-10-23,25.362,25.465,24.585,24.844,1880,,,-1.6391,hfq
2003-10-24,24.792,24.999,24.014,24.325,3390,,,-2.0890,hfq
2003-10-27,24.222,25.258,24.014,24.429,11400,,,0.4275,hfq
2003-10-28,24.377,25.414,24.014,25.051,17448,,,2.5462,hfq
2003-10-29,24.792,25.362,23.963,24.014,3485,,,-4.1396,hfq
2003-10-30,23.600,25.051,21.942,23.652,2971,,,-1.5075,hfq
2003-10-31,23.496,24.014,23.289,23.704,8375,,,0.2199,hfq
2003-11-03,23.600,23.704,22.978,23.237,4697,,,-1.9701,hfq
2003-11-04,23.341,23.963,23.134,23.289,5192,,,0.2238,hfq
2003-11-05,23.289,23.755,20.905,21.061,7425,,,-9.5667,hfq
2003-11-06,20.698,20.698,18.574,18.574,15793,,,-11.8086,hfq
2003-11-07,18.729,19.299,18.470,18.781,5233,,,1.1145,hfq
2003-11-10,18.574,18.988,17.537,17.796,5143,,,-5.2447,hfq
2003-11-11,18.004,18.314,17.019,18.314,5585,,,2.9108,hfq
2003-11-12,18.729,18.729,17.278,17.537,5034,,,-4.2427,hfq
2003-11-13,17.900,17.952,17.382,17.848,6204,,,1.7734,hfq
2003-11-14,18.314,19.195,17.589,18.833,11039,,,5.5188,hfq
2003-11-17,18.314,18.936,18.107,18.470,3670,,,-1.9275,hfq
2003-11-18,18.625,18.833,18.159,18.729,8172,,,1.4023,hfq
2003-11-19,18.574,19.299,18.574,19.092,4980,,,1.9382,hfq
2003-11-20,19.040,20.543,19.040,20.387,10408,,,6.7829,hfq
2003-11-21,20.284,20.335,19.351,19.714,7945,,,-3.3011,hfq
2003-11-24,19.092,20.387,19.092,20.387,7345,,,3.4138,hfq
2003-11-25,20.646,22.823,20.128,22.823,36776,,,11.9488,hfq
2003-11-26,22.926,23.963,22.512,22.719,28861,,,-0.4557,hfq
2003-11-27,22.719,23.185,21.942,22.460,15542,,,-1.1400,hfq
2003-11-28,22.356,24.533,22.253,23.185,38603,,,3.2280,hfq
2003-12-01,23.237,23.807,23.185,23.704,11111,,,2.2385,hfq
2003-12-02,23.807,24.274,23.237,23.652,38249,,,-0.2194,hfq
2003-12-03,23.600,23.652,22.356,22.978,10382,,,-2.8497,hfq
2003-12-04,22.926,23.185,22.512,23.134,14606,,,0.6789,hfq
2003-12-05,22.978,25.206,22.512,24.585,34013,,,6.2722,hfq
2003-12-08,24.585,24.585,23.444,24.274,12320,,,-1.2650,hfq
2003-12-09,24.014,25.673,23.911,25.569,47826,,,5.3349,hfq
2003-12-10,25.569,27.538,25.206,27.383,55058,,,7.0945,hfq
2003-12-11,27.279,27.642,26.605,27.124,27956,,,-0.9458,hfq
2003-12-12,26.657,27.227,26.502,26.813,12169,,,-1.1466,hfq
2003-12-15,27.124,27.124,26.139,26.502,14891,,,-1.1599,hfq
2003-12-16,26.502,26.502,25.465,25.828,9749,,,-2.5432,hfq
2003-12-17,26.087,26.968,25.776,25.880,11437,,,0.2013,hfq
2003-12-18,26.087,26.450,25.465,25.932,7211,,,0.2009,hfq
2003-12-19,25.932,27.590,24.740,27.538,24687,,,6.1931,hfq
2003-12-22,28.005,29.404,27.279,28.782,38923,,,4.5174,hfq
2003-12-23,28.782,30.077,28.523,29.715,43867,,,3.2416,hfq
2003-12-24,29.715,29.974,28.834,29.145,18685,,,-1.9182,hfq
2003-12-25,29.352,29.715,28.264,29.248,22805,,,0.3534,hfq
2003-12-26,30.233,30.336,26.865,27.435,58991,,,-6.1987,hfq
2003-12-29,27.331,28.678,25.465,28.108,54534,,,2.4531,hfq
2003-12-30,27.849,28.937,27.124,27.435,47497,,,-2.3943,hfq
2003-12-31,27.175,28.056,26.916,27.797,7749,,,1.3195,hfq
2004-01-02,27.124,27.745,25.569,26.605,6199,,,-4.2882,hfq
2004-01-05,26.035,26.450,25.258,25.569,12276,,,-3.8940,hfq
2004-01-06,25.569,25.880,24.585,24.947,10900,,,-2.4326,hfq
2004-01-07,24.947,26.087,24.636,25.206,5507,,,1.0382,hfq
2004-01-08,25.517,26.035,25.103,25.569,5026,,,1.4401,hfq
2004-01-09,25.569,25.673,24.636,25.103,5901,,,-1.8225,hfq
2004-01-12,25.103,26.191,25.051,25.725,4270,,,2.4778,hfq
2004-01-13,26.035,27.124,25.569,26.968,8603,,,4.8319,hfq
2004-01-14,26.968,27.124,26.191,26.346,3535,,,-2.3064,hfq
2004-01-15,26.139,26.295,25.051,25.569,5064,,,-2.9492,hfq
2004-01-16,25.465,25.880,25.051,25.517,3889,,,-0.2034,hfq
2004-01-29,25.673,26.346,25.569,26.035,3493,,,2.0300,hfq
2004-01-30,26.087,27.124,25.673,26.865,15855,,,3.1880,hfq
2004-02-02,27.538,28.005,26.450,27.279,11792,,,1.5410,hfq
2004-02-03,27.383,28.834,26.916,28.730,22210,,,5.3191,hfq
2004-02-04,28.730,29.611,28.315,28.834,25312,,,0.3620,hfq
2004-02-05,28.937,30.647,28.782,30.647,49230,,,6.2877,hfq
2004-02-06,31.010,32.254,30.544,30.544,49589,,,-0.3361,hfq
2004-02-09,30.129,30.699,29.611,30.647,18260,,,0.3372,hfq
2004-02-10,31.269,31.373,29.818,29.870,14969,,,-2.5353,hfq
2004-02-11,29.870,30.544,28.471,29.093,14631,,,-2.6013,hfq
2004-02-12,29.455,29.766,29.093,29.715,12904,,,2.1380,hfq
2004-02-13,29.766,30.181,28.937,29.041,6036,,,-2.2682,hfq
2004-02-16,28.730,29.611,28.730,29.455,8974,,,1.4256,hfq
2004-02-17,29.455,30.492,29.248,30.233,19417,,,2.6413,hfq
2004-02-18,30.233,30.285,29.455,29.922,12424,,,-1.0287,hfq
2004-02-19,29.974,30.440,29.507,30.025,11486,,,0.3442,hfq
2004-02-20,30.181,31.269,29.974,31.269,33463,,,4.1432,hfq
2004-02-23,31.735,32.202,29.715,29.974,25664,,,-4.1415,hfq
2004-02-24,29.974,30.233,28.575,29.145,15464,,,-2.7657,hfq
2004-02-25,29.145,29.611,27.797,27.901,12615,,,-4.2683,hfq
2004-02-26,27.797,28.108,27.124,27.590,11864,,,-1.1147,hfq
2004-02-27,28.005,28.264,27.642,28.005,11471,,,1.5042,hfq
2004-03-01,28.005,28.523,27.124,28.419,14869,,,1.4783,hfq
2004-03-02,28.419,28.834,28.160,28.419,17490,,,0.0000,hfq
2004-03-03,28.575,30.492,28.160,28.678,23721,,,0.9114,hfq
2004-03-04,28.678,28.989,27.901,28.678,17454,,,0.0000,hfq
2004-03-05,28.782,28.885,28.212,28.471,7163,,,-0.7218,hfq
2004-03-08,28.471,28.471,27.435,27.797,6558,,,-2.3673,hfq
2004-03-09,27.124,27.538,26.605,26.761,8166,,,-3.7270,hfq
2004-03-10,26.865,27.124,26.605,27.020,5285,,,0.9678,hfq
2004-03-11,27.486,28.575,27.279,27.694,5585,,,2.4944,hfq
2004-03-12,27.745,27.745,26.968,27.072,5430,,,-2.2460,hfq
2004-03-15,27.020,27.642,26.605,27.331,6461,,,0.9567,hfq
2004-03-16,27.745,27.745,27.175,27.383,8494,,,0.1903,hfq
2004-03-17,27.590,30.544,27.279,30.544,47114,,,11.5437,hfq
2004-03-18,30.751,34.015,30.233,32.409,116364,,,6.1059,hfq
2004-03-19,33.342,33.342,31.321,32.409,51013,,,0.0000,hfq
2004-03-22,32.824,35.156,30.751,35.104,77220,,,8.3156,hfq
2004-03-23,35.415,36.192,34.326,35.777,70573,,,1.9172,hfq
2004-03-24,36.347,36.347,34.067,34.534,41820,,,-3.4743,hfq
2004-03-25,34.430,34.534,32.824,33.135,27802,,,-4.0511,hfq
2004-03-26,33.342,34.534,32.616,33.705,31684,,,1.7202,hfq
2004-03-29,33.601,34.378,31.269,33.135,27015,,,-1.6911,hfq
2004-03-30,33.186,33.186,31.943,32.513,18894,,,-1.8772,hfq
2004-03-31,32.305,33.394,32.098,33.342,11009,,,2.5497,hfq
2004-04-01,33.238,33.912,33.031,33.705,9693,,,1.0887,hfq
2004-04-02,33.705,33.705,32.979,33.031,10817,,,-1.9997,hfq
2004-04-05,33.238,33.342,32.357,32.927,10089,,,-0.3149,hfq
2004-04-06,32.616,33.860,32.357,33.653,10842,,,2.2049,hfq
2004-04-07,33.601,33.808,32.979,33.238,9761,,,-1.2332,hfq
2004-04-08,33.238,33.705,33.031,33.601,7674,,,1.0921,hfq
2004-04-09,33.549,33.912,32.357,32.513,7660,,,-3.2380,hfq
2004-04-13,32.513,32.979,32.098,32.720,10158,,,0.6367,hfq
2004-04-14,32.305,32.772,31.735,32.150,6897,,,-1.7421,hfq
2004-04-15,32.305,34.637,31.476,33.290,24137,,,3.5459,hfq
2004-04-16,33.445,33.445,32.461,32.875,11085,,,-1.2466,hfq
2004-04-19,32.979,34.534,32.875,34.326,26784,,,4.4137,hfq
2004-04-20,34.171,34.741,33.756,34.326,14066,,,0.0000,hfq
2004-04-21,33.860,34.482,32.461,32.772,8514,,,-4.5272,hfq
2004-04-22,32.720,33.238,31.580,32.616,12489,,,-0.4760,hfq
2004-04-23,32.565,32.720,31.269,32.305,9753,,,-0.9535,hfq
2004-04-26,31.528,32.305,31.321,32.202,3792,,,-0.3188,hfq
2004-04-27,31.787,31.787,29.093,30.181,12018,,,-6.2760,hfq
2004-04-28,30.025,30.492,28.056,29.715,8066,,,-1.5440,hfq
2004-04-29,29.559,29.974,28.730,29.507,5598,,,-0.7000,hfq
2004-04-30,29.300,30.699,28.419,28.782,9682,,,-2.4570,hfq
2004-05-10,28.937,28.937,27.642,28.264,3852,,,-1.7997,hfq
2004-05-11,27.642,28.678,27.642,28.523,3716,,,0.9164,hfq
2004-05-12,28.212,29.455,28.212,29.196,4594,,,2.3595,hfq
2004-05-13,29.611,29.611,28.626,28.885,5376,,,-1.0652,hfq
2004-05-14,28.834,28.989,28.005,28.056,2077,,,-2.8700,hfq
2004-05-17,28.056,29.455,27.901,29.300,7134,,,4.4340,hfq
2004-05-18,29.248,29.559,28.471,29.559,6258,,,0.8840,hfq
2004-05-19,29.300,29.611,29.093,29.093,3256,,,-1.5765,hfq
2004-05-20,28.937,29.093,28.160,28.419,3226,,,-2.3167,hfq
2004-05-21,28.212,31.684,28.056,30.544,62530,,,7.4774,hfq
2004-05-24,30.233,31.010,29.455,30.855,16839,,,1.0182,hfq
2004-05-25,30.751,30.751,28.678,29.248,5399,,,-5.2082,hfq
2004-05-26,28.834,30.129,28.678,29.922,5854,,,2.3044,hfq
2004-05-27,29.818,30.492,29.300,30.077,5826,,,0.5180,hfq
2004-05-28,30.025,31.165,29.196,30.595,24032,,,1.7222,hfq
2004-05-31,30.285,30.699,29.974,30.336,3628,,,-0.8465,hfq
2004-06-01,29.974,30.647,29.715,30.388,6023,,,0.1714,hfq
2004-06-02,30.388,30.647,29.715,29.818,4474,,,-1.8757,hfq
2004-06-03,29.870,29.870,28.937,29.093,2753,,,-2.4314,hfq
2004-06-04,29.196,29.559,28.575,28.730,2778,,,-1.2477,hfq
2004-06-07,28.730,29.145,28.315,28.834,1847,,,0.3620,hfq
2004-06-08,28.626,28.782,27.590,27.694,4196,,,-3.9537,hfq
2004-06-09,27.538,29.455,27.538,29.041,37140,,,4.8639,hfq
2004-06-10,29.041,30.233,28.160,29.196,38062,,,0.5337,hfq
2004-06-11,29.715,29.715,28.575,28.782,6598,,,-1.4180,hfq
2004-06-14,28.678,29.145,27.745,27.953,4190,,,-2.8803,hfq
2004-06-15,28.160,28.937,27.331,28.419,10615,,,1.6671,hfq
2004-06-16,28.419,28.885,27.642,28.212,13773,,,-0.7284,hfq
2004-06-17,28.160,28.212,26.605,27.279,3790,,,-3.3071,hfq
2004-06-18,27.124,27.279,25.984,26.657,5007,,,-2.2801,hfq
2004-06-21,26.657,27.020,26.139,26.865,2589,,,0.7803,hfq
2004-06-22,26.865,27.020,26.346,26.865,2268,,,0.0000,hfq
2004-06-23,26.865,26.865,26.295,26.605,1063,,,-0.9678,hfq
2004-06-24,26.605,27.020,26.191,26.191,1172,,,-1.5561,hfq
2004-06-25,25.984,25.984,24.895,25.051,3222,,,-4.3526,hfq
2004-06-28,26.916,26.916,23.704,24.066,5867,,,-3.9320,hfq
2004-06-29,24.118,25.051,23.755,24.066,9191,,,0.0000,hfq
2004-06-30,24.533,25.310,23.704,24.999,6256,,,3.8768,hfq
2004-07-01,24.274,25.621,24.014,25.414,8040,,,1.6601,hfq
2004-07-02,25.051,25.051,24.792,24.999,2240,,,-1.6330,hfq
2004-07-05,23.548,25.051,23.548,24.636,2649,,,-1.4521,hfq
2004-07-06,26.087,26.139,24.947,25.103,4358,,,1.8956,hfq
2004-07-07,25.051,25.103,24.429,24.585,1273,,,-2.0635,hfq
2004-07-08,24.170,25.310,23.859,25.206,4981,,,2.5259,hfq
2004-07-09,25.051,26.035,24.792,25.103,5052,,,-0.4086,hfq
2004-07-12,24.636,24.947,23.911,24.533,4032,,,-2.2706,hfq
2004-07-13,25.984,25.984,24.274,24.947,4091,,,1.6875,hfq
2004-07-14,25.465,25.465,24.325,24.740,2110,,,-0.8298,hfq
2004-07-15,24.999,25.206,24.429,24.585,1160,,,-0.6265,hfq
2004-07-16,24.999,25.517,24.481,25.465,5635,,,3.5794,hfq
2004-07-19,25.414,25.517,24.895,25.414,3146,,,-0.2003,hfq
2004-07-20,26.087,26.087,24.999,25.103,2978,,,-1.2237,hfq
2004-07-21,25.258,25.362,24.792,24.792,1059,,,-1.2389,hfq
2004-07-22,24.688,24.895,24.014,24.170,1931,,,-2.5089,hfq
2004-07-23,24.170,25.310,23.911,24.792,3916,,,2.5734,hfq
2004-07-26,24.585,24.585,23.911,23.963,2181,,,-3.3438,hfq
2004-07-27,23.963,24.325,23.341,23.496,4859,,,-1.9488,hfq
2004-07-28,23.548,23.755,20.905,22.460,21614,,,-4.4093,hfq
2004-07-29,21.942,22.304,21.475,22.097,6084,,,-1.6162,hfq
2004-07-30,22.408,23.289,22.097,22.149,2963,,,0.2353,hfq
2004-08-02,22.149,22.149,21.113,21.320,3374,,,-3.7428,hfq
2004-08-03,21.164,21.527,20.905,21.268,4970,,,-0.2439,hfq
2004-08-04,21.268,22.149,21.268,21.890,11201,,,2.9246,hfq
2004-08-05,21.734,21.942,21.424,21.734,3093,,,-0.7127,hfq
2004-08-06,21.890,21.890,21.372,21.579,1459,,,-0.7132,hfq
2004-08-09,21.994,22.512,21.372,21.683,2693,,,0.4820,hfq
2004-08-10,21.890,22.408,21.372,21.579,4295,,,-0.4796,hfq
2004-08-11,22.149,22.149,21.372,21.372,4713,,,-0.9593,hfq
2004-08-12,21.164,21.994,21.009,21.942,35126,,,2.6670,hfq
2004-08-13,21.890,22.304,21.164,21.683,7078,,,-1.1804,hfq
2004-08-16,21.527,21.786,20.284,21.216,5973,,,-2.1538,hfq
2004-08-17,21.113,23.444,20.284,23.289,29338,,,9.7709,hfq
2004-08-18,22.978,23.755,22.408,22.874,12623,,,-1.7820,hfq
2004-08-19,22.874,25.517,22.408,24.118,27559,,,5.4385,hfq
2004-08-20,24.118,25.051,23.496,24.481,13706,,,1.5051,hfq
2004-08-23,24.066,24.688,24.014,24.325,13405,,,-0.6372,hfq
2004-08-24,24.377,24.636,23.393,24.118,22358,,,-0.8510,hfq
2004-08-25,24.429,24.429,23.496,23.548,4618,,,-2.3634,hfq
2004-08-26,24.014,24.014,23.237,23.444,20263,,,-0.4417,hfq
2004-08-27,23.444,23.548,22.564,22.719,5784,,,-3.0925,hfq
2004-08-30,22.564,23.134,22.460,22.978,3264,,,1.1400,hfq
2004-08-31,23.496,23.911,22.978,23.652,7861,,,2.9332,hfq
2004-09-01,23.652,23.652,22.978,23.341,2183,,,-1.3149,hfq
2004-09-02,23.185,23.548,22.874,23.289,2395,,,-0.2228,hfq
2004-09-03,23.548,24.014,23.289,23.496,8656,,,0.8888,hfq
2004-09-06,23.496,23.704,23.185,23.600,1586,,,0.4426,hfq
2004-09-07,23.600,23.755,23.341,23.704,6062,,,0.4407,hfq
2004-09-08,23.963,23.963,23.134,23.185,2772,,,-2.1895,hfq
2004-09-09,22.874,22.978,22.356,22.460,12402,,,-3.1270,hfq
2004-09-10,22.460,22.615,21.527,22.201,8576,,,-1.1532,hfq
2004-09-13,22.201,22.201,21.113,21.320,2141,,,-3.9683,hfq
2004-09-14,21.683,23.807,21.683,23.237,8528,,,8.9916,hfq
2004-09-15,22.978,25.932,22.978,24.481,28038,,,5.3535,hfq
2004-09-16,24.325,24.636,23.652,24.066,19478,,,-1.6952,hfq
2004-09-17,24.118,24.999,23.755,24.792,25486,,,3.0167,hfq
2004-09-20,24.844,26.035,24.636,25.880,23995,,,4.3885,hfq
2004-09-21,25.828,27.124,24.947,26.605,21967,,,2.8014,hfq
2004-09-22,26.191,26.605,25.414,25.776,12615,,,-3.1160,hfq
2004-09-23,25.932,27.072,25.103,27.020,12456,,,4.8262,hfq
2004-09-24,27.642,27.901,25.984,26.087,16724,,,-3.4530,hfq
2004-09-27,25.984,26.502,25.569,26.295,8558,,,0.7973,hfq
2004-09-28,26.398,26.605,25.051,26.191,20799,,,-0.3955,hfq
2004-09-29,25.880,26.243,25.258,25.310,5982,,,-3.3638,hfq
2004-09-30,24.844,25.725,24.325,24.792,8096,,,-2.0466,hfq
2004-10-08,25.155,25.465,24.118,25.362,3021,,,2.2991,hfq
2004-10-11,24.895,25.362,24.274,24.533,9621,,,-3.2687,hfq
2004-10-12,24.274,24.274,23.237,23.496,6329,,,-4.2270,hfq
2004-10-13,23.496,25.465,23.134,25.414,18029,,,8.1631,hfq
2004-10-14,25.569,25.725,24.014,24.481,15713,,,-3.6712,hfq
2004-10-15,24.377,24.947,23.393,24.118,8070,,,-1.4828,hfq
2004-10-18,24.222,24.222,23.444,24.014,3125,,,-0.4312,hfq
2004-10-19,24.274,24.792,23.289,23.341,6299,,,-2.8025,hfq
2004-10-20,23.393,24.014,22.719,23.548,10084,,,0.8869,hfq
2004-10-21,23.755,23.807,22.408,22.512,8935,,,-4.3995,hfq
2004-10-22,22.564,22.771,21.061,22.045,6698,,,-2.0744,hfq
2004-10-25,22.460,22.460,21.268,21.631,3524,,,-1.8780,hfq
2004-10-26,21.631,22.045,20.335,21.942,14097,,,1.4378,hfq
2004-10-27,21.734,22.512,21.320,22.356,3504,,,1.8868,hfq
2004-10-28,22.253,23.807,21.683,23.030,28570,,,3.0149,hfq
2004-10-29,22.097,23.082,21.424,21.838,17709,,,-5.1759,hfq
2004-11-01,22.045,22.926,21.838,22.460,26144,,,2.8482,hfq
2004-11-02,22.460,22.874,22.045,22.253,11850,,,-0.9216,hfq
2004-11-03,22.253,23.134,21.734,22.667,9138,,,1.8604,hfq
2004-11-04,22.719,22.719,22.045,22.201,2126,,,-2.0559,hfq
2004-11-05,22.304,22.460,21.942,21.994,1215,,,-0.9324,hfq
2004-11-08,21.942,22.564,21.424,22.460,9079,,,2.1188,hfq
2004-11-09,22.564,22.771,22.201,22.460,3875,,,0.0000,hfq
2004-11-10,22.253,25.051,22.045,24.014,30733,,,6.9190,hfq
2004-11-11,23.963,24.792,23.755,23.859,11232,,,-0.6455,hfq
2004-11-12,23.704,24.274,23.496,23.548,24008,,,-1.3035,hfq
2004-11-15,23.496,24.014,23.496,23.652,28295,,,0.4417,hfq
2004-11-16,23.963,24.585,23.600,24.222,25910,,,2.4099,hfq
2004-11-17,24.429,24.481,23.496,23.496,9384,,,-2.9973,hfq
2004-11-18,23.548,24.170,23.393,23.704,3744,,,0.8853,hfq
2004-11-19,23.704,24.118,23.600,24.014,2931,,,1.3078,hfq
2004-11-22,24.274,24.377,23.859,24.118,11875,,,0.4331,hfq
2004-11-23,24.118,24.118,23.548,23.755,6274,,,-1.5051,hfq
2004-11-24,23.755,24.792,23.652,24.066,13447,,,1.3092,hfq
2004-11-25,24.066,24.792,24.066,24.688,14874,,,2.5846,hfq
2004-11-26,24.688,24.895,24.118,24.118,12113,,,-2.3088,hfq
2004-11-29,24.118,24.118,23.237,23.393,4449,,,-3.0061,hfq
2004-11-30,23.393,23.496,22.823,23.030,3412,,,-1.5517,hfq
2004-12-01,22.978,23.393,22.564,22.564,5263,,,-2.0234,hfq
2004-12-02,22.564,23.030,22.408,22.926,12943,,,1.6043,hfq
2004-12-03,22.978,23.341,22.823,23.030,3181,,,0.4536,hfq
2004-12-06,22.978,23.289,22.874,23.030,2377,,,0.0000,hfq
2004-12-07,22.719,22.978,22.097,22.201,4346,,,-3.5997,hfq
2004-12-08,22.460,22.615,22.097,22.201,2596,,,0.0000,hfq
2004-12-09,22.201,22.512,21.838,22.149,4083,,,-0.2342,hfq
2004-12-10,22.149,22.408,21.424,22.149,12298,,,0.0000,hfq
2004-12-13,21.838,22.097,21.475,21.579,3095,,,-2.5735,hfq
2004-12-14,21.579,22.149,21.579,21.579,7982,,,0.0000,hfq
2004-12-15,21.527,22.253,21.424,21.579,2303,,,0.0000,hfq
2004-12-16,21.579,21.786,21.424,21.579,1383,,,0.0000,hfq
2004-12-17,21.527,21.631,20.854,20.905,2932,,,-3.1234,hfq
2004-12-20,20.905,21.164,20.439,21.113,1543,,,0.9950,hfq
2004-12-21,21.890,21.890,21.061,21.320,2723,,,0.9804,hfq
2004-12-22,21.216,21.942,20.905,21.890,2538,,,2.6735,hfq
2004-12-23,21.890,22.304,21.268,21.475,9912,,,-1.8958,hfq
2004-12-24,21.424,21.527,21.164,21.424,1056,,,-0.2375,hfq
2004-12-27,21.320,21.579,20.957,21.475,27438,,,0.2381,hfq
2004-12-28,21.424,21.579,20.387,20.439,22818,,,-4.8242,hfq
2004-12-29,20.491,20.698,19.765,20.646,9200,,,1.0128,hfq
2004-12-30,20.698,20.750,20.284,20.284,1729,,,-1.7534,hfq
2004-12-31,20.387,20.387,19.351,20.076,7659,,,-1.0254,hfq
2005-01-04,19.506,20.387,19.506,20.128,3233,,,0.2590,hfq
2005-01-05,20.128,20.750,20.024,20.284,7166,,,0.7750,hfq
2005-01-06,20.335,20.594,19.973,20.076,955,,,-1.0254,hfq
2005-01-07,19.973,20.439,19.610,20.076,5184,,,0.0000,hfq
2005-01-10,20.128,20.128,19.765,19.921,1378,,,-0.7721,hfq
2005-01-11,19.869,20.284,19.506,20.128,3326,,,1.0391,hfq
2005-01-12,20.076,20.076,19.765,19.921,844,,,-1.0284,hfq
2005-01-13,19.869,20.698,19.558,20.439,7283,,,2.6003,hfq
2005-01-14,20.439,20.491,20.128,20.491,3552,,,0.2544,hfq
2005-01-17,20.491,20.491,19.714,19.869,2116,,,-3.0355,hfq
2005-01-18,19.869,20.076,18.004,19.817,3811,,,-0.2617,hfq
2005-01-19,19.610,19.973,19.506,19.662,1617,,,-0.7822,hfq
2005-01-20,19.610,19.817,19.247,19.610,8304,,,-0.2645,hfq
2005-01-21,19.610,20.232,19.610,20.076,8888,,,2.3763,hfq
2005-01-24,20.646,20.750,20.128,20.491,2832,,,2.0671,hfq
2005-01-25,20.439,20.439,19.869,20.232,1961,,,-1.2640,hfq
2005-01-26,20.232,20.439,19.869,20.076,2139,,,-0.7711,hfq
2005-01-27,19.973,19.973,19.092,19.144,1384,,,-4.6424,hfq
2005-01-28,19.195,19.195,18.107,18.729,8519,,,-2.1678,hfq
2005-01-31,18.729,18.833,16.656,17.123,7221,,,-8.5749,hfq
2005-02-01,17.278,19.195,17.123,19.195,35280,,,12.1007,hfq
2005-02-02,19.247,20.387,18.884,19.765,30978,,,2.9695,hfq
2005-02-03,19.351,19.610,18.936,18.988,8150,,,-3.9312,hfq
2005-02-04,19.195,19.765,18.833,19.454,6847,,,2.4542,hfq
2005-02-16,19.506,19.765,19.247,19.454,3336,,,0.0000,hfq
2005-02-17,19.454,19.454,18.833,19.144,3614,,,-1.5935,hfq
2005-02-18,19.092,19.247,18.884,18.936,2079,,,-1.0865,hfq
2005-02-21,18.936,19.247,18.833,19.144,2832,,,1.0984,hfq
2005-02-22,19.195,19.973,18.936,19.869,5866,,,3.7871,hfq
2005-02-23,19.817,21.320,19.610,20.750,9605,,,4.4340,hfq
2005-02-24,20.284,20.646,19.973,20.180,8916,,,-2.7470,hfq
2005-02-25,20.180,20.750,20.076,20.128,4473,,,-0.2577,hfq
2005-02-28,20.180,20.646,20.024,20.284,2292,,,0.7750,hfq
2005-03-01,20.335,20.543,19.765,20.387,3389,,,0.5078,hfq
2005-03-02,20.387,21.009,20.180,20.284,4914,,,-0.5052,hfq
2005-03-03,19.973,20.387,19.765,20.335,7533,,,0.2514,hfq
2005-03-04,20.335,20.387,19.921,19.921,2834,,,-2.0359,hfq
2005-03-07,19.869,20.284,19.765,19.973,1866,,,0.2610,hfq
2005-03-08,20.076,20.180,19.610,20.180,3826,,,1.0364,hfq
2005-03-09,20.180,21.164,20.180,20.698,16259,,,2.5669,hfq
2005-03-10,20.439,21.113,20.335,20.491,25056,,,-1.0001,hfq
2005-03-11,20.387,20.646,19.869,20.180,3606,,,-1.5177,hfq
2005-03-14,20.180,20.180,19.092,19.817,3990,,,-1.7988,hfq
2005-03-15,19.714,19.921,19.299,19.403,9113,,,-2.0891,hfq
2005-03-16,19.351,19.662,18.625,19.144,9697,,,-1.3348,hfq
2005-03-17,18.729,19.299,18.314,18.625,2891,,,-2.7110,hfq
2005-03-18,18.107,19.040,18.055,18.522,8790,,,-0.5530,hfq
2005-03-21,18.522,18.729,18.055,18.729,3011,,,1.1176,hfq
2005-03-22,18.625,18.625,18.055,18.418,3712,,,-1.6605,hfq
2005-03-23,18.625,18.677,18.055,18.418,3394,,,0.0000,hfq
2005-03-24,18.625,19.351,18.055,18.884,9497,,,2.5301,hfq
2005-03-25,19.299,19.351,18.574,18.574,2810,,,-1.6416,hfq
2005-03-28,18.366,19.454,16.397,19.454,62035,,,4.7378,hfq
2005-03-29,19.040,20.646,18.366,19.662,27921,,,1.0692,hfq
2005-03-30,19.869,19.869,18.366,19.714,12688,,,0.2645,hfq
2005-03-31,19.714,20.128,19.092,19.714,9603,,,0.0000,hfq
2005-04-01,19.610,20.128,18.833,19.765,9553,,,0.2587,hfq
2005-04-04,19.817,19.817,18.833,18.988,7307,,,-3.9312,hfq
2005-04-05,19.144,19.247,18.470,18.884,4155,,,-0.5477,hfq
2005-04-06,18.625,19.040,17.952,18.781,6622,,,-0.5454,hfq
2005-04-07,18.314,19.247,18.314,18.884,5835,,,0.5484,hfq
2005-04-08,18.884,18.988,18.522,18.833,3953,,,-0.2701,hfq
2005-04-11,18.833,19.092,18.522,18.522,5022,,,-1.6514,hfq
2005-04-12,18.470,18.625,17.330,17.693,13261,,,-4.4758,hfq
2005-04-13,17.537,18.729,17.382,18.314,17372,,,3.5099,hfq
2005-04-14,18.055,18.418,17.796,18.107,4876,,,-1.1303,hfq
2005-04-15,17.796,17.952,17.382,17.693,4614,,,-2.2864,hfq
2005-04-18,17.589,18.418,17.330,18.211,25294,,,2.9277,hfq
2005-04-19,18.211,18.314,17.641,18.107,5223,,,-0.5711,hfq
2005-04-20,17.848,18.055,17.382,17.796,5304,,,-1.7176,hfq
2005-04-21,17.796,18.574,17.278,17.900,12228,,,0.5844,hfq
2005-04-22,17.848,18.055,17.537,17.848,6605,,,-0.2905,hfq
2005-04-25,17.900,18.314,17.537,17.952,15379,,,0.5827,hfq
2005-04-26,18.055,18.055,17.796,18.055,6956,,,0.5738,hfq
2005-04-27,18.055,18.211,17.589,17.900,2287,,,-0.8585,hfq
2005-04-28,17.952,18.107,17.537,17.848,3843,,,-0.2905,hfq
2005-05-09,17.537,17.796,15.983,17.589,6673,,,-1.4511,hfq
2005-05-10,17.226,17.693,16.501,17.589,10193,,,0.0000,hfq
2005-05-11,17.589,17.589,16.604,17.123,6793,,,-2.6494,hfq
2005-05-12,16.915,18.107,16.864,17.693,14026,,,3.3289,hfq
2005-05-13,17.589,18.781,17.330,18.677,11517,,,5.5615,hfq
2005-05-16,18.574,18.574,18.055,18.470,3024,,,-1.1083,hfq
2005-05-17,18.314,18.366,17.796,18.159,2176,,,-1.6838,hfq
2005-05-18,18.159,18.677,17.952,18.574,14474,,,2.2854,hfq
2005-05-19,18.677,18.781,18.314,18.314,8262,,,-1.3998,hfq
2005-05-20,18.211,18.418,18.055,18.159,1738,,,-0.8463,hfq
2005-05-23,18.055,18.055,17.537,17.796,2173,,,-1.9990,hfq
2005-05-24,17.693,18.677,17.693,18.574,4096,,,4.3718,hfq
2005-05-25,18.314,19.869,18.159,19.610,15989,,,5.5777,hfq
2005-05-26,19.351,19.610,18.936,19.351,28610,,,-1.3208,hfq
2005-05-27,19.247,20.387,19.092,20.232,6090,,,4.5527,hfq
2005-05-30,19.610,21.164,19.610,21.061,24480,,,4.0975,hfq
2005-05-31,21.268,21.268,20.646,20.802,21231,,,-1.2298,hfq
2005-06-01,20.387,21.942,20.387,21.683,61522,,,4.2352,hfq
2005-06-02,21.683,21.942,21.009,21.734,10674,,,0.2352,hfq
2005-06-03,21.579,23.496,20.543,21.579,40501,,,-0.7132,hfq
2005-06-06,21.372,21.424,19.973,20.543,17987,,,-4.8010,hfq
2005-06-07,20.543,21.164,20.024,21.061,7677,,,2.5215,hfq
2005-06-08,21.009,22.719,20.802,22.460,34176,,,6.6426,hfq
2005-06-09,22.460,22.667,21.424,21.838,33562,,,-2.7694,hfq
2005-06-10,21.838,22.045,20.905,20.957,31199,,,-4.0343,hfq
2005-06-13,20.957,21.372,20.698,20.957,33141,,,0.0000,hfq
2005-06-14,20.854,21.061,19.817,19.921,9649,,,-4.9435,hfq
2005-06-15,19.869,20.180,19.506,19.714,8502,,,-1.0391,hfq
2005-06-16,19.714,19.973,18.936,19.351,5205,,,-1.8413,hfq
2005-06-17,19.351,19.714,18.833,18.884,17715,,,-2.4133,hfq
2005-06-20,18.781,19.454,18.470,19.247,13351,,,1.9223,hfq
2005-06-21,19.454,19.454,18.884,19.144,5748,,,-0.5351,hfq
2005-06-22,19.144,19.144,18.574,18.936,10401,,,-1.0865,hfq
2005-06-23,19.454,19.454,18.833,19.144,10798,,,1.0984,hfq
2005-06-24,18.884,19.454,18.884,19.351,7820,,,1.0813,hfq
2005-06-27,19.454,20.180,19.454,19.817,37922,,,2.4081,hfq
2005-06-28,19.506,19.765,18.988,19.092,13128,,,-3.6585,hfq
2005-06-29,19.040,19.869,19.040,19.351,17648,,,1.3566,hfq
2005-06-30,19.247,19.610,18.884,19.195,16982,,,-0.8062,hfq
2005-07-01,19.092,19.092,17.174,17.744,23422,,,-7.5593,hfq
2005-07-04,17.434,18.159,17.019,17.537,18950,,,-1.1666,hfq
2005-07-05,17.589,17.952,17.589,17.589,7790,,,0.2965,hfq
2005-07-06,17.693,17.900,17.278,17.537,13887,,,-0.2956,hfq
2005-07-07,17.537,17.796,17.278,17.485,10760,,,-0.2965,hfq
2005-07-08,17.278,17.537,16.915,17.434,6971,,,-0.2917,hfq
2005-07-11,17.382,18.263,17.019,17.382,11741,,,-0.2983,hfq
2005-07-12,17.278,17.537,16.812,17.434,10408,,,0.2992,hfq
2005-07-13,17.382,17.434,16.656,16.812,9092,,,-3.5677,hfq
2005-07-14,17.278,18.004,17.174,17.796,20858,,,5.8530,hfq
2005-07-15,17.796,17.900,17.278,17.537,7701,,,-1.4554,hfq
2005-07-18,17.382,17.434,16.864,17.434,6375,,,-0.5873,hfq
2005-07-19,17.330,17.485,17.071,17.278,9845,,,-0.8948,hfq
2005-07-20,17.330,17.434,17.123,17.330,16044,,,0.3010,hfq
2005-07-21,17.382,17.382,16.864,17.330,7234,,,0.0000,hfq
2005-07-22,17.019,17.744,16.967,17.434,11191,,,0.6001,hfq
2005-07-25,17.071,17.434,17.019,17.278,4314,,,-0.8948,hfq
2005-07-26,17.382,17.434,17.226,17.278,16256,,,0.0000,hfq
2005-07-27,17.278,17.589,16.967,17.537,13984,,,1.4990,hfq
2005-07-28,17.485,18.211,17.330,17.900,46344,,,2.0699,hfq
2005-07-29,17.900,18.004,17.382,17.537,26711,,,-2.0279,hfq
2005-08-01,17.744,18.004,17.382,17.485,17081,,,-0.2965,hfq
2005-08-02,17.589,17.641,17.278,17.485,18529,,,0.0000,hfq
2005-08-03,17.589,18.107,17.537,17.693,46947,,,1.1896,hfq
2005-08-04,17.693,18.055,17.434,17.485,33788,,,-1.1756,hfq
2005-08-05,17.434,17.848,17.330,17.537,45731,,,0.2974,hfq
2005-08-08,17.641,18.263,17.537,18.159,65454,,,3.5468,hfq
2005-08-09,18.159,18.470,17.848,18.418,64088,,,1.4263,hfq
2005-08-10,18.574,18.677,18.004,18.314,74834,,,-0.5647,hfq
2005-08-11,18.314,18.574,17.952,18.418,101107,,,0.5679,hfq
2005-08-12,18.522,19.195,18.107,18.366,103328,,,-0.2823,hfq
2005-08-15,18.366,18.522,18.055,18.418,40523,,,0.2831,hfq
2005-08-16,18.522,18.988,18.055,18.107,63976,,,-1.6886,hfq
2005-08-17,18.107,18.211,16.864,17.485,78418,,,-3.4351,hfq
2005-08-18,17.434,18.418,16.915,17.330,81661,,,-0.8865,hfq
2005-08-19,17.019,17.744,16.915,17.382,31473,,,0.3001,hfq
2005-08-22,17.278,17.434,17.019,17.226,19496,,,-0.8975,hfq
2005-08-23,17.434,17.485,16.656,16.708,29056,,,-3.0071,hfq
2005-08-24,16.656,16.915,15.257,15.879,64908,,,-4.9617,hfq
2005-08-25,15.879,16.501,15.724,16.086,38779,,,1.3036,hfq
2005-08-26,16.086,16.086,15.620,15.827,27615,,,-1.6101,hfq
2005-08-29,16.034,17.693,16.034,17.434,109705,,,10.1535,hfq
2005-08-30,17.174,17.174,16.604,16.812,42048,,,-3.5677,hfq
2005-08-31,16.812,17.226,16.242,16.760,26223,,,-0.3093,hfq
2005-09-01,16.760,17.123,16.449,16.915,58534,,,0.9248,hfq
2005-09-02,16.915,17.226,16.760,17.019,38836,,,0.6148,hfq
2005-09-05,17.071,17.641,17.071,17.330,33252,,,1.8274,hfq
2005-09-06,17.537,17.589,16.656,16.760,40325,,,-3.2891,hfq
2005-09-07,16.708,17.174,16.501,17.123,33309,,,2.1659,hfq
2005-09-08,17.123,17.382,16.915,17.330,45478,,,1.2089,hfq
2005-09-09,17.485,18.107,17.485,17.641,82503,,,1.7946,hfq
2005-09-12,17.693,18.055,17.434,17.693,25771,,,0.2948,hfq
2005-09-13,17.693,17.952,17.537,17.952,39014,,,1.4639,hfq
2005-09-14,18.107,18.418,17.693,18.263,63388,,,1.7324,hfq
2005-09-15,18.211,18.625,17.952,18.314,49771,,,0.2793,hfq
2005-09-16,18.314,18.470,18.159,18.263,23689,,,-0.2785,hfq
2005-09-19,18.263,18.833,18.159,18.625,39521,,,1.9821,hfq
2005-09-20,18.522,18.677,18.055,18.159,43183,,,-2.5020,hfq
2005-09-21,18.107,18.263,17.537,17.693,34144,,,-2.5662,hfq
2005-09-22,17.693,17.693,16.656,16.915,29286,,,-4.3972,hfq
2005-09-23,16.760,17.123,16.656,16.760,17430,,,-0.9163,hfq
2005-09-26,16.656,16.864,16.086,16.190,26844,,,-3.4010,hfq
2005-09-27,16.242,16.553,16.138,16.345,17200,,,0.9574,hfq
2005-09-28,16.242,16.449,15.983,16.086,14301,,,-1.5846,hfq
2005-09-29,16.242,16.501,16.086,16.449,20089,,,2.2566,hfq
2005-09-30,16.604,16.656,16.190,16.501,19569,,,0.3161,hfq
2005-10-10,17.019,17.019,16.138,16.242,8714,,,-1.5696,hfq
2005-10-11,16.138,16.553,16.086,16.501,7233,,,1.5946,hfq
2005-10-12,16.501,16.760,16.294,16.656,9093,,,0.9393,hfq
2005-10-13,16.656,16.656,16.345,16.397,9104,,,-1.5550,hfq
2005-10-14,16.397,16.397,15.620,15.827,19843,,,-3.4762,hfq
2005-10-17,15.724,15.879,15.464,15.724,9624,,,-0.6508,hfq
2005-10-18,15.827,16.086,15.724,16.086,9517,,,2.3022,hfq
2005-10-19,16.086,16.449,15.879,15.931,11535,,,-0.9636,hfq
2005-10-20,15.879,15.983,15.620,15.775,9833,,,-0.9792,hfq
2005-10-21,15.775,16.190,15.672,16.190,10966,,,2.6307,hfq
2005-10-24,16.138,16.553,16.086,16.345,14547,,,0.9574,hfq
2005-10-25,16.294,16.294,15.879,15.879,9459,,,-2.8510,hfq
2005-10-26,15.827,16.034,14.946,14.998,17362,,,-5.5482,hfq
2005-10-27,14.791,14.791,13.495,13.703,23795,,,-8.6345,hfq
2005-10-28,13.703,14.480,13.703,14.117,15214,,,3.0212,hfq
2005-10-31,14.065,14.584,14.014,14.428,10059,,,2.2030,hfq
2005-11-01,14.428,14.428,13.962,14.273,9476,,,-1.0743,hfq
2005-11-02,14.221,15.050,14.221,14.635,34288,,,2.5363,hfq
2005-11-03,14.739,15.464,14.739,14.946,55354,,,2.1250,hfq
2005-11-04,14.894,14.894,14.480,14.843,10427,,,-0.6891,hfq
2005-11-07,14.687,14.946,14.273,14.739,11100,,,-0.7007,hfq
2005-11-08,14.635,14.843,14.324,14.843,9920,,,0.7056,hfq
2005-11-09,14.635,14.894,14.428,14.532,7529,,,-2.0953,hfq
2005-11-10,14.584,14.584,13.651,13.806,12344,,,-4.9959,hfq
2005-11-11,13.651,14.117,13.651,13.962,6140,,,1.1299,hfq
2005-11-14,13.962,14.117,13.703,14.014,5146,,,0.3724,hfq
2005-11-15,14.014,14.169,13.754,13.962,7642,,,-0.3711,hfq
2005-11-16,13.962,14.169,13.754,14.117,11286,,,1.1102,hfq
2005-11-17,14.117,14.324,14.014,14.014,8475,,,-0.7296,hfq
2005-11-18,14.014,14.584,13.910,14.584,23168,,,4.0674,hfq
2005-11-21,14.584,14.739,14.376,14.687,12514,,,0.7063,hfq
2005-11-22,14.739,14.739,14.169,14.221,9245,,,-3.1729,hfq
2005-11-23,14.221,14.480,14.117,14.376,8943,,,1.0899,hfq
2005-11-24,14.428,14.532,14.273,14.376,16755,,,0.0000,hfq
2005-11-25,14.480,14.584,14.169,14.532,12365,,,1.0851,hfq
2005-11-28,14.635,14.739,14.324,14.376,40140,,,-1.0735,hfq
2005-11-29,14.324,14.324,13.962,14.014,12097,,,-2.5181,hfq
2005-11-30,13.962,14.169,13.858,14.117,5532,,,0.7350,hfq
2005-12-01,14.324,14.324,13.962,14.221,9078,,,0.7367,hfq
2005-12-02,14.324,14.324,13.910,13.910,6991,,,-2.1869,hfq
2005-12-05,14.221,14.221,13.703,13.806,8120,,,-0.7477,hfq
2005-12-06,13.858,13.962,13.599,13.806,21078,,,0.0000,hfq
2005-12-07,13.806,13.910,13.703,13.858,10973,,,0.3766,hfq
2005-12-08,13.858,13.858,13.599,13.703,8757,,,-1.1185,hfq
2005-12-09,13.651,14.014,13.547,13.910,15835,,,1.5106,hfq
2005-12-12,13.910,14.065,13.754,13.962,11684,,,0.3738,hfq
2005-12-13,13.910,13.962,13.754,13.910,7112,,,-0.3724,hfq
2005-12-14,13.910,14.169,13.754,14.169,16829,,,1.8620,hfq
2005-12-15,14.169,14.273,13.962,13.962,13888,,,-1.4609,hfq
2005-12-16,13.858,14.117,13.858,14.065,12573,,,0.7377,hfq
2005-12-19,14.065,14.273,13.910,14.221,13546,,,1.1091,hfq
2005-12-20,14.169,14.221,14.014,14.117,10257,,,-0.7313,hfq
2005-12-21,14.169,14.273,13.962,13.962,12347,,,-1.0980,hfq
2005-12-22,13.910,14.324,13.599,14.273,55134,,,2.2275,hfq
2005-12-23,14.324,14.480,14.117,14.428,41631,,,1.0860,hfq
2005-12-26,14.584,14.894,14.480,14.687,72920,,,1.7951,hfq
2005-12-27,14.687,14.739,14.428,14.532,22356,,,-1.0554,hfq
2005-12-28,14.480,14.635,14.376,14.480,15818,,,-0.3578,hfq
2005-12-29,14.480,14.635,14.324,14.532,27910,,,0.3591,hfq
2005-12-30,14.480,14.532,14.065,14.169,26775,,,-2.4979,hfq
2006-01-04,14.169,14.376,13.858,14.273,23476,,,0.7340,hfq
2006-01-05,14.273,14.584,14.221,14.480,24974,,,1.4503,hfq
2006-01-06,14.532,14.894,14.376,14.635,37218,,,1.0704,hfq
2006-01-09,14.635,15.205,14.584,15.050,35106,,,2.8357,hfq
2006-01-10,15.154,15.309,14.843,15.205,32655,,,1.0299,hfq
2006-01-11,15.205,15.464,14.739,14.791,37623,,,-2.7228,hfq
2006-01-12,14.739,15.257,14.739,15.257,27656,,,3.1506,hfq
2006-01-13,15.205,15.309,14.843,14.998,30314,,,-1.6976,hfq
2006-01-16,15.205,15.827,15.154,15.309,64160,,,2.0736,hfq
2006-01-17,15.309,15.672,15.102,15.620,29274,,,2.0315,hfq
2006-01-18,15.568,15.827,15.361,15.724,34888,,,0.6658,hfq
2006-01-19,15.775,16.034,15.516,15.827,30315,,,0.6550,hfq
2006-01-20,16.034,16.034,15.568,15.620,28752,,,-1.3079,hfq
2006-01-23,15.827,15.827,15.154,15.257,58063,,,-2.3239,hfq
2006-01-24,15.309,15.620,15.154,15.464,27886,,,1.3568,hfq
2006-01-25,15.568,15.568,15.050,15.205,24082,,,-1.6749,hfq
2006-02-06,15.361,15.516,15.050,15.464,29831,,,1.7034,hfq
2006-02-07,15.464,16.086,15.361,15.931,47102,,,3.0199,hfq
2006-02-08,16.086,16.138,15.672,16.034,35581,,,0.6465,hfq
2006-02-09,16.242,16.915,15.827,16.034,130670,,,0.0000,hfq
2006-02-10,15.983,16.656,15.827,16.397,52901,,,2.2639,hfq
2006-02-13,16.397,16.449,15.672,16.034,43272,,,-2.2138,hfq
2006-02-14,16.034,16.086,15.672,15.827,46691,,,-1.2910,hfq
2006-02-15,15.827,16.242,15.775,15.983,44144,,,0.9857,hfq
2006-02-16,15.983,16.345,15.464,15.568,51634,,,-2.5965,hfq
2006-02-17,15.516,15.672,15.154,15.205,36309,,,-2.3317,hfq
2006-02-20,15.205,15.413,14.946,14.998,21190,,,-1.3614,hfq
2006-02-21,14.998,15.413,14.843,15.413,21906,,,2.7670,hfq
2006-02-22,15.413,15.568,15.257,15.413,21630,,,0.0000,hfq
2006-02-23,15.464,15.464,15.050,15.413,15572,,,0.0000,hfq
2006-02-24,15.413,15.568,15.257,15.568,17555,,,1.0056,hfq
2006-03-09,14.169,14.376,13.703,13.754,46774,,,-11.6521,hfq
2006-03-10,13.754,13.910,13.547,13.703,18509,,,-0.3708,hfq
2006-03-13,13.703,13.806,13.599,13.754,10560,,,0.3722,hfq
2006-03-14,13.754,13.754,13.288,13.495,27545,,,-1.8831,hfq
2006-03-15,13.392,13.651,13.340,13.599,20082,,,0.7707,hfq
2006-03-16,13.599,13.962,13.444,13.858,38325,,,1.9046,hfq
2006-03-24,14.169,14.584,13.910,14.065,34837,,,1.4937,hfq
2006-03-27,14.014,14.065,13.703,13.962,16618,,,-0.7323,hfq
2006-03-28,13.910,14.169,13.806,14.065,17615,,,0.7377,hfq
2006-03-29,14.065,14.273,13.962,13.962,19502,,,-0.7323,hfq
2006-03-30,13.910,14.065,13.806,13.910,13997,,,-0.3724,hfq
2006-03-31,13.547,13.910,13.288,13.651,15733,,,-1.8620,hfq
2006-04-03,13.651,14.065,13.495,14.065,27309,,,3.0327,hfq
2006-04-04,14.014,14.221,13.806,14.117,23442,,,0.3697,hfq
2006-04-05,14.117,14.428,14.065,14.273,31624,,,1.1051,hfq
2006-04-06,14.221,14.687,14.065,14.428,48493,,,1.0860,hfq
2006-04-07,14.324,14.739,14.273,14.532,28804,,,0.7208,hfq
2006-04-10,14.532,14.791,14.376,14.791,36351,,,1.7823,hfq
2006-04-11,14.791,14.843,14.532,14.635,30777,,,-1.0547,hfq
2006-04-12,14.635,15.102,14.532,14.998,39760,,,2.4804,hfq
2006-04-13,14.998,15.516,14.376,14.428,41228,,,-3.8005,hfq
2006-04-14,14.169,14.739,14.169,14.687,32716,,,1.7951,hfq
2006-04-17,14.584,14.791,14.532,14.635,27387,,,-0.3541,hfq
2006-04-18,14.635,14.687,14.480,14.635,18822,,,0.0000,hfq
2006-04-19,14.584,14.635,14.273,14.376,28104,,,-1.7697,hfq
2006-04-20,14.376,14.584,13.806,13.962,24532,,,-2.8798,hfq
2006-04-21,13.962,14.221,13.754,14.065,21058,,,0.7377,hfq
2006-04-24,14.117,14.169,13.547,13.599,24798,,,-3.3132,hfq
2006-04-26,13.599,13.962,13.547,13.962,21909,,,2.6693,hfq
2006-04-27,14.065,14.117,13.806,14.014,16011,,,0.3724,hfq
2006-04-28,13.962,14.998,13.703,14.739,65450,,,5.1734,hfq
2006-05-08,14.687,15.154,14.480,15.050,54335,,,2.1100,hfq
2006-05-09,15.102,16.553,14.894,16.086,99312,,,6.8837,hfq
2006-05-10,16.034,16.345,15.568,15.775,63748,,,-1.9334,hfq
2006-05-11,15.724,16.449,15.309,15.361,79530,,,-2.6244,hfq
2006-05-12,15.361,17.174,15.361,17.174,180674,,,11.8026,hfq
2006-05-15,17.278,18.729,16.967,18.314,159028,,,6.6379,hfq
2006-05-16,18.055,18.055,16.397,16.656,128509,,,-9.0532,hfq
2006-05-17,16.708,17.744,16.656,17.330,79403,,,4.0466,hfq
2006-05-18,17.174,17.589,16.864,17.434,53395,,,0.6001,hfq
2006-05-19,17.434,18.211,17.278,18.055,119921,,,3.5620,hfq
2006-05-22,18.055,19.454,18.004,18.988,105539,,,5.1675,hfq
2006-05-23,18.988,18.988,17.848,17.952,110723,,,-5.4561,hfq
2006-05-24,17.900,18.418,16.812,17.278,75447,,,-3.7545,hfq
2006-05-25,17.123,18.625,17.123,18.522,68038,,,7.1999,hfq
2006-05-26,18.677,18.988,18.211,18.574,60746,,,0.2807,hfq
2006-05-29,18.625,19.195,18.211,19.040,68797,,,2.5089,hfq
2006-05-30,19.040,19.765,18.625,19.247,74383,,,1.0872,hfq
2006-05-31,19.351,20.543,18.988,19.765,94526,,,2.6913,hfq
2006-06-01,19.714,21.372,19.610,21.164,108077,,,7.0782,hfq
2006-06-02,21.320,21.942,20.802,21.320,116544,,,0.7371,hfq
2006-06-05,21.320,22.512,21.113,22.460,77229,,,5.3471,hfq
2006-06-06,22.356,22.771,21.475,21.734,68335,,,-3.2324,hfq
2006-06-07,21.579,21.942,19.454,19.610,85014,,,-9.7727,hfq
2006-06-08,19.610,19.662,18.107,19.299,74115,,,-1.5859,hfq
2006-06-09,19.144,19.610,18.211,18.314,56186,,,-5.1039,hfq
2006-06-12,18.055,19.247,17.900,19.040,53281,,,3.9642,hfq
2006-06-13,18.988,19.247,18.418,18.936,29779,,,-0.5462,hfq
2006-06-14,18.781,19.092,18.314,18.988,27283,,,0.2746,hfq
2006-06-15,19.092,19.299,18.677,18.729,22602,,,-1.3640,hfq
2006-06-16,18.936,19.299,18.781,19.092,32674,,,1.9382,hfq
2006-06-19,19.092,20.232,18.677,19.869,54248,,,4.0698,hfq
2006-06-20,19.869,20.905,19.610,20.180,47239,,,1.5653,hfq
2006-06-21,19.869,20.180,19.403,19.714,53032,,,-2.3092,hfq
2006-06-22,19.714,20.128,19.351,19.817,46812,,,0.5225,hfq
2006-06-23,19.765,20.439,19.610,20.284,43790,,,2.3566,hfq
2006-06-26,20.232,22.045,20.180,21.942,93541,,,8.1739,hfq
2006-06-27,22.149,22.149,21.268,21.683,44904,,,-1.1804,hfq
2006-06-28,21.683,22.460,21.372,22.201,53061,,,2.3890,hfq
2006-06-29,22.201,23.185,21.994,22.719,109989,,,2.3332,hfq
2006-06-30,22.926,23.082,21.838,21.838,118478,,,-3.8778,hfq
2006-07-03,21.683,22.253,21.683,22.201,46563,,,1.6622,hfq
2006-07-04,22.201,22.719,21.527,21.631,42036,,,-2.5675,hfq
2006-07-05,21.683,21.734,20.854,21.164,47486,,,-2.1589,hfq
2006-07-06,20.957,22.045,20.957,21.942,33578,,,3.6761,hfq
2006-07-07,21.942,22.408,21.579,21.734,30338,,,-0.9480,hfq
2006-07-10,21.527,21.838,21.268,21.683,26917,,,-0.2347,hfq
2006-07-11,21.631,22.564,21.579,22.356,38357,,,3.1038,hfq
2006-07-12,22.408,23.082,22.253,22.304,68086,,,-0.2326,hfq
2006-07-13,22.201,22.667,20.180,20.335,91452,,,-8.8280,hfq
2006-07-14,20.284,21.009,20.180,20.491,41038,,,0.7672,hfq
2006-07-17,20.387,20.802,20.232,20.802,21156,,,1.5177,hfq
2006-07-18,20.750,21.786,20.646,21.579,30343,,,3.7352,hfq
2006-07-19,21.683,22.926,21.527,22.564,84741,,,4.5646,hfq
2006-07-20,22.564,22.874,22.097,22.512,42757,,,-0.2305,hfq
2006-07-21,22.460,24.947,22.460,23.859,125461,,,5.9835,hfq
2006-07-24,23.289,24.118,22.460,23.755,60279,,,-0.4359,hfq
2006-07-25,23.652,24.222,23.289,23.496,54642,,,-1.0903,hfq
2006-07-26,23.496,23.652,22.719,23.548,45608,,,0.2213,hfq
2006-07-27,23.237,23.600,22.512,22.874,36732,,,-2.8622,hfq
2006-07-28,22.823,23.082,22.460,22.771,37241,,,-0.4503,hfq
2006-07-31,22.460,22.615,20.802,20.957,46849,,,-7.9663,hfq
2006-08-01,21.164,21.164,20.335,20.387,47006,,,-2.7199,hfq
2006-08-02,20.387,20.646,19.714,20.180,25576,,,-1.0154,hfq
2006-08-03,20.180,20.802,19.973,20.387,26750,,,1.0258,hfq
2006-08-04,20.439,20.439,18.625,18.884,42931,,,-7.3723,hfq
2006-08-07,18.884,19.195,18.211,18.263,25062,,,-3.2885,hfq
2006-08-08,18.418,19.092,18.418,19.040,21540,,,4.2545,hfq
2006-08-09,19.092,19.144,18.314,18.729,21830,,,-1.6334,hfq
2006-08-10,18.729,19.299,18.729,19.247,26783,,,2.7658,hfq
2006-08-11,19.351,19.351,18.884,19.247,18980,,,0.0000,hfq
2006-08-14,19.144,20.024,19.092,19.610,40472,,,1.8860,hfq
2006-08-15,19.610,19.869,19.195,19.869,19148,,,1.3208,hfq
2006-08-16,19.817,20.024,19.610,19.973,18930,,,0.5234,hfq
2006-08-17,19.921,19.921,19.247,19.714,21012,,,-1.2968,hfq
2006-08-18,19.714,19.714,19.144,19.195,11086,,,-2.6326,hfq
2006-08-21,18.211,19.454,17.900,19.351,18822,,,0.8127,hfq
2006-08-22,19.351,19.610,19.092,19.299,13095,,,-0.2687,hfq
2006-08-23,19.351,19.506,19.144,19.247,11471,,,-0.2694,hfq
2006-08-24,19.247,19.351,18.729,19.299,11939,,,0.2702,hfq
2006-08-25,19.351,20.076,19.195,19.714,22658,,,2.1504,hfq
2006-08-28,19.973,20.750,19.765,20.491,32443,,,3.9414,hfq
2006-08-29,20.802,20.854,20.128,20.180,31508,,,-1.5177,hfq
2006-08-30,20.180,21.942,20.180,21.579,73480,,,6.9326,hfq
2006-08-31,21.683,22.719,21.631,21.890,67037,,,1.4412,hfq
2006-09-01,21.838,22.408,20.905,21.216,85704,,,-3.0790,hfq
2006-09-14,23.237,23.237,22.097,22.874,171420,,,7.8149,hfq
2006-09-15,22.823,22.978,22.408,22.771,68957,,,-0.4503,hfq
2006-09-18,22.978,23.911,22.978,23.600,84527,,,3.6406,hfq
2006-09-19,23.704,24.792,23.289,24.377,152351,,,3.2924,hfq
2006-09-20,24.429,24.895,24.118,24.481,155626,,,0.4266,hfq
2006-10-24,23.735,25.283,23.305,25.111,293351,,,2.5734,hfq
2006-10-25,24.939,25.627,24.165,24.423,198291,,,-2.7398,hfq
2006-10-26,24.423,24.423,23.649,23.821,109716,,,-2.4649,hfq
2006-10-27,23.735,24.251,23.649,23.993,85397,,,0.7221,hfq
2006-10-30,23.993,24.165,22.874,23.219,84373,,,-3.2259,hfq
2006-10-31,23.305,23.735,23.133,23.649,63450,,,1.8519,hfq
2006-11-01,23.735,23.821,23.047,23.563,72297,,,-0.3637,hfq
2006-11-02,23.477,23.649,22.788,23.649,112845,,,0.3650,hfq
2006-11-03,23.563,24.165,23.391,24.079,79367,,,1.8183,hfq
2006-11-06,23.735,25.197,23.563,25.111,190514,,,4.2859,hfq
2006-11-07,25.283,25.283,24.079,24.595,185289,,,-2.0549,hfq
2006-11-08,24.595,24.681,23.993,24.079,57889,,,-2.0980,hfq
2006-11-09,24.165,24.423,23.821,24.337,67052,,,1.0715,hfq
2006-11-10,24.337,24.337,23.133,23.391,80151,,,-3.8871,hfq
2006-11-13,23.391,23.563,22.014,22.358,78294,,,-4.4162,hfq
2006-11-14,22.186,22.616,21.756,22.530,55359,,,0.7693,hfq
2006-11-15,22.444,22.961,22.100,22.874,40253,,,1.5269,hfq
2006-11-16,23.047,23.047,22.272,22.358,50940,,,-2.2558,hfq
2006-11-17,22.358,22.788,22.014,22.616,43509,,,1.1539,hfq
2006-11-20,22.616,22.702,22.100,22.444,46174,,,-0.7605,hfq
2006-11-21,22.444,22.616,22.014,22.616,43892,,,0.7664,hfq
2006-11-22,22.616,23.133,22.100,22.874,62157,,,1.1408,hfq
2006-11-23,22.874,23.133,22.616,22.874,47391,,,0.0000,hfq
2006-11-24,22.961,23.649,22.530,23.563,71910,,,3.0122,hfq
2006-11-27,23.391,23.821,23.133,23.563,69176,,,0.0000,hfq
2006-11-28,23.563,24.423,23.477,24.423,101768,,,3.6498,hfq
2006-11-29,24.251,24.337,23.649,24.079,74406,,,-1.4085,hfq
2006-11-30,24.079,24.853,24.079,24.337,95775,,,1.0715,hfq
2006-12-01,24.251,24.423,23.821,23.907,88022,,,-1.7669,hfq
2006-12-04,23.821,24.767,23.821,24.595,114500,,,2.8778,hfq
2006-12-05,24.681,24.767,24.165,24.767,137586,,,0.6993,hfq
2006-12-06,24.853,27.433,24.767,27.003,457977,,,9.0281,hfq
2006-12-07,26.917,27.003,25.541,25.799,214280,,,-4.4588,hfq
2006-12-08,25.283,25.627,23.993,24.165,146999,,,-6.3336,hfq
2006-12-11,24.079,24.853,23.993,24.767,76331,,,2.4912,hfq
2006-12-12,24.853,25.111,24.165,24.595,70474,,,-0.6945,hfq
2006-12-13,24.595,25.025,24.251,24.681,53050,,,0.3497,hfq
2006-12-14,24.681,25.197,24.337,25.025,80845,,,1.3938,hfq
2006-12-15,25.111,25.885,24.767,25.627,123828,,,2.4056,hfq
2006-12-18,25.627,26.745,25.541,25.971,135296,,,1.3423,hfq
2006-12-19,25.799,25.971,24.767,25.627,97251,,,-1.3246,hfq
2006-12-20,25.627,27.175,24.853,26.487,179268,,,3.3558,hfq
2006-12-21,26.487,28.552,25.971,27.778,293307,,,4.8741,hfq
2006-12-22,27.175,28.294,26.831,27.089,167805,,,-2.4804,hfq
2006-12-25,27.175,27.778,26.831,27.089,116422,,,0.0000,hfq
2006-12-26,27.261,27.778,26.057,26.229,110779,,,-3.1747,hfq
2006-12-27,26.143,26.659,25.799,26.401,82791,,,0.6558,hfq
2006-12-28,26.143,26.315,25.025,25.283,113399,,,-4.2347,hfq
2006-12-29,25.197,25.799,25.111,25.541,85441,,,1.0204,hfq
2007-01-04,25.713,26.917,25.283,25.971,128104,,,1.6836,hfq
2007-01-05,25.885,26.831,25.713,26.831,100441,,,3.3114,hfq
2007-01-08,27.261,28.380,26.917,28.208,160510,,,5.1321,hfq
2007-01-09,28.466,29.068,27.950,28.380,166194,,,0.6098,hfq
2007-01-10,28.466,29.498,27.692,29.412,202052,,,3.6364,hfq
2007-01-11,29.498,31.820,29.068,30.100,276036,,,2.3392,hfq
2007-01-12,29.928,30.616,27.692,27.778,187229,,,-7.7143,hfq
2007-01-15,27.606,30.874,27.606,30.874,230765,,,11.1455,hfq
2007-01-16,31.906,33.197,31.390,32.423,442330,,,5.0172,hfq
2007-01-17,32.423,34.315,31.734,33.111,305614,,,2.1220,hfq
2007-01-18,32.509,33.971,31.820,33.885,213621,,,2.3376,hfq
2007-01-19,34.057,34.831,33.283,34.573,211195,,,2.0304,hfq
2007-01-22,35.089,35.863,34.057,35.777,256197,,,3.4825,hfq
2007-01-23,35.605,35.605,33.627,34.917,213985,,,-2.4038,hfq
2007-01-24,34.917,36.207,34.057,35.519,189481,,,1.7241,hfq
2007-01-25,34.917,34.917,32.423,32.939,186014,,,-7.2637,hfq
2007-01-26,31.992,32.853,29.842,32.165,139422,,,-2.3498,hfq
2007-01-29,32.337,33.713,31.992,33.541,132371,,,4.2779,hfq
2007-01-30,33.627,33.885,32.423,32.767,108334,,,-2.3076,hfq
2007-01-31,32.681,34.487,31.734,33.025,187911,,,0.7874,hfq
2007-02-01,33.025,35.175,32.423,34.745,270999,,,5.2082,hfq
2007-02-02,34.917,36.982,34.487,35.605,320292,,,2.4752,hfq
2007-02-05,35.949,36.982,34.831,36.207,178973,,,1.6908,hfq
2007-02-06,36.638,36.638,35.433,36.379,145965,,,0.4750,hfq
2007-02-07,36.638,36.896,34.917,35.949,176916,,,-1.1820,hfq
2007-02-08,35.777,36.379,35.347,36.121,150658,,,0.4785,hfq
2007-02-09,36.207,36.293,35.003,35.863,134942,,,-0.7143,hfq
2007-02-12,35.949,37.756,35.863,37.584,210348,,,4.7988,hfq
2007-02-13,38.014,38.014,36.810,37.584,124157,,,0.0000,hfq
2007-02-14,37.584,39.218,37.068,39.046,185997,,,3.8900,hfq
2007-02-15,39.218,41.369,38.960,41.197,212390,,,5.5089,hfq
2007-02-16,41.799,43.089,40.680,41.283,331573,,,0.2088,hfq
2007-02-26,41.627,43.175,41.110,43.089,199259,,,4.3747,hfq
2007-02-27,43.175,44.379,38.530,38.530,294265,,,-10.5804,hfq
2007-02-28,38.530,41.197,38.530,40.938,187805,,,6.2497,hfq
2007-03-01,40.852,40.938,37.842,38.874,180927,,,-5.0418,hfq
2007-03-02,38.788,39.734,38.530,39.648,106876,,,1.9910,hfq
2007-03-05,39.648,40.938,38.788,40.422,148216,,,1.9522,hfq
2007-03-06,40.422,41.110,39.562,40.938,116309,,,1.2765,hfq
2007-03-07,41.369,41.971,40.938,41.541,143543,,,1.4730,hfq
2007-03-08,41.541,41.799,40.766,41.799,110016,,,0.6211,hfq
2007-03-09,41.713,41.799,40.336,40.852,125195,,,-2.2656,hfq
2007-03-12,40.938,42.315,40.508,42.229,140794,,,3.3707,hfq
2007-03-13,42.229,43.949,41.799,43.691,227236,,,3.4621,hfq
2007-03-14,43.863,45.928,41.799,44.981,362827,,,2.9526,hfq
2007-03-15,44.465,45.842,44.035,45.153,220971,,,0.3824,hfq
2007-03-16,45.239,47.476,44.207,45.067,275386,,,-0.1905,hfq
2007-03-19,43.175,45.583,42.659,44.551,167587,,,-1.1450,hfq
2007-03-20,44.551,48.508,44.551,47.992,226769,,,7.7237,hfq
2007-03-21,48.680,49.110,46.960,48.766,260296,,,1.6128,hfq
2007-03-22,48.852,49.368,47.648,48.164,184609,,,-1.2345,hfq
2007-03-23,47.820,48.938,46.960,48.594,158637,,,0.8928,hfq
2007-03-26,48.852,51.175,48.852,50.659,179573,,,4.2495,hfq
2007-03-27,50.831,51.691,49.970,51.089,154721,,,0.8488,hfq
2007-03-28,51.261,51.519,46.960,49.368,229199,,,-3.3686,hfq
2007-03-29,49.368,49.712,46.358,46.444,187065,,,-5.9229,hfq
2007-03-30,46.100,48.164,45.669,47.390,84395,,,2.0369,hfq
2007-04-02,46.960,48.164,46.530,48.078,104307,,,1.4518,hfq
2007-04-03,48.336,51.003,47.992,50.056,211973,,,4.1141,hfq
2007-04-04,50.487,55.390,50.401,55.390,409154,,,10.6561,hfq
2007-04-05,55.390,59.777,55.218,56.680,440887,,,2.3289,hfq
2007-04-06,55.992,59.605,55.390,58.142,255866,,,2.5794,hfq
2007-04-09,58.142,59.260,57.540,58.056,217892,,,-0.1479,hfq
2007-04-10,58.142,64.164,58.142,63.303,301659,,,9.0378,hfq
2007-04-11,63.733,64.766,62.271,63.906,253857,,,0.9526,hfq
2007-04-12,63.906,65.024,62.615,64.508,152913,,,0.9420,hfq
2007-04-13,64.164,68.637,62.873,65.196,243065,,,1.0665,hfq
2007-04-16,65.884,67.174,65.368,66.314,154535,,,1.7148,hfq
2007-04-17,66.486,67.174,62.873,66.400,252078,,,0.1297,hfq
2007-04-18,66.572,68.034,65.024,67.518,220715,,,1.6837,hfq
2007-04-19,66.744,67.260,60.465,62.271,230845,,,-7.7713,hfq
2007-04-20,61.669,65.024,61.669,64.680,147326,,,3.8686,hfq
2007-04-23,64.938,69.067,64.938,68.034,245945,,,5.1855,hfq
2007-04-24,69.153,72.507,68.206,70.271,294055,,,3.2881,hfq
2007-04-26,71.045,73.024,69.325,70.529,165560,,,0.3672,hfq
2007-04-27,70.615,70.701,68.292,68.809,146588,,,-2.4387,hfq
2007-04-30,68.723,70.271,67.346,69.239,186941,,,0.6249,hfq
2007-05-08,70.615,72.679,69.325,72.593,261859,,,4.8441,hfq
2007-05-09,72.765,76.120,69.583,74.572,312551,,,2.7262,hfq
2007-05-10,74.400,76.034,72.765,75.002,223854,,,0.5766,hfq
2007-05-11,74.314,75.174,72.163,73.454,168817,,,-2.0639,hfq
2007-05-14,73.282,77.669,71.303,76.980,266210,,,4.8003,hfq
2007-05-15,78.099,78.615,71.905,72.335,257520,,,-6.0340,hfq
2007-05-16,72.335,74.314,69.411,73.626,166745,,,1.7848,hfq
2007-05-17,73.454,75.776,73.196,75.002,171031,,,1.8689,hfq
2007-05-18,75.088,76.120,74.056,74.830,184016,,,-0.2293,hfq
2007-05-21,71.819,78.787,70.443,77.927,303454,,,4.1387,hfq
2007-05-22,78.271,81.797,77.583,80.507,365746,,,3.3108,hfq
2007-05-23,80.507,82.572,78.873,81.367,248380,,,1.0682,hfq
2007-05-24,81.625,87.991,80.335,86.356,452985,,,6.1315,hfq
2007-05-25,84.894,91.690,83.604,89.625,373456,,,3.7855,hfq
2007-05-28,90.743,96.851,90.743,93.840,294960,,,4.7029,hfq
2007-05-29,93.926,94.270,91.690,92.722,244259,,,-1.1914,hfq
2007-05-30,85.582,96.421,83.948,85.668,413102,,,-7.6077,hfq
2007-05-31,85.668,89.797,76.808,84.206,304783,,,-1.7066,hfq
2007-06-01,83.948,84.550,75.518,75.518,208869,,,-10.3176,hfq
2007-06-04,72.421,72.507,67.690,67.690,30593,,,-10.3657,hfq
2007-06-05,60.637,65.454,60.637,64.766,222924,,,-4.3197,hfq
2007-06-06,65.282,67.518,61.755,65.282,203692,,,0.7967,hfq
2007-06-07,65.196,67.862,63.647,67.776,212580,,,3.8203,hfq
2007-06-08,67.948,70.701,66.830,68.378,172411,,,0.8882,hfq
2007-06-11,68.723,70.013,66.830,67.518,158584,,,-1.2577,hfq
2007-06-12,67.518,68.378,60.723,67.346,205434,,,-0.2547,hfq
2007-06-13,67.604,73.454,67.604,73.368,243043,,,8.9419,hfq
2007-06-14,74.056,74.056,69.755,69.841,176629,,,-4.8073,hfq
2007-06-15,68.465,69.755,66.400,67.948,122405,,,-2.7104,hfq
2007-06-18,68.981,71.647,68.895,68.981,125860,,,1.5203,hfq
2007-06-19,68.723,71.131,66.830,70.271,153151,,,1.8701,hfq
2007-06-20,71.475,73.712,68.292,68.723,169748,,,-2.2029,hfq
2007-06-21,68.034,69.067,66.228,68.206,116959,,,-0.7523,hfq
2007-06-22,68.378,68.637,61.153,61.497,147441,,,-9.8364,hfq
2007-06-25,62.099,62.873,55.132,55.132,114138,,,-10.3501,hfq
2007-06-26,53.067,55.820,49.712,55.734,124624,,,1.0919,hfq
2007-06-27,55.906,59.777,53.497,58.056,121220,,,4.1662,hfq
2007-06-28,58.142,58.228,52.035,52.121,87840,,,-10.2229,hfq
2007-06-29,50.315,52.121,48.164,50.228,93901,,,-3.6319,hfq
2007-07-02,50.056,52.895,49.884,52.207,58523,,,3.9400,hfq
2007-07-03,52.637,53.325,50.315,52.293,54906,,,0.1647,hfq
2007-07-04,51.777,52.465,49.626,50.056,41241,,,-4.2778,hfq
2007-07-05,49.196,51.003,47.390,47.562,54764,,,-4.9824,hfq
2007-07-06,47.132,51.261,47.046,51.003,76152,,,7.2348,hfq
2007-07-09,51.777,53.067,50.487,52.465,92956,,,2.8665,hfq
2007-07-10,52.207,52.465,50.056,50.487,60804,,,-3.7701,hfq
2007-07-11,50.487,54.787,50.487,53.841,94564,,,6.6433,hfq
2007-07-12,53.497,54.357,52.379,53.325,75173,,,-0.9584,hfq
2007-07-13,53.755,54.787,51.949,54.013,67785,,,1.2902,hfq
2007-07-16,53.239,55.906,52.723,54.615,105093,,,1.1145,hfq
2007-07-17,54.874,59.519,54.874,58.400,225190,,,6.9303,hfq
2007-07-18,57.368,59.174,56.078,57.454,106772,,,-1.6199,hfq
2007-07-19,57.454,58.142,56.078,56.852,49708,,,-1.0478,hfq
2007-07-20,56.594,58.486,56.250,58.228,92618,,,2.4203,hfq
2007-07-23,58.142,61.669,58.056,61.497,129676,,,5.6141,hfq
2007-07-24,61.755,62.787,60.035,60.379,120986,,,-1.8180,hfq
2007-07-25,60.379,62.099,59.691,61.583,83666,,,1.9941,hfq
2007-07-26,62.529,64.078,61.927,62.959,111573,,,2.2344,hfq
2007-07-27,62.873,67.690,61.239,67.518,172362,,,7.2412,hfq
2007-07-30,68.981,71.733,67.690,69.411,233469,,,2.8037,hfq
2007-07-31,69.239,70.615,66.572,69.153,137054,,,-0.3717,hfq
2007-08-01,69.153,71.217,65.540,65.712,178594,,,-4.9759,hfq
2007-08-02,66.400,69.669,65.540,69.239,134432,,,5.3674,hfq
2007-08-03,70.185,73.712,69.497,72.421,258158,,,4.5957,hfq
2007-08-06,72.421,79.905,70.701,79.905,302842,,,10.3340,hfq
2007-08-13,88.163,88.163,77.583,78.529,329564,,,-1.7220,hfq
2007-08-14,77.927,86.614,76.034,86.614,341620,,,10.2956,hfq
2007-08-15,87.733,89.969,85.152,87.905,310388,,,1.4905,hfq
2007-08-16,87.045,88.163,83.518,85.410,170199,,,-2.8383,hfq
2007-08-17,85.410,90.657,84.034,86.873,194937,,,1.7129,hfq
2007-08-20,90.055,92.206,86.873,91.001,171061,,,4.7518,hfq
2007-08-21,90.485,93.926,87.991,91.604,182252,,,0.6626,hfq
2007-08-22,89.625,91.432,87.217,87.733,173850,,,-4.2258,hfq
2007-08-23,87.647,92.034,87.131,90.657,173345,,,3.3328,hfq
2007-08-24,90.485,93.754,89.195,91.604,152910,,,1.0446,hfq
2007-08-27,92.120,96.593,90.485,93.582,157972,,,2.1593,hfq
2007-08-28,93.066,93.754,89.625,92.808,136312,,,-0.8271,hfq
2007-08-29,91.776,93.840,89.023,89.281,120130,,,-3.8003,hfq
2007-08-30,90.313,98.485,90.313,98.485,238868,,,10.3090,hfq
2007-08-31,103.302,108.549,100.033,106.227,308251,,,7.8611,hfq
2007-09-03,109.409,116.119,106.399,113.969,287660,,,7.2882,hfq
2007-09-04,114.141,125.581,111.130,123.087,271438,,,8.0004,hfq
2007-09-05,123.173,128.162,118.528,125.581,224422,,,2.0262,hfq
2007-09-06,130.226,138.398,130.140,138.398,167482,,,10.2062,hfq
2007-09-07,145.107,151.559,138.914,139.516,365717,,,0.8078,hfq
2007-09-10,137.366,150.699,134.355,146.226,280291,,,4.8095,hfq
2007-09-11,145.623,150.699,134.355,135.301,169243,,,-7.4713,hfq
2007-09-12,135.129,139.258,128.162,133.925,167598,,,-1.0170,hfq
2007-09-13,134.183,147.602,134.183,147.602,188167,,,10.2124,hfq
2007-09-14,151.387,155.860,145.537,150.441,160412,,,1.9234,hfq
2007-09-17,150.441,159.300,146.398,152.161,127603,,,1.1433,hfq
2007-09-18,152.333,154.139,146.398,148.290,86220,,,-2.5440,hfq
2007-09-19,148.290,158.010,144.333,152.333,110724,,,2.7264,hfq
2007-09-20,150.785,161.021,150.785,151.903,147876,,,-0.2823,hfq
2007-09-24,153.709,153.709,139.602,142.957,139617,,,-5.8893,hfq
2007-09-25,142.097,147.860,136.505,137.882,87184,,,-3.5500,hfq
2007-09-26,138.656,141.925,136.591,138.398,60101,,,0.3742,hfq
2007-09-27,139.086,142.097,134.785,135.473,70735,,,-2.1135,hfq
2007-09-28,135.215,142.097,134.785,139.516,95018,,,2.9844,hfq
2007-10-08,141.495,153.709,141.495,150.613,162268,,,7.9539,hfq
2007-10-09,150.268,152.333,142.785,147.602,63292,,,-1.9992,hfq
2007-10-10,148.118,154.827,147.258,148.376,69556,,,0.5244,hfq
2007-10-11,148.892,148.978,143.817,144.677,83192,,,-2.4930,hfq
2007-10-12,144.677,144.677,131.774,138.742,125289,,,-4.1022,hfq
2007-10-15,139.086,145.193,137.796,138.656,60343,,,-0.0620,hfq
2007-10-16,138.742,141.236,133.323,137.624,52718,,,-0.7443,hfq
2007-10-17,136.936,148.032,135.301,144.677,124343,,,5.1248,hfq
2007-10-18,143.129,150.010,141.925,143.387,79408,,,-0.8916,hfq
2007-10-19,143.043,146.828,137.194,138.054,54390,,,-3.7193,hfq
2007-10-22,138.226,138.226,129.624,130.312,46695,,,-5.6080,hfq
2007-10-23,128.334,135.043,127.043,131.774,39083,,,1.1219,hfq
2007-10-24,132.205,137.796,130.312,132.549,38982,,,0.5881,hfq
2007-10-25,132.205,132.377,120.592,123.259,59783,,,-7.0087,hfq
2007-10-26,123.000,128.334,121.022,127.473,42772,,,3.4188,hfq
2007-10-29,127.473,133.495,125.753,131.860,46908,,,3.4415,hfq
2007-10-30,130.914,137.194,126.613,136.419,43223,,,3.4575,hfq
2007-10-31,137.452,141.667,135.645,139.430,58718,,,2.2072,hfq
2007-11-01,139.516,143.387,135.645,140.376,44536,,,0.6785,hfq
2007-11-02,137.538,151.989,136.764,146.312,129477,,,4.2286,hfq
2007-11-05,146.140,150.354,142.957,146.742,64706,,,0.2939,hfq
2007-11-06,147.430,159.042,144.763,152.505,120092,,,3.9273,hfq
2007-11-07,150.699,154.569,148.118,149.580,75036,,,-1.9180,hfq
2007-11-08,148.118,148.290,136.075,136.247,78446,,,-8.9136,hfq
2007-11-09,134.871,139.086,130.914,132.807,53835,,,-2.5248,hfq
2007-11-12,130.054,139.086,128.162,138.054,42803,,,3.9508,hfq
2007-11-13,138.054,142.785,138.054,141.150,49472,,,2.2426,hfq
2007-11-14,142.527,149.838,141.839,147.258,54114,,,4.3273,hfq
2007-11-15,148.118,150.527,143.817,146.140,42574,,,-0.7592,hfq
2007-11-16,143.817,153.795,142.269,153.365,95063,,,4.9439,hfq
2007-11-19,155.602,163.429,152.247,160.677,161597,,,4.7677,hfq
2007-11-20,161.021,163.171,155.086,157.580,98532,,,-1.9275,hfq
2007-11-21,157.580,166.010,149.838,152.505,151362,,,-3.2206,hfq
2007-11-22,147.688,153.279,144.075,146.656,72344,,,-3.8353,hfq
2007-11-23,145.968,156.720,144.247,156.376,70477,,,6.6278,hfq
2007-11-26,159.731,160.935,153.365,154.483,81040,,,-1.2105,hfq
2007-11-27,152.333,160.849,151.129,160.161,90010,,,3.6755,hfq
2007-11-28,160.935,162.139,148.806,151.043,75188,,,-5.6930,hfq
2007-11-29,151.559,155.860,148.548,153.021,64965,,,1.3096,hfq
2007-11-30,153.021,158.182,150.354,153.537,42736,,,0.3372,hfq
2007-12-03,155.774,169.107,153.537,168.504,219265,,,9.7481,hfq
2007-12-04,167.042,173.838,162.741,169.967,175392,,,0.8682,hfq
2007-12-05,170.483,179.945,170.483,177.192,196726,,,4.2508,hfq
2007-12-07,181.407,185.794,167.042,179.515,213196,,,1.3110,hfq
2007-12-10,170.053,191.127,170.053,189.149,143523,,,5.3667,hfq
2007-12-11,190.697,194.396,186.913,191.127,101714,,,1.0457,hfq
2007-12-12,188.547,191.988,182.612,184.934,92666,,,-3.2403,hfq
2007-12-13,183.214,186.827,174.870,177.106,106041,,,-4.2329,hfq
2007-12-14,175.558,186.654,173.666,185.966,72135,,,5.0027,hfq
2007-12-17,185.966,195.256,179.085,186.224,89630,,,0.1387,hfq
2007-12-18,184.160,186.827,173.924,177.106,92620,,,-4.8963,hfq
2007-12-19,177.106,180.375,172.891,178.225,75383,,,0.6318,hfq
2007-12-20,178.225,185.880,174.698,184.332,67329,,,3.4266,hfq
2007-12-21,184.074,190.095,182.095,184.676,66393,,,0.1866,hfq
2007-12-24,186.568,191.988,181.751,183.042,145979,,,-0.8848,hfq
2007-12-25,183.902,185.106,174.784,178.225,177571,,,-2.6316,hfq
2007-12-26,178.225,180.633,170.483,177.795,117707,,,-0.2413,hfq
2007-12-27,178.225,193.708,178.053,193.106,204291,,,8.6116,hfq
2007-12-28,193.106,196.031,189.063,191.558,156877,,,-0.8016,hfq
2008-01-02,190.353,199.729,182.784,194.998,146050,,,1.7958,hfq
2008-01-03,193.708,206.439,191.988,202.482,140550,,,3.8380,hfq
2008-01-04,200.676,204.030,197.149,198.869,87863,,,-1.7844,hfq
2008-01-07,198.009,205.579,193.708,203.084,123728,,,2.1195,hfq
2008-01-08,202.740,207.299,198.439,199.729,99903,,,-1.6520,hfq
2008-01-09,201.278,215.385,196.289,212.116,141368,,,6.2019,hfq
2008-01-10,215.041,225.535,212.804,213.922,161890,,,0.8514,hfq
2008-01-11,213.836,225.535,209.019,223.557,126870,,,4.5040,hfq
2008-01-14,228.546,230.696,221.062,225.793,102665,,,1.0002,hfq
2008-01-15,226.395,229.664,221.234,223.987,75044,,,-0.7998,hfq
2008-01-16,222.954,227.685,214.869,223.299,105057,,,-0.3072,hfq
2008-01-17,223.299,236.631,217.793,232.331,159035,,,4.0448,hfq
2008-01-18,232.417,238.438,228.116,232.761,77063,,,0.1851,hfq
2008-01-21,233.277,233.277,217.879,219.686,76639,,,-5.6173,hfq
2008-01-22,212.718,213.750,197.493,197.493,121669,,,-10.1021,hfq
2008-01-23,195.428,210.826,186.913,209.277,121087,,,5.9668,hfq
2008-01-24,207.643,219.170,204.030,216.417,97471,,,3.4117,hfq
2008-01-25,213.750,226.911,212.632,219.256,80110,,,1.3118,hfq
2008-01-28,216.589,220.976,199.729,199.815,72822,,,-8.8668,hfq
2008-01-29,198.009,212.632,198.009,209.535,51493,,,4.8645,hfq
2008-01-30,209.191,221.062,207.471,215.557,73330,,,2.8740,hfq
2008-01-31,215.557,218.654,204.116,204.288,34845,,,-5.2279,hfq
2008-02-01,206.181,208.417,183.644,184.418,86413,,,-9.7265,hfq
2008-02-04,191.988,202.138,189.493,201.536,53153,,,9.2822,hfq
2008-02-05,202.998,211.772,198.009,202.654,53263,,,0.5547,hfq
2008-02-13,200.590,207.471,198.869,202.310,26305,,,-0.1697,hfq
2008-02-14,202.740,207.471,201.450,204.202,18844,,,0.9352,hfq
2008-02-15,202.310,205.751,194.568,198.439,39057,,,-2.8222,hfq
2008-02-18,204.460,208.073,199.729,205.751,44334,,,3.6848,hfq
2008-02-19,207.127,226.223,204.890,224.073,97660,,,8.9049,hfq
2008-02-20,222.868,229.750,217.793,225.277,85244,,,0.5373,hfq
2008-02-21,222.954,239.986,218.826,236.631,101703,,,5.0400,hfq
2008-02-22,238.438,238.438,220.116,225.449,88555,,,-4.7255,hfq
2008-02-25,225.277,225.449,207.471,211.170,85203,,,-6.3336,hfq
2008-02-26,217.793,221.836,203.686,212.288,62747,,,0.5294,hfq
2008-02-27,214.525,217.793,210.912,214.439,49455,,,1.0132,hfq
2008-02-28,214.783,219.600,214.783,215.213,28991,,,0.3609,hfq
2008-02-29,214.783,215.213,208.331,212.546,39714,,,-1.2392,hfq
2008-03-03,212.546,223.471,204.976,221.234,52281,,,4.0876,hfq
2008-03-04,221.234,224.503,215.041,215.213,45500,,,-2.7216,hfq
2008-03-05,215.041,215.041,202.998,211.342,58600,,,-1.7987,hfq
2008-03-06,212.632,214.955,204.890,211.600,50827,,,0.1221,hfq
2008-03-07,210.482,210.482,202.568,202.740,60677,,,-4.1871,hfq
2008-03-10,200.590,200.590,185.106,186.913,80569,,,-7.8066,hfq
2008-03-11,185.794,190.267,182.526,188.117,33274,,,0.6441,hfq
2008-03-12,193.708,194.998,176.504,177.450,47917,,,-5.6704,hfq
2008-03-13,177.364,177.450,160.075,170.053,51221,,,-4.1685,hfq
2008-03-14,166.182,171.171,166.182,168.418,23783,,,-0.9615,hfq
2008-03-17,169.537,170.999,159.731,160.075,35705,,,-4.9537,hfq
2008-03-18,159.300,166.268,145.365,155.602,52176,,,-2.7943,hfq
2008-03-19,161.881,169.881,156.290,166.354,57537,,,6.9099,hfq
2008-03-20,163.085,174.354,155.000,171.429,68543,,,3.0507,hfq
2008-03-21,172.203,177.192,168.074,171.773,40639,,,0.2007,hfq
2008-03-24,176.418,180.805,172.203,172.719,43837,,,0.5507,hfq
2008-03-25,169.107,175.644,166.010,174.698,22280,,,1.1458,hfq
2008-03-26,174.612,178.139,168.246,170.139,23953,,,-2.6096,hfq
2008-03-27,167.902,169.537,154.139,156.290,26800,,,-8.1398,hfq
2008-03-28,153.967,159.989,140.634,152.763,53242,,,-2.2567,hfq
2008-03-31,147.688,152.419,141.667,142.441,30557,,,-6.7569,hfq
2008-04-01,139.516,144.677,127.990,128.334,51707,,,-9.9037,hfq
2008-04-02,129.882,133.237,115.259,115.259,88519,,,-10.1883,hfq
2008-04-03,114.485,120.162,108.377,119.130,51824,,,3.3585,hfq
2008-04-07,118.011,129.538,116.033,129.022,53928,,,8.3035,hfq
2008-04-08,128.334,134.269,127.473,130.914,53336,,,1.4664,hfq
2008-04-09,129.194,131.774,117.581,117.753,49881,,,-10.0532,hfq
2008-04-10,116.721,120.936,113.796,119.990,32253,,,1.8997,hfq
2008-04-11,121.280,126.355,121.280,123.087,32521,,,2.5810,hfq
2008-04-14,117.839,120.420,110.528,110.614,46071,,,-10.1335,hfq
2008-04-15,109.496,114.485,102.700,114.313,41215,,,3.3441,hfq
2008-04-16,112.420,113.538,108.291,108.721,30740,,,-4.8918,hfq
2008-04-17,108.549,111.904,97.625,97.625,109225,,,-10.2059,hfq
2008-04-21,103.646,105.453,87.647,87.647,201204,,,-10.2207,hfq
2008-04-22,83.690,85.324,78.615,83.604,135303,,,-4.6128,hfq
2008-04-23,82.658,90.829,81.195,90.313,192180,,,8.0247,hfq
2008-04-24,99.517,99.603,96.077,99.603,357347,,,10.2864,hfq
2008-04-25,101.668,109.840,97.969,109.840,325323,,,10.2778,hfq
2008-04-28,107.689,114.571,104.506,112.420,292352,,,2.3489,hfq
2008-04-29,109.409,113.882,108.635,110.872,177502,,,-1.3770,hfq
2008-04-30,111.130,122.226,110.270,121.882,232759,,,9.9304,hfq
2008-05-05,123.861,129.968,118.872,126.613,233614,,,3.8816,hfq
2008-05-06,124.033,129.108,119.732,125.667,179270,,,-0.7472,hfq
2008-05-07,124.807,136.677,123.173,128.162,267517,,,1.9854,hfq
2008-05-08,125.753,131.602,123.173,130.570,251302,,,1.8789,hfq
2008-05-09,131.172,137.796,127.301,135.989,271090,,,4.1503,hfq
2008-05-12,132.635,147.688,131.774,143.559,277875,,,5.5666,hfq
2008-05-13,139.516,147.258,136.075,141.236,237646,,,-1.6182,hfq
2008-05-14,140.376,143.559,132.463,138.312,290167,,,-2.0703,hfq
2008-05-15,138.398,141.236,133.667,136.075,169903,,,-1.6174,hfq
2008-05-16,135.215,138.398,129.796,130.570,146999,,,-4.0456,hfq
2008-05-19,129.624,130.914,123.603,125.925,156738,,,-3.5575,hfq
2008-05-20,125.753,134.269,125.323,128.334,221442,,,1.9130,hfq
2008-05-21,125.753,133.065,116.119,130.828,215264,,,1.9434,hfq
2008-05-22,127.473,140.978,124.979,136.591,259458,,,4.4050,hfq
2008-05-23,135.129,139.344,131.000,135.215,153463,,,-1.0074,hfq
2008-05-26,136.591,136.850,121.452,121.452,177484,,,-10.1786,hfq
2008-05-27,116.291,124.721,109.926,117.151,140525,,,-3.5413,hfq
2008-05-28,116.291,124.807,113.710,122.656,123866,,,4.6991,hfq
2008-05-29,121.452,123.947,112.936,113.710,103571,,,-7.2936,hfq
2008-05-30,112.850,116.291,108.033,110.442,125027,,,-2.8740,hfq
2008-06-02,109.840,112.850,106.829,111.302,97766,,,0.7787,hfq
2008-06-03,111.560,112.764,107.775,112.506,71965,,,1.0817,hfq
2008-06-04,111.990,117.581,111.130,116.635,141788,,,3.6700,hfq
2008-06-05,116.721,117.065,111.990,112.334,59405,,,-3.6876,hfq
2008-06-06,113.022,115.173,111.990,113.710,46718,,,1.2249,hfq
2008-06-10,107.431,109.409,102.098,102.098,68733,,,-10.2119,hfq
2008-06-11,94.184,99.947,91.690,93.582,142442,,,-8.3410,hfq
2008-06-12,93.324,95.819,86.270,90.227,138046,,,-3.5851,hfq
2008-06-13,90.743,92.034,83.088,84.034,97489,,,-6.8638,hfq
2008-06-19,75.432,75.518,75.432,75.432,32259,,,-10.2363,hfq
2008-06-20,67.690,79.389,67.690,68.465,606473,,,-9.2361,hfq
2008-06-23,62.357,65.454,61.411,61.411,210013,,,-10.3031,hfq
2008-06-24,55.992,60.379,55.476,58.142,232964,,,-5.3232,hfq
2008-06-25,59.691,64.164,59.174,64.164,280142,,,10.3574,hfq
2008-06-26,65.798,70.787,64.938,69.411,475409,,,8.1775,hfq
2008-06-27,65.540,67.088,62.271,62.787,325782,,,-9.5432,hfq
2008-06-30,62.873,65.626,59.777,62.529,149155,,,-0.4109,hfq
2008-07-01,62.443,63.217,57.110,59.347,156545,,,-5.0888,hfq
2008-07-02,58.314,62.443,57.540,62.185,182659,,,4.7820,hfq
2008-07-03,59.949,67.518,59.002,64.938,257613,,,4.4271,hfq
2008-07-04,64.938,68.809,64.078,65.884,227061,,,1.4568,hfq
2008-07-07,65.024,72.679,64.938,71.905,274311,,,9.1388,hfq
2008-07-08,72.335,72.507,68.895,71.475,212404,,,-0.5980,hfq
2008-07-09,72.077,78.271,70.787,76.120,274846,,,6.4988,hfq
2008-07-10,73.540,76.808,71.647,71.819,197818,,,-5.6503,hfq
2008-07-11,71.045,73.884,69.755,73.712,170170,,,2.6358,hfq
2008-07-14,74.830,80.851,74.056,78.873,259728,,,7.0016,hfq
2008-07-15,78.873,80.335,73.712,75.690,226753,,,-4.0356,hfq
2008-07-16,74.314,74.916,67.948,67.948,219750,,,-10.2286,hfq
2008-07-17,70.873,71.389,65.454,65.712,146335,,,-3.2908,hfq
2008-07-18,67.346,70.873,64.078,69.841,125093,,,6.2835,hfq
2008-07-21,69.669,74.400,68.378,73.024,149180,,,4.5575,hfq
2008-07-22,73.368,76.980,72.335,74.142,161632,,,1.5310,hfq
2008-07-23,75.260,77.841,74.400,75.174,171712,,,1.3919,hfq
2008-07-24,76.206,79.561,73.884,78.615,220196,,,4.5774,hfq
2008-07-25,76.980,80.765,76.292,78.529,186833,,,-0.1094,hfq
2008-07-28,79.217,80.937,77.583,78.185,136295,,,-0.4381,hfq
2008-07-29,76.464,77.238,73.970,76.292,147355,,,-2.4212,hfq
2008-07-30,78.529,78.529,74.228,75.346,111270,,,-1.2400,hfq
2008-07-31,75.260,75.948,70.099,70.271,119445,,,-6.7356,hfq
2008-08-01,69.411,73.884,68.206,72.679,112975,,,3.4267,hfq
2008-08-04,70.959,72.679,69.239,69.669,63592,,,-4.1415,hfq
2008-08-05,69.325,70.615,67.432,67.862,63168,,,-2.5937,hfq
2008-08-06,68.378,69.755,66.658,68.637,65033,,,1.1420,hfq
2008-08-07,68.895,69.927,67.346,69.411,52583,,,1.1277,hfq
2008-08-08,69.239,69.669,62.271,62.271,114966,,,-10.2866,hfq
2008-08-11,61.497,61.497,55.820,55.820,75412,,,-10.3596,hfq
2008-08-12,53.755,55.476,52.723,53.325,63268,,,-4.4697,hfq
2008-08-13,53.067,53.755,48.594,52.207,85765,,,-2.0966,hfq
2008-08-14,52.895,54.185,51.261,52.207,52002,,,0.0000,hfq
2008-08-15,52.379,53.411,50.745,51.433,54749,,,-1.4826,hfq
2008-08-18,51.863,52.465,46.100,46.100,74387,,,-10.3688,hfq
2008-08-19,44.723,48.594,44.293,46.788,65290,,,1.4924,hfq
2008-08-20,46.014,51.691,45.583,51.691,147045,,,10.4792,hfq
2008-08-21,51.175,54.615,50.142,52.207,157842,,,0.9982,hfq
2008-08-22,51.777,56.164,51.175,54.099,151091,,,3.6240,hfq
2008-08-25,53.497,54.787,51.347,52.035,82260,,,-3.8152,hfq
2008-08-26,50.315,50.573,46.616,46.616,111240,,,-10.4141,hfq
2008-08-27,46.358,48.852,44.981,47.304,72489,,,1.4759,hfq
2008-08-28,47.304,48.250,46.272,47.046,52551,,,-0.5454,hfq
2008-08-29,47.734,51.949,46.874,50.745,137195,,,7.8625,hfq
2008-09-01,49.540,51.863,48.422,49.540,79997,,,-2.3746,hfq
2008-09-02,49.540,51.175,48.594,50.659,70100,,,2.2588,hfq
2008-09-03,49.970,52.723,48.680,51.863,88981,,,2.3767,hfq
2008-09-04,51.605,53.411,51.175,52.207,92637,,,0.6633,hfq
2008-09-05,51.003,51.003,47.734,47.820,105260,,,-8.4031,hfq
2008-09-08,48.164,50.315,46.100,47.218,65107,,,-1.2589,hfq
2008-09-09,48.508,48.766,46.616,47.820,35263,,,1.2749,hfq
2008-09-10,47.390,49.798,45.842,48.250,69729,,,0.8992,hfq
2008-09-11,47.734,49.196,46.100,46.272,52314,,,-4.0995,hfq
2008-09-12,46.874,47.906,46.358,46.444,41315,,,0.3717,hfq
2008-09-16,46.960,46.960,42.659,42.831,70081,,,-7.7793,hfq
2008-09-17,42.057,45.411,41.455,42.229,51546,,,-1.4055,hfq
2008-09-18,40.852,43.261,38.272,42.143,87553,,,-0.2037,hfq
2008-09-19,46.616,46.616,45.842,46.616,85918,,,10.6139,hfq
2008-09-22,49.884,51.519,46.616,51.519,218756,,,10.5178,hfq
2008-09-23,49.110,52.723,47.734,47.906,123074,,,-7.0129,hfq
2008-09-24,46.444,48.594,45.928,48.508,77071,,,1.2566,hfq
2008-09-25,48.938,53.153,48.594,51.089,138592,,,5.3208,hfq
2008-09-26,51.949,54.615,50.573,50.831,111955,,,-0.5050,hfq
2008-10-06,48.852,49.196,47.734,47.906,56466,,,-5.7544,hfq
2008-10-07,46.014,47.906,44.981,46.960,53269,,,-1.9747,hfq
2008-10-08,45.842,47.562,44.293,44.551,48379,,,-5.1299,hfq
2008-10-09,46.272,46.702,42.143,42.487,42492,,,-4.6329,hfq
2008-10-10,40.336,40.422,38.014,38.014,71294,,,-10.5279,hfq
2008-10-13,36.551,40.766,34.401,40.078,77575,,,5.4296,hfq
2008-10-14,41.713,42.143,36.551,37.068,75235,,,-7.5104,hfq
2008-10-15,36.638,37.842,35.605,36.896,37096,,,-0.4640,hfq
2008-10-16,34.487,35.691,33.111,33.197,58366,,,-10.0255,hfq
2008-10-17,34.143,35.175,33.455,34.487,54072,,,3.8859,hfq
2008-10-20,34.487,36.465,33.971,36.293,48286,,,5.2368,hfq
2008-10-21,36.638,37.068,35.519,35.691,58180,,,-1.6587,hfq
2008-10-22,35.089,36.551,34.659,34.659,43340,,,-2.8915,hfq
2008-10-23,33.713,34.831,33.111,34.659,38292,,,0.0000,hfq
2008-10-24,34.487,35.175,32.939,33.541,39809,,,-3.2257,hfq
2008-10-27,32.337,32.681,30.014,30.014,62978,,,-10.5155,hfq
2008-10-28,28.466,31.648,28.466,31.132,54232,,,3.7249,hfq
2008-10-29,31.820,32.165,28.466,28.724,56050,,,-7.7348,hfq
2008-10-30,28.810,30.100,28.208,28.896,50809,,,0.5988,hfq
2008-10-31,28.896,29.412,27.606,27.950,37831,,,-3.2738,hfq
2008-11-03,27.950,28.466,27.175,27.433,32429,,,-1.8497,hfq
2008-11-04,26.917,27.606,25.799,26.057,43164,,,-5.0159,hfq
2008-11-05,26.573,28.380,26.057,27.175,64705,,,4.2906,hfq
2008-11-06,26.229,27.003,25.369,26.487,48912,,,-2.5317,hfq
2008-11-07,26.143,28.810,25.541,28.208,79208,,,6.4975,hfq
2008-11-10,29.240,31.218,28.294,31.218,113817,,,10.6707,hfq
2008-11-11,30.874,32.681,30.272,31.304,110495,,,0.2755,hfq
2008-11-12,30.960,32.251,30.530,32.165,70339,,,2.7504,hfq
2008-11-13,31.476,34.745,31.304,33.971,124297,,,5.6148,hfq
2008-11-14,34.917,36.293,33.627,35.777,145723,,,5.3163,hfq
2008-11-17,35.691,38.530,34.831,37.928,144076,,,6.0122,hfq
2008-11-18,37.842,37.842,33.885,33.885,162272,,,-10.6597,hfq
2008-11-19,33.111,37.412,32.337,36.896,127799,,,8.8859,hfq
2008-11-20,35.519,38.616,35.261,37.154,143918,,,0.6993,hfq
2008-11-21,35.691,37.928,34.315,35.777,136201,,,-3.7062,hfq
2008-11-24,35.691,36.379,32.595,32.853,98397,,,-8.1728,hfq
2008-11-25,33.885,34.057,31.218,32.509,66244,,,-1.0471,hfq
2008-11-26,32.251,33.541,31.476,32.681,63232,,,0.5291,hfq
2008-11-27,35.519,35.605,33.197,33.283,125159,,,1.8420,hfq
2008-11-28,32.509,33.455,31.562,31.992,84520,,,-3.8789,hfq
2008-12-01,31.390,35.433,30.444,35.433,166820,,,10.7558,hfq
2008-12-02,34.401,37.670,34.057,36.896,277534,,,4.1289,hfq
2008-12-03,37.068,38.960,36.379,38.014,166110,,,3.0301,hfq
2008-12-04,39.218,41.024,38.272,38.358,230997,,,0.9049,hfq
2008-12-05,37.842,40.078,37.068,39.992,141511,,,4.2599,hfq
2008-12-08,40.766,43.433,39.992,43.261,177482,,,8.1741,hfq
2008-12-09,43.433,43.605,40.250,40.422,146912,,,-6.5625,hfq
2008-12-10,40.078,42.315,39.562,42.143,136947,,,4.2576,hfq
2008-12-11,42.143,42.831,40.422,42.057,134233,,,-0.2041,hfq
2008-12-12,41.627,41.627,37.670,39.046,99924,,,-7.1593,hfq
2008-12-15,39.562,39.992,37.154,38.616,94499,,,-1.1013,hfq
2008-12-16,38.358,39.218,36.724,39.132,75081,,,1.3362,hfq
2008-12-17,39.304,40.164,38.358,39.820,106170,,,1.7582,hfq
2008-12-18,39.648,40.852,38.444,40.680,98466,,,2.1597,hfq
2008-12-19,40.594,41.971,40.164,40.852,109634,,,0.4228,hfq
2008-12-22,40.938,41.971,39.304,41.369,111561,,,1.2655,hfq
2008-12-23,41.369,42.057,39.648,39.734,141939,,,-3.9522,hfq
2008-12-24,39.304,43.949,38.960,42.745,277411,,,7.5779,hfq
2008-12-25,42.831,43.347,39.906,40.680,178693,,,-4.8310,hfq
2008-12-26,41.024,42.573,38.186,38.272,122753,,,-5.9194,hfq
2008-12-29,38.358,38.358,36.638,38.358,57173,,,0.2247,hfq
2008-12-30,38.186,39.218,36.810,36.982,43727,,,-3.5873,hfq
2008-12-31,36.982,37.670,34.917,35.175,47073,,,-4.8862,hfq
2009-01-05,35.777,37.498,35.261,37.326,57670,,,6.1151,hfq
2009-01-06,36.982,38.960,36.724,38.444,80034,,,2.9952,hfq
2009-01-07,38.272,39.562,37.584,38.702,83039,,,0.6711,hfq
2009-01-08,38.272,40.164,37.842,38.788,97782,,,0.2222,hfq
2009-01-09,38.272,39.820,38.014,39.304,79399,,,1.3303,hfq
2009-01-12,38.702,41.110,38.186,40.250,112959,,,2.4069,hfq
2009-01-13,39.562,40.250,37.412,38.874,79651,,,-3.4186,hfq
2009-01-14,38.874,41.197,38.788,40.680,107530,,,4.6458,hfq
2009-01-15,40.336,42.745,39.820,41.541,150466,,,2.1165,hfq
2009-01-16,42.143,43.347,41.283,41.541,113836,,,0.0000,hfq
2009-01-19,41.971,42.143,39.648,40.422,103533,,,-2.6937,hfq
2009-01-20,40.508,40.680,39.476,40.594,64980,,,0.4255,hfq
2009-01-21,39.820,41.024,39.648,40.250,61705,,,-0.8474,hfq
2009-01-22,40.594,44.465,39.992,44.465,150333,,,10.4720,hfq
2009-01-23,46.100,47.132,44.035,44.207,197707,,,-0.5802,hfq
2009-02-02,44.465,46.702,44.207,45.411,135465,,,2.7236,hfq
2009-02-03,45.153,47.476,44.465,47.046,153103,,,3.6004,hfq
2009-02-04,47.390,51.949,46.014,51.949,284774,,,10.4217,hfq
2009-02-05,51.175,53.583,48.766,49.368,366576,,,-4.9683,hfq
2009-02-06,48.594,50.745,48.422,50.401,192094,,,2.0924,hfq
2009-02-09,50.831,52.121,49.712,51.175,191843,,,1.5357,hfq
2009-02-10,51.261,53.411,50.487,53.239,191829,,,4.0332,hfq
2009-02-11,52.035,54.615,50.745,51.777,208667,,,-2.7461,hfq
2009-02-12,51.777,52.723,49.024,50.831,178412,,,-1.8271,hfq
2009-02-13,50.917,56.164,50.917,56.164,337603,,,10.4916,hfq
2009-02-16,56.680,59.433,54.874,58.486,306779,,,4.1343,hfq
2009-02-17,57.798,57.798,53.755,54.357,198328,,,-7.0598,hfq
2009-02-18,52.551,54.443,50.401,50.659,141045,,,-6.8032,hfq
2009-02-19,51.089,52.293,50.056,51.089,126700,,,0.8488,hfq
2009-02-20,51.519,52.637,50.401,52.293,104926,,,2.3567,hfq
2009-02-23,52.809,56.250,52.379,54.787,176739,,,4.7693,hfq
2009-02-24,53.497,54.701,50.659,51.175,151930,,,-6.5928,hfq
2009-02-25,51.691,53.239,48.938,51.347,145690,,,0.3361,hfq
2009-02-26,51.175,52.637,46.014,47.304,154023,,,-7.8739,hfq
2009-02-27,46.014,50.315,43.347,43.519,135228,,,-8.0014,hfq
2009-03-02,43.605,45.153,42.917,44.465,123078,,,2.1738,hfq
2009-03-03,43.003,49.024,41.799,46.960,210818,,,5.6112,hfq
2009-03-04,46.444,50.142,45.842,49.540,266074,,,5.4940,hfq
2009-03-05,49.454,53.325,49.110,52.121,323647,,,5.2099,hfq
2009-03-06,50.487,52.207,50.142,50.487,146600,,,-3.1350,hfq
2009-03-09,51.003,52.551,49.626,52.207,238146,,,3.4068,hfq
2009-03-10,51.347,54.271,49.970,53.583,222199,,,2.6357,hfq
2009-03-11,54.874,55.304,51.175,51.433,239531,,,-4.0125,hfq
2009-03-12,50.831,51.519,47.734,50.228,153589,,,-2.3429,hfq
2009-03-13,50.401,50.831,48.508,48.594,101245,,,-3.2532,hfq
2009-03-16,47.648,49.884,47.648,49.884,78200,,,2.6546,hfq
2009-03-17,50.056,52.035,49.626,51.605,113344,,,3.4500,hfq
2009-03-18,52.121,53.325,51.347,51.949,171794,,,0.6666,hfq
2009-03-19,51.777,53.927,51.519,53.669,198134,,,3.3109,hfq
2009-03-20,53.669,54.529,51.347,52.379,183658,,,-2.4036,hfq
2009-03-23,52.379,55.304,52.035,54.701,263417,,,4.4331,hfq
2009-03-24,55.132,55.992,53.669,54.615,213942,,,-0.1572,hfq
2009-03-25,54.529,54.960,52.035,52.121,161734,,,-4.5665,hfq
2009-03-26,52.121,53.497,51.175,53.325,127637,,,2.3100,hfq
2009-03-27,53.669,56.336,53.153,55.046,232512,,,3.2274,hfq
2009-03-30,55.132,58.658,54.443,57.712,323964,,,4.8432,hfq
2009-03-31,56.594,60.207,55.476,59.691,438154,,,3.4291,hfq
2009-04-01,59.949,61.067,58.228,59.605,305052,,,-0.1441,hfq
2009-04-02,59.949,61.927,59.347,59.433,313069,,,-0.2886,hfq
2009-04-03,59.519,59.777,56.766,56.938,198942,,,-4.1980,hfq
2009-04-07,56.508,57.626,56.164,57.454,107283,,,0.9062,hfq
2009-04-08,56.852,57.454,54.615,55.390,146697,,,-3.5924,hfq
2009-04-09,54.960,56.594,54.013,55.820,126602,,,0.7763,hfq
2009-04-10,56.164,58.486,55.562,58.142,185379,,,4.1598,hfq
2009-04-13,58.056,58.830,57.024,58.314,179879,,,0.2958,hfq
2009-04-14,58.056,58.056,56.766,57.626,133149,,,-1.1798,hfq
2009-04-15,57.282,58.830,56.852,58.486,140831,,,1.4924,hfq
2009-04-16,58.830,61.841,58.056,61.497,255222,,,5.1482,hfq
2009-04-17,61.067,61.927,58.142,61.497,261315,,,0.0000,hfq
2009-04-20,63.303,65.884,62.357,64.508,412020,,,4.8962,hfq
2009-04-21,62.959,64.250,60.981,62.443,200346,,,-3.2012,hfq
2009-04-23,58.056,59.605,56.852,59.002,172386,,,-5.5106,hfq
2009-04-24,59.002,59.519,57.024,57.110,108497,,,-3.2067,hfq
2009-04-27,56.680,56.938,53.841,54.185,107905,,,-5.1217,hfq
2009-04-28,53.411,54.874,52.551,54.443,93259,,,0.4761,hfq
2009-04-29,54.357,56.766,54.013,56.164,97624,,,3.1611,hfq
2009-04-30,56.422,56.766,55.304,55.992,94923,,,-0.3062,hfq
2009-05-04,56.250,58.400,55.734,58.314,105456,,,4.1470,hfq
2009-05-05,58.744,60.293,58.056,58.744,132174,,,0.7374,hfq
2009-05-06,58.658,60.379,58.314,60.293,158442,,,2.6369,hfq
2009-05-07,60.465,60.637,57.712,59.260,148115,,,-1.7133,hfq
2009-05-08,58.744,63.647,58.142,62.185,277188,,,4.9359,hfq
2009-05-11,62.873,67.948,62.443,62.873,471665,,,1.1064,hfq
2009-05-12,63.131,68.120,63.131,67.690,428527,,,7.6615,hfq
2009-05-13,66.658,69.067,65.024,67.088,317455,,,-0.8893,hfq
2009-05-14,65.798,70.013,65.368,67.948,294052,,,1.2819,hfq
2009-05-15,68.465,73.970,68.465,70.701,309381,,,4.0516,hfq
2009-05-18,70.701,70.959,67.088,68.637,210731,,,-2.9193,hfq
2009-05-19,68.809,71.389,67.088,68.551,258398,,,-0.1253,hfq
2009-05-20,68.465,68.465,65.798,65.970,214612,,,-3.7651,hfq
2009-05-21,64.938,68.034,64.594,66.830,171883,,,1.3036,hfq
2009-05-22,66.830,70.185,65.798,69.239,315850,,,3.6047,hfq
2009-05-25,67.776,69.239,65.798,68.465,186481,,,-1.1179,hfq
2009-05-26,68.206,71.475,67.690,69.583,245076,,,1.6330,hfq
2009-05-27,69.927,72.163,69.325,70.873,218449,,,1.8539,hfq
2009-06-01,71.647,72.507,69.755,70.443,212040,,,-0.6067,hfq
2009-06-02,70.357,70.529,67.690,68.637,187281,,,-2.5638,hfq
2009-06-03,68.465,73.540,67.604,73.024,263237,,,6.3916,hfq
2009-06-04,72.077,72.679,70.271,70.873,182086,,,-2.9456,hfq
2009-06-05,70.959,72.937,70.443,70.529,162423,,,-0.4854,hfq
2009-06-08,70.787,70.873,68.637,68.723,138761,,,-2.5606,hfq
2009-06-09,68.809,69.153,66.228,67.690,150050,,,-1.5031,hfq
2009-06-10,67.518,68.637,67.088,68.120,118215,,,0.6352,hfq
2009-06-11,68.292,69.669,67.260,67.690,107935,,,-0.6312,hfq
2009-06-12,67.088,67.518,63.045,63.647,218433,,,-5.9728,hfq
2009-06-15,63.303,65.540,62.959,64.508,87034,,,1.3528,hfq
2009-06-16,64.250,64.250,62.357,63.647,98514,,,-1.3347,hfq
2009-06-17,63.561,65.282,63.303,65.196,85197,,,2.4337,hfq
2009-06-18,65.196,65.798,64.336,64.422,99878,,,-1.1872,hfq
2009-06-19,64.508,65.110,63.131,64.680,130270,,,0.4005,hfq
2009-06-22,65.454,67.690,64.938,66.228,206513,,,2.3933,hfq
2009-06-23,65.196,65.712,64.336,64.938,83869,,,-1.9478,hfq
2009-06-24,65.196,65.368,63.561,65.110,82724,,,0.2649,hfq
2009-06-25,65.196,65.282,63.819,64.164,77146,,,-1.4529,hfq
2009-06-26,64.422,64.508,63.303,63.733,72050,,,-0.6717,hfq
2009-06-29,63.475,64.508,63.131,63.906,69759,,,0.2714,hfq
2009-06-30,63.906,63.906,61.841,61.927,97425,,,-3.0967,hfq
2009-07-01,61.841,62.701,61.153,62.529,79031,,,0.9721,hfq
2009-07-02,63.045,67.690,63.045,65.540,279681,,,4.8154,hfq
2009-07-03,65.196,65.970,64.164,64.938,116008,,,-0.9185,hfq
2009-07-06,64.938,64.938,62.701,63.647,117854,,,-1.9881,hfq
2009-07-07,63.561,66.572,62.787,65.282,157430,,,2.5689,hfq
2009-07-08,64.680,69.497,64.336,69.325,325506,,,6.1931,hfq
2009-07-09,68.895,68.895,66.916,68.465,260621,,,-1.2405,hfq
2009-07-10,68.378,68.981,67.088,67.690,156525,,,-1.1320,hfq
2009-07-13,67.862,68.895,67.174,67.862,143332,,,0.2541,hfq
2009-07-14,67.862,69.325,67.604,68.637,152353,,,1.1420,hfq
2009-07-15,68.637,70.529,67.862,70.357,247491,,,2.5059,hfq
2009-07-16,70.357,72.077,67.862,68.206,233959,,,-3.0573,hfq
2009-07-17,68.034,68.292,66.056,67.690,218249,,,-0.7565,hfq
2009-07-20,67.518,71.131,67.432,70.271,294186,,,3.8130,hfq
2009-07-21,70.443,71.475,67.518,67.776,295557,,,-3.5505,hfq
2009-07-22,67.432,70.271,67.174,68.809,229764,,,1.5241,hfq
2009-07-23,68.809,72.593,68.034,71.991,356639,,,4.6244,hfq
2009-07-24,71.733,71.733,68.378,69.755,231039,,,-3.1059,hfq
2009-07-27,70.013,70.787,69.067,70.185,177092,,,0.6164,hfq
2009-07-28,70.185,72.077,69.239,71.819,269126,,,2.3281,hfq
2009-07-29,71.217,71.647,64.422,64.938,284264,,,-9.5810,hfq
2009-07-30,65.454,66.400,62.701,64.852,168212,,,-0.1324,hfq
2009-07-31,65.024,66.916,64.508,66.228,138005,,,2.1218,hfq
2009-08-03,66.572,68.292,66.056,68.034,153470,,,2.7269,hfq
2009-08-04,67.862,68.551,66.056,68.120,156726,,,0.1264,hfq
2009-08-05,68.206,70.529,67.948,69.583,224259,,,2.1477,hfq
2009-08-06,70.013,71.303,68.292,70.013,262250,,,0.6180,hfq
2009-08-07,70.013,70.185,66.142,66.486,201449,,,-5.0376,hfq
2009-08-10,66.830,67.518,65.024,66.314,93359,,,-0.2587,hfq
2009-08-11,66.314,67.432,65.884,67.174,74634,,,1.2969,hfq
2009-08-12,66.744,67.088,62.185,62.443,124563,,,-7.0429,hfq
2009-08-13,63.045,63.389,61.411,62.615,80581,,,0.2755,hfq
2009-08-14,62.443,62.701,58.142,58.228,108786,,,-7.0063,hfq
2009-08-17,56.422,57.712,53.841,53.927,90444,,,-7.3865,hfq
2009-08-18,53.239,55.476,53.239,55.046,59045,,,2.0750,hfq
2009-08-19,55.218,55.304,50.401,51.433,73427,,,-6.5636,hfq
2009-08-20,51.691,53.497,51.605,53.411,68858,,,3.8458,hfq
2009-08-21,52.723,55.132,52.379,55.046,77217,,,3.0612,hfq
2009-08-24,55.046,56.594,53.927,55.734,98697,,,1.2499,hfq
2009-08-25,55.046,55.390,52.379,54.529,88782,,,-2.1621,hfq
2009-08-26,54.013,57.626,53.841,56.594,101569,,,3.7870,hfq
2009-08-27,56.336,58.142,55.734,57.712,112617,,,1.9755,hfq
2009-08-28,57.368,57.368,54.185,54.529,75179,,,-5.5153,hfq
2009-08-31,53.841,53.841,49.970,50.142,68325,,,-8.0453,hfq
2009-09-01,50.056,51.433,49.626,50.401,49192,,,0.5165,hfq
2009-09-02,49.970,51.089,49.454,51.003,47829,,,1.1944,hfq
2009-09-03,51.003,54.185,50.573,53.497,84674,,,4.8899,hfq
2009-09-04,52.981,54.874,52.981,54.099,85995,,,1.1253,hfq
2009-09-07,54.357,55.046,53.583,54.271,77130,,,0.3179,hfq
2009-09-08,54.443,55.992,53.411,55.476,90841,,,2.2203,hfq
2009-09-09,56.078,56.078,54.099,55.046,64810,,,-0.7751,hfq
2009-09-10,54.874,55.476,54.013,54.701,51304,,,-0.6267,hfq
2009-09-11,54.271,56.078,54.185,55.992,79786,,,2.3601,hfq
2009-09-14,55.992,57.884,55.734,57.024,115441,,,1.8431,hfq
2009-09-15,57.024,59.088,56.508,58.916,141519,,,3.3179,hfq
2009-09-16,58.314,59.863,57.196,59.433,163158,,,0.8775,hfq
2009-09-17,59.174,60.895,58.916,59.777,150225,,,0.5788,hfq
2009-09-18,60.207,62.529,58.830,59.174,277254,,,-1.0087,hfq
2009-09-21,58.228,62.185,56.766,61.067,219232,,,3.1990,hfq
2009-09-22,60.895,62.529,59.174,59.260,182530,,,-2.9590,hfq
2009-09-23,59.002,60.465,56.852,57.540,89265,,,-2.9025,hfq
2009-09-24,57.110,57.540,54.874,55.820,83953,,,-2.9892,hfq
2009-09-25,55.820,57.454,55.390,56.250,50291,,,0.7703,hfq
2009-09-28,56.938,58.744,55.906,56.422,82091,,,0.3058,hfq
2009-09-29,56.594,59.088,53.411,58.916,158581,,,4.4203,hfq
2009-09-30,58.744,61.325,58.658,59.949,236280,,,1.7533,hfq
2009-10-09,60.723,61.583,59.174,61.239,159605,,,2.1518,hfq
2009-10-12,60.895,61.239,59.433,59.691,100680,,,-2.5278,hfq
2009-10-13,59.863,60.035,59.002,59.949,68441,,,0.4322,hfq
2009-10-14,60.035,61.755,59.691,60.379,116328,,,0.7173,hfq
2009-10-15,61.153,61.153,59.605,60.551,76971,,,0.2849,hfq
2009-10-16,60.637,61.325,60.035,60.809,83788,,,0.4261,hfq
2009-10-19,60.895,61.669,59.605,61.411,133209,,,0.9900,hfq
2009-10-20,61.411,62.873,60.895,62.271,145588,,,1.4004,hfq
2009-10-21,62.271,62.271,60.809,60.981,140263,,,-2.0716,hfq
2009-10-22,60.465,61.927,60.207,61.411,110269,,,0.7051,hfq
2009-10-23,61.755,64.938,61.411,63.992,221097,,,4.2028,hfq
2009-10-26,65.196,70.615,64.938,66.916,440450,,,4.5693,hfq
2009-10-27,65.626,68.809,64.938,67.002,213426,,,0.1285,hfq
2009-10-28,66.830,69.841,66.486,67.518,149447,,,0.7701,hfq
2009-10-29,66.228,67.432,64.250,65.110,148692,,,-3.5665,hfq
2009-10-30,66.142,71.045,65.454,68.981,264442,,,5.9453,hfq
2009-11-02,67.690,75.260,67.088,73.712,300004,,,6.8584,hfq
2009-11-03,72.937,78.357,72.593,75.776,323257,,,2.8001,hfq
2009-11-04,75.776,78.529,75.002,77.496,241392,,,2.2698,hfq
2009-11-05,77.238,80.077,76.464,77.841,233086,,,0.4452,hfq
2009-11-06,78.099,85.840,78.099,85.152,370186,,,9.3922,hfq
2009-11-09,84.034,86.873,82.658,83.948,284462,,,-1.4139,hfq
2009-11-10,84.120,87.475,84.120,85.238,174749,,,1.5367,hfq
2009-11-11,84.980,92.636,83.776,90.571,230534,,,6.2566,hfq
2009-11-12,90.141,91.862,82.228,84.808,735286,,,-6.3630,hfq
2009-11-13,82.400,82.486,78.529,80.851,393676,,,-4.6658,hfq
2009-11-16,80.679,83.690,79.991,82.744,362554,,,2.3413,hfq
2009-11-17,82.572,83.088,81.195,82.228,185995,,,-0.6236,hfq
2009-11-18,82.228,82.744,80.679,81.367,152905,,,-1.0471,hfq
2009-11-19,81.109,87.733,80.679,86.787,374476,,,6.6612,hfq
2009-11-20,86.614,87.561,84.894,85.840,195972,,,-1.0912,hfq
2009-11-23,86.614,92.292,86.614,90.915,263557,,,5.9122,hfq
2009-11-24,91.776,96.765,89.023,91.862,353079,,,1.0416,hfq
2009-11-25,91.001,100.464,90.571,98.743,312276,,,7.4906,hfq
2009-11-26,98.743,102.614,95.474,98.571,282372,,,-0.1742,hfq
2009-11-27,97.797,99.689,88.507,91.087,248895,,,-7.5925,hfq
2009-11-30,90.399,100.378,90.399,100.378,271235,,,10.2001,hfq
2009-12-01,100.894,103.904,99.259,101.840,237731,,,1.4565,hfq
2009-12-02,103.216,109.065,101.324,105.281,197217,,,3.3788,hfq
2009-12-03,104.076,106.915,102.012,105.023,167758,,,-0.2451,hfq
2009-12-04,104.764,105.883,99.689,101.496,163438,,,-3.3583,hfq
2009-12-07,101.840,108.893,101.840,106.915,131064,,,5.3391,hfq
2009-12-08,106.915,109.065,104.506,108.119,128558,,,1.1261,hfq
2009-12-09,106.743,106.915,103.904,104.506,90625,,,-3.3417,hfq
2009-12-10,105.453,106.915,102.700,103.904,86064,,,-0.5760,hfq
2009-12-11,103.990,106.657,103.044,103.560,71588,,,-0.3311,hfq
2009-12-14,102.872,102.872,96.249,100.378,106106,,,-3.0726,hfq
2009-12-15,100.033,102.184,98.571,99.603,64831,,,-0.7721,hfq
2009-12-16,99.603,105.797,99.603,103.646,89780,,,4.0591,hfq
2009-12-17,102.270,104.334,99.689,100.033,56824,,,-3.4859,hfq
2009-12-18,99.947,100.636,95.130,97.453,51469,,,-2.5791,hfq
2009-12-21,97.281,99.517,96.765,97.367,37792,,,-0.0882,hfq
2009-12-22,97.367,100.894,97.281,97.367,80496,,,0.0000,hfq
2009-12-23,97.023,98.657,95.732,97.711,48264,,,0.3533,hfq
2009-12-24,97.711,100.894,97.281,100.378,82338,,,2.7295,hfq
2009-12-25,100.464,103.560,99.775,102.958,102302,,,2.5703,hfq
2009-12-28,103.216,104.162,102.098,103.044,77116,,,0.0835,hfq
2009-12-29,103.732,104.592,99.173,100.464,92017,,,-2.5038,hfq
2009-12-30,100.033,100.894,92.722,96.249,167132,,,-4.1955,hfq
2009-12-31,95.732,96.593,93.582,95.732,60073,,,-0.5371,hfq
2010-01-04,96.163,98.141,95.302,97.195,58872,,,1.5282,hfq
2010-01-05,97.797,97.797,94.872,95.216,73705,,,-2.0361,hfq
2010-01-06,95.216,96.077,94.528,94.958,51787,,,-0.2710,hfq
2010-01-07,94.614,95.130,91.087,91.862,83425,,,-3.2604,hfq
2010-01-08,91.604,94.270,90.743,94.012,63059,,,2.3405,hfq
2010-01-11,94.098,94.958,92.722,94.184,43581,,,0.1830,hfq
2010-01-12,94.270,97.453,94.270,97.195,75987,,,3.1969,hfq
2010-01-13,95.130,97.367,94.442,96.507,61301,,,-0.7079,hfq
2010-01-14,96.163,99.517,95.302,97.797,79560,,,1.3367,hfq
2010-01-15,97.797,102.356,97.797,101.840,148657,,,4.1341,hfq
2010-01-18,102.184,103.302,100.550,102.270,92192,,,0.4222,hfq
2010-01-19,102.270,102.872,99.259,99.603,96753,,,-2.6078,hfq
2010-01-20,99.603,100.722,93.582,95.130,108255,,,-4.4908,hfq
2010-01-21,95.130,95.905,93.496,94.012,62577,,,-1.1752,hfq
2010-01-22,93.410,94.786,91.001,94.098,69973,,,0.0915,hfq
2010-01-25,94.184,94.184,90.141,90.571,46815,,,-3.7482,hfq
2010-01-26,90.485,92.034,84.120,85.496,80181,,,-5.6033,hfq
2010-01-27,85.668,86.528,81.883,82.055,44539,,,-4.0247,hfq
2010-01-28,82.228,84.808,82.055,82.916,37326,,,1.0493,hfq
2010-01-29,83.260,85.840,82.572,84.722,48948,,,2.1781,hfq
2010-02-01,84.808,85.496,81.281,82.400,33679,,,-2.7407,hfq
2010-02-02,82.830,84.292,82.142,82.228,29267,,,-0.2087,hfq
2010-02-03,82.658,84.120,78.615,84.120,34379,,,2.3009,hfq
2010-02-04,84.034,88.679,83.002,87.733,60457,,,4.2951,hfq
2010-02-05,85.496,96.679,84.722,96.679,149017,,,10.1968,hfq
2010-02-08,94.270,97.023,93.238,94.356,96536,,,-2.4028,hfq
2010-02-09,94.442,94.872,91.604,93.152,50937,,,-1.2760,hfq
2010-02-10,94.098,94.356,91.432,93.152,45164,,,0.0000,hfq
2010-02-11,93.152,93.582,91.432,91.948,56745,,,-1.2925,hfq
2010-02-12,91.948,96.593,87.561,95.302,68882,,,3.6477,hfq
2010-02-22,94.872,98.915,94.442,95.130,52757,,,-0.1805,hfq
2010-02-23,94.098,97.023,94.012,95.819,39721,,,0.7243,hfq
2010-02-24,95.732,97.367,94.270,96.421,66063,,,0.6283,hfq
2010-02-25,96.937,100.550,96.249,99.517,141580,,,3.2109,hfq
2010-02-26,98.313,101.324,97.109,99.345,119708,,,-0.1728,hfq
2010-03-01,99.345,102.614,98.227,100.291,110332,,,0.9522,hfq
2010-03-02,100.378,101.324,99.001,99.603,81135,,,-0.6860,hfq
2010-03-03,100.119,101.152,98.399,99.689,72428,,,0.0863,hfq
2010-03-04,99.603,103.560,98.313,98.399,185574,,,-1.2940,hfq
2010-03-05,98.743,101.410,98.313,98.743,95551,,,0.3496,hfq
2010-03-08,99.087,99.431,96.765,97.109,72833,,,-1.6548,hfq
2010-03-09,97.109,97.453,93.582,95.388,85547,,,-1.7722,hfq
2010-03-10,95.130,97.367,93.496,94.528,53063,,,-0.9016,hfq
2010-03-11,95.130,95.130,92.808,94.786,49930,,,0.2729,hfq
2010-03-12,94.786,96.851,94.012,95.646,45120,,,0.9073,hfq
2010-03-15,95.302,96.163,94.098,94.270,36975,,,-1.4386,hfq
2010-03-16,94.270,95.130,93.238,94.614,36452,,,0.3649,hfq
2010-03-17,94.700,97.711,93.840,96.937,67002,,,2.4552,hfq
2010-03-18,97.367,97.539,95.732,97.109,51157,,,0.1774,hfq
2010-03-19,97.195,100.291,96.335,99.775,100232,,,2.7454,hfq
2010-03-22,99.517,103.044,99.345,102.700,177005,,,2.9316,hfq
2010-03-23,103.216,104.764,100.464,104.506,195080,,,1.7585,hfq
2010-03-24,104.592,105.883,102.614,103.474,127439,,,-0.9875,hfq
2010-03-25,103.646,103.904,100.033,101.238,100452,,,-2.1609,hfq
2010-03-26,100.378,103.904,100.291,103.388,78844,,,2.1237,hfq
2010-03-29,104.076,105.109,101.926,103.990,111035,,,0.5823,hfq
2010-03-30,103.990,104.076,101.238,102.098,85526,,,-1.8194,hfq
2010-03-31,102.012,102.012,99.775,100.119,71369,,,-1.9383,hfq
2010-04-01,100.636,110.356,100.378,110.270,312405,,,10.1389,hfq
2010-04-02,109.926,117.237,108.635,113.796,283231,,,3.1976,hfq
2010-04-06,113.796,115.517,111.044,114.485,110886,,,0.6055,hfq
2010-04-07,114.657,119.388,113.452,115.775,163613,,,1.1268,hfq
2010-04-08,114.313,116.721,113.194,113.969,122986,,,-1.5599,hfq
2010-04-09,113.796,124.119,113.538,119.904,140979,,,5.2076,hfq
2010-04-12,120.162,123.259,117.753,120.936,127960,,,0.8607,hfq
2010-04-13,120.936,122.570,110.098,114.055,231821,,,-5.6898,hfq
2010-04-14,113.796,116.377,111.130,115.603,122206,,,1.3572,hfq
2010-04-15,115.861,116.807,109.237,112.162,205947,,,-2.9766,hfq
2010-04-16,111.646,115.517,109.926,114.743,123777,,,2.3011,hfq
2010-04-19,112.936,115.087,107.345,108.463,133632,,,-5.4731,hfq
2010-04-20,109.668,111.130,105.711,109.409,86146,,,0.8722,hfq
2010-04-22,112.162,114.399,109.926,112.248,161010,,,2.5949,hfq
2010-04-23,112.248,112.936,108.205,109.151,118157,,,-2.7591,hfq
2010-04-26,109.754,110.786,103.388,104.076,189892,,,-4.6495,hfq
2010-04-27,104.764,105.625,102.442,105.281,114364,,,1.1578,hfq
2010-04-28,104.592,110.356,103.990,109.496,118514,,,4.0036,hfq
2010-04-29,108.635,109.840,104.334,104.592,73197,,,-4.4787,hfq
2010-04-30,104.506,105.625,98.055,102.184,75348,,,-2.3023,hfq
2010-05-04,102.184,104.764,100.464,103.646,50541,,,1.4308,hfq
2010-05-05,101.754,106.055,101.582,106.055,55180,,,2.3243,hfq
2010-05-06,105.453,106.915,103.044,103.732,84226,,,-2.1904,hfq
2010-05-07,100.464,104.937,99.861,101.066,56200,,,-2.5701,hfq
2010-05-10,101.324,102.958,91.948,94.614,94753,,,-6.3839,hfq
2010-05-11,97.023,97.883,87.905,91.604,113875,,,-3.1813,hfq
2010-05-12,91.690,94.270,89.883,91.432,65987,,,-0.1878,hfq
2010-05-13,92.292,93.496,90.141,93.410,62819,,,2.1634,hfq
2010-05-14,93.754,93.840,91.173,91.776,76213,,,-1.7493,hfq
2010-05-17,90.141,90.571,83.174,84.464,88465,,,-7.9672,hfq
2010-05-18,84.464,85.668,79.819,85.496,63528,,,1.2218,hfq
2010-05-19,85.238,86.873,83.260,85.152,52097,,,-0.4024,hfq
2010-05-20,85.324,86.701,84.722,85.152,57767,,,0.0000,hfq
2010-05-21,82.400,87.131,81.539,86.787,56838,,,1.9201,hfq
2010-05-24,87.045,90.829,87.045,90.399,127185,,,4.1619,hfq
2010-05-25,90.399,90.399,88.421,89.797,52435,,,-0.6659,hfq
2010-05-26,89.281,91.001,88.421,89.711,31300,,,-0.0958,hfq
2010-05-27,89.797,91.346,88.249,90.743,53725,,,1.1504,hfq
2010-05-28,91.690,91.862,89.711,90.399,45073,,,-0.3791,hfq
2010-05-31,89.195,93.496,88.593,91.948,82318,,,1.7135,hfq
2010-06-01,91.001,91.862,87.303,88.851,51294,,,-3.3682,hfq
2010-06-02,88.851,91.690,88.593,91.604,32838,,,3.0984,hfq
2010-06-03,91.604,94.098,90.743,91.690,61159,,,0.0939,hfq
2010-06-04,90.829,92.378,89.195,91.690,42184,,,0.0000,hfq
2010-06-07,90.141,90.915,87.131,89.453,34741,,,-2.4397,hfq
2010-06-08,88.679,89.969,87.303,88.679,40153,,,-0.8653,hfq
2010-06-09,88.937,93.410,87.991,92.722,84878,,,4.5591,hfq
2010-06-10,91.862,99.861,91.346,96.249,151082,,,3.8038,hfq
2010-06-11,97.023,97.797,94.270,94.356,47928,,,-1.9668,hfq
2010-06-17,94.872,98.657,94.442,95.819,48452,,,1.5505,hfq
2010-06-18,96.163,97.453,91.346,93.496,42628,,,-2.4244,hfq
2010-06-21,92.722,97.539,92.120,96.163,41098,,,2.8525,hfq
2010-06-22,96.077,97.711,95.302,96.421,31558,,,0.2683,hfq
2010-06-23,96.421,96.679,94.012,94.442,29870,,,-2.0525,hfq
2010-06-24,95.560,95.732,93.582,95.302,23027,,,0.9106,hfq
2010-06-25,95.302,96.077,93.668,95.130,20579,,,-0.1805,hfq
2010-06-28,95.130,95.388,91.862,92.636,24449,,,-2.6217,hfq
2010-06-29,93.496,93.496,84.980,85.238,44025,,,-7.9861,hfq
2010-06-30,80.765,84.120,80.765,83.346,24568,,,-2.2197,hfq
2010-07-01,83.174,84.034,80.765,80.851,32835,,,-2.9935,hfq
2010-07-02,79.905,81.367,75.174,79.389,39405,,,-1.8083,hfq
2010-07-05,79.217,79.217,76.550,78.185,16397,,,-1.5166,hfq
2010-07-06,77.066,80.249,77.066,80.077,16380,,,2.4199,hfq
2010-07-07,79.647,80.937,77.927,80.249,29250,,,0.2148,hfq
2010-07-08,80.335,80.937,78.443,79.131,22376,,,-1.3932,hfq
2010-07-09,79.647,82.830,77.669,82.314,41819,,,4.0224,hfq
2010-07-12,82.055,83.948,81.539,82.572,33660,,,0.3134,hfq
2010-07-13,81.969,81.969,79.475,79.991,23495,,,-3.1258,hfq
2010-07-14,79.991,81.797,79.475,80.593,20333,,,0.7526,hfq
2010-07-15,80.593,81.281,78.099,78.271,21903,,,-2.8811,hfq
2010-07-16,77.755,78.959,76.378,78.529,18890,,,0.3296,hfq
2010-07-19,78.099,80.077,77.238,79.905,27954,,,1.7522,hfq
2010-07-20,79.905,83.002,79.905,82.400,37959,,,3.1225,hfq
2010-07-21,81.711,85.840,81.711,83.518,53466,,,1.3568,hfq
2010-07-22,83.518,84.980,82.830,84.636,37904,,,1.3386,hfq
2010-07-23,84.808,85.496,83.260,84.206,28699,,,-0.5081,hfq
2010-07-26,84.120,84.894,83.088,84.722,31501,,,0.6128,hfq
2010-07-27,84.378,84.808,83.604,84.034,25313,,,-0.8121,hfq
2010-07-28,84.464,87.991,83.604,86.787,72096,,,3.2761,hfq
2010-07-29,86.787,87.561,85.324,86.959,56301,,,0.1982,hfq
2010-07-30,87.991,90.141,87.561,87.733,96791,,,0.8901,hfq
2010-08-02,87.045,88.679,86.701,88.593,73871,,,0.9802,hfq
2010-08-03,88.507,90.571,86.959,87.561,71991,,,-1.1649,hfq
2010-08-04,87.217,88.163,85.324,87.733,69884,,,0.1964,hfq
2010-08-05,87.733,88.765,87.131,87.991,56812,,,0.2941,hfq
2010-08-06,87.389,89.023,85.840,88.679,86348,,,0.7819,hfq
2010-08-09,88.937,92.034,88.249,91.776,124948,,,3.4924,hfq
2010-08-10,91.087,91.346,86.012,86.270,87301,,,-5.9994,hfq
2010-08-11,85.840,87.733,85.582,86.701,37732,,,0.4996,hfq
2010-08-12,85.840,87.303,84.980,84.980,42073,,,-1.9850,hfq
2010-08-13,84.206,86.528,84.206,86.356,26300,,,1.6192,hfq
2010-08-16,86.356,89.281,85.582,88.249,82336,,,2.1921,hfq
2010-08-17,88.593,89.109,87.905,88.679,58567,,,0.4873,hfq
2010-08-18,88.679,91.690,88.335,90.571,111210,,,2.1335,hfq
2010-08-19,90.313,91.173,88.679,90.055,87178,,,-0.5697,hfq
2010-08-20,89.625,90.743,85.926,86.098,63716,,,-4.3940,hfq
2010-08-23,86.012,87.303,85.754,86.701,37365,,,0.7004,hfq
2010-08-24,86.356,88.851,85.840,88.077,42536,,,1.5871,hfq
2010-08-25,87.561,89.883,86.787,89.023,75076,,,1.0741,hfq
2010-08-26,89.023,90.571,88.077,90.313,74705,,,1.4491,hfq
2010-08-27,89.711,90.055,87.905,89.195,55013,,,-1.2379,hfq
2010-08-30,89.711,91.690,89.281,91.260,88694,,,2.3152,hfq
2010-08-31,91.260,94.958,90.571,93.582,175524,,,2.5444,hfq
2010-09-01,93.668,94.958,92.120,94.872,116089,,,1.3785,hfq
2010-09-02,95.302,100.808,94.528,99.431,201367,,,4.8054,hfq
2010-09-03,98.829,109.582,98.399,109.582,348535,,,10.2091,hfq
2010-09-06,114.141,115.517,104.678,109.926,390921,,,0.3139,hfq
2010-09-07,107.517,110.614,107.431,108.549,145884,,,-1.2527,hfq
2010-09-08,107.689,112.076,106.399,109.323,148642,,,0.7130,hfq
2010-09-09,109.582,110.786,106.915,110.700,148359,,,1.2596,hfq
2010-09-10,109.065,112.936,107.603,109.065,149980,,,-1.4770,hfq
2010-09-13,109.151,112.334,107.947,111.818,112851,,,2.5242,hfq
2010-09-14,112.248,112.248,109.065,110.442,95657,,,-1.2306,hfq
2010-09-15,110.786,111.388,102.184,103.560,126898,,,-6.2313,hfq
2010-09-16,102.786,103.560,97.797,100.205,103548,,,-3.2397,hfq
2010-09-17,100.894,100.894,97.281,98.313,60614,,,-1.8881,hfq
2010-09-20,98.313,100.119,97.883,98.227,42454,,,-0.0875,hfq
2010-09-21,99.517,99.861,97.883,98.485,28806,,,0.2627,hfq
2010-09-27,98.829,101.410,98.829,100.894,39431,,,2.4461,hfq
2010-09-28,100.894,102.872,98.915,102.184,61664,,,1.2786,hfq
2010-09-29,102.872,106.055,100.980,104.248,82862,,,2.0199,hfq
2010-09-30,103.990,105.625,102.184,103.904,59099,,,-0.3300,hfq
2010-10-08,103.990,106.227,103.560,105.453,82655,,,1.4908,hfq
2010-10-11,105.367,105.453,101.582,102.614,134150,,,-2.6922,hfq
2010-10-12,102.184,103.474,99.603,101.066,94517,,,-1.5086,hfq
2010-10-13,100.205,100.980,97.539,100.636,107469,,,-0.4255,hfq
2010-10-14,100.033,102.442,99.259,101.926,127164,,,1.2818,hfq
2010-10-15,101.754,103.302,98.657,98.829,113790,,,-3.0385,hfq
2010-10-18,98.743,98.743,92.636,92.722,105623,,,-6.1794,hfq
2010-10-19,93.410,96.593,92.464,96.163,52146,,,3.7111,hfq
2010-10-20,95.130,97.969,94.270,96.077,53157,,,-0.0894,hfq
2010-10-21,95.905,96.937,94.270,96.593,50634,,,0.5371,hfq
2010-10-22,96.593,99.173,95.302,97.281,61584,,,0.7123,hfq
2010-10-25,98.141,103.044,97.195,102.614,116970,,,5.4821,hfq
2010-10-26,104.678,106.915,103.904,104.937,204375,,,2.2638,hfq
2010-10-27,103.904,105.539,102.442,102.614,84300,,,-2.2137,hfq
2010-10-28,101.496,103.130,100.464,101.152,55166,,,-1.4248,hfq
2010-10-29,101.324,104.162,100.722,103.044,54707,,,1.8705,hfq
2010-11-01,103.990,104.678,101.754,104.162,101675,,,1.0850,hfq
2010-11-02,104.850,105.195,101.582,102.184,89293,,,-1.8990,hfq
2010-11-03,102.012,102.958,100.033,100.378,61749,,,-1.7674,hfq
2010-11-04,100.205,101.754,99.861,100.980,56499,,,0.5997,hfq
2010-11-05,101.496,105.281,100.722,104.764,116904,,,3.7473,hfq
2010-11-08,105.023,109.237,104.937,107.517,148455,,,2.6278,hfq
2010-11-09,108.205,108.291,105.711,106.829,79845,,,-0.6399,hfq
2010-11-10,106.399,112.506,105.625,112.420,162331,,,5.2336,hfq
2010-11-11,114.227,114.915,106.485,107.431,156660,,,-4.4378,hfq
2010-11-12,107.431,109.237,98.485,98.743,128269,,,-8.0871,hfq
2010-11-15,101.152,102.012,98.313,101.410,68525,,,2.7010,hfq
2010-11-16,101.496,105.281,99.517,102.270,87816,,,0.8480,hfq
2010-11-17,101.238,103.560,97.625,98.571,55914,,,-3.6169,hfq
2010-11-18,99.345,100.291,97.797,98.657,38970,,,0.0872,hfq
2010-11-19,99.173,101.324,95.819,100.980,54079,,,2.3546,hfq
2010-11-22,100.378,101.238,98.313,100.291,53177,,,-0.6823,hfq
2010-11-23,100.205,100.205,96.077,97.539,47484,,,-2.7440,hfq
2010-11-24,96.679,99.431,96.163,99.345,54625,,,1.8516,hfq
2010-11-25,99.431,106.571,98.743,104.420,237950,,,5.1085,hfq
2010-11-26,103.216,103.990,101.066,103.044,112684,,,-1.3178,hfq
2010-11-29,103.044,104.592,101.152,103.474,66088,,,0.4173,hfq
2010-11-30,103.560,106.399,98.915,105.883,150223,,,2.3281,hfq
2010-12-01,106.227,107.001,104.506,106.055,122364,,,0.1624,hfq
2010-12-02,106.915,107.775,103.216,104.162,105335,,,-1.7849,hfq
2010-12-03,103.904,104.937,102.184,103.818,61472,,,-0.3303,hfq
2010-12-06,103.818,103.818,98.743,100.033,74243,,,-3.6458,hfq
2010-12-07,98.743,102.098,98.055,101.410,66648,,,1.3765,hfq
2010-12-08,100.464,103.044,99.861,100.636,59417,,,-0.7632,hfq
2010-12-09,100.378,100.894,97.539,97.711,54917,,,-2.9065,hfq
2010-12-10,97.195,99.431,96.851,98.743,27050,,,1.0562,hfq
2010-12-13,100.033,103.388,99.259,101.754,72530,,,3.0493,hfq
2010-12-14,101.840,103.474,100.464,102.872,85759,,,1.0987,hfq
2010-12-15,102.872,105.625,101.926,103.818,141373,,,0.9196,hfq
2010-12-16,103.732,105.453,103.044,103.388,63112,,,-0.4142,hfq
2010-12-17,104.420,104.420,102.614,103.646,39981,,,0.2495,hfq
2010-12-20,104.248,104.420,97.109,99.517,68406,,,-3.9838,hfq
2010-12-21,100.033,100.808,98.313,100.464,46322,,,0.9516,hfq
2010-12-22,100.033,100.722,98.743,99.603,46946,,,-0.8570,hfq
2010-12-23,99.517,99.947,98.313,98.915,47957,,,-0.6907,hfq
2010-12-24,98.829,98.829,95.474,95.560,40673,,,-3.3918,hfq
2010-12-27,96.249,99.431,95.130,95.302,42503,,,-0.2700,hfq
2010-12-28,94.356,96.249,88.679,90.399,48900,,,-5.1447,hfq
2010-12-29,90.571,92.378,89.711,91.260,20360,,,0.9524,hfq
2010-12-30,91.776,92.636,90.313,91.260,22506,,,0.0000,hfq
2010-12-31,91.862,92.980,91.518,92.722,20033,,,1.6020,hfq
2011-01-04,93.754,94.614,92.464,93.926,30637,,,1.2985,hfq
2011-01-05,93.582,96.851,92.636,94.872,42322,,,1.0072,hfq
2011-01-06,93.754,95.130,92.894,93.496,23702,,,-1.4504,hfq
2011-01-07,93.668,94.184,91.862,92.378,28102,,,-1.1958,hfq
2011-01-10,92.636,92.722,89.023,89.367,25041,,,-3.2594,hfq
2011-01-11,89.453,90.743,88.679,89.883,22306,,,0.5774,hfq
2011-01-12,89.797,91.776,89.711,90.829,12852,,,1.0525,hfq
2011-01-13,90.829,91.432,89.195,90.141,14557,,,-0.7575,hfq
2011-01-14,89.797,90.571,86.873,87.991,28335,,,-2.3852,hfq
2011-01-17,88.163,88.421,83.604,83.948,29910,,,-4.5948,hfq
2011-01-18,83.776,84.808,83.088,84.378,13008,,,0.5122,hfq
2011-01-19,84.378,85.926,83.776,85.840,19837,,,1.7327,hfq
2011-01-20,85.496,86.098,80.765,81.453,24842,,,-5.1107,hfq
2011-01-21,81.797,83.432,81.195,82.486,16107,,,1.2682,hfq
2011-01-24,82.658,82.830,80.937,81.367,14025,,,-1.3566,hfq
2011-01-25,81.625,83.604,80.765,82.572,19481,,,1.4809,hfq
2011-01-26,83.174,84.378,82.744,84.206,14100,,,1.9789,hfq
2011-01-27,83.518,86.356,82.830,85.582,18826,,,1.6341,hfq
2011-01-28,85.582,86.098,84.464,85.582,14997,,,0.0000,hfq
2011-01-31,85.840,87.475,84.120,86.873,15157,,,1.5085,hfq
2011-02-01,86.959,88.249,86.356,87.647,20426,,,0.8910,hfq
2011-02-09,85.840,87.217,85.238,85.324,17632,,,-2.6504,hfq
2011-02-10,85.324,90.141,85.152,89.195,29448,,,4.5368,hfq
2011-02-11,89.711,89.969,88.593,89.109,20633,,,-0.0964,hfq
2011-02-14,89.281,91.604,88.679,90.657,27944,,,1.7372,hfq
2011-02-15,90.571,92.464,88.851,89.109,35934,,,-1.7075,hfq
2011-02-16,89.711,92.292,89.109,91.690,39758,,,2.8965,hfq
2011-02-17,92.120,92.120,89.367,90.657,36429,,,-1.1266,hfq
2011-02-18,91.001,91.001,87.991,88.335,33280,,,-2.5613,hfq
2011-02-21,87.733,90.399,87.733,90.227,27512,,,2.1418,hfq
2011-02-22,90.829,95.646,90.485,93.754,132474,,,3.9090,hfq
2011-02-23,92.722,97.453,91.862,97.195,102609,,,3.6702,hfq
2011-02-24,97.195,97.195,94.614,95.216,59127,,,-2.0361,hfq
2011-02-25,95.216,102.098,95.216,98.915,101034,,,3.8849,hfq
2011-02-28,99.603,100.378,97.023,98.829,45896,,,-0.0869,hfq
2011-03-01,98.313,100.722,97.023,98.485,56723,,,-0.3481,hfq
2011-03-02,97.883,97.969,95.302,97.281,45221,,,-1.2225,hfq
2011-03-03,95.991,98.485,94.184,94.442,48445,,,-2.9183,hfq
2011-03-04,94.098,96.335,93.410,95.991,29633,,,1.6402,hfq
2011-03-07,95.991,97.797,95.302,97.281,41061,,,1.3439,hfq
2011-03-08,97.453,97.453,95.732,96.765,32737,,,-0.5304,hfq
2011-03-09,96.765,98.743,96.163,97.023,32906,,,0.2666,hfq
2011-03-10,97.023,97.367,94.184,95.302,34322,,,-1.7738,hfq
2011-03-11,94.442,96.593,94.356,95.044,39276,,,-0.2707,hfq
2011-03-14,94.356,95.646,94.270,95.560,35113,,,0.5429,hfq
2011-03-15,95.388,100.205,95.388,99.689,169625,,,4.3208,hfq
2011-03-16,98.743,100.205,97.711,99.087,71687,,,-0.6039,hfq
2011-03-17,98.313,99.087,96.163,97.883,53816,,,-1.2151,hfq
2011-03-18,98.055,100.894,98.055,99.259,46983,,,1.4058,hfq
2011-03-21,99.345,100.464,96.851,97.453,49587,,,-1.8195,hfq
2011-03-22,97.023,98.055,94.786,95.560,36489,,,-1.9425,hfq
2011-03-23,95.216,96.851,95.216,96.421,24690,,,0.9010,hfq
2011-03-24,96.335,97.195,95.302,95.388,32648,,,-1.0713,hfq
2011-03-25,96.077,97.023,95.130,96.163,50464,,,0.8125,hfq
2011-03-28,96.163,100.291,96.163,99.345,95353,,,3.3090,hfq
2011-03-29,99.259,102.270,98.743,100.119,105273,,,0.7791,hfq
2011-03-30,100.894,102.012,97.883,100.119,64328,,,0.0000,hfq
2011-03-31,99.689,105.109,99.689,102.528,156779,,,2.4061,hfq
2011-04-01,101.496,104.506,101.496,103.216,107911,,,0.6710,hfq
2011-04-06,102.958,104.162,100.550,101.840,77614,,,-1.3331,hfq
2011-04-07,102.012,105.109,99.689,104.764,100898,,,2.8712,hfq
2011-04-08,103.904,105.281,102.614,102.958,74714,,,-1.7239,hfq
2011-04-11,102.700,103.474,100.980,102.184,66608,,,-0.7518,hfq
2011-04-12,101.324,103.302,100.119,101.496,49408,,,-0.6733,hfq
2011-04-13,101.238,104.678,99.861,104.420,88066,,,2.8809,hfq
2011-04-14,104.678,104.678,101.496,102.442,67960,,,-1.8943,hfq
2011-04-15,101.582,102.786,100.464,101.840,48397,,,-0.5876,hfq
2011-04-18,102.098,106.313,101.324,104.937,129128,,,3.0410,hfq
2011-04-19,103.904,107.861,103.560,106.055,198454,,,1.0654,hfq
2011-04-20,105.625,107.775,104.420,106.055,86875,,,0.0000,hfq
2011-04-21,106.141,108.635,104.678,108.033,120010,,,1.8651,hfq
2011-04-22,108.033,108.807,104.334,104.937,86007,,,-2.8658,hfq
2011-04-25,104.764,104.764,96.765,97.625,116481,,,-6.9680,hfq
2011-04-27,97.453,98.657,95.130,96.593,70169,,,-1.0571,hfq
2011-04-28,97.797,97.797,91.862,92.034,58341,,,-4.7198,hfq
2011-04-29,91.346,92.636,88.163,91.948,76771,,,-0.0934,hfq
2011-05-03,91.690,93.152,89.109,92.980,57975,,,1.1224,hfq
2011-05-04,92.120,92.206,89.539,90.571,33599,,,-2.5909,hfq
2011-05-05,90.829,91.001,87.389,88.679,47746,,,-2.0890,hfq
2011-05-06,88.335,91.690,85.496,91.260,68921,,,2.9105,hfq
2011-05-09,89.969,92.550,89.969,92.292,43857,,,1.1308,hfq
2011-05-10,92.722,94.786,90.055,91.346,79352,,,-1.0250,hfq
2011-05-11,91.690,91.690,87.561,89.195,65718,,,-2.3548,hfq
2011-05-12,87.733,90.657,87.561,89.023,44136,,,-0.1928,hfq
2011-05-13,89.711,90.485,88.421,89.969,39233,,,1.0626,hfq
2011-05-16,90.571,92.464,89.711,90.743,39276,,,0.8603,hfq
2011-05-17,91.432,93.926,89.711,93.152,67477,,,2.6548,hfq
2011-05-18,92.722,93.496,91.862,92.378,41031,,,-0.8309,hfq
2011-05-19,93.066,94.356,92.120,93.238,48098,,,0.9310,hfq
2011-05-20,93.496,93.668,91.001,91.432,29162,,,-1.9370,hfq
2011-05-23,91.518,91.862,85.066,86.098,51213,,,-5.8338,hfq
2011-05-24,86.012,86.528,81.539,85.496,45200,,,-0.6992,hfq
2011-05-25,84.464,85.410,83.260,84.034,27353,,,-1.7100,hfq
2011-05-26,84.808,86.356,84.120,84.206,27441,,,0.2047,hfq
2011-05-27,85.066,86.184,83.432,84.206,31161,,,0.0000,hfq
2011-05-30,84.120,84.894,81.453,81.883,23986,,,-2.7587,hfq
2011-05-31,82.486,85.238,82.055,84.722,21928,,,3.4671,hfq
2011-06-01,84.464,85.582,83.948,85.152,19241,,,0.5075,hfq
2011-06-02,84.550,86.701,82.658,85.582,40079,,,0.5050,hfq
2011-06-03,86.614,87.733,85.152,85.840,27800,,,0.3015,hfq
2011-06-07,85.410,87.819,85.410,86.270,27096,,,0.5009,hfq
2011-06-08,86.873,86.873,84.894,86.184,21301,,,-0.0997,hfq
2011-06-09,86.614,87.303,84.206,84.550,24814,,,-1.8959,hfq
2011-06-10,84.550,84.808,82.400,84.722,34054,,,0.2034,hfq
2011-06-13,83.346,86.184,82.572,85.410,26583,,,0.8121,hfq
2011-06-14,85.410,87.045,84.980,86.442,28448,,,1.2083,hfq
2011-06-15,86.701,86.959,84.808,84.808,20869,,,-1.8903,hfq
2011-06-16,84.292,86.701,83.260,86.528,48264,,,2.0281,hfq
2011-06-17,86.959,87.733,84.464,85.152,47462,,,-1.5902,hfq
2011-06-20,84.980,86.098,80.679,81.023,35286,,,-4.8490,hfq
2011-06-21,80.937,82.142,77.496,79.733,33767,,,-1.5921,hfq
2011-06-22,80.163,80.249,77.841,78.357,25013,,,-1.7258,hfq
2011-06-23,78.099,80.851,76.636,79.733,37386,,,1.7561,hfq
2011-06-24,79.389,82.572,78.701,82.055,53575,,,2.9122,hfq
2011-06-27,81.969,83.260,81.109,82.486,30138,,,0.5253,hfq
2011-06-28,81.625,83.174,81.539,82.572,27577,,,0.1043,hfq
2011-06-29,82.228,83.260,81.023,81.023,25429,,,-1.8759,hfq
2011-06-30,81.281,82.658,81.195,82.142,26782,,,1.3811,hfq
2011-07-01,82.400,82.658,81.625,81.969,27027,,,-0.2106,hfq
2011-07-04,82.400,85.238,82.055,84.120,41722,,,2.6242,hfq
2011-07-05,84.636,85.410,83.690,84.636,39282,,,0.6134,hfq
2011-07-06,85.410,86.614,84.550,84.980,55471,,,0.4064,hfq
2011-07-07,85.066,86.012,84.120,85.066,46263,,,0.1012,hfq
2011-07-08,84.980,85.668,84.636,85.324,24402,,,0.3033,hfq
2011-07-11,84.722,86.959,84.636,86.184,42238,,,1.0079,hfq
2011-07-12,84.894,85.754,83.174,83.604,36837,,,-2.9936,hfq
2011-07-13,83.260,87.561,83.002,86.614,81057,,,3.6003,hfq
2011-07-14,86.614,87.217,85.926,86.787,37567,,,0.1997,hfq
2011-07-15,86.787,87.647,86.270,87.045,41905,,,0.2973,hfq
2011-07-18,87.045,87.905,86.528,87.389,42163,,,0.3952,hfq
2011-07-19,87.561,87.819,85.582,87.389,38282,,,0.0000,hfq
2011-07-20,87.733,87.905,86.270,86.959,28842,,,-0.4921,hfq
2011-07-21,86.528,87.389,84.980,85.410,39640,,,-1.7813,hfq
2011-07-22,85.066,86.959,84.980,86.098,36539,,,0.8055,hfq
2011-07-25,86.614,86.873,82.658,84.206,42681,,,-2.1975,hfq
2011-07-26,84.550,85.152,83.690,84.206,25355,,,0.0000,hfq
2011-07-27,84.464,89.195,83.690,88.421,103855,,,5.0056,hfq
2011-07-28,87.303,87.905,84.722,86.528,57209,,,-2.1409,hfq
2011-07-29,86.787,86.959,83.260,84.808,48626,,,-1.9878,hfq
2011-08-01,85.066,86.356,83.948,85.066,23122,,,0.3042,hfq
2011-08-02,85.238,85.238,82.916,84.550,26272,,,-0.6066,hfq
2011-08-03,84.378,85.840,83.346,85.496,26840,,,1.1189,hfq
2011-08-04,85.926,86.442,84.722,84.894,30099,,,-0.7041,hfq
2011-08-05,81.883,83.432,79.905,80.765,54708,,,-4.8637,hfq
2011-08-08,79.991,81.367,76.378,77.841,42491,,,-3.6204,hfq
2011-08-09,76.292,82.658,73.368,80.335,73891,,,3.2040,hfq
2011-08-10,81.883,81.883,78.959,79.389,45167,,,-1.1776,hfq
2011-08-11,77.669,81.453,76.378,80.249,36037,,,1.0833,hfq
2011-08-12,81.539,82.142,80.335,80.335,22318,,,0.1072,hfq
2011-08-15,81.367,82.314,80.335,81.797,32241,,,1.8199,hfq
2011-08-16,81.797,82.228,80.335,81.539,25811,,,-0.3154,hfq
2011-08-17,81.539,82.228,80.507,82.055,21781,,,0.6328,hfq
2011-08-18,82.055,83.948,81.281,81.711,37020,,,-0.4192,hfq
2011-08-19,79.475,82.486,78.615,82.055,25624,,,0.4210,hfq
2011-08-22,81.195,83.518,81.195,81.711,20448,,,-0.4192,hfq
2011-08-23,82.744,83.174,81.539,82.658,22691,,,1.1590,hfq
2011-08-24,82.830,83.862,81.625,82.228,28489,,,-0.5202,hfq
2011-08-25,82.486,84.292,81.969,83.948,38815,,,2.0917,hfq
2011-08-26,83.948,86.873,83.174,85.840,55951,,,2.2538,hfq
2011-08-29,85.324,86.614,84.550,85.324,32390,,,-0.6011,hfq
2011-08-30,85.840,88.163,85.410,86.184,47777,,,1.0079,hfq
2011-08-31,86.873,87.303,84.722,86.184,36747,,,0.0000,hfq
2011-09-01,87.131,88.507,85.668,86.098,42878,,,-0.0998,hfq
2011-09-02,86.012,86.787,84.034,84.464,30820,,,-1.8978,hfq
2011-09-05,83.518,84.550,82.830,83.002,21647,,,-1.7309,hfq
2011-09-06,82.744,84.120,81.281,83.260,17214,,,0.3108,hfq
2011-09-07,83.690,86.098,83.346,85.668,25694,,,2.8921,hfq
2011-09-08,86.442,86.614,85.066,85.582,22967,,,-0.1004,hfq
2011-09-09,84.722,86.270,80.249,81.539,38501,,,-4.7241,hfq
2011-09-13,81.453,81.453,77.669,78.615,21403,,,-3.5860,hfq
2011-09-14,78.787,80.163,77.669,79.647,11899,,,1.3127,hfq
2011-09-15,80.679,81.023,79.389,79.561,15388,,,-0.1080,hfq
2011-09-19,80.421,80.421,78.185,79.217,9408,,,-0.4324,hfq
2011-09-20,78.873,79.819,77.238,78.529,14149,,,-0.8685,hfq
2011-09-21,79.389,83.088,78.529,81.883,29585,,,4.2710,hfq
2011-09-22,81.797,81.797,79.389,79.561,13777,,,-2.8358,hfq
2011-09-23,78.959,80.507,77.755,79.389,10887,,,-0.2162,hfq
2011-09-26,80.421,80.421,77.927,78.099,13262,,,-1.6249,hfq
2011-09-27,79.217,79.303,77.496,78.013,9423,,,-0.1101,hfq
2011-09-28,78.443,78.959,76.034,76.464,11196,,,-1.9856,hfq
2011-09-29,76.034,77.152,74.228,74.314,15167,,,-2.8118,hfq
2011-09-30,73.884,75.260,72.421,73.884,16898,,,-0.5786,hfq
2011-10-10,74.572,74.572,70.357,70.959,15756,,,-3.9589,hfq
2011-10-11,74.142,74.658,71.217,72.593,18246,,,2.3027,hfq
2011-10-12,71.819,75.518,71.819,75.260,17153,,,3.6739,hfq
2011-10-13,75.260,77.152,74.658,75.948,12387,,,0.9142,hfq
2011-10-14,76.378,80.679,75.174,78.959,55680,,,3.9646,hfq
2011-10-17,78.099,79.819,77.583,77.755,31134,,,-1.5248,hfq
2011-10-18,76.808,76.980,70.959,72.507,28865,,,-6.7494,hfq
2011-10-19,72.421,72.937,70.787,70.787,14345,,,-2.3722,hfq
2011-10-20,69.927,70.787,68.637,69.153,11301,,,-2.3083,hfq
2011-10-21,71.217,71.217,68.723,69.153,9629,,,0.0000,hfq
2011-10-24,69.239,69.841,67.174,69.067,17510,,,-0.1244,hfq
2011-10-25,69.927,72.937,69.497,70.615,41826,,,2.2413,hfq
2011-10-26,71.045,71.733,70.013,70.787,30738,,,0.2436,hfq
2011-10-27,71.217,72.421,70.787,71.131,19859,,,0.4860,hfq
2011-10-28,72.077,73.454,71.303,72.765,30080,,,2.2972,hfq
2011-10-31,73.110,73.110,71.647,72.507,17185,,,-0.3546,hfq
2011-11-01,72.077,73.712,71.131,72.937,32477,,,0.5930,hfq
2011-11-02,71.819,74.572,71.217,73.540,27275,,,0.8267,hfq
2011-11-03,74.314,74.916,73.024,73.884,46342,,,0.4678,hfq
2011-11-04,74.486,75.174,73.712,74.916,36831,,,1.3968,hfq
2011-11-07,74.916,75.518,73.626,74.142,21822,,,-1.0332,hfq
2011-11-08,74.056,74.486,72.679,72.937,16591,,,-1.6253,hfq
2011-11-09,75.002,75.002,72.679,73.970,17969,,,1.4163,hfq
2011-11-10,73.282,74.056,72.077,72.163,15475,,,-2.4429,hfq
2011-11-11,72.163,79.561,72.163,75.088,104625,,,4.0533,hfq
2011-11-14,75.088,77.496,73.884,76.292,49630,,,1.6035,hfq
2011-11-15,75.604,76.808,74.658,76.034,31293,,,-0.3382,hfq
2011-11-16,75.948,75.948,73.196,73.798,38187,,,-2.9408,hfq
2011-11-17,73.454,75.002,73.454,73.884,25214,,,0.1165,hfq
2011-11-18,74.142,74.830,71.819,72.937,20128,,,-1.2817,hfq
2011-11-21,72.937,73.712,72.249,73.196,13922,,,0.3551,hfq
2011-11-22,72.593,74.056,72.077,73.282,11112,,,0.1175,hfq
2011-11-23,73.884,73.884,72.077,72.593,11851,,,-0.9402,hfq
2011-11-24,72.077,73.196,71.389,71.991,12586,,,-0.8293,hfq
2011-11-25,72.421,72.421,70.271,70.787,14279,,,-1.6724,hfq
2011-11-28,70.787,71.475,69.755,70.873,14472,,,0.1215,hfq
2011-11-29,71.733,72.335,71.045,71.819,20295,,,1.3348,hfq
2011-11-30,72.421,72.851,68.120,68.895,19980,,,-4.0713,hfq
2011-12-01,71.217,72.077,70.099,70.443,18978,,,2.2469,hfq
2011-12-02,69.755,70.615,68.292,68.465,10479,,,-2.8079,hfq
2011-12-05,68.465,68.465,64.766,65.970,12117,,,-3.6442,hfq
2011-12-06,66.314,67.346,64.938,66.658,12582,,,1.0429,hfq
2011-12-07,66.486,67.948,66.486,67.088,6658,,,0.6451,hfq
2011-12-08,68.120,68.120,66.486,67.862,10853,,,1.1537,hfq
2011-12-09,68.120,68.120,66.056,66.228,5912,,,-2.4078,hfq
2011-12-12,65.884,67.260,65.196,66.314,6890,,,0.1299,hfq
2011-12-13,65.798,66.228,63.131,63.131,7317,,,-4.7999,hfq
2011-12-14,63.131,64.508,61.755,61.927,5398,,,-1.9071,hfq
2011-12-15,61.497,61.927,57.712,57.884,14742,,,-6.5287,hfq
2011-12-16,57.884,60.465,56.852,60.035,10992,,,3.7161,hfq
2011-12-19,59.174,60.379,57.454,59.519,9778,,,-0.8595,hfq
2011-12-20,59.777,60.293,59.002,59.088,10296,,,-0.7241,hfq
2011-12-21,59.691,59.777,54.874,55.992,9883,,,-5.2396,hfq
2011-12-22,55.390,56.250,53.497,55.906,15588,,,-0.1536,hfq
2011-12-23,55.218,58.744,54.874,57.970,24548,,,3.6919,hfq
2011-12-26,57.712,57.970,56.336,56.508,32412,,,-2.5220,hfq
2011-12-27,55.820,55.906,53.583,53.755,15887,,,-4.8719,hfq
2011-12-28,53.497,54.013,51.519,52.895,9581,,,-1.5999,hfq
2011-12-29,53.067,55.820,52.035,52.981,16089,,,0.1626,hfq
2011-12-30,54.271,54.357,53.153,53.927,8918,,,1.7855,hfq
2012-01-04,54.013,55.218,51.949,52.121,10801,,,-3.3490,hfq
2012-01-05,52.121,52.379,49.540,51.261,17515,,,-1.6500,hfq
2012-01-06,50.917,51.777,48.938,50.315,19121,,,-1.8455,hfq
2012-01-09,50.315,52.637,49.626,52.465,33388,,,4.2731,hfq
2012-01-10,52.379,55.648,52.035,55.390,28934,,,5.5751,hfq
2012-01-11,55.304,56.508,54.529,55.992,23509,,,1.0868,hfq
2012-01-12,55.992,56.680,55.476,55.906,13899,,,-0.1536,hfq
2012-01-13,55.476,55.992,53.153,53.841,14990,,,-3.6937,hfq
2012-01-16,53.153,53.669,51.433,51.863,9162,,,-3.6738,hfq
2012-01-17,53.239,56.766,53.067,55.476,39653,,,6.9664,hfq
2012-01-18,55.476,57.540,54.960,56.594,45003,,,2.0153,hfq
2012-01-19,57.024,58.400,56.164,57.712,50933,,,1.9755,hfq
2012-01-20,57.712,57.884,57.024,57.282,30826,,,-0.7451,hfq
2012-01-30,57.540,57.540,54.874,55.562,37337,,,-3.0027,hfq
2012-01-31,55.562,55.906,54.529,55.906,11551,,,0.6191,hfq
2012-02-01,55.562,56.508,54.271,54.615,25828,,,-2.3092,hfq
2012-02-02,54.874,55.992,54.443,55.734,17560,,,2.0489,hfq
2012-02-03,55.906,59.433,55.562,57.884,54588,,,3.8576,hfq
2012-02-06,57.540,60.293,57.282,59.691,76671,,,3.1218,hfq
2012-02-07,59.605,59.605,57.626,58.142,36009,,,-2.5950,hfq
2012-02-08,58.400,59.863,57.884,59.691,46780,,,2.6642,hfq
2012-02-09,59.347,60.293,59.002,59.174,50658,,,-0.8661,hfq
2012-02-10,59.174,59.777,58.572,59.088,26894,,,-0.1453,hfq
2012-02-13,58.486,61.583,57.884,60.207,41469,,,1.8938,hfq
2012-02-14,60.207,60.207,59.088,59.519,20648,,,-1.1427,hfq
2012-02-15,59.174,60.809,59.088,60.637,41838,,,1.8784,hfq
2012-02-16,60.809,62.271,60.293,61.153,47151,,,0.8510,hfq
2012-02-17,61.841,61.841,59.433,60.637,31773,,,-0.8438,hfq
2012-02-20,61.669,61.669,59.691,60.293,46791,,,-0.5673,hfq
2012-02-21,60.035,60.637,58.572,60.293,40782,,,0.0000,hfq
2012-02-22,60.465,61.497,59.863,61.325,59937,,,1.7116,hfq
2012-02-23,60.981,62.701,60.035,62.615,73126,,,2.1035,hfq
2012-02-24,63.045,63.217,61.841,62.959,52605,,,0.5494,hfq
2012-02-27,62.959,65.024,62.443,63.217,92264,,,0.4098,hfq
2012-02-28,62.959,63.475,61.497,62.615,44385,,,-0.9523,hfq
2012-02-29,62.357,63.475,61.755,61.927,37882,,,-1.0988,hfq
2012-03-01,61.497,62.701,61.497,62.099,24231,,,0.2777,hfq
2012-03-02,62.185,63.475,62.099,63.045,41592,,,1.5234,hfq
2012-03-05,63.217,64.508,62.959,64.078,59548,,,1.6385,hfq
2012-03-06,63.647,64.164,62.185,63.217,38770,,,-1.3437,hfq
2012-03-07,62.529,65.196,62.357,63.647,60420,,,0.6802,hfq
2012-03-08,64.250,66.228,63.906,65.540,99323,,,2.9742,hfq
2012-03-09,65.540,67.776,65.282,66.314,91838,,,1.1810,hfq
2012-03-12,66.056,67.690,65.368,67.346,58871,,,1.5562,hfq
2012-03-13,67.174,68.723,66.658,67.518,75571,,,0.2554,hfq
2012-03-14,68.637,68.637,61.755,62.615,84111,,,-7.2618,hfq
2012-03-15,62.615,65.196,62.271,63.217,76617,,,0.9614,hfq
2012-03-16,62.615,65.454,62.357,65.196,67743,,,3.1305,hfq
2012-03-19,65.884,66.228,64.164,66.142,51640,,,1.4510,hfq
2012-03-20,65.626,67.260,64.852,66.228,80176,,,0.1300,hfq
2012-03-21,66.744,67.260,65.110,67.088,64858,,,1.2985,hfq
2012-03-22,66.744,67.260,66.056,66.228,41150,,,-1.2819,hfq
2012-03-23,66.056,66.056,61.927,63.131,47038,,,-4.6763,hfq
2012-03-26,63.389,63.819,61.755,62.529,24525,,,-0.9536,hfq
2012-03-27,62.873,63.303,62.013,62.013,18507,,,-0.8252,hfq
2012-03-28,61.927,62.013,58.572,59.174,29245,,,-4.5781,hfq
2012-03-29,62.615,65.282,59.949,60.293,135896,,,1.8910,hfq
2012-03-30,58.486,66.486,57.024,66.486,217137,,,10.2715,hfq
2012-04-05,69.153,73.282,66.658,73.282,388850,,,10.2217,hfq
2012-04-06,80.249,80.593,73.712,74.400,462756,,,1.5256,hfq
2012-04-09,72.937,76.636,71.647,73.970,283380,,,-0.5780,hfq
2012-04-10,72.507,81.539,71.819,81.539,388776,,,10.2325,hfq
2012-04-11,80.077,89.883,79.475,86.873,659591,,,6.5417,hfq
2012-04-12,84.120,88.421,83.776,86.442,442240,,,-0.4961,hfq
2012-04-13,85.152,89.109,83.002,84.722,419388,,,-1.9898,hfq
2012-04-16,84.550,93.324,82.658,91.604,675072,,,8.1230,hfq
2012-04-17,89.539,90.141,82.314,82.314,584864,,,-10.1415,hfq
2012-04-18,82.400,87.561,80.765,84.292,501275,,,2.4030,hfq
2012-04-19,82.400,83.174,78.185,80.421,349803,,,-4.5924,hfq
2012-04-20,79.561,88.507,79.389,84.378,510708,,,4.9204,hfq
2012-04-23,82.830,89.367,82.228,85.668,412282,,,1.5288,hfq
2012-04-24,84.550,94.356,84.120,94.356,625354,,,10.1415,hfq
2012-04-25,97.539,103.904,96.421,103.904,884558,,,10.1191,hfq
2012-04-27,93.410,97.883,93.410,93.410,645082,,,-10.0997,hfq
2012-05-02,93.410,97.023,89.367,94.872,460827,,,1.5651,hfq
2012-05-03,93.410,98.141,91.518,96.937,393685,,,2.1766,hfq
2012-05-04,95.732,96.937,92.292,93.668,345333,,,-3.3723,hfq
2012-05-07,91.690,93.582,89.883,91.087,316878,,,-2.7555,hfq
2012-05-08,91.260,93.582,87.389,89.023,336310,,,-2.2660,hfq
2012-05-09,87.905,91.776,86.356,90.227,312614,,,1.3525,hfq
2012-05-10,88.937,91.260,86.270,87.647,261569,,,-2.8595,hfq
2012-05-11,87.303,90.399,86.787,87.647,202077,,,0.0000,hfq
2012-05-14,88.421,91.087,87.131,88.765,229400,,,1.2756,hfq
2012-05-15,87.819,90.915,83.690,86.442,274392,,,-2.6170,hfq
2012-05-16,85.582,88.421,84.550,85.324,182096,,,-1.2934,hfq
2012-05-17,85.496,90.829,84.722,88.851,371521,,,4.1337,hfq
2012-05-18,86.959,87.045,79.819,79.905,414494,,,-10.0685,hfq
2012-05-21,78.959,80.765,77.755,78.443,181230,,,-1.8297,hfq
2012-05-22,79.131,80.249,78.615,79.905,140099,,,1.8638,hfq
2012-05-23,79.389,82.572,78.787,80.851,228775,,,1.1839,hfq
2012-05-24,79.389,80.937,78.099,78.959,162755,,,-2.3401,hfq
2012-05-25,78.787,80.593,78.099,78.615,138001,,,-0.4357,hfq
2012-05-28,78.529,83.518,78.271,82.228,288631,,,4.5958,hfq
2012-05-29,81.367,82.314,79.819,81.883,213557,,,-0.4196,hfq
2012-05-30,81.195,83.260,80.593,81.109,173010,,,-0.9453,hfq
2012-05-31,80.249,81.453,78.873,80.163,126496,,,-1.1663,hfq
2012-06-01,80.335,80.937,79.303,79.819,83463,,,-0.4291,hfq
2012-06-04,77.755,78.959,71.905,72.679,201379,,,-8.9452,hfq
2012-06-05,73.024,74.314,71.131,73.712,128478,,,1.4213,hfq
2012-06-06,73.282,73.970,71.991,72.765,74007,,,-1.2847,hfq
2012-06-07,73.540,75.948,72.593,73.196,126887,,,0.5923,hfq
2012-06-08,73.798,74.056,71.733,71.905,80981,,,-1.7638,hfq
2012-06-11,71.647,75.690,71.131,73.626,147689,,,2.3934,hfq
2012-06-12,72.507,74.228,72.163,73.282,68087,,,-0.4672,hfq
2012-06-13,73.368,76.292,73.196,75.518,205940,,,3.0512,hfq
2012-06-14,74.916,75.518,72.593,72.851,125927,,,-3.5316,hfq
2012-06-15,73.368,74.142,71.647,72.937,65899,,,0.1180,hfq
2012-06-18,73.368,74.744,73.110,73.798,68808,,,1.1805,hfq
2012-06-19,73.626,75.948,72.937,73.798,107763,,,0.0000,hfq
2012-06-20,73.712,75.002,72.765,73.024,78805,,,-1.0488,hfq
2012-06-21,72.507,75.174,70.787,73.454,125415,,,0.5888,hfq
2012-06-25,72.679,72.679,69.239,69.755,83913,,,-5.0358,hfq
2012-06-26,68.895,71.561,68.120,70.615,72430,,,1.2329,hfq
2012-06-27,70.185,72.421,70.013,70.787,75358,,,0.2436,hfq
2012-06-28,70.873,75.346,70.787,72.077,183327,,,1.8224,hfq
2012-06-29,70.615,71.819,68.723,71.389,102520,,,-0.9545,hfq
2012-07-02,71.905,72.507,71.045,71.647,69778,,,0.3614,hfq
2012-07-03,71.733,73.454,71.389,73.368,115493,,,2.4021,hfq
2012-07-04,73.884,74.056,70.787,72.507,81403,,,-1.1735,hfq
2012-07-05,70.873,75.432,69.927,72.249,287017,,,-0.3558,hfq
2012-07-06,71.905,71.905,64.938,67.862,265543,,,-6.0721,hfq
2012-07-09,66.314,67.776,64.766,64.852,123625,,,-4.4355,hfq
2012-07-10,64.422,65.626,62.615,63.475,68430,,,-2.1233,hfq
2012-07-11,63.217,64.250,62.873,63.992,55826,,,0.8145,hfq
2012-07-12,63.819,64.508,61.755,64.250,81919,,,0.4032,hfq
2012-07-13,63.389,65.540,63.303,64.164,79869,,,-0.1339,hfq
2012-07-16,64.078,64.078,59.002,59.949,97848,,,-6.5691,hfq
2012-07-17,59.777,62.099,58.744,61.411,68493,,,2.4387,hfq
2012-07-18,61.067,63.045,60.379,62.701,70903,,,2.1006,hfq
2012-07-19,62.013,69.067,62.013,66.830,351856,,,6.5852,hfq
2012-07-20,64.766,69.927,64.422,66.744,248692,,,-0.1287,hfq
2012-07-23,68.637,68.895,64.766,65.368,93820,,,-2.0616,hfq
2012-07-24,64.164,70.185,63.906,67.002,199792,,,2.4997,hfq
2012-07-25,66.142,66.314,64.852,64.938,87465,,,-3.0805,hfq
2012-07-26,64.680,65.712,62.787,63.561,78737,,,-2.1205,hfq
2012-07-27,63.906,64.336,61.755,61.927,60724,,,-2.5708,hfq
2012-07-30,62.099,62.443,59.605,60.207,58811,,,-2.7775,hfq
2012-07-31,59.519,62.357,58.486,61.067,66753,,,1.4284,hfq
2012-08-01,60.637,62.271,60.121,61.583,63636,,,0.8450,hfq
2012-08-02,61.583,61.841,59.433,60.035,50782,,,-2.5137,hfq
2012-08-03,60.035,61.325,59.949,61.239,43899,,,2.0055,hfq
2012-08-06,60.895,63.475,60.809,63.131,86772,,,3.0895,hfq
2012-08-07,63.131,63.992,62.615,63.733,81770,,,0.9536,hfq
2012-08-08,63.561,65.454,63.475,63.819,100506,,,0.1349,hfq
2012-08-09,63.906,64.680,62.615,64.422,87973,,,0.9449,hfq
2012-08-10,64.164,66.056,63.561,64.680,96113,,,0.4005,hfq
2012-08-13,63.819,64.680,61.755,62.271,74830,,,-3.7245,hfq
2012-08-14,62.185,63.906,60.981,63.906,70503,,,2.6256,hfq
2012-08-15,63.561,63.561,62.185,62.185,33800,,,-2.6930,hfq
2012-08-16,61.841,62.701,61.239,62.357,40050,,,0.2766,hfq
2012-08-17,64.164,65.884,63.217,63.819,187403,,,2.3446,hfq
2012-08-20,62.443,62.615,60.981,62.185,77487,,,-2.5604,hfq
2012-08-21,62.357,64.508,61.669,63.647,98918,,,2.3510,hfq
2012-08-22,63.303,64.938,62.013,63.819,149055,,,0.2702,hfq
2012-08-23,63.045,64.422,62.271,63.561,91735,,,-0.4043,hfq
2012-08-24,63.045,63.475,60.121,60.207,77449,,,-5.2768,hfq
2012-08-27,60.379,60.809,59.088,59.088,47591,,,-1.8586,hfq
2012-08-28,59.260,60.293,58.658,59.691,33199,,,1.0205,hfq
2012-08-29,59.863,60.637,59.088,59.605,42661,,,-0.1441,hfq
2012-08-30,59.174,60.465,58.400,60.379,57481,,,1.2985,hfq
2012-08-31,59.863,60.035,58.744,59.088,47112,,,-2.1382,hfq
2012-09-03,58.916,60.465,58.400,60.207,40499,,,1.8938,hfq
2012-09-04,60.895,60.895,59.433,60.121,42624,,,-0.1428,hfq
2012-09-05,59.691,60.981,59.174,60.121,118633,,,0.0000,hfq
2012-09-06,62.959,62.959,59.777,60.551,79049,,,0.7152,hfq
2012-09-07,60.895,63.389,60.465,62.615,124022,,,3.4087,hfq
2012-09-10,62.357,63.733,62.099,63.217,98125,,,0.9614,hfq
2012-09-11,62.959,62.959,61.497,62.357,67002,,,-1.3604,hfq
2012-09-12,62.443,63.303,61.927,63.217,82253,,,1.3792,hfq
2012-09-13,63.131,63.217,61.153,61.497,77809,,,-2.7208,hfq
2012-09-14,61.927,62.357,60.637,60.981,64814,,,-0.8391,hfq
2012-09-17,61.669,63.819,60.465,60.465,129176,,,-0.8462,hfq
2012-09-18,59.346,59.605,57.368,57.884,92689,,,-4.2686,hfq
2012-09-19,58.228,58.572,57.540,58.142,36861,,,0.4457,hfq
2012-09-20,57.970,57.970,54.787,55.218,63160,,,-5.0291,hfq
2012-09-21,54.960,56.164,54.701,54.701,40298,,,-0.9363,hfq
2012-09-24,54.701,55.132,53.153,54.443,30044,,,-0.4717,hfq
2012-09-25,54.443,55.218,54.099,54.701,24025,,,0.4739,hfq
2012-09-26,54.271,55.304,53.497,53.583,25857,,,-2.0438,hfq
2012-09-27,53.325,54.960,52.551,54.443,46385,,,1.6050,hfq
2012-09-28,54.099,55.476,53.841,55.390,44505,,,1.7394,hfq
2012-10-08,55.390,55.476,54.529,54.960,26162,,,-0.7763,hfq
2012-10-09,54.874,56.938,54.874,56.508,59160,,,2.8166,hfq
2012-10-10,56.250,57.540,55.906,57.454,54022,,,1.6741,hfq
2012-10-11,57.368,57.454,55.562,55.734,38144,,,-2.9937,hfq
2012-10-12,55.476,56.766,55.218,56.594,37511,,,1.5430,hfq
2012-10-15,56.594,56.680,54.701,55.132,25904,,,-2.5833,hfq
2012-10-16,55.132,56.422,54.960,55.648,31152,,,0.9359,hfq
2012-10-17,55.648,56.938,55.390,56.164,32734,,,0.9273,hfq
2012-10-18,56.164,57.282,55.992,56.938,46306,,,1.3781,hfq
2012-10-19,57.024,57.712,56.594,57.282,33022,,,0.6042,hfq
2012-10-22,56.680,57.024,55.992,56.680,34058,,,-1.0509,hfq
2012-10-23,56.680,57.626,55.476,55.734,55510,,,-1.6690,hfq
2012-10-24,55.476,56.164,54.874,55.046,48180,,,-1.2344,hfq
2012-10-25,55.046,56.336,54.874,55.390,32282,,,0.6249,hfq
2012-10-26,55.132,55.648,52.551,53.067,47985,,,-4.1939,hfq
2012-10-29,53.325,53.927,52.293,52.551,25106,,,-0.9724,hfq
2012-10-30,52.551,52.637,51.433,51.691,27089,,,-1.6365,hfq
2012-10-31,51.605,52.981,51.605,52.895,22486,,,2.3292,hfq
2012-11-01,53.583,54.874,53.153,54.357,43028,,,2.7640,hfq
2012-11-02,54.357,54.874,53.669,54.787,22500,,,0.7911,hfq
2012-11-05,54.787,54.874,53.841,54.271,18747,,,-0.9418,hfq
2012-11-06,54.271,54.271,52.551,53.583,21326,,,-1.2677,hfq
2012-11-07,53.325,54.443,53.153,53.669,18402,,,0.1605,hfq
2012-11-08,53.325,56.594,51.433,51.863,117087,,,-3.3651,hfq
2012-11-09,51.605,52.981,50.573,52.465,62431,,,1.1608,hfq
2012-11-12,52.293,52.293,51.089,52.293,44648,,,-0.3278,hfq
2012-11-13,52.207,52.379,50.745,51.777,32176,,,-0.9867,hfq
2012-11-14,51.691,52.121,51.175,51.949,20670,,,0.3322,hfq
2012-11-15,51.347,51.949,50.917,51.605,24116,,,-0.6622,hfq
2012-11-16,51.347,51.519,50.917,51.347,17839,,,-0.5000,hfq
2012-11-19,51.433,52.895,51.175,51.949,35045,,,1.1724,hfq
2012-11-20,51.949,52.723,51.433,51.949,36049,,,0.0000,hfq
2012-11-21,51.519,52.207,50.745,52.035,34092,,,0.1655,hfq
2012-11-22,51.863,54.099,51.089,53.583,120521,,,2.9749,hfq
2012-11-23,53.239,55.648,52.637,52.895,119769,,,-1.2840,hfq
2012-11-26,52.035,52.207,50.917,51.347,57947,,,-2.9266,hfq
2012-11-27,51.089,51.089,48.766,49.196,54515,,,-4.1891,hfq
2012-11-28,48.852,48.852,47.218,47.820,30730,,,-2.7970,hfq
2012-11-29,47.992,48.336,46.530,47.046,25854,,,-1.6186,hfq
2012-11-30,46.788,47.906,46.616,47.390,15484,,,0.7312,hfq
2012-12-03,47.390,47.906,45.067,45.411,15695,,,-4.1760,hfq
2012-12-04,45.067,46.100,43.347,45.842,32198,,,0.9491,hfq
2012-12-05,45.928,47.734,45.153,47.390,55615,,,3.3768,hfq
2012-12-06,47.304,49.282,46.788,47.906,74310,,,1.0888,hfq
2012-12-07,47.390,48.938,46.874,48.508,70370,,,1.2566,hfq
2012-12-10,48.422,51.261,48.164,49.970,101642,,,3.0139,hfq
2012-12-11,49.626,51.175,49.110,49.454,89449,,,-1.0326,hfq
2012-12-12,49.454,50.228,47.906,48.508,55625,,,-1.9129,hfq
2012-12-13,48.250,49.110,47.734,47.820,42044,,,-1.4183,hfq
2012-12-14,47.820,52.723,47.820,52.723,167709,,,10.2530,hfq
2012-12-17,54.013,57.368,53.239,54.701,289667,,,3.7517,hfq
2012-12-18,53.669,58.400,53.325,56.938,239947,,,4.0895,hfq
2012-12-19,55.906,56.336,54.443,55.476,138826,,,-2.5677,hfq
2012-12-20,55.304,56.250,54.185,55.734,92208,,,0.4651,hfq
2012-12-21,55.562,57.798,54.013,54.874,137887,,,-1.5430,hfq
2012-12-24,54.443,55.390,53.583,54.357,71064,,,-0.9422,hfq
2012-12-25,54.357,56.164,53.411,55.304,141150,,,1.7422,hfq
2012-12-26,55.046,56.852,54.874,55.992,112337,,,1.2440,hfq
2012-12-27,55.820,56.164,54.271,54.357,92897,,,-2.9201,hfq
2012-12-28,54.357,56.164,54.357,55.562,90243,,,2.2168,hfq
2012-12-31,55.906,57.196,55.476,56.594,127659,,,1.8574,hfq
2013-01-04,57.196,57.368,54.960,55.132,85160,,,-2.5833,hfq
2013-01-07,54.787,55.132,53.583,55.132,63177,,,0.0000,hfq
2013-01-08,54.874,56.508,54.529,55.906,98204,,,1.4039,hfq
2013-01-09,55.734,58.142,55.562,57.368,172296,,,2.6151,hfq
2013-01-10,57.368,57.540,56.164,57.110,107909,,,-0.4497,hfq
2013-01-11,56.938,57.110,54.013,54.443,95470,,,-4.6699,hfq
2013-01-14,54.099,56.164,53.583,56.078,87092,,,3.0031,hfq
2013-01-15,55.906,58.314,55.734,57.626,140840,,,2.7604,hfq
2013-01-16,57.454,60.379,56.938,58.572,173238,,,1.6416,hfq
2013-01-17,58.658,58.916,57.024,58.056,99606,,,-0.8810,hfq
2013-01-18,58.314,59.088,57.196,58.744,95938,,,1.1851,hfq
2013-01-21,58.830,59.949,58.486,58.916,85877,,,0.2928,hfq
2013-01-22,59.174,59.605,57.368,57.540,86165,,,-2.3355,hfq
2013-01-23,57.024,63.131,56.594,61.153,209690,,,6.2791,hfq
2013-01-24,60.551,63.475,58.744,60.809,313356,,,-0.5625,hfq
2013-01-25,60.121,60.551,57.798,57.884,117745,,,-4.8101,hfq
2013-01-28,57.712,59.949,57.454,59.519,98900,,,2.8246,hfq
2013-01-29,59.174,59.863,58.314,59.088,109197,,,-0.7241,hfq
2013-01-30,59.433,59.777,57.970,58.916,88221,,,-0.2911,hfq
2013-01-31,58.658,59.346,57.110,57.626,97633,,,-2.1896,hfq
2013-02-01,57.368,60.551,57.024,59.863,150801,,,3.8819,hfq
2013-02-04,60.809,65.970,59.863,65.970,244993,,,10.2016,hfq
2013-02-05,68.465,69.583,64.680,65.110,440544,,,-1.3036,hfq
2013-02-06,63.819,66.142,63.733,64.336,175472,,,-1.1888,hfq
2013-02-07,63.475,64.250,61.755,62.357,134614,,,-3.0760,hfq
2013-02-08,62.185,63.303,62.185,62.443,70245,,,0.1379,hfq
2013-02-18,62.443,63.303,61.497,62.615,79784,,,0.2755,hfq
2013-02-19,61.927,62.443,60.207,60.637,111068,,,-3.1590,hfq
2013-02-20,60.379,61.411,59.863,61.153,91925,,,0.8510,hfq
2013-02-21,61.067,61.067,58.486,58.916,96299,,,-3.6580,hfq
2013-02-22,58.916,59.777,57.712,57.970,72074,,,-1.6057,hfq
2013-02-25,57.970,59.002,57.884,59.002,45751,,,1.7802,hfq
2013-02-26,58.486,59.863,57.626,58.658,70668,,,-0.5830,hfq
2013-02-27,62.185,62.185,59.174,59.605,89774,,,1.6144,hfq
2013-02-28,59.605,60.723,59.174,60.293,94211,,,1.1543,hfq
2013-03-01,60.035,60.551,59.433,60.379,76347,,,0.1426,hfq
2013-03-04,59.519,59.519,56.250,57.110,92419,,,-5.4141,hfq
2013-03-05,57.024,58.400,56.938,58.228,58044,,,1.9576,hfq
2013-03-06,58.228,59.519,57.798,59.088,69574,,,1.4770,hfq
2013-03-07,58.916,59.088,57.454,58.486,52030,,,-1.0188,hfq
2013-03-08,58.314,59.863,57.884,58.830,55095,,,0.5882,hfq
2013-03-11,58.830,59.519,57.884,58.658,36688,,,-0.2924,hfq
2013-03-12,58.314,59.433,55.734,56.680,66163,,,-3.3721,hfq
2013-03-13,55.992,56.594,54.615,55.476,43301,,,-2.1242,hfq
2013-03-14,55.390,55.820,55.046,55.390,24278,,,-0.1550,hfq
2013-03-15,55.390,56.336,54.357,55.046,40857,,,-0.6211,hfq
2013-03-18,55.218,55.476,53.325,53.411,34297,,,-2.9702,hfq
2013-03-19,53.325,54.099,52.379,53.583,39613,,,0.3220,hfq
2013-03-20,53.755,56.852,53.583,56.422,83148,,,5.2983,hfq
2013-03-21,55.906,57.368,55.734,56.422,56725,,,0.0000,hfq
2013-03-22,56.422,56.852,55.734,56.250,33752,,,-0.3048,hfq
2013-03-25,56.250,56.766,55.992,56.336,39356,,,0.1529,hfq
2013-03-26,56.164,60.723,55.390,58.744,168092,,,4.2744,hfq
2013-03-27,58.572,59.002,57.540,57.970,79140,,,-1.3176,hfq
2013-03-28,57.454,57.540,54.099,54.787,64385,,,-5.4908,hfq
2013-03-29,54.615,55.992,54.443,54.874,26280,,,0.1588,hfq
2013-04-01,54.529,55.992,54.357,54.960,24995,,,0.1567,hfq
2013-04-02,54.960,55.820,53.755,54.185,38052,,,-1.4101,hfq
2013-04-03,54.271,54.787,53.325,53.669,23750,,,-0.9523,hfq
2013-04-08,52.895,53.841,51.777,53.841,24488,,,0.3205,hfq
2013-04-09,53.841,55.992,53.841,54.701,36793,,,1.5973,hfq
2013-04-10,54.357,55.046,54.013,54.701,26124,,,0.0000,hfq
2013-04-11,55.218,55.218,54.271,54.701,24757,,,0.0000,hfq
2013-04-12,55.046,55.046,53.841,53.927,18297,,,-1.4150,hfq
2013-04-15,54.357,54.357,53.153,53.669,20756,,,-0.4784,hfq
2013-04-16,53.411,54.615,52.551,54.271,21910,,,1.1217,hfq
2013-04-17,54.357,55.046,53.583,54.013,16743,,,-0.4754,hfq
2013-04-18,54.013,54.787,53.669,54.013,18157,,,0.0000,hfq
2013-04-19,54.185,55.562,54.099,55.132,46051,,,2.0717,hfq
2013-04-22,54.874,54.960,54.185,54.701,30706,,,-0.7818,hfq
2013-04-23,54.701,54.787,52.895,53.841,41456,,,-1.5722,hfq
2013-04-24,53.669,58.916,53.669,58.228,143424,,,8.1481,hfq
2013-04-25,57.712,58.830,57.196,57.712,100433,,,-0.8862,hfq
2013-04-26,57.884,59.863,56.680,57.712,91962,,,0.0000,hfq
2013-05-02,57.970,59.346,56.508,59.002,92704,,,2.2352,hfq
2013-05-03,59.174,61.669,58.658,60.895,183027,,,3.2084,hfq
2013-05-06,61.067,61.755,60.465,60.981,142733,,,0.1412,hfq
2013-05-07,60.465,64.336,60.465,63.992,297893,,,4.9376,hfq
2013-05-08,63.561,64.766,61.927,63.647,271074,,,-0.5391,hfq
2013-05-09,63.475,64.336,62.271,62.873,171993,,,-1.2161,hfq
2013-05-10,62.959,63.647,61.755,63.303,187084,,,0.6839,hfq
2013-05-13,63.131,64.508,62.615,63.303,245669,,,0.0000,hfq
2013-05-14,63.217,63.217,61.669,62.529,145053,,,-1.2227,hfq
2013-05-15,62.787,65.282,61.841,64.852,308912,,,3.7151,hfq
2013-05-16,64.594,65.454,63.992,64.164,245353,,,-1.0609,hfq
2013-05-17,64.078,64.078,61.067,62.185,228562,,,-3.0843,hfq
2013-05-20,62.099,62.873,61.497,62.271,124161,,,0.1383,hfq
2013-05-21,62.185,62.615,61.153,62.529,122302,,,0.4143,hfq
2013-05-22,62.271,64.250,61.669,63.561,182987,,,1.6504,hfq
2013-05-23,62.959,62.959,59.605,59.691,191012,,,-6.0886,hfq
2013-05-24,59.519,60.293,59.346,60.035,85758,,,0.5763,hfq
2013-05-27,60.035,60.895,59.605,60.293,76638,,,0.4297,hfq
2013-05-28,60.121,62.013,58.916,61.325,143386,,,1.7116,hfq
2013-05-29,60.895,61.239,60.035,60.809,94464,,,-0.8414,hfq
2013-05-30,60.551,62.185,60.379,61.411,101812,,,0.9900,hfq
2013-05-31,61.239,61.841,59.863,59.949,81748,,,-2.3807,hfq
2013-06-03,59.777,60.293,59.260,59.433,51835,,,-0.8607,hfq
2013-06-04,59.346,59.346,57.540,57.798,59790,,,-2.7510,hfq
2013-06-05,57.798,58.228,56.422,57.454,43065,,,-0.5952,hfq
2013-06-06,56.852,57.282,55.562,55.734,42087,,,-2.9937,hfq
2013-06-07,55.820,56.250,53.153,54.529,45591,,,-2.1621,hfq
2013-06-13,54.099,54.099,51.949,52.379,53995,,,-3.9429,hfq
2013-06-14,52.551,53.067,52.293,52.809,32486,,,0.8209,hfq
2013-06-17,53.325,53.411,52.207,52.895,24189,,,0.1629,hfq
2013-06-18,52.895,54.357,52.723,54.013,31499,,,2.1136,hfq
2013-06-19,53.755,54.357,52.293,54.271,30276,,,0.4777,hfq
2013-06-20,53.927,54.787,52.465,52.637,42971,,,-3.0108,hfq
2013-06-21,51.777,51.949,49.970,51.003,38797,,,-3.1043,hfq
2013-06-24,51.003,51.519,45.842,47.476,66828,,,-6.9153,hfq
2013-06-25,46.874,52.293,46.788,52.293,203379,,,10.1462,hfq
2013-06-26,56.680,57.626,55.734,56.938,500434,,,8.8826,hfq
2013-06-27,54.443,61.067,54.013,58.830,532832,,,3.3229,hfq
2013-06-28,56.680,59.433,55.734,56.852,285785,,,-3.3622,hfq
2013-07-01,57.626,60.293,56.680,58.572,257048,,,3.0254,hfq
2013-07-02,57.368,61.497,56.164,61.325,364219,,,4.7002,hfq
2013-07-03,59.863,60.895,59.174,60.121,234122,,,-1.9633,hfq
2013-07-04,59.347,61.755,58.142,58.486,251548,,,-2.7195,hfq
2013-07-05,59.605,64.422,58.572,64.422,557383,,,10.1494,hfq
2013-07-08,68.206,70.959,67.432,70.959,418545,,,10.1472,hfq
2013-07-09,73.540,77.669,72.593,75.174,862626,,,5.9400,hfq
2013-07-10,75.948,82.744,74.572,78.701,898372,,,4.6918,hfq
2013-07-11,76.808,80.593,76.378,79.905,725132,,,1.5298,hfq
2013-07-12,78.787,80.335,76.292,77.583,532880,,,-2.9060,hfq
2013-07-15,76.378,79.045,74.658,78.443,554249,,,1.1085,hfq
2013-07-16,77.669,80.765,76.206,78.443,553643,,,0.0000,hfq
2013-07-17,76.808,82.314,75.948,79.303,612853,,,1.0963,hfq
2013-07-18,77.669,78.787,76.292,76.980,415423,,,-2.9293,hfq
2013-07-19,76.808,77.583,69.755,70.013,542017,,,-9.0504,hfq
2013-07-22,67.518,69.411,66.228,69.239,427183,,,-1.1055,hfq
2013-07-23,68.809,72.851,68.465,70.529,477785,,,1.8631,hfq
2013-07-24,69.841,71.905,67.088,71.131,396491,,,0.8535,hfq
2013-07-25,70.443,74.830,69.239,72.077,492243,,,1.3299,hfq
2013-07-26,72.077,73.626,68.895,70.271,307308,,,-2.5057,hfq
2013-07-29,68.206,68.551,65.368,65.626,258881,,,-6.6101,hfq
2013-07-30,66.314,72.249,64.594,72.249,292476,,,10.0920,hfq
2013-07-31,74.658,76.378,72.851,73.282,504165,,,1.4298,hfq
2013-08-01,73.282,76.378,70.873,74.572,389873,,,1.7603,hfq
2013-08-02,74.228,75.776,72.249,72.851,299843,,,-2.3078,hfq
2013-08-05,74.056,76.206,72.335,75.002,267185,,,2.9526,hfq
2013-08-06,74.830,75.776,73.196,74.830,241378,,,-0.2293,hfq
2013-08-07,74.400,80.851,73.712,77.238,441497,,,3.2180,hfq
2013-08-08,75.948,76.550,73.970,75.002,242975,,,-2.8949,hfq
2013-08-09,74.314,76.292,71.991,73.884,222989,,,-1.4906,hfq
2013-08-12,73.884,75.948,73.024,75.432,225026,,,2.0952,hfq
2013-08-13,75.260,81.109,73.626,78.701,449704,,,4.3337,hfq
2013-08-14,76.980,82.658,76.550,78.701,454623,,,0.0000,hfq
2013-08-15,80.163,86.614,79.303,86.614,505283,,,10.0545,hfq
2013-08-16,88.421,93.410,84.378,84.722,785182,,,-2.1844,hfq
2013-08-19,80.077,87.991,78.787,86.356,466102,,,1.9287,hfq
2013-08-20,84.722,92.894,83.776,90.313,515750,,,4.5822,hfq
2013-08-21,89.711,92.550,86.787,89.797,408103,,,-0.5713,hfq
2013-08-22,88.851,90.743,84.894,85.324,418445,,,-4.9812,hfq
2013-08-23,85.840,86.701,81.109,82.830,343538,,,-2.9230,hfq
2013-08-26,83.690,85.066,82.744,84.550,249479,,,2.0765,hfq
2013-08-27,84.464,89.195,84.206,86.701,325883,,,2.5441,hfq
2013-08-28,86.528,87.991,82.658,84.980,357119,,,-1.9850,hfq
2013-08-29,84.894,88.421,83.432,84.034,223201,,,-1.1132,hfq
2013-08-30,82.658,90.571,82.142,87.819,579149,,,4.5041,hfq
2013-09-02,86.701,86.959,82.055,83.690,292608,,,-4.7017,hfq
2013-09-03,82.658,84.636,81.195,84.550,257642,,,1.0276,hfq
2013-09-04,83.862,84.550,82.142,82.314,220128,,,-2.6446,hfq
2013-09-05,81.711,86.184,80.421,84.120,317535,,,2.1940,hfq
2013-09-06,82.916,86.098,82.830,84.464,294683,,,0.4089,hfq
2013-09-09,86.701,92.980,85.238,92.980,753479,,,10.0824,hfq
2013-09-10,93.066,97.883,90.571,95.044,728766,,,2.2198,hfq
2013-09-11,94.872,94.872,90.055,90.399,372704,,,-4.8872,hfq
2013-09-12,92.464,99.517,91.518,99.517,759967,,,10.0864,hfq
2013-09-13,101.754,108.119,98.055,98.399,859874,,,-1.1234,hfq
2013-09-16,98.657,105.797,93.840,104.592,630698,,,6.2938,hfq
2013-09-17,100.980,104.248,97.281,97.539,409164,,,-6.7433,hfq
2013-09-18,96.679,101.582,96.077,98.743,288668,,,1.2344,hfq
2013-09-23,97.883,102.356,97.797,101.754,346663,,,3.0493,hfq
2013-09-24,101.754,105.195,98.313,104.592,483388,,,2.7891,hfq
2013-09-25,102.614,104.248,99.345,100.636,324962,,,-3.7823,hfq
2013-09-26,99.173,99.431,93.582,95.560,300020,,,-5.0439,hfq
2013-09-27,94.098,97.109,93.410,94.700,181059,,,-0.9000,hfq
2013-09-30,95.130,98.743,94.786,97.539,190099,,,2.9979,hfq
2013-10-08,97.883,105.625,95.905,102.098,344365,,,4.6740,hfq
2013-10-09,100.464,103.474,99.775,102.614,228595,,,0.5054,hfq
2013-10-10,101.754,108.721,101.324,104.850,444431,,,2.1790,hfq
2013-10-11,105.625,106.313,103.388,105.109,246860,,,0.2470,hfq
2013-10-14,105.883,105.883,101.066,102.958,263866,,,-2.0464,hfq
2013-10-15,101.152,102.442,99.001,100.119,380054,,,-2.7574,hfq
2013-10-16,97.883,98.915,93.238,93.668,305382,,,-6.4433,hfq
2013-10-17,95.646,97.711,90.657,91.862,217967,,,-1.9281,hfq
2013-10-18,93.066,94.786,89.797,93.066,173455,,,1.3107,hfq
2013-10-21,92.464,96.421,92.464,95.905,192476,,,3.0505,hfq
2013-10-22,95.819,97.023,93.152,93.754,194214,,,-2.2428,hfq
2013-10-23,93.152,95.474,88.077,89.023,212306,,,-5.0462,hfq
2013-10-24,89.281,91.001,88.249,89.453,121006,,,0.4830,hfq
2013-10-25,89.195,89.969,82.830,84.034,178385,,,-6.0579,hfq
2013-10-28,84.034,87.131,81.797,86.012,159839,,,2.3538,hfq
2013-10-29,85.668,86.787,77.410,81.969,173144,,,-4.7005,hfq
2013-10-30,81.883,83.690,81.109,83.260,110143,,,1.5750,hfq
2013-10-31,82.314,86.012,80.593,83.432,180030,,,0.2066,hfq
2013-11-01,82.314,88.335,80.765,87.733,217893,,,5.1551,hfq
2013-11-04,86.701,88.851,85.410,87.905,180907,,,0.1960,hfq
2013-11-05,86.787,88.593,85.582,87.905,145265,,,0.0000,hfq
2013-11-06,87.819,91.260,86.356,87.647,187995,,,-0.2935,hfq
2013-11-07,86.270,88.163,84.550,84.722,144709,,,-3.3373,hfq
2013-11-08,83.518,84.120,81.023,81.109,126934,,,-4.2645,hfq
2013-11-11,81.109,82.572,80.421,81.539,65351,,,0.5302,hfq
2013-11-12,81.969,83.690,81.195,83.346,89503,,,2.2161,hfq
2013-11-13,81.969,82.572,78.701,78.873,126536,,,-5.3668,hfq
2013-11-14,78.529,79.647,77.496,79.131,96168,,,0.3271,hfq
2013-11-15,79.217,82.744,79.217,81.453,165673,,,2.9344,hfq
2013-11-18,81.969,84.636,81.883,84.550,165417,,,3.8022,hfq
2013-11-19,84.550,86.614,82.916,84.980,180244,,,0.5086,hfq
2013-11-20,84.894,86.701,84.120,86.012,146909,,,1.2144,hfq
2013-11-21,85.152,88.335,84.378,87.733,214807,,,2.0009,hfq
2013-11-22,87.475,89.281,85.840,86.184,206640,,,-1.7656,hfq
2013-11-25,85.840,88.335,84.980,86.098,143641,,,-0.0998,hfq
2013-11-26,85.582,87.303,85.152,86.098,123387,,,0.0000,hfq
2013-11-27,86.270,87.475,85.410,87.131,118314,,,1.1998,hfq
2013-11-28,87.131,88.421,85.926,86.270,165886,,,-0.9882,hfq
2013-11-29,86.356,89.711,85.668,88.421,235815,,,2.4933,hfq
2013-12-02,85.926,89.281,83.690,84.034,222317,,,-4.9615,hfq
2013-12-03,83.948,86.184,82.486,85.410,103445,,,1.6374,hfq
2013-12-04,84.722,88.335,84.722,87.647,196644,,,2.6191,hfq
2013-12-05,87.819,88.679,86.959,87.905,153076,,,0.2944,hfq
2013-12-06,87.561,88.163,86.012,86.614,91242,,,-1.4686,hfq
2013-12-09,87.217,87.475,86.184,86.442,64730,,,-0.1986,hfq
2013-12-10,86.442,89.539,86.270,88.421,188164,,,2.2894,hfq
2013-12-11,87.905,87.905,84.722,85.496,127296,,,-3.3080,hfq
2013-12-12,85.410,86.270,83.862,84.206,92204,,,-1.5088,hfq
2013-12-13,84.034,85.238,82.658,82.916,89139,,,-1.5320,hfq
2013-12-16,82.830,83.518,79.475,79.991,110473,,,-3.5277,hfq
2013-12-17,80.593,81.711,80.077,80.679,52458,,,0.8601,hfq
2013-12-18,80.765,84.206,80.249,82.658,88864,,,2.4529,hfq
2013-12-19,82.142,84.980,81.281,83.690,143690,,,1.2485,hfq
2013-12-20,85.410,92.034,84.378,91.432,554903,,,9.2508,hfq
2013-12-23,88.851,95.302,88.593,90.743,472725,,,-0.7536,hfq
2013-12-24,89.109,92.292,86.528,88.421,335865,,,-2.5589,hfq
2013-12-25,86.959,87.733,84.636,87.217,241769,,,-1.3617,hfq
2013-12-26,86.614,86.701,81.539,81.711,207181,,,-6.3130,hfq
2013-12-27,80.249,84.206,80.077,83.690,160891,,,2.4220,hfq
2013-12-30,84.292,84.378,81.797,82.314,127471,,,-1.6442,hfq
2013-12-31,81.625,82.916,80.679,82.400,77748,,,0.1045,hfq
2014-01-02,81.883,82.486,81.023,81.281,102187,,,-1.3580,hfq
2014-01-03,80.937,81.281,77.927,79.045,143395,,,-2.7510,hfq
2014-01-06,78.787,78.787,74.572,75.088,110528,,,-5.0060,hfq
2014-01-07,75.088,79.647,74.658,79.131,141649,,,5.3843,hfq
2014-01-08,79.217,79.217,77.238,78.013,95724,,,-1.4128,hfq
2014-01-09,77.755,78.873,75.260,75.432,83688,,,-3.3084,hfq
2014-01-10,75.346,76.206,74.400,74.486,61034,,,-1.2541,hfq
2014-01-13,72.851,74.916,72.507,72.765,68783,,,-2.3105,hfq
2014-01-14,73.282,74.744,72.593,74.486,56813,,,2.3651,hfq
2014-01-15,74.228,75.518,73.970,75.432,59810,,,1.2700,hfq
2014-01-16,75.948,76.120,75.002,75.346,70062,,,-0.1140,hfq
2014-01-17,74.572,78.013,74.572,75.948,109233,,,0.7990,hfq
2014-01-20,75.776,77.324,74.056,77.066,97866,,,1.4721,hfq
2014-01-21,75.948,77.755,75.948,77.583,87867,,,0.6709,hfq
2014-01-22,77.496,79.217,77.066,78.787,115610,,,1.5519,hfq
2014-01-23,78.787,79.389,77.496,78.357,111053,,,-0.5458,hfq
2014-01-24,77.755,79.045,77.669,78.615,109526,,,0.3293,hfq
2014-01-27,77.755,79.131,76.894,78.185,102617,,,-0.5470,hfq
2014-01-28,78.357,78.529,77.066,77.324,66989,,,-1.1012,hfq
2014-01-29,77.066,77.841,76.378,76.636,72579,,,-0.8898,hfq
2014-01-30,76.636,77.324,75.346,75.432,49557,,,-1.5711,hfq
2014-02-07,74.658,76.206,73.626,76.034,54208,,,0.7981,hfq
2014-02-10,76.378,78.529,76.292,78.529,112527,,,3.2814,hfq
2014-02-11,78.787,80.335,78.185,79.303,141388,,,0.9856,hfq
2014-02-12,79.389,84.636,78.357,83.776,262294,,,5.6404,hfq
2014-02-13,83.518,83.518,80.679,80.851,182699,,,-3.4915,hfq
2014-02-14,80.421,82.314,80.421,81.711,102960,,,1.0637,hfq
2014-02-17,82.314,83.346,81.625,82.830,130797,,,1.3695,hfq
2014-02-18,83.432,84.636,82.400,83.174,152490,,,0.4153,hfq
2014-02-19,83.260,84.378,81.625,83.432,158151,,,0.3102,hfq
2014-02-20,84.120,84.292,81.109,81.195,138539,,,-2.6812,hfq
2014-02-21,81.195,81.539,77.583,78.873,106527,,,-2.8598,hfq
2014-02-24,78.271,78.787,76.206,77.066,95553,,,-2.2910,hfq
2014-02-25,77.496,78.271,74.228,75.604,111104,,,-1.8971,hfq
2014-02-26,75.088,76.034,73.024,75.776,68086,,,0.2275,hfq
2014-02-27,75.948,78.443,74.916,76.980,114695,,,1.5889,hfq
2014-02-28,76.378,78.013,74.572,76.808,75960,,,-0.2234,hfq
2014-03-03,76.292,78.013,76.206,77.410,81997,,,0.7838,hfq
2014-03-04,76.894,76.894,75.260,76.550,66830,,,-1.1110,hfq
2014-03-05,76.636,79.475,76.378,78.013,139711,,,1.9112,hfq
2014-03-06,77.238,78.873,76.120,77.927,101059,,,-0.1102,hfq
2014-03-07,77.669,78.185,75.518,75.690,85677,,,-2.8706,hfq
2014-03-10,75.260,75.260,70.959,72.077,81480,,,-4.7734,hfq
2014-03-11,71.045,72.507,71.045,71.819,46390,,,-0.3580,hfq
2014-03-12,72.335,72.507,69.325,70.271,56990,,,-2.1554,hfq
2014-03-13,70.529,71.131,69.669,70.873,44234,,,0.8567,hfq
2014-03-14,70.099,71.389,70.099,70.873,48804,,,0.0000,hfq
2014-03-17,70.787,71.991,70.615,71.647,41206,,,1.0921,hfq
2014-03-18,72.421,74.572,72.163,73.540,90097,,,2.6421,hfq
2014-03-19,72.937,73.368,70.959,71.819,67012,,,-2.3402,hfq
2014-03-20,71.733,72.765,69.927,70.099,52040,,,-2.3949,hfq
2014-03-21,69.583,71.905,69.239,71.647,61932,,,2.2083,hfq
2014-03-24,71.733,73.454,71.475,72.593,62718,,,1.3204,hfq
2014-03-25,72.335,73.798,72.163,72.851,60221,,,0.3554,hfq
2014-03-26,73.110,73.196,72.077,72.507,42959,,,-0.4722,hfq
2014-03-27,73.024,76.722,72.421,74.142,171966,,,2.2550,hfq
2014-03-28,74.314,75.002,72.507,72.937,111141,,,-1.6253,hfq
2014-03-31,72.851,73.282,68.637,69.411,91798,,,-4.8343,hfq
2014-04-01,69.411,71.045,69.325,70.873,50177,,,2.1063,hfq
2014-04-02,70.701,71.647,70.013,70.615,44581,,,-0.3640,hfq
2014-04-03,70.873,71.217,70.271,70.357,35847,,,-0.3654,hfq
2014-04-04,70.271,71.045,69.755,70.787,36015,,,0.6112,hfq
2014-04-08,70.529,72.421,70.357,72.077,60372,,,1.8224,hfq
2014-04-09,72.077,73.540,71.647,72.937,69824,,,1.1932,hfq
2014-04-10,72.679,73.626,72.593,72.851,74143,,,-0.1179,hfq
2014-04-11,72.679,73.282,71.733,72.507,61717,,,-0.4722,hfq
2014-04-14,72.507,73.540,71.905,73.368,65003,,,1.1875,hfq
2014-04-15,72.937,73.626,72.077,72.937,71832,,,-0.5874,hfq
2014-04-16,72.937,73.884,72.335,73.368,82235,,,0.5909,hfq
2014-04-17,73.626,75.346,72.937,74.572,136313,,,1.6410,hfq
2014-04-18,73.798,75.948,73.454,74.744,152839,,,0.2306,hfq
2014-04-21,73.626,74.486,71.991,72.163,85569,,,-3.4531,hfq
2014-04-22,71.647,72.163,70.271,71.303,55967,,,-1.1917,hfq
2014-04-23,71.131,72.077,70.615,70.959,40315,,,-0.4824,hfq
2014-04-24,70.873,71.647,69.927,70.013,34163,,,-1.3332,hfq
2014-04-25,70.701,70.959,68.120,68.465,47828,,,-2.2110,hfq
2014-04-28,68.206,68.465,63.992,64.422,51982,,,-5.9052,hfq
2014-04-29,64.766,65.626,64.336,65.110,33069,,,1.0680,hfq
2014-04-30,65.282,65.798,65.024,65.454,28372,,,0.5283,hfq
2014-05-05,65.454,66.056,63.906,65.626,29593,,,0.2628,hfq
2014-05-06,65.540,66.830,65.110,66.142,36101,,,0.7863,hfq
2014-05-07,65.626,65.970,63.906,64.164,39057,,,-2.9905,hfq
2014-05-08,63.906,66.056,63.906,64.680,36586,,,0.8042,hfq
2014-05-09,64.938,65.110,63.906,64.164,26821,,,-0.7978,hfq
2014-05-12,64.852,66.400,64.680,66.228,53159,,,3.2168,hfq
2014-05-13,66.314,66.314,65.368,65.798,33544,,,-0.6493,hfq
2014-05-14,65.712,66.228,65.454,65.884,24405,,,0.1307,hfq
2014-05-15,65.884,65.970,63.733,63.906,39487,,,-3.0022,hfq
2014-05-16,63.906,64.336,62.529,63.217,32400,,,-1.0781,hfq
2014-05-19,63.131,63.389,62.013,62.271,34952,,,-1.4964,hfq
2014-05-20,62.701,63.475,62.615,62.787,19620,,,0.8286,hfq
2014-05-21,62.787,63.561,62.013,63.561,22962,,,1.2327,hfq
2014-05-22,63.561,64.336,62.873,62.959,26482,,,-0.9471,hfq
2014-05-23,62.959,63.733,62.529,63.647,22652,,,1.0928,hfq
2014-05-26,64.078,65.282,63.647,65.196,49103,,,2.4337,hfq
2014-05-27,65.282,65.282,64.078,64.164,30636,,,-1.5829,hfq
2014-05-28,64.336,65.798,63.906,65.454,59890,,,2.0105,hfq
2014-05-29,65.454,68.637,65.110,67.604,157402,,,3.2847,hfq
2014-05-30,67.002,74.142,66.572,71.045,302309,,,5.0899,hfq
2014-06-03,69.239,69.755,67.518,67.690,175920,,,-4.7224,hfq
2014-06-04,67.174,67.776,65.626,66.400,86671,,,-1.9057,hfq
2014-06-05,65.884,66.830,65.282,66.830,68356,,,0.6476,hfq
2014-06-06,66.572,66.830,65.368,66.056,53851,,,-1.1582,hfq
2014-06-09,65.626,66.314,65.196,65.626,42017,,,-0.6510,hfq
2014-06-10,67.518,68.465,66.486,67.518,135574,,,2.8830,hfq
2014-06-11,66.658,67.776,66.142,67.174,72191,,,-0.5095,hfq
2014-06-12,66.658,67.088,66.142,66.228,50563,,,-1.4083,hfq
2014-06-13,66.486,68.809,66.228,67.776,105498,,,2.3374,hfq
2014-06-16,67.432,68.034,66.830,67.690,71595,,,-0.1269,hfq
2014-06-17,67.690,67.690,66.916,67.518,52444,,,-0.2541,hfq
2014-06-18,67.346,68.551,67.088,68.206,70956,,,1.0190,hfq
2014-06-19,68.206,68.206,65.110,65.368,76462,,,-4.1609,hfq
2014-06-20,65.454,65.626,64.078,64.938,56464,,,-0.6578,hfq
2014-06-23,64.852,65.368,64.594,65.024,39796,,,0.1324,hfq
2014-06-24,65.110,65.454,64.508,65.454,33603,,,0.6613,hfq
2014-06-25,65.454,65.454,64.508,64.766,29967,,,-1.0511,hfq
2014-06-26,65.110,65.798,64.594,65.712,52818,,,1.4606,hfq
2014-06-27,65.540,66.572,65.196,66.228,53095,,,0.7852,hfq
2014-06-30,66.228,67.002,65.970,66.658,50165,,,0.6493,hfq
2014-07-01,66.830,67.862,66.228,67.690,72832,,,1.5482,hfq
2014-07-02,67.690,67.776,66.744,67.518,54640,,,-0.2541,hfq
2014-07-03,67.174,67.948,67.002,67.432,70283,,,-0.1274,hfq
2014-07-04,67.690,70.701,67.088,70.357,188629,,,4.3377,hfq
2014-07-07,69.669,72.249,69.411,70.959,292788,,,0.8556,hfq
2014-07-08,71.045,72.765,69.411,72.163,233904,,,1.6968,hfq
2014-07-09,71.303,72.507,69.755,69.927,152030,,,-3.0985,hfq
2014-07-10,69.239,70.185,68.378,69.239,101344,,,-0.9839,hfq
2014-07-11,69.239,69.841,68.465,69.669,67330,,,0.6210,hfq
2014-07-14,69.669,70.443,69.067,70.357,71076,,,0.9875,hfq
2014-07-15,70.099,70.443,68.809,69.411,75165,,,-1.3446,hfq
2014-07-16,69.239,69.497,68.206,68.465,59801,,,-1.3629,hfq
2014-07-17,68.551,69.325,68.206,68.809,42870,,,0.5024,hfq
2014-07-18,68.465,69.325,68.120,68.809,41503,,,0.0000,hfq
2014-07-21,68.465,69.067,67.346,67.518,51663,,,-1.8762,hfq
2014-07-22,67.518,69.583,67.088,69.325,66286,,,2.6763,hfq
2014-07-23,70.013,70.013,68.723,68.981,60978,,,-0.4962,hfq
2014-07-24,70.529,71.389,69.239,69.841,134539,,,1.2467,hfq
2014-07-25,69.325,71.475,68.551,71.045,159448,,,1.7239,hfq
2014-07-28,71.217,73.454,70.873,72.679,222052,,,2.3000,hfq
2014-07-29,72.765,73.024,71.819,72.507,161662,,,-0.2367,hfq
2014-07-30,72.249,73.196,71.561,72.679,183161,,,0.2372,hfq
2014-07-31,72.249,73.454,71.905,72.593,124606,,,-0.1183,hfq
2014-08-01,72.421,72.593,70.529,70.615,145353,,,-2.7248,hfq
2014-08-04,70.529,71.991,70.529,71.733,81408,,,1.5832,hfq
2014-08-05,71.819,72.765,71.475,72.507,106439,,,1.0790,hfq
2014-08-06,72.249,72.335,71.303,72.077,87809,,,-0.5930,hfq
2014-08-07,72.077,72.507,71.045,71.131,75172,,,-1.3125,hfq
2014-08-08,71.045,72.249,71.045,71.991,63782,,,1.2090,hfq
2014-08-11,72.335,73.540,71.991,73.282,159335,,,1.7933,hfq
2014-08-12,73.110,73.368,72.507,73.282,92307,,,0.0000,hfq
2014-08-13,73.368,73.626,72.163,73.196,89502,,,-0.1174,hfq
2014-08-14,73.196,74.744,72.421,73.110,165644,,,-0.1175,hfq
2014-08-15,73.282,79.561,73.110,75.948,354367,,,3.8818,hfq
2014-08-18,74.830,77.583,74.400,77.410,258550,,,1.9250,hfq
2014-08-19,76.980,77.324,75.690,76.464,158173,,,-1.2221,hfq
2014-08-20,76.550,78.615,75.948,77.583,219608,,,1.4634,hfq
2014-08-21,77.669,77.669,75.432,76.292,138534,,,-1.6640,hfq
2014-08-22,76.550,76.722,75.518,76.378,120576,,,0.1127,hfq
2014-08-25,76.292,76.894,75.174,75.346,96044,,,-1.3512,hfq
2014-08-26,75.346,75.862,72.593,73.024,118513,,,-3.0818,hfq
2014-08-27,72.679,73.540,72.507,73.110,77231,,,0.1178,hfq
2014-08-28,73.540,73.540,71.475,71.733,79200,,,-1.8835,hfq
2014-08-29,71.647,73.110,71.647,72.937,49569,,,1.6784,hfq
2014-09-01,73.196,74.400,72.937,74.314,68081,,,1.8879,hfq
2014-09-02,74.400,75.002,73.970,74.830,91633,,,0.6944,hfq
2014-09-03,74.916,76.464,74.916,75.948,150284,,,1.4941,hfq
2014-09-04,76.034,77.238,75.776,76.292,119577,,,0.4529,hfq
2014-09-05,76.378,77.410,75.776,76.808,138276,,,0.6763,hfq
2014-09-09,76.808,80.507,76.206,79.389,295791,,,3.3603,hfq
2014-09-10,79.131,79.303,78.099,78.615,157120,,,-0.9749,hfq
2014-09-11,78.959,80.765,77.238,77.669,236562,,,-1.2033,hfq
2014-09-12,77.238,78.701,76.980,78.701,138458,,,1.3287,hfq
2014-09-15,78.701,81.453,78.013,80.507,239430,,,2.2948,hfq
2014-09-16,80.679,81.109,76.034,76.808,210414,,,-4.5946,hfq
2014-09-17,77.410,78.529,76.034,78.529,132094,,,2.2407,hfq
2014-09-18,78.443,78.873,77.583,78.271,96326,,,-0.3285,hfq
2014-09-19,78.185,79.131,76.894,78.787,119106,,,0.6592,hfq
2014-09-22,78.443,78.701,76.808,77.238,85026,,,-1.9661,hfq
2014-09-23,76.980,79.905,76.894,79.217,153720,,,2.5622,hfq
2014-09-24,79.131,82.658,78.529,81.367,257377,,,2.7141,hfq
2014-09-25,80.937,84.292,80.507,82.744,372565,,,1.6923,hfq
2014-09-26,82.142,83.432,81.539,82.486,183143,,,-0.3118,hfq
2014-09-29,82.486,85.152,82.486,84.206,209076,,,2.0852,hfq
2014-09-30,84.722,85.066,83.346,83.690,141598,,,-0.6128,hfq
2014-10-08,83.776,84.292,82.658,83.862,113000,,,0.2055,hfq
2014-10-09,83.690,84.464,81.539,82.486,159243,,,-1.6408,hfq
2014-10-10,82.486,83.776,81.797,82.486,108588,,,0.0000,hfq
2014-10-13,82.572,83.862,80.679,83.690,127409,,,1.4596,hfq
2014-10-14,83.690,84.292,81.883,82.400,118545,,,-1.5414,hfq
2014-10-15,82.142,83.776,80.937,83.432,135755,,,1.2524,hfq
2014-10-16,82.572,84.034,81.367,81.625,124788,,,-2.1658,hfq
2014-10-17,80.507,81.625,78.787,79.905,129755,,,-2.1072,hfq
2014-10-20,79.561,81.797,79.561,81.195,85429,,,1.6144,hfq
2014-10-21,81.195,81.453,79.647,79.819,69363,,,-1.6947,hfq
2014-10-22,79.647,80.507,77.583,77.927,89165,,,-2.3704,hfq
2014-10-23,77.927,78.271,75.948,76.034,84220,,,-2.4292,hfq
2014-10-24,76.550,76.722,75.174,75.776,73018,,,-0.3393,hfq
2014-10-27,75.346,76.550,75.002,76.378,51515,,,0.7944,hfq
2014-10-28,76.636,78.615,76.120,78.443,84611,,,2.7037,hfq
2014-10-29,78.787,80.249,78.615,79.475,110942,,,1.3156,hfq
2014-10-30,78.959,79.905,78.357,79.819,132591,,,0.4328,hfq
2014-10-31,79.561,81.539,78.615,80.507,177652,,,0.8620,hfq
2014-11-03,80.679,83.690,80.163,82.916,220400,,,2.9923,hfq
2014-11-04,82.400,83.518,81.625,81.969,116494,,,-1.1421,hfq
2014-11-05,81.797,82.572,81.109,81.281,92362,,,-0.8393,hfq
2014-11-06,81.797,82.916,81.109,82.228,138108,,,1.1651,hfq
2014-11-07,82.055,83.862,80.851,81.023,181663,,,-1.4654,hfq
2014-11-10,80.765,81.797,80.077,81.367,110830,,,0.4246,hfq
2014-11-11,81.453,82.916,77.583,78.443,166084,,,-3.5936,hfq
2014-11-12,77.841,79.475,77.669,79.389,83736,,,1.2060,hfq
2014-11-13,79.819,87.303,79.819,87.303,238212,,,9.9686,hfq
2014-11-14,87.905,92.464,86.442,89.195,662584,,,2.1672,hfq
2014-11-17,87.561,94.528,86.873,91.690,495361,,,2.7972,hfq
2014-11-18,91.087,91.173,88.593,89.969,291109,,,-1.8770,hfq
2014-11-19,89.711,92.120,89.281,90.227,289891,,,0.2868,hfq
2014-11-20,88.163,90.141,87.991,88.679,194087,,,-1.7157,hfq
2014-11-21,88.937,93.754,88.937,92.550,359489,,,4.3652,hfq
2014-11-24,92.464,97.023,89.883,93.324,452705,,,0.8363,hfq
2014-11-25,91.862,95.474,91.432,94.958,315639,,,1.7509,hfq
2014-11-26,94.356,98.141,93.754,94.270,363786,,,-0.7245,hfq
2014-11-27,94.012,98.485,92.034,98.141,499274,,,4.1063,hfq
2014-11-28,97.195,97.883,94.184,95.905,336454,,,-2.2784,hfq
2014-12-01,97.453,97.453,91.173,91.776,262526,,,-4.3053,hfq
2014-12-02,91.087,95.732,90.657,94.958,293983,,,3.4671,hfq
2014-12-03,94.786,96.679,90.743,92.808,319408,,,-2.2642,hfq
2014-12-04,92.378,100.636,91.001,99.173,531850,,,6.8582,hfq
2014-12-05,97.969,102.786,93.582,99.517,605312,,,0.3469,hfq
2014-12-08,97.625,108.807,96.335,106.313,611586,,,6.8290,hfq
2014-12-09,105.281,107.947,95.732,95.732,588032,,,-9.9527,hfq
2014-12-10,94.270,97.281,90.743,95.991,355413,,,0.2705,hfq
2014-12-11,95.732,97.367,93.582,94.786,227887,,,-1.2553,hfq
2014-12-12,94.270,97.797,94.270,95.474,185893,,,0.7258,hfq
2014-12-15,94.270,98.399,92.034,98.227,209960,,,2.8835,hfq
2014-12-16,98.227,103.904,96.937,103.646,433016,,,5.5168,hfq
2014-12-17,103.646,103.646,97.625,100.205,314618,,,-3.3200,hfq
2014-12-18,99.259,104.764,97.797,102.012,315214,,,1.8033,hfq
2014-12-19,106.227,112.162,103.302,105.195,536724,,,3.1202,hfq
2014-12-22,103.646,103.646,94.700,94.700,394092,,,-9.9767,hfq
2014-12-23,91.604,95.646,90.141,91.518,185114,,,-3.3601,hfq
2014-12-24,91.518,94.614,91.173,92.550,123201,,,1.1276,hfq
2014-12-25,93.840,95.130,92.550,94.012,171284,,,1.5797,hfq
2014-12-26,93.496,97.797,92.808,96.335,256347,,,2.4710,hfq
2014-12-29,96.335,98.485,93.324,94.012,242316,,,-2.4114,hfq
2014-12-30,93.238,93.840,88.937,89.023,215557,,,-5.3068,hfq
2014-12-31,89.195,90.485,87.131,88.249,134889,,,-0.8694,hfq
2015-01-05,89.969,93.238,89.453,90.657,158077,,,2.7286,hfq
2015-01-06,89.797,91.604,87.991,91.518,172204,,,0.9497,hfq
2015-01-07,90.743,93.754,90.313,92.894,185411,,,1.5035,hfq
2015-01-08,92.894,92.980,89.625,89.883,137608,,,-3.2413,hfq
2015-01-09,89.883,92.034,89.023,89.109,118147,,,-0.8611,hfq
2015-01-12,89.281,89.453,85.668,85.754,116137,,,-3.7651,hfq
2015-01-13,85.668,86.873,85.582,86.442,64170,,,0.8023,hfq
2015-01-14,86.787,87.819,85.668,85.926,67183,,,-0.5969,hfq
2015-01-15,85.926,88.077,85.754,87.905,101621,,,2.3031,hfq
2015-01-16,88.077,88.421,86.442,87.991,96962,,,0.0978,hfq
2015-01-19,83.862,85.066,79.217,79.217,171314,,,-9.9715,hfq
2015-01-20,79.475,81.797,79.475,81.281,120946,,,2.6055,hfq
2015-01-21,82.228,89.367,81.453,89.367,282360,,,9.9482,hfq
2015-01-22,90.743,97.109,89.453,93.754,548290,,,4.9090,hfq
2015-01-23,92.636,93.754,90.829,91.604,270671,,,-2.2932,hfq
2015-01-26,90.829,94.528,90.829,93.496,237764,,,2.0654,hfq
2015-01-27,93.324,96.679,91.604,95.388,277360,,,2.0236,hfq
2015-01-28,94.442,94.528,92.636,94.098,144315,,,-1.3524,hfq
2015-01-29,92.464,98.915,91.260,95.560,304874,,,1.5537,hfq
2015-01-30,93.754,95.302,92.550,92.636,156147,,,-3.0599,hfq
2015-02-02,91.604,94.872,89.969,92.980,109212,,,0.3713,hfq
2015-02-03,92.980,97.797,92.980,96.421,244802,,,3.7008,hfq
2015-02-04,96.163,102.098,95.646,98.227,360385,,,1.8730,hfq
2015-02-05,100.205,100.636,95.991,96.077,223429,,,-2.1888,hfq
2015-02-06,95.216,99.775,93.410,97.453,220220,,,1.4322,hfq
2015-02-09,96.765,97.453,94.012,95.130,149586,,,-2.3837,hfq
2015-02-10,95.130,95.646,92.636,94.872,125485,,,-0.2712,hfq
2015-02-11,94.958,103.474,94.614,99.861,295625,,,5.2587,hfq
2015-02-12,99.861,102.356,98.313,101.324,259258,,,1.4650,hfq
2015-02-13,101.324,107.861,101.066,101.496,396285,,,0.1698,hfq
2015-02-16,101.324,105.539,101.066,103.904,259552,,,2.3725,hfq
2015-02-17,104.076,108.635,104.076,106.829,342765,,,2.8151,hfq
2015-02-25,106.657,106.657,102.012,103.904,243217,,,-2.7380,hfq
2015-02-26,102.528,105.109,101.754,104.850,193104,,,0.9105,hfq
2015-02-27,104.764,104.764,102.614,103.560,168478,,,-1.2303,hfq
2015-03-02,103.990,105.711,103.130,104.334,216337,,,0.7474,hfq
2015-03-03,103.732,103.732,100.033,100.550,235589,,,-3.6268,hfq
2015-03-04,100.291,110.528,100.291,110.528,422392,,,9.9234,hfq
2015-03-05,112.248,117.409,109.323,114.743,676784,,,3.8135,hfq
2015-03-06,113.969,115.345,110.614,111.990,339407,,,-2.3993,hfq
2015-03-09,111.818,115.259,108.635,113.796,328382,,,1.6126,hfq
2015-03-10,113.538,118.700,111.560,115.345,337005,,,1.3612,hfq
2015-03-11,114.227,125.409,113.796,118.958,382215,,,3.1323,hfq
2015-03-12,117.753,124.119,115.603,116.291,427026,,,-2.2420,hfq
2015-03-13,116.549,117.839,113.969,116.721,233953,,,0.3698,hfq
2015-03-16,115.861,122.312,115.775,121.280,312636,,,3.9059,hfq
2015-03-17,121.538,129.452,119.904,128.592,431013,,,6.0290,hfq
2015-03-18,127.732,129.366,125.323,128.248,278956,,,-0.2675,hfq
2015-03-19,126.871,133.323,124.979,129.108,317198,,,0.6706,hfq
2015-03-20,127.301,136.333,127.043,130.914,309879,,,1.3988,hfq
2015-03-23,130.914,133.065,129.452,131.430,293478,,,0.3942,hfq
2015-03-24,131.172,131.172,122.742,126.785,338826,,,-3.5342,hfq
2015-03-25,126.785,126.785,123.431,125.753,220478,,,-0.8140,hfq
2015-03-26,125.667,135.473,123.173,130.914,385853,,,4.1041,hfq
2015-03-27,129.108,130.484,126.699,129.624,199034,,,-0.9854,hfq
2015-03-30,129.624,131.946,128.592,130.656,258284,,,0.7961,hfq
2015-03-31,132.893,133.581,127.818,127.990,276787,,,-2.0405,hfq
2015-04-01,127.732,133.753,126.785,133.409,368948,,,4.2339,hfq
2015-04-02,133.753,136.247,130.656,135.473,345690,,,1.5471,hfq
2015-04-03,133.839,137.280,132.032,134.699,300833,,,-0.5713,hfq
2015-04-07,134.269,139.172,133.409,136.677,307870,,,1.4685,hfq
2015-04-08,136.161,137.538,129.452,133.323,282478,,,-2.4540,hfq
2015-04-09,133.237,142.355,131.258,141.064,505013,,,5.8062,hfq
2015-04-10,138.054,146.570,136.764,143.903,401303,,,2.0126,hfq
2015-04-13,144.763,154.483,144.763,145.882,392747,,,1.3752,hfq
2015-04-14,145.021,148.204,141.236,143.215,296677,,,-1.8282,hfq
2015-04-15,141.925,145.107,134.097,135.301,252306,,,-5.5260,hfq
2015-04-16,133.409,140.892,130.398,139.000,246251,,,2.7339,hfq
2015-04-17,139.344,146.656,137.538,142.957,381091,,,2.8468,hfq
2015-04-20,141.323,145.795,136.764,138.742,365918,,,-2.9484,hfq
2015-04-21,136.850,145.623,136.677,145.537,359928,,,4.8976,hfq
2015-04-22,147.516,149.580,144.075,148.290,352545,,,1.8916,hfq
2015-04-23,147.516,149.408,144.247,146.054,286091,,,-1.5079,hfq
2015-04-24,144.591,152.763,142.527,152.591,417684,,,4.4757,hfq
2015-04-27,152.333,157.838,149.236,150.182,399753,,,-1.5787,hfq
2015-04-28,147.946,149.838,141.323,142.097,288263,,,-5.3835,hfq
2015-04-29,142.097,147.344,141.839,146.054,172121,,,2.7847,hfq
2015-04-30,145.365,148.806,142.785,142.957,154542,,,-2.1204,hfq
2015-05-04,142.785,145.795,139.344,140.376,184452,,,-1.8054,hfq
2015-05-05,141.064,143.731,132.635,132.721,183734,,,-5.4532,hfq
2015-05-06,133.151,137.968,127.559,130.484,172209,,,-1.6855,hfq
2015-05-07,130.226,132.118,124.635,125.409,177803,,,-3.8894,hfq
2015-05-08,126.957,133.581,126.011,132.635,197716,,,5.7619,hfq
2015-05-11,132.635,137.710,132.635,137.022,223476,,,3.3076,hfq
2015-05-12,137.108,138.484,133.925,137.538,178242,,,0.3766,hfq
2015-05-13,137.538,140.892,134.183,140.548,260160,,,2.1885,hfq
2015-05-14,139.774,142.183,137.194,137.710,193019,,,-2.0192,hfq
2015-05-15,136.936,137.194,130.312,131.860,181816,,,-4.2481,hfq
2015-05-18,129.108,137.108,129.022,136.419,169437,,,3.4575,hfq
2015-05-19,136.591,143.817,135.731,142.183,277526,,,4.2252,hfq
2015-05-20,141.925,147.774,140.548,142.269,296755,,,0.0605,hfq
2015-05-21,141.667,149.752,140.634,148.462,292218,,,4.3530,hfq
2015-05-22,151.473,154.139,146.828,150.785,357915,,,1.5647,hfq
2015-05-25,148.032,155.860,147.086,154.397,372260,,,2.3955,hfq
2015-05-26,154.311,158.440,152.247,156.978,366428,,,1.6717,hfq
2015-05-27,156.118,156.204,150.957,154.569,353032,,,-1.5346,hfq
2015-05-28,154.225,160.591,139.774,140.118,349264,,,-9.3492,hfq
2015-05-29,140.634,145.193,134.613,140.892,254914,,,0.5524,hfq
2015-06-01,142.613,150.785,140.204,149.064,219815,,,5.8002,hfq
2015-06-02,149.150,163.429,148.376,161.537,386867,,,8.3675,hfq
2015-06-03,162.139,165.580,153.193,158.440,350560,,,-1.9172,hfq
2015-06-04,157.924,174.268,151.645,174.268,566992,,,9.9899,hfq
2015-06-05,176.762,180.633,168.677,174.354,520422,,,0.0493,hfq
2015-06-08,174.354,180.891,169.537,175.644,377257,,,0.7399,hfq
2015-06-09,173.494,175.902,164.376,167.558,324187,,,-4.6036,hfq
2015-06-10,166.010,172.375,161.967,170.139,246544,,,1.5404,hfq
2015-06-11,170.741,175.902,168.332,174.354,286461,,,2.4774,hfq
2015-06-12,173.580,185.364,172.547,178.225,350748,,,2.2202,hfq
2015-06-15,177.622,180.977,169.795,170.999,273305,,,-4.0544,hfq
2015-06-16,170.225,170.225,160.419,162.053,183776,,,-5.2316,hfq
2015-06-17,161.795,177.622,160.505,175.816,202487,,,8.4929,hfq
2015-06-18,172.633,176.418,165.666,165.924,164317,,,-5.6263,hfq
2015-06-19,159.817,171.945,155.774,156.548,210508,,,-5.6508,hfq
2015-06-23,155.516,161.021,141.495,159.817,159330,,,2.0882,hfq
2015-06-24,159.817,162.827,152.075,160.161,197317,,,0.2152,hfq
2015-06-25,160.333,168.763,156.806,158.784,271247,,,-0.8598,hfq
2015-06-26,153.365,154.139,143.043,143.043,183638,,,-9.9135,hfq
2015-06-29,147.086,147.086,128.850,128.850,189793,,,-9.9222,hfq
2015-06-30,121.538,135.731,116.119,134.011,239766,,,4.0054,hfq
2015-07-01,130.140,136.333,120.764,120.764,189037,,,-9.8850,hfq
2015-07-02,118.269,121.538,108.807,108.807,187269,,,-9.9011,hfq
2015-07-03,100.291,107.087,98.055,98.055,192025,,,-9.8817,hfq
2015-07-06,106.915,106.915,88.335,88.335,343651,,,-9.9128,hfq
2015-07-07,80.077,80.765,79.647,79.647,81868,,,-9.8353,hfq
2015-07-08,71.819,71.819,71.819,71.819,24324,,,-9.8284,hfq
2015-07-10,78.873,78.873,78.873,78.873,95934,,,9.8219,hfq
2015-07-13,86.614,86.614,86.614,86.614,39201,,,9.8145,hfq
2015-07-14,95.130,95.130,90.571,95.130,547081,,,9.8321,hfq
2015-07-15,92.550,94.098,85.754,85.754,380750,,,-9.8560,hfq
2015-07-16,77.324,89.969,77.324,87.303,376808,,,1.8063,hfq
2015-07-17,87.131,95.560,86.270,94.356,415392,,,8.0788,hfq
2015-07-20,94.442,98.743,91.518,95.991,452151,,,1.7328,hfq
2015-07-21,94.356,99.689,92.550,98.141,360404,,,2.2398,hfq
2015-07-22,97.367,100.636,94.958,99.517,356113,,,1.4021,hfq
2015-07-23,100.378,106.571,98.743,105.453,469073,,,5.9648,hfq
2015-07-24,104.420,110.012,101.238,102.700,480573,,,-2.6106,hfq
2015-07-27,99.603,105.109,92.550,92.550,349991,,,-9.8832,hfq
2015-07-28,85.066,92.808,83.432,86.442,383420,,,-6.5997,hfq
2015-07-29,88.163,93.152,82.830,92.980,291896,,,7.5635,hfq
2015-07-30,92.292,102.184,91.173,98.571,495724,,,6.0131,hfq
2015-07-31,98.829,108.291,98.313,108.291,844672,,,9.8609,hfq
2015-08-03,104.334,105.797,97.539,97.539,496622,,,-9.9288,hfq
2015-08-04,94.012,106.829,92.722,106.571,631561,,,9.2599,hfq
2015-08-05,104.334,115.087,103.044,109.926,680364,,,3.1481,hfq
2015-08-06,105.711,109.410,103.474,104.937,410410,,,-4.5385,hfq
2015-08-07,107.345,109.926,105.539,107.603,392611,,,2.5406,hfq
2015-08-10,109.323,117.151,107.259,114.485,448818,,,6.3957,hfq
2015-08-11,112.936,121.022,111.302,117.065,555767,,,2.2536,hfq
2015-08-12,113.796,116.721,111.904,112.420,358984,,,-3.9679,hfq
2015-08-13,113.108,121.108,113.108,120.936,579284,,,7.5752,hfq
2015-08-14,124.549,124.979,118.183,118.872,496967,,,-1.7067,hfq
2015-08-17,117.065,120.592,113.280,120.506,365213,,,1.3746,hfq
2015-08-18,119.732,123.947,108.549,108.549,440259,,,-9.9223,hfq
2015-08-19,102.786,111.560,97.797,110.184,383732,,,1.5062,hfq
2015-08-20,107.947,115.861,105.195,105.453,324461,,,-4.2937,hfq
2015-08-21,100.894,104.162,95.044,95.732,266239,,,-9.2183,hfq
2015-08-24,90.657,93.152,86.270,86.270,277985,,,-9.8838,hfq
2015-08-25,77.927,85.152,77.755,77.755,270208,,,-9.8702,hfq
2015-08-26,81.195,85.410,77.841,84.722,719970,,,8.9602,hfq
2015-08-27,85.840,93.066,84.034,93.066,723505,,,9.8487,hfq
2015-08-28,92.722,100.464,89.711,97.453,677758,,,4.7139,hfq
2015-08-31,94.098,95.646,90.141,91.518,415322,,,-6.0901,hfq
2015-09-01,90.657,91.173,82.486,82.486,344041,,,-9.8691,hfq
2015-09-02,75.690,85.238,74.314,74.314,336103,,,-9.9071,hfq
2015-09-07,76.808,80.851,76.636,80.335,292885,,,8.1021,hfq
2015-09-08,79.991,86.873,79.303,86.184,318902,,,7.2808,hfq
2015-09-09,86.270,90.485,86.012,89.281,366639,,,3.5935,hfq
2015-09-10,88.421,89.195,84.378,84.894,244342,,,-4.9137,hfq
2015-09-11,85.410,89.625,85.410,89.453,258667,,,5.3702,hfq
2015-09-14,90.743,90.915,80.593,80.593,274862,,,-9.9046,hfq
2015-09-15,76.378,79.389,72.679,73.024,230501,,,-9.3916,hfq
2015-09-16,73.110,80.249,73.110,80.249,198626,,,9.8940,hfq
2015-09-17,80.249,83.432,77.669,78.099,249869,,,-2.6792,hfq
2015-09-18,80.077,81.539,78.013,81.023,182083,,,3.7440,hfq
2015-09-21,78.787,84.120,78.529,83.690,213427,,,3.2917,hfq
2015-09-22,83.346,86.873,82.916,84.550,267625,,,1.0276,hfq
2015-09-23,81.109,83.002,79.389,81.281,265088,,,-3.8664,hfq
2015-09-24,81.883,86.701,81.367,84.464,265723,,,3.9160,hfq
2015-09-25,82.916,84.378,77.669,78.959,235050,,,-6.5176,hfq
2015-09-28,78.701,81.711,78.529,81.281,108196,,,2.9408,hfq
2015-09-29,79.389,81.281,78.271,80.163,142439,,,-1.3755,hfq
2015-09-30,80.249,81.195,79.647,79.733,102939,,,-0.5364,hfq
2015-10-08,82.744,85.840,81.539,84.464,252412,,,5.9336,hfq
2015-10-09,83.776,86.614,83.432,85.754,241882,,,1.5273,hfq
2015-10-12,86.270,90.485,85.668,89.367,320932,,,4.2132,hfq
2015-10-13,88.421,90.571,88.077,89.711,265905,,,0.3849,hfq
2015-10-14,89.109,89.711,86.873,87.303,219506,,,-2.6842,hfq
2015-10-15,86.701,91.260,86.614,90.829,268705,,,4.0388,hfq
2015-10-16,91.260,99.001,89.625,97.109,472483,,,6.9141,hfq
2015-10-19,96.335,102.528,94.442,98.915,547800,,,1.8598,hfq
2015-10-20,97.453,99.861,95.302,99.517,330850,,,0.6086,hfq
2015-10-21,98.829,99.947,89.711,89.711,351005,,,-9.8536,hfq
2015-10-22,89.797,94.012,87.389,93.152,267158,,,3.8357,hfq
2015-10-23,94.184,98.227,93.152,97.539,344803,,,4.7095,hfq
2015-10-26,98.313,99.517,96.593,97.367,333112,,,-0.1763,hfq
2015-10-27,95.991,98.141,91.260,96.679,281880,,,-0.7066,hfq
2015-10-28,96.593,97.969,93.238,93.668,231812,,,-3.1144,hfq
2015-10-29,94.872,100.722,93.324,98.055,404973,,,4.6836,hfq
2015-10-30,96.593,99.001,94.012,97.281,280637,,,-0.7894,hfq
2015-11-02,94.786,100.894,93.582,97.539,301055,,,0.2652,hfq
2015-11-03,97.969,103.302,96.679,101.926,442203,,,4.4977,hfq
2015-11-04,101.754,110.700,100.205,108.893,590991,,,6.8354,hfq
2015-11-05,107.603,112.076,105.625,107.001,699656,,,-1.7375,hfq
2015-11-06,106.915,111.474,106.227,109.496,450210,,,2.3318,hfq
2015-11-09,108.463,113.796,107.775,109.410,468058,,,-0.0785,hfq
2015-11-10,108.119,109.754,105.023,107.689,439608,,,-1.5730,hfq
2015-11-11,107.259,109.323,105.883,108.979,309665,,,1.1979,hfq
2015-11-12,107.861,112.076,107.861,110.614,400447,,,1.5003,hfq
2015-11-13,109.065,110.700,105.023,107.689,306355,,,-2.6443,hfq
2015-11-16,104.764,111.818,104.678,111.388,271743,,,3.4349,hfq
2015-11-17,112.678,117.839,109.582,110.098,434463,,,-1.1581,hfq
2015-11-18,110.098,112.420,105.883,107.173,230582,,,-2.6567,hfq
2015-11-19,107.689,110.872,105.883,110.270,208856,,,2.8897,hfq
2015-11-20,109.926,114.313,107.947,112.764,286740,,,2.2617,hfq
2015-11-23,112.936,114.571,109.582,110.786,253422,,,-1.7541,hfq
2015-11-24,111.044,111.732,108.033,111.560,162214,,,0.6986,hfq
2015-11-25,111.216,115.689,110.442,114.571,276024,,,2.6990,hfq
2015-11-26,114.743,118.528,113.538,115.087,347974,,,0.4504,hfq
2015-11-27,113.194,115.087,103.732,103.818,318516,,,-9.7917,hfq
2015-11-30,102.356,106.055,94.528,105.711,258789,,,1.8234,hfq
2015-12-01,104.162,111.904,102.184,107.775,265543,,,1.9525,hfq
2015-12-02,106.485,107.001,100.464,105.969,189459,,,-1.6757,hfq
2015-12-03,107.689,116.463,107.603,116.463,544909,,,9.9029,hfq
2015-12-04,114.485,121.108,112.936,118.097,695219,,,1.4030,hfq
2015-12-07,116.549,124.463,114.657,121.366,495248,,,2.7681,hfq
2015-12-08,118.700,123.689,115.689,115.947,456864,,,-4.4650,hfq
2015-12-09,113.108,115.517,109.754,110.958,298187,,,-4.3028,hfq
2015-12-10,111.474,114.055,109.065,111.130,240415,,,0.1550,hfq
2015-12-11,111.216,111.388,107.689,108.721,156006,,,-2.1677,hfq
2015-12-14,106.485,112.850,106.055,112.850,172388,,,3.7978,hfq
2015-12-15,112.162,114.571,112.076,112.764,166656,,,-0.0762,hfq
2015-12-16,112.764,115.259,112.162,112.936,200567,,,0.1525,hfq
2015-12-17,112.764,116.893,112.764,115.775,251014,,,2.5138,hfq
2015-12-18,115.345,117.065,113.022,113.624,194564,,,-1.8579,hfq
2015-12-21,113.108,118.614,112.506,118.183,296621,,,4.0124,hfq
2015-12-22,117.237,118.700,115.603,118.441,250299,,,0.2183,hfq
2015-12-23,118.614,122.398,116.549,119.474,359963,,,0.8722,hfq
2015-12-24,119.818,119.818,114.485,116.377,204553,,,-2.5922,hfq
2015-12-25,116.893,125.237,116.205,123.689,392038,,,6.2830,hfq
2015-12-28,122.484,127.990,117.495,117.753,439053,,,-4.7991,hfq
2015-12-29,118.183,124.979,115.689,124.635,298319,,,5.8444,hfq
2015-12-30,124.549,126.097,121.796,125.237,292746,,,0.4830,hfq
2015-12-31,125.753,125.839,118.958,119.216,246072,,,-4.8077,hfq
2016-01-04,118.958,119.646,107.431,107.431,196051,,,-9.8854,hfq
2016-01-05,100.722,106.743,97.281,103.904,252298,,,-3.2830,hfq
2016-01-06,104.334,106.227,101.926,105.797,180247,,,1.8219,hfq
2016-01-07,103.302,103.302,95.302,95.302,54937,,,-9.9199,hfq
2016-01-08,96.679,98.399,88.679,95.388,206407,,,0.0902,hfq
2016-01-11,92.636,93.926,85.926,85.926,204227,,,-9.9195,hfq
2016-01-12,86.270,88.421,83.776,86.787,175141,,,1.0020,hfq
2016-01-13,87.389,88.335,79.991,80.593,172075,,,-7.1370,hfq
2016-01-14,77.324,84.292,76.808,84.120,151572,,,4.3763,hfq
2016-01-15,83.260,85.324,78.529,80.593,158446,,,-4.1928,hfq
2016-01-18,78.185,84.378,77.669,83.002,154412,,,2.9891,hfq
2016-01-19,81.969,86.701,81.969,86.184,173788,,,3.8336,hfq
2016-01-20,85.840,86.873,83.174,84.292,176519,,,-2.1953,hfq
2016-01-21,82.830,86.356,81.281,81.711,156867,,,-3.0620,hfq
2016-01-22,82.486,84.378,80.765,83.948,125235,,,2.7377,hfq
2016-01-25,84.894,85.840,83.690,85.066,104019,,,1.3318,hfq
2016-01-26,83.690,84.550,76.636,76.636,153886,,,-9.9100,hfq
2016-01-27,77.410,78.185,71.045,75.346,145643,,,-1.6833,hfq
2016-01-28,74.486,76.292,70.787,71.389,115655,,,-5.2518,hfq
2016-01-29,71.647,75.776,71.303,74.830,116665,,,4.8201,hfq
2016-02-01,74.142,75.948,72.507,74.056,89907,,,-1.0343,hfq
2016-02-02,74.744,77.324,74.486,76.808,110972,,,3.7161,hfq
2016-02-03,75.174,79.991,74.916,78.357,164690,,,2.0167,hfq
2016-02-04,77.755,80.507,77.755,79.991,149152,,,2.0853,hfq
2016-02-05,80.679,81.711,77.755,78.099,102197,,,-2.3653,hfq
2016-02-15,74.486,79.217,74.228,77.927,85491,,,-0.2202,hfq
2016-02-16,78.529,81.711,78.529,81.625,146482,,,4.7455,hfq
2016-02-17,81.023,82.744,80.421,82.228,152274,,,0.7387,hfq
2016-02-18,82.658,83.604,81.625,82.055,155089,,,-0.2104,hfq
2016-02-19,81.539,82.916,81.023,82.658,100872,,,0.7349,hfq
2016-02-22,84.034,85.840,83.346,85.152,194669,,,3.0173,hfq
2016-02-23,85.066,85.066,81.969,83.862,140461,,,-1.5149,hfq
2016-02-24,83.346,86.701,83.002,86.356,221617,,,2.9739,hfq
2016-02-25,85.152,85.754,77.841,77.841,179461,,,-9.8603,hfq
2016-02-26,78.529,79.389,74.916,77.583,121224,,,-0.3314,hfq
2016-02-29,76.894,77.410,70.615,72.163,133303,,,-6.9861,hfq
2016-03-01,72.593,75.346,71.819,74.486,113433,,,3.2191,hfq
2016-03-02,74.572,79.217,74.228,78.787,141554,,,5.7742,hfq
2016-03-03,78.357,80.937,78.099,78.787,120752,,,0.0000,hfq
2016-03-04,78.443,80.593,74.830,76.980,151729,,,-2.2935,hfq
2016-03-07,78.099,80.335,77.841,79.561,107458,,,3.3528,hfq
2016-03-08,79.389,81.625,76.550,81.453,148039,,,2.3780,hfq
2016-03-09,79.475,80.679,78.529,79.045,84661,,,-2.9563,hfq
2016-03-10,79.561,83.518,78.615,80.679,223826,,,2.0672,hfq
2016-03-11,79.217,80.249,77.583,78.873,112933,,,-2.2385,hfq
2016-03-14,80.249,83.346,79.303,81.109,163630,,,2.8349,hfq
2016-03-15,81.023,82.744,80.335,81.539,143867,,,0.5302,hfq
2016-03-16,82.744,82.744,78.873,79.217,120927,,,-2.8477,hfq
2016-03-17,78.959,81.969,78.959,81.797,147219,,,3.2569,hfq
2016-03-18,82.142,85.754,81.711,84.550,229653,,,3.3656,hfq
2016-03-21,85.926,89.969,84.808,88.593,381812,,,4.7818,hfq
2016-03-22,86.959,88.163,86.012,87.131,212642,,,-1.6502,hfq
2016-03-23,86.442,88.421,86.270,88.249,156094,,,1.2831,hfq
2016-03-24,87.131,87.819,85.324,85.496,183458,,,-3.1196,hfq
2016-03-25,85.152,87.991,85.152,87.905,158265,,,2.8177,hfq
2016-03-28,87.905,89.453,86.012,86.873,181329,,,-1.1740,hfq
2016-03-29,87.045,87.217,83.604,84.980,124283,,,-2.1790,hfq
2016-03-30,85.582,88.851,85.582,88.421,167695,,,4.0492,hfq
2016-03-31,88.593,91.173,88.163,89.109,222234,,,0.7781,hfq
2016-04-01,88.421,89.195,86.012,87.905,143828,,,-1.3512,hfq
2016-04-05,87.303,91.001,87.303,90.743,184975,,,3.2285,hfq
2016-04-06,90.055,91.087,89.109,90.657,154199,,,-0.0948,hfq
2016-04-07,90.657,92.206,88.937,89.453,195846,,,-1.3281,hfq
2016-04-08,88.335,88.765,86.442,87.819,129220,,,-1.8267,hfq
2016-04-11,88.937,91.776,88.679,89.969,166934,,,2.4482,hfq
2016-04-12,90.141,90.141,87.647,89.367,128811,,,-0.6691,hfq
2016-04-13,89.711,92.206,89.711,90.571,220532,,,1.3473,hfq
2016-04-14,91.260,92.722,90.485,92.550,169602,,,2.1850,hfq
2016-04-15,92.292,92.550,91.173,91.518,136234,,,-1.1151,hfq
2016-04-18,90.743,90.829,89.367,89.969,115031,,,-1.6926,hfq
2016-04-19,90.915,92.550,90.055,92.464,157610,,,2.7732,hfq
2016-04-20,92.378,92.378,84.980,87.045,229356,,,-5.8607,hfq
2016-04-21,86.959,88.679,85.754,86.012,114313,,,-1.1867,hfq
2016-04-22,86.701,88.335,86.098,88.077,104614,,,2.4008,hfq
2016-04-25,87.389,87.647,84.550,86.528,84948,,,-1.7587,hfq
2016-04-26,86.012,87.561,85.410,87.475,92328,,,1.0944,hfq
2016-04-27,87.561,89.281,87.217,87.561,121732,,,0.0983,hfq
2016-04-28,87.905,87.905,85.066,86.787,106101,,,-0.8840,hfq
2016-04-29,86.098,87.475,85.926,86.701,60662,,,-0.0991,hfq
2016-05-03,86.356,89.539,85.324,89.195,146347,,,2.8766,hfq
2016-05-04,88.421,89.453,87.819,88.765,113713,,,-0.4821,hfq
2016-05-05,88.765,90.399,88.335,89.969,127115,,,1.3564,hfq
2016-05-06,89.883,90.227,84.980,85.066,156904,,,-5.4497,hfq
2016-05-09,84.550,84.550,78.787,79.647,123849,,,-6.3703,hfq
2016-05-10,79.303,80.765,79.217,79.647,56929,,,0.0000,hfq
2016-05-11,80.679,80.765,78.615,78.959,78395,,,-0.8638,hfq
2016-05-12,76.894,77.583,75.088,77.410,101683,,,-1.9618,hfq
2016-05-13,76.464,78.185,76.034,76.550,61534,,,-1.1110,hfq
2016-05-16,76.378,78.873,75.948,78.099,66431,,,2.0235,hfq
2016-05-17,78.099,78.959,76.722,77.841,68211,,,-0.3303,hfq
2016-05-18,76.980,77.238,73.798,74.314,98699,,,-4.5310,hfq
2016-05-19,74.744,76.206,74.400,74.744,59265,,,0.5786,hfq
2016-05-20,74.142,76.636,73.540,76.464,61035,,,2.3012,hfq
2016-05-23,76.550,77.755,76.292,76.980,59136,,,0.6748,hfq
2016-05-24,76.636,76.808,75.346,75.948,47036,,,-1.3406,hfq
2016-05-25,76.808,77.238,75.948,76.378,48897,,,0.5662,hfq
2016-05-26,76.464,77.324,74.400,77.152,65906,,,1.0134,hfq
2016-05-27,77.152,77.324,76.206,76.378,48278,,,-1.0032,hfq
2016-05-30,76.292,76.894,75.260,76.034,42856,,,-0.4504,hfq
2016-05-31,76.034,80.163,76.034,80.077,140614,,,5.3174,hfq
2016-06-01,79.647,80.593,79.561,80.077,104953,,,0.0000,hfq
2016-06-02,80.077,80.937,79.733,80.851,76981,,,0.9666,hfq
2016-06-03,80.851,81.625,79.991,80.765,81117,,,-0.1064,hfq
2016-06-06,80.765,81.539,79.733,80.507,78527,,,-0.3194,hfq
2016-06-07,80.335,81.367,79.561,80.851,75316,,,0.4273,hfq
2016-06-08,80.765,81.109,79.389,80.507,70309,,,-0.4255,hfq
2016-06-13,79.475,80.249,75.690,76.120,78967,,,-5.4492,hfq
2016-06-14,76.206,77.324,75.862,76.980,43510,,,1.1298,hfq
2016-06-15,76.636,79.905,76.034,79.131,62609,,,2.7942,hfq
2016-06-16,79.389,80.077,78.615,79.131,63274,,,0.0000,hfq
2016-06-17,79.389,80.937,79.045,80.421,90413,,,1.6302,hfq
2016-06-20,79.905,80.593,78.701,80.335,70160,,,-0.1069,hfq
2016-06-21,80.679,81.969,79.561,81.281,117473,,,1.1776,hfq
2016-06-22,80.507,81.711,79.647,81.453,91889,,,0.2116,hfq
2016-06-23,81.367,81.625,79.905,80.593,71323,,,-1.0558,hfq
2016-06-24,80.593,80.937,76.894,78.615,94353,,,-2.4543,hfq
2016-06-27,78.443,80.593,78.013,80.507,73184,,,2.4067,hfq
2016-06-28,79.905,81.883,79.905,81.625,106552,,,1.3887,hfq
2016-06-29,81.625,84.722,81.453,83.174,196248,,,1.8977,hfq
2016-06-30,82.830,83.260,81.711,82.658,110377,,,-0.6204,hfq
2016-07-01,83.088,83.518,82.314,82.572,64290,,,-0.1040,hfq
2016-07-04,82.142,85.410,81.797,84.808,149122,,,2.7079,hfq
2016-07-05,84.980,84.980,83.948,84.636,95089,,,-0.2028,hfq
2016-07-06,84.378,85.410,84.206,84.808,90555,,,0.2032,hfq
2016-07-07,84.722,85.410,84.378,84.808,97193,,,0.0000,hfq
2016-07-08,84.894,86.098,84.378,85.324,103966,,,0.6084,hfq
2016-07-11,85.238,85.840,83.948,84.206,117147,,,-1.3103,hfq
2016-07-12,84.206,85.066,82.400,84.894,116670,,,0.8170,hfq
2016-07-13,84.636,86.442,84.636,85.668,130730,,,0.9117,hfq
2016-07-14,85.754,86.442,85.238,86.270,100125,,,0.7027,hfq
2016-07-15,86.270,86.787,85.152,85.324,77412,,,-1.0966,hfq
2016-07-18,85.496,86.098,83.776,85.582,87303,,,0.3024,hfq
2016-07-19,85.582,86.442,84.464,86.356,70917,,,0.9044,hfq
2016-07-20,86.356,87.475,85.926,86.270,106072,,,-0.0996,hfq
2016-07-21,86.184,87.647,85.668,87.389,114914,,,1.2971,hfq
2016-07-22,87.131,87.217,85.066,85.410,109653,,,-2.2646,hfq
2016-07-25,85.066,86.959,84.894,86.356,123432,,,1.1076,hfq
2016-07-26,86.098,90.571,85.840,89.711,299165,,,3.8851,hfq
2016-07-27,89.281,89.883,83.948,84.464,261061,,,-5.8488,hfq
2016-07-28,84.206,92.722,84.206,90.571,511073,,,7.2303,hfq
2016-07-29,88.679,93.668,87.991,91.346,548188,,,0.8557,hfq
2016-08-01,89.711,90.485,86.614,87.819,268498,,,-3.8611,hfq
2016-08-02,86.959,96.421,86.787,96.421,455527,,,9.7951,hfq
2016-08-03,95.646,100.291,94.098,98.227,807215,,,1.8730,hfq
2016-08-04,96.593,100.291,95.130,99.431,574921,,,1.2257,hfq
2016-08-05,98.227,98.743,95.732,96.249,406091,,,-3.2002,hfq
2016-08-08,95.302,97.539,94.442,96.765,329334,,,0.5361,hfq
2016-08-09,96.593,97.281,94.442,97.023,304780,,,0.2666,hfq
2016-08-10,96.593,96.593,94.270,94.700,260227,,,-2.3943,hfq
2016-08-11,94.012,97.281,93.152,93.238,326286,,,-1.5438,hfq
2016-08-12,92.292,96.421,91.432,95.819,302441,,,2.7682,hfq
2016-08-15,94.958,98.829,94.012,98.141,450437,,,2.4233,hfq
2016-08-16,97.453,98.743,96.163,97.281,283752,,,-0.8763,hfq
2016-08-17,96.679,100.291,95.991,99.173,403927,,,1.9449,hfq
2016-08-18,98.313,99.173,95.560,95.732,290178,,,-3.4697,hfq
2016-08-19,95.646,102.184,94.614,99.947,400290,,,4.4029,hfq
2016-08-22,99.431,102.700,96.851,97.023,328782,,,-2.9256,hfq
2016-08-23,96.163,97.625,94.872,96.679,202861,,,-0.3546,hfq
2016-08-24,96.421,97.539,93.152,94.184,221008,,,-2.5807,hfq
2016-08-25,93.324,93.926,91.001,92.722,163221,,,-1.5523,hfq
2016-08-26,93.152,93.582,91.087,91.518,121874,,,-1.2985,hfq
2016-08-29,91.001,93.238,91.001,92.808,89395,,,1.4096,hfq
2016-08-30,93.066,94.184,91.432,92.034,101517,,,-0.8340,hfq
2016-08-31,92.206,95.216,91.862,94.012,158795,,,2.1492,hfq
2016-09-01,94.786,99.947,94.184,97.281,406360,,,3.4772,hfq
2016-09-02,95.732,96.937,94.700,95.991,194304,,,-1.3261,hfq
2016-09-05,96.421,99.689,95.991,97.969,281478,,,2.0606,hfq
2016-09-06,97.453,98.485,95.044,98.399,190611,,,0.4389,hfq
2016-09-07,98.055,98.657,96.249,96.593,174118,,,-1.8354,hfq
2016-09-08,96.765,104.937,96.163,100.894,392710,,,4.4527,hfq
2016-09-09,101.668,104.937,100.894,101.152,435286,,,0.2557,hfq
2016-09-12,97.453,99.603,94.270,94.872,291591,,,-6.2085,hfq
2016-09-13,96.077,97.195,94.442,96.421,143639,,,1.6327,hfq
2016-09-14,95.302,96.421,93.152,94.958,153286,,,-1.5173,hfq
2016-09-19,94.958,95.646,94.356,95.302,118562,,,0.3623,hfq
2016-09-20,93.582,94.184,92.464,92.894,162816,,,-2.5267,hfq
2016-09-21,92.550,94.528,92.378,93.496,99693,,,0.6481,hfq
2016-09-22,93.926,95.216,93.410,93.582,112020,,,0.0920,hfq
2016-09-23,94.442,95.991,93.582,95.216,146013,,,1.7461,hfq
2016-09-26,95.302,95.474,90.055,90.915,157294,,,-4.5171,hfq
2016-09-27,89.969,93.066,89.367,92.894,138549,,,2.1768,hfq
2016-09-28,92.464,96.593,92.034,94.098,200933,,,1.2961,hfq
2016-09-29,93.324,98.141,92.378,95.819,257172,,,1.8289,hfq
2016-09-30,94.872,97.367,93.840,96.335,160420,,,0.5385,hfq
2016-10-10,96.937,101.238,96.249,100.033,268052,,,3.8387,hfq
2016-10-11,99.603,102.700,98.829,99.861,294475,,,-0.1719,hfq
2016-10-12,99.001,102.700,98.915,102.528,250716,,,2.6707,hfq
2016-10-13,102.184,106.227,101.410,102.528,391758,,,0.0000,hfq
2016-10-14,101.840,102.614,99.947,101.152,230941,,,-1.3421,hfq
2016-10-17,101.410,102.356,99.861,100.636,163831,,,-0.5101,hfq
2016-10-18,100.550,104.850,100.205,104.592,284017,,,3.9310,hfq
2016-10-19,103.474,105.023,102.356,103.560,196008,,,-0.9867,hfq
2016-10-20,102.872,106.743,102.528,102.786,258381,,,-0.7474,hfq
2016-10-21,102.872,103.732,99.259,100.464,259317,,,-2.2591,hfq
2016-10-24,100.464,105.711,100.464,105.367,248915,,,4.8804,hfq
2016-10-25,104.420,108.205,104.420,105.453,287443,,,0.0816,hfq
2016-10-26,105.023,107.861,104.592,107.603,263169,,,2.0388,hfq
2016-10-27,107.173,107.603,104.764,105.625,166281,,,-1.8382,hfq
2016-10-28,106.055,106.399,102.528,102.958,160752,,,-2.5250,hfq
2016-10-31,102.184,102.872,100.980,102.356,140797,,,-0.5847,hfq
2016-11-01,102.442,103.732,100.550,103.216,187894,,,0.8402,hfq
2016-11-02,102.786,102.786,100.033,100.378,162521,,,-2.7496,hfq
2016-11-03,100.033,103.904,99.947,103.302,186902,,,2.9130,hfq
2016-11-04,102.614,103.044,100.808,101.582,126667,,,-1.6650,hfq
2016-11-07,101.238,103.216,101.238,102.012,102537,,,0.4233,hfq
2016-11-08,102.270,105.883,102.098,104.678,237842,,,2.6134,hfq
2016-11-09,104.162,105.023,100.980,102.614,181455,,,-1.9718,hfq
2016-11-10,103.818,106.399,103.130,105.883,244054,,,3.1857,hfq
2016-11-11,105.453,106.743,104.506,105.453,219685,,,-0.4061,hfq
2016-11-14,105.195,106.485,103.904,105.281,193898,,,-0.1631,hfq
2016-11-15,104.937,111.044,104.850,107.775,324428,,,2.3689,hfq
2016-11-16,107.603,108.205,106.141,106.399,191933,,,-1.2767,hfq
2016-11-17,106.571,106.743,104.850,106.399,129838,,,0.0000,hfq
2016-11-18,106.571,106.915,104.248,104.420,137433,,,-1.8600,hfq
2016-11-21,104.162,108.463,104.076,107.173,230217,,,2.6365,hfq
2016-11-22,106.743,108.119,105.625,107.517,179667,,,0.3210,hfq
2016-11-23,107.345,110.872,106.829,107.517,325313,,,0.0000,hfq
2016-11-24,106.915,111.560,105.797,110.270,350735,,,2.5605,hfq
2016-11-25,109.582,109.926,105.883,109.065,239814,,,-1.0928,hfq
2016-11-28,108.549,108.893,107.173,107.345,148646,,,-1.5770,hfq
2016-11-29,107.173,107.517,102.700,103.302,179426,,,-3.7664,hfq
2016-11-30,103.990,104.248,100.894,101.926,139685,,,-1.3320,hfq
2016-12-01,101.324,103.388,101.152,102.614,113913,,,0.6750,hfq
2016-12-02,102.442,103.130,99.259,99.603,138277,,,-2.9343,hfq
2016-12-05,99.087,100.808,98.227,99.861,67193,,,0.2590,hfq
2016-12-06,100.205,103.044,100.033,101.152,111882,,,1.2928,hfq
2016-12-07,101.582,103.044,100.550,102.700,105442,,,1.5304,hfq
2016-12-08,102.442,102.958,100.980,101.152,86870,,,-1.5073,hfq
2016-12-09,101.152,103.732,101.066,102.700,115640,,,1.5304,hfq
2016-12-12,102.528,102.958,95.216,95.819,177169,,,-6.7001,hfq
2016-12-13,95.732,97.109,94.528,96.421,76932,,,0.6283,hfq
2016-12-14,96.421,97.195,94.528,94.786,84672,,,-1.6957,hfq
2016-12-15,95.388,98.141,94.700,97.281,92091,,,2.6322,hfq
2016-12-16,97.023,98.657,96.679,97.281,78630,,,0.0000,hfq
2016-12-19,96.937,98.657,96.851,98.571,77521,,,1.3261,hfq
2016-12-20,97.883,98.313,97.195,98.227,58854,,,-0.3490,hfq
2016-12-21,98.485,99.689,98.141,98.915,77195,,,0.7004,hfq
2016-12-22,99.001,99.517,97.969,99.087,68520,,,0.1739,hfq
2016-12-23,99.173,99.517,96.507,96.937,65919,,,-2.1698,hfq
2016-12-26,96.077,97.883,94.700,97.797,76904,,,0.8872,hfq
2016-12-27,97.625,98.829,96.851,98.657,81261,,,0.8794,hfq
2016-12-28,97.969,100.550,97.969,99.001,103432,,,0.3487,hfq
2016-12-29,98.829,100.378,98.313,100.033,80614,,,1.0424,hfq
2016-12-30,99.603,100.550,99.001,99.603,60519,,,-0.4299,hfq
2017-01-03,99.689,102.012,99.603,101.840,109498,,,2.2459,hfq
2017-01-04,102.786,102.786,101.066,102.614,135629,,,0.7600,hfq
2017-01-05,101.754,105.195,101.238,104.076,184011,,,1.4248,hfq
2017-01-06,104.162,105.023,102.786,104.248,184348,,,0.1653,hfq
2017-01-09,103.904,106.829,103.732,106.055,184076,,,1.7334,hfq
2017-01-10,105.883,105.969,103.044,103.388,143181,,,-2.5147,hfq
2017-01-11,103.646,108.979,102.528,106.571,257308,,,3.0787,hfq
2017-01-12,105.195,106.657,103.904,104.420,170070,,,-2.0184,hfq
2017-01-13,104.420,105.883,100.033,100.464,158553,,,-3.7885,hfq
2017-01-16,99.861,100.722,92.292,95.819,165859,,,-4.6235,hfq
2017-01-17,95.302,96.593,92.808,96.335,98392,,,0.5385,hfq
2017-01-18,95.732,97.281,94.958,96.507,70806,,,0.1785,hfq
2017-01-19,96.851,97.625,95.646,96.249,81991,,,-0.2673,hfq
2017-01-20,95.819,98.485,95.732,97.797,91741,,,1.6083,hfq
2017-01-23,98.055,99.603,97.711,98.915,75266,,,1.1432,hfq
2017-01-24,98.743,99.087,97.969,98.657,59978,,,-0.2608,hfq
2017-01-25,98.743,99.259,98.141,98.657,51578,,,0.0000,hfq
2017-01-26,98.657,99.431,98.227,98.485,44846,,,-0.1743,hfq
2017-02-03,98.829,99.173,97.797,99.087,51714,,,0.6113,hfq
2017-02-06,98.829,100.808,98.141,100.550,105669,,,1.4765,hfq
2017-02-07,101.238,105.883,100.636,103.302,287563,,,2.7369,hfq
2017-02-08,102.356,103.990,101.324,103.904,147141,,,0.5828,hfq
2017-02-09,103.474,104.592,103.216,103.732,117103,,,-0.1655,hfq
2017-02-10,103.646,107.775,103.474,104.076,196569,,,0.3316,hfq
2017-02-13,103.388,108.033,103.216,106.829,232599,,,2.6452,hfq
2017-02-14,106.141,106.915,104.850,106.743,158453,,,-0.0805,hfq
2017-02-15,106.313,106.571,103.818,104.334,157719,,,-2.2568,hfq
2017-02-16,104.506,114.571,104.334,109.237,397200,,,4.6993,hfq
2017-02-17,108.635,111.044,106.829,107.689,246819,,,-1.4171,hfq
2017-02-20,107.001,109.754,106.055,109.496,176076,,,1.6780,hfq
2017-02-21,108.893,110.872,108.119,109.668,173266,,,0.1571,hfq
2017-02-22,109.496,111.990,108.635,110.356,182774,,,0.6273,hfq
2017-02-23,110.098,110.270,107.689,108.549,136990,,,-1.6374,hfq
2017-02-24,108.635,116.377,107.775,111.990,282504,,,3.1700,hfq
2017-02-27,110.442,112.248,109.237,110.270,156343,,,-1.5359,hfq
2017-02-28,109.754,111.646,108.119,110.442,149551,,,0.1560,hfq
2017-03-01,109.926,113.538,109.237,111.646,195141,,,1.0902,hfq
2017-03-02,111.302,113.108,109.668,109.754,148617,,,-1.6946,hfq
2017-03-03,109.237,109.496,106.657,106.743,163034,,,-2.7434,hfq
2017-03-06,106.055,107.603,105.539,107.087,130364,,,0.3223,hfq
2017-03-07,106.743,107.775,105.539,106.829,102044,,,-0.2409,hfq
2017-03-08,106.829,108.635,105.969,108.033,142804,,,1.1270,hfq
2017-03-09,107.259,107.603,105.625,106.141,98776,,,-1.7513,hfq
2017-03-10,106.743,106.915,104.076,104.162,120312,,,-1.8645,hfq
2017-03-13,103.818,105.625,103.388,105.367,95840,,,1.1569,hfq
2017-03-14,105.195,105.625,103.904,104.334,77280,,,-0.9804,hfq
2017-03-15,103.990,105.711,103.990,104.764,73096,,,0.4121,hfq
2017-03-16,105.453,107.001,105.109,106.743,111283,,,1.8890,hfq
2017-03-17,106.571,106.915,103.990,104.334,137489,,,-2.2568,hfq
2017-03-20,104.248,105.453,103.560,105.367,75169,,,0.9901,hfq
2017-03-21,105.367,105.883,104.162,105.797,90487,,,0.4081,hfq
2017-03-22,105.195,105.195,102.098,102.356,158550,,,-3.2525,hfq
2017-03-23,102.356,103.216,100.550,101.668,112732,,,-0.6722,hfq
2017-03-24,101.410,102.442,100.291,102.184,101736,,,0.5075,hfq
2017-03-27,102.098,102.786,101.840,102.270,62880,,,0.0842,hfq
2017-03-28,102.012,103.044,101.066,102.786,70929,,,0.5045,hfq
2017-03-29,102.872,103.130,99.603,99.861,93483,,,-2.8457,hfq
2017-03-30,99.775,101.066,97.023,97.453,100350,,,-2.4114,hfq
2017-03-31,97.883,99.001,97.539,98.399,58368,,,0.9707,hfq
2017-04-05,99.001,100.808,98.313,100.464,74453,,,2.0986,hfq
2017-04-06,100.636,101.324,100.119,100.808,57948,,,0.3424,hfq
2017-04-07,100.894,101.668,100.119,101.066,66926,,,0.2559,hfq
2017-04-10,100.722,100.894,98.055,98.657,82397,,,-2.3836,hfq
2017-04-11,98.485,100.378,97.883,100.378,78606,,,1.7444,hfq
2017-04-12,100.119,101.238,98.915,100.636,66653,,,0.2570,hfq
2017-04-13,100.291,103.216,100.119,102.098,109624,,,1.4528,hfq
2017-04-14,101.410,102.184,99.087,99.173,92256,,,-2.8649,hfq
2017-04-17,98.657,99.861,96.077,97.367,96083,,,-1.8211,hfq
2017-04-18,97.367,98.141,93.152,93.324,90739,,,-4.1523,hfq
2017-04-19,92.808,93.754,89.883,91.260,88421,,,-2.2116,hfq
2017-04-20,91.260,92.120,88.679,90.141,71264,,,-1.2262,hfq
2017-04-21,90.313,90.915,89.453,89.883,40276,,,-0.2862,hfq
2017-04-24,90.141,90.141,84.808,85.152,88355,,,-5.2635,hfq
2017-04-25,85.238,87.561,85.238,86.098,58671,,,1.1110,hfq
2017-04-26,86.184,87.303,85.238,86.356,51940,,,0.2997,hfq
2017-04-27,86.270,87.475,84.034,87.217,80131,,,0.9970,hfq
2017-04-28,86.959,87.733,86.701,87.475,46696,,,0.2958,hfq
2017-05-02,87.389,87.389,85.754,86.873,39389,,,-0.6882,hfq
2017-05-03,86.356,87.475,86.270,87.217,42557,,,0.3960,hfq
2017-05-04,87.131,87.733,86.098,86.614,44622,,,-0.6914,hfq
2017-05-05,86.184,86.614,83.518,83.776,58819,,,-3.2766,hfq
2017-05-08,83.260,84.636,83.260,83.518,39600,,,-0.3080,hfq
2017-05-09,83.776,85.324,83.518,84.808,37465,,,1.5446,hfq
2017-05-10,85.066,86.787,84.034,84.206,62528,,,-0.7098,hfq
2017-05-11,83.174,86.270,80.679,84.378,84992,,,0.2043,hfq
2017-05-12,83.260,84.808,82.228,84.120,71569,,,-0.3058,hfq
2017-05-15,84.206,84.464,82.314,82.400,53656,,,-2.0447,hfq
2017-05-16,82.572,84.120,80.507,83.948,74471,,,1.8786,hfq
2017-05-17,83.862,84.894,83.690,84.550,56864,,,0.7171,hfq
2017-05-18,83.690,84.550,82.744,83.002,40223,,,-1.8309,hfq
2017-05-19,83.002,83.518,82.400,83.260,30992,,,0.3108,hfq
2017-05-22,82.830,83.432,79.905,80.163,59133,,,-3.7197,hfq
2017-05-23,80.163,80.421,75.776,76.034,87362,,,-5.1508,hfq
2017-05-24,75.776,76.980,74.314,76.464,54277,,,0.5655,hfq
2017-05-25,76.550,78.271,75.088,77.927,59306,,,1.9133,hfq
2017-05-26,77.669,78.615,77.152,77.496,45844,,,-0.5531,hfq
2017-05-31,78.271,79.561,77.496,77.583,41989,,,0.1123,hfq
2017-06-01,77.496,77.841,73.712,73.884,42802,,,-4.7678,hfq
2017-06-02,73.712,75.604,73.196,75.346,46360,,,1.9788,hfq
2017-06-05,75.260,76.378,75.174,76.206,39238,,,1.1414,hfq
2017-06-06,75.948,76.550,75.776,76.464,25073,,,0.3386,hfq
2017-06-07,76.550,78.787,76.206,78.615,56956,,,2.8131,hfq
2017-06-08,78.529,79.475,78.185,78.443,49481,,,-0.2188,hfq
2017-06-09,78.615,79.045,77.669,78.787,42073,,,0.4385,hfq
2017-06-12,78.099,78.357,76.034,76.206,40833,,,-3.2759,hfq
2017-06-13,76.206,78.185,76.120,78.099,35397,,,2.4841,hfq
2017-06-14,78.013,80.421,77.841,79.217,90247,,,1.4315,hfq
2017-06-15,78.873,86.959,78.873,86.959,136186,,,9.7732,hfq
2017-06-16,88.077,88.507,83.690,84.894,226628,,,-2.3747,hfq
2017-06-19,83.948,86.270,83.346,85.324,109424,,,0.5065,hfq
2017-06-20,85.324,86.270,84.034,84.808,96682,,,-0.6048,hfq
2017-06-21,83.432,84.550,81.883,83.776,111207,,,-1.2169,hfq
2017-06-22,83.174,86.959,82.916,85.324,187406,,,1.8478,hfq
2017-06-23,84.292,85.324,81.625,83.948,101810,,,-1.6127,hfq
2017-06-26,83.518,86.787,83.432,86.184,128880,,,2.6636,hfq
2017-06-27,85.582,89.281,85.496,87.131,215281,,,1.0988,hfq
2017-06-28,86.356,88.421,85.582,87.561,116391,,,0.4935,hfq
2017-06-29,86.959,87.647,85.840,86.528,78569,,,-1.1797,hfq
2017-06-30,86.701,86.873,84.636,86.787,67251,,,0.2993,hfq
2017-07-03,86.873,88.507,86.528,88.163,115165,,,1.5855,hfq
2017-07-04,87.561,89.969,86.959,87.991,138095,,,-0.1951,hfq
2017-07-05,87.647,90.915,87.131,90.141,183057,,,2.4434,hfq
2017-07-06,89.883,90.055,88.679,89.883,100889,,,-0.2862,hfq
2017-07-07,89.539,90.227,88.937,89.883,94420,,,0.0000,hfq
2017-07-10,89.625,91.862,89.023,90.227,126060,,,0.3827,hfq
2017-07-11,89.883,90.657,86.184,86.356,106875,,,-4.2903,hfq
2017-07-12,86.356,87.045,83.260,85.582,104712,,,-0.8963,hfq
2017-07-13,85.410,87.045,85.324,86.442,78795,,,1.0049,hfq
2017-07-14,85.582,86.356,83.690,83.948,81150,,,-2.8852,hfq
2017-07-17,83.862,84.980,78.959,79.131,112608,,,-5.7381,hfq
2017-07-18,78.529,82.400,78.529,81.453,74283,,,2.9344,hfq
2017-07-19,80.851,83.002,80.421,82.916,82342,,,1.7961,hfq
2017-07-20,82.830,86.270,82.228,84.550,124482,,,1.9707,hfq
2017-07-21,83.776,84.120,82.916,83.518,77918,,,-1.2206,hfq
2017-07-24,82.830,89.625,82.572,89.195,232530,,,6.7973,hfq
2017-07-25,87.991,88.421,86.442,87.389,144686,,,-2.0248,hfq
2017-07-26,85.238,85.582,83.776,84.980,134858,,,-2.7566,hfq
2017-07-27,84.550,86.701,84.034,86.012,116592,,,1.2144,hfq
2017-07-28,85.496,86.184,84.550,84.894,79207,,,-1.2998,hfq
2017-07-31,85.066,86.012,84.464,85.238,61305,,,0.4052,hfq
2017-08-01,85.324,87.561,84.894,86.270,103422,,,1.2107,hfq
2017-08-02,85.840,86.873,83.346,83.776,112282,,,-2.8909,hfq
2017-08-03,83.346,84.722,82.744,83.690,70226,,,-0.1027,hfq
2017-08-04,83.518,84.464,82.572,82.744,50438,,,-1.1304,hfq
2017-08-07,83.002,83.518,82.572,83.174,36561,,,0.5197,hfq
2017-08-08,83.346,83.604,82.572,83.002,46158,,,-0.2068,hfq
2017-08-09,82.830,83.346,82.572,82.916,41173,,,-0.1036,hfq
2017-08-10,83.260,83.260,80.249,80.937,73836,,,-2.3868,hfq
2017-08-11,80.937,81.109,79.131,79.303,54850,,,-2.0189,hfq
2017-08-14,79.389,81.195,79.389,81.109,33754,,,2.2773,hfq
2017-08-15,81.195,81.711,80.679,81.367,41150,,,0.3181,hfq
2017-08-16,81.281,81.797,80.593,81.539,42978,,,0.2114,hfq
2017-08-17,81.711,82.314,81.281,82.142,43627,,,0.7395,hfq
2017-08-18,81.539,83.862,81.367,82.486,61166,,,0.4188,hfq
2017-08-21,82.400,82.916,82.142,82.744,46523,,,0.3128,hfq
2017-08-22,82.830,83.948,81.797,83.088,81734,,,0.4157,hfq
2017-08-23,82.830,83.174,81.453,81.625,51204,,,-1.7608,hfq
2017-08-24,81.711,82.744,81.109,81.711,35922,,,0.1054,hfq
2017-08-25,81.711,83.088,81.539,82.744,52685,,,1.2642,hfq
2017-08-28,82.744,85.324,82.658,84.464,120477,,,2.0787,hfq
2017-08-29,84.206,84.980,83.690,83.948,55559,,,-0.6109,hfq
2017-08-30,84.120,85.324,83.690,84.464,74840,,,0.6147,hfq
2017-08-31,84.120,85.066,83.862,84.808,66478,,,0.4073,hfq
2017-09-01,84.550,85.152,83.690,84.292,63419,,,-0.6084,hfq
2017-09-04,84.550,87.217,84.206,86.184,142852,,,2.2446,hfq
2017-09-05,85.840,86.614,85.496,85.926,65465,,,-0.2994,hfq
2017-09-06,85.668,86.873,85.324,85.926,72221,,,0.0000,hfq
2017-09-07,85.926,87.303,85.582,86.528,109575,,,0.7006,hfq
2017-09-08,85.926,86.442,84.636,85.238,73852,,,-1.4908,hfq
2017-09-11,85.066,86.098,84.980,85.324,59077,,,0.1009,hfq
2017-09-12,85.324,86.356,84.808,85.238,93611,,,-0.1008,hfq
2017-09-13,84.980,87.131,84.378,86.528,108571,,,1.5134,hfq
2017-09-14,86.270,89.195,85.668,87.819,192495,,,1.4920,hfq
2017-09-15,87.733,88.249,86.614,87.475,111787,,,-0.3917,hfq
2017-09-18,87.131,87.819,86.614,87.647,68086,,,0.1966,hfq
2017-09-19,87.389,87.819,85.496,86.184,67661,,,-1.6692,hfq
2017-09-20,86.098,87.561,85.668,86.959,56948,,,0.8992,hfq
2017-09-21,86.787,87.475,84.808,84.894,72695,,,-2.3747,hfq
2017-09-22,84.722,84.722,83.002,83.432,63751,,,-1.7221,hfq
2017-09-25,83.260,83.862,82.228,82.658,32596,,,-0.9277,hfq
2017-09-26,83.346,83.346,81.883,82.486,33243,,,-0.2081,hfq
2017-09-27,82.830,83.776,82.228,83.260,34322,,,0.9383,hfq
2017-09-28,83.604,83.604,82.400,82.572,29770,,,-0.8263,hfq
2017-09-29,82.658,83.088,82.572,82.744,34601,,,0.2083,hfq
2017-10-09,84.120,86.098,83.432,84.894,77284,,,2.5984,hfq
2017-10-10,84.550,86.012,84.378,85.926,74732,,,1.2156,hfq
2017-10-11,86.184,86.184,84.722,84.894,44601,,,-1.2010,hfq
2017-10-12,84.980,85.582,83.948,84.464,37759,,,-0.5065,hfq
2017-10-13,84.206,84.894,84.206,84.722,39184,,,0.3055,hfq
2017-10-16,84.980,84.980,81.797,81.969,67419,,,-3.2495,hfq
2017-10-17,82.314,83.002,81.969,82.572,24313,,,0.7356,hfq
2017-10-18,82.830,83.260,81.969,82.055,33405,,,-0.6261,hfq
2017-10-19,82.142,83.002,81.023,81.969,43109,,,-0.1048,hfq
2017-10-20,81.797,82.744,81.539,82.658,25075,,,0.8406,hfq
2017-10-23,82.228,84.464,82.142,83.948,61869,,,1.5606,hfq
2017-10-24,83.518,84.206,81.797,83.776,59359,,,-0.2049,hfq
2017-10-25,83.604,84.378,83.260,84.034,38615,,,0.3080,hfq
2017-10-26,84.120,85.152,83.690,84.464,53114,,,0.5117,hfq
2017-10-27,84.550,84.980,82.400,82.658,39853,,,-2.1382,hfq
2017-10-30,82.916,83.518,81.023,82.400,49715,,,-0.3121,hfq
2017-10-31,82.744,86.184,82.486,85.754,111098,,,4.0704,hfq
2017-11-01,85.668,88.163,85.066,87.905,157629,,,2.5083,hfq
2017-11-02,87.561,89.109,86.787,87.905,145189,,,0.0000,hfq
2017-11-03,89.109,89.109,86.873,87.905,119052,,,0.0000,hfq
2017-11-06,88.765,88.937,87.733,88.679,94632,,,0.8805,hfq
2017-11-07,88.851,89.195,87.647,89.109,69182,,,0.4849,hfq
2017-11-08,88.679,90.743,88.163,89.023,93243,,,-0.0965,hfq
2017-11-09,89.023,89.453,87.389,88.249,72440,,,-0.8694,hfq
2017-11-10,88.679,89.969,87.733,89.453,80063,,,1.3643,hfq
2017-11-13,89.539,90.399,88.077,88.421,88522,,,-1.1537,hfq
2017-11-14,88.765,88.765,86.098,86.614,92064,,,-2.0436,hfq
2017-11-15,86.614,87.733,86.012,86.614,55590,,,0.0000,hfq
2017-11-16,87.131,87.303,85.324,85.496,37681,,,-1.2908,hfq
2017-11-17,85.410,85.410,81.367,82.228,83962,,,-3.8224,hfq
2017-11-20,81.969,82.142,79.561,81.969,45436,,,-0.3150,hfq
2017-11-21,82.314,84.034,81.367,82.830,41379,,,1.0504,hfq
2017-11-22,83.604,83.690,82.400,83.002,25522,,,0.2077,hfq
2017-11-23,83.174,84.722,81.625,82.830,51878,,,-0.2072,hfq
2017-11-24,81.367,84.378,81.281,83.174,34616,,,0.4153,hfq
2017-11-27,83.604,84.636,82.830,83.604,40815,,,0.5170,hfq
2017-11-28,84.980,85.668,83.690,84.722,45576,,,1.3373,hfq
2017-11-29,84.206,84.636,81.883,83.948,50004,,,-0.9136,hfq
2017-11-30,83.776,85.238,82.744,84.464,53511,,,0.6147,hfq
2017-12-01,84.292,84.894,84.034,84.292,27281,,,-0.2036,hfq
2017-12-04,85.410,86.270,84.292,84.980,58101,,,0.8162,hfq
2017-12-05,84.206,84.894,80.335,83.518,56278,,,-1.7204,hfq
2017-12-06,83.088,84.378,82.572,84.120,76624,,,0.7208,hfq
2017-12-07,83.948,84.808,83.260,83.432,39639,,,-0.8179,hfq
2017-12-08,83.432,85.066,82.658,84.894,40603,,,1.7523,hfq
2017-12-11,85.238,85.754,84.722,84.980,27541,,,0.1013,hfq
2017-12-12,85.582,88.765,84.378,87.217,185281,,,2.6324,hfq
2017-12-13,86.701,88.249,85.840,87.647,96418,,,0.4930,hfq
2017-12-14,86.701,88.507,86.701,88.077,114992,,,0.4906,hfq
2017-12-15,87.733,88.077,86.528,87.475,86598,,,-0.6835,hfq
2017-12-18,87.131,87.561,84.464,85.324,68740,,,-2.4590,hfq
2017-12-19,85.410,90.571,84.980,88.249,144126,,,3.4281,hfq
2017-12-20,88.077,88.507,85.668,86.614,83302,,,-1.8527,hfq
2017-12-21,86.701,86.873,84.808,86.614,60986,,,0.0000,hfq
2017-12-22,86.528,87.475,85.582,86.184,59786,,,-0.4965,hfq
2017-12-25,85.926,86.614,83.088,84.550,79705,,,-1.8959,hfq
2017-12-26,84.980,84.980,83.174,84.636,41375,,,0.1017,hfq
2017-12-27,84.034,84.894,82.916,83.260,44474,,,-1.6258,hfq
2017-12-28,83.260,84.206,82.916,83.776,40421,,,0.6197,hfq
2017-12-29,83.518,84.034,83.346,83.604,19261,,,-0.2053,hfq
2018-01-02,84.120,84.980,83.432,84.550,43577,,,1.1315,hfq
2018-01-03,84.550,85.324,84.292,85.238,47749,,,0.8137,hfq
2018-01-04,84.980,85.324,84.120,84.550,32411,,,-0.8072,hfq
2018-01-05,84.980,85.152,83.862,83.948,45061,,,-0.7120,hfq
2018-01-08,84.120,84.120,83.088,83.604,39464,,,-0.4098,hfq
2018-01-09,84.206,84.464,83.260,83.690,27583,,,0.1029,hfq
2018-01-10,83.346,83.862,81.625,83.776,67671,,,0.1028,hfq
2018-01-11,83.432,84.464,83.088,84.034,32395,,,0.3080,hfq
2018-01-12,84.722,84.722,83.432,83.604,34846,,,-0.5117,hfq
2018-01-15,83.260,83.776,81.883,82.486,54810,,,-1.3373,hfq
2018-01-16,82.486,83.432,81.969,82.486,25213,,,0.0000,hfq
2018-01-17,82.228,84.292,82.142,83.432,56124,,,1.1469,hfq
2018-01-18,83.518,83.518,81.367,82.055,66014,,,-1.6504,hfq
2018-01-19,82.055,82.314,80.851,81.023,49039,,,-1.2577,hfq
2018-01-22,81.367,81.711,80.679,81.109,30372,,,0.1061,hfq
2018-01-23,81.109,81.539,80.421,80.507,40343,,,-0.7422,hfq
2018-01-24,80.679,80.851,79.389,80.163,54199,,,-0.4273,hfq
2018-01-25,79.905,80.335,79.819,80.163,47874,,,0.0000,hfq
2018-01-26,79.991,80.163,79.217,79.303,37951,,,-1.0728,hfq
2018-01-29,79.475,79.475,77.238,77.324,48351,,,-2.4955,hfq
2018-01-30,77.238,77.927,76.980,77.410,23322,,,0.1112,hfq
2018-01-31,77.410,77.841,73.196,74.228,49523,,,-4.1106,hfq
2018-02-01,73.626,74.400,67.002,67.002,44350,,,-9.7349,hfq
2018-02-02,60.465,63.217,60.465,60.637,422899,,,-9.4997,hfq
2018-02-05,58.916,59.433,56.336,57.540,207342,,,-5.1074,hfq
2018-02-06,56.594,57.970,53.583,54.013,138238,,,-6.1296,hfq
2018-02-07,55.476,55.992,53.755,55.390,109672,,,2.5494,hfq
2018-02-08,55.304,56.766,55.218,56.594,66288,,,2.1737,hfq
2018-02-09,55.046,55.476,54.185,55.390,77139,,,-2.1274,hfq
2018-02-12,55.906,56.766,55.648,56.336,51096,,,1.7079,hfq
2018-02-13,56.852,57.712,56.422,56.594,69505,,,0.4580,hfq
2018-02-14,56.680,56.938,56.164,56.422,41499,,,-0.3039,hfq
2018-02-22,56.766,59.519,56.422,58.314,75632,,,3.3533,hfq
2018-02-23,57.970,58.572,57.454,57.884,52499,,,-0.7374,hfq
2018-02-26,58.056,59.260,57.712,58.916,73713,,,1.7829,hfq
2018-02-27,59.002,59.433,58.572,59.088,60295,,,0.2919,hfq
2018-02-28,58.744,59.863,57.970,58.830,70001,,,-0.4366,hfq
2018-03-01,58.744,60.723,58.572,60.035,82636,,,2.0483,hfq
2018-03-02,59.605,61.067,59.433,60.035,77641,,,0.0000,hfq
2018-03-05,60.809,60.809,59.433,59.519,75247,,,-0.8595,hfq
2018-03-06,59.605,61.325,59.605,61.153,113509,,,2.7453,hfq
2018-03-07,60.809,61.325,60.121,60.465,85811,,,-1.1250,hfq
2018-03-08,60.465,61.239,60.121,61.153,63393,,,1.1378,hfq
2018-03-09,61.583,62.959,61.325,62.013,128313,,,1.4063,hfq
2018-03-12,62.099,63.045,61.583,62.873,83256,,,1.3868,hfq
2018-03-13,62.615,63.819,62.357,62.873,69815,,,0.0000,hfq
2018-03-14,63.475,64.680,62.701,63.131,106652,,,0.4104,hfq
2018-03-15,62.443,62.787,61.067,62.185,68438,,,-1.4985,hfq
2018-03-16,62.529,63.303,61.927,62.357,58878,,,0.2766,hfq
2018-03-19,62.185,66.486,62.013,64.164,142587,,,2.8978,hfq
2018-03-20,63.647,66.572,63.217,65.970,171775,,,2.8147,hfq
2018-03-21,68.551,70.443,64.508,65.196,193370,,,-1.1733,hfq
2018-03-22,64.766,67.604,64.680,66.658,146627,,,2.2425,hfq
2018-03-23,64.164,65.712,60.207,60.723,153799,,,-8.9037,hfq
2018-03-26,60.207,61.583,58.056,61.497,66166,,,1.2746,hfq
2018-03-27,62.185,64.594,62.185,64.508,92691,,,4.8962,hfq
2018-03-28,63.906,64.078,62.099,62.787,89838,,,-2.6679,hfq
2018-03-29,62.959,63.647,62.701,63.561,45276,,,1.2327,hfq
2018-03-30,63.906,64.164,63.217,63.992,58245,,,0.6781,hfq
2018-04-02,63.819,64.164,62.959,63.045,52335,,,-1.4799,hfq
2018-04-03,62.443,62.873,61.583,62.013,55874,,,-1.6369,hfq
2018-04-04,62.185,62.615,60.895,60.981,45003,,,-1.6642,hfq
2018-04-09,60.809,61.755,60.551,60.637,38741,,,-0.5641,hfq
2018-04-10,60.895,61.325,60.121,61.239,47081,,,0.9928,hfq
2018-04-11,61.411,62.443,60.981,61.927,45319,,,1.1235,hfq
2018-04-12,61.841,67.948,61.669,67.948,155741,,,9.7227,hfq
2018-04-13,70.787,73.712,68.206,68.206,511484,,,0.3797,hfq
2018-04-16,65.282,66.056,63.733,64.680,274788,,,-5.1696,hfq
2018-04-17,63.819,65.110,62.873,63.303,141915,,,-2.1289,hfq
2018-04-18,63.475,64.250,60.723,62.529,124250,,,-1.2227,hfq
2018-04-19,62.099,62.959,61.411,62.185,87431,,,-0.5501,hfq
2018-04-20,62.099,62.185,59.605,60.121,80181,,,-3.3191,hfq
2018-04-23,59.691,60.809,59.605,60.379,47692,,,0.4291,hfq
2018-04-24,60.207,61.755,60.121,61.755,68757,,,2.2789,hfq
2018-04-25,61.325,62.787,61.239,62.701,78694,,,1.5319,hfq
2018-04-26,62.873,63.131,60.465,60.723,72463,,,-3.1547,hfq
2018-04-27,60.981,61.497,60.551,61.239,43349,,,0.8498,hfq
2018-05-02,61.583,61.927,60.809,61.325,34688,,,0.1404,hfq
2018-05-03,60.895,62.443,60.121,61.927,54898,,,0.9817,hfq
2018-05-04,61.755,63.906,60.895,62.013,82644,,,0.1389,hfq
2018-05-07,62.099,62.787,61.583,62.701,72192,,,1.1094,hfq
2018-05-08,62.443,63.303,62.013,63.045,68809,,,0.5486,hfq
2018-05-09,63.217,63.217,62.271,62.443,49579,,,-0.9549,hfq
2018-05-10,62.529,63.561,62.357,62.873,67326,,,0.6886,hfq
2018-05-11,62.873,63.045,62.013,62.099,43550,,,-1.2311,hfq
2018-05-14,62.357,62.357,60.723,61.153,55308,,,-1.5234,hfq
2018-05-15,61.153,61.841,60.723,61.669,37515,,,0.8438,hfq
2018-05-16,61.325,61.755,60.723,60.809,34731,,,-1.3945,hfq
2018-05-17,61.153,61.411,60.551,60.809,21587,,,0.0000,hfq
2018-05-18,61.067,61.583,60.637,61.497,27610,,,1.1314,hfq
2018-05-21,61.497,62.529,61.497,62.185,49695,,,1.1188,hfq
2018-05-22,62.099,63.819,62.099,63.131,113506,,,1.5213,hfq
2018-05-23,62.529,63.389,62.185,62.271,58792,,,-1.3622,hfq
2018-05-24,62.443,62.787,61.583,61.755,45014,,,-0.8286,hfq
2018-05-25,61.755,62.013,60.637,60.895,41342,,,-1.3926,hfq
2018-05-28,60.723,61.583,60.637,60.809,27446,,,-0.1412,hfq
2018-05-29,60.723,60.981,59.605,59.691,46019,,,-1.8385,hfq
2018-05-30,58.916,59.174,53.927,56.336,82883,,,-5.6206,hfq
2018-05-31,57.024,57.196,56.078,56.938,35081,,,1.0686,hfq
2018-06-01,56.680,57.110,56.508,56.766,25689,,,-0.3021,hfq
2018-06-04,56.680,57.110,56.422,56.680,22714,,,-0.1515,hfq
2018-06-05,56.680,57.196,56.422,56.938,25581,,,0.4552,hfq
2018-06-06,57.196,57.196,56.594,56.852,14852,,,-0.1510,hfq
2018-06-07,56.852,57.196,56.422,56.422,24548,,,-0.7563,hfq
2018-06-08,56.250,56.250,54.357,54.529,49865,,,-3.3551,hfq
2018-06-11,54.701,55.218,54.529,54.615,18428,,,0.1577,hfq
2018-06-12,54.615,55.132,53.927,54.874,29991,,,0.4742,hfq
2018-06-13,54.874,54.874,53.755,53.841,24862,,,-1.8825,hfq
2018-06-14,53.669,54.443,53.153,53.755,22979,,,-0.1597,hfq
2018-06-15,53.755,54.099,52.035,52.207,40741,,,-2.8797,hfq
2018-06-19,51.433,52.035,47.218,47.218,98225,,,-9.5562,hfq
2018-06-20,47.304,48.164,46.616,47.734,31546,,,1.0928,hfq
2018-06-21,47.820,48.422,46.358,46.444,38391,,,-2.7025,hfq
2018-06-22,45.928,47.820,45.928,47.476,34308,,,2.2220,hfq
2018-06-25,47.648,48.680,47.132,47.218,40400,,,-0.5434,hfq
2018-06-26,46.530,48.336,46.186,48.078,39497,,,1.8213,hfq
2018-06-27,47.992,48.766,47.734,47.992,33399,,,-0.1789,hfq
2018-06-28,48.078,48.852,47.476,47.476,38990,,,-1.0752,hfq
2018-06-29,47.390,48.852,47.390,48.594,43082,,,2.3549,hfq
2018-07-02,48.594,48.594,46.874,47.562,39121,,,-2.1237,hfq
2018-07-03,47.734,48.422,47.132,48.336,31893,,,1.6273,hfq
2018-07-04,48.336,48.422,47.132,47.562,28142,,,-1.6013,hfq
2018-07-05,46.444,47.820,46.444,46.530,32444,,,-2.1698,hfq
2018-07-06,46.616,47.132,43.605,46.358,48296,,,-0.3697,hfq
2018-07-09,45.669,47.734,45.583,47.390,34365,,,2.2262,hfq
2018-07-10,47.304,47.992,47.218,47.562,27067,,,0.3629,hfq
2018-07-11,47.132,47.218,45.411,46.272,35444,,,-2.7122,hfq
2018-07-12,45.842,47.648,45.842,47.390,38854,,,2.4161,hfq
2018-07-13,47.390,47.734,47.132,47.390,22512,,,0.0000,hfq
2018-07-16,47.132,47.734,47.132,47.562,24322,,,0.3629,hfq
2018-07-17,47.390,48.594,47.304,48.250,29910,,,1.4465,hfq
2018-07-18,48.508,49.110,48.164,48.336,38558,,,0.1782,hfq
2018-07-19,48.250,48.508,47.734,47.992,24837,,,-0.7117,hfq
2018-07-20,47.734,52.379,47.562,49.884,113758,,,3.9423,hfq
2018-07-23,49.368,49.970,48.680,49.884,86760,,,0.0000,hfq
2018-07-24,49.454,51.347,49.454,50.917,102964,,,2.0708,hfq
2018-07-25,51.003,51.347,50.401,50.573,55008,,,-0.6756,hfq
2018-07-26,50.745,51.089,50.401,50.831,38992,,,0.5102,hfq
2018-07-27,50.745,52.035,50.315,50.831,61646,,,0.0000,hfq
2018-07-30,49.712,49.712,48.422,48.938,67545,,,-3.7241,hfq
2018-07-31,48.508,49.454,48.508,49.110,33746,,,0.3515,hfq
2018-08-01,49.024,49.540,47.820,47.906,40277,,,-2.4516,hfq
2018-08-02,47.992,48.078,45.583,46.530,55837,,,-2.8723,hfq
2018-08-03,46.100,47.046,46.100,46.272,19979,,,-0.5545,hfq
2018-08-06,46.272,46.960,45.669,45.842,20387,,,-0.9293,hfq
2018-08-07,46.272,47.304,45.497,47.304,30833,,,3.1892,hfq
2018-08-08,47.218,47.476,46.616,46.788,22873,,,-1.0908,hfq
2018-08-09,46.616,47.906,46.616,47.734,35288,,,2.0219,hfq
2018-08-10,47.562,47.906,47.132,47.562,29374,,,-0.3603,hfq
2018-08-13,47.132,47.906,46.530,47.734,26216,,,0.3616,hfq
2018-08-14,47.562,47.734,47.304,47.562,23225,,,-0.3603,hfq
2018-08-15,47.562,49.712,46.874,47.476,69394,,,-0.1808,hfq
2018-08-16,46.702,47.218,45.669,46.444,45538,,,-2.1737,hfq
2018-08-17,47.218,48.250,46.100,46.272,33439,,,-0.3703,hfq
2018-08-20,45.842,46.616,44.551,46.444,34031,,,0.3717,hfq
2018-08-21,46.272,47.476,46.014,47.046,34304,,,1.2962,hfq
2018-08-22,47.046,47.476,46.358,46.616,15148,,,-0.9140,hfq
2018-08-23,46.530,47.218,46.014,46.788,20566,,,0.3690,hfq
2018-08-24,47.304,47.476,46.444,46.616,22924,,,-0.3676,hfq
2018-08-27,46.702,47.390,46.530,47.132,20669,,,1.1069,hfq
2018-08-28,47.390,47.476,46.960,47.046,24757,,,-0.1825,hfq
2018-08-29,47.132,47.304,46.530,46.530,22354,,,-1.0968,hfq
2018-08-30,46.358,47.046,45.928,45.928,27868,,,-1.2938,hfq
2018-08-31,46.702,46.702,45.497,45.669,23126,,,-0.5639,hfq
2018-09-03,45.669,45.756,44.981,45.497,26198,,,-0.3766,hfq
2018-09-04,45.497,46.100,45.067,45.928,21919,,,0.9473,hfq
2018-09-05,45.842,46.186,45.153,45.325,21321,,,-1.3129,hfq
2018-09-06,45.325,46.874,45.325,45.583,31104,,,0.5692,hfq
2018-09-07,45.669,46.100,45.325,45.583,25309,,,0.0000,hfq
2018-09-10,45.583,45.842,45.067,45.067,22129,,,-1.1320,hfq
2018-09-11,45.067,45.325,44.637,44.895,20263,,,-0.3817,hfq
2018-09-12,45.153,45.497,44.809,45.067,16757,,,0.3831,hfq
2018-09-13,45.325,45.583,45.067,45.239,11680,,,0.3817,hfq
2018-09-14,45.583,45.842,45.067,45.239,21314,,,0.0000,hfq
2018-09-17,45.239,45.325,44.035,44.465,21895,,,-1.7109,hfq
2018-09-18,44.293,44.981,44.035,44.895,22995,,,0.9671,hfq
2018-09-19,44.723,46.014,44.723,45.325,40769,,,0.9578,hfq
2018-09-20,45.411,45.928,45.325,45.325,23081,,,0.0000,hfq
2018-09-21,45.583,46.186,45.411,46.014,49006,,,1.5201,hfq
2018-09-25,45.842,46.100,45.497,45.842,30683,,,-0.3738,hfq
2018-09-26,46.014,46.186,45.756,46.014,30982,,,0.3752,hfq
2018-09-27,46.100,46.100,45.325,45.325,25234,,,-1.4974,hfq
2018-09-28,45.497,45.669,45.239,45.325,21354,,,0.0000,hfq
2018-10-08,44.981,44.981,43.605,43.777,41132,,,-3.4153,hfq
2018-10-09,43.433,44.293,42.745,43.261,39330,,,-1.1787,hfq
2018-10-10,43.261,43.605,42.917,43.261,23327,,,0.0000,hfq
2018-10-11,41.627,41.971,39.132,39.132,79649,,,-9.5444,hfq
2018-10-12,38.444,39.218,36.465,37.670,61638,,,-3.7361,hfq
2018-10-15,38.014,38.874,37.498,37.584,37490,,,-0.2283,hfq
2018-10-16,37.412,38.616,37.412,38.186,80346,,,1.6017,hfq
2018-10-17,39.734,41.110,38.702,41.110,142829,,,7.6573,hfq
2018-10-18,39.734,41.283,39.648,41.110,65703,,,0.0000,hfq
2018-10-19,40.422,42.831,39.906,42.315,70263,,,2.9312,hfq
2018-10-22,43.261,45.411,42.487,44.551,88694,,,5.2842,hfq
2018-10-23,44.379,44.379,42.573,42.831,50131,,,-3.8607,hfq
2018-10-24,42.831,45.325,42.143,44.379,80480,,,3.6142,hfq
2018-10-25,43.003,44.981,42.659,44.637,61123,,,0.5814,hfq
2018-10-26,44.293,44.723,43.089,43.261,46124,,,-3.0826,hfq
2018-10-29,43.433,44.809,43.261,44.035,46397,,,1.7891,hfq
2018-10-30,43.261,46.186,43.175,45.239,98576,,,2.7342,hfq
2018-10-31,44.809,45.756,44.551,45.153,58519,,,-0.1901,hfq
2018-11-01,45.239,46.616,44.465,45.067,70774,,,-0.1905,hfq
2018-11-02,45.411,45.842,45.067,45.756,54260,,,1.5288,hfq
2018-11-05,45.411,47.648,45.153,47.304,113089,,,3.3832,hfq
2018-11-06,46.960,47.390,46.100,46.702,70158,,,-1.2726,hfq
2018-11-07,46.874,46.874,45.583,45.756,56120,,,-2.0256,hfq
2018-11-08,46.100,46.616,45.669,46.014,42733,,,0.5639,hfq
2018-11-09,45.928,46.444,45.756,45.842,33428,,,-0.3738,hfq
2018-11-12,46.100,47.132,45.411,46.788,52642,,,2.0636,hfq
2018-11-13,46.530,49.540,46.014,48.508,121343,,,3.6762,hfq
2018-11-14,48.336,49.540,48.078,48.594,88107,,,0.1773,hfq
2018-11-15,48.766,49.884,48.164,49.540,89436,,,1.9467,hfq
2018-11-16,49.712,51.347,48.852,50.401,106783,,,1.7380,hfq
2018-11-19,50.401,51.777,49.970,51.347,102330,,,1.8769,hfq
2018-11-20,50.831,51.347,48.508,49.024,90456,,,-4.5241,hfq
2018-11-21,48.938,50.401,48.938,49.368,59153,,,0.7017,hfq
2018-11-22,49.884,49.970,48.250,48.594,46996,,,-1.5678,hfq
2018-11-23,48.852,48.938,46.616,46.874,62641,,,-3.5395,hfq
2018-11-26,47.046,47.476,46.100,47.132,34227,,,0.5504,hfq
2018-11-27,47.476,47.992,47.046,47.562,32501,,,0.9123,hfq
2018-11-28,47.562,47.820,46.444,47.820,36379,,,0.5424,hfq
2018-11-29,47.820,48.164,45.583,45.669,45525,,,-4.4981,hfq
2018-11-30,44.981,46.874,44.981,46.874,53774,,,2.6386,hfq
2018-12-03,47.734,49.712,47.562,48.508,64623,,,3.4859,hfq
2018-12-04,48.422,49.282,48.164,49.110,46718,,,1.2410,hfq
2018-12-05,48.422,49.196,48.164,48.680,44338,,,-0.8756,hfq
2018-12-06,48.938,49.110,47.304,47.390,44606,,,-2.6500,hfq
2018-12-07,47.476,48.250,47.218,47.476,27633,,,0.1815,hfq
2018-12-10,46.874,47.648,46.702,47.132,21154,,,-0.7246,hfq
2018-12-11,47.046,47.304,46.272,46.616,31386,,,-1.0948,hfq
2018-12-12,46.616,47.218,46.530,46.788,19063,,,0.3690,hfq
2018-12-13,46.960,47.476,46.186,46.874,34631,,,0.1838,hfq
2018-12-14,46.616,47.390,46.014,46.272,31097,,,-1.2843,hfq
2018-12-17,46.186,46.874,45.067,46.788,55043,,,1.1151,hfq
2018-12-18,46.702,46.702,45.067,45.325,54543,,,-3.1269,hfq
2018-12-19,45.325,45.583,43.777,44.207,39289,,,-2.4666,hfq
2018-12-20,43.691,44.723,43.519,44.637,24657,,,0.9727,hfq
2018-12-21,44.121,44.465,43.605,43.863,19080,,,-1.7340,hfq
2018-12-24,43.949,44.637,43.433,44.293,21062,,,0.9803,hfq
2018-12-25,44.379,44.723,43.175,44.379,31167,,,0.1942,hfq
2018-12-26,44.379,44.465,43.691,44.293,19201,,,-0.1938,hfq
2018-12-27,44.551,45.842,43.089,43.433,39522,,,-1.9416,hfq
2018-12-28,43.519,43.863,42.401,43.175,22999,,,-0.5940,hfq
2019-01-02,43.519,43.691,43.003,43.605,14257,,,0.9959,hfq
2019-01-03,43.777,44.809,43.433,44.465,27810,,,1.9723,hfq
2019-01-04,43.777,47.132,43.777,47.046,93614,,,5.8046,hfq
2019-01-07,47.304,48.078,46.788,47.476,83974,,,0.9140,hfq
2019-01-08,47.218,48.508,47.132,47.648,49498,,,0.3623,hfq
2019-01-09,47.734,47.992,47.132,47.218,54280,,,-0.9025,hfq
2019-01-10,47.304,47.476,46.788,46.874,39703,,,-0.7285,hfq
2019-01-11,47.304,47.648,47.046,47.390,37290,,,1.1008,hfq
2019-01-14,45.325,46.014,43.175,43.347,152924,,,-8.5313,hfq
2019-01-15,43.175,44.723,42.831,44.465,90085,,,2.5792,hfq
2019-01-16,44.981,44.981,43.863,43.863,51518,,,-1.3539,hfq
2019-01-17,44.207,44.723,43.519,43.691,38557,,,-0.3921,hfq
2019-01-18,43.605,44.895,43.605,44.895,62463,,,2.7557,hfq
2019-01-21,44.637,44.981,43.949,44.121,62198,,,-1.7240,hfq
2019-01-22,44.207,44.207,43.605,44.035,24560,,,-0.1949,hfq
2019-01-23,43.691,44.035,43.433,43.691,28935,,,-0.7812,hfq
2019-01-24,43.691,46.874,43.691,45.497,100986,,,4.1336,hfq
2019-01-25,45.411,45.411,44.121,44.293,58842,,,-2.6463,hfq
2019-01-28,44.723,45.153,43.777,44.551,39244,,,0.5825,hfq
2019-01-29,44.035,44.121,42.745,43.175,35634,,,-3.0886,hfq
2019-01-30,43.089,43.519,42.573,42.573,31116,,,-1.3943,hfq
2019-01-31,42.573,43.175,42.143,42.143,22513,,,-1.0100,hfq
2019-02-01,42.573,43.519,42.143,43.089,28374,,,2.2447,hfq
2019-02-11,43.347,44.293,43.261,44.121,32825,,,2.3950,hfq
2019-02-12,44.207,44.723,43.863,44.465,37647,,,0.7797,hfq
2019-02-13,44.551,45.411,44.293,45.239,48198,,,1.7407,hfq
2019-02-14,45.239,45.497,44.723,45.239,32751,,,0.0000,hfq
2019-02-15,45.239,45.756,45.153,45.153,46838,,,-0.1901,hfq
2019-02-18,45.669,47.562,45.239,47.390,111951,,,4.9543,hfq
2019-02-19,47.476,51.261,47.046,49.110,191409,,,3.6295,hfq
2019-02-20,48.336,49.110,47.476,47.820,99766,,,-2.6268,hfq
2019-02-21,47.648,52.379,47.390,52.379,280040,,,9.5337,hfq
2019-02-22,52.465,57.368,50.917,55.562,435290,,,6.0769,hfq
2019-02-25,60.723,60.895,56.164,60.895,491060,,,9.5983,hfq
2019-02-26,60.035,60.895,57.110,57.712,413156,,,-5.2270,hfq
2019-02-27,56.852,60.035,55.734,56.852,292346,,,-1.4902,hfq
2019-02-28,55.218,59.260,52.809,56.766,259657,,,-0.1513,hfq
2019-03-01,55.734,58.744,54.701,57.368,204196,,,1.0605,hfq
2019-03-04,57.540,59.433,56.680,57.196,259989,,,-0.2998,hfq
2019-03-05,56.422,57.798,56.078,57.712,182296,,,0.9022,hfq
2019-03-06,57.626,60.981,57.024,60.293,343798,,,4.4722,hfq
2019-03-07,59.433,63.561,58.142,61.067,330391,,,1.2837,hfq
2019-03-08,59.002,59.863,55.132,55.562,241174,,,-9.0147,hfq
2019-03-11,54.960,56.938,54.874,56.938,136808,,,2.4765,hfq
2019-03-12,57.024,58.572,56.508,57.454,147564,,,0.9062,hfq
2019-03-13,57.196,60.035,56.766,57.884,196680,,,0.7484,hfq
2019-03-14,57.712,57.712,54.185,55.046,115583,,,-4.9029,hfq
2019-03-15,55.648,58.830,55.648,58.486,168386,,,6.2493,hfq
2019-03-18,59.260,59.347,57.196,58.572,144353,,,0.1470,hfq
2019-03-19,58.400,60.293,58.056,60.035,164406,,,2.4978,hfq
2019-03-20,59.605,60.465,57.024,59.260,148955,,,-1.2909,hfq
2019-03-21,58.830,65.024,58.830,64.594,471494,,,9.0010,hfq
2019-03-22,62.185,63.217,60.551,61.411,293213,,,-4.9277,hfq
2019-03-25,60.293,61.067,59.260,59.605,170527,,,-2.9408,hfq
2019-03-26,60.121,60.121,56.594,56.680,120605,,,-4.9073,hfq
2019-03-27,57.024,57.970,56.594,57.626,83428,,,1.6690,hfq
2019-03-28,57.626,58.314,56.680,56.680,65601,,,-1.6416,hfq
2019-03-29,56.938,59.605,56.078,59.605,144342,,,5.1606,hfq
2019-04-01,59.691,61.411,58.830,60.895,160428,,,2.1642,hfq
2019-04-02,60.981,64.250,60.551,61.755,205169,,,1.4123,hfq
2019-04-03,61.325,63.647,60.465,63.131,173501,,,2.2282,hfq
2019-04-04,63.045,63.733,61.583,61.927,139740,,,-1.9071,hfq
2019-04-08,62.873,65.196,62.013,64.078,237702,,,3.4734,hfq
2019-04-09,63.561,63.647,61.239,62.185,160827,,,-2.9542,hfq
2019-04-10,62.099,62.357,60.895,61.927,97738,,,-0.4149,hfq
2019-04-11,61.927,62.185,59.777,60.207,110992,,,-2.7775,hfq
2019-04-12,60.379,63.131,59.777,63.131,152236,,,4.8566,hfq
2019-04-15,64.336,69.239,63.131,65.970,479412,,,4.4970,hfq
2019-04-16,64.336,71.647,61.927,69.411,486698,,,5.2160,hfq
2019-04-17,68.034,70.185,66.658,68.034,328805,,,-1.9838,hfq
2019-04-18,66.744,69.755,66.314,67.174,201782,,,-1.2641,hfq
2019-04-19,68.034,68.895,66.486,67.776,162843,,,0.8962,hfq
2019-04-22,68.034,68.378,63.992,64.508,194139,,,-4.8218,hfq
2019-04-23,64.422,66.572,63.217,63.819,111388,,,-1.0681,hfq
2019-04-24,64.164,65.196,62.443,64.422,109803,,,0.9449,hfq
2019-04-25,63.733,64.250,59.863,60.293,145450,,,-6.4093,hfq
2019-04-26,59.949,60.723,58.744,60.035,90101,,,-0.4279,hfq
2019-04-29,59.519,60.637,55.046,55.390,107473,,,-7.7372,hfq
2019-04-30,55.476,56.938,55.476,56.250,71140,,,1.5526,hfq
2019-05-06,54.529,55.132,51.089,51.605,89046,,,-8.2578,hfq
2019-05-07,52.465,53.755,52.035,53.325,66383,,,3.3330,hfq
2019-05-08,52.207,54.013,51.433,52.809,56835,,,-0.9677,hfq
2019-05-09,52.637,53.497,52.207,52.637,47459,,,-0.3257,hfq
2019-05-10,53.153,54.701,52.293,54.357,86816,,,3.2677,hfq
2019-05-13,53.755,54.357,53.411,53.927,49402,,,-0.7911,hfq
2019-05-14,53.325,54.271,53.067,53.239,42667,,,-1.2758,hfq
2019-05-15,53.841,54.874,53.841,54.701,52411,,,2.7461,hfq
2019-05-16,54.529,59.002,54.271,58.314,114710,,,6.6050,hfq
2019-05-17,57.110,57.798,53.927,54.443,107014,,,-6.6382,hfq
2019-05-20,54.099,55.390,52.637,55.218,58680,,,1.4235,hfq
2019-05-21,54.701,56.594,54.615,56.164,62952,,,1.7132,hfq
2019-05-22,56.078,56.078,54.443,54.960,57084,,,-2.1437,hfq
2019-05-23,54.960,55.820,53.755,53.755,55884,,,-2.1925,hfq
2019-05-24,53.841,54.357,52.293,53.067,35576,,,-1.2799,hfq
2019-05-27,53.239,54.960,53.153,54.701,38102,,,3.0791,hfq
2019-05-28,54.701,55.562,54.529,54.787,45827,,,0.1572,hfq
2019-05-29,54.701,56.164,54.271,55.562,51107,,,1.4146,hfq
2019-05-30,55.132,55.390,53.755,54.529,39549,,,-1.8592,hfq
2019-05-31,54.787,55.132,54.529,54.960,39982,,,0.7904,hfq
2019-06-03,54.874,55.218,53.669,54.013,38285,,,-1.7231,hfq
2019-06-04,53.755,54.271,52.293,53.067,38947,,,-1.7514,hfq
2019-06-05,53.497,53.583,52.551,52.895,30808,,,-0.3241,hfq
2019-06-06,52.723,52.895,49.970,50.487,47725,,,-4.5524,hfq
2019-06-10,50.831,51.519,50.315,51.175,28214,,,1.3627,hfq
2019-06-11,52.379,56.078,51.777,55.992,142437,,,9.4128,hfq
2019-06-12,55.304,58.400,54.960,55.562,185868,,,-0.7680,hfq
2019-06-13,55.046,59.777,54.960,58.228,196799,,,4.7982,hfq
2019-06-14,57.712,59.605,55.734,55.906,159470,,,-3.9878,hfq
2019-06-17,56.422,56.422,54.185,54.787,92031,,,-2.0016,hfq
2019-06-18,54.443,55.562,54.185,55.132,60958,,,0.6297,hfq
2019-06-19,56.938,57.712,54.960,55.304,107895,,,0.3120,hfq
2019-06-20,54.960,59.691,54.701,58.486,207075,,,5.7537,hfq
2019-06-21,58.486,61.411,57.626,59.605,199651,,,1.9133,hfq
2019-06-24,59.002,59.088,57.368,58.056,119859,,,-2.5988,hfq
2019-06-25,57.884,58.142,56.250,57.282,76561,,,-1.3332,hfq
2019-06-26,56.680,57.024,56.078,56.508,58136,,,-1.3512,hfq
2019-06-27,56.508,58.056,56.336,57.282,80675,,,1.3697,hfq
2019-06-28,56.594,56.938,54.874,55.562,76776,,,-3.0027,hfq
2019-07-01,56.938,57.196,56.336,57.110,69303,,,2.7861,hfq
2019-07-02,57.110,62.443,56.938,60.293,312754,,,5.5735,hfq
2019-07-03,58.744,62.099,58.744,59.605,282303,,,-1.1411,hfq
2019-07-04,59.777,59.777,57.540,57.884,140743,,,-2.8873,hfq
2019-07-05,58.142,58.572,57.540,58.142,80478,,,0.4457,hfq
2019-07-08,58.228,58.314,55.476,55.476,88305,,,-4.5853,hfq
2019-07-09,55.734,56.508,54.960,56.508,48889,,,1.8603,hfq
2019-07-10,56.422,56.422,54.615,54.960,50927,,,-2.7394,hfq
2019-07-11,55.390,55.906,54.874,55.132,56104,,,0.3130,hfq
2019-07-12,55.132,55.562,54.615,55.132,38519,,,0.0000,hfq
2019-07-15,55.132,55.476,53.239,55.132,60468,,,0.0000,hfq
2019-07-16,55.046,55.304,54.615,54.874,34175,,,-0.4680,hfq
2019-07-17,54.099,55.132,54.099,54.787,26178,,,-0.1585,hfq
2019-07-18,54.701,54.701,53.841,53.927,30134,,,-1.5697,hfq
2019-07-19,53.841,54.960,53.755,54.357,32163,,,0.7974,hfq
2019-07-22,54.443,54.701,52.809,53.239,45782,,,-2.0568,hfq
2019-07-23,53.067,53.669,53.067,53.583,21081,,,0.6461,hfq
2019-07-24,53.755,54.787,53.755,54.099,37773,,,0.9630,hfq
2019-07-25,54.185,54.787,53.927,54.701,33392,,,1.1128,hfq
2019-07-26,54.357,54.960,53.927,54.960,38517,,,0.4735,hfq
2019-07-29,54.701,55.734,54.615,54.960,38733,,,0.0000,hfq
2019-07-30,54.787,58.142,54.787,57.110,145156,,,3.9119,hfq
2019-07-31,56.766,56.766,55.132,55.390,84113,,,-3.0117,hfq
2019-08-01,55.132,55.734,54.615,55.046,43339,,,-0.6211,hfq
2019-08-02,52.207,53.927,52.121,53.239,61631,,,-3.2827,hfq
2019-08-05,53.239,53.411,52.207,52.293,31670,,,-1.7769,hfq
2019-08-06,51.347,51.863,48.508,50.142,63783,,,-4.1134,hfq
2019-08-07,50.573,50.917,49.970,50.056,26067,,,-0.1715,hfq
2019-08-08,50.401,53.239,50.401,51.175,49991,,,2.2355,hfq
2019-08-09,51.175,51.519,50.228,50.228,32988,,,-1.8505,hfq
2019-08-12,50.315,51.347,50.056,51.261,26315,,,2.0566,hfq
2019-08-13,51.089,51.089,49.798,50.056,24678,,,-2.3507,hfq
2019-08-14,50.917,51.089,50.056,50.142,21543,,,0.1718,hfq
2019-08-15,48.938,49.798,48.336,49.798,38352,,,-0.6861,hfq
2019-08-16,50.142,51.089,49.540,50.315,36363,,,1.0382,hfq
2019-08-19,50.659,52.121,50.487,51.949,54872,,,3.2475,hfq
2019-08-20,51.949,52.637,51.691,51.691,42282,,,-0.4966,hfq
2019-08-21,51.949,52.465,51.261,52.121,33549,,,0.8319,hfq
2019-08-22,52.465,52.551,51.691,52.293,27460,,,0.3300,hfq
2019-08-23,52.379,53.239,52.035,52.207,41544,,,-0.1645,hfq
2019-08-26,51.089,51.949,50.573,51.433,27387,,,-1.4826,hfq
2019-08-27,51.863,52.895,51.777,52.637,43389,,,2.3409,hfq
2019-08-28,52.723,53.583,52.207,52.293,35104,,,-0.6535,hfq
2019-08-29,52.465,52.723,51.777,51.949,30443,,,-0.6578,hfq
2019-08-30,52.293,52.895,50.573,50.917,41514,,,-1.9866,hfq
2019-09-02,51.261,52.895,50.831,52.637,54406,,,3.3780,hfq
2019-09-03,53.067,53.153,51.949,52.723,55204,,,0.1634,hfq
2019-09-04,52.551,53.669,52.207,53.153,58037,,,0.8156,hfq
2019-09-05,53.411,55.648,53.153,54.099,141391,,,1.7798,hfq
2019-09-06,54.013,54.615,53.669,54.013,57958,,,-0.1590,hfq
2019-09-09,54.960,58.142,54.443,55.906,112546,,,3.5047,hfq
2019-09-10,55.648,56.422,54.787,55.906,112750,,,0.0000,hfq
2019-09-11,55.820,58.056,55.390,57.454,155572,,,2.7689,hfq
2019-09-12,56.594,57.110,55.820,56.680,112964,,,-1.3472,hfq
2019-09-16,56.680,58.056,56.250,57.626,169836,,,1.6690,hfq
2019-09-17,57.540,57.540,54.701,54.960,118435,,,-4.6264,hfq
2019-09-18,55.304,55.390,54.013,54.271,82791,,,-1.2536,hfq
2019-09-19,54.357,54.529,53.239,54.443,51964,,,0.3169,hfq
2019-09-20,54.443,54.529,53.841,54.271,38016,,,-0.3159,hfq
2019-09-23,54.013,54.013,53.067,53.411,37241,,,-1.5846,hfq
2019-09-24,53.239,54.185,53.239,53.669,37722,,,0.4830,hfq
2019-09-25,53.583,53.583,52.637,52.809,31734,,,-1.6024,hfq
2019-09-26,52.981,53.153,51.261,51.605,37079,,,-2.2799,hfq
2019-09-27,51.777,52.551,51.519,52.207,25188,,,1.1666,hfq
2019-09-30,52.293,52.637,51.949,52.035,14486,,,-0.3295,hfq
2019-10-08,52.035,52.551,51.863,51.949,18132,,,-0.1653,hfq
2019-10-09,52.207,52.637,50.917,52.637,21008,,,1.3244,hfq
2019-10-10,52.551,52.723,52.121,52.551,35407,,,-0.1634,hfq
2019-10-11,52.723,52.981,52.121,52.723,34271,,,0.3273,hfq
2019-10-14,53.067,54.443,53.067,54.357,68248,,,3.0992,hfq
2019-10-15,54.013,54.271,53.497,53.669,35322,,,-1.2657,hfq
2019-10-16,53.669,54.787,53.325,53.325,44251,,,-0.6410,hfq
2019-10-17,53.325,53.497,52.551,52.723,26278,,,-1.1289,hfq
2019-10-18,52.809,52.981,51.089,51.347,35036,,,-2.6099,hfq
2019-10-21,51.175,51.433,50.487,51.003,22736,,,-0.6700,hfq
2019-10-22,50.917,51.261,50.659,51.175,17859,,,0.3372,hfq
2019-10-23,51.003,51.519,50.745,51.261,20359,,,0.1681,hfq
2019-10-24,50.831,51.519,50.487,50.659,25290,,,-1.1744,hfq
2019-10-25,50.659,51.605,50.659,51.605,25964,,,1.8674,hfq
2019-10-28,51.777,52.465,51.433,52.293,27442,,,1.3332,hfq
2019-10-29,52.465,52.551,51.433,51.433,37778,,,-1.6446,hfq
2019-10-30,51.605,51.691,50.831,51.261,29487,,,-0.3344,hfq
2019-10-31,51.519,51.519,49.970,50.142,40336,,,-2.1829,hfq
2019-11-01,50.142,50.745,49.712,50.487,21814,,,0.6880,hfq
2019-11-04,50.659,51.347,50.487,50.573,20408,,,0.1703,hfq
2019-11-05,50.573,51.175,50.228,50.831,22128,,,0.5102,hfq
2019-11-06,51.003,51.003,49.540,49.884,24717,,,-1.8630,hfq
2019-11-07,49.712,50.315,49.454,49.884,16811,,,0.0000,hfq
2019-11-08,50.142,50.745,49.540,49.626,24454,,,-0.5172,hfq
2019-11-11,48.766,48.766,44.895,44.895,127017,,,-9.5333,hfq
2019-11-12,44.465,45.067,43.605,45.067,63961,,,0.3831,hfq
2019-11-13,45.067,45.928,44.465,45.669,42288,,,1.3358,hfq
2019-11-14,45.842,46.014,45.497,45.669,28651,,,0.0000,hfq
2019-11-15,45.497,46.186,45.411,45.411,24845,,,-0.5649,hfq
2019-11-18,45.842,46.616,45.497,46.616,28975,,,2.6535,hfq
2019-11-19,46.616,46.702,46.100,46.530,36739,,,-0.1845,hfq
2019-11-20,46.616,46.616,45.756,45.928,26134,,,-1.2938,hfq
2019-11-21,45.928,46.186,45.583,45.842,17966,,,-0.1872,hfq
2019-11-22,45.756,46.358,45.583,45.842,22358,,,0.0000,hfq
2019-11-25,45.928,46.444,45.411,45.928,24134,,,0.1876,hfq
2019-11-26,45.928,46.272,45.842,46.186,14409,,,0.5617,hfq
2019-11-27,46.186,46.272,45.583,45.756,17564,,,-0.9310,hfq
2019-11-28,45.928,46.100,45.669,45.669,15190,,,-0.1901,hfq
2019-11-29,45.669,45.928,45.239,45.756,17768,,,0.1905,hfq
2019-12-02,46.014,46.530,45.842,46.100,19301,,,0.7518,hfq
2019-12-03,46.014,46.014,45.325,45.928,17929,,,-0.3731,hfq
2019-12-04,45.669,46.100,45.583,45.842,16727,,,-0.1872,hfq
2019-12-05,46.014,46.530,45.842,46.358,32418,,,1.1256,hfq
2019-12-06,46.272,47.046,46.186,46.960,33324,,,1.2986,hfq
2019-12-09,47.046,47.906,46.874,47.218,35318,,,0.5494,hfq
2019-12-10,47.304,47.648,46.874,47.562,23686,,,0.7285,hfq
2019-12-11,47.648,47.906,47.218,47.476,27202,,,-0.1808,hfq
2019-12-12,47.476,47.734,46.960,46.960,17509,,,-1.0869,hfq
2019-12-13,47.218,48.766,47.132,48.250,65206,,,2.7470,hfq
2019-12-16,47.820,48.766,47.562,48.422,45502,,,0.3565,hfq
2019-12-17,48.508,50.228,48.250,49.368,80712,,,1.9537,hfq
2019-12-18,49.368,50.573,49.196,49.368,53830,,,0.0000,hfq
2019-12-19,49.626,50.228,49.282,49.798,34156,,,0.8710,hfq
2019-12-20,49.712,50.573,49.368,49.454,54396,,,-0.6908,hfq
2019-12-23,49.798,49.798,47.992,48.164,43769,,,-2.6085,hfq
2019-12-24,48.852,49.282,48.336,49.196,30963,,,2.1427,hfq
2019-12-25,49.368,49.626,48.852,49.196,32213,,,0.0000,hfq
2019-12-26,49.196,49.626,49.110,49.626,29330,,,0.8741,hfq
2019-12-27,49.626,50.573,49.196,49.282,44798,,,-0.6932,hfq
2019-12-30,49.024,50.315,48.680,50.142,54402,,,1.7451,hfq
2019-12-31,49.884,50.401,49.368,49.884,36441,,,-0.5145,hfq
2020-01-02,50.315,50.659,49.884,50.401,46873,,,1.0364,hfq
2020-01-03,50.401,50.487,49.454,50.142,56214,,,-0.5139,hfq
2020-01-06,49.884,50.831,49.282,50.142,52679,,,0.0000,hfq
2020-01-07,50.142,51.003,50.142,50.745,47503,,,1.2026,hfq
2020-01-08,50.487,50.917,49.626,49.970,50854,,,-1.5272,hfq
2020-01-09,50.228,50.917,50.228,50.659,42224,,,1.3788,hfq
2020-01-10,50.745,51.949,50.573,51.003,82891,,,0.6791,hfq
2020-01-13,51.003,51.519,49.970,51.347,52564,,,0.6745,hfq
2020-01-14,51.261,51.605,50.831,51.003,38424,,,-0.6700,hfq
2020-01-15,51.089,51.175,50.228,50.487,32686,,,-1.0117,hfq
2020-01-16,50.573,50.745,49.798,49.798,28314,,,-1.3647,hfq
2020-01-17,49.970,50.487,49.196,49.196,31475,,,-1.2089,hfq
2020-01-20,49.196,49.798,48.852,49.712,27402,,,1.0489,hfq
2020-01-21,49.970,50.056,49.024,49.712,29739,,,0.0000,hfq
2020-01-22,49.368,49.454,48.680,49.110,36832,,,-1.2110,hfq
2020-01-23,48.766,49.196,47.046,47.648,46760,,,-2.9770,hfq
2020-02-03,43.175,43.175,43.175,43.175,12571,,,-9.3876,hfq
2020-02-04,39.132,42.659,39.132,41.885,68440,,,-2.9878,hfq
2020-02-05,42.229,43.605,41.455,42.487,53705,,,1.4373,hfq
2020-02-06,42.659,43.777,41.885,43.605,53160,,,2.6314,hfq
2020-02-07,43.433,44.121,42.831,43.691,50900,,,0.1972,hfq
2020-02-10,43.519,44.465,43.175,44.465,34835,,,1.7715,hfq
2020-02-11,44.379,44.895,43.863,44.293,40235,,,-0.3868,hfq
2020-02-12,43.949,44.465,43.605,44.379,38326,,,0.1942,hfq
2020-02-13,44.379,46.186,44.121,45.669,86751,,,2.9068,hfq
2020-02-14,45.411,46.960,45.153,46.530,100690,,,1.8853,hfq
2020-02-17,46.616,47.562,46.272,47.476,84583,,,2.0331,hfq
2020-02-18,47.476,47.734,46.358,46.960,92724,,,-1.0869,hfq
2020-02-19,46.960,48.422,46.874,47.132,96415,,,0.3663,hfq
2020-02-20,46.960,48.766,46.530,48.422,106028,,,2.7370,hfq
2020-02-21,48.680,48.680,47.562,47.562,108547,,,-1.7761,hfq
2020-02-24,47.734,48.164,47.218,47.906,80184,,,0.7233,hfq
2020-02-25,47.132,47.476,45.411,47.390,99918,,,-1.0771,hfq
2020-02-26,46.530,49.368,46.444,47.734,107014,,,0.7259,hfq
2020-02-27,47.648,49.024,47.562,47.734,68588,,,0.0000,hfq
2020-02-28,46.444,46.874,44.895,45.153,82503,,,-5.4070,hfq
2020-03-02,45.842,46.960,45.239,46.788,52951,,,3.6210,hfq
2020-03-03,47.304,48.508,46.788,47.562,69700,,,1.6543,hfq
2020-03-04,47.132,48.250,46.960,48.250,66136,,,1.4465,hfq
2020-03-05,48.508,50.401,48.250,49.884,143129,,,3.3865,hfq
2020-03-06,48.938,54.615,48.508,54.615,325259,,,9.4840,hfq
2020-03-09,52.465,54.615,50.659,52.379,285921,,,-4.0941,hfq
2020-03-10,51.089,57.368,51.089,57.368,273015,,,9.5248,hfq
2020-03-11,60.551,62.873,60.121,62.873,483954,,,9.5959,hfq
2020-03-12,62.873,68.895,62.873,68.895,298131,,,9.5780,hfq
2020-03-13,71.303,75.518,66.572,67.518,1099886,,,-1.9987,hfq
2020-03-16,60.981,62.701,60.981,60.981,263399,,,-9.6819,hfq
2020-03-17,55.820,58.658,55.132,55.132,732255,,,-9.5915,hfq
2020-03-18,54.960,56.422,52.379,52.379,570458,,,-4.9935,hfq
2020-03-19,51.691,54.529,50.831,52.895,383581,,,0.9851,hfq
2020-03-20,52.981,53.497,50.659,52.293,293129,,,-1.1381,hfq
2020-03-23,50.056,51.519,47.648,48.852,257219,,,-6.5802,hfq
2020-03-24,49.884,50.401,47.304,49.798,227271,,,1.9365,hfq
2020-03-25,50.487,52.121,49.970,51.089,282390,,,2.5925,hfq
2020-03-26,50.228,50.917,49.110,49.368,212725,,,-3.3686,hfq
2020-03-27,50.315,51.949,49.798,49.798,252923,,,0.8710,hfq
2020-03-30,48.422,51.433,48.078,50.745,233604,,,1.9017,hfq
2020-03-31,51.003,51.347,48.680,49.110,190446,,,-3.2220,hfq
2020-04-01,49.196,51.949,49.196,50.056,219625,,,1.9263,hfq
2020-04-02,49.110,51.175,48.766,50.917,194430,,,1.7201,hfq
2020-04-03,50.487,50.487,48.852,49.626,167539,,,-2.5355,hfq
2020-04-07,50.142,51.175,49.970,51.089,218365,,,2.9481,hfq
2020-04-08,51.433,55.992,51.175,55.992,283149,,,9.5970,hfq
2020-04-09,57.540,61.325,56.508,61.325,853967,,,9.5246,hfq
2020-04-10,58.658,58.658,55.476,55.476,542960,,,-9.5377,hfq
2020-04-13,52.379,53.325,50.142,50.917,403606,,,-8.2180,hfq
2020-04-14,50.831,54.271,50.487,52.809,304333,,,3.7159,hfq
2020-04-15,52.207,53.841,51.691,52.465,235708,,,-0.6514,hfq
2020-04-16,51.433,52.637,51.089,52.035,162856,,,-0.8196,hfq
2020-04-17,52.723,52.981,50.487,50.917,192847,,,-2.1486,hfq
2020-04-20,51.175,51.519,50.315,51.519,111241,,,1.1823,hfq
2020-04-21,51.261,51.519,50.315,51.089,119863,,,-0.8346,hfq
2020-04-22,50.573,51.261,50.315,51.175,115548,,,0.1683,hfq
2020-04-23,51.347,52.551,50.487,52.551,215922,,,2.6888,hfq
2020-04-24,52.809,56.250,52.379,54.013,379827,,,2.7821,hfq
2020-04-27,54.185,57.368,52.551,56.508,353160,,,4.6193,hfq
2020-04-28,56.164,56.164,51.089,52.895,281577,,,-6.3938,hfq
2020-04-29,52.207,54.529,51.691,51.777,187344,,,-2.1136,hfq
2020-04-30,52.035,53.669,50.487,53.411,203327,,,3.1558,hfq
2020-05-06,52.809,54.701,52.207,54.615,172834,,,2.2542,hfq
2020-05-07,54.874,55.046,53.583,53.755,147536,,,-1.5747,hfq
2020-05-08,54.185,57.798,54.013,56.336,307168,,,4.8014,hfq
2020-05-11,57.196,57.196,54.960,55.304,203713,,,-1.8319,hfq
2020-05-12,55.304,55.304,52.465,54.099,167389,,,-2.1789,hfq
2020-05-13,53.497,59.260,53.067,59.260,400422,,,9.5399,hfq
2020-05-14,57.970,59.691,56.852,57.970,393416,,,-2.1768,hfq
2020-05-15,57.970,60.809,57.970,58.486,376178,,,0.8901,hfq
2020-05-18,57.712,59.605,56.078,56.422,283005,,,-3.5290,hfq
2020-05-19,57.368,61.841,56.422,60.035,388693,,,6.4035,hfq
2020-05-20,59.949,62.959,58.830,61.325,378298,,,2.1487,hfq
2020-05-21,60.379,61.755,58.658,59.605,241625,,,-2.8047,hfq
2020-05-22,58.572,58.916,55.906,57.368,216364,,,-3.7530,hfq
2020-05-25,56.336,56.336,53.841,54.787,169064,,,-4.4990,hfq
2020-05-26,54.787,56.594,54.701,56.164,130857,,,2.5134,hfq
2020-05-27,56.508,56.508,54.271,54.615,137703,,,-2.7580,hfq
2020-05-28,55.046,59.433,54.701,58.142,296584,,,6.4579,hfq
2020-05-29,56.766,59.691,56.336,58.744,261102,,,1.0354,hfq
2020-06-01,58.744,61.497,58.228,60.207,284370,,,2.4905,hfq
2020-06-02,59.605,61.067,59.002,59.605,213312,,,-0.9999,hfq
2020-06-03,59.605,60.465,58.228,58.400,188803,,,-2.0216,hfq
2020-06-04,58.486,59.088,57.540,58.142,127662,,,-0.4418,hfq
2020-06-05,57.798,58.228,55.992,57.454,149522,,,-1.1833,hfq
2020-06-08,57.024,57.884,55.820,56.078,129974,,,-2.3950,hfq
2020-06-09,56.078,59.691,56.078,58.572,218235,,,4.4474,hfq
2020-06-10,58.228,58.830,56.508,57.454,128218,,,-1.9088,hfq
2020-06-11,57.454,58.744,56.508,56.938,135356,,,-0.8981,hfq
2020-06-12,55.218,55.992,54.357,55.132,127505,,,-3.1719,hfq
2020-06-15,54.960,56.336,54.787,54.874,92922,,,-0.4680,hfq
2020-06-16,55.476,56.852,55.390,55.820,86015,,,1.7239,hfq
2020-06-17,55.906,56.422,54.874,55.648,88031,,,-0.3081,hfq
2020-06-18,55.562,56.164,54.960,55.562,76574,,,-0.1545,hfq
2020-06-19,56.078,58.572,55.476,57.626,217556,,,3.7148,hfq
2020-06-22,57.196,59.347,56.594,57.712,226586,,,0.1492,hfq
2020-06-23,57.282,59.260,56.422,59.088,228649,,,2.3843,hfq
2020-06-24,58.658,61.153,57.884,59.347,321757,,,0.4383,hfq
2020-06-29,58.572,59.174,56.078,57.110,203857,,,-3.7694,hfq
2020-06-30,57.884,62.529,57.368,62.529,268398,,,9.4887,hfq
2020-07-01,65.626,66.142,60.981,62.615,535460,,,0.1375,hfq
2020-07-02,62.099,67.948,61.583,65.454,499444,,,4.5341,hfq
2020-07-03,64.250,68.551,63.389,66.830,490595,,,2.1022,hfq
2020-07-06,67.174,71.131,65.454,68.809,568755,,,2.9612,hfq
2020-07-07,67.948,69.497,65.454,66.486,500477,,,-3.3760,hfq
2020-07-08,65.970,68.723,65.884,67.518,399442,,,1.5522,hfq
2020-07-09,66.142,68.292,65.368,68.120,425011,,,0.8916,hfq
2020-07-10,67.002,71.045,66.400,68.723,460037,,,0.8852,hfq
2020-07-13,68.895,72.765,67.948,71.217,395957,,,3.6291,hfq
2020-07-14,70.615,71.131,68.206,69.669,288438,,,-2.1736,hfq
2020-07-15,70.357,76.378,70.185,74.056,694242,,,6.2969,hfq
2020-07-16,71.475,71.475,66.916,66.916,366796,,,-9.6414,hfq
2020-07-17,63.303,65.024,60.551,61.153,362393,,,-8.6123,hfq
2020-07-20,61.841,63.389,60.293,62.787,220280,,,2.6720,hfq
2020-07-21,63.217,64.938,62.873,63.303,199398,,,0.8218,hfq
2020-07-22,63.217,64.852,62.099,63.906,201513,,,0.9526,hfq
2020-07-23,63.045,63.906,61.325,63.045,171608,,,-1.3473,hfq
2020-07-24,62.615,63.475,59.863,60.035,147167,,,-4.7744,hfq
2020-07-27,60.465,60.981,58.400,59.433,99445,,,-1.0027,hfq
2020-07-28,59.777,60.723,58.744,59.605,91940,,,0.2894,hfq
2020-07-29,59.433,61.411,58.658,61.239,117065,,,2.7414,hfq
2020-07-30,61.067,61.411,60.121,60.207,103739,,,-1.6852,hfq
2020-07-31,59.519,61.153,59.433,60.465,119830,,,0.4285,hfq
2020-08-03,60.637,62.357,60.637,62.271,134397,,,2.9869,hfq
2020-08-04,62.357,64.680,61.497,63.045,238985,,,1.2430,hfq
2020-08-05,62.701,62.787,61.239,62.357,147645,,,-1.0913,hfq
2020-08-06,62.529,63.819,61.497,63.475,185480,,,1.7929,hfq
2020-08-07,64.594,64.594,61.497,62.271,136649,,,-1.8968,hfq
2020-08-10,61.841,63.475,61.411,62.873,132842,,,0.9667,hfq
2020-08-11,62.959,63.733,61.067,61.239,118995,,,-2.5989,hfq
2020-08-12,61.067,61.411,59.260,60.207,116577,,,-1.6852,hfq
2020-08-13,60.723,61.153,60.293,60.551,64046,,,0.5714,hfq
2020-08-14,60.551,60.551,59.260,60.551,73930,,,0.0000,hfq
2020-08-17,60.723,63.131,60.723,62.873,147279,,,3.8348,hfq
2020-08-18,62.529,63.217,62.185,62.615,109293,,,-0.4104,hfq
2020-08-19,62.443,62.529,60.723,60.723,113791,,,-3.0216,hfq
2020-08-20,60.637,60.723,59.691,59.777,67529,,,-1.5579,hfq
2020-08-21,59.433,60.637,58.916,59.519,71714,,,-0.4316,hfq
2020-08-24,59.605,59.605,58.486,59.174,55322,,,-0.5796,hfq
2020-08-25,59.260,59.605,58.056,58.572,63921,,,-1.0173,hfq
2020-08-26,58.486,58.572,56.422,56.594,73657,,,-3.3770,hfq
2020-08-27,56.766,57.540,55.992,57.368,56746,,,1.3676,hfq
2020-08-28,57.368,57.970,56.852,57.970,52751,,,1.0494,hfq
2020-08-31,57.970,58.830,57.110,57.282,61563,,,-1.1868,hfq
2020-09-01,57.884,57.884,57.110,57.712,35931,,,0.7507,hfq
2020-09-02,57.626,57.884,56.852,57.540,50669,,,-0.2980,hfq
2020-09-03,58.228,58.228,57.024,57.110,46320,,,-0.7473,hfq
2020-09-04,56.422,57.282,55.906,57.024,36804,,,-0.1506,hfq
2020-09-07,57.282,57.712,56.164,56.508,52452,,,-0.9049,hfq
2020-09-08,56.594,57.368,56.250,57.282,38596,,,1.3697,hfq
2020-09-09,56.938,58.056,56.680,57.110,62086,,,-0.3003,hfq
2020-09-10,57.368,57.712,54.701,54.960,82688,,,-3.7647,hfq
2020-09-11,54.960,55.562,54.701,55.476,25211,,,0.9389,hfq
2020-09-14,55.648,55.992,55.218,55.562,34329,,,0.1550,hfq
2020-09-15,55.562,55.562,54.787,55.046,29499,,,-0.9287,hfq
2020-09-16,55.218,55.218,53.411,53.841,52676,,,-2.1891,hfq
2020-09-17,53.755,54.013,52.809,53.239,43182,,,-1.1181,hfq
2020-09-18,53.153,55.132,53.067,55.046,54366,,,3.3941,hfq
2020-09-21,55.132,55.648,54.443,55.132,70274,,,0.1562,hfq
2020-09-22,54.615,55.734,54.099,54.787,38283,,,-0.6258,hfq
2020-09-23,54.874,55.218,54.271,54.529,25426,,,-0.4709,hfq
2020-09-24,54.443,54.443,53.325,53.583,51509,,,-1.7349,hfq
2020-09-25,54.960,54.960,53.411,53.841,20408,,,0.4815,hfq
2020-09-28,53.669,54.185,53.325,53.497,17653,,,-0.6389,hfq
2020-09-29,53.755,54.013,53.325,53.411,19899,,,-0.1608,hfq
2020-09-30,53.669,53.669,52.207,52.379,28564,,,-1.9322,hfq
2020-10-09,53.153,53.755,52.981,53.239,28038,,,1.6419,hfq
2020-10-12,53.669,55.304,53.497,55.132,59423,,,3.5557,hfq
2020-10-13,55.390,55.390,54.185,54.701,37571,,,-0.7818,hfq
2020-10-14,54.701,54.701,53.927,54.013,25696,,,-1.2577,hfq
2020-10-15,53.927,54.701,53.755,53.841,21151,,,-0.3184,hfq
2020-10-16,53.755,54.013,53.411,53.755,19220,,,-0.1597,hfq
2020-10-19,53.755,54.357,53.411,53.497,22031,,,-0.4800,hfq
2020-10-20,53.497,53.669,52.981,53.583,18765,,,0.1608,hfq
2020-10-21,53.841,53.841,53.325,53.411,21308,,,-0.3210,hfq
2020-10-22,53.153,53.411,51.691,52.981,32202,,,-0.8051,hfq
2020-10-23,52.981,53.411,51.863,51.949,26158,,,-1.9479,hfq
2020-10-26,51.863,51.863,50.659,50.745,35549,,,-2.3177,hfq
2020-10-27,50.487,51.691,50.401,51.261,23630,,,1.0168,hfq
2020-10-28,51.175,51.433,50.487,51.261,19065,,,0.0000,hfq
2020-10-29,50.659,51.863,50.487,51.089,21005,,,-0.3355,hfq
2020-10-30,51.777,52.723,50.401,50.573,35435,,,-1.0100,hfq
2020-11-02,50.831,50.831,48.336,49.368,40459,,,-2.3827,hfq
2020-11-03,49.712,50.487,49.282,50.315,26520,,,1.9182,hfq
2020-11-04,50.315,50.831,49.540,49.712,24632,,,-1.1984,hfq
2020-11-05,49.970,50.487,49.712,50.228,24452,,,1.0380,hfq
2020-11-06,50.659,50.745,49.884,50.315,26103,,,0.1732,hfq
2020-11-09,50.487,52.207,50.315,52.035,62658,,,3.4185,hfq
2020-11-10,52.465,52.551,51.347,51.605,45861,,,-0.8264,hfq
2020-11-11,51.949,52.035,51.089,51.347,30448,,,-0.5000,hfq
2020-11-12,51.519,51.519,50.917,51.175,20826,,,-0.3350,hfq
2020-11-13,51.175,51.519,50.745,51.089,19584,,,-0.1681,hfq
2020-11-16,51.347,51.605,51.003,51.519,23770,,,0.8417,hfq
2020-11-17,51.691,52.121,51.175,52.121,35109,,,1.1685,hfq
2020-11-18,52.035,53.583,51.863,53.067,75038,,,1.8150,hfq
2020-11-19,52.981,54.960,52.637,54.874,85061,,,3.4051,hfq
2020-11-20,54.615,54.960,54.013,54.787,39942,,,-0.1585,hfq
2020-11-23,54.615,55.046,53.927,54.357,60313,,,-0.7849,hfq
2020-11-24,54.271,54.357,53.669,54.099,38591,,,-0.4746,hfq
2020-11-25,54.013,54.443,53.583,53.583,28047,,,-0.9538,hfq
2020-11-26,53.583,53.583,52.981,53.325,17526,,,-0.4815,hfq
2020-11-27,53.325,53.325,52.465,53.153,30491,,,-0.3226,hfq
2020-11-30,53.153,54.615,53.067,53.583,61921,,,0.8090,hfq
2020-12-01,53.411,55.648,52.637,55.046,118487,,,2.7303,hfq
2020-12-02,54.787,55.218,54.099,54.271,74469,,,-1.4079,hfq
2020-12-03,54.271,54.960,53.927,54.787,55983,,,0.9508,hfq
2020-12-04,54.529,54.529,53.325,53.411,57458,,,-2.5115,hfq
2020-12-07,53.325,53.755,52.723,52.809,35555,,,-1.1271,hfq
2020-12-08,52.809,53.153,52.035,52.121,36117,,,-1.3028,hfq
2020-12-09,52.293,52.379,50.745,50.917,41289,,,-2.3100,hfq
2020-12-10,50.745,51.261,50.315,50.917,22894,,,0.0000,hfq
2020-12-11,50.659,51.433,49.798,50.573,30848,,,-0.6756,hfq
2020-12-14,50.573,51.003,50.142,50.831,17724,,,0.5102,hfq
2020-12-15,50.745,50.745,50.056,50.315,17892,,,-1.0151,hfq
2020-12-16,50.487,50.487,49.712,49.970,19560,,,-0.6857,hfq
2020-12-17,50.142,51.519,49.454,51.175,40386,,,2.4114,hfq
2020-12-18,51.003,51.863,50.401,50.401,37783,,,-1.5125,hfq
2020-12-21,50.142,50.831,49.712,50.487,26537,,,0.1706,hfq
2020-12-22,50.228,50.487,48.680,48.938,34278,,,-3.0681,hfq
2020-12-23,48.938,49.540,48.594,48.852,30937,,,-0.1757,hfq
2020-12-24,48.680,48.852,46.788,47.132,52334,,,-3.5208,hfq
2020-12-25,47.132,48.250,46.788,48.164,27800,,,2.1896,hfq
2020-12-28,48.164,48.164,47.218,47.648,20299,,,-1.0713,hfq
2020-12-29,47.906,48.680,47.562,47.906,29049,,,0.5415,hfq
2020-12-30,47.906,48.336,47.562,47.734,20631,,,-0.3590,hfq
2020-12-31,47.906,49.368,47.906,48.508,32396,,,1.6215,hfq
2021-01-04,48.164,49.024,48.164,48.594,34568,,,0.1773,hfq
2021-01-05,48.680,48.680,47.648,47.906,34413,,,-1.4158,hfq
2021-01-06,47.906,48.078,47.132,47.476,22999,,,-0.8976,hfq
2021-01-07,47.820,47.820,45.411,46.014,50784,,,-3.0795,hfq
2021-01-08,46.014,46.186,44.895,45.669,30222,,,-0.7498,hfq
2021-01-11,45.842,45.842,44.637,44.809,31423,,,-1.8831,hfq
2021-01-12,45.067,45.325,44.637,45.239,19339,,,0.9596,hfq
2021-01-13,45.239,45.239,43.605,44.035,32799,,,-2.6614,hfq
2021-01-14,44.379,44.809,43.175,44.465,30665,,,0.9765,hfq
2021-01-15,44.465,45.239,44.121,45.239,25089,,,1.7407,hfq
2021-01-18,45.067,46.014,44.809,45.325,25377,,,0.1901,hfq
2021-01-19,45.325,46.616,45.067,46.358,40729,,,2.2791,hfq
2021-01-20,46.100,46.358,45.497,45.756,31022,,,-1.2986,hfq
2021-01-21,45.583,46.358,45.239,45.756,30460,,,0.0000,hfq
2021-01-22,45.756,50.056,45.153,47.992,160975,,,4.8868,hfq
2021-01-25,46.960,47.218,44.981,45.239,105184,,,-5.7364,hfq
2021-01-26,45.153,45.153,44.121,44.121,40459,,,-2.4713,hfq
2021-01-27,44.121,44.809,43.777,44.121,24986,,,0.0000,hfq
2021-01-28,43.777,45.928,43.777,44.981,49192,,,1.9492,hfq
2021-01-29,44.551,44.809,43.777,43.949,38993,,,-2.2943,hfq
2021-02-01,43.347,43.347,39.820,40.422,87580,,,-8.0252,hfq
2021-02-02,40.250,41.110,40.078,40.508,27337,,,0.2128,hfq
2021-02-03,40.508,41.110,40.250,40.336,26945,,,-0.4246,hfq
2021-02-04,40.164,40.336,39.132,39.820,28119,,,-1.2793,hfq
2021-02-05,39.390,40.594,39.390,40.164,26136,,,0.8639,hfq
2021-02-08,39.906,39.992,39.218,39.304,21605,,,-2.1412,hfq
2021-02-09,39.390,40.766,39.218,40.594,21084,,,3.2821,hfq
2021-02-10,40.680,40.938,40.336,40.680,12943,,,0.2119,hfq
2021-02-18,40.852,42.143,40.852,41.627,23502,,,2.3279,hfq
2021-02-19,41.713,43.089,41.541,42.917,33396,,,3.0990,hfq
2021-02-22,42.917,44.551,42.745,43.605,44864,,,1.6031,hfq
2021-02-23,43.949,43.949,42.917,43.175,24949,,,-0.9861,hfq
2021-02-24,43.347,43.777,43.089,43.261,26129,,,0.1992,hfq
2021-02-25,43.605,43.949,42.917,43.089,25823,,,-0.3976,hfq
2021-02-26,42.745,43.347,42.659,42.745,19189,,,-0.7983,hfq
2021-03-01,43.175,43.777,42.831,43.347,20201,,,1.4084,hfq
2021-03-02,43.261,43.519,42.573,42.917,22861,,,-0.9920,hfq
2021-03-03,42.745,43.347,42.573,43.347,24164,,,1.0019,hfq
2021-03-04,43.261,43.863,43.003,43.519,28258,,,0.3968,hfq
2021-03-05,43.347,44.637,43.261,44.121,32219,,,1.3833,hfq
2021-03-08,43.949,44.551,43.949,44.121,34126,,,0.0000,hfq
2021-03-09,43.949,44.121,41.971,42.917,36949,,,-2.7289,hfq
2021-03-10,42.917,43.089,41.713,41.885,26130,,,-2.4046,hfq
2021-03-11,41.885,42.917,41.627,42.745,27645,,,2.0532,hfq
2021-03-12,42.917,43.347,42.401,43.175,24755,,,1.0060,hfq
2021-03-15,43.089,43.691,42.917,43.519,26921,,,0.7968,hfq
2021-03-16,43.519,44.207,43.347,44.035,26406,,,1.1857,hfq
2021-03-17,43.949,44.293,43.777,44.035,18637,,,0.0000,hfq
2021-03-18,44.723,44.723,43.863,43.949,20250,,,-0.1953,hfq
2021-03-19,43.691,44.207,43.519,43.691,28858,,,-0.5870,hfq
2021-03-22,43.777,44.723,43.777,44.637,26287,,,2.1652,hfq
2021-03-23,47.390,48.766,44.465,44.551,101301,,,-0.1927,hfq
2021-03-24,43.691,44.379,43.175,43.605,57902,,,-2.1234,hfq
2021-03-25,43.433,44.035,42.831,43.691,31588,,,0.1972,hfq
2021-03-26,43.519,44.207,43.519,44.035,23655,,,0.7873,hfq
2021-03-29,43.949,44.207,43.003,43.175,37586,,,-1.9530,hfq
2021-03-30,43.347,43.347,42.143,42.315,34902,,,-1.9919,hfq
2021-03-31,42.315,42.659,41.971,42.659,23294,,,0.8130,hfq
2021-04-01,42.831,43.003,42.229,42.659,20531,,,0.0000,hfq
2021-04-02,42.917,42.917,42.401,42.573,16655,,,-0.2016,hfq
2021-04-06,42.745,43.347,42.401,43.261,23631,,,1.6160,hfq
2021-04-07,43.261,43.605,43.089,43.519,20745,,,0.5964,hfq
2021-04-08,43.605,43.605,43.003,43.089,21458,,,-0.9881,hfq
2021-04-09,43.261,43.347,42.917,43.089,15998,,,0.0000,hfq
2021-04-12,43.089,43.089,42.401,42.659,17220,,,-0.9979,hfq
2021-04-13,42.487,42.745,42.229,42.315,17961,,,-0.8064,hfq
2021-04-14,42.315,43.691,42.229,43.433,27784,,,2.6421,hfq
2021-04-15,43.261,44.207,43.261,43.949,43800,,,1.1880,hfq
2021-04-16,43.777,45.067,43.691,44.809,52459,,,1.9568,hfq
2021-04-19,44.895,46.100,44.637,45.756,65265,,,2.1134,hfq
2021-04-20,45.583,45.842,44.809,44.895,41686,,,-1.8817,hfq
2021-04-21,45.153,45.325,44.379,44.809,25631,,,-0.1916,hfq
2021-04-22,45.067,45.067,44.551,44.637,15331,,,-0.3839,hfq
2021-04-23,44.809,46.014,44.551,44.981,58688,,,0.7707,hfq
2021-04-26,44.637,44.637,42.745,43.605,46742,,,-3.0591,hfq
2021-04-27,43.777,43.777,42.229,42.917,41825,,,-1.5778,hfq
2021-04-28,43.433,43.433,42.401,42.917,20898,,,0.0000,hfq
2021-04-29,42.573,43.605,42.573,43.175,23510,,,0.6012,hfq
2021-04-30,43.691,43.691,42.487,42.831,22762,,,-0.7968,hfq
2021-05-06,42.831,43.519,42.831,43.261,21707,,,1.0039,hfq
2021-05-07,43.261,44.035,43.175,43.777,25440,,,1.1928,hfq
2021-05-10,43.605,43.949,43.433,43.777,26141,,,0.0000,hfq
2021-05-11,43.605,45.411,43.519,45.239,62475,,,3.3397,hfq
2021-05-12,44.981,45.067,44.465,44.895,37603,,,-0.7604,hfq
2021-05-13,44.551,45.411,44.551,44.637,35302,,,-0.5747,hfq
2021-05-14,44.465,46.444,44.465,46.358,109912,,,3.8555,hfq
2021-05-17,45.928,46.100,44.637,44.809,66242,,,-3.3414,hfq
2021-05-18,44.637,47.562,44.637,46.702,122075,,,4.2246,hfq
2021-05-19,46.530,47.476,46.186,46.874,86801,,,0.3683,hfq
2021-05-20,46.788,46.960,45.497,46.616,73243,,,-0.5504,hfq
2021-05-21,46.530,46.530,45.669,45.928,53029,,,-1.4759,hfq
2021-05-24,45.756,46.616,45.756,46.100,44455,,,0.3745,hfq
2021-05-25,46.100,47.820,45.497,47.476,121408,,,2.9848,hfq
2021-05-26,47.046,47.476,46.616,46.702,78407,,,-1.6303,hfq
2021-05-27,46.616,47.132,46.358,46.530,46285,,,-0.3683,hfq
2021-05-28,46.530,47.132,46.186,46.530,54261,,,0.0000,hfq
2021-05-31,46.530,46.788,45.928,46.272,54528,,,-0.5545,hfq
2021-06-01,46.358,46.616,46.100,46.358,33895,,,0.1859,hfq
2021-06-02,46.272,46.874,46.014,46.272,40419,,,-0.1855,hfq
2021-06-03,46.100,46.960,46.100,46.874,49884,,,1.3010,hfq
2021-06-04,46.788,46.960,46.272,46.358,36846,,,-1.1008,hfq
2021-06-07,46.358,46.616,46.100,46.358,24637,,,0.0000,hfq
2021-06-08,46.358,46.702,45.669,46.702,52585,,,0.7421,hfq
2021-06-09,46.358,46.874,46.100,46.358,35485,,,-0.7366,hfq
2021-06-10,46.358,46.616,46.100,46.186,30948,,,-0.3710,hfq
2021-06-11,46.530,47.820,46.186,46.186,69108,,,0.0000,hfq
2021-06-15,45.756,45.928,44.723,44.809,54579,,,-2.9814,hfq
2021-06-16,44.723,45.153,44.637,44.895,25285,,,0.1919,hfq
2021-06-17,44.981,45.153,44.637,44.723,20552,,,-0.3831,hfq
2021-06-18,44.637,45.067,44.121,44.981,21765,,,0.5769,hfq
2021-06-21,44.809,45.842,44.809,45.411,28694,,,0.9560,hfq
2021-06-22,45.411,46.100,45.411,45.928,38901,,,1.1385,hfq
2021-06-23,45.928,46.358,45.669,46.100,31221,,,0.3745,hfq
2021-06-24,46.100,46.530,45.756,46.358,33499,,,0.5597,hfq
2021-06-25,46.358,47.046,46.186,46.960,43437,,,1.2986,hfq
2021-06-28,47.390,47.476,46.272,46.616,32628,,,-0.7325,hfq
2021-06-29,46.530,46.960,45.411,45.669,32754,,,-2.0315,hfq
2021-06-30,45.583,46.272,45.583,46.272,20855,,,1.3204,hfq
2021-07-01,46.530,46.530,45.239,45.325,24926,,,-2.0466,hfq
2021-07-02,45.411,46.272,45.153,45.239,23648,,,-0.1897,hfq
2021-07-05,45.239,46.444,45.239,46.358,36713,,,2.4735,hfq
2021-07-06,46.186,46.702,46.014,46.702,25596,,,0.7421,hfq
2021-07-07,46.702,47.046,46.100,46.358,29220,,,-0.7366,hfq
2021-07-08,46.444,46.530,45.411,45.497,37074,,,-1.8573,hfq
2021-07-09,45.411,45.928,45.411,45.669,26159,,,0.3780,hfq
2021-07-12,45.669,46.616,45.669,46.530,50400,,,1.8853,hfq
2021-07-13,46.444,46.788,46.272,46.616,37264,,,0.1848,hfq
2021-07-14,46.444,46.530,46.014,46.272,30120,,,-0.7379,hfq
2021-07-15,46.100,46.272,45.153,45.411,43226,,,-1.8607,hfq
2021-07-16,45.325,45.411,44.895,44.895,37728,,,-1.1363,hfq
2021-07-19,44.981,45.239,44.723,45.067,28984,,,0.3831,hfq
2021-07-20,44.809,45.153,44.637,45.067,18977,,,0.0000,hfq
2021-07-21,44.981,45.411,44.981,45.153,20463,,,0.1908,hfq
2021-07-22,45.153,45.756,44.981,45.669,33699,,,1.1428,hfq
2021-07-23,45.669,46.014,45.067,45.239,31447,,,-0.9416,hfq
2021-07-26,45.325,45.325,44.121,44.207,30923,,,-2.2812,hfq
2021-07-27,44.379,44.379,42.229,42.487,51450,,,-3.8908,hfq
2021-07-28,42.401,42.487,41.197,41.369,36018,,,-2.6314,hfq
2021-07-29,41.627,41.799,41.369,41.713,24313,,,0.8315,hfq
2021-07-30,42.057,42.315,41.713,42.057,36355,,,0.8247,hfq
2021-08-02,41.885,42.831,41.541,42.745,35924,,,1.6359,hfq
2021-08-03,42.745,43.261,42.487,42.659,29166,,,-0.2012,hfq
2021-08-04,42.573,43.691,42.573,43.261,40270,,,1.4112,hfq
2021-08-05,43.003,43.519,42.659,42.917,25977,,,-0.7952,hfq
2021-08-06,42.745,43.519,42.573,43.003,29955,,,0.2004,hfq
2021-08-09,43.175,43.691,42.745,43.175,45334,,,0.4000,hfq
2021-08-10,43.433,43.605,42.831,43.433,38736,,,0.5976,hfq
2021-08-11,43.347,43.519,42.917,43.433,33448,,,0.0000,hfq
2021-08-12,43.433,43.863,43.261,43.347,32191,,,-0.1980,hfq
2021-08-13,43.261,43.691,43.089,43.519,31768,,,0.3968,hfq
2021-08-16,43.519,43.605,43.347,43.433,26795,,,-0.1976,hfq
2021-08-17,43.347,43.777,42.487,42.573,38871,,,-1.9801,hfq
2021-08-18,42.487,44.121,42.229,44.035,82183,,,3.4341,hfq
2021-08-19,43.605,44.121,43.347,43.777,48754,,,-0.5859,hfq
2021-08-20,43.777,43.777,43.003,43.605,32066,,,-0.3929,hfq
2021-08-23,43.777,44.121,43.605,44.035,36721,,,0.9861,hfq
2021-08-24,43.949,44.207,43.691,43.949,49616,,,-0.1953,hfq
2021-08-25,44.035,44.723,43.777,44.637,49029,,,1.5655,hfq
2021-08-26,44.379,45.239,44.207,44.637,40428,,,0.0000,hfq
2021-08-27,44.637,45.067,44.035,44.723,42759,,,0.1927,hfq
2021-08-30,44.637,44.981,44.293,44.465,40918,,,-0.5769,hfq
2021-08-31,44.637,44.809,43.519,44.809,64262,,,0.7736,hfq
2021-09-01,44.551,45.842,44.121,45.325,86873,,,1.1516,hfq
2021-09-02,45.411,45.497,44.809,45.325,51683,,,0.0000,hfq
2021-09-03,45.756,46.186,45.325,45.583,59658,,,0.5692,hfq
2021-09-06,45.325,45.928,45.239,45.669,38013,,,0.1887,hfq
2021-09-07,45.669,46.100,45.411,46.014,48512,,,0.7554,hfq
2021-09-08,46.014,46.874,45.842,46.874,76079,,,1.8690,hfq
2021-09-09,46.702,47.046,46.444,46.702,38045,,,-0.3669,hfq
2021-09-10,46.530,47.132,45.842,46.014,50828,,,-1.4732,hfq
2021-09-13,46.186,46.788,45.842,46.788,55470,,,1.6821,hfq
2021-09-14,46.702,46.960,45.669,45.842,58219,,,-2.0219,hfq
2021-09-15,45.842,47.132,45.756,47.046,80848,,,2.6264,hfq
2021-09-16,46.960,47.218,45.928,46.014,54867,,,-2.1936,hfq
2021-09-17,46.100,46.530,45.325,46.444,53047,,,0.9345,hfq
2021-09-22,46.014,46.100,45.583,45.928,31865,,,-1.1110,hfq
2021-09-23,45.928,46.788,45.928,46.788,48060,,,1.8725,hfq
2021-09-24,46.788,46.788,45.497,45.497,40762,,,-2.7593,hfq
2021-09-27,45.669,45.756,43.605,44.035,50692,,,-3.2134,hfq
2021-09-28,44.121,44.465,43.691,44.035,23404,,,0.0000,hfq
2021-09-29,43.777,43.949,43.347,43.347,30476,,,-1.5624,hfq
2021-09-30,43.347,44.465,43.347,44.121,30325,,,1.7856,hfq
2021-10-08,44.293,45.583,44.293,45.411,48752,,,2.9238,hfq
2021-10-11,45.411,46.014,45.067,45.756,31608,,,0.7597,hfq
2021-10-12,45.669,45.842,44.981,45.325,24279,,,-0.9420,hfq
2021-10-13,45.497,45.583,44.551,44.981,21748,,,-0.7590,hfq
2021-10-14,44.809,45.067,44.551,44.809,22762,,,-0.3824,hfq
2021-10-15,44.981,44.981,44.207,44.379,25688,,,-0.9596,hfq
2021-10-18,44.379,44.895,44.121,44.895,25927,,,1.1627,hfq
2021-10-19,44.895,44.895,43.863,43.863,28192,,,-2.2987,hfq
2021-10-20,43.949,44.035,43.519,43.605,23723,,,-0.5882,hfq
2021-10-21,43.519,44.035,43.261,43.347,30358,,,-0.5917,hfq
2021-10-22,43.175,43.433,42.745,43.003,24201,,,-0.7936,hfq
2021-10-25,43.003,43.003,42.487,43.003,19317,,,0.0000,hfq
2021-10-26,43.347,44.207,42.831,43.519,43517,,,1.1999,hfq
2021-10-27,43.175,43.261,41.799,42.057,50206,,,-3.3595,hfq
2021-10-28,42.057,43.175,41.455,42.659,66487,,,1.4314,hfq
2021-10-29,42.659,43.261,42.057,42.917,37147,,,0.6048,hfq
2021-11-01,42.917,43.605,42.659,43.519,30005,,,1.4027,hfq
2021-11-02,43.519,43.605,42.315,42.659,30298,,,-1.9761,hfq
2021-11-03,42.659,42.831,42.229,42.659,17881,,,0.0000,hfq
2021-11-04,42.659,42.917,42.487,42.917,17571,,,0.6048,hfq
2021-11-05,42.917,42.917,42.573,42.831,17763,,,-0.2004,hfq
2021-11-08,42.745,43.261,42.401,43.175,20531,,,0.8032,hfq
2021-11-09,43.089,44.207,42.917,43.949,41644,,,1.7927,hfq
2021-11-10,43.949,44.465,43.605,44.379,40473,,,0.9784,hfq
2021-11-11,44.207,44.895,44.035,44.723,43448,,,0.7751,hfq
2021-11-12,44.637,44.809,44.293,44.637,25760,,,-0.1923,hfq
2021-11-15,44.637,44.809,44.379,44.809,29566,,,0.3853,hfq
2021-11-16,44.637,44.809,44.293,44.551,28966,,,-0.5758,hfq
2021-11-17,44.551,45.325,44.465,45.153,37339,,,1.3513,hfq
2021-11-18,45.067,45.153,44.293,44.379,23459,,,-1.7142,hfq
2021-11-19,44.465,44.981,44.207,44.981,23181,,,1.3565,hfq
2021-11-22,44.895,45.153,44.809,45.067,30966,,,0.1912,hfq
2021-11-23,44.981,46.186,44.981,45.842,68805,,,1.7197,hfq
2021-11-24,45.842,45.842,45.153,45.497,48594,,,-0.7526,hfq
2021-11-25,45.583,45.842,45.153,45.669,31501,,,0.3780,hfq
2021-11-26,45.497,45.842,44.895,45.583,45962,,,-0.1883,hfq
2021-11-29,44.895,45.067,44.035,44.465,54206,,,-2.4527,hfq
2021-11-30,44.465,47.992,44.293,46.874,181349,,,5.4177,hfq
2021-12-01,46.272,51.261,46.186,51.261,235225,,,9.3591,hfq
2021-12-02,53.325,54.099,50.228,51.261,475212,,,0.0000,hfq
2021-12-03,51.347,51.949,49.196,49.454,277154,,,-3.5251,hfq
2021-12-06,49.454,49.798,48.422,48.594,150091,,,-1.7390,hfq
2021-12-07,48.766,49.282,47.906,49.282,113940,,,1.4158,hfq
2021-12-08,49.196,49.368,48.250,49.024,101112,,,-0.5235,hfq
2021-12-09,48.164,49.024,47.992,48.594,94392,,,-0.8771,hfq
2021-12-10,48.680,49.024,47.820,47.906,74295,,,-1.4158,hfq
2021-12-13,48.250,48.422,47.476,47.734,73008,,,-0.3590,hfq
2021-12-14,47.820,49.110,47.390,49.024,107610,,,2.7025,hfq
2021-12-15,48.938,50.056,48.594,49.110,106636,,,0.1754,hfq
2021-12-16,49.110,52.035,48.852,50.487,155385,,,2.8039,hfq
2021-12-17,50.573,51.261,49.798,50.917,113113,,,0.8517,hfq
2021-12-20,50.487,51.433,49.626,49.884,103202,,,-2.0288,hfq
2021-12-21,49.970,50.745,49.540,50.573,88504,,,1.3812,hfq
2021-12-22,50.228,51.175,49.884,50.228,82846,,,-0.6822,hfq
2021-12-23,50.315,51.003,49.024,49.196,82145,,,-2.0546,hfq
2021-12-24,49.110,49.540,48.078,48.250,67495,,,-1.9229,hfq
2021-12-27,47.992,49.712,47.562,49.110,66670,,,1.7824,hfq
2021-12-28,49.024,49.282,48.508,49.024,40569,,,-0.1751,hfq
2021-12-29,48.766,50.831,48.336,49.712,70276,,,1.4034,hfq
2021-12-30,49.540,51.605,49.540,50.917,126017,,,2.4240,hfq
2021-12-31,50.917,51.089,50.056,50.573,65909,,,-0.6756,hfq
2022-01-04,50.745,52.981,50.315,52.551,127015,,,3.9112,hfq
2022-01-05,52.551,53.411,51.691,52.809,94368,,,0.4910,hfq
2022-01-06,52.551,53.153,51.949,52.293,70433,,,-0.9771,hfq
2022-01-07,52.121,52.723,50.831,51.175,79858,,,-2.1380,hfq
2022-01-10,50.917,51.863,50.831,51.175,57307,,,0.0000,hfq
2022-01-11,51.089,51.863,50.487,50.745,72298,,,-0.8403,hfq
2022-01-12,51.089,52.121,50.487,52.035,77679,,,2.5421,hfq
2022-01-13,51.949,52.551,51.347,51.605,56496,,,-0.8264,hfq
2022-01-14,51.519,51.777,49.454,49.540,74534,,,-4.0016,hfq
2022-01-17,49.970,50.745,49.712,50.315,55402,,,1.5644,hfq
2022-01-18,50.487,50.573,48.680,48.938,74484,,,-2.7368,hfq
2022-01-19,48.938,50.228,48.766,49.282,56216,,,0.7029,hfq
2022-01-20,49.454,49.712,47.820,47.992,72004,,,-2.6176,hfq
2022-01-21,48.250,48.680,47.562,48.164,47322,,,0.3584,hfq
2022-01-24,48.078,48.250,46.788,47.046,50727,,,-2.3212,hfq
2022-01-25,47.562,47.562,44.895,44.981,64186,,,-4.3893,hfq
2022-01-26,45.153,45.928,44.895,45.669,42733,,,1.5295,hfq
2022-01-27,45.669,46.014,44.207,44.379,59705,,,-2.8247,hfq
2022-01-28,44.551,45.669,44.207,44.981,50162,,,1.3565,hfq
2022-02-07,45.411,46.100,45.067,45.842,62835,,,1.9141,hfq
2022-02-08,46.014,48.508,45.756,48.508,102029,,,5.8156,hfq
2022-02-09,48.422,48.852,47.906,48.078,56015,,,-0.8865,hfq
2022-02-10,47.992,48.594,47.476,47.906,59983,,,-0.3578,hfq
2022-02-11,47.906,48.078,47.046,47.304,49740,,,-1.2566,hfq
2022-02-14,46.874,47.992,46.788,47.476,58141,,,0.3636,hfq
2022-02-15,47.648,47.734,46.616,46.960,60073,,,-1.0869,hfq
2022-02-16,47.390,48.938,47.132,48.766,106997,,,3.8458,hfq
2022-02-17,48.766,53.411,47.992,53.411,257628,,,9.5251,hfq
2022-02-18,51.777,52.465,50.573,51.691,376280,,,-3.2203,hfq
2022-02-21,51.519,53.067,51.261,52.723,243086,,,1.9965,hfq
2022-02-22,52.207,56.078,51.863,53.583,313866,,,1.6312,hfq
2022-02-23,54.185,58.658,52.809,58.658,340874,,,9.4713,hfq
2022-02-24,58.658,63.819,55.562,55.820,659274,,,-4.8382,hfq
2022-02-25,57.110,61.153,57.110,61.153,192409,,,9.5539,hfq
2022-02-28,63.906,64.164,57.024,59.088,563583,,,-3.3768,hfq
2022-03-01,55.820,55.992,53.411,53.411,143869,,,-9.6077,hfq
2022-03-02,50.056,55.132,50.056,53.669,445553,,,0.4830,hfq
2022-03-03,53.411,55.906,52.895,55.046,374713,,,2.5657,hfq
2022-03-04,54.271,55.476,52.981,54.013,271532,,,-1.8766,hfq
2022-03-07,53.411,56.766,52.981,54.529,273532,,,0.9553,hfq
2022-03-08,54.357,55.734,52.809,53.841,203501,,,-1.2617,hfq
2022-03-09,53.153,55.046,51.261,54.013,241900,,,0.3195,hfq
2022-03-10,55.046,56.422,53.153,54.874,240780,,,1.5941,hfq
2022-03-11,53.411,55.992,53.067,55.218,215056,,,0.6269,hfq
2022-03-14,55.046,57.368,54.443,55.562,260582,,,0.6230,hfq
2022-03-15,55.218,55.476,50.831,51.261,297556,,,-7.7409,hfq
2022-03-16,52.035,56.164,52.035,56.164,426122,,,9.5648,hfq
2022-03-17,56.250,57.712,55.476,56.508,464235,,,0.6125,hfq
2022-03-18,55.562,57.970,55.562,57.368,303962,,,1.5219,hfq
2022-03-21,62.873,62.873,62.873,62.873,58679,,,9.5959,hfq
2022-03-22,68.895,68.895,68.895,68.895,160342,,,9.5780,hfq
2022-03-23,69.755,69.755,62.271,62.271,775756,,,-9.6146,hfq
2022-03-24,59.088,60.293,57.540,58.486,448718,,,-6.0783,hfq
2022-03-25,57.970,61.927,57.970,60.723,506616,,,3.8248,hfq
2022-03-28,59.174,59.863,56.938,57.970,344317,,,-4.5337,hfq
2022-03-29,57.626,57.712,54.787,55.476,262578,,,-4.3022,hfq
2022-03-30,55.476,58.056,55.218,57.110,236487,,,2.9454,hfq
2022-03-31,56.250,58.916,56.078,57.798,262316,,,1.2047,hfq
2022-04-01,57.024,61.325,56.852,59.260,343979,,,2.5295,hfq
2022-04-06,59.174,60.895,58.056,59.433,262482,,,0.2919,hfq
2022-04-07,58.916,59.433,56.938,56.938,192666,,,-4.1980,hfq
2022-04-08,57.110,58.142,55.476,56.078,163707,,,-1.5104,hfq
2022-04-11,55.992,56.164,53.411,53.927,165251,,,-3.8357,hfq
2022-04-12,53.841,56.852,53.067,56.766,200352,,,5.2645,hfq
2022-04-13,56.336,59.949,56.078,57.454,280798,,,1.2120,hfq
2022-04-14,57.798,58.916,56.422,58.228,210239,,,1.3472,hfq
2022-04-15,58.228,58.228,54.357,54.960,179923,,,-5.6124,hfq
2022-04-18,54.960,54.960,52.637,53.497,116064,,,-2.6619,hfq
2022-04-19,53.755,55.476,53.325,54.960,132759,,,2.7347,hfq
2022-04-20,54.874,57.798,54.529,55.648,162801,,,1.2518,hfq
2022-04-21,54.960,55.906,52.723,53.325,197282,,,-4.1745,hfq
2022-04-22,51.691,53.411,51.003,52.465,166249,,,-1.6128,hfq
2022-04-25,50.573,50.917,47.992,48.078,161764,,,-8.3618,hfq
2022-04-26,47.390,48.250,44.379,45.497,192561,,,-5.3684,hfq
2022-04-27,44.465,45.411,42.573,44.723,160159,,,-1.7012,hfq
2022-04-28,44.637,45.669,42.401,43.691,140067,,,-2.3075,hfq
2022-04-29,43.777,46.444,43.519,45.842,136594,,,4.9232,hfq
2022-05-05,45.325,47.476,45.325,46.444,106387,,,1.3132,hfq
2022-05-06,44.723,45.842,44.723,45.067,91755,,,-2.9649,hfq
2022-05-09,45.325,46.702,45.153,46.272,88822,,,2.6738,hfq
2022-05-10,45.842,47.046,45.669,46.874,90323,,,1.3010,hfq
2022-05-11,46.874,47.820,46.272,46.444,106657,,,-0.9174,hfq
2022-05-12,46.100,47.390,45.842,47.046,86908,,,1.2962,hfq
2022-05-13,47.304,48.164,46.702,47.734,87560,,,1.4624,hfq
2022-05-16,48.164,48.336,47.390,48.164,77618,,,0.9008,hfq
2022-05-17,47.648,48.164,46.616,47.906,79130,,,-0.5357,hfq
2022-05-18,47.562,49.626,47.218,48.766,135118,,,1.7952,hfq
2022-05-19,47.906,50.056,47.648,49.712,125154,,,1.9399,hfq
2022-05-20,49.798,52.551,49.454,51.261,183324,,,3.1159,hfq
2022-05-23,50.917,52.895,50.917,52.551,143106,,,2.5165,hfq
2022-05-24,53.067,53.755,49.110,49.798,169267,,,-5.2387,hfq
2022-05-25,49.979,51.785,49.979,51.613,123755,,,3.6447,hfq
2022-05-26,51.527,53.334,51.527,51.871,102395,,,0.4999,hfq
2022-05-27,52.388,54.452,51.355,54.280,189389,,,4.6442,hfq
2022-05-30,54.280,56.344,53.506,55.742,238479,,,2.6934,hfq
2022-05-31,54.624,55.570,53.936,54.882,178970,,,-1.5428,hfq
2022-06-01,54.452,56.947,54.366,56.172,195745,,,2.3505,hfq
2022-06-02,56.172,56.172,54.452,54.710,133895,,,-2.6027,hfq
2022-06-06,54.710,55.914,54.366,55.656,169346,,,1.7291,hfq
2022-06-07,55.570,55.656,54.452,55.226,111204,,,-0.7726,hfq
2022-06-08,55.226,55.226,53.420,54.538,112793,,,-1.2458,hfq
2022-06-09,54.710,54.796,53.162,53.678,83565,,,-1.5769,hfq
2022-06-10,53.592,54.624,53.420,54.452,81223,,,1.4419,hfq
2022-06-13,53.936,55.398,53.334,54.624,107363,,,0.3159,hfq
2022-06-14,54.194,54.968,52.560,54.968,106766,,,0.6298,hfq
2022-06-15,54.968,57.721,54.108,56.000,323271,,,1.8775,hfq
2022-06-16,55.656,56.086,53.764,54.194,186037,,,-3.2250,hfq
2022-06-17,53.334,54.538,52.302,53.162,119607,,,-1.9043,hfq
2022-06-20,53.162,54.022,52.818,52.990,78555,,,-0.3235,hfq
2022-06-21,52.646,53.334,51.527,52.216,90056,,,-1.4607,hfq
2022-06-22,52.302,52.474,51.269,51.355,68770,,,-1.6489,hfq
2022-06-23,51.527,52.216,50.925,52.216,71153,,,1.6766,hfq
2022-06-24,52.216,52.474,51.785,51.957,73594,,,-0.4960,hfq
2022-06-27,52.130,52.302,51.269,51.355,80768,,,-1.1587,hfq
2022-06-28,51.355,52.732,51.097,52.302,117134,,,1.8440,hfq
2022-06-29,52.216,52.560,51.355,51.355,79751,,,-1.8106,hfq
2022-06-30,51.355,51.785,51.097,51.441,68199,,,0.1675,hfq
2022-07-01,51.441,51.699,50.581,50.753,70028,,,-1.3375,hfq
2022-07-04,50.753,50.925,50.323,50.753,52680,,,0.0000,hfq
2022-07-05,50.925,51.269,49.635,50.065,68394,,,-1.3556,hfq
2022-07-06,50.151,50.323,48.947,49.291,61993,,,-1.5460,hfq
2022-07-07,49.377,50.753,49.377,49.807,63799,,,1.0468,hfq
2022-07-08,49.807,50.581,49.635,50.323,48852,,,1.0360,hfq
2022-07-11,50.151,50.409,49.549,50.151,54743,,,-0.3418,hfq
2022-07-12,50.151,50.667,49.635,50.323,70206,,,0.3430,hfq
2022-07-13,50.323,51.785,50.237,51.527,90819,,,2.3925,hfq
2022-07-14,51.613,52.388,50.495,51.613,108648,,,0.1669,hfq
2022-07-15,51.269,51.269,47.829,47.915,165294,,,-7.1649,hfq
2022-07-18,48.001,50.925,48.001,50.581,136441,,,5.5640,hfq
2022-07-19,50.581,51.785,50.409,51.785,93019,,,2.3803,hfq
2022-07-20,51.613,52.990,51.269,52.560,93937,,,1.4966,hfq
2022-07-21,52.818,52.904,51.527,51.871,89993,,,-1.3109,hfq
2022-07-22,52.216,53.420,51.871,52.216,83283,,,0.6651,hfq
2022-07-25,52.388,52.732,51.355,51.441,64597,,,-1.4842,hfq
2022-07-26,51.699,52.216,51.355,52.130,44799,,,1.3394,hfq
2022-07-27,51.957,52.302,51.699,51.957,31281,,,-0.3319,hfq
2022-07-28,52.043,52.818,51.871,52.732,57871,,,1.4916,hfq
2022-07-29,52.732,53.076,51.613,51.785,55395,,,-1.7959,hfq
2022-08-01,51.613,51.871,51.183,51.527,54270,,,-0.4982,hfq
2022-08-02,51.183,51.183,48.001,48.431,104844,,,-6.0085,hfq
2022-08-03,48.775,50.237,48.259,48.345,56349,,,-0.1776,hfq
2022-08-04,48.775,49.377,48.173,49.205,46310,,,1.7789,hfq
2022-08-05,49.291,50.065,48.775,49.979,53089,,,1.5730,hfq
2022-08-08,50.151,50.495,49.549,50.151,50207,,,0.3441,hfq
2022-08-09,50.753,50.839,49.893,50.323,40376,,,0.3430,hfq
2022-08-10,50.495,50.581,49.721,50.065,31453,,,-0.5127,hfq
2022-08-11,50.065,51.957,50.065,51.613,74117,,,3.0920,hfq
2022-08-12,51.355,52.130,51.183,51.871,52197,,,0.4999,hfq
2022-08-15,51.699,52.130,51.097,51.699,41944,,,-0.3316,hfq
2022-08-16,51.871,52.216,51.355,51.613,34475,,,-0.1663,hfq
2022-08-17,51.355,52.130,51.355,51.957,45650,,,0.6665,hfq
2022-08-18,51.957,51.957,51.441,51.527,34860,,,-0.8276,hfq
2022-08-19,51.871,54.280,51.269,52.474,160887,,,1.8379,hfq
2022-08-22,52.302,53.334,52.130,52.990,81482,,,0.9833,hfq
2022-08-23,52.818,53.850,52.646,53.592,69760,,,1.1361,hfq
2022-08-24,53.592,54.108,52.474,52.560,95052,,,-1.9257,hfq
2022-08-25,52.474,53.162,51.699,52.818,68862,,,0.4909,hfq
2022-08-26,53.162,53.162,51.785,52.043,58433,,,-1.4673,hfq
2022-08-29,50.925,52.990,50.925,52.818,54855,,,1.4892,hfq
2022-08-30,53.334,55.054,52.904,53.850,121530,,,1.9539,hfq
2022-08-31,53.850,53.850,52.216,52.990,80806,,,-1.5970,hfq
2022-09-01,53.248,54.452,52.904,53.162,78847,,,0.3246,hfq
2022-09-02,53.248,54.452,52.990,54.194,92855,,,1.9412,hfq
2022-09-05,54.108,54.882,53.936,54.452,71357,,,0.4761,hfq
2022-09-06,54.796,54.882,54.022,54.194,73233,,,-0.4738,hfq
2022-09-07,54.194,54.452,53.420,53.936,64150,,,-0.4761,hfq
2022-09-08,54.108,54.108,53.076,53.334,48029,,,-1.1161,hfq
2022-09-09,53.678,54.022,53.162,53.334,40995,,,0.0000,hfq
2022-09-13,53.506,54.452,53.420,53.592,56750,,,0.4837,hfq
2022-09-14,52.904,53.334,52.388,53.248,57555,,,-0.6419,hfq
2022-09-15,53.592,53.678,51.269,51.871,72538,,,-2.5860,hfq
2022-09-16,52.043,52.043,49.979,50.065,71539,,,-3.4817,hfq
2022-09-19,50.409,50.409,48.345,49.033,57031,,,-2.0613,hfq
2022-09-20,49.463,50.237,49.119,49.463,45124,,,0.8770,hfq
2022-09-21,49.635,50.495,48.517,50.237,44693,,,1.5648,hfq
2022-09-22,49.979,50.667,48.947,49.119,47028,,,-2.2255,hfq
2022-09-23,49.377,49.377,48.259,48.345,42847,,,-1.5758,hfq
2022-09-26,48.087,48.431,46.968,47.054,59628,,,-2.6704,hfq
2022-09-27,47.140,48.431,47.140,48.087,46477,,,2.1954,hfq
2022-09-28,48.345,48.431,46.882,46.968,38796,,,-2.3270,hfq
2022-09-29,47.312,48.173,46.194,46.452,48037,,,-1.0986,hfq
2022-09-30,46.280,46.710,45.850,46.022,34530,,,-0.9257,hfq
2022-10-10,45.936,46.452,45.248,45.506,46421,,,-1.1212,hfq
2022-10-11,45.506,45.936,44.904,45.850,36656,,,0.7559,hfq
2022-10-12,45.936,46.968,45.506,46.796,41770,,,2.0632,hfq
2022-10-13,47.054,47.829,46.452,47.398,35847,,,1.2864,hfq
2022-10-14,47.571,48.001,47.398,47.743,45739,,,0.7279,hfq
2022-10-17,47.743,48.431,47.398,48.173,48754,,,0.9007,hfq
2022-10-18,48.259,48.947,48.087,48.431,37542,,,0.5356,hfq
2022-10-19,48.431,48.947,47.915,48.603,40150,,,0.3551,hfq
2022-10-20,48.517,49.119,48.259,48.775,37314,,,0.3539,hfq
2022-10-21,49.033,50.409,48.603,49.205,64884,,,0.8816,hfq
2022-10-24,49.205,49.463,48.001,48.087,41545,,,-2.2721,hfq
2022-10-25,47.915,48.259,46.968,47.398,47136,,,-1.4328,hfq
2022-10-26,47.657,49.377,47.571,48.775,60035,,,2.9052,hfq
2022-10-27,48.689,49.893,48.431,49.377,59335,,,1.2342,hfq
2022-10-28,48.861,49.463,46.796,46.882,58426,,,-5.0530,hfq
2022-10-31,47.054,48.001,46.538,47.571,54752,,,1.4696,hfq
2022-11-01,47.571,48.947,47.571,48.947,44908,,,2.8925,hfq
2022-11-02,49.033,49.979,48.861,49.463,60633,,,1.0542,hfq
2022-11-03,49.377,50.495,49.205,49.463,61264,,,0.0000,hfq
2022-11-04,49.721,50.065,49.033,49.979,46423,,,1.0432,hfq
2022-11-07,49.979,50.925,49.549,50.581,61187,,,1.2045,hfq
2022-11-08,50.409,50.839,49.979,50.667,45931,,,0.1700,hfq
2022-11-09,50.667,51.269,50.409,51.269,49138,,,1.1882,hfq
2022-11-10,50.839,51.613,50.323,51.527,54560,,,0.5032,hfq
2022-11-11,52.043,52.560,51.183,51.183,69998,,,-0.6676,hfq
2022-11-14,51.269,52.388,51.183,51.441,63977,,,0.5041,hfq
2022-11-15,51.441,52.818,51.183,52.130,67704,,,1.3394,hfq
2022-11-16,51.785,52.560,51.613,51.871,53428,,,-0.4968,hfq
2022-11-17,52.043,52.904,51.699,52.646,69445,,,1.4941,hfq
2022-11-18,52.646,52.904,52.043,52.302,65425,,,-0.6534,hfq
2022-11-21,52.043,52.904,51.441,51.699,50506,,,-1.1529,hfq
2022-11-22,51.871,53.076,51.355,52.818,99164,,,2.1645,hfq
2022-11-23,52.560,54.194,52.043,53.420,135151,,,1.1398,hfq
2022-11-24,53.764,53.764,52.388,52.818,90627,,,-1.1269,hfq
2022-11-25,52.560,54.538,52.474,53.592,143343,,,1.4654,hfq
2022-11-28,53.076,54.452,51.699,54.194,127746,,,1.1233,hfq
2022-11-29,53.850,54.796,53.506,53.850,133862,,,-0.6348,hfq
2022-11-30,53.506,54.968,53.334,54.538,130104,,,1.2776,hfq
2022-12-01,54.366,54.710,53.420,53.592,105548,,,-1.7346,hfq
2022-12-02,53.592,56.430,53.248,54.538,175147,,,1.7652,hfq
2022-12-05,54.710,59.699,54.624,59.699,364890,,,9.4631,hfq
2022-12-06,60.387,63.570,58.151,58.667,653683,,,-1.7287,hfq
2022-12-07,59.097,59.699,57.033,58.151,358745,,,-0.8795,hfq
2022-12-08,58.151,58.323,56.172,56.689,251112,,,-2.5141,hfq
2022-12-09,57.549,57.721,55.226,56.344,228007,,,-0.6086,hfq
2022-12-12,56.086,56.086,54.710,55.312,159360,,,-1.8316,hfq
2022-12-13,55.484,56.172,55.054,55.570,141370,,,0.4664,hfq
2022-12-14,55.054,55.828,54.710,55.140,106074,,,-0.7738,hfq
2022-12-15,55.312,56.861,55.140,55.742,153225,,,1.0918,hfq
2022-12-16,55.312,56.430,54.108,56.172,153836,,,0.7714,hfq
2022-12-19,55.828,56.000,52.904,53.248,168298,,,-5.2054,hfq
2022-12-20,53.334,54.882,53.076,54.194,102553,,,1.7766,hfq
2022-12-21,54.194,54.882,53.592,53.764,57178,,,-0.7934,hfq
2022-12-22,54.108,54.538,52.560,52.646,77771,,,-2.0795,hfq
2022-12-23,52.818,53.936,52.043,53.248,66089,,,1.1435,hfq
2022-12-26,53.334,53.678,52.732,53.592,58385,,,0.6460,hfq
2022-12-27,53.764,55.398,53.162,55.054,106521,,,2.7280,hfq
2022-12-28,54.624,57.033,54.366,56.086,140207,,,1.8745,hfq
2022-12-29,56.000,56.516,55.226,56.000,85964,,,-0.1533,hfq
2022-12-30,55.828,57.119,55.570,56.947,98867,,,1.6911,hfq
2023-01-03,56.861,57.119,56.258,57.033,95208,,,0.1510,hfq
2023-01-04,56.689,57.549,56.689,56.947,99856,,,-0.1508,hfq
2023-01-05,56.947,57.205,55.742,56.086,95907,,,-1.5119,hfq
2023-01-06,56.086,56.086,53.678,54.366,115638,,,-3.0667,hfq
2023-01-09,54.366,54.882,54.022,54.624,62468,,,0.4746,hfq
2023-01-10,54.796,54.796,53.592,53.850,63640,,,-1.4170,hfq
2023-01-11,54.194,54.194,53.076,53.248,50026,,,-1.1179,hfq
2023-01-12,53.248,53.850,53.076,53.248,47001,,,0.0000,hfq
2023-01-13,53.334,53.936,53.076,53.506,78493,,,0.4845,hfq
2023-01-16,53.592,58.581,53.420,58.581,223952,,,9.4849,hfq
2023-01-17,58.839,59.355,56.689,57.807,295126,,,-1.3212,hfq
2023-01-18,57.807,59.527,57.205,58.753,228705,,,1.6365,hfq
2023-01-19,58.839,59.441,57.549,59.011,150178,,,0.4391,hfq
2023-01-20,59.097,59.527,58.237,58.495,103214,,,-0.8744,hfq
2023-01-30,58.925,59.183,57.979,58.753,110595,,,0.4411,hfq
2023-01-31,58.667,59.183,58.151,59.097,91204,,,0.5855,hfq
2023-02-01,59.097,60.989,58.753,60.473,192691,,,2.3284,hfq
2023-02-02,60.387,60.473,59.097,59.527,114520,,,-1.5643,hfq
2023-02-03,59.527,59.785,58.581,59.183,80139,,,-0.5779,hfq
2023-02-06,58.839,59.011,58.237,58.839,72859,,,-0.5812,hfq
2023-02-07,59.011,59.097,58.237,58.495,73295,,,-0.5846,hfq
2023-02-08,58.581,58.667,57.893,58.151,57203,,,-0.5881,hfq
2023-02-09,57.979,58.323,57.635,58.237,63137,,,0.1479,hfq
2023-02-10,58.151,58.495,57.893,58.065,58899,,,-0.2953,hfq
2023-02-13,58.065,58.409,57.893,58.323,67924,,,0.4443,hfq
2023-02-14,58.409,59.355,58.151,58.237,108283,,,-0.1475,hfq
2023-02-15,58.409,58.839,58.065,58.237,64242,,,0.0000,hfq
2023-02-16,58.581,59.613,56.689,57.205,125459,,,-1.7721,hfq
2023-02-17,57.119,57.807,56.602,57.463,74325,,,0.4510,hfq
2023-02-20,57.463,59.613,57.033,59.527,132408,,,3.5919,hfq
2023-02-21,59.355,61.420,58.667,60.129,161770,,,1.0113,hfq
2023-02-22,59.871,61.161,59.183,60.473,131030,,,0.5721,hfq
2023-02-23,60.301,61.764,59.957,60.387,96983,,,-0.1422,hfq
2023-02-24,60.817,62.538,60.645,61.506,170388,,,1.8530,hfq
2023-02-27,61.248,61.248,59.527,59.957,113150,,,-2.5185,hfq
2023-02-28,59.871,61.334,59.699,61.075,99686,,,1.8647,hfq
2023-03-01,60.903,60.903,60.043,60.387,76043,,,-1.1265,hfq
2023-03-02,60.129,60.645,59.613,59.699,67501,,,-1.1393,hfq
2023-03-03,59.871,60.989,59.183,60.731,68809,,,1.7287,hfq
2023-03-06,60.387,61.420,60.387,60.817,70487,,,0.1416,hfq
2023-03-07,60.559,62.194,60.043,60.129,114656,,,-1.1313,hfq
2023-03-08,60.559,60.559,59.441,60.129,83398,,,0.0000,hfq
2023-03-09,60.215,60.215,58.495,58.839,62809,,,-2.1454,hfq
2023-03-10,58.495,58.839,57.291,57.463,61799,,,-2.3386,hfq
2023-03-13,56.947,58.065,56.861,57.377,49384,,,-0.1497,hfq
2023-03-14,57.033,57.377,55.226,55.656,62172,,,-2.9995,hfq
2023-03-15,55.742,57.119,55.742,56.947,51021,,,2.3196,hfq
2023-03-16,56.602,56.775,55.570,55.656,46558,,,-2.2670,hfq
2023-03-17,55.914,56.689,55.656,56.344,46645,,,1.2362,hfq
2023-03-20,56.430,56.861,55.398,55.484,74600,,,-1.5263,hfq
2023-03-21,55.484,57.119,55.226,56.775,51930,,,2.3268,hfq
2023-03-22,56.947,57.205,56.430,56.602,46201,,,-0.3047,hfq
2023-03-23,56.516,56.516,55.742,56.258,51817,,,-0.6078,hfq
2023-03-24,56.947,57.291,56.172,56.775,62551,,,0.9190,hfq
2023-03-27,56.602,56.689,54.194,55.054,105588,,,-3.0313,hfq
2023-03-28,55.398,55.398,54.452,54.624,47486,,,-0.7811,hfq
2023-03-29,54.796,55.312,54.366,54.366,56712,,,-0.4723,hfq
2023-03-30,54.538,54.710,53.506,54.108,54408,,,-0.4746,hfq
2023-03-31,54.366,55.312,54.022,55.140,49018,,,1.9073,hfq
2023-04-03,55.140,55.570,54.624,55.398,46188,,,0.4679,hfq
2023-04-04,55.570,55.570,54.452,54.882,60345,,,-0.9314,hfq
2023-04-06,54.538,54.710,53.420,53.592,56744,,,-2.3505,hfq
2023-04-07,53.592,54.366,53.334,54.108,33886,,,0.9628,hfq
2023-04-10,54.366,54.452,52.474,52.646,69150,,,-2.7020,hfq
2023-04-11,52.732,53.248,52.302,53.248,40575,,,1.1435,hfq
2023-04-12,53.076,54.108,52.990,53.936,43419,,,1.2921,hfq
2023-04-13,53.936,54.710,53.678,54.022,34651,,,0.1594,hfq
2023-04-14,54.108,54.108,53.076,53.420,43777,,,-1.1144,hfq
2023-04-17,53.162,54.366,52.904,54.194,50162,,,1.4489,hfq
2023-04-18,53.936,54.366,53.162,53.506,38643,,,-1.2695,hfq
2023-04-19,53.506,53.506,52.474,52.474,42929,,,-1.9288,hfq
2023-04-20,52.646,52.646,51.527,51.957,45916,,,-0.9852,hfq
2023-04-21,51.957,52.388,50.581,50.839,48378,,,-2.1518,hfq
2023-04-24,50.667,51.355,50.323,51.097,52302,,,0.5075,hfq
2023-04-25,51.183,51.269,49.635,50.495,57021,,,-1.1782,hfq
2023-04-26,50.581,51.269,50.237,51.183,39923,,,1.3625,hfq
2023-04-27,51.269,51.871,50.925,51.355,39432,,,0.3360,hfq
2023-04-28,51.785,54.022,51.441,53.936,84191,,,5.0258,hfq
2023-05-04,53.850,56.861,53.506,56.775,154677,,,5.2636,hfq
2023-05-05,56.861,57.979,56.516,57.463,111020,,,1.2118,hfq
2023-05-08,57.807,58.925,57.377,58.495,128177,,,1.7959,hfq
2023-05-09,58.753,62.366,58.495,59.269,232051,,,1.3232,hfq
2023-05-10,58.839,60.731,58.409,60.043,154905,,,1.3059,hfq
2023-05-11,60.473,61.936,60.301,60.989,123035,,,1.5755,hfq
2023-05-12,60.903,62.280,60.387,61.161,128950,,,0.2820,hfq
2023-05-15,61.334,61.850,60.129,61.850,127229,,,1.1265,hfq
2023-05-16,61.764,61.764,60.215,60.645,89510,,,-1.9483,hfq
2023-05-17,59.785,61.161,59.527,60.817,68730,,,0.2836,hfq
2023-05-18,60.817,61.075,59.785,59.957,53390,,,-1.4141,hfq
2023-05-19,60.387,60.387,58.839,59.183,64664,,,-1.2909,hfq
2023-05-22,59.785,59.957,57.807,58.151,74443,,,-1.7437,hfq
2023-05-23,58.667,58.667,56.861,57.033,64012,,,-1.9226,hfq
2023-05-24,57.205,57.205,55.742,55.828,59932,,,-2.1128,hfq
2023-05-25,55.914,56.000,54.452,55.226,64028,,,-1.0783,hfq
2023-05-26,55.226,55.398,54.452,55.054,63566,,,-0.3114,hfq
2023-05-29,55.140,55.742,54.624,54.796,79514,,,-0.4686,hfq
2023-05-30,55.054,55.742,54.108,55.656,73880,,,1.5695,hfq
2023-05-31,55.484,56.602,55.054,55.828,99647,,,0.3090,hfq
2023-06-01,55.914,56.086,54.624,55.398,80111,,,-0.7702,hfq
2023-06-02,55.398,56.000,54.710,55.140,78663,,,-0.4657,hfq
2023-06-05,54.968,56.172,54.882,56.000,65158,,,1.5597,hfq
2023-06-06,55.742,55.914,54.452,54.624,53581,,,-2.4571,hfq
2023-06-07,54.710,56.000,54.366,55.656,63656,,,1.8893,hfq
2023-06-08,55.656,56.000,54.796,55.484,49607,,,-0.3090,hfq
2023-06-09,55.484,56.000,55.226,55.570,50894,,,0.1550,hfq
2023-06-12,55.656,55.742,54.280,54.796,65790,,,-1.3928,hfq
2023-06-13,54.624,55.312,54.538,55.054,45224,,,0.4708,hfq
2023-06-14,55.140,55.656,54.968,55.226,44359,,,0.3124,hfq
2023-06-15,54.968,55.226,54.452,54.882,56857,,,-0.6229,hfq
2023-06-16,54.882,59.613,54.882,56.516,158789,,,2.9773,hfq
2023-06-19,56.516,57.119,55.484,55.656,83292,,,-1.5217,hfq
2023-06-20,55.226,55.570,54.538,54.538,74376,,,-2.0088,hfq
2023-06-21,54.280,54.710,53.334,53.334,68866,,,-2.2076,hfq
2023-06-26,53.162,53.334,52.302,52.388,65425,,,-1.7737,hfq
2023-06-27,52.646,54.194,52.302,54.194,60934,,,3.4474,hfq
2023-06-28,53.936,54.194,53.076,54.022,37411,,,-0.3174,hfq
2023-06-29,54.022,55.140,53.850,54.882,49884,,,1.5919,hfq
2023-06-30,54.796,55.656,54.710,55.398,70683,,,0.9402,hfq
2023-07-03,55.398,56.172,55.398,56.086,60637,,,1.2419,hfq
2023-07-04,56.172,56.689,55.828,56.258,62373,,,0.3067,hfq
2023-07-05,56.602,56.602,55.656,55.914,42353,,,-0.6115,hfq
2023-07-06,55.656,56.689,55.656,56.430,44352,,,0.9228,hfq
2023-07-07,56.086,57.033,55.828,56.775,46573,,,0.6114,hfq
2023-07-10,56.947,57.205,56.430,57.033,58778,,,0.4544,hfq
2023-07-11,57.205,58.065,57.033,57.893,55681,,,1.5079,hfq
2023-07-12,57.893,58.581,57.033,57.205,67831,,,-1.1884,hfq
2023-07-13,57.635,58.151,57.377,57.807,55553,,,1.0524,hfq
2023-07-14,57.979,58.839,57.807,58.581,64946,,,1.3389,hfq
2023-07-17,58.323,59.183,57.635,58.925,53954,,,0.5872,hfq
2023-07-18,58.753,59.355,58.581,58.667,48300,,,-0.4378,hfq
2023-07-19,59.097,59.441,58.581,59.097,42303,,,0.7330,hfq
2023-07-20,59.097,59.441,58.495,58.667,54233,,,-0.7276,hfq
2023-07-21,58.581,59.871,58.323,58.925,69403,,,0.4398,hfq
2023-07-24,58.753,59.527,58.495,59.355,56342,,,0.7297,hfq
2023-07-25,59.871,60.387,59.441,60.215,59016,,,1.4489,hfq
2023-07-26,60.043,60.129,59.527,60.043,52103,,,-0.2856,hfq
2023-07-27,60.387,60.387,59.441,59.441,44074,,,-1.0026,hfq
2023-07-28,59.355,61.420,59.269,61.248,98663,,,3.0400,hfq
2023-07-31,61.592,62.710,61.248,61.936,115302,,,1.1233,hfq
2023-08-01,62.022,62.108,61.248,61.678,72631,,,-0.4166,hfq
2023-08-02,61.764,62.624,61.420,62.452,70848,,,1.2549,hfq
2023-08-03,62.452,62.882,61.506,62.882,68758,,,0.6885,hfq
2023-08-04,63.140,65.032,62.710,64.172,144674,,,2.0515,hfq
2023-08-07,62.796,63.828,62.022,63.656,117494,,,-0.8041,hfq
2023-08-08,63.656,63.828,62.022,62.796,81948,,,-1.3510,hfq
2023-08-09,62.796,63.570,61.764,62.022,64331,,,-1.2326,hfq
2023-08-10,62.280,62.968,61.678,62.280,54625,,,0.4160,hfq
2023-08-11,62.366,62.452,60.559,60.645,64875,,,-2.6252,hfq
2023-08-14,60.043,61.248,59.613,61.075,62466,,,0.7090,hfq
2023-08-15,61.075,61.420,60.301,60.903,53993,,,-0.2816,hfq
2023-08-16,61.248,63.570,60.387,62.022,81164,,,1.8373,hfq
2023-08-17,61.678,62.022,60.731,61.248,75809,,,-1.2479,hfq
2023-08-18,61.248,61.592,59.957,60.129,70499,,,-1.8270,hfq
2023-08-21,59.785,60.645,59.355,59.527,59761,,,-1.0012,hfq
2023-08-22,60.043,60.129,58.667,59.871,67353,,,0.5779,hfq
2023-08-23,59.699,59.871,58.409,58.581,51059,,,-2.1546,hfq
2023-08-24,58.667,59.097,57.893,57.893,50844,,,-1.1744,hfq
2023-08-25,57.979,59.441,57.549,57.807,63392,,,-0.1485,hfq
2023-08-28,61.850,62.022,60.043,60.387,143409,,,4.4631,hfq
2023-08-29,59.871,60.387,58.839,59.871,111464,,,-0.8545,hfq
2023-08-30,59.871,60.129,58.667,58.925,85371,,,-1.5801,hfq
2023-08-31,58.237,58.925,56.000,57.033,119323,,,-3.2109,hfq
2023-09-01,57.033,57.205,55.828,56.000,89120,,,-1.8112,hfq
2023-09-04,56.086,57.635,56.000,57.291,82465,,,2.3054,hfq
2023-09-05,57.119,57.291,55.914,56.086,66276,,,-2.1033,hfq
2023-09-06,56.086,56.344,55.570,56.172,58090,,,0.1533,hfq
2023-09-07,56.172,56.689,55.398,55.484,65790,,,-1.2248,hfq
2023-09-08,55.054,56.430,55.054,55.828,61571,,,0.6200,hfq
2023-09-11,55.914,58.237,55.742,57.979,98874,,,3.8529,hfq
2023-09-12,57.979,58.065,56.947,57.291,65625,,,-1.1866,hfq
2023-09-13,57.033,57.205,56.258,56.861,41700,,,-0.7506,hfq
2023-09-14,56.430,57.033,56.172,56.516,47070,,,-0.6067,hfq
2023-09-15,56.861,57.635,56.516,57.205,60381,,,1.2191,hfq
2023-09-18,56.861,57.721,56.172,57.635,41535,,,0.7517,hfq
2023-09-19,57.291,57.721,56.947,57.119,36583,,,-0.8953,hfq
2023-09-20,56.947,57.205,56.516,56.689,36331,,,-0.7528,hfq
2023-09-21,56.602,57.033,56.172,56.430,43602,,,-0.4569,hfq
2023-09-22,56.344,58.151,56.086,58.151,70357,,,3.0498,hfq
2023-09-25,58.065,58.065,55.484,56.000,90347,,,-3.6990,hfq
2023-09-26,55.742,56.086,55.226,55.742,52694,,,-0.4607,hfq
2023-09-27,55.484,57.033,55.226,56.516,65436,,,1.3885,hfq
2023-09-28,56.430,57.635,56.430,57.463,72595,,,1.6756,hfq
2023-10-09,56.947,57.291,55.742,55.828,96425,,,-2.8453,hfq
2023-10-10,56.000,56.775,55.828,56.000,62768,,,0.3081,hfq
2023-10-11,56.172,56.258,55.398,55.570,66173,,,-0.7679,hfq
2023-10-12,55.914,56.430,55.570,56.086,53257,,,0.9286,hfq
2023-10-13,55.742,56.086,54.710,54.968,80567,,,-1.9934,hfq
2023-10-16,55.054,56.000,54.538,55.398,56488,,,0.7823,hfq
2023-10-17,55.570,57.033,55.398,56.430,85652,,,1.8629,hfq
2023-10-18,56.172,56.430,55.140,55.226,56892,,,-2.1336,hfq
2023-10-19,55.140,56.344,54.624,55.484,68643,,,0.4672,hfq
2023-10-20,55.484,55.742,54.366,54.710,70701,,,-1.3950,hfq
2023-10-23,54.280,55.054,53.592,53.850,74152,,,-1.5719,hfq
2023-10-24,53.850,56.000,53.850,55.914,97099,,,3.8329,hfq
2023-10-25,56.172,56.602,55.742,56.000,52609,,,0.1538,hfq
2023-10-26,56.000,56.258,55.570,56.172,51774,,,0.3071,hfq
2023-10-27,56.172,56.602,55.914,56.516,52132,,,0.6124,hfq
2023-10-30,56.172,57.119,56.086,56.775,65614,,,0.4583,hfq
2023-10-31,56.861,57.291,56.689,57.033,45249,,,0.4544,hfq
2023-11-01,57.033,57.893,56.947,57.549,55761,,,0.9047,hfq
2023-11-02,57.377,57.721,56.775,56.775,48241,,,-1.3449,hfq
2023-11-03,57.033,57.291,56.602,56.861,48718,,,0.1515,hfq
2023-11-06,57.377,57.979,57.205,57.807,64567,,,1.6637,hfq
2023-11-07,57.893,58.581,57.807,58.409,54883,,,1.0414,hfq
2023-11-08,58.409,59.097,57.721,58.065,67035,,,-0.5890,hfq
2023-11-09,58.065,58.237,57.377,57.377,50672,,,-1.1849,hfq
2023-11-10,57.549,57.807,57.205,57.635,43101,,,0.4497,hfq
2023-11-13,57.893,58.237,57.635,58.065,44719,,,0.7461,hfq
2023-11-14,58.065,59.011,57.893,58.667,75956,,,1.0368,hfq
2023-11-15,59.011,59.355,58.323,58.495,57198,,,-0.2932,hfq
2023-11-16,58.409,58.925,58.151,58.237,44085,,,-0.4411,hfq
2023-11-17,58.323,58.667,58.065,58.409,45921,,,0.2953,hfq
2023-11-20,58.581,60.043,58.065,59.355,76650,,,1.6196,hfq
2023-11-21,59.183,60.559,59.097,59.355,78575,,,0.0000,hfq
2023-11-22,59.097,65.032,59.097,65.032,218382,,,9.5645,hfq
2023-11-23,68.559,68.645,62.624,64.086,645438,,,-1.4547,hfq
2023-11-24,64.172,64.602,62.366,62.624,340873,,,-2.2813,hfq
2023-11-27,63.054,63.054,61.075,61.592,229845,,,-1.6479,hfq
2023-11-28,61.506,62.194,61.161,61.592,153424,,,0.0000,hfq
2023-11-29,61.334,61.936,60.645,60.903,143277,,,-1.1187,hfq
2023-11-30,60.903,61.678,60.645,61.678,129138,,,1.2725,hfq
2023-12-01,61.334,63.656,61.161,63.226,194768,,,2.5098,hfq
2023-12-04,62.968,64.516,62.796,63.742,163093,,,0.8161,hfq
2023-12-05,63.656,64.602,62.882,63.312,140970,,,-0.6746,hfq
2023-12-06,62.968,65.548,62.796,64.516,194913,,,1.9017,hfq
2023-12-07,64.086,65.118,63.828,64.258,169916,,,-0.3999,hfq
2023-12-08,64.258,64.344,61.506,61.764,139402,,,-3.8812,hfq
2023-12-11,61.850,63.914,61.506,63.742,146153,,,3.2025,hfq
2023-12-12,63.484,64.172,63.054,64.172,87097,,,0.6746,hfq
2023-12-13,63.914,64.774,63.742,63.914,92622,,,-0.4020,hfq
2023-12-14,63.914,64.602,63.742,64.000,64854,,,0.1346,hfq
2023-12-15,64.086,70.107,63.570,67.871,484156,,,6.0484,hfq
2023-12-18,67.785,68.473,65.204,65.979,372812,,,-2.7876,hfq
2023-12-19,65.893,67.097,64.086,65.032,222869,,,-1.4353,hfq
2023-12-20,64.946,64.946,62.366,62.624,196970,,,-3.7028,hfq
2023-12-21,62.624,63.570,60.989,63.054,159430,,,0.6866,hfq
2023-12-22,63.312,67.699,62.882,62.968,211909,,,-0.1364,hfq
2023-12-25,62.280,63.398,60.645,61.334,135229,,,-2.5950,hfq
2023-12-26,60.387,61.075,59.613,59.699,91237,,,-2.6657,hfq
2023-12-27,59.613,61.592,59.613,61.420,92147,,,2.8828,hfq
2023-12-28,60.903,63.140,60.473,62.882,104892,,,2.3803,hfq
2023-12-29,62.280,65.118,62.280,64.172,110843,,,2.0515,hfq
2024-01-02,63.914,65.462,63.742,64.086,72948,,,-0.1340,hfq
2024-01-03,64.086,64.258,62.968,63.656,67427,,,-0.6710,hfq
2024-01-04,63.312,63.742,62.796,63.570,61372,,,-0.1351,hfq
2024-01-05,63.484,63.742,62.280,62.710,61399,,,-1.3528,hfq
2024-01-08,62.624,63.226,61.936,61.936,57032,,,-1.2343,hfq
2024-01-09,61.850,63.914,61.850,63.398,90186,,,2.3605,hfq
2024-01-10,63.312,63.398,61.936,62.194,66136,,,-1.8991,hfq
2024-01-11,62.194,63.226,61.678,62.882,61465,,,1.1062,hfq
2024-01-12,62.710,63.140,61.506,61.592,65521,,,-2.0515,hfq
2024-01-15,61.420,62.968,61.075,62.366,67342,,,1.2567,hfq
2024-01-16,62.366,65.462,61.420,64.688,240870,,,3.7232,hfq
2024-01-17,64.516,70.710,64.172,65.721,526865,,,1.5969,hfq
2024-01-18,65.118,70.624,63.140,69.591,680263,,,5.8885,hfq
2024-01-19,67.011,68.215,64.860,67.183,515202,,,-3.4602,hfq
2024-01-22,65.807,69.505,64.688,65.979,526612,,,-1.7921,hfq
2024-01-23,62.882,65.807,60.473,65.204,398363,,,-1.1746,hfq
2024-01-24,64.602,71.484,63.484,71.484,482067,,,9.6313,hfq
2024-01-25,78.365,78.365,75.183,78.365,453710,,,9.6259,hfq
2024-01-26,85.935,85.935,82.666,85.935,521754,,,9.6599,hfq
2024-01-29,91.268,94.279,77.591,77.591,1085331,,,-9.7097,hfq
2024-01-30,70.882,76.559,70.107,70.107,786902,,,-9.6454,hfq
2024-01-31,70.107,75.269,69.677,72.258,770222,,,3.0682,hfq
2024-02-01,65.290,70.107,65.290,66.839,661035,,,-7.4995,hfq
2024-02-02,66.581,70.624,61.334,64.688,729720,,,-3.2182,hfq
2024-02-05,62.968,62.968,58.495,58.495,346647,,,-9.5736,hfq
2024-02-06,53.592,59.699,52.904,56.172,555637,,,-3.9713,hfq
2024-02-07,54.968,56.775,50.839,50.839,490686,,,-9.4941,hfq
2024-02-08,50.753,53.850,48.603,53.420,402680,,,5.0768,hfq
2024-02-19,53.420,55.656,51.957,55.656,416671,,,4.1857,hfq
2024-02-20,55.484,59.183,54.624,57.807,500738,,,3.8648,hfq
2024-02-21,57.205,60.387,56.172,57.979,521584,,,0.2975,hfq
2024-02-22,57.549,58.753,57.119,58.753,402085,,,1.3350,hfq
2024-02-23,58.753,62.022,58.323,61.161,467098,,,4.0985,hfq
2024-02-26,60.559,63.742,59.699,63.140,478120,,,3.2357,hfq
2024-02-27,63.742,69.161,61.678,66.667,693101,,,5.5860,hfq
2024-02-28,68.215,73.032,64.946,67.699,961473,,,1.5480,hfq
2024-02-29,63.914,70.882,63.914,69.333,781553,,,2.4136,hfq
2024-03-01,68.301,68.559,65.721,66.667,521568,,,-3.8452,hfq
2024-03-04,66.753,68.989,64.086,67.871,513227,,,1.8060,hfq
2024-03-05,66.151,68.129,65.548,66.323,334577,,,-2.2808,hfq
2024-03-06,65.548,67.355,65.462,66.237,255341,,,-0.1297,hfq
2024-03-07,66.065,66.839,64.172,64.344,290055,,,-2.8579,hfq
2024-03-08,63.914,64.516,63.054,63.742,219795,,,-0.9356,hfq
2024-03-11,63.914,64.774,63.140,64.774,226964,,,1.6190,hfq
2024-03-12,64.688,65.204,63.914,65.032,199742,,,0.3983,hfq
2024-03-13,64.946,66.151,64.344,66.151,290380,,,1.7207,hfq
2024-03-14,65.634,68.129,64.258,64.774,366865,,,-2.0816,hfq
2024-03-15,64.430,64.602,62.624,64.258,282951,,,-0.7966,hfq
2024-03-18,64.172,66.667,64.086,66.323,317408,,,3.2136,hfq
2024-03-19,66.237,66.323,65.032,65.032,198875,,,-1.9465,hfq
2024-03-20,64.946,65.979,64.602,65.721,167427,,,1.0595,hfq
2024-03-21,65.721,66.237,64.946,65.807,194140,,,0.1309,hfq
2024-03-22,65.807,65.807,63.742,63.914,205627,,,-2.8766,hfq
2024-03-25,63.140,63.656,60.387,60.473,228895,,,-5.3838,hfq
2024-03-26,60.301,60.989,59.441,60.731,127193,,,0.4266,hfq
2024-03-27,60.559,60.559,57.721,57.721,145828,,,-4.9563,hfq
2024-03-28,57.463,59.613,57.205,59.183,118141,,,2.5329,hfq
2024-03-29,59.183,60.731,59.183,60.645,94221,,,2.4703,hfq
2024-04-01,60.903,61.592,60.731,61.248,103461,,,0.9943,hfq
2024-04-02,61.764,61.764,60.215,60.731,89392,,,-0.8441,hfq
2024-04-03,60.817,60.903,59.613,60.129,81122,,,-0.9913,hfq
2024-04-08,60.043,60.043,58.065,58.409,85274,,,-2.8605,hfq
2024-04-09,58.323,59.785,57.979,59.699,81379,,,2.2086,hfq
2024-04-10,59.613,59.699,57.119,57.807,100415,,,-3.1692,hfq
2024-04-11,57.463,58.753,57.033,57.893,76592,,,0.1488,hfq
2024-04-12,57.893,58.065,56.861,57.033,85061,,,-1.4855,hfq
2024-04-15,56.689,57.377,53.334,54.968,154315,,,-3.6207,hfq
2024-04-16,54.968,54.968,51.355,51.527,153555,,,-6.2600,hfq
2024-04-17,52.130,54.624,52.043,54.452,114779,,,5.6766,hfq
2024-04-18,54.452,55.828,53.592,54.882,123133,,,0.7897,hfq
2024-04-19,54.710,54.796,53.334,53.764,101465,,,-2.0371,hfq
2024-04-22,53.162,53.678,51.957,52.732,66836,,,-1.9195,hfq
2024-04-23,52.818,53.936,52.732,53.248,63330,,,0.9785,hfq
2024-04-24,53.420,53.936,53.076,53.764,60321,,,0.9691,hfq
2024-04-25,53.592,54.624,53.162,54.194,61820,,,0.7998,hfq
2024-04-26,55.742,58.667,54.796,57.549,212892,,,6.1907,hfq
2024-04-29,57.119,58.839,56.689,58.323,170084,,,1.3449,hfq
2024-04-30,58.323,59.613,58.323,58.753,160780,,,0.7373,hfq
2024-05-06,59.871,60.301,58.753,59.269,140344,,,0.8783,hfq
2024-05-07,59.097,59.527,58.237,59.269,116689,,,0.0000,hfq
2024-05-08,59.355,59.441,57.635,57.807,82810,,,-2.4667,hfq
2024-05-09,57.893,58.925,57.893,58.581,65246,,,1.3389,hfq
2024-05-10,58.753,59.183,57.721,58.151,63851,,,-0.7340,hfq
2024-05-13,57.721,57.893,56.775,57.291,67266,,,-1.4789,hfq
2024-05-14,57.291,58.237,57.205,58.151,60716,,,1.5011,hfq
2024-05-15,58.323,58.581,56.861,56.861,73529,,,-2.2184,hfq
2024-05-16,57.205,58.237,57.033,57.721,68130,,,1.5125,hfq
2024-05-17,58.065,59.355,57.549,59.097,108619,,,2.3839,hfq
2024-05-20,58.925,59.871,58.495,59.355,82196,,,0.4366,hfq
2024-05-21,59.355,59.699,58.495,59.441,75691,,,0.1449,hfq
2024-05-22,59.355,61.506,59.097,61.075,186142,,,2.7489,hfq
2024-05-23,60.473,60.817,58.409,58.581,137340,,,-4.0835,hfq
2024-05-24,58.065,60.387,57.377,58.323,124049,,,-0.4404,hfq
2024-05-27,58.323,58.581,56.775,57.807,99284,,,-0.8847,hfq
2024-05-28,57.377,57.721,56.775,57.033,60922,,,-1.3389,hfq
2024-05-29,56.947,57.979,56.861,57.291,53798,,,0.4524,hfq
2024-05-30,57.205,57.205,56.086,56.430,64296,,,-1.5029,hfq
2024-05-31,56.732,57.076,56.301,56.387,39208,,,-0.0762,hfq
2024-06-03,56.387,56.559,54.409,54.925,78824,,,-2.5928,hfq
2024-06-04,55.011,60.086,54.237,60.086,179437,,,9.3964,hfq
2024-06-05,61.463,64.731,60.602,61.032,570298,,,1.5744,hfq
2024-06-06,61.032,61.635,56.990,59.054,396386,,,-3.2409,hfq
2024-06-07,59.226,64.473,57.678,62.323,528263,,,5.5356,hfq
2024-06-11,62.925,68.258,62.237,66.280,750260,,,6.3492,hfq
2024-06-12,63.957,66.280,63.527,65.075,498353,,,-1.8180,hfq
2024-06-13,64.559,66.624,63.699,64.559,412372,,,-0.7929,hfq
2024-06-14,65.161,70.753,64.301,70.753,741374,,,9.5943,hfq
2024-06-17,67.570,70.236,66.882,69.290,601201,,,-2.0678,hfq
2024-06-18,69.118,72.215,68.086,69.462,518813,,,0.2482,hfq
2024-06-19,69.204,69.634,63.871,64.129,555013,,,-7.6776,hfq
2024-06-20,63.269,63.785,60.946,61.032,434144,,,-4.8293,hfq
2024-06-21,60.860,60.946,58.108,59.484,326212,,,-2.5364,hfq
2024-06-24,58.710,60.774,58.194,59.914,279098,,,0.7229,hfq
2024-06-25,59.570,63.183,58.710,61.979,369591,,,3.4466,hfq
2024-06-26,61.118,63.613,60.344,62.409,306686,,,0.6938,hfq
2024-06-27,61.118,64.387,60.430,62.323,345052,,,-0.1378,hfq
2024-06-28,61.463,64.215,61.291,62.839,331602,,,0.8279,hfq
2024-07-01,62.237,63.957,60.516,62.409,261551,,,-0.6843,hfq
2024-07-02,61.893,64.215,61.893,63.613,296247,,,1.9292,hfq
2024-07-03,63.527,66.022,62.581,65.591,420336,,,3.1094,hfq
2024-07-04,65.161,66.968,64.043,65.419,315775,,,-0.2622,hfq
2024-07-05,64.817,66.882,64.559,66.796,344621,,,2.1049,hfq
2024-07-08,66.280,67.054,60.430,60.430,393808,,,-9.5305,hfq
2024-07-09,58.624,64.559,58.624,63.527,319599,,,5.1249,hfq
2024-07-10,63.957,66.108,63.527,64.043,317523,,,0.8123,hfq
2024-07-11,65.850,65.850,64.129,65.075,224469,,,1.6114,hfq
2024-07-12,64.731,66.796,64.387,64.817,227074,,,-0.3965,hfq
2024-07-15,65.075,65.075,62.065,62.581,202922,,,-3.4497,hfq
2024-07-16,62.753,62.753,61.291,62.151,144541,,,-0.6871,hfq
2024-07-17,62.065,63.441,61.807,61.807,151731,,,-0.5535,hfq
2024-07-18,61.032,64.473,60.344,64.215,263024,,,3.8960,hfq
2024-07-19,63.699,65.764,63.355,65.333,295168,,,1.7410,hfq
2024-07-22,65.333,66.194,64.903,65.850,208845,,,0.7913,hfq
2024-07-23,65.591,68.774,65.419,66.022,341684,,,0.2612,hfq
2024-07-24,65.677,68.172,65.591,66.452,279332,,,0.6513,hfq
2024-07-25,65.591,68.946,65.247,67.484,262611,,,1.5530,hfq
2024-07-26,67.312,73.333,66.882,70.409,421697,,,4.3344,hfq
2024-07-29,69.634,75.226,69.032,74.279,436950,,,5.4965,hfq
2024-07-30,72.903,77.548,72.387,72.817,498528,,,-1.9683,hfq
2024-07-31,73.419,79.785,73.419,79.785,650695,,,9.5692,hfq
2024-08-01,78.236,79.354,76.172,77.032,523183,,,-3.4505,hfq
2024-08-02,76.172,76.258,72.989,73.419,340824,,,-4.6903,hfq
2024-08-05,73.333,74.193,71.871,71.871,267674,,,-2.1084,hfq
2024-08-06,73.333,73.419,71.269,72.473,195653,,,0.8376,hfq
2024-08-07,72.645,72.731,71.527,71.699,134797,,,-1.0680,hfq
2024-08-08,71.355,72.301,70.150,70.323,175114,,,-1.9191,hfq
2024-08-09,70.581,71.269,69.548,69.720,118845,,,-0.8575,hfq
2024-08-12,69.634,70.064,68.172,68.602,123725,,,-1.6036,hfq
2024-08-13,68.602,69.720,68.000,69.634,130324,,,1.5043,hfq
2024-08-14,69.548,70.667,68.774,69.634,164892,,,0.0000,hfq
2024-08-15,69.118,73.591,68.946,72.301,327257,,,3.8300,hfq
2024-08-16,72.043,72.903,71.097,72.215,209841,,,-0.1189,hfq
2024-08-19,71.957,72.387,69.118,69.548,204986,,,-3.6931,hfq
2024-08-20,69.032,70.064,68.688,69.462,139913,,,-0.1237,hfq
2024-08-21,68.774,69.118,67.312,68.430,143332,,,-1.4857,hfq
2024-08-22,68.344,68.946,66.280,66.796,112329,,,-2.3878,hfq
2024-08-23,66.538,67.312,65.677,66.710,84190,,,-0.1288,hfq
2024-08-26,66.366,66.796,65.333,66.194,73093,,,-0.7735,hfq
2024-08-27,65.764,66.710,65.419,65.764,63505,,,-0.6496,hfq
2024-08-28,65.161,66.194,65.161,65.850,59401,,,0.1308,hfq
2024-08-29,65.677,66.968,65.591,66.280,104889,,,0.6530,hfq
2024-08-30,66.194,70.753,66.194,69.032,185556,,,4.1521,hfq
2024-09-02,68.344,70.409,67.914,69.376,149639,,,0.4983,hfq
2024-09-03,69.204,71.699,69.118,70.839,127730,,,2.1088,hfq
2024-09-04,70.323,71.097,69.376,69.892,92706,,,-1.3368,hfq
2024-09-05,70.236,72.043,69.806,71.613,128526,,,2.4624,hfq
2024-09-06,71.785,72.387,69.634,69.806,145907,,,-2.5233,hfq
2024-09-09,69.462,71.613,68.946,71.269,118019,,,2.0958,hfq
2024-09-10,70.839,71.613,68.516,69.892,131084,,,-1.9321,hfq
2024-09-11,69.204,69.892,68.516,68.860,69269,,,-1.4766,hfq
2024-09-12,68.774,69.462,67.914,68.860,93893,,,0.0000,hfq
2024-09-13,68.774,74.021,68.602,72.559,290096,,,5.3718,hfq
2024-09-18,71.785,78.752,71.355,76.688,387201,,,5.6905,hfq
2024-09-19,75.140,77.806,75.140,76.602,284997,,,-0.1121,hfq
2024-09-20,76.602,77.290,75.656,77.204,197780,,,0.7859,hfq
2024-09-23,77.204,77.290,73.935,74.193,213207,,,-3.9001,hfq
2024-09-24,75.226,81.333,74.365,81.333,407283,,,9.6235,hfq
2024-09-25,86.924,89.161,84.172,84.774,910343,,,4.2308,hfq
2024-09-26,82.279,92.945,82.279,92.945,883268,,,9.6386,hfq
2024-09-27,95.956,100.601,89.419,95.526,729777,,,2.7769,hfq
2024-09-30,99.999,104.386,93.118,103.956,1009172,,,8.8248,hfq
2024-10-08,113.934,114.020,99.483,114.020,1011111,,,9.6810,hfq
2024-10-09,106.192,106.192,102.924,102.924,461826,,,-9.7316,hfq
2024-10-10,104.730,104.816,92.945,92.945,455175,,,-9.6955,hfq
2024-10-11,89.849,95.440,87.956,89.419,305362,,,-3.7936,hfq
2024-10-14,90.795,93.462,89.161,92.601,283211,,,3.5585,hfq
2024-10-15,91.311,94.408,89.849,89.935,278165,,,-2.8790,hfq
2024-10-16,88.903,91.139,88.128,88.989,191422,,,-1.0519,hfq
2024-10-17,90.107,94.236,89.419,92.945,359935,,,4.4455,hfq
2024-10-18,92.429,98.365,90.709,95.784,422185,,,3.0545,hfq
2024-10-21,94.150,94.494,91.655,93.462,331387,,,-2.4242,hfq
2024-10-22,92.601,93.720,91.397,92.601,224183,,,-0.9212,hfq
2024-10-23,93.204,97.591,92.515,94.408,335712,,,1.9514,hfq
2024-10-24,92.859,99.827,92.257,98.967,448100,,,4.8290,hfq
2024-10-25,98.537,98.537,95.870,96.816,316335,,,-2.1735,hfq
2024-10-28,96.386,100.601,95.956,99.913,303954,,,3.1989,hfq
2024-10-29,99.483,103.440,95.870,95.870,369572,,,-4.0465,hfq
2024-10-30,94.752,95.612,91.569,93.462,338202,,,-2.5117,hfq
2024-10-31,93.032,101.203,92.515,99.827,457061,,,6.8103,hfq
2024-11-01,99.139,101.461,94.580,94.580,349727,,,-5.2561,hfq
2024-11-04,94.580,99.913,94.150,99.311,306197,,,5.0021,hfq
2024-11-05,100.859,105.332,99.999,104.816,521960,,,5.5432,hfq
2024-11-06,103.612,105.160,101.719,103.268,405372,,,-1.4769,hfq
2024-11-07,102.150,110.063,101.547,108.343,508447,,,4.9144,hfq
2024-11-08,109.891,110.665,105.332,106.450,400061,,,-1.7472,hfq
2024-11-11,105.762,106.278,103.096,105.074,268454,,,-1.2926,hfq
2024-11-12,105.160,107.483,103.612,105.504,259119,,,0.4092,hfq
2024-11-13,104.128,106.106,103.010,104.214,148511,,,-1.2227,hfq
2024-11-14,103.268,105.246,98.709,99.311,222553,,,-4.7047,hfq
2024-11-15,99.139,101.031,95.526,95.526,189520,,,-3.8113,hfq
2024-11-18,96.128,96.988,91.053,92.257,171565,,,-3.4221,hfq
2024-11-19,92.085,93.720,90.537,93.118,143400,,,0.9333,hfq
2024-11-20,93.032,94.064,92.085,93.634,124709,,,0.5541,hfq
2024-11-21,93.204,94.150,91.827,93.032,121457,,,-0.6429,hfq
2024-11-22,93.118,94.752,88.128,88.386,175713,,,-4.9940,hfq
2024-11-25,88.300,88.903,85.032,87.096,166286,,,-1.4595,hfq
2024-11-26,87.268,93.376,87.096,89.419,180023,,,2.6672,hfq
2024-11-27,88.559,91.139,88.128,90.623,160368,,,1.3465,hfq
2024-11-28,90.881,92.257,90.021,90.279,116031,,,-0.3796,hfq
2024-11-29,90.537,93.376,89.591,91.483,166435,,,1.3336,hfq
2024-12-02,91.483,96.128,91.053,95.182,223826,,,4.0434,hfq
2024-12-03,95.182,102.408,95.182,100.773,335817,,,5.8740,hfq
2024-12-04,99.139,101.719,98.537,99.827,243720,,,-0.9387,hfq
2024-12-05,100.515,103.612,99.913,101.461,213912,,,1.6368,hfq
2024-12-06,101.375,103.784,98.623,101.031,233978,,,-0.4238,hfq
2024-12-09,100.773,103.182,99.311,102.236,199192,,,1.1927,hfq
2024-12-10,106.622,106.622,101.805,102.063,277864,,,-0.1692,hfq
2024-12-11,101.031,104.214,101.031,103.268,155682,,,1.1806,hfq
2024-12-12,102.236,104.816,102.236,103.870,143742,,,0.5829,hfq
2024-12-13,103.870,103.870,100.257,100.601,144376,,,-3.1472,hfq
2024-12-16,100.515,101.891,98.537,100.601,126541,,,0.0000,hfq
2024-12-17,100.171,100.601,96.300,96.644,139483,,,-3.9334,hfq
2024-12-18,96.644,99.225,95.784,98.021,97584,,,1.4248,hfq
2024-12-19,96.730,99.053,96.386,97.591,80233,,,-0.4387,hfq
2024-12-20,98.193,104.644,97.160,100.257,173733,,,2.7318,hfq
2024-12-23,100.171,100.945,95.440,95.612,146381,,,-4.6331,hfq
2024-12-24,96.472,97.246,93.462,97.074,93549,,,1.5291,hfq
2024-12-25,96.730,96.988,91.913,92.429,109931,,,-4.7850,hfq
2024-12-26,92.601,94.924,92.601,93.548,87412,,,1.2107,hfq
2024-12-27,93.892,96.472,93.720,94.322,96662,,,0.8274,hfq
2024-12-30,93.806,103.440,91.655,103.440,303152,,,9.6669,hfq
2024-12-31,110.493,113.504,103.010,103.526,824814,,,0.0831,hfq
2025-01-02,98.451,102.322,93.634,95.784,533665,,,-7.4783,hfq
2025-01-03,95.354,95.784,86.494,86.494,416938,,,-9.6989,hfq
2025-01-06,83.827,86.322,81.333,81.677,243913,,,-5.5692,hfq
2025-01-07,82.021,82.623,79.613,82.537,218274,,,1.0529,hfq
2025-01-08,81.849,81.849,77.806,80.559,269403,,,-2.3965,hfq
2025-01-09,79.441,80.903,79.354,79.527,136858,,,-1.2810,hfq
2025-01-10,79.613,82.967,77.720,77.806,203269,,,-2.1640,hfq
2025-01-13,76.602,78.666,75.054,77.720,132073,,,-0.1105,hfq
2025-01-14,78.236,81.505,78.236,81.333,185015,,,4.6487,hfq
2025-01-15,81.591,83.311,80.129,81.505,243925,,,0.2115,hfq
2025-01-16,81.505,83.139,80.559,81.591,177415,,,0.1055,hfq
2025-01-17,81.247,82.795,80.817,81.161,132640,,,-0.5270,hfq
2025-01-20,82.709,84.258,81.505,82.537,182883,,,1.6954,hfq
2025-01-21,83.225,83.913,81.333,82.537,138222,,,0.0000,hfq
2025-01-22,81.677,82.967,81.333,81.935,100134,,,-0.7294,hfq
2025-01-23,83.569,86.838,82.279,82.451,211139,,,0.6298,hfq
2025-01-24,82.107,82.881,81.419,82.279,136146,,,-0.2086,hfq
2025-01-27,82.881,83.397,80.559,80.559,123458,,,-2.0904,hfq
2025-02-05,81.247,83.827,80.473,83.053,156553,,,3.0959,hfq
2025-02-06,82.537,86.838,82.537,86.322,205071,,,3.9360,hfq
2025-02-07,86.752,91.397,85.978,88.645,260761,,,2.6911,hfq
2025-02-10,88.817,91.483,88.817,91.225,226034,,,2.9105,hfq
2025-02-11,91.397,91.397,88.989,89.161,123724,,,-2.2625,hfq
2025-02-12,89.333,92.429,88.817,91.913,181062,,,3.0866,hfq
2025-02-13,91.913,92.171,89.677,89.849,124261,,,-2.2456,hfq
2025-02-14,89.763,90.021,87.956,88.386,119523,,,-1.6283,hfq
2025-02-17,88.903,90.021,88.559,89.247,103479,,,0.9741,hfq
2025-02-18,88.731,89.419,85.290,85.806,124184,,,-3.8556,hfq
2025-02-19,85.720,87.182,85.462,87.096,90497,,,1.5034,hfq
2025-02-20,86.838,87.526,86.150,87.096,80107,,,0.0000,hfq
2025-02-21,87.268,87.698,85.290,86.666,128470,,,-0.4937,hfq
2025-02-24,86.494,88.731,85.462,87.268,148378,,,0.6946,hfq
2025-02-25,86.580,87.956,85.032,85.204,147253,,,-2.3651,hfq
2025-02-26,85.978,87.182,85.204,87.182,158471,,,2.3215,hfq
2025-02-27,86.408,87.096,83.311,84.860,178221,,,-2.6634,hfq
2025-02-28,84.688,85.462,81.849,82.279,123205,,,-3.0415,hfq
2025-03-03,82.537,84.172,81.419,83.053,72558,,,0.9407,hfq
2025-03-04,82.623,88.128,82.451,85.806,198987,,,3.3148,hfq
2025-03-05,85.634,88.300,83.483,86.408,249650,,,0.7016,hfq
2025-03-06,86.494,88.300,85.978,87.870,215001,,,1.6920,hfq
2025-03-07,87.010,87.440,84.344,84.946,163875,,,-3.3276,hfq
2025-03-10,84.516,84.774,82.967,83.311,121336,,,-1.9248,hfq
2025-03-11,82.537,83.311,82.021,83.225,85341,,,-0.1032,hfq
2025-03-12,83.655,84.688,83.225,83.827,90305,,,0.7233,hfq
2025-03-13,83.655,83.913,81.247,82.021,100481,,,-2.1544,hfq
2025-03-14,82.537,87.268,82.107,87.182,277395,,,6.2923,hfq
2025-03-17,86.924,89.247,85.978,87.354,214255,,,0.1973,hfq
2025-03-18,87.698,88.042,86.236,87.096,105372,,,-0.2953,hfq
2025-03-19,87.096,88.817,86.752,88.472,159528,,,1.5799,hfq
2025-03-20,88.472,88.472,86.408,86.580,111552,,,-2.1385,hfq
2025-03-21,85.462,86.408,84.258,84.258,103101,,,-2.6819,hfq
2025-03-24,84.430,85.290,82.021,83.655,111352,,,-0.7157,hfq
2025-03-25,83.397,83.827,81.935,82.881,100271,,,-0.9252,hfq
2025-03-26,82.365,83.741,82.279,83.397,87014,,,0.6226,hfq
2025-03-27,83.311,84.086,81.677,82.795,110219,,,-0.7218,hfq
2025-03-28,82.709,86.580,82.451,86.236,276848,,,4.1560,hfq
2025-03-31,85.548,85.634,82.193,82.451,211347,,,-4.3891,hfq
2025-04-01,82.021,82.967,80.989,81.935,138563,,,-0.6258,hfq
2025-04-02,81.677,82.967,81.247,82.193,80799,,,0.3149,hfq
2025-04-03,81.505,84.516,81.161,82.623,118299,,,0.5232,hfq
2025-04-07,78.924,79.010,74.623,74.623,114567,,,-9.6825,hfq
2025-04-08,73.161,74.365,68.344,71.097,191986,,,-4.7251,hfq
2025-04-09,69.032,74.193,65.419,72.989,172909,,,2.6612,hfq
2025-04-10,73.935,79.871,73.075,75.656,211507,,,3.6540,hfq
2025-04-11,75.054,77.634,74.537,76.172,128293,,,0.6820,hfq
2025-04-14,76.946,78.150,76.172,77.462,135293,,,1.6935,hfq
2025-04-15,77.462,78.494,77.032,77.634,115067,,,0.2220,hfq
2025-04-16,77.290,77.548,74.537,75.828,89775,,,-2.3263,hfq
2025-04-17,74.968,76.946,74.968,76.086,72270,,,0.3402,hfq
2025-04-18,75.484,77.892,75.484,76.860,103191,,,1.0173,hfq
2025-04-21,76.258,77.978,75.656,77.376,88073,,,0.6714,hfq
2025-04-22,77.204,80.215,77.204,79.354,172315,,,2.5563,hfq
2025-04-23,79.441,80.817,78.236,79.785,138697,,,0.5431,hfq
2025-04-24,79.354,79.871,77.892,78.150,80983,,,-2.0493,hfq
2025-04-25,78.494,79.527,78.150,78.494,68907,,,0.4402,hfq
2025-04-28,78.752,79.096,76.688,76.860,78267,,,-2.0817,hfq
2025-04-29,77.204,77.462,75.914,76.946,60775,,,0.1119,hfq
2025-04-30,77.204,78.150,76.602,76.688,70301,,,-0.3353,hfq
2025-05-06,77.204,79.441,77.204,79.354,101857,,,3.4764,hfq
2025-05-07,82.709,83.397,79.182,79.785,155165,,,0.5431,hfq
2025-05-08,79.182,80.387,79.010,80.129,80392,,,0.4312,hfq
2025-05-09,80.129,81.935,79.527,79.871,98848,,,-0.3220,hfq
2025-05-12,80.387,80.645,79.441,80.301,87571,,,0.5384,hfq
2025-05-13,80.559,80.989,79.268,79.613,67682,,,-0.8568,hfq
2025-05-14,79.613,82.451,78.838,81.505,173658,,,2.3765,hfq
2025-05-15,80.817,81.161,79.268,79.354,99442,,,-2.6391,hfq
2025-05-16,79.354,79.613,78.580,78.580,73713,,,-0.9754,hfq
2025-05-19,78.666,80.473,78.494,80.129,81981,,,1.9712,hfq
2025-05-20,80.301,81.247,80.129,80.473,70386,,,0.4293,hfq
2025-05-21,80.387,80.559,79.785,80.301,51759,,,-0.2137,hfq
2025-05-22,79.871,80.559,78.322,78.408,75418,,,-2.3574,hfq
2025-05-23,78.408,78.494,76.344,76.516,75203,,,-2.4130,hfq
2025-05-26,76.344,77.462,76.172,77.290,38051,,,1.0116,hfq
2025-05-27,76.860,77.376,76.430,77.204,40693,,,-0.1113,hfq
2025-05-28,77.376,77.376,76.086,76.258,45448,,,-1.2253,hfq
2025-05-29,76.301,78.279,76.043,78.279,57220,,,2.6502,hfq
2025-05-30,78.107,80.344,76.731,77.419,101443,,,-1.0986,hfq
2025-06-03,76.645,84.817,76.645,84.817,476117,,,9.5558,hfq
2025-06-04,85.505,88.171,82.752,87.397,533377,,,3.0418,hfq
2025-06-05,86.881,89.032,84.645,85.763,407811,,,-1.8696,hfq
2025-06-06,85.677,88.688,85.247,85.763,305437,,,0.0000,hfq
2025-06-09,85.935,88.602,84.989,88.085,339083,,,2.7075,hfq
2025-06-10,87.655,91.010,86.709,88.946,427675,,,0.9775,hfq
2025-06-11,88.257,89.118,85.849,87.827,273120,,,-1.2581,hfq
2025-06-12,87.139,89.634,86.967,89.204,267016,,,1.5679,hfq
2025-06-13,88.429,88.860,85.763,86.279,202353,,,-3.2790,hfq
2025-06-16,86.107,89.290,85.677,87.913,164967,,,1.8939,hfq
2025-06-17,87.913,92.988,87.569,91.956,461908,,,4.5989,hfq
2025-06-18,91.010,91.010,87.913,89.376,292321,,,-2.8057,hfq
2025-06-19,88.946,89.118,84.817,85.419,250564,,,-4.4274,hfq
2025-06-20,84.903,85.247,82.408,82.752,142280,,,-3.1223,hfq
2025-06-23,81.634,84.645,81.548,84.129,107207,,,1.6640,hfq
2025-06-24,84.129,88.085,83.957,87.311,195564,,,3.7823,hfq
2025-06-25,87.311,92.300,87.225,91.440,429877,,,4.7291,hfq
2025-06-26,92.042,92.816,90.924,91.354,375704,,,-0.0941,hfq
2025-06-27,90.838,93.419,90.494,91.096,294697,,,-0.2824,hfq
2025-06-30,91.354,91.612,89.548,90.150,183003,,,-1.0385,hfq
2025-07-01,90.666,90.752,88.774,89.462,159462,,,-0.7632,hfq
2025-07-02,89.290,89.290,87.053,87.139,153820,,,-2.5966,hfq
2025-07-03,87.053,87.655,86.365,86.881,138306,,,-0.2961,hfq
2025-07-04,86.709,90.838,85.247,88.774,351105,,,2.1788,hfq
2025-07-07,88.946,94.107,88.516,90.838,297368,,,2.3250,hfq
2025-07-08,90.150,92.988,89.548,92.472,298029,,,1.7988,hfq
2025-07-09,92.472,95.827,92.128,94.451,538619,,,2.1401,hfq
2025-07-10,94.279,98.064,93.419,95.139,469411,,,0.7284,hfq
2025-07-11,94.967,97.203,92.730,95.741,384678,,,0.6328,hfq
2025-07-14,94.795,95.827,91.440,91.956,254211,,,-3.9534,hfq
2025-07-15,91.956,100.816,90.580,95.311,559565,,,3.6485,hfq
2025-07-16,94.021,102.709,92.558,99.526,630796,,,4.4224,hfq
2025-07-17,98.408,106.235,98.408,101.074,680216,,,1.5554,hfq
2025-07-18,99.440,102.451,98.322,98.752,360411,,,-2.2973,hfq
2025-07-21,97.892,99.698,97.117,98.150,244676,,,-0.6096,hfq
2025-07-22,97.547,99.010,95.655,97.634,252354,,,-0.5257,hfq
2025-07-23,98.236,101.074,95.999,96.687,401100,,,-0.9699,hfq
2025-07-24,95.139,100.988,95.139,99.698,428027,,,3.1142,hfq
2025-07-25,99.440,100.644,97.806,97.978,252411,,,-1.7252,hfq
2025-07-28,97.375,98.322,96.429,97.978,197602,,,0.0000,hfq
2025-07-29,97.547,100.730,96.343,100.386,339720,,,2.4577,hfq
2025-07-30,99.612,100.214,97.547,98.838,211242,,,-1.5420,hfq
2025-07-31,98.666,99.440,94.967,96.171,220002,,,-2.6984,hfq
2025-08-01,95.655,105.461,95.655,101.762,543729,,,5.8136,hfq
2025-08-04,99.526,102.365,98.494,98.838,292819,,,-2.8734,hfq
2025-08-05,98.924,100.042,96.859,98.494,274963,,,-0.3480,hfq
2025-08-06,98.322,98.580,96.859,97.806,183194,,,-0.6985,hfq
2025-08-07,98.064,98.064,95.999,96.601,165924,,,-1.2320,hfq
2025-08-08,96.171,97.289,95.913,96.515,122220,,,-0.0890,hfq
2025-08-11,96.773,99.268,95.999,98.580,208838,,,2.1396,hfq
2025-08-12,98.752,100.128,97.978,98.838,217935,,,0.2617,hfq
2025-08-13,99.182,100.902,98.150,99.010,273862,,,0.1740,hfq
2025-08-14,98.322,99.010,95.225,95.225,272730,,,-3.8228,hfq
2025-08-15,94.795,98.150,94.021,97.203,237120,,,2.0772,hfq
2025-08-18,98.322,99.784,97.892,98.924,305160,,,1.7705,hfq
2025-08-19,98.666,99.182,97.031,98.064,232374,,,-0.8694,hfq
2025-08-20,97.720,97.892,95.225,97.806,253060,,,-0.2631,hfq
2025-08-21,98.838,100.816,98.322,99.096,304340,,,1.3189,hfq
2025-08-22,98.838,100.300,97.720,98.408,207324,,,-0.6943,hfq
2025-08-25,99.096,100.128,97.117,97.978,278518,,,-0.4370,hfq
2025-08-26,97.547,97.720,96.171,96.429,194904,,,-1.5810,hfq
2025-08-27,96.515,97.289,94.967,94.967,209230,,,-1.5161,hfq
2025-08-28,94.795,95.311,91.526,94.193,189718,,,-0.8150,hfq
2025-08-29,93.849,94.967,93.419,94.107,103212,,,-0.0913,hfq
2025-09-01,94.709,96.687,94.279,95.569,148225,,,1.5536,hfq
2025-09-02,95.139,95.569,91.526,92.128,148663,,,-3.6005,hfq
2025-09-03,92.042,92.300,88.774,89.462,115081,,,-2.8938,hfq
2025-09-04,89.118,90.924,88.602,89.892,107801,,,0.4807,hfq
2025-09-05,89.548,90.408,88.429,90.236,82378,,,0.3827,hfq
2025-09-08,90.236,90.494,89.376,90.064,69496,,,-0.1906,hfq
2025-09-09,90.150,90.580,88.860,89.032,77663,,,-1.1459,hfq
2025-09-10,89.032,89.978,88.688,89.290,60955,,,0.2898,hfq
2025-09-11,88.946,90.236,88.257,90.236,99177,,,1.0595,hfq
2025-09-12,89.720,91.182,89.634,89.892,83231,,,-0.3812,hfq
2025-09-15,90.150,90.494,89.118,89.548,53145,,,-0.3827,hfq
2025-09-16,89.806,91.182,89.204,90.838,99929,,,1.4406,hfq
2025-09-17,91.354,92.902,90.408,92.214,153904,,,1.5148,hfq
2025-09-18,92.214,92.214,88.860,89.376,144541,,,-3.0776,hfq
2025-09-19,89.462,89.720,87.999,88.257,86825,,,-1.2520,hfq
2025-09-22,88.516,88.602,86.967,87.827,68653,,,-0.4872,hfq
2025-09-23,87.483,87.569,84.989,86.107,122846,,,-1.9584,hfq
2025-09-24,86.451,87.741,85.849,87.569,71926,,,1.6979,hfq
2025-09-25,87.397,87.913,86.623,86.623,69577,,,-1.0803,hfq
2025-09-26,86.623,87.569,86.365,86.451,50638,,,-0.1986,hfq
2025-09-29,86.623,88.602,85.505,88.171,104532,,,1.9896,hfq
2025-09-30,87.827,88.257,85.677,86.709,68960,,,-1.6581,hfq
2025-10-09,86.795,87.139,85.849,86.795,71910,,,0.0992,hfq
2025-10-10,86.709,89.462,86.279,88.343,125609,,,1.7835,hfq
2025-10-13,85.505,86.967,84.903,86.709,76656,,,-1.8496,hfq
2025-10-14,86.623,87.827,86.365,86.709,92932,,,0.0000,hfq
2025-10-15,86.451,87.569,86.193,87.483,68182,,,0.8926,hfq
2025-10-16,87.311,87.655,86.193,86.537,49636,,,-1.0814,hfq
2025-10-17,85.935,87.053,84.473,84.817,73819,,,-1.9876,hfq
2025-10-20,85.419,86.021,84.817,85.935,45186,,,1.3181,hfq
2025-10-21,86.107,88.516,85.677,88.171,107912,,,2.6020,hfq
2025-10-22,87.827,88.343,87.569,88.085,48225,,,-0.0975,hfq
2025-10-23,88.257,88.516,87.225,88.343,67852,,,0.2929,hfq
2025-10-24,88.688,88.774,87.827,88.516,77240,,,0.1958,hfq
2025-10-27,88.516,89.032,87.741,87.913,84222,,,-0.6812,hfq
2025-10-28,87.913,88.516,87.741,87.827,62186,,,-0.0978,hfq
2025-10-29,87.483,88.688,87.397,88.516,91908,,,0.7845,hfq
2025-10-30,88.171,88.171,86.279,86.279,101894,,,-2.5272,hfq
2025-10-31,86.709,88.257,86.451,87.999,83969,,,1.9935,hfq
2025-11-03,87.827,88.343,87.053,88.343,63825,,,0.3909,hfq
2025-11-04,88.085,89.118,87.999,88.688,83814,,,0.3905,hfq
2025-11-05,87.741,89.806,87.655,89.290,91482,,,0.6788,hfq
2025-11-06,89.548,89.892,88.774,88.860,97513,,,-0.4816,hfq
2025-11-07,88.429,89.462,88.343,88.774,56076,,,-0.0968,hfq
2025-11-10,88.688,91.870,88.602,91.698,195992,,,3.2938,hfq
2025-11-11,91.698,93.419,90.838,91.870,181084,,,0.1876,hfq
2025-11-12,91.698,92.730,91.354,92.214,104044,,,0.3744,hfq
2025-11-13,92.214,92.816,91.440,92.644,93256,,,0.4663,hfq
2025-11-14,91.870,93.161,91.784,92.300,87266,,,-0.3713,hfq
2025-11-17,92.214,92.214,90.150,90.322,108101,,,-2.1430,hfq
2025-11-18,90.408,90.666,88.946,89.720,91750,,,-0.6665,hfq
2025-11-19,89.376,89.806,86.451,86.623,116334,,,-3.4519,hfq
2025-11-20,87.311,88.429,86.967,87.483,64846,,,0.9928,hfq
2025-11-21,86.709,87.483,82.666,82.752,114933,,,-5.4079,hfq
2025-11-24,83.182,84.817,82.924,84.043,69912,,,1.5601,hfq
2025-11-25,84.129,85.677,84.043,84.387,61557,,,0.4093,hfq
2025-11-26,84.387,85.419,83.526,83.612,54557,,,-0.9184,hfq
2025-11-27,83.698,84.301,83.354,83.440,37024,,,-0.2057,hfq
2025-11-28,83.440,84.387,83.010,84.387,41671,,,1.1349,hfq
2025-12-01,84.301,84.645,83.957,84.645,40824,,,0.3057,hfq
2025-12-02,84.731,84.903,83.612,84.215,40661,,,-0.5080,hfq
2025-12-03,84.559,85.935,84.301,84.903,76388,,,0.8170,hfq
2025-12-04,84.645,85.075,83.612,83.870,47341,,,-1.2167,hfq
2025-12-05,83.870,85.677,83.096,85.333,87880,,,1.7444,hfq
2025-12-08,85.591,86.537,85.247,85.333,73176,,,0.0000,hfq
2025-12-09,85.161,85.161,83.526,83.612,55824,,,-2.0168,hfq
2025-12-10,83.268,84.387,82.924,84.215,49976,,,0.7212,hfq
2025-12-11,84.301,84.387,82.666,82.666,59652,,,-1.8393,hfq
2025-12-12,83.268,83.612,82.494,82.494,44568,,,-0.2081,hfq
2025-12-15,82.236,83.268,81.978,82.494,38492,,,0.0000,hfq
2025-12-16,82.322,83.096,81.462,82.838,46433,,,0.4170,hfq
2025-12-17,82.580,82.924,80.516,82.064,72350,,,-0.9344,hfq
2025-12-18,81.634,82.666,81.462,81.720,41662,,,-0.4192,hfq
2025-12-19,81.806,83.096,81.548,83.010,39364,,,1.5786,hfq
2025-12-22,82.924,86.623,82.924,85.247,139506,,,2.6949,hfq
2025-12-23,84.645,85.075,83.612,84.301,82248,,,-1.1097,hfq
2025-12-24,83.957,85.591,83.870,84.731,71815,,,0.5101,hfq
2025-12-25,85.161,87.655,84.989,85.935,106858,,,1.4210,hfq
2025-12-26,85.677,86.709,85.161,85.849,65562,,,-0.1001,hfq
2025-12-29,85.763,87.225,85.333,87.139,84319,,,1.5026,hfq
2025-12-30,86.795,87.225,85.247,85.505,70599,,,-1.8752,hfq
2025-12-31,85.333,86.107,84.989,85.419,45538,,,-0.1006,hfq
2026-01-05,85.677,85.849,84.559,84.903,63137,,,-0.6041,hfq
2026-01-06,84.731,86.709,84.731,86.451,91482,,,1.8233,hfq
2026-01-07,86.537,86.537,85.075,85.247,68207,,,-1.3927,hfq
2026-01-08,84.903,85.419,84.301,85.075,67953,,,-0.2018,hfq
2026-01-09,85.075,90.494,84.989,88.085,200486,,,3.5381,hfq
2026-01-12,88.343,89.032,87.483,88.688,146796,,,0.6846,hfq
2026-01-13,88.946,89.548,87.397,87.569,116886,,,-1.2617,hfq
2026-01-14,87.483,89.634,86.623,87.569,124668,,,0.0000,hfq
2026-01-15,86.709,87.569,86.107,86.709,78745,,,-0.9821,hfq
2026-01-16,87.397,87.569,85.075,85.849,70154,,,-0.9918,hfq
2026-01-19,85.763,87.569,85.591,87.311,69135,,,1.7030,hfq
2026-01-20,87.053,88.085,86.709,87.483,66157,,,0.1970,hfq
2026-01-21,86.967,87.741,86.881,87.397,47491,,,-0.0983,hfq
2026-01-22,87.397,88.946,87.225,88.774,89290,,,1.5756,hfq
2026-01-23,88.602,89.118,87.827,88.429,76711,,,-0.3886,hfq
2026-01-26,88.429,88.516,86.709,87.569,86090,,,-0.9725,hfq
2026-01-27,87.053,87.569,84.731,86.365,83026,,,-1.3749,hfq
2026-01-28,85.677,86.881,85.247,85.419,63587,,,-1.0954,hfq
2026-01-29,85.075,85.677,83.784,84.989,69281,,,-0.5034,hfq
2026-01-30,84.989,87.053,84.473,86.451,93223,,,1.7202,hfq
2026-02-02,86.107,87.999,86.107,86.193,75010,,,-0.2984,hfq
2026-02-03,87.053,87.397,85.763,86.537,60682,,,0.3991,hfq
2026-02-04,86.021,87.655,85.763,87.311,77005,,,0.8944,hfq
2026-02-05,87.053,87.655,86.537,87.053,56971,,,-0.2955,hfq
2026-02-06,86.623,88.171,86.623,88.085,85922,,,1.1855,hfq
2026-02-09,88.516,88.860,87.655,88.171,82053,,,0.0976,hfq
2026-02-10,88.085,88.171,87.311,87.655,56437,,,-0.5852,hfq
2026-02-11,87.741,87.999,87.225,87.397,50256,,,-0.2943,hfq
2026-02-12,87.311,87.397,85.333,86.021,71604,,,-1.5744,hfq
2026-02-13,86.193,87.225,85.677,86.021,75001,,,0.0000,hfq
2026-02-24,86.451,87.139,86.021,86.795,44674,,,0.8998,hfq
2026-02-25,86.881,87.827,86.881,87.139,52769,,,0.3963,hfq
2026-02-26,87.483,87.655,86.795,87.139,43079,,,0.0000,hfq
2026-02-27,87.139,88.171,86.881,88.171,74714,,,1.1843,hfq
2026-03-02,87.225,87.225,84.301,85.591,112562,,,-2.9261,hfq
2026-03-03,85.763,86.881,83.957,83.957,81360,,,-1.9091,hfq
2026-03-04,83.957,84.301,81.634,82.924,92162,,,-1.2304,hfq
2026-03-05,84.301,85.075,84.043,84.903,65123,,,2.3865,hfq
2026-03-06,84.903,86.279,84.387,86.107,55434,,,1.4181,hfq
2026-03-09,84.473,84.817,83.010,83.698,100574,,,-2.7977,hfq
2026-03-10,84.387,84.903,83.870,84.473,69792,,,0.9259,hfq
2026-03-11,84.731,84.731,82.838,83.096,85252,,,-1.6301,hfq
2026-03-12,82.838,84.301,82.838,83.526,75051,,,0.5175,hfq
2026-03-13,83.096,86.881,83.096,85.677,140914,,,2.5752,hfq
2026-03-16,85.247,86.107,84.215,85.247,77813,,,-0.5019,hfq
2026-03-17,85.591,86.451,84.043,84.473,78154,,,-0.9079,hfq
2026-03-18,84.129,85.247,82.924,85.161,66775,,,0.8145,hfq
2026-03-19,84.043,85.763,83.784,84.043,69431,,,-1.3128,hfq
2026-03-20,84.129,84.731,80.516,80.516,92363,,,-4.1967,hfq
2026-03-23,79.139,79.398,75.355,75.871,100225,,,-5.7690,hfq
2026-03-24,77.505,79.484,75.957,79.484,83209,,,4.7620,hfq
2026-03-25,79.570,80.172,79.053,79.914,46651,,,0.5410,hfq
2026-03-26,79.828,80.258,78.107,78.193,46055,,,-2.1536,hfq
2026-03-27,77.849,80.172,77.849,80.000,43462,,,2.3109,hfq
2026-03-30,79.225,80.258,78.021,79.398,49881,,,-0.7525,hfq
2026-03-31,79.656,80.344,78.193,78.537,37904,,,-1.0844,hfq
2026-04-01,79.225,79.828,78.537,78.967,33653,,,0.5475,hfq
2026-04-02,78.623,79.139,76.989,77.505,38260,,,-1.8514,hfq
2026-04-03,78.193,78.709,75.957,76.129,40923,,,-1.7754,hfq
2026-04-07,75.957,77.763,75.871,77.591,35594,,,1.9204,hfq
2026-04-08,78.193,79.484,78.193,79.398,43222,,,2.3289,hfq
2026-04-09,78.881,79.139,77.075,77.247,49152,,,-2.7091,hfq
2026-04-10,77.333,78.967,77.247,78.365,52276,,,1.4473,hfq
2026-04-13,77.935,78.967,77.849,78.795,32844,,,0.5487,hfq
2026-04-14,79.139,79.311,78.279,79.139,35763,,,0.4366,hfq
2026-04-15,79.484,79.570,78.107,78.279,28643,,,-1.0867,hfq
2026-04-16,78.709,79.656,78.365,79.484,45006,,,1.5394,hfq
2026-04-17,79.656,80.086,78.795,78.967,37112,,,-0.6504,hfq
2026-04-20,79.053,79.398,78.365,79.139,35430,,,0.2178,hfq
2026-04-21,79.398,79.484,78.107,78.193,33005,,,-1.1954,hfq
2026-04-22,78.107,78.623,77.849,78.623,34309,,,0.5499,hfq
2026-04-23,78.365,78.537,77.505,77.935,38185,,,-0.8751,hfq
2026-04-24,77.677,78.107,76.645,77.677,33171,,,-0.3310,hfq
2026-04-27,77.763,85.161,77.075,85.161,237730,,,9.6348,hfq
2026-04-28,85.161,93.075,84.473,89.204,444611,,,4.7475,hfq
2026-04-29,86.795,91.612,86.623,90.322,321765,,,1.2533,hfq
2026-04-30,89.978,92.128,88.257,88.257,192282,,,-2.2863,hfq
2026-05-06,88.257,92.386,86.709,90.666,244028,,,2.7295,hfq
2026-05-07,91.612,92.214,89.806,91.526,159934,,,0.9485,hfq
2026-05-08,91.268,93.849,90.150,92.988,179417,,,1.5974,hfq
2026-05-11,92.902,95.827,92.902,93.763,192506,,,0.8334,hfq
2026-05-12,93.763,94.279,91.526,92.042,111140,,,-1.8355,hfq
2026-05-13,92.558,93.333,91.010,91.612,122466,,,-0.4672,hfq
2026-05-14,91.354,92.128,89.376,89.376,118418,,,-2.4407,hfq
2026-05-15,89.462,90.838,88.257,89.118,97051,,,-0.2887,hfq
2026-05-18,88.257,90.666,88.171,89.204,78830,,,0.0965,hfq
2026-05-19,90.408,92.300,87.655,88.602,118225,,,-0.6749,hfq
2026-05-20,87.827,88.257,86.451,86.967,81258,,,-1.8453,hfq
2026-05-21,87.225,89.032,82.150,82.666,139468,,,-4.9456,hfq
2026-05-22,82.907,83.853,79.810,82.477,119553,,,-0.2286,hfq
2026-05-25,82.821,83.595,80.499,81.187,64931,,,-1.5641,hfq
2026-05-26,81.101,81.273,78.348,79.724,86211,,,-1.8020,hfq
2026-05-27,79.122,80.068,75.509,76.886,112485,,,-3.5598,hfq
2026-05-28,76.628,76.886,74.649,75.595,101448,,,-1.6791,hfq
2026-05-29,75.337,76.456,74.477,74.821,80358,,,-1.0239,hfq
2026-06-01,74.821,75.595,72.929,75.595,86263,,,1.0345,hfq
2026-06-02,75.595,75.595,72.671,73.101,88475,,,-3.2992,hfq
2026-06-03,72.757,73.015,71.381,72.069,80169,,,-1.4117,hfq
2026-06-04,71.897,72.585,69.746,70.348,75977,,,-2.3880,hfq
2026-06-05,70.434,71.725,69.660,71.122,73515,,,1.1002,hfq
2026-06-08,70.090,73.789,69.574,70.692,86525,,,-0.6046,hfq
2026-06-09,70.692,72.671,69.488,72.241,84850,,,2.1912,hfq
2026-06-10,71.897,74.133,71.381,73.789,97905,,,2.1428,hfq
2026-06-11,73.273,74.649,71.209,73.187,84457,,,-0.8158,hfq
2026-06-12,73.789,76.026,72.757,74.821,112038,,,2.2326,hfq
2026-06-15,74.907,80.240,74.649,79.552,155770,,,6.3231,hfq
2026-06-16,79.208,79.294,76.886,77.832,78519,,,-2.1621,hfq
2026-06-17,77.402,80.843,77.316,78.176,74822,,,0.4420,hfq
2026-06-18,78.090,78.090,75.681,75.854,55581,,,-2.9702,hfq
2026-06-22,75.768,77.402,72.929,76.456,91848,,,0.7936,hfq
2026-06-23,75.854,77.660,75.509,75.768,75011,,,-0.8999,hfq
2026-06-24,75.337,75.940,72.929,73.703,76422,,,-2.7254,hfq
2026-06-25,73.445,74.133,71.295,72.585,68527,,,-1.5169,hfq
2026-06-26,71.897,72.499,70.434,71.122,44571,,,-2.0156,hfq
2026-06-29,71.122,71.553,68.628,70.434,69464,,,-0.9674,hfq
2026-06-30,70.262,71.811,69.660,71.811,54449,,,1.9550,hfq
2026-07-01,71.381,73.789,71.381,73.101,61700,,,1.7964,hfq
2026-07-02,72.843,74.649,72.241,72.499,51853,,,-0.8235,hfq
2026-07-03,72.327,74.133,72.327,73.617,46878,,,1.5421,hfq
2026-07-06,74.305,74.821,73.015,73.273,36089,,,-0.4673,hfq
2026-07-07,73.617,73.617,71.381,71.897,39661,,,-1.8779,hfq
2026-07-08,71.639,73.015,71.295,72.585,36677,,,0.9569,hfq
2026-07-09,72.413,72.843,70.606,71.811,37066,,,-1.0663,hfq
2026-07-10,71.897,73.703,71.036,72.585,36577,,,1.0778,hfq
2026-07-13,72.585,72.585,69.832,69.918,46464,,,-3.6743,hfq
2026-07-14,70.090,71.553,69.058,71.467,40994,,,2.2155,hfq
2026-07-15,71.467,73.359,71.209,73.101,40197,,,2.2864,hfq
2026-07-16,73.187,73.617,72.327,72.929,34651,,,-0.2353,hfq
2026-07-17,73.445,75.423,71.467,72.069,64077,,,-1.1792,hfq
2026-07-20,72.327,73.273,70.262,71.122,55237,,,-1.3140,hfq
2026-07-21,71.122,71.811,70.090,70.950,49693,,,-0.2418,hfq
2026-07-22,70.520,71.036,69.144,69.402,48910,,,-2.1818,hfq
2026-07-23,69.488,71.122,69.058,70.778,34081,,,1.9827,hfq
2026-07-24,70.348,71.122,68.886,69.144,36349,,,-2.3086,hfq
2026-07-27,69.316,70.692,68.628,70.434,28733,,,1.8657,hfq
2026-07-28,70.176,71.381,70.004,71.036,34990,,,0.8547,hfq
2026-07-29,71.036,72.155,70.950,71.983,50852,,,1.3331,hfq
2026-07-30,71.639,72.843,70.864,71.467,39572,,,-0.7168,hfq
2026-07-31,71.897,72.499,71.639,72.327,30029,,,1.2034,hfq
2026-08-03,72.327,73.101,72.327,73.015,29793,,,0.9512,hfq
2026-08-04,73.445,73.531,72.241,72.413,31607,,,-0.8245,hfq
2026-08-05,72.757,73.015,71.897,72.585,41132,,,0.2375,hfq
2026-08-06,72.499,73.101,71.983,72.929,38441,,,0.4739,hfq
2026-08-07,72.929,72.929,71.122,71.725,52754,,,-1.6509,hfq
2026-08-10,71.725,73.187,71.467,73.101,59058,,,1.9184,hfq
2026-08-11,73.273,73.273,72.069,72.929,30567,,,-0.2353,hfq
2026-08-12,72.843,74.133,72.757,73.875,44909,,,1.2972,hfq
2026-08-13,73.961,74.219,72.929,73.015,42784,,,-1.1641,hfq
2026-08-14,72.929,73.101,72.069,72.499,26753,,,-0.7067,hfq
2026-08-17,72.241,73.445,71.811,73.273,43225,,,1.0676,hfq
2026-08-18,73.273,73.273,72.327,73.187,26712,,,-0.1174,hfq
2026-08-19,73.101,73.101,71.725,71.983,39649,,,-1.6451,hfq
2026-08-20,71.897,73.273,71.897,73.101,44206,,,1.5531,hfq
2026-08-21,72.929,73.273,71.811,73.273,33947,,,0.2353,hfq
2026-08-24,73.187,74.047,72.929,73.617,39379,,,0.4695,hfq
2026-08-25,73.273,75.251,73.273,74.993,57717,,,1.8691,hfq
2026-08-26,74.907,76.628,74.649,76.284,75291,,,1.7215,hfq
2026-08-27,76.112,76.370,74.993,75.940,57399,,,-0.4509,hfq
2026-08-28,76.112,76.198,75.079,75.681,41626,,,-0.3411,hfq
2026-08-31,75.337,75.681,74.821,75.423,40791,,,-0.3409,hfq
2026-09-01,75.423,82.649,75.337,82.649,148279,,,9.5806,hfq
2026-09-02,85.402,90.563,82.649,90.563,380059,,,9.5754,hfq
2026-09-03,93.573,99.337,86.864,90.649,1173884,,,0.0950,hfq
2026-09-04,89.272,93.487,85.402,87.466,905592,,,-3.5113,hfq
2026-09-07,86.692,87.810,82.821,85.058,625026,,,-2.7531,hfq
2026-09-08,84.283,86.606,82.391,86.520,608014,,,1.7188,hfq
2026-09-09,84.025,84.541,81.273,81.617,437785,,,-5.6669,hfq
2026-09-10,81.789,84.886,81.789,83.939,404635,,,2.8450,hfq
2026-09-11,79.810,80.327,75.940,76.370,400385,,,-9.0173,hfq
2026-09-14,74.735,76.714,74.219,75.681,183089,,,-0.9022,hfq
2026-09-15,75.595,76.284,74.477,74.563,146320,,,-1.4773,hfq
2026-09-16,74.133,75.595,73.445,75.337,136641,,,1.0380,hfq
2026-09-17,74.907,75.595,73.875,75.251,120735,,,-0.1142,hfq
2026-09-18,75.940,76.800,75.251,76.284,138771,,,1.3727,hfq
