trade_date,open,high,low,close,volume,amount,turnover,pct_change,adjust
2007-02-05,24.800,25.000,22.010,22.180,1696943,,,,hfq
2007-02-06,22.500,24.200,21.310,23.810,672768,,,7.3490,hfq
2007-02-07,23.980,26.000,23.820,24.960,800218,,,4.8299,hfq
2007-02-08,24.700,24.840,23.880,24.410,341531,,,-2.2035,hfq
2007-02-09,24.280,24.580,23.600,24.010,215510,,,-1.6387,hfq
2007-02-12,24.020,25.050,24.000,25.000,386172,,,4.1233,hfq
2007-02-13,25.030,25.600,24.600,24.880,226092,,,-0.4800,hfq
2007-02-14,24.810,25.600,24.500,25.380,267732,,,2.0096,hfq
2007-02-15,25.750,25.950,25.220,25.610,274036,,,0.9062,hfq
2007-02-16,25.810,28.080,25.560,27.410,512598,,,7.0285,hfq
2007-02-26,26.900,27.180,26.410,26.790,270633,,,-2.2619,hfq
2007-02-27,26.810,27.190,24.110,24.110,304594,,,-10.0037,hfq
2007-02-28,24.080,24.950,23.950,24.780,198618,,,2.7789,hfq
2007-03-01,24.810,24.880,23.410,23.620,199382,,,-4.6812,hfq
2007-03-02,23.500,24.200,23.460,23.860,86735,,,1.0161,hfq
2007-03-05,23.780,24.180,22.900,23.360,145468,,,-2.0956,hfq
2007-03-06,23.400,24.950,23.250,24.390,229200,,,4.4092,hfq
2007-03-07,24.300,24.850,24.100,24.390,197150,,,0.0000,hfq
2007-03-08,24.400,24.740,24.110,24.590,114818,,,0.8200,hfq
2007-03-09,24.630,25.150,24.380,24.830,131572,,,0.9760,hfq
2007-03-12,25.000,25.100,24.380,24.540,91462,,,-1.1679,hfq
2007-03-13,24.560,24.800,24.280,24.480,86283,,,-0.2445,hfq
2007-03-14,24.000,24.050,23.530,23.740,105591,,,-3.0229,hfq
2007-03-15,23.890,24.260,23.820,24.110,81399,,,1.5586,hfq
2007-03-16,24.160,24.380,23.480,23.610,122974,,,-2.0738,hfq
2007-03-19,23.320,25.550,23.260,24.880,282034,,,5.3791,hfq
2007-03-20,24.900,24.940,24.300,24.440,130809,,,-1.7685,hfq
2007-03-21,24.680,25.080,24.500,24.780,114002,,,1.3912,hfq
2007-03-22,25.000,25.150,24.580,24.820,182569,,,0.1614,hfq
2007-03-23,24.820,25.160,24.500,24.910,113461,,,0.3626,hfq
2007-03-26,24.950,25.450,24.680,25.310,148728,,,1.6058,hfq
2007-03-27,25.440,25.440,24.880,25.190,147683,,,-0.4741,hfq
2007-03-28,25.800,26.300,24.800,25.970,350727,,,3.0965,hfq
2007-03-29,26.140,28.570,26.000,27.830,753207,,,7.1621,hfq
2007-03-30,27.470,27.650,26.900,27.200,232671,,,-2.2637,hfq
2007-04-02,27.300,28.280,27.070,27.940,172535,,,2.7206,hfq
2007-04-03,28.000,28.450,27.630,27.890,156284,,,-0.1790,hfq
2007-04-04,28.000,29.600,27.890,28.920,312679,,,3.6931,hfq
2007-04-05,28.900,29.500,28.510,29.180,153039,,,0.8990,hfq
2007-04-06,28.720,29.180,28.100,28.220,152936,,,-3.2899,hfq
2007-04-09,28.180,30.150,27.900,29.830,213227,,,5.7052,hfq
2007-04-10,29.850,31.610,29.550,31.510,256809,,,5.6319,hfq
2007-04-11,31.500,33.000,31.020,31.570,184026,,,0.1904,hfq
2007-04-12,31.510,33.200,31.500,32.270,106457,,,2.2173,hfq
2007-04-13,32.300,33.200,32.000,32.020,117406,,,-0.7747,hfq
2007-04-16,32.180,33.200,31.860,33.060,123579,,,3.2480,hfq
2007-04-17,33.150,33.350,30.320,32.280,127131,,,-2.3593,hfq
2007-04-18,32.000,32.080,30.600,31.310,105920,,,-3.0050,hfq
2007-04-19,31.250,31.900,29.130,29.920,199046,,,-4.4395,hfq
2007-04-20,30.100,32.600,30.100,32.030,118175,,,7.0521,hfq
2007-04-23,32.610,32.900,31.810,32.380,121045,,,1.0927,hfq
2007-04-24,32.300,32.300,30.950,31.280,140186,,,-3.3972,hfq
2007-04-25,31.150,33.110,30.850,32.040,183962,,,2.4297,hfq
2007-04-26,32.150,32.440,31.100,32.390,124999,,,1.0924,hfq
2007-04-27,32.380,32.470,31.100,31.580,74835,,,-2.5008,hfq
2007-05-08,31.500,31.900,30.590,30.730,398219,,,-2.6916,hfq
2007-05-09,30.880,31.990,30.680,31.710,344213,,,3.1891,hfq
2007-05-10,31.750,33.240,31.160,31.530,275390,,,-0.5676,hfq
2007-05-11,31.200,31.200,29.420,30.400,453730,,,-3.5839,hfq
2007-05-14,30.300,31.170,30.000,30.170,386226,,,-0.7566,hfq
2007-05-15,30.490,30.600,28.910,29.050,319040,,,-3.7123,hfq
2007-05-16,29.190,29.630,28.980,29.600,229770,,,1.8933,hfq
2007-05-17,29.820,30.050,29.400,29.950,221676,,,1.1824,hfq
2007-05-18,30.000,30.000,29.410,29.540,166352,,,-1.3689,hfq
2007-05-21,28.840,29.760,28.760,29.710,281856,,,0.5755,hfq
2007-05-22,29.650,30.440,29.340,29.640,166441,,,-0.2356,hfq
2007-05-23,29.860,30.240,29.210,29.760,176028,,,0.4049,hfq
2007-05-24,30.010,31.200,29.840,30.470,319477,,,2.3858,hfq
2007-05-25,30.160,31.360,29.960,30.610,229437,,,0.4595,hfq
2007-05-28,30.710,31.340,30.590,30.610,166244,,,0.0000,hfq
2007-05-29,30.710,31.260,30.370,30.750,190366,,,0.4574,hfq
2007-05-30,29.460,30.360,28.270,28.550,287187,,,-7.1545,hfq
2007-05-31,29.240,30.860,28.260,29.980,377608,,,5.0088,hfq
2007-06-01,29.950,31.490,29.760,30.170,371790,,,0.6338,hfq
2007-06-04,30.610,30.820,28.420,28.690,250526,,,-4.9055,hfq
2007-06-05,28.250,29.270,25.910,28.630,226976,,,-0.2091,hfq
2007-06-06,28.760,28.910,27.660,27.920,199868,,,-2.4799,hfq
2007-06-07,28.070,28.450,27.760,28.100,298080,,,0.6447,hfq
2007-06-08,28.110,28.110,27.360,27.850,217349,,,-0.8897,hfq
2007-06-11,27.860,28.910,27.440,28.750,296000,,,3.2316,hfq
2007-06-12,28.310,28.950,27.960,28.720,242489,,,-0.1043,hfq
2007-06-13,28.940,30.450,28.940,29.780,317718,,,3.6908,hfq
2007-06-14,30.160,30.410,29.540,29.900,201217,,,0.4030,hfq
2007-06-15,29.590,32.760,29.360,31.850,349123,,,6.5217,hfq
2007-06-18,32.440,34.790,32.410,33.610,367958,,,5.5259,hfq
2007-06-19,33.210,35.380,32.770,34.190,352554,,,1.7257,hfq
2007-06-20,34.140,34.140,31.980,32.100,184820,,,-6.1129,hfq
2007-06-21,32.180,33.160,31.960,32.650,203996,,,1.7134,hfq
2007-06-22,32.570,34.060,31.670,32.800,209967,,,0.4594,hfq
2007-06-25,32.910,34.560,32.270,33.300,263426,,,1.5244,hfq
2007-06-26,32.830,34.960,32.440,34.580,322755,,,3.8438,hfq
2007-06-27,34.780,37.250,34.380,36.700,319918,,,6.1307,hfq
2007-06-28,36.820,37.630,36.060,36.220,219327,,,-1.3079,hfq
2007-06-29,35.730,36.860,35.190,35.350,186284,,,-2.4020,hfq
2007-07-02,35.260,35.440,33.630,34.310,161521,,,-2.9420,hfq
2007-07-03,34.550,35.260,34.460,35.230,60419,,,2.6814,hfq
2007-07-04,35.260,35.420,33.670,33.730,87708,,,-4.2577,hfq
2007-07-05,33.220,33.730,32.560,32.610,66122,,,-3.3205,hfq
2007-07-06,32.500,34.860,32.270,34.450,77177,,,5.6424,hfq
2007-07-09,34.610,36.270,34.210,35.910,106488,,,4.2380,hfq
2007-07-10,36.460,38.340,36.360,36.890,172714,,,2.7290,hfq
2007-07-11,36.760,37.830,36.380,36.940,62899,,,0.1355,hfq
2007-07-12,36.960,38.740,36.960,38.200,87094,,,3.4109,hfq
2007-07-13,38.770,39.440,37.960,38.250,92316,,,0.1309,hfq
2007-07-16,38.440,38.740,36.710,36.860,44154,,,-3.6340,hfq
2007-07-17,36.660,40.520,36.560,40.390,212704,,,9.5768,hfq
2007-07-18,40.360,42.260,40.040,40.440,249679,,,0.1238,hfq
2007-07-19,40.110,40.510,39.470,40.060,116492,,,-0.9397,hfq
2007-07-20,40.060,43.160,40.060,42.750,160733,,,6.7149,hfq
2007-07-23,43.560,44.140,42.710,42.980,164960,,,0.5380,hfq
2007-07-24,43.070,43.700,41.960,42.870,106676,,,-0.2559,hfq
2007-07-25,42.810,43.620,42.240,43.550,133571,,,1.5862,hfq
2007-07-26,43.760,43.940,42.310,42.750,98721,,,-1.8370,hfq
2007-07-27,42.560,42.560,41.080,41.400,198315,,,-3.1579,hfq
2007-07-30,41.160,42.460,41.110,42.060,144401,,,1.5942,hfq
2007-07-31,41.560,42.320,40.260,42.060,122720,,,0.0000,hfq
2007-08-01,42.140,43.440,41.270,41.760,117997,,,-0.7133,hfq
2007-08-02,42.070,44.340,42.070,44.000,151123,,,5.3640,hfq
2007-08-03,44.520,47.340,44.520,47.250,198136,,,7.3864,hfq
2007-08-06,47.420,47.760,46.340,47.180,120699,,,-0.1481,hfq
2007-08-07,47.160,47.180,45.360,46.470,151809,,,-1.5049,hfq
2007-08-08,45.840,47.840,45.070,46.220,179004,,,-0.5380,hfq
2007-08-09,46.240,48.510,45.960,48.280,136716,,,4.4569,hfq
2007-08-10,47.710,49.250,47.260,48.220,94144,,,-0.1243,hfq
2007-08-13,48.090,49.250,47.050,47.440,100164,,,-1.6176,hfq
2007-08-14,46.760,47.610,46.140,47.040,135910,,,-0.8432,hfq
2007-08-15,47.410,49.660,47.160,48.910,130446,,,3.9753,hfq
2007-08-16,49.060,49.060,46.410,48.020,67894,,,-1.8197,hfq
2007-08-17,47.760,50.260,46.760,47.050,126047,,,-2.0200,hfq
2007-08-20,48.510,51.730,48.510,51.160,145544,,,8.7354,hfq
2007-08-21,51.170,52.460,50.860,51.860,81559,,,1.3683,hfq
2007-08-22,50.760,54.040,50.570,52.550,78707,,,1.3305,hfq
2007-08-23,52.350,53.760,51.320,52.690,95707,,,0.2664,hfq
2007-08-24,53.130,57.930,52.760,57.930,170157,,,9.9450,hfq
2007-08-27,57.860,60.020,56.220,57.890,153021,,,-0.0690,hfq
2007-08-28,57.270,60.410,56.270,58.360,99128,,,0.8119,hfq
2007-08-29,58.160,60.260,57.460,59.840,79065,,,2.5360,hfq
2007-08-30,61.060,63.060,58.020,58.390,139976,,,-2.4231,hfq
2007-08-31,58.260,58.960,57.740,58.550,97205,,,0.2740,hfq
2007-09-03,58.550,60.760,58.550,59.410,109101,,,1.4688,hfq
2007-09-04,59.240,59.240,57.240,57.560,122066,,,-3.1140,hfq
2007-09-05,57.260,58.120,55.050,56.460,125478,,,-1.9110,hfq
2007-09-06,56.610,58.790,56.610,57.410,89127,,,1.6826,hfq
2007-09-07,57.260,57.460,55.250,56.330,74356,,,-1.8812,hfq
2007-09-10,56.160,58.360,55.270,58.240,66794,,,3.3907,hfq
2007-09-11,58.250,60.060,56.070,56.930,128107,,,-2.2493,hfq
2007-09-12,56.360,58.560,56.360,58.260,114324,,,2.3362,hfq
2007-09-13,58.260,59.610,57.260,59.540,113710,,,2.1970,hfq
2007-09-14,59.760,59.860,56.740,57.600,111898,,,-3.2583,hfq
2007-09-17,57.310,59.660,57.310,58.590,98312,,,1.7188,hfq
2007-09-18,58.740,59.150,55.560,56.710,157235,,,-3.2087,hfq
2007-09-19,56.460,57.260,54.710,55.420,141124,,,-2.2747,hfq
2007-09-20,55.660,56.040,54.760,55.390,89753,,,-0.0541,hfq
2007-09-21,55.390,55.760,52.260,53.160,154917,,,-4.0260,hfq
2007-09-24,53.160,54.760,51.760,54.650,100694,,,2.8029,hfq
2007-09-25,54.960,55.450,52.960,53.260,52475,,,-2.5435,hfq
2007-09-26,53.240,55.210,53.060,53.280,69982,,,0.0376,hfq
2007-09-27,53.280,55.360,53.270,54.740,76586,,,2.7402,hfq
2007-09-28,55.340,57.140,55.340,56.680,86823,,,3.5440,hfq
2007-10-08,57.860,61.840,57.290,61.220,124858,,,8.0099,hfq
2007-10-09,61.350,63.360,60.280,62.260,94696,,,1.6988,hfq
2007-10-10,62.280,64.320,60.360,61.200,66959,,,-1.7025,hfq
2007-10-11,61.370,65.540,61.370,65.400,130858,,,6.8627,hfq
2007-10-12,66.120,66.440,61.510,64.690,62010,,,-1.0856,hfq
2007-10-15,64.260,65.760,62.920,64.100,68263,,,-0.9120,hfq
2007-10-16,64.170,67.150,64.170,65.650,56584,,,2.4181,hfq
2007-10-17,64.760,66.160,63.220,63.740,44063,,,-2.9094,hfq
2007-10-18,63.260,64.560,60.260,60.560,67336,,,-4.9890,hfq
2007-10-22,59.760,61.840,58.760,60.880,52448,,,0.5284,hfq
2007-10-23,61.180,63.760,60.260,63.680,71932,,,4.5992,hfq
2007-10-24,64.030,68.760,63.850,66.180,61870,,,3.9259,hfq
2007-10-25,65.760,65.760,63.260,64.800,80138,,,-2.0852,hfq
2007-10-26,63.960,68.230,63.660,67.320,59636,,,3.8889,hfq
2007-10-29,68.060,70.760,67.260,67.340,71120,,,0.0297,hfq
2007-10-30,67.460,67.770,65.160,66.760,83365,,,-0.8613,hfq
2007-10-31,68.060,68.560,64.960,66.460,101900,,,-0.4494,hfq
2007-11-01,66.130,68.050,65.260,65.480,76848,,,-1.4746,hfq
2007-11-02,65.060,65.140,63.560,63.770,57919,,,-2.6115,hfq
2007-11-05,62.630,63.730,61.600,62.530,47906,,,-1.9445,hfq
2007-11-06,61.960,64.260,61.960,62.270,30680,,,-0.4158,hfq
2007-11-07,62.970,63.740,61.360,63.500,27978,,,1.9753,hfq
2007-11-08,63.110,63.360,59.760,60.180,43733,,,-5.2283,hfq
2007-11-09,59.060,61.560,58.520,59.820,36811,,,-0.5982,hfq
2007-11-12,57.820,59.820,57.060,57.730,50911,,,-3.4938,hfq
2007-11-13,59.040,59.240,54.240,54.900,61533,,,-4.9021,hfq
2007-11-14,55.760,57.160,53.360,57.090,98079,,,3.9891,hfq
2007-11-15,56.260,57.880,55.370,56.260,74668,,,-1.4538,hfq
2007-11-16,55.360,55.860,53.740,53.990,76689,,,-4.0348,hfq
2007-11-19,54.450,54.560,52.480,52.820,53005,,,-2.1671,hfq
2007-11-20,52.310,53.790,51.240,53.740,98169,,,1.7418,hfq
2007-11-21,53.920,55.040,53.480,53.880,67770,,,0.2605,hfq
2007-11-22,52.610,55.360,51.760,52.230,89868,,,-3.0624,hfq
2007-11-23,51.860,54.270,51.860,53.850,61299,,,3.1017,hfq
2007-11-26,54.760,55.850,53.760,54.050,51899,,,0.3714,hfq
2007-11-27,53.470,55.260,52.360,54.100,38904,,,0.0925,hfq
2007-11-28,54.440,55.310,53.860,55.100,54170,,,1.8484,hfq
2007-11-29,55.860,58.370,54.680,57.460,84429,,,4.2831,hfq
2007-11-30,56.760,57.460,56.060,56.760,45441,,,-1.2182,hfq
2007-12-03,56.140,58.250,56.060,57.530,43646,,,1.3566,hfq
2007-12-04,58.240,58.240,56.770,57.370,49130,,,-0.2781,hfq
2007-12-05,57.260,58.270,56.630,58.220,55289,,,1.4816,hfq
2007-12-06,58.240,58.760,57.260,58.360,50694,,,0.2405,hfq
2007-12-07,58.680,58.860,57.660,58.400,28540,,,0.0685,hfq
2007-12-10,56.750,57.410,55.960,57.330,117520,,,-1.8322,hfq
2007-12-11,57.260,57.260,54.170,55.150,128912,,,-3.8025,hfq
2007-12-12,54.760,54.760,51.550,51.580,262632,,,-6.4733,hfq
2007-12-13,51.040,51.760,49.440,50.130,186974,,,-2.8112,hfq
2007-12-14,49.960,51.110,49.160,51.010,124977,,,1.7554,hfq
2007-12-17,50.310,50.540,47.060,47.120,144258,,,-7.6260,hfq
2007-12-18,46.860,48.480,46.640,47.660,82731,,,1.1460,hfq
2007-12-19,48.370,48.870,48.000,48.350,60337,,,1.4478,hfq
2007-12-20,48.460,50.320,48.460,49.860,58257,,,3.1231,hfq
2007-12-21,49.260,50.310,49.060,49.350,125334,,,-1.0229,hfq
2007-12-24,50.130,51.220,49.770,51.140,115555,,,3.6272,hfq
2007-12-25,51.560,51.640,50.380,50.440,66075,,,-1.3688,hfq
2007-12-26,50.460,51.410,48.760,50.070,83273,,,-0.7335,hfq
2007-12-27,50.110,51.610,49.060,51.580,148028,,,3.0158,hfq
2007-12-28,51.850,52.850,51.610,52.120,129464,,,1.0469,hfq
2008-01-02,52.170,52.540,50.970,51.920,64048,,,-0.3837,hfq
2008-01-03,51.710,51.710,48.950,50.100,136224,,,-3.5054,hfq
2008-01-04,50.160,51.260,50.160,50.960,83627,,,1.7166,hfq
2008-01-07,51.040,53.410,50.240,52.960,126931,,,3.9246,hfq
2008-01-08,53.810,55.760,53.810,54.620,170199,,,3.1344,hfq
2008-01-09,54.270,55.500,54.270,55.130,58848,,,0.9337,hfq
2008-01-10,55.480,57.270,54.870,57.240,103040,,,3.8273,hfq
2008-01-11,57.510,61.860,57.310,61.260,178378,,,7.0231,hfq
2008-01-14,61.360,62.210,60.060,61.520,81779,,,0.4244,hfq
2008-01-15,61.260,61.260,58.660,58.720,98439,,,-4.5514,hfq
2008-01-16,57.660,57.660,53.650,53.760,229525,,,-8.4469,hfq
2008-01-17,53.260,54.250,51.030,53.360,161639,,,-0.7440,hfq
2008-01-18,53.140,53.760,51.960,52.940,107496,,,-0.7871,hfq
2008-01-21,52.560,53.500,49.260,49.530,121609,,,-6.4413,hfq
2008-01-22,48.260,50.060,45.260,46.410,186417,,,-6.2992,hfq
2008-01-23,47.390,48.460,45.760,47.850,151342,,,3.1028,hfq
2008-01-24,48.450,48.650,46.030,46.540,134015,,,-2.7377,hfq
2008-01-25,46.560,49.860,46.080,49.220,140436,,,5.7585,hfq
2008-01-28,48.260,48.260,46.210,46.240,122320,,,-6.0544,hfq
2008-01-29,46.570,47.560,44.390,45.360,87460,,,-1.9031,hfq
2008-01-30,45.250,45.740,40.850,41.750,280463,,,-7.9586,hfq
2008-01-31,41.260,41.760,39.760,40.240,131659,,,-3.6168,hfq
2008-02-01,40.610,41.560,39.380,41.200,143197,,,2.3857,hfq
2008-02-04,42.210,45.290,41.960,45.130,258216,,,9.5388,hfq
2008-02-05,44.770,47.760,44.770,46.720,664989,,,3.5232,hfq
2008-02-13,45.640,46.460,44.670,44.770,111344,,,-4.1738,hfq
2008-02-14,45.660,46.340,44.830,45.060,150920,,,0.6478,hfq
2008-02-15,44.640,44.760,43.110,43.260,102621,,,-3.9947,hfq
2008-02-18,44.260,45.410,43.610,45.200,259557,,,4.4845,hfq
2008-02-19,45.660,46.140,44.730,46.060,174885,,,1.9027,hfq
2008-02-20,46.060,46.360,43.740,44.050,178200,,,-4.3639,hfq
2008-02-21,43.770,43.820,42.160,42.700,105710,,,-3.0647,hfq
2008-02-22,42.440,42.440,40.260,41.160,119350,,,-3.6066,hfq
2008-02-25,41.190,42.660,40.230,42.390,202684,,,2.9883,hfq
2008-02-26,43.560,43.790,41.470,42.720,126984,,,0.7785,hfq
2008-02-27,43.120,45.160,42.720,43.720,194774,,,2.3408,hfq
2008-02-28,44.010,44.650,43.740,44.010,110971,,,0.6633,hfq
2008-02-29,43.910,45.220,43.610,44.510,110207,,,1.1361,hfq
2008-03-03,44.010,45.080,43.210,45.020,197268,,,1.1458,hfq
2008-03-04,45.220,45.220,42.150,42.200,165218,,,-6.2639,hfq
2008-03-05,42.320,43.220,41.830,42.120,165906,,,-0.1896,hfq
2008-03-06,42.270,44.460,41.960,42.410,171004,,,0.6885,hfq
2008-03-07,42.050,42.900,41.210,41.360,181113,,,-2.4758,hfq
2008-03-10,41.070,41.260,39.160,39.310,123586,,,-4.9565,hfq
2008-03-11,39.230,39.260,37.660,37.950,214453,,,-3.4597,hfq
2008-03-12,39.160,39.260,35.240,35.340,307013,,,-6.8775,hfq
2008-03-13,35.010,35.710,34.250,34.340,300552,,,-2.8297,hfq
2008-03-14,34.630,34.630,32.960,33.390,377359,,,-2.7665,hfq
2008-03-17,33.240,34.540,32.960,33.910,230606,,,1.5574,hfq
2008-03-18,33.910,35.060,32.260,33.130,245282,,,-2.3002,hfq
2008-03-19,34.070,35.240,33.460,35.180,367385,,,6.1877,hfq
2008-03-20,31.760,36.830,31.690,36.170,365791,,,2.8141,hfq
2008-03-21,36.250,36.760,34.760,35.380,271998,,,-2.1841,hfq
2008-03-24,35.840,36.060,32.060,32.090,257414,,,-9.2990,hfq
2008-03-25,31.670,33.260,30.370,32.600,257247,,,1.5893,hfq
2008-03-26,32.850,34.510,32.650,33.260,299683,,,2.0245,hfq
2008-03-27,32.360,34.140,32.170,33.270,222332,,,0.0301,hfq
2008-03-28,33.310,36.570,33.310,36.570,537975,,,9.9188,hfq
2008-03-31,35.320,37.560,35.320,37.080,414584,,,1.3946,hfq
2008-04-01,36.560,37.860,35.060,36.190,300811,,,-2.4002,hfq
2008-04-02,37.010,39.260,36.760,37.760,530441,,,4.3382,hfq
2008-04-03,37.210,38.510,36.640,38.210,255820,,,1.1917,hfq
2008-04-07,37.760,39.540,37.380,39.210,259541,,,2.6171,hfq
2008-04-08,39.360,39.430,38.160,38.740,191182,,,-1.1987,hfq
2008-04-09,38.260,38.640,36.280,36.540,187261,,,-5.6789,hfq
2008-04-10,36.570,37.460,36.140,37.270,168193,,,1.9978,hfq
2008-04-11,38.030,38.430,37.260,37.800,172403,,,1.4221,hfq
2008-04-14,37.160,37.240,34.140,34.360,201444,,,-9.1005,hfq
2008-04-15,34.160,34.720,32.260,34.150,197001,,,-0.6112,hfq
2008-04-16,34.040,34.550,33.060,33.390,143621,,,-2.2255,hfq
2008-04-17,33.670,34.260,32.860,33.950,206909,,,1.6771,hfq
2008-04-18,33.450,35.460,32.410,34.900,279505,,,2.7982,hfq
2008-04-21,38.250,38.250,33.560,34.530,369054,,,-1.0602,hfq
2008-04-22,33.760,35.960,32.970,35.760,270229,,,3.5621,hfq
2008-04-23,35.100,37.940,34.940,37.770,390208,,,5.6208,hfq
2008-04-24,40.560,41.520,39.160,41.270,857386,,,9.2666,hfq
2008-04-25,40.140,41.670,39.650,40.220,514115,,,-2.5442,hfq
2008-04-29,39.240,40.300,38.820,39.410,297278,,,-2.0139,hfq
2008-04-30,39.870,41.640,39.870,41.030,461956,,,4.1106,hfq
2008-05-05,41.590,41.640,40.060,40.770,333527,,,-0.6337,hfq
2008-05-06,40.370,40.370,39.140,39.570,260375,,,-2.9433,hfq
2008-05-07,39.260,40.140,37.260,37.310,272141,,,-5.7114,hfq
2008-05-08,37.050,37.730,36.640,37.680,198053,,,0.9917,hfq
2008-05-09,37.970,38.250,35.140,35.680,392509,,,-5.3079,hfq
2008-05-12,35.160,36.880,34.040,36.390,335366,,,1.9899,hfq
2008-05-13,35.010,36.110,34.810,35.080,232385,,,-3.5999,hfq
2008-05-14,35.090,37.430,35.090,37.340,273952,,,6.4424,hfq
2008-05-15,37.690,38.230,36.360,36.450,245074,,,-2.3835,hfq
2008-05-16,36.510,37.460,36.270,36.990,168976,,,1.4815,hfq
2008-05-19,36.610,37.220,36.060,36.810,104019,,,-0.4866,hfq
2008-05-20,36.860,37.390,34.860,35.070,179056,,,-4.7270,hfq
2008-05-21,34.760,35.990,34.440,35.560,151976,,,1.3972,hfq
2008-05-22,35.130,35.760,34.680,34.750,141277,,,-2.2778,hfq
2008-05-23,34.810,35.360,34.410,34.720,107967,,,-0.0863,hfq
2008-05-26,34.560,34.560,33.180,33.250,126662,,,-4.2339,hfq
2008-05-27,33.480,33.740,33.090,33.520,76660,,,0.8120,hfq
2008-05-28,33.580,35.420,33.550,35.040,187300,,,4.5346,hfq
2008-05-29,34.880,34.880,33.840,33.880,119569,,,-3.3105,hfq
2008-05-30,34.090,35.280,34.090,35.080,210388,,,3.5419,hfq
2008-06-02,34.970,35.560,34.460,35.230,111137,,,0.4276,hfq
2008-06-03,34.980,35.510,34.830,35.220,140396,,,-0.0284,hfq
2008-06-04,34.940,35.140,34.090,34.390,74558,,,-2.3566,hfq
2008-06-05,34.210,35.080,33.840,34.670,74824,,,0.8142,hfq
2008-06-06,34.890,35.080,34.470,34.680,63218,,,0.0288,hfq
2008-06-10,32.580,33.240,31.270,31.270,150140,,,-9.8328,hfq
2008-06-11,30.570,30.580,28.980,29.210,179926,,,-6.5878,hfq
2008-06-12,28.980,29.480,27.810,28.380,145986,,,-2.8415,hfq
2008-06-13,28.500,28.910,27.780,28.230,147551,,,-0.5285,hfq
2008-06-16,28.460,28.870,27.590,28.330,166074,,,0.3542,hfq
2008-06-17,28.380,28.480,26.170,26.580,148511,,,-6.1772,hfq
2008-06-18,26.500,28.260,26.070,28.140,198817,,,5.8691,hfq
2008-06-19,27.960,27.960,25.380,25.380,164110,,,-9.8081,hfq
2008-06-20,25.390,27.680,24.400,26.150,222690,,,3.0339,hfq
2008-06-23,25.260,26.370,24.990,25.630,82580,,,-1.9885,hfq
2008-06-24,25.650,26.860,25.590,26.650,116095,,,3.9797,hfq
2008-06-25,26.650,27.780,26.430,27.380,113099,,,2.7392,hfq
2008-06-26,27.380,27.740,26.560,27.380,144565,,,0.0000,hfq
2008-06-27,26.180,26.670,25.710,25.810,167063,,,-5.7341,hfq
2008-06-30,25.430,26.380,25.430,26.050,150422,,,0.9299,hfq
2008-07-01,26.090,26.220,24.880,25.370,178669,,,-2.6104,hfq
2008-07-02,25.370,25.930,25.080,25.590,114598,,,0.8672,hfq
2008-07-03,25.090,26.570,24.430,25.630,172842,,,0.1563,hfq
2008-07-04,25.980,26.180,25.480,25.730,113425,,,0.3902,hfq
2008-07-07,25.780,27.440,25.780,27.210,152696,,,5.7520,hfq
2008-07-08,27.340,27.730,26.640,27.150,151867,,,-0.2205,hfq
2008-07-09,27.470,28.830,27.470,28.390,254871,,,4.5672,hfq
2008-07-10,27.730,28.590,27.630,27.750,205292,,,-2.2543,hfq
2008-07-11,27.760,28.370,27.210,28.350,143268,,,2.1622,hfq
2008-07-14,28.020,28.820,27.780,28.110,134063,,,-0.8466,hfq
2008-07-15,28.170,28.380,26.340,26.380,178245,,,-6.1544,hfq
2008-07-16,26.010,26.180,24.570,24.730,180115,,,-6.2547,hfq
2008-07-17,25.440,25.760,24.330,24.420,154806,,,-1.2535,hfq
2008-07-18,24.880,25.360,24.130,25.010,196601,,,2.4161,hfq
2008-07-21,24.740,25.960,24.590,25.890,159384,,,3.5186,hfq
2008-07-22,25.780,25.950,25.510,25.900,138806,,,0.0386,hfq
2008-07-23,26.180,26.370,25.490,25.600,142700,,,-1.1583,hfq
2008-07-24,25.730,27.000,25.730,26.890,243909,,,5.0391,hfq
2008-07-25,26.390,27.540,26.280,27.100,228347,,,0.7810,hfq
2008-07-28,27.350,27.960,27.300,27.450,237127,,,1.2915,hfq
2008-07-29,26.980,27.280,26.460,26.740,114524,,,-2.5865,hfq
2008-07-30,27.260,27.360,26.680,26.780,110743,,,0.1496,hfq
2008-07-31,26.930,26.980,25.660,25.680,105716,,,-4.1075,hfq
2008-08-01,25.560,27.610,24.850,26.490,256517,,,3.1542,hfq
2008-08-04,25.990,26.580,25.680,25.820,103750,,,-2.5293,hfq
2008-08-05,26.180,26.330,25.180,25.360,145617,,,-1.7816,hfq
2008-08-06,25.620,26.080,25.260,25.710,125285,,,1.3801,hfq
2008-08-07,25.760,26.180,25.130,25.510,144719,,,-0.7779,hfq
2008-08-08,25.460,25.520,24.530,25.080,177239,,,-1.6856,hfq
2008-08-11,24.780,25.460,24.100,24.270,121721,,,-3.2297,hfq
2008-08-12,23.980,24.240,23.530,23.550,92476,,,-2.9666,hfq
2008-08-13,23.380,23.380,22.370,23.070,143157,,,-2.0382,hfq
2008-08-14,22.840,23.180,22.580,22.950,71989,,,-0.5202,hfq
2008-08-15,22.830,23.900,22.830,23.470,103433,,,2.2658,hfq
2008-08-18,23.530,23.690,22.600,22.800,114735,,,-2.8547,hfq
2008-08-19,22.580,23.790,22.480,23.740,95402,,,4.1228,hfq
2008-08-20,23.570,25.640,23.030,25.450,387906,,,7.2030,hfq
2008-08-21,24.690,25.080,23.780,23.850,241216,,,-6.2868,hfq
2008-08-22,23.530,23.850,22.660,22.870,157688,,,-4.1090,hfq
2008-08-25,23.020,23.250,22.600,22.650,124723,,,-0.9620,hfq
2008-08-26,22.410,22.780,21.670,21.810,159088,,,-3.7086,hfq
2008-08-27,21.620,22.120,21.490,22.000,134719,,,0.8712,hfq
2008-08-28,21.930,22.360,21.820,22.150,118897,,,0.6818,hfq
2008-08-29,22.430,22.960,22.280,22.670,141434,,,2.3476,hfq
2008-09-01,22.460,22.460,21.260,21.440,123917,,,-5.4257,hfq
2008-09-02,21.280,21.580,20.680,20.800,151805,,,-2.9851,hfq
2008-09-03,20.780,20.960,19.950,20.230,149051,,,-2.7404,hfq
2008-09-04,20.230,20.270,19.580,20.040,150169,,,-0.9392,hfq
2008-09-05,19.420,19.730,19.180,19.520,188647,,,-2.5948,hfq
2008-09-08,19.540,19.680,18.870,18.910,125398,,,-3.1250,hfq
2008-09-09,19.130,19.210,18.580,18.980,134096,,,0.3702,hfq
2008-09-10,18.760,19.160,18.430,18.720,145735,,,-1.3699,hfq
2008-09-11,18.700,18.700,17.550,17.640,228373,,,-5.7692,hfq
2008-09-12,17.640,17.980,17.340,17.400,168854,,,-1.3605,hfq
2008-09-16,16.590,16.630,15.720,15.720,409406,,,-9.6552,hfq
2008-09-17,15.380,15.460,14.240,14.390,520010,,,-8.4606,hfq
2008-09-18,13.780,15.260,13.630,14.950,497431,,,3.8916,hfq
2008-09-19,16.390,16.390,16.280,16.390,226679,,,9.6321,hfq
2008-09-22,17.970,17.970,17.110,17.970,915959,,,9.6400,hfq
2008-09-23,17.260,17.480,16.530,16.560,483547,,,-7.8464,hfq
2008-09-24,16.190,16.370,15.680,16.320,289636,,,-1.4493,hfq
2008-09-25,16.360,17.350,16.160,16.850,359721,,,3.2475,hfq
2008-09-26,16.950,17.230,16.580,17.010,284268,,,0.9496,hfq
2008-10-06,16.480,16.480,15.370,15.370,247270,,,-9.6414,hfq
2008-10-07,14.580,15.730,14.400,15.280,204294,,,-0.5856,hfq
2008-10-08,14.660,14.930,14.380,14.530,255194,,,-4.9084,hfq
2008-10-09,14.830,14.970,14.540,14.590,194956,,,0.4129,hfq
2008-10-10,14.050,14.370,13.690,14.030,234525,,,-3.8382,hfq
2008-10-13,13.930,15.380,13.830,15.380,381498,,,9.6222,hfq
2008-10-14,15.610,16.160,14.780,14.830,457315,,,-3.5761,hfq
2008-10-15,14.730,15.130,14.480,15.070,187683,,,1.6183,hfq
2008-10-16,14.350,14.690,14.160,14.270,271397,,,-5.3086,hfq
2008-10-17,14.530,14.650,14.280,14.470,189196,,,1.4015,hfq
2008-10-20,14.420,15.330,14.130,15.180,233932,,,4.9067,hfq
2008-10-21,15.280,15.450,14.990,15.020,224021,,,-1.0540,hfq
2008-10-22,14.780,15.370,14.680,14.730,201097,,,-1.9308,hfq
2008-10-23,14.230,14.510,13.830,14.190,337274,,,-3.6660,hfq
2008-10-24,14.120,14.120,13.260,13.380,364728,,,-5.7082,hfq
2008-10-27,13.060,13.060,12.220,12.300,226087,,,-8.0717,hfq
2008-10-28,12.090,13.420,12.050,13.230,330814,,,7.5610,hfq
2008-10-29,13.340,13.560,12.790,12.830,276827,,,-3.0234,hfq
2008-10-30,12.890,13.560,12.580,13.290,295349,,,3.5853,hfq
2008-10-31,13.190,13.310,12.880,12.950,140598,,,-2.5583,hfq
2008-11-03,12.830,13.470,12.800,13.130,179647,,,1.3900,hfq
2008-11-04,13.080,13.550,12.990,13.260,205001,,,0.9901,hfq
2008-11-05,13.480,14.480,13.390,14.070,395932,,,6.1086,hfq
2008-11-06,13.600,13.760,13.440,13.510,204264,,,-3.9801,hfq
2008-11-07,13.230,14.800,13.100,14.400,506569,,,6.5877,hfq
2008-11-10,14.760,15.760,14.580,15.710,618018,,,9.0972,hfq
2008-11-11,15.380,15.720,15.180,15.190,436281,,,-3.3100,hfq
2008-11-12,14.990,15.730,14.940,15.690,386390,,,3.2916,hfq
2008-11-13,15.390,16.680,14.980,16.390,723860,,,4.4614,hfq
2008-11-14,16.400,16.660,16.180,16.550,566855,,,0.9762,hfq
2008-11-17,16.380,16.830,16.290,16.670,486449,,,0.7251,hfq
2008-11-18,16.510,16.890,15.070,15.090,652406,,,-9.4781,hfq
2008-11-19,15.190,16.540,15.080,16.390,446011,,,8.6150,hfq
2008-11-20,16.060,16.670,15.910,16.080,450252,,,-1.8914,hfq
2008-11-21,15.500,16.500,15.140,15.860,444905,,,-1.3682,hfq
2008-11-24,15.730,15.860,14.840,14.910,259576,,,-5.9899,hfq
2008-11-25,15.380,15.460,14.700,14.890,207500,,,-0.1341,hfq
2008-11-26,14.880,15.210,14.480,14.980,209215,,,0.6044,hfq
2008-11-27,15.580,16.130,14.890,15.020,543196,,,0.2670,hfq
2008-11-28,14.750,14.930,13.980,14.060,309006,,,-6.3915,hfq
2008-12-01,14.080,14.470,13.740,14.340,158370,,,1.9915,hfq
2008-12-02,13.930,14.570,13.870,14.420,201404,,,0.5579,hfq
2008-12-03,14.780,15.320,14.670,15.270,406294,,,5.8946,hfq
2008-12-04,15.400,16.380,15.400,15.680,696864,,,2.6850,hfq
2008-12-05,15.530,16.060,15.480,15.960,356217,,,1.7857,hfq
2008-12-08,16.130,16.950,16.130,16.910,530311,,,5.9524,hfq
2008-12-09,16.930,17.100,16.250,16.360,400668,,,-3.2525,hfq
2008-12-10,16.270,17.940,16.270,17.940,733782,,,9.6577,hfq
2008-12-11,17.660,17.960,17.230,17.460,542094,,,-2.6756,hfq
2008-12-12,17.240,17.340,16.280,16.420,412900,,,-5.9565,hfq
2008-12-15,16.840,17.020,16.260,16.730,306000,,,1.8879,hfq
2008-12-16,16.380,16.680,15.980,16.560,280027,,,-1.0161,hfq
2008-12-17,16.670,16.790,16.130,16.570,368056,,,0.0604,hfq
2008-12-18,16.380,17.580,16.130,17.410,546210,,,5.0694,hfq
2008-12-19,17.140,17.670,17.020,17.080,398440,,,-1.8955,hfq
2008-12-22,17.120,17.160,16.440,16.970,286630,,,-0.6440,hfq
2008-12-23,16.680,16.780,16.100,16.140,281187,,,-4.8910,hfq
2008-12-24,15.890,16.350,15.690,15.810,213403,,,-2.0446,hfq
2008-12-25,15.930,16.080,15.480,15.580,176749,,,-1.4548,hfq
2008-12-26,15.600,15.880,15.430,15.490,198065,,,-0.5777,hfq
2008-12-29,15.390,15.430,15.150,15.330,196098,,,-1.0329,hfq
2008-12-30,15.380,15.720,15.160,15.290,153523,,,-0.2609,hfq
2008-12-31,15.440,15.480,15.170,15.180,115776,,,-0.7194,hfq
2009-01-05,15.450,15.690,15.290,15.650,213480,,,3.0962,hfq
2009-01-06,15.780,16.560,15.730,16.330,330633,,,4.3450,hfq
2009-01-07,16.360,16.730,16.240,16.270,267330,,,-0.3674,hfq
2009-01-08,15.880,16.030,15.520,15.590,201030,,,-4.1795,hfq
2009-01-09,15.630,16.150,15.630,15.960,164608,,,2.3733,hfq
2009-01-12,15.900,16.630,15.900,16.220,256828,,,1.6291,hfq
2009-01-13,15.580,16.490,15.380,16.110,195418,,,-0.6782,hfq
2009-01-14,16.080,17.480,16.080,17.300,562039,,,7.3867,hfq
2009-01-15,17.060,18.100,16.990,17.660,696580,,,2.0809,hfq
2009-01-16,17.830,19.080,17.830,18.510,751206,,,4.8131,hfq
2009-01-19,18.830,19.780,18.540,18.670,589676,,,0.8644,hfq
2009-01-20,18.580,19.280,18.380,19.260,240251,,,3.1601,hfq
2009-01-21,18.870,19.980,18.480,19.460,312866,,,1.0384,hfq
2009-01-22,19.650,19.780,18.750,19.300,195218,,,-0.8222,hfq
2009-01-23,19.170,19.560,19.060,19.260,163771,,,-0.2073,hfq
2009-02-02,19.330,19.370,18.740,19.040,209562,,,-1.1423,hfq
2009-02-03,18.880,20.050,18.800,19.820,184281,,,4.0966,hfq
2009-02-04,19.940,21.040,19.880,20.880,299051,,,5.3481,hfq
2009-02-05,20.840,21.280,20.050,20.080,340972,,,-3.8314,hfq
2009-02-06,20.310,20.820,20.280,20.650,264320,,,2.8386,hfq
2009-02-09,21.180,21.350,20.530,20.800,225401,,,0.7264,hfq
2009-02-10,20.720,20.800,19.930,20.490,284214,,,-1.4904,hfq
2009-02-11,20.090,21.060,19.770,20.450,465372,,,-0.1952,hfq
2009-02-12,20.330,20.400,19.180,19.690,363912,,,-3.7164,hfq
2009-02-13,19.630,20.150,19.530,20.090,387798,,,2.0315,hfq
2009-02-16,20.280,21.170,20.260,20.970,635637,,,4.3803,hfq
2009-02-17,20.980,21.230,20.330,20.390,448823,,,-2.7659,hfq
2009-02-18,19.880,20.160,19.300,19.560,402357,,,-4.0706,hfq
2009-02-19,19.580,19.950,18.900,19.220,339287,,,-1.7382,hfq
2009-02-20,19.130,19.640,18.920,19.570,292467,,,1.8210,hfq
2009-02-23,19.370,20.480,18.920,20.320,481270,,,3.8324,hfq
2009-02-24,19.780,19.930,18.780,18.980,517812,,,-6.5945,hfq
2009-02-25,19.280,20.090,18.270,19.630,590800,,,3.4247,hfq
2009-02-26,19.330,20.080,18.610,18.860,639208,,,-3.9226,hfq
2009-02-27,18.880,19.680,18.680,19.050,506389,,,1.0074,hfq
2009-03-02,18.980,19.130,18.140,18.700,336356,,,-1.8373,hfq
2009-03-03,18.170,18.610,17.930,18.150,290018,,,-2.9412,hfq
2009-03-04,18.200,19.880,18.200,19.750,523835,,,8.8154,hfq
2009-03-05,19.830,20.780,19.650,20.080,922761,,,1.6709,hfq
2009-03-06,19.580,20.780,19.490,20.320,527668,,,1.1952,hfq
2009-03-09,20.580,21.180,19.800,19.840,709642,,,-2.3622,hfq
2009-03-10,19.580,20.350,19.260,20.330,260401,,,2.4698,hfq
2009-03-11,20.980,21.270,20.380,20.450,734644,,,0.5903,hfq
2009-03-12,20.380,20.430,19.380,20.380,407826,,,-0.3423,hfq
2009-03-13,20.580,20.980,20.200,20.360,426090,,,-0.0981,hfq
2009-03-16,20.180,21.990,19.810,21.740,713375,,,6.7780,hfq
2009-03-17,21.230,22.310,21.090,22.030,865839,,,1.3339,hfq
2009-03-18,22.180,22.280,21.770,21.870,487374,,,-0.7263,hfq
2009-03-19,21.840,22.130,21.490,22.090,367524,,,1.0059,hfq
2009-03-20,22.020,22.160,21.210,21.560,314961,,,-2.3993,hfq
2009-03-23,21.430,22.400,21.430,22.240,384399,,,3.1540,hfq
2009-03-24,22.770,22.930,22.280,22.450,421515,,,0.9442,hfq
2009-03-25,22.280,23.070,22.130,22.540,389917,,,0.4009,hfq
2009-03-26,22.550,23.300,22.550,23.220,485632,,,3.0169,hfq
2009-03-27,23.330,24.140,23.330,23.540,463311,,,1.3781,hfq
2009-03-30,23.500,23.970,23.390,23.440,233163,,,-0.4248,hfq
2009-03-31,22.880,23.900,22.460,23.560,286899,,,0.5119,hfq
2009-04-01,23.680,24.180,23.180,23.480,365832,,,-0.3396,hfq
2009-04-02,23.680,24.580,23.650,24.230,479562,,,3.1942,hfq
2009-04-03,24.570,25.280,24.280,24.730,399898,,,2.0636,hfq
2009-04-07,24.760,25.230,24.030,24.300,251257,,,-1.7388,hfq
2009-04-08,24.180,24.500,23.010,23.050,380270,,,-5.1440,hfq
2009-04-09,23.080,23.450,22.480,23.430,294385,,,1.6486,hfq
2009-04-10,23.800,23.920,23.430,23.740,290790,,,1.3231,hfq
2009-04-13,23.880,24.130,23.220,23.600,824336,,,-0.5897,hfq
2009-04-14,23.430,23.670,23.330,23.580,441326,,,-0.0847,hfq
2009-04-15,23.480,23.890,23.260,23.650,371393,,,0.2969,hfq
2009-04-16,23.700,24.020,23.080,23.600,365770,,,-0.2114,hfq
2009-04-17,23.510,24.000,23.250,23.500,316461,,,-0.4237,hfq
2009-04-20,23.480,24.100,23.480,24.090,347871,,,2.5106,hfq
2009-04-21,23.780,23.900,23.280,23.630,308669,,,-1.9095,hfq
2009-04-22,23.930,24.230,22.980,23.010,372283,,,-2.6238,hfq
2009-04-23,22.880,23.280,22.810,23.130,172759,,,0.5215,hfq
2009-04-24,23.240,23.460,22.770,22.810,179295,,,-1.3835,hfq
2009-04-27,22.990,23.080,21.800,22.090,282555,,,-3.1565,hfq
2009-04-28,21.780,22.850,21.780,22.580,322453,,,2.2182,hfq
2009-04-29,22.580,24.780,22.500,24.330,698768,,,7.7502,hfq
2009-04-30,24.590,25.120,24.180,24.870,566111,,,2.2195,hfq
2009-05-04,24.980,25.860,24.730,25.540,320140,,,2.6940,hfq
2009-05-05,26.090,27.000,25.930,26.200,432398,,,2.5842,hfq
2009-05-06,26.220,26.900,26.030,26.610,307155,,,1.5649,hfq
2009-05-07,26.620,27.690,26.620,27.330,521167,,,2.7057,hfq
2009-05-08,27.130,28.480,27.070,28.240,347731,,,3.3297,hfq
2009-05-11,28.580,30.150,28.080,28.090,452869,,,-0.5312,hfq
2009-05-12,27.850,29.060,27.630,28.970,250839,,,3.1328,hfq
2009-05-13,29.180,29.780,28.680,28.890,238364,,,-0.2761,hfq
2009-05-14,28.560,28.690,27.730,28.180,273551,,,-2.4576,hfq
2009-05-15,28.330,28.890,28.050,28.290,142365,,,0.3903,hfq
2009-05-19,28.730,29.870,28.730,29.730,272253,,,5.0901,hfq
2009-05-20,29.730,29.800,28.680,28.920,204754,,,-2.7245,hfq
2009-05-21,28.460,28.880,27.460,28.120,299922,,,-2.7663,hfq
2009-05-22,27.680,28.430,27.460,27.790,253900,,,-1.1735,hfq
2009-05-25,26.970,28.430,26.880,28.060,263443,,,0.9716,hfq
2009-05-26,28.160,28.250,27.590,27.640,153196,,,-1.4968,hfq
2009-05-27,27.880,29.440,27.790,29.020,262803,,,4.9928,hfq
2009-06-01,29.290,30.180,29.290,29.950,402155,,,3.2047,hfq
2009-06-02,30.080,30.210,29.580,29.760,261772,,,-0.6344,hfq
2009-06-03,29.690,32.080,29.690,31.550,455495,,,6.0148,hfq
2009-06-04,31.470,32.430,31.080,32.110,417376,,,1.7750,hfq
2009-06-05,32.360,32.680,31.780,32.020,182216,,,-0.2803,hfq
2009-06-08,31.790,33.080,31.360,32.090,262659,,,0.2186,hfq
2009-06-09,32.090,32.480,30.960,32.090,221900,,,0.0000,hfq
2009-06-10,31.980,32.680,31.590,31.910,154281,,,-0.5609,hfq
2009-06-11,31.830,32.330,31.420,31.900,151205,,,-0.0313,hfq
2009-06-12,31.750,32.380,31.030,31.240,214660,,,-2.0690,hfq
2009-06-15,31.310,32.630,30.930,32.540,249707,,,4.1613,hfq
2009-06-16,32.090,33.280,32.090,32.580,176756,,,0.1229,hfq
2009-06-17,32.610,33.540,31.620,33.370,225951,,,2.4248,hfq
2009-06-18,33.380,35.130,33.380,34.680,276552,,,3.9257,hfq
2009-06-19,34.560,35.370,34.530,34.860,112285,,,0.5190,hfq
2009-06-22,35.130,35.890,34.880,34.910,181569,,,0.1434,hfq
2009-06-23,34.160,36.530,34.160,35.770,282224,,,2.4635,hfq
2009-06-24,35.610,36.280,35.030,36.020,180648,,,0.6989,hfq
2009-06-25,35.960,36.520,35.680,36.230,143506,,,0.5830,hfq
2009-06-26,36.110,37.170,36.090,37.000,179084,,,2.1253,hfq
2009-06-29,37.030,38.380,37.000,38.360,170508,,,3.6757,hfq
2009-06-30,38.530,38.720,37.470,38.140,198632,,,-0.5735,hfq
2009-07-01,37.940,39.990,37.940,39.930,228465,,,4.6932,hfq
2009-07-02,40.230,41.030,39.640,40.610,219452,,,1.7030,hfq
2009-07-03,40.380,40.880,40.080,40.550,185966,,,-0.1477,hfq
2009-07-06,40.550,41.030,40.030,40.300,216101,,,-0.6165,hfq
2009-07-07,40.280,40.610,38.300,38.440,326118,,,-4.6154,hfq
2009-07-08,38.010,38.520,37.030,38.130,409757,,,-0.8065,hfq
2009-07-09,37.930,38.870,37.480,38.410,221970,,,0.7343,hfq
2009-07-10,38.250,38.710,37.990,38.160,133554,,,-0.6509,hfq
2009-07-13,37.930,38.070,37.030,37.050,239756,,,-2.9088,hfq
2009-07-14,37.330,38.730,37.330,38.470,314746,,,3.8327,hfq
2009-07-15,38.570,39.380,38.030,38.420,227101,,,-0.1300,hfq
2009-07-16,39.130,40.800,38.530,40.410,430509,,,5.1796,hfq
2009-07-17,40.480,40.630,39.680,39.840,234898,,,-1.4105,hfq
2009-07-20,40.030,40.430,39.280,40.050,192266,,,0.5271,hfq
2009-07-21,40.090,41.010,39.680,39.720,212237,,,-0.8240,hfq
2009-07-22,39.630,40.420,39.120,39.920,221237,,,0.5035,hfq
2009-07-23,39.860,41.000,39.230,40.420,275899,,,1.2525,hfq
2009-07-24,40.530,40.930,39.740,40.020,204626,,,-0.9896,hfq
2009-07-27,40.050,41.910,40.050,41.590,297640,,,3.9230,hfq
2009-07-28,41.710,41.970,41.030,41.390,176229,,,-0.4809,hfq
2009-07-29,41.530,43.380,38.610,40.880,442342,,,-1.2322,hfq
2009-07-30,42.030,43.830,41.230,43.380,426308,,,6.1155,hfq
2009-07-31,43.630,44.510,42.830,44.000,262699,,,1.4292,hfq
2009-08-03,44.070,44.380,43.290,43.820,204613,,,-0.4091,hfq
2009-08-04,44.310,44.330,42.330,42.500,252888,,,-3.0123,hfq
2009-08-05,42.480,42.480,40.630,40.940,324068,,,-3.6706,hfq
2009-08-06,40.630,41.350,39.530,40.170,213948,,,-1.8808,hfq
2009-08-07,39.980,40.830,39.930,40.200,216608,,,0.0747,hfq
2009-08-10,40.690,40.930,39.380,39.470,212940,,,-1.8159,hfq
2009-08-11,39.880,39.880,38.900,39.080,168211,,,-0.9881,hfq
2009-08-12,39.000,39.130,37.030,37.250,347828,,,-4.6827,hfq
2009-08-13,37.210,38.720,36.880,38.220,365693,,,2.6040,hfq
2009-08-14,38.240,39.030,37.650,37.940,251496,,,-0.7326,hfq
2009-08-17,37.230,38.830,36.090,36.730,351173,,,-3.1892,hfq
2009-08-18,36.550,37.730,35.730,37.170,248359,,,1.1979,hfq
2009-08-19,37.230,38.180,35.030,35.210,235708,,,-5.2731,hfq
2009-08-20,35.360,38.110,35.360,37.350,288187,,,6.0778,hfq
2009-08-21,37.430,39.630,36.840,38.330,341841,,,2.6238,hfq
2009-08-24,38.830,38.830,37.230,37.680,226453,,,-1.6958,hfq
2009-08-25,37.530,37.530,34.020,35.070,587096,,,-6.9268,hfq
2009-08-26,35.030,35.720,33.600,34.870,350218,,,-0.5703,hfq
2009-08-27,34.530,35.110,33.730,33.920,302381,,,-2.7244,hfq
2009-08-28,33.930,34.310,31.130,32.000,433835,,,-5.6604,hfq
2009-08-31,31.430,31.430,28.900,28.910,488225,,,-9.6562,hfq
2009-09-01,28.850,30.900,28.850,29.990,412775,,,3.7357,hfq
2009-09-02,29.500,32.330,29.130,32.270,495194,,,7.6025,hfq
2009-09-03,32.320,34.030,31.950,33.630,525087,,,4.2144,hfq
2009-09-04,33.680,34.680,33.210,33.940,309749,,,0.9218,hfq
2009-09-07,34.080,35.440,34.010,34.300,346514,,,1.0607,hfq
2009-09-08,33.930,34.930,33.630,34.800,230553,,,1.4577,hfq
2009-09-09,35.090,35.810,34.810,35.070,198325,,,0.7759,hfq
2009-09-10,34.830,35.430,34.440,35.050,164667,,,-0.0570,hfq
2009-09-11,35.050,37.700,34.930,37.300,285052,,,6.4194,hfq
2009-09-14,37.430,37.990,36.610,37.630,263761,,,0.8847,hfq
2009-09-15,37.510,38.000,36.840,37.490,200739,,,-0.3720,hfq
2009-09-16,36.720,37.280,35.540,36.590,321670,,,-2.4006,hfq
2009-09-17,36.730,37.430,36.530,36.650,328860,,,0.1640,hfq
2009-09-18,36.800,36.880,34.410,34.950,327783,,,-4.6385,hfq
2009-09-21,34.290,35.030,33.230,34.220,282187,,,-2.0887,hfq
2009-09-22,34.210,34.230,32.730,33.050,310765,,,-3.4191,hfq
2009-09-23,33.030,33.930,32.870,33.320,285126,,,0.8169,hfq
2009-09-24,33.040,35.880,32.640,35.080,441807,,,5.2821,hfq
2009-09-25,34.730,35.030,33.780,34.450,243033,,,-1.7959,hfq
2009-09-28,34.280,34.800,32.690,33.000,158662,,,-4.2090,hfq
2009-09-29,33.030,34.430,32.910,34.180,240911,,,3.5758,hfq
2009-09-30,34.530,35.250,34.310,34.820,209068,,,1.8724,hfq
2009-10-09,35.630,37.130,35.630,37.050,288347,,,6.4044,hfq
2009-10-12,37.440,38.110,37.030,37.330,298498,,,0.7557,hfq
2009-10-13,37.030,38.250,36.840,38.100,248600,,,2.0627,hfq
2009-10-14,38.210,38.740,37.830,38.080,234546,,,-0.0525,hfq
2009-10-15,38.580,39.340,38.530,38.590,174663,,,1.3393,hfq
2009-10-16,38.830,38.940,37.410,38.100,168158,,,-1.2698,hfq
2009-10-19,38.160,39.390,37.360,38.900,235870,,,2.0997,hfq
2009-10-20,39.130,40.430,39.130,39.730,255580,,,2.1337,hfq
2009-10-21,39.670,40.450,39.340,39.830,206495,,,0.2517,hfq
2009-10-22,39.730,40.030,39.250,39.350,149330,,,-1.2051,hfq
2009-10-23,39.480,40.690,39.480,40.320,202730,,,2.4651,hfq
2009-10-26,40.610,40.620,39.880,40.220,140768,,,-0.2480,hfq
2009-10-27,39.830,40.130,38.740,38.780,153633,,,-3.5803,hfq
2009-10-28,38.640,39.230,37.780,38.630,165410,,,-0.3868,hfq
2009-10-29,37.730,38.670,37.400,37.810,139410,,,-2.1227,hfq
2009-10-30,38.730,39.140,38.210,38.310,132586,,,1.3224,hfq
2009-11-02,37.710,41.230,37.540,41.120,276711,,,7.3349,hfq
2009-11-03,41.220,41.730,40.930,41.610,242221,,,1.1916,hfq
2009-11-04,41.530,42.480,41.240,41.800,230949,,,0.4566,hfq
2009-11-05,41.730,42.030,40.940,41.360,161991,,,-1.0526,hfq
2009-11-06,41.910,42.270,41.390,41.510,147959,,,0.3627,hfq
2009-11-09,41.580,41.720,40.730,41.300,151727,,,-0.5059,hfq
2009-11-10,41.520,42.120,41.480,41.640,186034,,,0.8232,hfq
2009-11-11,41.430,41.700,39.300,40.280,197008,,,-3.2661,hfq
2009-11-12,40.980,41.330,40.480,40.740,158423,,,1.1420,hfq
2009-11-13,40.440,41.280,40.330,41.260,170419,,,1.2764,hfq
2009-11-16,41.610,42.680,41.610,42.660,222391,,,3.3931,hfq
2009-11-17,42.720,43.530,42.530,42.760,232877,,,0.2344,hfq
2009-11-18,42.740,43.010,42.040,42.380,112706,,,-0.8887,hfq
2009-11-19,42.580,42.730,41.430,41.860,187608,,,-1.2270,hfq
2009-11-20,41.540,41.800,40.830,41.200,250062,,,-1.5767,hfq
2009-11-23,41.130,42.160,41.030,41.530,248421,,,0.8010,hfq
2009-11-24,41.780,42.010,40.630,40.710,273416,,,-1.9745,hfq
2009-11-25,40.850,41.520,40.040,41.080,274623,,,0.9089,hfq
2009-11-26,40.940,41.050,38.400,38.830,473540,,,-5.4771,hfq
2009-11-27,38.530,39.040,37.780,38.260,294895,,,-1.4679,hfq
2009-11-30,39.010,39.550,38.540,39.450,258797,,,3.1103,hfq
2009-12-01,39.030,39.380,38.030,39.210,339513,,,-0.6084,hfq
2009-12-02,39.410,40.280,38.980,39.540,299187,,,0.8416,hfq
2009-12-03,39.460,39.460,38.500,38.800,230265,,,-1.8715,hfq
2009-12-04,38.630,41.130,38.130,41.000,616016,,,5.6701,hfq
2009-12-07,40.970,41.850,40.540,41.310,356314,,,0.7561,hfq
2009-12-09,40.130,40.780,39.710,40.020,263939,,,-3.1227,hfq
2009-12-10,40.580,41.020,40.160,40.270,147619,,,0.6247,hfq
2009-12-11,40.580,41.180,40.200,40.560,139719,,,0.7201,hfq
2009-12-14,40.430,42.530,39.730,42.120,338706,,,3.8462,hfq
2009-12-15,41.630,42.680,41.540,42.100,298603,,,-0.0475,hfq
2009-12-16,41.550,42.860,41.460,41.550,162948,,,-1.3064,hfq
2009-12-17,41.560,42.230,40.530,41.070,194844,,,-1.1552,hfq
2009-12-18,40.580,41.190,40.030,40.360,203993,,,-1.7288,hfq
2009-12-21,40.430,40.830,38.540,39.350,228317,,,-2.5025,hfq
2009-12-22,39.410,39.580,37.930,38.230,178649,,,-2.8463,hfq
2009-12-23,38.230,38.470,37.330,38.240,217000,,,0.0262,hfq
2009-12-24,38.210,39.430,37.540,39.060,198923,,,2.1444,hfq
2009-12-25,38.830,39.280,38.180,38.320,129677,,,-1.8945,hfq
2009-12-28,38.230,39.530,38.230,39.220,175657,,,2.3486,hfq
2009-12-29,39.220,40.030,38.960,39.980,167752,,,1.9378,hfq
2009-12-30,39.980,41.750,39.720,41.290,350013,,,3.2766,hfq
2009-12-31,41.290,41.730,40.930,41.340,211592,,,0.1211,hfq
2010-01-04,41.680,41.680,39.930,39.970,199089,,,-3.3140,hfq
2010-01-05,40.030,40.280,38.460,39.220,421108,,,-1.8764,hfq
2010-01-06,38.980,39.030,38.300,38.820,445464,,,-1.0199,hfq
2010-01-07,39.020,39.320,38.430,39.000,347366,,,0.4637,hfq
2010-01-08,38.780,39.100,38.480,39.010,208864,,,0.0256,hfq
2010-01-11,40.610,40.820,38.080,38.260,439400,,,-1.9226,hfq
2010-01-12,38.330,38.330,36.780,37.880,557300,,,-0.9932,hfq
2010-01-13,36.730,36.730,35.130,35.480,835949,,,-6.3358,hfq
2010-01-14,35.580,35.820,34.890,35.480,427263,,,0.0000,hfq
2010-01-15,35.460,36.020,35.080,35.620,339343,,,0.3946,hfq
2010-01-18,35.520,35.610,34.880,35.550,347627,,,-0.1965,hfq
2010-01-19,35.550,36.480,35.380,35.940,459131,,,1.0970,hfq
2010-01-20,36.030,36.110,34.410,34.740,355554,,,-3.3389,hfq
2010-01-21,34.760,35.830,34.760,35.420,358890,,,1.9574,hfq
2010-01-22,34.930,36.380,34.630,36.190,539618,,,2.1739,hfq
2010-01-25,35.630,36.440,35.410,35.640,261568,,,-1.5198,hfq
2010-01-26,35.680,35.910,34.630,34.860,297577,,,-2.1886,hfq
2010-01-27,34.940,35.030,33.610,33.730,258617,,,-3.2415,hfq
2010-01-28,33.690,33.830,32.990,33.360,213684,,,-1.0969,hfq
2010-01-29,33.130,33.750,32.940,33.190,256284,,,-0.5096,hfq
2010-02-01,33.040,33.130,32.030,32.540,253648,,,-1.9584,hfq
2010-02-02,32.780,34.240,32.760,33.160,335039,,,1.9053,hfq
2010-02-03,33.500,34.750,32.980,34.700,336595,,,4.6441,hfq
2010-02-04,34.320,34.870,34.160,34.590,203562,,,-0.3170,hfq
2010-02-05,33.830,34.830,33.650,34.550,190432,,,-0.1156,hfq
2010-02-08,34.610,34.880,33.840,33.970,112353,,,-1.6787,hfq
2010-02-09,34.040,34.550,33.910,34.330,91485,,,1.0598,hfq
2010-02-10,34.630,35.070,34.510,34.920,129345,,,1.7186,hfq
2010-02-11,34.910,35.070,34.610,34.640,96332,,,-0.8018,hfq
2010-02-12,34.940,35.350,34.640,35.110,119895,,,1.3568,hfq
2010-02-22,34.760,35.270,34.740,34.810,105613,,,-0.8545,hfq
2010-02-23,34.730,35.000,33.480,34.110,172981,,,-2.0109,hfq
2010-02-24,33.910,34.560,33.530,34.530,183829,,,1.2313,hfq
2010-02-25,34.540,35.680,34.480,35.330,234155,,,2.3168,hfq
2010-02-26,35.320,35.890,35.050,35.720,197118,,,1.1039,hfq
2010-03-01,35.730,36.910,35.730,36.550,236756,,,2.3236,hfq
2010-03-02,36.580,37.130,36.360,36.610,194961,,,0.1642,hfq
2010-03-03,36.620,36.770,36.210,36.680,166795,,,0.1912,hfq
2010-03-04,36.530,36.630,35.790,35.830,232078,,,-2.3173,hfq
2010-03-05,35.830,36.110,35.600,35.920,142026,,,0.2512,hfq
2010-03-08,35.940,37.010,35.940,36.730,183559,,,2.2550,hfq
2010-03-09,36.730,37.690,36.220,37.410,251865,,,1.8513,hfq
2010-03-10,37.390,37.880,36.630,36.740,203983,,,-1.7910,hfq
2010-03-11,36.790,37.410,36.690,37.030,174882,,,0.7893,hfq
2010-03-12,37.010,37.210,36.220,36.290,123478,,,-1.9984,hfq
2010-03-15,36.230,36.430,35.330,35.440,108767,,,-2.3422,hfq
2010-03-16,35.430,36.500,35.420,36.430,124945,,,2.7935,hfq
2010-03-17,36.400,37.130,36.060,37.020,134492,,,1.6195,hfq
2010-03-18,37.030,37.320,36.470,36.610,136365,,,-1.1075,hfq
2010-03-19,36.630,36.880,36.320,36.720,114168,,,0.3005,hfq
2010-03-22,36.820,37.580,36.710,37.010,213704,,,0.7898,hfq
2010-03-23,37.080,37.230,36.630,36.690,135254,,,-0.8646,hfq
2010-03-24,36.780,37.110,36.640,36.730,121387,,,0.1090,hfq
2010-03-25,36.610,36.630,35.890,35.930,117934,,,-2.1781,hfq
2010-03-29,36.930,38.220,36.750,38.180,463373,,,6.2622,hfq
2010-03-30,38.170,38.500,37.910,38.300,225134,,,0.3143,hfq
2010-03-31,38.230,38.370,37.600,37.950,170614,,,-0.9138,hfq
2010-04-01,37.950,38.150,37.630,38.080,229360,,,0.3426,hfq
2010-04-02,38.130,38.180,37.660,37.820,172822,,,-0.6828,hfq
2010-04-06,38.050,38.930,37.850,38.050,212554,,,0.6081,hfq
2010-04-07,38.010,38.020,37.330,37.740,143966,,,-0.8147,hfq
2010-04-08,37.700,37.700,36.480,36.770,273394,,,-2.5702,hfq
2010-04-09,36.750,37.380,36.750,37.300,186711,,,1.4414,hfq
2010-04-12,37.420,37.470,35.430,35.630,432520,,,-4.4772,hfq
2010-04-13,35.670,36.600,35.670,36.430,240323,,,2.2453,hfq
2010-04-14,36.410,36.800,35.930,36.350,171821,,,-0.2196,hfq
2010-04-15,36.570,36.630,35.580,36.410,275238,,,0.1651,hfq
2010-04-16,36.130,36.130,35.260,35.320,334173,,,-2.9937,hfq
2010-04-19,34.480,34.480,32.380,32.610,798498,,,-7.6727,hfq
2010-04-20,32.690,32.830,31.090,31.860,598728,,,-2.2999,hfq
2010-04-21,31.900,32.340,31.230,32.270,429394,,,1.2869,hfq
2010-04-22,31.930,31.930,30.750,31.010,576446,,,-3.9046,hfq
2010-04-23,31.070,31.380,30.440,31.040,420064,,,0.0967,hfq
2010-04-26,31.060,31.350,30.600,30.760,259084,,,-0.9021,hfq
2010-04-27,30.530,30.960,29.810,30.380,315948,,,-1.2354,hfq
2010-04-28,30.130,30.450,29.520,30.260,372172,,,-0.3950,hfq
2010-04-29,30.660,31.300,30.240,30.270,514805,,,0.0330,hfq
2010-04-30,30.630,31.490,30.330,31.400,497871,,,3.7331,hfq
2010-05-04,30.810,31.060,30.130,30.510,410877,,,-2.8344,hfq
2010-05-05,30.180,30.970,30.010,30.950,361263,,,1.4422,hfq
2010-05-06,30.630,30.730,29.010,29.090,446688,,,-6.0097,hfq
2010-05-07,28.530,29.330,28.130,28.400,384326,,,-2.3719,hfq
2010-05-10,28.590,29.410,28.460,29.060,375897,,,2.3239,hfq
2010-05-11,29.810,29.880,27.910,28.110,549444,,,-3.2691,hfq
2010-05-12,27.830,29.120,27.680,29.010,440654,,,3.2017,hfq
2010-05-13,28.780,30.010,28.730,29.770,492511,,,2.6198,hfq
2010-05-14,29.530,29.570,29.130,29.450,260434,,,-1.0749,hfq
2010-05-17,29.110,29.180,28.140,28.210,255362,,,-4.2105,hfq
2010-05-18,28.400,29.840,28.260,29.560,460797,,,4.7855,hfq
2010-05-19,29.260,29.940,29.030,29.360,314612,,,-0.6766,hfq
2010-05-20,28.920,29.520,28.400,28.540,371546,,,-2.7929,hfq
2010-05-21,27.850,28.920,27.740,28.720,345954,,,0.6307,hfq
2010-05-24,28.980,30.010,28.880,29.590,698021,,,3.0292,hfq
2010-06-02,27.200,27.943,27.093,27.752,398939,,,-6.2116,hfq
2010-06-03,27.776,28.087,27.332,27.356,269556,,,-1.4269,hfq
2010-06-04,27.116,27.320,26.613,26.901,228948,,,-1.6633,hfq
2010-06-07,26.302,26.302,25.594,25.738,337166,,,-4.3233,hfq
2010-06-08,25.642,25.906,24.971,25.367,364833,,,-1.4414,hfq
2010-06-09,25.594,27.105,24.983,26.865,749295,,,5.9053,hfq
2010-06-10,26.242,26.397,25.630,25.762,450922,,,-4.1057,hfq
2010-06-11,25.942,26.469,25.762,25.846,318319,,,0.3261,hfq
2010-06-17,26.122,26.361,25.762,25.954,287116,,,0.4179,hfq
2010-06-18,25.918,26.589,25.642,25.966,417315,,,0.0462,hfq
2010-06-21,26.242,28.039,26.122,27.560,714965,,,6.1388,hfq
2010-06-22,27.440,27.860,27.344,27.524,308350,,,-0.1306,hfq
2010-06-23,27.260,27.428,26.661,27.081,276471,,,-1.6095,hfq
2010-06-24,26.937,27.608,26.673,27.116,237041,,,0.1292,hfq
2010-06-25,26.913,27.464,26.733,27.069,235375,,,-0.1733,hfq
2010-06-28,27.140,27.692,26.901,27.416,313961,,,1.2819,hfq
2010-06-29,27.440,27.548,25.678,25.762,390161,,,-6.0330,hfq
2010-06-30,25.415,25.906,25.175,25.558,250813,,,-0.7919,hfq
2010-07-01,25.582,25.618,25.067,25.163,203269,,,-1.5455,hfq
2010-07-02,25.103,25.606,24.636,25.499,244329,,,1.3353,hfq
2010-07-05,25.103,25.558,24.708,25.199,221908,,,-1.1765,hfq
2010-07-06,25.043,25.918,24.923,25.834,322098,,,2.5199,hfq
2010-07-07,25.738,26.002,25.534,25.930,173439,,,0.3716,hfq
2010-07-08,26.230,26.889,26.146,26.349,344256,,,1.6159,hfq
2010-07-09,26.481,28.159,26.062,27.764,459795,,,5.3702,hfq
2010-07-12,27.800,28.639,27.560,28.147,463106,,,1.3795,hfq
2010-07-13,27.896,27.931,27.200,27.656,287119,,,-1.7444,hfq
2010-07-14,27.764,28.651,27.740,28.279,391427,,,2.2527,hfq
2010-07-15,28.255,28.878,27.452,27.488,310456,,,-2.7971,hfq
2010-07-16,27.380,27.680,26.889,27.344,234129,,,-0.5239,hfq
2010-07-19,27.021,28.794,26.913,28.615,449651,,,4.6482,hfq
2010-07-20,28.579,29.585,28.495,29.106,506543,,,1.7159,hfq
2010-07-21,29.154,29.274,28.866,29.058,265074,,,-0.1649,hfq
2010-07-22,28.950,29.849,28.902,29.777,341399,,,2.4744,hfq
2010-07-23,29.885,30.436,29.645,29.981,438474,,,0.6851,hfq
2010-07-26,30.017,30.197,29.310,29.717,303396,,,-0.8806,hfq
2010-07-27,29.597,29.681,29.130,29.262,243089,,,-1.5311,hfq
2010-07-28,29.406,30.604,29.238,30.532,455651,,,4.3401,hfq
2010-07-29,30.580,30.856,30.173,30.424,463032,,,-0.3537,hfq
2010-07-30,30.292,30.436,29.849,30.221,228379,,,-0.6672,hfq
2010-08-02,30.221,31.371,30.173,31.227,356459,,,3.3288,hfq
2010-08-03,31.251,31.335,30.316,30.376,272486,,,-2.7252,hfq
2010-08-04,30.328,30.556,29.585,30.364,337577,,,-0.0395,hfq
2010-08-05,30.376,30.412,29.214,29.525,354549,,,-2.7631,hfq
2010-08-06,29.466,30.029,28.938,29.849,370705,,,1.0974,hfq
2010-08-09,29.669,30.616,29.454,30.352,354089,,,1.6851,hfq
2010-08-10,30.364,30.436,29.118,29.130,375126,,,-4.0261,hfq
2010-08-11,28.998,29.418,28.878,29.070,370396,,,-0.2060,hfq
2010-08-12,28.746,29.070,28.423,28.543,302554,,,-1.8129,hfq
2010-08-13,28.519,28.878,27.979,28.710,398710,,,0.5851,hfq
2010-08-16,28.519,29.789,28.291,29.633,435294,,,3.2149,hfq
2010-08-17,29.597,30.544,29.561,29.969,534449,,,1.1339,hfq
2010-08-18,30.077,30.832,29.957,30.101,392836,,,0.4405,hfq
2010-08-19,30.197,30.880,29.957,30.424,394285,,,1.0731,hfq
2010-08-20,30.221,30.868,30.089,30.209,459305,,,-0.7067,hfq
2010-08-23,30.209,30.664,30.125,30.281,238284,,,0.2383,hfq
2010-08-24,30.137,30.484,29.478,29.969,250318,,,-1.0303,hfq
2010-08-25,29.753,29.933,28.579,28.687,415710,,,-4.2778,hfq
2010-08-26,28.950,29.118,28.159,28.531,365228,,,-0.5438,hfq
2010-08-27,28.543,28.746,28.255,28.675,271438,,,0.5047,hfq
2010-08-30,28.902,29.346,28.651,29.106,285212,,,1.5031,hfq
2010-08-31,29.034,29.058,28.495,28.698,299277,,,-1.4018,hfq
2010-09-01,28.710,29.705,28.483,28.866,449862,,,0.5854,hfq
2010-09-02,29.382,29.478,28.567,28.938,406190,,,0.2494,hfq
2010-09-03,28.878,28.878,28.351,28.675,340764,,,-0.9088,hfq
2010-09-06,28.878,29.753,28.615,29.693,586903,,,3.5501,hfq
2010-09-07,29.693,29.765,29.142,29.418,334378,,,-0.9261,hfq
2010-09-08,28.998,28.998,28.255,28.291,833397,,,-3.8310,hfq
2010-09-09,28.315,28.375,27.152,27.440,724688,,,-3.0080,hfq
2010-09-10,27.440,27.476,26.553,26.973,582136,,,-1.7019,hfq
2010-09-13,26.865,27.284,26.541,27.009,455569,,,0.1335,hfq
2010-09-14,27.128,27.416,26.841,26.973,353977,,,-0.1333,hfq
2010-09-15,27.009,27.009,26.122,26.206,333698,,,-2.8436,hfq
2010-09-16,26.062,26.218,25.055,25.415,442982,,,-3.0184,hfq
2010-09-17,25.642,25.714,25.163,25.367,279653,,,-0.1889,hfq
2010-09-20,25.379,25.870,25.163,25.451,277594,,,0.3311,hfq
2010-09-21,25.594,25.918,25.367,25.774,242020,,,1.2691,hfq
2010-09-27,25.834,25.930,25.379,25.570,319789,,,-0.7915,hfq
2010-09-28,25.522,25.522,24.815,24.851,314577,,,-2.8119,hfq
2010-09-29,24.696,25.259,24.588,24.815,289339,,,-0.1449,hfq
2010-09-30,24.660,25.726,24.600,25.666,443595,,,3.4294,hfq
2010-10-08,25.882,27.320,25.522,27.105,730765,,,5.6066,hfq
2010-10-11,27.152,29.022,27.140,28.399,867267,,,4.7740,hfq
2010-10-12,28.207,28.591,27.979,28.339,490985,,,-0.2113,hfq
2010-10-13,28.339,30.340,28.315,30.209,1039589,,,6.5987,hfq
2010-10-14,30.604,31.898,30.221,30.328,1283477,,,0.3939,hfq
2010-10-15,30.257,32.150,30.077,31.695,1281590,,,4.5074,hfq
2010-10-18,32.474,33.744,31.910,32.618,1162186,,,2.9121,hfq
2010-10-19,32.474,32.965,31.707,32.869,664147,,,0.7695,hfq
2010-10-20,32.713,33.900,32.006,32.510,1043082,,,-1.0922,hfq
2010-10-21,32.438,32.474,30.904,31.131,759457,,,-4.2418,hfq
2010-10-22,31.012,31.695,30.436,31.407,608213,,,0.8866,hfq
2010-10-25,31.215,32.414,30.628,32.090,637447,,,2.1747,hfq
2010-10-26,32.234,32.737,31.395,31.647,581271,,,-1.3805,hfq
2010-10-27,31.455,32.713,31.083,31.479,582472,,,-0.5309,hfq
2010-10-29,31.755,31.994,30.304,30.508,654430,,,-3.0846,hfq
2010-11-01,30.784,31.419,30.580,31.239,594642,,,2.3961,hfq
2010-11-02,31.239,31.635,30.292,31.083,699761,,,-0.4994,hfq
2010-11-03,31.095,32.318,30.436,31.707,830380,,,2.0075,hfq
2010-11-04,31.874,32.390,31.527,32.078,665680,,,1.1701,hfq
2010-11-05,32.474,32.713,31.886,32.162,571306,,,0.2619,hfq
2010-11-08,32.546,33.421,32.546,32.893,643249,,,2.2729,hfq
2010-11-09,32.965,33.049,31.683,32.006,629842,,,-2.6966,hfq
2010-11-10,31.515,31.515,30.316,30.628,899594,,,-4.3054,hfq
2010-11-11,30.676,31.431,30.197,31.024,826249,,,1.2929,hfq
2010-11-12,30.616,30.880,28.842,28.890,851544,,,-6.8785,hfq
2010-11-15,29.130,29.238,28.255,29.118,548912,,,0.7892,hfq
2010-11-16,28.914,28.914,27.093,27.224,725117,,,-6.5046,hfq
2010-11-17,26.853,27.943,26.745,27.476,586347,,,0.9257,hfq
2010-11-18,27.704,27.907,27.260,27.608,425506,,,0.4804,hfq
2010-11-19,27.716,27.716,26.721,27.452,564923,,,-0.5651,hfq
2010-11-22,26.913,27.200,26.721,26.913,471538,,,-1.9634,hfq
2010-11-23,26.757,26.841,26.122,26.505,439888,,,-1.5160,hfq
2010-11-24,26.481,27.368,26.481,27.081,388284,,,2.1732,hfq
2010-11-25,27.248,27.907,26.673,27.776,582863,,,2.5664,hfq
2010-11-26,27.548,27.788,26.925,27.224,348611,,,-1.9873,hfq
2010-11-29,27.069,27.260,26.721,26.949,308166,,,-1.0101,hfq
2010-11-30,26.937,27.272,26.002,26.757,405570,,,-0.7125,hfq
2010-12-01,26.601,27.093,26.505,26.877,212793,,,0.4485,hfq
2010-12-02,27.380,27.476,27.045,27.069,310175,,,0.7144,hfq
2010-12-03,27.116,27.500,27.021,27.272,303012,,,0.7499,hfq
2010-12-06,27.416,28.111,27.152,27.848,505752,,,2.1121,hfq
2010-12-07,27.668,27.943,27.116,27.776,315767,,,-0.2585,hfq
2010-12-08,27.656,27.740,27.069,27.093,318633,,,-2.4590,hfq
2010-12-09,26.805,27.009,26.529,26.577,278033,,,-1.9046,hfq
2010-12-10,26.553,27.152,26.445,27.033,213457,,,1.7158,hfq
2010-12-13,27.009,27.632,26.901,27.560,546351,,,1.9495,hfq
2010-12-14,27.512,27.812,27.296,27.368,389366,,,-0.6967,hfq
2010-12-15,27.428,27.836,27.140,27.500,446001,,,0.4823,hfq
2010-12-16,27.428,27.536,27.140,27.284,235657,,,-0.7855,hfq
2010-12-17,27.272,27.320,26.913,27.009,215106,,,-1.0079,hfq
2010-12-20,27.105,27.176,26.122,26.397,387592,,,-2.2659,hfq
2010-12-21,26.469,27.776,26.325,27.572,620680,,,4.4513,hfq
2010-12-22,27.560,27.644,26.637,26.937,352618,,,-2.3031,hfq
2010-12-23,26.865,28.267,26.697,27.440,592636,,,1.8673,hfq
2010-12-24,27.140,28.387,26.925,27.991,800319,,,2.0080,hfq
2010-12-27,28.483,28.627,26.901,27.116,615281,,,-3.1260,hfq
2010-12-28,26.949,27.536,26.829,26.961,360704,,,-0.5716,hfq
2010-12-29,26.973,27.116,26.469,26.913,317610,,,-0.1780,hfq
2010-12-30,26.745,27.033,26.517,26.745,286885,,,-0.6242,hfq
2010-12-31,26.745,27.009,26.505,26.781,520775,,,0.1346,hfq
2011-01-04,26.961,27.716,26.541,27.548,773276,,,2.8640,hfq
2011-01-05,27.296,27.860,27.236,27.428,593152,,,-0.4356,hfq
2011-01-06,27.500,27.884,27.344,27.644,375639,,,0.7875,hfq
2011-01-07,27.608,30.616,27.500,29.741,1889295,,,7.5857,hfq
2011-01-10,29.298,29.861,28.567,28.651,906066,,,-3.6650,hfq
2011-01-11,28.435,29.657,28.435,29.382,752747,,,2.5514,hfq
2011-01-12,29.370,30.496,29.034,30.400,928166,,,3.4647,hfq
2011-01-13,30.436,30.544,29.837,30.077,642092,,,-1.0625,hfq
2011-01-14,29.861,29.861,29.190,29.226,437343,,,-2.8294,hfq
2011-01-17,29.058,29.214,27.692,28.027,615653,,,-4.1025,hfq
2011-01-18,28.291,28.842,28.111,28.579,510066,,,1.9695,hfq
2011-01-19,28.591,29.238,28.135,29.214,426965,,,2.2219,hfq
2011-01-20,28.998,29.082,28.195,28.231,428853,,,-3.3648,hfq
2011-01-21,28.243,30.796,28.231,29.466,766067,,,4.3746,hfq
2011-01-24,29.406,30.257,29.238,29.525,562319,,,0.2002,hfq
2011-01-25,29.513,30.173,29.238,30.017,527428,,,1.6664,hfq
2011-01-26,29.981,30.197,29.657,29.981,418970,,,-0.1199,hfq
2011-01-27,29.430,30.065,28.962,29.801,645257,,,-0.6004,hfq
2011-01-28,29.669,29.933,28.998,29.214,576284,,,-1.9697,hfq
2011-01-31,29.118,29.501,28.651,29.118,484945,,,-0.3286,hfq
2011-02-01,29.130,29.585,28.890,29.454,388967,,,1.1539,hfq
2011-02-09,29.142,29.478,28.495,28.519,518554,,,-3.1744,hfq
2011-02-10,28.603,29.298,28.471,29.274,427440,,,2.6474,hfq
2011-02-11,29.094,29.561,28.794,29.430,493131,,,0.5329,hfq
2011-02-14,29.489,30.760,29.489,30.532,916710,,,3.7445,hfq
2011-02-15,30.628,30.940,30.245,30.436,840535,,,-0.3144,hfq
2011-02-16,30.281,30.412,29.873,30.292,625829,,,-0.4731,hfq
2011-02-17,30.412,31.060,30.089,30.472,667666,,,0.5942,hfq
2011-02-18,30.436,30.532,29.957,30.149,345007,,,-1.0600,hfq
2011-02-21,29.945,30.173,29.669,30.053,514461,,,-0.3184,hfq
2011-02-22,29.957,29.957,28.663,28.687,858925,,,-4.5453,hfq
2011-02-23,28.639,28.866,28.447,28.687,469497,,,0.0000,hfq
2011-02-24,28.519,28.866,28.351,28.794,404904,,,0.3730,hfq
2011-02-25,28.782,29.513,28.639,29.058,457201,,,0.9169,hfq
2011-02-28,29.022,29.466,28.651,29.238,348215,,,0.6195,hfq
2011-03-01,29.262,30.137,29.262,29.681,590616,,,1.5152,hfq
2011-03-02,29.466,30.412,29.358,30.161,990283,,,1.6172,hfq
2011-03-03,30.316,31.359,30.161,30.484,1244062,,,1.0709,hfq
2011-03-04,30.448,30.916,30.221,30.724,530152,,,0.7873,hfq
2011-03-07,30.928,31.719,30.928,31.191,839063,,,1.5200,hfq
2011-03-08,31.155,31.755,31.060,31.335,528874,,,0.4617,hfq
2011-03-09,31.515,31.755,31.048,31.251,455730,,,-0.2681,hfq
2011-03-10,31.036,31.036,30.173,30.412,564600,,,-2.6847,hfq
2011-03-11,30.173,30.604,30.113,30.173,332427,,,-0.7859,hfq
2011-03-14,30.173,30.592,30.053,30.412,275443,,,0.7921,hfq
2011-03-15,30.197,30.400,29.609,30.185,523843,,,-0.7464,hfq
2011-03-16,30.197,30.628,30.149,30.532,282359,,,1.1496,hfq
2011-03-17,30.185,30.352,29.873,30.005,255547,,,-1.7261,hfq
2011-03-18,30.316,30.508,29.957,30.017,620696,,,0.0400,hfq
2011-03-21,30.125,30.257,29.681,30.113,252741,,,0.3198,hfq
2011-03-22,30.209,31.131,29.945,30.832,547682,,,2.3877,hfq
2011-03-23,30.688,31.467,30.640,31.239,481485,,,1.3201,hfq
2011-03-24,31.275,31.503,31.060,31.119,356153,,,-0.3841,hfq
2011-03-25,31.251,32.450,31.227,32.162,869772,,,3.3517,hfq
2011-03-28,32.701,33.073,32.090,32.270,773418,,,0.3358,hfq
2011-03-29,32.941,33.900,32.366,33.181,1306872,,,2.8231,hfq
2011-03-30,32.965,33.684,32.749,33.097,702666,,,-0.2532,hfq
2011-03-31,33.169,33.253,32.126,32.366,439473,,,-2.2087,hfq
2011-04-01,32.378,34.343,32.366,34.271,818600,,,5.8858,hfq
2011-04-06,34.511,35.686,34.487,35.062,1160679,,,2.3081,hfq
2011-04-07,35.062,35.494,34.607,35.170,575956,,,0.3080,hfq
2011-04-08,35.086,35.290,34.583,35.074,471611,,,-0.2730,hfq
2011-04-11,35.086,35.506,34.391,34.415,740562,,,-1.8789,hfq
2011-04-12,34.319,34.811,34.080,34.487,450072,,,0.2092,hfq
2011-04-13,34.283,35.410,33.852,35.338,707995,,,2.4676,hfq
2011-04-14,35.110,35.458,34.763,34.907,541115,,,-1.2197,hfq
2011-04-15,34.811,35.446,34.679,35.302,480422,,,1.1316,hfq
2011-04-18,34.967,35.398,34.703,35.098,461239,,,-0.5779,hfq
2011-04-20,34.391,34.691,33.600,33.876,689176,,,-3.4817,hfq
2011-04-21,34.032,34.236,33.528,33.756,390689,,,-0.3542,hfq
2011-04-22,33.612,33.876,33.037,33.241,401547,,,-1.5257,hfq
2011-04-25,33.205,33.960,33.169,33.552,436133,,,0.9356,hfq
2011-04-26,33.433,34.068,33.421,33.888,507245,,,1.0014,hfq
2011-04-27,34.008,34.188,32.845,33.193,466884,,,-2.0509,hfq
2011-04-28,33.612,35.110,33.612,34.164,817773,,,2.9253,hfq
2011-04-29,33.169,33.433,32.246,32.953,888495,,,-3.5447,hfq
2011-05-03,32.713,32.929,32.462,32.845,344322,,,-0.3277,hfq
2011-05-04,32.534,32.833,31.647,31.946,616201,,,-2.7371,hfq
2011-05-05,31.635,32.186,31.395,31.659,483258,,,-0.8984,hfq
2011-05-06,30.954,32.205,30.954,31.148,497938,,,-1.6141,hfq
2011-05-09,30.932,31.321,30.328,30.674,714236,,,-1.5218,hfq
2011-05-10,30.674,31.256,30.264,31.127,578567,,,1.4768,hfq
2011-05-11,30.997,31.235,30.803,30.868,405505,,,-0.8321,hfq
2011-05-12,30.695,30.825,30.221,30.307,429741,,,-1.8174,hfq
2011-05-13,30.415,30.544,29.617,30.393,639539,,,0.2838,hfq
2011-05-16,30.113,30.544,29.746,29.768,461540,,,-2.0564,hfq
2011-05-17,29.811,30.393,29.552,30.026,660490,,,0.8667,hfq
2011-05-18,29.919,30.544,29.832,30.458,674279,,,1.4388,hfq
2011-05-19,30.587,31.040,30.393,30.544,650762,,,0.2824,hfq
2011-05-20,30.501,31.105,30.458,30.825,523596,,,0.9200,hfq
2011-05-23,30.781,30.781,29.487,29.768,748783,,,-3.4290,hfq
2011-05-24,29.617,29.897,29.487,29.530,491721,,,-0.7995,hfq
2011-05-25,29.487,29.530,28.516,28.581,590519,,,-3.2137,hfq
2011-05-26,28.883,28.905,28.387,28.408,333334,,,-0.6053,hfq
2011-05-27,28.430,28.861,28.301,28.667,441800,,,0.9117,hfq
2011-05-30,28.495,29.013,28.365,28.646,408813,,,-0.0733,hfq
2011-05-31,28.710,29.142,28.646,29.120,411313,,,1.6547,hfq
2011-06-01,28.991,29.056,28.710,28.797,372101,,,-1.1092,hfq
2011-06-02,28.301,28.495,27.093,27.546,904655,,,-4.3442,hfq
2011-06-03,27.546,27.653,27.136,27.632,604351,,,0.3122,hfq
2011-06-07,27.373,27.740,27.287,27.653,358068,,,0.0760,hfq
2011-06-08,27.675,27.675,26.985,27.373,547150,,,-1.0125,hfq
2011-06-09,27.287,27.395,26.769,26.791,508591,,,-2.1262,hfq
2011-06-10,26.812,27.093,26.769,27.049,405332,,,0.9630,hfq
2011-06-13,26.855,27.028,26.532,26.985,406235,,,-0.2366,hfq
2011-06-14,26.920,27.999,26.834,27.502,789081,,,1.9159,hfq
2011-06-15,27.330,27.373,26.877,26.898,407820,,,-2.1962,hfq
2011-06-16,26.661,26.942,26.553,26.661,316360,,,-0.8811,hfq
2011-06-17,26.596,27.049,26.575,26.575,276113,,,-0.3226,hfq
2011-06-20,26.553,26.812,26.424,26.769,341430,,,0.7300,hfq
2011-06-21,26.877,27.028,26.639,27.006,440413,,,0.8854,hfq
2011-06-22,27.071,27.330,26.769,27.093,386767,,,0.3222,hfq
2011-06-23,26.985,27.589,26.877,27.502,404330,,,1.5096,hfq
2011-06-24,27.351,28.689,27.222,28.365,803481,,,3.1380,hfq
2011-06-27,28.344,28.797,27.912,28.365,606682,,,0.0000,hfq
2011-06-28,28.257,28.452,27.761,28.063,440420,,,-1.0647,hfq
2011-06-29,28.042,28.042,27.265,27.330,640287,,,-2.6120,hfq
2011-06-30,27.330,27.912,27.265,27.589,450735,,,0.9477,hfq
2011-07-01,27.740,27.761,26.661,27.244,572353,,,-1.2505,hfq
2011-07-04,27.438,28.710,27.416,28.710,1000367,,,5.3810,hfq
2011-07-05,28.710,28.969,28.387,28.559,615149,,,-0.5259,hfq
2011-07-06,28.430,28.516,27.977,28.387,509069,,,-0.6023,hfq
2011-07-07,28.991,28.991,28.301,28.344,831610,,,-0.1515,hfq
2011-07-08,28.408,29.573,28.408,29.336,1156325,,,3.4999,hfq
2011-07-11,29.099,29.681,28.969,29.379,715273,,,0.1466,hfq
2011-07-12,29.056,29.185,28.603,28.646,638099,,,-2.4950,hfq
2011-07-13,28.710,29.681,28.710,29.358,560453,,,2.4855,hfq
2011-07-14,29.358,29.358,28.818,29.228,500111,,,-0.4428,hfq
2011-07-15,28.948,29.466,28.646,29.250,502621,,,0.0753,hfq
2011-07-18,29.142,29.250,28.710,28.861,473491,,,-1.3299,hfq
2011-07-19,28.603,28.754,28.214,28.279,458307,,,-2.0166,hfq
2011-07-20,28.559,28.624,27.999,28.387,422229,,,0.3819,hfq
2011-07-21,28.301,28.408,27.632,28.214,628624,,,-0.6094,hfq
2011-07-22,28.128,28.236,27.804,27.912,431920,,,-1.0704,hfq
2011-07-25,27.697,27.697,26.877,26.963,646548,,,-3.4000,hfq
2011-07-26,26.963,27.546,26.877,27.136,396382,,,0.6416,hfq
2011-07-27,26.985,27.114,26.769,27.093,498596,,,-0.1585,hfq
2011-07-28,26.791,26.855,26.381,26.488,591734,,,-2.2330,hfq
2011-07-29,26.553,28.063,26.445,27.330,1029226,,,3.1788,hfq
2011-08-01,27.200,27.459,26.877,27.028,439279,,,-1.1050,hfq
2011-08-02,26.920,27.071,26.575,26.963,349450,,,-0.2405,hfq
2011-08-03,26.726,27.028,26.661,26.920,340318,,,-0.1595,hfq
2011-08-04,26.985,27.244,26.769,26.855,330107,,,-0.2415,hfq
2011-08-05,26.251,26.424,26.035,26.251,475798,,,-2.2491,hfq
2011-08-08,26.014,26.381,25.022,25.237,670117,,,-3.8627,hfq
2011-08-09,24.612,25.604,24.417,25.431,663425,,,0.7687,hfq
2011-08-10,25.949,26.230,25.561,25.690,514695,,,1.0184,hfq
2011-08-11,25.194,26.661,25.194,26.381,704424,,,2.6898,hfq
2011-08-12,26.510,26.510,26.079,26.208,470854,,,-0.6558,hfq
2011-08-15,26.251,27.524,26.165,27.244,1032441,,,3.9530,hfq
2011-08-16,27.265,27.783,27.093,27.287,792447,,,0.1578,hfq
2011-08-17,27.308,27.459,27.006,27.114,311721,,,-0.6340,hfq
2011-08-18,27.157,27.200,26.402,26.575,441927,,,-1.9879,hfq
2011-08-19,26.122,26.445,25.971,26.273,388789,,,-1.1364,hfq
2011-08-22,26.273,26.639,25.475,25.863,290269,,,-1.5605,hfq
2011-08-23,26.035,26.769,25.712,26.704,520968,,,3.2517,hfq
2011-08-24,27.006,27.330,26.445,26.553,691830,,,-0.5655,hfq
2011-08-25,26.726,28.257,26.618,28.214,1628574,,,6.2554,hfq
2011-08-26,27.955,28.171,27.653,28.042,714292,,,-0.6096,hfq
2011-08-29,27.481,27.610,26.769,26.855,1140292,,,-4.2329,hfq
2011-08-30,27.093,27.546,26.769,26.877,783196,,,0.0819,hfq
2011-08-31,26.834,27.373,26.726,27.265,553853,,,1.4436,hfq
2011-09-01,27.179,27.567,27.093,27.395,479506,,,0.4768,hfq
2011-09-02,27.287,27.351,26.769,26.942,348735,,,-1.6536,hfq
2011-09-05,26.704,26.834,26.337,26.553,370354,,,-1.4438,hfq
2011-09-06,26.294,26.596,26.230,26.532,286901,,,-0.0791,hfq
2011-09-07,26.704,27.308,26.532,27.179,458420,,,2.4386,hfq
2011-09-08,27.265,27.330,26.920,26.963,238706,,,-0.7947,hfq
2011-09-09,27.093,27.459,26.812,27.028,357305,,,0.2411,hfq
2011-09-13,26.510,26.898,26.337,26.769,267830,,,-0.9583,hfq
2011-09-14,26.812,26.942,26.230,26.791,303760,,,0.0822,hfq
2011-09-15,26.769,26.898,26.510,26.553,264518,,,-0.8884,hfq
2011-09-16,26.747,26.920,26.510,26.639,296249,,,0.3239,hfq
2011-09-19,26.273,26.402,25.884,25.906,299733,,,-2.7516,hfq
2011-09-20,25.884,26.359,25.690,26.208,203657,,,1.1658,hfq
2011-09-21,26.186,27.136,25.971,26.963,572905,,,2.8808,hfq
2011-09-22,26.661,26.877,26.079,26.143,463306,,,-3.0412,hfq
2011-09-23,25.841,26.122,25.475,25.971,387234,,,-0.6579,hfq
2011-09-26,25.582,25.992,24.871,25.065,517539,,,-3.4885,hfq
2011-09-27,25.410,25.496,25.043,25.324,274343,,,1.0333,hfq
2011-09-28,25.496,25.690,25.000,25.108,231462,,,-0.8529,hfq
2011-09-29,24.892,25.410,24.784,25.129,297485,,,0.0836,hfq
2011-09-30,25.194,25.604,25.108,25.237,382427,,,0.4298,hfq
2011-10-10,25.259,25.345,24.633,24.698,300053,,,-2.1358,hfq
2011-10-11,25.582,25.777,24.806,25.043,578144,,,1.3969,hfq
2011-10-12,24.978,26.316,24.827,26.057,689608,,,4.0490,hfq
2011-10-13,25.971,26.230,25.906,26.122,430558,,,0.2495,hfq
2011-10-14,26.057,26.186,25.690,26.035,261638,,,-0.3331,hfq
2011-10-17,26.014,26.575,25.992,26.251,339827,,,0.8297,hfq
2011-10-18,26.035,26.122,25.561,25.626,330214,,,-2.3809,hfq
2011-10-19,25.755,25.992,25.626,25.690,284983,,,0.2497,hfq
2011-10-20,25.539,25.604,24.763,25.086,409749,,,-2.3511,hfq
2011-10-21,25.022,25.798,25.022,25.518,472117,,,1.7221,hfq
2011-10-24,25.582,26.726,25.367,26.402,656672,,,3.4642,hfq
2011-10-25,26.445,27.071,26.316,26.812,827296,,,1.5529,hfq
2011-10-26,26.661,27.395,26.596,26.877,863149,,,0.2424,hfq
2011-10-27,26.985,27.200,26.855,27.114,409754,,,0.8818,hfq
2011-10-28,27.567,27.934,27.416,27.653,791617,,,1.9879,hfq
2011-10-31,27.524,27.675,27.093,27.200,485945,,,-1.6382,hfq
2011-11-01,26.985,27.675,26.898,27.200,448319,,,0.0000,hfq
2011-11-02,26.747,27.783,26.639,27.761,690187,,,2.0625,hfq
2011-11-03,27.761,27.761,27.222,27.351,953817,,,-1.4769,hfq
2011-11-04,27.632,27.675,27.244,27.416,494186,,,0.2377,hfq
2011-11-07,27.200,27.308,26.704,26.855,662570,,,-2.0463,hfq
2011-11-08,26.920,27.093,26.747,26.877,379892,,,0.0819,hfq
2011-11-09,26.985,27.200,26.769,27.157,382699,,,1.0418,hfq
2011-11-10,26.877,26.985,26.445,26.488,702191,,,-2.4635,hfq
2011-11-11,26.639,26.726,26.359,26.424,272846,,,-0.2416,hfq
2011-11-14,26.769,27.049,26.553,26.942,546475,,,1.9603,hfq
2011-11-15,26.898,26.920,26.618,26.704,304706,,,-0.8834,hfq
2011-11-16,26.704,26.747,25.561,25.798,704146,,,-3.3928,hfq
2011-11-17,25.841,25.949,25.690,25.755,261727,,,-0.1667,hfq
2011-11-18,25.518,25.884,25.453,25.561,315542,,,-0.7533,hfq
2011-11-21,25.539,25.582,25.151,25.582,289060,,,0.0822,hfq
2011-11-22,25.345,25.733,25.280,25.669,252167,,,0.3401,hfq
2011-11-23,25.647,25.669,25.194,25.388,341242,,,-1.0947,hfq
2011-11-24,25.129,25.733,25.108,25.496,297809,,,0.4254,hfq
2011-11-25,25.475,25.496,25.129,25.216,262216,,,-1.0982,hfq
2011-11-28,25.345,25.388,25.108,25.216,224316,,,0.0000,hfq
2011-11-29,25.410,25.582,25.216,25.539,274450,,,1.2809,hfq
2011-11-30,25.367,25.453,24.698,24.806,381210,,,-2.8701,hfq
2011-12-01,25.626,26.143,25.561,25.604,959503,,,3.2170,hfq
2011-12-02,25.518,25.820,25.367,25.669,347653,,,0.2539,hfq
2011-12-05,25.690,26.230,25.496,25.755,489881,,,0.3350,hfq
2011-12-06,25.690,25.949,25.582,25.626,327356,,,-0.5009,hfq
2011-12-07,25.669,25.928,25.410,25.777,288359,,,0.5892,hfq
2011-12-08,25.755,25.906,25.475,25.798,270600,,,0.0815,hfq
2011-12-09,25.626,25.928,25.410,25.539,308270,,,-1.0040,hfq
2011-12-12,25.518,25.604,25.388,25.453,164377,,,-0.3367,hfq
2011-12-13,25.388,25.561,24.827,24.914,411125,,,-2.1176,hfq
2011-12-14,24.935,25.086,24.763,24.957,212516,,,0.1726,hfq
2011-12-15,24.827,25.000,24.461,24.525,430338,,,-1.7310,hfq
2011-12-16,24.504,25.086,24.396,25.022,414206,,,2.0265,hfq
2011-12-19,24.827,25.151,24.590,25.129,442754,,,0.4276,hfq
2011-12-20,25.022,25.755,25.022,25.367,521730,,,0.9471,hfq
2011-12-21,25.604,25.798,25.173,25.237,359245,,,-0.5125,hfq
2011-12-22,25.086,25.626,25.000,25.582,509725,,,1.3670,hfq
2011-12-23,25.518,25.712,25.280,25.518,327334,,,-0.2502,hfq
2011-12-26,25.367,25.604,25.216,25.237,228435,,,-1.1012,hfq
2011-12-27,25.151,25.496,25.065,25.129,311950,,,-0.4279,hfq
2011-12-28,25.129,25.194,24.741,25.043,328779,,,-0.3422,hfq
2011-12-29,25.000,25.280,24.871,25.129,264256,,,0.3434,hfq
2011-12-30,25.280,25.539,25.216,25.518,413629,,,1.5480,hfq
2012-01-04,25.798,25.863,25.431,25.475,405285,,,-0.1685,hfq
2012-01-05,25.496,26.381,25.475,25.928,913642,,,1.7782,hfq
2012-01-06,25.841,26.165,25.690,26.100,501660,,,0.6634,hfq
2012-01-09,26.057,26.877,25.971,26.639,896793,,,2.0651,hfq
2012-01-10,26.683,27.049,26.553,26.877,802896,,,0.8934,hfq
2012-01-11,26.920,26.942,26.510,26.596,653055,,,-1.0455,hfq
2012-01-12,26.877,27.481,26.877,27.200,944763,,,2.2710,hfq
2012-01-13,27.222,27.416,26.898,27.157,573885,,,-0.1581,hfq
2012-01-16,27.006,27.783,26.942,27.244,529000,,,0.3204,hfq
2012-01-17,27.330,27.934,26.791,27.848,948656,,,2.2170,hfq
2012-01-18,27.912,27.934,27.351,27.481,476322,,,-1.3179,hfq
2012-01-19,27.610,28.236,27.567,28.236,839519,,,2.7474,hfq
2012-01-20,28.257,28.969,28.063,28.818,791164,,,2.0612,hfq
2012-01-30,28.818,28.818,28.301,28.344,599528,,,-1.6448,hfq
2012-01-31,28.365,28.581,28.150,28.408,296554,,,0.2258,hfq
2012-02-01,28.301,28.559,27.740,27.761,387909,,,-2.2775,hfq
2012-02-02,27.848,29.077,27.697,29.034,818824,,,4.5856,hfq
2012-02-03,28.948,29.552,28.818,29.099,743366,,,0.2239,hfq
2012-02-06,29.142,29.487,28.775,29.077,499533,,,-0.0756,hfq
2012-02-07,28.861,28.926,28.624,28.754,478090,,,-1.1108,hfq
2012-02-08,28.861,29.724,28.775,29.638,701915,,,3.0744,hfq
2012-02-09,29.617,29.919,29.466,29.617,519215,,,-0.0709,hfq
2012-02-10,29.530,29.854,29.034,29.228,477733,,,-1.3134,hfq
2012-02-13,28.926,29.271,28.581,28.991,521648,,,-0.8109,hfq
2012-02-14,28.797,29.013,28.689,28.883,360471,,,-0.3725,hfq
2012-02-15,28.775,29.250,28.538,28.926,653435,,,0.1489,hfq
2012-02-16,28.926,29.164,28.603,28.861,442860,,,-0.2247,hfq
2012-02-17,29.099,29.207,28.667,28.969,332929,,,0.3742,hfq
2012-02-20,29.552,29.552,28.732,28.797,636752,,,-0.5937,hfq
2012-02-21,28.818,29.013,28.581,28.926,318324,,,0.4480,hfq
2012-02-22,28.926,29.120,28.603,28.991,687842,,,0.2247,hfq
2012-02-23,28.926,29.099,28.818,28.969,499423,,,-0.0759,hfq
2012-02-24,29.013,29.530,28.926,29.487,856249,,,1.7881,hfq
2012-02-27,29.638,29.703,29.293,29.379,994203,,,-0.3663,hfq
2012-03-06,28.710,29.034,28.085,28.452,1381214,,,-3.1553,hfq
2012-03-07,28.128,28.603,28.106,28.150,499922,,,-1.0614,hfq
2012-03-08,28.193,28.559,28.193,28.430,403060,,,0.9947,hfq
2012-03-09,28.516,28.581,28.150,28.322,524112,,,-0.3799,hfq
2012-03-12,28.279,28.301,27.675,27.891,713802,,,-1.5218,hfq
2012-03-13,27.891,28.473,27.891,28.365,503001,,,1.6995,hfq
2012-03-14,28.667,28.818,27.740,27.869,786727,,,-1.7486,hfq
2012-03-15,27.891,28.322,27.848,27.869,420527,,,0.0000,hfq
2012-03-16,27.891,28.106,27.675,28.085,368958,,,0.7751,hfq
2012-03-19,27.912,28.063,27.653,27.934,341554,,,-0.5377,hfq
2012-03-20,27.912,27.912,27.481,27.502,330254,,,-1.5465,hfq
2012-03-21,27.740,27.826,27.438,27.524,328196,,,0.0800,hfq
2012-03-22,27.610,28.193,27.438,27.891,351686,,,1.3334,hfq
2012-03-23,27.804,28.085,27.718,27.826,341386,,,-0.2331,hfq
2012-03-26,27.912,28.236,27.740,28.150,335409,,,1.1644,hfq
2012-03-27,28.236,28.257,27.912,28.128,229955,,,-0.0782,hfq
2012-03-28,28.085,28.128,27.179,27.351,392914,,,-2.7624,hfq
2012-03-29,27.093,27.308,26.769,26.812,491307,,,-1.9707,hfq
2012-03-30,26.942,27.287,26.898,27.244,288673,,,1.6112,hfq
2012-04-05,27.179,27.265,26.683,27.136,559139,,,-0.3964,hfq
2012-04-06,27.136,27.200,26.812,27.071,562381,,,-0.2395,hfq
2012-04-10,26.747,27.049,26.445,27.006,478461,,,-0.2401,hfq
2012-04-11,26.726,27.114,26.639,26.898,292395,,,-0.3999,hfq
2012-04-12,26.898,27.632,26.769,27.589,574777,,,2.5690,hfq
2012-04-13,27.567,27.718,27.308,27.459,382699,,,-0.4712,hfq
2012-04-16,27.308,27.395,27.114,27.179,251086,,,-1.0197,hfq
2012-04-17,27.179,27.265,26.877,26.920,263728,,,-0.9529,hfq
2012-04-18,26.985,27.589,26.942,27.502,353134,,,2.1620,hfq
2012-04-19,27.416,27.934,27.330,27.783,588240,,,1.0217,hfq
2012-04-20,27.804,28.667,27.783,28.559,742205,,,2.7931,hfq
2012-04-23,28.516,28.969,28.193,28.516,579901,,,-0.1506,hfq
2012-04-24,28.387,29.919,28.387,28.969,1259128,,,1.5886,hfq
2012-04-25,28.818,29.401,28.775,29.271,696611,,,1.0425,hfq
2012-04-26,29.789,29.962,28.969,29.228,874790,,,-0.1469,hfq
2012-04-27,29.271,29.617,29.271,29.379,476968,,,0.5166,hfq
2012-05-02,29.854,30.177,29.660,29.832,1022043,,,1.5419,hfq
2012-05-03,29.832,29.962,29.444,29.573,646214,,,-0.8682,hfq
2012-05-04,29.530,30.134,29.444,30.091,737130,,,1.7516,hfq
2012-05-07,30.005,30.199,29.854,30.156,660591,,,0.2160,hfq
2012-05-08,30.113,30.264,29.897,30.264,556183,,,0.3581,hfq
2012-05-09,30.005,30.134,29.466,29.509,550357,,,-2.4947,hfq
2012-05-10,29.530,29.768,29.250,29.401,397253,,,-0.3660,hfq
2012-05-11,29.444,29.660,29.207,29.315,360852,,,-0.2925,hfq
2012-05-14,29.530,29.573,29.013,29.056,512690,,,-0.8835,hfq
2012-05-15,28.883,28.948,28.559,28.861,407648,,,-0.6711,hfq
2012-05-16,28.840,28.861,28.193,28.214,460291,,,-2.2418,hfq
2012-05-17,28.322,28.775,28.193,28.624,384316,,,1.4532,hfq
2012-05-18,28.387,28.452,28.106,28.257,368461,,,-1.2821,hfq
2012-05-21,28.301,28.581,28.214,28.387,268131,,,0.4601,hfq
2012-05-22,28.516,28.883,28.430,28.797,326013,,,1.4443,hfq
2012-05-23,28.754,28.818,28.257,28.408,322967,,,-1.3508,hfq
2012-05-24,28.408,28.495,27.912,28.020,466601,,,-1.3658,hfq
2012-05-25,28.085,28.279,27.848,27.977,284014,,,-0.1535,hfq
2012-05-28,27.891,28.236,27.848,28.214,389240,,,0.8471,hfq
2012-05-29,28.106,28.710,27.934,28.689,647060,,,1.6836,hfq
2012-05-30,28.516,28.646,28.042,28.322,655433,,,-1.2792,hfq
2012-05-31,28.063,28.236,27.999,28.063,346241,,,-0.9145,hfq
2012-06-01,28.150,28.322,27.934,28.128,423489,,,0.2316,hfq
2012-06-04,27.869,27.869,27.438,27.481,522112,,,-2.3002,hfq
2012-06-05,27.524,27.653,27.308,27.546,322262,,,0.2365,hfq
2012-06-06,27.589,27.804,27.459,27.718,324589,,,0.6244,hfq
2012-06-07,27.891,27.955,27.395,27.481,286599,,,-0.8550,hfq
2012-06-08,27.330,27.351,26.445,26.510,923489,,,-3.5334,hfq
2012-06-11,26.553,26.683,26.273,26.445,479248,,,-0.2452,hfq
2012-06-12,26.273,26.877,25.820,26.337,890522,,,-0.4084,hfq
2012-06-13,26.467,26.704,26.035,26.510,536177,,,0.6569,hfq
2012-06-14,26.359,26.532,26.079,26.143,377956,,,-1.3844,hfq
2012-06-15,26.251,27.459,26.230,27.244,1100945,,,4.2115,hfq
2012-06-18,27.179,27.287,27.006,27.157,400322,,,-0.3193,hfq
2012-06-19,27.093,27.416,26.877,27.157,476947,,,0.0000,hfq
2012-06-20,27.200,27.567,27.114,27.287,367220,,,0.4787,hfq
2012-06-21,27.179,27.287,26.769,26.855,264014,,,-1.5832,hfq
2012-06-25,26.791,27.179,26.661,26.920,407727,,,0.2420,hfq
2012-06-26,26.834,27.179,26.704,26.942,270798,,,0.0817,hfq
2012-06-27,26.898,27.093,26.726,26.812,209999,,,-0.4825,hfq
2012-06-28,26.834,26.942,26.510,26.596,202429,,,-0.8056,hfq
2012-06-29,26.510,27.459,26.510,27.308,394004,,,2.6771,hfq
2012-07-02,27.395,27.416,27.071,27.287,255164,,,-0.0769,hfq
2012-07-03,27.265,27.675,27.200,27.502,327547,,,0.7879,hfq
2012-07-04,27.567,27.977,27.395,27.653,309683,,,0.5491,hfq
2012-07-05,27.502,27.610,27.071,27.373,344704,,,-1.0125,hfq
2012-07-06,26.812,27.244,26.683,27.136,519410,,,-0.8658,hfq
2012-07-09,26.985,27.114,26.165,26.208,447070,,,-3.4198,hfq
2012-07-10,26.208,26.488,26.035,26.143,278840,,,-0.2480,hfq
2012-07-11,26.122,26.316,26.079,26.186,252287,,,0.1645,hfq
2012-07-12,26.273,26.273,25.475,26.079,877240,,,-0.4086,hfq
2012-07-13,25.906,26.402,25.863,26.057,354379,,,-0.0844,hfq
2012-07-16,26.100,26.122,25.690,25.755,302742,,,-1.1590,hfq
2012-07-17,25.777,25.971,25.777,25.884,239640,,,0.5009,hfq
2012-07-18,25.863,25.863,25.431,25.755,330003,,,-0.4984,hfq
2012-07-19,25.755,25.949,25.582,25.863,410309,,,0.4193,hfq
2012-07-20,25.733,25.733,25.496,25.582,366093,,,-1.0865,hfq
2012-07-23,25.453,25.453,24.871,25.108,367112,,,-1.8529,hfq
2012-07-24,24.978,25.280,24.871,25.065,267850,,,-0.1713,hfq
2012-07-25,25.022,25.345,24.978,25.065,208471,,,0.0000,hfq
2012-07-26,25.108,25.302,24.957,24.978,198129,,,-0.3471,hfq
2012-07-27,25.108,25.884,25.086,25.582,680489,,,2.4181,hfq
2012-07-30,25.712,26.273,25.626,25.928,541755,,,1.3525,hfq
2012-07-31,25.971,26.424,25.949,26.230,430193,,,1.1648,hfq
2012-08-01,26.251,26.381,26.035,26.208,339555,,,-0.0839,hfq
2012-08-02,26.165,26.467,25.992,26.273,359822,,,0.2480,hfq
2012-08-03,26.273,26.316,26.057,26.294,218687,,,0.0799,hfq
2012-08-06,26.294,26.381,26.100,26.316,340206,,,0.0837,hfq
2012-08-07,26.273,26.337,26.143,26.251,210112,,,-0.2470,hfq
2012-08-08,26.251,26.661,26.230,26.596,322644,,,1.3142,hfq
2012-08-09,26.596,26.747,26.381,26.704,244276,,,0.4061,hfq
2012-08-10,27.028,27.222,26.726,26.747,552464,,,0.1610,hfq
2012-08-13,26.747,26.985,26.639,26.661,394935,,,-0.3215,hfq
2012-08-14,26.618,26.920,26.532,26.920,286902,,,0.9715,hfq
2012-08-15,26.898,26.920,26.316,26.337,306579,,,-2.1657,hfq
2012-08-16,26.294,26.381,26.079,26.165,245190,,,-0.6531,hfq
2012-08-17,26.165,26.488,26.100,26.402,214343,,,0.9058,hfq
2012-08-20,26.273,26.381,25.992,26.230,197169,,,-0.6515,hfq
2012-08-21,26.230,26.359,26.035,26.186,253472,,,-0.1677,hfq
2012-08-22,26.165,26.230,25.690,25.884,398913,,,-1.1533,hfq
2012-08-23,25.841,25.992,25.626,25.841,319742,,,-0.1661,hfq
2012-08-24,25.777,25.841,25.626,25.669,285809,,,-0.6656,hfq
2012-08-27,25.647,25.647,25.259,25.302,309948,,,-1.4297,hfq
2012-08-28,25.302,25.928,25.302,25.798,293935,,,1.9603,hfq
2012-08-29,25.669,25.906,25.561,25.755,184020,,,-0.1667,hfq
2012-08-30,25.496,26.079,25.496,26.035,289025,,,1.0872,hfq
2012-08-31,26.014,26.186,25.841,25.863,162298,,,-0.6606,hfq
2012-09-03,25.863,25.949,25.733,25.820,342314,,,-0.1663,hfq
2012-09-04,25.863,25.884,25.302,25.453,376633,,,-1.4214,hfq
2012-09-05,25.388,25.431,24.849,25.065,487025,,,-1.5244,hfq
2012-09-06,25.065,25.259,24.871,25.194,388042,,,0.5147,hfq
2012-09-07,25.345,26.402,25.216,25.949,920370,,,2.9967,hfq
2012-09-10,25.863,26.014,25.647,25.755,470377,,,-0.7476,hfq
2012-09-11,25.690,25.712,25.431,25.626,326244,,,-0.5009,hfq
2012-09-12,25.755,25.906,25.431,25.669,256501,,,0.1678,hfq
2012-09-13,25.690,25.690,25.431,25.475,201685,,,-0.7558,hfq
2012-09-14,25.582,25.841,25.453,25.712,411111,,,0.9303,hfq
2012-09-17,25.626,25.647,25.173,25.259,325247,,,-1.7618,hfq
2012-09-18,25.194,25.259,24.957,25.086,253963,,,-0.6849,hfq
2012-09-19,25.043,25.216,24.957,25.129,236318,,,0.1714,hfq
2012-09-20,25.000,25.086,24.676,24.741,345590,,,-1.5440,hfq
2012-09-21,24.698,24.849,24.590,24.633,258726,,,-0.4365,hfq
2012-09-24,24.590,24.784,24.310,24.569,284155,,,-0.2598,hfq
2012-09-25,24.590,24.698,24.417,24.461,155287,,,-0.4396,hfq
2012-09-26,24.461,24.612,24.331,24.439,178325,,,-0.0899,hfq
2012-09-27,24.439,25.518,24.439,24.978,397912,,,2.2055,hfq
2012-09-28,24.892,25.302,24.806,25.216,383975,,,0.9528,hfq
2012-10-08,25.216,25.367,24.914,25.022,198199,,,-0.7694,hfq
2012-10-09,25.151,25.647,25.108,25.453,367827,,,1.7225,hfq
2012-10-10,25.431,25.496,25.302,25.431,206904,,,-0.0864,hfq
2012-10-11,25.345,25.561,25.216,25.431,261026,,,0.0000,hfq
2012-10-12,25.475,25.906,25.475,25.647,443235,,,0.8494,hfq
2012-10-15,25.690,25.733,25.388,25.582,176873,,,-0.2534,hfq
2012-10-16,25.626,25.949,25.582,25.820,336805,,,0.9303,hfq
2012-10-17,25.884,26.079,25.777,25.928,272135,,,0.4183,hfq
2012-10-18,26.014,26.273,25.928,26.186,361969,,,0.9951,hfq
2012-10-19,26.165,26.273,26.079,26.122,202370,,,-0.2444,hfq
2012-10-22,26.035,26.575,25.971,26.445,322338,,,1.2365,hfq
2012-10-23,26.402,26.510,26.014,26.035,276328,,,-1.5504,hfq
2012-10-24,25.949,26.208,25.884,26.014,191932,,,-0.0807,hfq
2012-10-25,26.057,26.208,25.841,25.884,166049,,,-0.4997,hfq
2012-10-26,25.928,25.992,25.475,25.604,292982,,,-1.0817,hfq
2012-10-29,25.475,25.841,25.345,25.604,228721,,,0.0000,hfq
2012-10-30,25.604,25.777,25.302,25.712,253783,,,0.4218,hfq
2012-10-31,25.949,26.186,25.798,26.057,530808,,,1.3418,hfq
2012-11-01,26.122,26.877,26.079,26.596,632929,,,2.0685,hfq
2012-11-02,26.661,26.834,26.510,26.769,368384,,,0.6505,hfq
2012-11-05,26.769,27.093,26.747,26.942,597361,,,0.6463,hfq
2012-11-06,26.963,26.963,26.445,26.726,443849,,,-0.8017,hfq
2012-11-07,26.704,26.877,26.575,26.683,284573,,,-0.1609,hfq
2012-11-08,26.488,26.661,26.251,26.294,283427,,,-1.4579,hfq
2012-11-09,26.337,26.510,26.230,26.445,211261,,,0.5743,hfq
2012-11-12,26.575,27.093,26.532,26.898,600765,,,1.7130,hfq
2012-11-13,26.877,26.898,26.294,26.337,337016,,,-2.0857,hfq
2012-11-14,26.381,26.596,26.316,26.510,205835,,,0.6569,hfq
2012-11-15,26.381,26.445,26.122,26.165,208532,,,-1.3014,hfq
2012-11-16,26.122,26.230,25.820,25.906,248945,,,-0.9899,hfq
2012-11-19,25.906,26.057,25.777,26.014,295211,,,0.4169,hfq
2012-11-20,26.143,26.273,25.755,25.841,295254,,,-0.6650,hfq
2012-11-21,25.777,26.273,25.690,26.273,318472,,,1.6718,hfq
2012-11-22,26.100,26.186,25.928,26.057,204263,,,-0.8221,hfq
2012-11-23,26.186,26.596,26.100,26.402,343480,,,1.3240,hfq
2012-11-26,26.402,26.467,26.230,26.402,243160,,,0.0000,hfq
2012-11-27,26.273,26.726,26.251,26.445,425448,,,0.1629,hfq
2012-11-28,26.402,26.747,26.316,26.445,385099,,,0.0000,hfq
2012-11-29,26.445,26.704,26.359,26.402,272999,,,-0.1626,hfq
2012-11-30,26.186,26.639,26.079,26.618,390473,,,0.8181,hfq
2012-12-03,26.575,26.661,26.165,26.208,539770,,,-1.5403,hfq
2012-12-04,26.079,26.791,26.057,26.704,487612,,,1.8926,hfq
2012-12-05,26.812,28.495,26.812,28.387,1900748,,,6.3024,hfq
2012-12-06,28.236,29.164,28.236,28.667,1252093,,,0.9864,hfq
2012-12-07,28.797,29.724,28.624,29.681,1732432,,,3.5372,hfq
2012-12-10,29.897,30.070,29.595,29.897,1463032,,,0.7277,hfq
2012-12-11,29.724,30.005,29.530,29.595,631786,,,-1.0101,hfq
2012-12-12,29.724,30.242,29.552,29.854,719199,,,0.8751,hfq
2012-12-13,29.703,29.897,29.315,29.358,567067,,,-1.6614,hfq
2012-12-14,29.336,32.356,29.336,32.097,1706007,,,9.3297,hfq
2012-12-17,32.658,32.788,31.990,32.313,1257367,,,0.6730,hfq
2012-12-18,32.248,33.133,32.011,32.378,1130380,,,0.2012,hfq
2012-12-19,32.313,32.896,32.119,32.421,732473,,,0.1328,hfq
2012-12-20,32.097,32.356,31.558,32.184,932777,,,-0.7310,hfq
2012-12-21,32.205,32.507,31.688,32.184,739892,,,0.0000,hfq
2012-12-24,32.097,33.349,32.054,32.637,810324,,,1.4075,hfq
2012-12-25,32.464,34.751,32.356,34.600,1249361,,,6.0146,hfq
2012-12-26,34.449,34.665,34.147,34.492,776240,,,-0.3121,hfq
2012-12-27,34.600,34.859,33.802,33.953,844494,,,-1.5627,hfq
2012-12-28,33.953,34.859,33.888,34.578,776486,,,1.8408,hfq
2012-12-31,34.686,35.635,34.665,35.312,871427,,,2.1227,hfq
2013-01-04,36.002,36.585,35.010,35.527,1187905,,,0.6089,hfq
2013-01-07,35.506,37.275,35.010,36.757,1225064,,,3.4622,hfq
2013-01-08,36.757,36.930,35.549,36.024,1060559,,,-1.9942,hfq
2013-01-09,35.873,36.132,35.118,35.527,889608,,,-1.3796,hfq
2013-01-10,35.894,36.132,35.204,35.398,902110,,,-0.3631,hfq
2013-01-11,35.549,35.657,34.061,34.427,1141703,,,-2.7431,hfq
2013-01-14,34.363,36.865,34.363,36.563,1482211,,,6.2044,hfq
2013-01-15,36.606,37.059,36.412,36.628,793477,,,0.1778,hfq
2013-01-16,36.628,36.757,35.333,35.937,1004456,,,-1.8865,hfq
2013-01-17,35.722,36.304,35.161,36.067,946510,,,0.3617,hfq
2013-01-18,36.196,37.232,35.743,36.649,1124960,,,1.6137,hfq
2013-01-21,36.865,38.548,36.412,38.224,1348100,,,4.2975,hfq
2013-01-22,38.052,39.518,37.663,38.310,1239582,,,0.2250,hfq
2013-01-23,38.030,38.979,37.944,38.893,612948,,,1.5218,hfq
2013-01-24,38.893,40.834,38.310,38.979,1462125,,,0.2211,hfq
2013-01-25,39.022,39.518,38.224,38.850,684331,,,-0.3309,hfq
2013-01-28,39.605,41.999,39.432,41.870,1579713,,,7.7735,hfq
2013-01-29,41.978,42.905,41.201,42.603,1323163,,,1.7507,hfq
2013-01-30,42.388,42.668,41.740,42.237,1139411,,,-0.8591,hfq
2013-01-31,42.237,42.776,41.697,42.280,727559,,,0.1018,hfq
2013-02-01,42.323,44.070,41.784,43.855,1138745,,,3.7252,hfq
2013-02-04,44.351,45.645,43.358,43.833,1202523,,,-0.0502,hfq
2013-02-05,43.143,43.876,42.301,43.164,950560,,,-1.5262,hfq
2013-02-06,43.143,44.394,42.776,43.811,793035,,,1.4989,hfq
2013-02-07,43.574,43.617,40.942,42.021,1674890,,,-4.0857,hfq
2013-02-08,41.762,42.172,40.489,41.589,1093921,,,-1.0281,hfq
2013-02-18,41.870,42.647,41.287,41.805,818996,,,0.5194,hfq
2013-02-19,41.719,42.345,41.201,41.503,594554,,,-0.7224,hfq
2013-02-20,41.589,41.611,39.260,40.554,1103829,,,-2.2866,hfq
2013-02-21,39.864,39.864,37.491,38.203,1800588,,,-5.7972,hfq
2013-02-22,38.138,38.526,37.059,37.340,905760,,,-2.2590,hfq
2013-02-25,37.598,38.742,37.598,38.246,784696,,,2.4264,hfq
2013-02-26,37.922,40.468,37.771,38.720,1673684,,,1.2393,hfq
2013-02-27,38.807,40.683,38.807,40.123,1161971,,,3.6235,hfq
2013-02-28,40.878,42.258,40.123,42.172,1764036,,,5.1068,hfq
2013-03-01,42.345,43.078,41.395,42.798,1675182,,,1.4844,hfq
2013-03-04,41.438,41.460,38.440,38.871,2070915,,,-9.1757,hfq
2013-03-05,38.871,42.819,38.871,42.798,1762216,,,10.1026,hfq
2013-03-06,43.164,44.027,42.496,43.660,1406560,,,2.0141,hfq
2013-03-07,43.078,43.617,41.438,42.301,1411322,,,-3.1127,hfq
2013-03-08,42.366,42.927,41.611,41.827,932104,,,-1.1205,hfq
2013-03-11,41.827,41.827,39.885,40.489,775828,,,-3.1989,hfq
2013-03-12,40.489,40.878,38.785,39.324,1016495,,,-2.8773,hfq
2013-03-13,39.303,40.036,39.022,39.281,771215,,,-0.1093,hfq
2013-03-14,39.260,39.971,38.634,39.303,613430,,,0.0560,hfq
2013-03-15,39.324,42.042,38.979,39.669,1727094,,,0.9312,hfq
2013-03-18,39.669,40.727,39.109,39.216,1085772,,,-1.1419,hfq
2013-03-19,39.303,40.317,38.914,40.036,916081,,,2.0910,hfq
2013-03-20,40.123,42.690,40.101,42.625,1936622,,,6.4667,hfq
2013-03-21,42.711,43.294,42.258,42.603,1075727,,,-0.0516,hfq
2013-03-22,42.560,43.639,42.474,42.949,698604,,,0.8121,hfq
2013-03-25,43.315,43.855,42.301,42.560,722060,,,-0.9057,hfq
2013-03-26,42.129,42.280,41.115,41.525,962125,,,-2.4319,hfq
2013-03-27,41.633,42.625,41.331,42.150,778959,,,1.5051,hfq
2013-03-28,37.901,38.914,37.857,37.857,3657449,,,-10.1851,hfq
2013-03-29,37.275,37.469,36.088,36.628,1980399,,,-3.2464,hfq
2013-04-01,36.477,37.059,36.390,36.412,790098,,,-0.5897,hfq
2013-04-02,36.628,36.930,35.269,35.657,1104971,,,-2.0735,hfq
2013-04-03,35.851,36.606,35.808,36.304,991522,,,1.8145,hfq
2013-04-08,35.549,36.563,35.290,36.541,794104,,,0.6528,hfq
2013-04-09,36.606,37.598,36.412,36.779,749935,,,0.6513,hfq
2013-04-10,36.800,36.973,36.110,36.541,555999,,,-0.6471,hfq
2013-04-11,36.930,37.491,36.930,37.383,993479,,,2.3043,hfq
2013-04-12,37.167,38.030,37.102,37.447,785945,,,0.1712,hfq
2013-04-15,37.275,37.685,36.628,37.232,455118,,,-0.5741,hfq
2013-04-16,36.951,37.016,35.355,36.606,1167751,,,-1.6813,hfq
2013-04-17,36.196,36.412,35.484,35.959,689451,,,-1.7675,hfq
2013-04-18,34.945,36.692,34.470,36.434,1038246,,,1.3209,hfq
2013-04-19,36.412,39.001,36.347,38.548,1488721,,,5.8023,hfq
2013-04-22,38.375,39.432,38.375,39.367,984783,,,2.1246,hfq
2013-04-23,40.295,40.295,38.505,38.612,1470112,,,-1.9178,hfq
2013-04-24,38.763,40.252,37.706,39.432,1352227,,,2.1237,hfq
2013-04-25,39.173,39.475,38.138,38.634,788492,,,-2.0237,hfq
2013-04-26,39.022,39.540,38.332,38.483,712643,,,-0.3908,hfq
2013-05-02,38.095,38.634,37.771,38.591,540759,,,0.2806,hfq
2013-05-03,38.785,40.511,38.720,39.475,1046566,,,2.2907,hfq
2013-05-06,39.713,40.360,39.303,39.777,656025,,,0.7650,hfq
2013-05-07,39.562,39.626,38.763,39.216,677983,,,-1.4104,hfq
2013-05-08,39.518,40.058,38.720,39.044,868469,,,-0.4386,hfq
2013-05-09,39.044,39.130,38.181,38.612,672509,,,-1.1064,hfq
2013-05-10,38.526,38.958,38.267,38.699,599994,,,0.2253,hfq
2013-05-13,38.677,38.893,37.944,38.030,813029,,,-1.7287,hfq
2013-05-14,38.052,38.203,37.534,37.901,669926,,,-0.3392,hfq
2013-05-15,38.030,38.267,37.598,37.836,528971,,,-0.1715,hfq
2013-05-16,37.836,38.677,36.520,38.375,1499500,,,1.4246,hfq
2013-05-17,38.138,38.483,37.534,38.181,1108882,,,-0.5055,hfq
2013-05-20,38.310,39.928,38.310,39.367,1207646,,,3.1063,hfq
2013-05-21,39.216,39.562,38.699,39.152,634833,,,-0.5461,hfq
2013-05-22,39.152,39.820,39.001,39.713,708530,,,1.4329,hfq
2013-05-23,39.432,39.864,38.785,38.871,704310,,,-2.1202,hfq
2013-05-24,38.914,39.540,38.720,39.065,513152,,,0.4991,hfq
2013-05-27,39.001,39.260,38.677,38.785,572008,,,-0.7168,hfq
2013-05-28,38.763,40.015,38.548,39.734,994080,,,2.4468,hfq
2013-05-29,39.864,40.425,39.648,39.713,987282,,,-0.0529,hfq
2013-05-30,39.475,39.928,39.281,39.583,593576,,,-0.3273,hfq
2013-05-31,39.713,40.058,39.195,39.303,577162,,,-0.7074,hfq
2013-06-03,39.389,39.518,38.828,39.022,456717,,,-0.7150,hfq
2013-06-04,39.044,39.367,38.828,38.914,462056,,,-0.2768,hfq
2013-06-05,38.850,38.958,37.491,37.879,912859,,,-2.6597,hfq
2013-06-06,37.555,37.555,36.628,36.714,933731,,,-3.0756,hfq
2013-06-07,36.714,36.973,35.851,36.067,753053,,,-1.7623,hfq
2013-06-13,35.484,35.484,34.600,34.794,986437,,,-3.5295,hfq
2013-06-14,34.902,35.031,34.665,34.859,660406,,,0.1868,hfq
2013-06-17,35.074,35.161,34.363,34.535,545738,,,-0.9295,hfq
2013-06-18,34.772,35.420,34.772,35.204,625820,,,1.9372,hfq
2013-06-19,34.902,34.902,34.168,34.298,842711,,,-2.5736,hfq
2013-06-20,34.039,34.061,32.745,32.982,1081465,,,-3.8370,hfq
2013-06-21,32.399,33.025,31.882,32.594,929624,,,-1.1764,hfq
2013-06-24,32.335,32.335,29.271,29.271,2301908,,,-10.1951,hfq
2013-06-25,28.559,29.466,26.942,29.358,2004766,,,0.2972,hfq
2013-06-26,29.789,29.854,28.840,29.315,1238765,,,-0.1465,hfq
2013-06-27,29.509,30.070,29.401,29.789,1015195,,,1.6169,hfq
2013-06-28,29.681,31.429,29.487,31.170,1041535,,,4.6359,hfq
2013-07-01,30.997,31.364,30.156,30.825,628333,,,-1.1068,hfq
2013-07-02,30.825,30.954,29.552,30.113,903985,,,-2.3098,hfq
2013-07-03,29.983,30.242,29.239,29.724,814096,,,-1.2918,hfq
2013-07-04,29.530,30.792,28.883,30.080,1133150,,,1.1977,hfq
2013-07-05,30.275,31.116,30.242,30.630,807915,,,1.8285,hfq
2013-07-08,30.080,30.792,29.757,29.951,763043,,,-2.2168,hfq
2013-07-09,30.145,30.404,29.983,30.080,589748,,,0.4307,hfq
2013-07-10,30.210,31.213,30.177,31.116,815543,,,3.4441,hfq
2013-07-11,32.248,34.190,31.990,34.190,3659330,,,9.8792,hfq
2013-07-12,34.190,34.416,32.928,33.122,2262725,,,-3.1237,hfq
2013-07-15,33.252,34.546,32.960,33.737,1271220,,,1.8568,hfq
2013-07-16,33.478,33.931,33.025,33.769,895319,,,0.0949,hfq
2013-07-17,33.543,33.866,33.025,33.219,838565,,,-1.6287,hfq
2013-07-18,33.154,33.284,31.763,31.892,1384956,,,-3.9947,hfq
2013-07-19,31.828,32.119,30.792,30.857,1143689,,,-3.2453,hfq
2013-07-22,30.242,30.922,29.919,30.630,1180506,,,-0.7357,hfq
2013-07-23,30.889,32.507,30.469,31.731,1259703,,,3.5945,hfq
2013-07-24,31.278,31.537,30.469,30.922,1083605,,,-2.5496,hfq
2013-07-25,31.116,31.439,30.663,30.889,693815,,,-0.1067,hfq
2013-07-26,30.695,30.986,30.469,30.760,480874,,,-0.4176,hfq
2013-07-29,30.242,30.275,29.466,30.080,1124952,,,-2.2107,hfq
2013-07-30,29.983,31.051,29.886,30.210,839165,,,0.4322,hfq
2013-07-31,30.501,31.116,29.821,29.854,748691,,,-1.1784,hfq
2013-08-01,30.080,30.663,29.886,30.533,801880,,,2.2744,hfq
2013-08-02,30.857,31.051,30.307,30.404,772342,,,-0.4225,hfq
2013-08-05,30.469,30.922,30.242,30.889,658206,,,1.5952,hfq
2013-08-06,30.663,31.051,30.339,30.760,728860,,,-0.4176,hfq
2013-08-07,30.695,31.278,30.695,30.728,723245,,,-0.1040,hfq
2013-08-08,30.663,30.954,30.372,30.533,655823,,,-0.6346,hfq
2013-08-09,30.825,30.954,30.242,30.630,752520,,,0.3177,hfq
2013-08-12,30.825,32.831,30.760,32.507,2264600,,,6.1280,hfq
2013-08-13,32.637,34.125,32.572,33.931,2693492,,,4.3806,hfq
2013-08-14,33.963,34.708,33.446,33.640,1840007,,,-0.8576,hfq
2013-08-15,33.413,33.899,32.960,33.090,984064,,,-1.6350,hfq
2013-08-16,32.831,36.358,32.604,33.575,3050886,,,1.4657,hfq
2013-08-19,32.960,34.999,32.960,34.708,1861207,,,3.3745,hfq
2013-08-20,34.416,36.293,34.352,35.290,2179083,,,1.6768,hfq
2013-08-21,35.484,35.776,33.996,34.805,1382363,,,-1.3743,hfq
2013-08-22,34.675,35.776,34.449,34.837,1005671,,,0.0919,hfq
2013-08-23,35.096,35.355,33.413,34.158,1246190,,,-1.9491,hfq
2013-08-26,34.222,35.290,34.028,35.064,1104349,,,2.6524,hfq
2013-08-27,35.031,35.614,34.643,35.193,833062,,,0.3679,hfq
2013-08-28,34.740,35.225,34.481,34.837,969434,,,-1.0116,hfq
2013-08-29,35.323,35.808,34.740,34.967,766180,,,0.3732,hfq
2013-08-30,34.967,35.420,34.449,34.902,785304,,,-0.1859,hfq
2013-09-02,35.161,35.549,34.740,35.225,871668,,,0.9254,hfq
2013-09-03,35.549,36.941,35.290,36.908,1956016,,,4.7779,hfq
2013-09-04,36.941,37.847,36.876,36.941,1430851,,,0.0894,hfq
2013-09-05,36.876,37.167,36.617,36.779,565881,,,-0.4385,hfq
2013-09-06,36.649,37.879,36.520,37.458,906932,,,1.8462,hfq
2013-09-09,37.944,41.147,37.944,41.147,3540415,,,9.8484,hfq
2013-09-10,41.309,41.438,39.691,40.694,2855238,,,-1.1009,hfq
2013-09-11,40.727,41.730,40.112,40.371,1907221,,,-0.7937,hfq
2013-09-12,40.079,43.445,39.529,41.600,3138113,,,3.0443,hfq
2013-09-13,41.277,41.697,39.853,40.306,1501639,,,-3.1106,hfq
2013-09-16,40.824,41.180,39.270,39.950,1791103,,,-0.8832,hfq
2013-09-17,39.950,40.565,38.882,38.947,1314844,,,-2.5106,hfq
2013-09-18,38.914,39.626,38.397,38.753,1062513,,,-0.4981,hfq
2013-09-23,39.044,39.367,38.073,38.947,1180139,,,0.5006,hfq
2013-09-24,38.882,38.914,36.973,37.588,1597682,,,-3.4894,hfq
2013-09-25,37.523,38.203,37.005,37.135,880810,,,-1.2052,hfq
2013-09-26,37.102,37.135,36.164,36.552,1224296,,,-1.5699,hfq
2013-09-27,36.520,36.908,36.261,36.746,656960,,,0.5308,hfq
2013-09-30,37.070,37.361,36.520,36.682,574675,,,-0.1742,hfq
2013-10-08,36.552,37.264,35.549,36.941,923263,,,0.7061,hfq
2013-10-09,36.973,39.012,36.779,38.008,1118084,,,2.8884,hfq
2013-10-10,38.235,38.332,36.649,36.811,919442,,,-3.1493,hfq
2013-10-11,37.199,38.526,37.038,38.105,1154274,,,3.5153,hfq
2013-10-14,38.105,38.105,37.329,37.555,652956,,,-1.4434,hfq
2013-10-15,37.588,37.652,36.617,36.811,719890,,,-1.9811,hfq
2013-10-16,36.779,36.779,36.034,36.455,870653,,,-0.9671,hfq
2013-10-17,36.843,37.005,36.196,36.358,505980,,,-0.2661,hfq
2013-10-18,36.390,37.232,36.293,36.682,502904,,,0.8911,hfq
2013-10-21,36.714,37.361,36.229,37.232,697506,,,1.4994,hfq
2013-10-22,37.102,37.135,36.617,36.779,510364,,,-1.2167,hfq
2013-10-23,37.005,38.720,36.811,37.426,1418756,,,1.7592,hfq
2013-10-24,37.361,38.235,36.714,37.296,1008129,,,-0.3474,hfq
2013-10-25,37.361,38.688,37.361,38.235,1405584,,,2.5177,hfq
2013-10-28,38.429,38.526,37.491,37.879,719489,,,-0.9311,hfq
2013-10-29,38.235,40.403,38.138,39.659,2525979,,,4.6992,hfq
2013-10-30,39.367,39.918,38.817,39.853,1625512,,,0.4892,hfq
2013-10-31,39.367,39.723,38.300,38.591,1201375,,,-3.1666,hfq
2013-11-01,38.623,39.270,38.105,39.109,831468,,,1.3423,hfq
2013-11-04,39.303,39.626,38.364,38.461,703420,,,-1.6569,hfq
2013-11-05,38.138,38.138,36.843,37.717,1233320,,,-1.9344,hfq
2013-11-06,36.973,37.199,36.423,36.746,1295086,,,-2.5744,hfq
2013-11-07,36.779,37.135,36.585,36.811,687757,,,0.1769,hfq
2013-11-08,36.552,36.908,36.261,36.423,664490,,,-1.0540,hfq
2013-11-11,36.455,36.682,36.229,36.358,595532,,,-0.1785,hfq
2013-11-12,36.585,37.199,36.390,37.070,838946,,,1.9583,hfq
2013-11-13,36.585,36.714,35.808,35.840,958894,,,-3.3180,hfq
2013-11-14,35.711,36.034,34.546,34.967,1183608,,,-2.4358,hfq
2013-11-15,35.031,36.229,35.031,35.840,982371,,,2.4966,hfq
2013-11-18,35.905,37.588,35.484,37.523,1751490,,,4.6959,hfq
2013-11-19,37.523,37.588,36.649,36.811,1036694,,,-1.8975,hfq
2013-11-20,37.232,37.394,36.390,36.682,1018200,,,-0.3504,hfq
2013-11-21,36.390,36.423,35.387,36.164,1291329,,,-1.4121,hfq
2013-11-22,36.164,36.261,35.387,35.517,1073063,,,-1.7891,hfq
2013-11-25,35.387,35.970,34.967,35.258,713286,,,-0.7292,hfq
2013-11-26,35.323,35.614,35.031,35.225,522402,,,-0.0936,hfq
2013-11-27,34.999,35.808,34.902,35.355,922066,,,0.3691,hfq
2013-11-28,35.452,36.132,35.323,35.614,1032228,,,0.7326,hfq
2013-11-29,35.970,36.067,35.096,35.161,1145164,,,-1.2720,hfq
2013-12-02,35.323,36.034,34.902,35.646,1567054,,,1.3794,hfq
2013-12-03,35.420,35.679,35.031,35.452,1052697,,,-0.5442,hfq
2013-12-04,35.517,36.229,35.225,36.002,1658350,,,1.5514,hfq
2013-12-05,35.970,36.099,35.581,35.711,814008,,,-0.8083,hfq
2013-12-06,35.679,35.679,35.225,35.452,636009,,,-0.7253,hfq
2013-12-09,35.484,35.646,35.064,35.193,786304,,,-0.7306,hfq
2013-12-10,35.355,35.452,35.128,35.258,476141,,,0.1847,hfq
2013-12-11,35.128,35.161,34.287,34.384,1007067,,,-2.4789,hfq
2013-12-12,34.190,34.481,34.125,34.190,542283,,,-0.5642,hfq
2013-12-13,33.899,34.352,33.834,34.158,535124,,,-0.0936,hfq
2013-12-16,34.158,34.416,33.737,33.866,715093,,,-0.8549,hfq
2013-12-17,33.996,33.996,33.543,33.575,590086,,,-0.8593,hfq
2013-12-18,33.608,34.125,33.575,33.899,451107,,,0.9650,hfq
2013-12-19,34.061,34.190,33.219,33.284,718593,,,-1.8142,hfq
2013-12-20,33.316,33.413,31.990,32.216,1067600,,,-3.2087,hfq
2013-12-23,32.313,32.637,32.022,32.184,635214,,,-0.0993,hfq
2013-12-24,32.346,32.701,31.925,32.216,606616,,,0.0994,hfq
2013-12-25,32.281,32.540,32.022,32.313,584851,,,0.3011,hfq
2013-12-26,32.313,32.313,31.731,31.828,514067,,,-1.5009,hfq
2013-12-27,31.925,32.831,31.860,32.669,732076,,,2.6423,hfq
2013-12-30,32.863,32.993,32.443,32.507,658976,,,-0.4959,hfq
2013-12-31,32.507,33.705,32.410,33.349,962700,,,2.5902,hfq
2014-01-02,33.154,33.187,32.669,32.831,727892,,,-1.5533,hfq
2014-01-03,32.637,32.701,31.957,32.022,778984,,,-2.4641,hfq
2014-01-06,32.119,32.216,31.375,31.795,888809,,,-0.7089,hfq
2014-01-07,31.634,31.957,31.375,31.666,431912,,,-0.4057,hfq
2014-01-08,31.731,32.151,31.601,31.892,521831,,,0.7137,hfq
2014-01-09,31.892,32.507,31.763,32.022,635265,,,0.4076,hfq
2014-01-10,32.022,32.313,31.731,32.087,518099,,,0.2030,hfq
2014-01-13,32.119,32.248,31.892,31.990,426582,,,-0.3023,hfq
2014-01-14,31.957,32.313,31.860,32.119,460289,,,0.4033,hfq
2014-01-15,32.119,32.151,31.537,31.698,475006,,,-1.3108,hfq
2014-01-16,31.763,31.763,31.278,31.310,896812,,,-1.2241,hfq
2014-01-17,31.245,31.278,30.630,30.663,637742,,,-2.0664,hfq
2014-01-20,30.566,30.825,30.080,30.339,547670,,,-1.0566,hfq
2014-01-21,30.372,30.857,30.372,30.598,397956,,,0.8537,hfq
2014-01-22,30.695,31.698,30.598,31.472,758918,,,2.8564,hfq
2014-01-23,31.407,31.439,30.889,30.986,558143,,,-1.5442,hfq
2014-01-24,30.857,31.213,30.695,30.922,700262,,,-0.2065,hfq
2014-01-27,30.695,30.825,30.307,30.372,698716,,,-1.7787,hfq
2014-01-28,30.501,31.051,30.436,31.019,527557,,,2.1303,hfq
2014-01-29,31.116,31.472,30.954,31.278,592492,,,0.8350,hfq
2014-01-30,31.181,31.181,30.728,30.792,432874,,,-1.5538,hfq
2014-02-07,30.695,30.792,30.469,30.792,426209,,,0.0000,hfq
2014-02-10,30.922,31.375,30.889,31.213,643252,,,1.3672,hfq
2014-02-11,31.213,32.701,30.986,32.151,1486291,,,3.0052,hfq
2014-02-12,32.054,32.604,31.925,31.990,842956,,,-0.5008,hfq
2014-02-13,31.828,33.284,31.763,32.766,1797680,,,2.4258,hfq
2014-02-14,32.604,32.766,32.281,32.507,742674,,,-0.7905,hfq
2014-02-17,32.669,32.831,31.860,32.184,1103635,,,-0.9936,hfq
2014-02-18,32.087,32.119,31.148,31.245,1076027,,,-2.9176,hfq
2014-02-19,31.213,32.346,31.116,32.151,1609919,,,2.8997,hfq
2014-02-20,31.990,32.507,31.375,31.439,1163844,,,-2.2146,hfq
2014-02-21,31.439,31.569,30.954,31.181,761787,,,-0.8206,hfq
2014-02-24,30.857,30.889,29.951,30.048,1444465,,,-3.6336,hfq
2014-02-25,30.080,30.372,29.530,29.660,926049,,,-1.2913,hfq
2014-02-26,29.660,30.113,29.563,29.919,696797,,,0.8732,hfq
2014-02-27,30.048,30.436,29.627,30.210,998108,,,0.9726,hfq
2014-02-28,30.048,30.242,29.724,30.048,630353,,,-0.5362,hfq
2014-03-03,30.016,30.016,29.757,29.886,600571,,,-0.5391,hfq
2014-03-04,29.789,30.307,29.627,30.177,741303,,,0.9737,hfq
2014-03-05,30.113,30.242,29.757,29.821,462010,,,-1.1797,hfq
2014-03-06,29.757,30.210,29.627,30.016,721541,,,0.6539,hfq
2014-03-07,29.919,30.242,29.724,29.757,763647,,,-0.8629,hfq
2014-03-10,29.595,29.595,28.398,28.527,1300340,,,-4.1335,hfq
2014-03-11,28.559,28.948,28.365,28.527,685713,,,0.0000,hfq
2014-03-12,28.527,29.466,28.462,29.239,973320,,,2.4959,hfq
2014-03-13,29.530,30.113,29.336,29.530,993816,,,0.9952,hfq
2014-03-14,29.368,29.595,29.045,29.433,656290,,,-0.3285,hfq
2014-03-17,29.821,29.919,29.401,29.595,451010,,,0.5504,hfq
2014-03-18,29.660,29.692,29.271,29.336,424841,,,-0.8751,hfq
2014-03-19,29.207,29.239,28.754,29.110,559081,,,-0.7704,hfq
2014-03-20,29.077,29.919,28.980,29.304,1006975,,,0.6664,hfq
2014-03-21,29.271,31.537,29.174,31.213,2471493,,,6.5145,hfq
2014-03-24,31.375,32.054,30.986,31.537,1909223,,,1.0380,hfq
2014-03-25,31.472,31.666,30.760,30.922,1205259,,,-1.9501,hfq
2014-03-26,30.986,31.213,30.695,30.857,513860,,,-0.2102,hfq
2014-03-27,30.825,31.828,30.630,31.181,1178557,,,1.0500,hfq
2014-03-28,31.083,31.957,30.986,31.537,1150188,,,1.1417,hfq
2014-03-31,31.601,31.795,30.889,31.342,855615,,,-0.6183,hfq
2014-04-01,30.760,31.116,30.566,30.889,1111186,,,-1.4453,hfq
2014-04-02,30.889,31.504,30.760,31.245,833135,,,1.1525,hfq
2014-04-03,31.439,31.537,30.695,30.889,804284,,,-1.1394,hfq
2014-04-04,30.663,31.569,30.630,31.537,891272,,,2.0978,hfq
2014-04-08,31.795,34.514,31.795,34.028,4364172,,,7.8987,hfq
2014-04-09,33.866,34.061,33.543,33.834,1746438,,,-0.5701,hfq
2014-04-10,33.866,34.643,33.316,33.931,2195300,,,0.2867,hfq
2014-04-11,33.672,34.481,33.446,34.222,1693458,,,0.8576,hfq
2014-04-14,34.125,34.319,33.543,33.834,873867,,,-1.1338,hfq
2014-04-15,33.640,33.705,32.799,32.831,1432951,,,-2.9645,hfq
2014-04-16,32.701,33.284,32.540,32.993,914794,,,0.4934,hfq
2014-04-17,33.381,33.510,32.831,32.960,808130,,,-0.1000,hfq
2014-04-18,32.734,33.187,32.443,33.154,713404,,,0.5886,hfq
2014-04-21,32.960,33.575,32.572,32.572,895193,,,-1.7554,hfq
2014-04-22,32.540,33.737,32.443,33.640,1367563,,,3.2789,hfq
2014-04-23,33.478,34.384,33.349,33.737,1567057,,,0.2883,hfq
2014-04-24,33.802,34.319,33.575,33.608,779047,,,-0.3824,hfq
2014-04-25,33.672,34.352,33.446,33.608,846498,,,0.0000,hfq
2014-04-28,33.543,33.802,32.669,32.799,1004479,,,-2.4072,hfq
2014-04-29,32.993,33.510,32.928,33.316,760591,,,1.5763,hfq
2014-04-30,33.381,33.769,33.284,33.446,621123,,,0.3902,hfq
2014-05-05,33.381,33.413,32.604,32.960,822992,,,-1.4531,hfq
2014-05-06,32.896,33.187,32.669,32.766,463583,,,-0.5886,hfq
2014-05-07,32.766,32.799,32.248,32.281,667637,,,-1.4802,hfq
2014-05-08,32.281,32.960,32.184,32.346,630862,,,0.2014,hfq
2014-05-09,32.443,32.637,32.313,32.475,475278,,,0.3988,hfq
2014-05-12,32.734,33.187,32.443,32.960,886350,,,1.4935,hfq
2014-05-13,32.960,33.025,32.701,32.831,426309,,,-0.3914,hfq
2014-05-14,32.928,33.219,32.734,32.928,426042,,,0.2955,hfq
2014-05-15,32.896,33.090,32.766,32.799,470563,,,-0.3918,hfq
2014-05-16,32.766,33.090,32.701,32.799,536296,,,0.0000,hfq
2014-05-19,32.604,32.604,31.698,31.892,1089016,,,-2.7653,hfq
2014-05-20,32.054,32.151,31.634,31.828,464150,,,-0.2007,hfq
2014-05-21,31.763,32.248,31.537,32.184,432613,,,1.1185,hfq
2014-05-22,32.087,32.799,31.990,32.216,611856,,,0.0994,hfq
2014-05-23,32.216,32.507,32.119,32.507,406579,,,0.9033,hfq
2014-05-26,32.799,32.831,32.313,32.540,394241,,,0.1015,hfq
2014-05-27,32.507,32.572,32.184,32.313,360664,,,-0.6976,hfq
2014-05-28,32.248,32.766,32.184,32.701,518317,,,1.2008,hfq
2014-05-29,32.669,32.993,32.443,32.443,504972,,,-0.7890,hfq
2014-05-30,32.507,32.572,32.281,32.346,441487,,,-0.2990,hfq
2014-06-03,32.378,32.701,32.216,32.248,417370,,,-0.3030,hfq
2014-06-04,32.281,32.346,31.828,31.990,443763,,,-0.8000,hfq
2014-06-05,31.957,32.443,31.892,32.410,307091,,,1.3129,hfq
2014-06-06,32.443,32.443,31.860,32.022,411831,,,-1.1972,hfq
2014-06-09,31.925,32.637,31.795,32.216,513777,,,0.6058,hfq
2014-06-10,32.378,32.734,32.313,32.701,641141,,,1.5055,hfq
2014-06-11,32.572,32.734,32.410,32.572,429290,,,-0.3945,hfq
2014-06-12,32.604,32.766,32.507,32.507,534410,,,-0.1996,hfq
2014-06-13,32.960,33.575,32.637,33.252,1536302,,,2.2918,hfq
2014-06-16,33.187,33.996,33.090,33.769,1660842,,,1.5548,hfq
2014-06-17,33.608,33.640,33.154,33.284,709970,,,-1.4362,hfq
2014-06-18,33.284,33.316,32.928,33.025,498973,,,-0.7782,hfq
2014-06-19,33.090,33.187,32.346,32.475,640900,,,-1.6654,hfq
2014-06-20,32.475,32.831,32.410,32.799,427641,,,0.9977,hfq
2014-06-23,32.799,32.896,32.507,32.572,458314,,,-0.6921,hfq
2014-06-24,32.637,32.831,32.475,32.669,392051,,,0.2978,hfq
2014-06-25,32.701,32.701,32.313,32.443,464654,,,-0.6918,hfq
2014-06-26,32.475,32.734,32.475,32.669,311186,,,0.6966,hfq
2014-06-27,32.669,32.799,32.604,32.701,369577,,,0.0980,hfq
2014-06-30,32.799,33.154,32.669,32.993,436633,,,0.8929,hfq
2014-07-01,33.187,33.252,32.831,32.928,296425,,,-0.1970,hfq
2014-07-02,32.928,33.154,32.831,33.090,304010,,,0.4920,hfq
2014-07-03,33.090,33.154,32.896,33.057,498050,,,-0.0997,hfq
2014-07-04,33.025,33.090,32.863,32.960,371622,,,-0.2934,hfq
2014-07-07,32.928,33.090,32.799,32.993,346609,,,0.1001,hfq
2014-07-08,32.928,32.960,32.637,32.831,472641,,,-0.4910,hfq
2014-07-09,32.766,32.799,32.216,32.313,691431,,,-1.5778,hfq
2014-07-10,32.313,32.410,32.151,32.248,429924,,,-0.2012,hfq
2014-07-11,32.216,32.475,32.216,32.346,413899,,,0.3039,hfq
2014-07-14,32.443,32.475,32.248,32.410,580023,,,0.1979,hfq
2014-07-15,32.410,32.799,32.346,32.669,698884,,,0.7991,hfq
2014-07-16,32.572,32.701,32.475,32.604,735180,,,-0.1990,hfq
2014-07-17,32.604,32.637,32.346,32.475,484968,,,-0.3957,hfq
2014-07-18,32.540,32.960,32.540,32.799,877892,,,0.9977,hfq
2014-07-21,32.831,32.896,32.604,32.701,402288,,,-0.2988,hfq
2014-07-22,32.637,33.705,32.572,33.316,1299205,,,1.8807,hfq
2014-07-23,33.381,33.802,33.284,33.446,816504,,,0.3902,hfq
2014-07-24,33.575,35.484,33.575,35.161,2864616,,,5.1277,hfq
2014-07-25,35.258,35.679,34.934,35.452,1368346,,,0.8276,hfq
2014-07-28,35.614,37.620,35.614,37.329,2884383,,,5.2945,hfq
2014-07-29,37.523,37.847,37.135,37.458,1790112,,,0.3456,hfq
2014-07-30,37.847,38.332,37.135,37.361,1497170,,,-0.2590,hfq
2014-07-31,37.264,37.879,37.005,37.847,1055980,,,1.3008,hfq
2014-08-01,37.782,38.364,37.329,37.361,1557973,,,-1.2841,hfq
2014-08-04,37.458,38.203,37.102,37.944,1757873,,,1.5605,hfq
2014-08-05,37.976,38.138,37.005,37.199,1606374,,,-1.9634,hfq
2014-08-06,37.005,37.005,36.002,36.520,1838582,,,-1.8253,hfq
2014-08-07,36.487,36.682,36.067,36.132,931964,,,-1.0624,hfq
2014-08-08,36.099,36.455,36.002,36.196,852830,,,0.1771,hfq
2014-08-11,36.358,36.811,36.326,36.682,1067697,,,1.3427,hfq
2014-08-12,36.585,36.617,36.002,36.326,1111806,,,-0.9705,hfq
2014-08-13,36.261,36.552,35.937,36.261,1020060,,,-0.1789,hfq
2014-08-14,36.261,36.326,35.937,35.970,865637,,,-0.8025,hfq
2014-08-15,35.937,36.132,35.549,36.067,1212444,,,0.2697,hfq
2014-08-18,36.067,36.326,35.873,36.067,911778,,,0.0000,hfq
2014-08-19,36.132,36.164,35.840,36.067,1052200,,,0.0000,hfq
2014-08-20,36.002,36.034,35.711,35.711,716902,,,-0.9871,hfq
2014-08-21,35.743,35.808,35.128,35.387,915053,,,-0.9073,hfq
2014-08-22,35.355,35.743,35.290,35.549,712098,,,0.4578,hfq
2014-08-25,35.549,35.614,35.064,35.161,632817,,,-1.0915,hfq
2014-08-26,35.161,35.387,35.064,35.225,633139,,,0.1820,hfq
2014-08-27,35.225,35.420,35.031,35.258,557409,,,0.0937,hfq
2014-08-28,35.193,35.290,34.902,34.902,587566,,,-1.0097,hfq
2014-08-29,35.064,35.420,34.967,35.420,500897,,,1.4842,hfq
2014-09-01,35.387,35.420,35.161,35.387,856012,,,-0.0932,hfq
2014-09-02,35.484,35.937,35.225,35.873,1315127,,,1.3734,hfq
2014-09-03,36.067,36.423,35.905,36.164,1160545,,,0.8112,hfq
2014-09-04,36.229,36.455,35.970,36.293,918258,,,0.3567,hfq
2014-09-05,36.390,36.585,36.164,36.390,1056019,,,0.2673,hfq
2014-09-09,36.390,36.455,35.905,35.970,971585,,,-1.1542,hfq
2014-09-10,35.873,35.873,35.484,35.581,976696,,,-1.0815,hfq
2014-09-11,35.549,36.132,35.420,35.549,1243898,,,-0.0899,hfq
2014-09-12,35.484,35.581,35.290,35.581,967936,,,0.0900,hfq
2014-09-15,35.420,35.420,35.193,35.387,866670,,,-0.5452,hfq
2014-09-16,35.387,35.646,35.096,35.128,1574694,,,-0.7319,hfq
2014-09-17,35.258,35.387,35.064,35.193,916443,,,0.1850,hfq
2014-09-18,35.193,35.646,34.999,35.323,1325362,,,0.3694,hfq
2014-09-19,35.323,35.679,35.290,35.484,1490137,,,0.4558,hfq
2014-09-22,35.420,35.420,34.611,34.675,1276527,,,-2.2799,hfq
2014-09-23,34.675,34.902,34.611,34.772,629456,,,0.2797,hfq
2014-09-24,34.740,35.517,34.578,35.452,1469170,,,1.9556,hfq
2014-09-25,35.484,35.581,35.031,35.193,1039031,,,-0.7306,hfq
2014-09-26,35.031,35.193,34.902,35.031,620602,,,-0.4603,hfq
2014-09-29,35.193,35.323,35.064,35.161,843061,,,0.3711,hfq
2014-09-30,35.225,35.258,34.967,35.096,782559,,,-0.1849,hfq
2014-10-08,35.258,35.517,35.031,35.484,1084983,,,1.1055,hfq
2014-10-09,35.517,35.646,35.290,35.452,944044,,,-0.0902,hfq
2014-10-10,35.323,35.387,35.096,35.258,819460,,,-0.5472,hfq
2014-10-13,35.096,35.193,34.675,34.870,855812,,,-1.1005,hfq
2014-10-14,34.837,35.128,34.708,34.837,667378,,,-0.0946,hfq
2014-10-15,34.805,35.064,34.643,34.934,695305,,,0.2784,hfq
2014-10-16,34.772,35.517,34.675,34.934,1397103,,,0.0000,hfq
2014-10-17,34.934,35.096,34.740,34.837,825468,,,-0.2777,hfq
2014-10-20,34.999,35.323,34.805,35.161,864023,,,0.9300,hfq
2014-10-21,35.096,35.193,34.740,34.805,800289,,,-1.0125,hfq
2014-10-22,34.837,35.323,34.805,34.934,940898,,,0.3706,hfq
2014-10-23,34.967,35.452,34.967,35.128,1440092,,,0.5553,hfq
2014-10-24,35.193,35.420,35.064,35.161,796332,,,0.0939,hfq
2014-10-27,34.870,34.967,34.352,34.416,1044981,,,-2.1188,hfq
2014-10-28,34.578,34.870,34.449,34.870,739706,,,1.3192,hfq
2014-10-29,34.934,35.484,34.805,35.290,1465000,,,1.2045,hfq
2014-10-30,35.323,35.970,35.096,35.840,2146014,,,1.5585,hfq
2014-10-31,35.970,38.105,35.970,37.167,4478599,,,3.7026,hfq
2014-11-03,37.717,37.911,36.714,36.843,2074617,,,-0.8717,hfq
2014-11-04,37.005,37.038,36.358,36.487,1436710,,,-0.9663,hfq
2014-11-05,36.390,36.585,35.840,35.970,1980238,,,-1.4169,hfq
2014-11-06,36.132,36.196,35.679,35.937,1396055,,,-0.0917,hfq
2014-11-07,35.937,37.296,35.776,36.293,3160858,,,0.9906,hfq
2014-11-10,36.941,37.329,36.423,37.038,2573783,,,2.0527,hfq
2014-11-11,37.102,38.753,37.102,37.749,5762479,,,1.9197,hfq
2014-11-12,37.264,37.717,37.070,37.685,2017054,,,-0.1695,hfq
2014-11-13,37.879,38.364,37.264,37.426,2428351,,,-0.6873,hfq
2014-11-14,37.264,37.555,36.746,37.167,1849868,,,-0.6920,hfq
2014-11-17,37.458,37.555,36.617,36.649,1643101,,,-1.3937,hfq
2014-11-18,36.649,36.649,36.002,36.164,1548175,,,-1.3234,hfq
2014-11-19,36.099,36.293,35.905,36.067,916502,,,-0.2682,hfq
2014-11-20,36.067,36.326,35.905,36.164,1000260,,,0.2689,hfq
2014-11-21,36.099,36.714,35.840,36.649,1709281,,,1.3411,hfq
2014-11-24,36.132,37.232,35.517,36.682,4070591,,,0.0900,hfq
2014-11-25,36.585,37.167,36.487,37.070,2529076,,,1.0577,hfq
2014-11-26,37.232,38.138,37.038,37.749,3855689,,,1.8317,hfq
2014-11-27,37.911,38.591,37.652,38.203,3966445,,,1.2027,hfq
2014-11-28,38.300,41.503,38.041,41.309,8370044,,,8.1303,hfq
2014-12-01,41.536,42.895,40.532,40.597,6607178,,,-1.7236,hfq
2014-12-02,40.274,43.768,40.047,42.765,6682871,,,5.3403,hfq
2014-12-03,42.862,44.092,41.568,42.086,7273341,,,-1.5877,hfq
2014-12-04,42.247,45.289,41.762,45.030,7263880,,,6.9952,hfq
2014-12-05,45.483,47.490,43.671,46.033,9220803,,,2.2274,hfq
2014-12-08,45.386,47.813,44.739,47.069,6982009,,,2.2506,hfq
2014-12-09,46.486,48.202,42.959,43.445,7722453,,,-7.6993,hfq
2014-12-10,44.254,45.710,42.021,45.127,5665050,,,3.8716,hfq
2014-12-11,44.286,46.648,43.768,44.901,4552992,,,-0.5008,hfq
2014-12-12,44.739,45.839,44.092,44.448,3514604,,,-1.0089,hfq
2014-12-15,44.092,44.092,42.733,43.574,2944096,,,-1.9663,hfq
2014-12-16,43.445,45.354,43.315,45.289,3690160,,,3.9358,hfq
2014-12-17,45.613,49.172,45.063,48.234,8147276,,,6.5027,hfq
2014-12-18,48.590,49.269,47.198,48.202,5649423,,,-0.0663,hfq
2014-12-19,48.202,49.269,47.037,48.913,4352384,,,1.4750,hfq
2014-12-22,49.172,52.441,49.172,50.531,6575294,,,3.3079,hfq
2014-12-23,49.884,51.211,48.331,48.460,4009099,,,-4.0985,hfq
2014-12-24,48.460,48.816,45.613,46.616,4185512,,,-3.8052,hfq
2014-12-25,47.360,49.366,46.681,48.913,4433685,,,4.9275,hfq
2014-12-26,49.366,50.920,48.946,50.726,5201944,,,3.7066,hfq
2014-12-29,54.123,55.612,51.243,52.344,8229350,,,3.1897,hfq
2014-12-30,52.732,54.770,52.344,54.641,6960472,,,4.3883,hfq
2014-12-31,54.770,55.774,53.476,55.418,5107083,,,1.4220,hfq
2015-01-05,56.485,57.294,54.835,56.615,5284038,,,2.1599,hfq
2015-01-06,55.741,58.621,55.385,57.003,4792609,,,0.6853,hfq
2015-01-07,56.324,57.133,54.447,55.774,3793157,,,-2.1560,hfq
2015-01-08,55.774,55.935,53.282,53.508,3248582,,,-4.0628,hfq
2015-01-09,53.314,57.618,52.602,54.382,4969504,,,1.6334,hfq
2015-01-12,54.317,55.321,52.667,53.897,3103271,,,-0.8918,hfq
2015-01-13,53.638,54.285,52.991,53.444,2031267,,,-0.8405,hfq
2015-01-14,53.638,55.094,53.606,54.350,2639648,,,1.6952,hfq
2015-01-15,54.317,56.647,53.800,56.550,3116911,,,4.0478,hfq
2015-01-16,55.741,57.359,55.450,56.356,5081287,,,-0.3431,hfq
2015-01-19,51.211,53.120,50.920,50.920,4177998,,,-9.6458,hfq
2015-01-20,50.596,51.502,48.946,50.143,4436135,,,-1.5259,hfq
2015-01-21,50.434,52.861,50.046,52.538,3893440,,,4.7763,hfq
2015-01-22,52.376,52.505,51.308,51.923,2415136,,,-1.1706,hfq
2015-01-23,52.214,53.314,51.729,52.020,2649964,,,0.1868,hfq
2015-01-26,51.890,52.441,50.887,51.470,2359536,,,-1.0573,hfq
2015-01-27,51.599,51.761,49.431,50.240,2965809,,,-2.3897,hfq
2015-01-28,49.819,50.628,49.269,49.819,2204253,,,-0.8380,hfq
2015-01-29,49.011,49.464,48.460,48.752,2348581,,,-2.1418,hfq
2015-01-30,49.237,49.658,48.363,48.849,2002238,,,0.1990,hfq
2015-02-02,47.651,48.234,47.425,47.457,1871192,,,-2.8496,hfq
2015-02-03,48.137,48.784,47.295,48.622,2120599,,,2.4549,hfq
2015-02-04,48.687,49.140,47.651,47.684,1777663,,,-1.9292,hfq
2015-02-05,50.111,50.111,47.684,47.748,3796128,,,0.1342,hfq
2015-02-06,47.425,48.137,47.101,47.490,2001388,,,-0.5403,hfq
2015-02-09,47.490,48.331,46.584,47.716,2288438,,,0.4759,hfq
2015-02-10,47.684,48.752,47.457,48.525,1990065,,,1.6954,hfq
2015-02-11,48.234,48.913,48.072,48.331,1539887,,,-0.3998,hfq
2015-02-12,47.490,47.878,46.810,47.490,3552963,,,-1.7401,hfq
2015-02-13,47.748,48.428,47.425,47.716,3266605,,,0.4759,hfq
2015-02-16,47.846,47.878,47.263,47.554,2202913,,,-0.3395,hfq
2015-02-17,47.587,48.040,47.587,47.684,1962416,,,0.2734,hfq
2015-02-25,47.781,47.813,47.037,47.198,1881110,,,-1.0192,hfq
2015-02-26,47.134,48.266,46.875,48.202,2437245,,,2.1272,hfq
2015-02-27,48.169,48.719,48.007,48.104,2205349,,,-0.2033,hfq
2015-03-02,48.331,48.493,47.748,48.202,2677547,,,0.2037,hfq
2015-03-03,48.072,48.072,46.940,46.972,2628817,,,-2.5518,hfq
2015-03-04,47.004,47.231,46.551,46.713,1850371,,,-0.5514,hfq
2015-03-05,46.584,46.616,45.322,45.580,2711450,,,-2.4254,hfq
2015-03-06,45.580,46.098,45.580,45.807,1443792,,,0.4980,hfq
2015-03-09,45.904,50.175,45.322,49.625,8256769,,,8.3350,hfq
2015-03-10,48.978,49.140,48.007,48.137,5420430,,,-2.9985,hfq
2015-03-11,48.460,50.111,48.460,49.172,5055778,,,2.1501,hfq
2015-03-12,52.182,53.897,51.211,53.703,13572221,,,9.2146,hfq
2015-03-13,53.670,57.715,53.314,55.385,10432043,,,3.1320,hfq
2015-03-16,55.741,57.327,54.479,57.230,6550657,,,3.3312,hfq
2015-03-17,57.359,58.006,56.000,57.197,5362231,,,-0.0577,hfq
2015-03-18,57.327,57.521,56.388,57.424,4597229,,,0.3969,hfq
2015-03-19,57.942,59.010,57.100,57.521,5149104,,,0.1689,hfq
2015-03-20,57.521,58.686,55.774,57.197,5821646,,,-0.5633,hfq
2015-03-23,57.683,59.883,57.683,59.074,5805085,,,3.2816,hfq
2015-03-24,58.654,59.042,57.165,58.006,4216026,,,-1.8079,hfq
2015-03-25,57.489,58.621,55.871,56.130,4326916,,,-3.2341,hfq
2015-03-26,55.709,58.201,54.641,57.133,4183249,,,1.7869,hfq
2015-03-27,57.036,57.942,55.935,57.036,3355004,,,-0.1698,hfq
2015-03-30,58.686,62.537,58.006,61.889,6366519,,,8.5087,hfq
2015-03-31,63.313,65.061,60.369,61.436,5046748,,,-0.7320,hfq
2015-04-01,60.919,62.731,60.304,61.534,3126045,,,0.1595,hfq
2015-04-02,61.760,61.792,59.398,60.660,3910940,,,-1.4204,hfq
2015-04-03,60.595,62.472,60.272,62.375,3877943,,,2.8272,hfq
2015-04-07,64.090,67.229,63.799,66.064,5280032,,,5.9142,hfq
2015-04-08,65.934,68.361,65.255,68.264,4993785,,,3.3301,hfq
2015-04-09,68.135,70.918,65.514,66.193,4932831,,,-3.0338,hfq
2015-04-10,66.193,68.555,65.902,68.005,3682503,,,2.7374,hfq
2015-04-13,70.465,71.338,68.297,68.976,4045164,,,1.4278,hfq
2015-04-14,68.653,68.782,66.743,67.293,2979746,,,-2.4400,hfq
2015-04-15,66.743,68.361,65.740,66.905,3551872,,,-0.5766,hfq
2015-04-16,66.290,68.555,65.773,68.491,3458382,,,2.3705,hfq
2015-04-17,69.979,70.950,68.426,68.555,4054759,,,0.0934,hfq
2015-04-20,69.656,69.979,64.316,64.996,6045405,,,-5.1915,hfq
2015-04-21,64.737,66.129,64.058,65.934,3689782,,,1.4432,hfq
2015-04-22,66.355,69.170,65.449,69.009,4832326,,,4.6638,hfq
2015-04-23,69.267,69.656,66.743,67.229,4361273,,,-2.5794,hfq
2015-04-24,66.096,66.258,63.151,64.608,5977003,,,-3.8986,hfq
2015-04-27,65.287,66.031,64.575,65.546,4087516,,,1.4518,hfq
2015-04-28,65.934,69.850,65.643,66.517,7086921,,,1.4814,hfq
2015-04-29,65.805,66.743,65.061,65.967,2837943,,,-0.8269,hfq
2015-04-30,65.999,66.873,64.705,64.834,3102906,,,-1.7175,hfq
2015-05-04,64.511,64.511,63.216,63.896,2637336,,,-1.4468,hfq
2015-05-05,63.928,63.928,60.174,60.563,4338807,,,-5.2163,hfq
2015-05-06,61.080,62.537,59.624,60.498,4039935,,,-0.1073,hfq
2015-05-07,60.595,61.048,59.916,60.530,2251479,,,0.0529,hfq
2015-05-08,61.436,61.566,59.624,60.660,2719623,,,0.2148,hfq
2015-05-11,60.660,62.666,59.624,62.504,4516589,,,3.0399,hfq
2015-05-12,62.537,63.346,61.372,62.860,3525094,,,0.5696,hfq
2015-05-13,63.184,63.249,60.854,61.469,3171254,,,-2.2129,hfq
2015-05-14,60.595,61.339,60.045,60.433,5604395,,,-1.6854,hfq
2015-05-15,60.433,61.048,59.139,59.948,3670504,,,-0.8025,hfq
2015-05-18,60.013,60.595,59.365,59.463,2783134,,,-0.8090,hfq
2015-05-19,59.365,62.698,59.171,62.116,5624547,,,4.4616,hfq
2015-05-20,62.116,63.378,61.404,62.213,4947465,,,0.1562,hfq
2015-05-21,62.375,62.763,61.728,62.343,3163050,,,0.2090,hfq
2015-05-22,62.957,65.611,62.698,65.255,5738757,,,4.6709,hfq
2015-05-25,66.096,67.908,66.096,67.261,5100737,,,3.0741,hfq
2015-05-26,67.585,67.908,66.096,67.002,4311078,,,-0.3851,hfq
2015-05-27,67.617,67.747,65.514,65.934,4252697,,,-1.5940,hfq
2015-05-28,65.708,66.355,61.760,62.245,5178363,,,-5.5950,hfq
2015-05-29,62.634,63.249,60.142,62.084,4296148,,,-0.2587,hfq
2015-06-01,62.116,65.158,61.469,64.413,4454704,,,3.7514,hfq
2015-06-02,64.672,64.705,63.087,63.960,3486788,,,-0.7033,hfq
2015-06-03,63.799,64.511,62.634,63.928,4433903,,,-0.0500,hfq
2015-06-04,64.705,68.232,63.960,67.035,7807968,,,4.8602,hfq
2015-06-05,68.588,69.170,65.028,66.323,5674503,,,-1.0621,hfq
2015-06-08,66.679,71.047,66.031,70.788,9145630,,,6.7322,hfq
2015-06-09,69.882,71.241,68.167,68.976,6833896,,,-2.5598,hfq
2015-06-10,68.361,69.429,67.617,68.329,4218117,,,-0.9380,hfq
2015-06-11,68.361,69.235,67.035,67.617,3665229,,,-1.0420,hfq
2015-06-12,68.167,71.047,66.582,68.717,6464055,,,1.6268,hfq
2015-06-15,68.426,68.426,65.384,65.740,5126203,,,-4.3323,hfq
2015-06-16,65.190,66.582,64.252,64.672,3770709,,,-1.6246,hfq
2015-06-17,65.934,66.549,64.316,65.028,3688162,,,0.5505,hfq
2015-06-18,64.381,64.381,62.051,62.148,4020832,,,-4.4289,hfq
2015-06-19,61.469,62.084,58.556,59.592,4605912,,,-4.1128,hfq
2015-06-23,59.592,61.469,57.909,61.242,3839883,,,2.7688,hfq
2015-06-24,61.372,61.792,59.721,61.534,3807829,,,0.4768,hfq
2015-06-25,63.572,63.572,59.851,60.304,5007950,,,-1.9989,hfq
2015-06-26,58.945,60.983,54.997,56.712,5597163,,,-5.9565,hfq
2015-06-29,57.715,58.395,53.055,56.130,5917669,,,-1.0262,hfq
2015-06-30,56.550,59.721,55.709,59.689,6060912,,,6.3406,hfq
2015-07-01,58.718,59.365,57.294,57.586,3743779,,,-3.5233,hfq
2015-07-02,58.071,58.815,55.450,57.100,5003380,,,-0.8440,hfq
2015-07-03,57.262,57.456,53.573,54.835,4697964,,,-3.9667,hfq
2015-07-06,58.880,58.880,56.227,58.718,8341337,,,7.0812,hfq
2015-07-07,57.586,60.401,55.288,59.527,10261114,,,1.3778,hfq
2015-07-08,54.059,58.848,53.961,54.123,11818383,,,-9.0782,hfq
2015-07-09,54.123,59.139,51.761,59.139,11304883,,,9.2678,hfq
2015-07-10,58.880,63.928,58.233,61.080,7169286,,,3.2821,hfq
2015-07-13,60.401,62.601,59.236,60.757,5385193,,,-0.5288,hfq
2015-07-14,60.336,60.789,58.233,59.430,4105898,,,-2.1841,hfq
2015-07-15,59.010,60.239,58.233,59.818,4240303,,,0.6529,hfq
2015-07-16,59.592,59.689,58.589,59.107,2167973,,,-1.1886,hfq
2015-07-17,59.592,60.401,59.010,59.883,2763793,,,1.3129,hfq
2015-07-20,59.689,59.721,58.912,59.107,2496152,,,-1.2959,hfq
2015-07-21,58.880,59.430,57.942,58.006,2477090,,,-1.8627,hfq
2015-07-22,57.650,57.942,57.262,57.294,1953913,,,-1.2275,hfq
2015-07-23,57.294,58.589,57.100,58.298,2075618,,,1.7524,hfq
2015-07-24,58.362,58.718,57.456,57.489,1770364,,,-1.3877,hfq
2015-07-27,57.100,57.165,53.120,53.250,3784340,,,-7.3736,hfq
2015-07-28,52.246,54.576,52.246,53.864,3007190,,,1.1531,hfq
2015-07-29,53.800,54.447,53.444,54.382,1783886,,,0.9617,hfq
2015-07-30,54.382,54.803,53.282,53.379,1538382,,,-1.8444,hfq
2015-07-31,53.250,54.253,52.894,54.156,1978531,,,1.4556,hfq
2015-08-03,53.832,55.741,53.476,55.515,2347713,,,2.5094,hfq
2015-08-04,55.191,56.032,54.835,55.806,1170919,,,0.5242,hfq
2015-08-05,55.741,56.032,54.738,54.770,1086573,,,-1.8564,hfq
2015-08-06,54.317,55.515,54.253,54.932,1030408,,,0.2958,hfq
2015-08-07,55.256,55.806,54.900,55.256,1057383,,,0.5898,hfq
2015-08-10,55.288,56.939,54.576,56.583,2057939,,,2.4015,hfq
2015-08-11,56.421,56.421,55.353,55.515,1783642,,,-1.8875,hfq
2015-08-12,54.868,55.223,54.512,54.544,1402269,,,-1.7491,hfq
2015-08-13,54.673,54.965,54.026,54.544,1098401,,,0.0000,hfq
2015-08-14,54.673,54.868,54.382,54.544,1046792,,,0.0000,hfq
2015-08-17,54.253,54.285,53.476,53.832,1243655,,,-1.3054,hfq
2015-08-18,53.961,54.544,52.279,52.538,1864605,,,-2.4038,hfq
2015-08-19,52.376,52.797,51.696,52.699,1886607,,,0.3064,hfq
2015-08-20,52.861,52.861,51.405,51.470,1368826,,,-2.3321,hfq
2015-08-21,51.243,51.567,49.949,50.046,1781995,,,-2.7667,hfq
2015-08-24,48.849,48.849,45.419,45.807,4794614,,,-8.4702,hfq
2015-08-25,44.869,46.292,42.377,43.348,3642354,,,-5.3682,hfq
2015-08-26,44.286,47.295,43.542,45.710,3612601,,,5.4489,hfq
2015-08-27,46.422,49.334,45.580,49.075,2697852,,,7.3616,hfq
2015-08-28,49.528,49.981,48.428,49.561,2565557,,,0.9903,hfq
2015-08-31,49.172,51.211,47.587,51.049,3260497,,,3.0024,hfq
2015-09-01,50.078,52.052,49.205,51.923,4028677,,,1.7121,hfq
2015-09-02,50.790,51.955,50.467,51.502,4325007,,,-0.8108,hfq
2015-09-07,50.952,51.146,48.396,48.687,2214323,,,-5.4658,hfq
2015-09-08,48.687,50.337,48.396,50.014,1428792,,,2.7256,hfq
2015-09-09,50.014,50.887,49.852,50.434,1261443,,,0.8398,hfq
2015-09-10,50.046,51.081,49.949,50.855,1249237,,,0.8348,hfq
2015-09-11,50.564,51.599,50.531,51.081,1003621,,,0.4444,hfq
2015-09-14,51.081,51.988,49.366,51.890,2725889,,,1.5838,hfq
2015-09-15,51.179,51.632,50.564,51.340,1593298,,,-1.0599,hfq
2015-09-16,51.114,53.250,50.467,52.117,1116855,,,1.5134,hfq
2015-09-17,51.923,52.214,51.179,51.211,769741,,,-1.7384,hfq
2015-09-18,51.308,51.664,50.661,50.823,667629,,,-0.7576,hfq
2015-09-21,50.564,50.693,49.949,50.402,887780,,,-0.8284,hfq
2015-09-22,50.434,51.340,50.240,50.855,827558,,,0.8988,hfq
2015-09-23,50.434,50.531,49.787,49.917,709224,,,-1.8445,hfq
2015-09-24,50.111,50.208,49.722,49.949,701785,,,0.0641,hfq
2015-09-25,49.819,50.337,49.366,50.175,968416,,,0.4525,hfq
2015-09-28,50.014,50.305,49.819,50.305,405924,,,0.2591,hfq
2015-09-29,49.884,50.111,49.496,49.787,548333,,,-1.0297,hfq
2015-09-30,49.981,51.437,49.884,50.984,969092,,,2.4042,hfq
2015-10-08,52.311,52.602,51.696,51.793,1156138,,,1.5868,hfq
2015-10-09,52.149,52.732,51.826,52.311,698197,,,1.0001,hfq
2015-10-12,52.505,53.541,52.311,53.088,2005077,,,1.4853,hfq
2015-10-13,52.764,53.088,52.473,52.667,741630,,,-0.7930,hfq
2015-10-14,52.441,52.829,52.214,52.538,717026,,,-0.2449,hfq
2015-10-15,52.408,53.185,52.246,53.023,736139,,,0.9231,hfq
2015-10-16,53.217,53.606,52.894,53.088,1150756,,,0.1226,hfq
2015-10-19,53.250,53.476,52.699,52.829,1017039,,,-0.4879,hfq
2015-10-20,52.797,53.023,52.441,52.861,794584,,,0.0606,hfq
2015-10-21,52.764,53.929,51.729,53.152,2495281,,,0.5505,hfq
2015-10-22,52.667,52.861,52.376,52.473,1143011,,,-1.2775,hfq
2015-10-23,52.699,52.894,52.473,52.732,878812,,,0.4936,hfq
2015-10-26,53.055,53.476,52.797,52.894,1265767,,,0.3072,hfq
2015-10-27,52.764,53.023,52.408,52.861,782153,,,-0.0624,hfq
2015-10-28,52.958,53.217,52.635,52.699,997478,,,-0.3065,hfq
2015-10-29,52.602,52.958,52.505,52.635,611460,,,-0.1214,hfq
2015-10-30,52.732,53.767,52.732,53.282,1419911,,,1.2292,hfq
2015-11-02,53.055,53.282,52.699,52.764,790093,,,-0.9722,hfq
2015-11-03,52.732,53.055,52.473,52.602,606539,,,-0.3070,hfq
2015-11-04,52.797,54.803,52.635,54.512,2074454,,,3.6310,hfq
2015-11-05,54.156,57.553,54.026,55.968,3910058,,,2.6710,hfq
2015-11-06,55.741,56.615,55.288,56.356,1933985,,,0.6933,hfq
2015-11-09,56.809,59.721,56.809,58.233,3605575,,,3.3306,hfq
2015-11-10,57.747,58.751,57.262,57.780,1604389,,,-0.7779,hfq
2015-11-11,57.780,57.845,56.356,56.971,1498083,,,-1.4001,hfq
2015-11-12,57.197,57.392,56.097,56.324,1002337,,,-1.1357,hfq
2015-11-13,55.968,56.356,55.612,55.709,936875,,,-1.0919,hfq
2015-11-16,54.997,55.806,54.997,55.644,649931,,,-0.1167,hfq
2015-11-17,55.968,57.068,55.709,55.838,1414331,,,0.3486,hfq
2015-11-18,56.130,57.133,55.450,56.097,1121976,,,0.4638,hfq
2015-11-19,56.162,56.777,55.968,56.680,745626,,,1.0393,hfq
2015-11-20,56.906,57.683,56.453,57.036,1112044,,,0.6281,hfq
2015-11-23,57.036,57.683,56.615,56.971,956438,,,-0.1140,hfq
2015-11-24,56.647,56.874,55.482,56.065,1232603,,,-1.5903,hfq
2015-11-25,55.871,56.388,55.353,56.194,999368,,,0.2301,hfq
2015-11-26,56.291,56.777,55.871,55.903,784967,,,-0.5178,hfq
2015-11-27,55.677,55.774,53.703,53.994,1254890,,,-3.4148,hfq
2015-11-30,53.961,54.932,53.670,54.512,1050578,,,0.9594,hfq
2015-12-01,54.706,54.932,53.832,54.673,805280,,,0.2953,hfq
2015-12-02,54.576,58.492,54.447,58.006,2459553,,,6.0962,hfq
2015-12-03,57.618,58.395,56.971,57.553,2123670,,,-0.7810,hfq
2015-12-04,57.003,57.197,55.774,55.871,1210502,,,-2.9225,hfq
2015-12-07,56.130,56.291,55.709,56.130,648952,,,0.4636,hfq
2015-12-08,55.968,56.680,55.321,56.065,1045999,,,-0.1158,hfq
2015-12-09,56.065,56.744,56.000,56.291,967999,,,0.4031,hfq
2015-12-10,56.097,56.841,55.903,55.935,911512,,,-0.6324,hfq
2015-12-11,55.741,55.935,55.321,55.482,954782,,,-0.8099,hfq
2015-12-14,55.159,56.647,54.997,56.421,1065313,,,1.6924,hfq
2015-12-15,56.453,56.615,55.709,55.903,722844,,,-0.9181,hfq
2015-12-16,56.065,56.130,55.741,55.968,597411,,,0.1163,hfq
2015-12-17,56.032,56.615,55.871,56.227,1010743,,,0.4628,hfq
2015-12-18,56.097,58.492,56.032,56.906,1710440,,,1.2076,hfq
2015-12-21,56.615,59.333,56.518,58.427,2107304,,,2.6728,hfq
2015-12-22,58.427,60.013,58.298,59.463,2248355,,,1.7732,hfq
2015-12-23,59.560,60.919,59.010,59.624,2116711,,,0.2708,hfq
2015-12-24,59.851,60.110,58.945,59.754,1269621,,,0.2180,hfq
2015-12-25,59.754,60.595,59.592,60.304,808227,,,0.9204,hfq
2015-12-28,60.401,60.660,58.654,58.751,1723736,,,-2.5753,hfq
2015-12-29,58.654,60.336,58.654,59.818,1020610,,,1.8161,hfq
2015-12-30,59.624,59.948,59.236,59.657,973554,,,-0.2691,hfq
2015-12-31,59.495,59.721,58.556,59.107,960485,,,-0.9219,hfq
2016-01-04,59.042,59.074,56.939,57.036,1024693,,,-3.5038,hfq
2016-01-05,56.874,58.136,56.356,57.780,1517145,,,1.3044,hfq
2016-01-06,57.586,58.103,57.036,58.071,838443,,,0.5036,hfq
2016-01-07,57.036,57.456,56.388,56.712,338586,,,-2.3402,hfq
2016-01-08,56.744,57.780,56.032,57.068,1552776,,,0.6277,hfq
2016-01-11,56.485,56.518,54.997,54.997,1430618,,,-3.6290,hfq
2016-01-12,55.159,55.677,54.835,54.965,1123990,,,-0.0582,hfq
2016-01-13,55.482,56.162,54.609,54.673,745617,,,-0.5312,hfq
2016-01-14,53.703,54.997,53.217,54.609,928590,,,-0.1171,hfq
2016-01-15,54.317,54.900,53.379,53.800,762461,,,-1.4814,hfq
2016-01-18,53.088,54.253,53.055,53.379,525296,,,-0.7825,hfq
2016-01-19,53.703,54.156,53.217,54.026,545658,,,1.2121,hfq
2016-01-20,53.864,53.994,52.732,52.861,847454,,,-2.1564,hfq
2016-01-21,52.505,53.606,52.246,52.279,684887,,,-1.1010,hfq
2016-01-22,52.732,52.861,51.988,52.473,515379,,,0.3711,hfq
2016-01-25,52.570,52.602,52.279,52.505,317373,,,0.0610,hfq
2016-01-26,52.246,52.505,50.273,50.628,904273,,,-3.5749,hfq
2016-01-27,50.499,51.211,49.981,50.758,893761,,,0.2568,hfq
2016-01-28,50.693,50.855,49.722,50.014,538921,,,-1.4658,hfq
2016-01-29,49.981,51.049,49.787,50.661,728254,,,1.2936,hfq
2016-02-01,50.628,51.017,49.755,50.143,524822,,,-1.0225,hfq
2016-02-02,50.046,50.823,50.046,50.596,359067,,,0.9034,hfq
2016-02-03,50.208,50.305,49.755,50.046,446921,,,-1.0870,hfq
2016-02-04,50.305,50.564,50.078,50.402,488245,,,0.7113,hfq
2016-02-05,50.402,50.790,50.305,50.531,443113,,,0.2559,hfq
2016-02-15,49.366,50.370,49.366,50.014,454264,,,-1.0231,hfq
2016-02-16,50.273,51.243,50.175,50.952,558665,,,1.8755,hfq
2016-02-17,51.114,51.470,50.628,51.049,499656,,,0.1904,hfq
2016-02-18,51.276,51.664,50.726,50.855,479277,,,-0.3800,hfq
2016-02-19,50.823,51.017,50.434,50.564,300469,,,-0.5722,hfq
2016-02-22,50.952,51.632,50.693,51.567,677369,,,1.9836,hfq
2016-02-23,51.470,51.470,50.628,50.855,609850,,,-1.3807,hfq
2016-02-24,50.726,51.114,50.628,51.017,362908,,,0.3186,hfq
2016-02-25,50.920,50.984,49.431,49.496,894741,,,-2.9814,hfq
2016-02-26,49.819,50.143,49.593,49.949,381312,,,0.9152,hfq
2016-02-29,49.917,50.273,48.428,49.755,870023,,,-0.3884,hfq
2016-03-01,49.658,50.046,49.108,49.755,528384,,,0.0000,hfq
2016-03-02,49.949,51.211,49.755,51.179,1030552,,,2.8620,hfq
2016-03-03,51.179,51.632,50.984,51.567,712575,,,0.7581,hfq
2016-03-04,51.340,53.929,51.308,53.670,2288524,,,4.0782,hfq
2016-03-07,53.541,53.864,52.667,52.797,832011,,,-1.6266,hfq
2016-03-08,52.732,53.638,51.405,53.411,739890,,,1.1629,hfq
2016-03-09,52.570,53.670,52.085,53.606,959904,,,0.3651,hfq
2016-03-10,53.023,53.508,52.441,52.505,395383,,,-2.0539,hfq
2016-03-11,52.311,53.023,52.149,52.958,581609,,,0.8628,hfq
2016-03-14,52.861,53.832,52.246,52.376,860030,,,-1.0990,hfq
2016-03-15,52.441,53.703,52.182,53.606,967614,,,2.3484,hfq
2016-03-16,53.250,54.997,53.152,54.738,1952727,,,2.1117,hfq
2016-03-17,54.609,55.159,53.185,53.800,1346853,,,-1.7136,hfq
2016-03-18,53.800,54.220,53.638,53.735,1355202,,,-0.1208,hfq
2016-03-21,53.897,54.770,53.897,54.123,1008414,,,0.7221,hfq
2016-03-22,54.026,54.609,53.929,54.026,563670,,,-0.1792,hfq
2016-03-23,54.188,54.317,53.897,53.994,498980,,,-0.0592,hfq
2016-03-24,53.961,54.026,53.444,53.638,472657,,,-0.6593,hfq
2016-03-25,53.670,54.091,53.606,53.929,306369,,,0.5425,hfq
2016-03-28,53.929,54.479,53.411,53.508,345897,,,-0.7807,hfq
2016-03-29,53.606,54.091,53.282,53.379,374907,,,-0.2411,hfq
2016-03-30,53.703,54.317,53.541,54.253,466673,,,1.6373,hfq
2016-03-31,54.350,54.414,53.961,54.123,388655,,,-0.2396,hfq
2016-04-01,54.253,54.512,53.638,54.382,611139,,,0.4785,hfq
2016-04-05,54.026,54.706,53.735,54.544,608385,,,0.2979,hfq
2016-04-06,54.285,54.512,53.994,54.188,441668,,,-0.6527,hfq
2016-04-07,54.285,54.317,53.800,53.832,393505,,,-0.6570,hfq
2016-04-08,53.638,53.929,53.444,53.703,488397,,,-0.2396,hfq
2016-04-11,54.026,54.576,53.800,54.382,581812,,,1.2644,hfq
2016-04-12,54.382,54.609,54.220,54.350,302753,,,-0.0588,hfq
2016-04-13,54.512,55.547,54.123,54.544,1078658,,,0.3569,hfq
2016-04-14,54.706,54.900,54.447,54.576,330149,,,0.0587,hfq
2016-04-15,54.673,55.482,54.576,55.126,764614,,,1.0078,hfq
2016-04-18,54.835,55.709,54.706,55.223,984907,,,0.1760,hfq
2016-04-19,55.321,55.385,54.965,55.223,485716,,,0.0000,hfq
2016-04-20,55.321,55.418,53.961,55.256,1096803,,,0.0598,hfq
2016-04-21,55.126,56.356,54.706,55.806,1338222,,,0.9954,hfq
2016-04-22,55.579,56.518,55.482,56.065,514730,,,0.4641,hfq
2016-04-25,55.709,56.356,55.321,55.968,747958,,,-0.1730,hfq
2016-04-26,55.838,56.453,55.838,56.162,294998,,,0.3466,hfq
2016-04-27,56.227,56.291,56.032,56.130,295010,,,-0.0570,hfq
2016-04-28,56.291,56.647,56.097,56.227,495019,,,0.1728,hfq
2016-04-29,56.130,56.324,56.000,56.032,447970,,,-0.3468,hfq
2016-05-03,56.032,56.550,55.709,56.130,690653,,,0.1749,hfq
2016-05-04,56.130,56.324,55.903,56.194,436903,,,0.1140,hfq
2016-05-05,56.097,56.324,55.903,56.194,321187,,,0.0000,hfq
2016-05-06,56.162,56.291,55.677,55.709,565233,,,-0.8631,hfq
2016-05-09,55.677,55.774,54.932,55.029,682608,,,-1.2206,hfq
2016-05-10,54.770,55.223,54.220,54.576,712132,,,-0.8232,hfq
2016-05-11,54.770,55.126,54.641,54.770,336958,,,0.3555,hfq
2016-05-12,54.770,55.515,54.609,55.353,398844,,,1.0645,hfq
2016-05-13,55.159,55.644,55.126,55.450,386147,,,0.1752,hfq
2016-05-16,55.288,55.612,55.159,55.353,267829,,,-0.1749,hfq
2016-05-17,55.482,55.482,55.126,55.159,255312,,,-0.3505,hfq
2016-05-18,55.126,55.935,55.062,55.838,704177,,,1.2310,hfq
2016-05-19,55.709,55.903,55.547,55.741,260742,,,-0.1737,hfq
2016-05-20,55.644,55.903,55.547,55.709,229907,,,-0.0574,hfq
2016-05-23,55.871,55.903,55.321,55.450,225163,,,-0.4649,hfq
2016-05-24,55.385,55.418,54.738,54.770,196560,,,-1.2263,hfq
2016-05-25,55.159,55.159,54.803,54.997,184913,,,0.4145,hfq
2016-05-26,55.029,55.288,54.835,54.965,261995,,,-0.0582,hfq
2016-05-27,54.997,55.062,54.868,54.900,181465,,,-0.1183,hfq
2016-05-30,54.997,55.353,54.738,55.223,302620,,,0.5883,hfq
2016-05-31,55.385,56.453,55.385,56.291,709274,,,1.9340,hfq
2016-06-01,56.356,56.453,56.065,56.097,357532,,,-0.3446,hfq
2016-06-02,56.130,56.259,55.838,55.903,270146,,,-0.3458,hfq
2016-06-03,56.130,56.227,55.871,56.162,340478,,,0.4633,hfq
2016-06-06,56.421,56.421,55.579,55.709,479194,,,-0.8066,hfq
2016-06-07,55.903,55.935,55.612,55.677,237334,,,-0.0574,hfq
2016-06-08,55.774,55.806,55.418,55.677,301073,,,0.0000,hfq
2016-06-13,55.353,55.677,55.256,55.353,596960,,,-0.5819,hfq
2016-06-14,55.418,55.709,55.288,55.547,366883,,,0.3505,hfq
2016-06-15,55.159,55.774,55.062,55.579,411234,,,0.0576,hfq
2016-06-16,55.353,55.709,55.288,55.612,485882,,,0.0594,hfq
2016-06-17,55.579,55.903,55.482,55.774,425272,,,0.2913,hfq
2016-06-20,55.968,56.097,55.612,55.968,202669,,,0.3478,hfq
2016-06-21,56.000,56.130,55.644,55.806,251178,,,-0.2895,hfq
2016-06-22,55.677,55.968,55.579,55.903,223493,,,0.1738,hfq
2016-06-23,55.935,55.935,55.418,55.515,197900,,,-0.6941,hfq
2016-06-24,55.482,55.774,54.706,55.191,411315,,,-0.5836,hfq
2016-06-27,55.029,55.385,54.738,55.191,506535,,,0.0000,hfq
2016-06-28,55.191,55.256,55.062,55.191,441948,,,0.0000,hfq
2016-06-29,55.288,55.418,55.159,55.385,532128,,,0.3515,hfq
2016-06-30,55.450,55.612,55.094,55.159,402470,,,-0.4081,hfq
2016-07-01,55.223,55.547,55.126,55.515,323060,,,0.6454,hfq
2016-07-04,55.418,56.097,55.385,55.903,441180,,,0.6989,hfq
2016-07-05,55.903,55.903,55.579,55.741,370889,,,-0.2898,hfq
2016-07-06,55.644,55.741,55.321,55.385,448322,,,-0.6387,hfq
2016-07-07,55.450,55.482,55.126,55.321,474688,,,-0.1156,hfq
2016-07-08,55.256,55.321,55.062,55.126,297357,,,-0.3525,hfq
2016-07-11,55.191,55.353,55.062,55.094,404288,,,-0.0580,hfq
2016-07-12,55.159,55.644,55.094,55.612,561629,,,0.9402,hfq
2016-07-13,55.677,56.518,55.677,55.935,925308,,,0.5808,hfq
2016-07-14,55.935,56.065,55.515,55.709,446446,,,-0.4040,hfq
2016-07-15,55.741,56.162,55.644,56.097,481201,,,0.6965,hfq
2016-07-18,56.065,56.583,56.000,56.291,567738,,,0.3458,hfq
2016-07-19,56.291,56.421,55.741,55.871,367458,,,-0.7461,hfq
2016-07-20,55.871,55.968,55.677,55.935,296550,,,0.1145,hfq
2016-07-21,55.838,56.388,55.838,56.291,423216,,,0.6365,hfq
2016-07-22,56.162,56.291,55.806,55.871,275539,,,-0.7461,hfq
2016-08-01,55.579,56.388,55.418,56.356,796770,,,0.8681,hfq
2016-08-02,56.227,56.324,55.903,55.968,331045,,,-0.6885,hfq
2016-08-03,55.838,55.968,55.741,55.838,205393,,,-0.2323,hfq
2016-08-04,55.903,55.935,55.418,55.612,320497,,,-0.4047,hfq
2016-08-05,55.709,56.291,55.612,56.032,392096,,,0.7552,hfq
2016-08-08,56.065,56.259,55.903,56.227,335060,,,0.3480,hfq
2016-08-09,56.291,56.453,56.162,56.421,372537,,,0.3450,hfq
2016-08-10,56.453,56.841,56.324,56.680,546863,,,0.4590,hfq
2016-08-11,56.680,58.201,56.680,57.068,1101075,,,0.6845,hfq
2016-08-12,57.327,58.330,57.165,58.201,909305,,,1.9854,hfq
2016-08-15,58.589,59.883,58.524,58.977,1728878,,,1.3333,hfq
2016-08-16,59.107,59.268,57.747,58.103,1274890,,,-1.4819,hfq
2016-08-17,58.265,58.459,57.780,57.812,504661,,,-0.5008,hfq
2016-08-18,57.845,58.201,57.553,57.683,468920,,,-0.2231,hfq
2016-08-19,57.845,58.039,57.586,57.747,298663,,,0.1110,hfq
2016-08-22,57.812,57.877,57.359,57.586,461687,,,-0.2788,hfq
2016-08-23,57.618,58.201,57.586,57.909,477963,,,0.5609,hfq
2016-08-24,57.909,58.071,57.683,57.812,271681,,,-0.1675,hfq
2016-08-25,57.715,57.715,57.262,57.521,451146,,,-0.5034,hfq
2016-08-26,57.586,57.650,57.327,57.392,272109,,,-0.2243,hfq
2016-08-29,57.294,57.489,56.971,57.424,345198,,,0.0558,hfq
2016-08-30,57.489,57.909,57.424,57.812,444274,,,0.6757,hfq
2016-08-31,57.715,58.039,57.586,57.845,321670,,,0.0571,hfq
2016-09-01,57.845,58.006,57.715,57.747,257406,,,-0.1694,hfq
2016-09-02,57.683,57.877,57.586,57.780,320399,,,0.0571,hfq
2016-09-05,57.780,58.071,57.683,57.747,309607,,,-0.0571,hfq
2016-09-06,57.780,57.909,57.294,57.392,533116,,,-0.6148,hfq
2016-09-07,57.456,57.683,57.327,57.586,368740,,,0.3380,hfq
2016-09-08,57.586,57.683,57.553,57.650,252437,,,0.1111,hfq
2016-09-09,57.650,57.747,57.489,57.521,304221,,,-0.2238,hfq
2016-09-12,57.036,57.262,56.680,56.874,611520,,,-1.1248,hfq
2016-09-13,56.971,57.262,56.939,56.971,382763,,,0.1706,hfq
2016-09-14,56.906,57.100,56.712,56.744,385003,,,-0.3984,hfq
2016-09-19,56.809,57.230,56.809,57.165,316673,,,0.7419,hfq
2016-09-20,57.133,57.359,57.036,57.294,386519,,,0.2257,hfq
2016-09-21,57.230,57.424,57.068,57.165,346318,,,-0.2252,hfq
2016-09-22,57.294,57.650,57.165,57.618,364111,,,0.7924,hfq
2016-09-23,57.618,57.780,57.456,57.553,247164,,,-0.1128,hfq
2016-09-26,57.489,57.553,57.294,57.327,301406,,,-0.3927,hfq
2016-09-27,57.294,57.650,57.133,57.650,304296,,,0.5634,hfq
2016-09-28,57.747,57.747,57.521,57.553,219667,,,-0.1683,hfq
2016-09-29,57.618,57.747,57.586,57.618,179335,,,0.1129,hfq
2016-09-30,57.456,57.650,57.456,57.521,248522,,,-0.1684,hfq
2016-10-10,57.780,57.877,57.618,57.715,320330,,,0.3373,hfq
2016-10-11,57.747,57.812,57.618,57.747,278080,,,0.0554,hfq
2016-10-12,57.650,57.747,57.553,57.586,289658,,,-0.2788,hfq
2016-10-13,57.586,57.747,57.424,57.650,307163,,,0.1111,hfq
2016-10-14,57.553,57.974,57.521,57.909,309066,,,0.4493,hfq
2016-10-17,57.909,58.006,57.521,57.553,292069,,,-0.6148,hfq
2016-10-18,57.553,57.877,57.521,57.845,180890,,,0.5074,hfq
2016-10-19,57.909,57.974,57.683,57.812,187509,,,-0.0570,hfq
2016-10-20,57.877,58.039,57.845,58.006,277388,,,0.3356,hfq
2016-10-21,57.877,58.459,57.877,58.395,410365,,,0.6706,hfq
2016-10-24,58.459,59.139,58.298,58.686,517307,,,0.4983,hfq
2016-10-25,58.751,58.815,58.395,58.459,231567,,,-0.3868,hfq
2016-10-26,58.459,58.459,58.103,58.233,230743,,,-0.3866,hfq
2016-10-27,58.136,58.427,58.103,58.265,193041,,,0.0550,hfq
2016-10-28,58.136,58.686,58.136,58.492,246017,,,0.3896,hfq
2016-10-31,58.524,58.654,58.265,58.621,376705,,,0.2205,hfq
2016-11-01,58.654,59.171,58.556,59.107,360047,,,0.8291,hfq
2016-11-02,59.042,59.074,58.751,58.912,324575,,,-0.3299,hfq
2016-11-03,58.686,59.268,58.686,59.171,333246,,,0.4396,hfq
2016-11-04,59.042,59.301,58.686,58.783,280236,,,-0.6557,hfq
2016-11-07,58.783,58.880,58.459,58.524,335981,,,-0.4406,hfq
2016-11-08,58.654,58.977,58.395,58.880,386429,,,0.6083,hfq
2016-11-09,58.783,58.912,57.942,58.233,585238,,,-1.0988,hfq
2016-11-10,58.589,58.912,58.492,58.783,336899,,,0.9445,hfq
2016-11-11,58.686,58.783,58.265,58.556,598687,,,-0.3862,hfq
2016-11-14,58.492,59.139,58.459,58.556,726683,,,0.0000,hfq
2016-11-15,58.621,58.654,58.395,58.492,487386,,,-0.1093,hfq
2016-11-16,58.492,58.621,58.395,58.556,268889,,,0.1094,hfq
2016-11-17,58.556,58.556,58.330,58.459,289843,,,-0.1657,hfq
2016-11-18,58.492,58.492,58.265,58.362,239121,,,-0.1659,hfq
2016-11-21,58.298,58.977,58.233,58.718,490164,,,0.6100,hfq
2016-11-22,58.654,59.139,58.654,58.977,793680,,,0.4411,hfq
2016-11-23,59.107,60.433,59.107,59.786,1081416,,,1.3717,hfq
2016-11-24,59.592,60.174,59.527,59.689,523822,,,-0.1622,hfq
2016-11-25,59.657,60.627,59.657,60.530,874786,,,1.4090,hfq
2016-11-28,60.854,61.792,60.207,60.336,1288467,,,-0.3205,hfq
2016-11-29,60.466,61.242,60.336,60.757,648427,,,0.6978,hfq
2016-11-30,60.789,61.178,60.013,60.336,558827,,,-0.6929,hfq
2016-12-01,60.757,61.048,60.239,60.530,598811,,,0.3215,hfq
2016-12-02,60.725,60.822,59.948,60.433,679683,,,-0.1603,hfq
2016-12-05,60.045,60.627,59.818,60.563,823516,,,0.2151,hfq
2016-12-06,60.433,60.757,60.336,60.530,562917,,,-0.0545,hfq
2016-12-07,60.563,60.563,60.239,60.336,282433,,,-0.3205,hfq
2016-12-08,60.530,60.789,60.304,60.627,650492,,,0.4823,hfq
2016-12-09,60.433,62.084,60.433,61.501,956935,,,1.4416,hfq
2016-12-12,61.631,62.731,61.178,61.825,1413647,,,0.5268,hfq
2016-12-13,61.534,61.760,60.983,61.048,479327,,,-1.2568,hfq
2016-12-14,61.145,61.889,61.080,61.404,395748,,,0.5831,hfq
2016-12-15,61.178,61.178,59.560,59.592,785516,,,-2.9509,hfq
2016-12-16,59.430,59.786,59.139,59.236,508368,,,-0.5974,hfq
2016-12-19,59.204,59.204,58.718,58.977,401910,,,-0.4372,hfq
2016-12-20,59.074,59.074,57.974,58.298,604942,,,-1.1513,hfq
2016-12-21,58.201,58.751,58.201,58.427,400641,,,0.2213,hfq
2016-12-22,58.395,58.492,57.845,58.071,302428,,,-0.6093,hfq
2016-12-23,58.168,58.233,57.553,57.780,475611,,,-0.5011,hfq
2016-12-26,57.780,57.974,57.230,57.909,405167,,,0.2233,hfq
2016-12-27,57.845,57.974,57.683,57.747,245374,,,-0.2797,hfq
2016-12-28,57.747,57.845,57.359,57.650,340685,,,-0.1680,hfq
2016-12-29,57.618,57.683,57.424,57.553,313906,,,-0.1683,hfq
2016-12-30,57.618,58.103,57.521,58.071,414109,,,0.9000,hfq
2017-01-03,58.071,58.783,58.071,58.395,481999,,,0.5579,hfq
2017-01-04,58.395,58.848,58.265,58.654,424100,,,0.4435,hfq
2017-01-05,58.654,58.880,58.654,58.686,276957,,,0.0546,hfq
2017-01-06,58.589,58.848,58.136,58.168,277753,,,-0.8827,hfq
2017-01-09,58.233,58.556,58.168,58.395,251548,,,0.3902,hfq
2017-01-10,58.395,58.524,58.233,58.330,223504,,,-0.1113,hfq
2017-01-11,58.427,58.524,58.039,58.103,250583,,,-0.3892,hfq
2017-01-12,58.103,58.265,57.974,58.006,194198,,,-0.1669,hfq
2017-01-13,58.006,58.556,57.780,58.459,486815,,,0.7810,hfq
2017-01-16,58.362,59.527,58.201,59.398,1327506,,,1.6063,hfq
2017-01-17,59.171,59.495,58.945,58.977,427830,,,-0.7088,hfq
2017-01-18,59.107,59.818,59.010,59.721,450181,,,1.2615,hfq
2017-01-19,59.624,60.045,59.624,59.689,366888,,,-0.0536,hfq
2017-01-20,59.786,60.304,59.689,60.142,442330,,,0.7589,hfq
2017-01-23,60.272,60.369,59.754,59.980,370608,,,-0.2694,hfq
2017-01-24,60.045,60.692,59.851,60.595,527792,,,1.0253,hfq
2017-01-25,60.595,60.692,60.272,60.627,307960,,,0.0528,hfq
2017-01-26,60.660,61.178,60.627,61.080,387640,,,0.7472,hfq
2017-02-03,61.145,61.210,59.851,59.980,423660,,,-1.8009,hfq
2017-02-06,60.207,60.207,59.754,59.948,398742,,,-0.0534,hfq
2017-02-07,59.948,60.045,59.624,59.754,404647,,,-0.3236,hfq
2017-02-08,59.689,59.916,59.430,59.786,431724,,,0.0536,hfq
2017-02-09,59.883,60.207,59.786,59.851,402589,,,0.1087,hfq
2017-02-10,60.045,60.272,59.948,60.077,471367,,,0.3776,hfq
2017-02-13,60.174,60.725,60.110,60.433,616208,,,0.5926,hfq
2017-02-14,60.530,60.530,59.916,60.013,501065,,,-0.6950,hfq
2017-02-15,60.077,60.627,59.980,60.207,873003,,,0.3233,hfq
2017-02-16,60.304,60.530,60.045,60.142,656781,,,-0.1080,hfq
2017-02-17,60.174,60.433,59.786,59.851,509473,,,-0.4839,hfq
2017-02-20,59.818,61.145,59.754,60.563,1416516,,,1.1896,hfq
2017-02-21,60.660,60.951,60.433,60.595,784903,,,0.0528,hfq
2017-02-22,60.595,60.595,60.369,60.466,498835,,,-0.2129,hfq
2017-02-23,60.498,60.919,60.239,60.466,485741,,,0.0000,hfq
2017-02-24,60.498,60.725,60.401,60.530,410885,,,0.1058,hfq
2017-02-27,60.530,60.660,60.142,60.239,474327,,,-0.4808,hfq
2017-02-28,60.239,60.498,59.980,60.045,404896,,,-0.3221,hfq
2017-03-01,60.110,60.304,59.657,59.754,769996,,,-0.4846,hfq
2017-03-02,59.883,60.077,59.236,59.236,795735,,,-0.8669,hfq
2017-03-03,59.236,59.301,59.042,59.171,415250,,,-0.1097,hfq
2017-03-06,59.171,59.624,59.139,59.333,424303,,,0.2738,hfq
2017-03-07,59.333,59.592,59.236,59.527,319787,,,0.3270,hfq
2017-03-08,59.495,59.560,59.268,59.333,301660,,,-0.3259,hfq
2017-03-09,59.268,59.268,58.815,58.880,386292,,,-0.7635,hfq
2017-03-10,58.912,59.074,58.751,58.945,286000,,,0.1104,hfq
2017-03-13,58.912,59.463,58.751,59.398,353305,,,0.7685,hfq
2017-03-14,59.430,59.560,59.236,59.301,382427,,,-0.1633,hfq
2017-03-15,59.301,59.430,59.107,59.268,287757,,,-0.0556,hfq
2017-03-16,59.398,59.592,59.236,59.495,600847,,,0.3830,hfq
2017-03-17,59.463,59.495,58.751,58.815,634313,,,-1.1430,hfq
2017-03-20,58.912,59.010,58.168,58.395,735811,,,-0.7141,hfq
2017-03-21,58.459,58.492,58.039,58.201,592923,,,-0.3322,hfq
2017-03-22,58.103,58.201,57.683,57.909,745749,,,-0.5017,hfq
2017-03-23,57.942,58.298,57.942,58.168,506396,,,0.4473,hfq
2017-03-24,58.168,58.265,57.909,58.201,664915,,,0.0567,hfq
2017-03-27,58.201,58.751,58.136,58.265,682493,,,0.1100,hfq
2017-03-28,58.427,58.427,57.909,58.006,494920,,,-0.4445,hfq
2017-03-29,58.136,58.201,57.780,57.812,610151,,,-0.3344,hfq
2017-03-30,57.812,58.136,57.747,57.974,466179,,,0.2802,hfq
2017-03-31,57.974,58.427,57.942,58.298,407311,,,0.5589,hfq
2017-04-05,58.395,58.751,58.330,58.718,667715,,,0.7204,hfq
2017-04-06,58.686,58.815,58.395,58.654,451200,,,-0.1090,hfq
2017-04-07,58.686,58.751,58.459,58.718,448212,,,0.1091,hfq
2017-04-10,58.686,58.718,58.427,58.459,384097,,,-0.4411,hfq
2017-04-11,58.395,58.459,57.812,58.201,608997,,,-0.4413,hfq
2017-04-12,58.136,58.168,54.350,57.618,1072195,,,-1.0017,hfq
2017-04-13,57.197,57.618,57.133,57.359,834668,,,-0.4495,hfq
2017-04-14,57.262,57.327,56.777,57.003,519342,,,-0.6207,hfq
2017-04-17,56.906,57.294,56.388,57.100,809309,,,0.1702,hfq
2017-04-18,57.003,57.036,56.162,56.194,799883,,,-1.5867,hfq
2017-04-19,56.130,56.162,55.288,55.321,945536,,,-1.5535,hfq
2017-04-20,55.321,55.515,54.932,55.062,749818,,,-0.4682,hfq
2017-04-21,55.191,55.612,55.094,55.547,504157,,,0.8808,hfq
2017-04-24,55.612,55.741,55.288,55.547,398445,,,0.0000,hfq
2017-04-25,55.677,55.741,55.450,55.579,413610,,,0.0576,hfq
2017-04-26,55.579,55.903,55.515,55.612,555811,,,0.0594,hfq
2017-04-27,55.482,55.903,55.126,55.871,455369,,,0.4657,hfq
2017-04-28,55.871,55.903,55.547,55.871,443152,,,0.0000,hfq
2017-05-02,55.774,56.291,55.709,55.871,596865,,,0.0000,hfq
2017-05-03,56.000,56.032,55.741,55.774,416196,,,-0.1736,hfq
2017-05-04,55.774,55.838,55.321,55.515,431452,,,-0.4644,hfq
2017-05-05,55.418,55.677,55.029,55.612,625487,,,0.1747,hfq
2017-05-08,55.353,55.774,55.159,55.677,610843,,,0.1169,hfq
2017-05-09,55.547,56.000,55.515,55.806,427017,,,0.2317,hfq
2017-05-10,55.871,56.356,55.709,55.741,609753,,,-0.1165,hfq
2017-05-11,55.774,56.291,55.709,56.227,585363,,,0.8719,hfq
2017-05-12,56.194,57.456,56.097,57.359,935113,,,2.0133,hfq
2017-05-15,57.521,58.201,57.230,57.262,693986,,,-0.1691,hfq
2017-05-16,57.100,57.392,56.809,57.133,423283,,,-0.2253,hfq
2017-05-17,57.100,57.133,56.583,56.744,667343,,,-0.6809,hfq
2017-05-18,56.583,56.777,56.259,56.356,589456,,,-0.6838,hfq
2017-05-19,56.388,56.550,56.194,56.291,456987,,,-0.1153,hfq
2017-05-22,56.259,56.777,56.227,56.615,728803,,,0.5756,hfq
2017-05-23,56.615,57.942,56.615,57.424,1179478,,,1.4289,hfq
2017-05-24,57.456,57.909,56.841,57.683,1324720,,,0.4510,hfq
2017-05-25,57.618,60.272,57.521,59.463,2792061,,,3.0858,hfq
2017-05-26,59.624,59.980,59.171,59.236,1394561,,,-0.3817,hfq
2017-05-31,59.171,60.142,59.010,59.398,1062450,,,0.2735,hfq
2017-06-01,59.268,59.657,59.074,59.495,1115058,,,0.1633,hfq
2017-06-02,59.430,59.851,58.783,59.010,902047,,,-0.8152,hfq
2017-06-05,58.751,58.945,57.942,58.524,1073385,,,-0.8236,hfq
2017-06-06,58.524,58.686,58.136,58.492,493551,,,-0.0547,hfq
2017-06-07,58.589,59.398,58.556,59.042,881119,,,0.9403,hfq
2017-06-08,59.074,59.236,58.815,59.204,638776,,,0.2744,hfq
2017-06-09,59.268,60.142,59.204,59.624,961419,,,0.7094,hfq
2017-06-12,59.624,60.110,59.495,59.624,756898,,,0.0000,hfq
2017-06-13,59.689,59.754,59.139,59.365,756670,,,-0.4344,hfq
2017-06-14,59.624,59.980,58.912,59.333,896736,,,-0.0539,hfq
2017-06-15,59.301,59.430,58.880,58.945,548025,,,-0.6539,hfq
2017-06-16,58.945,59.204,58.654,58.912,413047,,,-0.0560,hfq
2017-06-19,58.945,59.398,58.848,59.301,465797,,,0.6603,hfq
2017-06-20,59.463,59.592,59.042,59.204,382450,,,-0.1636,hfq
2017-06-21,59.495,59.592,59.107,59.398,554994,,,0.3277,hfq
2017-06-22,59.268,61.048,59.268,60.207,1805467,,,1.3620,hfq
2017-06-23,60.110,60.725,59.624,60.563,1226546,,,0.5913,hfq
2017-06-26,60.498,61.534,60.336,60.789,1383279,,,0.3732,hfq
2017-06-27,60.660,61.404,60.530,61.113,856183,,,0.5330,hfq
2017-06-28,60.983,63.022,60.919,62.245,2414797,,,1.8523,hfq
2017-06-29,62.343,62.731,61.987,62.472,1167273,,,0.3647,hfq
2017-06-30,62.181,62.407,61.728,62.375,751839,,,-0.1553,hfq
2017-07-03,62.310,62.634,61.889,62.440,714706,,,0.1042,hfq
2017-07-04,62.407,62.440,61.372,61.889,1330145,,,-0.8824,hfq
2017-07-05,61.728,62.634,61.631,62.537,987047,,,1.0470,hfq
2017-07-06,62.504,63.346,62.440,63.184,1429414,,,1.0346,hfq
2017-07-07,62.925,63.443,62.828,63.119,767306,,,-0.1029,hfq
2017-07-10,62.990,63.507,62.828,63.216,730920,,,0.1537,hfq
2017-07-11,63.184,64.834,63.022,64.155,1517544,,,1.4854,hfq
2017-07-12,64.187,66.129,64.155,64.834,1906667,,,1.0584,hfq
2017-07-13,64.931,65.805,64.737,65.481,1251863,,,0.9979,hfq
2017-07-14,65.546,66.064,65.190,65.740,798711,,,0.3955,hfq
2017-07-17,65.934,67.746,65.417,66.582,1859779,,,1.2808,hfq
2017-07-18,66.420,67.002,65.676,66.161,968590,,,-0.6323,hfq
2017-07-19,66.096,66.938,65.999,66.387,860603,,,0.3416,hfq
2017-07-20,66.420,66.711,65.740,66.290,701059,,,-0.1461,hfq
2017-07-21,66.161,66.355,65.384,65.514,651264,,,-1.1706,hfq
2017-07-24,65.417,66.646,65.093,66.064,1083395,,,0.8395,hfq
2017-07-25,66.161,66.840,65.902,65.934,836806,,,-0.1968,hfq
2017-07-26,66.031,66.776,64.834,65.190,1070356,,,-1.1284,hfq
2017-07-27,65.190,65.643,64.931,65.287,616401,,,0.1488,hfq
2017-07-28,65.158,65.676,64.899,65.643,428470,,,0.5453,hfq
2017-07-31,65.676,65.934,65.125,65.287,674309,,,-0.5423,hfq
2017-08-01,65.384,66.323,65.190,66.258,1001914,,,1.4873,hfq
2017-08-02,66.355,66.938,66.226,66.323,887739,,,0.0981,hfq
2017-08-03,66.258,66.582,65.093,65.222,790385,,,-1.6601,hfq
2017-08-04,65.320,65.481,64.672,64.705,694368,,,-0.7927,hfq
2017-08-07,64.672,64.931,64.155,64.349,648424,,,-0.5502,hfq
2017-08-08,64.381,64.802,64.122,64.187,504086,,,-0.2518,hfq
2017-08-09,64.155,64.316,63.572,63.637,597530,,,-0.8569,hfq
2017-08-10,63.637,64.219,63.378,63.831,585262,,,0.3049,hfq
2017-08-11,63.475,63.702,62.698,63.313,1091575,,,-0.8115,hfq
2017-08-14,63.151,63.249,62.731,62.990,693857,,,-0.5102,hfq
2017-08-15,63.054,63.960,63.022,63.572,717333,,,0.9240,hfq
2017-08-16,63.572,63.572,62.893,62.990,381959,,,-0.9155,hfq
2017-08-17,62.990,63.281,62.893,63.216,415750,,,0.3588,hfq
2017-08-18,62.990,63.378,62.828,63.119,464671,,,-0.1534,hfq
2017-08-21,63.087,63.313,62.925,63.119,357787,,,0.0000,hfq
2017-08-22,63.216,63.766,63.151,63.669,599854,,,0.8714,hfq
2017-08-23,63.766,64.640,63.637,64.381,788816,,,1.1183,hfq
2017-08-24,64.381,65.222,64.187,64.252,633408,,,-0.2004,hfq
2017-08-25,64.381,66.064,64.381,65.934,1131019,,,2.6178,hfq
2017-08-28,66.064,66.679,65.611,65.902,1153222,,,-0.0485,hfq
2017-08-29,65.902,66.808,65.676,66.743,913632,,,1.2761,hfq
2017-08-30,66.355,66.679,65.093,65.481,1662256,,,-1.8908,hfq
2017-08-31,65.514,65.611,64.640,64.931,836495,,,-0.8399,hfq
2017-09-01,64.834,65.255,64.284,64.511,832456,,,-0.6468,hfq
2017-09-04,64.381,65.287,64.316,65.190,654537,,,1.0525,hfq
2017-09-05,65.093,65.676,64.964,65.093,600338,,,-0.1488,hfq
2017-09-06,65.028,65.125,64.705,64.802,373260,,,-0.4471,hfq
2017-09-07,64.996,64.996,64.187,64.219,580874,,,-0.8997,hfq
2017-09-08,64.155,64.802,64.122,64.284,493777,,,0.1012,hfq
2017-09-11,64.543,64.996,64.187,64.252,524466,,,-0.0498,hfq
2017-09-12,64.349,64.413,63.766,64.252,701463,,,0.0000,hfq
2017-09-13,64.155,64.155,63.766,63.993,400311,,,-0.4031,hfq
2017-09-14,63.928,64.543,63.799,64.025,600829,,,0.0500,hfq
2017-09-15,63.928,64.122,63.507,64.058,473780,,,0.0515,hfq
2017-09-18,63.896,64.640,63.896,64.187,554782,,,0.2014,hfq
2017-09-19,64.219,64.413,63.702,64.155,493361,,,-0.0499,hfq
2017-09-20,63.960,64.122,63.669,63.896,546189,,,-0.4037,hfq
2017-09-21,63.799,64.316,63.766,63.993,425077,,,0.1518,hfq
2017-09-22,63.831,64.478,63.831,64.187,468646,,,0.3032,hfq
2017-09-25,64.316,64.802,64.187,64.737,804908,,,0.8569,hfq
2017-09-26,64.511,64.867,64.478,64.608,384209,,,-0.1993,hfq
2017-09-27,64.511,64.608,63.928,64.058,466311,,,-0.8513,hfq
2017-09-28,64.122,64.252,63.637,63.928,555002,,,-0.2029,hfq
2017-09-29,63.896,64.025,63.605,63.766,371084,,,-0.2534,hfq
2017-10-09,65.320,65.611,64.219,64.316,1369084,,,0.8625,hfq
2017-10-10,64.478,65.481,64.316,65.417,1152959,,,1.7119,hfq
2017-10-11,65.481,65.967,64.899,65.093,1129892,,,-0.4953,hfq
2017-10-12,65.093,65.837,64.964,65.287,847125,,,0.2980,hfq
2017-10-13,65.384,65.902,65.352,65.417,672789,,,0.1991,hfq
2017-10-16,65.481,66.387,65.352,66.193,1086808,,,1.1862,hfq
2017-10-17,66.226,66.290,65.643,65.740,558933,,,-0.6844,hfq
2017-10-18,65.870,66.161,65.417,66.064,804141,,,0.4929,hfq
2017-10-19,65.999,66.226,65.773,66.161,780432,,,0.1468,hfq
2017-10-20,66.064,66.064,65.578,65.676,362708,,,-0.7331,hfq
2017-10-23,65.676,65.708,64.899,64.931,536686,,,-1.1344,hfq
2017-10-24,64.931,65.546,64.899,65.320,509644,,,0.5991,hfq
2017-10-25,65.384,65.417,64.964,65.125,425576,,,-0.2985,hfq
2017-10-26,64.931,64.931,64.219,64.446,922915,,,-1.0426,hfq
2017-10-27,64.478,65.449,64.478,65.093,1240090,,,1.0039,hfq
2017-10-30,64.899,65.417,64.575,64.964,999749,,,-0.1982,hfq
2017-10-31,64.769,64.834,64.219,64.252,615148,,,-1.0960,hfq
2017-11-01,64.219,64.219,63.540,63.637,1151444,,,-0.9572,hfq
2017-11-02,63.702,63.831,63.022,63.637,876241,,,0.0000,hfq
2017-11-03,63.540,63.766,62.957,63.572,968457,,,-0.1021,hfq
2017-11-06,63.346,63.346,62.278,62.343,1134662,,,-1.9332,hfq
2017-11-07,62.375,63.313,62.343,63.087,841396,,,1.1934,hfq
2017-11-08,63.054,63.702,62.957,63.281,786795,,,0.3075,hfq
2017-11-09,63.216,63.572,62.763,62.990,619205,,,-0.4599,hfq
2017-11-10,62.990,63.151,62.343,62.666,752959,,,-0.5144,hfq
2017-11-13,62.666,64.025,62.634,63.216,1466273,,,0.8777,hfq
2017-11-14,62.990,63.216,62.569,62.634,672174,,,-0.9207,hfq
2017-11-15,62.537,62.828,62.472,62.634,408228,,,0.0000,hfq
2017-11-16,62.666,62.698,62.310,62.343,589950,,,-0.4646,hfq
2017-11-17,62.343,64.122,62.310,63.993,1858945,,,2.6466,hfq
2017-11-20,63.605,64.737,63.281,64.640,1518230,,,1.0110,hfq
2017-11-21,64.413,66.323,64.316,65.222,2544300,,,0.9004,hfq
2017-11-22,65.740,66.776,65.611,66.064,2198329,,,1.2910,hfq
2017-11-23,66.323,66.679,64.867,65.449,1695747,,,-0.9309,hfq
2017-11-24,65.643,65.934,65.093,65.611,886343,,,0.2475,hfq
2017-11-27,65.384,65.676,64.640,65.546,1394299,,,-0.0991,hfq
2017-11-28,65.287,65.384,64.640,64.834,691045,,,-1.0863,hfq
2017-11-29,64.867,65.061,63.960,64.446,882159,,,-0.5985,hfq
2017-11-30,64.446,64.867,64.122,64.413,800229,,,-0.0512,hfq
2017-12-01,64.511,64.511,63.799,64.284,720788,,,-0.2003,hfq
2017-12-04,64.155,64.446,64.025,64.381,540746,,,0.1509,hfq
2017-12-05,64.381,65.773,64.316,65.417,1700958,,,1.6092,hfq
2017-12-06,65.255,65.320,64.349,64.640,705783,,,-1.1878,hfq
2017-12-07,64.640,64.834,63.540,64.058,903195,,,-0.9004,hfq
2017-12-08,63.928,63.960,63.475,63.669,702122,,,-0.6073,hfq
2017-12-11,63.572,64.090,63.281,63.863,660319,,,0.3047,hfq
2017-12-12,63.799,63.993,63.313,63.346,466403,,,-0.8095,hfq
2017-12-13,63.346,63.896,63.151,63.734,421209,,,0.6125,hfq
2017-12-14,63.799,64.058,63.313,63.475,438887,,,-0.4064,hfq
2017-12-15,63.378,63.443,62.860,62.893,487889,,,-0.9169,hfq
2017-12-18,62.925,63.378,62.828,63.022,474441,,,0.2051,hfq
2017-12-19,63.022,63.702,62.990,63.443,497990,,,0.6680,hfq
2017-12-20,63.507,63.507,62.860,63.281,524407,,,-0.2553,hfq
2017-12-21,63.054,63.475,62.957,63.216,559359,,,-0.1027,hfq
2017-12-22,63.216,63.346,62.925,62.957,358908,,,-0.4097,hfq
2017-12-25,62.925,63.410,62.860,62.893,615137,,,-0.1017,hfq
2017-12-26,62.925,63.443,62.893,63.346,504943,,,0.7203,hfq
2017-12-27,63.346,63.540,62.828,62.990,705501,,,-0.5620,hfq
2017-12-28,62.893,63.022,62.537,62.634,727302,,,-0.5652,hfq
2017-12-29,62.634,62.893,62.537,62.796,466499,,,0.2586,hfq
2018-01-02,62.990,63.766,62.860,63.605,976021,,,1.2883,hfq
2018-01-03,63.605,63.896,63.410,63.475,792156,,,-0.2044,hfq
2018-01-04,63.475,63.669,63.249,63.443,496472,,,-0.0504,hfq
2018-01-05,63.410,63.605,63.184,63.475,771661,,,0.0504,hfq
2018-01-08,63.443,63.702,63.216,63.540,748364,,,0.1024,hfq
2018-01-09,63.605,63.637,63.313,63.410,635895,,,-0.2046,hfq
2018-01-10,63.410,66.711,63.378,66.646,3677332,,,5.1033,hfq
2018-01-11,66.549,66.970,65.708,66.161,1797764,,,-0.7277,hfq
2018-01-12,66.290,66.355,65.481,65.837,1389544,,,-0.4897,hfq
2018-01-15,65.643,67.132,65.611,66.064,2237324,,,0.3448,hfq
2018-01-16,66.258,66.517,65.093,65.676,2056210,,,-0.5873,hfq
2018-01-17,65.870,69.009,65.870,67.164,3752663,,,2.2657,hfq
2018-01-18,67.520,68.264,66.549,67.293,3850463,,,0.1921,hfq
2018-01-19,68.070,69.494,66.323,66.873,6141834,,,-0.6241,hfq
2018-01-22,66.776,67.520,65.417,65.740,4161806,,,-1.6943,hfq
2018-01-23,65.902,67.035,65.805,66.970,3532688,,,1.8710,hfq
2018-01-24,67.617,69.559,67.229,68.264,4769134,,,1.9322,hfq
2018-01-25,68.005,68.523,67.229,67.941,2105609,,,-0.4732,hfq
2018-01-26,68.070,69.364,67.941,68.297,3320240,,,0.5240,hfq
2018-01-29,68.620,69.882,68.167,69.106,3334856,,,1.1845,hfq
2018-01-30,69.041,69.656,67.617,67.714,2343316,,,-2.0143,hfq
2018-01-31,67.520,68.426,67.326,68.264,1924444,,,0.8122,hfq
2018-02-01,68.070,68.976,67.811,68.911,2732812,,,0.9478,hfq
2018-02-02,68.491,68.685,67.520,68.523,1687462,,,-0.5630,hfq
2018-02-05,67.844,70.659,67.779,70.626,3160986,,,3.0690,hfq
2018-02-06,69.623,70.303,68.976,69.785,3704002,,,-1.1908,hfq
2018-02-07,70.206,72.471,68.976,69.397,4624909,,,-0.5560,hfq
2018-02-08,68.653,68.847,66.355,67.196,2897336,,,-3.1716,hfq
2018-02-09,65.578,65.934,63.087,65.384,3179824,,,-2.6966,hfq
2018-02-12,65.190,65.449,64.155,64.867,1326697,,,-0.7907,hfq
2018-02-13,65.417,65.967,65.222,65.417,1359242,,,0.8479,hfq
2018-02-14,65.481,65.708,64.834,65.158,913485,,,-0.3959,hfq
2018-02-22,66.064,66.646,65.773,66.517,1137939,,,2.0857,hfq
2018-02-23,66.517,66.808,66.193,66.582,703493,,,0.0977,hfq
2018-02-26,66.970,67.423,66.420,66.873,1022612,,,0.4371,hfq
2018-02-27,67.261,67.261,65.805,66.323,1137610,,,-0.8225,hfq
2018-02-28,65.999,66.064,65.417,65.611,797628,,,-1.0735,hfq
2018-03-01,65.320,66.258,65.222,66.031,663014,,,0.6401,hfq
2018-03-02,65.676,66.031,65.417,65.708,535859,,,-0.4892,hfq
2018-03-05,65.676,66.226,65.481,65.837,598962,,,0.1963,hfq
2018-03-06,66.064,66.226,65.449,65.902,816377,,,0.0987,hfq
2018-03-07,66.290,66.743,66.129,66.226,1091923,,,0.4916,hfq
2018-03-08,66.355,66.452,65.967,66.323,368424,,,0.1465,hfq
2018-03-09,66.355,66.614,66.064,66.323,510888,,,0.0000,hfq
2018-03-12,66.484,66.582,65.773,65.870,881122,,,-0.6830,hfq
2018-03-13,65.740,66.290,65.417,65.676,715753,,,-0.2945,hfq
2018-03-14,65.417,65.546,64.867,64.931,531544,,,-1.1344,hfq
2018-03-15,64.802,65.125,64.737,65.028,388720,,,0.1494,hfq
2018-03-16,64.899,65.158,64.219,64.252,630336,,,-1.1933,hfq
2018-03-19,64.316,64.349,63.799,64.252,509759,,,0.0000,hfq
2018-03-20,64.090,64.478,64.025,64.381,386644,,,0.2008,hfq
2018-03-21,64.737,64.867,64.058,64.381,503678,,,0.0000,hfq
2018-03-22,64.446,64.543,63.669,64.284,743187,,,-0.1507,hfq
2018-03-23,63.087,63.669,62.569,63.540,1576916,,,-1.1574,hfq
2018-03-26,63.151,63.313,61.987,62.343,796404,,,-1.8839,hfq
2018-03-27,63.087,63.313,62.310,62.504,535045,,,0.2582,hfq
2018-03-28,62.245,62.990,62.051,62.278,529062,,,-0.3616,hfq
2018-03-29,62.310,62.860,61.404,62.537,810495,,,0.4159,hfq
2018-03-30,62.504,62.666,61.792,61.825,634809,,,-1.1385,hfq
2018-04-02,61.954,62.278,61.404,61.436,670226,,,-0.6292,hfq
2018-04-03,61.210,61.210,60.627,60.822,600899,,,-0.9994,hfq
2018-04-04,60.983,61.210,60.627,60.660,549981,,,-0.2664,hfq
2018-04-09,60.595,60.854,60.336,60.595,455812,,,-0.1072,hfq
2018-04-10,60.725,61.857,60.660,61.825,598908,,,2.0299,hfq
2018-04-11,61.857,62.537,61.631,61.954,669855,,,0.2087,hfq
2018-04-12,61.987,62.019,61.210,61.242,444571,,,-1.1492,hfq
2018-04-13,61.534,61.663,61.080,61.113,299809,,,-0.2106,hfq
2018-04-16,60.983,61.113,59.721,59.786,828594,,,-2.1714,hfq
2018-04-17,59.980,60.369,59.689,59.721,539179,,,-0.1087,hfq
2018-04-18,60.369,60.401,59.689,59.948,618115,,,0.3801,hfq
2018-04-19,59.980,60.530,59.883,60.207,375940,,,0.4320,hfq
2018-04-20,59.948,60.207,59.527,60.110,587087,,,-0.1611,hfq
2018-04-23,59.786,60.336,59.786,60.110,405997,,,0.0000,hfq
2018-04-24,60.077,61.048,60.077,61.016,514613,,,1.5072,hfq
2018-04-25,60.692,60.919,59.851,60.013,700059,,,-1.6438,hfq
2018-04-26,60.077,60.336,59.527,59.948,663264,,,-0.1083,hfq
2018-04-27,59.980,60.045,59.592,59.948,651276,,,0.0000,hfq
2018-05-02,60.142,60.272,59.592,59.818,624219,,,-0.2169,hfq
2018-05-03,59.721,59.916,59.560,59.786,471686,,,-0.0535,hfq
2018-05-04,59.754,59.916,59.592,59.592,350743,,,-0.3245,hfq
2018-05-07,59.657,59.948,59.463,59.883,584603,,,0.4883,hfq
2018-05-08,59.883,60.627,59.851,60.530,709150,,,1.0804,hfq
2018-05-09,60.563,60.660,60.207,60.401,350749,,,-0.2131,hfq
2018-05-10,60.595,60.725,60.272,60.466,311312,,,0.1076,hfq
2018-05-11,60.595,60.854,60.401,60.627,372308,,,0.2663,hfq
2018-05-14,60.822,61.113,60.660,60.789,490412,,,0.2672,hfq
2018-05-15,60.919,60.983,60.433,60.692,318238,,,-0.1596,hfq
2018-05-16,60.498,60.757,60.110,60.142,378891,,,-0.9062,hfq
2018-05-17,60.239,60.466,60.077,60.142,278772,,,0.0000,hfq
2018-05-18,60.142,60.627,60.045,60.595,366305,,,0.7532,hfq
2018-05-21,60.789,60.886,60.595,60.692,398083,,,0.1601,hfq
2018-05-22,60.725,60.757,60.110,60.304,334681,,,-0.6393,hfq
2018-05-23,60.239,60.272,59.624,59.657,467912,,,-1.0729,hfq
2018-05-24,59.657,59.851,59.560,59.592,348079,,,-0.1090,hfq
2018-05-25,59.689,59.818,59.527,59.754,326657,,,0.2718,hfq
2018-05-28,59.721,59.883,59.495,59.592,377975,,,-0.2711,hfq
2018-05-29,59.560,59.883,59.139,59.851,610755,,,0.4346,hfq
2018-05-30,59.463,59.527,58.977,58.977,532891,,,-1.4603,hfq
2018-05-31,59.301,59.560,58.945,59.365,626835,,,0.6579,hfq
2018-06-01,59.268,59.430,59.074,59.139,355732,,,-0.3807,hfq
2018-06-04,59.365,59.754,59.204,59.624,386007,,,0.8201,hfq
2018-06-05,59.657,59.657,59.268,59.560,396036,,,-0.1073,hfq
2018-06-06,59.560,59.560,59.268,59.301,360853,,,-0.4349,hfq
2018-06-07,59.463,59.883,59.365,59.527,465562,,,0.3811,hfq
2018-06-08,59.657,59.721,58.718,58.945,653508,,,-0.9777,hfq
2018-06-11,58.880,59.301,58.621,59.268,374023,,,0.5480,hfq
2018-06-12,59.268,59.398,59.042,59.204,405619,,,-0.1080,hfq
2018-06-13,59.204,59.560,59.139,59.301,443638,,,0.1638,hfq
2018-06-14,59.204,59.560,59.107,59.301,465442,,,0.0000,hfq
2018-06-15,59.624,59.948,59.365,59.818,683865,,,0.8718,hfq
2018-06-19,59.430,60.239,59.204,59.980,1800913,,,0.2708,hfq
2018-06-20,59.657,59.818,59.268,59.333,479441,,,-1.0787,hfq
2018-06-21,59.463,59.721,59.107,59.204,396295,,,-0.2174,hfq
2018-06-22,59.042,59.139,58.589,58.945,368055,,,-0.4375,hfq
2018-06-25,59.139,59.301,57.877,57.974,496750,,,-1.6473,hfq
2018-06-26,57.877,57.877,56.453,57.036,600884,,,-1.6180,hfq
2018-06-27,56.744,57.100,55.774,56.259,580328,,,-1.3623,hfq
2018-06-28,55.871,56.518,55.709,55.968,418126,,,-0.5173,hfq
2018-06-29,56.130,56.583,55.903,56.518,395196,,,0.9827,hfq
2018-07-02,56.453,56.453,54.447,54.641,673627,,,-3.3211,hfq
2018-07-03,54.770,55.159,54.350,54.997,634142,,,0.6515,hfq
2018-07-04,54.835,55.223,54.609,54.770,340314,,,-0.4127,hfq
2018-07-05,54.609,55.450,54.512,55.385,626753,,,1.1229,hfq
2018-07-06,55.191,55.871,54.803,55.515,359557,,,0.2347,hfq
2018-07-09,55.547,56.777,55.515,56.712,449194,,,2.1562,hfq
2018-07-10,56.744,56.744,56.065,56.421,260179,,,-0.5131,hfq
2018-07-11,55.547,55.871,55.288,55.547,330797,,,-1.5491,hfq
2018-07-12,55.677,56.777,55.612,56.485,480720,,,1.6887,hfq
2018-07-13,56.615,56.615,56.324,56.421,247114,,,-0.1133,hfq
2018-07-16,56.421,56.518,55.612,55.968,318786,,,-0.8029,hfq
2018-07-17,55.903,55.968,55.482,55.741,203534,,,-0.4056,hfq
2018-07-18,55.968,56.421,55.450,55.644,257323,,,-0.1740,hfq
2018-07-19,55.903,56.162,55.644,55.774,240818,,,0.2336,hfq
2018-07-20,55.741,57.909,55.579,57.327,831175,,,2.7845,hfq
2018-07-23,57.230,59.268,57.100,58.912,1143379,,,2.7648,hfq
2018-07-24,59.268,60.563,59.236,59.430,1016318,,,0.8793,hfq
2018-07-25,59.786,59.818,58.848,59.430,416464,,,0.0000,hfq
2018-07-26,59.527,60.013,59.074,59.204,428281,,,-0.3803,hfq
2018-07-27,59.171,59.398,58.718,59.042,291637,,,-0.2736,hfq
2018-07-30,58.977,60.336,58.977,59.916,482620,,,1.4803,hfq
2018-07-31,59.818,60.272,59.333,59.916,401146,,,0.0000,hfq
2018-08-01,60.369,60.725,59.139,59.171,576972,,,-1.2434,hfq
2018-08-02,59.042,59.527,57.683,58.168,547111,,,-1.6951,hfq
2018-08-03,58.168,58.912,58.136,58.298,342747,,,0.2235,hfq
2018-08-06,58.524,59.495,58.265,58.492,458532,,,0.3328,hfq
2018-08-07,58.880,59.527,58.492,59.495,432994,,,1.7148,hfq
2018-08-08,59.495,59.657,58.718,58.848,321069,,,-1.0875,hfq
2018-08-09,58.686,60.013,58.589,59.851,502705,,,1.7044,hfq
2018-08-10,59.851,60.142,59.398,59.754,274248,,,-0.1621,hfq
2018-08-13,59.430,59.430,58.427,58.977,510795,,,-1.3003,hfq
2018-08-14,58.945,58.977,58.395,58.751,305306,,,-0.3832,hfq
2018-08-15,58.783,58.815,57.845,57.909,327565,,,-1.4332,hfq
2018-08-16,57.197,58.362,57.165,57.942,344080,,,0.0570,hfq
2018-08-17,58.395,58.395,57.197,57.424,274108,,,-0.8940,hfq
2018-08-20,57.942,58.330,57.489,58.265,411161,,,1.4645,hfq
2018-08-21,58.298,59.107,58.168,58.977,387121,,,1.2220,hfq
2018-08-22,58.945,58.977,58.556,58.815,178469,,,-0.2747,hfq
2018-08-23,58.815,59.236,58.459,58.848,263329,,,0.0561,hfq
2018-08-24,58.654,60.336,58.492,59.754,625556,,,1.5396,hfq
2018-08-27,59.786,60.142,59.333,60.045,686992,,,0.4870,hfq
2018-08-28,59.948,60.304,59.754,59.916,293625,,,-0.2148,hfq
2018-08-29,59.495,59.560,58.912,58.977,584809,,,-1.5672,hfq
2018-08-30,59.042,59.398,58.654,58.654,374224,,,-0.5477,hfq
2018-08-31,58.686,59.268,58.589,58.718,504369,,,0.1091,hfq
2018-09-03,58.718,59.010,58.589,58.718,308591,,,0.0000,hfq
2018-09-04,58.815,59.560,58.621,59.236,376508,,,0.8822,hfq
2018-09-05,59.074,59.301,58.298,58.298,423310,,,-1.5835,hfq
2018-09-06,58.330,58.524,57.812,57.877,358037,,,-0.7222,hfq
2018-09-07,57.974,58.362,57.618,57.877,268949,,,0.0000,hfq
2018-09-10,57.974,58.039,57.553,57.586,236078,,,-0.5028,hfq
2018-09-11,57.586,57.909,57.230,57.327,320047,,,-0.4498,hfq
2018-09-12,57.165,57.942,56.841,57.521,289165,,,0.3384,hfq
2018-09-13,58.039,58.233,57.618,58.136,338228,,,1.0692,hfq
2018-09-14,58.298,58.395,57.909,58.039,219556,,,-0.1669,hfq
2018-09-17,57.974,57.974,57.521,57.715,171601,,,-0.5582,hfq
2018-09-18,57.650,58.395,57.553,58.395,286474,,,1.1782,hfq
2018-09-19,58.330,58.912,58.233,58.654,406804,,,0.4435,hfq
2018-09-20,58.783,59.171,58.783,59.042,355046,,,0.6615,hfq
2018-09-21,59.107,60.725,58.880,60.692,884882,,,2.7946,hfq
2018-09-25,60.174,60.466,59.980,60.110,433712,,,-0.9589,hfq
2018-09-26,60.239,61.275,60.207,60.725,763981,,,1.0231,hfq
2018-09-27,60.919,61.016,60.239,60.530,494810,,,-0.3211,hfq
2018-09-28,60.692,62.019,60.563,61.534,774792,,,1.6587,hfq
2018-10-08,60.595,60.757,59.301,59.495,759805,,,-3.3136,hfq
2018-10-09,59.463,60.498,59.398,60.110,582231,,,1.0337,hfq
2018-10-10,60.272,61.113,60.077,60.401,439529,,,0.4841,hfq
2018-10-11,58.848,59.592,57.974,58.524,689584,,,-3.1076,hfq
2018-10-12,58.783,59.754,58.459,59.527,533108,,,1.7138,hfq
2018-10-15,59.560,59.754,58.686,58.848,373148,,,-1.1407,hfq
2018-10-16,58.880,59.786,58.783,58.945,464562,,,0.1648,hfq
2018-10-17,59.430,59.592,58.362,59.107,512310,,,0.2748,hfq
2018-10-18,59.139,59.333,58.395,58.427,441673,,,-1.1505,hfq
2018-10-19,58.395,60.272,58.136,59.980,748217,,,2.6580,hfq
2018-10-22,60.369,61.631,60.304,61.080,872666,,,1.8339,hfq
2018-10-23,61.113,61.404,59.980,60.174,589240,,,-1.4833,hfq
2018-10-24,60.239,62.116,60.174,61.113,822274,,,1.5605,hfq
2018-10-25,60.174,61.695,60.013,61.598,630723,,,0.7936,hfq
2018-10-26,61.695,62.019,60.951,61.501,520877,,,-0.1575,hfq
2018-10-29,61.954,62.343,60.530,60.983,744257,,,-0.8423,hfq
2018-10-30,61.469,62.181,60.757,61.760,741819,,,1.2741,hfq
2018-10-31,62.116,62.310,61.663,62.084,517843,,,0.5246,hfq
2018-11-01,62.181,62.310,61.307,61.469,613668,,,-0.9906,hfq
2018-11-02,62.278,63.119,61.728,62.925,1132696,,,2.3687,hfq
2018-11-05,62.407,62.796,62.213,62.407,412203,,,-0.8232,hfq
2018-11-06,62.375,62.375,61.566,61.889,389395,,,-0.8300,hfq
2018-11-07,61.987,62.763,61.889,62.019,424225,,,0.2101,hfq
2018-11-08,62.569,62.601,62.084,62.375,287674,,,0.5740,hfq
2018-11-09,61.987,61.987,60.336,60.660,850849,,,-2.7495,hfq
2018-11-12,60.563,61.080,60.433,60.789,500742,,,0.2127,hfq
2018-11-13,60.369,61.307,60.239,61.210,422173,,,0.6926,hfq
2018-11-14,61.145,61.501,60.725,60.822,429550,,,-0.6339,hfq
2018-11-15,60.660,61.372,60.660,61.339,285765,,,0.8500,hfq
2018-11-16,61.372,61.534,60.951,61.113,407777,,,-0.3684,hfq
2018-11-19,61.372,61.889,61.178,61.792,477218,,,1.1111,hfq
2018-11-20,61.372,61.922,61.210,61.307,378957,,,-0.7849,hfq
2018-11-21,61.080,61.760,61.048,61.436,320537,,,0.2104,hfq
2018-11-22,61.436,61.501,61.113,61.242,208857,,,-0.3158,hfq
2018-11-23,61.080,61.598,60.401,60.530,346221,,,-1.1626,hfq
2018-11-26,60.854,61.145,60.563,60.822,226771,,,0.4824,hfq
2018-11-27,60.854,60.983,60.239,60.466,234087,,,-0.5853,hfq
2018-11-28,60.433,61.210,60.336,60.951,238034,,,0.8021,hfq
2018-11-29,61.307,61.339,60.595,60.595,279769,,,-0.5841,hfq
2018-11-30,60.854,61.501,60.660,61.501,513326,,,1.4952,hfq
2018-12-03,62.763,62.763,62.019,62.278,627607,,,1.2634,hfq
2018-12-04,62.731,62.731,62.116,62.472,419787,,,0.3115,hfq
2018-12-05,62.278,62.440,61.954,62.116,324679,,,-0.5699,hfq
2018-12-06,61.728,62.019,61.404,61.792,437013,,,-0.5216,hfq
2018-12-07,61.987,62.148,61.728,61.792,237837,,,0.0000,hfq
2018-12-10,61.404,61.760,61.113,61.307,246036,,,-0.7849,hfq
2018-12-11,61.469,61.598,60.983,61.178,237278,,,-0.2104,hfq
2018-12-12,61.469,61.469,60.919,61.372,269459,,,0.3171,hfq
2018-12-13,61.372,61.922,61.145,61.469,382177,,,0.1581,hfq
2018-12-14,61.242,61.469,60.983,61.016,298079,,,-0.7370,hfq
2018-12-17,61.113,61.436,60.886,61.242,340969,,,0.3704,hfq
2018-12-18,61.048,61.404,60.563,60.595,337555,,,-1.0565,hfq
2018-12-19,60.886,60.919,59.948,59.948,310517,,,-1.0677,hfq
2018-12-20,59.980,60.239,58.848,59.107,520433,,,-1.4029,hfq
2018-12-21,58.912,58.945,58.103,58.556,411021,,,-0.9322,hfq
2018-12-24,58.362,58.459,57.942,58.103,344393,,,-0.7736,hfq
2018-12-25,57.521,58.201,57.165,57.909,445112,,,-0.3339,hfq
2018-12-26,58.039,58.265,57.618,57.747,322822,,,-0.2797,hfq
2018-12-27,58.395,58.459,57.909,58.039,377170,,,0.5057,hfq
2018-12-28,58.201,58.880,58.006,58.265,409767,,,0.3894,hfq
2019-01-02,58.298,58.298,57.359,57.618,330085,,,-1.1104,hfq
2019-01-03,57.618,58.201,57.618,57.974,267756,,,0.6179,hfq
2019-01-04,57.780,59.236,57.715,59.107,468630,,,1.9543,hfq
2019-01-07,59.430,59.527,58.912,59.010,362072,,,-0.1641,hfq
2019-01-08,59.171,59.204,58.880,59.204,227190,,,0.3288,hfq
2019-01-09,59.398,60.336,59.268,59.624,442573,,,0.7094,hfq
2019-01-10,59.430,59.786,59.204,59.527,238194,,,-0.1627,hfq
2019-01-11,59.754,60.272,59.624,59.754,272992,,,0.3813,hfq
2019-01-14,59.495,59.851,59.139,59.204,238060,,,-0.9204,hfq
2019-01-15,59.463,60.045,59.268,59.851,303737,,,1.0928,hfq
2019-01-16,59.916,60.013,59.689,59.980,209404,,,0.2155,hfq
2019-01-17,60.239,60.272,59.463,59.592,278863,,,-0.6469,hfq
2019-01-18,59.916,60.660,59.883,60.660,464707,,,1.7922,hfq
2019-01-21,60.660,61.145,60.498,60.660,397764,,,0.0000,hfq
2019-01-22,60.627,60.789,60.110,60.239,227852,,,-0.6940,hfq
2019-01-23,60.239,60.498,60.013,60.077,181391,,,-0.2689,hfq
2019-01-24,60.272,60.822,60.174,60.595,284020,,,0.8622,hfq
2019-01-25,60.919,61.889,60.919,61.663,630654,,,1.7625,hfq
2019-01-28,61.987,62.504,61.404,61.663,449401,,,0.0000,hfq
2019-01-29,61.728,62.343,61.469,62.116,417685,,,0.7346,hfq
2019-01-30,62.213,62.537,61.889,61.987,459654,,,-0.2077,hfq
2019-01-31,62.375,63.151,62.278,62.990,685955,,,1.6181,hfq
2019-02-01,63.378,63.507,62.666,62.957,430380,,,-0.0524,hfq
2019-02-11,62.666,63.022,62.310,62.860,452452,,,-0.1541,hfq
2019-02-12,63.022,63.119,62.504,62.763,339475,,,-0.1543,hfq
2019-02-13,62.828,63.960,62.504,63.605,733925,,,1.3416,hfq
2019-02-14,63.475,63.799,63.378,63.410,370503,,,-0.3066,hfq
2019-02-15,63.249,63.410,61.922,62.051,545569,,,-2.1432,hfq
2019-02-18,62.537,63.281,62.375,63.151,536433,,,1.7727,hfq
2019-02-19,63.378,64.284,63.119,63.475,659604,,,0.5131,hfq
2019-02-20,63.928,64.058,63.119,63.410,369300,,,-0.1024,hfq
2019-02-21,63.572,63.702,62.828,62.990,483511,,,-0.6624,hfq
2019-02-22,62.828,63.702,62.343,63.669,585709,,,1.0779,hfq
2019-02-25,64.058,67.423,64.025,67.164,1775100,,,5.4893,hfq
2019-02-26,67.164,67.779,65.902,66.129,1312197,,,-1.5410,hfq
2019-02-27,66.776,68.264,66.549,67.293,1303076,,,1.7602,hfq
2019-02-28,67.196,68.458,66.873,67.714,1053846,,,0.6256,hfq
2019-03-01,68.135,72.374,67.714,72.374,2474293,,,6.8819,hfq
2019-03-04,72.665,74.413,71.791,72.374,2633736,,,0.0000,hfq
2019-03-05,72.050,72.536,71.306,71.662,1289839,,,-0.9838,hfq
2019-03-06,71.533,72.795,71.080,72.309,1209347,,,0.9028,hfq
2019-03-07,71.856,71.986,70.238,70.562,1433217,,,-2.4160,hfq
2019-03-08,69.720,69.720,67.617,67.844,1782067,,,-3.8519,hfq
2019-03-11,67.844,68.361,67.488,67.908,968630,,,0.0943,hfq
2019-03-12,68.717,69.364,67.617,68.070,989354,,,0.2386,hfq
2019-03-13,68.005,69.656,67.520,68.717,1081626,,,0.9505,hfq
2019-03-14,68.329,69.882,68.232,68.782,890671,,,0.0946,hfq
2019-03-15,68.879,69.882,68.491,69.591,823992,,,1.1762,hfq
2019-03-18,69.526,70.271,68.879,70.271,972033,,,0.9771,hfq
2019-03-19,70.400,71.080,69.817,70.141,823506,,,-0.1850,hfq
2019-03-20,69.915,70.626,69.138,69.947,695781,,,-0.2766,hfq
2019-03-21,69.947,69.947,69.009,69.106,794581,,,-1.2023,hfq
2019-03-22,69.267,69.332,67.876,68.491,762916,,,-0.8899,hfq
2019-03-25,67.552,67.811,66.549,66.582,923434,,,-2.7872,hfq
2019-03-26,67.035,67.035,66.193,66.646,592412,,,0.0961,hfq
2019-03-27,66.808,67.455,66.808,66.970,672962,,,0.4862,hfq
2019-03-28,66.646,66.808,65.967,66.646,540089,,,-0.4838,hfq
2019-03-29,66.614,68.814,66.549,68.717,1310551,,,3.1075,hfq
2019-04-01,69.332,70.562,69.332,70.271,1646414,,,2.2614,hfq
2019-04-02,70.562,71.403,70.562,70.788,1070642,,,0.7357,hfq
2019-04-03,70.238,71.403,70.076,71.338,952192,,,0.7770,hfq
2019-04-04,71.662,72.924,71.662,72.309,1089487,,,1.3611,hfq
2019-04-08,72.665,74.898,72.665,72.892,1689733,,,0.8063,hfq
2019-04-09,72.762,73.571,71.435,71.727,998272,,,-1.5983,hfq
2019-04-10,71.727,72.600,70.853,71.986,1021719,,,0.3611,hfq
2019-04-11,72.050,72.730,70.497,71.112,804890,,,-1.2141,hfq
2019-04-12,71.144,71.468,70.756,71.338,420260,,,0.3178,hfq
2019-04-15,73.248,74.477,71.565,71.921,1838232,,,0.8172,hfq
2019-04-16,71.921,76.775,71.791,76.581,3144398,,,6.4793,hfq
2019-04-17,75.933,76.613,74.963,75.707,1540952,,,-1.1413,hfq
2019-04-18,75.513,75.804,74.639,75.060,711889,,,-0.8546,hfq
2019-04-19,75.480,76.225,74.315,75.610,1029624,,,0.7327,hfq
2019-04-22,75.221,75.545,72.342,72.600,1588552,,,-3.9810,hfq
2019-04-23,72.568,73.474,72.439,72.730,818598,,,0.1791,hfq
2019-04-24,73.118,73.733,71.791,72.697,908990,,,-0.0454,hfq
2019-04-25,72.633,73.312,71.986,72.212,727356,,,-0.6672,hfq
2019-04-26,71.953,72.277,71.241,71.241,798572,,,-1.3447,hfq
2019-04-29,71.630,73.409,71.500,72.827,864135,,,2.2262,hfq
2019-04-30,73.959,75.189,73.733,74.380,1511500,,,2.1325,hfq
2019-05-06,72.374,72.827,70.626,72.503,1910472,,,-2.5235,hfq
2019-05-07,72.374,72.697,71.306,71.824,946475,,,-0.9365,hfq
2019-05-08,71.015,71.533,70.012,70.206,926700,,,-2.2527,hfq
2019-05-09,69.979,70.173,68.102,68.232,1311638,,,-2.8117,hfq
2019-05-10,69.138,70.141,67.552,69.720,994519,,,2.1808,hfq
2019-05-13,68.750,69.203,68.361,68.685,614530,,,-1.4845,hfq
2019-05-14,68.200,69.720,68.167,68.685,791389,,,0.0000,hfq
2019-05-15,69.138,70.529,68.750,69.979,669123,,,1.8840,hfq
2019-05-16,69.785,70.206,69.397,69.947,490394,,,-0.0457,hfq
2019-05-17,70.238,70.238,68.814,69.106,518966,,,-1.2023,hfq
2019-05-20,69.041,69.623,68.361,68.847,488550,,,-0.3748,hfq
2019-05-21,68.911,70.271,68.911,69.267,672386,,,0.6100,hfq
2019-05-22,68.879,69.267,68.523,68.814,535335,,,-0.6540,hfq
2019-05-23,68.555,68.717,67.908,68.329,463452,,,-0.7048,hfq
2019-05-24,68.717,69.203,68.523,68.944,387560,,,0.9001,hfq
2019-05-27,68.232,69.397,66.808,68.523,1017585,,,-0.6106,hfq
2019-05-28,68.329,68.911,67.617,68.329,973224,,,-0.2831,hfq
2019-05-29,67.844,68.038,67.132,67.132,1138116,,,-1.7518,hfq
2019-05-30,67.132,67.293,66.484,66.873,825562,,,-0.3858,hfq
2019-05-31,67.132,67.682,66.743,66.776,742899,,,-0.1451,hfq
2019-06-03,66.711,67.455,66.549,67.035,683812,,,0.3879,hfq
2019-06-04,67.196,67.229,66.905,67.099,526858,,,0.0955,hfq
2019-06-05,67.649,68.264,67.455,67.552,563996,,,0.6751,hfq
2019-06-06,67.811,68.102,67.552,67.714,526889,,,0.2398,hfq
2019-06-10,68.102,69.364,67.973,68.750,700851,,,1.5300,hfq
2019-06-11,69.138,69.688,68.911,69.526,824324,,,1.1287,hfq
2019-06-12,69.429,69.526,69.009,69.300,557521,,,-0.3251,hfq
2019-06-13,69.364,69.559,68.976,69.300,517617,,,0.0000,hfq
2019-06-14,69.559,69.753,69.009,69.300,721777,,,0.0000,hfq
2019-06-17,69.300,70.238,69.170,69.591,684361,,,0.4199,hfq
2019-06-18,69.947,69.979,69.526,69.753,524485,,,0.2328,hfq
2019-06-19,71.241,71.565,70.724,70.756,978298,,,1.4379,hfq
2019-06-20,70.885,73.474,70.724,72.924,1290429,,,3.0641,hfq
2019-06-21,72.956,73.442,72.083,72.180,928941,,,-1.0202,hfq
2019-06-24,72.374,72.665,71.759,72.115,589823,,,-0.0901,hfq
2019-06-25,72.309,72.342,70.400,70.788,1011365,,,-1.8401,hfq
2019-06-26,70.950,71.015,70.659,70.788,390455,,,0.0000,hfq
2019-06-27,71.015,71.824,70.950,71.500,613542,,,1.0058,hfq
2019-06-28,71.630,71.694,70.659,71.338,517370,,,-0.2266,hfq
2019-07-01,72.439,72.989,72.050,72.309,933293,,,1.3611,hfq
2019-07-02,72.342,72.342,71.403,71.856,872087,,,-0.6265,hfq
2019-07-03,71.824,71.824,71.177,71.468,558526,,,-0.5400,hfq
2019-07-04,71.565,71.888,71.080,71.338,558382,,,-0.1819,hfq
2019-07-05,71.435,71.468,70.982,71.274,438985,,,-0.0897,hfq
2019-07-08,70.885,70.950,69.720,69.720,721689,,,-2.1803,hfq
2019-07-09,69.753,70.044,69.656,69.817,411196,,,0.1391,hfq
2019-07-10,70.173,70.238,69.235,69.494,401143,,,-0.4626,hfq
2019-07-11,69.915,70.335,69.559,69.720,474682,,,0.3252,hfq
2019-07-12,69.882,71.177,69.785,70.982,749873,,,1.8101,hfq
2019-07-15,70.691,71.694,70.109,71.338,744493,,,0.5015,hfq
2019-07-16,71.306,71.630,70.853,70.950,447699,,,-0.5439,hfq
2019-07-17,70.562,71.080,70.465,70.594,412483,,,-0.5018,hfq
2019-07-18,70.821,70.918,70.335,70.691,449049,,,0.1374,hfq
2019-07-19,71.015,71.856,70.918,71.727,766035,,,1.4655,hfq
2019-07-22,71.759,72.147,71.371,71.597,664547,,,-0.1812,hfq
2019-07-23,71.986,72.180,71.630,72.050,589601,,,0.6327,hfq
2019-07-24,72.342,73.150,72.277,72.762,934290,,,0.9882,hfq
2019-07-25,72.827,74.704,72.827,74.671,1358360,,,2.6236,hfq
2019-07-26,74.315,74.639,74.218,74.348,763064,,,-0.4326,hfq
2019-07-29,74.348,74.639,73.895,74.251,540222,,,-0.1305,hfq
2019-07-30,74.348,75.966,74.218,75.254,869751,,,1.3508,hfq
2019-07-31,74.995,75.092,73.636,74.057,948118,,,-1.5906,hfq
2019-08-01,73.862,74.089,73.053,73.183,729681,,,-1.1802,hfq
2019-08-02,72.277,73.312,72.180,72.956,852132,,,-0.3102,hfq
2019-08-05,72.568,72.600,71.371,71.565,875814,,,-1.9066,hfq
2019-08-06,70.562,71.694,70.400,71.047,774687,,,-0.7238,hfq
2019-08-07,71.371,71.921,71.015,71.338,641270,,,0.4096,hfq
2019-08-08,71.953,72.924,71.694,72.665,758413,,,1.8602,hfq
2019-08-09,72.697,73.183,72.115,72.342,652590,,,-0.4445,hfq
2019-08-12,72.244,73.150,72.147,73.086,629942,,,1.0284,hfq
2019-08-13,72.665,72.892,71.209,71.630,724076,,,-1.9922,hfq
2019-08-14,72.374,72.503,70.529,70.691,1583946,,,-1.3109,hfq
2019-08-15,69.753,70.562,69.494,70.562,898550,,,-0.1825,hfq
2019-08-16,70.400,70.626,70.012,70.173,698048,,,-0.5513,hfq
2019-08-19,69.591,70.594,68.653,70.529,1443737,,,0.5073,hfq
2019-08-20,70.238,71.371,70.012,70.918,827385,,,0.5515,hfq
2019-08-21,70.724,71.177,70.497,70.724,520337,,,-0.2736,hfq
2019-08-22,71.047,71.338,70.594,70.950,516624,,,0.3196,hfq
2019-08-23,71.112,71.824,70.853,71.694,893045,,,1.0486,hfq
2019-08-26,70.691,71.015,70.141,70.724,629277,,,-1.3530,hfq
2019-08-27,71.047,71.500,70.788,71.274,754675,,,0.7777,hfq
2019-08-28,69.170,69.753,68.070,68.361,2721342,,,-4.0870,hfq
2019-08-29,68.361,68.361,67.358,67.747,1020624,,,-0.8982,hfq
2019-08-30,68.135,68.167,67.261,67.714,1027557,,,-0.0487,hfq
2019-09-02,67.811,68.264,67.617,68.005,763502,,,0.4297,hfq
2019-09-03,68.038,68.167,67.779,67.941,475390,,,-0.0941,hfq
2019-09-04,67.908,69.138,67.908,69.041,967947,,,1.6191,hfq
2019-09-05,69.429,70.465,69.429,69.915,1254699,,,1.2659,hfq
2019-09-06,70.238,70.400,69.817,70.303,607981,,,0.5550,hfq
2019-09-09,70.562,70.950,69.688,69.720,1039458,,,-0.8293,hfq
2019-09-10,69.753,69.915,69.041,69.300,728740,,,-0.6024,hfq
2019-09-11,69.591,69.882,69.203,69.785,558780,,,0.6999,hfq
2019-09-12,70.173,70.206,69.656,70.044,601763,,,0.3711,hfq
2019-09-16,70.238,70.271,69.720,69.947,456091,,,-0.1385,hfq
2019-09-17,69.817,69.850,68.653,68.976,515402,,,-1.3882,hfq
2019-09-18,69.170,69.170,68.555,68.588,531660,,,-0.5625,hfq
2019-09-19,68.620,68.879,68.329,68.653,437385,,,0.0948,hfq
2019-09-20,68.717,69.138,68.620,69.009,560726,,,0.5185,hfq
2019-09-23,68.911,68.944,68.264,68.717,398808,,,-0.4231,hfq
2019-09-24,68.782,68.944,68.329,68.361,432581,,,-0.5181,hfq
2019-09-25,68.297,68.653,67.844,68.200,420790,,,-0.2355,hfq
2019-09-26,68.394,69.429,68.329,68.814,931661,,,0.9003,hfq
2019-09-27,69.073,69.526,68.394,69.397,664016,,,0.8472,hfq
2019-09-30,69.073,69.753,68.879,68.879,458427,,,-0.7464,hfq
2019-10-08,68.847,70.659,68.814,70.271,1036159,,,2.0209,hfq
2019-10-09,69.882,72.147,69.817,71.371,1518442,,,1.5654,hfq
2019-10-10,71.209,71.986,71.112,71.435,614600,,,0.0897,hfq
2019-10-11,71.921,72.892,71.630,72.536,1070896,,,1.5413,hfq
2019-10-14,73.053,74.995,73.053,73.668,1404091,,,1.5606,hfq
2019-10-15,73.733,74.024,73.248,73.862,771586,,,0.2633,hfq
2019-10-16,73.959,75.610,73.409,73.895,1045713,,,0.0447,hfq
2019-10-17,73.895,74.348,73.409,73.733,473956,,,-0.2192,hfq
2019-10-18,73.992,74.639,72.342,72.762,823441,,,-1.3169,hfq
2019-10-21,72.406,73.862,72.406,73.636,634118,,,1.2012,hfq
2019-10-22,73.895,73.959,72.924,73.409,462298,,,-0.3083,hfq
2019-10-23,73.506,73.830,73.053,73.442,360835,,,0.0450,hfq
2019-10-24,73.636,74.315,73.312,73.733,589535,,,0.3962,hfq
2019-10-25,73.539,73.636,72.503,73.150,506423,,,-0.7907,hfq
2019-10-28,73.150,73.701,72.503,72.665,530085,,,-0.6630,hfq
2019-10-29,72.892,72.989,72.374,72.568,362555,,,-0.1335,hfq
2019-10-30,73.248,74.283,72.859,73.377,963049,,,1.1148,hfq
2019-10-31,73.183,73.312,72.439,72.730,499035,,,-0.8817,hfq
2019-11-01,72.956,75.092,72.600,74.898,1434978,,,2.9809,hfq
2019-11-04,75.739,76.904,75.577,76.322,1201157,,,1.9013,hfq
2019-11-05,76.451,77.681,76.063,76.872,1449322,,,0.7206,hfq
2019-11-06,77.325,77.843,76.516,77.422,1177276,,,0.7155,hfq
2019-11-07,77.422,77.810,77.034,77.357,661588,,,-0.0840,hfq
2019-11-08,77.519,77.681,76.483,76.483,736144,,,-1.1298,hfq
2019-11-11,75.901,76.451,75.642,75.836,725167,,,-0.8459,hfq
2019-11-12,76.095,76.548,75.804,76.030,530989,,,0.2558,hfq
2019-11-13,76.030,76.128,74.833,75.254,649305,,,-1.0206,hfq
2019-11-14,75.480,75.707,74.057,74.510,654488,,,-0.9887,hfq
2019-11-15,74.995,75.739,74.477,75.157,593198,,,0.8683,hfq
2019-11-18,75.157,76.775,75.092,76.645,660201,,,1.9799,hfq
2019-11-19,76.192,76.742,75.998,76.354,403847,,,-0.3797,hfq
2019-11-20,76.063,76.386,73.992,74.154,857765,,,-2.8813,hfq
2019-11-21,73.733,74.704,73.345,74.089,487242,,,-0.0877,hfq
2019-11-22,74.510,74.542,73.636,73.862,429445,,,-0.3064,hfq
2019-11-25,74.283,74.833,74.057,74.639,384906,,,1.0520,hfq
2019-11-26,74.736,74.833,73.701,73.733,570373,,,-1.2138,hfq
2019-11-27,73.895,74.121,73.636,74.089,423594,,,0.4828,hfq
2019-11-28,73.992,74.154,73.312,73.539,346988,,,-0.7424,hfq
2019-11-29,73.604,73.927,73.053,73.280,406077,,,-0.3522,hfq
2019-12-02,73.442,73.862,73.215,73.377,298785,,,0.1324,hfq
2019-12-03,73.118,73.959,72.859,73.830,350965,,,0.6174,hfq
2019-12-04,73.280,73.636,72.859,73.345,304120,,,-0.6569,hfq
2019-12-05,73.571,73.959,73.377,73.701,399067,,,0.4854,hfq
2019-12-06,73.830,73.862,72.989,73.409,416777,,,-0.3962,hfq
2019-12-09,73.150,73.377,72.989,73.345,426194,,,-0.0872,hfq
2019-12-10,73.021,73.668,73.021,73.183,299071,,,-0.2209,hfq
2019-12-11,73.474,74.736,73.312,74.607,640864,,,1.9458,hfq
2019-12-12,74.768,74.768,73.895,74.380,348739,,,-0.3043,hfq
2019-12-13,75.254,75.610,74.801,75.610,771185,,,1.6537,hfq
2019-12-16,75.286,75.804,74.930,75.707,600883,,,0.1283,hfq
2019-12-17,75.836,77.260,75.416,76.807,1048870,,,1.4530,hfq
2019-12-18,76.613,77.519,76.613,76.872,606769,,,0.0846,hfq
2019-12-19,76.937,77.454,76.225,76.581,553596,,,-0.3786,hfq
2019-12-20,76.645,77.390,76.645,76.807,505829,,,0.2951,hfq
2019-12-23,77.195,77.357,76.063,76.095,512147,,,-0.9270,hfq
2019-12-24,76.289,77.098,76.289,76.548,467690,,,0.5953,hfq
2019-12-25,76.548,76.645,75.707,76.095,384719,,,-0.5918,hfq
2019-12-26,75.933,76.807,75.933,76.742,344330,,,0.8503,hfq
2019-12-27,76.581,77.681,76.548,76.742,673997,,,0.0000,hfq
2019-12-30,76.225,76.354,75.060,76.095,1145987,,,-0.8431,hfq
2019-12-31,76.030,76.257,75.416,76.225,542591,,,0.1708,hfq
2020-01-02,77.098,78.231,77.034,77.551,1130028,,,1.7396,hfq
2020-01-03,77.519,77.843,77.195,77.325,659291,,,-0.2914,hfq
2020-01-06,77.066,77.648,76.386,76.581,709164,,,-0.9622,hfq
2020-01-07,76.872,77.681,76.419,76.839,561162,,,0.3369,hfq
2020-01-08,76.386,76.678,75.351,75.513,881731,,,-1.7257,hfq
2020-01-09,76.128,76.225,75.480,75.836,663379,,,0.4277,hfq
2020-01-10,75.901,76.030,75.480,75.869,423807,,,0.0435,hfq
2020-01-13,75.869,75.933,75.286,75.901,600183,,,0.0422,hfq
2020-01-14,76.225,76.775,75.933,76.063,537640,,,0.2134,hfq
2020-01-15,76.160,76.192,74.995,75.221,600021,,,-1.1070,hfq
2020-01-16,75.351,75.577,74.251,74.510,827358,,,-0.9452,hfq
2020-01-17,74.510,74.963,74.218,74.445,440442,,,-0.0872,hfq
2020-01-20,74.542,74.995,74.348,74.930,429895,,,0.6515,hfq
2020-01-21,74.607,74.704,73.701,73.862,610756,,,-1.4253,hfq
2020-01-22,73.701,74.380,73.409,74.057,553543,,,0.2640,hfq
2020-01-23,73.668,73.701,72.050,72.309,1085586,,,-2.3603,hfq
2020-02-03,66.549,69.300,66.517,67.520,1629058,,,-6.6230,hfq
2020-02-04,67.844,69.170,67.747,68.911,1000232,,,2.0601,hfq
2020-02-05,68.976,69.235,68.329,68.879,886398,,,-0.0464,hfq
2020-02-06,69.267,69.591,68.620,69.300,723494,,,0.6112,hfq
2020-02-07,68.685,69.235,68.426,69.138,599834,,,-0.2338,hfq
2020-02-10,68.653,68.976,68.555,68.847,507002,,,-0.4209,hfq
2020-02-11,69.106,69.915,69.073,69.397,616391,,,0.7989,hfq
2020-02-12,69.559,69.591,68.976,69.494,432807,,,0.1398,hfq
2020-02-13,69.429,69.591,68.911,69.041,502737,,,-0.6519,hfq
2020-02-14,68.879,69.753,68.814,69.591,525851,,,0.7966,hfq
2020-02-17,69.656,71.015,69.332,70.885,868213,,,1.8594,hfq
2020-02-18,70.626,70.853,69.915,70.076,623145,,,-1.1413,hfq
2020-02-19,70.109,70.659,69.785,70.044,449353,,,-0.0457,hfq
2020-02-20,70.238,71.112,69.915,70.885,750344,,,1.2007,hfq
2020-02-21,70.529,71.241,70.432,70.659,678190,,,-0.3188,hfq
2020-02-24,70.432,70.724,69.850,69.882,734825,,,-1.0996,hfq
2020-02-25,69.267,69.850,68.944,69.462,757242,,,-0.6010,hfq
2020-02-26,68.976,70.173,68.782,69.429,831587,,,-0.0475,hfq
2020-02-27,69.559,70.012,69.462,69.817,617473,,,0.5588,hfq
2020-02-28,69.203,69.623,67.941,68.102,875387,,,-2.4564,hfq
2020-03-02,68.426,69.267,68.167,69.073,763937,,,1.4258,hfq
2020-03-03,69.462,69.753,69.138,69.300,629252,,,0.3286,hfq
2020-03-04,69.267,69.526,68.879,69.462,530511,,,0.2338,hfq
2020-03-05,69.817,71.500,69.526,71.338,1198413,,,2.7008,hfq
2020-03-06,70.724,71.015,70.076,70.141,698956,,,-1.6779,hfq
2020-03-09,69.106,69.106,68.232,68.361,973017,,,-2.5377,hfq
2020-03-10,68.361,69.235,68.102,69.009,758353,,,0.9479,hfq
2020-03-11,69.138,69.203,68.264,68.297,641697,,,-1.0317,hfq
2020-03-12,68.232,68.588,67.617,67.779,757275,,,-0.7585,hfq
2020-03-13,65.870,67.099,65.449,66.711,1305323,,,-1.5757,hfq
2020-03-16,66.743,66.776,64.446,64.608,1065126,,,-3.1524,hfq
2020-03-17,64.575,65.708,63.669,64.284,895910,,,-0.5015,hfq
2020-03-18,64.478,64.802,62.860,62.957,817472,,,-2.0643,hfq
2020-03-19,62.537,62.893,60.466,60.725,1693451,,,-3.5453,hfq
2020-03-20,61.339,62.601,60.951,61.987,1063743,,,2.0782,hfq
2020-03-23,60.692,61.372,60.563,60.725,856805,,,-2.0359,hfq
2020-03-24,61.889,62.245,61.404,62.084,829557,,,2.2380,hfq
2020-03-25,63.151,63.637,62.634,63.378,869303,,,2.0843,hfq
2020-03-26,63.281,65.805,63.022,64.543,1173570,,,1.8382,hfq
2020-03-27,65.222,65.481,64.608,64.834,584062,,,0.4509,hfq
2020-03-30,64.187,64.672,63.928,64.575,542150,,,-0.3995,hfq
2020-03-31,64.867,65.093,63.605,63.637,523816,,,-1.4526,hfq
2020-04-01,63.669,64.511,63.637,63.799,498923,,,0.2546,hfq
2020-04-02,63.605,64.155,63.443,64.155,403486,,,0.5580,hfq
2020-04-03,64.025,64.252,63.605,64.122,420808,,,-0.0514,hfq
2020-04-07,64.834,65.093,64.446,64.608,660678,,,0.7579,hfq
2020-04-08,64.316,64.543,63.928,64.090,400591,,,-0.8018,hfq
2020-04-09,64.381,64.446,63.960,64.025,271030,,,-0.1014,hfq
2020-04-10,64.058,64.737,63.863,64.413,457053,,,0.6060,hfq
2020-04-13,64.155,64.187,63.572,63.766,375620,,,-1.0045,hfq
2020-04-14,64.025,64.381,63.669,64.381,564654,,,0.9645,hfq
2020-04-15,64.316,64.316,63.863,63.928,333363,,,-0.7036,hfq
2020-04-16,63.702,63.896,63.443,63.669,381000,,,-0.4051,hfq
2020-04-17,63.993,64.381,63.702,64.122,613900,,,0.7115,hfq
2020-04-20,63.960,64.025,63.443,63.702,555806,,,-0.6550,hfq
2020-04-21,63.572,63.896,63.184,63.281,411480,,,-0.6609,hfq
2020-04-22,63.281,63.346,62.893,63.281,362422,,,0.0000,hfq
2020-04-23,63.443,63.507,62.893,62.990,337784,,,-0.4599,hfq
2020-04-24,63.087,63.087,62.537,62.698,391000,,,-0.4636,hfq
2020-04-27,63.054,64.252,62.925,63.993,659797,,,2.0655,hfq
2020-04-28,64.155,64.219,63.507,64.219,473700,,,0.3532,hfq
2020-04-29,63.928,65.708,63.863,65.578,930777,,,2.1162,hfq
2020-04-30,65.740,66.808,65.643,65.934,597440,,,0.5429,hfq
2020-05-06,64.996,65.384,64.511,64.996,686182,,,-1.4226,hfq
2020-05-07,64.996,64.996,64.381,64.446,489018,,,-0.8462,hfq
2020-05-08,64.769,65.611,64.608,65.125,499030,,,1.0536,hfq
2020-05-11,65.190,65.643,65.061,65.190,438174,,,0.0998,hfq
2020-05-12,65.222,65.514,64.608,64.705,404260,,,-0.7440,hfq
2020-05-13,64.511,64.802,64.349,64.737,316944,,,0.0495,hfq
2020-05-14,64.575,64.575,63.896,63.993,434471,,,-1.1493,hfq
2020-05-15,64.316,64.413,63.960,64.090,294673,,,0.1516,hfq
2020-05-18,64.025,64.413,63.702,64.025,373443,,,-0.1014,hfq
2020-05-19,64.737,64.931,64.219,64.316,363097,,,0.4545,hfq
2020-05-20,64.316,64.705,64.025,64.575,401388,,,0.4027,hfq
2020-05-21,64.705,65.028,64.219,64.284,404336,,,-0.4506,hfq
2020-05-22,64.187,64.349,63.119,63.216,644871,,,-1.6614,hfq
2020-05-25,63.766,63.766,62.893,63.410,326550,,,0.3069,hfq
2020-05-26,63.605,63.637,63.281,63.475,310659,,,0.1025,hfq
2020-05-27,63.605,64.219,63.443,63.766,327880,,,0.4584,hfq
2020-05-28,63.896,64.867,63.863,64.413,530129,,,1.0146,hfq
2020-05-29,64.090,64.284,63.831,64.252,457094,,,-0.2499,hfq
2020-06-01,64.413,64.899,64.284,64.802,673009,,,0.8560,hfq
2020-06-02,64.575,65.352,64.575,65.190,566745,,,0.5987,hfq
2020-06-03,65.514,66.258,64.996,64.996,700461,,,-0.2976,hfq
2020-06-04,65.287,65.352,64.672,64.737,404547,,,-0.3985,hfq
2020-06-05,64.899,64.931,64.349,64.608,413355,,,-0.1993,hfq
2020-06-08,64.672,65.061,64.349,64.413,674493,,,-0.3018,hfq
2020-06-09,64.478,64.802,64.284,64.737,533387,,,0.5030,hfq
2020-06-10,64.737,64.737,63.928,63.993,708812,,,-1.1493,hfq
2020-06-11,64.025,64.090,63.184,63.313,859129,,,-1.0626,hfq
2020-06-12,62.925,63.831,62.828,63.831,936449,,,0.8182,hfq
2020-06-15,63.184,63.281,62.731,62.731,867764,,,-1.7233,hfq
2020-06-16,63.054,63.313,62.925,63.184,529171,,,0.7221,hfq
2020-06-17,63.087,63.184,62.893,63.087,459364,,,-0.1535,hfq
2020-06-18,62.698,63.249,62.472,63.119,661199,,,0.0507,hfq
2020-06-19,63.119,63.249,62.796,63.184,884484,,,0.1030,hfq
2020-06-22,63.087,63.249,62.828,62.893,717428,,,-0.4606,hfq
2020-06-23,62.860,62.925,62.569,62.601,585168,,,-0.4643,hfq
2020-06-24,62.860,63.507,62.763,63.410,866838,,,1.2923,hfq
2020-06-29,63.637,63.960,63.054,63.249,830137,,,-0.2539,hfq
2020-06-30,63.507,63.605,63.054,63.216,533326,,,-0.0522,hfq
2020-07-01,63.346,64.608,63.184,64.413,1115848,,,1.8935,hfq
2020-07-02,64.252,65.708,64.122,65.708,1501595,,,2.0105,hfq
2020-07-03,66.064,67.164,65.773,67.067,1661937,,,2.0682,hfq
2020-07-06,67.747,72.568,67.747,72.439,3530793,,,8.0099,hfq
2020-07-07,73.474,74.736,71.371,71.533,2803917,,,-1.2507,hfq
2020-07-08,71.791,73.215,71.306,72.439,2177524,,,1.2665,hfq
2020-07-09,72.180,72.277,71.209,71.533,1859668,,,-1.2507,hfq
2020-07-10,71.209,71.371,68.847,69.106,2079910,,,-3.3928,hfq
2020-07-13,68.653,69.753,68.264,68.814,2073036,,,-0.4225,hfq
2020-07-14,68.847,69.106,67.747,68.297,1693897,,,-0.7513,hfq
2020-07-15,68.918,68.918,67.138,67.171,1702033,,,-1.6487,hfq
2020-07-16,67.429,68.271,66.717,66.782,1352206,,,-0.5791,hfq
2020-07-17,67.268,67.526,66.297,66.685,956755,,,-0.1452,hfq
2020-07-20,67.171,68.206,66.588,67.947,1434910,,,1.8925,hfq
2020-07-21,68.044,68.044,67.268,67.526,799021,,,-0.6196,hfq
2020-07-22,67.559,68.174,67.138,67.300,1256329,,,-0.3347,hfq
2020-07-23,66.912,67.138,66.070,66.362,1160405,,,-1.3938,hfq
2020-07-24,66.232,66.329,65.100,65.294,1373554,,,-1.6094,hfq
2020-07-27,65.650,66.006,64.776,64.905,954702,,,-0.5958,hfq
2020-07-28,65.294,65.520,64.873,65.100,592290,,,0.3004,hfq
2020-07-29,65.100,66.006,64.938,65.779,861668,,,1.0430,hfq
2020-07-30,65.779,65.908,65.261,65.261,617808,,,-0.7875,hfq
2020-07-31,65.423,66.070,65.002,65.294,982287,,,0.0506,hfq
2020-08-03,65.650,65.844,65.261,65.650,1058477,,,0.5452,hfq
2020-08-04,65.811,67.397,65.650,66.912,1737947,,,1.9223,hfq
2020-08-05,66.653,66.653,65.908,66.070,1075180,,,-1.2584,hfq
2020-08-06,66.232,66.653,65.553,66.329,890113,,,0.3920,hfq
2020-08-07,66.006,66.394,65.326,65.520,1060592,,,-1.2197,hfq
2020-08-10,65.553,66.103,65.261,65.844,1081852,,,0.4945,hfq
2020-08-11,65.779,67.009,65.714,65.876,1610332,,,0.0486,hfq
2020-08-12,65.973,66.459,65.779,66.426,989057,,,0.8349,hfq
2020-08-13,66.782,66.815,66.103,66.200,822147,,,-0.3402,hfq
2020-08-14,66.329,66.750,65.973,66.717,965519,,,0.7810,hfq
2020-08-17,66.750,68.691,66.685,68.012,2570457,,,1.9410,hfq
2020-08-18,67.721,67.947,66.912,67.235,1388627,,,-1.1424,hfq
2020-08-19,67.041,67.235,66.459,66.523,1157401,,,-1.0590,hfq
2020-08-20,66.362,66.394,65.779,66.038,935038,,,-0.7291,hfq
2020-08-21,66.232,66.297,65.941,66.200,670744,,,0.2453,hfq
2020-08-24,66.232,66.362,65.844,65.908,755297,,,-0.4411,hfq
2020-08-25,66.006,66.232,65.779,65.973,550890,,,0.0986,hfq
2020-08-26,65.941,66.006,65.391,65.455,756227,,,-0.7852,hfq
2020-08-27,65.455,65.553,65.100,65.455,660879,,,0.0000,hfq
2020-08-28,65.391,66.200,65.164,66.135,977897,,,1.0389,hfq
2020-08-31,67.300,68.433,66.912,66.912,3419813,,,1.1749,hfq
2020-09-01,66.879,68.141,66.620,67.526,1417923,,,0.9176,hfq
2020-09-02,67.591,67.850,66.879,67.429,1109405,,,-0.1436,hfq
2020-09-03,67.559,68.077,67.073,67.300,886646,,,-0.1913,hfq
2020-09-04,66.912,67.300,66.556,66.782,762875,,,-0.7697,hfq
2020-09-07,66.685,67.624,66.685,67.009,929042,,,0.3399,hfq
2020-09-08,67.365,68.368,67.365,68.044,1449728,,,1.5446,hfq
2020-09-09,67.688,68.335,67.365,67.429,988617,,,-0.9038,hfq
2020-09-10,67.721,67.882,67.009,67.171,877241,,,-0.3826,hfq
2020-09-11,67.106,67.332,66.588,66.815,661584,,,-0.5300,hfq
2020-09-14,66.912,67.106,66.491,66.782,609369,,,-0.0494,hfq
2020-09-15,66.653,67.073,66.426,66.685,528700,,,-0.1452,hfq
2020-09-16,66.717,67.106,66.556,66.847,573369,,,0.2429,hfq
2020-09-17,66.847,67.009,66.297,66.329,733661,,,-0.7749,hfq
2020-09-18,66.459,67.688,66.200,67.688,1360339,,,2.0489,hfq
2020-09-21,67.591,68.109,67.462,67.818,1041815,,,0.1921,hfq
2020-09-22,67.559,67.915,67.106,67.203,670871,,,-0.9068,hfq
2020-09-23,67.332,67.429,66.815,66.879,529181,,,-0.4821,hfq
2020-09-24,66.717,66.847,66.167,66.264,832834,,,-0.9196,hfq
2020-09-25,66.394,66.556,66.070,66.232,535550,,,-0.0483,hfq
2020-09-28,66.329,66.556,66.135,66.362,364503,,,0.1963,hfq
2020-09-29,66.523,66.653,66.070,66.070,581714,,,-0.4400,hfq
2020-09-30,66.685,67.332,66.394,66.815,1065415,,,1.1276,hfq
2020-10-09,67.526,67.785,66.912,66.944,1006763,,,0.1931,hfq
2020-10-12,67.203,68.886,66.944,68.788,2355142,,,2.7545,hfq
2020-10-13,68.659,69.209,68.368,68.886,1186945,,,0.1425,hfq
2020-10-14,69.274,69.274,68.433,68.821,766006,,,-0.0944,hfq
2020-10-15,68.530,70.601,68.530,69.662,1989348,,,1.2220,hfq
2020-10-16,69.662,72.219,69.597,71.701,2398885,,,2.9270,hfq
2020-10-19,72.704,73.998,71.701,71.798,2401308,,,0.1353,hfq
2020-10-20,72.154,72.477,71.312,72.219,1165416,,,0.5864,hfq
2020-10-21,72.219,73.513,71.798,73.416,1491873,,,1.6575,hfq
2020-10-22,73.901,74.775,72.930,73.578,1206897,,,0.2207,hfq
2020-10-23,73.481,75.293,73.189,73.901,1468439,,,0.4390,hfq
2020-10-26,74.031,74.322,71.895,72.154,1323426,,,-2.3640,hfq
2020-10-27,72.186,72.704,71.571,72.219,755282,,,0.0901,hfq
2020-10-28,72.251,72.866,71.021,71.312,984732,,,-1.2559,hfq
2020-10-29,70.762,72.866,70.698,72.219,1053634,,,1.2719,hfq
2020-10-30,72.542,73.610,71.604,72.219,1261000,,,0.0000,hfq
2020-11-02,72.542,73.092,71.539,72.219,1001614,,,0.0000,hfq
2020-11-03,73.028,74.322,72.477,72.574,1223376,,,0.4916,hfq
2020-11-04,73.513,74.322,73.028,73.998,1099993,,,1.9621,hfq
2020-11-05,74.645,74.743,73.157,73.448,891051,,,-0.7433,hfq
2020-11-06,73.189,73.222,71.863,72.833,910569,,,-0.8373,hfq
2020-11-09,73.416,73.804,72.574,72.833,1016281,,,0.0000,hfq
2020-11-10,73.772,75.325,73.707,74.678,1732314,,,2.5332,hfq
2020-11-11,74.548,75.552,74.225,75.066,1177252,,,0.5196,hfq
2020-11-12,74.775,75.066,74.322,74.451,616191,,,-0.8193,hfq
2020-11-13,73.837,73.837,71.766,72.121,1627575,,,-3.1296,hfq
2020-11-16,72.413,72.477,71.571,71.798,982154,,,-0.4479,hfq
2020-11-17,71.992,72.866,71.636,72.574,781428,,,1.0808,hfq
2020-11-18,72.930,77.331,72.898,76.749,3218567,,,5.7527,hfq
2020-11-19,76.684,77.558,76.263,77.170,1777967,,,0.5485,hfq
2020-11-20,75.616,76.781,75.422,76.166,1301072,,,-1.3010,hfq
2020-11-23,76.102,79.402,76.037,79.143,2345567,,,3.9086,hfq
2020-11-24,79.143,80.147,78.787,79.596,1347492,,,0.5724,hfq
2020-11-25,80.308,80.470,78.237,78.561,991664,,,-1.3003,hfq
2020-11-26,79.079,80.697,78.690,80.664,1475407,,,2.6769,hfq
2020-11-27,80.858,81.441,80.211,81.311,1300352,,,0.8021,hfq
2020-11-30,82.218,86.036,82.218,82.638,2870629,,,1.6320,hfq
2020-12-01,83.415,85.130,82.574,84.515,1604940,,,2.2714,hfq
2020-12-02,84.062,84.806,82.638,83.544,1140892,,,-1.1489,hfq
2020-12-03,83.641,84.547,82.735,83.350,805592,,,-0.2322,hfq
2020-12-04,83.188,83.253,81.603,82.962,1035196,,,-0.4655,hfq
2020-12-07,82.962,83.318,79.791,80.956,1407522,,,-2.4180,hfq
2020-12-08,80.956,81.894,79.985,80.179,1068335,,,-0.9598,hfq
2020-12-09,80.826,81.959,80.632,80.794,1020506,,,0.7670,hfq
2020-12-10,80.729,81.376,79.629,80.244,797463,,,-0.6807,hfq
2020-12-11,80.729,81.344,79.435,79.726,1026901,,,-0.6455,hfq
2020-12-14,80.891,81.473,80.082,81.053,983055,,,1.6645,hfq
2020-12-15,80.988,80.988,78.076,79.596,1244570,,,-1.7976,hfq
2020-12-16,79.855,81.279,79.661,80.697,825708,,,1.3832,hfq
2020-12-17,81.020,81.894,79.143,81.829,1106911,,,1.4028,hfq
2020-12-18,81.376,81.894,79.920,80.826,972564,,,-1.2257,hfq
2020-12-21,80.632,80.632,79.176,79.791,903275,,,-1.2805,hfq
2020-12-22,79.823,80.664,78.496,78.723,1026230,,,-1.3385,hfq
2020-12-23,78.658,79.402,77.623,78.755,814303,,,0.0406,hfq
2020-12-24,79.338,80.535,79.014,79.888,839926,,,1.4386,hfq
2020-12-25,80.147,80.503,78.302,80.017,603177,,,0.1615,hfq
2020-12-28,79.532,81.570,79.338,80.923,1015795,,,1.1323,hfq
2020-12-29,81.085,82.282,81.020,81.376,1079405,,,0.5598,hfq
2020-12-30,81.150,82.250,80.794,82.250,857494,,,1.0740,hfq
2020-12-31,82.476,83.382,81.344,82.153,1138444,,,-0.1179,hfq
2021-01-04,80.308,80.308,77.914,78.205,2426799,,,-4.8057,hfq
2021-01-05,77.784,77.849,74.937,75.649,2349601,,,-3.2683,hfq
2021-01-06,75.681,78.464,75.616,78.464,1742790,,,3.7211,hfq
2021-01-07,78.690,79.985,78.367,79.661,1411008,,,1.5255,hfq
2021-01-08,80.244,80.923,79.273,80.373,1233989,,,0.8938,hfq
2021-01-11,81.214,82.476,80.826,80.988,1604724,,,0.7652,hfq
2021-01-12,81.506,82.347,80.794,82.088,1306929,,,1.3582,hfq
2021-01-13,81.797,83.350,81.538,82.897,1458836,,,0.9855,hfq
2021-01-14,83.059,84.806,82.994,83.706,1512567,,,0.9759,hfq
2021-01-15,87.427,90.178,86.715,88.107,3635738,,,5.2577,hfq
2021-01-18,88.075,93.511,87.783,92.961,2886877,,,5.5092,hfq
2021-01-19,91.958,93.058,90.502,91.893,1483284,,,-1.1489,hfq
2021-01-20,91.893,93.026,89.304,89.757,1321459,,,-2.3244,hfq
2021-01-21,90.502,91.634,89.757,90.372,1111980,,,0.6852,hfq
2021-01-22,90.113,90.113,87.136,88.819,1481975,,,-1.7185,hfq
2021-01-25,88.528,89.498,86.651,88.754,1121384,,,-0.0732,hfq
2021-01-26,88.916,89.919,88.139,88.560,843215,,,-0.2186,hfq
2021-01-27,89.013,91.796,88.916,90.502,1213443,,,2.1929,hfq
2021-01-28,89.434,90.210,87.719,89.693,1115353,,,-0.8939,hfq
2021-01-29,90.663,91.310,88.366,89.369,1038814,,,-0.3612,hfq
2021-02-01,88.981,93.252,88.139,92.508,1273320,,,3.5124,hfq
2021-02-02,91.893,93.187,90.178,90.955,1244745,,,-1.6788,hfq
2021-02-03,91.052,95.485,90.372,94.514,1541764,,,3.9129,hfq
2021-02-04,93.737,96.553,93.381,94.773,1192747,,,0.2740,hfq
2021-02-05,95.614,98.527,94.870,97.976,1394889,,,3.3797,hfq
2021-02-08,97.782,102.151,96.617,101.180,1537818,,,3.2702,hfq
2021-02-09,100.921,101.989,98.785,101.374,1197791,,,0.1917,hfq
2021-02-10,101.795,103.769,97.685,100.824,1439326,,,-0.5425,hfq
2021-02-18,101.665,105.451,101.665,104.351,1419728,,,3.4982,hfq
2021-02-19,103.931,105.193,100.468,101.180,1198817,,,-3.0388,hfq
2021-02-22,100.371,100.695,97.394,98.138,1574477,,,-3.0065,hfq
2021-02-23,98.138,101.633,98.138,100.080,1193116,,,1.9788,hfq
2021-02-24,99.174,99.724,97.168,97.815,1071382,,,-2.2632,hfq
2021-02-25,98.915,100.921,97.815,99.433,929485,,,1.6541,hfq
2021-02-26,98.106,99.465,93.543,94.482,1870095,,,-4.9792,hfq
2021-03-01,95.517,96.423,94.482,95.226,1158279,,,0.7875,hfq
2021-03-02,95.873,96.650,93.349,95.097,1097229,,,-0.1355,hfq
2021-03-03,95.744,99.174,95.420,98.656,1483367,,,3.7425,hfq
2021-03-04,97.750,99.077,95.582,96.488,1022209,,,-2.1975,hfq
2021-03-05,95.420,96.326,92.767,94.870,1086198,,,-1.6769,hfq
2021-03-08,95.064,95.420,91.375,91.537,1155838,,,-3.5132,hfq
2021-03-09,91.537,92.702,89.207,89.725,1160973,,,-1.9795,hfq
2021-03-10,90.663,90.663,87.945,88.689,1078694,,,-1.1546,hfq
2021-03-11,90.275,93.284,89.951,91.602,1209806,,,3.2845,hfq
2021-03-12,92.217,93.123,91.505,92.022,803722,,,0.4585,hfq
2021-03-15,92.281,94.870,91.958,92.573,1073511,,,0.5988,hfq
2021-03-16,93.123,95.776,92.670,94.255,899350,,,1.8169,hfq
2021-03-17,94.029,94.773,91.731,92.217,797934,,,-2.1622,hfq
2021-03-18,92.475,93.284,91.310,91.828,773567,,,-0.4218,hfq
2021-03-19,91.958,92.346,89.240,89.757,879628,,,-2.2553,hfq
2021-03-22,90.631,92.508,90.146,91.084,957477,,,1.4784,hfq
2021-03-23,90.825,91.796,89.304,90.210,599815,,,-0.9596,hfq
2021-03-24,90.210,90.469,87.427,87.622,1077260,,,-2.8689,hfq
2021-03-25,89.013,89.337,87.719,88.107,601452,,,0.5535,hfq
2021-03-26,88.851,90.178,88.139,89.790,716712,,,1.9102,hfq
2021-03-29,89.725,90.437,88.495,89.660,676233,,,-0.1448,hfq
2021-03-30,89.951,90.502,89.078,89.757,601418,,,0.1082,hfq
2021-03-31,90.502,93.640,89.757,92.573,1398036,,,3.1374,hfq
2021-04-01,93.090,93.252,91.893,92.508,504765,,,-0.0702,hfq
2021-04-02,92.896,92.928,89.401,90.275,858360,,,-2.4138,hfq
2021-04-06,90.631,91.537,90.243,91.310,491674,,,1.1465,hfq
2021-04-07,91.246,91.440,89.240,90.016,519267,,,-1.4172,hfq
2021-04-08,89.854,90.469,89.207,89.951,394648,,,-0.0722,hfq
2021-04-09,90.210,90.728,89.434,89.822,461099,,,-0.1434,hfq
2021-04-12,89.207,89.790,88.139,88.463,656059,,,-1.5130,hfq
2021-04-13,89.110,89.337,86.780,87.686,717822,,,-0.8783,hfq
2021-04-14,88.010,88.010,84.612,84.806,1648136,,,-3.2844,hfq
2021-04-15,85.130,85.130,80.794,82.088,2981366,,,-3.2050,hfq
2021-04-16,82.412,82.444,81.150,82.218,1120636,,,0.1584,hfq
2021-04-19,82.250,82.929,80.858,82.671,1457515,,,0.5510,hfq
2021-04-20,82.574,84.871,82.379,83.641,1255718,,,1.1733,hfq
2021-04-21,83.771,86.521,83.771,85.809,1392892,,,2.5920,hfq
2021-04-22,85.971,86.295,83.868,84.547,918508,,,-1.4707,hfq
2021-04-23,84.224,85.615,83.868,85.389,587269,,,0.9959,hfq
2021-04-26,86.327,87.071,84.159,84.353,911810,,,-1.2133,hfq
2021-04-27,84.191,85.551,83.997,84.968,523660,,,0.7291,hfq
2021-04-28,85.033,85.292,83.124,84.191,881318,,,-0.9145,hfq
2021-04-29,84.256,86.521,84.191,86.489,1048133,,,2.7295,hfq
2021-04-30,87.427,87.427,84.353,84.968,1234070,,,-1.7586,hfq
2021-05-06,84.353,87.589,84.353,86.651,1021380,,,1.9807,hfq
2021-05-07,87.395,89.207,87.104,87.913,1294224,,,1.4564,hfq
2021-05-10,88.010,88.010,85.292,85.809,981415,,,-2.3933,hfq
2021-05-11,85.486,87.783,85.421,86.942,1000902,,,1.3204,hfq
2021-05-12,86.813,90.178,86.618,87.557,1475974,,,0.7074,hfq
2021-05-13,87.460,88.592,87.363,87.686,801825,,,0.1473,hfq
2021-05-14,88.107,89.142,86.877,88.948,968005,,,1.4392,hfq
2021-05-17,88.625,90.307,87.557,88.431,1124306,,,-0.5812,hfq
2021-05-18,88.333,88.592,87.071,87.654,783473,,,-0.8787,hfq
2021-05-19,87.427,87.492,83.318,84.386,2140154,,,-3.7283,hfq
2021-05-20,83.836,84.580,83.124,84.547,1024327,,,0.1908,hfq
2021-05-21,84.644,84.871,83.124,83.900,930509,,,-0.7653,hfq
2021-05-24,83.771,85.421,83.771,84.677,1060659,,,0.9261,hfq
2021-05-25,84.612,89.595,84.256,89.498,2349372,,,5.6934,hfq
2021-05-26,90.178,91.537,89.854,90.599,1428740,,,1.2302,hfq
2021-05-27,90.437,90.437,88.754,89.110,1202962,,,-1.6435,hfq
2021-05-28,89.240,90.469,88.948,89.919,789027,,,0.9079,hfq
2021-05-31,89.757,89.887,88.042,89.401,1063937,,,-0.5761,hfq
2021-06-01,88.722,88.884,87.330,87.751,1181690,,,-1.8456,hfq
2021-06-02,87.848,87.913,86.457,86.974,917941,,,-0.8855,hfq
2021-06-03,87.169,88.301,85.874,86.133,1194652,,,-0.9670,hfq
2021-06-04,86.230,88.172,85.874,87.071,1319103,,,1.0890,hfq
2021-06-07,87.071,87.071,85.907,86.715,596421,,,-0.4089,hfq
2021-06-08,86.748,87.395,85.680,86.327,901698,,,-0.4474,hfq
2021-06-09,86.133,86.780,85.486,85.680,733077,,,-0.7495,hfq
2021-06-10,86.101,86.683,85.745,85.907,949720,,,0.2649,hfq
2021-06-11,85.971,86.165,83.221,84.386,1590641,,,-1.7705,hfq
2021-06-15,83.706,83.803,82.088,82.315,1053113,,,-2.4542,hfq
2021-06-16,82.088,82.994,81.700,82.218,876143,,,-0.1178,hfq
2021-06-17,82.250,82.735,81.862,81.926,668422,,,-0.3552,hfq
2021-06-18,81.603,81.667,79.467,79.855,1472701,,,-2.5279,hfq
2021-06-21,79.661,79.920,78.787,78.982,909977,,,-1.0932,hfq
2021-06-22,79.305,80.244,78.626,79.402,1171826,,,0.5318,hfq
2021-06-23,79.532,80.341,79.014,80.049,848507,,,0.8148,hfq
2021-06-24,80.179,80.761,79.920,80.761,664527,,,0.8895,hfq
2021-06-25,80.923,81.991,80.794,81.667,1015961,,,1.1218,hfq
2021-06-28,81.667,81.862,79.758,80.082,1063893,,,-1.9408,hfq
2021-06-29,80.444,81.286,80.185,80.897,956975,,,1.0177,hfq
2021-06-30,81.609,84.489,81.609,83.713,1383069,,,3.4810,hfq
2021-07-01,84.619,87.272,84.360,86.172,1760491,,,2.9374,hfq
2021-07-02,85.460,85.492,84.036,84.489,1245257,,,-1.9531,hfq
2021-07-05,84.975,85.428,83.227,85.298,847833,,,0.9575,hfq
2021-07-06,85.363,87.304,85.169,86.690,1057850,,,1.6319,hfq
2021-07-07,86.625,87.757,85.719,86.269,749238,,,-0.4856,hfq
2021-07-08,86.916,87.175,83.810,84.198,1347908,,,-2.4006,hfq
2021-07-09,84.133,84.877,82.289,82.936,1174399,,,-1.4988,hfq
2021-07-12,83.874,85.039,82.936,83.583,1233859,,,0.7801,hfq
2021-07-13,83.713,84.198,82.321,83.260,825470,,,-0.3864,hfq
2021-07-14,83.195,83.195,80.962,81.350,1156382,,,-2.2940,hfq
2021-07-15,81.318,84.683,80.994,84.522,1276302,,,3.8992,hfq
2021-07-16,84.101,84.910,82.936,83.389,758201,,,-1.3405,hfq
2021-07-19,83.357,83.551,81.739,83.260,748673,,,-0.1547,hfq
2021-07-20,82.839,83.227,81.803,82.030,612005,,,-1.4773,hfq
2021-07-21,82.127,82.580,80.768,81.059,1163013,,,-1.1837,hfq
2021-07-22,80.962,82.806,80.897,81.642,847361,,,0.7192,hfq
2021-07-23,81.674,81.706,80.638,81.253,787152,,,-0.4765,hfq
2021-07-26,80.703,80.800,77.661,77.726,1607333,,,-4.3408,hfq
2021-07-27,77.953,78.276,74.976,75.396,1596391,,,-2.9977,hfq
2021-07-28,75.752,76.949,75.299,76.529,1120705,,,1.5027,hfq
2021-07-29,77.014,77.014,75.170,75.267,1249646,,,-1.6490,hfq
2021-07-30,74.976,75.267,73.940,74.393,955772,,,-1.1612,hfq
2021-08-02,74.005,75.590,72.775,75.137,1388659,,,1.0001,hfq
2021-08-03,74.555,75.073,73.843,74.296,1107108,,,-1.1193,hfq
2021-08-04,74.490,74.555,73.422,73.519,920211,,,-1.0458,hfq
2021-08-05,73.390,74.199,73.099,73.552,776650,,,0.0449,hfq
2021-08-06,73.261,74.296,72.484,74.005,960914,,,0.6159,hfq
2021-08-09,74.102,77.370,74.037,76.173,1620649,,,2.9295,hfq
2021-08-10,76.076,77.985,75.299,77.597,1454307,,,1.8694,hfq
2021-08-11,77.661,79.765,77.338,77.856,1490811,,,0.3338,hfq
2021-08-12,77.791,78.276,77.208,77.435,729885,,,-0.5407,hfq
2021-08-13,77.467,77.726,76.755,77.500,726767,,,0.0839,hfq
2021-08-16,77.953,78.341,76.982,77.500,750721,,,0.0000,hfq
2021-08-17,77.467,78.179,76.561,76.723,734270,,,-1.0026,hfq
2021-08-18,76.852,80.024,76.820,79.312,1331224,,,3.3745,hfq
2021-08-19,79.020,79.506,77.241,77.241,1045516,,,-2.6112,hfq
2021-08-20,77.661,78.050,75.493,76.302,1313534,,,-1.2157,hfq
2021-08-23,76.270,77.014,75.979,76.399,786545,,,0.1271,hfq
2021-08-24,76.399,77.661,76.205,77.370,912143,,,1.2710,hfq
2021-08-25,77.338,77.888,76.399,76.658,723376,,,-0.9203,hfq
2021-08-26,76.594,76.691,75.526,75.882,795093,,,-1.0123,hfq
2021-08-27,75.785,76.399,74.878,75.493,1057718,,,-0.5126,hfq
2021-08-30,75.914,76.949,75.234,75.785,1157386,,,0.3868,hfq
2021-08-31,75.946,77.402,75.332,77.079,1166434,,,1.7075,hfq
2021-09-01,76.788,79.829,76.723,79.215,1863632,,,2.7712,hfq
2021-09-02,79.571,80.703,79.473,80.088,1356524,,,1.1021,hfq
2021-09-03,79.829,81.221,78.535,80.121,1239110,,,0.0412,hfq
2021-09-06,79.829,80.865,79.732,79.862,768484,,,-0.3233,hfq
2021-09-07,80.056,81.706,79.344,81.609,1223167,,,2.1875,hfq
2021-09-08,81.383,82.192,79.668,80.088,1356653,,,-1.8638,hfq
2021-09-09,79.700,79.927,78.859,79.441,925753,,,-0.8079,hfq
2021-09-10,79.538,82.677,79.441,81.091,1935698,,,2.0770,hfq
2021-09-13,81.091,82.418,80.671,82.224,1586912,,,1.3972,hfq
2021-09-14,82.224,82.580,79.118,79.215,1747155,,,-3.6595,hfq
2021-09-15,78.956,79.441,77.726,78.211,1193492,,,-1.2674,hfq
2021-09-16,77.888,78.600,77.338,77.402,907176,,,-1.0344,hfq
2021-09-17,77.402,78.114,76.949,77.661,770201,,,0.3346,hfq
2021-09-22,75.461,76.496,74.749,75.849,1389291,,,-2.3332,hfq
2021-09-23,76.270,77.176,75.720,76.173,757549,,,0.4272,hfq
2021-09-24,76.076,76.432,74.976,75.202,803240,,,-1.2747,hfq
2021-09-27,75.202,75.946,73.908,75.785,1221821,,,0.7752,hfq
2021-09-28,75.785,77.305,75.590,76.949,1016263,,,1.5359,hfq
2021-09-29,76.335,77.888,76.140,77.111,818234,,,0.2105,hfq
2021-09-30,77.208,77.208,76.140,76.432,708723,,,-0.8805,hfq
2021-10-08,76.788,77.856,76.755,77.661,810562,,,1.6080,hfq
2021-10-11,78.697,80.315,78.697,79.862,1563445,,,2.8341,hfq
2021-10-12,79.765,80.800,79.215,79.797,1053341,,,-0.0814,hfq
2021-10-13,79.765,80.185,78.826,79.376,701941,,,-0.5276,hfq
2021-10-14,79.473,80.218,78.567,78.988,571366,,,-0.4888,hfq
2021-10-15,79.150,80.250,78.697,79.409,842513,,,0.5330,hfq
2021-10-18,79.797,80.218,79.020,79.473,664331,,,0.0806,hfq
2021-10-19,79.344,80.250,79.247,79.441,676642,,,-0.0403,hfq
2021-10-20,79.668,80.347,78.859,79.182,687583,,,-0.3260,hfq
2021-10-21,79.668,81.480,79.668,81.221,1469600,,,2.5751,hfq
2021-10-22,81.609,82.321,80.865,81.512,971692,,,0.3583,hfq
2021-10-25,80.574,81.156,80.250,80.800,876198,,,-0.8735,hfq
2021-10-26,80.574,81.156,79.571,79.927,1045140,,,-1.0804,hfq
2021-10-27,79.668,79.829,78.147,78.956,995326,,,-1.2149,hfq
2021-10-28,78.729,79.344,78.341,78.859,590692,,,-0.1229,hfq
2021-10-29,79.797,80.024,77.144,77.500,1642608,,,-1.7233,hfq
2021-11-01,77.629,79.506,77.338,78.600,1376606,,,1.4194,hfq
2021-11-02,78.600,78.923,75.073,75.526,2758717,,,-3.9109,hfq
2021-11-03,75.558,76.399,75.267,76.399,1014872,,,1.1559,hfq
2021-11-04,76.173,76.496,75.493,76.205,773762,,,-0.2539,hfq
2021-11-05,75.590,76.238,75.364,75.914,729897,,,-0.3819,hfq
2021-11-08,75.914,76.270,75.364,75.687,803828,,,-0.2990,hfq
2021-11-09,76.076,76.820,75.849,76.464,789709,,,1.0266,hfq
2021-11-10,76.270,76.335,75.623,76.076,724861,,,-0.5074,hfq
2021-11-11,75.817,78.503,75.817,78.341,1483277,,,2.9773,hfq
2021-11-12,78.373,78.956,77.823,78.179,660594,,,-0.2068,hfq
2021-11-15,78.276,78.923,77.597,78.147,548120,,,-0.0409,hfq
2021-11-16,77.856,78.406,77.047,77.402,537806,,,-0.9533,hfq
2021-11-17,76.917,77.823,76.820,77.111,461644,,,-0.3760,hfq
2021-11-18,77.014,77.370,76.335,76.432,579223,,,-0.8805,hfq
2021-11-19,76.367,77.435,76.238,77.079,678055,,,0.8465,hfq
2021-11-22,77.176,77.338,75.914,76.108,1058190,,,-1.2597,hfq
2021-11-23,76.108,76.367,75.687,75.882,1056176,,,-0.2969,hfq
2021-11-24,75.914,76.852,75.493,76.464,1083727,,,0.7670,hfq
2021-11-25,76.270,76.496,76.043,76.335,574889,,,-0.1687,hfq
2021-11-26,76.076,76.270,75.655,76.108,748758,,,-0.2974,hfq
2021-11-29,75.752,75.979,75.396,75.687,824463,,,-0.5532,hfq
2021-11-30,75.655,75.882,75.299,75.493,587481,,,-0.2563,hfq
2021-12-01,75.461,75.979,75.299,75.849,544134,,,0.4716,hfq
2021-12-02,75.752,76.852,75.396,76.658,928809,,,1.0666,hfq
2021-12-03,76.594,76.917,75.849,76.432,822042,,,-0.2948,hfq
2021-12-06,76.594,78.244,76.594,77.144,1324104,,,0.9315,hfq
2021-12-07,77.856,79.668,77.791,79.409,2510044,,,2.9361,hfq
2021-12-08,79.085,80.347,78.923,80.153,1520075,,,0.9369,hfq
2021-12-09,80.153,81.544,79.862,80.088,1432510,,,-0.0811,hfq
2021-12-10,79.668,81.059,79.538,80.056,1221508,,,-0.0400,hfq
2021-12-13,80.444,82.159,80.444,80.606,1410508,,,0.6870,hfq
2021-12-14,80.347,80.509,78.923,79.376,1037368,,,-1.5259,hfq
2021-12-15,79.020,79.473,78.438,79.085,961685,,,-0.3666,hfq
2021-12-16,79.473,80.477,79.182,80.315,940317,,,1.5553,hfq
2021-12-17,80.315,80.930,80.024,80.250,846600,,,-0.0809,hfq
2021-12-20,80.024,80.930,79.894,80.380,699546,,,0.1620,hfq
2021-12-21,80.315,81.350,80.153,80.412,881012,,,0.0398,hfq
2021-12-22,80.833,80.930,79.409,79.732,697348,,,-0.8456,hfq
2021-12-23,80.153,80.703,79.053,79.538,1396115,,,-0.2433,hfq
2021-12-24,79.862,79.862,78.891,78.923,763855,,,-0.7732,hfq
2021-12-27,78.729,78.923,78.082,78.211,944858,,,-0.9021,hfq
2021-12-28,78.438,79.279,78.406,78.826,930355,,,0.7863,hfq
2021-12-29,79.118,79.118,78.309,78.438,601638,,,-0.4922,hfq
2021-12-30,78.503,79.376,78.438,78.859,798266,,,0.5367,hfq
2021-12-31,79.053,79.215,78.632,78.826,553909,,,-0.0418,hfq
2022-01-04,78.923,79.344,78.179,79.118,1055271,,,0.3704,hfq
2022-01-05,79.182,82.968,79.150,82.159,2454030,,,3.8436,hfq
2022-01-06,82.451,82.742,81.609,81.803,1219046,,,-0.4333,hfq
2022-01-07,82.256,83.421,81.803,83.227,1177945,,,1.7408,hfq
2022-01-10,83.842,84.327,82.580,83.971,1278528,,,0.8939,hfq
2022-01-11,85.169,86.981,84.522,86.463,1954062,,,2.9677,hfq
2022-01-12,86.625,86.981,85.492,86.366,1481452,,,-0.1122,hfq
2022-01-13,86.463,87.207,85.686,85.945,1096567,,,-0.4875,hfq
2022-01-14,85.719,85.816,83.680,84.068,1465026,,,-2.1840,hfq
2022-01-17,84.295,85.039,83.098,83.583,816623,,,-0.5769,hfq
2022-01-18,83.615,86.269,83.227,86.139,1364751,,,3.0580,hfq
2022-01-19,86.139,87.240,85.622,86.819,1323517,,,0.7894,hfq
2022-01-20,86.754,89.278,86.657,88.890,1638620,,,2.3854,hfq
2022-01-21,88.405,88.631,87.434,87.757,817945,,,-1.2746,hfq
2022-01-24,87.757,89.408,87.078,88.599,1168089,,,0.9595,hfq
2022-01-25,88.405,88.405,86.463,86.528,1024315,,,-2.3375,hfq
2022-01-26,86.819,87.499,85.848,86.237,674514,,,-0.3363,hfq
2022-01-27,86.204,86.948,85.331,86.139,995376,,,-0.1136,hfq
2022-01-28,86.625,86.722,84.522,84.780,1025664,,,-1.5777,hfq
2022-02-07,86.301,88.664,86.042,88.437,1594037,,,4.3135,hfq
2022-02-08,88.566,89.926,88.340,89.634,1215914,,,1.3535,hfq
2022-02-09,89.796,90.508,88.922,89.278,1082395,,,-0.3972,hfq
2022-02-10,89.117,90.832,88.502,90.508,907149,,,1.3777,hfq
2022-02-11,90.929,92.061,90.346,91.608,1236475,,,1.2154,hfq
2022-02-14,91.479,91.479,88.858,89.214,1133555,,,-2.6133,hfq
2022-02-15,88.825,89.634,86.819,87.919,1543969,,,-1.4516,hfq
2022-02-16,88.081,89.570,88.081,88.987,709956,,,1.2148,hfq
2022-02-17,89.019,90.993,88.825,89.375,1103724,,,0.4360,hfq
2022-02-18,89.408,91.285,89.311,91.285,933980,,,2.1371,hfq
2022-02-21,90.993,91.317,89.375,90.864,809657,,,-0.4612,hfq
2022-02-22,91.058,92.352,90.087,91.899,1252979,,,1.1391,hfq
2022-02-23,91.899,91.932,89.537,90.023,1102071,,,-2.0414,hfq
2022-02-24,90.087,90.929,89.311,89.440,1028156,,,-0.6476,hfq
2022-02-25,89.667,90.314,87.984,88.761,1125989,,,-0.7592,hfq
2022-02-28,88.405,88.793,86.495,88.631,1022221,,,-0.1465,hfq
2022-03-01,88.405,89.311,87.596,88.955,871793,,,0.3656,hfq
2022-03-02,87.919,89.343,87.822,88.599,532416,,,-0.4002,hfq
2022-03-03,88.696,89.828,88.599,88.664,718005,,,0.0734,hfq
2022-03-04,88.405,88.696,87.110,87.466,752301,,,-1.3512,hfq
2022-03-07,86.754,87.822,85.848,86.269,1184656,,,-1.3685,hfq
2022-03-08,85.654,86.237,83.551,83.874,1361881,,,-2.7762,hfq
2022-03-09,84.166,84.975,81.544,83.454,1231453,,,-0.5008,hfq
2022-03-10,84.780,85.169,83.874,84.101,743162,,,0.7753,hfq
2022-03-11,83.680,84.813,82.224,84.522,820473,,,0.5006,hfq
2022-03-14,83.583,84.975,82.353,82.386,821298,,,-2.5272,hfq
2022-03-15,81.900,81.933,78.050,78.211,1643798,,,-5.0676,hfq
2022-03-16,79.344,81.965,78.211,81.350,1437253,,,4.0135,hfq
2022-03-17,82.839,83.033,80.735,81.642,1227694,,,0.3589,hfq
2022-03-18,81.221,84.780,81.059,84.392,1430839,,,3.3684,hfq
2022-03-21,84.133,84.522,82.483,82.645,975084,,,-2.0701,hfq
2022-03-22,82.871,84.942,82.742,84.554,863389,,,2.3099,hfq
2022-03-23,84.327,84.457,80.735,80.994,3084135,,,-4.2103,hfq
2022-03-24,80.574,81.544,79.862,81.447,1098797,,,0.5593,hfq
2022-03-25,81.868,83.389,81.447,82.159,1329048,,,0.8742,hfq
2022-03-28,81.415,82.451,80.509,82.030,821770,,,-0.1570,hfq
2022-03-29,82.192,82.321,81.383,81.544,526222,,,-0.5925,hfq
2022-03-30,81.900,83.033,81.577,82.871,960165,,,1.6273,hfq
2022-03-31,82.580,84.489,82.386,84.101,1178969,,,1.4842,hfq
2022-04-01,83.745,86.528,83.389,86.463,1421227,,,2.8085,hfq
2022-04-06,85.784,89.084,85.719,88.146,1598676,,,1.9465,hfq
2022-04-07,88.016,88.987,86.690,87.078,1101117,,,-1.2116,hfq
2022-04-08,87.110,88.534,87.078,88.372,802278,,,1.4860,hfq
2022-04-11,88.016,88.210,86.787,87.596,860660,,,-0.8781,hfq
2022-04-12,87.272,88.405,86.366,87.531,878480,,,-0.0742,hfq
2022-04-13,87.304,88.502,86.884,87.499,817165,,,-0.0366,hfq
2022-04-14,88.566,88.599,86.787,87.369,937776,,,-0.1486,hfq
2022-04-15,87.175,89.764,86.948,89.246,1189640,,,2.1484,hfq
2022-04-18,88.308,88.308,86.625,87.369,1143366,,,-2.1032,hfq
2022-04-19,87.110,87.304,85.492,86.625,928747,,,-0.8516,hfq
2022-04-20,86.754,87.175,85.848,86.010,730518,,,-0.7100,hfq
2022-04-21,86.010,87.369,85.039,85.589,912945,,,-0.4895,hfq
2022-04-22,85.072,87.110,84.877,86.528,762351,,,1.0971,hfq
2022-04-25,84.877,85.460,82.742,82.839,1492988,,,-4.2634,hfq
2022-04-26,83.162,84.327,82.709,83.292,910385,,,0.5468,hfq
2022-04-27,82.774,84.489,82.645,83.680,877749,,,0.4658,hfq
2022-04-28,83.551,85.395,83.421,85.331,1054013,,,1.9730,hfq
2022-04-29,85.007,85.007,81.933,83.486,1827994,,,-2.1622,hfq
2022-05-05,83.065,84.198,82.742,83.227,1003052,,,-0.3102,hfq
2022-05-06,82.548,83.162,81.706,81.803,643861,,,-1.7110,hfq
2022-05-09,81.415,81.706,80.153,80.703,669036,,,-1.3447,hfq
2022-05-10,80.218,82.159,79.765,81.933,829533,,,1.5241,hfq
2022-05-11,82.095,82.256,80.865,81.221,1054972,,,-0.8690,hfq
2022-05-12,80.833,81.091,80.185,80.735,582935,,,-0.5984,hfq
2022-05-13,81.091,82.224,80.638,81.124,1069314,,,0.4818,hfq
2022-05-16,81.156,81.156,79.279,79.797,1237326,,,-1.6358,hfq
2022-05-17,79.894,81.091,79.409,80.606,858625,,,1.0138,hfq
2022-05-18,80.962,80.994,79.603,80.056,742996,,,-0.6823,hfq
2022-05-19,79.344,79.829,79.247,79.603,665182,,,-0.5659,hfq
2022-05-20,79.927,81.156,79.862,80.930,1024771,,,1.6670,hfq
2022-05-23,81.124,81.512,80.347,80.897,800160,,,-0.0408,hfq
2022-05-24,81.156,81.415,80.218,80.250,607270,,,-0.7998,hfq
2022-05-25,80.477,80.800,80.121,80.412,461298,,,0.2019,hfq
2022-05-26,80.638,80.703,79.829,80.412,616063,,,0.0000,hfq
2022-05-27,80.606,81.577,80.477,81.027,736520,,,0.7648,hfq
2022-05-30,81.544,81.544,80.185,80.412,594663,,,-0.7590,hfq
2022-05-31,80.477,81.059,80.153,80.800,710119,,,0.4825,hfq
2022-06-01,80.962,80.994,80.218,80.509,607186,,,-0.3601,hfq
2022-06-02,80.218,80.477,79.700,79.829,721370,,,-0.8446,hfq
2022-06-06,79.700,79.829,78.567,79.312,1315650,,,-0.6476,hfq
2022-06-07,79.085,80.606,78.988,80.347,1004751,,,1.3050,hfq
2022-06-08,80.541,80.768,79.894,80.735,802914,,,0.4829,hfq
2022-06-09,81.124,82.839,80.962,82.548,1486130,,,2.2456,hfq
2022-06-10,82.321,83.130,81.836,83.001,1042362,,,0.5488,hfq
2022-06-13,82.709,82.968,81.124,81.609,1006422,,,-1.6771,hfq
2022-06-14,81.253,82.742,81.059,82.677,898242,,,1.3087,hfq
2022-06-15,82.742,85.169,82.418,84.263,1756861,,,1.9183,hfq
2022-06-16,84.635,84.732,83.243,83.373,1243801,,,-1.0562,hfq
2022-06-17,82.920,83.761,82.823,83.308,1008085,,,-0.0780,hfq
2022-06-20,83.308,83.437,82.111,82.467,960300,,,-1.0095,hfq
2022-06-21,82.434,83.664,82.111,83.276,718301,,,0.9810,hfq
2022-06-22,83.211,83.211,82.370,82.370,648894,,,-1.0879,hfq
2022-06-23,82.531,83.049,82.402,83.017,642934,,,0.7855,hfq
2022-06-24,82.984,83.373,82.143,82.661,895597,,,-0.4288,hfq
2022-06-27,82.661,83.632,82.499,83.211,848897,,,0.6654,hfq
2022-06-28,83.340,84.020,82.920,83.567,676452,,,0.4278,hfq
2022-06-29,83.340,84.700,83.308,84.182,839916,,,0.7359,hfq
2022-06-30,84.020,85.347,83.729,84.958,1003384,,,0.9218,hfq
2022-07-01,85.023,85.314,84.700,84.958,602202,,,0.0000,hfq
2022-07-04,84.829,85.088,83.891,84.214,780491,,,-0.8757,hfq
2022-07-05,84.279,85.217,83.988,84.311,815967,,,0.1152,hfq
2022-07-06,84.149,84.344,82.952,83.308,733437,,,-1.1896,hfq
2022-07-07,83.179,83.535,82.693,82.758,582847,,,-0.6602,hfq
2022-07-08,83.082,83.179,82.240,83.049,595228,,,0.3516,hfq
2022-07-11,82.887,83.599,82.596,82.596,629122,,,-0.5455,hfq
2022-07-12,82.758,83.599,82.758,82.952,702962,,,0.4310,hfq
2022-07-13,82.564,82.855,80.590,80.752,1815045,,,-2.6521,hfq
2022-07-14,80.202,80.202,78.616,78.810,1987092,,,-2.4049,hfq
2022-07-15,78.940,79.231,77.548,77.613,1464229,,,-1.5188,hfq
2022-07-18,78.001,78.648,77.710,78.163,872070,,,0.7086,hfq
2022-07-19,78.195,78.422,77.548,78.001,801578,,,-0.2073,hfq
2022-07-20,78.325,78.584,77.742,78.001,633218,,,0.0000,hfq
2022-07-21,77.839,77.839,76.577,76.739,1158803,,,-1.6179,hfq
2022-07-22,76.901,77.516,76.739,77.289,621486,,,0.7167,hfq
2022-07-25,77.289,77.710,76.933,77.516,421863,,,0.2937,hfq
2022-07-26,77.580,78.519,77.516,78.487,801883,,,1.2526,hfq
2022-07-27,78.907,78.972,78.001,78.260,566767,,,-0.2892,hfq
2022-07-28,78.422,78.972,78.389,78.487,553791,,,0.2901,hfq
2022-07-29,78.648,78.907,77.904,78.066,520739,,,-0.5364,hfq
2022-08-01,77.872,77.872,77.289,77.354,532803,,,-0.9120,hfq
2022-08-02,76.933,76.966,76.060,76.804,779242,,,-0.7110,hfq
2022-08-03,76.545,77.192,76.060,76.124,624408,,,-0.8854,hfq
2022-08-04,76.416,77.160,76.124,76.998,509062,,,1.1481,hfq
2022-08-05,77.030,77.516,76.610,77.516,413500,,,0.6727,hfq
2022-08-08,77.451,77.969,77.127,77.257,355451,,,-0.3341,hfq
2022-08-09,77.289,77.354,76.966,77.030,253335,,,-0.2938,hfq
2022-08-10,77.192,77.257,76.545,76.707,311596,,,-0.4193,hfq
2022-08-11,77.192,78.422,76.901,78.325,698553,,,2.1093,hfq
2022-08-12,78.066,78.551,77.936,78.389,383195,,,0.0817,hfq
2022-08-15,78.195,78.519,77.192,77.386,631099,,,-1.2795,hfq
2022-08-16,77.257,77.872,77.225,77.419,366720,,,0.0426,hfq
2022-08-17,77.613,78.648,77.192,78.487,707083,,,1.3795,hfq
2022-08-18,78.325,78.389,77.386,77.678,507026,,,-1.0307,hfq
2022-08-19,77.451,78.778,77.419,78.163,684367,,,0.6244,hfq
2022-08-22,77.839,78.745,77.742,78.034,502418,,,-0.1650,hfq
2022-08-23,78.034,78.163,77.289,77.548,426785,,,-0.6228,hfq
2022-08-24,77.516,78.325,77.386,77.451,550158,,,-0.1251,hfq
2022-08-25,77.613,78.648,77.386,78.487,670004,,,1.3376,hfq
2022-08-26,78.422,78.551,77.742,78.422,512143,,,-0.0828,hfq
2022-08-29,76.966,77.127,75.186,75.348,2267801,,,-3.9198,hfq
2022-08-30,75.186,75.542,74.603,74.992,938700,,,-0.4725,hfq
2022-08-31,74.700,76.383,74.571,75.930,1013765,,,1.2508,hfq
2022-09-01,75.671,76.318,75.574,75.930,554334,,,0.0000,hfq
2022-09-02,76.124,76.383,75.412,75.671,455456,,,-0.3411,hfq
2022-09-05,75.671,75.995,75.186,75.833,529371,,,0.2141,hfq
2022-09-06,75.865,76.383,75.574,75.768,606215,,,-0.0857,hfq
2022-09-07,75.671,75.963,75.348,75.865,435893,,,0.1280,hfq
2022-09-08,75.898,76.092,75.607,75.607,494942,,,-0.3401,hfq
2022-09-09,75.865,77.095,75.671,76.804,983033,,,1.5832,hfq
2022-09-13,77.095,77.678,76.577,77.483,753859,,,0.8841,hfq
2022-09-14,76.869,77.419,76.804,76.804,477132,,,-0.8763,hfq
2022-09-15,77.127,77.904,77.030,77.807,954107,,,1.3059,hfq
2022-09-16,77.548,77.742,76.286,76.286,734805,,,-1.9548,hfq
2022-09-19,76.383,76.804,76.221,76.674,406576,,,0.5086,hfq
2022-09-20,76.771,76.966,75.833,75.833,484674,,,-1.0969,hfq
2022-09-21,75.865,76.383,75.542,76.060,413002,,,0.2993,hfq
2022-09-22,75.704,75.963,75.574,75.736,388092,,,-0.4260,hfq
2022-09-23,75.639,76.448,75.639,75.898,390989,,,0.2139,hfq
2022-09-26,75.671,76.092,74.700,74.765,643546,,,-1.4928,hfq
2022-09-27,74.862,75.218,74.280,74.959,581404,,,0.2595,hfq
2022-09-28,74.830,75.477,74.312,75.056,539910,,,0.1294,hfq
2022-09-29,75.348,75.445,73.924,74.086,740478,,,-1.2924,hfq
2022-09-30,74.183,74.830,74.086,74.442,470496,,,0.4805,hfq
2022-10-10,74.280,74.733,73.827,73.924,504862,,,-0.6958,hfq
2022-10-11,74.215,74.280,73.341,73.406,423706,,,-0.7007,hfq
2022-10-12,73.471,73.956,72.662,73.892,544681,,,0.6621,hfq
2022-10-13,73.665,73.892,72.856,73.309,556712,,,-0.7890,hfq
2022-10-14,73.665,74.409,73.633,73.989,521782,,,0.9276,hfq
2022-10-17,73.794,74.312,73.697,74.053,382824,,,0.0865,hfq
2022-10-18,74.377,74.636,73.989,74.150,477073,,,0.1310,hfq
2022-10-19,73.956,74.247,72.824,72.824,732764,,,-1.7883,hfq
2022-10-20,72.759,72.953,72.435,72.630,600014,,,-0.2664,hfq
2022-10-21,72.694,73.018,72.241,72.306,496713,,,-0.4461,hfq
2022-10-24,72.306,72.500,69.944,70.073,1157428,,,-3.0883,hfq
2022-10-25,70.494,70.817,70.008,70.267,723392,,,0.2769,hfq
2022-10-26,70.267,70.656,69.685,69.847,585754,,,-0.5977,hfq
2022-10-27,70.041,70.526,69.879,69.911,462966,,,0.0916,hfq
2022-10-28,69.814,70.170,69.135,69.297,568471,,,-0.8783,hfq
2022-10-31,69.102,69.588,68.811,69.199,576494,,,-0.1414,hfq
2022-11-01,69.426,70.526,69.394,70.461,674258,,,1.8237,hfq
2022-11-02,70.138,70.397,69.750,70.235,598259,,,-0.3207,hfq
2022-11-03,69.976,70.073,69.394,69.555,458617,,,-0.9682,hfq
2022-11-04,69.426,70.720,69.394,70.494,748389,,,1.3500,hfq
2022-11-07,70.235,70.947,70.073,70.623,513676,,,0.1830,hfq
2022-11-08,70.591,70.753,70.267,70.559,367947,,,-0.0906,hfq
2022-11-09,70.559,71.012,70.494,70.688,388866,,,0.1828,hfq
2022-11-10,70.461,71.044,70.364,70.914,380416,,,0.3197,hfq
2022-11-11,71.821,73.697,71.367,72.824,1268087,,,2.6934,hfq
2022-11-14,73.956,75.607,73.956,74.506,1951001,,,2.3097,hfq
2022-11-15,74.280,75.218,74.150,74.603,705122,,,0.1302,hfq
2022-11-16,74.442,74.506,73.956,73.989,623276,,,-0.8230,hfq
2022-11-17,73.762,73.956,73.083,73.568,494633,,,-0.5690,hfq
2022-11-18,73.730,73.794,72.921,73.050,449561,,,-0.7041,hfq
2022-11-21,72.791,72.791,71.821,72.694,580954,,,-0.4873,hfq
2022-11-22,72.727,74.312,72.694,73.989,733663,,,1.7814,hfq
2022-11-23,74.021,75.121,73.859,74.603,732805,,,0.8299,hfq
2022-11-24,74.765,75.315,74.183,74.345,439345,,,-0.3458,hfq
2022-11-25,74.345,75.865,74.280,75.607,956856,,,1.6975,hfq
2022-11-28,74.830,74.895,73.956,74.700,750299,,,-1.1996,hfq
2022-11-29,75.607,78.972,75.607,78.195,2652288,,,4.6787,hfq
2022-11-30,77.775,78.907,77.516,77.839,1060878,,,-0.4553,hfq
2022-12-01,78.842,79.004,77.127,77.289,757838,,,-0.7066,hfq
2022-12-02,77.160,77.483,75.736,76.901,1029714,,,-0.5020,hfq
2022-12-05,77.548,78.648,77.192,78.519,1064464,,,2.1040,hfq
2022-12-06,78.163,78.454,77.645,78.131,651301,,,-0.4941,hfq
2022-12-07,77.969,78.228,77.289,77.451,589308,,,-0.8703,hfq
2022-12-08,77.451,78.131,77.225,77.969,505800,,,0.6688,hfq
2022-12-09,78.131,79.263,77.904,78.810,1091515,,,1.0786,hfq
2022-12-12,78.487,78.551,77.095,77.289,641818,,,-1.9300,hfq
2022-12-13,77.257,78.131,77.225,77.839,523454,,,0.7116,hfq
2022-12-14,78.163,78.228,77.322,78.034,473975,,,0.2505,hfq
2022-12-15,77.678,78.001,76.933,77.386,419549,,,-0.8304,hfq
2022-12-16,77.127,78.098,77.030,77.678,657345,,,0.3773,hfq
2022-12-19,77.742,78.001,76.286,76.642,649573,,,-1.3337,hfq
2022-12-20,76.416,76.933,75.121,75.509,866773,,,-1.4783,hfq
2022-12-21,75.607,76.157,75.380,75.930,374402,,,0.5575,hfq
2022-12-22,76.416,76.739,76.157,76.416,315192,,,0.6401,hfq
2022-12-23,76.092,76.771,76.027,76.383,344977,,,-0.0432,hfq
2022-12-26,76.383,76.836,75.736,76.092,384010,,,-0.3810,hfq
2022-12-27,76.610,77.580,76.545,76.966,445487,,,1.1486,hfq
2022-12-28,77.322,78.001,77.030,77.548,412202,,,0.7562,hfq
2022-12-29,77.257,77.645,76.513,76.998,408886,,,-0.7092,hfq
2022-12-30,77.192,77.775,76.836,77.483,503058,,,0.6299,hfq
2023-01-03,77.192,78.325,76.642,78.066,770285,,,0.7524,hfq
2023-01-04,78.195,79.684,78.034,79.037,968300,,,1.2438,hfq
2023-01-05,79.393,79.554,78.745,79.101,637233,,,0.0810,hfq
2023-01-06,79.004,79.328,78.487,79.134,528331,,,0.0417,hfq
2023-01-09,79.198,79.457,78.810,79.069,401440,,,-0.0821,hfq
2023-01-10,78.972,79.393,78.001,78.098,655413,,,-1.2280,hfq
2023-01-11,78.260,79.231,78.131,78.745,624385,,,0.8284,hfq
2023-01-12,79.037,79.069,78.422,78.972,366000,,,0.2883,hfq
2023-01-13,79.037,79.554,78.810,79.554,547583,,,0.7370,hfq
2023-01-16,79.619,80.331,79.231,79.554,742637,,,0.0000,hfq
2023-01-17,79.393,79.749,79.037,79.457,524374,,,-0.1219,hfq
2023-01-18,79.457,79.619,78.907,78.940,490031,,,-0.6507,hfq
2023-01-19,78.810,79.166,78.389,79.037,586365,,,0.1229,hfq
2023-01-20,79.069,79.069,78.422,78.681,636901,,,-0.4504,hfq
2023-01-30,79.393,79.457,78.422,78.487,784278,,,-0.2466,hfq
2023-01-31,78.357,78.745,77.354,77.580,1103953,,,-1.1556,hfq
2023-02-01,77.742,77.904,76.739,77.192,1071986,,,-0.5001,hfq
2023-02-02,77.257,77.322,76.739,76.901,696311,,,-0.3770,hfq
2023-02-03,76.707,76.771,76.189,76.416,604877,,,-0.6307,hfq
2023-02-06,76.157,76.189,75.704,76.060,629471,,,-0.4659,hfq
2023-02-07,75.995,76.351,75.963,76.124,458882,,,0.0841,hfq
2023-02-08,76.221,76.286,75.898,75.930,371296,,,-0.2548,hfq
2023-02-09,75.865,76.448,75.801,76.189,493650,,,0.3411,hfq
2023-02-10,76.189,76.286,75.898,76.189,367627,,,0.0000,hfq
2023-02-13,75.995,76.027,75.315,75.412,1011472,,,-1.0198,hfq
2023-02-14,75.574,75.736,75.412,75.736,500659,,,0.4296,hfq
2023-02-15,75.607,75.736,75.380,75.445,420402,,,-0.3842,hfq
2023-02-16,75.477,76.157,75.024,75.477,734488,,,0.0424,hfq
2023-02-17,75.445,75.607,74.571,74.636,788703,,,-1.1142,hfq
2023-02-20,74.798,76.092,74.571,76.027,928177,,,1.8637,hfq
2023-02-21,75.898,76.351,75.833,76.254,564886,,,0.2986,hfq
2023-02-22,76.027,76.189,75.671,75.704,387191,,,-0.7213,hfq
2023-02-23,75.801,76.157,75.671,75.736,348498,,,0.0423,hfq
2023-02-24,75.704,75.736,75.218,75.251,494478,,,-0.6404,hfq
2023-02-27,75.089,75.445,74.959,74.992,300377,,,-0.3442,hfq
2023-02-28,75.121,75.348,74.765,75.283,489487,,,0.3880,hfq
2023-03-01,75.315,76.221,75.283,76.092,837326,,,1.0746,hfq
2023-03-02,76.060,76.351,75.736,76.157,451678,,,0.0854,hfq
2023-03-03,76.351,76.674,76.092,76.577,811180,,,0.5515,hfq
2023-03-06,76.642,76.836,75.445,75.509,980572,,,-1.3947,hfq
2023-03-07,75.671,76.836,75.315,75.574,1383538,,,0.0861,hfq
2023-03-08,75.315,75.380,74.959,75.283,704993,,,-0.3851,hfq
2023-03-09,75.315,75.704,75.024,75.024,542969,,,-0.3440,hfq
2023-03-10,74.668,74.959,74.280,74.280,737610,,,-0.9917,hfq
2023-03-13,74.183,74.603,73.989,74.150,613363,,,-0.1750,hfq
2023-03-14,73.956,74.377,73.633,73.924,527669,,,-0.3048,hfq
2023-03-15,74.345,74.603,74.150,74.215,453079,,,0.3936,hfq
2023-03-16,73.956,75.154,73.827,74.539,640707,,,0.4366,hfq
2023-03-17,74.830,75.412,74.442,74.668,802207,,,0.1731,hfq
2023-03-20,74.733,75.186,74.312,74.345,546253,,,-0.4326,hfq
2023-03-21,74.539,74.959,74.183,74.345,490331,,,0.0000,hfq
2023-03-22,74.539,75.056,74.442,74.830,494606,,,0.6524,hfq
2023-03-23,74.474,75.186,74.474,75.154,609662,,,0.4330,hfq
2023-03-24,75.089,75.186,74.668,74.862,378206,,,-0.3885,hfq
2023-03-27,74.927,74.959,74.280,74.377,490569,,,-0.6479,hfq
2023-03-28,74.571,74.992,74.409,74.571,463768,,,0.2608,hfq
2023-03-29,74.895,74.895,74.247,74.280,434578,,,-0.3902,hfq
2023-03-30,74.377,75.056,74.183,74.992,541010,,,0.9585,hfq
2023-03-31,75.121,75.704,75.056,75.218,779091,,,0.3014,hfq
2023-04-03,75.186,75.348,74.992,75.218,488527,,,0.0000,hfq
2023-04-04,75.218,75.639,75.089,75.574,485718,,,0.4733,hfq
2023-04-06,75.509,75.607,75.251,75.315,373316,,,-0.3427,hfq
2023-04-07,75.380,75.704,75.348,75.477,346671,,,0.2151,hfq
2023-04-10,75.477,75.801,75.445,75.736,410694,,,0.3432,hfq
2023-04-11,75.865,76.027,75.477,75.542,439627,,,-0.2562,hfq
2023-04-12,75.704,75.768,75.445,75.509,438652,,,-0.0437,hfq
2023-04-13,75.477,76.027,75.251,75.801,569845,,,0.3867,hfq
2023-04-14,75.865,76.286,75.704,75.930,558728,,,0.1702,hfq
2023-04-17,75.963,76.610,75.768,76.610,911041,,,0.8956,hfq
2023-04-18,76.610,77.548,76.513,76.901,1088767,,,0.3798,hfq
2023-04-19,76.998,77.160,76.577,76.771,816500,,,-0.1690,hfq
2023-04-20,76.804,77.127,76.351,76.836,654086,,,0.0847,hfq
2023-04-21,76.869,77.063,75.833,75.930,941322,,,-1.1791,hfq
2023-04-24,75.898,76.124,75.283,75.348,876282,,,-0.7665,hfq
2023-04-25,75.445,76.513,75.445,76.448,995234,,,1.4599,hfq
2023-04-26,76.545,76.804,75.768,76.383,792578,,,-0.0850,hfq
2023-04-27,76.189,76.351,75.574,76.027,824701,,,-0.4661,hfq
2023-04-28,75.963,76.869,75.865,76.286,848219,,,0.3407,hfq
2023-05-04,73.892,74.862,73.341,74.798,2686373,,,-1.9506,hfq
2023-05-05,74.927,76.771,74.927,75.995,1775592,,,1.6003,hfq
2023-05-08,76.254,78.098,76.124,77.613,2102219,,,2.1291,hfq
2023-05-09,78.066,78.616,77.192,77.386,1627643,,,-0.2925,hfq
2023-05-10,77.257,77.516,76.448,76.577,1016293,,,-1.0454,hfq
2023-05-11,76.771,77.095,76.254,76.383,595738,,,-0.2533,hfq
2023-05-12,76.448,76.545,75.574,75.671,765441,,,-0.9321,hfq
2023-05-15,75.639,76.221,75.315,76.060,894217,,,0.5141,hfq
2023-05-16,76.221,76.869,76.157,76.351,821942,,,0.3826,hfq
2023-05-17,76.221,76.771,75.930,76.027,663860,,,-0.4244,hfq
2023-05-18,76.286,76.771,75.995,76.157,739443,,,0.1710,hfq
2023-05-19,76.060,76.092,75.639,75.704,537572,,,-0.5948,hfq
2023-05-22,75.768,76.124,75.671,75.833,548531,,,0.1704,hfq
2023-05-23,75.833,76.027,75.412,75.412,681131,,,-0.5552,hfq
2023-05-24,75.412,75.542,74.668,74.668,780902,,,-0.9866,hfq
2023-05-25,74.668,74.700,74.280,74.506,538869,,,-0.2170,hfq
2023-05-26,74.603,74.895,74.280,74.862,453404,,,0.4778,hfq
2023-05-29,74.927,75.089,74.474,74.765,518930,,,-0.1296,hfq
2023-05-30,74.830,74.895,74.086,74.571,547317,,,-0.2595,hfq
2023-05-31,74.442,74.571,74.086,74.150,472475,,,-0.5646,hfq
2023-06-01,74.215,74.377,73.956,74.118,500705,,,-0.0432,hfq
2023-06-02,74.280,74.636,74.215,74.603,523992,,,0.6544,hfq
2023-06-05,74.603,74.927,74.442,74.700,307947,,,0.1300,hfq
2023-06-06,74.700,75.412,74.636,74.733,538390,,,0.0442,hfq
2023-06-07,74.765,75.251,74.733,74.959,362622,,,0.3024,hfq
2023-06-08,75.089,75.865,74.862,75.833,667199,,,1.1660,hfq
2023-06-09,75.801,76.124,75.639,75.898,571891,,,0.0857,hfq
2023-06-12,75.865,75.930,75.380,75.380,487361,,,-0.6825,hfq
2023-06-13,75.574,75.833,75.412,75.607,421629,,,0.3011,hfq
2023-06-14,75.801,75.930,75.218,75.251,576610,,,-0.4709,hfq
2023-06-15,75.445,75.639,75.089,75.574,485794,,,0.4292,hfq
2023-06-16,75.671,75.865,75.477,75.542,752912,,,-0.0423,hfq
2023-06-19,75.956,76.118,75.438,75.503,861866,,,-0.0516,hfq
2023-06-20,75.535,75.762,75.471,75.471,369274,,,-0.0424,hfq
2023-06-21,75.503,75.924,75.438,75.438,340648,,,-0.0437,hfq
2023-06-26,75.406,75.406,74.662,74.921,502971,,,-0.6853,hfq
2023-06-27,74.921,75.309,74.921,75.147,237314,,,0.3017,hfq
2023-06-28,75.147,75.276,74.888,75.179,252680,,,0.0426,hfq
2023-06-29,75.179,75.179,74.726,74.726,283133,,,-0.6026,hfq
2023-06-30,74.759,75.244,74.726,75.050,255758,,,0.4336,hfq
2023-07-03,75.147,75.730,75.082,75.632,365353,,,0.7755,hfq
2023-07-04,75.632,75.632,75.018,75.147,338493,,,-0.6413,hfq
2023-07-05,75.115,75.179,74.856,74.888,280218,,,-0.3447,hfq
2023-07-06,74.823,74.985,74.629,74.759,345277,,,-0.1723,hfq
2023-07-07,74.694,74.888,74.597,74.629,218741,,,-0.1739,hfq
2023-07-10,74.759,74.856,74.338,74.435,321778,,,-0.2600,hfq
2023-07-11,74.565,74.726,74.370,74.500,272864,,,0.0873,hfq
2023-07-12,74.532,74.856,74.500,74.597,264125,,,0.1302,hfq
2023-07-13,74.759,75.147,74.662,75.147,376562,,,0.7373,hfq
2023-07-14,75.050,75.309,75.050,75.147,271398,,,0.0000,hfq
2023-07-17,74.985,74.985,74.726,74.856,235978,,,-0.3872,hfq
2023-07-18,74.921,74.985,74.694,74.759,243972,,,-0.1296,hfq
2023-07-19,74.726,75.374,74.694,75.276,366828,,,0.6916,hfq
2023-07-20,75.438,75.794,75.341,75.503,415501,,,0.3016,hfq
2023-07-21,75.374,75.665,75.341,75.471,338447,,,-0.0424,hfq
2023-07-24,75.244,75.438,75.050,75.082,244388,,,-0.5154,hfq
2023-07-25,75.438,76.021,75.438,75.988,662673,,,1.2067,hfq
2023-07-26,75.827,76.118,75.762,76.021,306360,,,0.0434,hfq
2023-07-27,76.118,76.603,75.988,76.183,477051,,,0.2131,hfq
2023-07-28,76.053,77.930,76.021,77.768,1107674,,,2.0805,hfq
2023-07-31,77.995,78.901,77.865,78.318,1049721,,,0.7072,hfq
2023-08-01,78.156,78.545,78.027,78.221,517334,,,-0.1239,hfq
2023-08-02,77.930,78.027,76.992,77.347,694390,,,-1.1173,hfq
2023-08-03,77.153,77.962,77.056,77.833,399353,,,0.6283,hfq
2023-08-04,78.156,78.771,77.865,77.995,597001,,,0.2081,hfq
2023-08-07,77.930,78.092,77.639,77.801,422909,,,-0.2487,hfq
2023-08-08,77.639,77.962,77.347,77.639,387440,,,-0.2082,hfq
2023-08-09,77.509,77.930,77.477,77.801,280300,,,0.2087,hfq
2023-08-10,77.574,77.962,77.283,77.606,361965,,,-0.2506,hfq
2023-08-11,77.606,77.930,76.506,76.506,538697,,,-1.4174,hfq
2023-08-14,76.247,76.247,75.891,76.053,451193,,,-0.5921,hfq
2023-08-15,76.118,76.474,75.891,76.344,378057,,,0.3826,hfq
2023-08-16,76.183,76.571,76.021,76.441,276517,,,0.1271,hfq
2023-08-17,76.183,76.377,75.924,76.247,406926,,,-0.2538,hfq
2023-08-18,76.150,76.733,75.988,75.988,367627,,,-0.3397,hfq
2023-08-21,76.021,76.150,75.212,75.212,525845,,,-1.0212,hfq
2023-08-22,75.244,76.085,75.244,75.924,534634,,,0.9467,hfq
2023-08-23,75.762,76.474,75.762,75.891,503859,,,-0.0435,hfq
2023-08-24,75.988,76.118,75.406,75.956,374665,,,0.0856,hfq
2023-08-25,75.762,76.571,75.730,76.215,460674,,,0.3410,hfq
2023-08-28,77.995,78.351,76.603,76.830,1069852,,,0.8069,hfq
2023-08-29,76.797,76.992,76.021,76.183,783117,,,-0.8421,hfq
2023-08-30,76.183,76.215,75.471,75.503,663166,,,-0.8926,hfq
2023-08-31,75.665,76.344,75.535,75.568,628647,,,0.0861,hfq
2023-09-01,75.794,76.539,75.730,75.988,503236,,,0.5558,hfq
2023-09-04,76.312,77.283,76.183,76.959,793469,,,1.2778,hfq
2023-09-05,76.797,76.959,76.603,76.733,412219,,,-0.2937,hfq
2023-09-06,76.539,77.186,76.506,77.121,358607,,,0.5056,hfq
2023-09-07,77.024,77.186,76.797,76.830,306924,,,-0.3773,hfq
2023-09-08,76.830,76.862,76.441,76.700,240552,,,-0.1692,hfq
2023-09-11,76.700,76.992,76.506,76.862,380739,,,0.2112,hfq
2023-09-12,76.862,76.992,76.668,76.733,240530,,,-0.1678,hfq
2023-09-13,76.992,77.186,76.571,76.733,358666,,,0.0000,hfq
2023-09-14,76.927,77.056,76.668,77.024,410479,,,0.3792,hfq
2023-09-15,77.056,77.153,76.247,76.506,635261,,,-0.6725,hfq
2023-09-18,76.441,76.668,76.215,76.636,308931,,,0.1699,hfq
2023-09-19,76.506,76.894,76.441,76.894,383487,,,0.3367,hfq
2023-09-20,76.894,77.024,76.571,76.894,332170,,,0.0000,hfq
2023-09-21,76.894,76.959,76.571,76.668,347317,,,-0.2939,hfq
2023-09-22,76.765,77.412,76.636,77.380,673682,,,0.9287,hfq
2023-09-25,77.283,77.574,77.153,77.380,449739,,,0.0000,hfq
2023-09-26,77.347,77.509,77.218,77.315,263098,,,-0.0840,hfq
2023-09-27,77.412,77.412,76.959,76.992,350027,,,-0.4178,hfq
2023-09-28,77.186,77.412,77.089,77.121,343072,,,0.1675,hfq
2023-10-09,76.959,77.121,76.603,76.894,480009,,,-0.2943,hfq
2023-10-10,77.153,77.380,76.765,76.765,316021,,,-0.1678,hfq
2023-10-11,77.186,77.218,76.668,76.700,337892,,,-0.0847,hfq
2023-10-12,77.315,77.412,77.024,77.283,380283,,,0.7601,hfq
2023-10-13,76.992,77.283,76.830,77.056,329641,,,-0.2937,hfq
2023-10-16,77.089,77.153,76.700,76.830,279351,,,-0.2933,hfq
2023-10-17,76.927,77.218,76.830,76.894,278170,,,0.0833,hfq
2023-10-18,76.894,77.089,76.733,76.733,363291,,,-0.2094,hfq
2023-10-19,76.668,76.700,75.632,75.697,707166,,,-1.3501,hfq
2023-10-20,75.632,75.891,75.276,75.503,494683,,,-0.2563,hfq
2023-10-23,75.503,75.697,75.018,75.341,399452,,,-0.2146,hfq
2023-10-24,75.503,75.568,75.082,75.115,503918,,,-0.3000,hfq
2023-10-25,75.503,75.503,74.597,74.791,697458,,,-0.4313,hfq
2023-10-26,74.791,75.341,74.726,75.244,394707,,,0.6057,hfq
2023-10-27,75.212,75.665,75.179,75.471,437303,,,0.3017,hfq
2023-10-30,75.212,75.341,74.726,74.791,552737,,,-0.9010,hfq
2023-10-31,73.917,73.917,72.785,73.206,1612215,,,-2.1192,hfq
2023-11-01,73.173,73.400,72.817,73.303,624404,,,0.1325,hfq
2023-11-02,73.335,73.853,73.303,73.756,492221,,,0.6180,hfq
2023-11-03,73.788,73.853,73.497,73.594,373637,,,-0.2196,hfq
2023-11-06,73.691,73.917,73.497,73.820,480595,,,0.3071,hfq
2023-11-07,73.820,73.853,73.400,73.561,437351,,,-0.3509,hfq
2023-11-08,73.529,73.626,73.206,73.367,336587,,,-0.2637,hfq
2023-11-09,73.303,73.529,73.238,73.335,355552,,,-0.0436,hfq
2023-11-10,73.270,73.335,72.817,72.882,503555,,,-0.6177,hfq
2023-11-13,72.947,73.076,72.688,72.817,372200,,,-0.0892,hfq
2023-11-14,72.785,72.979,71.717,72.041,1071110,,,-1.0657,hfq
2023-11-15,72.202,72.623,72.041,72.461,632205,,,0.5830,hfq
2023-11-16,72.461,72.526,72.138,72.202,405116,,,-0.3574,hfq
2023-11-17,72.105,72.138,71.685,72.008,534409,,,-0.2687,hfq
2023-11-20,72.105,72.526,71.911,72.461,413408,,,0.6291,hfq
2023-11-21,72.558,72.882,72.526,72.591,387546,,,0.1794,hfq
2023-11-22,72.494,72.720,72.461,72.461,268605,,,-0.1791,hfq
2023-11-23,72.461,72.558,72.138,72.397,306823,,,-0.0883,hfq
2023-11-24,72.364,72.526,72.235,72.332,265141,,,-0.0898,hfq
2023-11-27,72.202,72.364,71.814,72.138,412581,,,-0.2682,hfq
2023-11-28,72.138,72.429,72.105,72.299,290625,,,0.2232,hfq
2023-11-29,72.267,72.332,71.296,71.652,688853,,,-0.8949,hfq
2023-11-30,71.652,71.879,71.490,71.652,405066,,,0.0000,hfq
2023-12-01,71.652,71.879,71.329,71.685,464222,,,0.0461,hfq
2023-12-04,71.717,71.943,71.361,71.361,327217,,,-0.4520,hfq
2023-12-05,71.329,71.361,70.228,70.293,617366,,,-1.4966,hfq
2023-12-06,70.228,70.520,69.873,70.261,492072,,,-0.0455,hfq
2023-12-07,70.326,70.326,69.743,70.099,430911,,,-0.2306,hfq
2023-12-08,70.034,70.390,70.002,70.067,359618,,,-0.0456,hfq
2023-12-11,70.099,71.135,69.549,70.973,562370,,,1.2930,hfq
2023-12-12,70.714,71.652,70.681,71.620,520378,,,0.9116,hfq
2023-12-13,71.588,71.620,70.714,70.811,460384,,,-1.1296,hfq
2023-12-14,71.037,71.264,70.811,70.811,273373,,,0.0000,hfq
2023-12-15,70.973,71.296,70.617,70.714,366366,,,-0.1370,hfq
2023-12-18,70.649,71.005,70.228,70.876,293048,,,0.2291,hfq
2023-12-19,70.779,71.070,70.617,71.005,263194,,,0.1820,hfq
2023-12-20,71.037,71.329,70.746,70.779,340851,,,-0.3183,hfq
2023-12-21,70.681,71.393,70.455,71.264,435002,,,0.6852,hfq
2023-12-22,71.361,71.814,71.005,71.717,469370,,,0.6357,hfq
2023-12-25,71.652,71.814,71.523,71.685,248102,,,-0.0446,hfq
2023-12-26,71.717,71.782,71.361,71.523,204607,,,-0.2260,hfq
2023-12-27,71.523,71.588,70.940,71.393,350068,,,-0.1818,hfq
2023-12-28,71.393,72.138,71.264,72.105,499005,,,0.9973,hfq
2023-12-29,72.073,76.862,72.008,76.862,503352,,,6.5973,hfq
2024-01-02,72.688,72.752,72.202,72.397,1032288,,,-5.8091,hfq
2024-01-03,72.138,72.170,71.652,71.911,765385,,,-0.6713,hfq
2024-01-04,71.846,72.008,71.361,71.717,631231,,,-0.2698,hfq
2024-01-05,71.588,72.882,71.490,72.332,1033392,,,0.8575,hfq
2024-01-08,72.073,72.623,71.749,71.976,705452,,,-0.4922,hfq
2024-01-09,71.943,72.008,71.620,71.911,483876,,,-0.0903,hfq
2024-01-10,71.846,71.976,71.685,71.685,327007,,,-0.3143,hfq
2024-01-11,71.652,72.073,71.393,71.846,414090,,,0.2246,hfq
2024-01-12,71.685,72.202,71.652,71.943,345305,,,0.1350,hfq
2024-01-15,71.782,72.332,71.782,72.073,357986,,,0.1807,hfq
2024-01-16,72.008,72.752,71.976,72.720,704894,,,0.8977,hfq
2024-01-17,72.623,73.108,72.332,72.332,871693,,,-0.5336,hfq
2024-01-18,72.235,73.432,71.490,73.238,1101890,,,1.2526,hfq
2024-01-19,72.979,73.497,72.752,73.432,733235,,,0.2649,hfq
2024-01-22,73.400,74.241,73.011,73.594,1215342,,,0.2206,hfq
2024-01-23,73.303,73.594,72.947,73.270,612647,,,-0.4403,hfq
2024-01-24,73.594,74.014,73.206,73.917,615408,,,0.8830,hfq
2024-01-25,74.079,74.500,73.917,74.468,688832,,,0.7454,hfq
2024-01-26,74.468,75.082,74.370,75.018,913239,,,0.7386,hfq
2024-01-29,75.082,75.697,74.888,75.276,737111,,,0.3439,hfq
2024-01-30,75.115,75.697,74.921,75.050,697537,,,-0.3002,hfq
2024-01-31,74.953,75.503,74.823,75.309,694748,,,0.3451,hfq
2024-02-01,75.147,75.438,74.726,75.244,674158,,,-0.0863,hfq
2024-02-02,75.374,75.503,74.079,75.244,877714,,,0.0000,hfq
2024-02-05,75.244,75.859,74.823,75.665,1136109,,,0.5595,hfq
2024-02-06,75.665,75.924,75.374,75.924,992721,,,0.3423,hfq
2024-02-07,76.085,76.118,75.018,76.085,1314551,,,0.2121,hfq
2024-02-08,75.891,76.344,75.600,76.344,889506,,,0.3404,hfq
2024-02-19,76.474,76.797,76.183,76.765,690320,,,0.5515,hfq
2024-02-20,76.700,76.959,76.506,76.830,614770,,,0.0847,hfq
2024-02-21,76.830,78.965,76.603,78.351,1316810,,,1.9797,hfq
2024-02-22,78.286,79.030,78.124,78.771,712385,,,0.5360,hfq
2024-02-23,78.739,79.386,78.707,78.965,609501,,,0.2463,hfq
2024-02-26,78.901,78.901,77.542,77.736,830388,,,-1.5564,hfq
2024-02-27,77.509,78.254,77.445,77.962,469451,,,0.2907,hfq
2024-02-28,77.962,78.318,77.347,77.898,748482,,,-0.0821,hfq
2024-02-29,77.736,78.448,77.671,78.286,660211,,,0.4981,hfq
2024-03-01,78.189,78.286,77.865,78.059,486603,,,-0.2900,hfq
2024-03-04,77.865,77.962,77.412,77.509,546732,,,-0.7046,hfq
2024-03-05,77.347,78.351,77.218,78.156,706846,,,0.8347,hfq
2024-03-06,78.156,78.448,77.801,77.801,471367,,,-0.4542,hfq
2024-03-07,77.801,78.221,77.671,77.833,419122,,,0.0411,hfq
2024-03-08,77.768,78.027,77.574,77.736,344518,,,-0.1246,hfq
2024-03-11,77.703,77.930,77.445,77.801,417695,,,0.0836,hfq
2024-03-12,77.736,78.156,77.606,77.768,554795,,,-0.0424,hfq
2024-03-13,77.736,77.865,76.992,77.186,532707,,,-0.7484,hfq
2024-03-14,77.089,77.412,77.089,77.121,309543,,,-0.0842,hfq
2024-03-15,77.250,77.703,77.089,77.445,460855,,,0.4201,hfq
2024-03-18,77.283,77.606,77.250,77.380,303570,,,-0.0839,hfq
2024-03-19,77.315,77.380,76.765,76.797,409027,,,-0.7534,hfq
2024-03-20,76.765,77.153,76.603,77.089,294985,,,0.3802,hfq
2024-03-21,77.024,77.574,76.959,77.250,360476,,,0.2088,hfq
2024-03-22,77.218,77.347,76.668,77.056,404523,,,-0.2511,hfq
2024-03-25,76.992,77.412,76.862,77.121,363073,,,0.0844,hfq
2024-03-26,77.250,77.736,77.250,77.671,498302,,,0.7132,hfq
2024-03-27,77.736,78.415,77.606,78.092,559530,,,0.5420,hfq
2024-03-28,77.962,78.027,76.894,76.992,833140,,,-1.4086,hfq
2024-03-29,75.276,75.956,74.694,75.471,1160068,,,-1.9755,hfq
2024-04-01,75.535,76.441,75.438,75.632,926342,,,0.2133,hfq
2024-04-02,75.600,75.827,74.629,74.856,1158957,,,-1.0260,hfq
2024-04-03,74.694,74.759,74.079,74.273,840291,,,-0.7788,hfq
2024-04-08,74.176,74.662,73.950,74.500,672486,,,0.3056,hfq
2024-04-09,74.500,74.888,74.403,74.435,548995,,,-0.0872,hfq
2024-04-10,74.468,75.730,74.468,75.276,923923,,,1.1298,hfq
2024-04-11,75.082,75.244,74.629,75.050,486581,,,-0.3002,hfq
2024-04-12,74.921,75.341,74.468,74.532,615815,,,-0.6902,hfq
2024-04-15,74.565,75.568,74.532,75.438,710114,,,1.2156,hfq
2024-04-16,75.244,76.280,75.244,75.956,924682,,,0.6867,hfq
2024-04-17,75.891,76.830,75.341,76.765,909936,,,1.0651,hfq
2024-04-18,76.603,77.801,76.539,77.153,892053,,,0.5054,hfq
2024-04-19,76.992,77.445,76.700,76.765,525723,,,-0.5029,hfq
2024-04-22,76.927,77.574,76.409,76.603,540810,,,-0.2110,hfq
2024-04-23,76.797,76.927,76.118,76.183,545711,,,-0.5483,hfq
2024-04-24,76.377,76.377,75.794,75.891,424145,,,-0.3833,hfq
2024-04-25,75.859,76.733,75.762,76.733,548005,,,1.1095,hfq
2024-04-26,76.733,77.736,76.733,77.574,1268495,,,1.0960,hfq
2024-04-29,77.574,78.933,77.445,78.577,1101084,,,1.2930,hfq
2024-04-30,78.577,79.095,78.383,78.933,770945,,,0.4531,hfq
2024-05-06,79.418,79.677,78.804,78.836,805918,,,-0.1229,hfq
2024-05-07,78.868,78.965,78.156,78.836,606680,,,0.0000,hfq
2024-05-08,78.674,79.127,78.512,78.707,441443,,,-0.1636,hfq
2024-05-09,78.609,79.224,78.609,78.965,403447,,,0.3278,hfq
2024-05-10,78.998,79.807,78.965,79.645,727723,,,0.8611,hfq
2024-05-13,79.580,80.066,79.160,79.936,502022,,,0.3654,hfq
2024-05-14,80.033,80.195,79.580,79.807,434376,,,-0.1614,hfq
2024-05-15,79.807,80.033,79.224,79.451,452711,,,-0.4461,hfq
2024-05-16,79.548,80.875,79.483,80.648,928748,,,1.5066,hfq
2024-05-17,80.778,81.684,80.648,81.684,875394,,,1.2846,hfq
2024-05-20,81.716,82.978,81.587,82.201,975846,,,0.6329,hfq
2024-05-21,82.072,82.978,81.781,82.751,685140,,,0.6691,hfq
2024-05-22,82.751,83.625,82.590,83.237,774065,,,0.5873,hfq
2024-05-23,83.107,83.302,82.460,83.010,627148,,,-0.2727,hfq
2024-05-24,82.849,83.269,82.234,82.298,626611,,,-0.8577,hfq
2024-05-27,82.493,83.560,82.363,83.399,778319,,,1.3378,hfq
2024-05-28,83.431,84.111,83.205,83.690,633707,,,0.3489,hfq
2024-05-29,83.625,83.949,82.654,82.881,737608,,,-0.9667,hfq
2024-05-30,82.687,83.463,82.007,82.460,680845,,,-0.5080,hfq
2024-05-31,82.557,82.751,82.234,82.298,673862,,,-0.1965,hfq
2024-06-03,82.298,82.590,81.457,82.007,588960,,,-0.3536,hfq
2024-06-04,81.910,82.525,81.781,81.845,492624,,,-0.1975,hfq
2024-06-05,81.942,82.104,80.972,81.198,549223,,,-0.7905,hfq
2024-06-06,81.295,81.813,81.101,81.263,435238,,,0.0801,hfq
2024-06-07,81.457,81.781,80.810,81.134,462581,,,-0.1587,hfq
2024-06-11,80.939,81.360,80.422,80.745,531946,,,-0.4795,hfq
2024-06-12,80.907,80.907,80.098,80.325,452884,,,-0.5202,hfq
2024-06-13,80.486,80.648,79.839,79.969,324221,,,-0.4432,hfq
2024-06-14,80.001,81.263,79.872,80.907,659518,,,1.1730,hfq
2024-06-17,80.778,81.101,80.163,80.583,431133,,,-0.4005,hfq
2024-06-18,80.616,81.198,80.389,80.680,358813,,,0.1204,hfq
2024-06-19,80.810,81.716,80.648,81.425,506490,,,0.9234,hfq
2024-06-20,81.457,81.522,80.325,80.389,366616,,,-1.2723,hfq
2024-06-21,80.357,80.778,79.807,80.551,487390,,,0.2015,hfq
2024-06-24,80.519,80.907,79.904,80.778,470882,,,0.2818,hfq
2024-06-25,80.713,80.939,80.163,80.454,479691,,,-0.4011,hfq
2024-06-26,80.389,80.713,80.163,80.486,353252,,,0.0398,hfq
2024-06-27,80.486,81.036,80.163,80.875,498549,,,0.4833,hfq
2024-06-28,81.036,81.845,80.745,81.425,620202,,,0.6801,hfq
2024-07-01,81.457,82.331,81.457,81.845,434392,,,0.5158,hfq
2024-07-02,81.684,82.557,81.651,82.396,497295,,,0.6732,hfq
2024-07-03,82.396,82.622,81.489,81.684,425687,,,-0.8641,hfq
2024-07-04,81.684,82.007,81.231,81.425,443687,,,-0.3171,hfq
2024-07-05,81.619,81.716,79.677,80.033,883676,,,-1.7095,hfq
2024-07-08,80.001,80.583,79.839,80.325,695382,,,0.3648,hfq
2024-07-09,80.486,81.101,80.163,80.939,803854,,,0.7644,hfq
2024-07-10,80.907,81.942,80.810,81.522,471180,,,0.7203,hfq
2024-07-11,81.748,81.813,80.907,81.101,499204,,,-0.5164,hfq
2024-07-12,81.134,82.493,81.101,82.396,595485,,,1.5968,hfq
2024-07-15,82.266,83.075,82.234,82.881,465326,,,0.5886,hfq
2024-07-16,82.978,83.107,82.428,82.784,415864,,,-0.1170,hfq
2024-07-17,82.816,83.593,82.784,83.431,646941,,,0.7816,hfq
2024-07-18,83.625,83.755,82.849,83.107,547819,,,-0.3883,hfq
2024-07-19,83.107,83.528,82.331,83.205,763524,,,0.1179,hfq
2024-07-22,83.205,83.205,81.684,82.072,613027,,,-1.3617,hfq
2024-07-23,82.104,83.237,82.104,82.590,617517,,,0.6312,hfq
2024-07-24,82.525,82.751,81.942,82.234,464532,,,-0.4310,hfq
2024-07-25,82.428,82.428,81.360,81.845,522132,,,-0.4730,hfq
2024-07-26,81.878,82.072,80.778,81.134,486405,,,-0.8687,hfq
2024-07-29,81.263,82.040,81.166,81.878,401883,,,0.9170,hfq
2024-07-30,81.878,82.234,81.457,81.781,436240,,,-0.1185,hfq
2024-07-31,81.748,82.234,81.651,81.975,447818,,,0.2372,hfq
2024-08-01,81.878,82.234,81.360,81.619,414221,,,-0.4343,hfq
2024-08-02,81.489,81.684,81.101,81.231,348126,,,-0.4754,hfq
2024-08-05,81.166,81.522,80.745,80.778,488028,,,-0.5577,hfq
2024-08-06,81.004,81.263,80.001,80.227,474187,,,-0.6821,hfq
2024-08-07,80.227,81.004,80.227,80.583,358499,,,0.4437,hfq
2024-08-08,80.648,81.069,80.519,80.972,232817,,,0.4827,hfq
2024-08-09,81.004,81.360,80.648,80.745,285310,,,-0.2803,hfq
2024-08-12,80.648,80.842,80.454,80.454,211288,,,-0.3604,hfq
2024-08-13,80.486,80.745,80.325,80.583,227720,,,0.1603,hfq
2024-08-14,80.583,81.004,80.422,80.454,231697,,,-0.1601,hfq
2024-08-15,80.454,81.619,80.357,81.457,483621,,,1.2467,hfq
2024-08-16,81.587,82.072,81.489,81.878,359424,,,0.5168,hfq
2024-08-19,81.975,82.687,81.878,82.622,393259,,,0.9087,hfq
2024-08-20,82.719,82.784,82.072,82.266,386604,,,-0.4309,hfq
2024-08-21,82.137,82.363,81.425,82.040,424236,,,-0.2747,hfq
2024-08-22,82.104,82.460,81.910,82.201,440721,,,0.1962,hfq
2024-08-23,82.493,83.884,82.396,83.819,1106317,,,1.9683,hfq
2024-08-26,83.852,84.402,83.787,84.337,669400,,,0.6180,hfq
2024-08-27,84.337,84.564,83.722,83.852,396531,,,-0.5751,hfq
2024-08-28,84.046,84.078,83.205,83.463,480679,,,-0.4639,hfq
2024-08-29,83.593,83.658,81.748,81.781,723390,,,-2.0153,hfq
2024-08-30,81.781,82.363,81.198,81.198,838757,,,-0.7129,hfq
2024-09-02,81.263,81.878,80.907,81.166,536399,,,-0.0394,hfq
2024-09-03,81.166,81.392,80.066,80.713,579960,,,-0.5581,hfq
2024-09-04,80.616,81.134,80.195,80.325,442652,,,-0.4807,hfq
2024-09-05,80.357,80.680,80.098,80.519,417014,,,0.2415,hfq
2024-09-06,80.551,81.489,80.551,80.810,404647,,,0.3614,hfq
2024-09-09,80.810,81.263,79.386,79.451,653163,,,-1.6817,hfq
2024-09-10,79.548,79.872,78.998,79.774,405672,,,0.4065,hfq
2024-09-11,79.645,79.677,78.512,78.901,498040,,,-1.0943,hfq
2024-09-12,78.998,79.872,78.577,79.645,382310,,,0.9430,hfq
2024-09-13,79.807,80.130,79.386,79.451,282448,,,-0.2436,hfq
2024-09-18,79.451,79.872,79.160,79.774,295414,,,0.4065,hfq
2024-09-19,79.872,79.936,79.095,79.710,366114,,,-0.0802,hfq
2024-09-20,79.774,80.519,79.742,80.357,578097,,,0.8117,hfq
2024-09-23,80.260,81.554,80.066,81.360,427252,,,1.2482,hfq
2024-09-24,81.716,83.366,81.489,83.366,1068360,,,2.4656,hfq
2024-09-25,84.272,85.599,83.949,84.725,1274030,,,1.6302,hfq
2024-09-26,84.725,87.476,84.661,87.476,1679337,,,3.2470,hfq
2024-09-27,88.608,88.932,86.117,87.120,858451,,,-0.4070,hfq
2024-09-30,88.932,90.582,87.702,90.129,2414477,,,3.4539,hfq
2024-10-08,95.728,95.889,90.485,92.524,2446357,,,2.6573,hfq
2024-10-09,92.200,92.297,87.994,87.994,1678425,,,-4.8960,hfq
2024-10-10,88.964,91.780,88.964,90.550,1570003,,,2.9047,hfq
2024-10-11,90.259,91.521,88.641,89.256,1000905,,,-1.4290,hfq
2024-10-14,90.129,92.362,90.129,91.391,1435215,,,2.3920,hfq
2024-10-15,91.294,92.330,90.388,90.388,891550,,,-1.0975,hfq
2024-10-16,89.903,92.653,89.838,92.362,1330098,,,2.1839,hfq
2024-10-17,92.362,93.074,91.068,91.100,836726,,,-1.3664,hfq
2024-10-18,91.262,91.812,89.903,91.197,948697,,,0.1065,hfq
2024-10-21,91.100,91.100,89.159,90.000,1152118,,,-1.3125,hfq
2024-10-22,89.676,90.550,89.450,89.709,573672,,,-0.3233,hfq
2024-10-23,89.676,90.032,89.288,89.773,531445,,,0.0713,hfq
2024-10-24,89.579,90.129,89.482,89.806,372018,,,0.0368,hfq
2024-10-25,90.000,90.162,89.288,89.709,474427,,,-0.1080,hfq
2024-10-28,89.482,89.676,88.350,89.320,640524,,,-0.4336,hfq
2024-10-29,89.353,90.291,88.964,89.288,603657,,,-0.0358,hfq
2024-10-30,88.964,89.644,88.285,88.511,580633,,,-0.8702,hfq
2024-10-31,87.638,88.026,86.117,86.926,1388507,,,-1.7907,hfq
2024-11-01,86.699,87.800,86.667,86.958,793594,,,0.0368,hfq
2024-11-04,87.088,87.249,86.084,87.023,585214,,,0.0747,hfq
2024-11-05,86.958,87.444,86.440,87.314,864414,,,0.3344,hfq
2024-11-06,87.282,87.573,86.699,87.088,905731,,,-0.2588,hfq
2024-11-07,87.249,89.062,87.120,88.964,954177,,,2.1541,hfq
2024-11-08,89.062,89.547,88.058,88.285,860198,,,-0.7632,hfq
2024-11-11,87.638,87.961,86.861,87.249,819391,,,-1.1735,hfq
2024-11-12,87.152,88.058,86.376,86.440,811100,,,-0.9272,hfq
2024-11-13,86.408,86.861,86.279,86.505,583419,,,0.0752,hfq
2024-11-14,86.376,87.314,86.214,86.635,677475,,,0.1503,hfq
2024-11-15,86.570,87.120,86.182,86.182,713659,,,-0.5229,hfq
2024-11-18,86.667,89.191,86.667,87.670,1681920,,,1.7266,hfq
2024-11-19,87.670,88.350,86.699,87.088,984693,,,-0.6639,hfq
2024-11-20,87.152,87.185,86.635,86.732,640151,,,-0.4088,hfq
2024-11-21,86.699,86.926,86.473,86.796,439914,,,0.0738,hfq
2024-11-22,86.829,86.958,85.373,85.373,848441,,,-1.6395,hfq
2024-11-25,85.729,85.987,85.081,85.243,645260,,,-0.1523,hfq
2024-11-26,85.211,86.182,84.952,85.890,624652,,,0.7590,hfq
2024-11-27,85.858,86.408,85.373,86.376,479128,,,0.5658,hfq
2024-11-28,86.376,86.538,85.696,86.117,476988,,,-0.2999,hfq
2024-11-29,86.214,86.764,86.117,86.182,708222,,,0.0755,hfq
2024-12-02,86.182,86.764,86.020,86.635,581067,,,0.5256,hfq
2024-12-03,86.602,87.476,86.408,87.476,744987,,,0.9707,hfq
2024-12-04,87.444,87.702,86.667,87.379,672370,,,-0.1109,hfq
2024-12-05,87.185,87.379,86.764,86.861,437532,,,-0.5928,hfq
2024-12-06,86.958,88.058,86.926,87.605,702704,,,0.8565,hfq
2024-12-09,87.605,88.091,87.249,87.767,584094,,,0.1849,hfq
2024-12-10,88.867,89.159,88.188,88.220,938826,,,0.5161,hfq
2024-12-11,88.382,88.641,87.670,87.800,626747,,,-0.4761,hfq
2024-12-12,87.832,88.738,87.702,88.447,692184,,,0.7369,hfq
2024-12-13,88.220,88.317,86.505,86.505,1131967,,,-2.1957,hfq
2024-12-16,86.602,87.217,86.602,86.732,544176,,,0.2624,hfq
2024-12-17,86.667,87.411,86.570,87.185,570435,,,0.5223,hfq
2024-12-18,87.346,88.220,87.282,87.961,692378,,,0.8901,hfq
2024-12-19,87.670,88.220,87.541,87.767,548275,,,-0.2206,hfq
2024-12-20,87.735,88.253,87.508,87.702,653240,,,-0.0741,hfq
2024-12-23,87.702,88.997,87.702,88.673,971536,,,1.1072,hfq
2024-12-24,88.706,89.385,88.673,89.191,827211,,,0.5842,hfq
2024-12-25,89.288,90.129,89.191,89.871,745274,,,0.7624,hfq
2024-12-26,89.773,90.065,89.288,89.968,577986,,,0.1079,hfq
2024-12-27,90.000,90.388,89.256,90.388,708825,,,0.4668,hfq
2024-12-30,90.421,91.262,90.421,91.035,724250,,,0.7158,hfq
2024-12-31,90.841,91.197,89.773,89.773,813366,,,-1.3863,hfq
2025-01-02,89.935,90.388,88.706,88.997,951277,,,-0.8644,hfq
2025-01-03,89.029,89.741,88.608,88.997,736913,,,0.0000,hfq
2025-01-06,89.288,90.065,88.285,89.935,844271,,,1.0540,hfq
2025-01-07,89.741,91.035,89.709,90.647,694614,,,0.7917,hfq
2025-01-08,90.647,91.844,90.550,91.327,844443,,,0.7502,hfq
2025-01-09,91.456,91.650,90.324,91.230,641164,,,-0.1062,hfq
2025-01-10,91.391,91.780,90.453,91.133,650177,,,-0.1063,hfq
2025-01-13,90.679,91.068,89.644,90.194,638705,,,-1.0304,hfq
2025-01-14,90.324,91.456,89.968,91.230,777593,,,1.1486,hfq
2025-01-15,91.294,92.750,91.068,91.844,783713,,,0.6730,hfq
2025-01-16,92.492,92.653,91.586,92.459,703283,,,0.6696,hfq
2025-01-17,92.427,92.783,91.844,92.168,512628,,,-0.3147,hfq
2025-01-20,92.621,92.912,91.974,92.103,561583,,,-0.0705,hfq
2025-01-21,92.330,93.009,91.747,92.362,573614,,,0.2812,hfq
2025-01-22,92.459,92.492,90.874,90.906,703030,,,-1.5764,hfq
2025-01-23,91.391,93.106,91.359,92.945,994136,,,2.2430,hfq
2025-01-24,92.750,93.527,92.265,93.236,721448,,,0.3131,hfq
2025-01-27,93.527,94.110,93.204,93.495,669851,,,0.2778,hfq
2025-02-05,94.045,94.045,92.686,92.912,569414,,,-0.6236,hfq
2025-02-06,92.783,93.624,92.556,93.268,529925,,,0.3832,hfq
2025-02-07,93.074,93.462,92.718,92.880,620197,,,-0.4160,hfq
2025-02-10,92.880,94.530,92.556,93.624,771457,,,0.8010,hfq
2025-02-11,93.657,94.239,93.430,93.624,434902,,,0.0000,hfq
2025-02-12,93.786,95.307,93.430,95.080,726420,,,1.5552,hfq
2025-02-13,94.951,95.566,94.757,94.821,457215,,,-0.2724,hfq
2025-02-14,94.919,96.310,94.627,96.245,811008,,,1.5018,hfq
2025-02-17,96.051,96.213,94.951,95.566,673914,,,-0.7055,hfq
2025-02-18,95.242,96.439,95.145,95.889,590479,,,0.3380,hfq
2025-02-19,95.695,96.019,95.436,95.728,432591,,,-0.1679,hfq
2025-02-20,95.760,95.825,95.113,95.210,404954,,,-0.5411,hfq
2025-02-21,95.469,95.469,94.142,94.660,607646,,,-0.5777,hfq
2025-02-24,94.336,94.789,93.883,94.077,506186,,,-0.6159,hfq
2025-02-25,93.883,94.271,93.559,93.818,485183,,,-0.2753,hfq
2025-02-26,94.077,95.080,93.851,93.915,512125,,,0.1034,hfq
2025-02-27,93.948,95.533,93.624,95.469,643982,,,1.6547,hfq
2025-02-28,95.274,96.019,94.919,94.919,639372,,,-0.5761,hfq
2025-03-03,95.436,95.566,94.466,94.919,461078,,,0.0000,hfq
2025-03-04,94.757,95.663,94.757,95.145,399199,,,0.2381,hfq
2025-03-05,95.177,96.245,95.016,96.051,632939,,,0.9522,hfq
2025-03-06,96.083,96.342,95.404,96.148,560515,,,0.1010,hfq
2025-03-07,96.278,97.119,96.051,96.892,642880,,,0.7738,hfq
2025-03-10,96.698,96.828,95.566,95.728,605542,,,-1.2013,hfq
2025-03-11,95.533,96.698,95.533,96.698,560076,,,1.0133,hfq
2025-03-12,96.634,97.248,96.213,96.439,403868,,,-0.2678,hfq
2025-03-13,96.537,97.378,96.439,96.860,592419,,,0.4365,hfq
2025-03-14,97.022,98.575,96.860,98.187,990998,,,1.3700,hfq
2025-03-17,98.478,98.931,98.090,98.640,543790,,,0.4614,hfq
2025-03-18,98.575,98.769,98.219,98.413,324110,,,-0.2301,hfq
2025-03-19,98.413,100.387,98.381,100.193,809341,,,1.8087,hfq
2025-03-20,100.290,100.517,99.319,99.934,618912,,,-0.2585,hfq
2025-03-21,99.611,100.064,97.637,97.766,807332,,,-2.1694,hfq
2025-03-24,97.766,98.640,97.766,98.413,429974,,,0.6618,hfq
2025-03-25,98.446,98.899,98.057,98.252,316396,,,-0.1636,hfq
2025-03-26,98.025,98.381,97.054,97.281,604397,,,-0.9883,hfq
2025-03-27,97.313,98.187,97.216,97.345,383656,,,0.0658,hfq
2025-03-28,97.507,97.831,97.087,97.443,386115,,,0.1007,hfq
2025-03-31,97.540,98.057,96.860,97.669,562278,,,0.2319,hfq
2025-04-01,97.604,97.669,96.213,96.569,613001,,,-1.1263,hfq
2025-04-02,96.375,97.151,96.342,96.537,384626,,,-0.0331,hfq
2025-04-03,95.857,96.795,95.695,96.310,396031,,,-0.2351,hfq
2025-04-07,93.462,94.919,91.424,92.912,1741399,,,-3.5282,hfq
2025-04-08,92.912,95.339,92.589,95.113,1563775,,,2.3689,hfq
2025-04-09,94.757,95.080,93.398,93.754,941606,,,-1.4288,hfq
2025-04-10,94.174,95.533,93.657,94.951,683322,,,1.2767,hfq
2025-04-11,94.854,95.242,94.271,94.919,454120,,,-0.0337,hfq
2025-04-14,95.080,95.728,94.919,95.080,461712,,,0.1696,hfq
2025-04-15,95.210,96.245,95.145,96.083,494184,,,1.0549,hfq
2025-04-16,95.825,96.601,95.307,96.148,645819,,,0.0676,hfq
2025-04-17,95.889,96.213,95.177,95.825,483191,,,-0.3359,hfq
2025-04-18,95.825,97.281,95.792,96.990,516229,,,1.2158,hfq
2025-04-21,96.860,97.507,95.986,95.986,472601,,,-1.0352,hfq
2025-04-22,95.986,96.375,95.728,95.825,351034,,,-0.1677,hfq
2025-04-23,96.051,96.116,95.274,95.566,360548,,,-0.2703,hfq
2025-04-24,95.404,96.310,95.404,96.213,376957,,,0.6770,hfq
2025-04-25,96.278,96.472,95.436,95.533,368368,,,-0.7068,hfq
2025-04-28,95.760,96.310,95.533,96.019,380771,,,0.5087,hfq
2025-04-29,95.954,96.439,95.728,95.792,334685,,,-0.2364,hfq
2025-04-30,95.501,95.533,94.401,95.307,574757,,,-0.5063,hfq
2025-05-06,95.889,95.889,94.854,94.854,470069,,,-0.4753,hfq
2025-05-07,95.404,95.986,95.113,95.857,527321,,,1.0574,hfq
2025-05-08,96.051,97.928,95.889,97.443,723859,,,1.6545,hfq
2025-05-09,97.410,99.416,97.410,99.287,821624,,,1.8924,hfq
2025-05-12,99.287,100.873,98.899,99.870,862343,,,0.5872,hfq
2025-05-13,100.031,100.808,99.319,100.743,758636,,,0.8741,hfq
2025-05-14,100.452,102.296,100.420,101.973,900991,,,1.2209,hfq
2025-05-15,102.167,102.652,101.552,101.843,595404,,,-0.1275,hfq
2025-05-16,101.811,102.070,100.840,101.229,481783,,,-0.6029,hfq
2025-05-19,101.714,102.038,101.132,101.293,454135,,,0.0632,hfq
2025-05-20,101.520,101.973,100.452,100.646,498767,,,-0.6387,hfq
2025-05-21,101.067,101.779,100.614,101.261,449312,,,0.6111,hfq
2025-05-22,101.229,102.005,101.099,101.876,387714,,,0.6073,hfq
2025-05-23,101.811,102.135,101.326,101.585,409252,,,-0.2856,hfq
2025-05-26,101.585,101.811,100.808,100.970,392893,,,-0.6054,hfq
2025-05-27,101.520,101.973,101.164,101.423,405719,,,0.4486,hfq
2025-05-28,101.520,101.682,100.517,100.711,372491,,,-0.7020,hfq
2025-05-29,100.905,101.714,100.484,101.067,480047,,,0.3535,hfq
2025-05-30,101.261,101.811,100.678,101.034,499690,,,-0.0327,hfq
2025-06-03,102.361,105.274,101.876,104.497,1527291,,,3.4276,hfq
2025-06-04,104.626,105.015,104.011,104.206,503112,,,-0.2785,hfq
2025-06-05,104.206,104.594,103.591,103.882,456161,,,-0.3109,hfq
2025-06-06,104.206,104.950,103.817,104.011,459982,,,0.1242,hfq
2025-06-09,104.335,105.015,104.109,104.788,569928,,,0.7470,hfq
2025-06-10,105.112,106.503,104.529,104.820,784888,,,0.0305,hfq
2025-06-11,105.047,106.471,104.820,105.371,574617,,,0.5257,hfq
2025-06-12,105.435,105.791,104.788,104.982,711438,,,-0.3692,hfq
2025-06-13,105.015,105.241,103.656,103.817,1817196,,,-1.1097,hfq
2025-06-16,104.141,105.435,103.914,105.306,727632,,,1.4343,hfq
2025-06-17,105.435,105.921,104.756,104.820,495532,,,-0.4615,hfq
2025-06-18,104.820,105.371,104.303,105.144,536775,,,0.3091,hfq
2025-06-19,105.209,105.403,104.594,104.788,524856,,,-0.3386,hfq
2025-06-20,105.468,106.536,105.079,106.147,790045,,,1.2969,hfq
2025-06-23,106.147,108.121,105.727,108.056,781182,,,1.7984,hfq
2025-06-24,107.765,109.383,107.571,108.380,779732,,,0.2998,hfq
2025-06-25,108.380,109.286,107.442,109.060,604484,,,0.6274,hfq
2025-06-26,108.898,109.707,108.380,109.448,657604,,,0.3558,hfq
2025-06-27,109.448,109.577,107.021,107.442,890620,,,-1.8328,hfq
2025-06-30,106.989,107.442,106.277,106.730,533900,,,-0.6627,hfq
2025-07-01,107.344,107.959,106.762,107.409,486559,,,0.6362,hfq
2025-07-02,107.733,108.865,107.183,108.542,598592,,,1.0548,hfq
2025-07-03,108.542,109.286,107.798,109.092,494187,,,0.5067,hfq
2025-07-04,109.092,112.101,108.736,111.551,1009390,,,2.2541,hfq
2025-07-07,111.551,112.587,111.260,112.490,611801,,,0.8418,hfq
2025-07-08,112.295,112.716,111.648,112.554,526754,,,0.0569,hfq
2025-07-09,112.425,112.587,111.519,112.360,546565,,,-0.1724,hfq
2025-07-10,112.134,113.557,111.907,111.907,842925,,,-0.4032,hfq
2025-07-11,112.522,112.684,110.322,110.322,1277581,,,-1.4164,hfq
2025-07-14,110.742,111.713,110.354,111.098,798195,,,0.7034,hfq
2025-07-15,111.131,111.357,109.674,110.257,585200,,,-0.7570,hfq
2025-07-16,110.289,110.516,108.930,109.869,585385,,,-0.3519,hfq
2025-07-17,109.836,110.483,109.545,109.804,489326,,,-0.0592,hfq
2025-07-18,110.127,110.969,109.804,110.224,525200,,,0.3825,hfq
2025-07-21,110.224,110.386,108.865,108.898,724599,,,-1.2030,hfq
2025-07-22,108.930,109.254,107.927,108.380,884209,,,-0.4757,hfq
2025-07-23,108.380,109.189,107.927,108.186,779441,,,-0.1790,hfq
2025-07-24,108.153,108.186,106.406,106.665,993263,,,-1.4059,hfq
2025-07-25,106.212,106.762,105.629,106.180,828381,,,-0.4547,hfq
2025-07-28,106.277,106.600,105.371,105.500,733992,,,-0.6404,hfq
2025-07-29,105.532,105.856,104.562,104.691,756036,,,-0.7668,hfq
2025-07-30,104.723,105.597,104.562,104.885,738517,,,0.1853,hfq
2025-07-31,104.982,105.241,103.979,104.465,715313,,,-0.4004,hfq
2025-08-01,104.335,104.885,103.558,104.109,635035,,,-0.3408,hfq
2025-08-04,104.109,105.856,104.011,104.918,712914,,,0.7771,hfq
2025-08-05,104.918,106.341,104.691,105.921,820304,,,0.9560,hfq
2025-08-06,105.921,106.536,105.371,105.565,553475,,,-0.3361,hfq
2025-08-07,105.629,106.438,105.176,105.856,567574,,,0.2757,hfq
2025-08-08,106.212,106.341,105.629,105.824,410842,,,-0.0302,hfq
2025-08-11,105.759,105.953,105.047,105.241,572557,,,-0.5509,hfq
2025-08-12,105.274,106.438,105.274,105.597,598124,,,0.3383,hfq
2025-08-13,105.888,106.341,104.982,104.982,613422,,,-0.5824,hfq
2025-08-14,105.015,105.500,104.367,104.756,629366,,,-0.2153,hfq
2025-08-15,104.659,104.723,103.008,103.429,1009323,,,-1.2668,hfq
2025-08-18,103.397,104.432,103.138,104.400,790749,,,0.9388,hfq
2025-08-19,104.400,104.626,103.753,104.173,464354,,,-0.2174,hfq
2025-08-20,104.141,104.756,103.720,104.303,517479,,,0.1248,hfq
2025-08-21,104.303,104.562,103.850,104.367,453809,,,0.0614,hfq
2025-08-22,104.270,105.079,104.011,104.885,640809,,,0.4963,hfq
2025-08-25,104.918,105.532,104.691,105.468,617577,,,0.5558,hfq
2025-08-26,105.306,105.759,104.982,105.241,526531,,,-0.2152,hfq
2025-08-27,105.144,105.500,103.817,104.011,688557,,,-1.1687,hfq
2025-08-28,104.173,105.241,103.720,104.885,715184,,,0.8403,hfq
2025-08-29,104.659,105.144,103.558,103.720,1103675,,,-1.1107,hfq
2025-09-01,104.011,104.011,101.746,101.779,1019475,,,-1.8714,hfq
2025-09-02,101.746,102.394,101.261,102.361,974915,,,0.5718,hfq
2025-09-03,102.361,103.008,101.099,101.487,813434,,,-0.8538,hfq
2025-09-04,101.423,102.523,100.420,102.135,1032059,,,0.6385,hfq
2025-09-05,101.941,102.070,101.293,101.585,512887,,,-0.5385,hfq
2025-09-08,101.293,101.746,100.452,100.646,681393,,,-0.9243,hfq
2025-09-09,100.678,101.002,100.484,100.840,451937,,,0.1928,hfq
2025-09-10,100.873,101.229,100.549,100.776,394780,,,-0.0635,hfq
2025-09-11,100.808,102.005,100.517,101.876,693894,,,1.0915,hfq
2025-09-12,101.941,102.394,100.452,100.517,871443,,,-1.3340,hfq
2025-09-15,100.452,100.549,99.125,99.384,817576,,,-1.1272,hfq
2025-09-16,99.416,100.096,98.090,98.187,1098591,,,-1.2044,hfq
2025-09-17,98.219,99.125,97.572,97.831,1216993,,,-0.3626,hfq
2025-09-18,97.960,98.316,96.504,96.731,1326465,,,-1.1244,hfq
2025-09-19,96.828,97.410,96.278,96.860,902440,,,0.1334,hfq
2025-09-22,97.054,97.345,96.245,96.342,522176,,,-0.5348,hfq
2025-09-23,96.342,97.637,95.728,97.248,1186147,,,0.9404,hfq
2025-09-24,97.184,97.960,96.472,96.698,851939,,,-0.5656,hfq
2025-09-25,96.666,97.087,95.986,96.601,735592,,,-0.1003,hfq
2025-09-26,96.731,97.281,95.954,96.957,751354,,,0.3685,hfq
2025-09-29,96.763,97.540,96.083,96.083,1288720,,,-0.9014,hfq
2025-09-30,96.213,96.342,95.242,95.436,1422285,,,-0.6734,hfq
2025-10-09,95.566,95.663,94.789,94.854,1422041,,,-0.6098,hfq
2025-10-10,94.821,95.728,94.757,94.919,1224887,,,0.0685,hfq
2025-10-13,94.498,95.469,93.818,94.951,1186448,,,0.0337,hfq
2025-10-14,94.789,96.666,94.660,96.666,1674256,,,1.8062,hfq
2025-10-15,96.569,97.248,96.245,96.925,1218771,,,0.2679,hfq
2025-10-16,96.892,97.637,96.310,97.378,1040839,,,0.4674,hfq
2025-10-17,97.313,97.928,96.407,96.537,1026705,,,-0.8636,hfq
2025-10-20,96.634,97.054,95.792,96.763,733317,,,0.2341,hfq
2025-10-21,96.763,97.087,96.342,96.439,713193,,,-0.3348,hfq
2025-10-22,96.439,97.831,96.342,97.216,1052978,,,0.8057,hfq
2025-10-23,97.313,98.769,97.313,98.381,1288925,,,1.1984,hfq
2025-10-24,98.252,98.705,97.799,97.863,871084,,,-0.5265,hfq
2025-10-27,97.734,97.993,97.087,97.313,868098,,,-0.5620,hfq
2025-10-28,97.540,97.669,96.731,97.281,678051,,,-0.0329,hfq
2025-10-29,97.054,97.054,95.857,95.954,931097,,,-1.3641,hfq
2025-10-30,95.954,96.504,95.663,96.019,853522,,,0.0677,hfq
2025-10-31,96.245,96.828,96.213,96.666,887862,,,0.6738,hfq
2025-11-03,96.860,98.025,96.763,97.734,990849,,,1.1048,hfq
2025-11-04,97.896,100.323,97.766,99.611,1684893,,,1.9205,hfq
2025-11-05,99.999,100.614,99.514,99.870,1094260,,,0.2600,hfq
2025-11-06,99.643,100.355,99.222,99.675,873787,,,-0.1953,hfq
2025-11-07,100.064,100.678,99.546,99.708,758866,,,0.0331,hfq
2025-11-10,99.708,100.193,99.319,99.740,620422,,,0.0321,hfq
2025-11-11,99.675,100.355,99.449,100.031,634825,,,0.2918,hfq
2025-11-12,100.290,100.937,100.064,100.128,933772,,,0.0970,hfq
2025-11-13,100.193,100.517,99.578,100.064,673045,,,-0.0639,hfq
2025-11-14,100.096,102.070,100.064,101.099,1195918,,,1.0343,hfq
2025-11-17,100.970,101.326,100.064,100.517,901597,,,-0.5757,hfq
2025-11-18,100.484,100.743,99.902,100.128,543063,,,-0.3870,hfq
2025-11-19,100.258,101.099,100.096,100.549,614975,,,0.4205,hfq
2025-11-20,100.420,101.941,100.323,100.840,811554,,,0.2894,hfq
2025-11-21,101.261,101.261,99.837,100.323,1022189,,,-0.5127,hfq
2025-11-24,100.452,100.581,99.190,99.190,902302,,,-1.1294,hfq
2025-11-25,99.319,100.517,98.737,100.452,705707,,,1.2723,hfq
2025-11-26,100.581,101.164,99.934,100.128,522058,,,-0.3225,hfq
2025-11-27,99.934,100.581,99.514,100.420,558515,,,0.2916,hfq
2025-11-28,100.258,100.323,99.481,99.514,567063,,,-0.9022,hfq
2025-12-01,98.931,99.902,98.834,99.675,773597,,,0.1618,hfq
2025-12-02,99.870,99.999,99.028,99.643,531470,,,-0.0321,hfq
2025-12-03,99.481,100.096,98.931,98.963,591745,,,-0.6824,hfq
2025-12-04,98.963,99.255,98.575,98.737,452229,,,-0.2284,hfq
2025-12-05,98.608,98.802,97.799,98.510,671356,,,-0.2299,hfq
2025-12-08,98.510,99.287,98.381,98.769,741996,,,0.2629,hfq
2025-12-09,98.899,98.996,98.025,98.252,614576,,,-0.5234,hfq
2025-12-10,98.122,98.219,96.763,97.054,716149,,,-1.2193,hfq
2025-12-11,97.119,97.281,96.698,97.281,630224,,,0.2339,hfq
2025-12-12,97.216,98.025,96.957,98.025,958856,,,0.7648,hfq
2025-12-15,97.863,98.705,97.799,98.154,506772,,,0.1316,hfq
2025-12-16,98.284,98.316,96.990,97.281,475217,,,-0.8894,hfq
2025-12-17,97.248,97.928,96.666,97.475,695326,,,0.1994,hfq
2025-12-18,97.313,98.996,97.087,98.963,670015,,,1.5265,hfq
2025-12-19,98.834,99.740,98.543,99.449,717066,,,0.4911,hfq
2025-12-22,99.481,99.902,99.028,99.125,626549,,,-0.3258,hfq
2025-12-23,99.352,99.481,98.866,99.352,447450,,,0.2290,hfq
2025-12-24,99.352,99.514,98.769,99.255,499214,,,-0.0976,hfq
2025-12-25,99.255,99.934,99.222,99.287,545940,,,0.0322,hfq
2025-12-26,99.255,99.740,99.158,99.611,502879,,,0.3263,hfq
2025-12-29,99.675,100.646,99.416,100.517,751746,,,0.9095,hfq
2025-12-30,100.290,100.517,99.384,99.449,675344,,,-1.0625,hfq
2025-12-31,99.578,99.740,99.255,99.352,516303,,,-0.0975,hfq
2026-01-05,99.449,99.708,98.963,99.319,681921,,,-0.0332,hfq
2026-01-06,99.319,100.711,98.899,100.646,980486,,,1.3361,hfq
2026-01-07,100.678,101.034,99.675,99.934,721683,,,-0.7074,hfq
2026-01-08,99.805,99.902,98.705,98.899,683149,,,-1.0357,hfq
2026-01-09,99.093,99.352,98.478,98.640,593631,,,-0.2619,hfq
2026-01-12,98.543,99.190,98.122,98.899,806680,,,0.2626,hfq
2026-01-13,98.963,99.708,98.705,99.190,671490,,,0.2942,hfq
2026-01-14,99.061,99.740,97.572,97.572,1296934,,,-1.6312,hfq
2026-01-15,97.572,98.154,96.795,96.957,1011762,,,-0.6303,hfq
2026-01-16,97.248,97.378,95.825,96.181,1662411,,,-0.8004,hfq
2026-01-19,96.116,96.569,95.825,96.181,882620,,,0.0000,hfq
2026-01-20,96.181,96.472,95.663,96.213,920847,,,0.0333,hfq
2026-01-21,96.342,96.795,94.563,94.660,1484016,,,-1.6141,hfq
2026-01-22,94.854,95.404,93.721,93.818,1459434,,,-0.8895,hfq
2026-01-23,93.883,94.498,92.718,93.074,1709547,,,-0.7930,hfq
2026-01-26,93.042,93.236,92.265,92.297,2124267,,,-0.8348,hfq
2026-01-27,92.362,93.009,91.941,92.103,1378786,,,-0.2102,hfq
2026-01-28,92.071,92.330,91.100,91.230,2045227,,,-0.9479,hfq
2026-01-29,91.294,92.653,90.582,92.330,2392841,,,1.2057,hfq
2026-01-30,92.362,93.268,91.715,91.715,1497069,,,-0.6661,hfq
2026-02-02,91.780,93.333,91.780,92.265,1591234,,,0.5997,hfq
2026-02-03,92.459,92.653,91.909,92.330,1010472,,,0.0704,hfq
2026-02-04,92.265,93.398,92.136,93.268,1151367,,,1.0159,hfq
2026-02-05,93.333,94.271,93.333,93.915,1198482,,,0.6937,hfq
2026-02-06,93.932,94.385,93.608,94.029,1048455,,,0.1214,hfq
2026-02-09,94.029,94.417,93.737,94.126,644395,,,0.1032,hfq
2026-02-10,94.126,94.385,93.867,93.932,518706,,,-0.2061,hfq
2026-02-11,94.158,94.158,93.705,94.061,520589,,,0.1373,hfq
2026-02-12,94.061,94.061,93.090,93.187,777622,,,-0.9292,hfq
2026-02-13,93.220,93.414,92.734,92.864,662594,,,-0.3466,hfq
2026-02-24,93.058,93.187,92.411,92.411,815625,,,-0.4878,hfq
2026-02-25,92.475,92.864,92.152,92.249,860862,,,-0.1753,hfq
2026-02-26,92.411,92.605,91.958,92.087,568238,,,-0.1756,hfq
2026-02-27,92.055,92.734,92.055,92.281,870035,,,0.2107,hfq
2026-03-02,92.119,92.637,91.958,92.281,852835,,,0.0000,hfq
2026-03-03,92.314,93.220,92.087,92.702,1203071,,,0.4562,hfq
2026-03-04,92.508,92.637,91.343,91.731,1175244,,,-1.0474,hfq
2026-03-05,91.796,92.831,91.764,92.799,883037,,,1.1643,hfq
2026-03-06,92.573,93.123,92.508,92.961,588803,,,0.1746,hfq
2026-03-09,92.573,92.993,92.217,92.249,939328,,,-0.7659,hfq
2026-03-10,92.314,92.961,92.249,92.799,615727,,,0.5962,hfq
2026-03-11,92.864,93.576,92.573,93.576,742558,,,0.8373,hfq
2026-03-12,93.479,93.964,93.414,93.899,701946,,,0.3452,hfq
2026-03-13,93.867,94.482,93.640,93.964,668446,,,0.0692,hfq
2026-03-16,94.126,94.417,93.802,93.964,715959,,,0.0000,hfq
2026-03-17,93.996,94.741,93.867,94.546,820461,,,0.6194,hfq
2026-03-18,94.514,94.676,93.996,94.352,635232,,,-0.2052,hfq
2026-03-19,94.158,94.514,93.899,93.964,659739,,,-0.4112,hfq
2026-03-20,94.029,94.385,93.737,93.835,664283,,,-0.1373,hfq
2026-03-23,93.381,93.414,91.731,92.055,1092370,,,-1.8969,hfq
2026-03-24,92.249,93.640,92.249,93.608,817479,,,1.6870,hfq
2026-03-25,93.802,93.835,93.155,93.737,581800,,,0.1378,hfq
2026-03-26,93.705,94.449,93.576,94.126,581222,,,0.4150,hfq
2026-03-27,93.867,94.255,93.511,93.543,587324,,,-0.6194,hfq
2026-03-30,93.220,93.640,93.026,93.511,622448,,,-0.0342,hfq
2026-03-31,93.608,94.385,93.511,93.932,750266,,,0.4502,hfq
2026-04-01,94.158,94.805,93.932,94.223,742015,,,0.3098,hfq
2026-04-02,94.223,94.449,93.899,94.190,509594,,,-0.0350,hfq
2026-04-03,94.190,94.255,93.381,93.511,479152,,,-0.7209,hfq
2026-04-07,93.543,93.835,92.864,92.993,557922,,,-0.5539,hfq
2026-04-08,93.446,93.964,93.220,93.802,651016,,,0.8700,hfq
2026-04-09,93.640,93.802,93.090,93.220,510411,,,-0.6205,hfq
2026-04-10,93.252,93.381,92.993,92.993,602524,,,-0.2435,hfq
2026-04-13,92.928,92.961,92.475,92.637,502480,,,-0.3828,hfq
2026-04-14,92.702,93.123,92.670,93.123,482025,,,0.5246,hfq
2026-04-15,93.155,93.705,93.123,93.543,555379,,,0.4510,hfq
2026-04-16,93.511,93.835,93.123,93.252,558620,,,-0.3111,hfq
2026-04-17,93.220,93.252,92.573,92.573,831072,,,-0.7281,hfq
2026-04-20,92.637,92.767,92.378,92.443,1008677,,,-0.1404,hfq
2026-04-21,92.475,93.479,92.443,92.637,1059433,,,0.2099,hfq
2026-04-22,92.702,92.799,91.990,91.990,1266287,,,-0.6984,hfq
2026-04-23,91.990,92.184,91.699,91.925,969639,,,-0.0707,hfq
2026-04-24,91.861,92.314,91.634,91.861,807310,,,-0.0696,hfq
2026-04-27,92.022,92.605,91.796,91.828,1085834,,,-0.0359,hfq
2026-04-28,91.861,91.958,91.408,91.731,864195,,,-0.1056,hfq
2026-04-29,91.569,91.861,91.440,91.861,966844,,,0.1417,hfq
2026-04-30,91.375,91.408,90.760,91.052,1530387,,,-0.8807,hfq
2026-05-06,91.084,91.181,90.437,90.599,1351426,,,-0.4975,hfq
2026-05-07,90.663,90.793,90.437,90.469,871579,,,-0.1435,hfq
2026-05-08,90.502,90.760,90.372,90.404,849683,,,-0.0718,hfq
2026-05-11,90.372,90.502,90.146,90.404,934458,,,0.0000,hfq
2026-05-12,90.404,90.696,90.340,90.469,1058053,,,0.0719,hfq
2026-05-13,90.566,90.663,90.275,90.275,806074,,,-0.2144,hfq
2026-05-14,90.243,90.437,89.919,90.275,909212,,,0.0000,hfq
2026-05-15,90.210,90.663,89.984,90.210,864750,,,-0.0720,hfq
2026-05-18,90.178,90.178,89.272,89.498,891161,,,-0.7893,hfq
2026-05-19,89.498,90.307,89.498,89.660,829257,,,0.1810,hfq
2026-05-20,89.725,89.725,89.110,89.110,652831,,,-0.6134,hfq
2026-05-21,89.110,89.401,88.948,89.240,786798,,,0.1459,hfq
2026-05-22,89.078,89.951,88.948,89.531,973197,,,0.3261,hfq
2026-05-25,89.531,90.437,89.401,90.113,977259,,,0.6501,hfq
2026-05-26,90.178,90.922,90.113,90.728,945462,,,0.6825,hfq
2026-05-27,90.760,91.764,90.728,91.278,1307567,,,0.6062,hfq
2026-05-28,91.569,91.893,90.987,91.181,977420,,,-0.1063,hfq
2026-05-29,90.631,92.961,90.566,92.896,2087086,,,1.8809,hfq
2026-06-01,92.831,92.896,92.249,92.702,1175845,,,-0.2088,hfq
2026-06-02,92.573,93.543,92.443,93.252,1094949,,,0.5933,hfq
2026-06-03,93.090,93.349,92.508,92.864,1008619,,,-0.4161,hfq
2026-06-04,92.993,93.284,92.022,92.217,770491,,,-0.6967,hfq
2026-06-05,92.314,93.414,92.314,93.220,1172000,,,1.0877,hfq
2026-06-08,93.155,93.479,92.831,93.026,849176,,,-0.2081,hfq
2026-06-09,92.831,93.220,92.605,92.734,819349,,,-0.3139,hfq
2026-06-10,92.896,94.288,92.508,94.158,1373527,,,1.5356,hfq
2026-06-11,94.223,94.417,93.284,93.835,1014089,,,-0.3430,hfq
2026-06-12,93.838,95.067,93.547,94.873,1510117,,,1.1062,hfq
2026-06-15,94.873,94.906,93.385,93.644,1314933,,,-1.2954,hfq
2026-06-16,93.482,93.805,93.093,93.126,735546,,,-0.5532,hfq
2026-06-17,93.385,93.773,92.252,92.382,800482,,,-0.7989,hfq
2026-06-18,92.349,92.511,90.602,90.699,1200956,,,-1.8218,hfq
2026-06-22,90.537,92.317,90.019,92.026,1100797,,,1.4631,hfq
2026-06-23,91.993,93.255,91.540,91.767,1025319,,,-0.2814,hfq
2026-06-24,91.993,92.187,90.052,90.052,1157305,,,-1.8689,hfq
2026-06-25,89.922,90.343,89.275,89.469,1192332,,,-0.6474,hfq
2026-06-26,89.534,89.890,88.887,88.919,1004883,,,-0.6147,hfq
2026-06-29,88.919,89.534,87.851,89.275,1016374,,,0.4004,hfq
2026-06-30,89.081,89.178,88.013,88.240,920380,,,-1.1593,hfq
2026-07-01,88.143,89.016,88.078,88.693,717770,,,0.5134,hfq
2026-07-02,89.307,90.149,88.984,89.858,1038649,,,1.3135,hfq
2026-07-03,89.955,90.731,89.081,89.696,886392,,,-0.1803,hfq
2026-07-06,89.405,90.246,89.113,90.019,1145582,,,0.3601,hfq
2026-07-07,89.922,90.278,89.372,89.890,763928,,,-0.1433,hfq
2026-07-08,89.663,90.472,89.178,90.343,806503,,,0.5039,hfq
2026-07-09,89.987,90.731,89.631,90.278,865472,,,-0.0719,hfq
2026-07-10,90.246,90.796,89.987,90.731,955551,,,0.5018,hfq
2026-07-13,90.569,91.217,90.311,91.184,959350,,,0.4993,hfq
2026-07-14,90.958,91.346,90.472,91.120,1070620,,,-0.0702,hfq
2026-07-15,90.925,92.317,90.505,92.285,1313125,,,1.2785,hfq
2026-07-16,92.349,92.932,91.702,91.799,821984,,,-0.5266,hfq
2026-07-17,91.896,92.511,91.637,92.090,1186180,,,0.3170,hfq
2026-07-20,91.896,94.064,91.799,94.000,1817880,,,2.0741,hfq
2026-07-21,94.129,94.614,92.446,92.543,1687369,,,-1.5500,hfq
2026-07-22,92.543,93.482,92.026,93.482,1040577,,,1.0147,hfq
2026-07-23,93.255,93.870,93.061,93.741,879749,,,0.2771,hfq
2026-07-24,94.161,94.355,93.644,93.967,1097583,,,0.2411,hfq
2026-07-27,94.453,94.485,93.547,93.870,871977,,,-0.1032,hfq
2026-07-28,94.097,94.841,93.547,94.841,1348965,,,1.0344,hfq
2026-07-29,95.035,95.423,94.582,94.809,1102798,,,-0.0337,hfq
2026-07-30,94.776,96.459,94.647,96.459,1576306,,,1.7403,hfq
2026-07-31,95.585,96.103,94.582,95.812,1381106,,,-0.6708,hfq
2026-08-03,95.812,96.459,95.391,96.459,976503,,,0.6753,hfq
2026-08-04,96.135,96.135,94.679,94.711,1074000,,,-1.8122,hfq
2026-08-05,94.711,95.035,93.773,94.064,952359,,,-0.6831,hfq
2026-08-06,93.870,94.711,93.611,94.453,805255,,,0.4135,hfq
2026-08-07,94.323,94.420,93.644,94.000,632527,,,-0.4796,hfq
2026-08-10,93.838,94.517,93.708,94.000,636905,,,0.0000,hfq
2026-08-11,93.935,94.161,93.385,93.611,691335,,,-0.4138,hfq
2026-08-12,93.482,93.611,93.126,93.223,509698,,,-0.4145,hfq
2026-08-13,93.126,93.482,92.964,93.449,697700,,,0.2424,hfq
2026-08-14,93.191,93.417,92.770,92.996,646951,,,-0.4848,hfq
2026-08-17,92.899,92.996,92.155,92.349,948269,,,-0.6957,hfq
2026-08-18,92.252,92.673,92.058,92.414,766819,,,0.0704,hfq
2026-08-19,92.802,93.676,92.446,93.676,1440792,,,1.3656,hfq
2026-08-20,93.223,93.644,92.738,93.449,964149,,,-0.2423,hfq
2026-08-21,93.385,93.805,93.093,93.223,723431,,,-0.2418,hfq
2026-08-24,93.061,93.935,92.964,93.805,1154849,,,0.6243,hfq
2026-08-25,93.805,94.258,92.835,92.964,1199415,,,-0.8965,hfq
2026-08-26,92.835,93.741,92.705,93.579,1098002,,,0.6615,hfq
2026-08-27,93.449,93.644,92.608,92.932,1039504,,,-0.6914,hfq
2026-08-28,91.767,91.767,91.022,91.055,2409104,,,-2.0198,hfq
2026-08-31,91.087,91.767,91.087,91.411,1295916,,,0.3910,hfq
2026-09-01,91.314,92.899,91.281,92.738,1694139,,,1.4517,hfq
2026-09-02,92.899,93.191,92.382,92.576,708893,,,-0.1747,hfq
2026-09-03,92.285,93.288,92.285,92.673,938091,,,0.1048,hfq
2026-09-04,92.673,93.644,92.608,93.611,993327,,,1.0122,hfq
2026-09-07,93.676,94.000,92.932,93.061,1018104,,,-0.5875,hfq
2026-09-08,93.061,93.805,92.899,93.449,815493,,,0.4169,hfq
2026-09-09,93.449,93.579,93.191,93.255,570032,,,-0.2076,hfq
2026-09-10,93.223,93.708,93.029,93.676,625916,,,0.4515,hfq
2026-09-11,93.708,93.870,93.093,93.320,750400,,,-0.3800,hfq
2026-09-14,93.191,93.676,92.899,93.385,816171,,,0.0697,hfq
2026-09-15,93.352,93.385,92.576,92.640,694755,,,-0.7978,hfq
2026-09-16,92.673,92.802,91.993,92.252,629356,,,-0.4188,hfq
2026-09-17,92.349,92.511,91.864,92.090,652306,,,-0.1756,hfq
2026-09-18,91.961,92.446,91.864,92.187,621210,,,0.1053,hfq
