trade_date,open,high,low,close,volume,amount,turnover,pct_change,adjust
2018-11-15,9.420,11.300,9.420,11.300,616,,,,hfq
2018-11-16,12.430,12.430,12.430,12.430,352,,,10.0000,hfq
2018-11-19,13.670,13.670,13.670,13.670,407,,,9.9759,hfq
2018-11-20,15.040,15.040,15.040,15.040,1020,,,10.0219,hfq
2018-11-21,16.540,16.540,16.540,16.540,2068,,,9.9734,hfq
2018-11-22,18.190,18.190,18.190,18.190,2784,,,9.9758,hfq
2018-11-23,20.010,20.010,20.010,20.010,16774,,,10.0055,hfq
2018-11-26,22.010,22.010,21.800,22.010,190507,,,9.9950,hfq
2018-11-27,22.150,22.150,20.800,21.090,521529,,,-4.1799,hfq
2018-11-28,20.640,23.150,20.400,22.220,551888,,,5.3580,hfq
2018-11-29,21.750,21.940,20.000,20.200,456641,,,-9.0909,hfq
2018-11-30,19.670,20.960,18.900,20.770,415563,,,2.8218,hfq
2018-12-03,21.110,22.730,20.550,21.740,438847,,,4.6702,hfq
2018-12-04,21.050,21.880,20.780,21.880,314537,,,0.6440,hfq
2018-12-05,21.000,22.790,20.900,21.590,386499,,,-1.3254,hfq
2018-12-06,21.000,21.030,19.430,19.430,331093,,,-10.0046,hfq
2018-12-07,19.810,20.360,19.600,19.810,249637,,,1.9557,hfq
2018-12-10,19.000,20.480,18.820,20.090,234293,,,1.4134,hfq
2018-12-11,19.960,21.800,19.850,21.280,318992,,,5.9233,hfq
2018-12-12,20.950,21.260,20.210,20.690,247189,,,-2.7726,hfq
2018-12-13,20.950,22.280,20.720,21.310,377535,,,2.9966,hfq
2018-12-14,21.110,21.250,20.080,20.520,265711,,,-3.7072,hfq
2018-12-17,19.750,20.390,19.570,20.070,176567,,,-2.1930,hfq
2018-12-18,19.810,20.410,19.050,19.270,198642,,,-3.9860,hfq
2018-12-19,19.430,20.060,18.980,19.390,182426,,,0.6227,hfq
2018-12-20,19.010,19.760,18.370,19.550,203016,,,0.8252,hfq
2018-12-21,19.190,20.140,18.950,19.980,226917,,,2.1995,hfq
2018-12-24,19.920,21.980,19.810,21.980,232344,,,10.0100,hfq
2018-12-25,22.700,24.180,21.380,24.180,515605,,,10.0091,hfq
2018-12-26,24.300,25.320,22.710,22.790,535912,,,-5.7486,hfq
2018-12-27,22.790,23.760,22.300,23.020,354923,,,1.0092,hfq
2018-12-28,22.430,22.590,21.520,21.680,281359,,,-5.8210,hfq
2019-01-02,21.780,22.610,21.310,22.000,231372,,,1.4760,hfq
2019-01-03,21.490,21.790,19.800,19.900,303042,,,-9.5455,hfq
2019-01-04,19.170,20.380,18.870,20.150,196323,,,1.2563,hfq
2019-01-07,20.260,21.710,20.250,21.140,249549,,,4.9132,hfq
2019-01-08,21.150,21.590,20.690,21.050,194813,,,-0.4257,hfq
2019-01-09,21.120,23.160,20.710,23.160,386990,,,10.0238,hfq
2019-01-10,23.010,25.480,22.710,25.480,358817,,,10.0173,hfq
2019-01-11,28.030,28.030,27.590,28.030,74519,,,10.0078,hfq
2019-01-14,30.830,30.830,26.880,30.830,560912,,,9.9893,hfq
2019-01-15,27.850,30.340,27.850,28.020,417377,,,-9.1145,hfq
2019-01-16,27.480,29.990,26.880,28.710,368745,,,2.4625,hfq
2019-01-17,28.330,31.580,27.850,31.580,309182,,,9.9965,hfq
2019-01-18,33.000,34.740,28.420,28.420,540978,,,-10.0063,hfq
2019-01-21,28.140,31.000,27.290,30.420,400413,,,7.0373,hfq
2019-01-22,30.240,33.460,30.150,33.460,440199,,,9.9934,hfq
2019-01-23,33.100,36.810,31.770,36.810,482475,,,10.0120,hfq
2019-01-24,37.550,40.490,37.550,40.490,371023,,,9.9973,hfq
2019-01-25,42.020,42.500,36.440,36.440,418531,,,-10.0025,hfq
2019-01-28,34.350,35.350,32.800,32.800,309361,,,-9.9890,hfq
2019-01-29,31.990,34.960,31.700,33.650,356866,,,2.5915,hfq
2019-01-30,33.000,33.010,30.290,30.290,323643,,,-9.9851,hfq
2019-01-31,30.200,30.780,27.310,27.540,307443,,,-9.0789,hfq
2019-02-01,28.130,28.280,27.110,27.800,213275,,,0.9441,hfq
2019-02-11,28.550,30.580,28.550,30.580,169956,,,10.0000,hfq
2019-02-12,32.530,33.600,31.300,33.250,430284,,,8.7312,hfq
2019-02-13,32.000,35.990,31.800,34.180,397774,,,2.7970,hfq
2019-02-14,33.880,35.760,32.940,34.850,330128,,,1.9602,hfq
2019-02-15,34.120,37.650,33.890,35.530,381123,,,1.9512,hfq
2019-02-18,35.550,39.020,35.550,38.670,350485,,,8.8376,hfq
2019-02-19,38.690,39.790,37.000,37.820,355166,,,-2.1981,hfq
2019-02-20,37.180,41.400,34.530,38.980,405055,,,3.0672,hfq
2019-02-21,38.020,41.400,37.180,38.700,409701,,,-0.7183,hfq
2019-02-22,38.400,39.790,37.500,38.470,305819,,,-0.5943,hfq
2019-02-25,39.300,41.880,39.000,40.650,351754,,,5.6668,hfq
2019-02-26,40.880,41.500,37.000,37.640,358399,,,-7.4047,hfq
2019-02-27,36.000,36.890,33.900,34.490,280132,,,-8.3688,hfq
2019-02-28,34.500,36.380,34.500,35.200,168165,,,2.0586,hfq
2019-03-01,35.600,35.850,34.100,35.550,143426,,,0.9943,hfq
2019-03-04,35.880,38.340,35.880,37.550,263843,,,5.6259,hfq
2019-03-05,37.130,38.500,36.500,38.190,253123,,,1.7044,hfq
2019-03-06,37.930,38.500,37.010,37.990,238919,,,-0.5237,hfq
2019-03-07,37.830,41.790,37.160,41.790,398016,,,10.0026,hfq
2019-03-08,39.000,40.810,37.610,37.610,305890,,,-10.0024,hfq
2019-03-11,35.810,37.290,35.000,37.070,198130,,,-1.4358,hfq
2019-03-12,37.070,38.480,36.900,37.290,186701,,,0.5935,hfq
2019-03-13,36.480,36.480,33.700,33.990,202452,,,-8.8496,hfq
2019-03-14,33.600,35.110,33.340,34.250,115227,,,0.7649,hfq
2019-03-15,34.650,34.900,33.500,33.780,94931,,,-1.3723,hfq
2019-03-18,33.900,35.360,32.180,35.190,139853,,,4.1741,hfq
2019-03-19,34.500,35.080,34.110,34.250,103944,,,-2.6712,hfq
2019-03-20,34.260,35.300,34.010,34.910,117247,,,1.9270,hfq
2019-03-21,34.800,35.300,34.650,34.860,107002,,,-0.1432,hfq
2019-03-22,34.530,34.650,33.330,33.770,102798,,,-3.1268,hfq
2019-03-25,32.950,33.990,32.750,33.360,69187,,,-1.2141,hfq
2019-03-26,33.780,33.800,32.130,32.420,74508,,,-2.8177,hfq
2019-03-27,32.550,32.990,31.400,31.720,72824,,,-2.1592,hfq
2019-03-28,31.390,33.500,30.710,31.880,115787,,,0.5044,hfq
2019-03-29,31.220,32.380,30.180,32.050,110665,,,0.5332,hfq
2019-04-01,32.430,34.040,32.430,33.620,134304,,,4.8986,hfq
2019-04-02,33.500,34.490,33.370,33.400,144795,,,-0.6544,hfq
2019-04-03,32.700,32.930,32.300,32.670,97473,,,-2.1856,hfq
2019-04-04,32.790,33.300,32.290,32.320,73205,,,-1.0713,hfq
2019-04-08,32.610,32.980,31.510,31.820,74728,,,-1.5470,hfq
2019-04-09,31.680,32.680,31.560,32.120,65354,,,0.9428,hfq
2019-04-10,31.700,31.920,31.010,31.310,72281,,,-2.5218,hfq
2019-04-11,31.220,31.450,30.190,30.200,68030,,,-3.5452,hfq
2019-04-12,30.300,30.560,30.010,30.340,45130,,,0.4636,hfq
2019-04-15,30.950,32.840,30.850,31.470,114583,,,3.7245,hfq
2019-04-16,31.470,34.620,30.700,34.620,275973,,,10.0095,hfq
2019-04-17,35.100,37.370,35.010,35.660,350365,,,3.0040,hfq
2019-04-18,35.970,36.500,34.500,34.850,223118,,,-2.2715,hfq
2019-04-19,34.480,35.850,32.850,34.690,198738,,,-0.4591,hfq
2019-04-22,34.600,35.490,33.800,33.860,145951,,,-2.3926,hfq
2019-04-23,33.500,33.520,31.900,32.010,125595,,,-5.4637,hfq
2019-04-24,32.020,32.330,31.050,32.330,101783,,,0.9997,hfq
2019-04-25,32.000,32.560,30.750,30.820,86384,,,-4.6706,hfq
2019-04-26,30.550,31.680,30.290,30.880,67671,,,0.1947,hfq
2019-04-29,31.000,31.300,27.790,27.800,113808,,,-9.9741,hfq
2019-04-30,27.600,28.370,26.260,27.410,72283,,,-1.4029,hfq
2019-05-06,26.300,26.300,24.670,24.670,71620,,,-9.9964,hfq
2019-05-07,24.430,25.490,24.410,24.890,66471,,,0.8918,hfq
2019-05-08,23.890,25.670,23.470,24.870,77748,,,-0.0804,hfq
2019-05-09,24.510,25.360,24.300,24.790,63162,,,-0.3217,hfq
2019-05-10,25.150,26.220,23.700,26.090,110923,,,5.2441,hfq
2019-05-13,25.580,26.070,25.250,25.700,62956,,,-1.4948,hfq
2019-05-14,25.100,27.550,25.000,26.930,121618,,,4.7860,hfq
2019-05-15,27.290,27.450,26.680,26.990,95638,,,0.2228,hfq
2019-05-16,26.990,26.990,26.260,26.400,66500,,,-2.1860,hfq
2019-05-17,26.500,27.240,24.750,25.240,81544,,,-4.3939,hfq
2019-05-20,25.150,26.500,23.000,25.870,89462,,,2.4960,hfq
2019-05-21,25.850,27.100,25.510,26.800,97610,,,3.5949,hfq
2019-05-22,26.900,28.580,26.580,27.270,141923,,,1.7537,hfq
2019-05-23,26.370,26.500,25.020,25.160,94597,,,-7.7374,hfq
2019-05-24,24.880,25.740,24.880,25.100,49333,,,-0.2385,hfq
2019-05-27,25.080,25.950,25.050,25.900,60392,,,3.1873,hfq
2019-05-28,25.900,28.490,25.900,28.490,107869,,,10.0000,hfq
2019-05-29,29.200,30.980,28.880,29.500,260573,,,3.5451,hfq
2019-05-30,29.060,32.000,28.080,30.760,259568,,,4.2712,hfq
2019-05-31,30.000,33.670,29.880,32.950,315489,,,7.1196,hfq
2019-06-03,32.100,35.210,30.550,32.340,306760,,,-1.8513,hfq
2019-06-04,31.850,33.540,29.580,30.230,235520,,,-6.5244,hfq
2019-06-05,30.950,31.650,29.500,30.350,173039,,,0.3970,hfq
2019-06-06,29.850,29.860,27.540,27.940,155994,,,-7.9407,hfq
2019-06-10,28.410,29.810,28.150,29.220,132179,,,4.5812,hfq
2019-06-11,29.270,30.400,28.650,30.110,139846,,,3.0459,hfq
2019-06-12,30.180,31.630,29.940,30.210,157441,,,0.3321,hfq
2019-06-13,29.880,31.030,29.520,29.850,103493,,,-1.1917,hfq
2019-06-14,29.900,30.340,28.350,28.430,89621,,,-4.7571,hfq
2019-06-17,28.800,28.850,27.800,28.210,69597,,,-0.7738,hfq
2019-06-18,28.410,29.350,27.860,28.830,91618,,,2.1978,hfq
2019-06-19,30.030,30.390,28.900,28.910,99667,,,0.2775,hfq
2019-06-20,28.290,29.440,28.060,29.050,89540,,,0.4843,hfq
2019-06-21,29.300,29.810,29.030,29.350,102930,,,1.0327,hfq
2019-06-24,29.220,29.580,28.550,28.820,62376,,,-1.8058,hfq
2019-06-25,28.820,28.990,27.940,28.250,56381,,,-1.9778,hfq
2019-06-26,28.000,28.660,27.820,28.110,43867,,,-0.4956,hfq
2019-06-27,28.060,29.020,28.060,28.700,77134,,,2.0989,hfq
2019-06-28,28.650,28.650,27.670,27.800,59499,,,-3.1359,hfq
2019-07-01,28.700,28.940,28.500,28.680,79070,,,3.1655,hfq
2019-07-02,28.680,28.800,28.210,28.470,48919,,,-0.7322,hfq
2019-07-03,28.260,28.470,28.070,28.130,38446,,,-1.1942,hfq
2019-07-04,28.250,28.400,27.750,27.820,35520,,,-1.1020,hfq
2019-07-05,27.930,28.420,27.850,28.340,46498,,,1.8692,hfq
2019-07-08,28.150,28.240,26.710,26.780,56530,,,-5.5046,hfq
2019-07-09,26.780,27.090,26.350,26.550,30752,,,-0.8588,hfq
2019-07-10,26.650,26.830,26.010,26.250,26536,,,-1.1299,hfq
2019-07-11,26.470,26.610,25.680,25.750,33971,,,-1.9048,hfq
2019-07-12,25.930,25.930,25.320,25.480,30003,,,-1.0485,hfq
2019-07-15,25.590,26.390,24.990,26.340,47492,,,3.3752,hfq
2019-07-16,26.140,27.080,26.100,26.870,48884,,,2.0121,hfq
2019-07-17,26.870,27.110,26.470,26.560,35891,,,-1.1537,hfq
2019-07-18,26.430,26.430,25.540,25.580,42553,,,-3.6898,hfq
2019-07-19,25.500,26.050,25.500,25.720,22159,,,0.5473,hfq
2019-07-22,25.700,25.900,24.160,24.400,40261,,,-5.1322,hfq
2019-07-23,24.640,25.070,24.400,24.940,31030,,,2.2131,hfq
2019-07-24,25.310,26.040,25.150,25.760,48197,,,3.2879,hfq
2019-07-25,26.030,26.160,25.600,25.780,40006,,,0.0776,hfq
2019-07-26,25.800,26.250,25.550,25.950,46262,,,0.6594,hfq
2019-07-29,26.020,26.300,25.730,25.830,34996,,,-0.4624,hfq
2019-07-30,25.860,26.220,25.750,25.950,34773,,,0.4646,hfq
2019-07-31,25.870,28.450,25.860,27.930,135239,,,7.6301,hfq
2019-08-01,27.270,27.720,27.090,27.710,91322,,,-0.7877,hfq
2019-08-02,26.920,27.310,26.460,26.940,68292,,,-2.7788,hfq
2019-08-05,26.990,28.550,26.780,27.860,119227,,,3.4150,hfq
2019-08-06,27.100,29.500,26.460,29.430,188958,,,5.6353,hfq
2019-08-07,29.270,31.850,28.520,29.890,224400,,,1.5630,hfq
2019-08-08,29.200,30.110,29.110,29.150,119018,,,-2.4757,hfq
2019-08-09,29.350,29.470,27.840,28.040,104427,,,-3.8079,hfq
2019-08-12,28.060,28.940,27.960,28.920,75152,,,3.1384,hfq
2019-08-13,28.430,28.630,28.050,28.110,58850,,,-2.8008,hfq
2019-08-14,28.590,29.110,28.250,28.260,79700,,,0.5336,hfq
2019-08-15,27.280,28.420,26.860,28.070,68499,,,-0.6723,hfq
2019-08-16,28.250,29.050,28.170,28.730,88838,,,2.3513,hfq
2019-08-19,29.000,29.740,28.510,29.460,113131,,,2.5409,hfq
2019-08-20,29.700,29.730,29.000,29.230,88413,,,-0.7807,hfq
2019-08-21,29.210,29.290,28.650,28.700,61397,,,-1.8132,hfq
2019-08-22,28.780,29.520,28.490,28.950,68199,,,0.8711,hfq
2019-08-23,28.830,28.990,28.040,28.100,59111,,,-2.9361,hfq
2019-08-26,27.250,28.040,27.200,27.700,41522,,,-1.4235,hfq
2019-08-27,28.050,28.650,27.790,28.500,61666,,,2.8881,hfq
2019-08-28,28.330,29.530,27.980,29.250,118376,,,2.6316,hfq
2019-08-29,29.140,29.350,28.800,28.840,68449,,,-1.4017,hfq
2019-08-30,29.110,29.150,27.550,27.820,76591,,,-3.5368,hfq
2019-09-02,27.820,28.630,27.610,28.370,50530,,,1.9770,hfq
2019-09-03,28.350,29.330,28.310,29.050,78696,,,2.3969,hfq
2019-09-04,28.850,29.090,28.430,28.910,59102,,,-0.4819,hfq
2019-09-05,29.710,29.950,29.050,29.050,124738,,,0.4843,hfq
2019-09-06,29.320,30.870,29.220,30.150,176866,,,3.7866,hfq
2019-09-09,30.700,31.900,29.850,31.400,177203,,,4.1459,hfq
2019-09-10,31.150,31.490,30.500,30.910,124173,,,-1.5605,hfq
2019-09-11,31.310,31.320,29.980,30.110,89947,,,-2.5882,hfq
2019-09-12,30.250,30.500,29.770,30.400,56803,,,0.9631,hfq
2019-09-16,30.410,31.080,30.200,30.890,79475,,,1.6118,hfq
2019-09-17,30.590,30.650,29.500,30.050,72481,,,-2.7193,hfq
2019-09-18,29.990,31.000,29.770,30.950,98563,,,2.9950,hfq
2019-09-19,31.250,31.620,30.710,31.230,104919,,,0.9047,hfq
2019-09-20,31.500,31.500,30.350,30.600,76772,,,-2.0173,hfq
2019-09-23,30.500,30.650,29.950,30.610,42937,,,0.0327,hfq
2019-09-24,30.570,31.100,30.350,31.030,69060,,,1.3721,hfq
2019-09-25,30.700,30.700,29.150,29.400,60814,,,-5.2530,hfq
2019-09-26,29.660,29.740,27.150,27.600,70636,,,-6.1224,hfq
2019-09-27,27.600,27.990,27.200,27.600,29787,,,0.0000,hfq
2019-09-30,27.610,27.890,26.650,26.650,30950,,,-3.4420,hfq
2019-10-08,27.000,27.310,26.820,26.950,24631,,,1.1257,hfq
2019-10-09,26.750,27.420,26.200,27.380,23992,,,1.5955,hfq
2019-10-10,27.400,27.830,27.220,27.600,26770,,,0.8035,hfq
2019-10-11,27.500,27.700,27.020,27.290,27685,,,-1.1232,hfq
2019-10-14,27.530,27.860,27.510,27.650,25617,,,1.3192,hfq
2019-10-15,27.650,27.710,26.850,26.900,29556,,,-2.7125,hfq
2019-10-16,27.300,27.310,26.550,26.570,18653,,,-1.2268,hfq
2019-10-17,26.820,26.840,25.850,26.090,31899,,,-1.8065,hfq
2019-10-18,26.300,26.470,25.960,26.060,22830,,,-0.1150,hfq
2019-10-21,26.050,26.060,25.100,25.390,26486,,,-2.5710,hfq
2019-10-22,25.560,25.900,25.280,25.700,21497,,,1.2210,hfq
2019-10-23,26.150,26.760,25.980,26.120,41178,,,1.6342,hfq
2019-10-24,26.050,26.050,25.340,25.520,25706,,,-2.2971,hfq
2019-10-25,25.520,25.640,25.200,25.620,19779,,,0.3918,hfq
2019-10-28,25.500,26.250,25.500,26.130,29320,,,1.9906,hfq
2019-10-29,26.150,26.340,25.350,25.370,37525,,,-2.9085,hfq
2019-10-30,25.300,25.350,24.810,24.830,25863,,,-2.1285,hfq
2019-10-31,24.850,25.380,24.800,24.870,23899,,,0.1611,hfq
2019-11-01,24.870,25.070,24.150,24.640,28708,,,-0.9248,hfq
2019-11-04,24.670,24.710,24.290,24.370,31536,,,-1.0958,hfq
2019-11-05,24.440,24.540,23.560,23.580,54588,,,-3.2417,hfq
2019-11-06,23.580,23.690,21.530,22.490,85359,,,-4.6226,hfq
2019-11-07,22.350,22.760,21.950,22.470,35174,,,-0.0889,hfq
2019-11-08,22.930,22.930,22.150,22.200,31139,,,-1.2016,hfq
2019-11-11,22.000,22.000,21.080,21.340,41413,,,-3.8739,hfq
2019-11-12,21.250,21.750,21.150,21.530,30770,,,0.8903,hfq
2019-11-13,21.330,21.530,20.540,21.030,43722,,,-2.3223,hfq
2019-11-14,21.030,21.350,20.650,20.980,37514,,,-0.2378,hfq
2019-11-15,20.140,20.520,20.050,20.070,87504,,,-4.3375,hfq
2019-11-18,20.140,20.530,19.960,20.270,52943,,,0.9965,hfq
2019-11-19,20.430,21.020,20.060,20.810,72189,,,2.6640,hfq
2019-11-20,20.840,21.040,20.300,20.470,52060,,,-1.6338,hfq
2019-11-21,20.450,22.300,20.130,21.530,123228,,,5.1783,hfq
2019-11-22,21.240,21.920,21.160,21.430,96470,,,-0.4645,hfq
2019-11-25,20.550,20.640,19.970,20.060,76397,,,-6.3929,hfq
2019-11-26,19.980,20.230,18.890,19.480,76306,,,-2.8913,hfq
2019-11-27,19.420,19.420,18.650,19.150,40165,,,-1.6940,hfq
2019-11-28,19.190,19.480,19.010,19.040,30926,,,-0.5744,hfq
2019-11-29,19.140,20.930,18.980,19.870,81842,,,4.3592,hfq
2019-12-02,20.050,20.350,19.750,20.020,62969,,,0.7549,hfq
2019-12-03,19.900,20.340,19.560,20.220,53675,,,0.9990,hfq
2019-12-04,19.910,20.140,19.660,19.870,40316,,,-1.7310,hfq
2019-12-05,19.960,20.350,19.940,20.270,57497,,,2.0131,hfq
2019-12-06,20.250,20.300,19.860,20.160,47173,,,-0.5427,hfq
2019-12-09,20.240,20.540,20.020,20.500,65505,,,1.6865,hfq
2019-12-10,20.500,20.500,20.100,20.340,53328,,,-0.7805,hfq
2019-12-11,20.450,20.450,20.070,20.200,43528,,,-0.6883,hfq
2019-12-12,20.150,21.440,20.010,20.470,90247,,,1.3366,hfq
2019-12-13,20.610,20.650,20.280,20.490,58202,,,0.0977,hfq
2019-12-16,20.390,21.150,20.390,21.030,92134,,,2.6354,hfq
2019-12-17,21.210,22.150,21.170,21.740,140447,,,3.3761,hfq
2019-12-18,21.820,22.370,21.510,21.920,113780,,,0.8280,hfq
2019-12-19,21.850,22.260,21.620,21.780,71441,,,-0.6387,hfq
2019-12-20,21.870,21.900,21.100,21.130,69170,,,-2.9844,hfq
2019-12-23,20.650,20.650,19.950,19.990,83567,,,-5.3952,hfq
2019-12-24,20.050,20.240,19.870,20.240,40276,,,1.2506,hfq
2019-12-25,20.290,20.630,20.200,20.350,43397,,,0.5435,hfq
2019-12-26,20.600,21.680,20.410,21.590,107011,,,6.0934,hfq
2019-12-27,21.530,21.990,21.310,21.450,108342,,,-0.6484,hfq
2019-12-30,21.720,21.720,20.830,21.450,67134,,,0.0000,hfq
2019-12-31,21.310,21.920,21.310,21.640,61262,,,0.8858,hfq
2020-01-02,22.450,23.550,22.420,22.850,166555,,,5.5915,hfq
2020-01-03,23.250,23.650,22.830,22.870,149851,,,0.0875,hfq
2020-01-06,22.290,23.140,22.190,22.830,111615,,,-0.1749,hfq
2020-01-07,22.860,23.110,22.470,22.720,79783,,,-0.4818,hfq
2020-01-08,22.690,22.690,21.970,22.050,82538,,,-2.9489,hfq
2020-01-09,22.370,22.930,22.250,22.790,89999,,,3.3560,hfq
2020-01-10,22.690,22.870,22.330,22.550,58772,,,-1.0531,hfq
2020-01-13,22.660,23.150,22.460,23.070,98925,,,2.3060,hfq
2020-01-14,23.080,23.410,22.730,22.750,77321,,,-1.3871,hfq
2020-01-15,22.650,22.880,22.370,22.550,48146,,,-0.8791,hfq
2020-01-16,22.600,22.690,22.330,22.400,42211,,,-0.6652,hfq
2020-01-17,22.520,22.850,22.420,22.610,48463,,,0.9375,hfq
2020-01-20,22.600,22.610,22.310,22.560,48523,,,-0.2211,hfq
2020-01-21,22.460,22.700,22.070,22.070,49385,,,-2.1720,hfq
2020-01-22,21.800,21.860,20.450,21.530,78883,,,-2.4468,hfq
2020-01-23,21.140,21.910,20.350,20.630,68521,,,-4.1802,hfq
2020-02-03,18.580,18.580,18.580,18.580,5697,,,-9.9370,hfq
2020-02-04,16.740,17.620,16.740,17.190,98707,,,-7.4812,hfq
2020-02-05,17.290,18.400,17.270,17.910,80718,,,4.1885,hfq
2020-02-06,18.040,18.310,17.550,18.240,76746,,,1.8425,hfq
2020-02-07,18.230,18.440,18.000,18.360,61116,,,0.6579,hfq
2020-02-10,18.200,18.900,18.200,18.850,59338,,,2.6688,hfq
2020-02-11,18.870,19.480,18.750,18.920,68550,,,0.3714,hfq
2020-02-12,18.690,19.380,18.690,19.270,67664,,,1.8499,hfq
2020-02-13,19.130,19.450,18.950,19.040,48986,,,-1.1936,hfq
2020-02-14,18.960,19.320,18.810,18.960,45176,,,-0.4202,hfq
2020-02-17,19.140,19.810,19.050,19.750,76178,,,4.1667,hfq
2020-02-18,20.020,20.450,19.770,20.210,79414,,,2.3291,hfq
2020-02-19,20.350,20.650,20.040,20.240,76619,,,0.1484,hfq
2020-02-20,20.240,20.550,19.930,20.440,65679,,,0.9881,hfq
2020-02-21,20.340,20.910,20.300,20.900,96696,,,2.2505,hfq
2020-02-24,21.500,22.550,21.170,22.240,175663,,,6.4115,hfq
2020-02-25,21.540,22.900,21.150,22.640,189662,,,1.7986,hfq
2020-02-26,22.140,23.180,21.660,21.850,148586,,,-3.4894,hfq
2020-02-27,22.150,22.230,21.240,21.610,96055,,,-1.0984,hfq
2020-02-28,20.790,21.110,19.550,19.670,104009,,,-8.9773,hfq
2020-03-02,20.000,21.620,20.000,21.620,95390,,,9.9136,hfq
2020-03-03,23.770,23.770,22.370,22.740,354719,,,5.1804,hfq
2020-03-04,23.560,24.630,23.010,23.810,356307,,,4.7054,hfq
2020-03-05,25.750,26.150,23.800,23.970,342273,,,0.6720,hfq
2020-03-06,22.980,23.770,22.950,23.310,192579,,,-2.7534,hfq
2020-03-09,22.670,24.570,22.600,23.670,239703,,,1.5444,hfq
2020-03-10,23.250,26.020,22.630,26.020,343209,,,9.9282,hfq
2020-03-11,26.650,28.350,25.290,25.350,432826,,,-2.5749,hfq
2020-03-12,24.470,25.930,24.270,25.930,244001,,,2.2880,hfq
2020-03-13,24.470,26.550,24.470,25.730,222008,,,-0.7713,hfq
2020-03-16,25.170,25.520,23.170,23.170,198400,,,-9.9495,hfq
2020-03-17,23.280,23.830,21.640,22.470,143057,,,-3.0211,hfq
2020-03-18,22.650,22.990,21.150,21.170,146293,,,-5.7855,hfq
2020-03-19,21.460,22.720,20.860,22.310,137580,,,5.3850,hfq
2020-03-20,22.500,22.740,21.670,22.140,101155,,,-0.7620,hfq
2020-03-23,21.370,22.950,21.170,22.260,137511,,,0.5420,hfq
2020-03-24,22.960,23.850,22.100,23.850,176098,,,7.1429,hfq
2020-03-25,24.130,24.220,23.470,23.660,153942,,,-0.7966,hfq
2020-03-26,23.830,24.330,23.560,23.870,140046,,,0.8876,hfq
2020-03-27,24.150,24.340,22.760,22.800,118154,,,-4.4826,hfq
2020-03-30,22.050,22.210,20.950,21.440,99878,,,-5.9649,hfq
2020-03-31,21.830,21.970,20.750,20.850,91253,,,-2.7519,hfq
2020-04-01,20.600,21.630,20.430,20.960,84831,,,0.5276,hfq
2020-04-02,21.140,21.830,20.930,21.770,84551,,,3.8645,hfq
2020-04-03,21.560,21.770,21.040,21.080,72410,,,-3.1695,hfq
2020-04-07,21.450,21.780,21.380,21.630,76581,,,2.6091,hfq
2020-04-08,21.600,22.080,21.470,21.690,76584,,,0.2774,hfq
2020-04-09,21.860,22.090,21.360,21.440,76878,,,-1.1526,hfq
2020-04-10,21.150,21.200,20.160,20.340,91303,,,-5.1306,hfq
2020-04-13,20.430,20.440,19.850,19.890,41935,,,-2.2124,hfq
2020-04-14,19.970,20.190,19.880,20.190,42137,,,1.5083,hfq
2020-04-15,20.230,20.260,19.880,19.900,44130,,,-1.4364,hfq
2020-04-16,19.660,19.950,19.410,19.850,41814,,,-0.2513,hfq
2020-04-17,19.960,20.200,19.560,19.630,55647,,,-1.1083,hfq
2020-04-20,19.910,20.020,19.670,19.980,36228,,,1.7830,hfq
2020-04-21,19.930,20.200,19.730,20.050,46963,,,0.3504,hfq
2020-04-22,19.880,20.140,19.800,20.050,35201,,,0.0000,hfq
2020-04-23,20.050,20.150,19.440,19.450,56557,,,-2.9925,hfq
2020-04-24,19.510,19.740,19.330,19.490,32792,,,0.2057,hfq
2020-04-27,19.700,20.750,19.560,20.450,104549,,,4.9256,hfq
2020-04-28,20.310,20.510,18.850,20.400,91650,,,-0.2445,hfq
2020-04-29,20.400,20.400,19.550,19.550,67717,,,-4.1667,hfq
2020-04-30,20.170,20.400,19.830,20.240,88353,,,3.5294,hfq
2020-05-06,19.810,20.560,19.810,20.490,72719,,,1.2352,hfq
2020-05-07,20.900,21.310,20.250,20.280,76547,,,-1.0249,hfq
2020-05-08,21.190,22.150,20.600,20.900,123286,,,3.0572,hfq
2020-05-11,21.050,21.050,20.500,20.680,69957,,,-1.0526,hfq
2020-05-12,20.540,20.630,20.150,20.570,42038,,,-0.5319,hfq
2020-05-13,20.260,20.530,20.260,20.360,28946,,,-1.0209,hfq
2020-05-14,20.300,20.580,20.150,20.210,48184,,,-0.7367,hfq
2020-05-15,20.280,20.410,20.060,20.160,40051,,,-0.2474,hfq
2020-05-18,20.260,20.270,19.450,19.580,59344,,,-2.8770,hfq
2020-05-19,19.650,19.790,19.550,19.610,27120,,,0.1532,hfq
2020-05-20,19.650,19.670,19.300,19.330,35945,,,-1.4278,hfq
2020-05-21,19.450,19.500,18.680,18.710,54371,,,-3.2074,hfq
2020-05-22,18.710,18.880,18.260,18.290,38040,,,-2.2448,hfq
2020-05-25,18.290,18.300,17.850,17.910,28000,,,-2.0776,hfq
2020-05-26,18.100,18.430,18.030,18.390,29961,,,2.6801,hfq
2020-05-27,18.010,18.060,17.160,17.540,73797,,,-4.6221,hfq
2020-05-28,17.480,17.550,16.880,17.210,50158,,,-1.8814,hfq
2020-05-29,17.120,17.420,17.000,17.280,24318,,,0.4067,hfq
2020-06-01,17.360,17.910,17.360,17.850,45481,,,3.2986,hfq
2020-06-02,17.840,18.130,17.780,17.990,38481,,,0.7843,hfq
2020-06-03,18.050,18.460,17.750,18.200,62848,,,1.1673,hfq
2020-06-04,18.230,18.230,17.820,18.010,36009,,,-1.0440,hfq
2020-06-05,18.550,18.790,18.230,18.250,70786,,,1.3326,hfq
2020-06-08,18.420,18.590,17.990,18.020,39074,,,-1.2603,hfq
2020-06-09,18.050,18.070,17.790,18.010,27442,,,-0.0555,hfq
2020-06-10,17.860,17.940,17.610,17.760,31950,,,-1.3881,hfq
2020-06-11,17.770,18.050,17.600,17.680,30427,,,-0.4505,hfq
2020-06-12,17.320,17.710,17.210,17.600,25641,,,-0.4525,hfq
2020-06-15,17.520,17.830,17.410,17.420,29794,,,-1.0227,hfq
2020-06-16,17.670,18.020,17.590,17.930,43285,,,2.9277,hfq
2020-06-17,17.960,18.100,17.740,17.890,29538,,,-0.2231,hfq
2020-06-18,17.870,18.420,17.770,18.340,58488,,,2.5154,hfq
2020-06-19,18.350,18.390,18.060,18.170,41183,,,-0.9269,hfq
2020-06-22,18.170,18.320,18.060,18.130,30315,,,-0.2201,hfq
2020-06-23,18.130,18.200,17.950,18.030,23193,,,-0.5516,hfq
2020-06-24,18.100,18.180,17.780,17.790,26599,,,-1.3311,hfq
2020-06-29,17.780,17.780,17.440,17.500,25889,,,-1.6301,hfq
2020-06-30,17.660,17.850,17.580,17.800,26050,,,1.7143,hfq
2020-07-01,18.150,18.150,17.750,17.890,26871,,,0.5056,hfq
2020-07-02,17.880,18.210,17.710,18.150,42373,,,1.4533,hfq
2020-07-03,18.210,18.390,18.100,18.340,55545,,,1.0468,hfq
2020-07-06,18.470,19.100,18.450,19.030,96829,,,3.7623,hfq
2020-07-07,19.500,19.740,19.180,19.300,118416,,,1.4188,hfq
2020-07-08,19.300,19.580,18.920,19.480,102858,,,0.9326,hfq
2020-07-09,19.520,20.000,19.420,19.880,105553,,,2.0534,hfq
2020-07-10,19.890,19.990,19.350,19.450,83772,,,-2.1630,hfq
2020-07-13,19.670,19.930,19.470,19.910,80841,,,2.3650,hfq
2020-07-14,20.100,20.110,19.310,19.520,80262,,,-1.9588,hfq
2020-07-15,19.600,19.700,18.670,18.810,76484,,,-3.6373,hfq
2020-07-16,18.810,18.930,17.820,18.030,59990,,,-4.1467,hfq
2020-07-17,18.170,18.190,17.800,17.840,42552,,,-1.0538,hfq
2020-07-20,17.930,18.250,17.820,18.230,42293,,,2.1861,hfq
2020-07-21,18.230,18.570,18.160,18.300,36898,,,0.3840,hfq
2020-07-22,18.300,18.450,18.130,18.230,34574,,,-0.3825,hfq
2020-07-23,18.050,18.120,17.550,17.880,43836,,,-1.9199,hfq
2020-07-24,17.910,18.260,17.450,17.450,50074,,,-2.4049,hfq
2020-07-27,17.450,17.580,17.110,17.240,29636,,,-1.2034,hfq
2020-07-28,17.310,17.550,17.280,17.460,20426,,,1.2761,hfq
2020-07-29,17.470,17.760,17.310,17.730,23624,,,1.5464,hfq
2020-07-30,17.750,17.800,17.500,17.520,24062,,,-1.1844,hfq
2020-07-31,17.500,17.860,17.410,17.700,27791,,,1.0274,hfq
2020-08-03,17.830,18.150,17.810,18.100,35615,,,2.2599,hfq
2020-08-04,18.130,18.150,17.740,17.800,42519,,,-1.6575,hfq
2020-08-05,17.800,18.110,17.710,17.900,38910,,,0.5618,hfq
2020-08-06,17.800,18.060,17.500,17.910,45999,,,0.0559,hfq
2020-08-07,17.730,18.130,17.600,18.090,67686,,,1.0050,hfq
2020-08-10,17.900,18.370,17.850,18.340,64648,,,1.3820,hfq
2020-08-11,18.180,18.400,17.580,17.630,62984,,,-3.8713,hfq
2020-08-12,17.530,17.790,17.220,17.770,42395,,,0.7941,hfq
2020-08-13,17.790,17.810,17.570,17.620,28967,,,-0.8441,hfq
2020-08-14,17.510,17.780,17.510,17.760,25290,,,0.7946,hfq
2020-08-17,17.750,18.170,17.720,18.080,55327,,,1.8018,hfq
2020-08-18,18.230,18.230,17.920,18.010,40972,,,-0.3872,hfq
2020-08-19,18.000,18.000,17.490,17.550,44312,,,-2.5541,hfq
2020-08-20,17.500,17.730,17.340,17.560,24822,,,0.0570,hfq
2020-08-21,17.580,17.750,17.390,17.520,27407,,,-0.2278,hfq
2020-08-24,17.500,17.660,17.380,17.560,19345,,,0.2283,hfq
2020-08-25,17.600,17.600,17.380,17.400,28440,,,-0.9112,hfq
2020-08-26,17.420,17.420,17.100,17.150,36059,,,-1.4368,hfq
2020-08-27,17.100,17.380,17.100,17.300,20830,,,0.8746,hfq
2020-08-28,17.330,17.370,17.060,17.340,25951,,,0.2312,hfq
2020-08-31,17.340,17.510,17.210,17.260,23066,,,-0.4614,hfq
2020-09-01,17.270,17.330,17.120,17.310,17580,,,0.2897,hfq
2020-09-02,17.320,17.430,17.210,17.340,23298,,,0.1733,hfq
2020-09-03,17.340,17.340,17.080,17.130,21572,,,-1.2111,hfq
2020-09-04,16.810,17.330,16.810,17.290,21852,,,0.9340,hfq
2020-09-07,17.230,17.430,17.050,17.120,29407,,,-0.9832,hfq
2020-09-08,17.330,17.380,17.050,17.230,26504,,,0.6425,hfq
2020-09-09,17.200,17.250,16.850,17.020,32517,,,-1.2188,hfq
2020-09-10,17.120,17.250,15.900,16.280,38530,,,-4.3478,hfq
2020-09-11,16.200,16.340,15.970,16.220,19466,,,-0.3686,hfq
2020-09-14,16.330,16.480,16.170,16.300,17306,,,0.4932,hfq
2020-09-15,16.240,16.450,16.100,16.170,17967,,,-0.7975,hfq
2020-09-16,16.130,16.320,15.800,15.850,25633,,,-1.9790,hfq
2020-09-17,15.840,15.970,15.510,15.800,24687,,,-0.3155,hfq
2020-09-18,15.710,16.020,15.710,15.960,20481,,,1.0127,hfq
2020-09-21,15.980,16.180,15.950,16.010,14421,,,0.3133,hfq
2020-09-22,15.890,15.980,15.630,15.660,16257,,,-2.1861,hfq
2020-09-23,15.700,15.850,15.650,15.710,10744,,,0.3193,hfq
2020-09-24,15.650,15.680,15.120,15.130,25440,,,-3.6919,hfq
2020-09-25,15.130,15.260,14.730,14.880,20847,,,-1.6523,hfq
2020-09-28,14.870,15.050,14.520,14.550,18158,,,-2.2177,hfq
2020-09-29,14.570,15.210,14.570,14.810,22062,,,1.7869,hfq
2020-09-30,14.890,15.190,14.810,15.030,18254,,,1.4855,hfq
2020-10-09,15.260,15.340,15.110,15.230,16485,,,1.3307,hfq
2020-10-12,15.240,15.650,15.240,15.610,22495,,,2.4951,hfq
2020-10-13,15.610,15.640,15.450,15.570,13747,,,-0.2562,hfq
2020-10-14,15.580,15.640,15.380,15.440,12124,,,-0.8349,hfq
2020-10-15,15.440,15.470,15.180,15.180,17489,,,-1.6839,hfq
2020-10-16,15.190,15.290,15.130,15.250,12902,,,0.4611,hfq
2020-10-19,15.760,16.280,15.740,15.780,68305,,,3.4754,hfq
2020-10-20,15.500,15.930,15.480,15.660,30718,,,-0.7605,hfq
2020-10-21,15.610,15.670,15.390,15.490,19610,,,-1.0856,hfq
2020-10-22,15.410,15.700,15.190,15.470,15884,,,-0.1291,hfq
2020-10-23,15.510,15.580,15.110,15.110,17683,,,-2.3271,hfq
2020-10-26,15.000,15.150,14.820,15.090,11321,,,-0.1324,hfq
2020-10-27,15.290,15.290,14.850,14.880,13200,,,-1.3917,hfq
2020-10-28,14.800,14.980,14.580,14.880,15371,,,0.0000,hfq
2020-10-29,14.610,14.870,14.610,14.710,14827,,,-1.1425,hfq
2020-10-30,14.700,14.840,14.120,14.170,28544,,,-3.6710,hfq
2020-11-02,14.100,14.220,13.620,13.790,24316,,,-2.6817,hfq
2020-11-03,13.800,14.250,13.790,14.180,18303,,,2.8281,hfq
2020-11-04,14.190,14.300,13.960,14.080,11050,,,-0.7052,hfq
2020-11-05,14.180,14.960,14.080,14.840,39770,,,5.3977,hfq
2020-11-06,14.850,14.980,14.600,14.810,28132,,,-0.2022,hfq
2020-11-09,14.910,15.300,14.910,15.160,32814,,,2.3633,hfq
2020-11-10,15.070,15.200,14.910,15.000,23712,,,-1.0554,hfq
2020-11-11,14.960,15.050,14.630,14.630,18510,,,-2.4667,hfq
2020-11-12,14.690,14.840,14.610,14.710,11832,,,0.5468,hfq
2020-11-13,14.710,14.750,14.480,14.640,9936,,,-0.4759,hfq
2020-11-16,14.800,14.810,14.510,14.570,15918,,,-0.4781,hfq
2020-11-17,14.570,14.570,14.100,14.270,16399,,,-2.0590,hfq
2020-11-18,14.260,14.440,14.260,14.330,8672,,,0.4205,hfq
2020-11-19,14.300,14.440,14.090,14.360,13084,,,0.2094,hfq
2020-11-20,14.500,14.840,14.430,14.490,30520,,,0.9053,hfq
2020-11-23,14.350,14.440,14.180,14.350,20559,,,-0.9662,hfq
2020-11-24,14.350,14.540,14.300,14.380,14266,,,0.2091,hfq
2020-11-25,14.500,15.790,14.320,15.790,65978,,,9.8053,hfq
2020-11-26,16.800,17.100,15.970,16.010,196615,,,1.3933,hfq
2020-11-27,15.600,16.200,15.310,15.630,119831,,,-2.3735,hfq
2020-11-30,15.570,16.780,15.480,16.540,158236,,,5.8221,hfq
2020-12-01,16.100,16.380,16.020,16.320,102703,,,-1.3301,hfq
2020-12-02,16.230,17.290,15.800,16.680,133627,,,2.2059,hfq
2020-12-03,16.500,16.670,16.100,16.150,80173,,,-3.1775,hfq
2020-12-04,16.050,16.930,16.000,16.480,79717,,,2.0433,hfq
2020-12-07,16.310,16.910,16.230,16.570,95627,,,0.5461,hfq
2020-12-08,16.580,16.590,16.150,16.150,64880,,,-2.5347,hfq
2020-12-09,16.160,16.200,15.550,15.670,62596,,,-2.9721,hfq
2020-12-10,15.660,16.870,15.480,16.410,115465,,,4.7224,hfq
2020-12-11,16.250,16.650,15.900,16.480,91440,,,0.4266,hfq
2020-12-14,16.250,16.430,16.040,16.430,51356,,,-0.3034,hfq
2020-12-15,16.430,16.900,16.310,16.620,87990,,,1.1564,hfq
2020-12-16,16.430,16.610,16.000,16.100,57385,,,-3.1288,hfq
2020-12-17,15.960,16.050,15.340,15.800,57089,,,-1.8634,hfq
2020-12-18,15.760,15.960,15.590,15.700,35620,,,-0.6329,hfq
2020-12-21,15.800,15.820,15.440,15.720,35200,,,0.1274,hfq
2020-12-22,15.680,15.680,14.450,14.580,77878,,,-7.2519,hfq
2020-12-23,14.470,14.640,14.210,14.370,43069,,,-1.4403,hfq
2020-12-24,14.460,14.460,13.790,13.950,42482,,,-2.9228,hfq
2020-12-25,13.900,14.100,13.820,13.860,23332,,,-0.6452,hfq
2020-12-28,13.810,13.840,13.300,13.380,32302,,,-3.4632,hfq
2020-12-29,13.450,14.690,13.440,14.690,56821,,,9.7907,hfq
2020-12-30,14.690,14.890,14.200,14.650,64937,,,-0.2723,hfq
2020-12-31,14.580,15.050,14.400,14.770,57384,,,0.8191,hfq
2021-01-04,14.600,15.100,14.330,14.800,56224,,,0.2031,hfq
2021-01-05,14.580,15.390,14.470,14.890,55149,,,0.6081,hfq
2021-01-06,14.870,14.900,14.440,14.450,37133,,,-2.9550,hfq
2021-01-07,14.420,14.460,13.700,13.740,47783,,,-4.9135,hfq
2021-01-08,13.630,14.800,13.630,14.110,52103,,,2.6929,hfq
2021-01-11,13.930,14.440,13.810,14.010,39314,,,-0.7087,hfq
2021-01-12,13.940,14.680,13.740,14.240,36905,,,1.6417,hfq
2021-01-13,14.100,14.600,13.850,14.470,54620,,,1.6152,hfq
2021-01-14,14.450,14.860,14.270,14.650,58854,,,1.2440,hfq
2021-01-15,14.510,14.640,14.320,14.600,36636,,,-0.3413,hfq
2021-01-18,14.450,14.900,14.420,14.700,38129,,,0.6849,hfq
2021-01-19,14.700,14.860,14.350,14.390,37418,,,-2.1088,hfq
2021-01-20,14.390,14.470,14.230,14.300,24981,,,-0.6254,hfq
2021-01-21,14.300,14.400,13.960,14.090,28351,,,-1.4685,hfq
2021-01-22,14.120,14.130,13.610,13.670,35218,,,-2.9808,hfq
2021-01-25,13.680,13.830,13.320,13.600,29342,,,-0.5121,hfq
2021-01-26,13.390,13.790,13.390,13.480,18382,,,-0.8824,hfq
2021-01-27,13.500,13.710,13.420,13.520,18913,,,0.2967,hfq
2021-01-28,13.550,13.610,13.350,13.360,19497,,,-1.1834,hfq
2021-01-29,13.420,13.520,12.050,12.060,77222,,,-9.7305,hfq
2021-02-01,12.080,12.180,11.550,11.920,41105,,,-1.1609,hfq
2021-02-02,11.910,12.140,11.720,12.050,22012,,,1.0906,hfq
2021-02-03,12.040,12.170,11.850,11.860,22815,,,-1.5768,hfq
2021-02-04,11.880,11.990,11.400,11.580,25360,,,-2.3609,hfq
2021-02-05,11.550,11.890,11.550,11.560,21607,,,-0.1727,hfq
2021-02-08,11.560,11.780,11.500,11.630,15456,,,0.6055,hfq
2021-02-09,11.600,11.960,11.560,11.900,18921,,,2.3216,hfq
2021-02-10,11.900,12.150,11.830,12.000,20710,,,0.8403,hfq
2021-02-18,12.100,12.360,12.090,12.170,29322,,,1.4167,hfq
2021-02-19,12.170,12.560,12.150,12.490,29290,,,2.6294,hfq
2021-02-22,12.500,12.930,12.480,12.580,31710,,,0.7206,hfq
2021-02-23,12.520,12.810,12.340,12.540,23073,,,-0.3180,hfq
2021-02-24,12.520,12.880,12.520,12.580,23355,,,0.3190,hfq
2021-02-25,12.820,13.040,12.460,12.480,36242,,,-0.7949,hfq
2021-02-26,12.280,13.180,12.140,12.740,51047,,,2.0833,hfq
2021-03-01,12.680,12.840,12.520,12.640,35012,,,-0.7849,hfq
2021-03-02,12.690,12.740,12.320,12.420,37086,,,-1.7405,hfq
2021-03-03,12.370,12.520,12.280,12.420,30811,,,0.0000,hfq
2021-03-04,12.430,12.480,12.100,12.120,32484,,,-2.4155,hfq
2021-03-05,12.120,12.440,12.080,12.320,30753,,,1.6502,hfq
2021-03-08,12.440,12.600,12.270,12.310,35775,,,-0.0812,hfq
2021-03-09,12.350,12.380,11.720,11.910,38259,,,-3.2494,hfq
2021-03-10,12.000,12.300,11.670,11.710,33277,,,-1.6793,hfq
2021-03-11,11.660,11.840,11.470,11.780,25283,,,0.5978,hfq
2021-03-12,11.780,11.940,11.630,11.850,22316,,,0.5942,hfq
2021-03-15,11.810,11.840,11.620,11.680,19869,,,-1.4346,hfq
2021-03-16,11.720,12.220,11.680,11.960,41321,,,2.3973,hfq
2021-03-17,11.900,12.170,11.860,12.050,23816,,,0.7525,hfq
2021-03-18,12.030,12.060,11.780,11.860,24143,,,-1.5768,hfq
2021-03-19,11.780,11.950,11.700,11.850,17315,,,-0.0843,hfq
2021-03-22,11.880,11.990,11.840,11.960,15171,,,0.9283,hfq
2021-03-23,11.980,12.090,11.910,12.000,17596,,,0.3344,hfq
2021-03-24,11.980,12.090,11.900,12.030,19118,,,0.2500,hfq
2021-03-25,12.030,12.360,12.000,12.360,33408,,,2.7431,hfq
2021-03-26,12.250,12.330,12.130,12.310,23654,,,-0.4045,hfq
2021-03-29,12.380,12.380,12.080,12.110,18379,,,-1.6247,hfq
2021-03-30,12.080,12.100,11.750,11.780,22706,,,-2.7250,hfq
2021-03-31,11.810,11.890,11.720,11.830,13065,,,0.4244,hfq
2021-04-01,11.830,12.170,11.730,11.940,23041,,,0.9298,hfq
2021-04-02,11.890,12.240,11.810,12.120,25227,,,1.5075,hfq
2021-04-06,12.130,12.250,12.050,12.130,18039,,,0.0825,hfq
2021-04-07,12.520,12.650,12.230,12.270,48763,,,1.1542,hfq
2021-04-08,12.300,12.420,12.120,12.120,25204,,,-1.2225,hfq
2021-04-09,12.060,12.240,12.030,12.130,19717,,,0.0825,hfq
2021-04-12,12.140,12.390,12.030,12.290,36856,,,1.3190,hfq
2021-04-13,12.400,12.420,12.150,12.220,26308,,,-0.5696,hfq
2021-04-14,12.130,12.700,12.100,12.490,53491,,,2.2095,hfq
2021-04-15,12.460,12.530,12.260,12.320,24846,,,-1.3611,hfq
2021-04-16,12.300,12.420,12.250,12.420,24239,,,0.8117,hfq
2021-04-19,12.400,12.500,12.320,12.480,32341,,,0.4831,hfq
2021-04-20,12.540,12.690,12.430,12.470,39659,,,-0.0801,hfq
2021-04-21,12.470,12.470,12.280,12.320,23601,,,-1.2029,hfq
2021-04-22,12.320,12.490,12.280,12.380,17392,,,0.4870,hfq
2021-04-23,12.280,12.330,12.090,12.090,22818,,,-2.3425,hfq
2021-04-26,12.100,12.200,12.010,12.140,13900,,,0.4136,hfq
2021-04-27,12.140,12.140,11.700,11.950,18762,,,-1.5651,hfq
2021-04-28,11.950,12.050,11.850,11.880,13431,,,-0.5858,hfq
2021-04-29,12.080,12.130,11.930,11.940,16564,,,0.5051,hfq
2021-04-30,11.920,11.940,11.740,11.770,17823,,,-1.4238,hfq
2021-05-06,11.770,11.970,11.770,11.920,12716,,,1.2744,hfq
2021-05-07,11.930,12.070,11.900,12.000,13046,,,0.6711,hfq
2021-05-10,12.000,12.230,11.940,12.220,18273,,,1.8333,hfq
2021-05-11,12.260,12.330,12.140,12.200,13411,,,-0.1637,hfq
2021-05-12,12.250,12.250,12.100,12.180,15170,,,-0.1639,hfq
2021-05-13,12.130,12.220,12.010,12.030,16087,,,-1.2315,hfq
2021-05-14,12.030,12.200,12.020,12.170,14695,,,1.1638,hfq
2021-05-17,12.120,12.410,12.110,12.280,32332,,,0.9039,hfq
2021-05-18,12.270,12.360,12.090,12.280,20680,,,0.0000,hfq
2021-05-19,12.200,12.280,12.120,12.120,14790,,,-1.3029,hfq
2021-05-20,12.120,12.150,11.860,11.930,23126,,,-1.5677,hfq
2021-05-21,11.930,12.130,11.860,12.020,16598,,,0.7544,hfq
2021-05-24,12.180,12.600,12.050,12.340,48950,,,2.6622,hfq
2021-05-25,12.220,12.380,12.220,12.330,25334,,,-0.0810,hfq
2021-05-26,12.370,12.440,12.270,12.340,29332,,,0.0811,hfq
2021-05-27,12.300,12.580,12.290,12.400,45543,,,0.4862,hfq
2021-05-28,12.460,12.580,12.380,12.480,41544,,,0.6452,hfq
2021-05-31,12.470,12.590,12.430,12.500,29605,,,0.1603,hfq
2021-06-01,12.520,12.690,12.410,12.670,43757,,,1.3600,hfq
2021-06-02,12.690,12.720,12.490,12.500,34211,,,-1.3418,hfq
2021-06-03,12.530,12.960,12.510,12.640,74335,,,1.1200,hfq
2021-06-04,12.680,12.860,12.630,12.830,50747,,,1.5032,hfq
2021-06-07,12.880,12.990,12.750,12.930,45973,,,0.7794,hfq
2021-06-08,12.880,12.960,12.720,12.800,45231,,,-1.0054,hfq
2021-06-09,12.810,12.910,12.610,12.640,37484,,,-1.2500,hfq
2021-06-10,12.550,12.890,12.530,12.860,41283,,,1.7405,hfq
2021-06-11,12.860,12.930,12.550,12.570,39909,,,-2.2551,hfq
2021-06-15,12.690,12.940,12.660,12.700,35589,,,1.0342,hfq
2021-06-16,12.610,13.100,12.550,13.000,82971,,,2.3622,hfq
2021-06-17,12.940,13.120,12.810,13.110,64017,,,0.8462,hfq
2021-06-18,13.090,13.180,12.940,12.990,48803,,,-0.9153,hfq
2021-06-21,12.920,13.080,12.870,13.060,43877,,,0.5389,hfq
2021-06-22,13.230,13.380,12.990,13.050,58448,,,-0.0766,hfq
2021-06-23,13.050,13.100,12.750,12.960,45607,,,-0.6897,hfq
2021-06-24,12.950,13.020,12.720,12.730,30697,,,-1.7747,hfq
2021-06-25,12.750,12.820,12.550,12.680,29451,,,-0.3928,hfq
2021-06-28,12.680,13.010,12.640,12.970,37575,,,2.2871,hfq
2021-06-29,12.960,12.960,12.620,12.630,25945,,,-2.6214,hfq
2021-06-30,12.670,12.750,12.450,12.580,26461,,,-0.3959,hfq
2021-07-01,12.620,12.770,12.450,12.450,22216,,,-1.0334,hfq
2021-07-02,12.460,12.490,12.130,12.170,29724,,,-2.2490,hfq
2021-07-05,12.100,12.290,12.100,12.260,15747,,,0.7395,hfq
2021-07-06,12.280,12.380,12.200,12.320,15984,,,0.4894,hfq
2021-07-07,12.300,12.430,12.210,12.290,16893,,,-0.2435,hfq
2021-07-08,12.300,12.330,12.090,12.160,25663,,,-1.0578,hfq
2021-07-09,11.939,12.209,11.939,12.089,19645,,,-0.5839,hfq
2021-07-12,12.089,12.419,12.089,12.349,43884,,,2.1507,hfq
2021-07-13,12.319,12.469,12.249,12.339,36959,,,-0.0810,hfq
2021-07-14,12.369,12.659,12.259,12.569,61918,,,1.8640,hfq
2021-07-15,12.509,12.579,12.299,12.399,29983,,,-1.3525,hfq
2021-07-16,12.389,12.459,12.209,12.219,25735,,,-1.4517,hfq
2021-07-19,12.139,12.849,12.019,12.809,67959,,,4.8285,hfq
2021-07-20,12.669,12.909,12.649,12.789,49758,,,-0.1561,hfq
2021-07-21,12.789,12.909,12.689,12.819,41080,,,0.2346,hfq
2021-07-22,12.819,12.939,12.739,12.839,34468,,,0.1560,hfq
2021-07-23,12.859,13.159,12.739,12.909,62388,,,0.5452,hfq
2021-07-26,12.909,12.909,12.449,12.669,49131,,,-1.8592,hfq
2021-07-27,12.769,13.109,12.569,12.809,74518,,,1.1051,hfq
2021-07-28,12.769,14.049,12.369,14.049,134002,,,9.6807,hfq
2021-07-29,14.769,15.419,14.239,15.419,404953,,,9.7516,hfq
2021-07-30,15.009,15.939,14.509,14.569,349201,,,-5.5127,hfq
2021-08-02,14.479,14.979,14.479,14.719,207841,,,1.0296,hfq
2021-08-03,14.529,14.899,14.259,14.349,172270,,,-2.5138,hfq
2021-08-04,14.219,14.549,14.219,14.449,125210,,,0.6969,hfq
2021-08-05,14.449,14.859,14.129,14.769,163233,,,2.2147,hfq
2021-08-06,14.629,14.719,14.299,14.559,99386,,,-1.4219,hfq
2021-08-09,14.559,14.899,14.429,14.869,126271,,,2.1293,hfq
2021-08-10,14.949,14.969,14.339,14.419,120811,,,-3.0264,hfq
2021-08-11,14.419,14.559,14.179,14.479,70669,,,0.4161,hfq
2021-08-12,14.459,15.139,14.329,14.839,150488,,,2.4864,hfq
2021-08-13,14.769,15.289,14.629,15.079,156607,,,1.6174,hfq
2021-08-16,15.069,15.579,14.669,14.669,161317,,,-2.7190,hfq
2021-08-17,14.929,15.619,14.759,14.899,176364,,,1.5679,hfq
2021-08-18,14.779,14.779,14.259,14.489,132317,,,-2.7519,hfq
2021-08-19,14.439,15.899,14.369,15.899,207043,,,9.7315,hfq
2021-08-20,15.919,15.959,15.179,15.459,272571,,,-2.7675,hfq
2021-08-23,15.259,15.879,15.219,15.479,163454,,,0.1294,hfq
2021-08-24,15.469,15.609,15.069,15.169,126272,,,-2.0027,hfq
2021-08-25,15.139,15.839,15.139,15.279,120257,,,0.7252,hfq
2021-08-26,15.369,15.369,14.579,14.659,117082,,,-4.0579,hfq
2021-08-27,14.699,15.019,14.419,14.969,75947,,,2.1147,hfq
2021-08-30,15.089,15.269,14.729,14.909,68513,,,-0.4008,hfq
2021-08-31,14.939,14.949,14.469,14.719,59894,,,-1.2744,hfq
2021-09-01,14.689,15.349,14.569,15.349,113972,,,4.2802,hfq
2021-09-02,15.469,15.779,15.099,15.179,109066,,,-1.1076,hfq
2021-09-03,14.889,15.959,14.709,15.859,178140,,,4.4799,hfq
2021-09-06,16.019,16.169,15.459,16.129,162339,,,1.7025,hfq
2021-09-07,15.969,16.099,15.679,15.849,116644,,,-1.7360,hfq
2021-09-08,15.849,16.569,15.779,16.049,153104,,,1.2619,hfq
2021-09-09,15.869,15.869,15.429,15.479,110506,,,-3.5516,hfq
2021-09-10,15.489,15.589,15.179,15.229,72757,,,-1.6151,hfq
2021-09-13,15.129,15.299,14.899,15.229,58228,,,0.0000,hfq
2021-09-14,15.339,15.339,14.699,14.779,57279,,,-2.9549,hfq
2021-09-15,14.779,15.099,14.709,14.909,40850,,,0.8796,hfq
2021-09-16,14.949,15.229,14.799,15.069,55123,,,1.0732,hfq
2021-09-17,15.269,15.269,14.579,14.749,41329,,,-2.1236,hfq
2021-09-22,14.459,14.789,14.429,14.539,32792,,,-1.4238,hfq
2021-09-23,14.619,14.999,14.569,14.859,45892,,,2.2010,hfq
2021-09-24,15.159,15.619,15.049,15.299,97120,,,2.9612,hfq
2021-09-27,15.269,15.869,15.009,15.559,117750,,,1.6995,hfq
2021-09-28,15.419,15.479,14.569,14.829,78593,,,-4.6918,hfq
2021-09-29,14.969,14.969,14.609,14.619,42907,,,-1.4161,hfq
2021-09-30,14.819,15.719,14.639,15.429,97227,,,5.5407,hfq
2021-10-08,15.519,15.829,15.399,15.719,88873,,,1.8796,hfq
2021-10-11,15.519,16.249,15.519,16.089,130306,,,2.3538,hfq
2021-10-12,16.029,16.529,15.619,16.289,152842,,,1.2431,hfq
2021-10-13,16.089,16.219,15.479,15.879,122144,,,-2.5170,hfq
2021-10-14,15.769,16.849,15.519,16.349,194142,,,2.9599,hfq
2021-10-15,16.119,16.179,15.769,15.769,112615,,,-3.5476,hfq
2021-10-18,15.749,16.009,15.549,15.879,85314,,,0.6976,hfq
2021-10-19,15.919,16.269,15.519,16.179,116508,,,1.8893,hfq
2021-10-20,16.269,16.469,15.619,15.679,111161,,,-3.0904,hfq
2021-10-21,15.779,15.779,15.079,15.199,103591,,,-3.0614,hfq
2021-10-22,15.269,16.679,15.149,16.679,226280,,,9.7375,hfq
2021-10-25,16.699,16.699,16.099,16.469,239069,,,-1.2591,hfq
2021-10-26,16.329,16.569,16.109,16.329,134055,,,-0.8501,hfq
2021-10-27,16.339,16.419,15.379,15.689,152692,,,-3.9194,hfq
2021-10-28,15.689,16.319,15.519,15.889,118324,,,1.2748,hfq
2021-10-29,15.569,15.639,14.339,14.339,190770,,,-9.7552,hfq
2021-11-01,14.419,14.609,13.949,14.439,92882,,,0.6974,hfq
2021-11-02,14.449,14.619,13.029,13.609,168711,,,-5.7483,hfq
2021-11-03,13.569,13.669,13.289,13.529,67871,,,-0.5878,hfq
2021-11-04,13.529,13.749,13.459,13.629,55440,,,0.7392,hfq
2021-11-05,13.629,13.769,13.069,13.149,95856,,,-3.5219,hfq
2021-11-08,13.029,13.389,12.959,13.259,57052,,,0.8366,hfq
2021-11-09,13.209,13.319,13.019,13.289,57450,,,0.2263,hfq
2021-11-10,13.219,13.319,12.919,13.089,57586,,,-1.5050,hfq
2021-11-11,13.099,13.469,13.049,13.459,71491,,,2.8268,hfq
2021-11-12,13.549,13.789,13.349,13.709,94078,,,1.8575,hfq
2021-11-15,13.849,14.269,13.689,14.259,106905,,,4.0120,hfq
2021-11-16,14.169,14.339,14.099,14.229,66900,,,-0.2104,hfq
2021-11-17,14.219,14.659,14.119,14.559,79115,,,2.3192,hfq
2021-11-18,14.569,14.799,14.479,14.529,72105,,,-0.2061,hfq
2021-11-19,14.629,14.829,14.409,14.789,62248,,,1.7895,hfq
2021-11-22,14.879,15.619,14.869,15.409,104718,,,4.1923,hfq
2021-11-23,15.339,15.619,15.269,15.599,86266,,,1.2330,hfq
2021-11-24,15.649,17.119,15.479,17.119,303284,,,9.7442,hfq
2021-11-25,17.069,17.649,16.869,17.389,347781,,,1.5772,hfq
2021-11-26,17.149,18.069,16.979,17.509,180225,,,0.6901,hfq
2021-11-29,17.259,18.019,17.169,17.829,143237,,,1.8276,hfq
2021-11-30,17.969,18.289,17.469,17.629,132349,,,-1.1218,hfq
2021-12-01,17.699,17.729,17.219,17.369,133627,,,-1.4748,hfq
2021-12-02,17.419,17.519,16.779,16.799,132938,,,-3.2817,hfq
2021-12-03,16.939,17.099,16.669,16.789,79593,,,-0.0595,hfq
2021-12-06,17.039,17.039,16.439,16.739,77078,,,-0.2978,hfq
2021-12-07,16.699,16.809,16.249,16.669,115984,,,-0.4182,hfq
2021-12-08,16.869,16.969,16.269,16.369,132137,,,-1.7997,hfq
2021-12-09,16.489,16.999,16.389,16.529,125124,,,0.9775,hfq
2021-12-10,16.529,16.609,16.209,16.499,92980,,,-0.1815,hfq
2021-12-13,16.549,16.939,16.299,16.569,137264,,,0.4243,hfq
2021-12-14,16.539,16.939,16.519,16.749,124033,,,1.0864,hfq
2021-12-15,16.759,17.039,16.619,16.819,110946,,,0.4179,hfq
2021-12-16,16.829,16.959,16.679,16.959,90646,,,0.8324,hfq
2021-12-17,16.999,17.439,16.849,17.029,110769,,,0.4128,hfq
2021-12-20,17.119,17.329,16.489,16.699,97143,,,-1.9379,hfq
2021-12-21,16.759,16.829,16.469,16.699,52758,,,0.0000,hfq
2021-12-22,16.629,16.929,16.519,16.819,64532,,,0.7186,hfq
2021-12-23,16.859,17.139,16.549,16.769,98234,,,-0.2973,hfq
2021-12-24,16.869,17.419,16.389,16.599,116975,,,-1.0138,hfq
2021-12-27,16.509,16.509,15.619,15.969,91658,,,-3.7954,hfq
2021-12-28,16.079,16.199,15.879,16.149,36636,,,1.1272,hfq
2021-12-29,16.079,16.219,15.789,15.939,51075,,,-1.3004,hfq
2021-12-30,16.019,16.249,15.809,16.179,45049,,,1.5057,hfq
2021-12-31,16.219,16.259,15.999,16.159,34813,,,-0.1236,hfq
2022-01-04,16.569,16.599,16.009,16.249,46368,,,0.5570,hfq
2022-01-05,16.159,16.349,15.749,16.029,55522,,,-1.3539,hfq
2022-01-06,15.879,16.349,15.869,16.259,49990,,,1.4349,hfq
2022-01-07,16.289,16.349,15.909,16.069,39340,,,-1.1686,hfq
2022-01-10,16.069,16.219,15.719,16.099,35070,,,0.1867,hfq
2022-01-11,16.169,16.219,15.959,16.089,33299,,,-0.0621,hfq
2022-01-12,16.119,16.219,15.949,16.119,39319,,,0.1865,hfq
2022-01-13,16.219,16.809,16.179,16.319,98746,,,1.2408,hfq
2022-01-14,16.229,16.429,16.049,16.309,53693,,,-0.0613,hfq
2022-01-17,16.349,17.169,16.269,17.009,126708,,,4.2921,hfq
2022-01-18,17.049,17.149,16.759,16.869,76881,,,-0.8231,hfq
2022-01-19,16.839,17.129,16.719,16.949,50217,,,0.4742,hfq
2022-01-20,16.959,17.169,16.679,16.909,83673,,,-0.2360,hfq
2022-01-21,16.909,17.099,16.719,17.029,70256,,,0.7097,hfq
2022-01-24,17.029,17.269,16.729,17.199,87415,,,0.9983,hfq
2022-01-25,17.239,17.279,16.639,16.669,77418,,,-3.0816,hfq
2022-01-26,16.619,16.749,16.059,16.409,55450,,,-1.5598,hfq
2022-01-27,16.369,16.419,15.369,15.949,68017,,,-2.8033,hfq
2022-01-28,16.319,16.319,15.329,15.649,87464,,,-1.8810,hfq
2022-02-07,15.649,16.349,15.649,15.859,68482,,,1.3419,hfq
2022-02-08,15.869,15.959,15.539,15.919,46228,,,0.3783,hfq
2022-02-09,15.869,16.929,15.839,16.619,113652,,,4.3973,hfq
2022-02-10,16.649,17.049,16.599,16.769,92408,,,0.9026,hfq
2022-02-11,16.649,16.859,16.369,16.419,70816,,,-2.0872,hfq
2022-02-14,16.229,16.509,15.869,16.079,66729,,,-2.0708,hfq
2022-02-15,16.069,16.169,15.849,16.039,35567,,,-0.2488,hfq
2022-02-16,16.369,17.159,16.269,16.999,128684,,,5.9854,hfq
2022-02-17,16.969,16.969,16.289,16.509,92379,,,-2.8825,hfq
2022-02-18,16.509,16.719,16.409,16.709,53860,,,1.2115,hfq
2022-02-21,16.709,17.409,16.649,17.189,115235,,,2.8727,hfq
2022-02-22,17.069,17.349,16.979,17.069,90600,,,-0.6981,hfq
2022-02-23,17.039,17.509,17.039,17.329,91696,,,1.5232,hfq
2022-02-24,17.239,17.649,16.669,17.069,127771,,,-1.5004,hfq
2022-02-25,17.189,17.529,17.039,17.159,83638,,,0.5273,hfq
2022-02-28,17.099,17.219,16.669,17.059,64087,,,-0.5828,hfq
2022-03-01,17.149,17.349,16.969,17.229,55314,,,0.9965,hfq
2022-03-02,17.099,17.209,16.829,17.169,53270,,,-0.3483,hfq
2022-03-03,17.289,17.869,17.109,17.259,101012,,,0.5242,hfq
2022-03-04,17.089,17.149,16.679,16.779,65368,,,-2.7812,hfq
2022-03-07,16.769,16.779,16.049,16.129,61096,,,-3.8739,hfq
2022-03-08,16.109,16.359,15.629,15.679,56867,,,-2.7900,hfq
2022-03-09,15.869,15.869,14.559,15.149,92988,,,-3.3803,hfq
2022-03-10,15.469,15.869,15.379,15.409,59422,,,1.7163,hfq
2022-03-11,15.169,15.469,14.939,15.429,44615,,,0.1298,hfq
2022-03-14,15.449,15.569,15.069,15.069,38456,,,-2.3333,hfq
2022-03-15,15.189,15.269,14.369,14.539,46959,,,-3.5172,hfq
2022-03-16,14.699,14.909,14.069,14.799,55657,,,1.7883,hfq
2022-03-17,15.109,15.159,14.749,14.789,49720,,,-0.0676,hfq
2022-03-18,14.819,15.069,14.669,14.869,35505,,,0.5409,hfq
2022-03-21,14.959,15.179,14.699,14.869,46938,,,0.0000,hfq
2022-03-22,14.749,14.949,14.539,14.569,48335,,,-2.0176,hfq
2022-03-23,14.559,15.519,14.549,15.099,89009,,,3.6379,hfq
2022-03-24,15.169,15.169,14.629,14.629,66455,,,-3.1128,hfq
2022-03-25,14.509,14.729,14.349,14.629,47329,,,0.0000,hfq
2022-03-28,14.409,14.629,13.869,14.609,71936,,,-0.1367,hfq
2022-03-29,14.539,14.719,13.929,13.989,64470,,,-4.2440,hfq
2022-03-30,14.079,14.219,13.919,14.079,38260,,,0.6434,hfq
2022-03-31,14.079,14.369,13.989,14.299,47450,,,1.5626,hfq
2022-04-01,14.209,14.459,14.169,14.409,31361,,,0.7693,hfq
2022-04-06,14.469,14.609,14.229,14.569,38694,,,1.1104,hfq
2022-04-07,14.709,14.709,14.189,14.199,37897,,,-2.5396,hfq
2022-04-08,14.199,14.369,13.939,14.219,32322,,,0.1409,hfq
2022-04-11,14.069,14.159,13.519,13.719,54142,,,-3.5164,hfq
2022-04-12,13.719,13.849,13.339,13.769,38466,,,0.3645,hfq
2022-04-13,13.669,13.679,13.409,13.419,27836,,,-2.5419,hfq
2022-04-14,13.529,13.669,13.099,13.199,38056,,,-1.6395,hfq
2022-04-15,13.179,13.379,13.009,13.159,45928,,,-0.3031,hfq
2022-04-18,12.919,13.109,12.669,12.919,51141,,,-1.8238,hfq
2022-04-19,13.209,13.549,12.969,13.299,62214,,,2.9414,hfq
2022-04-20,13.429,13.569,13.089,13.149,31275,,,-1.1279,hfq
2022-04-21,13.229,13.229,12.499,12.549,40909,,,-4.5631,hfq
2022-04-22,12.619,13.069,12.209,12.769,54349,,,1.7531,hfq
2022-04-25,12.529,12.929,12.189,12.479,60927,,,-2.2711,hfq
2022-04-26,12.469,12.549,11.919,11.929,43131,,,-4.4074,hfq
2022-04-27,11.969,12.189,11.579,12.149,40982,,,1.8442,hfq
2022-04-28,12.149,12.189,11.819,11.919,28119,,,-1.8932,hfq
2022-04-29,12.089,12.429,11.959,12.299,33716,,,3.1882,hfq
2022-05-05,12.209,12.209,11.749,11.879,46889,,,-3.4149,hfq
2022-05-06,11.659,11.969,11.469,11.739,35353,,,-1.1786,hfq
2022-05-09,11.769,12.029,11.619,11.789,25113,,,0.4259,hfq
2022-05-10,11.789,11.929,11.589,11.919,28697,,,1.1027,hfq
2022-05-11,11.909,12.179,11.789,11.789,36381,,,-1.0907,hfq
2022-05-12,11.709,11.929,11.609,11.919,30950,,,1.1027,hfq
2022-05-13,11.989,12.299,11.759,12.129,42202,,,1.7619,hfq
2022-05-16,12.159,12.159,11.939,12.049,31102,,,-0.6596,hfq
2022-05-17,11.959,12.189,11.909,11.999,25802,,,-0.4150,hfq
2022-05-18,12.059,12.279,11.999,12.109,35951,,,0.9167,hfq
2022-05-19,11.859,12.109,11.829,12.099,29810,,,-0.0826,hfq
2022-05-20,12.169,12.399,12.079,12.229,30233,,,1.0745,hfq
2022-05-23,12.369,12.509,12.249,12.449,38229,,,1.7990,hfq
2022-05-24,12.419,12.419,11.799,11.799,40855,,,-5.2213,hfq
2022-05-25,11.819,12.169,11.819,12.059,20721,,,2.2036,hfq
2022-05-26,12.119,12.439,11.929,12.319,44409,,,2.1561,hfq
2022-05-27,12.429,12.429,12.089,12.159,24132,,,-1.2988,hfq
2022-05-30,11.949,12.139,11.869,12.079,25366,,,-0.6579,hfq
2022-05-31,12.079,12.369,11.929,12.319,32690,,,1.9869,hfq
2022-06-01,12.229,12.639,12.219,12.389,31110,,,0.5682,hfq
2022-06-02,12.409,12.679,12.269,12.599,28023,,,1.6951,hfq
2022-06-06,12.719,12.909,12.489,12.729,44770,,,1.0318,hfq
2022-06-07,12.709,12.789,12.559,12.619,21848,,,-0.8642,hfq
2022-06-08,12.589,12.639,12.299,12.489,25089,,,-1.0302,hfq
2022-06-09,12.499,12.509,12.149,12.239,33801,,,-2.0018,hfq
2022-06-10,12.189,12.399,12.169,12.399,17206,,,1.3073,hfq
2022-06-13,12.329,12.509,12.269,12.459,24814,,,0.4839,hfq
2022-06-14,12.349,12.399,12.019,12.339,30938,,,-0.9632,hfq
2022-06-15,12.309,12.459,12.199,12.199,40320,,,-1.1346,hfq
2022-06-16,12.269,12.419,12.209,12.339,25943,,,1.1476,hfq
2022-06-17,12.309,12.499,12.199,12.389,27698,,,0.4052,hfq
2022-06-20,12.449,12.509,12.339,12.429,22147,,,0.3229,hfq
2022-06-21,12.429,12.469,12.189,12.289,41547,,,-1.1264,hfq
2022-06-22,12.319,12.339,12.039,12.049,28984,,,-1.9530,hfq
2022-06-23,12.049,12.249,11.989,12.239,28527,,,1.5769,hfq
2022-06-24,12.359,12.579,12.239,12.459,33665,,,1.7975,hfq
2022-06-27,12.519,12.779,12.519,12.709,40770,,,2.0066,hfq
2022-06-28,12.719,13.289,12.649,13.109,53657,,,3.1474,hfq
2022-06-29,13.109,13.169,12.819,12.859,40022,,,-1.9071,hfq
2022-06-30,12.989,13.149,12.839,12.899,28367,,,0.3111,hfq
2022-07-01,12.859,12.999,12.709,12.749,22699,,,-1.1629,hfq
2022-07-04,12.769,12.789,12.569,12.779,19559,,,0.2353,hfq
2022-07-05,12.779,12.789,12.279,12.519,56207,,,-2.0346,hfq
2022-07-06,12.449,12.519,12.189,12.259,29400,,,-2.0768,hfq
2022-07-07,12.269,12.459,12.269,12.389,17636,,,1.0604,hfq
2022-07-08,12.429,12.649,12.379,12.559,20057,,,1.3722,hfq
2022-07-11,12.559,12.559,12.259,12.359,21041,,,-1.5925,hfq
2022-07-12,12.359,12.399,12.199,12.239,16672,,,-0.9710,hfq
2022-07-13,12.229,12.409,12.209,12.379,18769,,,1.1439,hfq
2022-07-14,12.369,12.459,12.279,12.299,19207,,,-0.6463,hfq
2022-07-15,12.269,12.329,12.059,12.209,24183,,,-0.7318,hfq
2022-07-18,12.209,12.399,12.199,12.389,20990,,,1.4743,hfq
2022-07-19,12.399,12.699,12.319,12.649,45519,,,2.0986,hfq
2022-07-20,12.659,12.729,12.489,12.619,25828,,,-0.2372,hfq
2022-07-21,12.649,12.679,12.479,12.489,23295,,,-1.0302,hfq
2022-07-22,12.429,12.599,12.389,12.499,24591,,,0.0801,hfq
2022-07-25,12.529,12.589,12.289,12.389,27582,,,-0.8801,hfq
2022-07-26,12.299,12.609,12.249,12.599,37046,,,1.6951,hfq
2022-07-27,12.619,12.729,12.549,12.669,26905,,,0.5556,hfq
2022-07-28,12.729,12.829,12.679,12.739,36689,,,0.5525,hfq
2022-07-29,12.799,12.799,12.529,12.539,23866,,,-1.5700,hfq
2022-08-01,12.529,12.729,12.459,12.639,21256,,,0.7975,hfq
2022-08-02,12.639,12.639,11.809,12.059,60843,,,-4.5890,hfq
2022-08-03,12.049,12.489,12.039,12.109,32183,,,0.4146,hfq
2022-08-04,12.139,12.429,12.139,12.419,22239,,,2.5601,hfq
2022-08-05,12.449,12.729,12.339,12.719,34093,,,2.4157,hfq
2022-08-08,12.739,12.869,12.629,12.839,29894,,,0.9435,hfq
2022-08-09,12.849,12.919,12.749,12.869,25124,,,0.2337,hfq
2022-08-10,12.799,13.069,12.749,12.929,32048,,,0.4662,hfq
2022-08-11,13.049,13.079,12.859,13.019,27280,,,0.6961,hfq
2022-08-12,12.969,13.059,12.809,12.829,26480,,,-1.4594,hfq
2022-08-15,12.879,12.879,12.659,12.709,22459,,,-0.9354,hfq
2022-08-16,12.829,12.849,12.659,12.719,16061,,,0.0787,hfq
2022-08-17,12.729,13.069,12.699,12.979,40011,,,2.0442,hfq
2022-08-18,12.919,13.049,12.719,13.019,27800,,,0.3082,hfq
2022-08-19,13.219,13.239,12.839,12.839,35894,,,-1.3826,hfq
2022-08-22,12.829,12.979,12.679,12.819,22878,,,-0.1558,hfq
2022-08-23,12.879,12.989,12.779,12.829,25568,,,0.0780,hfq
2022-08-24,12.829,12.899,12.379,12.439,42103,,,-3.0400,hfq
2022-08-25,12.459,12.529,12.189,12.329,22894,,,-0.8843,hfq
2022-08-26,12.439,12.539,12.229,12.289,16670,,,-0.3244,hfq
2022-08-29,12.189,12.329,12.039,12.329,13865,,,0.3255,hfq
2022-08-30,12.399,12.519,12.279,12.439,22526,,,0.8922,hfq
2022-08-31,12.419,12.569,12.249,12.299,31203,,,-1.1255,hfq
2022-09-01,12.249,12.509,12.249,12.279,26494,,,-0.1626,hfq
2022-09-02,12.339,12.809,12.309,12.759,48584,,,3.9091,hfq
2022-09-05,12.729,13.219,12.579,12.699,37835,,,-0.4703,hfq
2022-09-06,12.709,12.769,12.589,12.699,25625,,,0.0000,hfq
2022-09-07,12.709,12.799,12.579,12.709,24928,,,0.0787,hfq
2022-09-08,12.689,12.769,12.499,12.509,18606,,,-1.5737,hfq
2022-09-09,12.619,12.619,12.349,12.429,18032,,,-0.6395,hfq
2022-09-13,12.489,12.609,12.329,12.389,22526,,,-0.3218,hfq
2022-09-14,12.289,12.359,12.159,12.359,18945,,,-0.2422,hfq
2022-09-15,12.359,12.369,11.929,12.139,37323,,,-1.7801,hfq
2022-09-16,12.139,12.169,11.849,11.909,28184,,,-1.8947,hfq
2022-09-19,11.909,11.909,11.399,11.419,41214,,,-4.1145,hfq
2022-09-20,11.419,11.609,11.239,11.299,25102,,,-1.0509,hfq
2022-09-21,11.259,11.369,10.939,11.359,23849,,,0.5310,hfq
2022-09-22,11.269,11.499,11.209,11.339,18454,,,-0.1761,hfq
2022-09-23,11.229,11.379,10.849,10.979,26038,,,-3.1749,hfq
2022-09-26,10.859,10.979,10.529,10.629,18656,,,-3.1879,hfq
2022-09-27,10.679,10.899,10.629,10.879,15377,,,2.3521,hfq
2022-09-28,10.869,10.979,10.639,10.709,18265,,,-1.5626,hfq
2022-09-29,10.739,10.829,10.539,10.599,14306,,,-1.0272,hfq
2022-09-30,10.599,10.929,10.439,10.469,23060,,,-1.2265,hfq
2022-10-10,10.469,10.589,10.119,10.169,11723,,,-2.8656,hfq
2022-10-11,10.229,10.399,10.109,10.379,13833,,,2.0651,hfq
2022-10-12,10.369,10.819,10.329,10.769,25932,,,3.7576,hfq
2022-10-13,10.709,11.089,10.629,10.989,27049,,,2.0429,hfq
2022-10-14,11.009,11.069,10.939,10.999,22252,,,0.0910,hfq
2022-10-17,10.979,11.239,10.899,11.229,16560,,,2.0911,hfq
2022-10-18,11.349,11.349,11.129,11.229,15602,,,0.0000,hfq
2022-10-19,11.269,11.279,11.079,11.239,14520,,,0.0891,hfq
2022-10-20,11.189,11.319,11.069,11.209,13224,,,-0.2669,hfq
2022-10-21,11.209,11.289,11.129,11.189,8890,,,-0.1784,hfq
2022-10-24,11.189,11.319,10.909,10.989,15949,,,-1.7875,hfq
2022-10-25,10.999,11.009,10.629,10.829,21465,,,-1.4560,hfq
2022-10-26,10.879,11.189,10.829,11.149,20406,,,2.9550,hfq
2022-10-27,11.309,11.309,11.099,11.139,9135,,,-0.0897,hfq
2022-10-28,11.139,11.239,10.719,10.759,17927,,,-3.4114,hfq
2022-10-31,10.599,11.129,10.599,11.009,15774,,,2.3236,hfq
2022-11-01,11.059,11.159,10.949,11.159,14396,,,1.3625,hfq
2022-11-02,11.169,11.669,11.139,11.389,44933,,,2.0611,hfq
2022-11-03,11.289,11.739,11.229,11.599,60202,,,1.8439,hfq
2022-11-04,11.599,11.599,11.429,11.489,35449,,,-0.9484,hfq
2022-11-07,11.519,11.699,11.349,11.529,32048,,,0.3482,hfq
2022-11-08,11.429,11.599,11.359,11.499,20941,,,-0.2602,hfq
2022-11-09,11.459,11.529,11.359,11.399,14632,,,-0.8696,hfq
2022-11-10,11.329,11.439,11.279,11.319,19335,,,-0.7018,hfq
2022-11-11,11.519,11.549,11.349,11.379,24529,,,0.5301,hfq
2022-11-14,11.429,11.519,11.309,11.419,18663,,,0.3515,hfq
2022-11-15,11.339,11.599,11.339,11.579,27114,,,1.4012,hfq
2022-11-16,11.589,11.719,11.589,11.679,24907,,,0.8636,hfq
2022-11-17,11.679,11.879,11.619,11.839,30179,,,1.3700,hfq
2022-11-18,11.879,11.939,11.629,11.629,29188,,,-1.7738,hfq
2022-11-21,11.639,11.679,11.429,11.509,18686,,,-1.0319,hfq
2022-11-22,11.489,12.109,11.489,11.989,77306,,,4.1706,hfq
2022-11-23,11.879,11.889,11.459,11.519,59576,,,-3.9203,hfq
2022-11-24,11.509,11.709,11.369,11.539,39482,,,0.1736,hfq
2022-11-25,11.609,11.689,11.389,11.389,29361,,,-1.2999,hfq
2022-11-28,11.229,11.389,11.069,11.129,38007,,,-2.2829,hfq
2022-11-29,11.139,11.389,11.119,11.369,27992,,,2.1565,hfq
2022-11-30,11.479,11.509,11.269,11.399,21737,,,0.2639,hfq
2022-12-01,11.439,11.959,11.439,11.729,49984,,,2.8950,hfq
2022-12-02,11.689,11.789,11.649,11.719,24380,,,-0.0853,hfq
2022-12-05,11.679,11.919,11.679,11.909,27565,,,1.6213,hfq
2022-12-06,11.829,11.939,11.759,11.799,19117,,,-0.9237,hfq
2022-12-07,11.799,11.809,11.579,11.659,19894,,,-1.1865,hfq
2022-12-08,11.659,11.739,11.529,11.549,14135,,,-0.9435,hfq
2022-12-09,11.569,11.619,11.399,11.479,28437,,,-0.6061,hfq
2022-12-12,11.509,11.689,11.439,11.619,17737,,,1.2196,hfq
2022-12-13,11.729,11.729,11.379,11.399,20876,,,-1.8935,hfq
2022-12-14,11.429,11.519,11.379,11.469,12770,,,0.6141,hfq
2022-12-15,11.479,11.679,11.329,11.609,22201,,,1.2207,hfq
2022-12-16,11.539,11.549,11.349,11.389,16304,,,-1.8951,hfq
2022-12-19,11.389,11.409,11.079,11.109,17194,,,-2.4585,hfq
2022-12-20,11.029,11.179,11.009,11.099,8620,,,-0.0900,hfq
2022-12-21,11.149,11.149,10.819,10.879,13084,,,-1.9822,hfq
2022-12-22,10.939,10.949,10.619,10.669,17697,,,-1.9303,hfq
2022-12-23,10.639,11.499,10.579,11.029,41645,,,3.3743,hfq
2022-12-26,11.029,11.049,10.749,10.819,33731,,,-1.9041,hfq
2022-12-27,10.809,10.919,10.749,10.809,13792,,,-0.0924,hfq
2022-12-28,10.729,10.789,10.669,10.689,10596,,,-1.1102,hfq
2022-12-29,10.629,10.779,10.629,10.719,10506,,,0.2807,hfq
2022-12-30,10.719,10.849,10.689,10.769,10464,,,0.4665,hfq
2023-01-03,10.749,11.069,10.749,11.039,22528,,,2.5072,hfq
2023-01-04,11.079,12.019,11.039,11.779,100603,,,6.7035,hfq
2023-01-05,11.849,12.029,11.599,11.649,76442,,,-1.1037,hfq
2023-01-06,11.779,11.809,11.529,11.539,41324,,,-0.9443,hfq
2023-01-09,11.549,11.659,11.459,11.519,25917,,,-0.1733,hfq
2023-01-10,11.639,11.639,11.399,11.419,20968,,,-0.8681,hfq
2023-01-11,11.369,11.549,11.339,11.339,19221,,,-0.7006,hfq
2023-01-12,11.339,11.909,11.329,11.629,46816,,,2.5575,hfq
2023-01-13,11.629,11.679,11.429,11.499,22845,,,-1.1179,hfq
2023-01-16,11.549,11.609,11.489,11.539,24442,,,0.3479,hfq
2023-01-17,11.619,11.619,11.479,11.509,15180,,,-0.2600,hfq
2023-01-18,11.489,11.609,11.489,11.529,14612,,,0.1738,hfq
2023-01-19,11.549,11.659,11.459,11.589,18672,,,0.5204,hfq
2023-01-20,11.659,11.779,11.609,11.689,17491,,,0.8629,hfq
2023-01-30,11.829,11.919,11.749,11.809,31416,,,1.0266,hfq
2023-01-31,11.819,11.829,11.699,11.829,18742,,,0.1694,hfq
2023-02-01,11.879,12.249,11.809,12.149,56254,,,2.7052,hfq
2023-02-02,12.149,12.589,12.139,12.339,56056,,,1.5639,hfq
2023-02-03,12.389,12.499,12.269,12.469,35308,,,1.0536,hfq
2023-02-06,12.619,13.209,12.399,12.949,104584,,,3.8495,hfq
2023-02-07,13.119,13.169,12.829,12.889,55747,,,-0.4634,hfq
2023-02-08,12.799,12.969,12.669,12.679,41880,,,-1.6293,hfq
2023-02-09,12.679,13.039,12.539,12.979,45080,,,2.3661,hfq
2023-02-10,12.979,13.009,12.729,12.739,29114,,,-1.8491,hfq
2023-02-13,12.859,12.859,12.709,12.769,33440,,,0.2355,hfq
2023-02-14,12.779,12.979,12.749,12.839,28802,,,0.5482,hfq
2023-02-15,12.899,12.969,12.809,12.929,42944,,,0.7010,hfq
2023-02-16,12.969,13.009,12.489,12.619,50798,,,-2.3977,hfq
2023-02-17,12.669,12.799,12.519,12.619,35483,,,0.0000,hfq
2023-02-20,12.609,12.769,12.529,12.739,23004,,,0.9509,hfq
2023-02-21,12.739,12.879,12.619,12.709,21258,,,-0.2355,hfq
2023-02-22,12.709,12.959,12.559,12.919,42597,,,1.6524,hfq
2023-02-23,12.869,13.109,12.729,12.999,63518,,,0.6192,hfq
2023-02-24,13.089,13.719,13.009,13.629,146423,,,4.8465,hfq
2023-02-27,13.719,14.189,13.639,14.009,163951,,,2.7882,hfq
2023-02-28,14.009,14.109,13.719,13.879,86759,,,-0.9280,hfq
2023-03-01,13.879,14.229,13.789,14.149,81258,,,1.9454,hfq
2023-03-02,14.079,14.329,13.919,14.049,70670,,,-0.7068,hfq
2023-03-03,14.129,14.129,13.689,13.729,66560,,,-2.2777,hfq
2023-03-06,13.769,14.279,13.739,14.089,82784,,,2.6222,hfq
2023-03-07,14.049,14.169,13.839,14.029,73813,,,-0.4259,hfq
2023-03-08,14.149,14.269,13.799,13.929,79239,,,-0.7128,hfq
2023-03-09,13.979,13.989,13.609,13.859,58017,,,-0.5025,hfq
2023-03-10,13.809,13.969,13.559,13.569,41634,,,-2.0925,hfq
2023-03-13,13.829,13.949,13.539,13.909,68805,,,2.5057,hfq
2023-03-14,13.859,14.009,13.639,13.819,58424,,,-0.6471,hfq
2023-03-15,13.879,14.029,13.729,13.869,36348,,,0.3618,hfq
2023-03-16,13.829,13.869,13.569,13.699,38686,,,-1.2258,hfq
2023-03-17,13.739,13.979,13.729,13.789,40764,,,0.6570,hfq
2023-03-20,13.829,14.059,13.749,13.989,61635,,,1.4504,hfq
2023-03-21,14.039,14.049,13.509,13.679,61066,,,-2.2160,hfq
2023-03-22,13.829,14.019,13.619,14.009,56752,,,2.4125,hfq
2023-03-23,13.979,14.079,13.859,14.079,37145,,,0.4997,hfq
2023-03-24,14.049,14.309,13.789,13.979,49398,,,-0.7103,hfq
2023-03-27,14.019,14.129,13.709,13.809,51087,,,-1.2161,hfq
2023-03-28,13.889,13.889,13.509,13.579,40399,,,-1.6656,hfq
2023-03-29,13.589,13.769,13.489,13.639,28652,,,0.4419,hfq
2023-03-30,13.579,13.629,13.199,13.349,45460,,,-2.1263,hfq
2023-03-31,13.329,13.669,13.249,13.629,32386,,,2.0975,hfq
2023-04-03,13.729,13.859,13.609,13.859,42952,,,1.6876,hfq
2023-04-04,13.839,13.979,13.719,13.779,34239,,,-0.5772,hfq
2023-04-06,13.699,13.899,13.659,13.799,28950,,,0.1451,hfq
2023-04-07,13.849,13.899,13.679,13.819,28040,,,0.1449,hfq
2023-04-10,13.819,14.249,13.579,13.629,65125,,,-1.3749,hfq
2023-04-11,13.529,13.779,13.529,13.659,30852,,,0.2201,hfq
2023-04-12,13.609,14.169,13.609,14.149,73034,,,3.5874,hfq
2023-04-13,14.149,14.179,13.839,13.879,36467,,,-1.9083,hfq
2023-04-14,13.879,14.039,13.759,13.809,27673,,,-0.5044,hfq
2023-04-17,13.759,13.929,13.509,13.559,41814,,,-1.8104,hfq
2023-04-18,13.539,14.249,13.469,14.019,69715,,,3.3926,hfq
2023-04-19,13.899,14.869,13.839,14.599,103599,,,4.1372,hfq
2023-04-20,14.529,14.779,14.299,14.419,64919,,,-1.2330,hfq
2023-04-21,14.409,14.679,14.009,14.289,66679,,,-0.9016,hfq
2023-04-24,14.199,14.539,14.029,14.379,73143,,,0.6299,hfq
2023-04-25,14.379,14.379,13.219,13.419,97717,,,-6.6764,hfq
2023-04-26,13.459,13.779,13.259,13.459,48493,,,0.2981,hfq
2023-04-27,13.529,13.879,13.329,13.689,49784,,,1.7089,hfq
2023-04-28,13.649,14.779,13.609,14.569,102648,,,6.4285,hfq
2023-05-04,14.519,14.739,14.309,14.539,54456,,,-0.2059,hfq
2023-05-05,14.479,14.619,14.229,14.259,38167,,,-1.9259,hfq
2023-05-08,14.269,14.399,14.119,14.359,36068,,,0.7013,hfq
2023-05-09,14.269,14.309,13.609,13.619,57509,,,-5.1536,hfq
2023-05-10,13.729,14.929,13.629,14.929,96895,,,9.6189,hfq
2023-05-11,15.529,15.829,14.879,15.079,249897,,,1.0048,hfq
2023-05-12,15.059,15.119,14.549,14.559,138070,,,-3.4485,hfq
2023-05-15,14.669,14.839,14.459,14.789,111977,,,1.5798,hfq
2023-05-16,14.649,14.659,14.229,14.529,88775,,,-1.7581,hfq
2023-05-17,14.509,15.809,14.479,15.389,228157,,,5.9192,hfq
2023-05-18,15.279,15.369,15.029,15.239,152227,,,-0.9747,hfq
2023-05-19,15.189,15.679,15.099,15.299,160509,,,0.3937,hfq
2023-05-22,15.179,15.269,14.839,14.929,92011,,,-2.4185,hfq
2023-05-23,14.719,14.789,14.239,14.499,91832,,,-2.8803,hfq
2023-05-24,14.319,14.779,14.259,14.409,55151,,,-0.6207,hfq
2023-05-25,14.509,14.979,14.229,14.759,71799,,,2.4290,hfq
2023-05-26,14.589,14.919,14.549,14.779,51754,,,0.1355,hfq
2023-05-29,14.729,15.109,14.629,14.839,66883,,,0.4060,hfq
2023-05-30,14.779,15.029,14.509,15.029,63230,,,1.2804,hfq
2023-05-31,15.089,15.119,14.829,14.929,40510,,,-0.6654,hfq
2023-06-01,14.809,15.069,14.729,14.889,48071,,,-0.2679,hfq
2023-06-02,14.829,14.939,14.609,14.629,47587,,,-1.7463,hfq
2023-06-05,14.709,15.099,14.579,14.969,58690,,,2.3242,hfq
2023-06-06,14.929,14.949,14.529,14.559,42117,,,-2.7390,hfq
2023-06-07,14.559,14.839,14.409,14.779,39385,,,1.5111,hfq
2023-06-08,14.789,14.869,14.609,14.689,40915,,,-0.6090,hfq
2023-06-09,14.819,14.829,14.529,14.819,35415,,,0.8850,hfq
2023-06-12,14.899,15.359,14.839,15.129,50826,,,2.0919,hfq
2023-06-13,15.119,15.129,14.889,14.979,36089,,,-0.9915,hfq
2023-06-14,14.989,15.049,14.749,14.969,34177,,,-0.0668,hfq
2023-06-15,15.199,15.499,14.809,14.819,71069,,,-1.0021,hfq
2023-06-16,14.769,15.209,14.539,15.109,72447,,,1.9569,hfq
2023-06-19,15.219,15.409,14.979,15.369,73454,,,1.7208,hfq
2023-06-20,15.289,15.369,15.199,15.229,40479,,,-0.9109,hfq
2023-06-21,15.309,16.699,15.209,15.959,327660,,,4.7935,hfq
2023-06-26,15.739,16.659,15.489,16.369,312529,,,2.5691,hfq
2023-06-27,16.009,16.009,15.229,15.979,184615,,,-2.3826,hfq
2023-06-28,15.899,15.949,14.819,15.329,165200,,,-4.0678,hfq
2023-06-29,15.789,16.809,15.789,16.809,421329,,,9.6549,hfq
2023-06-30,16.569,18.009,16.459,17.579,484805,,,4.5809,hfq
2023-07-03,17.379,17.859,16.499,16.789,337886,,,-4.4940,hfq
2023-07-04,16.849,16.979,16.329,16.529,201060,,,-1.5486,hfq
2023-07-05,16.329,16.469,16.049,16.149,123923,,,-2.2990,hfq
2023-07-06,16.269,16.419,15.969,16.009,122637,,,-0.8669,hfq
2023-07-07,15.869,16.329,15.799,16.079,121786,,,0.4373,hfq
2023-07-10,15.919,16.049,15.479,15.609,108612,,,-2.9231,hfq
2023-07-11,15.599,15.969,15.499,15.909,84751,,,1.9220,hfq
2023-07-12,15.939,16.169,15.799,15.809,95033,,,-0.6286,hfq
2023-07-13,15.829,16.849,15.829,16.739,261840,,,5.8827,hfq
2023-07-14,16.569,16.719,16.069,16.239,163844,,,-2.9870,hfq
2023-07-17,16.449,17.799,16.279,17.149,299461,,,5.6038,hfq
2023-07-18,17.469,18.799,16.979,18.799,383498,,,9.6216,hfq
2023-07-19,19.609,20.169,18.319,18.929,635535,,,0.6915,hfq
2023-07-20,18.629,18.759,17.969,18.049,325036,,,-4.6490,hfq
2023-07-21,18.109,18.349,17.379,17.619,300270,,,-2.3824,hfq
2023-07-24,17.619,18.719,17.129,18.419,312174,,,4.5406,hfq
2023-07-25,18.659,18.979,17.859,18.329,323214,,,-0.4886,hfq
2023-07-26,17.969,18.159,17.269,17.519,227322,,,-4.4192,hfq
2023-07-27,17.529,17.929,16.769,17.069,187262,,,-2.5686,hfq
2023-07-28,17.249,17.349,16.869,16.869,134661,,,-1.1717,hfq
2023-07-31,16.889,16.939,16.279,16.669,185051,,,-1.1856,hfq
2023-08-01,16.659,16.739,16.429,16.629,87390,,,-0.2400,hfq
2023-08-02,16.569,17.599,16.219,17.249,229351,,,3.7284,hfq
2023-08-03,17.069,17.469,16.819,17.139,123047,,,-0.6377,hfq
2023-08-04,17.289,17.999,17.139,17.929,209857,,,4.6094,hfq
2023-08-07,17.799,18.659,17.779,18.199,248901,,,1.5059,hfq
2023-08-08,18.269,18.469,17.849,17.869,127763,,,-1.8133,hfq
2023-08-09,17.769,17.999,17.209,17.269,122301,,,-3.3578,hfq
2023-08-10,17.299,17.449,17.059,17.229,94946,,,-0.2316,hfq
2023-08-11,17.199,17.319,16.799,16.819,71753,,,-2.3797,hfq
2023-08-14,16.619,17.739,16.559,17.619,141532,,,4.7565,hfq
2023-08-15,18.359,19.319,18.099,18.639,528329,,,5.7892,hfq
2023-08-16,18.779,18.939,17.769,18.369,344203,,,-1.4486,hfq
2023-08-17,18.449,20.139,18.339,19.579,506334,,,6.5872,hfq
2023-08-18,19.999,20.549,19.159,19.159,458266,,,-2.1452,hfq
2023-08-21,19.179,20.439,18.819,19.669,412665,,,2.6619,hfq
2023-08-22,20.599,21.569,20.419,21.569,233951,,,9.6599,hfq
2023-08-23,23.649,23.659,22.689,22.989,935839,,,6.5835,hfq
2023-08-24,25.219,25.219,24.479,25.179,768012,,,9.5263,hfq
2023-08-25,22.729,23.589,22.729,22.729,620679,,,-9.7303,hfq
2023-08-28,23.199,23.199,21.219,21.469,782739,,,-5.5436,hfq
2023-08-29,22.189,23.549,22.189,23.549,578275,,,9.6884,hfq
2023-08-30,24.659,25.839,24.189,25.839,658045,,,9.7244,hfq
2023-08-31,26.339,28.359,25.449,27.769,932647,,,7.4693,hfq
2023-09-01,27.829,28.109,26.039,27.159,725993,,,-2.1967,hfq
2023-09-04,27.169,29.539,27.169,28.659,726387,,,5.5230,hfq
2023-09-05,28.619,28.919,26.429,26.469,705857,,,-7.6416,hfq
2023-09-06,26.279,28.829,26.069,28.249,718995,,,6.7248,hfq
2023-09-07,29.469,29.469,26.979,27.739,571454,,,-1.8054,hfq
2023-09-08,27.569,28.069,26.769,27.719,496391,,,-0.0721,hfq
2023-09-11,27.249,28.999,25.829,28.059,650413,,,1.2266,hfq
2023-09-12,27.499,30.799,25.469,25.809,865889,,,-8.0188,hfq
2023-09-13,24.909,25.459,24.499,24.839,553136,,,-3.7584,hfq
2023-09-14,24.519,25.109,23.669,23.789,443444,,,-4.2272,hfq
2023-09-15,23.969,24.769,23.459,23.859,337241,,,0.2943,hfq
2023-09-18,24.429,24.709,23.989,24.339,330804,,,2.0118,hfq
2023-09-19,24.369,25.169,23.639,23.919,440726,,,-1.7256,hfq
2023-09-20,24.469,25.169,24.069,24.269,439848,,,1.4633,hfq
2023-09-21,23.749,25.049,23.219,24.899,458126,,,2.5959,hfq
2023-09-22,24.469,27.319,24.469,27.319,730524,,,9.7193,hfq
2023-09-25,27.679,29.989,27.479,29.369,908435,,,7.5039,hfq
2023-09-26,29.169,30.089,28.449,29.569,626568,,,0.6810,hfq
2023-09-27,29.039,32.209,28.359,31.489,739605,,,6.4933,hfq
2023-09-28,31.469,34.569,31.419,34.569,603713,,,9.7812,hfq
2023-10-09,33.719,37.959,33.359,35.269,914932,,,2.0249,hfq
2023-10-10,34.719,37.369,34.089,34.899,787206,,,-1.0491,hfq
2023-10-11,33.659,34.549,32.609,33.149,664022,,,-5.0145,hfq
2023-10-12,34.069,35.149,33.199,34.329,658315,,,3.5597,hfq
2023-10-13,33.669,36.089,33.519,35.569,701205,,,3.6121,hfq
2023-10-16,35.399,35.399,32.249,33.669,564758,,,-5.3417,hfq
2023-10-17,34.369,36.969,33.999,36.969,664765,,,9.8013,hfq
2023-10-18,34.569,40.519,33.999,38.989,924355,,,5.4640,hfq
2023-10-19,39.669,40.369,35.669,36.169,707589,,,-7.2328,hfq
2023-10-20,35.119,38.359,34.269,34.299,498606,,,-5.1702,hfq
2023-10-23,34.299,36.969,34.169,36.239,516856,,,5.6561,hfq
2023-10-24,36.909,39.799,36.669,39.799,766642,,,9.8237,hfq
2023-10-25,40.669,43.709,38.569,43.709,432876,,,9.8244,hfq
2023-10-26,44.669,47.869,42.779,45.269,895435,,,3.5691,hfq
2023-10-27,44.379,47.379,43.699,44.769,641799,,,-1.1045,hfq
2023-10-30,44.769,45.649,43.579,43.859,502500,,,-2.0327,hfq
2023-10-31,42.569,43.949,40.869,41.539,461259,,,-5.2897,hfq
2023-11-01,42.349,42.849,40.469,40.629,381456,,,-2.1907,hfq
2023-11-02,40.159,40.619,37.049,37.209,497479,,,-8.4176,hfq
2023-11-03,37.939,38.249,36.529,37.189,458087,,,-0.0538,hfq
2023-11-06,37.809,39.929,37.529,39.719,589520,,,6.8031,hfq
2023-11-07,39.069,43.629,38.489,43.629,613845,,,9.8442,hfq
2023-11-08,45.519,45.519,41.879,42.469,647657,,,-2.6588,hfq
2023-11-09,42.469,46.649,42.059,43.329,776895,,,2.0250,hfq
2023-11-10,41.129,43.999,39.919,42.069,606418,,,-2.9080,hfq
2023-11-13,41.649,42.839,40.599,41.719,432911,,,-0.8320,hfq
2023-11-14,41.379,45.569,41.379,44.799,625491,,,7.3827,hfq
2023-11-15,45.869,48.999,43.549,48.599,749357,,,8.4823,hfq
2023-11-16,47.009,51.299,45.699,47.739,731822,,,-1.7696,hfq
2023-11-17,46.999,49.509,46.369,46.859,576169,,,-1.8434,hfq
2023-11-20,46.029,49.869,45.679,49.869,534695,,,6.4235,hfq
2023-11-21,50.219,50.239,46.729,46.769,490792,,,-6.2163,hfq
2023-11-22,46.669,49.069,45.869,47.399,418590,,,1.3470,hfq
2023-11-23,46.019,47.169,44.279,45.249,344316,,,-4.5360,hfq
2023-11-24,45.639,47.169,45.069,45.769,323441,,,1.1492,hfq
2023-11-27,44.609,45.399,42.679,43.369,338995,,,-5.2437,hfq
2023-11-28,42.909,43.379,39.099,39.519,577608,,,-8.8773,hfq
2023-11-29,38.879,39.399,37.819,38.459,396739,,,-2.6823,hfq
2023-11-30,38.139,41.599,37.829,40.819,539249,,,6.1364,hfq
2023-12-01,40.069,41.799,39.779,41.049,426486,,,0.5635,hfq
2023-12-04,40.669,42.519,39.729,39.769,401957,,,-3.1182,hfq
2023-12-05,39.719,40.549,38.209,38.259,329386,,,-3.7969,hfq
2023-12-06,37.689,38.489,36.079,36.379,420037,,,-4.9139,hfq
2023-12-07,36.269,37.599,35.469,36.929,343803,,,1.5119,hfq
2023-12-08,36.849,37.969,36.399,37.339,340942,,,1.1102,hfq
2023-12-11,37.169,37.519,36.279,37.149,268001,,,-0.5089,hfq
2023-12-12,37.129,38.219,36.869,37.539,301256,,,1.0498,hfq
2023-12-13,37.439,37.509,35.979,36.299,263533,,,-3.3032,hfq
2023-12-14,36.169,36.529,34.989,35.259,294328,,,-2.8651,hfq
2023-12-15,35.279,35.549,34.469,34.519,202276,,,-2.0988,hfq
2023-12-18,34.139,35.249,34.139,34.569,158055,,,0.1448,hfq
2023-12-19,34.639,34.969,34.069,34.579,155642,,,0.0289,hfq
2023-12-20,35.069,35.569,33.429,33.429,197060,,,-3.3257,hfq
2023-12-21,33.009,34.289,33.009,33.869,211948,,,1.3162,hfq
2023-12-22,33.669,34.669,33.399,33.809,208412,,,-0.1772,hfq
2023-12-25,33.709,33.949,32.669,33.339,149230,,,-1.3902,hfq
2023-12-26,33.359,33.549,32.669,32.759,127346,,,-1.7397,hfq
2023-12-27,34.349,34.529,32.349,33.709,417914,,,2.9000,hfq
2023-12-28,33.669,34.419,33.259,33.739,336708,,,0.0890,hfq
2023-12-29,34.349,34.819,33.769,34.629,349122,,,2.6379,hfq
2024-01-02,34.239,34.549,33.169,33.289,255273,,,-3.8696,hfq
2024-01-03,32.989,33.129,31.569,32.249,312655,,,-3.1242,hfq
2024-01-04,32.169,32.399,31.679,31.769,151058,,,-1.4884,hfq
2024-01-05,31.769,31.829,30.549,30.819,190431,,,-2.9903,hfq
2024-01-08,31.019,31.019,30.179,30.209,126990,,,-1.9793,hfq
2024-01-09,30.459,30.819,29.779,30.499,153582,,,0.9600,hfq
2024-01-10,31.089,31.249,29.069,29.289,194149,,,-3.9673,hfq
2024-01-11,29.369,30.919,29.369,30.369,275891,,,3.6874,hfq
2024-01-12,30.309,30.509,29.469,29.599,149988,,,-2.5355,hfq
2024-01-15,29.599,30.269,29.459,30.069,138751,,,1.5879,hfq
2024-01-16,30.469,30.499,28.969,29.629,145463,,,-1.4633,hfq
2024-01-17,29.469,29.829,28.789,28.869,107499,,,-2.5651,hfq
2024-01-18,28.449,29.789,28.369,29.749,227550,,,3.0483,hfq
2024-01-19,29.669,29.789,28.899,28.919,163494,,,-2.7900,hfq
2024-01-22,29.289,29.469,27.119,27.359,168673,,,-5.3944,hfq
2024-01-23,27.169,28.199,26.969,27.839,161552,,,1.7545,hfq
2024-01-24,27.999,28.059,26.569,27.719,145631,,,-0.4310,hfq
2024-01-25,27.719,29.509,27.379,29.289,317067,,,5.6640,hfq
2024-01-26,28.609,29.349,28.189,28.349,234255,,,-3.2094,hfq
2024-01-29,28.139,28.599,26.729,26.809,172591,,,-5.4323,hfq
2024-01-30,26.699,27.319,25.979,25.979,132521,,,-3.0960,hfq
2024-01-31,26.169,26.369,24.479,24.539,189761,,,-5.5429,hfq
2024-02-01,24.709,25.359,24.119,24.569,160789,,,0.1223,hfq
2024-02-02,24.579,25.039,22.469,23.369,181827,,,-4.8842,hfq
2024-02-05,23.169,23.249,21.099,21.099,203496,,,-9.7137,hfq
2024-02-06,20.669,22.169,19.569,21.549,300284,,,2.1328,hfq
2024-02-07,21.909,23.639,21.709,22.319,411318,,,3.5733,hfq
2024-02-08,22.909,24.109,22.069,23.979,550266,,,7.4376,hfq
2024-02-19,24.869,26.309,24.669,26.309,569100,,,9.7168,hfq
2024-02-20,25.669,27.739,25.369,26.719,663558,,,1.5584,hfq
2024-02-21,25.709,27.519,25.669,26.479,539512,,,-0.8982,hfq
2024-02-22,27.309,29.059,27.049,29.059,697659,,,9.7436,hfq
2024-02-23,29.669,30.769,28.469,30.379,679748,,,4.5425,hfq
2024-02-26,29.669,31.859,29.129,30.679,590728,,,0.9875,hfq
2024-02-27,29.969,32.649,29.929,32.179,569410,,,4.8893,hfq
2024-02-28,32.189,33.859,30.969,31.279,726278,,,-2.7969,hfq
2024-02-29,31.169,34.339,31.029,34.339,740474,,,9.7829,hfq
2024-03-01,34.659,36.069,33.719,35.209,708954,,,2.5336,hfq
2024-03-04,35.469,37.839,34.499,37.669,626171,,,6.9868,hfq
2024-03-05,36.819,39.819,35.659,36.209,783528,,,-3.8759,hfq
2024-03-06,35.469,36.149,34.369,35.259,554133,,,-2.6237,hfq
2024-03-07,35.249,35.639,33.769,34.289,432912,,,-2.7511,hfq
2024-03-08,34.859,37.649,34.179,37.439,700184,,,9.1866,hfq
2024-03-11,36.189,37.449,35.949,37.279,496560,,,-0.4274,hfq
2024-03-12,36.869,38.749,36.289,37.659,526793,,,1.0193,hfq
2024-03-13,38.089,38.549,36.749,37.229,430459,,,-1.1418,hfq
2024-03-14,36.229,36.829,35.289,35.679,398314,,,-4.1634,hfq
2024-03-15,35.519,37.159,35.249,36.799,363775,,,3.1391,hfq
2024-03-18,37.129,38.049,36.709,37.339,415119,,,1.4674,hfq
2024-03-19,36.969,38.799,36.519,37.169,508451,,,-0.4553,hfq
2024-03-20,36.869,37.489,36.419,37.039,302659,,,-0.3498,hfq
2024-03-21,36.849,37.119,35.919,35.969,284605,,,-2.8888,hfq
2024-03-22,35.819,37.619,35.299,36.739,424669,,,2.1407,hfq
2024-03-25,36.739,38.439,36.429,36.579,480895,,,-0.4355,hfq
2024-03-26,36.039,38.659,36.039,37.469,540818,,,2.4331,hfq
2024-03-27,36.599,36.659,33.789,33.789,343622,,,-9.8215,hfq
2024-03-28,32.779,35.059,31.269,33.839,429632,,,0.1480,hfq
2024-03-29,34.069,35.659,34.069,34.969,385835,,,3.3393,hfq
2024-04-01,34.969,36.259,34.969,35.599,292478,,,1.8016,hfq
2024-04-02,35.549,35.869,33.629,33.889,282728,,,-4.8035,hfq
2024-04-03,33.889,34.329,32.599,32.859,213133,,,-3.0393,hfq
2024-04-08,32.259,33.379,32.169,32.449,167121,,,-1.2478,hfq
2024-04-09,33.769,34.059,32.249,32.799,201649,,,1.0786,hfq
2024-04-10,32.689,32.829,30.969,31.019,222111,,,-5.4270,hfq
2024-04-11,31.039,31.799,30.489,30.589,200779,,,-1.3862,hfq
2024-04-12,28.589,30.849,28.589,29.389,311153,,,-3.9230,hfq
2024-04-15,29.059,29.779,28.289,28.859,219632,,,-1.8034,hfq
2024-04-16,28.579,28.619,26.349,26.449,234310,,,-8.3509,hfq
2024-04-17,26.969,28.569,26.959,28.569,239207,,,8.0154,hfq
2024-04-18,28.119,29.299,27.279,28.579,241733,,,0.0350,hfq
2024-04-19,28.169,29.239,28.149,28.369,172119,,,-0.7348,hfq
2024-04-22,27.529,27.969,27.049,27.399,135541,,,-3.4192,hfq
2024-04-23,27.699,27.939,26.999,27.129,127438,,,-0.9854,hfq
2024-04-24,27.259,29.219,27.259,29.199,255047,,,7.6302,hfq
2024-04-25,28.759,29.769,28.619,28.909,212541,,,-0.9932,hfq
2024-04-26,30.569,31.729,30.179,31.729,216076,,,9.7547,hfq
2024-04-29,33.069,33.199,32.079,32.399,433182,,,2.1116,hfq
2024-04-30,32.429,34.199,31.849,33.579,443229,,,3.6421,hfq
2024-05-06,33.789,33.999,32.969,33.669,293990,,,0.2680,hfq
2024-05-07,33.679,33.749,32.269,32.649,269200,,,-3.0295,hfq
2024-05-08,32.179,32.469,31.079,31.279,248848,,,-4.1961,hfq
2024-05-09,31.269,31.889,30.999,31.429,169864,,,0.4796,hfq
2024-05-10,31.329,31.529,30.369,30.669,164549,,,-2.4181,hfq
2024-05-13,30.469,30.549,29.589,29.679,148049,,,-3.2280,hfq
2024-05-14,30.109,31.179,29.819,30.899,246338,,,4.1107,hfq
2024-05-15,30.569,30.569,29.189,29.519,210950,,,-4.4662,hfq
2024-05-16,29.869,30.029,29.169,29.289,159871,,,-0.7792,hfq
2024-05-17,29.219,29.619,28.689,29.479,131510,,,0.6487,hfq
2024-05-20,29.369,30.259,29.089,30.189,178999,,,2.4085,hfq
2024-05-21,30.269,30.269,29.459,29.569,128022,,,-2.0537,hfq
2024-05-22,29.469,29.839,29.279,29.669,93649,,,0.3382,hfq
2024-05-23,29.829,29.969,29.079,29.219,131867,,,-1.5167,hfq
2024-05-24,29.469,29.949,28.509,28.529,156034,,,-2.3615,hfq
2024-05-27,28.819,28.919,27.849,28.849,131918,,,1.1217,hfq
2024-05-28,29.569,29.709,28.849,28.849,170258,,,0.0000,hfq
2024-05-29,28.489,29.189,28.029,28.279,140276,,,-1.9758,hfq
2024-05-30,27.779,28.329,27.369,27.819,114860,,,-1.6266,hfq
2024-05-31,27.849,28.659,27.789,28.309,120729,,,1.7614,hfq
2024-06-03,28.309,29.149,28.109,28.949,165932,,,2.2608,hfq
2024-06-04,28.669,28.759,28.059,28.399,120843,,,-1.8999,hfq
2024-06-05,28.269,28.419,27.699,27.719,78563,,,-2.3945,hfq
2024-06-06,27.869,28.309,27.179,27.289,120618,,,-1.5513,hfq
2024-06-07,27.519,27.719,26.809,27.109,89424,,,-0.6596,hfq
2024-06-11,26.869,27.839,26.479,27.799,110565,,,2.5453,hfq
2024-06-12,27.799,28.169,27.579,28.019,85755,,,0.7914,hfq
2024-06-13,28.159,28.419,27.829,28.029,99060,,,0.0357,hfq
2024-06-14,27.779,29.569,27.609,29.449,264028,,,5.0662,hfq
2024-06-17,29.239,29.459,28.969,29.079,145155,,,-1.2564,hfq
2024-06-18,29.079,30.049,29.069,29.669,176724,,,2.0290,hfq
2024-06-19,29.729,29.769,29.089,29.169,124334,,,-1.6853,hfq
2024-06-20,29.249,29.259,28.039,28.089,113978,,,-3.7026,hfq
2024-06-21,27.749,28.929,27.569,28.489,101387,,,1.4240,hfq
2024-06-24,28.079,28.429,26.849,26.949,105091,,,-5.4056,hfq
2024-06-25,26.879,27.139,25.739,25.939,114358,,,-3.7478,hfq
2024-06-26,25.939,28.149,25.789,27.729,153359,,,6.9008,hfq
2024-06-27,27.679,28.099,27.019,27.029,122808,,,-2.5244,hfq
2024-06-28,26.909,28.459,26.749,27.829,158172,,,2.9598,hfq
2024-07-01,27.669,28.339,27.529,28.139,107862,,,1.1139,hfq
2024-07-02,28.119,28.119,27.469,27.719,84762,,,-1.4926,hfq
2024-07-03,27.699,27.719,26.969,27.229,71285,,,-1.7677,hfq
2024-07-04,27.599,27.599,26.479,26.599,76833,,,-2.3137,hfq
2024-07-05,26.529,27.239,26.339,26.999,77737,,,1.5038,hfq
2024-07-08,26.859,27.159,26.229,26.349,66035,,,-2.4075,hfq
2024-07-09,26.349,27.699,26.149,27.689,127205,,,5.0856,hfq
2024-07-10,28.039,28.569,27.689,27.989,149782,,,1.0835,hfq
2024-07-11,28.429,28.569,27.859,28.169,130141,,,0.6431,hfq
2024-07-12,27.889,27.969,27.359,27.459,91661,,,-2.5205,hfq
2024-07-15,27.459,27.459,26.969,27.059,65506,,,-1.4567,hfq
2024-07-16,26.869,27.779,26.649,27.649,98832,,,2.1804,hfq
2024-07-17,27.819,27.869,26.749,26.769,100509,,,-3.1828,hfq
2024-07-18,26.269,26.569,25.569,26.449,103308,,,-1.1954,hfq
2024-07-19,26.279,27.629,26.079,26.929,98595,,,1.8148,hfq
2024-07-22,27.019,27.249,26.729,27.069,70804,,,0.5199,hfq
2024-07-23,27.129,27.219,26.269,26.289,74013,,,-2.8815,hfq
2024-07-24,25.519,26.468,25.519,25.597,88832,,,-2.6323,hfq
2024-07-25,25.259,25.844,24.869,25.389,82252,,,-0.8126,hfq
2024-07-26,25.389,25.935,25.246,25.779,75602,,,1.5361,hfq
2024-07-29,25.974,25.974,25.415,25.766,73666,,,-0.0504,hfq
2024-07-30,25.779,27.963,25.389,27.001,247745,,,4.7931,hfq
2024-07-31,26.689,27.833,26.689,27.755,237396,,,2.7925,hfq
2024-08-01,27.755,28.431,27.677,27.885,182381,,,0.4684,hfq
2024-08-02,27.482,28.145,26.975,27.027,149628,,,-3.0769,hfq
2024-08-05,26.793,27.274,25.519,25.532,155842,,,-5.5315,hfq
2024-08-06,26.013,26.221,25.376,25.740,104119,,,0.8147,hfq
2024-08-07,25.740,27.235,25.649,26.546,214052,,,3.1313,hfq
2024-08-08,26.442,26.585,25.519,25.688,143198,,,-3.2321,hfq
2024-08-09,25.831,26.195,25.389,25.415,101562,,,-1.0628,hfq
2024-08-12,25.259,25.285,24.544,24.700,97864,,,-2.8133,hfq
2024-08-13,24.544,24.804,24.271,24.713,72425,,,0.0526,hfq
2024-08-14,24.934,26.104,24.674,25.246,169429,,,2.1568,hfq
2024-08-15,24.947,25.987,24.791,25.623,178403,,,1.4933,hfq
2024-08-16,25.649,26.416,25.649,26.026,169237,,,1.5728,hfq
2024-08-19,25.818,26.208,25.545,25.597,109510,,,-1.6484,hfq
2024-08-20,26.416,26.481,25.675,25.753,220324,,,0.6094,hfq
2024-08-21,25.480,25.649,24.999,25.064,141788,,,-2.6754,hfq
2024-08-22,24.895,25.558,24.375,24.479,110500,,,-2.3340,hfq
2024-08-23,24.349,24.960,24.232,24.791,105628,,,1.2746,hfq
2024-08-26,24.752,24.856,24.297,24.427,86075,,,-1.4683,hfq
2024-08-27,24.232,24.544,23.829,23.829,91742,,,-2.4481,hfq
2024-08-28,23.894,24.141,23.504,23.777,81185,,,-0.2182,hfq
2024-08-29,23.452,24.414,23.387,24.193,98345,,,1.7496,hfq
2024-08-30,24.323,25.454,24.167,24.934,174409,,,3.0629,hfq
2024-09-02,24.804,24.934,23.842,23.855,122651,,,-4.3274,hfq
2024-09-03,23.829,24.518,23.803,24.401,108565,,,2.2888,hfq
2024-09-04,24.141,24.388,23.881,24.128,81213,,,-1.1188,hfq
2024-09-05,24.206,24.544,24.037,24.284,67250,,,0.6466,hfq
2024-09-06,24.336,24.375,23.712,23.751,72585,,,-2.1949,hfq
2024-09-09,23.595,23.998,23.322,23.647,75383,,,-0.4379,hfq
2024-09-10,23.699,24.661,23.296,24.427,135966,,,3.2985,hfq
2024-09-11,24.219,24.349,23.868,23.946,80357,,,-1.9691,hfq
2024-09-12,24.141,24.349,23.686,23.738,68392,,,-0.8686,hfq
2024-09-13,23.660,23.868,23.257,23.257,77911,,,-2.0263,hfq
2024-09-18,23.348,23.556,22.685,23.114,71618,,,-0.6149,hfq
2024-09-19,23.244,23.738,23.049,23.504,102978,,,1.6873,hfq
2024-09-20,23.530,23.829,23.452,23.673,87693,,,0.7190,hfq
2024-09-23,23.686,24.778,23.504,24.193,180618,,,2.1966,hfq
2024-09-24,24.024,25.181,23.569,24.960,244688,,,3.1703,hfq
2024-09-25,25.038,25.805,25.038,25.155,219301,,,0.7812,hfq
2024-09-26,25.051,25.753,24.960,25.753,179066,,,2.3773,hfq
2024-09-27,26.182,27.196,25.870,27.183,173273,,,5.5528,hfq
2024-09-30,29.419,29.822,27.885,29.822,433097,,,9.7083,hfq
2024-10-08,32.721,32.721,30.238,32.721,489640,,,9.7210,hfq
2024-10-09,32.019,32.552,29.718,29.835,388696,,,-8.8200,hfq
2024-10-10,30.212,31.135,29.159,29.861,280997,,,0.0871,hfq
2024-10-11,29.445,29.575,27.417,27.885,226330,,,-6.6173,hfq
2024-10-14,27.833,28.886,27.144,28.808,221786,,,3.3100,hfq
2024-10-15,29.120,30.654,28.665,29.289,388714,,,1.6697,hfq
2024-10-16,28.769,30.004,28.353,29.224,254698,,,-0.2219,hfq
2024-10-17,29.198,30.407,29.198,29.900,311081,,,2.3132,hfq
2024-10-18,29.952,31.824,29.705,31.096,427424,,,4.0000,hfq
2024-10-21,31.772,33.345,31.291,32.305,520918,,,3.8880,hfq
2024-10-22,32.318,32.448,30.888,31.395,347181,,,-2.8169,hfq
2024-10-23,31.369,31.980,30.940,31.083,293423,,,-0.9938,hfq
2024-10-24,31.213,32.526,30.693,31.603,314211,,,1.6729,hfq
2024-10-25,31.616,31.759,30.992,31.330,253651,,,-0.8638,hfq
2024-10-28,30.914,31.304,30.719,31.083,196848,,,-0.7884,hfq
2024-10-29,31.161,32.734,30.589,32.019,440816,,,3.0113,hfq
2024-10-30,32.006,35.139,31.694,34.502,690260,,,7.7548,hfq
2024-10-31,34.515,36.218,33.163,34.073,695825,,,-1.2434,hfq
2024-11-01,33.384,33.709,31.044,31.213,469959,,,-8.3937,hfq
2024-11-04,30.693,32.149,30.563,31.694,230078,,,1.5410,hfq
2024-11-05,31.460,32.656,31.278,32.383,309617,,,2.1739,hfq
2024-11-06,32.604,33.202,31.980,32.513,317725,,,0.4014,hfq
2024-11-07,32.253,32.903,31.824,32.747,255107,,,0.7197,hfq
2024-11-08,32.097,33.839,32.084,33.696,519697,,,2.8980,hfq
2024-11-11,33.709,35.243,32.929,35.009,484412,,,3.8966,hfq
2024-11-12,35.243,35.347,33.072,33.527,376267,,,-4.2332,hfq
2024-11-13,33.085,34.034,32.929,33.683,202028,,,0.4653,hfq
2024-11-14,33.332,33.462,31.707,31.759,246320,,,-5.7121,hfq
2024-11-15,31.629,32.526,31.187,31.200,176294,,,-1.7601,hfq
2024-11-18,31.278,31.460,28.899,29.289,203550,,,-6.1250,hfq
2024-11-19,29.328,30.056,28.990,30.017,138842,,,2.4856,hfq
2024-11-20,29.952,30.797,29.705,30.459,136707,,,1.4725,hfq
2024-11-21,30.407,30.758,29.614,30.030,138853,,,-1.4085,hfq
2024-11-22,30.082,30.550,28.782,28.821,158464,,,-4.0260,hfq
2024-11-25,28.808,28.899,27.716,28.379,144924,,,-1.5336,hfq
2024-11-26,29.003,30.030,28.522,29.289,190525,,,3.2066,hfq
2024-11-27,28.990,29.900,28.002,29.874,172635,,,1.9973,hfq
2024-11-28,29.848,29.991,29.068,29.159,132510,,,-2.3934,hfq
2024-11-29,29.068,29.874,28.834,29.601,140887,,,1.5158,hfq
2024-12-02,29.653,30.121,29.562,30.095,126604,,,1.6689,hfq
2024-12-03,30.030,30.095,29.263,29.653,132561,,,-1.4687,hfq
2024-12-04,29.419,29.783,28.964,29.081,100552,,,-1.9290,hfq
2024-12-05,29.094,29.588,29.094,29.562,97826,,,1.6540,hfq
2024-12-06,29.757,29.887,29.276,29.835,126980,,,0.9235,hfq
2024-12-09,29.835,29.913,29.185,29.458,111222,,,-1.2636,hfq
2024-12-10,30.199,30.381,29.562,29.640,147976,,,0.6178,hfq
2024-12-11,29.640,30.524,29.536,30.511,216330,,,2.9386,hfq
2024-12-12,30.459,30.602,29.952,30.381,152411,,,-0.4261,hfq
2024-12-13,30.147,30.823,30.069,30.212,193968,,,-0.5563,hfq
2024-12-16,30.342,30.940,29.744,30.537,169742,,,1.0757,hfq
2024-12-17,30.238,32.019,30.225,31.863,414153,,,4.3423,hfq
2024-12-18,31.980,34.970,30.953,32.812,544354,,,2.9784,hfq
2024-12-19,32.019,34.918,31.759,33.930,561567,,,3.4073,hfq
2024-12-20,33.189,34.983,32.799,33.839,548418,,,-0.2682,hfq
2024-12-23,33.904,34.801,31.993,32.110,397224,,,-5.1095,hfq
2024-12-24,32.266,32.760,31.200,31.889,287755,,,-0.6883,hfq
2024-12-25,31.629,32.149,30.576,30.849,234668,,,-3.2613,hfq
2024-12-26,30.810,32.344,30.745,32.019,306824,,,3.7927,hfq
2024-12-27,32.318,32.383,31.304,31.395,226930,,,-1.9488,hfq
2024-12-30,31.824,32.903,31.330,32.357,299259,,,3.0642,hfq
2024-12-31,32.370,32.526,30.654,30.680,237620,,,-5.1828,hfq
2025-01-02,30.017,30.225,28.418,28.730,240075,,,-6.3559,hfq
2025-01-03,28.769,29.042,26.611,26.676,201848,,,-7.1493,hfq
2025-01-06,26.650,27.131,26.182,26.637,106477,,,-0.1462,hfq
2025-01-07,26.819,27.339,26.702,27.326,123701,,,2.5866,hfq
2025-01-08,27.261,27.261,25.792,26.715,163694,,,-2.2360,hfq
2025-01-09,26.429,27.144,26.325,26.845,130287,,,0.4866,hfq
2025-01-10,26.689,27.313,25.948,25.948,135029,,,-3.3414,hfq
2025-01-13,25.441,25.870,25.012,25.675,85505,,,-1.0521,hfq
2025-01-14,25.831,27.053,25.623,27.040,157337,,,5.3165,hfq
2025-01-15,27.066,27.313,26.689,26.728,103676,,,-1.1538,hfq
2025-01-16,26.884,27.326,26.650,27.183,130036,,,1.7023,hfq
2025-01-17,27.053,27.404,26.780,27.105,112718,,,-0.2869,hfq
2025-01-20,27.274,27.924,27.157,27.586,124518,,,1.7746,hfq
2025-01-21,27.859,27.859,27.248,27.599,104255,,,0.0471,hfq
2025-01-22,27.469,28.561,27.391,28.002,177418,,,1.4602,hfq
2025-01-23,28.275,29.133,28.184,28.418,209930,,,1.4856,hfq
2025-01-24,28.899,28.964,28.431,28.951,143982,,,1.8756,hfq
2025-01-27,28.704,28.782,27.495,27.521,142258,,,-4.9394,hfq
2025-02-05,28.054,28.756,27.820,28.431,144156,,,3.3066,hfq
2025-02-06,28.743,29.640,28.509,29.601,204419,,,4.1152,hfq
2025-02-07,30.004,31.148,29.679,30.459,324472,,,2.8986,hfq
2025-02-10,31.369,33.423,31.239,33.423,334245,,,9.7311,hfq
2025-02-11,33.735,33.735,32.058,32.240,631279,,,-3.5395,hfq
2025-02-12,32.019,33.059,31.993,32.565,380904,,,1.0081,hfq
2025-02-13,32.994,33.137,32.045,32.435,381039,,,-0.3992,hfq
2025-02-14,32.331,32.474,31.499,32.097,316533,,,-1.0421,hfq
2025-02-17,33.293,33.683,32.162,32.487,323083,,,1.2151,hfq
2025-02-18,32.162,32.669,31.317,31.421,255721,,,-3.2813,hfq
2025-02-19,31.421,32.682,31.408,32.422,252593,,,3.1858,hfq
2025-02-20,33.111,35.113,33.072,33.436,529526,,,3.1275,hfq
2025-02-21,34.619,36.075,33.566,35.646,743345,,,6.6096,hfq
2025-02-24,35.737,35.776,34.554,35.022,497516,,,-1.7505,hfq
2025-02-25,34.112,36.959,33.475,35.763,695995,,,2.1158,hfq
2025-02-26,35.763,38.519,35.269,37.570,699310,,,5.0527,hfq
2025-02-27,37.622,37.700,35.256,36.361,524174,,,-3.2180,hfq
2025-02-28,36.244,36.244,33.644,33.696,387018,,,-7.3293,hfq
2025-03-03,34.619,35.321,33.878,34.593,307820,,,2.6620,hfq
2025-03-04,33.969,35.321,33.943,34.996,243619,,,1.1650,hfq
2025-03-05,36.309,36.699,34.346,35.399,444419,,,1.1516,hfq
2025-03-06,35.919,38.857,35.659,38.857,843785,,,9.7686,hfq
2025-03-07,40.209,40.209,37.544,38.103,971481,,,-1.9404,hfq
2025-03-10,36.959,37.674,36.296,36.816,472303,,,-3.3777,hfq
2025-03-11,37.219,38.779,37.063,38.389,537271,,,4.2726,hfq
2025-03-12,39.078,42.068,37.999,39.988,750561,,,4.1653,hfq
2025-03-13,39.819,41.782,39.013,41.782,820675,,,4.4863,hfq
2025-03-14,39.923,40.664,37.713,40.066,669430,,,-4.1070,hfq
2025-03-17,38.519,42.393,38.519,41.015,615758,,,2.3686,hfq
2025-03-18,40.989,43.459,39.169,40.079,629024,,,-2.2821,hfq
2025-03-19,39.819,40.209,38.389,38.402,460064,,,-4.1842,hfq
2025-03-20,37.804,39.416,37.375,37.843,417101,,,-1.4557,hfq
2025-03-21,37.479,37.479,35.802,35.802,366128,,,-5.3933,hfq
2025-03-24,35.789,35.893,33.969,34.840,297371,,,-2.6870,hfq
2025-03-25,34.840,34.944,33.410,33.527,202586,,,-3.7687,hfq
2025-03-26,33.566,34.047,33.059,33.241,202327,,,-0.8530,hfq
2025-03-27,33.358,33.618,32.877,33.189,214248,,,-0.1564,hfq
2025-03-28,33.046,33.787,33.046,33.124,173058,,,-0.1958,hfq
2025-03-31,32.825,34.203,31.967,33.969,261036,,,2.5510,hfq
2025-04-01,33.982,34.034,33.462,33.605,177645,,,-1.0716,hfq
2025-04-02,33.319,34.918,33.228,34.502,305458,,,2.6692,hfq
2025-04-03,34.008,35.204,33.735,35.165,282277,,,1.9216,hfq
2025-04-07,33.059,33.709,31.733,31.733,177023,,,-9.7597,hfq
2025-04-08,30.654,31.889,28.639,29.315,339606,,,-7.6198,hfq
2025-04-09,28.223,30.420,26.624,29.848,311205,,,1.8182,hfq
2025-04-10,30.589,31.369,30.433,30.459,256792,,,2.0470,hfq
2025-04-11,30.186,32.006,30.030,31.369,244244,,,2.9876,hfq
2025-04-14,32.019,32.903,31.512,31.577,211757,,,0.6631,hfq
2025-04-15,31.694,31.941,30.745,31.070,129462,,,-1.6056,hfq
2025-04-16,30.875,30.979,29.874,30.264,124980,,,-2.5941,hfq
2025-04-17,30.186,30.849,29.952,29.965,117701,,,-0.9880,hfq
2025-04-18,30.069,31.304,29.757,30.849,196172,,,2.9501,hfq
2025-04-21,31.382,31.655,30.888,31.395,182224,,,1.7699,hfq
2025-04-22,32.019,32.448,31.213,31.252,222414,,,-0.4555,hfq
2025-04-23,31.265,31.980,31.187,31.785,209666,,,1.7055,hfq
2025-04-24,31.642,31.642,30.433,30.654,171649,,,-3.5583,hfq
2025-04-25,30.199,30.888,30.199,30.498,148046,,,-0.5089,hfq
2025-04-28,30.433,30.979,30.238,30.238,122568,,,-0.8525,hfq
2025-04-29,29.809,30.615,29.523,29.887,161006,,,-1.1608,hfq
2025-04-30,29.900,31.759,29.549,30.849,231358,,,3.2188,hfq
2025-05-06,31.408,32.110,31.187,32.110,253561,,,4.0877,hfq
2025-05-07,32.331,32.513,31.213,31.577,254591,,,-1.6599,hfq
2025-05-08,31.356,32.253,31.252,32.201,203115,,,1.9761,hfq
2025-05-09,32.019,32.019,30.914,31.057,197356,,,-3.5527,hfq
2025-05-12,31.434,31.603,31.148,31.577,140063,,,1.6743,hfq
2025-05-13,31.811,32.903,31.564,32.682,375163,,,3.4994,hfq
2025-05-14,32.669,32.695,32.110,32.396,232163,,,-0.8751,hfq
2025-05-15,32.279,32.357,31.109,31.187,184199,,,-3.7319,hfq
2025-05-16,30.927,31.343,30.719,30.979,96105,,,-0.6669,hfq
2025-05-19,30.979,31.135,30.342,31.044,90140,,,0.2098,hfq
2025-05-20,30.849,31.447,30.680,31.057,89478,,,0.0419,hfq
2025-05-21,30.966,30.992,30.303,30.329,126059,,,-2.3441,hfq
2025-05-22,30.212,30.446,29.887,29.939,81714,,,-1.2859,hfq
2025-05-23,29.952,30.121,29.263,29.276,99354,,,-2.2145,hfq
2025-05-26,29.276,29.848,29.276,29.757,75523,,,1.6430,hfq
2025-05-27,29.809,29.809,28.652,28.808,141108,,,-3.1892,hfq
2025-05-28,28.951,29.016,28.431,28.509,77921,,,-1.0379,hfq
2025-05-29,28.444,29.419,28.444,29.198,107053,,,2.4168,hfq
2025-05-30,29.029,29.029,28.535,28.626,75246,,,-1.9590,hfq
2025-06-03,28.665,29.614,28.652,28.977,86949,,,1.2262,hfq
2025-06-04,29.198,29.484,29.029,29.263,92274,,,0.9870,hfq
2025-06-05,29.354,29.913,28.977,29.783,132987,,,1.7770,hfq
2025-06-06,29.744,30.030,29.549,29.796,100750,,,0.0436,hfq
2025-06-09,29.991,30.147,29.666,29.835,100592,,,0.1309,hfq
2025-06-10,30.017,30.017,28.912,29.328,112510,,,-1.6993,hfq
2025-06-11,29.094,29.484,29.094,29.185,86107,,,-0.4876,hfq
2025-06-12,29.029,29.471,28.782,28.990,76705,,,-0.6682,hfq
2025-06-13,28.808,28.951,28.119,28.158,120991,,,-2.8700,hfq
2025-06-16,27.950,28.600,27.885,28.444,65101,,,1.0157,hfq
2025-06-17,28.496,28.496,28.028,28.197,65440,,,-0.8684,hfq
2025-06-18,28.119,28.210,27.794,28.080,65765,,,-0.4149,hfq
2025-06-19,28.132,28.327,27.469,27.521,85913,,,-1.9907,hfq
2025-06-20,27.482,27.755,27.040,27.118,78153,,,-1.4643,hfq
2025-06-23,26.845,27.365,26.819,27.326,59467,,,0.7670,hfq
2025-06-24,27.456,28.522,27.443,28.106,104418,,,2.8544,hfq
2025-06-25,28.054,28.587,28.002,28.522,118815,,,1.4801,hfq
2025-06-26,28.691,28.951,28.405,28.509,116207,,,-0.0456,hfq
2025-06-27,28.509,28.899,28.301,28.678,106562,,,0.5928,hfq
2025-06-30,28.652,28.977,28.574,28.873,89800,,,0.6800,hfq
2025-07-01,28.782,28.860,28.418,28.795,85506,,,-0.2701,hfq
2025-07-02,28.769,28.769,28.106,28.236,82545,,,-1.9413,hfq
2025-07-03,28.106,28.613,28.106,28.522,72759,,,1.0129,hfq
2025-07-04,28.522,28.860,28.301,28.353,88657,,,-0.5925,hfq
2025-07-07,28.262,28.314,28.015,28.041,60016,,,-1.1004,hfq
2025-07-08,28.041,28.847,27.950,28.821,107992,,,2.7816,hfq
2025-07-09,28.847,30.862,28.847,30.186,387050,,,4.7361,hfq
2025-07-10,29.822,30.199,29.653,29.965,174001,,,-0.7321,hfq
2025-07-11,29.913,30.706,29.471,30.472,210489,,,1.6920,hfq
2025-07-14,30.355,30.472,30.095,30.173,116356,,,-0.9812,hfq
2025-07-15,29.874,30.992,29.419,30.641,270868,,,1.5511,hfq
2025-07-16,30.641,31.226,30.043,30.589,198104,,,-0.1697,hfq
2025-07-17,30.290,30.745,30.225,30.615,149008,,,0.0850,hfq
2025-07-18,31.200,31.434,30.667,30.680,247851,,,0.2123,hfq
2025-07-21,30.407,30.680,30.238,30.303,151216,,,-1.2288,hfq
2025-07-22,30.212,30.303,29.770,29.913,138867,,,-1.2870,hfq
2025-07-23,30.004,30.082,29.627,29.718,103780,,,-0.6519,hfq
2025-07-24,29.861,30.056,29.757,30.017,89728,,,1.0061,hfq
2025-07-25,30.121,30.797,30.082,30.537,157586,,,1.7324,hfq
2025-07-28,30.706,30.732,30.147,30.303,125743,,,-0.7663,hfq
2025-07-29,30.173,30.420,29.796,30.420,115709,,,0.3861,hfq
2025-07-30,30.082,30.082,29.419,29.562,127269,,,-2.8205,hfq
2025-07-31,29.432,29.874,29.172,29.276,91638,,,-0.9675,hfq
2025-08-01,29.640,29.640,29.016,29.393,87893,,,0.3996,hfq
2025-08-04,29.172,29.432,29.055,29.432,50688,,,0.1327,hfq
2025-08-05,29.588,29.588,29.237,29.380,73845,,,-0.1767,hfq
2025-08-06,29.367,29.809,29.172,29.757,100649,,,1.2832,hfq
2025-08-07,29.640,29.874,29.458,29.471,83935,,,-0.9611,hfq
2025-08-08,29.367,29.458,28.912,28.938,100024,,,-1.8086,hfq
2025-08-11,28.873,29.692,28.873,29.614,110101,,,2.3360,hfq
2025-08-12,29.614,29.679,29.315,29.471,80599,,,-0.4829,hfq
2025-08-13,29.484,29.848,29.354,29.692,119402,,,0.7499,hfq
2025-08-14,29.757,29.913,29.237,29.263,119839,,,-1.4448,hfq
2025-08-15,29.081,29.653,29.042,29.601,104648,,,1.1550,hfq
2025-08-18,29.627,30.602,29.627,30.550,266145,,,3.2060,hfq
2025-08-19,30.693,30.836,30.134,30.511,187196,,,-0.1277,hfq
2025-08-20,30.225,30.927,30.225,30.927,203948,,,1.3634,hfq
2025-08-21,31.005,31.278,30.589,30.797,187470,,,-0.4203,hfq
2025-08-22,30.797,31.473,30.615,31.252,216157,,,1.4774,hfq
2025-08-25,31.915,32.084,31.135,31.408,270419,,,0.4992,hfq
2025-08-26,31.135,31.993,31.096,31.577,209111,,,0.5381,hfq
2025-08-27,31.577,32.864,31.564,31.785,433796,,,0.6587,hfq
2025-08-28,31.967,32.591,31.278,32.435,336250,,,2.0450,hfq
2025-08-29,32.591,32.812,31.681,31.954,228212,,,-1.4830,hfq
2025-09-01,32.032,32.747,32.032,32.084,220712,,,0.4068,hfq
2025-09-02,32.136,32.149,30.732,30.875,219790,,,-3.7682,hfq
2025-09-03,30.875,31.161,29.796,29.913,133776,,,-3.1158,hfq
2025-09-04,30.108,30.693,29.172,29.640,154422,,,-0.9126,hfq
2025-09-05,29.692,30.316,29.250,30.251,119835,,,2.0614,hfq
2025-09-08,30.251,30.264,29.718,30.056,114947,,,-0.6446,hfq
2025-09-09,30.069,30.069,29.367,29.393,112340,,,-2.2059,hfq
2025-09-10,29.536,31.499,29.458,30.784,274844,,,4.7324,hfq
2025-09-11,30.472,31.863,30.225,31.811,295115,,,3.3361,hfq
2025-09-12,31.590,32.110,31.421,31.785,228498,,,-0.0817,hfq
2025-09-15,31.694,31.759,31.135,31.291,151589,,,-1.5542,hfq
2025-09-16,31.187,31.798,31.070,31.525,142480,,,0.7478,hfq
2025-09-17,31.577,31.850,31.187,31.421,123552,,,-0.3299,hfq
2025-09-18,31.421,34.463,31.278,33.189,663312,,,5.6268,hfq
2025-09-19,33.202,33.683,32.877,33.007,320001,,,-0.5484,hfq
2025-09-22,33.059,33.826,32.565,33.592,304074,,,1.7724,hfq
2025-09-23,33.462,33.787,32.097,33.384,310867,,,-0.6192,hfq
2025-09-24,32.942,35.984,32.578,35.425,587108,,,6.1137,hfq
2025-09-25,35.152,35.789,34.814,34.983,288550,,,-1.2477,hfq
2025-09-26,34.931,34.931,33.839,33.839,199997,,,-3.2702,hfq
2025-09-29,33.865,34.216,33.449,33.735,185356,,,-0.3073,hfq
2025-09-30,33.943,34.164,33.215,33.215,196808,,,-1.5414,hfq
2025-10-09,33.228,33.553,32.604,33.176,226885,,,-0.1174,hfq
2025-10-10,32.955,33.956,32.292,33.215,231170,,,0.1176,hfq
2025-10-13,32.162,32.747,31.772,32.630,172153,,,-1.7613,hfq
2025-10-14,32.682,32.942,31.252,31.291,171797,,,-4.1036,hfq
2025-10-15,31.473,31.915,31.304,31.720,98912,,,1.3710,hfq
2025-10-16,31.824,31.837,31.174,31.330,79508,,,-1.2295,hfq
2025-10-17,31.512,31.538,30.524,30.563,106536,,,-2.4481,hfq
2025-10-20,30.901,31.161,30.628,30.927,73455,,,1.1910,hfq
2025-10-21,30.901,31.330,30.836,31.278,88031,,,1.1349,hfq
2025-10-22,31.226,31.980,31.044,31.876,129484,,,1.9119,hfq
2025-10-23,31.876,31.876,31.382,31.681,74634,,,-0.6117,hfq
2025-10-24,31.681,32.097,31.148,31.408,136441,,,-0.8617,hfq
2025-10-27,31.408,31.629,31.213,31.252,125058,,,-0.4967,hfq
2025-10-28,31.252,31.850,30.901,31.421,109256,,,0.5408,hfq
2025-10-29,31.252,31.460,30.368,30.654,177854,,,-2.4410,hfq
2025-10-30,30.485,31.057,30.342,30.732,104415,,,0.2545,hfq
2025-10-31,30.693,31.772,30.615,31.499,143263,,,2.4958,hfq
2025-11-03,31.889,32.292,31.382,32.240,149160,,,2.3525,hfq
2025-11-04,32.162,32.240,31.720,31.902,82886,,,-1.0484,hfq
2025-11-05,31.785,32.812,31.655,32.461,178779,,,1.7522,hfq
2025-11-06,32.552,32.968,32.292,32.409,147213,,,-0.1602,hfq
2025-11-07,32.175,32.682,31.993,32.422,97537,,,0.0401,hfq
2025-11-10,32.487,32.669,31.980,32.110,95689,,,-0.9623,hfq
2025-11-11,33.462,33.462,32.435,32.500,225403,,,1.2146,hfq
2025-11-12,32.058,32.136,31.109,31.421,138831,,,-3.3200,hfq
2025-11-13,31.135,31.408,31.057,31.265,102494,,,-0.4965,hfq
2025-11-14,31.252,31.447,31.070,31.122,72214,,,-0.4574,hfq
2025-11-17,30.875,31.304,30.862,31.005,65694,,,-0.3759,hfq
2025-11-18,30.888,31.083,30.732,30.797,60342,,,-0.6709,hfq
2025-11-19,30.784,30.992,30.173,30.238,71761,,,-1.8151,hfq
2025-11-20,30.342,30.602,30.173,30.251,51371,,,0.0430,hfq
2025-11-21,30.147,30.394,29.510,29.692,70959,,,-1.8479,hfq
2025-11-24,29.887,30.511,29.315,30.394,64679,,,2.3643,hfq
2025-11-25,30.602,30.771,30.251,30.290,87905,,,-0.3422,hfq
2025-11-26,30.225,30.459,29.874,29.939,60790,,,-1.1588,hfq
2025-11-27,29.939,30.173,29.692,29.796,45975,,,-0.4776,hfq
2025-11-28,29.796,30.056,29.640,30.043,45279,,,0.8290,hfq
2025-12-01,30.251,30.836,30.017,30.641,82756,,,1.9905,hfq
2025-12-02,30.706,30.706,30.251,30.342,54960,,,-0.9758,hfq
2025-12-03,30.472,30.472,29.952,30.056,44811,,,-0.9426,hfq
2025-12-04,30.056,30.147,29.783,29.939,32296,,,-0.3893,hfq
2025-12-05,30.043,30.108,29.575,30.030,41778,,,0.3040,hfq
2025-12-08,30.056,30.654,30.056,30.433,56415,,,1.3420,hfq
2025-12-09,30.407,30.797,30.238,30.342,56551,,,-0.2990,hfq
2025-12-10,30.251,30.459,29.835,30.355,44961,,,0.0428,hfq
2025-12-11,30.368,30.784,30.056,30.069,65969,,,-0.9422,hfq
2025-12-12,30.043,30.342,29.887,30.030,71687,,,-0.1297,hfq
2025-12-15,29.679,29.692,28.600,28.626,133407,,,-4.6753,hfq
2025-12-16,28.626,28.704,28.106,28.171,72337,,,-1.5895,hfq
2025-12-17,28.314,28.548,27.768,28.327,66895,,,0.5538,hfq
2025-12-18,28.249,28.717,28.106,28.509,52819,,,0.6425,hfq
2025-12-19,28.639,28.847,28.483,28.782,59787,,,0.9576,hfq
2025-12-22,28.704,29.003,28.678,28.782,53727,,,0.0000,hfq
2025-12-23,28.847,28.873,28.262,28.353,48315,,,-1.4905,hfq
2025-12-24,28.353,28.717,28.288,28.613,48634,,,0.9170,hfq
2025-12-25,28.873,28.899,28.587,28.743,48678,,,0.4543,hfq
2025-12-26,28.665,28.847,28.431,28.496,59658,,,-0.8593,hfq
2025-12-29,28.535,28.730,28.496,28.587,52603,,,0.3193,hfq
2025-12-30,28.587,29.094,28.522,28.613,59283,,,0.0910,hfq
2025-12-31,28.587,28.782,28.353,28.652,68944,,,0.1363,hfq
2026-01-05,28.613,29.276,28.561,29.237,95350,,,2.0417,hfq
2026-01-06,29.250,29.796,29.198,29.796,113378,,,1.9120,hfq
2026-01-07,29.926,30.537,29.666,30.043,120290,,,0.8290,hfq
2026-01-08,30.186,31.590,30.043,31.291,196931,,,4.1540,hfq
2026-01-09,31.317,31.967,30.979,31.694,180596,,,1.2879,hfq
2026-01-12,32.006,32.890,32.006,32.773,242212,,,3.4044,hfq
2026-01-13,33.020,33.033,31.707,32.058,201998,,,-2.1817,hfq
2026-01-14,32.058,33.332,32.006,33.085,312355,,,3.2036,hfq
2026-01-15,32.890,33.033,32.201,32.474,170935,,,-1.8468,hfq
2026-01-16,32.695,32.903,31.772,31.902,159723,,,-1.7614,hfq
2026-01-19,32.032,32.032,31.239,31.265,120592,,,-1.9967,hfq
2026-01-20,31.447,31.655,30.563,30.758,91985,,,-1.6216,hfq
2026-01-21,30.615,31.291,30.511,30.862,90259,,,0.3381,hfq
2026-01-22,30.979,33.852,30.966,33.852,357942,,,9.6883,hfq
2026-01-23,33.787,34.697,33.137,33.943,415399,,,0.2688,hfq
2026-01-26,34.632,36.400,33.462,33.891,380853,,,-0.1532,hfq
2026-01-27,33.891,34.762,33.332,34.242,256498,,,1.0357,hfq
2026-01-28,34.372,35.087,33.930,34.541,266768,,,0.8732,hfq
2026-01-29,33.982,34.931,33.202,33.800,243792,,,-2.1453,hfq
2026-01-30,33.852,34.983,33.436,34.632,303256,,,2.4615,hfq
2026-02-02,34.671,35.633,34.320,34.346,279982,,,-0.8258,hfq
2026-02-03,34.437,35.178,34.372,35.087,257348,,,2.1575,hfq
2026-02-04,34.762,34.827,33.462,33.917,256093,,,-3.3346,hfq
2026-02-05,33.462,34.073,33.241,33.683,149258,,,-0.6899,hfq
2026-02-06,33.345,34.567,32.643,33.917,201833,,,0.6947,hfq
2026-02-09,34.632,34.723,33.982,34.073,169055,,,0.4599,hfq
2026-02-10,33.982,34.879,33.839,34.255,273227,,,0.5341,hfq
2026-02-11,34.281,35.152,34.177,34.307,270274,,,0.1518,hfq
2026-02-12,35.139,35.789,34.736,35.308,443084,,,2.9178,hfq
2026-02-13,35.048,36.192,34.827,34.853,337690,,,-1.2887,hfq
2026-02-24,35.152,35.321,33.865,34.411,229498,,,-1.2682,hfq
2026-02-25,34.307,34.762,33.267,33.384,255216,,,-2.9845,hfq
2026-02-26,33.384,36.621,33.384,36.192,802819,,,8.4112,hfq
2026-02-27,35.776,37.830,35.256,37.102,731102,,,2.5144,hfq
2026-03-02,35.893,37.206,35.854,36.075,353499,,,-2.7680,hfq
2026-03-03,36.439,36.452,33.670,34.164,429078,,,-5.2973,hfq
2026-03-04,33.553,34.879,33.462,33.943,225199,,,-0.6469,hfq
2026-03-05,34.762,35.152,33.800,34.489,302322,,,1.6086,hfq
2026-03-06,36.062,37.362,35.412,36.621,559135,,,6.1817,hfq
2026-03-09,38.363,40.092,37.076,39.065,917336,,,6.6738,hfq
2026-03-10,40.833,41.301,38.428,39.312,923308,,,0.6323,hfq
2026-03-11,38.662,39.260,38.025,38.311,614881,,,-2.5463,hfq
2026-03-12,38.168,39.052,37.362,37.505,460901,,,-2.1038,hfq
2026-03-13,37.037,37.349,35.022,35.048,422902,,,-6.5511,hfq
2026-03-16,34.749,35.100,33.371,34.632,407895,,,-1.1869,hfq
2026-03-17,35.022,35.295,33.475,33.527,284465,,,-3.1907,hfq
2026-03-18,34.112,36.790,33.839,36.790,552882,,,9.7325,hfq
2026-03-19,36.712,37.856,36.530,36.569,624393,,,-0.6007,hfq
2026-03-20,36.907,37.102,34.554,34.554,397741,,,-5.5101,hfq
2026-03-23,33.163,34.476,32.110,32.292,384732,,,-6.5463,hfq
2026-03-24,33.124,33.956,31.668,33.800,371289,,,4.6699,hfq
2026-03-25,34.190,35.386,34.086,34.788,315163,,,2.9231,hfq
2026-03-26,34.593,34.892,33.072,33.319,232843,,,-4.2227,hfq
2026-03-27,32.786,34.073,32.344,33.345,237407,,,0.0780,hfq
2026-03-30,32.552,34.411,31.486,34.047,316424,,,2.1053,hfq
2026-03-31,34.307,35.191,33.449,33.579,254906,,,-1.3746,hfq
2026-04-01,34.437,36.270,34.229,35.152,399805,,,4.6845,hfq
2026-04-02,34.788,34.957,32.721,33.072,343647,,,-5.9172,hfq
2026-04-03,33.657,36.062,33.163,35.087,545028,,,6.0928,hfq
2026-04-07,34.762,35.178,34.216,34.632,322550,,,-1.2968,hfq
2026-04-08,35.542,36.634,35.451,36.556,445559,,,5.5556,hfq
2026-04-09,36.023,36.452,35.698,36.062,340055,,,-1.3514,hfq
2026-04-10,36.296,36.413,35.347,35.386,361767,,,-1.8745,hfq
2026-04-13,34.762,36.556,34.762,36.036,379737,,,1.8369,hfq
2026-04-14,37.232,38.428,36.933,37.635,555238,,,4.4372,hfq
2026-04-15,37.856,39.611,37.492,38.701,613946,,,2.8325,hfq
2026-04-16,38.311,42.471,38.311,42.471,887498,,,9.7414,hfq
2026-04-17,43.290,44.161,42.055,42.874,951255,,,0.9489,hfq
2026-04-20,42.575,42.783,40.716,41.106,737912,,,-4.1237,hfq
2026-04-21,40.482,40.521,38.506,39.286,502748,,,-4.4276,hfq
2026-04-22,39.351,43.121,38.792,41.418,768749,,,5.4269,hfq
2026-04-23,41.158,45.461,41.158,45.461,978155,,,9.7615,hfq
2026-04-24,44.148,44.512,41.184,42.354,888656,,,-6.8344,hfq
2026-04-27,42.354,42.991,41.106,41.977,592372,,,-0.8901,hfq
2026-04-28,39.572,40.729,38.506,38.961,704703,,,-7.1849,hfq
2026-04-29,38.337,40.313,37.791,38.597,503990,,,-0.9343,hfq
2026-04-30,38.649,39.000,36.712,37.700,448393,,,-2.3240,hfq
2026-05-06,38.948,40.612,38.948,39.494,529924,,,4.7586,hfq
2026-05-07,40.040,42.107,39.806,41.600,497662,,,5.3325,hfq
2026-05-08,40.729,44.148,40.638,42.705,568624,,,2.6562,hfq
2026-05-11,44.122,44.356,40.833,41.392,613334,,,-3.0746,hfq
2026-05-12,41.912,42.016,39.767,39.871,429867,,,-3.6746,hfq
2026-05-13,39.637,42.510,39.273,41.717,514958,,,4.6299,hfq
2026-05-14,42.029,42.081,39.832,40.612,466217,,,-2.6488,hfq
2026-05-15,40.586,43.212,40.482,41.457,669286,,,2.0807,hfq
2026-05-18,41.912,42.952,41.457,42.601,638084,,,2.7595,hfq
2026-05-19,42.302,45.929,41.925,44.317,753883,,,4.0281,hfq
2026-05-20,43.875,45.812,42.692,42.913,581029,,,-3.1681,hfq
2026-05-21,43.043,43.563,39.767,39.858,517206,,,-7.1191,hfq
2026-05-22,40.300,41.158,39.455,40.768,358124,,,2.2831,hfq
2026-05-25,41.158,41.522,36.790,36.790,397558,,,-9.7577,hfq
2026-05-26,35.230,36.517,33.761,35.074,642928,,,-4.6643,hfq
2026-05-27,34.736,34.996,32.487,33.033,429784,,,-5.8191,hfq
2026-05-28,33.072,33.813,31.889,33.137,336730,,,0.3148,hfq
2026-05-29,33.202,33.202,30.888,31.304,327829,,,-5.5316,hfq
2026-06-01,30.901,31.668,30.719,30.875,211731,,,-1.3704,hfq
2026-06-02,31.096,31.252,29.835,30.446,202655,,,-1.3895,hfq
2026-06-03,30.277,31.577,30.147,30.836,296904,,,1.2810,hfq
2026-06-04,30.342,30.901,30.095,30.693,209157,,,-0.4637,hfq
2026-06-05,30.732,31.434,29.666,30.563,280846,,,-0.4235,hfq
2026-06-08,29.237,30.303,28.925,29.562,263658,,,-3.2752,hfq
2026-06-09,29.887,30.056,29.302,29.952,203014,,,1.3193,hfq
2026-06-10,32.162,32.851,31.642,32.851,239624,,,9.6788,hfq
2026-06-11,32.812,32.812,30.394,30.693,546134,,,-6.5691,hfq
2026-06-12,31.265,31.369,30.056,30.108,342441,,,-1.9060,hfq
2026-06-15,30.381,32.097,30.342,32.006,368599,,,6.3040,hfq
2026-06-16,31.707,32.838,31.694,32.643,316763,,,1.9903,hfq
2026-06-17,32.292,33.527,32.032,32.513,325904,,,-0.3982,hfq
2026-06-18,32.565,34.112,32.565,33.748,368382,,,3.7985,hfq
2026-06-22,33.241,34.632,33.202,34.151,349461,,,1.1941,hfq
2026-06-23,34.047,34.047,32.045,32.240,305073,,,-5.5957,hfq
2026-06-24,32.240,32.721,31.161,32.409,221404,,,0.5242,hfq
2026-06-25,32.110,32.331,31.005,31.226,236217,,,-3.6502,hfq
2026-06-26,30.862,30.862,29.081,29.107,246081,,,-6.7860,hfq
2026-06-29,28.912,29.263,27.638,27.755,215095,,,-4.6449,hfq
2026-06-30,28.080,29.302,27.612,28.743,187960,,,3.5597,hfq
2026-07-01,29.003,29.835,28.158,28.925,218215,,,0.6332,hfq
2026-07-02,28.444,29.094,27.872,27.989,177312,,,-3.2360,hfq
2026-07-03,27.677,28.457,27.677,28.106,136984,,,0.4180,hfq
2026-07-06,28.392,28.392,26.702,26.858,185766,,,-4.4403,hfq
2026-07-07,27.027,27.027,25.506,25.662,161311,,,-4.4530,hfq
2026-07-08,25.727,26.793,25.402,26.104,185006,,,1.7224,hfq
2026-07-09,26.195,26.663,25.246,26.637,199484,,,2.0418,hfq
2026-07-10,26.429,28.769,26.312,27.755,293957,,,4.1972,hfq
2026-07-13,27.573,29.042,26.234,26.351,207489,,,-5.0585,hfq
2026-07-14,26.143,26.637,25.090,25.896,165579,,,-1.7267,hfq
2026-07-15,25.272,25.961,24.362,24.570,206463,,,-5.1205,hfq
2026-07-16,24.206,25.766,24.063,24.882,188219,,,1.2698,hfq
2026-07-17,24.765,24.765,22.906,23.296,192260,,,-6.3741,hfq
2026-07-20,24.050,25.116,23.192,23.907,248804,,,2.6228,hfq
2026-07-21,23.894,24.622,22.373,24.622,255312,,,2.9908,hfq
2026-07-22,24.518,25.792,24.375,25.090,239541,,,1.9007,hfq
2026-07-23,25.077,26.130,24.856,25.714,240814,,,2.4870,hfq
2026-07-24,25.116,25.545,24.557,24.661,139143,,,-4.0950,hfq
2026-07-27,24.453,25.103,24.193,25.103,116296,,,1.7923,hfq
2026-07-28,24.661,25.207,24.453,24.856,104878,,,-0.9839,hfq
2026-07-29,24.843,24.869,23.855,24.700,149257,,,-0.6276,hfq
2026-07-30,24.427,24.700,23.543,23.556,134435,,,-4.6316,hfq
2026-07-31,24.232,25.233,24.219,24.739,210514,,,5.0221,hfq
2026-08-03,24.778,25.857,24.778,25.597,170692,,,3.4682,hfq
2026-08-04,25.506,25.987,23.803,25.792,488526,,,0.7618,hfq
2026-08-05,25.402,26.871,25.272,26.507,396460,,,2.7722,hfq
2026-08-06,26.143,28.327,26.117,27.430,542115,,,3.4821,hfq
2026-08-07,27.222,27.313,26.156,26.689,406857,,,-2.7014,hfq
2026-08-10,26.533,26.624,25.714,26.052,279467,,,-2.3868,hfq
2026-08-11,26.520,26.572,25.376,25.818,221853,,,-0.8982,hfq
2026-08-12,26.208,27.586,25.844,26.611,458931,,,3.0715,hfq
2026-08-13,27.378,28.054,26.676,26.780,510122,,,0.6351,hfq
2026-08-14,27.040,27.833,26.364,27.495,490695,,,2.6699,hfq
2026-08-17,27.495,28.353,27.235,27.885,477918,,,1.4184,hfq
2026-08-18,27.638,27.677,26.793,27.092,327821,,,-2.8438,hfq
2026-08-19,26.299,26.442,24.557,24.726,335894,,,-8.7332,hfq
2026-08-20,25.077,25.129,24.128,24.310,218915,,,-1.6824,hfq
2026-08-21,24.076,25.415,23.816,25.064,261003,,,3.1016,hfq
2026-08-24,25.064,25.077,24.323,24.622,181098,,,-1.7635,hfq
2026-08-25,24.453,25.311,24.193,25.155,186240,,,2.1647,hfq
2026-08-26,25.415,25.818,24.999,25.233,151914,,,0.3101,hfq
2026-08-27,25.272,25.662,25.038,25.636,187638,,,1.5971,hfq
2026-08-28,25.467,25.857,25.103,25.142,193029,,,-1.9270,hfq
2026-08-31,24.583,25.688,24.492,25.610,168618,,,1.8614,hfq
2026-09-01,26.000,26.039,25.064,25.116,166935,,,-1.9289,hfq
2026-09-02,24.778,25.298,24.661,25.012,125536,,,-0.4141,hfq
2026-09-03,25.168,25.454,24.804,25.077,125920,,,0.2599,hfq
2026-09-04,25.298,25.948,24.713,24.882,249595,,,-0.7776,hfq
2026-09-07,24.999,25.415,24.791,25.246,151943,,,1.4629,hfq
2026-09-08,25.324,25.844,25.012,25.155,206420,,,-0.3605,hfq
2026-09-09,25.142,25.701,24.726,25.298,220850,,,0.5685,hfq
2026-09-10,25.142,25.285,24.622,24.856,156897,,,-1.7472,hfq
2026-09-11,24.973,25.103,23.998,24.336,176680,,,-2.0921,hfq
2026-09-14,24.141,24.583,23.959,24.453,126650,,,0.4808,hfq
2026-09-15,24.583,24.713,23.647,23.673,157443,,,-3.1898,hfq
2026-09-16,23.647,24.635,23.452,24.544,207475,,,3.6793,hfq
2026-09-17,24.479,24.765,24.219,24.362,93840,,,-0.7415,hfq
2026-09-18,24.687,24.973,24.648,24.791,149689,,,1.7609,hfq
