trade_date,open,high,low,close,volume,amount,turnover,pct_change,adjust
2019-07-22,59.100,60.280,30.000,50.200,41500370,,,,hfq
2019-07-23,40.160,47.500,40.010,43.890,16246441,,,-12.5697,hfq
2019-07-24,43.900,46.970,43.900,46.720,15037043,,,6.4479,hfq
2019-07-25,48.000,51.320,47.620,49.070,19287488,,,5.0300,hfq
2019-07-26,48.200,48.200,45.050,45.230,12375178,,,-7.8256,hfq
2019-07-29,45.970,50.200,45.780,50.200,15455151,,,10.9883,hfq
2019-07-30,50.700,51.750,48.660,50.410,17942122,,,0.4183,hfq
2019-07-31,50.800,52.880,49.820,51.930,15872475,,,3.0153,hfq
2019-08-01,52.500,57.700,52.030,57.600,22384236,,,10.9185,hfq
2019-08-02,62.000,69.120,60.880,69.120,29420620,,,20.0000,hfq
2019-08-05,73.000,75.250,67.500,72.150,27739479,,,4.3837,hfq
2019-08-06,68.000,74.560,59.770,62.980,28111063,,,-12.7096,hfq
2019-08-07,65.000,66.000,60.800,65.500,16748959,,,4.0013,hfq
2019-08-08,66.000,70.500,63.180,63.500,18205137,,,-3.0534,hfq
2019-08-09,63.770,64.000,58.880,59.510,14516814,,,-6.2835,hfq
2019-08-12,59.500,60.020,53.980,56.500,12398359,,,-5.0580,hfq
2019-08-13,56.000,58.500,55.300,58.460,11565889,,,3.4690,hfq
2019-08-14,59.880,60.180,58.010,58.590,10698291,,,0.2224,hfq
2019-08-15,56.400,59.610,56.020,59.070,8695849,,,0.8193,hfq
2019-08-16,59.580,60.220,58.060,58.840,9320979,,,-0.3894,hfq
2019-08-19,58.940,60.130,57.010,59.700,10011671,,,1.4616,hfq
2019-08-20,59.230,59.660,57.750,57.770,7203429,,,-3.2328,hfq
2019-08-21,57.360,57.550,52.000,52.270,12240644,,,-9.5205,hfq
2019-08-22,52.270,53.160,50.350,51.150,6606231,,,-2.1427,hfq
2019-08-23,51.430,51.880,45.560,47.760,10476325,,,-6.6276,hfq
2019-08-26,47.150,49.000,47.150,48.460,5737876,,,1.4657,hfq
2019-08-27,48.770,49.240,47.400,48.950,5319330,,,1.0111,hfq
2019-08-28,48.680,49.600,47.370,47.450,5837428,,,-3.0644,hfq
2019-08-29,47.110,48.560,45.280,48.110,7592065,,,1.3909,hfq
2019-08-30,48.320,49.700,47.650,48.690,7600253,,,1.2056,hfq
2019-09-02,49.550,49.880,48.500,49.430,5466231,,,1.5198,hfq
2019-09-03,49.210,54.620,48.700,53.380,11166886,,,7.9911,hfq
2019-09-04,53.300,55.200,51.710,52.120,8590130,,,-2.3604,hfq
2019-09-05,53.050,54.200,52.380,53.540,7811049,,,2.7245,hfq
2019-09-06,52.900,53.780,50.530,50.690,7172819,,,-5.3231,hfq
2019-09-09,51.440,51.750,50.330,51.220,4694309,,,1.0456,hfq
2019-09-10,51.210,52.900,51.100,51.890,5291779,,,1.3081,hfq
2019-09-11,51.500,52.670,51.010,52.250,4934111,,,0.6938,hfq
2019-09-12,52.200,52.380,49.360,50.010,6389002,,,-4.2871,hfq
2019-09-16,50.050,50.550,49.450,49.880,3001088,,,-0.2599,hfq
2019-09-17,49.520,50.070,48.010,48.090,3152363,,,-3.5886,hfq
2019-09-18,48.760,48.760,46.300,47.030,3783218,,,-2.2042,hfq
2019-09-19,46.950,48.960,46.600,47.860,3802561,,,1.7648,hfq
2019-09-20,47.610,48.290,47.290,47.910,2334833,,,0.1045,hfq
2019-09-23,47.690,47.990,46.880,47.170,2519499,,,-1.5446,hfq
2019-09-24,47.170,49.240,47.000,49.080,5593885,,,4.0492,hfq
2019-09-25,49.330,49.800,47.010,47.350,3761083,,,-3.5249,hfq
2019-09-26,47.400,47.980,43.000,43.110,5066995,,,-8.9546,hfq
2019-09-27,43.110,44.500,42.640,43.500,2732893,,,0.9047,hfq
2019-09-30,43.320,43.320,40.500,40.670,3491821,,,-6.5057,hfq
2019-10-08,40.250,40.780,38.250,38.520,2970772,,,-5.2865,hfq
2019-10-09,38.800,40.400,38.340,39.850,2681431,,,3.4528,hfq
2019-10-10,40.180,40.330,39.390,40.030,2375667,,,0.4517,hfq
2019-10-11,40.010,40.220,39.380,39.400,1861096,,,-1.5738,hfq
2019-10-14,39.590,40.640,39.200,40.390,2425319,,,2.5127,hfq
2019-10-15,40.080,40.650,39.350,39.500,1717041,,,-2.2035,hfq
2019-10-16,39.510,39.840,37.910,37.950,2536318,,,-3.9241,hfq
2019-10-17,37.710,39.080,37.710,38.180,2595741,,,0.6061,hfq
2019-10-18,38.410,40.280,38.250,39.210,3708327,,,2.6977,hfq
2019-10-21,38.830,38.950,36.750,37.540,2794779,,,-4.2591,hfq
2019-10-22,37.680,38.370,37.540,37.870,1742847,,,0.8791,hfq
2019-10-23,37.900,41.000,37.880,40.300,4694762,,,6.4167,hfq
2019-10-24,39.610,40.880,39.500,39.720,3826415,,,-1.4392,hfq
2019-10-25,39.660,39.870,38.080,38.780,2680957,,,-2.3666,hfq
2019-10-28,39.000,40.020,38.560,39.790,2457088,,,2.6044,hfq
2019-10-29,40.400,42.320,39.950,39.960,5197228,,,0.4272,hfq
2019-10-30,39.180,39.800,38.120,38.390,3104612,,,-3.9289,hfq
2019-10-31,38.500,38.750,36.360,36.490,3229289,,,-4.9492,hfq
2019-11-01,36.540,36.970,35.810,36.690,2295957,,,0.5481,hfq
2019-11-04,37.000,37.480,36.380,36.510,2925854,,,-0.4906,hfq
2019-11-05,36.480,36.480,34.920,35.150,3270016,,,-3.7250,hfq
2019-11-06,35.170,35.690,34.560,34.560,2103123,,,-1.6785,hfq
2019-11-07,34.680,35.050,34.030,34.750,2352550,,,0.5498,hfq
2019-11-08,34.870,35.670,34.800,34.990,2509440,,,0.6906,hfq
2019-11-11,34.770,34.770,32.280,32.600,2964034,,,-6.8305,hfq
2019-11-12,32.820,33.070,32.420,32.800,1707100,,,0.6135,hfq
2019-11-13,32.950,33.490,32.800,32.980,1985196,,,0.5488,hfq
2019-11-14,32.980,34.150,32.550,33.820,2844274,,,2.5470,hfq
2019-11-15,33.580,34.940,33.410,34.120,2788613,,,0.8870,hfq
2019-11-18,34.120,34.570,33.510,33.840,1498258,,,-0.8206,hfq
2019-11-19,33.630,34.190,33.620,34.150,1381423,,,0.9161,hfq
2019-11-20,34.290,34.300,32.590,32.850,2288150,,,-3.8067,hfq
2019-11-21,32.800,32.800,31.910,32.010,1739589,,,-2.5571,hfq
2019-11-22,32.290,32.660,31.720,32.050,1395870,,,0.1250,hfq
2019-11-25,31.990,32.270,30.700,30.960,1382931,,,-3.4009,hfq
2019-11-26,30.990,31.580,30.940,31.130,880563,,,0.5491,hfq
2019-11-27,31.130,31.560,31.000,31.290,977102,,,0.5140,hfq
2019-11-28,31.330,32.300,31.300,31.670,1438809,,,1.2144,hfq
2019-11-29,31.600,32.290,31.500,32.290,1452978,,,1.9577,hfq
2019-12-02,32.300,32.580,31.800,31.840,1535454,,,-1.3936,hfq
2019-12-03,31.580,31.580,30.200,30.930,1632337,,,-2.8580,hfq
2019-12-04,30.700,31.860,30.650,31.080,1447739,,,0.4850,hfq
2019-12-05,31.170,31.380,30.880,31.240,1334766,,,0.5148,hfq
2019-12-06,31.320,31.840,31.180,31.500,1402355,,,0.8323,hfq
2019-12-09,31.900,34.100,31.900,33.990,5219386,,,7.9048,hfq
2019-12-10,33.810,37.990,33.500,36.800,9580789,,,8.2671,hfq
2019-12-11,36.000,37.800,34.890,35.300,6044550,,,-4.0761,hfq
2019-12-12,35.350,36.770,35.210,35.520,3998127,,,0.6232,hfq
2019-12-13,35.980,36.170,34.510,35.130,2994692,,,-1.0980,hfq
2019-12-16,35.300,36.160,35.130,36.140,2963212,,,2.8750,hfq
2019-12-17,36.350,37.580,36.350,37.210,4099058,,,2.9607,hfq
2019-12-18,38.050,40.470,38.050,38.910,7195337,,,4.5687,hfq
2019-12-19,38.390,38.800,37.400,38.030,4146648,,,-2.2616,hfq
2019-12-20,38.060,38.880,37.590,37.600,2870980,,,-1.1307,hfq
2019-12-23,38.800,39.850,37.000,37.000,4774098,,,-1.5957,hfq
2019-12-24,37.010,37.800,36.350,37.800,3150090,,,2.1622,hfq
2019-12-25,37.510,39.500,37.510,39.490,5721586,,,4.4709,hfq
2019-12-26,39.490,40.370,38.650,39.560,5011145,,,0.1773,hfq
2019-12-27,39.660,40.230,38.500,38.780,3367947,,,-1.9717,hfq
2019-12-30,38.000,38.400,36.880,38.030,2478656,,,-1.9340,hfq
2019-12-31,38.000,38.660,37.860,38.090,1933109,,,0.1578,hfq
2020-01-02,38.250,39.250,38.150,38.970,2515263,,,2.3103,hfq
2020-01-03,39.020,39.780,38.950,39.490,2663710,,,1.3344,hfq
2020-01-06,39.480,40.860,38.980,40.180,3925829,,,1.7473,hfq
2020-01-07,40.350,40.610,39.000,40.130,3270013,,,-0.1244,hfq
2020-01-08,39.970,41.700,39.650,40.900,4723370,,,1.9188,hfq
2020-01-09,41.080,42.190,40.810,41.000,3630189,,,0.2445,hfq
2020-01-10,41.200,41.340,39.740,40.200,3057766,,,-1.9512,hfq
2020-01-13,39.990,40.990,39.280,40.990,2811264,,,1.9652,hfq
2020-01-14,41.090,43.540,41.000,42.750,6032254,,,4.2937,hfq
2020-01-15,42.420,42.780,41.230,41.560,3417813,,,-2.7836,hfq
2020-01-16,41.810,44.870,41.550,43.700,6948159,,,5.1492,hfq
2020-01-17,44.660,52.400,43.930,51.000,12103321,,,16.7048,hfq
2020-01-20,50.700,50.800,45.510,48.340,9723585,,,-5.2157,hfq
2020-01-21,47.890,55.770,47.090,53.040,11110967,,,9.7228,hfq
2020-01-22,52.000,53.770,47.300,51.500,10349515,,,-2.9035,hfq
2020-01-23,51.000,55.000,48.500,50.000,8342791,,,-2.9126,hfq
2020-02-03,41.710,44.000,40.000,40.000,8982305,,,-20.0000,hfq
2020-02-04,41.300,46.580,41.300,45.220,9823665,,,13.0500,hfq
2020-02-05,47.890,52.220,47.400,51.900,11840941,,,14.7722,hfq
2020-02-06,54.400,54.400,50.050,52.350,12352867,,,0.8671,hfq
2020-02-07,54.500,57.830,53.000,54.370,12980431,,,3.8586,hfq
2020-02-10,53.400,56.760,53.050,56.000,9605812,,,2.9980,hfq
2020-02-11,54.780,55.450,50.230,51.750,8783097,,,-7.5893,hfq
2020-02-12,51.460,54.000,51.030,53.080,6548745,,,2.5700,hfq
2020-02-13,53.160,55.500,53.000,53.200,7553472,,,0.2261,hfq
2020-02-14,53.530,53.600,49.500,50.550,8049220,,,-4.9812,hfq
2020-02-17,50.650,52.760,50.650,52.210,6411190,,,3.2839,hfq
2020-02-18,54.200,54.830,52.000,52.490,6345209,,,0.5363,hfq
2020-02-19,52.490,52.490,50.500,50.550,5954893,,,-3.6959,hfq
2020-02-20,50.600,51.500,47.500,49.100,6448788,,,-2.8684,hfq
2020-02-21,49.340,49.980,48.170,49.760,5089393,,,1.3442,hfq
2020-02-24,49.920,49.920,48.300,49.560,4417332,,,-0.4019,hfq
2020-02-25,48.300,50.500,48.000,50.490,5684950,,,1.8765,hfq
2020-02-26,50.100,52.880,48.800,49.250,7260329,,,-2.4559,hfq
2020-02-27,49.500,49.960,45.590,46.300,5254987,,,-5.9898,hfq
2020-02-28,44.100,45.670,43.410,43.550,4193719,,,-5.9395,hfq
2020-03-02,44.400,48.670,44.400,48.180,5133488,,,10.6315,hfq
2020-03-03,49.850,49.960,48.280,48.700,4948474,,,1.0793,hfq
2020-03-04,48.300,48.800,45.900,47.900,3539599,,,-1.6427,hfq
2020-03-05,48.920,49.200,47.300,47.740,2720201,,,-0.3340,hfq
2020-03-06,47.000,47.380,45.840,46.800,3420167,,,-1.9690,hfq
2020-03-09,45.820,45.820,44.120,44.250,2926356,,,-5.4487,hfq
2020-03-10,43.000,45.220,42.390,45.200,3490967,,,2.1469,hfq
2020-03-11,45.790,46.300,43.600,43.680,2701705,,,-3.3628,hfq
2020-03-12,45.500,45.790,44.210,44.640,3819142,,,2.1978,hfq
2020-03-13,41.210,44.870,41.180,44.250,3292981,,,-0.8737,hfq
2020-03-16,44.900,45.860,42.050,42.070,2894359,,,-4.9266,hfq
2020-03-17,42.170,43.500,39.360,41.500,2508790,,,-1.3549,hfq
2020-03-18,42.010,42.800,40.160,40.240,2300953,,,-3.0361,hfq
2020-03-19,40.680,41.270,38.990,40.720,2368167,,,1.1928,hfq
2020-03-20,40.580,41.880,40.580,41.270,1831638,,,1.3507,hfq
2020-03-23,40.200,40.740,37.410,37.950,2691905,,,-8.0446,hfq
2020-03-24,38.990,39.320,36.690,38.560,1604717,,,1.6074,hfq
2020-03-25,39.550,40.650,39.530,39.970,2071490,,,3.6566,hfq
2020-03-26,39.670,40.400,39.330,40.120,1413445,,,0.3753,hfq
2020-03-27,40.870,40.960,40.020,40.110,1233119,,,-0.0249,hfq
2020-03-30,39.350,39.700,37.350,38.690,1887068,,,-3.5403,hfq
2020-03-31,39.080,39.400,37.910,38.360,1497529,,,-0.8529,hfq
2020-04-01,38.360,39.280,38.010,38.850,1785026,,,1.2774,hfq
2020-04-02,38.830,40.800,38.560,40.700,1612622,,,4.7619,hfq
2020-04-03,40.700,40.940,40.000,40.180,1061550,,,-1.2776,hfq
2020-04-07,41.000,42.780,41.000,42.530,2351863,,,5.8487,hfq
2020-04-08,42.000,43.680,41.810,42.970,1739424,,,1.0346,hfq
2020-04-09,43.300,43.470,42.140,42.300,1895262,,,-1.5592,hfq
2020-04-10,42.360,42.800,40.700,41.310,1270207,,,-2.3404,hfq
2020-04-13,41.200,41.200,40.260,41.110,853559,,,-0.4841,hfq
2020-04-14,41.130,42.200,41.130,42.170,754783,,,2.5784,hfq
2020-04-15,42.210,42.650,41.560,41.620,987629,,,-1.3042,hfq
2020-04-16,41.070,42.090,41.070,41.900,858016,,,0.6728,hfq
2020-04-17,42.350,42.840,41.990,42.100,1328475,,,0.4773,hfq
2020-04-20,42.190,42.700,42.110,42.380,1069856,,,0.6651,hfq
2020-04-21,42.390,42.400,41.180,41.730,965640,,,-1.5337,hfq
2020-04-22,41.020,43.290,41.020,42.950,1641676,,,2.9236,hfq
2020-04-23,43.400,44.560,42.610,43.510,1836453,,,1.3038,hfq
2020-04-24,43.790,44.250,43.210,43.810,1573788,,,0.6895,hfq
2020-04-27,44.410,45.880,44.410,45.550,2476339,,,3.9717,hfq
2020-04-28,46.100,46.230,41.000,46.230,3629827,,,1.4929,hfq
2020-04-29,47.000,47.080,44.430,44.580,3076976,,,-3.5691,hfq
2020-04-30,45.100,47.270,44.800,46.700,3399581,,,4.7555,hfq
2020-05-06,46.000,49.970,45.610,49.660,4361544,,,6.3383,hfq
2020-05-07,49.000,49.700,48.080,48.210,2815947,,,-2.9199,hfq
2020-05-08,48.500,50.260,48.200,48.360,3339752,,,0.3111,hfq
2020-05-11,48.550,48.940,47.080,47.710,2143911,,,-1.3441,hfq
2020-05-12,47.600,48.180,46.410,47.470,1720161,,,-0.5030,hfq
2020-05-13,47.390,48.140,47.200,47.730,1719914,,,0.5477,hfq
2020-05-14,47.420,48.660,47.110,47.210,1857683,,,-1.0895,hfq
2020-05-15,47.300,48.500,46.800,47.690,2107290,,,1.0167,hfq
2020-05-18,48.600,48.970,47.210,47.340,2515435,,,-0.7339,hfq
2020-05-19,47.800,48.700,47.730,48.270,2620723,,,1.9645,hfq
2020-05-20,48.330,51.200,48.300,49.100,4612758,,,1.7195,hfq
2020-05-21,49.090,49.800,46.020,46.160,3180813,,,-5.9878,hfq
2020-05-22,45.800,46.880,44.440,44.610,2134487,,,-3.3579,hfq
2020-05-25,45.010,45.300,43.100,43.710,1375446,,,-2.0175,hfq
2020-05-26,43.630,46.920,43.630,46.580,2134227,,,6.5660,hfq
2020-05-27,46.400,46.740,45.500,45.660,1545831,,,-1.9751,hfq
2020-05-28,45.600,46.220,43.700,44.720,1441622,,,-2.0587,hfq
2020-05-29,44.440,46.160,44.440,44.830,1204728,,,0.2460,hfq
2020-06-01,45.120,48.100,45.120,47.570,2828665,,,6.1120,hfq
2020-06-02,47.700,48.680,47.280,48.010,2361128,,,0.9250,hfq
2020-06-03,47.480,48.760,47.300,47.480,2136069,,,-1.1039,hfq
2020-06-04,47.700,48.750,47.310,48.480,2835861,,,2.1061,hfq
2020-06-05,48.860,48.930,47.800,48.130,2085010,,,-0.7219,hfq
2020-06-08,48.380,49.800,47.100,47.480,2559330,,,-1.3505,hfq
2020-06-09,47.010,47.700,45.480,45.880,2884334,,,-3.3698,hfq
2020-06-10,45.946,46.666,45.046,46.446,1574634,,,1.2337,hfq
2020-06-11,46.426,46.826,45.586,45.616,1839804,,,-1.7870,hfq
2020-06-12,45.346,46.696,44.906,45.826,2381498,,,0.4604,hfq
2020-06-15,45.776,46.686,45.246,45.926,1990742,,,0.2182,hfq
2020-06-16,45.966,48.426,45.956,48.346,3087458,,,5.2693,hfq
2020-06-17,48.536,49.396,47.446,49.056,3532814,,,1.4686,hfq
2020-06-18,48.846,49.526,47.996,48.386,2310573,,,-1.3658,hfq
2020-06-19,48.186,48.836,47.606,48.136,1846221,,,-0.5167,hfq
2020-06-22,50.026,50.836,48.716,49.366,3315289,,,2.5553,hfq
2020-06-23,48.896,49.366,48.056,48.846,1988667,,,-1.0534,hfq
2020-06-24,49.146,50.946,48.416,50.706,4376726,,,3.8079,hfq
2020-06-29,51.926,52.566,49.936,50.196,4161786,,,-1.0058,hfq
2020-06-30,50.476,51.726,50.336,51.026,3322098,,,1.6535,hfq
2020-07-01,51.246,54.336,50.926,52.846,5784169,,,3.5668,hfq
2020-07-02,52.946,57.716,52.396,56.666,7950924,,,7.2286,hfq
2020-07-03,56.806,57.646,55.046,56.006,4870358,,,-1.1647,hfq
2020-07-06,56.246,62.016,56.146,59.326,7125218,,,5.9279,hfq
2020-07-07,60.046,67.926,59.466,63.946,7974126,,,7.7875,hfq
2020-07-08,65.546,65.546,61.946,64.726,4817347,,,1.2198,hfq
2020-07-09,63.946,74.516,63.946,71.266,8543293,,,10.1041,hfq
2020-07-10,69.846,76.736,69.846,72.676,7369955,,,1.9785,hfq
2020-07-13,71.346,75.616,67.046,73.836,6985469,,,1.5961,hfq
2020-07-14,72.526,73.056,66.836,68.486,5604720,,,-7.2458,hfq
2020-07-15,69.246,72.746,67.046,71.196,6264752,,,3.9570,hfq
2020-07-16,68.056,69.986,59.046,61.546,5654397,,,-13.5541,hfq
2020-07-17,61.546,64.326,61.306,62.536,3024420,,,1.6086,hfq
2020-07-20,70.946,72.046,66.146,68.846,8304500,,,10.0902,hfq
2020-07-21,67.446,69.626,64.456,65.296,6425431,,,-5.1564,hfq
2020-07-22,61.686,68.646,61.686,65.306,20207704,,,0.0153,hfq
2020-07-23,66.046,69.546,66.046,68.736,16025030,,,5.2522,hfq
2020-07-24,69.046,69.746,65.046,67.246,13209108,,,-2.1677,hfq
2020-07-27,69.046,71.546,67.546,70.036,12685896,,,4.1489,hfq
2020-07-28,72.046,80.546,70.216,76.046,19604935,,,8.5813,hfq
2020-07-29,76.046,80.546,74.346,79.536,15524634,,,4.5893,hfq
2020-07-30,79.696,85.936,77.846,78.886,16299431,,,-0.8172,hfq
2020-07-31,79.246,81.336,76.496,79.146,10721295,,,0.3296,hfq
2020-08-03,81.046,91.876,80.226,91.846,18120786,,,16.0463,hfq
2020-08-04,93.106,94.426,88.846,93.836,12285341,,,2.1667,hfq
2020-08-05,96.746,97.546,91.376,93.706,9070173,,,-0.1385,hfq
2020-08-06,92.296,100.646,92.296,95.006,12177706,,,1.3873,hfq
2020-08-07,94.046,97.536,88.876,91.346,10415317,,,-3.8524,hfq
2020-08-10,90.956,99.866,90.956,91.466,11554124,,,0.1314,hfq
2020-08-11,91.726,97.726,89.346,92.046,9454904,,,0.6341,hfq
2020-08-12,92.546,92.546,79.846,84.776,13222621,,,-7.8982,hfq
2020-08-13,85.346,88.646,84.556,86.046,7649292,,,1.4981,hfq
2020-08-14,86.546,89.846,84.336,88.856,6299398,,,3.2657,hfq
2020-08-17,90.546,91.146,86.106,89.046,6292161,,,0.2138,hfq
2020-08-18,88.126,92.966,88.126,89.446,6034671,,,0.4492,hfq
2020-08-19,89.646,90.606,82.516,82.516,8698046,,,-7.7477,hfq
2020-08-20,82.246,84.936,80.646,81.456,5006654,,,-1.2846,hfq
2020-08-21,82.626,84.406,81.386,81.656,4082086,,,0.2455,hfq
2020-08-24,82.636,82.736,76.286,80.786,7776715,,,-1.0654,hfq
2020-08-25,80.586,83.526,80.426,80.756,5410952,,,-0.0371,hfq
2020-08-26,80.916,82.596,77.096,78.556,5364753,,,-2.7243,hfq
2020-08-27,79.326,81.456,78.406,79.256,5252724,,,0.8911,hfq
2020-08-28,79.746,80.816,76.246,80.236,5849259,,,1.2365,hfq
2020-08-31,81.126,84.416,80.876,82.376,6881894,,,2.6671,hfq
2020-09-01,82.376,87.276,82.106,85.426,7774485,,,3.7025,hfq
2020-09-02,84.946,86.036,81.746,82.186,5432065,,,-3.7928,hfq
2020-09-03,82.346,83.696,81.746,82.246,3251456,,,0.0730,hfq
2020-09-04,80.546,84.546,80.546,83.946,4800211,,,2.0670,hfq
2020-09-07,83.786,87.226,82.206,85.546,7080630,,,1.9060,hfq
2020-09-08,85.076,85.526,79.276,83.696,5352323,,,-2.1626,hfq
2020-09-09,82.656,83.266,78.036,79.706,5950363,,,-4.7673,hfq
2020-09-10,80.846,81.046,74.376,75.046,6237389,,,-5.8465,hfq
2020-09-11,74.956,77.646,74.766,76.426,3238850,,,1.8389,hfq
2020-09-14,77.706,80.296,76.976,78.986,3767836,,,3.3496,hfq
2020-09-15,79.046,80.926,77.786,79.746,2611454,,,0.9622,hfq
2020-09-16,79.906,83.296,79.276,81.096,3922986,,,1.6929,hfq
2020-09-17,81.066,85.036,79.166,83.516,5541673,,,2.9841,hfq
2020-09-18,83.546,86.146,83.116,85.646,4846287,,,2.5504,hfq
2020-09-21,85.646,85.896,83.496,84.046,4578253,,,-1.8682,hfq
2020-09-22,83.046,85.426,81.206,83.766,3203587,,,-0.3332,hfq
2020-09-23,84.636,85.706,82.946,84.426,3651103,,,0.7879,hfq
2020-09-24,83.846,84.416,80.706,81.746,3069610,,,-3.1744,hfq
2020-09-25,82.556,83.296,80.546,81.346,1866942,,,-0.4893,hfq
2020-09-28,81.456,82.336,79.726,79.846,2856293,,,-1.8440,hfq
2020-09-29,80.246,85.946,80.246,85.236,4994816,,,6.7505,hfq
2020-09-30,85.296,85.496,83.046,83.636,3431897,,,-1.8771,hfq
2020-10-09,84.746,86.746,84.066,86.746,5006767,,,3.7185,hfq
2020-10-12,86.646,90.596,86.466,90.346,5824780,,,4.1500,hfq
2020-10-13,89.846,95.896,88.226,95.846,5233787,,,6.0877,hfq
2020-10-14,94.246,98.796,92.336,97.676,5500375,,,1.9093,hfq
2020-10-15,96.446,97.426,91.096,91.946,3448789,,,-5.8663,hfq
2020-10-16,91.716,93.616,88.276,89.526,4204644,,,-2.6320,hfq
2020-10-19,90.336,90.346,86.546,87.036,2846768,,,-2.7813,hfq
2020-10-20,87.046,89.046,85.426,88.836,2796828,,,2.0681,hfq
2020-10-21,88.276,88.526,78.246,81.996,8188999,,,-7.6996,hfq
2020-10-22,81.746,83.796,81.346,81.446,2519162,,,-0.6708,hfq
2020-10-23,81.546,82.626,76.006,76.566,4688599,,,-5.9917,hfq
2020-10-26,77.306,80.596,75.856,79.536,2890648,,,3.8790,hfq
2020-10-27,78.976,83.696,78.976,82.026,2587663,,,3.1307,hfq
2020-10-28,82.276,83.926,81.346,83.496,1616033,,,1.7921,hfq
2020-10-29,82.066,83.306,79.976,81.846,2466306,,,-1.9761,hfq
2020-10-30,85.096,88.476,83.046,83.746,6006443,,,2.3214,hfq
2020-11-02,84.466,87.026,80.266,86.326,5799761,,,3.0807,hfq
2020-11-03,85.346,89.526,85.006,85.416,3907566,,,-1.0541,hfq
2020-11-04,86.046,88.136,84.846,87.546,3080254,,,2.4937,hfq
2020-11-05,87.506,88.546,84.436,84.746,4120099,,,-3.1983,hfq
2020-11-06,85.726,85.726,79.346,80.506,4254500,,,-5.0032,hfq
2020-11-09,81.396,86.246,80.546,83.676,5299083,,,3.9376,hfq
2020-11-10,84.286,84.286,78.486,78.576,4749870,,,-6.0949,hfq
2020-11-11,78.926,79.926,77.436,77.886,3372724,,,-0.8781,hfq
2020-11-12,78.846,83.196,77.926,82.746,5309927,,,6.2399,hfq
2020-11-13,81.956,84.846,81.956,84.596,4121639,,,2.2358,hfq
2020-11-16,87.486,88.026,84.366,85.956,4523549,,,1.6076,hfq
2020-11-17,85.706,86.146,82.936,84.046,4007525,,,-2.2221,hfq
2020-11-18,84.846,85.836,83.146,85.826,3133395,,,2.1179,hfq
2020-11-19,85.676,86.926,83.846,86.886,3933104,,,1.2351,hfq
2020-11-20,87.536,88.826,86.256,86.846,3899837,,,-0.0460,hfq
2020-11-23,86.526,86.646,83.926,85.136,4643012,,,-1.9690,hfq
2020-11-24,84.756,88.536,84.226,87.046,4647261,,,2.2435,hfq
2020-11-25,87.086,89.326,86.046,86.096,4967003,,,-1.0914,hfq
2020-11-26,86.596,90.396,86.446,89.146,8305759,,,3.5426,hfq
2020-11-27,89.016,94.526,88.246,92.926,5676196,,,4.2402,hfq
2020-11-30,95.866,95.866,90.526,91.016,4239523,,,-2.0554,hfq
2020-12-01,91.016,96.226,90.196,95.216,5416651,,,4.6146,hfq
2020-12-02,94.056,98.646,94.056,98.316,5777501,,,3.2558,hfq
2020-12-03,98.046,99.246,94.696,97.146,3048122,,,-1.1900,hfq
2020-12-04,98.246,98.546,95.046,98.046,2250555,,,0.9264,hfq
2020-12-07,99.626,103.176,96.146,99.046,5391124,,,1.0199,hfq
2020-12-08,99.046,99.446,94.336,97.316,4815889,,,-1.7467,hfq
2020-12-09,97.586,99.546,97.206,97.946,4110940,,,0.6474,hfq
2020-12-10,96.486,106.546,96.046,105.876,7181428,,,8.0963,hfq
2020-12-11,105.876,111.046,104.716,111.046,8500972,,,4.8831,hfq
2020-12-14,109.046,112.926,107.906,108.476,4729427,,,-2.3144,hfq
2020-12-15,108.476,111.856,106.706,107.686,3329117,,,-0.7283,hfq
2020-12-16,109.296,111.546,108.046,109.446,2289908,,,1.6344,hfq
2020-12-17,109.266,110.526,104.056,107.546,3704653,,,-1.7360,hfq
2020-12-18,107.046,109.446,105.276,107.446,2478493,,,-0.0930,hfq
2020-12-21,109.476,113.846,108.346,109.936,3138702,,,2.3174,hfq
2020-12-22,109.046,113.626,107.486,109.036,3301129,,,-0.8187,hfq
2020-12-23,109.036,113.046,107.046,112.046,3912281,,,2.7606,hfq
2020-12-24,114.016,116.026,106.316,107.136,5065905,,,-4.3821,hfq
2020-12-25,107.546,112.196,106.046,109.596,3879857,,,2.2961,hfq
2020-12-28,110.116,114.416,109.656,113.876,3086142,,,3.9053,hfq
2020-12-29,113.646,117.516,109.496,110.566,3598151,,,-2.9067,hfq
2020-12-30,111.026,115.546,110.006,114.566,2719825,,,3.6177,hfq
2020-12-31,116.006,117.046,108.056,111.046,5428601,,,-3.0725,hfq
2021-01-04,112.046,121.546,111.486,120.536,7854061,,,8.5460,hfq
2021-01-05,120.546,123.366,119.146,122.346,4444657,,,1.5016,hfq
2021-01-06,122.046,122.596,118.246,119.726,3222677,,,-2.1415,hfq
2021-01-07,120.556,123.346,116.416,120.436,4133667,,,0.5930,hfq
2021-01-08,120.046,122.026,99.046,110.866,10798078,,,-7.9461,hfq
2021-01-11,107.846,112.346,103.646,108.056,6662554,,,-2.5346,hfq
2021-01-12,106.976,112.796,105.926,112.046,4134115,,,3.6925,hfq
2021-01-13,112.046,114.436,103.746,108.046,5360061,,,-3.5700,hfq
2021-01-14,107.046,107.046,100.846,102.446,4085658,,,-5.1830,hfq
2021-01-15,104.946,106.626,102.026,105.746,3815972,,,3.2212,hfq
2021-01-18,104.206,111.606,104.206,109.136,3811951,,,3.2058,hfq
2021-01-19,110.016,110.156,102.046,104.946,4365802,,,-3.8392,hfq
2021-01-20,104.556,107.916,104.086,106.686,2663069,,,1.6580,hfq
2021-01-21,108.986,108.986,104.746,106.536,2946920,,,-0.1406,hfq
2021-01-22,106.626,108.596,102.156,107.066,4430445,,,0.4975,hfq
2021-01-25,108.006,115.596,106.556,112.146,5988599,,,4.7447,hfq
2021-01-26,112.016,115.046,106.926,108.626,4227278,,,-3.1388,hfq
2021-01-27,108.626,111.796,106.076,111.796,2783861,,,2.9183,hfq
2021-01-28,111.046,111.856,107.046,110.496,3527399,,,-1.1628,hfq
2021-01-29,108.886,113.696,108.886,113.486,4009694,,,2.7060,hfq
2021-02-01,113.976,117.256,104.226,110.046,5600857,,,-3.0312,hfq
2021-02-02,108.046,110.046,102.746,110.026,6205824,,,-0.0182,hfq
2021-02-03,107.956,109.846,102.556,102.646,4970720,,,-6.7075,hfq
2021-02-04,101.926,102.006,92.846,95.696,9471530,,,-6.7708,hfq
2021-02-05,96.096,99.546,93.546,94.086,4287037,,,-1.6824,hfq
2021-02-08,95.046,100.026,92.546,97.806,3359056,,,3.9538,hfq
2021-02-09,99.046,103.346,98.146,102.546,3745440,,,4.8463,hfq
2021-02-10,102.046,106.576,100.606,105.356,3282412,,,2.7402,hfq
2021-02-18,107.226,107.926,101.916,103.126,2827973,,,-2.1166,hfq
2021-02-19,102.866,104.046,98.466,98.546,3327123,,,-4.4412,hfq
2021-02-22,100.876,103.926,94.276,94.296,3362898,,,-4.3127,hfq
2021-02-23,94.016,99.926,92.566,97.346,4433800,,,3.2345,hfq
2021-02-24,97.886,98.986,96.346,97.646,2452193,,,0.3082,hfq
2021-02-25,96.346,99.546,96.346,98.226,1871213,,,0.5940,hfq
2021-02-26,96.616,101.546,96.616,99.246,3087892,,,1.0384,hfq
2021-03-01,100.246,103.396,98.276,102.146,2737449,,,2.9220,hfq
2021-03-02,102.926,103.576,97.646,98.056,2557874,,,-4.0041,hfq
2021-03-03,98.946,104.646,98.226,103.196,2593279,,,5.2419,hfq
2021-03-04,102.796,103.366,96.266,97.666,3201636,,,-5.3587,hfq
2021-03-05,97.046,99.426,95.846,96.646,2818188,,,-1.0444,hfq
2021-03-08,97.646,98.106,81.326,83.046,10362237,,,-14.0720,hfq
2021-03-09,84.546,84.996,80.056,82.666,5716785,,,-0.4576,hfq
2021-03-10,83.116,86.546,82.026,83.366,3792201,,,0.8468,hfq
2021-03-11,84.836,86.536,82.146,85.846,3158391,,,2.9748,hfq
2021-03-12,86.346,88.166,85.146,87.446,2599155,,,1.8638,hfq
2021-03-15,86.926,87.466,83.446,84.596,3741069,,,-3.2592,hfq
2021-03-16,84.596,85.036,81.706,83.086,2381001,,,-1.7850,hfq
2021-03-17,83.046,86.046,81.846,84.766,2369825,,,2.0220,hfq
2021-03-18,84.646,87.636,84.646,85.526,1619322,,,0.8966,hfq
2021-03-19,85.236,88.686,84.706,88.686,4460753,,,3.6948,hfq
2021-03-22,86.996,89.426,86.066,87.906,2263062,,,-0.8795,hfq
2021-03-23,88.436,89.546,87.366,87.906,1993263,,,0.0000,hfq
2021-03-24,87.376,89.586,86.146,86.706,2607887,,,-1.3651,hfq
2021-03-25,86.936,87.446,85.116,85.656,2164107,,,-1.2110,hfq
2021-03-26,85.386,91.526,85.386,90.396,3162226,,,5.5338,hfq
2021-03-29,91.016,92.006,88.536,89.006,2773862,,,-1.5377,hfq
2021-03-30,88.896,92.316,88.846,91.106,2060047,,,2.3594,hfq
2021-03-31,91.306,91.566,88.346,88.746,1917196,,,-2.5904,hfq
2021-04-01,89.046,90.986,87.766,88.466,1452882,,,-0.3155,hfq
2021-04-02,89.006,92.876,88.146,90.966,2229683,,,2.8259,hfq
2021-04-06,91.636,92.396,87.846,88.966,1209966,,,-2.1986,hfq
2021-04-07,89.426,89.426,86.556,87.846,1480512,,,-1.2589,hfq
2021-04-08,87.296,91.296,85.746,91.146,2166942,,,3.7566,hfq
2021-04-09,90.846,93.046,89.486,92.336,2188254,,,1.3056,hfq
2021-04-12,92.646,94.026,87.336,88.146,2250680,,,-4.5378,hfq
2021-04-13,87.346,90.476,86.756,87.596,2193579,,,-0.6240,hfq
2021-04-14,87.576,88.436,86.046,86.876,1842300,,,-0.8220,hfq
2021-04-15,86.146,87.286,84.646,86.986,1451967,,,0.1266,hfq
2021-04-16,86.746,87.566,83.546,87.006,2092719,,,0.0230,hfq
2021-04-19,86.986,87.306,83.986,84.346,3571951,,,-3.0573,hfq
2021-04-20,85.826,85.826,83.446,83.946,2387103,,,-0.4742,hfq
2021-04-21,83.546,84.426,81.746,82.926,2697889,,,-1.2151,hfq
2021-04-22,83.386,85.306,82.846,84.246,1974616,,,1.5918,hfq
2021-04-23,84.316,87.076,83.446,86.926,2345746,,,3.1812,hfq
2021-04-26,86.946,88.796,85.146,86.146,2276806,,,-0.8973,hfq
2021-04-27,86.946,87.426,84.846,86.206,1529868,,,0.0696,hfq
2021-04-28,86.926,90.546,82.926,90.146,3421721,,,4.5704,hfq
2021-04-29,89.546,92.606,89.226,91.646,2857424,,,1.6640,hfq
2021-04-30,91.546,92.776,88.926,91.896,2302660,,,0.2728,hfq
2021-05-06,92.046,94.506,91.046,92.046,1952450,,,0.1632,hfq
2021-05-07,91.456,93.006,88.936,89.296,2278808,,,-2.9876,hfq
2021-05-10,89.146,93.246,88.316,93.056,3351316,,,4.2107,hfq
2021-05-11,92.146,94.296,90.596,92.646,2242555,,,-0.4406,hfq
2021-05-12,93.546,94.406,86.156,89.536,2947498,,,-3.3569,hfq
2021-05-13,88.446,92.046,88.066,91.356,1734847,,,2.0327,hfq
2021-05-14,91.166,94.046,89.556,93.026,2306246,,,1.8280,hfq
2021-05-17,93.446,98.836,93.056,98.236,3785518,,,5.6006,hfq
2021-05-18,99.046,99.596,96.546,97.766,1213868,,,-0.4784,hfq
2021-05-19,97.706,97.706,95.046,95.956,1520644,,,-1.8514,hfq
2021-05-20,96.696,98.046,94.246,95.546,1721484,,,-0.4273,hfq
2021-05-21,95.346,97.446,94.666,95.246,1588164,,,-0.3140,hfq
2021-05-24,96.506,96.986,91.676,94.006,1898721,,,-1.3019,hfq
2021-05-25,93.126,96.446,92.196,95.636,2478577,,,1.7339,hfq
2021-05-26,95.356,96.206,91.436,91.726,3339849,,,-4.0884,hfq
2021-05-27,92.446,97.846,92.246,97.846,5485922,,,6.6720,hfq
2021-05-28,96.246,97.396,93.416,94.736,3089487,,,-3.1785,hfq
2021-05-31,94.056,100.716,94.056,99.946,4821900,,,5.4995,hfq
2021-06-01,99.846,101.206,96.666,96.956,3702325,,,-2.9916,hfq
2021-06-02,97.046,98.396,95.096,95.766,2792254,,,-1.2274,hfq
2021-06-03,95.546,96.146,93.546,95.066,1976695,,,-0.7309,hfq
2021-06-04,95.046,95.046,90.376,92.246,3707220,,,-2.9664,hfq
2021-06-07,92.896,93.616,87.706,89.546,6335159,,,-2.9270,hfq
2021-06-08,89.046,91.986,87.356,90.856,3715118,,,1.4629,hfq
2021-06-09,91.056,92.996,88.476,88.876,2708368,,,-2.1793,hfq
2021-06-10,88.906,91.646,88.146,91.546,2911099,,,3.0042,hfq
2021-06-11,91.496,93.646,90.156,90.826,3599117,,,-0.7865,hfq
2021-06-15,90.716,91.596,88.046,91.136,3550626,,,0.3413,hfq
2021-06-16,91.916,91.916,85.546,88.736,5048661,,,-2.6334,hfq
2021-06-17,87.626,92.786,87.606,92.376,3681065,,,4.1021,hfq
2021-06-18,93.176,94.176,89.076,91.256,4024966,,,-1.2124,hfq
2021-06-21,90.686,96.846,89.726,95.736,4901662,,,4.9093,hfq
2021-06-22,96.186,96.736,92.626,96.306,3280178,,,0.5954,hfq
2021-06-23,96.586,98.866,94.866,98.456,4176141,,,2.2325,hfq
2021-06-24,98.456,98.946,94.186,95.686,3504072,,,-2.8134,hfq
2021-06-25,96.186,96.886,92.166,94.486,3384561,,,-1.2541,hfq
2021-06-28,93.806,99.286,93.806,98.886,3732281,,,4.6568,hfq
2021-06-29,98.806,101.866,98.056,98.886,3656771,,,0.0000,hfq
2021-06-30,98.886,102.076,97.796,100.016,2858686,,,1.1427,hfq
2021-07-01,100.376,102.516,97.486,99.506,2937635,,,-0.5099,hfq
2021-07-02,94.396,99.486,93.786,93.886,3831278,,,-5.6479,hfq
2021-07-05,93.966,98.856,93.846,97.176,3778410,,,3.5042,hfq
2021-07-06,96.576,104.086,96.566,103.306,6074190,,,6.3081,hfq
2021-07-07,102.686,103.936,100.486,102.386,3532475,,,-0.8906,hfq
2021-07-08,102.066,111.846,102.066,110.386,7473627,,,7.8136,hfq
2021-07-09,109.186,112.406,107.666,108.916,4035338,,,-1.3317,hfq
2021-07-12,109.116,111.166,107.196,109.426,4514275,,,0.4683,hfq
2021-07-13,109.186,110.186,104.686,107.786,2812759,,,-1.4987,hfq
2021-07-14,106.686,107.686,104.186,105.166,2483530,,,-2.4307,hfq
2021-07-15,105.086,105.976,99.386,102.486,4013119,,,-2.5484,hfq
2021-07-16,103.146,108.186,99.686,107.286,4689884,,,4.6836,hfq
2021-07-19,105.386,108.936,104.546,105.306,1988371,,,-1.8455,hfq
2021-07-20,105.286,108.486,104.866,107.366,2517017,,,1.9562,hfq
2021-07-21,107.566,111.296,107.376,110.066,2811942,,,2.5148,hfq
2021-07-22,109.166,111.686,106.186,110.866,2900522,,,0.7268,hfq
2021-07-23,115.186,115.186,109.536,114.746,3953844,,,3.4997,hfq
2021-07-26,114.206,120.186,110.986,119.186,5141765,,,3.8694,hfq
2021-07-27,116.186,120.186,111.186,112.296,4623905,,,-5.7809,hfq
2021-07-28,114.386,114.386,101.186,108.636,4754831,,,-3.2592,hfq
2021-07-29,112.186,115.356,108.636,113.266,4453158,,,4.2619,hfq
2021-07-30,113.086,116.136,111.656,112.876,3893114,,,-0.3443,hfq
2021-08-02,113.026,119.066,112.876,117.676,4218801,,,4.2525,hfq
2021-08-03,116.386,119.316,113.986,116.986,3821771,,,-0.5864,hfq
2021-08-04,116.676,118.186,114.066,115.026,4319119,,,-1.6754,hfq
2021-08-05,115.626,116.836,110.956,113.186,4193329,,,-1.5996,hfq
2021-08-06,112.186,113.986,105.436,108.186,5250713,,,-4.4175,hfq
2021-08-09,107.396,108.686,103.616,108.096,4131059,,,-0.0832,hfq
2021-08-10,107.916,120.486,107.356,114.686,8263407,,,6.0964,hfq
2021-08-11,115.836,116.386,111.706,115.626,3704716,,,0.8196,hfq
2021-08-12,114.026,120.766,113.806,116.766,3403409,,,0.9859,hfq
2021-08-13,115.386,121.686,115.386,117.686,3337608,,,0.7879,hfq
2021-08-16,118.136,118.986,113.686,114.326,3251649,,,-2.8551,hfq
2021-08-17,113.816,116.666,109.126,110.186,3531684,,,-3.6212,hfq
2021-08-18,110.186,113.456,107.786,112.726,2941349,,,2.3052,hfq
2021-08-19,113.156,116.686,111.196,115.186,3705493,,,2.1823,hfq
2021-08-20,114.626,121.696,113.596,120.596,4871292,,,4.6968,hfq
2021-08-23,119.886,126.186,119.186,121.186,3978599,,,0.4892,hfq
2021-08-24,118.786,127.586,115.326,123.286,5841588,,,1.7329,hfq
2021-08-25,118.966,126.626,115.536,122.446,5125655,,,-0.6813,hfq
2021-08-26,120.836,126.066,119.236,120.186,2620302,,,-1.8457,hfq
2021-08-27,122.686,125.466,119.276,122.586,3925663,,,1.9969,hfq
2021-08-30,124.126,129.666,123.216,125.786,3420882,,,2.6104,hfq
2021-08-31,125.856,129.126,121.766,124.606,4370408,,,-0.9381,hfq
2021-09-01,124.076,124.746,117.896,118.956,3265397,,,-4.5343,hfq
2021-09-02,117.996,122.406,117.486,119.256,2019827,,,0.2522,hfq
2021-09-03,118.176,118.636,109.796,111.416,5333436,,,-6.5741,hfq
2021-09-06,113.086,114.676,110.446,111.296,2432693,,,-0.1077,hfq
2021-09-07,111.356,112.396,109.386,110.286,2991749,,,-0.9075,hfq
2021-09-08,109.886,111.016,104.886,105.706,4182104,,,-4.1528,hfq
2021-09-09,105.746,105.746,91.686,95.146,11183895,,,-9.9900,hfq
2021-09-10,94.816,95.686,88.466,89.136,7977417,,,-6.3166,hfq
2021-09-13,89.386,91.866,87.686,89.156,9615398,,,0.0224,hfq
2021-09-14,89.206,91.056,88.996,90.186,4321877,,,1.1553,hfq
2021-09-15,89.586,90.186,87.066,88.276,3671237,,,-2.1178,hfq
2021-09-16,88.006,88.676,84.786,85.086,4783592,,,-3.6137,hfq
2021-09-17,85.986,86.486,84.346,86.096,2438671,,,1.1870,hfq
2021-09-22,85.786,91.486,84.666,90.676,3616441,,,5.3196,hfq
2021-09-23,90.686,91.516,88.236,89.786,3907694,,,-0.9815,hfq
2021-09-24,88.906,90.766,87.686,88.616,2289495,,,-1.3031,hfq
2021-09-27,89.176,90.386,86.686,87.486,2542714,,,-1.2752,hfq
2021-09-28,87.486,88.386,85.676,87.896,2617555,,,0.4686,hfq
2021-09-29,87.696,87.986,85.176,85.846,3145905,,,-2.3323,hfq
2021-09-30,86.086,88.186,84.826,87.886,2594791,,,2.3763,hfq
2021-10-08,89.196,94.186,88.336,90.866,3402306,,,3.3908,hfq
2021-10-11,90.786,93.106,89.176,89.556,2670683,,,-1.4417,hfq
2021-10-12,90.146,90.146,87.996,88.986,2498880,,,-0.6365,hfq
2021-10-13,88.986,92.846,88.796,92.046,1866304,,,3.4387,hfq
2021-10-14,92.146,92.746,90.386,90.506,1022937,,,-1.6731,hfq
2021-10-15,90.596,91.786,86.296,87.286,3178125,,,-3.5578,hfq
2021-10-18,88.016,89.136,84.986,85.836,2468056,,,-1.6612,hfq
2021-10-19,85.896,86.786,82.966,83.616,3297061,,,-2.5863,hfq
2021-10-20,84.086,84.286,80.186,82.336,4689120,,,-1.5308,hfq
2021-10-21,82.666,83.206,77.206,77.496,4831121,,,-5.8784,hfq
2021-10-22,77.686,79.146,76.516,78.646,2623769,,,1.4839,hfq
2021-10-25,77.946,79.376,75.586,77.376,4087649,,,-1.6148,hfq
2021-10-26,77.986,78.386,74.736,75.106,3747944,,,-2.9337,hfq
2021-10-27,75.756,75.756,69.696,72.326,10672678,,,-3.7014,hfq
2021-10-28,72.316,75.036,71.476,73.086,6784258,,,1.0508,hfq
2021-10-29,73.706,73.986,72.036,72.556,5868108,,,-0.7252,hfq
2021-11-01,72.586,72.586,70.186,70.586,5107987,,,-2.7151,hfq
2021-11-02,70.336,72.316,69.036,70.846,7200622,,,0.3683,hfq
2021-11-03,70.206,73.246,70.186,72.926,4507295,,,2.9359,hfq
2021-11-04,73.576,74.766,71.696,72.066,5117542,,,-1.1793,hfq
2021-11-05,72.506,72.936,70.036,70.076,3823405,,,-2.7614,hfq
2021-11-08,70.086,70.606,67.426,67.476,5122225,,,-3.7103,hfq
2021-11-09,67.056,71.386,67.056,70.806,7115547,,,4.9351,hfq
2021-11-10,70.806,71.486,68.986,70.856,5296571,,,0.0706,hfq
2021-11-11,70.696,76.686,70.696,75.886,10243330,,,7.0989,hfq
2021-11-12,75.986,77.036,73.986,76.586,9820921,,,0.9224,hfq
2021-11-15,76.586,78.966,75.796,77.486,6683029,,,1.1751,hfq
2021-11-16,77.396,80.986,76.346,77.006,3977290,,,-0.6195,hfq
2021-11-17,76.976,78.656,75.676,77.186,3641129,,,0.2337,hfq
2021-11-18,76.996,80.066,74.876,78.276,4877104,,,1.4122,hfq
2021-11-19,78.276,78.526,76.386,77.186,3703065,,,-1.3925,hfq
2021-11-22,77.296,80.586,75.986,79.326,4008999,,,2.7725,hfq
2021-11-23,79.246,81.776,78.066,81.276,3885140,,,2.4582,hfq
2021-11-24,81.286,82.436,80.206,80.586,2969258,,,-0.8490,hfq
2021-11-25,81.066,81.486,79.056,79.186,2096792,,,-1.7373,hfq
2021-11-26,79.176,79.876,77.286,78.146,2192569,,,-1.3134,hfq
2021-11-29,76.386,84.146,75.886,82.466,5769781,,,5.5281,hfq
2021-11-30,82.246,90.586,82.246,86.986,8275453,,,5.4810,hfq
2021-12-01,87.416,90.826,85.766,86.096,3952618,,,-1.0232,hfq
2021-12-02,86.076,86.426,82.316,84.186,3317122,,,-2.2185,hfq
2021-12-03,84.436,87.116,83.006,85.676,3224872,,,1.7699,hfq
2021-12-06,86.686,86.686,82.286,82.486,2849211,,,-3.7233,hfq
2021-12-07,83.166,83.986,78.336,81.016,3608511,,,-1.7821,hfq
2021-12-08,81.016,81.596,77.086,79.656,4993484,,,-1.6787,hfq
2021-12-09,79.206,81.176,77.386,80.266,4591381,,,0.7658,hfq
2021-12-10,79.186,82.186,77.916,78.916,6213076,,,-1.6819,hfq
2021-12-13,80.156,83.156,77.796,82.586,5096423,,,4.6505,hfq
2021-12-14,81.686,82.086,79.526,79.686,2967933,,,-3.5115,hfq
2021-12-15,79.596,79.966,77.636,78.066,2857570,,,-2.0330,hfq
2021-12-16,77.706,78.966,73.806,74.156,4967625,,,-5.0086,hfq
2021-12-17,74.616,75.376,72.786,74.636,3004024,,,0.6473,hfq
2021-12-20,73.206,77.626,73.186,75.516,3085168,,,1.1791,hfq
2021-12-21,75.486,76.286,74.876,75.486,1359006,,,-0.0397,hfq
2021-12-22,75.216,76.486,74.636,74.736,1448481,,,-0.9936,hfq
2021-12-23,74.736,75.156,71.916,74.686,2409984,,,-0.0669,hfq
2021-12-24,74.396,75.586,72.386,75.216,2245996,,,0.7096,hfq
2021-12-27,74.186,75.866,72.876,73.496,2910409,,,-2.2867,hfq
2021-12-28,73.496,79.986,73.496,77.476,3976189,,,5.4153,hfq
2021-12-29,77.416,77.796,74.786,76.756,4314961,,,-0.9293,hfq
2021-12-30,76.276,79.806,75.836,78.286,3575447,,,1.9933,hfq
2021-12-31,78.516,79.556,77.686,78.756,2448892,,,0.6004,hfq
2022-01-04,78.206,79.066,76.066,76.546,1822918,,,-2.8061,hfq
2022-01-05,76.546,77.186,73.486,73.996,2306351,,,-3.3313,hfq
2022-01-06,73.916,75.566,73.556,73.786,1607215,,,-0.2838,hfq
2022-01-07,74.146,74.146,71.896,73.046,2228415,,,-1.0029,hfq
2022-01-10,73.166,73.166,69.486,70.836,3620161,,,-3.0255,hfq
2022-01-11,70.826,72.646,70.066,70.786,2219289,,,-0.0706,hfq
2022-01-12,70.706,71.386,69.026,70.086,2572951,,,-0.9889,hfq
2022-01-13,70.086,70.986,68.186,70.926,2035331,,,1.1985,hfq
2022-01-14,70.286,72.976,70.286,72.366,1714316,,,2.0303,hfq
2022-01-17,72.366,73.086,70.686,72.486,2014402,,,0.1658,hfq
2022-01-18,73.026,73.026,71.186,71.546,1955470,,,-1.2968,hfq
2022-01-19,71.156,72.126,68.186,68.486,2703521,,,-4.2770,hfq
2022-01-20,69.186,69.186,67.586,68.346,1865380,,,-0.2044,hfq
2022-01-21,68.186,69.106,67.256,68.956,1565547,,,0.8925,hfq
2022-01-24,68.936,70.056,67.856,69.326,1026725,,,0.5366,hfq
2022-01-25,70.046,70.046,66.176,67.186,2262730,,,-3.0869,hfq
2022-01-26,67.216,67.866,65.686,66.896,1327356,,,-0.4316,hfq
2022-01-27,67.386,67.676,64.146,64.366,2423744,,,-3.7820,hfq
2022-01-28,66.186,66.236,63.226,63.286,1833820,,,-1.6779,hfq
2022-02-07,63.506,66.186,62.586,63.206,2073365,,,-0.1264,hfq
2022-02-08,63.446,64.556,62.116,63.186,1635527,,,-0.0316,hfq
2022-02-09,63.316,64.656,62.706,64.486,1320723,,,2.0574,hfq
2022-02-10,64.656,64.656,63.406,64.536,1412283,,,0.0775,hfq
2022-02-11,63.876,65.066,63.786,64.426,1306600,,,-0.1704,hfq
2022-02-14,64.406,64.976,62.746,64.886,1186592,,,0.7140,hfq
2022-02-15,64.786,65.986,64.236,65.406,1653123,,,0.8014,hfq
2022-02-16,65.646,66.726,64.936,65.286,896706,,,-0.1835,hfq
2022-02-17,65.476,66.676,64.226,65.906,1208770,,,0.9497,hfq
2022-02-18,65.206,65.886,63.536,64.246,1676247,,,-2.5187,hfq
2022-02-21,63.886,64.466,63.346,63.996,1075471,,,-0.3891,hfq
2022-02-22,64.786,64.786,61.396,62.166,2058125,,,-2.8596,hfq
2022-02-23,62.206,66.066,62.206,64.606,3167918,,,3.9250,hfq
2022-02-24,64.596,65.456,62.756,64.426,2963069,,,-0.2786,hfq
2022-02-25,64.976,66.826,63.696,64.036,1911264,,,-0.6053,hfq
2022-02-28,64.066,64.176,62.676,63.636,1953180,,,-0.6246,hfq
2022-03-01,63.566,64.426,62.266,62.606,1944150,,,-1.6186,hfq
2022-03-02,62.186,62.596,59.786,60.416,2837381,,,-3.4981,hfq
2022-03-03,60.446,61.056,58.356,58.686,2438738,,,-2.8635,hfq
2022-03-04,58.356,60.946,57.546,58.966,2486790,,,0.4771,hfq
2022-03-07,59.186,59.286,55.736,55.976,2381066,,,-5.0707,hfq
2022-03-08,55.866,58.286,54.996,54.996,2695868,,,-1.7508,hfq
2022-03-09,55.536,55.636,51.466,52.706,2986298,,,-4.1639,hfq
2022-03-10,54.276,54.276,51.816,52.146,3016885,,,-1.0625,hfq
2022-03-11,51.686,53.176,50.166,53.016,2816011,,,1.6684,hfq
2022-03-14,52.936,53.876,51.536,51.686,1458473,,,-2.5087,hfq
2022-03-15,52.136,52.136,48.776,48.776,3715338,,,-5.6302,hfq
2022-03-16,50.066,50.066,46.286,49.046,4832507,,,0.5536,hfq
2022-03-17,49.206,51.486,49.206,50.316,3526987,,,2.5894,hfq
2022-03-18,50.066,50.626,48.856,49.326,1956138,,,-1.9676,hfq
2022-03-21,49.856,50.586,48.396,48.766,3179340,,,-1.1353,hfq
2022-03-22,49.146,49.156,47.686,47.956,2230320,,,-1.6610,hfq
2022-03-23,48.366,49.166,47.586,48.356,2426017,,,0.8341,hfq
2022-03-24,48.206,48.256,46.916,47.246,1982147,,,-2.2955,hfq
2022-03-25,47.726,48.766,45.986,46.366,3272716,,,-1.8626,hfq
2022-03-28,46.156,46.286,44.686,45.186,2632227,,,-2.5450,hfq
2022-03-29,45.186,45.956,44.186,44.376,2225525,,,-1.7926,hfq
2022-03-30,44.606,46.056,44.276,45.966,2565748,,,3.5830,hfq
2022-03-31,46.066,46.066,45.046,45.246,1622345,,,-1.5664,hfq
2022-04-01,44.686,45.686,44.636,45.386,1534574,,,0.3094,hfq
2022-04-06,45.166,45.216,44.266,44.466,2447158,,,-2.0271,hfq
2022-04-07,43.986,45.346,43.016,43.016,2040964,,,-3.2609,hfq
2022-04-08,43.166,43.536,41.526,41.866,2191044,,,-2.6734,hfq
2022-04-11,42.466,42.466,39.186,39.566,2636508,,,-5.4937,hfq
2022-04-12,39.686,40.586,39.316,40.356,2225236,,,1.9967,hfq
2022-04-13,40.016,40.166,38.706,38.786,1636338,,,-3.8904,hfq
2022-04-14,39.106,39.436,38.266,39.136,1968833,,,0.9024,hfq
2022-04-15,38.886,39.286,38.136,38.946,1629724,,,-0.4855,hfq
2022-04-18,39.246,41.626,38.386,40.846,2727497,,,4.8785,hfq
2022-04-19,41.656,41.656,39.366,39.616,2140121,,,-3.0113,hfq
2022-04-20,39.666,40.096,38.756,38.756,1601499,,,-2.1708,hfq
2022-04-21,39.096,39.586,37.616,37.766,2153231,,,-2.5544,hfq
2022-04-22,37.916,39.066,37.396,38.196,3009705,,,1.1386,hfq
2022-04-25,38.086,38.086,34.406,34.506,3315414,,,-9.6607,hfq
2022-04-26,34.646,35.286,32.896,33.026,3157518,,,-4.2891,hfq
2022-04-27,32.706,35.626,32.686,35.336,3227602,,,6.9945,hfq
2022-04-28,35.196,35.546,33.496,34.646,3546647,,,-1.9527,hfq
2022-04-29,35.006,36.446,34.086,36.096,2955074,,,4.1852,hfq
2022-05-05,35.236,35.686,34.306,35.196,3457485,,,-2.4934,hfq
2022-05-06,34.376,34.646,33.866,34.066,2073106,,,-3.2106,hfq
2022-05-09,34.066,35.886,33.766,34.846,2674552,,,2.2897,hfq
2022-05-10,34.556,37.386,34.046,36.996,5037840,,,6.1700,hfq
2022-05-11,37.186,39.436,36.846,38.046,4311863,,,2.8381,hfq
2022-05-12,37.896,38.706,37.386,37.906,2103158,,,-0.3680,hfq
2022-05-13,38.386,38.526,37.286,37.476,1758174,,,-1.1344,hfq
2022-05-16,38.276,39.646,36.986,37.176,3123875,,,-0.8005,hfq
2022-05-17,37.466,38.986,36.876,38.986,3715136,,,4.8687,hfq
2022-05-18,38.856,38.886,37.786,38.566,3032534,,,-1.0773,hfq
2022-05-19,37.686,40.266,37.596,39.816,5148855,,,3.2412,hfq
2022-05-20,39.586,40.356,38.906,39.916,3520930,,,0.2512,hfq
2022-05-23,39.936,40.286,39.106,39.346,2443347,,,-1.4280,hfq
2022-05-24,39.276,40.076,37.086,37.256,3284908,,,-5.3118,hfq
2022-05-25,37.146,37.856,37.006,37.616,1914140,,,0.9663,hfq
2022-05-26,37.756,39.576,36.346,39.196,4016963,,,4.2003,hfq
2022-05-27,39.206,39.786,38.006,38.206,2638120,,,-2.5258,hfq
2022-05-30,38.196,38.566,36.736,37.796,2579546,,,-1.0731,hfq
2022-05-31,37.966,39.686,36.786,39.366,4829273,,,4.1539,hfq
2022-06-01,39.426,41.126,38.866,40.396,4597553,,,2.6165,hfq
2022-06-02,40.486,45.136,39.636,44.726,8778255,,,10.7189,hfq
2022-06-06,45.376,48.626,45.216,46.916,19236292,,,4.8965,hfq
2022-06-07,46.926,47.046,43.296,43.896,11680483,,,-6.4370,hfq
2022-06-08,43.746,43.786,41.796,43.086,11041683,,,-1.8453,hfq
2022-06-09,42.926,42.986,41.356,41.636,5208019,,,-3.3654,hfq
2022-06-10,41.636,42.856,40.986,42.856,8532400,,,2.9302,hfq
2022-06-13,41.766,42.776,41.236,41.816,6001200,,,-2.4267,hfq
2022-06-14,41.216,41.436,38.066,39.706,10064605,,,-5.0459,hfq
2022-06-15,39.386,41.056,39.306,39.776,5947301,,,0.1763,hfq
2022-06-16,40.298,42.008,39.738,40.998,6789587,,,3.0722,hfq
2022-06-17,40.648,42.038,40.308,41.718,5483241,,,1.7562,hfq
2022-06-20,42.978,43.658,41.848,42.248,6454057,,,1.2704,hfq
2022-06-21,42.018,42.888,41.068,41.478,4690587,,,-1.8226,hfq
2022-06-22,41.528,41.758,39.368,39.368,4152525,,,-5.0870,hfq
2022-06-23,39.398,41.058,39.368,40.988,6806160,,,4.1150,hfq
2022-06-24,41.368,42.538,40.908,41.358,5738403,,,0.9027,hfq
2022-06-27,41.828,42.498,40.998,41.378,5556057,,,0.0484,hfq
2022-06-28,41.458,42.038,40.198,41.848,5882124,,,1.1359,hfq
2022-06-29,41.388,42.328,39.518,39.688,7134086,,,-5.1615,hfq
2022-06-30,39.828,40.678,39.698,40.018,4080439,,,0.8315,hfq
2022-07-01,40.098,40.418,38.908,38.978,5447982,,,-2.5988,hfq
2022-07-04,38.718,38.798,37.298,38.598,4549552,,,-0.9749,hfq
2022-07-05,38.598,38.888,36.348,37.078,5817337,,,-3.9380,hfq
2022-07-06,37.218,38.418,36.178,36.598,5992663,,,-1.2946,hfq
2022-07-07,36.408,37.308,35.758,36.178,4083364,,,-1.1476,hfq
2022-07-08,36.248,37.778,36.208,37.008,5966396,,,2.2942,hfq
2022-07-11,37.008,37.008,35.248,35.578,4642868,,,-3.8640,hfq
2022-07-12,35.548,35.568,34.198,34.218,3452103,,,-3.8226,hfq
2022-07-13,34.308,34.668,33.498,33.678,3090394,,,-1.5781,hfq
2022-07-14,33.738,35.098,33.528,34.328,4889649,,,1.9300,hfq
2022-07-15,34.308,35.338,33.898,34.618,4475825,,,0.8448,hfq
2022-07-18,34.868,34.878,33.908,34.308,3849581,,,-0.8955,hfq
2022-07-19,34.398,35.248,34.008,34.688,4421377,,,1.1076,hfq
2022-07-20,34.958,35.658,34.878,35.378,3880860,,,1.9892,hfq
2022-07-21,35.248,38.068,34.798,37.078,8136935,,,4.8052,hfq
2022-07-22,36.998,37.398,35.698,36.098,4605696,,,-2.6431,hfq
2022-07-25,36.218,37.798,36.098,36.508,4287297,,,1.1358,hfq
2022-07-26,36.478,36.968,35.618,36.638,2334197,,,0.3561,hfq
2022-07-27,36.608,37.568,36.458,37.448,3291216,,,2.2108,hfq
2022-07-28,37.658,39.498,37.558,39.118,5156330,,,4.4595,hfq
2022-07-29,39.198,39.488,38.058,38.298,3613259,,,-2.0962,hfq
2022-08-01,38.458,39.788,37.218,38.458,6190141,,,0.4178,hfq
2022-08-02,38.458,39.118,37.308,38.578,6696518,,,0.3120,hfq
2022-08-03,38.568,41.178,37.368,39.918,9654474,,,3.4735,hfq
2022-08-04,39.688,40.558,39.048,39.468,6331324,,,-1.1273,hfq
2022-08-05,40.178,47.298,40.178,47.298,14514717,,,19.8389,hfq
2022-08-08,49.568,53.798,48.598,51.918,27567639,,,9.7679,hfq
2022-08-09,52.148,53.298,50.428,52.688,15362584,,,1.4831,hfq
2022-08-10,52.298,53.738,51.678,52.218,11414998,,,-0.8920,hfq
2022-08-11,53.458,54.598,51.498,54.058,13073160,,,3.5237,hfq
2022-08-12,52.808,54.458,51.898,53.218,9744326,,,-1.5539,hfq
2022-08-15,52.888,53.148,50.428,50.798,9751975,,,-4.5473,hfq
2022-08-16,50.608,52.478,50.108,50.848,7276030,,,0.0984,hfq
2022-08-17,50.868,51.048,49.678,49.798,4815098,,,-2.0650,hfq
2022-08-18,49.958,51.658,48.998,51.218,7551677,,,2.8515,hfq
2022-08-19,51.598,52.268,50.248,50.248,6075705,,,-1.8939,hfq
2022-08-22,49.818,51.488,49.398,50.328,5435897,,,0.1592,hfq
2022-08-23,49.928,51.278,49.718,50.198,3211521,,,-0.2583,hfq
2022-08-24,50.148,50.188,47.098,47.128,7055546,,,-6.1158,hfq
2022-08-25,47.168,47.768,44.738,45.298,6137830,,,-3.8830,hfq
2022-08-26,45.318,45.958,44.128,44.308,3846478,,,-2.1855,hfq
2022-08-29,43.608,46.908,43.308,46.088,5502206,,,4.0173,hfq
2022-08-30,45.648,47.698,45.578,46.198,3687397,,,0.2387,hfq
2022-08-31,45.358,47.198,43.878,43.878,4056315,,,-5.0219,hfq
2022-09-01,44.168,45.168,43.208,43.348,2753005,,,-1.2079,hfq
2022-09-02,43.798,45.788,43.298,45.128,4040226,,,4.1063,hfq
2022-09-05,45.098,45.548,43.498,43.808,3766426,,,-2.9250,hfq
2022-09-06,44.368,44.958,43.558,44.318,3160057,,,1.1642,hfq
2022-09-07,44.298,46.278,44.298,44.888,4286068,,,1.2862,hfq
2022-09-08,44.798,45.278,42.968,43.298,6288803,,,-3.5421,hfq
2022-09-09,43.478,43.478,42.038,42.968,3665230,,,-0.7622,hfq
2022-09-13,43.498,44.848,43.108,43.448,2993055,,,1.1171,hfq
2022-09-14,42.968,44.598,42.478,44.118,3561301,,,1.5421,hfq
2022-09-15,44.318,44.588,41.898,42.378,4670855,,,-3.9440,hfq
2022-09-16,42.258,42.998,41.488,41.608,3551746,,,-1.8170,hfq
2022-09-19,41.528,42.288,40.318,41.008,3288829,,,-1.4420,hfq
2022-09-20,40.938,41.588,39.798,40.148,4127860,,,-2.0972,hfq
2022-09-21,39.988,40.678,39.118,40.328,3275946,,,0.4483,hfq
2022-09-22,40.008,41.788,39.878,40.848,3127247,,,1.2894,hfq
2022-09-23,41.178,41.178,39.008,39.498,2701721,,,-3.3049,hfq
2022-09-26,39.208,39.648,38.638,38.758,3201516,,,-1.8735,hfq
2022-09-27,38.798,40.148,38.798,39.628,2735200,,,2.2447,hfq
2022-09-28,39.578,39.578,38.028,38.168,1994341,,,-3.6843,hfq
2022-09-29,38.298,39.478,37.938,38.988,3470973,,,2.1484,hfq
2022-09-30,38.728,39.928,38.198,38.318,3359834,,,-1.7185,hfq
2022-10-10,38.798,38.798,35.968,36.318,3919362,,,-5.2195,hfq
2022-10-11,36.528,37.418,36.098,36.278,3359119,,,-0.1101,hfq
2022-10-12,36.138,38.648,35.988,38.498,3692975,,,6.1194,hfq
2022-10-13,38.498,39.398,38.208,38.918,3066116,,,1.0910,hfq
2022-10-14,39.578,40.738,38.848,39.998,3248541,,,2.7751,hfq
2022-10-17,39.798,41.168,39.618,40.368,3119269,,,0.9250,hfq
2022-10-18,40.518,40.598,38.908,39.498,3084895,,,-2.1552,hfq
2022-10-19,39.508,39.798,38.908,39.148,3528325,,,-0.8861,hfq
2022-10-20,39.148,40.838,38.688,39.808,4035667,,,1.6859,hfq
2022-10-21,39.718,40.998,38.418,40.238,4789923,,,1.0802,hfq
2022-10-24,40.348,44.128,40.298,42.548,6258994,,,5.7408,hfq
2022-10-25,42.158,43.188,40.808,41.958,5005396,,,-1.3867,hfq
2022-10-26,41.948,44.948,41.068,44.848,7667228,,,6.8878,hfq
2022-10-27,44.848,45.098,43.238,43.788,5794713,,,-2.3635,hfq
2022-10-28,43.698,45.298,42.798,43.158,5959578,,,-1.4388,hfq
2022-10-31,42.998,48.698,42.738,47.848,11760881,,,10.8670,hfq
2022-11-01,48.158,48.198,45.868,47.618,8988094,,,-0.4807,hfq
2022-11-02,47.578,50.248,47.198,47.388,8400072,,,-0.4830,hfq
2022-11-03,47.298,48.648,46.798,47.808,5781734,,,0.8863,hfq
2022-11-04,47.718,47.738,46.148,47.068,6008372,,,-1.5479,hfq
2022-11-07,47.078,47.748,46.278,46.298,5003581,,,-1.6359,hfq
2022-11-08,46.348,46.708,45.168,45.828,3918560,,,-1.0152,hfq
2022-11-09,45.998,46.028,44.918,45.448,3173696,,,-0.8292,hfq
2022-11-10,45.098,45.898,43.798,43.998,4222114,,,-3.1905,hfq
2022-11-11,45.338,45.498,43.298,43.318,4275112,,,-1.5455,hfq
2022-11-14,43.398,44.698,42.718,43.898,4114694,,,1.3389,hfq
2022-11-15,44.178,45.578,43.918,44.838,6858325,,,2.1413,hfq
2022-11-16,44.888,46.258,44.838,45.298,6514408,,,1.0259,hfq
2022-11-17,44.878,46.728,43.588,46.398,6177129,,,2.4284,hfq
2022-11-18,46.398,46.808,45.098,45.398,4234312,,,-2.1553,hfq
2022-11-21,44.798,45.828,44.448,45.648,3471392,,,0.5507,hfq
2022-11-22,45.388,46.048,43.908,44.388,3895193,,,-2.7603,hfq
2022-11-23,44.258,44.698,42.568,43.578,4193791,,,-1.8248,hfq
2022-11-24,43.778,44.368,42.918,43.088,2989871,,,-1.1244,hfq
2022-11-25,42.758,43.578,41.478,41.608,4705158,,,-3.4348,hfq
2022-11-28,40.348,41.598,40.348,40.698,4277366,,,-2.1871,hfq
2022-11-29,41.298,42.038,40.678,41.748,3819202,,,2.5800,hfq
2022-11-30,41.908,42.198,40.588,40.798,2746310,,,-2.2756,hfq
2022-12-01,41.128,42.008,40.718,40.988,4609976,,,0.4657,hfq
2022-12-02,40.708,41.498,40.138,40.428,4084259,,,-1.3663,hfq
2022-12-05,40.528,40.678,39.498,39.918,5476442,,,-1.2615,hfq
2022-12-06,39.688,40.788,39.548,39.898,4463098,,,-0.0501,hfq
2022-12-07,39.898,40.128,39.028,39.078,4916710,,,-2.0552,hfq
2022-12-08,39.198,39.388,38.598,39.108,4818831,,,0.0768,hfq
2022-12-09,39.288,41.628,38.708,41.628,12827410,,,6.4437,hfq
2022-12-12,41.398,42.538,40.858,41.698,6982966,,,0.1682,hfq
2022-12-13,41.638,42.118,40.798,40.948,4204418,,,-1.7986,hfq
2022-12-14,41.768,42.188,40.898,41.848,4694305,,,2.1979,hfq
2022-12-15,41.728,43.098,41.308,42.678,5662345,,,1.9834,hfq
2022-12-16,42.198,42.568,40.908,41.098,4047907,,,-3.7021,hfq
2022-12-19,41.088,41.608,39.318,39.618,3352423,,,-3.6011,hfq
2022-12-20,39.708,40.298,39.248,39.708,2800827,,,0.2272,hfq
2022-12-21,39.748,39.948,37.858,38.418,4007920,,,-3.2487,hfq
2022-12-22,38.618,39.458,38.038,38.498,2768282,,,0.2082,hfq
2022-12-23,38.388,38.898,37.578,38.098,2645389,,,-1.0390,hfq
2022-12-26,38.028,39.168,37.948,38.768,2121875,,,1.7586,hfq
2022-12-27,38.968,39.138,38.148,38.768,2157331,,,0.0000,hfq
2022-12-28,38.908,39.368,38.068,38.258,3458591,,,-1.3155,hfq
2022-12-29,38.108,39.208,37.858,38.828,4060000,,,1.4899,hfq
2022-12-30,38.308,38.568,37.288,37.488,4544387,,,-3.4511,hfq
2023-01-03,37.598,39.058,37.278,38.778,4356912,,,3.4411,hfq
2023-01-04,38.928,39.728,38.088,38.558,3055690,,,-0.5673,hfq
2023-01-05,38.488,40.138,38.348,40.028,4256903,,,3.8124,hfq
2023-01-06,39.818,40.878,39.618,40.448,3399960,,,1.0493,hfq
2023-01-09,40.338,41.548,39.928,41.008,4053640,,,1.3845,hfq
2023-01-10,40.908,41.608,40.408,41.358,2382236,,,0.8535,hfq
2023-01-11,41.398,43.088,41.168,42.018,4721999,,,1.5958,hfq
2023-01-12,42.748,42.818,41.178,41.898,2983733,,,-0.2856,hfq
2023-01-13,42.028,42.048,40.998,41.668,2412072,,,-0.5490,hfq
2023-01-16,41.438,43.298,41.438,42.688,3407004,,,2.4479,hfq
2023-01-17,42.718,43.978,42.518,43.778,3853658,,,2.5534,hfq
2023-01-18,43.778,44.518,43.228,43.798,2604757,,,0.0457,hfq
2023-01-19,43.708,45.268,43.398,45.258,3940514,,,3.3335,hfq
2023-01-20,45.328,45.708,44.098,45.408,3437084,,,0.3314,hfq
2023-01-30,45.898,46.298,43.988,44.058,4933883,,,-2.9730,hfq
2023-01-31,44.168,44.898,43.708,44.408,3178259,,,0.7944,hfq
2023-02-01,44.868,46.188,44.588,45.548,3624848,,,2.5671,hfq
2023-02-02,45.798,47.698,45.558,46.548,4503529,,,2.1955,hfq
2023-02-03,46.548,47.478,45.398,46.948,4264641,,,0.8593,hfq
2023-02-06,46.948,47.898,46.318,47.658,3911976,,,1.5123,hfq
2023-02-07,47.368,47.658,46.498,47.418,3420029,,,-0.5036,hfq
2023-02-08,47.418,47.568,45.998,46.008,3777864,,,-2.9736,hfq
2023-02-09,45.668,48.098,45.398,47.748,4686885,,,3.7820,hfq
2023-02-10,47.648,48.688,47.148,48.348,5591019,,,1.2566,hfq
2023-02-13,48.248,49.018,47.268,47.318,3919288,,,-2.1304,hfq
2023-02-14,47.228,47.968,46.578,47.128,3004607,,,-0.4015,hfq
2023-02-15,46.808,47.628,46.398,47.178,3328077,,,0.1061,hfq
2023-02-16,46.818,48.138,46.078,46.648,3873856,,,-1.1234,hfq
2023-02-17,46.568,46.928,44.858,44.878,4033376,,,-3.7944,hfq
2023-02-20,44.878,45.568,44.178,45.228,3541832,,,0.7799,hfq
2023-02-21,45.458,46.098,44.318,44.958,2922240,,,-0.5970,hfq
2023-02-22,44.708,46.048,44.308,45.898,2768859,,,2.0908,hfq
2023-02-23,45.638,45.978,45.218,45.408,1796051,,,-1.0676,hfq
2023-02-24,45.588,46.378,45.098,46.108,2991948,,,1.5416,hfq
2023-02-27,45.958,46.018,44.868,45.708,2986363,,,-0.8675,hfq
2023-02-28,45.648,47.098,45.648,46.558,3117649,,,1.8596,hfq
2023-03-01,46.468,46.778,45.678,46.298,1808959,,,-0.5584,hfq
2023-03-02,46.298,46.728,44.968,45.178,2797031,,,-2.4191,hfq
2023-03-03,45.038,45.708,44.038,44.638,3269365,,,-1.1953,hfq
2023-03-06,44.798,45.488,43.798,44.438,4172085,,,-0.4480,hfq
2023-03-07,44.398,45.058,43.818,44.078,3068935,,,-0.8101,hfq
2023-03-08,44.278,47.688,44.108,45.888,5921564,,,4.1064,hfq
2023-03-09,45.778,46.078,45.098,45.198,2737424,,,-1.5037,hfq
2023-03-10,44.828,45.968,44.448,44.998,2587021,,,-0.4425,hfq
2023-03-13,45.578,46.818,45.338,46.248,4165430,,,2.7779,hfq
2023-03-14,46.658,46.738,45.108,45.478,4444879,,,-1.6649,hfq
2023-03-15,45.708,47.448,45.478,46.498,3877862,,,2.2428,hfq
2023-03-16,46.548,49.418,46.548,48.218,7425374,,,3.6991,hfq
2023-03-17,48.758,50.798,48.298,49.818,6723545,,,3.3183,hfq
2023-03-20,50.178,50.398,48.828,50.088,4891356,,,0.5420,hfq
2023-03-21,50.058,51.648,49.698,50.928,5077444,,,1.6770,hfq
2023-03-22,50.928,51.398,50.408,51.148,2902773,,,0.4320,hfq
2023-03-23,51.108,52.178,50.798,51.748,4310240,,,1.1731,hfq
2023-03-24,51.758,51.878,49.998,50.338,4577814,,,-2.7247,hfq
2023-03-27,50.278,50.978,49.028,49.558,4248058,,,-1.5495,hfq
2023-03-28,49.598,49.598,48.618,48.708,2184804,,,-1.7152,hfq
2023-03-29,48.798,50.218,48.128,49.848,3123165,,,2.3405,hfq
2023-03-30,49.848,50.148,48.408,48.988,3202354,,,-1.7252,hfq
2023-03-31,49.118,49.248,48.198,49.198,2568879,,,0.4287,hfq
2023-04-03,49.048,49.798,48.178,48.198,5249921,,,-2.0326,hfq
2023-04-04,48.428,48.798,47.608,48.488,5327634,,,0.6017,hfq
2023-04-06,48.498,50.818,47.648,50.698,8373915,,,4.5578,hfq
2023-04-07,50.768,53.178,50.768,52.208,10118704,,,2.9784,hfq
2023-04-10,52.298,54.398,50.398,50.408,6873455,,,-3.4477,hfq
2023-04-11,50.398,51.198,49.618,50.138,4567456,,,-0.5356,hfq
2023-04-12,50.308,51.898,49.968,51.398,5216076,,,2.5131,hfq
2023-04-13,51.108,51.508,49.198,49.538,4329811,,,-3.6188,hfq
2023-04-14,49.688,50.268,48.458,50.008,4642003,,,0.9488,hfq
2023-04-17,50.098,50.878,49.058,49.478,3562864,,,-1.0598,hfq
2023-04-18,49.298,49.788,48.298,48.898,2769088,,,-1.1722,hfq
2023-04-19,48.688,49.068,47.598,47.788,5001118,,,-2.2700,hfq
2023-04-20,48.048,48.648,47.918,48.558,3187030,,,1.6113,hfq
2023-04-21,48.448,48.948,46.298,46.788,5320520,,,-3.6451,hfq
2023-04-24,46.688,46.898,45.278,46.108,4022665,,,-1.4534,hfq
2023-04-25,46.158,47.178,45.258,45.618,3368549,,,-1.0627,hfq
2023-04-26,45.848,46.448,45.298,45.998,3027861,,,0.8330,hfq
2023-04-27,46.128,48.578,45.708,48.318,5851567,,,5.0437,hfq
2023-04-28,49.718,53.898,49.598,52.008,14322942,,,7.6369,hfq
2023-05-04,51.998,52.688,50.678,51.708,6480788,,,-0.5768,hfq
2023-05-05,51.708,52.898,51.198,52.228,4811162,,,1.0056,hfq
2023-05-08,51.808,53.278,51.468,52.398,4671145,,,0.3255,hfq
2023-05-09,52.538,53.258,50.758,50.788,4696701,,,-3.0726,hfq
2023-05-10,50.298,51.578,49.418,50.048,4323759,,,-1.4570,hfq
2023-05-11,50.448,50.448,48.818,49.028,3430665,,,-2.0380,hfq
2023-05-12,49.298,50.898,48.798,49.038,3835485,,,0.0204,hfq
2023-05-15,49.038,51.338,48.498,51.208,4863112,,,4.4251,hfq
2023-05-16,51.418,51.778,49.498,49.868,5224333,,,-2.6168,hfq
2023-05-17,49.698,50.898,49.528,49.998,3299436,,,0.2607,hfq
2023-05-18,50.308,50.588,48.158,48.608,4797031,,,-2.7801,hfq
2023-05-19,49.098,50.138,48.408,49.938,4639129,,,2.7362,hfq
2023-05-22,49.908,50.688,49.098,50.518,3620208,,,1.1614,hfq
2023-05-23,50.538,51.418,50.108,50.278,4198835,,,-0.4751,hfq
2023-05-24,50.218,51.148,49.678,50.318,3478818,,,0.0796,hfq
2023-05-25,50.288,51.098,49.228,50.148,4406831,,,-0.3379,hfq
2023-05-26,50.078,50.648,49.008,49.258,3417817,,,-1.7747,hfq
2023-05-29,49.898,49.898,48.648,48.838,3701461,,,-0.8527,hfq
2023-05-30,48.838,49.578,48.448,49.538,3285210,,,1.4333,hfq
2023-05-31,49.478,50.488,49.018,49.948,3592921,,,0.8276,hfq
2023-06-01,49.798,51.098,49.548,50.798,5256253,,,1.7018,hfq
2023-06-02,50.808,51.658,50.098,50.098,3765500,,,-1.3780,hfq
2023-06-05,50.188,50.898,49.318,49.638,3388107,,,-0.9182,hfq
2023-06-06,49.898,49.988,48.178,48.188,3576127,,,-2.9211,hfq
2023-06-07,48.098,49.188,47.298,48.958,3449289,,,1.5979,hfq
2023-06-08,48.898,49.038,47.678,48.088,2951077,,,-1.7770,hfq
2023-06-09,48.088,48.608,46.778,48.598,6006950,,,1.0606,hfq
2023-06-12,48.588,48.758,47.958,48.298,2915804,,,-0.6173,hfq
2023-06-13,48.048,49.398,47.758,48.548,3382884,,,0.5176,hfq
2023-06-14,49.208,49.288,47.898,47.948,2742872,,,-1.2359,hfq
2023-06-15,47.948,48.398,47.668,48.168,2672161,,,0.4588,hfq
2023-06-16,47.998,48.278,47.368,47.508,3396012,,,-1.3702,hfq
2023-06-19,47.568,47.878,46.798,46.948,5317419,,,-1.1787,hfq
2023-06-20,47.198,47.898,45.178,47.718,7374087,,,1.6401,hfq
2023-06-21,47.318,47.498,45.718,45.828,5464156,,,-3.9608,hfq
2023-06-26,45.618,46.258,44.898,45.278,3764559,,,-1.2001,hfq
2023-06-27,45.398,45.398,44.678,44.778,3027073,,,-1.1043,hfq
2023-06-28,44.788,44.828,43.938,44.338,3434659,,,-0.9826,hfq
2023-06-29,44.408,45.398,44.208,44.828,2667317,,,1.1051,hfq
2023-06-30,44.848,45.638,44.718,45.208,2788752,,,0.8477,hfq
2023-07-03,45.798,46.658,45.058,46.428,4813549,,,2.6986,hfq
2023-07-04,46.438,48.538,45.978,48.178,5746926,,,3.7693,hfq
2023-07-05,48.078,50.158,48.078,48.788,6000200,,,1.2661,hfq
2023-07-06,48.808,50.608,48.578,49.728,6392131,,,1.9267,hfq
2023-07-07,49.598,50.788,49.598,49.918,5169033,,,0.3821,hfq
2023-07-10,49.918,50.298,49.168,49.798,3678641,,,-0.2404,hfq
2023-07-11,49.698,50.038,49.018,49.708,3186765,,,-0.1807,hfq
2023-07-12,49.818,50.078,48.808,48.948,2520358,,,-1.5289,hfq
2023-07-13,49.188,49.818,48.858,49.308,2235973,,,0.7355,hfq
2023-07-14,49.168,49.598,48.238,48.408,2640239,,,-1.8253,hfq
2023-07-17,48.408,48.658,47.478,48.548,2290658,,,0.2892,hfq
2023-07-18,48.468,49.318,48.248,48.628,2232793,,,0.1648,hfq
2023-07-19,48.318,48.628,47.838,48.008,1905731,,,-1.2750,hfq
2023-07-20,47.918,48.208,46.678,46.698,2249014,,,-2.7287,hfq
2023-07-21,46.858,47.028,46.078,46.728,2245088,,,0.0642,hfq
2023-07-24,46.518,46.728,46.008,46.178,1565874,,,-1.1770,hfq
2023-07-25,46.468,47.858,46.118,47.418,3152867,,,2.6853,hfq
2023-07-26,47.338,48.358,46.688,47.238,2687499,,,-0.3796,hfq
2023-07-27,47.078,47.678,46.208,46.208,2240001,,,-2.1804,hfq
2023-07-28,46.308,46.398,45.658,46.278,2223473,,,0.1515,hfq
2023-07-31,46.208,46.878,45.878,46.758,1944675,,,1.0372,hfq
2023-08-01,46.608,46.908,46.018,46.158,2536625,,,-1.2832,hfq
2023-08-02,45.998,46.808,45.998,46.468,1624508,,,0.6716,hfq
2023-08-03,46.488,47.518,46.238,47.338,2504990,,,1.8723,hfq
2023-08-04,47.368,49.608,47.348,49.368,4339433,,,4.2883,hfq
2023-08-07,49.308,49.658,48.388,49.408,4298511,,,0.0810,hfq
2023-08-08,50.468,52.318,49.008,49.108,11600329,,,-0.6072,hfq
2023-08-09,49.058,50.418,48.798,49.498,5218182,,,0.7942,hfq
2023-08-10,49.898,51.088,49.558,49.968,3615876,,,0.9495,hfq
2023-08-11,50.208,50.208,49.328,49.858,3219826,,,-0.2201,hfq
2023-08-14,49.428,50.358,48.658,49.428,3499758,,,-0.8624,hfq
2023-08-15,49.528,49.998,47.708,48.468,3509448,,,-1.9422,hfq
2023-08-16,48.298,48.688,46.948,47.148,2510546,,,-2.7234,hfq
2023-08-17,47.148,48.408,46.478,47.778,2560978,,,1.3362,hfq
2023-08-18,47.798,49.048,47.798,48.138,3102667,,,0.7535,hfq
2023-08-21,48.058,48.728,46.858,46.978,2642352,,,-2.4097,hfq
2023-08-22,46.868,48.438,46.408,47.898,3684212,,,1.9584,hfq
2023-08-23,48.068,48.558,46.788,46.808,2626499,,,-2.2757,hfq
2023-08-24,47.068,47.608,46.258,47.088,2853274,,,0.5982,hfq
2023-08-25,46.868,48.128,46.528,47.318,3360138,,,0.4884,hfq
2023-08-28,50.408,50.638,48.408,49.008,4662307,,,3.5716,hfq
2023-08-29,49.088,52.928,48.758,52.508,7634777,,,7.1417,hfq
2023-08-30,53.318,54.298,52.508,53.108,8289376,,,1.1427,hfq
2023-08-31,53.278,53.408,51.358,51.618,7411830,,,-2.8056,hfq
2023-09-01,51.778,52.108,50.108,50.778,3746311,,,-1.6273,hfq
2023-09-04,51.088,51.348,50.028,51.068,4757288,,,0.5711,hfq
2023-09-05,50.758,51.388,50.318,50.598,3948865,,,-0.9203,hfq
2023-09-06,50.408,51.048,49.598,50.688,4063050,,,0.1779,hfq
2023-09-07,50.798,50.898,49.608,49.718,3746116,,,-1.9137,hfq
2023-09-08,49.718,51.588,49.608,50.938,5260296,,,2.4538,hfq
2023-09-11,51.068,51.398,50.448,50.808,3878297,,,-0.2552,hfq
2023-09-12,50.598,51.068,50.098,50.548,2739626,,,-0.5117,hfq
2023-09-13,50.278,50.858,49.798,50.318,3009549,,,-0.4550,hfq
2023-09-14,50.588,50.688,48.768,49.098,4114777,,,-2.4246,hfq
2023-09-15,49.188,49.388,48.118,48.208,4095258,,,-1.8127,hfq
2023-09-18,47.928,48.778,47.688,48.098,3630297,,,-0.2282,hfq
2023-09-19,48.008,48.158,47.218,47.468,3453093,,,-1.3098,hfq
2023-09-20,47.368,47.738,47.118,47.318,2202119,,,-0.3160,hfq
2023-09-21,47.228,48.348,47.228,47.428,2504826,,,0.2325,hfq
2023-09-22,47.408,48.698,47.238,48.578,3458744,,,2.4247,hfq
2023-09-25,48.548,48.818,47.108,47.148,3599531,,,-2.9437,hfq
2023-09-26,47.018,47.458,46.768,47.258,2418923,,,0.2333,hfq
2023-09-27,47.178,47.658,47.058,47.258,2204171,,,0.0000,hfq
2023-09-28,47.228,48.308,47.228,48.108,2919201,,,1.7986,hfq
2023-10-09,47.908,48.908,47.848,48.108,2632757,,,0.0000,hfq
2023-10-10,47.948,48.508,46.558,47.118,3693634,,,-2.0579,hfq
2023-10-11,47.228,48.198,47.198,47.938,3339621,,,1.7403,hfq
2023-10-12,47.898,48.198,47.208,47.378,2237585,,,-1.1682,hfq
2023-10-13,46.958,47.388,42.978,44.708,9614924,,,-5.6355,hfq
2023-10-16,45.018,45.508,44.528,44.828,3338838,,,0.2684,hfq
2023-10-17,44.858,45.078,44.148,44.908,2208011,,,0.1785,hfq
2023-10-18,44.778,45.808,44.418,45.068,2715032,,,0.3563,hfq
2023-10-19,44.618,45.858,44.618,45.358,2763651,,,0.6435,hfq
2023-10-20,44.958,45.388,43.968,44.208,2769248,,,-2.5354,hfq
2023-10-23,43.968,45.318,43.588,44.208,3541942,,,0.0000,hfq
2023-10-24,44.308,44.608,42.128,42.918,6968508,,,-2.9180,hfq
2023-10-25,43.258,44.748,43.038,44.048,6007506,,,2.6329,hfq
2023-10-26,43.658,45.028,42.958,44.828,4315612,,,1.7708,hfq
2023-10-27,44.528,46.848,44.528,46.378,6208898,,,3.4577,hfq
2023-10-30,46.278,47.648,46.148,46.798,5396749,,,0.9056,hfq
2023-10-31,46.628,47.658,46.558,47.498,3585358,,,1.4958,hfq
2023-11-01,47.518,48.668,47.198,48.358,4854356,,,1.8106,hfq
2023-11-02,48.358,48.808,46.978,47.208,4178978,,,-2.3781,hfq
2023-11-03,47.248,48.978,46.948,48.248,4229662,,,2.2030,hfq
2023-11-06,48.508,50.108,48.268,49.518,5933224,,,2.6322,hfq
2023-11-07,49.458,49.668,49.008,49.338,3599238,,,-0.3635,hfq
2023-11-08,49.398,49.808,48.828,49.108,3460997,,,-0.4662,hfq
2023-11-09,49.178,49.878,48.808,49.188,3378908,,,0.1629,hfq
2023-11-10,48.758,49.908,48.608,49.708,4704501,,,1.0572,hfq
2023-11-13,49.718,51.898,49.558,51.508,6285182,,,3.6211,hfq
2023-11-14,51.408,52.208,50.808,51.238,4185485,,,-0.5242,hfq
2023-11-15,51.798,51.798,50.728,51.048,3234987,,,-0.3708,hfq
2023-11-16,50.908,51.048,49.808,50.038,3885950,,,-1.9785,hfq
2023-11-17,49.898,50.278,49.718,50.098,2244501,,,0.1199,hfq
2023-11-20,49.948,50.488,49.608,50.178,2815375,,,0.1597,hfq
2023-11-21,50.338,50.678,49.628,49.678,2724327,,,-0.9965,hfq
2023-11-22,49.408,49.898,48.518,48.518,3214272,,,-2.3350,hfq
2023-11-23,48.868,49.628,48.488,49.578,2421814,,,2.1848,hfq
2023-11-24,49.728,49.728,48.688,48.908,2249022,,,-1.3514,hfq
2023-11-27,48.908,49.958,48.588,49.518,3082018,,,1.2472,hfq
2023-11-28,49.588,49.858,49.238,49.618,2239101,,,0.2019,hfq
2023-11-29,49.528,51.058,49.528,50.368,4036313,,,1.5115,hfq
2023-11-30,50.258,50.908,50.058,50.718,3865805,,,0.6949,hfq
2023-12-01,50.908,50.908,49.598,50.538,3830542,,,-0.3549,hfq
2023-12-04,50.408,51.398,50.058,51.018,2979677,,,0.9498,hfq
2023-12-05,51.098,51.098,49.288,49.518,3368913,,,-2.9401,hfq
2023-12-06,49.178,49.708,48.698,48.988,3102814,,,-1.0703,hfq
2023-12-07,48.988,49.378,47.718,49.068,3838446,,,0.1633,hfq
2023-12-08,48.928,49.248,47.458,48.228,6830491,,,-1.7119,hfq
2023-12-11,48.228,49.558,47.608,49.388,4941812,,,2.4052,hfq
2023-12-12,49.498,49.678,49.068,49.488,2626713,,,0.2025,hfq
2023-12-13,49.298,49.728,48.958,48.958,2437840,,,-1.0710,hfq
2023-12-14,49.218,49.758,48.718,48.968,2639343,,,0.0204,hfq
2023-12-15,49.178,49.298,47.448,47.878,3694814,,,-2.2259,hfq
2023-12-18,47.518,47.688,46.708,46.858,2904746,,,-2.1304,hfq
2023-12-19,46.768,47.138,46.408,46.688,2203574,,,-0.3628,hfq
2023-12-20,46.908,46.908,46.108,46.388,2682998,,,-0.6426,hfq
2023-12-21,46.208,46.908,45.958,46.458,2861256,,,0.1509,hfq
2023-12-22,46.358,46.798,45.728,46.218,4010353,,,-0.5166,hfq
2023-12-25,45.968,46.998,45.968,46.358,2633206,,,0.3029,hfq
2023-12-26,46.238,46.588,44.108,44.938,4601797,,,-3.0631,hfq
2023-12-27,45.108,45.278,44.568,44.928,2936201,,,-0.0223,hfq
2023-12-28,44.818,45.548,44.468,45.138,5818836,,,0.4674,hfq
2023-12-29,45.148,45.668,44.338,44.628,5924454,,,-1.1299,hfq
2024-01-02,44.798,44.858,43.808,43.858,4555231,,,-1.7254,hfq
2024-01-03,43.688,43.958,42.678,42.938,3969427,,,-2.0977,hfq
2024-01-04,42.888,43.248,42.348,42.538,2880782,,,-0.9316,hfq
2024-01-05,42.518,42.728,41.228,41.358,3806076,,,-2.7740,hfq
2024-01-08,41.348,41.358,40.208,40.248,4185855,,,-2.6839,hfq
2024-01-09,40.298,40.388,38.578,39.008,6107755,,,-3.0809,hfq
2024-01-10,39.008,39.078,37.638,37.878,5485341,,,-2.8968,hfq
2024-01-11,37.888,39.078,37.678,38.628,4466053,,,1.9800,hfq
2024-01-12,38.618,38.618,37.318,37.408,4422443,,,-3.1583,hfq
2024-01-15,37.508,37.998,37.178,37.198,4376755,,,-0.5614,hfq
2024-01-16,37.018,37.308,36.258,36.858,4802191,,,-0.9140,hfq
2024-01-17,36.748,37.258,36.028,36.028,3516864,,,-2.2519,hfq
2024-01-18,35.748,36.168,35.018,36.098,4749584,,,0.1943,hfq
2024-01-19,36.128,36.568,35.478,35.568,2580965,,,-1.4682,hfq
2024-01-22,35.288,37.378,35.288,35.968,9364849,,,1.1246,hfq
2024-01-23,35.928,37.668,35.268,37.308,8260999,,,3.7255,hfq
2024-01-24,37.278,37.568,35.488,36.878,8088600,,,-1.1526,hfq
2024-01-25,36.828,37.588,36.028,37.388,9640364,,,1.3829,hfq
2024-01-26,37.008,37.288,35.688,35.868,7426942,,,-4.0655,hfq
2024-01-29,35.558,36.558,34.408,34.878,6524761,,,-2.7601,hfq
2024-01-30,34.818,35.478,33.588,33.628,5471032,,,-3.5839,hfq
2024-01-31,33.408,34.338,33.068,33.528,5375420,,,-0.2974,hfq
2024-02-01,33.638,34.688,32.838,34.108,6121934,,,1.7299,hfq
2024-02-02,34.108,34.308,31.698,32.578,7713332,,,-4.4858,hfq
2024-02-05,32.408,34.398,30.488,33.848,9622529,,,3.8983,hfq
2024-02-06,33.408,36.908,33.098,36.728,7991545,,,8.5086,hfq
2024-02-07,36.808,40.318,36.738,40.288,11101141,,,9.6929,hfq
2024-02-08,40.568,43.158,39.008,39.348,10579269,,,-2.3332,hfq
2024-02-19,40.008,40.058,37.798,38.508,9145949,,,-2.1348,hfq
2024-02-20,38.198,38.508,37.788,38.228,5324121,,,-0.7271,hfq
2024-02-21,37.748,38.908,37.338,37.718,8033546,,,-1.3341,hfq
2024-02-22,37.578,38.518,37.488,38.478,6362666,,,2.0150,hfq
2024-02-23,38.608,38.878,37.738,38.808,6067931,,,0.8576,hfq
2024-02-26,39.408,40.098,38.478,39.488,8124705,,,1.7522,hfq
2024-02-27,39.288,40.488,38.738,40.468,7118423,,,2.4818,hfq
2024-02-28,40.518,40.808,38.278,38.308,9274658,,,-5.3376,hfq
2024-02-29,37.948,39.888,37.948,39.218,10242081,,,2.3755,hfq
2024-03-01,39.918,41.048,39.658,40.738,8617210,,,3.8758,hfq
2024-03-04,40.748,41.308,39.858,40.308,6633902,,,-1.0555,hfq
2024-03-05,39.818,40.808,39.648,39.848,6649732,,,-1.1412,hfq
2024-03-06,39.608,40.258,39.008,39.568,4662535,,,-0.7027,hfq
2024-03-07,39.758,39.998,38.508,38.548,4585957,,,-2.5778,hfq
2024-03-08,38.578,40.208,38.528,39.778,5857098,,,3.1908,hfq
2024-03-11,39.708,40.538,39.288,40.488,5211565,,,1.7849,hfq
2024-03-12,40.408,41.408,40.298,41.108,6275181,,,1.5313,hfq
2024-03-13,41.108,41.668,40.388,40.518,5420227,,,-1.4352,hfq
2024-03-14,40.358,40.498,38.978,39.328,4989948,,,-2.9370,hfq
2024-03-15,39.228,39.758,38.668,39.588,4287169,,,0.6611,hfq
2024-03-18,39.698,41.488,39.598,41.368,6484363,,,4.4963,hfq
2024-03-19,41.308,44.158,40.688,42.808,11323762,,,3.4810,hfq
2024-03-20,42.808,43.788,41.708,42.518,8163561,,,-0.6774,hfq
2024-03-21,42.578,42.928,41.188,41.268,6590924,,,-2.9399,hfq
2024-03-22,41.308,41.428,40.228,40.578,5574432,,,-1.6720,hfq
2024-03-25,40.438,41.398,39.748,40.008,5391758,,,-1.4047,hfq
2024-03-26,39.998,41.068,39.958,40.408,5114742,,,0.9998,hfq
2024-03-27,40.198,40.388,38.518,38.528,4891830,,,-4.6525,hfq
2024-03-28,38.768,40.938,38.768,40.308,5178169,,,4.6200,hfq
2024-03-29,40.018,40.108,39.188,40.028,3507241,,,-0.6947,hfq
2024-04-01,40.408,40.598,39.428,40.108,4926791,,,0.1999,hfq
2024-04-02,40.048,40.048,38.568,39.058,5247816,,,-2.6179,hfq
2024-04-03,39.048,39.048,37.268,37.348,7995420,,,-4.3781,hfq
2024-04-08,31.068,31.508,29.958,29.958,9681951,,,-19.7869,hfq
2024-04-09,30.248,32.728,30.068,32.408,26100506,,,8.1781,hfq
2024-04-10,32.308,32.428,31.408,31.548,13392629,,,-2.6537,hfq
2024-04-11,31.388,31.858,30.738,30.848,11019974,,,-2.2188,hfq
2024-04-12,30.908,31.498,30.398,30.558,8783781,,,-0.9401,hfq
2024-04-15,30.658,31.088,29.968,30.598,11270009,,,0.1309,hfq
2024-04-16,30.618,30.688,29.108,29.368,13674190,,,-4.0199,hfq
2024-04-17,29.658,30.198,29.288,29.908,16184219,,,1.8387,hfq
2024-04-18,29.758,30.098,28.538,29.338,14927062,,,-1.9058,hfq
2024-04-19,29.038,29.408,28.548,28.558,11431708,,,-2.6587,hfq
2024-04-22,28.908,29.858,28.388,29.738,13065002,,,4.1319,hfq
2024-04-23,30.108,30.708,29.588,30.198,14624708,,,1.5468,hfq
2024-04-24,30.158,31.538,30.018,31.328,12697098,,,3.7420,hfq
2024-04-25,31.308,31.708,30.918,31.198,9654181,,,-0.4150,hfq
2024-04-26,31.118,32.568,31.118,32.188,10958987,,,3.1733,hfq
2024-04-29,32.558,33.828,32.518,33.508,12112512,,,4.1009,hfq
2024-04-30,33.508,33.828,33.068,33.508,9600818,,,0.0000,hfq
2024-05-06,32.268,32.778,31.468,32.538,18729568,,,-2.8948,hfq
2024-05-07,32.408,33.278,32.208,33.028,11106028,,,1.5059,hfq
2024-05-08,32.808,32.948,31.968,31.988,8560828,,,-3.1488,hfq
2024-05-09,31.968,32.688,31.838,32.468,8672555,,,1.5006,hfq
2024-05-10,32.808,32.908,31.548,31.728,8477363,,,-2.2792,hfq
2024-05-13,31.428,31.558,30.788,31.228,6009482,,,-1.5759,hfq
2024-05-14,31.408,31.888,30.898,30.958,7581055,,,-0.8646,hfq
2024-05-15,31.008,31.088,30.368,30.428,5844303,,,-1.7120,hfq
2024-05-16,30.508,31.108,30.348,30.528,7136694,,,0.3286,hfq
2024-05-17,30.578,31.608,30.558,31.558,8625228,,,3.3740,hfq
2024-05-20,31.548,32.258,31.338,31.758,7073599,,,0.6338,hfq
2024-05-21,31.718,31.718,31.108,31.188,4809916,,,-1.7948,hfq
2024-05-22,31.108,31.258,30.678,31.028,4829632,,,-0.5130,hfq
2024-05-23,31.028,31.088,30.208,30.288,7915816,,,-2.3849,hfq
2024-05-24,30.228,30.228,29.108,29.118,8982082,,,-3.8629,hfq
2024-05-27,29.108,29.728,28.538,29.678,7556608,,,1.9232,hfq
2024-05-28,29.608,30.018,29.178,29.468,5873164,,,-0.7076,hfq
2024-05-29,29.668,29.968,29.238,29.358,4333614,,,-0.3733,hfq
2024-05-30,29.358,30.148,28.888,29.958,6148966,,,2.0437,hfq
2024-05-31,29.958,30.938,29.918,30.558,7243054,,,2.0028,hfq
2024-06-03,30.688,30.888,30.088,30.308,6437569,,,-0.8181,hfq
2024-06-04,30.158,30.738,30.058,30.608,5181434,,,0.9898,hfq
2024-06-05,30.618,31.368,30.418,30.768,7061977,,,0.5227,hfq
2024-06-06,31.008,31.138,29.878,30.098,6673606,,,-2.1776,hfq
2024-06-07,30.308,30.358,29.388,29.668,5191529,,,-1.4287,hfq
2024-06-11,29.688,30.898,29.468,30.828,6829676,,,3.9099,hfq
2024-06-12,30.928,31.828,30.718,31.238,8367108,,,1.3300,hfq
2024-06-13,31.318,32.128,30.978,31.708,8187792,,,1.5046,hfq
2024-06-14,31.558,31.698,30.758,31.168,7911583,,,-1.7030,hfq
2024-06-17,30.908,31.538,30.738,31.258,6665777,,,0.2888,hfq
2024-06-18,31.258,31.938,30.998,31.088,6701156,,,-0.5439,hfq
2024-06-19,31.128,31.248,30.418,30.538,6223926,,,-1.7692,hfq
2024-06-20,30.538,31.548,30.538,30.598,8365711,,,0.1965,hfq
2024-06-21,30.358,30.738,29.818,30.548,5432759,,,-0.1634,hfq
2024-06-24,30.508,30.808,29.458,29.508,6581381,,,-3.4045,hfq
2024-06-25,29.548,29.688,28.348,28.588,7546657,,,-3.1178,hfq
2024-06-26,28.708,29.168,28.068,29.098,6548840,,,1.7840,hfq
2024-06-27,28.908,29.008,28.088,28.158,6474156,,,-3.2305,hfq
2024-06-28,28.108,29.168,27.958,28.378,7125399,,,0.7813,hfq
2024-07-01,28.378,28.668,27.838,28.468,5367942,,,0.3171,hfq
2024-07-02,28.488,28.558,27.228,27.308,7486496,,,-4.0748,hfq
2024-07-03,26.988,27.768,26.938,27.278,5521768,,,-0.1099,hfq
2024-07-04,27.306,27.446,26.416,26.516,5317196,,,-2.7935,hfq
2024-07-05,26.596,27.156,26.296,26.936,4034517,,,1.5839,hfq
2024-07-08,26.696,27.326,26.506,26.556,4739003,,,-1.4108,hfq
2024-07-09,26.446,27.396,26.246,27.286,6567862,,,2.7489,hfq
2024-07-10,27.256,27.656,26.996,27.196,4578316,,,-0.3298,hfq
2024-07-11,27.876,28.206,27.456,28.056,6659063,,,3.1622,hfq
2024-07-12,27.906,28.036,27.626,27.766,4236975,,,-1.0336,hfq
2024-07-15,27.976,28.256,27.256,27.416,4836904,,,-1.2605,hfq
2024-07-16,27.326,27.776,27.146,27.586,5068871,,,0.6201,hfq
2024-07-17,27.436,27.526,26.916,27.216,5949721,,,-1.3413,hfq
2024-07-18,26.926,27.096,26.406,26.856,5652085,,,-1.3228,hfq
2024-07-19,26.626,27.826,26.606,27.556,6953320,,,2.6065,hfq
2024-07-22,27.636,28.116,27.326,27.786,5625316,,,0.8347,hfq
2024-07-23,27.816,27.876,26.496,26.516,6016913,,,-4.5706,hfq
2024-07-24,26.426,26.526,25.706,25.716,5761634,,,-3.0170,hfq
2024-07-25,25.536,26.276,25.426,25.926,4475838,,,0.8166,hfq
2024-07-26,25.926,27.516,25.886,27.296,6579900,,,5.2843,hfq
2024-07-29,27.146,27.336,26.646,26.656,5832126,,,-2.3447,hfq
2024-07-30,26.586,26.966,26.026,26.576,4849959,,,-0.3001,hfq
2024-07-31,26.526,28.106,26.236,28.086,7634631,,,5.6818,hfq
2024-08-01,28.106,28.296,27.756,27.906,5368077,,,-0.6409,hfq
2024-08-02,27.656,28.206,27.186,27.246,5661925,,,-2.3651,hfq
2024-08-05,27.056,27.686,26.266,26.306,5970018,,,-3.4500,hfq
2024-08-06,26.716,27.216,26.526,27.046,4349766,,,2.8130,hfq
2024-08-07,26.886,27.726,26.776,27.156,4555984,,,0.4067,hfq
2024-08-08,26.996,27.176,26.216,26.776,4567519,,,-1.3993,hfq
2024-08-09,26.836,27.166,26.336,26.336,3053983,,,-1.6433,hfq
2024-08-12,26.256,26.376,25.956,26.046,3001413,,,-1.1012,hfq
2024-08-13,26.126,26.666,26.006,26.586,3251034,,,2.0733,hfq
2024-08-14,26.706,26.706,26.076,26.076,3089516,,,-1.9183,hfq
2024-08-15,26.026,26.816,25.836,26.356,3743180,,,1.0738,hfq
2024-08-16,26.296,26.486,25.826,25.886,4092839,,,-1.7833,hfq
2024-08-19,25.846,26.416,25.686,25.756,3514974,,,-0.5022,hfq
2024-08-20,25.716,25.816,25.126,25.246,3946481,,,-1.9801,hfq
2024-08-21,25.096,25.526,25.096,25.186,2088904,,,-0.2377,hfq
2024-08-22,25.056,25.396,24.606,24.626,2827657,,,-2.2235,hfq
2024-08-23,24.726,24.726,24.266,24.556,2883023,,,-0.2843,hfq
2024-08-26,24.626,24.996,24.536,24.716,2406122,,,0.6516,hfq
2024-08-27,24.756,24.826,24.286,24.296,2063458,,,-1.6993,hfq
2024-08-28,24.326,24.566,24.086,24.386,2117053,,,0.3704,hfq
2024-08-29,24.246,25.336,24.166,25.106,3671182,,,2.9525,hfq
2024-08-30,24.936,26.156,24.846,25.856,5073420,,,2.9873,hfq
2024-09-02,25.826,25.906,25.056,25.106,4472397,,,-2.9007,hfq
2024-09-03,25.026,25.676,25.026,25.546,2808711,,,1.7526,hfq
2024-09-04,25.276,25.956,25.196,25.786,3401098,,,0.9395,hfq
2024-09-05,25.846,28.006,25.846,27.366,9022722,,,6.1274,hfq
2024-09-06,27.526,28.086,27.236,27.406,5479685,,,0.1462,hfq
2024-09-09,27.206,27.626,26.856,27.236,4715222,,,-0.6203,hfq
2024-09-10,27.136,27.326,26.626,26.966,4079026,,,-0.9913,hfq
2024-09-11,26.826,27.226,26.776,27.116,2960644,,,0.5563,hfq
2024-09-12,27.186,27.976,27.036,27.036,3404448,,,-0.2950,hfq
2024-09-13,26.956,27.246,26.686,26.686,2978262,,,-1.2946,hfq
2024-09-18,26.706,27.466,26.326,27.106,4349942,,,1.5739,hfq
2024-09-19,27.106,27.676,26.886,27.436,5513241,,,1.2174,hfq
2024-09-20,29.026,29.096,27.206,27.326,7432460,,,-0.4009,hfq
2024-09-23,27.516,27.876,26.936,27.156,4263596,,,-0.6221,hfq
2024-09-24,27.326,28.126,26.856,28.006,6694301,,,3.1301,hfq
2024-09-25,28.226,29.476,28.226,28.936,9179134,,,3.3207,hfq
2024-09-26,28.906,31.026,28.786,31.026,11064588,,,7.2228,hfq
2024-09-27,31.406,33.406,31.406,33.386,9180788,,,7.6065,hfq
2024-09-30,35.406,39.956,35.236,39.956,21618543,,,19.6789,hfq
2024-10-08,47.846,47.846,45.876,47.846,17994410,,,19.7467,hfq
2024-10-09,46.526,53.996,43.826,48.406,36001346,,,1.1704,hfq
2024-10-10,48.336,51.096,46.026,49.126,20771594,,,1.4874,hfq
2024-10-11,47.406,49.956,46.006,46.876,14895011,,,-4.5801,hfq
2024-10-14,46.686,46.726,43.226,46.006,17831713,,,-1.8560,hfq
2024-10-15,45.316,46.526,44.386,44.506,11345447,,,-3.2604,hfq
2024-10-16,43.326,44.386,42.916,43.796,7932070,,,-1.5953,hfq
2024-10-17,44.486,46.636,44.126,45.266,11786000,,,3.3565,hfq
2024-10-18,44.836,52.516,44.606,49.176,19309908,,,8.6378,hfq
2024-10-21,50.426,53.026,49.576,51.146,17838628,,,4.0060,hfq
2024-10-22,50.726,50.806,47.926,48.706,14147820,,,-4.7707,hfq
2024-10-23,48.546,49.866,48.326,48.666,9184147,,,-0.0821,hfq
2024-10-24,48.526,49.926,47.986,49.746,7877413,,,2.2192,hfq
2024-10-25,53.516,54.536,51.736,51.786,16864823,,,4.1008,hfq
2024-10-28,51.786,53.776,51.156,51.876,11512631,,,0.1738,hfq
2024-10-29,52.396,52.716,50.406,50.726,10536653,,,-2.2168,hfq
2024-10-30,50.406,51.606,49.686,50.526,7683703,,,-0.3943,hfq
2024-10-31,50.536,52.136,49.736,50.996,10053802,,,0.9302,hfq
2024-11-01,50.356,51.256,49.336,49.526,8195381,,,-2.8826,hfq
2024-11-04,49.680,51.470,48.950,49.530,7914651,,,0.0081,hfq
2024-11-05,49.810,52.180,49.380,51.770,11495085,,,4.5225,hfq
2024-11-06,52.240,52.680,50.100,50.940,11564895,,,-1.6032,hfq
2024-11-07,50.530,53.080,50.380,52.840,11908895,,,3.7299,hfq
2024-11-08,53.480,57.750,53.480,54.370,16835136,,,2.8955,hfq
2024-11-11,55.450,56.700,53.980,55.950,14686031,,,2.9060,hfq
2024-11-12,56.030,56.470,52.760,53.430,12150596,,,-4.5040,hfq
2024-11-13,53.330,53.550,50.730,51.480,13573291,,,-3.6496,hfq
2024-11-14,51.480,52.140,49.950,50.190,9090704,,,-2.5058,hfq
2024-11-15,49.660,50.770,47.570,47.580,10514117,,,-5.2002,hfq
2024-11-18,47.560,49.020,45.970,47.860,11028836,,,0.5885,hfq
2024-11-19,48.160,49.300,46.910,48.680,8456001,,,1.7133,hfq
2024-11-20,48.910,49.230,48.060,48.540,6224876,,,-0.2876,hfq
2024-11-21,48.480,49.260,47.820,48.320,6282011,,,-0.4532,hfq
2024-11-22,48.460,48.970,46.410,46.440,6505584,,,-3.8907,hfq
2024-11-25,46.820,47.080,45.300,46.610,7745371,,,0.3661,hfq
2024-11-26,46.780,46.810,45.760,45.930,3545112,,,-1.4589,hfq
2024-11-27,45.580,48.530,45.280,48.420,8822361,,,5.4213,hfq
2024-11-28,49.080,49.080,47.290,47.580,5696805,,,-1.7348,hfq
2024-11-29,47.580,49.310,47.140,48.580,7162343,,,2.1017,hfq
2024-12-02,48.540,49.550,47.580,49.310,7736481,,,1.5027,hfq
2024-12-03,49.090,49.280,47.890,48.700,5138856,,,-1.2371,hfq
2024-12-04,48.780,49.550,47.650,48.040,5428065,,,-1.3552,hfq
2024-12-05,47.830,48.830,47.440,48.460,4872121,,,0.8743,hfq
2024-12-06,48.780,51.030,48.150,49.880,7951201,,,2.9303,hfq
2024-12-09,49.900,50.460,48.760,49.150,4369116,,,-1.4635,hfq
2024-12-10,52.060,52.540,49.690,50.230,7267803,,,2.1974,hfq
2024-12-11,50.280,50.880,49.640,50.520,5963416,,,0.5773,hfq
2024-12-12,50.620,51.330,49.710,49.910,5646752,,,-1.2074,hfq
2024-12-13,49.680,49.960,48.290,49.020,7735037,,,-1.7832,hfq
2024-12-16,50.130,50.920,48.240,48.510,6025390,,,-1.0404,hfq
2024-12-17,48.580,48.680,47.280,47.580,6080021,,,-1.9171,hfq
2024-12-18,47.920,49.020,47.720,48.250,5335700,,,1.4082,hfq
2024-12-19,47.890,48.870,47.610,48.280,5252662,,,0.0622,hfq
2024-12-20,48.300,49.910,48.030,49.180,7096958,,,1.8641,hfq
2024-12-23,49.480,51.670,49.290,50.170,12354459,,,2.0130,hfq
2024-12-24,50.260,50.680,49.380,50.240,8187075,,,0.1395,hfq
2024-12-25,50.400,50.460,48.480,49.130,7151464,,,-2.2094,hfq
2024-12-26,48.900,50.720,48.780,49.890,7954042,,,1.5469,hfq
2024-12-27,50.380,52.830,49.590,50.800,12493238,,,1.8240,hfq
2024-12-30,50.960,51.180,49.590,49.900,6497378,,,-1.7717,hfq
2024-12-31,49.980,50.030,47.590,47.590,7140892,,,-4.6293,hfq
2025-01-02,47.530,48.030,46.010,46.370,6862933,,,-2.5636,hfq
2025-01-03,46.440,47.240,45.880,46.130,4930426,,,-0.5176,hfq
2025-01-06,45.970,46.970,45.400,46.560,4825758,,,0.9321,hfq
2025-01-07,46.780,47.390,45.840,46.870,4918619,,,0.6658,hfq
2025-01-08,46.780,47.110,44.840,46.560,5729746,,,-0.6614,hfq
2025-01-09,46.320,47.580,46.320,46.700,4274982,,,0.3007,hfq
2025-01-10,46.090,48.620,46.090,47.370,7025293,,,1.4347,hfq
2025-01-13,46.900,48.210,46.620,47.380,4955567,,,0.0211,hfq
2025-01-14,47.570,50.850,46.860,50.340,7894500,,,6.2474,hfq
2025-01-15,50.160,50.680,49.700,49.880,5289315,,,-0.9138,hfq
2025-01-16,50.270,51.000,49.110,49.710,5942520,,,-0.3408,hfq
2025-01-17,49.740,50.930,49.070,50.420,5488303,,,1.4283,hfq
2025-01-20,50.740,51.440,49.850,50.180,4572143,,,-0.4760,hfq
2025-01-21,50.320,51.420,49.720,51.340,6715231,,,2.3117,hfq
2025-01-22,51.330,52.040,50.610,51.640,5729184,,,0.5843,hfq
2025-01-23,52.190,52.530,50.510,50.540,6277503,,,-2.1301,hfq
2025-01-24,50.390,51.130,50.160,50.320,5591954,,,-0.4353,hfq
2025-01-27,50.530,51.350,50.040,50.400,5846463,,,0.1590,hfq
2025-02-05,50.880,51.160,49.580,49.970,6158312,,,-0.8532,hfq
2025-02-06,49.890,51.680,49.190,51.660,8819940,,,3.3820,hfq
2025-02-07,51.800,54.520,51.550,53.530,11152165,,,3.6198,hfq
2025-02-10,53.880,56.580,53.610,55.000,12312756,,,2.7461,hfq
2025-02-11,54.720,56.170,53.280,55.430,9030133,,,0.7818,hfq
2025-02-12,55.110,56.050,54.480,55.900,6825938,,,0.8479,hfq
2025-02-13,55.880,56.580,55.080,55.180,7969301,,,-1.2880,hfq
2025-02-14,55.020,55.320,53.960,54.460,7070185,,,-1.3048,hfq
2025-02-17,54.130,55.280,53.190,53.860,7114963,,,-1.1017,hfq
2025-02-18,53.930,54.570,52.080,52.580,5412523,,,-2.3765,hfq
2025-02-19,52.690,54.670,52.570,54.480,6698447,,,3.6135,hfq
2025-02-20,54.580,55.310,54.000,54.630,5694342,,,0.2753,hfq
2025-02-21,54.660,56.530,54.640,55.690,9069739,,,1.9403,hfq
2025-02-24,57.580,57.750,55.190,57.100,11031196,,,2.5319,hfq
2025-02-25,56.460,58.270,55.960,56.770,9059561,,,-0.5779,hfq
2025-02-26,56.830,59.240,55.830,58.080,10059598,,,2.3076,hfq
2025-02-27,58.080,58.190,55.800,57.160,7220825,,,-1.5840,hfq
2025-02-28,56.460,57.070,54.130,54.240,8183001,,,-5.1085,hfq
2025-03-03,54.380,55.560,53.380,53.670,6822570,,,-1.0509,hfq
2025-03-04,53.560,56.170,53.440,56.110,9160900,,,4.5463,hfq
2025-03-05,56.060,58.440,55.780,57.520,8410728,,,2.5129,hfq
2025-03-06,58.580,63.720,57.990,62.460,13098809,,,8.5883,hfq
2025-03-07,62.390,64.330,61.890,63.270,10545827,,,1.2968,hfq
2025-03-10,63.210,64.860,61.850,63.480,9108735,,,0.3319,hfq
2025-03-11,62.870,65.960,62.440,65.690,10528491,,,3.4814,hfq
2025-03-12,67.250,68.470,63.580,64.200,9792102,,,-2.2682,hfq
2025-03-13,64.200,64.530,62.580,63.480,7143800,,,-1.1215,hfq
2025-03-14,63.480,64.530,62.750,64.370,6800237,,,1.4020,hfq
2025-03-17,64.390,64.780,62.860,63.130,5275251,,,-1.9264,hfq
2025-03-18,63.400,65.500,62.890,64.290,5924437,,,1.8375,hfq
2025-03-19,64.050,64.270,62.940,63.240,4814449,,,-1.6332,hfq
2025-03-20,63.260,63.560,61.470,61.780,5592624,,,-2.3087,hfq
2025-03-21,61.080,62.280,60.560,60.950,5345648,,,-1.3435,hfq
2025-03-24,61.040,62.320,58.940,60.100,5303520,,,-1.3946,hfq
2025-03-25,59.950,61.240,59.460,59.940,4282888,,,-0.2662,hfq
2025-03-26,59.900,62.840,59.700,61.510,7520627,,,2.6193,hfq
2025-03-27,61.280,63.940,60.720,62.600,5693412,,,1.7721,hfq
2025-03-28,62.620,63.910,61.680,62.110,5366794,,,-0.7827,hfq
2025-03-31,61.380,62.440,60.490,61.670,3946651,,,-0.7084,hfq
2025-04-01,62.100,62.810,61.150,61.190,4632228,,,-0.7783,hfq
2025-04-02,60.920,63.460,60.700,62.610,3847143,,,2.3206,hfq
2025-04-03,62.080,63.180,58.950,59.080,7505961,,,-5.6381,hfq
2025-04-07,53.330,57.080,52.060,55.080,11368924,,,-6.7705,hfq
2025-04-08,55.980,56.270,52.690,53.740,7760242,,,-2.4328,hfq
2025-04-09,52.980,58.070,51.610,56.890,9849859,,,5.8616,hfq
2025-04-10,57.580,59.080,56.960,57.800,5938396,,,1.5996,hfq
2025-04-11,57.170,60.340,55.070,58.320,10393838,,,0.8997,hfq
2025-04-14,58.320,58.600,56.290,56.680,8662715,,,-2.8121,hfq
2025-04-15,56.830,56.830,53.780,55.400,8310404,,,-2.2583,hfq
2025-04-16,54.740,55.560,53.690,54.650,3859369,,,-1.3538,hfq
2025-04-17,54.560,55.190,53.680,53.750,4362938,,,-1.6468,hfq
2025-04-18,53.720,54.080,53.150,53.460,3270181,,,-0.5395,hfq
2025-04-21,53.280,55.130,52.770,54.610,4383962,,,2.1511,hfq
2025-04-22,54.340,54.730,52.410,52.410,5602922,,,-4.0286,hfq
2025-04-23,52.720,53.980,52.110,53.420,5671743,,,1.9271,hfq
2025-04-24,53.300,56.360,53.260,54.680,8994933,,,2.3587,hfq
2025-04-25,54.390,56.520,52.320,56.260,11437691,,,2.8895,hfq
2025-04-28,55.890,55.890,54.170,54.880,4508780,,,-2.4529,hfq
2025-04-29,54.640,55.670,54.410,55.160,2637746,,,0.5102,hfq
2025-04-30,55.140,56.640,54.770,56.380,4564633,,,2.2117,hfq
2025-05-06,56.380,57.020,55.550,55.980,6621875,,,-0.7095,hfq
2025-05-07,57.460,58.360,56.250,58.160,9258202,,,3.8942,hfq
2025-05-08,57.360,60.130,56.580,59.970,8191730,,,3.1121,hfq
2025-05-09,59.880,59.960,58.170,58.650,5117486,,,-2.2011,hfq
2025-05-12,58.840,61.390,58.680,60.360,6944931,,,2.9156,hfq
2025-05-13,59.980,60.340,59.060,59.460,4562069,,,-1.4911,hfq
2025-05-14,59.130,60.280,58.600,59.500,3241888,,,0.0673,hfq
2025-05-15,59.300,59.660,58.080,58.280,2479254,,,-2.0504,hfq
2025-05-16,57.780,59.120,57.780,58.190,2367730,,,-0.1544,hfq
2025-05-19,58.440,58.750,57.110,57.880,3580158,,,-0.5327,hfq
2025-05-20,57.590,59.880,57.240,59.140,4324081,,,2.1769,hfq
2025-05-21,59.230,59.970,58.580,58.930,2891359,,,-0.3551,hfq
2025-05-22,58.600,60.530,58.590,59.200,3499962,,,0.4582,hfq
2025-05-23,59.080,60.360,58.390,59.030,3212876,,,-0.2872,hfq
2025-05-26,59.050,61.460,58.330,61.160,5950561,,,3.6083,hfq
2025-05-27,61.080,62.760,60.480,62.180,4135553,,,1.6678,hfq
2025-05-28,62.030,62.380,60.880,61.180,2751661,,,-1.6082,hfq
2025-05-29,61.180,62.240,60.960,60.990,3060515,,,-0.3106,hfq
2025-05-30,60.790,62.060,60.080,61.380,3251442,,,0.6394,hfq
2025-06-03,61.500,62.180,60.690,61.760,3292478,,,0.6191,hfq
2025-06-04,61.770,62.130,60.130,61.790,3315851,,,0.0486,hfq
2025-06-05,61.790,64.760,61.670,64.310,6629821,,,4.0783,hfq
2025-06-06,64.460,65.630,62.680,62.800,4873610,,,-2.3480,hfq
2025-06-09,63.010,65.300,62.610,64.460,4943928,,,2.6433,hfq
2025-06-10,64.050,65.380,61.540,62.390,5499019,,,-3.2113,hfq
2025-06-11,62.400,62.760,61.910,62.160,2395322,,,-0.3686,hfq
2025-06-12,61.930,63.570,61.080,61.180,4411870,,,-1.5766,hfq
2025-06-13,61.290,62.480,60.780,61.530,6662512,,,0.5721,hfq
2025-06-16,60.990,64.450,60.990,62.900,5931217,,,2.2266,hfq
2025-06-17,62.870,63.830,61.790,62.230,3243162,,,-1.0652,hfq
2025-06-18,62.190,63.460,61.470,63.290,5106866,,,1.7034,hfq
2025-06-19,63.220,65.490,62.870,65.010,7246468,,,2.7176,hfq
2025-06-20,64.790,64.980,63.400,64.080,4130216,,,-1.4305,hfq
2025-06-23,64.190,64.600,62.880,63.690,2603945,,,-0.6086,hfq
2025-06-24,64.050,65.000,62.840,64.720,4187387,,,1.6172,hfq
2025-06-25,64.800,67.770,64.630,67.600,7810443,,,4.4499,hfq
2025-06-26,67.680,67.980,66.150,66.330,3892257,,,-1.8787,hfq
2025-06-27,66.460,68.110,65.740,67.390,4700525,,,1.5981,hfq
2025-06-30,67.690,71.280,67.160,70.300,7890543,,,4.3181,hfq
2025-07-01,69.080,71.060,67.940,69.060,5255241,,,-1.7639,hfq
2025-07-02,68.980,70.260,67.930,68.380,3662889,,,-0.9847,hfq
2025-07-03,68.360,71.270,68.150,71.020,4687233,,,3.8608,hfq
2025-07-04,70.770,71.230,69.090,69.350,3952149,,,-2.3515,hfq
2025-07-07,68.850,69.780,67.490,68.180,2647414,,,-1.6871,hfq
2025-07-08,68.160,70.030,67.240,69.600,4072435,,,2.0827,hfq
2025-07-09,69.460,70.530,68.540,68.730,2722340,,,-1.2500,hfq
2025-07-10,68.580,69.180,67.690,68.610,2596126,,,-0.1746,hfq
2025-07-11,68.410,69.550,67.550,67.940,3643923,,,-0.9765,hfq
2025-07-14,67.610,68.380,63.780,65.580,10820138,,,-3.4737,hfq
2025-07-15,65.230,66.950,64.660,66.340,6543452,,,1.1589,hfq
2025-07-16,66.450,67.160,65.510,66.730,4667412,,,0.5879,hfq
2025-07-17,66.660,67.910,66.150,67.360,4070007,,,0.9441,hfq
2025-07-18,67.520,68.660,65.820,65.860,6546944,,,-2.2268,hfq
2025-07-21,65.860,66.860,64.960,65.910,7249189,,,0.0759,hfq
2025-07-22,65.910,68.040,65.710,66.640,4724942,,,1.1076,hfq
2025-07-23,66.370,68.780,65.740,67.920,6483207,,,1.9208,hfq
2025-07-24,68.060,69.460,67.620,69.460,5042221,,,2.2674,hfq
2025-07-25,69.220,69.310,67.410,67.760,4524256,,,-2.4475,hfq
2025-07-28,67.760,68.060,66.330,67.050,6244891,,,-1.0478,hfq
2025-07-29,66.860,67.760,65.210,66.930,6075607,,,-0.1790,hfq
2025-07-30,67.040,68.160,66.310,66.660,4657557,,,-0.4034,hfq
2025-07-31,66.660,68.040,65.940,66.070,4507199,,,-0.8851,hfq
2025-08-01,66.070,67.320,65.210,65.830,4590261,,,-0.3633,hfq
2025-08-04,65.530,67.540,65.180,67.100,5649010,,,1.9292,hfq
2025-08-05,67.540,67.960,65.980,66.170,5037081,,,-1.3860,hfq
2025-08-06,66.150,71.570,65.540,71.430,11907419,,,7.9492,hfq
2025-08-07,71.430,72.040,69.490,69.730,4552270,,,-2.3800,hfq
2025-08-08,69.460,70.140,68.550,69.160,3818971,,,-0.8174,hfq
2025-08-11,69.220,70.510,68.660,69.460,4031441,,,0.4338,hfq
2025-08-12,69.660,70.340,68.660,69.560,4777804,,,0.1440,hfq
2025-08-13,69.400,71.160,69.310,69.460,4140246,,,-0.1438,hfq
2025-08-14,69.480,70.210,67.360,68.230,4800825,,,-1.7708,hfq
2025-08-15,67.970,68.310,66.860,68.120,5154858,,,-0.1612,hfq
2025-08-18,68.130,69.900,68.130,68.730,5639933,,,0.8955,hfq
2025-08-19,68.860,70.040,68.340,68.700,4971733,,,-0.0436,hfq
2025-08-20,68.740,70.160,67.770,70.100,4908663,,,2.0378,hfq
2025-08-21,70.090,71.130,69.050,69.620,6182881,,,-0.6847,hfq
2025-08-22,69.620,73.620,69.310,72.610,10632890,,,4.2947,hfq
2025-08-25,73.840,74.640,70.960,71.890,8068523,,,-0.9916,hfq
2025-08-26,71.890,75.160,71.470,73.590,7685028,,,2.3647,hfq
2025-08-27,73.230,77.470,73.230,74.260,10660566,,,0.9104,hfq
2025-08-28,74.360,78.260,74.360,78.260,10010855,,,5.3865,hfq
2025-08-29,79.420,80.330,75.470,77.360,13313604,,,-1.1500,hfq
2025-09-01,77.560,79.850,75.600,77.410,7618877,,,0.0646,hfq
2025-09-02,77.410,77.910,74.560,76.160,7969951,,,-1.6148,hfq
2025-09-03,76.590,77.650,74.970,75.420,6689435,,,-0.9716,hfq
2025-09-04,75.310,76.040,70.260,71.450,9651293,,,-5.2639,hfq
2025-09-05,71.370,73.160,70.720,72.490,6674556,,,1.4556,hfq
2025-09-08,72.490,74.960,71.860,74.560,6235528,,,2.8556,hfq
2025-09-09,74.190,75.220,72.290,73.160,4975324,,,-1.8777,hfq
2025-09-10,72.480,74.350,72.350,73.460,4353071,,,0.4101,hfq
2025-09-11,73.590,76.160,73.270,76.020,6012240,,,3.4849,hfq
2025-09-12,75.750,76.470,74.910,75.310,5542604,,,-0.9340,hfq
2025-09-15,76.640,76.640,72.370,72.540,8033887,,,-3.6781,hfq
2025-09-16,72.340,74.540,71.820,74.160,5347511,,,2.2333,hfq
2025-09-17,73.960,75.740,73.140,75.530,4498442,,,1.8474,hfq
2025-09-18,75.660,79.240,74.980,76.660,8376495,,,1.4961,hfq
2025-09-19,76.660,83.460,76.510,82.400,10785752,,,7.4876,hfq
2025-09-22,81.630,82.450,79.920,82.240,5980249,,,-0.1942,hfq
2025-09-23,82.250,84.960,81.290,84.760,7253020,,,3.0642,hfq
2025-09-24,83.960,88.740,83.370,87.700,8929281,,,3.4686,hfq
2025-09-25,87.710,88.530,84.450,86.370,7881021,,,-1.5165,hfq
2025-09-26,86.400,88.240,85.890,86.390,6368229,,,0.0232,hfq
2025-09-29,86.440,87.190,84.110,85.730,6643400,,,-0.7640,hfq
2025-09-30,86.190,89.940,85.280,89.180,7099737,,,4.0243,hfq
2025-10-09,89.520,90.740,87.050,88.150,6502709,,,-1.1550,hfq
2025-10-10,87.740,89.920,85.240,85.950,7884267,,,-2.4957,hfq
2025-10-13,83.280,86.940,82.450,85.070,8071421,,,-1.0239,hfq
2025-10-14,85.710,85.710,79.850,80.340,8971420,,,-5.5601,hfq
2025-10-15,80.360,82.220,79.120,81.740,5954152,,,1.7426,hfq
2025-10-16,81.660,82.620,80.440,80.940,4434096,,,-0.9787,hfq
2025-10-17,80.420,81.140,76.850,77.120,5292724,,,-4.7195,hfq
2025-10-20,77.710,78.640,76.550,77.210,3629811,,,0.1167,hfq
2025-10-21,76.640,81.920,76.640,80.640,5664519,,,4.4424,hfq
2025-10-22,80.130,80.190,77.120,79.140,5375751,,,-1.8601,hfq
2025-10-23,79.030,79.250,77.680,78.320,3137520,,,-1.0361,hfq
2025-10-24,78.700,81.090,77.940,80.300,5001162,,,2.5281,hfq
2025-10-27,80.990,82.860,79.990,81.750,6849385,,,1.8057,hfq
2025-10-28,85.720,88.470,84.740,85.150,8215825,,,4.1590,hfq
2025-10-29,86.070,87.050,84.880,85.760,6365377,,,0.7164,hfq
2025-10-30,85.460,87.920,84.920,85.610,8714995,,,-0.1749,hfq
2025-10-31,85.870,86.970,83.470,83.790,7022823,,,-2.1259,hfq
2025-11-03,83.560,83.940,79.370,81.260,9153007,,,-3.0195,hfq
2025-11-04,80.770,82.740,80.060,80.930,5624668,,,-0.4061,hfq
2025-11-05,80.460,80.950,78.640,80.490,4102843,,,-0.5437,hfq
2025-11-06,80.760,82.670,79.990,81.740,4604585,,,1.5530,hfq
2025-11-07,81.430,81.560,78.750,79.730,5046548,,,-2.4590,hfq
2025-11-10,79.870,81.720,77.250,80.890,6652295,,,1.4549,hfq
2025-11-11,81.440,82.420,78.420,78.760,4368953,,,-2.6332,hfq
2025-11-12,78.360,79.330,77.120,77.600,3840662,,,-1.4728,hfq
2025-11-13,77.600,79.950,77.600,79.500,4516644,,,2.4485,hfq
2025-11-14,79.070,81.600,78.740,80.040,3926941,,,0.6792,hfq
2025-11-17,81.240,81.900,80.140,81.090,3355140,,,1.3118,hfq
2025-11-18,80.970,81.180,78.420,79.090,3743867,,,-2.4664,hfq
2025-11-19,79.270,80.740,78.850,79.660,3345708,,,0.7207,hfq
2025-11-20,80.250,81.020,78.240,80.520,3828907,,,1.0796,hfq
2025-11-21,79.620,81.010,77.790,77.960,4068441,,,-3.1793,hfq
2025-11-24,78.540,79.570,76.640,78.350,4272415,,,0.5003,hfq
2025-11-25,78.720,79.810,76.550,77.150,5021895,,,-1.5316,hfq
2025-11-26,76.970,77.920,75.900,76.020,5083392,,,-1.4647,hfq
2025-11-27,75.990,78.140,75.720,76.040,4678460,,,0.0263,hfq
2025-11-28,76.250,77.370,75.700,76.840,2977427,,,1.0521,hfq
2025-12-01,76.840,78.400,76.550,78.040,3723524,,,1.5617,hfq
2025-12-02,78.240,80.220,77.440,78.310,4177694,,,0.3460,hfq
2025-12-03,78.370,79.840,77.570,78.140,4030939,,,-0.2171,hfq
2025-12-04,78.170,80.610,76.670,80.440,5446180,,,2.9434,hfq
2025-12-05,80.740,85.090,80.740,85.090,7685720,,,5.7807,hfq
2025-12-08,87.400,88.710,84.910,85.270,10491247,,,0.2115,hfq
2025-12-09,84.960,86.640,84.250,86.040,7218187,,,0.9030,hfq
2025-12-10,85.870,86.980,84.790,86.790,4591158,,,0.8717,hfq
2025-12-11,86.790,88.090,86.320,86.800,4690451,,,0.0115,hfq
2025-12-12,86.400,89.620,85.350,88.710,7203097,,,2.2005,hfq
2025-12-15,88.650,90.010,87.490,88.090,4431435,,,-0.6989,hfq
2025-12-16,87.870,88.180,85.750,87.350,5409673,,,-0.8400,hfq
2025-12-17,87.240,88.830,84.740,87.360,6243366,,,0.0114,hfq
2025-12-18,87.730,90.020,87.360,88.700,5755058,,,1.5339,hfq
2025-12-19,88.980,90.240,87.570,89.830,5419758,,,1.2740,hfq
2025-12-22,90.640,90.640,88.180,89.050,4992023,,,-0.8683,hfq
2025-12-23,89.130,92.210,88.570,89.750,5999037,,,0.7861,hfq
2025-12-24,88.970,91.530,88.400,90.930,4816818,,,1.3148,hfq
2025-12-25,91.740,96.150,89.760,96.040,8761459,,,5.6197,hfq
2025-12-26,95.940,96.710,94.170,96.040,6974372,,,0.0000,hfq
2025-12-29,94.450,95.290,92.760,94.540,6012776,,,-1.5618,hfq
2025-12-30,95.740,99.930,95.740,98.390,10129402,,,4.0724,hfq
2025-12-31,97.740,102.020,97.140,101.540,8035946,,,3.2015,hfq
2026-01-05,102.620,102.740,98.340,99.620,10156056,,,-1.8909,hfq
2026-01-06,98.100,101.720,97.850,100.050,8011566,,,0.4316,hfq
2026-01-07,99.840,104.010,98.940,100.890,7282239,,,0.8396,hfq
2026-01-08,99.640,103.660,99.640,102.640,7153997,,,1.7346,hfq
2026-01-09,102.760,108.490,102.760,107.810,11334208,,,5.0370,hfq
2026-01-12,109.920,119.620,106.450,114.990,17429749,,,6.6599,hfq
2026-01-13,113.030,114.500,107.950,109.010,13552272,,,-5.2005,hfq
2026-01-14,109.680,110.540,103.640,105.540,14801091,,,-3.1832,hfq
2026-01-15,103.340,105.740,102.040,105.230,9400920,,,-0.2937,hfq
2026-01-16,105.950,106.540,102.700,105.340,9260896,,,0.1045,hfq
2026-01-19,104.400,106.550,104.110,104.330,6202400,,,-0.9588,hfq
2026-01-20,105.130,105.700,101.770,104.520,7260393,,,0.1821,hfq
2026-01-21,103.740,105.660,103.160,104.230,6071926,,,-0.2775,hfq
2026-01-22,104.450,106.290,102.520,103.500,7445601,,,-0.7004,hfq
2026-01-23,121.690,124.050,115.820,124.050,15394397,,,19.8551,hfq
2026-01-26,129.740,132.740,121.960,125.700,25735609,,,1.3301,hfq
2026-01-27,125.700,127.740,122.540,123.840,14012126,,,-1.4797,hfq
2026-01-28,123.320,125.040,118.910,120.610,12453142,,,-2.6082,hfq
2026-01-29,119.390,122.740,114.130,115.030,11210507,,,-4.6265,hfq
2026-01-30,114.320,116.240,109.540,113.660,11385690,,,-1.1910,hfq
2026-02-02,112.740,114.670,108.010,108.940,11644982,,,-4.1527,hfq
2026-02-03,110.540,115.630,109.740,115.390,12975478,,,5.9207,hfq
2026-02-04,114.740,118.310,113.250,117.960,11773967,,,2.2272,hfq
2026-02-05,115.960,116.590,111.310,113.710,9578417,,,-3.6029,hfq
2026-02-06,112.890,114.020,110.650,110.740,7029405,,,-2.6119,hfq
2026-02-09,112.720,114.440,110.480,113.180,8101384,,,2.2034,hfq
2026-02-10,112.740,116.400,111.750,115.530,7723875,,,2.0763,hfq
2026-02-11,114.740,117.070,114.140,114.680,5400293,,,-0.7357,hfq
2026-02-12,114.390,116.730,114.390,116.140,6625772,,,1.2731,hfq
2026-02-13,116.140,117.940,114.530,115.400,6558364,,,-0.6372,hfq
2026-02-24,116.240,116.690,113.840,115.000,6273735,,,-0.3466,hfq
2026-02-25,114.780,116.270,112.460,115.740,8159070,,,0.6435,hfq
2026-02-26,115.540,119.930,113.740,118.520,7461940,,,2.4019,hfq
2026-02-27,117.740,117.970,115.240,117.550,5442001,,,-0.8184,hfq
2026-03-02,118.270,122.720,118.270,120.830,11699639,,,2.7903,hfq
2026-03-03,120.830,120.890,110.720,111.120,13357903,,,-8.0361,hfq
2026-03-04,109.340,113.240,109.300,109.910,7377093,,,-1.0889,hfq
2026-03-05,112.030,112.030,106.490,107.880,9934985,,,-1.8470,hfq
2026-03-06,106.760,110.340,105.870,107.970,6744263,,,0.0834,hfq
2026-03-09,105.570,108.430,103.580,107.650,6951421,,,-0.2964,hfq
2026-03-10,108.750,111.080,108.550,109.340,4537151,,,1.5699,hfq
2026-03-11,109.540,112.230,108.340,108.580,5212716,,,-0.6951,hfq
2026-03-12,107.760,109.530,105.740,107.460,5483891,,,-1.0315,hfq
2026-03-13,106.120,107.930,104.270,104.340,6411617,,,-2.9034,hfq
2026-03-16,104.600,106.240,102.020,105.740,7330480,,,1.3418,hfq
2026-03-17,106.340,107.440,102.240,102.250,4702862,,,-3.3005,hfq
2026-03-18,103.120,104.320,101.340,104.210,5698114,,,1.9169,hfq
2026-03-19,101.860,104.440,101.760,102.370,5002932,,,-1.7657,hfq
2026-03-20,103.590,105.340,100.740,101.740,5994961,,,-0.6154,hfq
2026-03-23,99.620,102.020,97.620,98.150,8100803,,,-3.5286,hfq
2026-03-24,99.620,100.900,97.240,100.400,6070608,,,2.2924,hfq
2026-03-25,101.020,102.930,100.190,101.040,4905127,,,0.6375,hfq
2026-03-26,101.030,101.630,99.140,100.160,4737645,,,-0.8709,hfq
2026-03-27,100.340,103.960,99.610,101.940,5115168,,,1.7772,hfq
2026-03-30,100.200,105.470,100.040,104.530,7715192,,,2.5407,hfq
2026-03-31,104.090,106.060,101.870,101.940,5563766,,,-2.4778,hfq
2026-04-01,103.890,104.970,102.620,104.550,5561553,,,2.5603,hfq
2026-04-02,104.020,104.240,100.450,102.230,6312812,,,-2.2190,hfq
2026-04-03,102.600,104.240,101.870,102.930,4011670,,,0.6847,hfq
2026-04-07,102.220,103.230,98.870,100.700,7154665,,,-2.1665,hfq
2026-04-08,103.260,109.540,103.260,109.180,9997194,,,8.4211,hfq
2026-04-09,110.390,118.270,110.390,116.750,13204941,,,6.9335,hfq
2026-04-10,118.280,125.410,116.750,121.940,14857347,,,4.4454,hfq
2026-04-13,120.740,122.720,117.620,119.830,9835684,,,-1.7304,hfq
2026-04-14,121.540,122.110,119.510,121.120,6808222,,,1.0765,hfq
2026-04-15,121.260,125.050,121.140,121.730,8918321,,,0.5036,hfq
2026-04-16,122.740,127.400,121.450,126.340,9896755,,,3.7871,hfq
2026-04-17,126.290,131.740,125.620,130.440,8800775,,,3.2452,hfq
2026-04-20,131.120,133.940,129.570,132.050,11947572,,,1.2343,hfq
2026-04-21,131.740,137.180,130.540,135.550,9160622,,,2.6505,hfq
2026-04-22,134.740,138.680,134.700,136.940,7845592,,,1.0255,hfq
2026-04-23,136.740,137.500,131.740,134.190,8255475,,,-2.0082,hfq
2026-04-24,133.540,135.740,130.850,133.490,7481739,,,-0.5216,hfq
2026-04-27,134.660,140.230,134.070,138.740,9743583,,,3.9329,hfq
2026-04-28,158.740,158.740,141.550,146.700,19781540,,,5.7374,hfq
2026-04-29,144.860,147.400,141.400,146.240,11058772,,,-0.3136,hfq
2026-04-30,144.040,151.230,142.360,146.750,9363787,,,0.3487,hfq
2026-05-06,148.030,152.510,147.240,149.340,11925539,,,1.7649,hfq
2026-05-07,149.340,150.120,145.880,147.700,10788327,,,-1.0982,hfq
2026-05-08,146.010,148.740,144.740,148.000,7700737,,,0.2031,hfq
2026-05-11,148.190,150.190,143.740,145.290,12169767,,,-1.8311,hfq
2026-05-12,145.590,148.340,144.340,144.840,8527643,,,-0.3097,hfq
2026-05-13,143.540,148.330,141.820,147.250,8829283,,,1.6639,hfq
2026-05-14,146.740,148.640,140.720,140.730,11372096,,,-4.4278,hfq
2026-05-15,141.300,141.720,134.340,135.400,11178512,,,-3.7874,hfq
2026-05-18,136.060,139.940,133.420,134.840,9336932,,,-0.4136,hfq
2026-05-19,135.030,135.030,128.830,134.000,10678152,,,-0.6230,hfq
2026-05-20,133.690,136.520,132.740,135.780,8334196,,,1.3284,hfq
2026-05-21,137.470,139.470,129.650,130.120,8869564,,,-4.1685,hfq
2026-05-22,132.710,137.060,129.000,134.520,11931955,,,3.3815,hfq
2026-05-25,135.550,138.670,132.740,137.760,10542515,,,2.4086,hfq
2026-05-26,137.600,138.240,131.960,133.990,8234146,,,-2.7366,hfq
2026-05-27,134.740,137.540,130.440,131.340,7431635,,,-1.9778,hfq
2026-05-28,130.540,139.530,130.400,138.430,12182032,,,5.3982,hfq
2026-05-29,138.600,138.770,127.740,128.540,16815425,,,-7.1444,hfq
2026-06-01,128.380,130.240,121.210,121.770,11562010,,,-5.2668,hfq
2026-06-02,122.740,128.740,121.300,124.450,12979683,,,2.2009,hfq
2026-06-03,123.600,125.350,120.510,122.650,13718250,,,-1.4464,hfq
2026-06-04,121.440,124.430,119.840,122.720,9863771,,,0.0571,hfq
2026-06-05,123.670,126.100,119.550,121.540,9572909,,,-0.9615,hfq
2026-06-08,119.340,121.520,115.260,117.720,10532851,,,-3.1430,hfq
2026-06-09,120.370,122.690,117.040,122.690,8435795,,,4.2219,hfq
2026-06-10,120.400,128.010,120.400,126.120,12658223,,,2.7957,hfq
2026-06-11,125.760,132.510,123.750,131.550,14226382,,,4.3054,hfq
2026-06-12,133.840,134.240,129.760,130.640,11770283,,,-0.6918,hfq
2026-06-15,131.640,135.640,127.340,135.490,12524135,,,3.7125,hfq
2026-06-16,135.490,137.190,133.240,134.590,9035333,,,-0.6643,hfq
2026-06-17,133.620,147.250,133.240,146.540,12044564,,,8.8788,hfq
2026-06-18,146.600,149.740,144.570,148.500,8408375,,,1.3375,hfq
2026-06-22,148.840,150.600,144.820,150.240,11111200,,,1.1717,hfq
2026-06-23,150.370,150.740,143.740,144.740,9288694,,,-3.6608,hfq
2026-06-24,144.740,146.090,142.070,143.640,8932847,,,-0.7600,hfq
2026-06-25,145.240,151.620,145.240,149.570,9536676,,,4.1284,hfq
2026-06-26,148.720,148.720,142.000,144.020,10568624,,,-3.7106,hfq
2026-06-29,143.550,147.140,137.740,144.720,10006155,,,0.4860,hfq
2026-06-30,144.760,156.790,143.840,155.430,12489559,,,7.4005,hfq
2026-07-01,155.430,157.940,148.540,149.740,11307303,,,-3.6608,hfq
2026-07-02,147.600,158.600,142.880,152.710,13018342,,,1.9834,hfq
2026-07-03,153.430,157.730,146.900,152.610,13026484,,,-0.0655,hfq
2026-07-06,153.870,156.590,145.880,150.520,10790593,,,-1.3695,hfq
2026-07-07,150.520,157.560,147.770,152.120,9727655,,,1.0630,hfq
2026-07-08,152.810,161.410,152.810,155.630,14846096,,,2.3074,hfq
2026-07-09,160.030,167.690,157.790,165.350,17518541,,,6.2456,hfq
2026-07-10,162.040,169.480,150.030,150.030,25189618,,,-9.2652,hfq
2026-07-13,147.130,152.390,141.080,142.590,16875300,,,-4.9590,hfq
2026-07-14,144.030,146.880,139.170,145.730,12749881,,,2.2021,hfq
2026-07-15,145.970,148.930,140.310,142.530,9793776,,,-2.1958,hfq
2026-07-16,140.310,144.890,134.830,136.910,10697602,,,-3.9430,hfq
2026-07-17,135.560,136.910,124.010,126.480,13961129,,,-7.6181,hfq
2026-07-20,128.660,132.030,123.630,126.590,13988236,,,0.0870,hfq
2026-07-21,141.030,151.700,136.460,151.700,29958687,,,19.8357,hfq
2026-07-22,149.950,157.530,148.310,150.510,22166140,,,-0.7844,hfq
2026-07-23,151.030,157.970,149.530,155.120,18060349,,,3.0629,hfq
2026-07-24,152.330,157.880,151.130,151.130,12084955,,,-2.5722,hfq
2026-07-27,150.530,155.680,148.530,154.800,12860520,,,2.4284,hfq
2026-07-28,151.230,152.520,141.950,143.050,14541891,,,-7.5904,hfq
2026-07-29,144.330,150.680,142.240,147.020,13873763,,,2.7753,hfq
2026-07-30,145.270,146.030,130.050,136.630,18080628,,,-7.0671,hfq
2026-07-31,144.530,150.810,142.260,142.680,16579938,,,4.4280,hfq
2026-08-03,142.880,144.930,137.490,138.660,11553746,,,-2.8175,hfq
2026-08-04,141.020,144.610,138.010,142.590,8616608,,,2.8343,hfq
2026-08-05,142.690,154.840,142.570,152.870,11809915,,,7.2095,hfq
2026-08-06,150.040,160.210,149.200,156.540,10846990,,,2.4007,hfq
2026-08-07,156.640,171.830,155.530,171.070,14649380,,,9.2820,hfq
2026-08-10,171.230,174.250,166.030,170.030,12631290,,,-0.6079,hfq
2026-08-11,170.030,176.450,167.230,167.780,13366465,,,-1.3233,hfq
2026-08-12,168.030,169.630,165.050,168.690,8739477,,,0.5424,hfq
2026-08-13,170.330,173.320,167.070,167.280,8032694,,,-0.8359,hfq
2026-08-14,168.030,170.600,164.160,167.040,8969272,,,-0.1435,hfq
2026-08-17,167.960,171.920,165.080,169.810,11710926,,,1.6583,hfq
2026-08-18,173.030,180.030,167.460,175.870,18143475,,,3.5687,hfq
2026-08-19,172.030,179.910,161.530,163.200,16914969,,,-7.2042,hfq
2026-08-20,166.030,168.800,159.170,160.910,10829485,,,-1.4032,hfq
2026-08-21,162.030,168.030,160.230,161.440,9499818,,,0.3294,hfq
2026-08-24,161.480,163.880,156.380,159.430,10331917,,,-1.2450,hfq
2026-08-25,157.130,160.110,154.440,159.300,8825200,,,-0.0815,hfq
2026-08-26,158.830,161.000,157.040,157.640,6022669,,,-1.0421,hfq
2026-08-27,158.630,164.620,157.810,162.730,7870024,,,3.2289,hfq
2026-08-28,161.530,166.330,161.530,162.730,7017001,,,0.0000,hfq
2026-08-31,167.580,186.990,164.630,186.030,24075932,,,14.3182,hfq
2026-09-01,181.610,184.460,179.150,182.020,11626350,,,-2.1556,hfq
2026-09-02,181.530,183.680,175.860,181.280,9702435,,,-0.4065,hfq
2026-09-03,181.530,184.200,178.630,181.690,9199659,,,0.2262,hfq
2026-09-04,183.030,187.020,179.750,181.480,10778200,,,-0.1156,hfq
2026-09-07,181.570,184.310,175.330,182.510,13040183,,,0.5676,hfq
2026-09-08,182.030,184.030,179.050,179.730,8082151,,,-1.5232,hfq
2026-09-09,180.180,189.420,180.180,183.050,10450762,,,1.8472,hfq
2026-09-10,181.560,187.330,180.220,184.460,10342334,,,0.7703,hfq
2026-09-11,182.050,183.030,173.140,178.030,22959330,,,-3.4859,hfq
2026-09-14,174.630,181.230,173.580,178.920,10102517,,,0.4999,hfq
2026-09-15,177.030,181.000,176.530,179.530,7171636,,,0.3409,hfq
2026-09-16,180.020,188.030,179.730,187.120,9399611,,,4.2277,hfq
2026-09-17,186.030,190.940,184.810,186.030,8537175,,,-0.5825,hfq
2026-09-18,188.460,189.890,184.300,188.330,7914044,,,1.2364,hfq
