trade_date,open,high,low,close,volume,amount,turnover,pct_change,adjust
2005-04-08,984.660,1003.700,979.530,1003.450,14762500,,,,none
2005-04-11,1003.880,1008.730,992.770,995.420,15936100,,,-0.8002,none
2005-04-12,993.710,993.710,978.200,978.700,10226200,,,-1.6797,none
2005-04-13,987.950,1006.500,987.950,1000.900,16071700,,,2.2683,none
2005-04-14,1004.640,1006.420,985.580,986.970,12945700,,,-1.3917,none
2005-04-15,982.610,982.610,971.930,974.080,10409000,,,-1.3060,none
2005-04-18,970.910,970.910,958.650,963.770,8598400,,,-1.0584,none
2005-04-19,962.920,968.870,957.910,965.890,9212620,,,0.2200,none
2005-04-20,964.150,964.150,946.200,950.870,8850700,,,-1.5550,none
2005-04-21,948.860,955.550,938.590,943.980,9946150,,,-0.7246,none
2005-04-22,942.910,947.910,934.960,939.100,10691900,,,-0.5170,none
2005-04-25,935.990,935.990,920.160,930.070,11470500,,,-0.9616,none
2005-04-26,928.430,939.700,924.660,937.080,11690500,,,0.7537,none
2005-04-27,938.570,938.910,925.900,926.600,10780600,,,-1.1184,none
2005-04-28,923.530,945.500,914.830,942.070,14343500,,,1.6695,none
2005-04-29,940.810,942.450,929.810,932.400,11235400,,,-1.0265,none
2005-05-09,934.650,937.390,909.170,909.170,8529110,,,-2.4914,none
2005-05-10,905.540,913.390,892.310,913.080,10494300,,,0.4301,none
2005-05-11,911.840,917.220,900.440,901.850,9042050,,,-1.2299,none
2005-05-12,899.970,900.060,883.510,885.820,10228700,,,-1.7775,none
2005-05-13,883.510,898.510,875.580,887.540,11244900,,,0.1942,none
2005-05-16,885.390,885.390,869.330,875.270,8224289,,,-1.3825,none
2005-05-17,873.080,888.280,868.210,881.460,8772270,,,0.7072,none
2005-05-18,881.140,890.400,871.820,883.200,7878610,,,0.1974,none
2005-05-19,882.840,888.020,871.290,884.170,8149579,,,0.1098,none
2005-05-20,883.510,891.020,879.180,882.760,7226679,,,-0.1595,none
2005-05-23,880.280,880.280,862.100,863.340,7279800,,,-2.1999,none
2005-05-24,861.200,871.770,855.590,868.460,9206929,,,0.5930,none
2005-05-25,867.660,876.300,861.660,868.450,7238560,,,-0.0012,none
2005-05-26,867.760,872.840,854.960,857.330,6622789,,,-1.2804,none
2005-05-27,855.590,864.960,848.400,849.510,7749979,,,-0.9121,none
2005-05-30,847.630,858.460,842.100,855.610,6971579,,,0.7181,none
2005-05-31,856.560,863.200,853.290,855.950,7047820,,,0.0397,none
2005-06-01,855.210,857.660,836.040,837.530,7902300,,,-2.1520,none
2005-06-02,835.470,835.490,812.990,818.380,9508660,,,-2.2865,none
2005-06-03,816.550,823.860,807.970,818.030,7936060,,,-0.0428,none
2005-06-06,816.730,839.150,807.780,839.000,9009189,,,2.5635,none
2005-06-07,841.580,858.090,835.180,837.280,13067100,,,-0.2050,none
2005-06-08,848.540,908.830,844.470,905.770,32907800,,,8.1801,none
2005-06-09,907.570,925.360,895.040,912.600,33141800,,,0.7541,none
2005-06-10,911.940,911.940,889.100,894.560,22391500,,,-1.9768,none
2005-06-13,895.000,900.180,877.690,892.960,15628000,,,-0.1789,none
2005-06-14,895.390,905.410,882.860,883.540,14343600,,,-1.0549,none
2005-06-15,881.210,881.250,865.140,866.830,11454100,,,-1.8913,none
2005-06-16,866.660,879.490,861.830,879.240,11049700,,,1.4317,none
2005-06-17,883.600,888.080,876.040,880.340,14963000,,,0.1251,none
2005-06-20,881.620,906.480,872.560,906.260,18992100,,,2.9443,none
2005-06-21,906.310,906.310,894.390,896.170,12774800,,,-1.1134,none
2005-06-22,894.770,901.240,891.930,900.650,10478100,,,0.4999,none
2005-06-23,900.060,904.900,892.830,893.570,9509310,,,-0.7861,none
2005-06-24,892.060,898.670,888.400,898.300,8918739,,,0.5293,none
2005-06-27,904.210,920.650,904.210,916.040,16545400,,,1.9748,none
2005-06-28,913.480,913.480,901.210,903.720,10402200,,,-1.3449,none
2005-06-29,906.750,907.570,898.080,898.900,10806700,,,-0.5334,none
2005-06-30,897.100,897.100,876.880,878.690,10855500,,,-2.2483,none
2005-07-01,875.930,875.930,858.370,859.490,10094600,,,-2.1851,none
2005-07-04,855.320,856.100,842.810,855.930,8840279,,,-0.4142,none
2005-07-05,853.680,856.740,845.360,849.680,7992689,,,-0.7302,none
2005-07-06,850.250,854.450,838.610,842.560,6898310,,,-0.8380,none
2005-07-07,841.750,848.020,839.280,844.730,5962460,,,0.2575,none
2005-07-08,842.620,842.620,827.230,829.490,7221000,,,-1.8041,none
2005-07-11,837.860,850.660,822.520,824.100,8439010,,,-0.6498,none
2005-07-12,821.910,854.290,818.860,851.820,14989900,,,3.3637,none
2005-07-13,850.470,851.950,841.860,846.230,9398839,,,-0.6562,none
2005-07-14,844.940,856.090,843.180,849.590,9361970,,,0.3971,none
2005-07-15,849.870,854.600,837.780,841.000,8889560,,,-1.0111,none
2005-07-18,839.220,840.010,829.680,832.990,8500000,,,-0.9524,none
2005-07-19,831.500,840.140,829.280,835.610,7891820,,,0.3145,none
2005-07-20,835.300,844.710,832.140,842.640,8526470,,,0.8413,none
2005-07-21,842.750,843.990,835.760,843.990,8366100,,,0.1602,none
2005-07-22,847.540,867.160,842.990,859.460,21451400,,,1.8330,none
2005-07-25,858.330,860.950,854.280,856.860,11816100,,,-0.3025,none
2005-07-26,856.190,880.030,856.190,876.480,21826800,,,2.2898,none
2005-07-27,876.940,894.030,876.040,894.010,20409500,,,2.0000,none
2005-07-28,893.880,901.000,888.500,890.890,20622500,,,-0.3490,none
2005-07-29,889.410,892.290,883.380,888.160,13397400,,,-0.3064,none
2005-08-01,887.720,897.280,885.850,891.610,11808300,,,0.3884,none
2005-08-02,892.130,903.650,888.400,903.600,14292500,,,1.3448,none
2005-08-03,905.180,919.280,903.760,909.570,25786300,,,0.6607,none
2005-08-04,907.420,909.830,901.620,904.150,14519300,,,-0.5959,none
2005-08-05,904.040,923.810,903.940,923.800,19123800,,,2.1733,none
2005-08-08,926.570,933.150,923.570,927.470,21608900,,,0.3973,none
2005-08-09,926.970,933.390,919.110,933.090,19532900,,,0.6059,none
2005-08-10,933.260,940.370,926.280,940.370,21515800,,,0.7802,none
2005-08-11,940.780,953.990,939.390,953.990,27073700,,,1.4484,none
2005-08-12,954.720,959.270,933.980,938.320,29168100,,,-1.6426,none
2005-08-15,937.710,954.500,936.110,954.500,20430800,,,1.7244,none
2005-08-16,955.270,959.340,939.920,945.060,23861800,,,-0.9890,none
2005-08-17,943.410,953.340,930.330,953.010,21457800,,,0.8412,none
2005-08-18,954.160,956.840,919.120,920.670,31855300,,,-3.3935,none
2005-08-19,918.090,927.320,910.080,923.040,22242700,,,0.2574,none
2005-08-22,923.110,933.350,919.220,931.670,16031000,,,0.9350,none
2005-08-23,931.810,931.810,915.030,923.410,15406500,,,-0.8866,none
2005-08-24,923.560,935.230,923.560,930.650,15959700,,,0.7841,none
2005-08-25,930.970,933.200,920.610,930.120,16292100,,,-0.0569,none
2005-08-26,930.250,930.330,921.840,928.260,15429800,,,-0.2000,none
2005-08-29,928.340,928.340,913.770,917.370,15462300,,,-1.1732,none
2005-08-30,916.090,920.210,912.840,914.880,12438200,,,-0.2714,none
2005-08-31,915.120,928.210,911.510,927.920,14623600,,,1.4253,none
2005-09-01,928.520,944.950,926.060,944.560,22306400,,,1.7933,none
2005-09-02,945.980,947.920,941.310,947.870,18614400,,,0.3504,none
2005-09-05,949.080,952.980,944.630,952.720,17843300,,,0.5117,none
2005-09-06,953.410,956.300,934.970,936.610,21222300,,,-1.6909,none
2005-09-07,934.990,952.900,932.650,952.760,19608500,,,1.7243,none
2005-09-08,954.270,958.870,947.710,955.280,22424400,,,0.2645,none
2005-09-09,955.110,959.900,946.020,949.070,16219300,,,-0.6501,none
2005-09-12,949.780,952.550,945.400,949.510,11672600,,,0.0464,none
2005-09-13,949.580,963.920,948.130,963.770,16579400,,,1.5018,none
2005-09-14,964.970,970.260,961.640,970.190,19958300,,,0.6661,none
2005-09-15,970.580,970.960,965.660,969.600,16377700,,,-0.0608,none
2005-09-16,969.620,970.370,964.280,967.490,13978600,,,-0.2176,none
2005-09-19,967.440,971.990,964.260,971.140,14737400,,,0.3773,none
2005-09-20,971.380,971.650,957.120,961.920,18636600,,,-0.9494,none
2005-09-21,961.370,961.370,943.820,944.410,18541900,,,-1.8203,none
2005-09-22,942.730,942.730,914.230,923.270,18115500,,,-2.2384,none
2005-09-23,921.510,927.420,914.810,916.150,11547600,,,-0.7712,none
2005-09-26,915.840,919.650,913.610,918.480,8836239,,,0.2543,none
2005-09-27,918.870,921.130,903.390,904.210,11086100,,,-1.5537,none
2005-09-28,903.330,910.330,901.380,903.720,8850310,,,-0.0542,none
2005-09-29,904.280,915.970,904.280,915.970,11939000,,,1.3555,none
2005-09-30,916.590,918.660,913.450,917.390,9001429,,,0.1550,none
2005-10-10,917.210,917.210,906.880,907.320,7158450,,,-1.0977,none
2005-10-11,906.630,919.800,904.040,919.720,7758300,,,1.3667,none
2005-10-12,920.450,926.090,917.380,923.480,12208900,,,0.4088,none
2005-10-13,923.430,926.010,916.280,916.500,10828900,,,-0.7558,none
2005-10-14,916.340,917.890,902.810,904.830,10123900,,,-1.2733,none
2005-10-17,903.270,903.270,892.360,897.620,10552500,,,-0.7968,none
2005-10-18,897.370,903.000,895.620,902.370,11366300,,,0.5292,none
2005-10-19,902.040,907.880,897.040,898.740,11033000,,,-0.4023,none
2005-10-20,898.890,900.130,889.570,899.910,12608700,,,0.1302,none
2005-10-21,899.650,907.790,897.990,904.410,11364600,,,0.5001,none
2005-10-24,905.130,908.450,900.230,906.650,9218979,,,0.2477,none
2005-10-25,905.970,905.970,893.610,894.270,11213400,,,-1.3655,none
2005-10-26,892.620,892.620,873.900,875.820,12167100,,,-2.0631,none
2005-10-27,873.470,879.670,869.720,875.850,11908600,,,0.0034,none
2005-10-28,875.860,880.210,859.690,867.730,11973400,,,-0.9271,none
2005-10-31,866.620,878.410,866.150,876.280,10443700,,,0.9853,none
2005-11-01,875.960,875.960,862.690,872.860,10082700,,,-0.3903,none
2005-11-02,873.390,884.940,873.390,882.480,13105000,,,1.1021,none
2005-11-03,882.190,885.680,872.110,874.580,12179200,,,-0.8952,none
2005-11-04,873.350,878.360,869.680,878.360,9567310,,,0.4322,none
2005-11-07,877.620,877.620,870.080,877.280,7713260,,,-0.1230,none
2005-11-08,876.430,881.900,870.960,881.520,10128800,,,0.4833,none
2005-11-09,881.510,884.940,878.680,879.250,11774400,,,-0.2575,none
2005-11-10,878.620,878.620,862.090,862.970,10853800,,,-1.8516,none
2005-11-11,861.220,867.330,857.790,864.790,9219720,,,0.2109,none
2005-11-14,864.080,864.250,858.340,862.150,6271669,,,-0.3053,none
2005-11-15,862.070,867.460,853.860,856.640,8252479,,,-0.6391,none
2005-11-16,855.450,863.170,847.490,863.120,9066139,,,0.7564,none
2005-11-17,863.080,865.790,859.000,862.660,8811639,,,-0.0533,none
2005-11-18,862.580,886.580,862.400,882.240,17597800,,,2.2697,none
2005-11-21,882.790,886.110,880.300,883.870,10260000,,,0.1848,none
2005-11-22,883.930,883.930,869.530,869.620,10597200,,,-1.6122,none
2005-11-23,868.010,876.820,866.190,876.230,9916920,,,0.7601,none
2005-11-24,875.830,885.740,874.880,881.490,14629000,,,0.6003,none
2005-11-25,881.250,884.160,877.260,884.100,13003500,,,0.2961,none
2005-11-28,883.240,886.740,877.640,880.170,9739739,,,-0.4445,none
2005-11-29,879.250,879.250,870.560,871.310,8414989,,,-1.0066,none
2005-11-30,870.450,873.930,866.980,873.830,8040739,,,0.2892,none
2005-12-01,873.470,877.310,870.700,873.070,7069239,,,-0.0870,none
2005-12-02,872.930,875.830,866.370,869.940,8492020,,,-0.3585,none
2005-12-05,869.430,869.430,858.860,859.610,10286900,,,-1.1874,none
2005-12-06,858.110,867.190,855.720,866.080,10303500,,,0.7527,none
2005-12-07,865.720,874.000,865.020,873.840,9842950,,,0.8960,none
2005-12-08,874.130,877.970,870.120,874.060,10259200,,,0.0252,none
2005-12-09,873.690,887.570,871.260,887.360,12719500,,,1.5216,none
2005-12-12,887.060,890.690,884.260,888.520,10699300,,,0.1307,none
2005-12-13,888.000,889.220,880.740,889.100,10547200,,,0.0653,none
2005-12-14,888.600,899.010,884.370,898.150,13868400,,,1.0179,none
2005-12-15,898.380,904.010,895.170,896.430,16259800,,,-0.1915,none
2005-12-16,895.830,902.750,894.100,902.560,11452100,,,0.6838,none
2005-12-19,902.050,904.470,898.790,902.910,9936329,,,0.0388,none
2005-12-20,902.750,907.320,899.660,907.320,10294700,,,0.4884,none
2005-12-21,907.050,910.930,902.110,903.140,10274000,,,-0.4607,none
2005-12-22,902.370,909.060,900.660,908.750,8947029,,,0.6212,none
2005-12-23,908.960,915.890,908.510,915.890,11907000,,,0.7857,none
2005-12-26,916.670,925.010,916.410,922.380,15342600,,,0.7086,none
2005-12-27,922.440,922.440,916.010,919.360,12050400,,,-0.3274,none
2005-12-28,919.050,920.980,915.120,920.920,12131000,,,0.1697,none
2005-12-29,921.140,932.030,921.140,932.030,17255000,,,1.2064,none
2005-12-30,933.450,934.000,921.830,923.450,15600300,,,-0.9206,none
2006-01-04,926.560,941.430,926.410,941.430,21126900,,,1.9470,none
2006-01-05,943.850,959.620,942.310,959.130,27311700,,,1.8801,none
2006-01-06,961.910,975.630,956.040,970.030,30286400,,,1.1364,none
2006-01-09,971.090,976.270,966.050,975.250,24329600,,,0.5381,none
2006-01-10,975.280,978.280,964.430,978.150,22735300,,,0.2974,none
2006-01-11,977.640,983.390,963.390,973.480,26524100,,,-0.4774,none
2006-01-12,972.390,984.080,968.540,983.720,21896700,,,1.0519,none
2006-01-13,985.040,988.110,973.680,978.810,22281900,,,-0.4991,none
2006-01-16,977.890,977.890,960.880,961.440,20305200,,,-1.7746,none
2006-01-17,959.400,965.980,952.230,964.290,16037300,,,0.2964,none
2006-01-18,964.220,984.670,963.080,983.620,20823500,,,2.0046,none
2006-01-19,985.220,992.270,978.280,991.220,26455600,,,0.7727,none
2006-01-20,991.570,994.500,987.060,993.340,26147100,,,0.2139,none
2006-01-23,993.740,997.330,989.340,996.160,22546000,,,0.2839,none
2006-01-24,997.790,1006.150,993.390,999.090,24198000,,,0.2941,none
2006-01-25,998.840,1009.650,989.510,1009.600,21800800,,,1.0520,none
2006-02-06,1013.420,1033.350,1012.810,1033.230,25038800,,,2.3405,none
2006-02-07,1034.680,1038.500,1019.940,1029.940,32954800,,,-0.3184,none
2006-02-08,1028.440,1033.400,1022.940,1033.070,26986700,,,0.3039,none
2006-02-09,1033.190,1033.190,1017.050,1019.600,23839600,,,-1.3039,none
2006-02-10,1019.420,1032.600,1018.480,1032.340,22024500,,,1.2495,none
2006-02-13,1034.380,1034.640,1021.840,1031.610,22157300,,,-0.0707,none
2006-02-14,1032.650,1038.810,1030.460,1038.530,18556200,,,0.6708,none
2006-02-15,1040.330,1048.340,1038.740,1041.660,24784600,,,0.3014,none
2006-02-16,1041.670,1041.670,1019.210,1020.120,26159900,,,-2.0679,none
2006-02-17,1020.060,1028.570,1015.990,1020.370,21026900,,,0.0245,none
2006-02-20,1020.740,1030.050,1020.020,1021.640,18818900,,,0.1245,none
2006-02-21,1020.980,1038.940,1014.660,1038.820,23678000,,,1.6816,none
2006-02-22,1039.650,1046.450,1036.380,1037.890,25380700,,,-0.0895,none
2006-02-23,1038.250,1041.590,1029.250,1041.370,19785000,,,0.3353,none
2006-02-24,1041.970,1049.690,1041.970,1049.440,19676100,,,0.7749,none
2006-02-27,1055.950,1057.220,1045.970,1047.840,22872100,,,-0.1525,none
2006-02-28,1046.710,1053.720,1033.660,1053.010,19353300,,,0.4934,none
2006-03-01,1051.760,1057.690,1049.640,1056.620,19425700,,,0.3428,none
2006-03-02,1055.860,1056.050,1034.680,1038.670,24877900,,,-1.6988,none
2006-03-03,1037.990,1043.420,1029.560,1041.680,21200500,,,0.2898,none
2006-03-06,1041.750,1044.420,1036.110,1038.870,17871000,,,-0.2698,none
2006-03-07,1037.930,1037.980,1013.140,1014.970,19336500,,,-2.3006,none
2006-03-08,1012.580,1014.970,999.930,1009.270,17463100,,,-0.5616,none
2006-03-09,1006.970,1010.910,1002.200,1004.340,12735100,,,-0.4885,none
2006-03-10,1004.750,1011.760,1004.690,1008.900,11888000,,,0.4540,none
2006-03-13,1008.800,1020.880,1008.510,1019.860,11765900,,,1.0863,none
2006-03-14,1020.470,1021.650,1012.110,1018.270,11348000,,,-0.1559,none
2006-03-15,1018.150,1028.960,1017.080,1028.960,14842100,,,1.0498,none
2006-03-16,1028.960,1029.810,1025.520,1027.620,14784300,,,-0.1302,none
2006-03-17,1027.640,1029.560,1021.080,1024.020,15001900,,,-0.3503,none
2006-03-20,1024.500,1037.910,1019.650,1037.660,15389900,,,1.3320,none
2006-03-21,1037.950,1047.050,1036.230,1040.760,19077700,,,0.2987,none
2006-03-22,1041.140,1047.940,1036.710,1047.670,18640600,,,0.6639,none
2006-03-23,1047.350,1049.320,1042.820,1048.540,20467900,,,0.0830,none
2006-03-24,1049.120,1051.760,1041.230,1042.600,20098200,,,-0.5665,none
2006-03-27,1042.630,1050.710,1037.080,1050.710,17134100,,,0.7779,none
2006-03-28,1050.070,1056.520,1048.640,1055.980,22274000,,,0.5016,none
2006-03-29,1058.740,1074.040,1057.680,1065.290,30526300,,,0.8816,none
2006-03-30,1065.840,1067.990,1055.140,1055.630,22012500,,,-0.9068,none
2006-03-31,1053.850,1061.470,1050.220,1061.090,22276200,,,0.5172,none
2006-04-03,1061.960,1079.370,1061.960,1079.320,27729800,,,1.7180,none
2006-04-04,1080.860,1089.370,1076.200,1089.370,31148800,,,0.9311,none
2006-04-05,1091.180,1100.560,1089.550,1099.970,32936900,,,0.9730,none
2006-04-06,1102.540,1109.680,1097.320,1103.240,36167000,,,0.2973,none
2006-04-07,1102.940,1105.100,1091.890,1103.150,32570900,,,-0.0082,none
2006-04-10,1104.320,1118.080,1100.690,1117.910,32067500,,,1.3380,none
2006-04-11,1120.160,1126.090,1112.010,1123.310,35607500,,,0.4830,none
2006-04-12,1123.780,1123.780,1116.150,1117.070,30333800,,,-0.5555,none
2006-04-13,1116.840,1122.390,1093.510,1093.930,33824100,,,-2.0715,none
2006-04-14,1091.690,1118.670,1091.670,1118.610,33528000,,,2.2561,none
2006-04-17,1120.190,1129.150,1114.530,1124.410,35704500,,,0.5185,none
2006-04-18,1127.510,1135.450,1119.270,1131.280,32317200,,,0.6110,none
2006-04-19,1135.610,1140.410,1125.200,1138.240,34322900,,,0.6152,none
2006-04-20,1139.640,1142.540,1127.090,1134.380,37885700,,,-0.3391,none
2006-04-21,1133.200,1152.890,1127.650,1149.160,40772900,,,1.3029,none
2006-04-24,1156.910,1160.580,1135.750,1142.700,45936200,,,-0.5621,none
2006-04-25,1139.490,1149.540,1123.100,1141.930,38611100,,,-0.0674,none
2006-04-26,1142.900,1162.020,1142.070,1155.730,41824300,,,1.2085,none
2006-04-27,1157.380,1159.900,1145.260,1155.270,31980500,,,-0.0398,none
2006-04-28,1143.590,1173.880,1133.190,1172.350,40801900,,,1.4784,none
2006-05-08,1179.580,1218.860,1179.580,1218.440,44912800,,,3.9314,none
2006-05-09,1226.310,1252.760,1222.680,1251.610,55993900,,,2.7223,none
2006-05-10,1257.980,1273.680,1243.470,1265.930,55667000,,,1.1441,none
2006-05-11,1267.220,1294.870,1254.350,1255.040,61133700,,,-0.8602,none
2006-05-12,1255.230,1296.380,1252.680,1296.260,54920300,,,3.2844,none
2006-05-15,1312.140,1352.410,1301.800,1352.160,73534000,,,4.3124,none
2006-05-16,1368.130,1387.400,1322.140,1331.130,79658200,,,-1.5553,none
2006-05-17,1331.690,1356.130,1306.870,1335.520,61823300,,,0.3298,none
2006-05-18,1322.650,1340.520,1301.110,1331.200,52056400,,,-0.3235,none
2006-05-19,1334.070,1371.220,1329.320,1366.100,67123900,,,2.6217,none
2006-05-22,1366.320,1387.570,1360.350,1373.670,66262200,,,0.5541,none
2006-05-23,1365.100,1365.100,1316.550,1317.650,56872400,,,-4.0781,none
2006-05-24,1325.680,1351.310,1277.330,1308.240,51176600,,,-0.7142,none
2006-05-25,1304.690,1316.470,1285.730,1307.700,34046400,,,-0.0413,none
2006-05-26,1312.240,1331.450,1309.460,1331.020,36385700,,,1.7833,none
2006-05-29,1339.900,1366.840,1330.630,1366.290,44480000,,,2.6498,none
2006-05-30,1375.300,1384.680,1360.550,1378.760,44761000,,,0.9127,none
2006-05-31,1377.450,1386.940,1355.010,1365.450,47335900,,,-0.9654,none
2006-06-01,1364.180,1403.270,1362.940,1402.880,53493400,,,2.7412,none
2006-06-02,1406.620,1411.780,1382.000,1390.120,64109200,,,-0.9096,none
2006-06-05,1391.460,1403.300,1362.720,1403.160,55101800,,,0.9380,none
2006-06-06,1400.270,1413.110,1391.900,1399.140,46835300,,,-0.2865,none
2006-06-07,1398.180,1398.180,1319.700,1320.230,52047600,,,-5.6399,none
2006-06-08,1309.070,1331.890,1286.900,1325.980,45677500,,,0.4355,none
2006-06-09,1320.810,1329.830,1293.050,1294.190,37392600,,,-2.3975,none
2006-06-12,1283.830,1308.120,1275.400,1297.670,25033300,,,0.2689,none
2006-06-13,1296.410,1312.130,1284.620,1298.280,27823000,,,0.0470,none
2006-06-14,1291.690,1291.690,1269.520,1283.880,28801700,,,-1.1092,none
2006-06-15,1283.720,1300.110,1280.500,1285.390,23241300,,,0.1176,none
2006-06-16,1290.000,1318.020,1290.000,1318.010,28408000,,,2.5378,none
2006-06-19,1306.260,1341.990,1294.900,1334.890,30726300,,,1.2807,none
2006-06-20,1333.620,1341.240,1323.780,1338.220,27797100,,,0.2495,none
2006-06-21,1336.840,1347.000,1320.410,1333.530,32445500,,,-0.3505,none
2006-06-22,1331.930,1341.730,1326.150,1331.550,25953200,,,-0.1485,none
2006-06-23,1329.110,1340.270,1319.510,1339.450,25651600,,,0.5933,none
2006-06-26,1341.610,1363.570,1341.610,1363.410,29595900,,,1.7888,none
2006-06-27,1365.040,1368.410,1354.090,1363.900,26454700,,,0.0359,none
2006-06-28,1361.790,1366.340,1353.630,1362.890,25791700,,,-0.0741,none
2006-06-29,1365.250,1395.240,1365.250,1395.120,42439200,,,2.3648,none
2006-06-30,1402.590,1408.790,1384.990,1393.960,38396700,,,-0.0831,none
2006-07-03,1398.740,1420.330,1393.920,1420.330,38297400,,,1.8917,none
2006-07-04,1423.080,1426.100,1401.150,1411.010,42749800,,,-0.6562,none
2006-07-05,1409.900,1409.900,1377.220,1393.010,33446000,,,-1.2757,none
2006-07-06,1391.640,1418.760,1390.190,1418.680,32480700,,,1.8428,none
2006-07-07,1423.720,1426.400,1405.990,1410.430,33556200,,,-0.5815,none
2006-07-10,1410.500,1413.580,1397.440,1412.120,27607400,,,0.1198,none
2006-07-11,1414.140,1418.820,1406.500,1418.570,28537400,,,0.4568,none
2006-07-12,1419.070,1430.940,1416.740,1419.200,36293400,,,0.0444,none
2006-07-13,1415.880,1418.140,1344.160,1346.090,48970700,,,-5.1515,none
2006-07-14,1333.740,1367.740,1327.590,1357.130,32659100,,,0.8202,none
2006-07-17,1354.140,1372.250,1348.430,1372.250,24205600,,,1.1141,none
2006-07-18,1370.900,1373.590,1359.910,1373.420,22724500,,,0.0853,none
2006-07-19,1370.290,1370.290,1330.280,1336.640,25227600,,,-2.6780,none
2006-07-20,1335.410,1346.850,1329.180,1345.190,18450600,,,0.6397,none
2006-07-21,1344.600,1357.340,1344.570,1356.030,20393600,,,0.8058,none
2006-07-24,1340.280,1359.560,1327.900,1358.120,19966200,,,0.1541,none
2006-07-25,1359.320,1378.840,1359.320,1374.170,22023500,,,1.1818,none
2006-07-26,1377.780,1380.800,1367.050,1371.300,19633400,,,-0.2089,none
2006-07-27,1370.750,1379.250,1347.290,1355.550,23818800,,,-1.1485,none
2006-07-28,1354.920,1359.740,1327.660,1341.390,21557500,,,-1.0446,none
2006-07-31,1338.040,1338.040,1293.530,1294.330,22181200,,,-3.5083,none
2006-08-01,1292.710,1302.890,1278.540,1282.060,17443900,,,-0.9480,none
2006-08-02,1281.890,1288.610,1258.010,1275.090,17813300,,,-0.5437,none
2006-08-03,1277.630,1281.790,1261.690,1271.740,12940500,,,-0.2627,none
2006-08-04,1272.360,1278.250,1239.380,1241.910,16053600,,,-2.3456,none
2006-08-07,1233.490,1241.850,1221.990,1224.100,15116500,,,-1.4341,none
2006-08-08,1225.040,1252.390,1225.040,1252.390,14250500,,,2.3111,none
2006-08-09,1254.370,1258.210,1245.390,1251.300,12859500,,,-0.0870,none
2006-08-10,1251.160,1271.470,1251.080,1271.470,17699000,,,1.6119,none
2006-08-11,1273.270,1277.970,1265.520,1275.650,15303200,,,0.3288,none
2006-08-14,1275.140,1279.310,1241.950,1245.720,16444500,,,-2.3463,none
2006-08-15,1243.160,1265.860,1239.910,1265.860,14319400,,,1.6167,none
2006-08-16,1266.820,1283.570,1262.540,1283.570,20802700,,,1.3990,none
2006-08-17,1280.280,1280.280,1263.930,1271.630,15457900,,,-0.9302,none
2006-08-18,1270.220,1280.830,1265.820,1267.870,13964500,,,-0.2957,none
2006-08-21,1235.430,1270.670,1229.170,1270.560,15064800,,,0.2122,none
2006-08-22,1270.100,1289.020,1269.100,1285.270,17200900,,,1.1578,none
2006-08-23,1284.820,1294.820,1282.840,1285.680,19092900,,,0.0319,none
2006-08-24,1284.830,1292.400,1274.560,1292.400,15081300,,,0.5227,none
2006-08-25,1293.500,1301.750,1292.450,1295.440,18557900,,,0.2352,none
2006-08-28,1298.460,1325.890,1298.360,1325.890,26183300,,,2.3506,none
2006-08-29,1328.610,1349.200,1327.000,1330.160,31766400,,,0.3220,none
2006-08-30,1328.370,1336.390,1319.820,1334.670,21139900,,,0.3391,none
2006-08-31,1335.590,1342.790,1331.290,1338.690,23188300,,,0.3012,none
2006-09-01,1339.310,1340.120,1314.570,1318.100,25033700,,,-1.5381,none
2006-09-04,1315.710,1337.240,1315.610,1337.240,21095300,,,1.4521,none
2006-09-05,1339.590,1345.710,1334.720,1340.680,26868100,,,0.2572,none
2006-09-06,1341.400,1346.370,1331.850,1346.370,23153100,,,0.4244,none
2006-09-07,1348.170,1348.280,1323.980,1328.380,21886400,,,-1.3362,none
2006-09-08,1327.560,1334.730,1326.250,1332.150,17230300,,,0.2838,none
2006-09-11,1331.890,1338.760,1319.210,1338.760,20947300,,,0.4962,none
2006-09-12,1338.810,1350.530,1337.300,1347.640,27301900,,,0.6633,none
2006-09-13,1348.850,1356.860,1337.460,1338.390,32821200,,,-0.6864,none
2006-09-14,1338.350,1345.590,1323.800,1338.280,22217300,,,-0.0082,none
2006-09-15,1338.410,1362.400,1338.140,1362.320,36057100,,,1.7963,none
2006-09-18,1367.650,1375.580,1362.140,1375.560,31454900,,,0.9719,none
2006-09-19,1377.720,1385.620,1371.430,1378.310,26648300,,,0.1999,none
2006-09-20,1376.120,1381.810,1365.720,1378.460,23445900,,,0.0109,none
2006-09-21,1378.460,1390.620,1378.460,1387.370,26094100,,,0.6464,none
2006-09-22,1389.870,1393.530,1373.940,1374.850,28265000,,,-0.9024,none
2006-09-25,1372.810,1383.770,1361.610,1372.400,24584800,,,-0.1782,none
2006-09-26,1370.860,1371.580,1351.180,1357.650,19703300,,,-1.0748,none
2006-09-27,1357.280,1371.120,1355.390,1371.120,17580300,,,0.9922,none
2006-09-28,1372.130,1389.560,1369.400,1387.000,21687800,,,1.1582,none
2006-09-29,1389.070,1405.560,1389.040,1403.270,27166700,,,1.1730,none
2006-10-09,1420.360,1436.070,1418.210,1436.070,39191900,,,2.3374,none
2006-10-10,1437.690,1443.500,1426.970,1437.240,38400500,,,0.0815,none
2006-10-11,1436.680,1440.210,1421.810,1435.910,31618000,,,-0.0925,none
2006-10-12,1436.200,1438.800,1423.630,1426.500,37956200,,,-0.6553,none
2006-10-13,1424.300,1436.100,1420.960,1430.880,28295200,,,0.3070,none
2006-10-16,1432.310,1434.530,1415.490,1418.520,28492200,,,-0.8638,none
2006-10-17,1416.950,1426.290,1410.670,1414.450,24224400,,,-0.2869,none
2006-10-18,1413.910,1437.590,1413.550,1437.590,24290300,,,1.6360,none
2006-10-19,1438.840,1445.620,1433.940,1439.380,23820300,,,0.1245,none
2006-10-20,1440.670,1447.950,1436.650,1440.180,26560100,,,0.0556,none
2006-10-23,1439.540,1444.920,1403.010,1408.710,28950400,,,-2.1851,none
2006-10-24,1408.580,1440.050,1408.580,1440.050,26190000,,,2.2247,none
2006-10-25,1443.110,1459.730,1434.810,1446.820,32204900,,,0.4701,none
2006-10-26,1447.090,1457.370,1435.280,1456.090,38466400,,,0.6407,none
2006-10-27,1455.980,1460.450,1433.350,1439.050,37379300,,,-1.1703,none
2006-10-30,1436.660,1446.240,1428.330,1446.240,35320500,,,0.4996,none
2006-10-31,1447.060,1464.480,1447.060,1464.470,36952300,,,1.2605,none
2006-11-01,1465.670,1479.410,1461.320,1479.410,38926900,,,1.0202,none
2006-11-02,1480.550,1480.550,1464.600,1479.660,42373100,,,0.0169,none
2006-11-03,1481.580,1497.470,1480.770,1488.290,39372000,,,0.5832,none
2006-11-06,1477.440,1507.970,1472.000,1507.890,42033500,,,1.3169,none
2006-11-07,1512.650,1516.800,1491.330,1516.100,43038300,,,0.5445,none
2006-11-08,1512.360,1513.040,1497.010,1498.170,28722400,,,-1.1826,none
2006-11-09,1491.800,1527.380,1489.200,1524.710,34030100,,,1.7715,none
2006-11-10,1525.230,1535.200,1493.200,1504.060,53922900,,,-1.3544,none
2006-11-13,1498.060,1512.950,1465.630,1475.780,41653300,,,-1.8802,none
2006-11-14,1475.440,1493.880,1453.260,1493.780,36307900,,,1.2197,none
2006-11-15,1494.110,1534.850,1490.870,1534.760,40589200,,,2.7434,none
2006-11-16,1540.260,1558.410,1531.290,1533.290,57761000,,,-0.0958,none
2006-11-17,1528.010,1562.240,1521.550,1562.080,44446200,,,1.8777,none
2006-11-20,1567.340,1593.190,1567.340,1593.160,53412400,,,1.9897,none
2006-11-21,1591.470,1612.460,1568.950,1612.250,48601800,,,1.1982,none
2006-11-22,1610.050,1639.410,1600.380,1624.030,57065500,,,0.7307,none
2006-11-23,1623.710,1642.810,1618.040,1634.910,51360700,,,0.6699,none
2006-11-24,1629.890,1640.750,1611.550,1636.580,49712100,,,0.1021,none
2006-11-27,1632.660,1651.800,1627.920,1651.800,47267300,,,0.9300,none
2006-11-28,1649.680,1656.190,1629.820,1644.010,44762900,,,-0.4716,none
2006-11-29,1617.690,1672.910,1604.810,1667.140,45578400,,,1.4069,none
2006-11-30,1671.670,1714.490,1671.670,1714.360,60216100,,,2.8324,none
2006-12-01,1719.280,1741.800,1715.790,1729.220,58413600,,,0.8668,none
2006-12-04,1731.900,1780.800,1731.900,1780.740,71434300,,,2.9794,none
2006-12-05,1785.440,1811.660,1777.430,1794.230,67202600,,,0.7576,none
2006-12-06,1794.260,1806.650,1717.720,1779.410,81276700,,,-0.8260,none
2006-12-07,1774.190,1820.720,1770.570,1775.710,80487500,,,-0.2079,none
2006-12-08,1752.770,1772.160,1710.000,1711.580,66257700,,,-3.6115,none
2006-12-11,1705.910,1790.110,1705.910,1789.920,51336000,,,4.5771,none
2006-12-12,1798.460,1819.800,1772.110,1802.790,57833500,,,0.7190,none
2006-12-13,1805.420,1813.280,1779.560,1803.860,48004500,,,0.0594,none
2006-12-14,1807.080,1836.190,1805.200,1836.140,47206200,,,1.7895,none
2006-12-15,1842.880,1867.780,1832.510,1867.640,49414400,,,1.7156,none
2006-12-18,1875.010,1918.290,1875.010,1916.110,61893000,,,2.5953,none
2006-12-19,1924.800,1936.750,1882.540,1921.440,67788900,,,0.2782,none
2006-12-20,1912.900,1936.800,1893.420,1936.550,56348500,,,0.7864,none
2006-12-21,1935.780,1945.470,1905.720,1908.980,60225200,,,-1.4237,none
2006-12-22,1896.480,1918.490,1880.570,1895.640,46230500,,,-0.6988,none
2006-12-25,1898.820,1957.470,1898.820,1939.100,56251700,,,2.2926,none
2006-12-26,1941.800,1959.980,1914.970,1938.240,56967400,,,-0.0444,none
2006-12-27,1940.410,1983.110,1939.550,1982.880,56005600,,,2.3031,none
2006-12-28,1988.020,2010.370,1964.970,1979.930,63192800,,,-0.1488,none
2006-12-29,1991.880,2052.860,1991.880,2041.050,73851900,,,3.0870,none
2007-01-04,2073.250,2139.490,2054.240,2067.090,106720000,,,1.2758,none
2007-01-05,2051.150,2083.400,2030.760,2072.880,92743400,,,0.2801,none
2007-01-08,2072.000,2131.740,2071.720,2131.560,84767900,,,2.8308,none
2007-01-09,2137.490,2201.360,2128.060,2200.090,81577600,,,3.2150,none
2007-01-10,2210.760,2255.970,2194.770,2255.970,84905000,,,2.5399,none
2007-01-11,2257.010,2289.950,2224.370,2231.630,86276500,,,-1.0789,none
2007-01-12,2215.860,2249.540,2159.770,2173.750,76525700,,,-2.5936,none
2007-01-15,2170.940,2287.680,2170.940,2287.340,66403100,,,5.2255,none
2007-01-16,2310.960,2354.430,2297.240,2353.870,76364300,,,2.9086,none
2007-01-17,2360.410,2393.220,2266.340,2308.930,89015500,,,-1.9092,none
2007-01-18,2292.170,2325.530,2240.210,2317.090,78648600,,,0.3534,none
2007-01-19,2320.870,2396.090,2320.870,2396.090,83334000,,,3.4094,none
2007-01-22,2424.810,2491.710,2424.810,2491.310,93893000,,,3.9740,none
2007-01-23,2508.260,2516.590,2415.110,2508.130,102338000,,,0.6751,none
2007-01-24,2508.520,2556.100,2489.930,2536.430,84433700,,,1.1283,none
2007-01-25,2512.460,2529.430,2449.050,2452.830,81055200,,,-3.2960,none
2007-01-26,2415.750,2524.240,2356.980,2512.920,78654000,,,2.4498,none
2007-01-29,2529.940,2582.410,2521.500,2576.920,85452100,,,2.5468,none
2007-01-30,2586.520,2599.450,2531.780,2551.880,78211500,,,-0.9717,none
2007-01-31,2544.300,2548.180,2367.670,2385.330,80909100,,,-6.5266,none
2007-02-01,2350.600,2410.420,2310.570,2395.170,65078100,,,0.4125,none
2007-02-02,2397.060,2403.620,2293.280,2298.000,59377200,,,-4.0569,none
2007-02-05,2282.770,2304.320,2247.930,2271.800,47587500,,,-1.1401,none
2007-02-06,2271.370,2316.700,2198.900,2316.040,67010600,,,1.9474,none
2007-02-07,2330.430,2390.870,2330.430,2369.790,70106400,,,2.3208,none
2007-02-08,2376.630,2415.960,2354.700,2410.600,62656500,,,1.7221,none
2007-02-09,2412.640,2417.640,2376.020,2397.250,55515500,,,-0.5538,none
2007-02-12,2397.850,2485.760,2396.790,2485.390,54992300,,,3.6767,none
2007-02-13,2498.340,2526.230,2489.660,2522.630,51528900,,,1.4984,none
2007-02-14,2527.560,2594.660,2520.530,2588.350,62777300,,,2.6052,none
2007-02-15,2607.630,2669.180,2607.630,2668.630,71631300,,,3.1016,none
2007-02-16,2692.670,2717.570,2660.490,2676.740,75908800,,,0.3039,none
2007-02-26,2679.260,2710.300,2641.120,2707.680,74531600,,,1.1559,none
2007-02-27,2717.810,2719.520,2454.920,2457.490,107737000,,,-9.2400,none
2007-02-28,2413.420,2554.230,2413.330,2544.570,82822600,,,3.5435,none
2007-03-01,2550.260,2550.330,2439.500,2473.540,82159700,,,-2.7914,none
2007-03-02,2468.670,2523.860,2455.820,2508.730,57946800,,,1.4227,none
2007-03-05,2503.820,2541.820,2409.720,2475.610,68517500,,,-1.3202,none
2007-03-06,2467.740,2539.450,2452.140,2520.290,52633200,,,1.8048,none
2007-03-07,2532.980,2594.460,2532.150,2589.440,59721000,,,2.7437,none
2007-03-08,2597.720,2628.450,2565.110,2627.630,55386600,,,1.4748,none
2007-03-09,2632.800,2643.810,2587.490,2611.390,70411300,,,-0.6180,none
2007-03-12,2612.960,2619.500,2563.370,2616.170,62468900,,,0.1830,none
2007-03-13,2620.720,2641.630,2605.230,2640.170,65788900,,,0.9174,none
2007-03-14,2609.930,2625.120,2546.650,2597.360,68952100,,,-1.6215,none
2007-03-15,2595.540,2645.880,2595.540,2645.550,63778500,,,1.8553,none
2007-03-16,2656.010,2665.390,2576.320,2604.230,75331800,,,-1.5619,none
2007-03-19,2533.710,2674.800,2523.300,2659.410,73983600,,,2.1189,none
2007-03-20,2669.640,2674.470,2645.250,2672.770,61249700,,,0.5024,none
2007-03-21,2685.930,2703.000,2666.890,2702.600,64613000,,,1.1161,none
2007-03-22,2720.460,2740.280,2702.410,2711.320,83308100,,,0.3227,none
2007-03-23,2710.360,2726.620,2653.790,2716.270,73911900,,,0.1826,none
2007-03-26,2725.400,2764.400,2713.930,2764.030,76074800,,,1.7583,none
2007-03-27,2770.350,2789.970,2753.020,2784.020,80725100,,,0.7232,none
2007-03-28,2787.240,2806.080,2689.110,2797.650,112210000,,,0.4896,none
2007-03-29,2802.380,2830.080,2782.930,2783.300,106567000,,,-0.5129,none
2007-03-30,2768.710,2801.950,2753.150,2781.780,62950700,,,-0.0546,none
2007-04-02,2793.960,2850.150,2793.960,2850.110,69247900,,,2.4563,none
2007-04-03,2861.900,2888.330,2852.570,2888.110,77014500,,,1.3333,none
2007-04-04,2893.380,2924.680,2875.690,2911.820,75506700,,,0.8210,none
2007-04-05,2909.500,2950.660,2895.420,2945.040,74139000,,,1.1409,none
2007-04-06,2921.730,2977.460,2911.050,2972.010,79102300,,,0.9158,none
2007-04-09,2988.380,3043.060,2988.380,3038.170,90901700,,,2.2261,none
2007-04-10,3053.350,3081.620,2993.110,3081.570,100888000,,,1.4285,none
2007-04-11,3092.080,3121.540,3059.280,3121.320,101670000,,,1.2899,none
2007-04-12,3129.250,3176.690,3114.910,3176.440,92535200,,,1.7659,none
2007-04-13,3182.780,3211.610,3154.110,3169.230,100653000,,,-0.2270,none
2007-04-16,3177.300,3256.570,3177.290,3256.000,87928900,,,2.7379,none
2007-04-17,3273.430,3288.170,3182.950,3283.600,105307000,,,0.8477,none
2007-04-18,3294.210,3311.980,3244.930,3304.500,101427000,,,0.6365,none
2007-04-19,3297.950,3297.950,3065.280,3150.300,115270000,,,-4.6664,none
2007-04-20,3165.670,3297.410,3165.670,3289.280,94469900,,,4.4116,none
2007-04-23,3330.800,3433.520,3330.800,3431.320,109959000,,,4.3183,none
2007-04-24,3462.480,3490.810,3418.300,3445.200,114643000,,,0.4045,none
2007-04-25,3432.020,3467.830,3376.080,3448.280,100581000,,,0.0894,none
2007-04-26,3465.110,3493.910,3438.880,3493.580,78997700,,,1.3137,none
2007-04-27,3499.940,3503.890,3436.000,3470.520,80698600,,,-0.6601,none
2007-04-30,3487.360,3568.680,3478.930,3558.710,94302900,,,2.5411,none
2007-05-08,3643.810,3699.370,3618.780,3686.030,106789000,,,3.5777,none
2007-05-09,3699.300,3717.340,3556.610,3701.280,140648000,,,0.4137,none
2007-05-10,3703.520,3742.230,3671.810,3724.510,115420000,,,0.6276,none
2007-05-11,3696.290,3715.370,3629.710,3702.610,88961800,,,-0.5880,none
2007-05-14,3648.270,3769.160,3620.860,3734.420,91098000,,,0.8591,none
2007-05-15,3739.050,3751.640,3600.210,3604.640,93578600,,,-3.4752,none
2007-05-16,3598.000,3700.650,3557.200,3700.290,86229300,,,2.6535,none
2007-05-17,3716.440,3794.160,3705.270,3778.600,90256500,,,2.1163,none
2007-05-18,3771.270,3805.210,3746.240,3776.630,82418900,,,-0.0521,none
2007-05-21,3650.800,3843.840,3643.080,3831.440,98478700,,,1.4513,none
2007-05-22,3849.040,3893.190,3849.040,3870.490,109618000,,,1.0192,none
2007-05-23,3879.760,3939.490,3853.910,3938.950,98523200,,,1.7688,none
2007-05-24,3953.890,3972.580,3858.510,3919.750,113814000,,,-0.4874,none
2007-05-25,3907.730,3996.850,3888.310,3985.250,95416600,,,1.6710,none
2007-05-28,4033.920,4091.940,4027.360,4072.580,114042000,,,2.1913,none
2007-05-29,4090.900,4168.530,4079.870,4168.290,113267000,,,2.3501,none
2007-05-30,3906.040,4104.200,3849.700,3886.460,132739000,,,-6.7613,none
2007-05-31,3828.920,3991.730,3683.560,3927.950,126078000,,,1.0676,none
2007-06-01,3953.100,4014.150,3780.030,3803.950,119938000,,,-3.1569,none
2007-06-04,3804.960,3822.410,3503.940,3511.430,90531000,,,-7.6899,none
2007-06-05,3407.000,3635.150,3246.730,3634.630,113768000,,,3.5085,none
2007-06-06,3652.890,3712.530,3550.740,3677.580,95951500,,,1.1817,none
2007-06-07,3694.550,3802.300,3684.460,3802.300,94190600,,,3.3914,none
2007-06-08,3814.190,3861.210,3769.150,3837.870,89074700,,,0.9355,none
2007-06-11,3876.070,3937.790,3870.230,3931.860,90982300,,,2.4490,none
2007-06-12,3953.960,4036.350,3834.020,4036.110,99389800,,,2.6514,none
2007-06-13,4071.740,4146.520,4064.150,4118.270,109453000,,,2.0356,none
2007-06-14,4103.520,4132.000,4022.780,4075.820,86609200,,,-1.0308,none
2007-06-15,4043.110,4115.730,4025.100,4099.380,68779600,,,0.5780,none
2007-06-18,4178.760,4246.400,4177.190,4227.570,87872900,,,3.1271,none
2007-06-19,4227.590,4254.710,4186.180,4253.000,81540500,,,0.6015,none
2007-06-20,4268.650,4292.200,4138.330,4157.600,86863000,,,-2.2431,none
2007-06-21,4140.690,4208.870,4110.960,4197.280,73739500,,,0.9544,none
2007-06-22,4203.130,4220.920,3970.350,4051.430,79552400,,,-3.4749,none
2007-06-25,4066.450,4105.990,3850.840,3877.590,70031000,,,-4.2908,none
2007-06-26,3804.410,3929.370,3752.930,3928.210,58885100,,,1.3055,none
2007-06-27,3946.880,4053.410,3912.200,4040.480,65290500,,,2.8580,none
2007-06-28,4038.380,4067.810,3857.850,3858.520,66858000,,,-4.5034,none
2007-06-29,3769.330,3867.750,3718.160,3764.080,58920900,,,-2.4476,none
2007-07-02,3746.180,3801.900,3644.190,3757.660,49747300,,,-0.1706,none
2007-07-03,3782.780,3835.290,3744.010,3832.230,46409100,,,1.9845,none
2007-07-04,3840.410,3848.080,3727.560,3743.580,38233700,,,-2.3133,none
2007-07-05,3688.310,3706.600,3535.040,3537.440,43225500,,,-5.5065,none
2007-07-06,3517.600,3712.740,3475.270,3710.280,51366500,,,4.8860,none
2007-07-09,3743.870,3840.990,3722.230,3821.300,54073100,,,2.9922,none
2007-07-10,3832.760,3852.930,3764.250,3775.620,51907900,,,-1.1954,none
2007-07-11,3751.490,3797.810,3732.290,3789.870,33628900,,,0.3774,none
2007-07-12,3799.190,3839.210,3780.030,3816.920,31368100,,,0.7137,none
2007-07-13,3825.030,3829.680,3773.930,3820.120,26893200,,,0.0838,none
2007-07-16,3824.910,3830.370,3697.220,3697.970,29931900,,,-3.1975,none
2007-07-17,3684.330,3812.250,3650.250,3789.650,32553800,,,2.4792,none
2007-07-18,3776.940,3861.510,3756.700,3807.570,45975800,,,0.4729,none
2007-07-19,3796.920,3836.390,3778.510,3807.000,30258500,,,-0.0150,none
2007-07-20,3808.080,3971.890,3808.080,3971.880,55271100,,,4.3310,none
2007-07-23,4009.060,4157.390,4009.060,4156.720,85276200,,,4.6537,none
2007-07-24,4187.330,4241.580,4143.590,4161.350,76090700,,,0.1114,none
2007-07-25,4163.360,4256.050,4163.350,4255.460,64597800,,,2.2615,none
2007-07-26,4282.680,4325.930,4244.080,4303.190,65490200,,,1.1216,none
2007-07-27,4277.550,4318.340,4225.030,4307.140,65021100,,,0.0918,none
2007-07-30,4305.180,4426.310,4303.730,4410.300,75441600,,,2.3951,none
2007-07-31,4402.520,4467.650,4359.590,4460.560,71375000,,,1.1396,none
2007-08-01,4479.300,4496.250,4271.060,4290.480,79361700,,,-3.8130,none
2007-08-02,4311.600,4449.400,4303.980,4436.190,62887500,,,3.3961,none
2007-08-03,4472.890,4599.250,4472.890,4598.380,78190500,,,3.6561,none
2007-08-06,4642.780,4704.190,4623.490,4703.980,76164300,,,2.2965,none
2007-08-07,4715.390,4771.580,4634.870,4724.550,83847100,,,0.4373,none
2007-08-08,4679.220,4741.450,4579.400,4668.090,88988000,,,-1.1950,none
2007-08-09,4666.420,4779.140,4666.200,4777.290,72025800,,,2.3393,none
2007-08-10,4765.850,4771.610,4631.040,4726.680,74962900,,,-1.0594,none
2007-08-13,4724.520,4767.080,4663.200,4721.190,85763200,,,-0.1161,none
2007-08-14,4721.450,4803.570,4704.150,4795.570,61157900,,,1.5755,none
2007-08-15,4804.680,4836.590,4697.970,4798.750,63466400,,,0.0663,none
2007-08-16,4772.360,4772.970,4665.210,4721.940,63594800,,,-1.6006,none
2007-08-17,4694.200,4774.990,4616.970,4626.580,63652100,,,-2.0195,none
2007-08-20,4749.200,4885.830,4747.270,4885.430,67812200,,,5.5948,none
2007-08-21,4915.520,4995.530,4909.840,4972.710,74440600,,,1.7865,none
2007-08-22,4899.930,5075.890,4887.140,5051.690,74028900,,,1.5883,none
2007-08-23,5075.510,5154.850,5028.120,5135.930,68051900,,,1.6676,none
2007-08-24,5161.150,5231.150,5158.030,5217.580,73769900,,,1.5898,none
2007-08-27,5250.620,5296.570,5191.280,5243.150,82631500,,,0.4901,none
2007-08-28,5220.640,5270.300,5136.610,5251.770,75066800,,,0.1644,none
2007-08-29,5215.650,5283.330,5138.340,5171.820,72929500,,,-1.5223,none
2007-08-30,5193.730,5247.570,5176.000,5241.230,67298500,,,1.3421,none
2007-08-31,5255.090,5307.420,5219.990,5296.810,66780400,,,1.0604,none
2007-09-03,5335.050,5433.750,5335.050,5419.170,82849200,,,2.3101,none
2007-09-04,5421.250,5429.210,5333.490,5360.330,79914800,,,-1.0858,none
2007-09-05,5357.550,5389.330,5265.060,5363.250,65364900,,,0.0545,none
2007-09-06,5389.490,5448.840,5365.500,5412.040,70608600,,,0.9097,none
2007-09-07,5382.910,5402.710,5284.650,5294.790,79298900,,,-2.1665,none
2007-09-10,5226.740,5380.460,5182.100,5377.220,65095700,,,1.5568,none
2007-09-11,5384.560,5414.000,5104.350,5124.090,68806700,,,-4.7075,none
2007-09-12,5102.580,5212.650,5059.460,5202.860,61572300,,,1.5372,none
2007-09-13,5230.650,5351.580,5212.030,5349.970,59746900,,,2.8275,none
2007-09-14,5362.460,5405.850,5274.220,5397.280,60295600,,,0.8843,none
2007-09-17,5389.500,5504.770,5387.680,5498.910,69403100,,,1.8830,none
2007-09-18,5524.100,5533.530,5405.180,5476.840,71621800,,,-0.4014,none
2007-09-19,5487.380,5498.590,5385.420,5419.270,55880100,,,-1.0512,none
2007-09-20,5436.640,5501.400,5430.310,5494.920,56712100,,,1.3959,none
2007-09-21,5508.500,5516.110,5357.500,5468.100,61106400,,,-0.4881,none
2007-09-24,5481.380,5541.130,5400.680,5513.900,54184800,,,0.8376,none
2007-09-25,5524.020,5540.870,5423.520,5454.620,45326200,,,-1.0751,none
2007-09-26,5433.630,5489.860,5338.310,5361.020,39171200,,,-1.7160,none
2007-09-27,5364.530,5429.050,5338.040,5427.660,33759100,,,1.2430,none
2007-09-28,5479.850,5590.850,5479.850,5580.810,48514600,,,2.8217,none
2007-10-08,5703.280,5715.910,5617.100,5653.140,66449700,,,1.2960,none
2007-10-09,5638.630,5682.970,5582.770,5675.930,53633500,,,0.4031,none
2007-10-10,5694.990,5776.210,5653.790,5685.760,63994500,,,0.1732,none
2007-10-11,5695.130,5761.220,5650.100,5760.080,65141100,,,1.3071,none
2007-10-12,5777.900,5796.280,5485.560,5737.220,78001100,,,-0.3969,none
2007-10-15,5761.870,5824.980,5690.070,5821.450,70682100,,,1.4681,none
2007-10-16,5851.540,5885.480,5815.610,5877.200,64692000,,,0.9577,none
2007-10-17,5862.380,5891.720,5797.610,5824.120,48869800,,,-0.9032,none
2007-10-18,5813.240,5813.240,5593.990,5615.750,48595600,,,-3.5777,none
2007-10-19,5651.030,5711.500,5563.780,5614.060,38466500,,,-0.0301,none
2007-10-22,5543.790,5594.500,5465.850,5472.680,35867500,,,-2.5183,none
2007-10-23,5467.830,5541.960,5373.050,5540.090,41896800,,,1.2318,none
2007-10-24,5564.480,5644.970,5553.330,5588.010,44661200,,,0.8650,none
2007-10-25,5549.660,5556.550,5312.850,5333.790,50821700,,,-4.5494,none
2007-10-26,5279.100,5428.580,5266.370,5394.810,35896000,,,1.1440,none
2007-10-29,5428.680,5509.350,5428.680,5508.360,35234000,,,2.1048,none
2007-10-30,5529.960,5597.270,5467.520,5596.070,39193900,,,1.5923,none
2007-10-31,5663.760,5691.870,5590.540,5688.540,50329500,,,1.6524,none
2007-11-01,5701.490,5702.210,5604.790,5605.230,46612500,,,-1.4645,none
2007-11-02,5514.850,5565.660,5448.990,5472.930,43289500,,,-2.3603,none
2007-11-05,5438.810,5494.620,5333.380,5360.310,33695000,,,-2.0578,none
2007-11-06,5331.310,5406.100,5295.790,5317.550,27057900,,,-0.7977,none
2007-11-07,5348.560,5388.640,5231.610,5350.630,30061300,,,0.6221,none
2007-11-08,5321.860,5321.860,5090.960,5093.670,36054900,,,-4.8024,none
2007-11-09,5042.760,5129.110,4962.300,5040.520,34583800,,,-1.0435,none
2007-11-12,4916.820,5018.110,4795.430,4978.250,38413900,,,-1.2354,none
2007-11-13,5024.520,5082.640,4866.160,4939.240,36862100,,,-0.7836,none
2007-11-14,5013.780,5147.010,4924.820,5145.890,35231500,,,4.1838,none
2007-11-15,5129.810,5170.970,5069.520,5081.110,31759500,,,-1.2589,none
2007-11-16,4999.840,5021.710,4917.490,5007.660,23311000,,,-1.4456,none
2007-11-19,5017.400,5033.950,4968.730,4994.420,25548100,,,-0.2644,none
2007-11-20,4962.630,5099.520,4916.470,5069.380,33562700,,,1.5009,none
2007-11-21,5087.250,5135.250,4993.290,4997.620,26803100,,,-1.4156,none
2007-11-22,4902.630,4949.330,4759.910,4772.620,26507700,,,-4.5021,none
2007-11-23,4733.370,4857.050,4711.790,4856.160,20146300,,,1.7504,none
2007-11-26,4931.600,4954.180,4795.350,4800.080,23622300,,,-1.1548,none
2007-11-27,4759.010,4806.830,4708.800,4711.150,20886800,,,-1.8527,none
2007-11-28,4724.470,4760.660,4619.510,4648.750,22482400,,,-1.3245,none
2007-11-29,4708.380,4847.580,4637.480,4842.070,36873000,,,4.1585,none
2007-11-30,4841.080,4841.080,4723.790,4737.410,29383700,,,-2.1615,none
2007-12-03,4714.920,4809.270,4689.520,4772.670,22255900,,,0.7443,none
2007-12-04,4786.640,4886.580,4786.640,4829.210,22643600,,,1.1847,none
2007-12-05,4829.950,4970.170,4815.610,4965.950,31769200,,,2.8315,none
2007-12-06,4986.250,4999.930,4928.130,4971.060,23711600,,,0.1029,none
2007-12-07,4979.840,5041.780,4977.870,5041.350,27198200,,,1.4140,none
2007-12-10,4961.670,5138.690,4944.830,5133.560,42780700,,,1.8291,none
2007-12-11,5162.090,5181.410,5068.030,5140.000,40586500,,,0.1254,none
2007-12-12,5108.580,5130.720,5033.720,5077.390,39828300,,,-1.2181,none
2007-12-13,5051.780,5067.390,4881.340,4884.300,36819600,,,-3.8029,none
2007-12-14,4827.390,4979.190,4800.240,4977.650,30727900,,,1.9112,none
2007-12-17,4976.240,4977.570,4855.170,4857.290,37014500,,,-2.4180,none
2007-12-18,4827.260,4883.000,4799.000,4829.910,22930100,,,-0.5637,none
2007-12-19,4877.770,4961.590,4865.350,4946.290,32101900,,,2.4096,none
2007-12-20,4968.030,5048.060,4935.400,5037.190,31319900,,,1.8377,none
2007-12-21,5016.460,5103.770,5014.700,5101.850,37251500,,,1.2837,none
2007-12-24,5142.160,5239.220,5129.600,5207.130,50320000,,,2.0636,none
2007-12-25,5217.560,5244.030,5180.590,5216.810,38973700,,,0.1859,none
2007-12-26,5231.970,5273.140,5194.750,5265.030,41468100,,,0.9243,none
2007-12-27,5286.980,5367.530,5260.100,5367.530,52345000,,,1.9468,none
2007-12-28,5379.520,5391.670,5323.820,5338.270,45361400,,,-0.5451,none
2008-01-02,5349.760,5404.930,5283.450,5385.100,45668700,,,0.8773,none
2008-01-03,5381.150,5422.670,5315.950,5422.030,64645900,,,0.6858,none
2008-01-04,5430.630,5499.080,5422.460,5483.650,51746400,,,1.1365,none
2008-01-07,5480.440,5569.150,5455.500,5556.590,53485400,,,1.3301,none
2008-01-08,5575.950,5630.620,5485.230,5528.050,64899500,,,-0.5136,none
2008-01-09,5507.120,5614.680,5490.310,5613.760,46796900,,,1.5505,none
2008-01-10,5631.650,5707.670,5602.590,5672.150,64229900,,,1.0401,none
2008-01-11,5688.560,5702.570,5629.640,5699.150,56167100,,,0.4760,none
2008-01-14,5717.520,5756.920,5679.290,5731.760,49846000,,,0.5722,none
2008-01-15,5743.430,5754.110,5652.040,5696.450,50886600,,,-0.6160,none
2008-01-16,5642.570,5642.570,5498.390,5505.720,55774500,,,-3.3482,none
2008-01-17,5445.800,5533.650,5226.640,5365.620,61936900,,,-2.5446,none
2008-01-18,5358.180,5419.570,5307.500,5414.470,43913000,,,0.9104,none
2008-01-21,5424.640,5434.350,5122.460,5145.730,47833600,,,-4.9634,none
2008-01-22,5015.430,5032.250,4708.390,4753.870,60772700,,,-7.6152,none
2008-01-23,4787.170,4976.270,4751.500,4975.110,55776400,,,4.6539,none
2008-01-24,5034.530,5079.800,4926.370,5027.210,56606000,,,1.0472,none
2008-01-25,5022.900,5121.410,4966.520,5077.430,47142100,,,0.9990,none
2008-01-28,5038.510,5038.510,4711.280,4731.880,41425300,,,-6.8056,none
2008-01-29,4742.900,4845.660,4688.730,4762.080,29062300,,,0.6382,none
2008-01-30,4817.160,4858.100,4606.140,4710.650,34099000,,,-1.0800,none
2008-01-31,4693.610,4733.700,4614.280,4620.400,30852600,,,-1.9159,none
2008-02-01,4623.620,4660.990,4414.120,4571.940,35125500,,,-1.0488,none
2008-02-04,4695.550,4951.250,4695.550,4950.120,40953100,,,8.2718,none
2008-02-05,4942.880,4995.570,4878.120,4921.830,32796400,,,-0.5715,none
2008-02-13,4858.810,4883.240,4785.800,4816.080,21475700,,,-2.1486,none
2008-02-14,4858.850,4913.320,4842.850,4880.250,19837800,,,1.3324,none
2008-02-15,4846.020,4846.020,4742.100,4813.310,24262600,,,-1.3717,none
2008-02-18,4875.210,4944.880,4845.310,4910.990,30590100,,,2.0294,none
2008-02-19,4926.840,5020.750,4885.690,5020.750,36177000,,,2.2350,none
2008-02-20,5032.780,5062.260,4901.660,4908.720,39557700,,,-2.2313,none
2008-02-21,4878.570,4924.450,4796.100,4876.030,33403600,,,-0.6660,none
2008-02-22,4850.880,4850.880,4649.810,4702.240,37918600,,,-3.5642,none
2008-02-25,4704.320,4722.640,4510.690,4519.780,33652000,,,-3.8803,none
2008-02-26,4637.600,4668.830,4394.590,4515.530,33276400,,,-0.0940,none
2008-02-27,4543.100,4660.410,4500.890,4639.770,29592400,,,2.7514,none
2008-02-28,4651.160,4670.170,4582.820,4622.060,25398200,,,-0.3817,none
2008-02-29,4616.240,4683.160,4597.630,4674.550,23350900,,,1.1356,none
2008-03-03,4648.730,4803.900,4611.700,4790.740,39258400,,,2.4856,none
2008-03-04,4813.400,4836.660,4657.380,4671.150,45129800,,,-2.4963,none
2008-03-05,4650.520,4689.970,4519.740,4628.720,39418000,,,-0.9083,none
2008-03-06,4645.070,4746.580,4592.620,4685.030,44402300,,,1.2165,none
2008-03-07,4641.750,4693.210,4597.010,4621.690,28690900,,,-1.3520,none
2008-03-10,4588.770,4588.770,4406.230,4431.590,31780400,,,-4.1132,none
2008-03-11,4393.280,4441.180,4315.180,4441.180,26276600,,,0.2164,none
2008-03-12,4534.810,4553.340,4308.350,4309.650,27145600,,,-2.9616,none
2008-03-13,4266.270,4296.360,4121.270,4198.960,34451300,,,-2.5684,none
2008-03-14,4179.440,4212.410,4092.790,4157.870,23427900,,,-0.9786,none
2008-03-17,4138.880,4138.880,3958.290,3965.280,28181000,,,-4.6319,none
2008-03-18,3924.870,3996.960,3700.350,3763.950,34523800,,,-5.0773,none
2008-03-19,3837.600,3954.470,3776.300,3888.860,37898500,,,3.3186,none
2008-03-20,3833.210,4044.690,3658.040,4001.830,46212900,,,2.9050,none
2008-03-21,3998.200,4083.160,3958.970,4037.830,42615200,,,0.8996,none
2008-03-24,4086.070,4103.570,3857.090,3857.090,35842400,,,-4.4762,none
2008-03-25,3780.460,3937.670,3747.020,3905.770,32245900,,,1.2621,none
2008-03-26,3926.860,4001.550,3888.020,3914.370,28036800,,,0.2202,none
2008-03-27,3847.440,3873.610,3745.880,3748.920,32000700,,,-4.2267,none
2008-03-28,3712.980,3925.860,3661.380,3918.160,42096800,,,4.5144,none
2008-03-31,3802.210,3891.660,3780.120,3790.530,29440800,,,-3.2574,none
2008-04-01,3776.270,3815.160,3566.210,3582.850,35303500,,,-5.4789,none
2008-04-02,3621.390,3698.530,3493.180,3547.980,42765900,,,-0.9732,none
2008-04-03,3518.220,3665.650,3457.620,3650.700,32989500,,,2.8952,none
2008-04-07,3611.960,3854.070,3578.380,3845.820,40485000,,,5.3447,none
2008-04-08,3852.010,3935.330,3820.100,3891.060,44067900,,,1.1763,none
2008-04-09,3857.270,3911.700,3687.600,3688.120,38997200,,,-5.2155,none
2008-04-10,3641.660,3754.720,3608.320,3754.720,28804400,,,1.8058,none
2008-04-11,3794.300,3825.290,3755.010,3783.730,26328600,,,0.7726,none
2008-04-14,3699.140,3710.790,3525.190,3536.330,33427000,,,-6.5385,none
2008-04-15,3513.070,3583.860,3417.250,3583.300,30656900,,,1.3282,none
2008-04-16,3573.660,3583.810,3483.190,3494.020,26528100,,,-2.4916,none
2008-04-17,3493.240,3559.100,3340.880,3386.630,29530600,,,-3.0735,none
2008-04-18,3356.560,3390.550,3248.530,3272.500,27888200,,,-3.3700,none
2008-04-21,3516.430,3516.430,3223.890,3267.550,41362300,,,-0.1513,none
2008-04-22,3207.880,3301.550,3122.390,3296.280,32538000,,,0.8793,none
2008-04-23,3267.360,3467.430,3245.300,3453.730,44272600,,,4.7766,none
2008-04-24,3739.320,3781.480,3659.730,3774.500,96574900,,,9.2876,none
2008-04-25,3781.910,3915.840,3737.980,3803.070,84814500,,,0.7569,none
2008-04-28,3740.950,3791.770,3711.190,3729.150,48831200,,,-1.9437,none
2008-04-29,3704.930,3797.530,3702.020,3776.940,44540400,,,1.2815,none
2008-04-30,3793.850,3970.570,3793.850,3959.120,69909800,,,4.8235,none
2008-05-05,4015.210,4061.470,3972.560,4055.780,62534100,,,2.4415,none
2008-05-06,4021.070,4075.570,3961.340,4010.890,58459300,,,-1.1068,none
2008-05-07,3986.130,4042.410,3821.110,3821.320,54457700,,,-4.7264,none
2008-05-08,3774.040,3926.000,3761.280,3925.040,44055700,,,2.7142,none
2008-05-09,3960.890,3973.060,3806.520,3878.920,53655900,,,-1.1750,none
2008-05-12,3804.990,3952.790,3766.580,3904.920,45382700,,,0.6703,none
2008-05-13,3786.530,3923.170,3778.720,3851.690,50338000,,,-1.3632,none
2008-05-14,3843.470,3975.790,3843.470,3975.780,50606900,,,3.2217,none
2008-05-15,4006.660,4038.850,3948.060,3948.090,50773000,,,-0.6965,none
2008-05-16,3948.030,3982.220,3882.900,3936.120,39721800,,,-0.3032,none
2008-05-19,3926.310,3936.280,3865.500,3914.070,29709600,,,-0.5602,none
2008-05-20,3911.100,3946.440,3698.550,3710.820,39702600,,,-5.1928,none
2008-05-21,3668.180,3801.070,3591.570,3783.050,43596200,,,1.9465,none
2008-05-22,3732.640,3783.850,3704.160,3711.440,40742700,,,-1.8929,none
2008-05-23,3697.890,3741.060,3629.010,3675.150,33440400,,,-0.9778,none
2008-05-26,3643.010,3643.010,3555.760,3559.220,28180200,,,-3.1544,none
2008-05-27,3549.990,3594.660,3533.470,3576.200,24762700,,,0.4771,none
2008-05-28,3583.280,3698.000,3561.730,3676.230,31034900,,,2.7971,none
2008-05-29,3666.200,3677.020,3578.730,3580.870,29422700,,,-2.5940,none
2008-05-30,3585.600,3620.230,3552.660,3611.330,28590800,,,0.8506,none
2008-06-02,3600.230,3650.480,3580.580,3625.830,28253400,,,0.4015,none
2008-06-03,3624.570,3641.430,3585.120,3614.110,34735100,,,-0.3232,none
2008-06-04,3601.060,3605.060,3513.640,3546.920,29417700,,,-1.8591,none
2008-06-05,3529.980,3542.240,3487.790,3512.140,23989300,,,-0.9806,none
2008-06-06,3519.120,3532.300,3470.560,3489.500,20944200,,,-0.6446,none
2008-06-10,3344.450,3352.320,3188.800,3206.560,32950000,,,-8.1083,none
2008-06-11,3155.940,3181.820,3097.400,3140.300,29409700,,,-2.0664,none
2008-06-12,3123.640,3148.740,3022.880,3084.630,31454100,,,-1.7728,none
2008-06-13,3087.340,3108.990,2975.660,2979.120,25319800,,,-3.4205,none
2008-06-16,2981.080,3012.990,2900.070,2952.240,26813800,,,-0.9023,none
2008-06-17,2950.400,2977.890,2820.640,2842.680,26463800,,,-3.7111,none
2008-06-18,2820.240,3007.180,2759.110,2991.270,42560100,,,5.2271,none
2008-06-19,2967.400,2967.400,2768.230,2773.080,36319000,,,-7.2942,none
2008-06-20,2795.470,2946.940,2691.870,2849.670,51675900,,,2.7619,none
2008-06-23,2798.430,2845.480,2771.360,2789.940,26631500,,,-2.0960,none
2008-06-24,2775.690,2865.900,2770.990,2851.920,31792500,,,2.2216,none
2008-06-25,2844.920,2973.170,2834.950,2969.540,42425300,,,4.1242,none
2008-06-26,2964.520,3010.280,2922.790,2980.910,42599300,,,0.3829,none
2008-06-27,2886.180,2899.840,2787.250,2816.020,40886600,,,-5.5315,none
2008-06-30,2782.840,2834.270,2747.610,2791.820,25295400,,,-0.8594,none
2008-07-01,2799.200,2809.380,2690.180,2698.350,28851600,,,-3.3480,none
2008-07-02,2702.630,2745.940,2670.060,2699.600,27916400,,,0.0463,none
2008-07-03,2654.480,2807.680,2617.260,2760.610,45660300,,,2.2600,none
2008-07-04,2751.210,2783.850,2716.020,2741.850,37905000,,,-0.6796,none
2008-07-07,2747.610,2890.990,2747.610,2882.760,52732000,,,5.1392,none
2008-07-08,2900.570,2939.140,2841.070,2901.840,54248100,,,0.6619,none
2008-07-09,2927.000,3015.270,2927.000,3015.130,69357000,,,3.9041,none
2008-07-10,2970.980,3056.910,2950.200,2973.730,61649600,,,-1.3731,none
2008-07-11,2962.860,2988.200,2913.870,2953.500,44287100,,,-0.6803,none
2008-07-14,2927.240,2996.590,2917.020,2975.870,34575000,,,0.7574,none
2008-07-15,2987.060,2997.670,2849.200,2852.980,47292800,,,-4.1295,none
2008-07-16,2818.760,2824.880,2702.660,2745.600,39403100,,,-3.7638,none
2008-07-17,2790.260,2812.990,2705.810,2718.070,32687300,,,-1.0027,none
2008-07-18,2746.540,2818.060,2690.070,2815.460,40203400,,,3.5831,none
2008-07-21,2792.830,2915.290,2780.280,2911.050,45119600,,,3.3952,none
2008-07-22,2905.280,2931.450,2890.250,2904.740,38815000,,,-0.2168,none
2008-07-23,2923.050,2941.970,2879.190,2883.320,38821200,,,-0.7374,none
2008-07-24,2905.040,2979.750,2902.980,2977.360,48538700,,,3.2615,none
2008-07-25,2939.320,2967.720,2916.680,2939.200,40571100,,,-1.2817,none
2008-07-28,2959.110,2997.600,2946.490,2960.850,39308600,,,0.7366,none
2008-07-29,2921.250,2921.250,2881.050,2905.630,36036300,,,-1.8650,none
2008-07-30,2940.020,2949.940,2866.030,2884.380,29810800,,,-0.7313,none
2008-07-31,2894.250,2899.070,2804.700,2805.210,27941000,,,-2.7448,none
2008-08-01,2786.120,2868.680,2748.750,2840.790,34031500,,,1.2684,none
2008-08-04,2816.940,2832.900,2767.530,2773.150,22782300,,,-2.3810,none
2008-08-05,2780.760,2792.740,2695.370,2703.080,30469200,,,-2.5267,none
2008-08-06,2723.520,2749.100,2679.660,2721.690,27404000,,,0.6885,none
2008-08-07,2717.660,2747.880,2683.410,2720.440,23370400,,,-0.0459,none
2008-08-08,2719.380,2719.380,2581.810,2591.460,30894600,,,-4.7411,none
2008-08-11,2579.800,2580.720,2442.790,2456.810,32120200,,,-5.1959,none
2008-08-12,2431.380,2474.320,2413.600,2444.160,24191900,,,-0.5149,none
2008-08-13,2427.500,2466.090,2369.580,2444.670,27551700,,,0.0209,none
2008-08-14,2429.980,2461.240,2410.490,2443.510,20157200,,,-0.0475,none
2008-08-15,2440.390,2479.150,2412.950,2447.610,20422300,,,0.1678,none
2008-08-18,2451.310,2452.630,2312.950,2313.400,23623100,,,-5.4833,none
2008-08-19,2285.510,2356.190,2273.890,2348.470,19477100,,,1.5160,none
2008-08-20,2332.390,2533.300,2312.180,2532.940,45043400,,,7.8549,none
2008-08-21,2494.260,2535.860,2438.860,2443.980,37518000,,,-3.5121,none
2008-08-22,2421.250,2437.430,2362.630,2404.930,26298200,,,-1.5978,none
2008-08-25,2408.030,2439.910,2373.760,2400.550,18643200,,,-0.1821,none
2008-08-26,2370.530,2390.660,2306.940,2331.530,23741900,,,-2.8752,none
2008-08-27,2322.540,2367.720,2291.350,2325.290,23862600,,,-0.2676,none
2008-08-28,2325.260,2363.560,2316.680,2335.860,20400300,,,0.4546,none
2008-08-29,2347.400,2418.050,2339.520,2391.640,28877800,,,2.3880,none
2008-09-01,2372.640,2372.640,2297.020,2309.170,21152800,,,-3.4483,none
2008-09-02,2292.690,2309.210,2268.000,2285.410,18440500,,,-1.0289,none
2008-09-03,2279.600,2296.030,2219.560,2245.960,23749500,,,-1.7262,none
2008-09-04,2238.650,2270.410,2216.110,2251.150,18984800,,,0.2311,none
2008-09-05,2193.040,2221.090,2172.940,2183.430,21654500,,,-3.0082,none
2008-09-08,2189.820,2198.760,2119.120,2126.520,22186600,,,-2.6064,none
2008-09-09,2135.220,2150.990,2111.400,2139.150,17624300,,,0.5939,none
2008-09-10,2124.970,2181.250,2099.230,2143.180,22057800,,,0.1884,none
2008-09-11,2135.450,2142.000,2067.250,2072.130,22176800,,,-3.3152,none
2008-09-12,2071.060,2102.980,2066.440,2077.850,19197000,,,0.2760,none
2008-09-16,2050.320,2050.320,1987.300,2000.650,33563300,,,-3.7154,none
2008-09-17,1981.250,2003.910,1923.550,1929.140,32862200,,,-3.5743,none
2008-09-18,1876.960,1936.730,1804.770,1895.990,47820300,,,-1.7184,none
2008-09-19,2065.780,2073.110,2046.220,2073.110,36525400,,,9.3418,none
2008-09-22,2228.370,2258.420,2130.310,2207.610,101994000,,,6.4878,none
2008-09-23,2141.600,2180.370,2118.920,2123.480,78365600,,,-3.8109,none
2008-09-24,2072.650,2139.220,2050.970,2138.850,45328200,,,0.7238,none
2008-09-25,2143.730,2256.270,2139.620,2223.530,74237900,,,3.9591,none
2008-09-26,2234.460,2257.160,2192.130,2243.660,59429900,,,0.9053,none
2008-10-06,2206.560,2206.560,2128.270,2128.700,45575300,,,-5.1238,none
2008-10-07,2043.920,2136.120,2024.650,2102.450,43065300,,,-1.2331,none
2008-10-08,2041.990,2073.070,2000.520,2022.880,36874700,,,-3.7846,none
2008-10-09,2059.580,2063.300,1993.010,1995.300,33582300,,,-1.3634,none
2008-10-10,1913.270,1938.210,1881.670,1906.960,39151600,,,-4.4274,none
2008-10-13,1889.750,1985.630,1841.530,1985.490,43538100,,,4.1181,none
2008-10-14,2054.410,2060.490,1934.460,1934.620,54331900,,,-2.5621,none
2008-10-15,1911.030,1930.630,1892.020,1914.360,31892400,,,-1.0472,none
2008-10-16,1833.480,1866.900,1818.930,1820.900,40529600,,,-4.8820,none
2008-10-17,1837.910,1851.330,1805.670,1833.260,28715400,,,0.6788,none
2008-10-20,1828.410,1899.350,1802.090,1896.730,33277200,,,3.4621,none
2008-10-21,1901.240,1928.190,1880.520,1881.410,38908400,,,-0.8077,none
2008-10-22,1854.600,1887.310,1832.450,1833.320,32968600,,,-2.5561,none
2008-10-23,1794.680,1836.410,1779.130,1834.780,35758700,,,0.0796,none
2008-10-24,1831.460,1840.880,1769.110,1781.600,32980700,,,-2.8984,none
2008-10-27,1746.670,1746.670,1652.790,1654.670,36441800,,,-7.1245,none
2008-10-28,1614.620,1716.310,1607.670,1705.820,46792800,,,3.0913,none
2008-10-29,1723.230,1731.260,1657.650,1658.220,38869500,,,-2.7904,none
2008-10-30,1669.970,1723.930,1646.340,1697.660,41284300,,,2.3785,none
2008-10-31,1688.090,1696.650,1655.090,1663.660,28314500,,,-2.0028,none
2008-11-03,1648.560,1684.560,1643.420,1653.540,25381100,,,-0.6083,none
2008-11-04,1646.200,1648.450,1606.730,1627.760,26100200,,,-1.5591,none
2008-11-05,1641.260,1714.660,1641.260,1691.420,42418200,,,3.9109,none
2008-11-06,1648.130,1661.440,1638.340,1649.780,30784200,,,-2.4618,none
2008-11-07,1618.750,1690.100,1612.740,1677.830,31521600,,,1.7002,none
2008-11-10,1714.120,1803.120,1714.120,1801.670,63948900,,,7.3810,none
2008-11-11,1795.300,1824.930,1778.330,1781.360,66072800,,,-1.1273,none
2008-11-12,1758.480,1806.230,1754.290,1801.820,44088000,,,1.1486,none
2008-11-13,1777.030,1891.940,1765.640,1874.080,83234600,,,4.0104,none
2008-11-14,1893.310,1943.650,1874.930,1943.650,91168700,,,3.7122,none
2008-11-17,1934.740,1987.220,1919.970,1987.220,87836600,,,2.2417,none
2008-11-18,1974.380,1994.820,1831.760,1839.820,97278400,,,-7.4174,none
2008-11-19,1831.600,1959.520,1823.270,1953.160,82117400,,,6.1604,none
2008-11-20,1916.700,1976.950,1900.270,1932.430,83187000,,,-1.0614,none
2008-11-21,1872.270,1968.890,1835.090,1920.730,83049300,,,-0.6055,none
2008-11-24,1913.990,1923.930,1835.860,1837.640,50561500,,,-4.3260,none
2008-11-25,1870.060,1883.100,1801.560,1834.290,42814600,,,-0.1823,none
2008-11-26,1832.110,1865.650,1815.020,1843.490,45565600,,,0.5016,none
2008-11-27,1961.890,1969.020,1870.050,1870.470,88008300,,,1.4635,none
2008-11-28,1851.100,1866.260,1815.450,1829.920,51590700,,,-2.1679,none
2008-12-01,1823.770,1864.300,1799.840,1864.200,48386300,,,1.8733,none
2008-12-02,1821.540,1891.130,1814.900,1868.630,61350200,,,0.2376,none
2008-12-03,1884.600,1952.670,1884.600,1952.670,85019100,,,4.4974,none
2008-12-04,1980.440,2046.470,1978.140,1982.930,119183000,,,1.5497,none
2008-12-05,1969.740,2014.200,1965.090,2013.180,74366300,,,1.5255,none
2008-12-08,2040.470,2095.470,2033.980,2095.040,107607000,,,4.0662,none
2008-12-09,2104.120,2107.600,2038.070,2040.850,92509800,,,-2.5866,none
2008-12-10,2028.510,2096.390,2014.280,2096.390,83271100,,,2.7214,none
2008-12-11,2087.430,2107.290,2043.620,2046.340,73556200,,,-2.3874,none
2008-12-12,2027.070,2038.190,1936.280,1960.380,67387300,,,-4.2007,none
2008-12-15,1991.550,2006.220,1941.050,1975.030,50451100,,,0.7473,none
2008-12-16,1956.990,1994.960,1919.870,1994.450,47924900,,,0.9833,none
2008-12-17,2002.030,2030.390,1995.650,2001.420,58685200,,,0.3495,none
2008-12-18,2001.050,2045.940,1982.430,2045.100,58429200,,,2.1825,none
2008-12-19,2037.370,2075.380,2033.110,2052.110,63311200,,,0.3428,none
2008-12-22,2050.770,2055.370,1993.330,2017.550,52949500,,,-1.6841,none
2008-12-23,2019.230,2019.230,1918.430,1918.950,63590500,,,-4.8871,none
2008-12-24,1893.220,1912.780,1872.650,1887.070,44201800,,,-1.6613,none
2008-12-25,1891.530,1902.710,1848.710,1870.770,39916800,,,-0.8638,none
2008-12-26,1868.340,1881.080,1850.500,1862.100,34560900,,,-0.4634,none
2008-12-29,1852.410,1861.300,1816.060,1854.760,35986900,,,-0.3942,none
2008-12-30,1852.950,1867.410,1824.530,1833.440,37584600,,,-1.1495,none
2008-12-31,1835.100,1844.420,1813.730,1817.720,35631400,,,-0.8574,none
2009-01-05,1848.330,1882.960,1837.840,1882.960,48187000,,,3.5891,none
2009-01-06,1880.670,1948.490,1873.010,1942.800,70974100,,,3.1780,none
2009-01-07,1942.670,1959.250,1930.870,1931.180,59702200,,,-0.5981,none
2009-01-08,1894.660,1902.800,1873.650,1887.990,53446500,,,-2.2365,none
2009-01-09,1886.490,1923.420,1886.490,1918.360,47407200,,,1.6086,none
2009-01-12,1911.740,1947.080,1905.620,1920.690,54234200,,,0.1215,none
2009-01-13,1892.660,1908.200,1874.970,1876.190,49818100,,,-2.3169,none
2009-01-14,1873.630,1955.240,1873.630,1955.240,59283200,,,4.2133,none
2009-01-15,1935.390,1977.190,1930.300,1954.870,78943600,,,-0.0189,none
2009-01-16,1965.440,2026.650,1965.440,1990.210,96538600,,,1.8078,none
2009-01-19,2010.580,2052.190,1993.950,2012.460,81948200,,,1.1180,none
2009-01-20,2006.530,2025.190,1986.060,2025.190,53259300,,,0.6326,none
2009-01-21,1993.670,2047.100,1988.240,2021.710,64117400,,,-0.1718,none
2009-01-22,2034.290,2048.480,2012.740,2044.550,58862000,,,1.1297,none
2009-01-23,2039.520,2054.330,2025.190,2032.680,57504100,,,-0.5806,none
2009-02-02,2052.440,2059.340,2029.720,2057.060,51453900,,,1.1994,none
2009-02-03,2056.790,2108.940,2049.890,2108.910,87640300,,,2.5206,none
2009-02-04,2118.560,2166.410,2117.020,2166.410,100888000,,,2.7265,none
2009-02-05,2164.550,2211.180,2135.670,2150.970,115100000,,,-0.7127,none
2009-02-06,2158.080,2240.020,2158.080,2237.280,106665000,,,4.0126,none
2009-02-09,2271.590,2307.910,2257.490,2296.670,129524000,,,2.6546,none
2009-02-10,2288.070,2327.100,2263.530,2326.750,116295000,,,1.3097,none
2009-02-11,2287.230,2381.190,2275.570,2331.140,147577000,,,0.1887,none
2009-02-12,2335.400,2344.660,2248.480,2318.340,119826000,,,-0.5491,none
2009-02-13,2321.560,2402.440,2307.090,2399.060,140410000,,,3.4818,none
2009-02-16,2421.190,2462.390,2397.180,2462.250,152347000,,,2.6339,none
2009-02-17,2460.570,2470.620,2384.790,2385.290,141015000,,,-3.1256,none
2009-02-18,2331.660,2369.050,2272.500,2275.840,115422000,,,-4.5885,none
2009-02-19,2295.650,2324.680,2259.590,2298.410,90853900,,,0.9917,none
2009-02-20,2300.810,2344.770,2276.300,2344.320,86632100,,,1.9975,none
2009-02-23,2333.810,2419.530,2307.920,2410.480,109465000,,,2.8221,none
2009-02-24,2376.700,2411.910,2294.520,2301.850,127018000,,,-4.5066,none
2009-02-25,2325.040,2337.420,2226.440,2304.250,107878000,,,0.1043,none
2009-02-26,2295.430,2332.350,2167.150,2190.190,102200000,,,-4.9500,none
2009-02-27,2164.540,2186.820,2117.060,2140.490,87076400,,,-2.2692,none
2009-03-02,2123.370,2177.290,2112.340,2164.670,62746200,,,1.1296,none
2009-03-03,2109.840,2168.220,2100.640,2142.150,66167300,,,-1.0403,none
2009-03-04,2150.240,2290.940,2150.240,2285.150,110750000,,,6.6755,none
2009-03-05,2314.080,2340.370,2259.800,2304.920,131987000,,,0.8652,none
2009-03-06,2260.760,2313.200,2255.820,2286.580,85965400,,,-0.7957,none
2009-03-09,2302.010,2333.980,2198.540,2202.530,86555900,,,-3.6758,none
2009-03-10,2175.310,2241.240,2168.320,2240.780,56660400,,,1.7366,none
2009-03-11,2288.050,2292.400,2212.880,2220.380,70838700,,,-0.9104,none
2009-03-12,2208.040,2220.300,2156.600,2215.700,55700100,,,-0.2108,none
2009-03-13,2229.250,2250.240,2200.970,2205.420,54083100,,,-0.4640,none
2009-03-16,2197.250,2247.110,2180.050,2241.610,48773900,,,1.6410,none
2009-03-17,2244.110,2329.300,2239.670,2322.400,92980500,,,3.6041,none
2009-03-18,2335.420,2370.560,2328.860,2332.650,101870000,,,0.4414,none
2009-03-19,2337.520,2386.230,2331.260,2382.560,97318800,,,2.1396,none
2009-03-20,2389.890,2397.210,2343.270,2379.840,109397000,,,-0.1142,none
2009-03-23,2384.670,2448.350,2375.520,2439.400,116313000,,,2.5027,none
2009-03-24,2477.570,2483.830,2440.530,2451.780,111994000,,,0.5075,none
2009-03-25,2435.630,2472.940,2401.050,2401.330,95816700,,,-2.0577,none
2009-03-26,2407.760,2479.830,2379.950,2479.790,113249000,,,3.2674,none
2009-03-27,2501.000,2516.380,2481.690,2498.930,135369000,,,0.7718,none
2009-03-30,2501.310,2508.140,2471.370,2484.490,94151700,,,-0.5778,none
2009-03-31,2436.780,2507.900,2423.570,2507.790,95461800,,,0.9378,none
2009-04-01,2519.890,2566.540,2519.890,2548.220,126308000,,,1.6122,none
2009-04-02,2558.770,2599.250,2558.260,2576.400,135147000,,,1.1059,none
2009-04-03,2597.920,2612.370,2555.610,2570.500,123655000,,,-0.2290,none
2009-04-07,2570.620,2597.060,2543.650,2576.950,86083300,,,0.2509,none
2009-04-08,2563.720,2573.090,2479.350,2479.350,99328100,,,-3.7874,none
2009-04-09,2477.420,2517.740,2457.420,2517.670,74593700,,,1.5456,none
2009-04-10,2540.110,2595.600,2530.620,2595.530,104144000,,,3.0925,none
2009-04-13,2621.980,2668.280,2619.370,2656.520,139015000,,,2.3498,none
2009-04-14,2651.200,2682.910,2637.380,2676.870,110491000,,,0.7660,none
2009-04-15,2662.730,2690.640,2627.810,2686.990,120665000,,,0.3781,none
2009-04-16,2690.510,2706.620,2643.320,2687.110,123730000,,,0.0045,none
2009-04-17,2675.670,2693.290,2628.620,2650.690,101529000,,,-1.3554,none
2009-04-20,2643.730,2708.450,2640.990,2707.670,95903700,,,2.1496,none
2009-04-21,2670.280,2697.720,2634.530,2675.440,108185000,,,-1.1903,none
2009-04-22,2687.860,2713.300,2563.360,2576.280,124046000,,,-3.7063,none
2009-04-23,2555.530,2604.160,2543.910,2593.560,80887900,,,0.6707,none
2009-04-24,2605.700,2609.870,2570.380,2572.890,73361000,,,-0.7970,none
2009-04-27,2566.920,2576.520,2499.440,2513.290,72039400,,,-2.3165,none
2009-04-28,2490.530,2531.540,2485.800,2518.530,59265000,,,0.2085,none
2009-04-29,2518.850,2615.810,2514.140,2605.370,81885000,,,3.4480,none
2009-04-30,2616.490,2640.020,2604.450,2622.930,85809300,,,0.6740,none
2009-05-04,2635.130,2715.190,2632.300,2714.300,102917000,,,3.4835,none
2009-05-05,2733.110,2751.250,2713.230,2727.010,102314000,,,0.4683,none
2009-05-06,2721.820,2771.210,2713.540,2764.980,105807000,,,1.3924,none
2009-05-07,2783.580,2797.470,2731.800,2767.080,122101000,,,0.0759,none
2009-05-08,2751.500,2800.220,2733.330,2789.220,106725000,,,0.8001,none
2009-05-11,2808.140,2839.610,2725.270,2725.320,125364000,,,-2.2910,none
2009-05-12,2702.740,2788.610,2699.950,2788.560,88695900,,,2.3205,none
2009-05-13,2792.420,2822.710,2775.570,2814.000,107113000,,,0.9123,none
2009-05-14,2781.050,2804.480,2757.540,2792.600,82639300,,,-0.7605,none
2009-05-15,2800.570,2815.460,2773.320,2796.120,64931400,,,0.1260,none
2009-05-18,2782.580,2813.760,2740.920,2810.570,74835800,,,0.5168,none
2009-05-19,2836.340,2849.630,2821.950,2840.080,97703600,,,1.0500,none
2009-05-20,2843.540,2849.640,2812.600,2812.860,87939200,,,-0.9584,none
2009-05-21,2795.830,2808.290,2735.770,2750.010,85535400,,,-2.2344,none
2009-05-22,2733.020,2762.740,2719.120,2740.680,61499000,,,-0.3393,none
2009-05-25,2684.210,2761.390,2675.280,2752.720,74091700,,,0.4393,none
2009-05-26,2757.310,2762.810,2718.550,2719.760,72316000,,,-1.1974,none
2009-05-27,2734.420,2768.570,2715.820,2759.710,67976600,,,1.4689,none
2009-06-01,2798.930,2864.470,2798.930,2858.340,108565000,,,3.5739,none
2009-06-02,2878.530,2892.780,2855.060,2865.100,108338000,,,0.2365,none
2009-06-03,2865.730,2939.390,2864.710,2939.390,112073000,,,2.5929,none
2009-06-04,2924.270,2961.040,2899.670,2953.750,130128000,,,0.4885,none
2009-06-05,2966.060,2975.180,2937.180,2939.310,108476000,,,-0.4889,none
2009-06-08,2937.640,2978.230,2912.490,2948.480,96116400,,,0.3120,none
2009-06-09,2948.950,2960.900,2892.720,2960.560,91989900,,,0.4097,none
2009-06-10,2972.420,2995.700,2966.580,2989.590,101790000,,,0.9806,none
2009-06-11,2982.970,3000.860,2951.270,2961.630,87116000,,,-0.9352,none
2009-06-12,2955.570,2976.860,2883.320,2906.290,80067100,,,-1.8686,none
2009-06-15,2911.420,2967.100,2898.070,2966.190,74352100,,,2.0610,none
2009-06-16,2936.510,2979.410,2929.040,2961.220,70179200,,,-0.1676,none
2009-06-17,2957.580,3017.410,2930.490,3010.590,77293100,,,1.6672,none
2009-06-18,3014.440,3061.750,3014.440,3057.430,96281300,,,1.5558,none
2009-06-19,3061.900,3086.720,3047.270,3080.000,102518000,,,0.7382,none
2009-06-22,3106.390,3116.160,3072.530,3082.560,103953000,,,0.0831,none
2009-06-23,3036.400,3128.530,3028.450,3083.900,111507000,,,0.0435,none
2009-06-24,3079.500,3121.210,3068.240,3120.730,109424000,,,1.1943,none
2009-06-25,3125.660,3141.170,3103.870,3117.920,82806900,,,-0.0900,none
2009-06-26,3126.230,3137.080,3109.320,3128.420,70500900,,,0.3368,none
2009-06-29,3132.110,3182.420,3122.160,3179.970,84997100,,,1.6478,none
2009-06-30,3191.640,3195.720,3159.630,3166.470,86782400,,,-0.4245,none
2009-07-01,3153.540,3238.790,3150.650,3237.900,96950600,,,2.2558,none
2009-07-02,3248.200,3285.090,3247.570,3282.360,112989000,,,1.3731,none
2009-07-03,3254.930,3327.670,3249.110,3327.140,105733000,,,1.3643,none
2009-07-06,3333.100,3378.050,3333.100,3374.750,135264000,,,1.4310,none
2009-07-07,3368.330,3393.220,3327.350,3340.490,129601000,,,-1.0152,none
2009-07-08,3306.430,3368.070,3261.320,3352.270,113868000,,,0.3526,none
2009-07-09,3348.220,3396.480,3334.680,3396.300,113082000,,,1.3134,none
2009-07-10,3398.910,3428.030,3375.970,3398.310,106175000,,,0.0592,none
2009-07-13,3382.570,3403.740,3358.520,3361.010,99619700,,,-1.0976,none
2009-07-14,3375.870,3454.750,3375.870,3454.750,107520000,,,2.7890,none
2009-07-15,3467.130,3497.510,3467.130,3493.300,133483000,,,1.1159,none
2009-07-16,3516.780,3543.020,3489.560,3501.240,129313000,,,0.2273,none
2009-07-17,3499.510,3527.470,3482.870,3519.810,106550000,,,0.5304,none
2009-07-20,3532.520,3594.870,3515.530,3591.120,136469000,,,2.0260,none
2009-07-21,3603.400,3610.330,3533.160,3539.830,130601000,,,-1.4282,none
2009-07-22,3532.630,3607.370,3532.380,3606.920,115239000,,,1.8953,none
2009-07-23,3613.600,3653.840,3596.360,3651.970,116382000,,,1.2490,none
2009-07-24,3672.210,3687.490,3591.880,3667.560,127979000,,,0.4269,none
2009-07-27,3680.150,3744.240,3669.510,3743.630,138808000,,,2.0741,none
2009-07-28,3745.550,3756.780,3705.040,3755.820,146268000,,,0.3256,none
2009-07-29,3741.780,3765.590,3453.640,3558.510,167406000,,,-5.2534,none
2009-07-30,3587.050,3656.920,3511.290,3634.820,134969000,,,2.1444,none
2009-07-31,3670.190,3735.800,3635.550,3734.620,132240000,,,2.7457,none
2009-08-03,3754.220,3789.940,3716.570,3787.030,136416000,,,1.4034,none
2009-08-04,3803.060,3803.060,3712.430,3786.610,141036000,,,-0.0111,none
2009-08-05,3781.400,3789.130,3691.980,3740.940,133444000,,,-1.2061,none
2009-08-06,3707.910,3739.580,3602.570,3663.120,118102000,,,-2.0802,none
2009-08-07,3655.460,3686.540,3539.700,3555.090,100576000,,,-2.9491,none
2009-08-10,3589.720,3613.460,3485.360,3544.540,84870700,,,-0.2968,none
2009-08-11,3558.650,3569.150,3509.720,3556.380,64497200,,,0.3340,none
2009-08-12,3546.500,3546.500,3390.360,3397.400,92535400,,,-4.4703,none
2009-08-13,3398.890,3448.860,3338.850,3440.820,87081800,,,1.2780,none
2009-08-14,3437.950,3454.950,3334.730,3344.460,88248600,,,-2.8005,none
2009-08-17,3283.440,3319.800,3137.480,3140.270,91723900,,,-6.1053,none
2009-08-18,3110.710,3186.810,3083.200,3171.990,77343000,,,1.0101,none
2009-08-19,3178.280,3183.010,2982.220,3014.570,81604000,,,-4.9628,none
2009-08-20,3021.250,3146.570,3021.250,3144.390,79519200,,,4.3064,none
2009-08-21,3135.370,3221.170,3113.700,3203.620,86616800,,,1.8837,none
2009-08-24,3222.400,3241.520,3178.860,3229.600,80414100,,,0.8110,none
2009-08-25,3210.850,3210.850,3019.120,3109.830,97530100,,,-3.7085,none
2009-08-26,3082.680,3203.790,3065.460,3172.390,82036400,,,2.0117,none
2009-08-27,3149.570,3212.270,3116.890,3156.300,80125200,,,-0.5072,none
2009-08-28,3152.040,3168.190,3030.730,3046.780,84017900,,,-3.4699,none
2009-08-31,3003.540,3003.540,2825.770,2830.270,84517300,,,-7.1062,none
2009-09-01,2804.580,2901.280,2795.490,2843.700,70535300,,,0.4745,none
2009-09-02,2824.640,2904.790,2813.620,2890.930,60843400,,,1.6609,none
2009-09-03,2898.450,3059.990,2892.650,3051.960,93157400,,,5.5702,none
2009-09-04,3055.350,3099.390,3038.990,3077.140,86984700,,,0.8250,none
2009-09-07,3097.790,3153.230,3078.130,3104.210,82790700,,,0.8797,none
2009-09-08,3084.200,3170.970,3047.300,3170.970,83965600,,,2.1506,none
2009-09-09,3188.310,3207.390,3143.740,3194.910,91191200,,,0.7550,none
2009-09-10,3179.190,3204.120,3150.170,3162.910,66566000,,,-1.0016,none
2009-09-11,3152.810,3253.450,3152.690,3238.130,80689700,,,2.3782,none
2009-09-14,3248.350,3298.910,3240.530,3293.390,87393900,,,1.7065,none
2009-09-15,3298.810,3325.740,3264.950,3302.640,87092200,,,0.2809,none
2009-09-16,3290.390,3296.940,3212.450,3258.240,88244500,,,-1.3444,none
2009-09-17,3274.580,3329.120,3274.580,3320.100,91333400,,,1.8986,none
2009-09-18,3325.060,3330.430,3170.960,3199.690,100488000,,,-3.6267,none
2009-09-21,3163.510,3210.640,3090.610,3208.600,72802000,,,0.2785,none
2009-09-22,3196.010,3237.220,3131.020,3131.030,73425100,,,-2.4176,none
2009-09-23,3130.140,3159.170,3041.420,3060.070,66013700,,,-2.2663,none
2009-09-24,3041.820,3122.050,2989.240,3080.930,65152100,,,0.6817,none
2009-09-25,3057.110,3090.070,3028.410,3058.530,45820500,,,-0.7271,none
2009-09-28,3066.370,3088.080,2959.740,2972.640,41918400,,,-2.8082,none
2009-09-29,2975.530,2998.550,2923.930,2972.290,45932400,,,-0.0118,none
2009-09-30,2992.980,3033.740,2988.290,3004.800,42184500,,,1.0938,none
2009-10-09,3078.750,3164.030,3071.270,3163.710,56871000,,,5.2885,none
2009-10-12,3181.580,3193.590,3151.260,3151.630,58962000,,,-0.3818,none
2009-10-13,3144.020,3199.920,3140.500,3198.520,50713700,,,1.4878,none
2009-10-14,3209.060,3276.550,3204.310,3227.400,80978100,,,0.9029,none
2009-10-15,3258.550,3287.630,3227.090,3239.640,60562000,,,0.3793,none
2009-10-16,3250.100,3268.430,3188.430,3241.710,55636300,,,0.0639,none
2009-10-19,3238.850,3330.790,3231.810,3329.160,77683100,,,2.6977,none
2009-10-20,3355.360,3379.630,3343.020,3377.570,89426300,,,1.4541,none
2009-10-21,3375.030,3414.660,3358.550,3369.280,83488900,,,-0.2454,none
2009-10-22,3364.150,3381.150,3341.420,3347.320,60936600,,,-0.6518,none
2009-10-23,3354.980,3436.390,3354.980,3413.250,86725400,,,1.9696,none
2009-10-26,3421.700,3432.900,3385.440,3414.240,68442500,,,0.0290,none
2009-10-27,3384.290,3392.100,3314.320,3314.720,74209600,,,-2.9149,none
2009-10-28,3303.770,3337.170,3258.270,3329.330,62594800,,,0.4408,none
2009-10-29,3265.190,3291.180,3239.000,3247.050,61305400,,,-2.4714,none
2009-10-30,3305.380,3329.540,3276.320,3280.370,60647100,,,1.0262,none
2009-11-02,3205.830,3394.720,3198.310,3392.800,81981200,,,3.4274,none
2009-11-03,3402.530,3447.480,3397.250,3435.430,83791100,,,1.2565,none
2009-11-04,3443.520,3476.340,3415.220,3453.890,86065300,,,0.5373,none
2009-11-05,3458.860,3471.830,3432.260,3464.320,80647800,,,0.3020,none
2009-11-06,3491.070,3506.030,3474.360,3483.020,92190300,,,0.5398,none
2009-11-09,3487.110,3495.890,3452.610,3495.790,78050900,,,0.3666,none
2009-11-10,3520.400,3532.190,3501.500,3503.780,84301000,,,0.2286,none
2009-11-11,3500.590,3514.830,3468.860,3495.670,72626300,,,-0.2315,none
2009-11-12,3506.950,3529.060,3487.680,3499.990,79962700,,,0.1236,none
2009-11-13,3489.540,3518.890,3445.360,3518.720,91210200,,,0.5351,none
2009-11-16,3541.050,3625.890,3541.050,3625.800,123157000,,,3.0432,none
2009-11-17,3644.960,3649.420,3619.990,3628.350,97391400,,,0.0703,none
2009-11-18,3633.850,3652.810,3612.790,3630.230,89226300,,,0.0518,none
2009-11-19,3638.070,3653.900,3604.610,3642.440,94940100,,,0.3363,none
2009-11-20,3630.580,3658.210,3597.310,3631.010,94750800,,,-0.3138,none
2009-11-23,3636.530,3666.270,3628.200,3665.510,93990900,,,0.9501,none
2009-11-24,3680.750,3698.130,3538.860,3548.080,147567000,,,-3.2036,none
2009-11-25,3541.510,3630.300,3508.060,3629.630,114602000,,,2.2984,none
2009-11-26,3635.790,3646.610,3472.950,3485.770,127882000,,,-3.9635,none
2009-11-27,3440.340,3480.930,3367.290,3382.510,89294700,,,-2.9623,none
2009-11-30,3415.080,3511.760,3415.080,3511.670,84415300,,,3.8185,none
2009-12-01,3507.560,3566.780,3485.520,3560.830,101519000,,,1.3999,none
2009-12-02,3578.870,3607.560,3570.290,3597.330,98052000,,,1.0250,none
2009-12-03,3596.950,3603.120,3551.480,3590.880,89978600,,,-0.1793,none
2009-12-04,3581.630,3646.260,3530.060,3643.490,134131000,,,1.4651,none
2009-12-07,3644.620,3672.800,3633.450,3668.830,91225600,,,0.6955,none
2009-12-08,3670.810,3671.040,3590.940,3624.020,82940900,,,-1.2214,none
2009-12-09,3579.280,3603.700,3543.420,3554.480,68521500,,,-1.9189,none
2009-12-10,3579.830,3601.290,3544.900,3577.240,57563700,,,0.6403,none
2009-12-11,3589.410,3614.950,3568.510,3575.020,54550900,,,-0.0621,none
2009-12-14,3572.530,3623.270,3495.640,3612.750,83785000,,,1.0554,none
2009-12-15,3594.510,3620.320,3578.280,3583.340,69186500,,,-0.8141,none
2009-12-16,3568.280,3610.690,3550.670,3560.720,56963900,,,-0.6313,none
2009-12-17,3571.050,3582.440,3475.840,3480.150,63286200,,,-2.2627,none
2009-12-18,3450.040,3453.350,3385.680,3391.740,66111000,,,-2.5404,none
2009-12-21,3386.330,3404.640,3354.650,3396.620,48329800,,,0.1439,none
2009-12-22,3402.230,3404.750,3296.760,3305.540,53942700,,,-2.6815,none
2009-12-23,3303.730,3342.990,3296.290,3336.480,48064500,,,0.9360,none
2009-12-24,3346.760,3445.700,3339.300,3438.820,64377800,,,3.0673,none
2009-12-25,3434.326,3441.956,3410.667,3424.783,46914576,,,-0.4082,none
2009-12-28,3432.820,3489.574,3432.820,3478.433,55375390,,,1.5665,none
2009-12-29,3481.903,3501.247,3451.177,3500.737,55535765,,,0.6412,none
2009-12-30,3503.816,3561.440,3498.380,3558.857,88429370,,,1.6602,none
2009-12-31,3561.367,3579.520,3542.380,3575.684,69241890,,,0.4728,none
2010-01-04,3592.468,3597.750,3535.230,3535.229,66101080,,,-1.1314,none
2010-01-05,3545.186,3577.530,3497.660,3564.038,85809641,,,0.8149,none
2010-01-06,3558.700,3588.830,3541.170,3541.727,78473125,,,-0.6260,none
2010-01-07,3543.160,3558.560,3452.770,3471.456,80350037,,,-1.9841,none
2010-01-08,3456.908,3482.080,3426.700,3480.130,60790253,,,0.2499,none
2010-01-11,3593.106,3594.530,3465.320,3482.052,89980172,,,0.0552,none
2010-01-12,3477.842,3535.410,3437.660,3534.916,93743278,,,1.5182,none
2010-01-13,3448.291,3490.110,3415.690,3421.144,112457901,,,-3.2185,none
2010-01-14,3433.472,3470.320,3411.810,3469.051,83353252,,,1.4003,none
2010-01-15,3472.524,3500.070,3448.660,3482.738,72543102,,,0.3945,none
2010-01-18,3471.777,3501.260,3458.040,3500.684,82854307,,,0.5153,none
2010-01-19,3506.806,3528.390,3497.090,3507.482,74883232,,,0.1942,none
2010-01-20,3512.246,3515.450,3387.820,3394.434,92495146,,,-3.2231,none
2010-01-21,3397.043,3425.180,3364.720,3408.574,70595068,,,0.4166,none
2010-01-22,3364.452,3390.800,3293.190,3366.197,88933404,,,-1.2432,none
2010-01-25,3340.013,3372.430,3326.270,3328.014,56849171,,,-1.1343,none
2010-01-26,3328.113,3341.200,3222.140,3242.797,61752231,,,-2.5606,none
2010-01-27,3243.038,3255.120,3183.360,3198.566,52691394,,,-1.3640,none
2010-01-28,3195.289,3220.310,3168.460,3206.570,46990716,,,0.2502,none
2010-01-29,3190.315,3249.450,3176.920,3204.155,50262613,,,-0.0753,none
2010-02-01,3198.230,3198.310,3116.440,3152.707,57001380,,,-1.6057,none
2010-02-02,3170.778,3211.940,3143.090,3146.189,50130033,,,-0.2067,none
2010-02-03,3160.712,3231.100,3094.570,3230.715,64798894,,,2.6866,none
2010-02-04,3206.431,3242.520,3190.440,3218.802,58972726,,,-0.3687,none
2010-02-05,3147.721,3177.420,3129.920,3153.087,59105845,,,-2.0416,none
2010-02-08,3152.253,3172.310,3133.810,3150.988,37355951,,,-0.0666,none
2010-02-09,3147.761,3178.950,3144.480,3169.190,35953158,,,0.5777,none
2010-02-10,3195.142,3214.460,3182.830,3214.130,34219894,,,1.4180,none
2010-02-11,3216.688,3238.350,3207.170,3220.398,35791052,,,0.1950,none
2010-02-12,3232.879,3253.200,3228.740,3251.278,34058238,,,0.9589,none
2010-02-22,3248.947,3261.950,3232.780,3233.345,38283772,,,-0.5516,none
2010-02-23,3225.393,3225.390,3152.930,3198.634,42742898,,,-1.0735,none
2010-02-24,3177.082,3244.820,3165.130,3244.483,49989437,,,1.4334,none
2010-02-25,3252.153,3294.140,3249.330,3292.128,67586617,,,1.4685,none
2010-02-26,3286.095,3301.150,3273.690,3281.666,52107288,,,-0.3178,none
2010-03-01,3290.007,3330.380,3287.560,3324.423,60504520,,,1.3029,none
2010-03-02,3327.103,3339.890,3299.680,3311.236,57034374,,,-0.3967,none
2010-03-03,3313.023,3335.650,3293.920,3335.081,60622732,,,0.7201,none
2010-03-04,3338.674,3345.910,3244.980,3250.573,69346810,,,-2.5339,none
2010-03-05,3253.164,3276.400,3239.680,3259.764,45629138,,,0.2828,none
2010-03-08,3268.397,3293.930,3258.030,3286.178,41540876,,,0.8103,none
2010-03-09,3285.620,3322.510,3255.980,3305.863,54199486,,,0.5990,none
2010-03-10,3304.036,3321.080,3267.760,3279.694,46421079,,,-0.7916,none
2010-03-11,3282.199,3303.490,3251.700,3276.705,47487754,,,-0.0911,none
2010-03-12,3277.309,3284.260,3232.120,3233.126,39957344,,,-1.3300,none
2010-03-15,3231.216,3234.820,3171.800,3183.183,37844304,,,-1.5447,none
2010-03-16,3183.775,3204.290,3169.100,3204.289,30847780,,,0.6630,none
2010-03-17,3214.216,3274.000,3207.270,3273.916,45800934,,,2.1729,none
2010-03-18,3277.883,3295.370,3256.590,3267.555,46948013,,,-0.1943,none
2010-03-19,3270.978,3296.410,3251.140,3293.871,46062187,,,0.8054,none
2010-03-22,3297.824,3313.920,3288.510,3302.628,49439462,,,0.2659,none
2010-03-23,3305.554,3309.120,3272.920,3275.573,46539536,,,-0.8192,none
2010-03-24,3282.052,3298.540,3271.030,3276.669,44547966,,,0.0335,none
2010-03-25,3270.390,3270.390,3222.820,3229.128,44984285,,,-1.4509,none
2010-03-26,3226.800,3285.390,3220.590,3275.002,47444965,,,1.4206,none
2010-03-29,3295.763,3363.610,3293.670,3358.540,84724910,,,2.5508,none
2010-03-30,3361.353,3372.260,3350.310,3366.708,56436980,,,0.2432,none
2010-03-31,3369.193,3369.900,3338.740,3345.607,53124287,,,-0.6268,none
2010-04-01,3349.884,3392.480,3349.880,3391.935,67772669,,,1.3847,none
2010-04-02,3400.139,3412.200,3391.810,3407.346,69073452,,,0.4543,none
2010-04-06,3422.849,3436.290,3386.890,3405.145,65191710,,,-0.0646,none
2010-04-07,3403.088,3404.580,3369.020,3386.949,54011228,,,-0.5344,none
2010-04-08,3381.306,3381.310,3336.160,3346.744,62185322,,,-1.1871,none
2010-04-09,3348.773,3379.400,3342.470,3379.170,51280567,,,0.9689,none
2010-04-12,3388.355,3393.560,3330.300,3351.478,74565150,,,-0.8195,none
2010-04-13,3350.726,3401.707,3324.048,3391.716,79907695,,,1.2006,none
2010-04-14,3394.635,3404.520,3377.440,3403.707,60306131,,,0.3535,none
2010-04-15,3407.025,3412.940,3365.880,3394.574,61051685,,,-0.2683,none
2010-04-16,3388.286,3388.290,3348.780,3356.332,47140368,,,-1.1266,none
2010-04-19,3313.499,3313.500,3175.440,3176.423,88416300,,,-5.3603,none
2010-04-20,3176.414,3196.650,3130.960,3173.374,64137859,,,-0.0960,none
2010-04-21,3178.877,3237.540,3164.760,3236.679,66928331,,,1.9949,none
2010-04-22,3222.680,3231.990,3177.730,3201.541,71081688,,,-1.0856,none
2010-04-23,3198.784,3224.740,3172.580,3190.003,61252679,,,-0.3604,none
2010-04-26,3195.457,3207.720,3168.370,3171.997,50894199,,,-0.5645,none
2010-04-27,3163.101,3163.100,3060.850,3108.409,65296574,,,-2.0047,none
2010-04-28,3080.324,3122.110,3062.090,3097.353,45995406,,,-0.3557,none
2010-04-29,3114.941,3130.700,3059.800,3060.694,48260971,,,-1.1836,none
2010-04-30,3060.120,3068.130,3014.070,3067.365,54477881,,,0.2180,none
2010-05-04,3005.487,3056.080,2994.920,3019.449,41248610,,,-1.5621,none
2010-05-05,2981.777,3036.860,2943.360,3036.394,59670441,,,0.5612,none
2010-05-06,3014.907,3014.910,2895.390,2896.856,58770413,,,-4.5955,none
2010-05-07,2835.879,2892.530,2817.150,2836.789,61119399,,,-2.0735,none
2010-05-10,2842.366,2872.310,2798.520,2858.233,50209173,,,0.7559,none
2010-05-11,2916.335,2922.130,2790.700,2800.817,58363490,,,-2.0088,none
2010-05-12,2781.708,2832.150,2756.420,2818.160,53002271,,,0.6192,none
2010-05-13,2818.578,2886.970,2811.660,2886.911,55145778,,,2.4396,none
2010-05-14,2865.580,2888.090,2849.240,2868.023,42498719,,,-0.6543,none
2010-05-17,2828.882,2828.880,2712.440,2714.715,52166847,,,-5.3454,none
2010-05-18,2711.407,2781.840,2686.970,2771.348,54509671,,,2.0861,none
2010-05-19,2748.952,2803.700,2723.300,2762.174,45576221,,,-0.3310,none
2010-05-20,2739.219,2793.880,2721.070,2726.022,42174803,,,-1.3088,none
2010-05-21,2656.419,2769.090,2647.600,2768.791,54475383,,,1.5689,none
2010-05-24,2787.751,2886.370,2787.750,2873.469,74502338,,,3.7806,none
2010-05-25,2851.256,2855.330,2798.020,2813.943,55168327,,,-2.0716,none
2010-05-26,2814.444,2839.030,2797.630,2813.944,39858564,,,0.0000,none
2010-05-27,2808.048,2866.860,2771.590,2859.979,53445209,,,1.6360,none
2010-05-28,2885.857,2893.690,2835.070,2850.302,51534989,,,-0.3384,none
2010-05-31,2835.334,2857.420,2772.790,2773.264,46216854,,,-2.7028,none
2010-06-01,2755.284,2782.290,2710.590,2744.162,44851426,,,-1.0494,none
2010-06-02,2729.328,2757.910,2700.070,2757.527,39587020,,,0.4870,none
2010-06-03,2769.096,2787.510,2735.700,2736.076,39587258,,,-0.7779,none
2010-06-04,2721.359,2748.480,2713.090,2744.391,32746291,,,0.3039,none
2010-06-07,2692.831,2716.400,2673.340,2695.715,39541993,,,-1.7737,none
2010-06-08,2694.106,2720.590,2672.060,2699.336,35140182,,,0.1343,none
2010-06-09,2711.642,2787.820,2687.330,2782.133,60209533,,,3.0673,none
2010-06-10,2755.940,2776.260,2746.110,2750.023,42906334,,,-1.1542,none
2010-06-11,2766.196,2782.090,2755.950,2758.866,40558585,,,0.3216,none
2010-06-17,2778.533,2784.920,2742.640,2742.733,32612356,,,-0.5848,none
2010-06-18,2739.032,2755.840,2686.610,2696.166,41808344,,,-1.6978,none
2010-06-21,2698.984,2784.470,2686.320,2780.663,55261482,,,3.1340,none
2010-06-22,2772.886,2795.320,2766.440,2783.720,39096052,,,0.1099,none
2010-06-23,2768.695,2788.220,2734.050,2758.495,35600350,,,-0.9062,none
2010-06-24,2753.712,2783.510,2739.810,2757.498,29220682,,,-0.0361,none
2010-06-25,2744.122,2759.450,2715.660,2736.287,30671782,,,-0.7692,none
2010-06-28,2734.507,2751.450,2710.090,2716.777,27710044,,,-0.7130,none
2010-06-29,2717.465,2724.230,2591.690,2592.019,48758552,,,-4.5921,none
2010-06-30,2572.912,2575.820,2546.840,2563.070,35698794,,,-1.1169,none
2010-07-01,2557.920,2574.100,2524.570,2526.071,32857646,,,-1.4435,none
2010-07-02,2523.035,2542.120,2462.200,2534.105,44914100,,,0.3180,none
2010-07-05,2507.354,2529.430,2476.490,2512.651,32178574,,,-0.8466,none
2010-07-06,2504.869,2563.410,2502.930,2562.902,39714762,,,1.9999,none
2010-07-07,2561.106,2580.610,2548.560,2580.477,35720909,,,0.6857,none
2010-07-08,2591.509,2602.230,2564.640,2575.921,34056966,,,-0.1766,none
2010-07-09,2578.555,2662.160,2557.260,2647.104,58493045,,,2.7634,none
2010-07-12,2647.420,2689.810,2636.650,2676.220,58462491,,,1.0999,none
2010-07-13,2649.658,2649.660,2618.340,2634.593,43228506,,,-1.5554,none
2010-07-14,2640.925,2684.620,2640.540,2653.609,46688860,,,0.7218,none
2010-07-15,2650.334,2680.440,2607.790,2608.519,40440459,,,-1.6992,none
2010-07-16,2597.000,2621.330,2573.790,2616.128,35063302,,,0.2917,none
2010-07-19,2592.087,2691.940,2585.010,2682.472,53868070,,,2.5360,none
2010-07-20,2685.459,2746.240,2685.460,2741.503,73128345,,,2.2006,none
2010-07-21,2744.696,2766.200,2733.720,2747.335,70757092,,,0.2127,none
2010-07-22,2738.027,2783.140,2734.070,2781.286,61064806,,,1.2358,none
2010-07-23,2787.521,2806.980,2769.440,2793.076,64518565,,,0.4239,none
2010-07-26,2798.762,2811.950,2775.780,2811.055,53580026,,,0.6437,none
2010-07-27,2803.755,2812.210,2785.370,2795.724,49799884,,,-0.5454,none
2010-07-28,2796.483,2866.400,2784.160,2863.724,79985954,,,2.4323,none
2010-07-29,2866.772,2888.600,2852.000,2877.976,95965409,,,0.4977,none
2010-07-30,2871.481,2876.140,2844.680,2868.846,62575591,,,-0.3172,none
2010-08-02,2868.279,2922.610,2867.450,2917.275,71743300,,,1.6881,none
2010-08-03,2925.254,2929.610,2865.760,2865.971,81748364,,,-1.7586,none
2010-08-04,2858.354,2876.590,2818.250,2876.434,71318039,,,0.3651,none
2010-08-05,2874.660,2877.310,2833.670,2850.829,67157581,,,-0.8902,none
2010-08-06,2848.155,2898.530,2821.030,2897.659,74914895,,,1.6427,none
2010-08-09,2894.100,2922.620,2888.040,2918.240,74726391,,,0.7103,none
2010-08-10,2920.404,2925.300,2832.080,2832.638,78435034,,,-2.9333,none
2010-08-11,2823.150,2864.360,2823.150,2850.211,54979133,,,0.6204,none
2010-08-12,2822.791,2860.370,2810.100,2816.386,59893227,,,-1.1868,none
2010-08-13,2818.410,2856.040,2799.220,2855.547,58507721,,,1.3905,none
2010-08-16,2851.219,2927.690,2843.020,2922.083,81068043,,,2.3301,none
2010-08-17,2927.258,2949.730,2917.830,2942.291,76452912,,,0.6916,none
2010-08-18,2945.979,2962.750,2924.670,2937.362,70747600,,,-0.1675,none
2010-08-19,2940.767,2975.190,2928.010,2955.395,76924865,,,0.6139,none
2010-08-20,2943.334,2951.960,2892.640,2898.333,71663306,,,-1.9308,none
2010-08-23,2895.707,2920.540,2886.660,2896.192,48915517,,,-0.0739,none
2010-08-24,2892.129,2933.120,2866.800,2911.827,61093796,,,0.5398,none
2010-08-25,2893.986,2904.662,2842.249,2843.023,63610621,,,-2.3629,none
2010-08-26,2853.100,2868.880,2836.130,2850.090,48670442,,,0.2486,none
2010-08-27,2847.450,2861.070,2833.420,2858.570,40789582,,,0.2975,none
2010-08-30,2874.250,2921.080,2872.920,2915.010,65749882,,,1.9744,none
2010-08-31,2905.150,2910.060,2889.810,2903.190,65766104,,,-0.4055,none
2010-09-01,2907.660,2931.760,2859.170,2884.040,76975578,,,-0.6596,none
2010-09-02,2917.740,2931.550,2903.030,2921.390,70700851,,,1.2951,none
2010-09-03,2926.940,2929.550,2891.880,2920.210,72641027,,,-0.0404,none
2010-09-06,2935.890,2980.420,2935.890,2975.090,93855681,,,1.8793,none
2010-09-07,2979.300,2991.440,2959.900,2983.110,73519361,,,0.2696,none
2010-09-08,2970.000,2982.720,2953.840,2980.970,72872002,,,-0.0717,none
2010-09-09,2986.870,2986.870,2922.200,2926.460,81395554,,,-1.8286,none
2010-09-10,2928.000,2940.790,2890.030,2932.550,65086704,,,0.2081,none
2010-09-13,2933.590,2977.080,2925.420,2962.320,67279900,,,1.0152,none
2010-09-14,2971.550,2984.470,2954.510,2965.010,70105903,,,0.0908,none
2010-09-15,2965.540,2965.540,2905.630,2913.190,71619642,,,-1.7477,none
2010-09-16,2908.320,2917.850,2834.030,2857.790,74074284,,,-1.9017,none
2010-09-17,2864.720,2877.080,2847.680,2861.370,51938867,,,0.1253,none
2010-09-20,2865.040,2872.220,2829.760,2849.830,50283104,,,-0.4033,none
2010-09-21,2859.430,2869.380,2844.120,2857.480,35751881,,,0.2684,none
2010-09-27,2869.930,2905.530,2864.210,2905.030,49071823,,,1.6641,none
2010-09-28,2900.540,2900.540,2875.660,2880.910,58660826,,,-0.8303,none
2010-09-29,2877.270,2908.730,2866.850,2874.810,56782236,,,-0.2117,none
2010-09-30,2859.060,2935.590,2857.420,2935.570,63000247,,,2.1135,none
2010-10-08,2965.650,3055.840,2963.240,3044.230,99994720,,,3.7015,none
2010-10-11,3069.190,3154.200,3069.190,3132.900,158734904,,,2.9127,none
2010-10-12,3121.640,3173.850,3106.220,3172.730,127361705,,,1.2713,none
2010-10-13,3176.890,3221.650,3165.580,3217.580,144607773,,,1.4136,none
2010-10-14,3245.130,3286.020,3215.030,3224.140,179611838,,,0.2039,none
2010-10-15,3204.720,3327.680,3199.120,3327.680,193414140,,,3.2114,none
2010-10-18,3345.800,3390.010,3288.780,3306.160,217882051,,,-0.6467,none
2010-10-19,3300.520,3375.870,3280.000,3375.670,130441791,,,2.1024,none
2010-10-20,3304.220,3439.230,3301.010,3396.880,166528460,,,0.6283,none
2010-10-21,3404.720,3418.090,3344.960,3374.690,123883245,,,-0.6532,none
2010-10-22,3365.600,3408.490,3346.110,3378.660,116361857,,,0.1176,none
2010-10-25,3386.850,3481.350,3366.430,3481.080,145433105,,,3.0314,none
2010-10-26,3491.470,3499.820,3436.460,3466.080,142636999,,,-0.4309,none
2010-10-27,3451.430,3490.220,3398.090,3403.870,123761570,,,-1.7948,none
2010-10-28,3390.430,3420.890,3371.440,3397.690,98349456,,,-0.1816,none
2010-10-29,3400.260,3404.600,3351.600,3379.980,100458970,,,-0.5212,none
2010-11-01,3390.410,3473.000,3390.410,3473.000,126269148,,,2.7521,none
2010-11-02,3484.230,3522.180,3449.720,3463.130,154911450,,,-0.2842,none
2010-11-03,3462.740,3474.710,3419.080,3420.340,126359303,,,-1.2356,none
2010-11-04,3426.460,3480.930,3419.640,3480.500,116799481,,,1.7589,none
2010-11-05,3538.990,3554.470,3498.280,3520.800,137688027,,,1.1579,none
2010-11-08,3534.190,3549.300,3506.380,3548.570,126470759,,,0.7887,none
2010-11-09,3547.440,3547.440,3498.620,3523.950,122454533,,,-0.6938,none
2010-11-10,3507.200,3508.270,3470.970,3499.110,120078578,,,-0.7049,none
2010-11-11,3490.740,3557.990,3484.890,3509.980,138976233,,,0.3107,none
2010-11-12,3484.610,3497.060,3284.350,3291.830,160733850,,,-6.2151,none
2010-11-15,3298.740,3319.980,3241.760,3314.890,102315724,,,0.7005,none
2010-11-16,3311.620,3311.620,3155.480,3169.540,108307072,,,-4.3848,none
2010-11-17,3124.110,3168.930,3087.510,3103.910,83258080,,,-2.0706,none
2010-11-18,3134.940,3158.630,3097.390,3147.960,65697292,,,1.4192,none
2010-11-19,3168.170,3178.850,3076.210,3178.850,83347654,,,0.9813,none
2010-11-22,3148.220,3200.470,3137.750,3171.940,83212776,,,-0.2174,none
2010-11-23,3156.480,3156.480,3061.620,3107.180,77399591,,,-2.0417,none
2010-11-24,3088.990,3177.410,3088.990,3177.040,75332083,,,2.2483,none
2010-11-25,3197.970,3227.050,3172.280,3223.480,83442094,,,1.4617,none
2010-11-26,3214.130,3224.520,3170.360,3194.850,64467824,,,-0.8882,none
2010-11-29,3183.540,3206.760,3159.460,3190.050,58994892,,,-0.1502,none
2010-11-30,3187.530,3205.780,3060.440,3136.990,85762355,,,-1.6633,none
2010-12-01,3127.260,3150.440,3111.650,3136.020,48882668,,,-0.0309,none
2010-12-02,3185.760,3194.230,3154.320,3155.060,61023908,,,0.6071,none
2010-12-03,3161.930,3171.380,3134.420,3158.160,50475354,,,0.0983,none
2010-12-06,3168.880,3185.330,3140.550,3165.570,56362630,,,0.2346,none
2010-12-07,3152.730,3214.690,3112.220,3200.340,58483653,,,1.0984,none
2010-12-08,3194.900,3215.280,3166.770,3171.880,59515663,,,-0.8893,none
2010-12-09,3156.000,3175.050,3122.200,3123.370,66152965,,,-1.5294,none
2010-12-10,3107.380,3172.160,3101.080,3161.980,57108105,,,1.2362,none
2010-12-13,3176.330,3261.340,3173.560,3261.060,95713739,,,3.1335,none
2010-12-14,3270.200,3279.360,3254.180,3269.470,84104241,,,0.2579,none
2010-12-15,3270.780,3282.770,3242.520,3247.640,72269785,,,-0.6677,none
2010-12-16,3246.010,3258.390,3224.120,3230.670,56799625,,,-0.5225,none
2010-12-17,3229.300,3232.840,3212.580,3225.660,44919147,,,-0.1551,none
2010-12-20,3239.020,3249.760,3118.000,3178.660,74759693,,,-1.4571,none
2010-12-21,3184.700,3251.550,3168.890,3249.510,79852420,,,2.2289,none
2010-12-22,3253.820,3263.450,3201.670,3215.450,69936258,,,-1.0482,none
2010-12-23,3210.670,3237.640,3183.150,3188.610,61315847,,,-0.8347,none
2010-12-24,3170.640,3187.720,3139.450,3162.960,55137767,,,-0.8044,none
2010-12-27,3176.110,3219.660,3092.260,3099.710,70017107,,,-1.9997,none
2010-12-28,3084.820,3095.360,3041.330,3044.930,56325749,,,-1.7673,none
2010-12-29,3049.930,3062.560,3025.220,3061.830,45192775,,,0.5550,none
2010-12-30,3063.050,3079.910,3027.900,3064.100,54281429,,,0.0741,none
2010-12-31,3069.050,3129.450,3067.110,3128.260,62566078,,,2.0939,none
2011-01-04,3155.560,3194.360,3143.600,3189.680,85410440,,,1.9634,none
2011-01-05,3170.180,3193.780,3158.870,3175.660,79268810,,,-0.4395,none
2011-01-06,3177.830,3198.050,3152.570,3159.640,59681092,,,-0.5045,none
2011-01-07,3156.360,3209.900,3141.120,3166.620,84093233,,,0.2209,none
2011-01-10,3162.080,3182.780,3102.430,3108.190,65494406,,,-1.8452,none
2011-01-11,3096.250,3131.290,3084.510,3124.920,56985917,,,0.5383,none
2011-01-12,3135.180,3153.430,3099.410,3142.340,58498518,,,0.5575,none
2011-01-13,3153.990,3157.040,3127.160,3141.280,51936988,,,-0.0337,none
2011-01-14,3129.670,3129.670,3083.510,3091.860,53351439,,,-1.5732,none
2011-01-17,3067.430,3078.880,2968.610,2974.350,66807562,,,-3.8006,none
2011-01-18,2965.420,2984.470,2947.600,2977.650,42964564,,,0.1109,none
2011-01-19,2978.460,3045.600,2967.240,3044.850,56571942,,,2.2568,none
2011-01-20,3037.860,3037.860,2944.500,2944.710,61046643,,,-3.2888,none
2011-01-21,2935.230,3030.260,2935.140,2983.460,73102966,,,1.3159,none
2011-01-24,2986.090,2999.200,2943.920,2954.230,65472545,,,-0.9797,none
2011-01-25,2949.650,2960.590,2919.160,2938.650,48982689,,,-0.5274,none
2011-01-26,2939.770,2982.320,2939.360,2978.430,43374979,,,1.3537,none
2011-01-27,2953.590,3037.160,2935.270,3026.470,82585919,,,1.6129,none
2011-01-28,3020.120,3047.270,3011.380,3036.740,63013589,,,0.3393,none
2011-01-31,3035.420,3076.550,3032.450,3076.510,67105914,,,1.3096,none
2011-02-01,3083.490,3087.230,3062.830,3077.280,49862530,,,0.0250,none
2011-02-09,3055.400,3087.550,3031.750,3040.950,60394145,,,-1.1806,none
2011-02-10,3034.080,3105.320,3024.350,3104.160,66603662,,,2.0786,none
2011-02-11,3100.270,3133.500,3092.580,3120.960,75975553,,,0.5412,none
2011-02-14,3123.250,3227.430,3123.250,3219.140,121302331,,,3.1458,none
2011-02-15,3223.220,3259.640,3215.620,3217.670,109554438,,,-0.0457,none
2011-02-16,3211.140,3248.850,3195.470,3248.530,91334283,,,0.9591,none
2011-02-17,3255.630,3265.260,3218.910,3245.910,88964695,,,-0.0807,none
2011-02-18,3240.050,3242.370,3203.120,3211.880,75378684,,,-1.0484,none
2011-02-21,3192.150,3258.280,3189.850,3257.910,79399776,,,1.4331,none
2011-02-22,3267.610,3269.050,3161.830,3163.580,107863741,,,-2.8954,none
2011-02-23,3152.440,3182.190,3145.990,3174.740,71324854,,,0.3528,none
2011-02-24,3170.240,3195.690,3157.970,3190.940,66486893,,,0.5103,none
2011-02-25,3190.870,3213.790,3159.850,3197.620,61619275,,,0.2093,none
2011-02-28,3200.680,3241.600,3178.830,3239.560,76630663,,,1.3116,none
2011-03-01,3241.710,3273.510,3235.750,3254.890,88566954,,,0.4732,none
2011-03-02,3237.120,3257.420,3202.830,3243.300,80910641,,,-0.3561,none
2011-03-03,3248.160,3271.640,3221.040,3221.720,101219997,,,-0.6654,none
2011-03-04,3223.510,3273.660,3217.480,3270.670,80013915,,,1.5194,none
2011-03-07,3287.410,3337.470,3287.410,3334.510,118187197,,,1.9519,none
2011-03-08,3335.710,3342.710,3311.720,3337.460,84878655,,,0.0885,none
2011-03-09,3344.100,3355.490,3322.700,3338.860,78026361,,,0.0419,none
2011-03-10,3330.440,3330.440,3279.330,3280.260,78212642,,,-1.7551,none
2011-03-11,3263.080,3290.700,3240.180,3247.380,67208335,,,-1.0024,none
2011-03-14,3238.910,3263.910,3230.110,3262.920,63689783,,,0.4785,none
2011-03-15,3250.590,3250.590,3147.960,3203.960,96033979,,,-1.8070,none
2011-03-16,3204.920,3250.880,3202.930,3248.200,78859520,,,1.3808,none
2011-03-17,3216.290,3240.380,3185.080,3197.100,85687114,,,-1.5732,none
2011-03-18,3228.920,3239.960,3205.140,3215.690,61340161,,,0.5815,none
2011-03-21,3220.680,3236.280,3194.150,3207.110,59105037,,,-0.2668,none
2011-03-22,3217.800,3227.800,3175.930,3222.960,57248684,,,0.4942,none
2011-03-23,3222.320,3267.000,3216.650,3264.930,72077585,,,1.3022,none
2011-03-24,3269.570,3273.370,3250.020,3251.360,61304244,,,-0.4156,none
2011-03-25,3256.180,3304.260,3254.680,3294.480,86895979,,,1.3262,none
2011-03-28,3307.410,3328.070,3286.860,3290.570,97684300,,,-0.1187,none
2011-03-29,3288.560,3309.200,3256.340,3257.980,105280164,,,-0.9904,none
2011-03-30,3256.720,3274.980,3233.110,3256.080,78336337,,,-0.0583,none
2011-03-31,3257.160,3264.960,3210.170,3223.290,64503880,,,-1.0070,none
2011-04-01,3227.560,3272.770,3220.910,3272.730,63094722,,,1.5338,none
2011-04-06,3269.190,3315.300,3268.760,3311.070,105823674,,,1.1715,none
2011-04-07,3313.470,3330.800,3302.820,3324.420,84681762,,,0.4032,none
2011-04-08,3321.540,3353.890,3314.090,3353.360,73929210,,,0.8705,none
2011-04-11,3363.370,3380.530,3331.170,3333.430,104420545,,,-0.5943,none
2011-04-12,3324.750,3350.160,3307.480,3326.770,101938506,,,-0.1998,none
2011-04-13,3311.320,3372.030,3296.510,3372.030,87036338,,,1.3605,none
2011-04-14,3374.320,3378.700,3347.490,3353.560,88972241,,,-0.5477,none
2011-04-15,3345.130,3378.110,3323.560,3358.940,78514874,,,0.1604,none
2011-04-18,3346.150,3372.900,3335.600,3359.440,86582624,,,0.0149,none
2011-04-19,3334.910,3334.910,3290.740,3295.810,85106933,,,-1.8941,none
2011-04-20,3300.420,3311.730,3281.830,3295.760,72343318,,,-0.0015,none
2011-04-21,3312.270,3330.240,3301.940,3317.370,73240424,,,0.6557,none
2011-04-22,3317.080,3325.460,3291.640,3299.940,67171455,,,-0.5254,none
2011-04-25,3292.480,3292.480,3247.690,3249.570,74421829,,,-1.5264,none
2011-04-26,3242.530,3257.800,3216.210,3230.960,59096417,,,-0.5727,none
2011-04-27,3242.620,3256.410,3189.040,3209.500,62443567,,,-0.6642,none
2011-04-28,3224.410,3237.190,3160.410,3161.780,65050235,,,-1.4868,none
2011-04-29,3161.160,3193.600,3147.140,3192.720,53683065,,,0.9786,none
2011-05-03,3192.840,3212.050,3164.930,3211.130,54998910,,,0.5766,none
2011-05-04,3192.840,3193.450,3120.960,3129.030,66716340,,,-2.5567,none
2011-05-05,3115.000,3136.900,3105.850,3126.120,52567747,,,-0.0930,none
2011-05-06,3093.810,3141.680,3083.910,3121.400,55352186,,,-0.1510,none
2011-05-09,3126.260,3149.940,3118.140,3129.760,46027404,,,0.2678,none
2011-05-10,3135.150,3153.300,3121.750,3153.220,40932995,,,0.7496,none
2011-05-11,3153.650,3164.650,3127.490,3145.080,47688533,,,-0.2581,none
2011-05-12,3123.160,3142.400,3101.140,3101.600,48799501,,,-1.3825,none
2011-05-13,3105.300,3128.440,3080.190,3128.090,46895951,,,0.8541,none
2011-05-16,3120.440,3137.600,3098.780,3100.460,45194319,,,-0.8833,none
2011-05-17,3097.070,3136.230,3076.950,3116.030,51203731,,,0.5022,none
2011-05-18,3109.290,3145.700,3106.550,3139.380,39641768,,,0.7494,none
2011-05-19,3148.350,3154.940,3118.620,3120.640,43110782,,,-0.5969,none
2011-05-20,3120.580,3133.430,3113.270,3121.600,38468012,,,0.0308,none
2011-05-23,3115.310,3115.310,3021.450,3022.980,55902472,,,-3.1593,none
2011-05-24,3013.720,3029.750,2999.890,3026.220,41608944,,,0.1072,none
2011-05-25,3020.320,3030.990,2988.090,2990.340,39289704,,,-1.1856,none
2011-05-26,3011.470,3021.200,2977.600,2978.380,37003747,,,-0.4000,none
2011-05-27,2980.720,2996.600,2962.070,2963.310,42770905,,,-0.5060,none
2011-05-30,2956.570,2982.580,2942.360,2954.510,34671160,,,-0.2970,none
2011-05-31,2958.610,3001.730,2946.150,3001.560,39689399,,,1.5925,none
2011-06-01,2996.080,3006.560,2985.710,3004.170,38419327,,,0.0870,none
2011-06-02,2970.630,2984.490,2923.020,2955.710,52617867,,,-1.6131,none
2011-06-03,2951.580,2993.900,2951.200,2986.350,39076164,,,1.0366,none
2011-06-07,2977.680,3006.570,2974.360,3004.260,36852332,,,0.5997,none
2011-06-08,3003.580,3012.810,2965.920,3008.650,42908758,,,0.1461,none
2011-06-09,3000.400,3004.060,2951.890,2951.890,47496636,,,-1.8866,none
2011-06-10,2947.930,2964.080,2925.870,2961.930,42201882,,,0.3401,none
2011-06-13,2940.390,2957.520,2921.750,2950.350,38351668,,,-0.3910,none
2011-06-14,2947.660,3000.530,2943.530,2993.560,55982815,,,1.4646,none
2011-06-15,2984.960,2999.150,2963.110,2963.120,44390852,,,-1.0168,none
2011-06-16,2939.680,2946.810,2915.400,2917.580,41135482,,,-1.5369,none
2011-06-17,2916.410,2934.060,2891.010,2892.160,41176530,,,-0.8713,none
2011-06-20,2888.940,2896.080,2862.410,2874.900,37991982,,,-0.5968,none
2011-06-21,2883.350,2909.570,2877.050,2909.070,42038923,,,1.1886,none
2011-06-22,2913.670,2921.030,2894.180,2908.580,37318802,,,-0.0168,none
2011-06-23,2899.010,2966.540,2888.680,2957.630,45941117,,,1.6864,none
2011-06-24,2946.610,3047.940,2944.050,3027.470,85459240,,,2.3614,none
2011-06-27,3028.500,3056.020,3019.240,3036.490,65615771,,,0.2979,none
2011-06-28,3040.180,3046.800,3014.000,3041.730,55766254,,,0.1726,none
2011-06-29,3039.050,3043.810,2999.950,3000.170,53476848,,,-1.3663,none
2011-06-30,3003.230,3058.620,3003.230,3044.090,62502549,,,1.4639,none
2011-07-01,3052.120,3071.210,3034.070,3049.750,56766653,,,0.1859,none
2011-07-04,3064.940,3124.580,3064.940,3121.980,80464031,,,2.3684,none
2011-07-05,3122.900,3128.530,3105.090,3122.500,67763335,,,0.0167,none
2011-07-06,3116.120,3116.120,3084.830,3113.710,61555807,,,-0.2815,none
2011-07-07,3123.290,3140.100,3101.100,3101.680,71810360,,,-0.3864,none
2011-07-08,3105.490,3124.390,3093.370,3109.180,51282593,,,0.2418,none
2011-07-11,3097.870,3121.000,3086.260,3113.210,47920660,,,0.1296,none
2011-07-12,3089.140,3090.100,3054.800,3056.910,57107984,,,-1.8084,none
2011-07-13,3060.420,3108.500,3060.420,3106.250,54114367,,,1.6140,none
2011-07-14,3112.590,3126.150,3092.470,3115.750,60314935,,,0.3058,none
2011-07-15,3105.500,3130.770,3097.340,3128.890,61550322,,,0.4217,none
2011-07-18,3131.800,3137.920,3113.670,3122.600,60691311,,,-0.2010,none
2011-07-19,3108.470,3109.920,3088.380,3095.120,53388709,,,-0.8800,none
2011-07-20,3113.710,3119.540,3071.850,3091.570,44118331,,,-0.1147,none
2011-07-21,3092.270,3099.280,3058.250,3059.140,44084691,,,-1.0490,none
2011-07-22,3066.190,3083.190,3059.600,3067.990,37257255,,,0.2893,none
2011-07-25,3050.900,3050.900,2958.880,2968.290,67180996,,,-3.2497,none
2011-07-26,2965.720,2980.860,2957.610,2977.770,43515457,,,0.3194,none
2011-07-27,2961.580,3002.690,2951.520,3000.050,48385612,,,0.7482,none
2011-07-28,2973.640,2984.380,2956.710,2981.000,48138984,,,-0.6350,none
2011-07-29,2981.020,2995.970,2948.080,2972.080,46298253,,,-0.2992,none
2011-08-01,2969.110,2991.050,2958.830,2977.720,33886949,,,0.1898,none
2011-08-02,2958.850,2958.850,2919.010,2956.380,38978357,,,-0.7167,none
2011-08-03,2930.190,2969.130,2927.100,2954.870,38668362,,,-0.0511,none
2011-08-04,2962.910,2983.010,2951.840,2960.310,32985719,,,0.1841,none
2011-08-05,2881.740,2916.410,2868.160,2897.420,49316854,,,-2.1244,none
2011-08-08,2864.510,2888.770,2747.970,2793.900,71517766,,,-3.5728,none
2011-08-09,2720.950,2812.770,2697.060,2798.190,69842676,,,0.1535,none
2011-08-10,2845.350,2858.550,2820.120,2824.120,58659312,,,0.9267,none
2011-08-11,2779.720,2867.310,2777.760,2866.920,58997689,,,1.5155,none
2011-08-12,2881.550,2894.220,2868.870,2875.360,57197406,,,0.2944,none
2011-08-15,2883.170,2917.880,2870.190,2917.880,59875476,,,1.4788,none
2011-08-16,2920.830,2932.140,2888.330,2897.580,50962681,,,-0.6957,none
2011-08-17,2893.850,2910.830,2881.630,2886.010,39178179,,,-0.3993,none
2011-08-18,2887.100,2890.000,2832.270,2834.250,40768883,,,-1.7935,none
2011-08-19,2789.350,2814.100,2782.560,2807.660,43259650,,,-0.9382,none
2011-08-22,2809.330,2829.690,2768.420,2777.790,34209685,,,-1.0639,none
2011-08-23,2788.700,2821.000,2777.290,2821.000,32620514,,,1.5556,none
2011-08-24,2834.580,2845.470,2804.820,2810.020,35301565,,,-0.3892,none
2011-08-25,2818.700,2904.440,2815.910,2903.840,72216845,,,3.3388,none
2011-08-26,2889.380,2907.400,2876.830,2901.220,45604102,,,-0.0902,none
2011-08-29,2875.780,2875.780,2847.480,2852.810,44267850,,,-1.6686,none
2011-08-30,2875.140,2901.730,2838.330,2841.740,43137872,,,-0.3880,none
2011-08-31,2843.990,2855.300,2823.770,2846.780,32107899,,,0.1774,none
2011-09-01,2852.390,2869.250,2825.960,2834.530,30118702,,,-0.4303,none
2011-09-02,2828.840,2836.620,2790.770,2803.850,29317116,,,-1.0824,none
2011-09-05,2780.830,2780.830,2743.380,2743.820,32005660,,,-2.1410,none
2011-09-06,2727.750,2745.360,2711.070,2723.300,29713982,,,-0.7479,none
2011-09-07,2738.790,2779.210,2730.050,2779.090,33265381,,,2.0486,none
2011-09-08,2788.830,2789.110,2755.800,2756.100,26838735,,,-0.8272,none
2011-09-09,2770.150,2796.350,2739.620,2751.090,27073503,,,-0.1818,none
2011-09-13,2712.440,2726.190,2698.660,2720.280,26713764,,,-1.1199,none
2011-09-14,2729.260,2736.910,2677.130,2733.110,30424780,,,0.4716,none
2011-09-15,2734.550,2754.190,2728.910,2729.050,31171925,,,-0.1485,none
2011-09-16,2744.220,2755.890,2729.000,2733.990,27555932,,,0.1810,none
2011-09-19,2718.320,2718.320,2678.790,2679.270,29090941,,,-2.0015,none
2011-09-20,2675.040,2702.280,2664.100,2689.840,25598681,,,0.3945,none
2011-09-21,2691.700,2778.350,2677.350,2771.010,56194171,,,3.0177,none
2011-09-22,2745.150,2754.920,2684.940,2685.690,47102660,,,-3.0790,none
2011-09-23,2644.290,2681.230,2631.430,2669.480,42592224,,,-0.6036,none
2011-09-26,2645.250,2679.560,2603.110,2610.920,39175124,,,-2.1937,none
2011-09-27,2634.930,2652.560,2613.420,2637.880,35021974,,,1.0326,none
2011-09-28,2654.830,2660.100,2602.630,2610.590,34169555,,,-1.0345,none
2011-09-29,2593.560,2615.140,2577.290,2588.190,37093593,,,-0.8580,none
2011-09-30,2595.580,2607.570,2572.190,2581.350,32050822,,,-0.2643,none
2011-10-10,2588.350,2595.320,2552.280,2557.080,28325122,,,-0.9402,none
2011-10-11,2625.160,2635.690,2526.650,2551.990,45029848,,,-0.1991,none
2011-10-12,2537.400,2647.010,2523.340,2644.760,65945680,,,3.6352,none
2011-10-13,2636.860,2672.910,2629.410,2662.600,60426201,,,0.6745,none
2011-10-14,2655.360,2665.440,2629.880,2653.780,38336948,,,-0.3313,none
2011-10-17,2658.950,2687.100,2653.380,2666.950,36158315,,,0.4963,none
2011-10-18,2646.840,2651.730,2589.210,2592.210,39373448,,,-2.8025,none
2011-10-19,2599.920,2617.410,2580.660,2583.080,31116166,,,-0.3522,none
2011-10-20,2566.600,2570.100,2500.490,2520.530,39842462,,,-2.4215,none
2011-10-21,2522.260,2538.120,2504.690,2507.880,29843503,,,-0.5019,none
2011-10-24,2517.060,2581.120,2501.960,2576.670,46345801,,,2.7430,none
2011-10-25,2572.710,2633.970,2560.050,2625.430,57967375,,,1.8924,none
2011-10-26,2613.270,2679.660,2611.010,2651.650,73098240,,,0.9987,none
2011-10-27,2658.430,2672.840,2647.300,2657.480,48820391,,,0.2199,none
2011-10-28,2694.540,2729.140,2689.380,2709.020,71643105,,,1.9394,none
2011-10-31,2704.530,2709.320,2680.990,2695.310,50407112,,,-0.5061,none
2011-11-01,2672.510,2726.090,2669.050,2697.530,55206651,,,0.0824,none
2011-11-02,2658.550,2742.940,2653.720,2742.390,64361584,,,1.6630,none
2011-11-03,2752.630,2781.040,2743.200,2744.300,84820760,,,0.0696,none
2011-11-04,2770.570,2781.990,2748.980,2763.750,61958218,,,0.7087,none
2011-11-07,2750.990,2769.300,2733.170,2736.250,45375056,,,-0.9950,none
2011-11-08,2745.060,2756.090,2723.690,2727.710,47884252,,,-0.3121,none
2011-11-09,2739.150,2755.810,2710.050,2751.650,46877960,,,0.8777,none
2011-11-10,2720.840,2729.570,2698.310,2699.590,51173702,,,-1.8920,none
2011-11-11,2705.240,2713.910,2685.100,2695.000,36636696,,,-0.1700,none
2011-11-14,2717.540,2751.880,2714.860,2750.200,46390943,,,2.0482,none
2011-11-15,2746.770,2754.000,2732.910,2744.680,41759864,,,-0.2007,none
2011-11-16,2745.860,2746.290,2659.150,2670.120,55949239,,,-2.7165,none
2011-11-17,2671.950,2687.830,2660.650,2662.020,35247652,,,-0.3034,none
2011-11-18,2643.670,2646.210,2601.180,2606.500,42414718,,,-2.0856,none
2011-11-21,2608.560,2613.260,2587.740,2609.690,27971896,,,0.1224,none
2011-11-22,2592.230,2611.150,2580.780,2609.480,29069078,,,-0.0080,none
2011-11-23,2613.290,2617.090,2578.160,2584.010,28531412,,,-0.9761,none
2011-11-24,2565.690,2604.240,2557.700,2588.920,30319601,,,0.1900,none
2011-11-25,2585.140,2598.390,2563.650,2569.970,23913766,,,-0.7320,none
2011-11-28,2578.340,2589.350,2562.490,2573.320,25666936,,,0.1304,none
2011-11-29,2595.090,2609.190,2580.290,2608.570,30025878,,,1.3698,none
2011-11-30,2600.100,2601.900,2507.180,2521.520,42352645,,,-3.3371,none
2011-12-01,2596.150,2630.660,2577.720,2583.610,63520252,,,2.4624,none
2011-12-02,2570.560,2575.690,2543.530,2556.640,32021037,,,-1.0439,none
2011-12-05,2561.200,2561.200,2517.180,2521.190,31905850,,,-1.3866,none
2011-12-06,2515.040,2525.670,2499.570,2516.340,26297581,,,-0.1924,none
2011-12-07,2517.340,2534.530,2509.780,2528.230,23261839,,,0.4725,none
2011-12-08,2525.040,2549.100,2494.690,2525.000,27777744,,,-0.1278,none
2011-12-09,2506.620,2525.160,2496.970,2503.460,24029059,,,-0.8531,none
2011-12-12,2497.920,2502.050,2476.120,2477.690,21901249,,,-1.0294,none
2011-12-13,2467.020,2472.660,2439.080,2441.850,18614168,,,-1.4465,none
2011-12-14,2415.940,2433.550,2399.910,2400.550,20461424,,,-1.6913,none
2011-12-15,2382.440,2384.470,2341.150,2353.360,24175762,,,-1.9658,none
2011-12-16,2339.980,2390.380,2332.140,2390.130,36302339,,,1.5624,none
2011-12-19,2370.420,2387.890,2321.660,2384.410,37909752,,,-0.2393,none
2011-12-20,2376.710,2412.570,2373.860,2377.070,32402327,,,-0.3078,none
2011-12-21,2397.270,2404.770,2337.690,2339.110,31209525,,,-1.5969,none
2011-12-22,2325.270,2358.470,2294.610,2341.330,36683858,,,0.0949,none
2011-12-23,2337.380,2382.710,2331.960,2359.160,33161904,,,0.7615,none
2011-12-26,2345.550,2369.820,2334.790,2335.700,28224087,,,-0.9944,none
2011-12-27,2332.830,2346.380,2302.410,2305.030,29277314,,,-1.3131,none
2011-12-28,2295.870,2309.650,2267.110,2307.930,32882020,,,0.1258,none
2011-12-29,2297.290,2323.490,2293.870,2311.360,30887700,,,0.1486,none
2011-12-30,2318.670,2349.030,2318.670,2345.740,35865243,,,1.4874,none
2012-01-04,2361.500,2365.990,2298.300,2298.750,34344567,,,-2.0032,none
2012-01-05,2290.780,2316.660,2272.150,2276.390,43016480,,,-0.9727,none
2012-01-06,2274.350,2291.890,2254.570,2290.600,35198992,,,0.6242,none
2012-01-09,2291.180,2368.890,2271.720,2368.570,54727341,,,3.4039,none
2012-01-10,2365.770,2449.960,2361.280,2447.350,81154989,,,3.3261,none
2012-01-11,2444.760,2453.150,2423.320,2435.610,58705674,,,-0.4797,none
2012-01-12,2426.820,2464.380,2423.320,2435.220,47121275,,,-0.0160,none
2012-01-13,2438.410,2445.790,2374.540,2394.330,45513997,,,-1.6791,none
2012-01-16,2376.950,2394.500,2345.630,2345.650,30527145,,,-2.0331,none
2012-01-17,2347.570,2462.430,2329.250,2460.600,64205648,,,4.9006,none
2012-01-18,2464.920,2485.500,2414.530,2422.190,63892358,,,-1.5610,none
2012-01-19,2423.860,2480.210,2414.990,2468.350,55615726,,,1.9057,none
2012-01-20,2476.730,2510.340,2462.590,2504.090,54529783,,,1.4479,none
2012-01-30,2508.880,2508.880,2460.400,2460.720,43517148,,,-1.7320,none
2012-01-31,2462.340,2472.840,2447.770,2464.260,30701501,,,0.1439,none
2012-02-01,2458.230,2481.660,2423.450,2428.990,35015374,,,-1.4313,none
2012-02-02,2437.470,2486.240,2429.710,2486.240,42066985,,,2.3569,none
2012-02-03,2478.340,2514.650,2470.280,2506.090,49949240,,,0.7984,none
2012-02-06,2511.170,2520.760,2488.710,2504.320,45079905,,,-0.0706,none
2012-02-07,2489.030,2489.030,2441.700,2457.950,39679164,,,-1.8516,none
2012-02-08,2456.420,2534.160,2451.000,2528.240,56186456,,,2.8597,none
2012-02-09,2525.590,2546.020,2513.130,2529.230,59299751,,,0.0392,none
2012-02-10,2521.680,2560.030,2521.160,2533.620,61575877,,,0.1736,none
2012-02-13,2504.410,2553.450,2496.300,2531.980,51913973,,,-0.0647,none
2012-02-14,2528.970,2533.260,2506.540,2522.110,40430101,,,-0.3898,none
2012-02-15,2515.830,2562.070,2511.290,2549.610,58090370,,,1.0904,none
2012-02-16,2544.640,2559.340,2519.040,2536.070,54395431,,,-0.5311,none
2012-02-17,2551.810,2558.340,2522.860,2537.090,38994716,,,0.0402,none
2012-02-20,2571.910,2574.750,2539.900,2540.710,56153329,,,0.1427,none
2012-02-21,2544.830,2562.910,2520.790,2562.450,47894808,,,0.8557,none
2012-02-22,2564.310,2598.860,2560.340,2597.480,76376656,,,1.3671,none
2012-02-23,2595.780,2614.540,2590.520,2606.260,70377126,,,0.3380,none
2012-02-24,2607.340,2648.020,2602.780,2648.020,85999708,,,1.6023,none
2012-02-27,2658.120,2693.840,2656.570,2656.570,101514034,,,0.3229,none
2012-02-28,2652.340,2671.830,2641.460,2662.460,77592536,,,0.2217,none
2012-02-29,2655.860,2666.650,2631.780,2634.140,59120206,,,-1.0637,none
2012-03-01,2622.740,2647.780,2621.860,2633.340,42148441,,,-0.0304,none
2012-03-02,2637.960,2679.930,2637.960,2679.930,64122034,,,1.7692,none
2012-03-05,2687.740,2694.610,2660.960,2662.700,71395458,,,-0.6429,none
2012-03-06,2654.800,2657.960,2615.600,2621.050,62447148,,,-1.5642,none
2012-03-07,2596.480,2628.580,2594.130,2603.000,56948733,,,-0.6887,none
2012-03-08,2612.400,2645.950,2612.400,2635.790,57549413,,,1.2597,none
2012-03-09,2644.100,2664.410,2631.410,2664.300,55258921,,,1.0816,none
2012-03-12,2663.240,2666.430,2636.420,2654.400,62327216,,,-0.3716,none
2012-03-13,2653.680,2681.330,2649.170,2681.070,58404469,,,1.0047,none
2012-03-14,2694.480,2705.750,2595.340,2605.110,108426540,,,-2.8332,none
2012-03-15,2602.660,2618.250,2575.440,2585.550,72565960,,,-0.7508,none
2012-03-16,2591.800,2624.320,2577.250,2623.520,58091259,,,1.4685,none
2012-03-19,2617.660,2631.040,2598.630,2630.010,57646625,,,0.2474,none
2012-03-20,2622.660,2622.660,2584.020,2584.450,58114065,,,-1.7323,none
2012-03-21,2597.380,2613.270,2569.070,2587.790,58002544,,,0.1292,none
2012-03-22,2586.940,2599.240,2570.450,2583.750,44926777,,,-0.1561,none
2012-03-23,2575.330,2578.820,2544.520,2552.940,43329256,,,-1.1925,none
2012-03-26,2551.430,2562.930,2540.700,2555.440,31816211,,,0.0979,none
2012-03-27,2565.550,2571.900,2544.370,2547.140,35944604,,,-0.3248,none
2012-03-28,2538.460,2540.420,2471.030,2474.900,50005790,,,-2.8361,none
2012-03-29,2463.690,2476.480,2429.730,2443.120,46131304,,,-1.2841,none
2012-03-30,2447.940,2461.980,2438.490,2454.900,37027086,,,0.4822,none
2012-04-05,2449.210,2517.390,2441.270,2512.830,54331687,,,2.3598,none
2012-04-06,2509.450,2525.530,2502.700,2519.830,42368576,,,0.2786,none
2012-04-09,2510.530,2518.380,2491.590,2495.150,35370986,,,-0.9794,none
2012-04-10,2490.280,2519.810,2459.350,2519.790,41335905,,,0.9875,none
2012-04-11,2494.520,2541.130,2489.320,2520.040,42510310,,,0.0099,none
2012-04-12,2522.830,2570.840,2516.570,2570.440,56488409,,,2.0000,none
2012-04-13,2575.050,2593.790,2570.030,2580.450,53092643,,,0.3894,none
2012-04-16,2564.230,2586.200,2559.780,2574.040,40839700,,,-0.2484,none
2012-04-17,2572.360,2578.760,2541.530,2541.880,37815467,,,-1.2494,none
2012-04-18,2550.910,2602.110,2546.000,2599.910,58688408,,,2.2830,none
2012-04-19,2598.330,2606.860,2585.300,2596.060,46448109,,,-0.1481,none
2012-04-20,2591.510,2627.380,2589.350,2626.840,61446379,,,1.1856,none
2012-04-23,2624.750,2632.090,2599.110,2606.040,58664938,,,-0.7918,none
2012-04-24,2594.800,2640.290,2559.460,2604.870,71139558,,,-0.0449,none
2012-04-25,2598.230,2631.440,2593.330,2625.990,62468053,,,0.8108,none
2012-04-26,2632.720,2643.770,2617.090,2631.490,58965667,,,0.2094,none
2012-04-27,2630.550,2637.920,2623.600,2626.160,48233586,,,-0.2025,none
2012-05-02,2660.670,2697.950,2643.530,2683.490,80148654,,,2.1830,none
2012-05-03,2679.520,2693.880,2675.810,2691.520,59361090,,,0.2992,none
2012-05-04,2689.620,2716.030,2677.140,2715.880,63218086,,,0.9051,none
2012-05-07,2699.450,2717.780,2694.320,2717.780,68547314,,,0.0700,none
2012-05-08,2717.410,2717.820,2683.560,2709.120,63110840,,,-0.3186,none
2012-05-09,2685.190,2685.190,2655.320,2657.510,58400283,,,-1.9050,none
2012-05-10,2657.870,2667.680,2649.380,2657.210,46962576,,,-0.0113,none
2012-05-11,2652.310,2666.570,2636.520,2636.920,41006143,,,-0.7636,none
2012-05-14,2653.810,2656.280,2613.350,2615.530,52082484,,,-0.8112,none
2012-05-15,2597.640,2618.180,2591.600,2617.370,45767271,,,0.0703,none
2012-05-16,2610.160,2612.620,2574.080,2574.650,43280274,,,-1.6322,none
2012-05-17,2577.960,2619.590,2571.200,2613.940,43728389,,,1.5260,none
2012-05-18,2595.550,2603.190,2567.300,2573.980,43422124,,,-1.5287,none
2012-05-21,2572.370,2604.220,2563.970,2587.230,38602090,,,0.5148,none
2012-05-22,2598.170,2627.600,2597.600,2627.520,42773529,,,1.5573,none
2012-05-23,2621.790,2635.780,2598.290,2616.870,43719531,,,-0.4053,none
2012-05-24,2613.090,2630.410,2588.210,2595.260,42844066,,,-0.8258,none
2012-05-25,2595.260,2602.170,2565.650,2573.100,39273004,,,-0.8539,none
2012-05-28,2562.600,2614.850,2545.340,2614.690,56339275,,,1.6163,none
2012-05-29,2615.150,2658.250,2612.560,2650.850,72135637,,,1.3830,none
2012-05-30,2646.370,2655.160,2636.520,2642.260,51855436,,,-0.3240,none
2012-05-31,2623.160,2645.590,2617.230,2632.040,44107469,,,-0.3868,none
2012-06-01,2633.600,2653.860,2623.290,2633.000,44191056,,,0.0365,none
2012-06-04,2598.730,2608.320,2558.920,2559.030,52478502,,,-2.8093,none
2012-06-05,2565.190,2573.890,2548.760,2558.840,37779910,,,-0.0074,none
2012-06-06,2564.230,2573.740,2547.330,2557.400,33857694,,,-0.0563,none
2012-06-07,2579.430,2584.040,2536.260,2542.180,34841186,,,-0.5951,none
2012-06-08,2558.840,2559.130,2520.410,2524.330,43856426,,,-0.7022,none
2012-06-11,2529.600,2565.430,2523.770,2558.260,40098260,,,1.3441,none
2012-06-12,2543.760,2553.920,2529.950,2540.180,37936676,,,-0.7067,none
2012-06-13,2546.790,2581.110,2539.630,2580.640,45014568,,,1.5928,none
2012-06-14,2573.330,2584.710,2558.560,2560.420,40247934,,,-0.7835,none
2012-06-15,2565.190,2580.170,2538.570,2568.050,42786078,,,0.2980,none
2012-06-18,2576.630,2593.220,2572.990,2581.210,35693628,,,0.5125,none
2012-06-19,2577.360,2577.360,2556.100,2558.620,32700553,,,-0.8752,none
2012-06-20,2563.640,2570.660,2549.440,2552.610,29850639,,,-0.2349,none
2012-06-21,2547.050,2547.050,2502.420,2512.190,35396732,,,-1.5835,none
2012-06-25,2501.160,2501.160,2455.010,2456.520,40106735,,,-2.2160,none
2012-06-26,2442.560,2465.120,2434.640,2454.920,31734008,,,-0.0651,none
2012-06-27,2452.670,2470.760,2444.340,2447.200,30007553,,,-0.3145,none
2012-06-28,2451.660,2459.190,2425.240,2425.730,30543113,,,-0.8773,none
2012-06-29,2418.860,2462.810,2417.490,2461.610,37994941,,,1.4791,none
2012-07-02,2473.540,2473.970,2452.990,2465.240,40510078,,,0.1475,none
2012-07-03,2464.850,2490.550,2457.450,2468.720,38693354,,,0.1412,none
2012-07-04,2474.530,2481.340,2456.000,2464.920,34452142,,,-0.1539,none
2012-07-05,2450.300,2450.300,2420.000,2430.370,34726145,,,-1.4017,none
2012-07-06,2435.060,2477.230,2420.360,2472.610,49610605,,,1.7380,none
2012-07-09,2455.890,2470.210,2414.950,2416.040,49223302,,,-2.2879,none
2012-07-10,2411.000,2426.530,2402.370,2406.710,35549984,,,-0.3862,none
2012-07-11,2402.180,2427.790,2402.150,2425.570,37624312,,,0.7836,none
2012-07-12,2420.040,2460.560,2404.580,2449.180,56717691,,,0.9734,none
2012-07-13,2441.010,2467.990,2438.980,2450.630,36725256,,,0.0592,none
2012-07-16,2452.590,2452.590,2399.610,2399.730,42771870,,,-2.0770,none
2012-07-17,2391.900,2421.930,2391.280,2414.200,33424329,,,0.6030,none
2012-07-18,2412.060,2420.780,2373.650,2414.330,41751788,,,0.0054,none
2012-07-19,2407.440,2444.060,2401.290,2424.320,46949052,,,0.4138,none
2012-07-20,2415.710,2423.800,2392.180,2398.460,37619754,,,-1.0667,none
2012-07-23,2379.890,2379.890,2357.510,2365.430,32390369,,,-1.3771,none
2012-07-24,2353.220,2392.350,2352.800,2375.990,30310079,,,0.4464,none
2012-07-25,2368.380,2381.040,2357.470,2360.080,24896501,,,-0.6696,none
2012-07-26,2360.130,2374.870,2344.700,2347.490,31314094,,,-0.5335,none
2012-07-27,2353.940,2364.980,2341.290,2349.110,31090525,,,0.0690,none
2012-07-30,2350.780,2367.030,2334.000,2335.790,30484851,,,-0.5670,none
2012-07-31,2336.880,2350.070,2329.500,2332.920,32099723,,,-0.1229,none
2012-08-01,2332.130,2371.120,2331.950,2358.650,31420848,,,1.1029,none
2012-08-02,2354.070,2358.560,2325.610,2334.880,31516159,,,-1.0078,none
2012-08-03,2340.250,2354.160,2329.930,2353.740,29769785,,,0.8078,none
2012-08-06,2350.120,2388.360,2348.120,2385.610,41820665,,,1.3540,none
2012-08-07,2383.260,2390.780,2379.450,2388.870,38285489,,,0.1367,none
2012-08-08,2390.960,2405.180,2382.820,2389.790,37810451,,,0.0385,none
2012-08-09,2388.430,2412.140,2378.850,2411.700,35658951,,,0.9168,none
2012-08-10,2409.940,2413.420,2395.910,2399.750,34702995,,,-0.4955,none
2012-08-13,2394.500,2394.500,2350.810,2351.930,44783546,,,-1.9927,none
2012-08-14,2352.660,2357.850,2324.910,2357.020,39850066,,,0.2164,none
2012-08-15,2350.020,2350.020,2330.150,2331.610,30580176,,,-1.0781,none
2012-08-16,2327.910,2335.400,2317.060,2319.670,25902905,,,-0.5121,none
2012-08-17,2318.430,2322.890,2295.160,2313.480,26065717,,,-0.2668,none
2012-08-20,2294.900,2307.410,2279.950,2301.790,27402033,,,-0.5053,none
2012-08-21,2301.930,2327.380,2296.550,2313.700,34895100,,,0.5174,none
2012-08-22,2315.140,2317.370,2285.750,2295.590,31708412,,,-0.7827,none
2012-08-23,2298.180,2311.650,2285.370,2302.200,31335342,,,0.2879,none
2012-08-24,2295.680,2299.300,2274.570,2275.680,31869591,,,-1.1519,none
2012-08-27,2268.490,2268.490,2228.150,2228.200,37386191,,,-2.0864,none
2012-08-28,2226.900,2250.600,2222.000,2238.410,33773615,,,0.4582,none
2012-08-29,2230.200,2240.110,2214.430,2214.810,29010648,,,-1.0543,none
2012-08-30,2204.510,2223.200,2188.720,2211.370,35491310,,,-0.1553,none
2012-08-31,2205.570,2218.870,2203.120,2204.870,25964986,,,-0.2939,none
2012-09-03,2201.120,2236.560,2197.710,2228.370,38548592,,,1.0658,none
2012-09-04,2231.720,2234.880,2199.510,2204.410,34852688,,,-1.0752,none
2012-09-05,2199.740,2209.540,2186.960,2199.880,34751824,,,-0.2055,none
2012-09-06,2204.440,2218.680,2199.860,2217.820,31695884,,,0.8155,none
2012-09-07,2233.910,2341.520,2233.910,2317.180,94529764,,,4.4801,none
2012-09-10,2320.560,2334.500,2313.570,2326.670,65330554,,,0.4095,none
2012-09-11,2316.530,2316.530,2294.820,2311.890,46260719,,,-0.6352,none
2012-09-12,2325.930,2337.200,2298.300,2320.070,49622518,,,0.3538,none
2012-09-13,2316.680,2325.530,2298.370,2298.460,42049849,,,-0.9314,none
2012-09-14,2324.010,2332.420,2298.830,2315.540,61571814,,,0.7431,none
2012-09-17,2312.050,2314.990,2258.180,2258.710,48984734,,,-2.4543,none
2012-09-18,2249.430,2253.140,2228.040,2235.240,33228696,,,-1.0391,none
2012-09-19,2237.220,2249.240,2229.490,2246.240,34349706,,,0.4921,none
2012-09-20,2236.190,2236.190,2194.220,2195.950,42545779,,,-2.2389,none
2012-09-21,2190.330,2217.470,2186.530,2199.060,38120593,,,0.1416,none
2012-09-24,2183.970,2225.800,2172.880,2215.520,37501686,,,0.7485,none
2012-09-25,2209.980,2225.330,2202.380,2210.150,27877019,,,-0.2424,none
2012-09-26,2208.910,2216.820,2181.080,2184.890,27454626,,,-1.1429,none
2012-09-27,2186.000,2266.300,2185.770,2251.720,53016900,,,3.0587,none
2012-09-28,2235.060,2297.030,2234.320,2293.110,57875825,,,1.8382,none
2012-10-08,2291.960,2305.180,2258.110,2270.050,35534424,,,-1.0056,none
2012-10-09,2281.750,2327.730,2281.750,2320.160,52548887,,,2.2074,none
2012-10-10,2314.590,2325.750,2304.610,2324.120,42686238,,,0.1707,none
2012-10-11,2315.900,2321.350,2300.930,2302.530,41300655,,,-0.9290,none
2012-10-12,2311.280,2332.150,2287.010,2304.530,36874145,,,0.0869,none
2012-10-15,2306.010,2307.880,2278.460,2294.860,28651746,,,-0.4196,none
2012-10-16,2293.240,2315.450,2287.590,2298.160,32059679,,,0.1438,none
2012-10-17,2307.360,2312.170,2280.820,2300.800,33349409,,,0.1149,none
2012-10-18,2307.490,2341.120,2305.880,2336.080,50615100,,,1.5334,none
2012-10-19,2335.100,2342.530,2328.730,2332.470,35927732,,,-0.1545,none
2012-10-22,2320.470,2347.900,2315.900,2341.590,34368286,,,0.3910,none
2012-10-23,2340.890,2344.040,2309.250,2312.080,37221272,,,-1.2603,none
2012-10-24,2303.400,2321.430,2302.170,2307.780,37542445,,,-0.1860,none
2012-10-25,2306.730,2322.920,2288.600,2291.240,44351531,,,-0.7167,none
2012-10-26,2291.310,2293.180,2237.060,2247.910,40900519,,,-1.8911,none
2012-10-29,2241.800,2248.140,2227.650,2235.850,27581325,,,-0.5365,none
2012-10-30,2236.320,2257.950,2231.780,2239.880,34083125,,,0.1802,none
2012-10-31,2241.430,2256.090,2233.680,2254.820,37169795,,,0.6670,none
2012-11-01,2256.610,2305.630,2256.410,2297.880,50761729,,,1.9097,none
2012-11-02,2297.900,2309.670,2284.720,2306.770,39833288,,,0.3869,none
2012-11-05,2302.740,2318.230,2290.140,2301.880,39510372,,,-0.2120,none
2012-11-06,2301.980,2304.050,2260.510,2292.210,39280627,,,-0.4201,none
2012-11-07,2288.760,2300.890,2277.020,2287.500,33067403,,,-0.2055,none
2012-11-08,2269.580,2275.400,2245.400,2245.410,35426475,,,-1.8400,none
2012-11-09,2241.760,2252.200,2235.230,2240.920,30506968,,,-0.2000,none
2012-11-12,2242.960,2254.700,2232.740,2251.850,34721685,,,0.4877,none
2012-11-13,2250.840,2250.840,2208.720,2212.440,34083704,,,-1.7501,none
2012-11-14,2213.090,2225.120,2206.000,2223.110,26758790,,,0.4823,none
2012-11-15,2210.750,2220.990,2193.520,2193.620,28319151,,,-1.3265,none
2012-11-16,2189.510,2191.610,2162.980,2177.240,30247786,,,-0.7467,none
2012-11-19,2175.180,2176.490,2149.540,2174.990,26978666,,,-0.1033,none
2012-11-20,2180.210,2184.330,2163.530,2164.880,23948916,,,-0.4648,none
2012-11-21,2165.410,2195.460,2151.380,2194.900,30508482,,,1.3867,none
2012-11-22,2181.180,2185.580,2169.660,2177.550,22912351,,,-0.7905,none
2012-11-23,2184.410,2202.470,2179.730,2192.680,28667493,,,0.6948,none
2012-11-26,2187.240,2191.360,2172.100,2175.600,24742696,,,-0.7790,none
2012-11-27,2168.590,2173.460,2150.220,2150.640,31946746,,,-1.1473,none
2012-11-28,2142.500,2144.800,2126.030,2129.160,30009339,,,-0.9988,none
2012-11-29,2128.800,2140.880,2114.480,2115.680,29670625,,,-0.6331,none
2012-11-30,2114.240,2142.860,2109.960,2139.660,36406911,,,1.1334,none
2012-12-03,2136.700,2152.610,2108.150,2108.850,40186762,,,-1.4399,none
2012-12-04,2104.930,2135.660,2102.140,2131.470,36225915,,,1.0726,none
2012-12-05,2128.390,2219.090,2126.790,2207.880,82487103,,,3.5848,none
2012-12-06,2205.600,2216.980,2191.230,2203.600,48574689,,,-0.1939,none
2012-12-07,2203.890,2250.530,2198.110,2246.760,76169748,,,1.9586,none
2012-12-10,2254.920,2276.280,2250.440,2271.050,73375475,,,1.0811,none
2012-12-11,2263.210,2274.990,2254.300,2258.500,51468703,,,-0.5526,none
2012-12-12,2257.730,2273.210,2247.950,2267.770,45006454,,,0.4104,none
2012-12-13,2260.600,2266.720,2242.560,2242.640,41942100,,,-1.1081,none
2012-12-14,2245.640,2357.110,2245.640,2355.860,110892562,,,5.0485,none
2012-12-17,2359.200,2380.000,2358.660,2366.700,94088195,,,0.4601,none
2012-12-18,2361.090,2398.630,2347.080,2368.120,85784849,,,0.0600,none
2012-12-19,2362.800,2387.140,2358.030,2371.110,63292530,,,0.1263,none
2012-12-20,2361.320,2391.920,2346.550,2384.820,65655462,,,0.5782,none
2012-12-21,2386.380,2414.220,2365.030,2372.000,68714158,,,-0.5376,none
2012-12-24,2368.010,2396.730,2367.040,2381.220,53087004,,,0.3887,none
2012-12-25,2373.880,2459.300,2365.410,2448.400,95502350,,,2.8212,none
2012-12-26,2445.990,2458.010,2441.640,2457.620,71591828,,,0.3766,none
2012-12-27,2464.780,2479.790,2443.680,2444.590,73255067,,,-0.5302,none
2012-12-28,2448.080,2481.590,2444.380,2480.050,67166321,,,1.4505,none
2012-12-31,2485.560,2522.950,2485.560,2522.950,82002293,,,1.7298,none
2013-01-04,2551.810,2558.530,2498.890,2524.410,97988182,,,0.0579,none
2013-01-07,2518.050,2545.970,2511.600,2535.990,75167993,,,0.4587,none
2013-01-08,2534.650,2540.510,2502.490,2525.330,71837100,,,-0.4203,none
2013-01-09,2518.100,2534.240,2504.300,2526.130,70231170,,,0.0317,none
2013-01-10,2525.590,2553.350,2513.730,2530.570,71085862,,,0.1758,none
2013-01-11,2533.500,2539.790,2473.700,2483.230,74239176,,,-1.8707,none
2013-01-14,2474.180,2583.620,2474.000,2577.730,93554091,,,3.8055,none
2013-01-15,2579.130,2605.410,2576.920,2595.860,98620805,,,0.7033,none
2013-01-16,2591.360,2600.090,2540.520,2577.090,93536084,,,-0.7231,none
2013-01-17,2570.710,2575.060,2539.670,2552.760,69915239,,,-0.9441,none
2013-01-18,2568.690,2607.450,2553.450,2595.440,77940303,,,1.6719,none
2013-01-21,2605.650,2611.200,2582.650,2610.900,84133742,,,0.5957,none
2013-01-22,2610.390,2620.020,2578.180,2596.900,105766275,,,-0.5362,none
2013-01-23,2588.200,2611.410,2576.360,2607.460,75739444,,,0.4066,none
2013-01-24,2606.430,2663.400,2564.210,2582.750,111277172,,,-0.9477,none
2013-01-25,2580.880,2591.510,2567.110,2571.670,58487359,,,-0.4290,none
2013-01-28,2577.270,2651.970,2577.270,2651.860,91274790,,,3.1182,none
2013-01-29,2655.380,2685.530,2646.150,2675.870,101040229,,,0.9054,none
2013-01-30,2678.430,2689.680,2662.060,2688.710,99874990,,,0.4798,none
2013-01-31,2690.950,2696.880,2671.330,2686.880,96740101,,,-0.0681,none
2013-02-01,2677.190,2744.320,2671.270,2743.320,103879515,,,2.1006,none
2013-02-04,2753.690,2768.500,2731.080,2748.030,127939179,,,0.1717,none
2013-02-05,2727.930,2779.950,2725.360,2771.680,116130819,,,0.8606,none
2013-02-06,2771.910,2787.460,2765.740,2775.840,82779271,,,0.1501,none
2013-02-07,2771.530,2775.970,2722.870,2759.870,89978142,,,-0.5753,none
2013-02-08,2755.650,2791.300,2747.950,2771.730,77429644,,,0.4297,none
2013-02-18,2784.060,2787.740,2731.510,2737.470,76438227,,,-1.2361,none
2013-02-19,2735.040,2740.740,2674.340,2685.610,80626431,,,-1.8944,none
2013-02-20,2686.090,2703.100,2665.230,2702.640,70019377,,,0.6341,none
2013-02-21,2675.740,2675.740,2584.760,2610.550,100657984,,,-3.4074,none
2013-02-22,2607.650,2618.480,2591.150,2596.600,60204852,,,-0.5344,none
2013-02-25,2607.150,2628.700,2590.790,2604.960,53161942,,,0.3220,none
2013-02-26,2587.380,2631.090,2564.670,2567.590,80003065,,,-1.4346,none
2013-02-27,2576.050,2615.250,2569.380,2594.680,63226743,,,1.0551,none
2013-02-28,2611.940,2673.710,2594.000,2673.330,86922595,,,3.0312,none
2013-03-01,2671.840,2680.850,2627.000,2668.840,73343753,,,-0.1680,none
2013-03-04,2619.420,2619.570,2528.690,2545.720,110619103,,,-4.6132,none
2013-03-05,2547.890,2623.170,2541.770,2622.810,89661152,,,3.0282,none
2013-03-06,2634.870,2658.140,2620.430,2650.200,95829652,,,1.0443,none
2013-03-07,2639.780,2658.970,2592.870,2619.480,94082666,,,-1.1592,none
2013-03-08,2622.680,2632.620,2601.960,2606.930,59429557,,,-0.4791,none
2013-03-11,2600.280,2611.650,2574.170,2592.370,50946436,,,-0.5585,none
2013-03-12,2590.390,2619.510,2530.250,2555.610,71935141,,,-1.4180,none
2013-03-13,2551.730,2556.770,2515.060,2527.490,56430460,,,-1.1003,none
2013-03-14,2517.750,2546.700,2514.460,2534.270,47605756,,,0.2683,none
2013-03-15,2533.720,2600.090,2504.460,2539.870,81372185,,,0.2210,none
2013-03-18,2526.080,2544.620,2499.830,2502.490,59812778,,,-1.4717,none
2013-03-19,2507.400,2532.070,2491.850,2525.100,54536476,,,0.9035,none
2013-03-20,2526.970,2610.170,2526.830,2610.170,90700622,,,3.3690,none
2013-03-21,2611.580,2626.540,2598.510,2614.990,69552756,,,0.1847,none
2013-03-22,2612.260,2625.530,2603.340,2618.310,55647141,,,0.1270,none
2013-03-25,2628.410,2641.610,2607.610,2613.100,56261402,,,-0.1990,none
2013-03-26,2601.960,2607.360,2554.970,2575.050,63962961,,,-1.4561,none
2013-03-27,2575.730,2611.940,2566.340,2583.530,56906517,,,0.3293,none
2013-03-28,2535.990,2535.990,2495.080,2499.300,87578405,,,-3.2603,none
2013-03-29,2502.780,2509.110,2482.490,2495.080,52402137,,,-0.1688,none
2013-04-01,2486.430,2507.820,2483.730,2493.190,47346022,,,-0.0757,none
2013-04-02,2495.840,2524.460,2475.000,2486.390,55684152,,,-0.2727,none
2013-04-03,2493.880,2507.140,2474.930,2483.550,45564221,,,-0.1142,none
2013-04-08,2443.240,2473.310,2429.500,2472.300,53296772,,,-0.4530,none
2013-04-09,2477.290,2505.290,2477.290,2489.430,52389824,,,0.6929,none
2013-04-10,2487.980,2495.570,2466.190,2485.310,47504913,,,-0.1655,none
2013-04-11,2502.500,2508.590,2476.400,2477.880,42989958,,,-0.2990,none
2013-04-12,2476.320,2489.120,2460.180,2462.110,39917278,,,-0.6364,none
2013-04-15,2453.970,2461.670,2430.150,2436.820,46539734,,,-1.0272,none
2013-04-16,2419.510,2461.050,2416.620,2459.590,55280613,,,0.9344,none
2013-04-17,2457.880,2465.200,2437.340,2458.470,44692164,,,-0.0455,none
2013-04-18,2440.710,2478.410,2434.730,2464.850,42860707,,,0.2595,none
2013-04-19,2469.950,2542.450,2469.320,2533.830,75520876,,,2.7985,none
2013-04-22,2525.110,2539.050,2518.260,2530.670,62511883,,,-0.1247,none
2013-04-23,2532.200,2532.200,2448.200,2449.470,60653982,,,-3.2086,none
2013-04-24,2452.780,2511.200,2446.590,2495.580,63050916,,,1.8824,none
2013-04-25,2486.860,2505.480,2456.570,2467.880,60557927,,,-1.1100,none
2013-04-26,2477.720,2488.580,2439.800,2447.310,47123378,,,-0.8335,none
2013-05-02,2434.600,2453.750,2423.080,2449.640,47016088,,,0.0952,none
2013-05-03,2457.540,2521.120,2457.540,2492.910,62330091,,,1.7664,none
2013-05-06,2502.980,2533.850,2500.460,2525.980,60418780,,,1.3266,none
2013-05-07,2519.360,2539.300,2507.760,2529.940,54490643,,,0.1568,none
2013-05-08,2542.270,2562.010,2531.250,2542.800,59554294,,,0.5083,none
2013-05-09,2542.370,2543.300,2507.790,2527.790,60240145,,,-0.5903,none
2013-05-10,2519.520,2546.980,2515.160,2540.840,48816728,,,0.5163,none
2013-05-13,2542.410,2547.600,2516.730,2530.770,54092147,,,-0.3963,none
2013-05-14,2526.000,2526.150,2479.870,2493.340,54880064,,,-1.4790,none
2013-05-15,2493.970,2507.430,2491.930,2506.930,44189660,,,0.5451,none
2013-05-16,2501.120,2553.060,2487.760,2552.710,70796182,,,1.8261,none
2013-05-17,2550.450,2598.710,2547.780,2592.050,81850801,,,1.5411,none
2013-05-20,2597.150,2627.620,2590.050,2609.610,86337803,,,0.6775,none
2013-05-21,2607.390,2617.400,2594.250,2614.850,71505994,,,0.2008,none
2013-05-22,2613.410,2630.070,2603.750,2618.030,74191817,,,0.1216,none
2013-05-23,2604.930,2624.080,2579.350,2582.850,84825370,,,-1.3438,none
2013-05-24,2591.420,2608.350,2572.880,2597.230,60739669,,,0.5567,none
2013-05-27,2593.520,2611.970,2589.740,2599.590,64195080,,,0.0909,none
2013-05-28,2600.630,2644.360,2585.900,2644.360,84196112,,,1.7222,none
2013-05-29,2648.930,2661.230,2640.880,2642.560,79277709,,,-0.0681,none
2013-05-30,2633.960,2647.440,2623.580,2634.320,70146368,,,-0.3118,none
2013-05-31,2638.710,2645.560,2604.750,2606.430,62528533,,,-1.0587,none
2013-06-03,2605.970,2625.940,2596.050,2602.620,59774468,,,-0.1462,none
2013-06-04,2600.500,2600.500,2556.060,2565.670,66315750,,,-1.4197,none
2013-06-05,2565.330,2570.030,2545.190,2560.540,45637193,,,-0.1999,none
2013-06-06,2552.820,2557.680,2525.310,2527.840,52496529,,,-1.2771,none
2013-06-07,2526.910,2538.890,2475.690,2484.160,61030894,,,-1.7280,none
2013-06-13,2448.720,2448.720,2375.200,2399.940,69730066,,,-3.3903,none
2013-06-14,2404.420,2420.360,2396.490,2416.770,55964534,,,0.7013,none
2013-06-17,2422.760,2427.530,2394.390,2403.840,50395711,,,-0.5350,none
2013-06-18,2413.090,2424.200,2393.320,2418.750,48630379,,,0.6203,none
2013-06-19,2408.280,2408.280,2366.350,2400.760,54346260,,,-0.7438,none
2013-06-20,2386.100,2386.100,2320.230,2321.470,55201020,,,-3.3027,none
2013-06-21,2283.150,2332.840,2269.560,2317.390,58705798,,,-0.1758,none
2013-06-24,2308.070,2308.070,2164.320,2171.210,86597259,,,-6.3080,none
2013-06-25,2146.050,2169.210,2023.170,2165.420,107554882,,,-0.2667,none
2013-06-26,2170.330,2181.020,2131.860,2168.300,79256426,,,0.1330,none
2013-06-27,2172.850,2200.210,2153.180,2160.740,75406753,,,-0.3487,none
2013-06-28,2149.030,2227.460,2139.370,2200.640,79451327,,,1.8466,none
2013-07-01,2187.090,2213.970,2166.350,2213.320,57726227,,,0.5762,none
2013-07-02,2211.800,2226.110,2191.800,2221.980,61838850,,,0.3913,none
2013-07-03,2211.040,2211.040,2169.140,2203.830,65836022,,,-0.8168,none
2013-07-04,2187.180,2245.910,2176.080,2221.980,72581145,,,0.8236,none
2013-07-05,2227.350,2252.030,2225.050,2226.850,61821775,,,0.2192,none
2013-07-08,2194.420,2205.210,2162.190,2163.620,54782493,,,-2.8394,none
2013-07-09,2160.700,2174.790,2149.790,2162.670,41494433,,,-0.0439,none
2013-07-10,2163.100,2224.140,2157.470,2224.060,61149781,,,2.8386,none
2013-07-11,2232.160,2351.220,2232.160,2326.690,125793192,,,4.6145,none
2013-07-12,2319.020,2331.990,2274.070,2275.370,89733082,,,-2.2057,none
2013-07-15,2289.760,2336.040,2274.670,2307.300,74757884,,,1.4033,none
2013-07-16,2300.830,2317.850,2281.940,2317.850,65624157,,,0.4572,none
2013-07-17,2311.440,2326.930,2281.610,2282.840,67655248,,,-1.5105,none
2013-07-18,2272.950,2282.440,2241.930,2245.330,57144292,,,-1.6431,none
2013-07-19,2248.130,2257.920,2188.750,2190.480,70535282,,,-2.4428,none
2013-07-22,2170.090,2203.060,2159.810,2202.190,53283495,,,0.5346,none
2013-07-23,2211.590,2276.740,2206.760,2265.840,74809731,,,2.8903,none
2013-07-24,2253.380,2265.580,2217.190,2249.150,69592307,,,-0.7366,none
2013-07-25,2255.220,2268.840,2227.850,2237.680,65774316,,,-0.5100,none
2013-07-26,2226.430,2238.420,2209.810,2224.010,48941098,,,-0.6109,none
2013-07-29,2205.080,2205.080,2169.020,2175.970,54600925,,,-2.1601,none
2013-07-30,2184.010,2221.590,2162.980,2189.390,55193623,,,0.6167,none
2013-07-31,2211.750,2235.380,2187.210,2193.020,48327055,,,0.1658,none
2013-08-01,2206.000,2245.560,2200.630,2245.360,62603997,,,2.3867,none
2013-08-02,2263.500,2274.710,2244.250,2247.260,60890893,,,0.0846,none
2013-08-05,2249.980,2278.330,2243.220,2278.330,55342151,,,1.3826,none
2013-08-06,2270.670,2302.480,2256.720,2293.640,73746895,,,0.6720,none
2013-08-07,2292.380,2313.880,2276.860,2280.620,73048695,,,-0.5677,none
2013-08-08,2277.250,2297.630,2267.070,2276.780,53098430,,,-0.1684,none
2013-08-09,2288.510,2301.590,2258.330,2286.010,64600017,,,0.4054,none
2013-08-12,2296.220,2352.890,2293.180,2352.790,97863216,,,2.9212,none
2013-08-13,2352.880,2360.830,2340.730,2359.070,78393636,,,0.2669,none
2013-08-14,2362.620,2386.600,2340.830,2349.080,75942128,,,-0.4235,none
2013-08-15,2348.840,2362.090,2319.780,2321.580,61951853,,,-1.1707,none
2013-08-16,2314.260,2423.080,2295.020,2304.140,120369563,,,-0.7512,none
2013-08-19,2286.200,2340.190,2284.080,2331.430,72483224,,,1.1844,none
2013-08-20,2325.860,2353.410,2303.670,2312.470,73086345,,,-0.8132,none
2013-08-21,2320.580,2321.640,2291.050,2308.590,55007384,,,-0.1678,none
2013-08-22,2302.670,2329.140,2297.020,2303.930,55338104,,,-0.2019,none
2013-08-23,2314.870,2321.040,2251.920,2286.930,68967133,,,-0.7379,none
2013-08-26,2294.760,2336.380,2288.500,2335.620,70371043,,,2.1291,none
2013-08-27,2332.800,2345.100,2322.460,2340.880,65990333,,,0.2252,none
2013-08-28,2326.100,2345.360,2307.040,2328.060,89256174,,,-0.5477,none
2013-08-29,2338.560,2342.320,2308.150,2318.310,66085415,,,-0.4188,none
2013-08-30,2315.910,2334.410,2303.610,2313.910,87654515,,,-0.1898,none
2013-09-02,2319.960,2329.870,2297.450,2320.340,79510249,,,0.2779,none
2013-09-03,2326.230,2354.860,2321.300,2354.500,80554005,,,1.4722,none
2013-09-04,2352.540,2360.660,2345.440,2350.700,78725763,,,-0.1614,none
2013-09-05,2350.930,2351.220,2336.750,2341.740,62951383,,,-0.3812,none
2013-09-06,2336.770,2361.180,2335.930,2357.780,73340116,,,0.6850,none
2013-09-09,2374.260,2449.250,2372.690,2440.610,149889640,,,3.5131,none
2013-09-10,2446.450,2475.200,2435.830,2474.890,154855992,,,1.4046,none
2013-09-11,2483.790,2504.470,2471.620,2482.890,166914974,,,0.3232,none
2013-09-12,2480.470,2527.380,2469.720,2507.460,145173175,,,0.9896,none
2013-09-13,2502.540,2515.780,2481.450,2488.900,110775049,,,-0.7402,none
2013-09-16,2501.080,2503.690,2467.130,2478.390,105383282,,,-0.4223,none
2013-09-17,2480.810,2481.710,2426.460,2427.320,99459982,,,-2.0606,none
2013-09-18,2426.040,2439.630,2407.240,2432.510,71040759,,,0.2138,none
2013-09-23,2441.520,2473.160,2439.990,2472.290,80128352,,,1.6353,none
2013-09-24,2470.720,2470.750,2420.080,2443.890,97853013,,,-1.1487,none
2013-09-25,2440.830,2455.040,2423.280,2429.030,90518418,,,-0.6080,none
2013-09-26,2422.630,2422.630,2382.530,2384.440,86236770,,,-1.8357,none
2013-09-27,2382.220,2402.200,2379.860,2394.970,65971508,,,0.4416,none
2013-09-30,2406.210,2415.070,2397.220,2409.040,59513992,,,0.5875,none
2013-10-08,2406.420,2446.700,2392.570,2441.810,84785506,,,1.3603,none
2013-10-09,2432.940,2453.750,2424.770,2453.580,76277645,,,0.4820,none
2013-10-10,2455.640,2455.980,2422.020,2429.320,90329706,,,-0.9888,none
2013-10-11,2442.360,2471.170,2439.630,2468.510,93388261,,,1.6132,none
2013-10-14,2472.270,2483.130,2462.550,2472.540,100081301,,,0.1633,none
2013-10-15,2475.320,2479.130,2449.420,2467.520,89173496,,,-0.2030,none
2013-10-16,2459.080,2459.080,2409.720,2421.370,88979834,,,-1.8703,none
2013-10-17,2432.650,2440.920,2407.780,2413.330,71222474,,,-0.3320,none
2013-10-18,2415.120,2435.710,2410.600,2426.050,60291630,,,0.5271,none
2013-10-21,2431.920,2472.780,2423.560,2471.320,84909795,,,1.8660,none
2013-10-22,2470.250,2470.250,2439.860,2445.890,90703029,,,-1.0290,none
2013-10-23,2451.560,2474.370,2412.480,2418.490,91545355,,,-1.1202,none
2013-10-24,2412.240,2422.940,2395.470,2400.510,64560821,,,-0.7434,none
2013-10-25,2400.520,2413.330,2353.990,2368.560,77070182,,,-1.3310,none
2013-10-28,2372.570,2377.250,2351.860,2365.950,62876152,,,-0.1102,none
2013-10-29,2369.220,2408.620,2327.900,2372.050,106737833,,,0.2578,none
2013-10-30,2371.850,2407.850,2365.510,2407.470,92178126,,,1.4932,none
2013-10-31,2398.400,2398.400,2370.230,2373.720,82736964,,,-1.4019,none
2013-11-01,2373.960,2395.000,2365.150,2384.960,63055762,,,0.4735,none
2013-11-04,2397.210,2404.900,2376.350,2380.450,51798461,,,-0.1891,none
2013-11-05,2366.880,2385.690,2343.800,2383.770,62084488,,,0.1395,none
2013-11-06,2371.320,2383.540,2352.790,2353.570,63776663,,,-1.2669,none
2013-11-07,2351.870,2356.670,2328.250,2340.550,54821747,,,-0.5532,none
2013-11-08,2329.080,2342.670,2306.040,2307.950,53788508,,,-1.3928,none
2013-11-11,2305.940,2325.230,2295.000,2315.890,45739457,,,0.3440,none
2013-11-12,2319.360,2342.530,2316.600,2340.000,52687545,,,1.0411,none
2013-11-13,2325.360,2325.560,2287.550,2288.120,59848831,,,-2.2171,none
2013-11-14,2291.270,2305.700,2279.010,2304.500,57310356,,,0.7159,none
2013-11-15,2306.550,2377.210,2306.550,2350.730,86391771,,,2.0061,none
2013-11-18,2367.880,2429.570,2361.040,2428.900,110034633,,,3.3253,none
2013-11-19,2427.930,2427.930,2405.080,2412.160,78648296,,,-0.6892,none
2013-11-20,2428.770,2435.430,2406.420,2424.850,72291801,,,0.5261,none
2013-11-21,2412.450,2415.380,2382.880,2409.990,87706677,,,-0.6128,none
2013-11-22,2415.290,2419.000,2393.580,2397.960,75000675,,,-0.4992,none
2013-11-25,2385.780,2418.850,2380.690,2388.630,66144734,,,-0.3891,none
2013-11-26,2387.830,2399.020,2380.410,2387.420,59185864,,,-0.0507,none
2013-11-27,2386.360,2422.810,2383.780,2414.480,75294088,,,1.1334,none
2013-11-28,2419.150,2460.560,2417.240,2439.530,90660406,,,1.0375,none
2013-11-29,2442.680,2446.400,2432.390,2438.940,61803746,,,-0.0242,none
2013-12-02,2423.970,2464.860,2397.010,2418.790,119655123,,,-0.8262,none
2013-12-03,2410.690,2448.330,2406.660,2442.780,74455752,,,0.9918,none
2013-12-04,2439.820,2486.640,2434.690,2475.140,102650235,,,1.3247,none
2013-12-05,2476.450,2481.750,2460.580,2468.200,77708932,,,-0.2804,none
2013-12-06,2463.040,2470.810,2445.620,2452.290,66114089,,,-0.6446,none
2013-12-09,2460.030,2468.950,2445.940,2450.870,57164884,,,-0.0579,none
2013-12-10,2456.230,2466.660,2444.530,2453.320,66941424,,,0.1000,none
2013-12-11,2440.500,2440.500,2400.740,2412.760,68075144,,,-1.6533,none
2013-12-12,2406.770,2423.310,2402.770,2410.010,50147719,,,-0.1140,none
2013-12-13,2388.660,2416.260,2386.250,2406.640,51501196,,,-0.1398,none
2013-12-16,2408.680,2412.730,2367.430,2367.920,64581674,,,-1.6089,none
2013-12-17,2369.250,2373.290,2351.180,2356.380,48483891,,,-0.4873,none
2013-12-18,2356.700,2368.580,2350.450,2357.230,40015207,,,0.0361,none
2013-12-19,2366.210,2370.990,2331.190,2332.410,48095680,,,-1.0529,none
2013-12-20,2335.050,2338.880,2278.100,2278.140,65204207,,,-2.3268,none
2013-12-23,2283.800,2295.760,2259.570,2284.600,45580285,,,0.2836,none
2013-12-24,2291.120,2312.830,2270.250,2288.250,45599168,,,0.1598,none
2013-12-25,2291.750,2305.610,2281.600,2305.110,44005326,,,0.7368,none
2013-12-26,2299.970,2301.490,2263.920,2265.330,51497563,,,-1.7257,none
2013-12-27,2268.530,2315.180,2264.390,2303.480,53389157,,,1.6841,none
2013-12-30,2313.380,2316.620,2295.640,2299.460,48414308,,,-0.1745,none
2013-12-31,2289.010,2333.070,2287.120,2330.030,56631070,,,1.3294,none
2014-01-02,2323.430,2325.990,2310.650,2321.980,45194291,,,-0.3455,none
2014-01-03,2311.970,2314.840,2280.890,2290.780,59782645,,,-1.3437,none
2014-01-06,2286.370,2286.370,2229.330,2238.640,66300403,,,-2.2761,none
2014-01-07,2222.310,2246.790,2218.650,2238.000,43753103,,,-0.0286,none
2014-01-08,2240.640,2262.580,2228.420,2241.910,51348854,,,0.1747,none
2014-01-09,2236.970,2258.890,2220.800,2222.220,55987041,,,-0.8783,none
2014-01-10,2216.520,2224.490,2200.220,2204.850,54169293,,,-0.7817,none
2014-01-13,2207.000,2222.070,2183.600,2193.680,50122772,,,-0.5066,none
2014-01-14,2192.840,2214.120,2179.910,2212.850,54049947,,,0.8739,none
2014-01-15,2210.020,2215.900,2193.800,2208.940,48962395,,,-0.1767,none
2014-01-16,2209.450,2227.260,2201.560,2211.840,52298902,,,0.1313,none
2014-01-17,2203.820,2205.970,2175.880,2178.490,50273155,,,-1.5078,none
2014-01-20,2173.650,2182.460,2156.460,2165.990,40560154,,,-0.5738,none
2014-01-21,2168.420,2197.920,2168.420,2187.410,40306247,,,0.9889,none
2014-01-22,2190.430,2244.130,2187.530,2243.800,70641375,,,2.5779,none
2014-01-23,2242.250,2248.920,2228.060,2231.890,56345951,,,-0.5308,none
2014-01-24,2225.760,2257.350,2222.890,2245.680,61167670,,,0.6179,none
2014-01-27,2233.010,2233.230,2211.800,2215.920,70344246,,,-1.3252,none
2014-01-28,2220.780,2233.260,2205.970,2219.850,53269130,,,0.1774,none
2014-01-29,2225.710,2233.060,2219.930,2227.780,50222717,,,0.3572,none
2014-01-30,2223.160,2223.160,2200.220,2202.450,43632304,,,-1.1370,none
2014-02-07,2187.340,2212.500,2177.120,2212.480,50459315,,,0.4554,none
2014-02-10,2221.540,2270.190,2221.540,2267.530,83065716,,,2.4882,none
2014-02-11,2267.740,2296.520,2262.600,2285.560,99229829,,,0.7951,none
2014-02-12,2286.190,2294.320,2276.440,2291.250,76592161,,,0.2490,none
2014-02-13,2288.450,2307.470,2278.260,2279.550,96217789,,,-0.5106,none
2014-02-14,2278.400,2295.850,2274.430,2295.570,67082997,,,0.7028,none
2014-02-17,2308.790,2315.580,2293.550,2311.650,87831666,,,0.7005,none
2014-02-18,2310.310,2310.310,2276.110,2282.440,87049743,,,-1.2636,none
2014-02-19,2280.930,2317.420,2274.150,2308.660,99352561,,,1.1488,none
2014-02-20,2314.090,2331.700,2286.200,2287.440,106439533,,,-0.9191,none
2014-02-21,2284.030,2287.870,2250.650,2264.290,76368993,,,-1.0120,none
2014-02-24,2246.720,2246.720,2194.160,2214.510,89215939,,,-2.1985,none
2014-02-25,2216.510,2225.210,2150.090,2157.910,93237551,,,-2.5559,none
2014-02-26,2147.740,2164.700,2137.080,2163.410,77993297,,,0.2549,none
2014-02-27,2170.810,2180.060,2150.140,2154.110,90104296,,,-0.4299,none
2014-02-28,2149.450,2180.470,2133.550,2178.970,76668057,,,1.1541,none
2014-03-03,2173.910,2194.220,2167.910,2190.370,82072314,,,0.5232,none
2014-03-04,2183.860,2188.600,2161.590,2184.270,73069250,,,-0.2785,none
2014-03-05,2187.350,2189.090,2159.590,2163.980,61332015,,,-0.9289,none
2014-03-06,2159.400,2181.430,2136.450,2173.630,69093767,,,0.4459,none
2014-03-07,2170.040,2189.390,2161.440,2168.360,64265177,,,-0.2425,none
2014-03-10,2149.680,2149.680,2095.070,2097.790,71416407,,,-3.2545,none
2014-03-11,2092.610,2118.790,2088.730,2108.660,57621243,,,0.5182,none
2014-03-12,2102.800,2130.590,2090.760,2114.130,70069747,,,0.2594,none
2014-03-13,2119.550,2149.440,2115.990,2140.330,69226028,,,1.2393,none
2014-03-14,2129.870,2140.380,2109.570,2122.840,58617737,,,-0.8172,none
2014-03-17,2132.790,2143.200,2118.950,2143.040,52409445,,,0.9516,none
2014-03-18,2146.120,2152.460,2134.920,2138.130,55354132,,,-0.2291,none
2014-03-19,2131.280,2131.280,2101.280,2120.870,59303905,,,-0.8072,none
2014-03-20,2116.190,2134.790,2086.500,2086.970,67631285,,,-1.5984,none
2014-03-21,2079.870,2163.230,2077.760,2158.800,104024807,,,3.4418,none
2014-03-24,2161.900,2186.730,2150.870,2176.550,104491984,,,0.8222,none
2014-03-25,2170.780,2191.490,2164.670,2174.440,86877510,,,-0.0969,none
2014-03-26,2181.230,2186.080,2165.220,2171.050,58276176,,,-0.1559,none
2014-03-27,2168.340,2186.890,2146.920,2155.710,71275132,,,-0.7066,none
2014-03-28,2154.510,2172.670,2144.580,2151.970,70086073,,,-0.1735,none
2014-03-31,2156.050,2165.250,2134.420,2146.300,55457488,,,-0.2635,none
2014-04-01,2143.720,2170.090,2141.150,2163.110,48866403,,,0.7832,none
2014-04-02,2166.070,2182.680,2164.010,2180.730,65039257,,,0.8146,none
2014-04-03,2188.640,2196.140,2160.750,2165.010,71536032,,,-0.7209,none
2014-04-04,2157.980,2186.150,2155.280,2185.470,47945888,,,0.9450,none
2014-04-08,2179.920,2243.970,2178.910,2237.320,97219117,,,2.3725,none
2014-04-09,2239.790,2246.790,2228.990,2238.620,66357268,,,0.0581,none
2014-04-10,2241.450,2290.740,2229.510,2273.760,114545405,,,1.5697,none
2014-04-11,2269.560,2281.100,2261.130,2270.670,90615897,,,-0.1359,none
2014-04-14,2267.940,2275.830,2255.460,2268.610,62264998,,,-0.0907,none
2014-04-15,2261.410,2261.470,2225.690,2229.460,68218130,,,-1.7257,none
2014-04-16,2223.470,2245.310,2221.150,2232.530,51678010,,,0.1377,none
2014-04-17,2238.780,2241.620,2221.950,2224.800,48333628,,,-0.3462,none
2014-04-18,2215.880,2228.770,2203.050,2224.480,50757995,,,-0.0144,none
2014-04-21,2209.940,2231.710,2186.750,2187.250,56278280,,,-1.6736,none
2014-04-22,2184.020,2196.850,2165.070,2196.790,57094694,,,0.4362,none
2014-04-23,2191.230,2205.590,2187.390,2194.240,45197052,,,-0.1161,none
2014-04-24,2192.770,2209.450,2186.760,2190.470,45058911,,,-0.1718,none
2014-04-25,2195.810,2201.710,2167.640,2167.830,60245383,,,-1.0336,none
2014-04-28,2165.770,2171.390,2132.700,2134.970,60485187,,,-1.5158,none
2014-04-29,2134.410,2159.380,2131.780,2158.470,48204931,,,1.1007,none
2014-04-30,2158.760,2164.180,2153.120,2158.660,45334624,,,0.0088,none
2014-05-05,2152.590,2161.700,2131.230,2156.470,49344073,,,-0.1015,none
2014-05-06,2151.390,2173.620,2150.110,2157.330,48086519,,,0.0399,none
2014-05-07,2151.470,2153.720,2136.990,2137.320,44607470,,,-0.9275,none
2014-05-08,2132.040,2168.210,2128.320,2135.500,48332452,,,-0.0852,none
2014-05-09,2138.840,2141.560,2120.590,2133.910,49181135,,,-0.0745,none
2014-05-12,2150.310,2184.330,2139.480,2180.050,83472560,,,2.1622,none
2014-05-13,2180.060,2185.050,2167.770,2174.850,64912518,,,-0.2385,none
2014-05-14,2175.090,2184.220,2169.000,2172.370,48514206,,,-0.1140,none
2014-05-15,2169.280,2171.450,2142.340,2144.080,46734032,,,-1.3023,none
2014-05-16,2143.930,2150.500,2132.190,2145.950,42253197,,,0.0872,none
2014-05-19,2139.360,2139.360,2105.710,2115.140,42893607,,,-1.4357,none
2014-05-20,2124.710,2131.570,2110.720,2115.770,37299683,,,0.0298,none
2014-05-21,2106.760,2136.100,2096.510,2135.910,38946042,,,0.9519,none
2014-05-22,2134.090,2160.910,2128.860,2130.870,46252736,,,-0.2360,none
2014-05-23,2130.770,2148.580,2128.660,2148.410,37623105,,,0.8231,none
2014-05-26,2161.890,2165.420,2147.450,2155.980,39550656,,,0.3524,none
2014-05-27,2154.400,2160.030,2145.750,2147.280,35897171,,,-0.4035,none
2014-05-28,2147.470,2171.170,2142.010,2169.350,50056260,,,1.0278,none
2014-05-29,2171.260,2178.090,2154.930,2155.160,44891556,,,-0.6541,none
2014-05-30,2156.380,2166.910,2146.220,2156.460,43923863,,,0.0603,none
2014-06-03,2157.640,2169.000,2149.290,2149.920,41982954,,,-0.3033,none
2014-06-04,2149.410,2149.450,2117.310,2128.270,41817249,,,-1.0070,none
2014-06-05,2126.610,2150.930,2123.520,2150.600,36477424,,,1.0492,none
2014-06-06,2149.210,2149.780,2123.980,2134.720,35738058,,,-0.7384,none
2014-06-09,2128.230,2153.900,2126.670,2134.280,39311060,,,-0.0206,none
2014-06-10,2138.670,2161.530,2132.450,2161.270,50507902,,,1.2646,none
2014-06-11,2156.150,2163.610,2152.080,2160.770,42563718,,,-0.0231,none
2014-06-12,2156.760,2160.990,2148.410,2153.410,43025843,,,-0.3406,none
2014-06-13,2150.990,2183.650,2150.570,2176.240,59252876,,,1.0602,none
2014-06-16,2176.440,2196.340,2174.280,2191.850,63296875,,,0.7173,none
2014-06-17,2185.680,2185.680,2168.450,2169.670,49933665,,,-1.0119,none
2014-06-18,2169.250,2172.550,2158.500,2160.240,49463897,,,-0.4346,none
2014-06-19,2161.430,2166.410,2119.500,2126.910,53162645,,,-1.5429,none
2014-06-20,2124.960,2137.030,2120.810,2136.730,42393719,,,0.4617,none
2014-06-23,2137.930,2147.230,2132.450,2134.110,41179258,,,-0.1226,none
2014-06-24,2131.690,2145.210,2130.290,2144.820,40164356,,,0.5018,none
2014-06-25,2141.730,2141.730,2126.030,2133.370,37666100,,,-0.5338,none
2014-06-26,2135.160,2151.110,2134.890,2149.080,44351166,,,0.7364,none
2014-06-27,2146.370,2159.530,2138.930,2150.260,52722896,,,0.0549,none
2014-06-30,2152.310,2168.220,2152.310,2165.120,54304188,,,0.6911,none
2014-07-01,2169.200,2171.150,2157.130,2164.560,53323100,,,-0.0259,none
2014-07-02,2164.000,2171.510,2155.610,2170.870,59685501,,,0.2915,none
2014-07-03,2169.000,2184.960,2164.840,2180.190,63690690,,,0.4293,none
2014-07-04,2180.450,2183.800,2174.070,2178.700,52851106,,,-0.0683,none
2014-07-07,2178.550,2186.200,2171.080,2176.290,50242334,,,-0.1106,none
2014-07-08,2174.830,2180.780,2163.360,2180.470,50743599,,,0.1921,none
2014-07-09,2178.140,2178.510,2148.260,2148.710,62022046,,,-1.4566,none
2014-07-10,2146.600,2151.770,2139.520,2142.850,55732497,,,-0.2727,none
2014-07-11,2136.320,2154.740,2134.790,2148.010,61374274,,,0.2408,none
2014-07-14,2149.540,2171.900,2145.280,2171.760,66158863,,,1.1057,none
2014-07-15,2170.090,2176.270,2165.210,2174.980,71815694,,,0.1483,none
2014-07-16,2172.820,2183.250,2166.770,2170.870,81560230,,,-0.1890,none
2014-07-17,2166.830,2166.930,2147.080,2157.070,59453568,,,-0.6357,none
2014-07-18,2147.660,2176.320,2145.450,2164.140,65473295,,,0.3278,none
2014-07-21,2164.220,2171.940,2158.960,2166.290,54172260,,,0.0993,none
2014-07-22,2162.440,2197.590,2162.240,2192.700,78542583,,,1.2191,none
2014-07-23,2191.390,2210.280,2190.550,2197.830,84213872,,,0.2340,none
2014-07-24,2199.830,2239.810,2199.830,2237.010,119435534,,,1.7827,none
2014-07-25,2243.070,2260.890,2239.070,2260.450,98972838,,,1.0478,none
2014-07-28,2272.380,2331.470,2272.380,2323.900,179869333,,,2.8070,none
2014-07-29,2326.040,2342.770,2316.220,2331.370,134269641,,,0.3214,none
2014-07-30,2324.690,2339.040,2316.060,2322.010,123022832,,,-0.4015,none
2014-07-31,2321.970,2350.550,2316.580,2350.250,110987769,,,1.2162,none
2014-08-01,2341.230,2371.500,2328.970,2329.400,126317390,,,-0.8871,none
2014-08-04,2336.630,2375.620,2332.140,2375.620,116713754,,,1.9842,none
2014-08-05,2376.800,2380.770,2353.790,2369.350,111861789,,,-0.2639,none
2014-08-06,2358.210,2371.670,2334.330,2363.220,116341829,,,-0.2587,none
2014-08-07,2363.610,2369.200,2326.270,2327.460,116729210,,,-1.5132,none
2014-08-08,2329.180,2339.270,2319.290,2331.130,86739694,,,0.1577,none
2014-08-11,2338.010,2367.000,2337.010,2365.350,91601171,,,1.4680,none
2014-08-12,2361.170,2361.170,2344.720,2357.050,91822608,,,-0.3509,none
2014-08-13,2358.460,2370.510,2335.690,2358.900,110447789,,,0.0785,none
2014-08-14,2357.200,2363.180,2334.080,2335.950,97969493,,,-0.9729,none
2014-08-15,2337.990,2366.900,2333.120,2360.640,93592546,,,1.0570,none
2014-08-18,2366.270,2379.800,2361.200,2374.560,104509554,,,0.5897,none
2014-08-19,2378.890,2379.470,2358.970,2374.770,115850020,,,0.0088,none
2014-08-20,2371.650,2375.480,2360.840,2366.140,101288088,,,-0.3634,none
2014-08-21,2365.730,2367.460,2333.300,2354.240,100690211,,,-0.5029,none
2014-08-22,2352.320,2368.460,2350.990,2365.360,89823938,,,0.4723,none
2014-08-25,2367.020,2367.610,2338.460,2342.860,97373717,,,-0.9512,none
2014-08-26,2339.600,2350.390,2317.180,2324.090,93844222,,,-0.8012,none
2014-08-27,2323.790,2336.740,2322.890,2327.590,67676221,,,0.1506,none
2014-08-28,2328.060,2336.360,2309.640,2311.280,70490655,,,-0.7007,none
2014-08-29,2317.300,2338.770,2313.260,2338.290,63211423,,,1.1686,none
2014-09-01,2340.930,2355.550,2338.530,2355.320,77320870,,,0.7283,none
2014-09-02,2359.860,2387.660,2349.950,2386.460,114436733,,,1.3221,none
2014-09-03,2389.690,2414.260,2389.680,2408.840,129734204,,,0.9378,none
2014-09-04,2411.930,2427.300,2404.080,2426.220,111272298,,,0.7215,none
2014-09-05,2433.170,2450.630,2427.990,2449.260,133551764,,,0.9496,none
2014-09-09,2452.230,2454.890,2437.080,2445.220,118194344,,,-0.1649,none
2014-09-10,2435.590,2437.080,2422.650,2432.430,109175517,,,-0.5231,none
2014-09-11,2430.680,2461.470,2417.270,2423.450,132982583,,,-0.3692,none
2014-09-12,2418.750,2438.360,2412.620,2438.360,109160170,,,0.6152,none
2014-09-15,2433.000,2439.250,2418.960,2437.190,122247159,,,-0.0480,none
2014-09-16,2440.340,2442.920,2386.980,2388.760,186742791,,,-1.9871,none
2014-09-17,2395.360,2405.370,2379.090,2401.330,125269028,,,0.5262,none
2014-09-18,2396.380,2414.950,2389.620,2408.660,115926376,,,0.3052,none
2014-09-19,2409.310,2430.150,2402.310,2425.210,101813577,,,0.6871,none
2014-09-22,2419.330,2419.330,2374.110,2378.920,102240870,,,-1.9087,none
2014-09-23,2379.520,2402.480,2379.520,2399.460,84033341,,,0.8634,none
2014-09-24,2391.420,2443.980,2387.070,2441.860,142713530,,,1.7671,none
2014-09-25,2453.420,2462.670,2429.590,2436.970,138661891,,,-0.2003,none
2014-09-26,2430.810,2439.650,2420.500,2437.200,100299494,,,0.0094,none
2014-09-29,2443.910,2453.670,2435.610,2447.800,123401727,,,0.4349,none
2014-09-30,2452.170,2454.890,2444.200,2450.990,115804229,,,0.1303,none
2014-10-08,2460.870,2478.380,2445.270,2478.380,121953604,,,1.1175,none
2014-10-09,2480.200,2488.110,2461.110,2481.960,137923920,,,0.1444,none
2014-10-10,2472.100,2482.140,2457.680,2466.790,147634307,,,-0.6112,none
2014-10-13,2457.410,2460.390,2430.550,2454.950,131593362,,,-0.4800,none
2014-10-14,2451.090,2467.900,2436.340,2446.560,127393705,,,-0.3418,none
2014-10-15,2444.540,2465.500,2431.190,2463.870,135801882,,,0.7075,none
2014-10-16,2448.970,2480.300,2441.820,2444.400,158166603,,,-0.7902,none
2014-10-17,2443.220,2456.100,2410.400,2441.730,132759988,,,-0.1092,none
2014-10-20,2448.450,2456.620,2441.900,2454.710,91435401,,,0.5316,none
2014-10-21,2453.410,2459.250,2432.550,2433.390,96241912,,,-0.8685,none
2014-10-22,2434.890,2447.470,2417.560,2418.640,88656193,,,-0.6062,none
2014-10-23,2415.440,2424.660,2392.530,2395.940,103491839,,,-0.9385,none
2014-10-24,2397.850,2404.990,2385.730,2390.710,74974869,,,-0.2183,none
2014-10-27,2377.540,2377.540,2361.680,2368.830,73862447,,,-0.9152,none
2014-10-28,2373.160,2416.770,2373.160,2416.650,101523055,,,2.0187,none
2014-10-29,2423.810,2461.270,2415.700,2451.380,158584062,,,1.4371,none
2014-10-30,2450.360,2474.380,2443.760,2468.930,189626353,,,0.7159,none
2014-10-31,2473.500,2512.190,2466.500,2508.320,239172412,,,1.5954,none
2014-11-03,2515.820,2524.170,2502.060,2512.550,205801228,,,0.1686,none
2014-11-04,2511.040,2517.460,2498.600,2513.170,218247005,,,0.0247,none
2014-11-05,2516.870,2519.400,2499.230,2503.450,190491862,,,-0.3868,none
2014-11-06,2505.170,2510.990,2482.980,2506.070,149651117,,,0.1047,none
2014-11-07,2508.760,2541.550,2489.420,2502.150,208760911,,,-0.1564,none
2014-11-10,2529.830,2565.730,2514.710,2565.730,226599735,,,2.5410,none
2014-11-11,2578.440,2602.370,2532.570,2558.610,323711656,,,-0.2775,none
2014-11-12,2545.400,2594.320,2539.600,2594.320,184686261,,,1.3957,none
2014-11-13,2597.390,2607.520,2567.460,2579.750,219815615,,,-0.5616,none
2014-11-14,2569.210,2581.930,2557.670,2581.090,165049965,,,0.0519,none
2014-11-17,2613.510,2614.090,2565.940,2567.100,158478095,,,-0.5420,none
2014-11-18,2565.270,2570.210,2534.930,2541.420,142941356,,,-1.0004,none
2014-11-19,2538.230,2550.500,2531.320,2537.220,122146974,,,-0.1653,none
2014-11-20,2528.780,2545.470,2522.840,2537.100,106149864,,,-0.0047,none
2014-11-21,2537.540,2585.360,2530.030,2583.460,151028139,,,1.8273,none
2014-11-24,2614.160,2667.670,2602.940,2649.260,279839720,,,2.5470,none
2014-11-25,2650.080,2686.060,2643.840,2685.560,222611699,,,1.3702,none
2014-11-26,2695.260,2723.360,2690.310,2723.020,243962485,,,1.3949,none
2014-11-27,2737.030,2754.490,2718.700,2754.490,265464730,,,1.1557,none
2014-11-28,2753.930,2809.540,2740.370,2808.820,375323662,,,1.9724,none
2014-12-01,2825.610,2855.330,2808.650,2819.810,365487417,,,0.3913,none
2014-12-02,2807.340,2944.510,2804.290,2923.940,361465322,,,3.6928,none
2014-12-03,2936.120,3028.230,2912.250,2967.550,466156685,,,1.4915,none
2014-12-04,2975.400,3104.890,2968.880,3104.350,426812928,,,4.6099,none
2014-12-05,3143.970,3195.800,3011.940,3124.890,524881260,,,0.6617,none
2014-12-08,3108.270,3270.880,3075.700,3252.880,484462344,,,4.0958,none
2014-12-09,3233.100,3387.830,3074.520,3106.910,632874567,,,-4.4874,none
2014-12-10,3120.210,3229.050,3058.190,3221.550,425018708,,,3.6898,none
2014-12-11,3185.160,3254.420,3158.440,3183.010,367091691,,,-1.1963,none
2014-12-12,3182.920,3239.450,3167.930,3193.230,301065325,,,0.3211,none
2014-12-15,3176.830,3226.220,3143.300,3217.230,290193834,,,0.7516,none
2014-12-16,3221.360,3303.400,3207.690,3303.400,358123847,,,2.6784,none
2014-12-17,3325.820,3368.190,3275.740,3360.600,448140770,,,1.7315,none
2014-12-18,3359.090,3393.710,3322.230,3345.930,355970207,,,-0.4365,none
2014-12-19,3345.630,3397.180,3280.920,3383.170,411211590,,,1.1130,none
2014-12-22,3396.250,3455.210,3357.660,3394.480,549801671,,,0.3343,none
2014-12-23,3358.800,3431.780,3316.910,3324.920,369736093,,,-2.0492,none
2014-12-24,3332.150,3340.360,3188.500,3230.390,317449587,,,-2.8431,none
2014-12-25,3254.480,3335.780,3226.320,3335.420,309799547,,,3.2513,none
2014-12-26,3343.640,3453.340,3335.010,3445.840,384614124,,,3.3105,none
2014-12-29,3502.180,3524.280,3405.840,3455.460,425015037,,,0.2792,none
2014-12-30,3450.810,3491.830,3422.170,3457.550,328233873,,,0.0605,none
2014-12-31,3462.390,3542.340,3452.500,3533.710,345934760,,,2.2027,none
2015-01-05,3566.090,3669.040,3551.510,3641.540,451198098,,,3.0515,none
2015-01-06,3608.430,3683.230,3587.230,3641.060,420962185,,,-0.0132,none
2015-01-07,3620.920,3671.190,3601.700,3643.790,320191232,,,0.0750,none
2015-01-08,3650.070,3659.950,3552.100,3559.260,295003045,,,-2.3198,none
2015-01-09,3547.570,3689.750,3536.400,3546.720,349982672,,,-0.3523,none
2015-01-12,3531.510,3560.530,3461.320,3513.580,266567175,,,-0.9344,none
2015-01-13,3506.450,3550.160,3494.770,3514.040,187153965,,,0.0131,none
2015-01-14,3522.910,3547.240,3471.560,3502.420,196012510,,,-0.3307,none
2015-01-15,3501.720,3604.120,3482.270,3604.120,237812338,,,2.9037,none
2015-01-16,3616.250,3662.160,3601.260,3635.150,282681614,,,0.8610,none
2015-01-19,3414.010,3497.250,3330.980,3355.160,329505275,,,-7.7023,none
2015-01-20,3336.790,3419.200,3325.680,3396.220,297843232,,,1.2238,none
2015-01-21,3420.490,3557.790,3409.430,3548.890,337928210,,,4.4953,none
2015-01-22,3551.050,3576.760,3520.050,3567.610,268853599,,,0.5275,none
2015-01-23,3582.090,3627.810,3548.630,3571.730,280172172,,,0.1155,none
2015-01-26,3580.120,3611.620,3559.380,3607.990,239766203,,,1.0152,none
2015-01-27,3614.040,3616.260,3510.020,3574.930,287669179,,,-0.9163,none
2015-01-28,3547.240,3583.310,3512.390,3525.320,216220214,,,-1.3877,none
2015-01-29,3474.920,3505.580,3453.900,3481.800,211618860,,,-1.2345,none
2015-01-30,3496.890,3514.220,3431.940,3434.390,196479157,,,-1.3617,none
2015-02-02,3360.190,3407.260,3347.080,3353.960,195183699,,,-2.3419,none
2015-02-03,3388.600,3441.710,3360.720,3437.450,192846096,,,2.4893,none
2015-02-04,3446.140,3476.820,3399.560,3401.770,191304349,,,-1.0380,none
2015-02-05,3487.950,3487.950,3366.860,3366.950,250430609,,,-1.0236,none
2015-02-06,3352.330,3374.050,3285.940,3312.420,192664186,,,-1.6196,none
2015-02-09,3305.730,3376.530,3298.600,3345.920,172353820,,,1.0113,none
2015-02-10,3345.080,3407.180,3339.550,3406.940,159309088,,,1.8237,none
2015-02-11,3415.980,3445.660,3412.140,3434.120,144613772,,,0.7978,none
2015-02-12,3435.360,3453.580,3405.630,3442.870,156081691,,,0.2548,none
2015-02-13,3458.830,3509.500,3452.080,3469.830,201089971,,,0.7831,none
2015-02-16,3473.290,3504.480,3466.610,3499.480,165641343,,,0.8545,none
2015-02-17,3511.540,3536.820,3511.090,3522.320,165328313,,,0.6527,none
2015-02-25,3529.550,3529.550,3463.960,3478.730,165539351,,,-1.2375,none
2015-02-26,3473.710,3569.330,3456.870,3566.290,229328438,,,2.5170,none
2015-02-27,3565.230,3594.810,3560.460,3572.840,222786438,,,0.1837,none
2015-03-02,3603.450,3608.690,3566.530,3601.260,248176125,,,0.7954,none
2015-03-03,3579.310,3579.310,3504.200,3507.900,261866489,,,-2.5924,none
2015-03-04,3514.670,3540.910,3497.170,3530.820,199663981,,,0.6534,none
2015-03-05,3513.250,3517.080,3467.680,3496.340,217508805,,,-0.9765,none
2015-03-06,3501.180,3516.240,3472.390,3478.520,181518054,,,-0.5097,none
2015-03-09,3449.700,3546.710,3417.490,3537.750,233940411,,,1.7027,none
2015-03-10,3523.640,3551.210,3511.990,3520.610,194267657,,,-0.4845,none
2015-03-11,3524.570,3568.920,3512.220,3524.650,188947825,,,0.1148,none
2015-03-12,3557.690,3603.340,3536.530,3592.840,265664625,,,1.9347,none
2015-03-13,3604.670,3641.390,3594.740,3617.660,246864768,,,0.6908,none
2015-03-16,3641.770,3705.740,3621.120,3705.670,275438307,,,2.4328,none
2015-03-17,3733.960,3762.570,3716.810,3757.120,371625666,,,1.3884,none
2015-03-18,3769.090,3846.050,3763.850,3846.050,415190011,,,2.3670,none
2015-03-19,3851.250,3859.130,3809.710,3839.740,391547630,,,-0.1641,none
2015-03-20,3852.490,3916.860,3832.420,3892.570,401817552,,,1.3759,none
2015-03-23,3923.080,3972.300,3922.210,3972.060,391119922,,,2.0421,none
2015-03-24,3980.070,3989.860,3883.780,3973.050,468581312,,,0.0249,none
2015-03-25,3961.580,3980.720,3913.990,3940.410,379968851,,,-0.8215,none
2015-03-26,3921.750,3992.000,3892.880,3950.000,346756315,,,0.2434,none
2015-03-27,3957.542,3993.032,3993.032,3971.697,298756064,,,0.5493,none
2015-03-30,3999.020,4101.650,3999.020,4088.180,428297020,,,2.9328,none
2015-03-31,4138.880,4166.020,4037.770,4051.200,436065635,,,-0.9046,none
2015-04-01,4057.500,4139.500,4046.940,4123.900,329512853,,,1.7945,none
2015-04-02,4149.950,4156.840,4068.650,4124.780,339070487,,,0.0213,none
2015-04-03,4104.670,4170.560,4092.380,4170.540,321303766,,,1.1094,none
2015-04-07,4213.890,4260.470,4197.020,4260.040,415362654,,,2.1460,none
2015-04-08,4277.450,4304.780,4204.830,4295.800,458676715,,,0.8394,none
2015-04-09,4316.960,4332.170,4212.610,4262.140,439699902,,,-0.7836,none
2015-04-10,4249.380,4351.690,4231.200,4344.420,348190170,,,1.9305,none
2015-04-13,4394.050,4432.020,4361.590,4421.070,434153036,,,1.7643,none
2015-04-14,4432.130,4474.350,4385.910,4438.180,434432126,,,0.3870,none
2015-04-15,4439.310,4476.000,4379.610,4380.510,472154131,,,-1.2994,none
2015-04-16,4355.490,4513.770,4335.630,4513.550,422603748,,,3.0371,none
2015-04-17,4578.680,4630.270,4553.900,4596.140,552802663,,,1.8298,none
2015-04-20,4615.030,4671.170,4492.600,4521.920,686439075,,,-1.6148,none
2015-04-21,4520.460,4620.060,4504.560,4619.160,490314991,,,2.1504,none
2015-04-22,4637.060,4740.930,4632.590,4739.810,516213792,,,2.6119,none
2015-04-23,4764.480,4782.040,4693.970,4740.890,497430954,,,0.0228,none
2015-04-24,4682.630,4730.430,4618.320,4702.640,480152936,,,-0.8068,none
2015-04-27,4753.870,4810.480,4735.310,4807.590,513076548,,,2.2317,none
2015-04-28,4811.320,4839.080,4703.570,4741.860,608638545,,,-1.3672,none
2015-04-29,4722.900,4797.930,4695.790,4774.330,395056980,,,0.6848,none
2015-04-30,4788.410,4818.730,4749.480,4749.890,399727444,,,-0.5119,none
2015-05-04,4757.640,4795.920,4699.400,4787.740,377843853,,,0.7969,none
2015-05-05,4785.190,4785.190,4572.980,4596.840,460419626,,,-3.9873,none
2015-05-06,4626.230,4700.910,4511.760,4553.330,376073702,,,-0.9465,none
2015-05-07,4520.820,4546.340,4467.460,4470.090,297759203,,,-1.8281,none
2015-05-08,4515.550,4559.060,4445.590,4558.400,302407967,,,1.9756,none
2015-05-11,4582.090,4690.950,4535.150,4690.530,373838420,,,2.8986,none
2015-05-12,4692.120,4748.000,4660.020,4747.420,377053891,,,1.2129,none
2015-05-13,4746.710,4758.000,4678.850,4718.440,370730424,,,-0.6104,none
2015-05-14,4717.960,4735.280,4670.170,4700.780,337725152,,,-0.3743,none
2015-05-15,4690.750,4690.750,4592.050,4617.470,328431166,,,-1.7723,none
2015-05-18,4582.060,4623.380,4565.060,4575.140,269180489,,,-0.9167,none
2015-05-19,4577.640,4740.000,4577.640,4731.220,314785952,,,3.4115,none
2015-05-20,4751.570,4843.100,4745.210,4754.920,363180748,,,0.5009,none
2015-05-21,4768.690,4841.620,4746.030,4840.980,305054537,,,1.8099,none
2015-05-22,4895.920,4951.990,4870.600,4951.330,455846718,,,2.2795,none
2015-05-25,4949.110,5099.840,4949.110,5099.500,465736590,,,2.9925,none
2015-05-26,5140.800,5199.290,5063.150,5198.920,487949359,,,1.9496,none
2015-05-27,5216.170,5226.840,5126.860,5181.430,470798730,,,-0.3364,none
2015-05-28,5174.100,5213.180,4831.330,4834.010,571829047,,,-6.7051,none
2015-05-29,4839.530,4924.300,4665.520,4840.830,427878859,,,0.1411,none
2015-06-01,4862.760,5079.320,4835.770,5076.180,417503741,,,4.8618,none
2015-06-02,5091.270,5162.560,5047.080,5161.870,412973196,,,1.6881,none
2015-06-03,5176.600,5186.970,5059.500,5143.590,414258270,,,-0.3541,none
2015-06-04,5156.010,5194.230,4863.460,5181.420,482767268,,,0.7355,none
2015-06-05,5254.900,5288.340,5104.180,5230.550,545961196,,,0.9482,none
2015-06-08,5259.410,5370.610,5202.600,5353.750,637313237,,,2.3554,none
2015-06-09,5379.470,5380.430,5251.210,5317.460,570427263,,,-0.6778,none
2015-06-10,5254.300,5374.830,5209.680,5309.110,442165676,,,-0.1570,none
2015-06-11,5305.140,5329.290,5248.160,5306.590,392338755,,,-0.0475,none
2015-06-12,5329.280,5351.650,5283.090,5335.120,430131386,,,0.5376,none
2015-06-15,5354.010,5362.450,5207.310,5221.170,475745703,,,-2.1358,none
2015-06-16,5165.020,5204.300,5015.270,5064.820,411675638,,,-2.9945,none
2015-06-17,5072.310,5158.370,4949.290,5138.830,397124187,,,1.4613,none
2015-06-18,5107.690,5121.220,4926.430,4930.550,364395814,,,-4.0531,none
2015-06-19,4847.060,4910.450,4634.690,4637.050,358104744,,,-5.9527,none
2015-06-23,4641.420,4786.960,4455.330,4786.090,365087944,,,3.2141,none
2015-06-24,4811.600,4883.730,4744.310,4880.130,434638723,,,1.9649,none
2015-06-25,4906.240,4919.260,4667.220,4706.520,446135982,,,-3.5575,none
2015-06-26,4573.870,4650.190,4278.670,4336.190,446639790,,,-7.8684,none
2015-06-29,4446.840,4451.170,4000.930,4191.550,525662482,,,-3.3356,none
2015-06-30,4161.070,4475.770,4016.010,4473.000,527045280,,,6.7147,none
2015-07-01,4408.980,4526.130,4235.700,4253.020,431721411,,,-4.9180,none
2015-07-02,4287.730,4312.190,4000.060,4108.000,457062194,,,-3.4098,none
2015-07-03,4017.200,4164.630,3785.900,3885.920,429300850,,,-5.4060,none
2015-07-06,4218.270,4218.270,3832.470,3998.540,648094530,,,2.8982,none
2015-07-07,3877.850,3960.640,3743.620,3928.000,679385007,,,-1.7641,none
2015-07-08,3651.060,3762.620,3612.250,3663.040,581467097,,,-6.7454,none
2015-07-09,3621.680,3930.260,3537.830,3897.630,503870610,,,6.4042,none
2015-07-10,3916.270,4179.110,3887.550,4106.560,500701802,,,5.3604,none
2015-07-13,4132.230,4278.160,4072.430,4211.810,502092186,,,2.5630,none
2015-07-14,4178.630,4258.510,4062.500,4112.150,454422009,,,-2.3662,none
2015-07-15,4068.880,4114.240,3899.510,3966.760,421956367,,,-3.5356,none
2015-07-16,3949.640,4067.020,3856.320,3997.360,330531345,,,0.7714,none
2015-07-17,4023.760,4190.190,4000.230,4151.500,331107131,,,3.8560,none
2015-07-20,4157.060,4221.690,4106.390,4160.610,352673472,,,0.2194,none
2015-07-21,4109.760,4201.480,4081.700,4166.010,318374945,,,0.1298,none
2015-07-22,4148.560,4187.430,4094.710,4157.160,318945997,,,-0.2124,none
2015-07-23,4158.930,4262.060,4148.820,4250.810,354471759,,,2.2527,none
2015-07-24,4255.200,4299.650,4154.620,4176.280,392045373,,,-1.7533,none
2015-07-27,4097.800,4156.310,3817.170,3818.730,365054511,,,-8.5614,none
2015-07-28,3690.970,3883.450,3627.420,3811.090,383527216,,,-0.2001,none
2015-07-29,3839.960,3934.000,3769.190,3930.380,276972845,,,3.1301,none
2015-07-30,3915.780,3968.530,3802.880,3815.410,271548665,,,-2.9252,none
2015-07-31,3777.160,3863.620,3757.990,3816.700,222376767,,,0.0338,none
2015-08-03,3766.070,3829.240,3742.580,3829.240,245805030,,,0.3286,none
2015-08-04,3827.370,3948.450,3801.030,3948.160,220236556,,,3.1056,none
2015-08-05,3937.620,3962.280,3858.660,3866.900,200484269,,,-2.0582,none
2015-08-06,3802.930,3888.690,3793.240,3831.850,147278694,,,-0.9064,none
2015-08-07,3866.430,3926.650,3857.910,3906.950,183349153,,,1.9599,none
2015-08-10,3947.470,4101.730,3932.840,4084.360,306780540,,,4.5409,none
2015-08-11,4083.590,4110.130,4042.000,4066.670,322034191,,,-0.4331,none
2015-08-12,4025.670,4078.030,4015.350,4016.130,255146196,,,-1.2428,none
2015-08-13,4010.010,4075.700,3967.820,4075.460,242836979,,,1.4773,none
2015-08-14,4097.920,4113.160,4056.730,4073.540,253392996,,,-0.0471,none
2015-08-17,4058.110,4081.770,4009.990,4077.870,256939638,,,0.1063,none
2015-08-18,4084.310,4103.050,3816.550,3825.410,319881070,,,-6.1910,none
2015-08-19,3748.270,3898.740,3668.190,3886.140,269049839,,,1.5875,none
2015-08-20,3848.400,3880.820,3761.450,3761.450,212167965,,,-3.2086,none
2015-08-21,3714.290,3757.780,3578.180,3589.540,217986403,,,-4.5703,none
2015-08-24,3454.600,3468.150,3266.550,3275.530,255436652,,,-8.7479,none
2015-08-25,3070.010,3200.110,3019.560,3042.930,276081306,,,-7.1011,none
2015-08-26,3062.570,3192.930,2952.010,3025.690,308270623,,,-0.5666,none
2015-08-27,3092.810,3206.720,3028.400,3205.640,267294930,,,5.9474,none
2015-08-28,3246.240,3353.240,3223.620,3342.290,299498426,,,4.2628,none
2015-08-31,3307.400,3368.280,3205.540,3366.540,280250403,,,0.7256,none
2015-09-01,3296.530,3370.500,3190.580,3362.080,352458528,,,-0.1325,none
2015-09-02,3220.850,3387.020,3213.640,3365.830,347789412,,,0.1115,none
2015-09-07,3347.290,3422.230,3240.240,3250.490,204224431,,,-3.4268,none
2015-09-08,3221.790,3340.220,3170.810,3334.020,154599631,,,2.5698,none
2015-09-09,3344.820,3426.650,3330.290,3399.300,220467421,,,1.9580,none
2015-09-10,3349.280,3398.320,3337.310,3357.560,144882971,,,-1.2279,none
2015-09-11,3349.880,3383.130,3315.480,3347.190,108547508,,,-0.3089,none
2015-09-14,3367.640,3373.920,3187.570,3281.130,205457251,,,-1.9736,none
2015-09-15,3208.740,3240.080,3131.980,3152.230,143555641,,,-3.9285,none
2015-09-16,3149.160,3345.920,3131.370,3309.250,159709994,,,4.9812,none
2015-09-17,3287.660,3354.910,3237.000,3237.000,169401881,,,-2.1833,none
2015-09-18,3254.440,3280.880,3227.830,3251.270,106903481,,,0.4408,none
2015-09-21,3222.600,3312.550,3211.930,3308.250,122788668,,,1.7525,none
2015-09-22,3312.370,3371.410,3303.180,3339.030,146221985,,,0.9304,none
2015-09-23,3290.070,3315.940,3253.330,3263.030,123171439,,,-2.2761,none
2015-09-24,3278.900,3300.860,3255.900,3285.000,102011238,,,0.6733,none
2015-09-25,3272.670,3290.860,3201.910,3231.950,121419278,,,-1.6149,none
2015-09-28,3226.610,3246.550,3186.510,3242.750,74219468,,,0.3342,none
2015-09-29,3197.220,3208.420,3159.040,3178.850,87150633,,,-1.9705,none
2015-09-30,3195.900,3223.910,3186.770,3202.950,78559349,,,0.7581,none
2015-10-08,3324.980,3337.330,3294.600,3296.480,132081768,,,2.9201,none
2015-10-09,3302.360,3352.380,3293.970,3340.120,124352500,,,1.3238,none
2015-10-12,3351.140,3486.630,3347.250,3447.690,221400468,,,3.2205,none
2015-10-13,3422.480,3452.040,3413.970,3445.040,145433786,,,-0.0769,none
2015-10-14,3431.140,3458.700,3403.230,3406.110,152173938,,,-1.1300,none
2015-10-15,3403.390,3486.810,3402.320,3486.810,171158299,,,2.3693,none
2015-10-16,3508.520,3537.540,3487.100,3534.060,208964709,,,1.3551,none
2015-10-19,3548.950,3573.000,3502.500,3534.180,207606744,,,0.0034,none
2015-10-20,3527.880,3577.800,3510.440,3577.700,179025108,,,1.2314,none
2015-10-21,3580.840,3601.240,3417.410,3473.250,282076050,,,-2.9195,none
2015-10-22,3453.200,3530.770,3442.310,3524.530,184305580,,,1.4764,none
2015-10-23,3536.840,3581.840,3515.820,3571.240,198294478,,,1.3253,none
2015-10-26,3614.700,3620.760,3561.190,3589.260,204248863,,,0.5046,none
2015-10-27,3569.450,3601.050,3486.100,3592.880,192056140,,,0.1009,none
2015-10-28,3575.800,3598.170,3517.210,3524.920,170977098,,,-1.8915,none
2015-10-29,3539.980,3561.810,3507.970,3533.310,127010446,,,0.2380,none
2015-10-30,3530.220,3574.470,3497.570,3534.080,139141914,,,0.0218,none
2015-11-02,3489.230,3543.450,3474.710,3475.960,130002568,,,-1.6446,none
2015-11-03,3484.720,3501.700,3452.620,3465.490,101401876,,,-0.3012,none
2015-11-04,3477.160,3628.540,3477.160,3628.540,205423865,,,4.7050,none
2015-11-05,3630.780,3781.410,3627.300,3705.970,398046568,,,2.1339,none
2015-11-06,3698.340,3801.710,3694.660,3793.370,298753076,,,2.3584,none
2015-11-09,3796.380,3891.770,3796.380,3840.350,356804823,,,1.2385,none
2015-11-10,3806.670,3876.490,3798.820,3833.240,286519603,,,-0.1851,none
2015-11-11,3828.450,3843.110,3781.410,3833.650,232234296,,,0.0107,none
2015-11-12,3841.740,3843.900,3771.270,3795.320,217537647,,,-0.9998,none
2015-11-13,3756.200,3793.710,3727.580,3746.240,203489891,,,-1.2932,none
2015-11-16,3682.740,3764.410,3680.070,3764.130,161690901,,,0.4775,none
2015-11-17,3790.430,3852.770,3750.160,3758.390,248533071,,,-0.1525,none
2015-11-18,3760.460,3771.850,3706.310,3715.580,185689495,,,-1.1391,none
2015-11-19,3725.620,3775.230,3714.680,3774.970,154631989,,,1.5984,none
2015-11-20,3778.880,3793.540,3757.030,3774.380,186951689,,,-0.0156,none
2015-11-23,3774.440,3802.850,3743.410,3753.330,175626812,,,-0.5577,none
2015-11-24,3745.760,3754.170,3702.740,3753.890,143383283,,,0.0149,none
2015-11-25,3747.760,3781.860,3735.720,3781.610,151944941,,,0.7384,none
2015-11-26,3795.250,3805.840,3756.820,3759.430,173525468,,,-0.5865,none
2015-11-27,3739.100,3742.740,3534.390,3556.990,208939358,,,-5.3849,none
2015-11-30,3554.890,3587.970,3455.070,3566.410,173201163,,,0.2648,none
2015-12-01,3562.320,3617.300,3536.120,3591.700,136536554,,,0.7091,none
2015-12-02,3587.760,3725.850,3573.400,3721.960,213538865,,,3.6267,none
2015-12-03,3709.550,3758.450,3693.140,3749.300,197762126,,,0.7346,none
2015-12-04,3719.730,3726.120,3667.290,3677.590,151199522,,,-1.9126,none
2015-12-07,3681.580,3699.340,3658.580,3687.610,113883150,,,0.2725,none
2015-12-08,3668.840,3668.840,3619.450,3623.020,125781083,,,-1.7515,none
2015-12-09,3613.420,3655.160,3611.490,3635.940,113325422,,,0.3566,none
2015-12-10,3634.370,3678.320,3615.990,3623.080,120215625,,,-0.3537,none
2015-12-11,3605.370,3630.740,3578.150,3608.060,110322481,,,-0.4146,none
2015-12-14,3573.880,3712.500,3571.000,3711.320,151769119,,,2.8619,none
2015-12-15,3707.730,3717.360,3679.230,3694.390,126481710,,,-0.4562,none
2015-12-16,3703.950,3713.090,3677.450,3685.440,111342723,,,-0.2423,none
2015-12-17,3712.780,3768.840,3709.850,3755.890,177924075,,,1.9116,none
2015-12-18,3754.960,3810.220,3750.930,3767.910,173465980,,,0.3200,none
2015-12-21,3762.100,3877.820,3759.990,3865.970,217435275,,,2.6025,none
2015-12-22,3872.100,3880.470,3841.590,3876.730,180303661,,,0.2783,none
2015-12-23,3877.870,3926.690,3862.970,3866.380,207017147,,,-0.2670,none
2015-12-24,3858.140,3867.680,3787.080,3829.400,147181397,,,-0.9565,none
2015-12-25,3832.080,3848.020,3813.200,3838.200,119624013,,,0.2298,none
2015-12-28,3847.530,3853.390,3727.630,3727.630,153988440,,,-2.8808,none
2015-12-29,3723.050,3762.050,3710.480,3761.870,101885555,,,0.9185,none
2015-12-30,3762.910,3765.660,3726.280,3765.180,105629955,,,0.0880,none
2015-12-31,3760.900,3772.620,3727.320,3731.000,101873556,,,-0.9078,none
2016-01-04,3725.860,3726.240,3469.010,3470.410,115370674,,,-6.9845,none
2016-01-05,3382.180,3518.220,3377.280,3478.780,162116984,,,0.2412,none
2016-01-06,3482.410,3543.740,3468.470,3539.810,145966144,,,1.7544,none
2016-01-07,3481.150,3481.150,3284.740,3294.380,44102641,,,-6.9334,none
2016-01-08,3371.870,3418.850,3237.930,3361.560,185959451,,,2.0392,none
2016-01-11,3303.120,3342.480,3192.450,3192.450,174638387,,,-5.0307,none
2016-01-12,3214.820,3242.250,3174.550,3215.710,128225796,,,0.7286,none
2016-01-13,3240.480,3257.300,3155.880,3155.880,120666494,,,-1.8606,none
2016-01-14,3076.640,3226.660,3072.040,3221.570,134537671,,,2.0815,none
2016-01-15,3200.890,3216.800,3101.050,3118.730,124601779,,,-3.1922,none
2016-01-18,3068.230,3165.620,3066.730,3130.730,101128386,,,0.3848,none
2016-01-19,3132.700,3227.910,3119.220,3223.120,127653893,,,2.9511,none
2016-01-20,3204.220,3225.950,3154.430,3174.380,130650504,,,-1.5122,none
2016-01-21,3136.380,3202.540,3081.350,3081.350,111189733,,,-2.9307,none
2016-01-22,3114.900,3132.170,3053.960,3113.460,89951087,,,1.0421,none
2016-01-25,3129.030,3149.330,3105.100,3128.890,81540061,,,0.4956,none
2016-01-26,3099.600,3106.530,2934.650,2940.510,126933921,,,-6.0207,none
2016-01-27,2953.180,2963.540,2839.290,2930.350,132229366,,,-0.3455,none
2016-01-28,2909.330,2941.890,2841.840,2853.760,99222756,,,-2.6137,none
2016-01-29,2855.600,2965.310,2854.370,2946.090,113304259,,,3.2354,none
2016-02-01,2939.040,2944.520,2869.560,2901.050,86795342,,,-1.5288,none
2016-02-02,2901.530,2972.430,2901.510,2961.330,88601963,,,2.0779,none
2016-02-03,2931.290,2954.710,2909.900,2948.640,77389000,,,-0.4285,none
2016-02-04,2960.330,2999.210,2960.210,2984.760,91779724,,,1.2250,none
2016-02-05,2982.060,2988.360,2962.850,2963.790,76850808,,,-0.7026,none
2016-02-15,2888.430,2961.490,2886.020,2946.710,72919434,,,-0.5763,none
2016-02-16,2962.190,3042.090,2962.190,3037.040,112579643,,,3.0655,none
2016-02-17,3034.090,3065.780,3027.050,3063.320,128291607,,,0.8653,none
2016-02-18,3079.530,3093.510,3049.840,3053.700,124401464,,,-0.3140,none
2016-02-19,3047.940,3065.970,3032.630,3051.580,87338012,,,-0.0694,none
2016-02-22,3083.930,3128.210,3071.330,3118.870,140946968,,,2.2051,none
2016-02-23,3117.200,3119.220,3061.430,3089.360,112567391,,,-0.9462,none
2016-02-24,3077.610,3109.550,3055.250,3109.550,111782650,,,0.6535,none
2016-02-25,3104.410,3104.440,2905.460,2918.750,157829752,,,-6.1359,none
2016-02-26,2942.100,2964.390,2902.950,2948.030,106949729,,,1.0032,none
2016-02-29,2939.580,2939.870,2821.210,2877.470,129341020,,,-2.3935,none
2016-03-01,2881.340,2950.440,2863.320,2930.690,116045918,,,1.8495,none
2016-03-02,2933.920,3054.720,2933.120,3051.330,175972347,,,4.1164,none
2016-03-03,3050.390,3078.440,3040.250,3058.420,173105744,,,0.2324,none
2016-03-04,3047.540,3101.660,3032.420,3093.890,219172534,,,1.1597,none
2016-03-07,3109.000,3130.900,3083.580,3104.840,132462037,,,0.3539,none
2016-03-08,3100.150,3109.250,3001.830,3107.670,136235742,,,0.0911,none
2016-03-09,3045.920,3072.920,3020.130,3071.910,111466245,,,-1.1507,none
2016-03-10,3056.210,3074.160,3012.690,3013.150,76072197,,,-1.9128,none
2016-03-11,2990.210,3026.440,2982.170,3018.280,73333564,,,0.1703,none
2016-03-14,3039.570,3106.800,3034.000,3065.690,117108655,,,1.5708,none
2016-03-15,3061.340,3077.080,3028.580,3074.780,98311941,,,0.2965,none
2016-03-16,3068.870,3100.350,3064.520,3090.030,124736448,,,0.4960,none
2016-03-17,3096.810,3147.840,3077.570,3124.200,121661777,,,1.1058,none
2016-03-18,3136.220,3197.670,3130.100,3171.960,197302564,,,1.5287,none
2016-03-21,3203.290,3267.780,3198.360,3249.440,233269464,,,2.4427,none
2016-03-22,3231.610,3249.680,3218.730,3225.790,161020897,,,-0.7278,none
2016-03-23,3217.730,3242.250,3202.980,3236.090,125679286,,,0.3193,none
2016-03-24,3211.500,3221.910,3181.810,3181.850,133131122,,,-1.6761,none
2016-03-25,3176.810,3204.440,3174.320,3197.820,97395330,,,0.5019,none
2016-03-28,3206.950,3229.620,3161.880,3169.730,103441933,,,-0.8784,none
2016-03-29,3171.310,3178.070,3122.760,3135.410,97294747,,,-1.0827,none
2016-03-30,3161.290,3216.680,3161.290,3216.280,117802512,,,2.5792,none
2016-03-31,3229.200,3241.930,3208.660,3218.090,121552074,,,0.0563,none
2016-04-01,3213.670,3222.610,3165.860,3221.890,118122139,,,0.1181,none
2016-04-05,3211.300,3271.930,3205.210,3264.490,146047772,,,1.3222,none
2016-04-06,3250.520,3267.640,3236.200,3257.530,120196305,,,-0.2132,none
2016-04-07,3266.290,3270.820,3208.640,3209.290,112409467,,,-1.4809,none
2016-04-08,3189.850,3197.770,3163.300,3185.730,101005625,,,-0.7341,none
2016-04-11,3213.510,3251.570,3213.510,3230.100,125212709,,,1.3928,none
2016-04-12,3227.370,3232.260,3198.900,3218.450,92869437,,,-0.3607,none
2016-04-13,3237.860,3296.520,3237.860,3261.380,195613866,,,1.3339,none
2016-04-14,3277.100,3286.070,3252.050,3275.830,113157327,,,0.4431,none
2016-04-15,3279.860,3282.980,3261.730,3272.210,99807529,,,-0.1105,none
2016-04-18,3252.670,3252.670,3221.660,3228.450,97090069,,,-1.3373,none
2016-04-19,3243.970,3250.730,3221.580,3238.300,80871440,,,0.3051,none
2016-04-20,3244.140,3248.420,3107.370,3181.030,162207858,,,-1.7685,none
2016-04-21,3160.800,3198.560,3150.940,3160.600,104752651,,,-0.6422,none
2016-04-22,3142.560,3175.380,3137.990,3174.900,77078492,,,0.4524,none
2016-04-25,3164.740,3172.270,3137.110,3162.030,67519351,,,-0.4054,none
2016-04-26,3159.770,3181.100,3150.400,3179.160,59020734,,,0.5417,none
2016-04-27,3181.930,3188.830,3162.690,3165.920,60004147,,,-0.4165,none
2016-04-28,3169.330,3174.770,3135.640,3160.580,69870660,,,-0.1687,none
2016-04-29,3153.540,3171.290,3149.400,3156.750,58029776,,,-0.1212,none
2016-05-03,3159.820,3218.490,3151.400,3213.540,98164835,,,1.7990,none
2016-05-04,3203.470,3222.880,3198.290,3209.460,90862408,,,-0.1270,none
2016-05-05,3204.170,3217.280,3196.570,3213.920,74733681,,,0.1390,none
2016-05-06,3213.140,3216.890,3130.150,3130.350,108680240,,,-2.6003,none
2016-05-09,3115.430,3115.430,3055.010,3065.620,99230477,,,-2.0678,none
2016-05-10,3055.210,3084.720,3055.180,3069.110,68849935,,,0.1138,none
2016-05-11,3080.640,3102.880,3063.090,3082.810,81794258,,,0.4464,none
2016-05-12,3059.380,3095.350,3035.020,3090.140,78765726,,,0.2378,none
2016-05-13,3081.680,3103.100,3064.690,3074.940,62629755,,,-0.4919,none
2016-05-16,3064.530,3095.560,3053.660,3095.310,59461856,,,0.6625,none
2016-05-17,3095.520,3105.200,3073.460,3086.020,65278125,,,-0.3001,none
2016-05-18,3071.530,3072.610,3039.460,3068.040,82715369,,,-0.5826,none
2016-05-19,3060.340,3086.980,3058.150,3062.500,60444166,,,-0.1806,none
2016-05-20,3047.780,3078.530,3041.520,3078.220,56080842,,,0.5133,none
2016-05-23,3078.510,3098.480,3076.500,3087.220,59697216,,,0.2924,none
2016-05-24,3083.240,3083.260,3052.590,3063.560,58734385,,,-0.7664,none
2016-05-25,3079.750,3089.100,3054.870,3059.230,56652803,,,-0.1413,none
2016-05-26,3056.600,3072.520,3027.440,3064.210,60392981,,,0.1628,none
2016-05-27,3059.730,3073.760,3052.180,3062.500,60468750,,,-0.0558,none
2016-05-30,3056.310,3075.260,3037.660,3066.710,63098579,,,0.1375,none
2016-05-31,3068.600,3170.930,3068.600,3169.560,138863111,,,3.3538,none
2016-06-01,3172.960,3181.790,3159.820,3160.550,113148482,,,-0.2843,none
2016-06-02,3158.030,3168.820,3151.070,3167.100,86003427,,,0.2072,none
2016-06-03,3172.950,3201.750,3162.090,3189.330,101491783,,,0.7019,none
2016-06-06,3192.780,3197.220,3168.550,3178.790,76693751,,,-0.3305,none
2016-06-07,3182.440,3186.620,3168.180,3177.050,68928314,,,-0.0547,none
2016-06-08,3171.810,3174.970,3148.350,3163.990,76291775,,,-0.4111,none
2016-06-13,3134.050,3145.610,3065.770,3066.340,92975947,,,-3.0863,none
2016-06-14,3058.440,3078.750,3055.660,3075.980,66279457,,,0.3144,none
2016-06-15,3043.960,3128.670,3042.230,3116.370,87393257,,,1.3131,none
2016-06-16,3104.360,3112.480,3089.480,3094.670,82974703,,,-0.6963,none
2016-06-17,3096.090,3131.050,3096.090,3110.360,85402985,,,0.5070,none
2016-06-20,3114.910,3118.730,3089.710,3112.670,63587141,,,0.0743,none
2016-06-21,3124.900,3155.490,3097.940,3106.320,87965345,,,-0.2040,none
2016-06-22,3100.450,3134.060,3096.990,3133.960,66487113,,,0.8898,none
2016-06-23,3129.720,3129.720,3102.480,3117.320,67751738,,,-0.5310,none
2016-06-24,3110.650,3130.540,3033.970,3077.160,104792208,,,-1.2883,none
2016-06-27,3065.130,3120.640,3064.970,3120.540,83267259,,,1.4097,none
2016-06-28,3107.400,3139.430,3099.700,3136.400,92024637,,,0.5082,none
2016-06-29,3142.480,3158.080,3139.130,3151.390,103723668,,,0.4779,none
2016-06-30,3152.830,3163.720,3148.200,3153.920,79692617,,,0.0803,none
2016-07-01,3156.930,3170.260,3148.290,3154.200,71746283,,,0.0089,none
2016-07-04,3136.390,3210.600,3134.020,3204.700,133310529,,,1.6010,none
2016-07-05,3199.160,3216.700,3198.000,3207.380,130226895,,,0.0836,none
2016-07-06,3197.620,3217.520,3183.450,3216.800,124897458,,,0.2937,none
2016-07-07,3206.550,3220.540,3190.120,3209.950,118595202,,,-0.2129,none
2016-07-08,3199.750,3204.930,3183.960,3192.280,89734855,,,-0.5505,none
2016-07-11,3199.040,3235.960,3197.630,3203.330,138529511,,,0.3461,none
2016-07-12,3201.910,3273.470,3200.300,3273.180,172534217,,,2.1805,none
2016-07-13,3274.020,3300.990,3271.780,3282.870,175196090,,,0.2960,none
2016-07-14,3277.480,3281.950,3259.070,3276.760,107525798,,,-0.1861,none
2016-07-15,3278.840,3285.030,3265.290,3276.280,102665026,,,-0.0146,none
2016-07-18,3269.710,3281.640,3251.770,3262.020,110312518,,,-0.4352,none
2016-07-19,3260.430,3264.730,3226.200,3248.230,88886861,,,-0.4227,none
2016-07-20,3246.860,3254.510,3232.260,3237.600,72701255,,,-0.3273,none
2016-07-21,3238.340,3271.370,3238.300,3252.520,86004825,,,0.4608,none
2016-07-22,3251.240,3253.770,3220.890,3225.160,86029128,,,-0.8412,none
2016-07-25,3220.170,3243.790,3218.140,3230.890,70203185,,,0.1777,none
2016-07-26,3228.230,3269.750,3228.010,3269.590,81051089,,,1.1978,none
2016-07-27,3270.080,3276.510,3157.410,3218.240,160188665,,,-1.5705,none
2016-07-28,3204.460,3235.780,3195.270,3221.140,112779964,,,0.0901,none
2016-07-29,3217.190,3225.420,3198.680,3203.930,88044837,,,-0.5343,none
2016-08-01,3196.430,3199.980,3156.750,3176.810,87003497,,,-0.8465,none
2016-08-02,3173.760,3189.050,3165.540,3189.050,62167639,,,0.3853,none
2016-08-03,3179.680,3197.160,3173.540,3193.510,72864102,,,0.1399,none
2016-08-04,3190.550,3201.550,3170.420,3201.290,73504373,,,0.2436,none
2016-08-05,3201.350,3224.870,3192.860,3205.110,77196366,,,0.1193,none
2016-08-08,3199.570,3234.480,3187.250,3234.180,86676051,,,0.9070,none
2016-08-09,3232.600,3257.330,3229.170,3256.980,91065259,,,0.7050,none
2016-08-10,3255.180,3261.860,3242.750,3243.340,90430372,,,-0.4188,none
2016-08-11,3239.560,3274.030,3232.610,3233.360,101041213,,,-0.3077,none
2016-08-12,3231.810,3294.230,3231.140,3294.230,116254044,,,1.8826,none
2016-08-15,3303.470,3417.910,3302.380,3393.420,220543421,,,3.0110,none
2016-08-16,3403.380,3418.690,3372.020,3378.250,196389740,,,-0.4470,none
2016-08-17,3377.770,3394.390,3356.920,3373.050,138847688,,,-0.1539,none
2016-08-18,3369.950,3394.790,3349.690,3364.490,142380169,,,-0.2538,none
2016-08-19,3358.550,3374.040,3341.190,3365.020,119961508,,,0.0158,none
2016-08-22,3364.680,3372.830,3335.470,3336.790,107951008,,,-0.8389,none
2016-08-23,3332.620,3359.650,3324.960,3341.830,92924516,,,0.1510,none
2016-08-24,3341.930,3348.130,3323.730,3329.860,81191429,,,-0.3582,none
2016-08-25,3314.080,3315.080,3279.810,3308.970,100589153,,,-0.6274,none
2016-08-26,3312.500,3328.950,3301.740,3307.090,81530691,,,-0.0568,none
2016-08-29,3306.570,3315.080,3297.070,3307.780,77036333,,,0.0209,none
2016-08-30,3310.320,3325.120,3304.600,3311.990,75725987,,,0.1273,none
2016-08-31,3310.570,3333.970,3304.660,3327.790,79570805,,,0.4771,none
2016-09-01,3326.740,3329.350,3301.210,3301.580,84947219,,,-0.7876,none
2016-09-02,3298.720,3320.430,3295.760,3314.110,82791803,,,0.3795,none
2016-09-05,3321.010,3338.420,3314.630,3319.680,78292477,,,0.1681,none
2016-09-06,3322.020,3347.950,3300.130,3342.630,98283998,,,0.6913,none
2016-09-07,3344.070,3357.360,3337.750,3340.820,102940106,,,-0.0541,none
2016-09-08,3338.010,3343.400,3328.230,3339.560,71916158,,,-0.0377,none
2016-09-09,3339.370,3344.950,3318.040,3318.040,82657036,,,-0.6444,none
2016-09-12,3271.870,3276.720,3234.570,3262.600,122917682,,,-1.6709,none
2016-09-13,3265.340,3269.220,3246.390,3260.330,67180288,,,-0.0696,none
2016-09-14,3245.740,3255.000,3231.340,3238.730,70432697,,,-0.6625,none
2016-09-19,3242.740,3264.900,3242.740,3263.120,58831082,,,0.7531,none
2016-09-20,3264.660,3265.040,3252.390,3257.400,52784206,,,-0.1753,none
2016-09-21,3257.710,3270.900,3254.320,3266.640,59142979,,,0.2837,none
2016-09-22,3281.470,3303.200,3277.980,3291.120,75753542,,,0.7494,none
2016-09-23,3292.280,3293.920,3275.020,3275.670,57993986,,,-0.4694,none
2016-09-26,3267.690,3267.690,3220.280,3220.280,70452186,,,-1.6910,none
2016-09-27,3214.870,3240.780,3214.440,3240.750,58460550,,,0.6357,none
2016-09-28,3243.650,3243.650,3228.000,3230.890,44727498,,,-0.3043,none
2016-09-29,3234.860,3257.770,3234.800,3244.390,55452556,,,0.4178,none
2016-09-30,3240.180,3260.940,3239.040,3253.280,44978022,,,0.2740,none
2016-10-10,3265.360,3294.640,3258.960,3293.870,80519260,,,1.2477,none
2016-10-11,3296.870,3308.000,3292.880,3306.560,87713163,,,0.3853,none
2016-10-12,3299.140,3302.560,3289.750,3300.010,68669781,,,-0.1981,none
2016-10-13,3299.160,3307.410,3292.400,3302.650,81224198,,,0.0800,none
2016-10-14,3298.730,3306.690,3285.730,3305.850,82316271,,,0.0969,none
2016-10-17,3305.960,3309.010,3271.540,3277.880,86113509,,,-0.8461,none
2016-10-18,3272.680,3321.330,3272.680,3321.330,102860714,,,1.3256,none
2016-10-19,3323.300,3332.520,3309.830,3316.240,101167725,,,-0.1533,none
2016-10-20,3317.180,3324.900,3312.170,3318.600,79238871,,,0.0712,none
2016-10-21,3315.720,3341.560,3309.180,3327.740,109785176,,,0.2754,none
2016-10-24,3332.510,3382.830,3330.970,3367.580,153014345,,,1.1972,none
2016-10-25,3367.480,3373.910,3356.590,3367.450,111191693,,,-0.0039,none
2016-10-26,3365.200,3367.830,3349.570,3354.800,98024786,,,-0.3757,none
2016-10-27,3351.460,3352.350,3335.130,3345.700,77629851,,,-0.2713,none
2016-10-28,3347.140,3370.750,3337.290,3340.130,93133309,,,-0.1665,none
2016-10-31,3332.410,3340.470,3317.330,3336.280,71352863,,,-0.1153,none
2016-11-01,3338.710,3359.390,3334.460,3359.050,74938199,,,0.6825,none
2016-11-02,3350.710,3356.400,3331.380,3333.350,91197104,,,-0.7651,none
2016-11-03,3326.900,3379.990,3324.840,3365.080,126223504,,,0.9519,none
2016-11-04,3362.210,3377.640,3348.430,3354.170,104069655,,,-0.3242,none
2016-11-07,3353.440,3362.740,3342.310,3356.590,99877988,,,0.0721,none
2016-11-08,3367.700,3383.920,3361.130,3371.120,103148282,,,0.4329,none
2016-11-09,3370.600,3373.100,3322.080,3353.050,139110059,,,-0.5360,none
2016-11-10,3374.910,3403.020,3374.910,3390.610,134705535,,,1.1202,none
2016-11-11,3387.950,3422.670,3382.890,3417.220,198781496,,,0.7848,none
2016-11-14,3409.220,3452.620,3408.140,3430.250,213247105,,,0.3813,none
2016-11-15,3428.870,3434.920,3415.990,3429.870,134566320,,,-0.0111,none
2016-11-16,3432.430,3435.640,3419.240,3429.590,129808511,,,-0.0082,none
2016-11-17,3423.470,3437.670,3412.880,3436.530,121561731,,,0.2024,none
2016-11-18,3437.490,3443.120,3413.270,3417.460,115951205,,,-0.5549,none
2016-11-21,3412.650,3463.140,3412.080,3441.110,146434529,,,0.6920,none
2016-11-22,3443.220,3469.220,3443.220,3468.360,168523446,,,0.7919,none
2016-11-23,3473.900,3492.960,3465.760,3474.730,162388504,,,0.1837,none
2016-11-24,3468.810,3508.160,3467.010,3488.740,145746301,,,0.4032,none
2016-11-25,3490.040,3521.300,3463.950,3521.300,153621506,,,0.9333,none
2016-11-28,3538.680,3553.360,3528.320,3535.080,207375483,,,0.3913,none
2016-11-29,3525.900,3583.720,3521.380,3564.040,236918356,,,0.8192,none
2016-11-30,3557.640,3567.070,3527.020,3538.000,178560178,,,-0.7306,none
2016-12-01,3543.960,3575.970,3543.250,3565.040,180170761,,,0.7643,none
2016-12-02,3559.770,3562.550,3516.790,3528.950,196355480,,,-1.0123,none
2016-12-05,3473.690,3496.880,3457.340,3469.410,180852355,,,-1.6872,none
2016-12-06,3466.240,3477.590,3456.810,3459.150,115529090,,,-0.2957,none
2016-12-07,3458.370,3475.750,3445.760,3475.750,114345103,,,0.4799,none
2016-12-08,3481.810,3484.340,3466.510,3470.140,117383922,,,-0.1614,none
2016-12-09,3464.870,3507.930,3461.760,3493.700,150303308,,,0.6789,none
2016-12-12,3489.270,3495.800,3400.790,3409.180,187467751,,,-2.4192,none
2016-12-13,3394.210,3416.210,3370.600,3405.040,121105097,,,-0.1214,none
2016-12-14,3399.410,3412.280,3378.270,3378.950,124007744,,,-0.7662,none
2016-12-15,3363.860,3378.040,3327.140,3340.430,114960660,,,-1.1400,none
2016-12-16,3335.360,3356.290,3330.490,3346.030,90775422,,,0.1676,none
2016-12-19,3342.340,3344.860,3325.000,3328.980,81640678,,,-0.5096,none
2016-12-20,3328.300,3329.100,3289.270,3309.060,87569592,,,-0.5984,none
2016-12-21,3313.750,3342.480,3313.750,3338.540,108254995,,,0.8909,none
2016-12-22,3335.120,3340.360,3322.720,3335.670,92277249,,,-0.0860,none
2016-12-23,3333.400,3334.890,3300.880,3307.600,97444713,,,-0.8415,none
2016-12-26,3293.220,3322.420,3267.050,3322.400,89793982,,,0.4475,none
2016-12-27,3319.210,3330.230,3315.830,3316.390,75486359,,,-0.1809,none
2016-12-28,3315.750,3320.550,3293.170,3301.890,69000437,,,-0.4372,none
2016-12-29,3297.040,3312.110,3288.100,3297.760,70087923,,,-0.1251,none
2016-12-30,3302.600,3313.550,3295.750,3310.080,71744116,,,0.3736,none
2017-01-03,3313.950,3345.260,3313.950,3342.230,86567896,,,0.9713,none
2017-01-04,3340.560,3369.570,3338.150,3368.310,90050827,,,0.7803,none
2017-01-05,3368.340,3373.410,3361.460,3367.790,88336357,,,-0.0154,none
2017-01-06,3366.850,3368.870,3346.890,3347.670,87459114,,,-0.5974,none
2017-01-09,3345.750,3366.220,3344.350,3363.900,83707942,,,0.4848,none
2017-01-10,3361.640,3370.510,3354.090,3358.270,83819160,,,-0.1674,none
2017-01-11,3355.800,3366.630,3334.300,3334.500,91071438,,,-0.7078,none
2017-01-12,3332.690,3343.130,3315.960,3317.620,81239135,,,-0.5062,none
2017-01-13,3317.960,3338.170,3309.370,3319.910,84180589,,,0.0690,none
2017-01-16,3314.150,3322.780,3264.210,3319.450,157779135,,,-0.0139,none
2017-01-17,3305.600,3327.380,3292.200,3326.360,69453328,,,0.2082,none
2017-01-18,3323.340,3350.960,3320.410,3339.370,70623227,,,0.3911,none
2017-01-19,3330.950,3346.500,3324.680,3329.290,66159808,,,-0.3019,none
2017-01-20,3326.980,3358.410,3326.370,3354.890,65300462,,,0.7689,none
2017-01-23,3359.050,3378.740,3355.850,3364.080,75557498,,,0.2739,none
2017-01-24,3363.140,3371.320,3355.900,3364.450,66194226,,,0.0110,none
2017-01-25,3361.660,3376.440,3357.220,3375.900,58376931,,,0.3403,none
2017-01-26,3378.260,3395.880,3378.260,3387.960,65316647,,,0.3572,none
2017-02-03,3390.930,3392.480,3362.570,3364.490,55188861,,,-0.6927,none
2017-02-06,3368.110,3381.330,3358.750,3373.210,68521360,,,0.2592,none
2017-02-07,3371.770,3376.710,3354.620,3365.680,63754462,,,-0.2232,none
2017-02-08,3361.780,3383.690,3347.430,3383.290,75402879,,,0.5232,none
2017-02-09,3381.900,3406.590,3379.790,3396.290,97558515,,,0.3842,none
2017-02-10,3398.320,3422.330,3398.030,3413.490,123768720,,,0.5064,none
2017-02-13,3416.920,3439.540,3416.870,3436.270,120144538,,,0.6674,none
2017-02-14,3438.510,3440.670,3424.400,3435.800,94809465,,,-0.0137,none
2017-02-15,3435.390,3448.030,3417.080,3421.710,127643338,,,-0.4101,none
2017-02-16,3421.830,3440.930,3418.350,3440.930,108276962,,,0.5617,none
2017-02-17,3443.620,3457.560,3419.610,3421.440,114600036,,,-0.5664,none
2017-02-20,3421.640,3472.600,3421.640,3471.390,132628862,,,1.4599,none
2017-02-21,3475.060,3490.090,3472.020,3482.820,114842009,,,0.3293,none
2017-02-22,3483.200,3489.950,3473.520,3489.760,102815994,,,0.1993,none
2017-02-23,3487.570,3492.960,3460.120,3473.320,99536330,,,-0.4711,none
2017-02-24,3468.960,3473.850,3455.250,3473.850,95535133,,,0.0153,none
2017-02-27,3471.130,3472.840,3441.390,3446.220,98672160,,,-0.7954,none
2017-02-28,3445.030,3460.910,3441.360,3452.810,75215260,,,0.1912,none
2017-03-01,3452.210,3472.700,3449.110,3458.440,103260354,,,0.1631,none
2017-03-02,3463.480,3468.470,3434.000,3435.100,89898077,,,-0.6749,none
2017-03-03,3424.660,3428.880,3412.830,3427.860,80994652,,,-0.2108,none
2017-03-06,3427.250,3449.030,3425.900,3446.480,83070882,,,0.5432,none
2017-03-07,3446.160,3454.040,3440.060,3453.960,80334720,,,0.2170,none
2017-03-08,3452.200,3457.040,3441.260,3448.730,79587690,,,-0.1514,none
2017-03-09,3442.900,3443.050,3414.680,3426.940,84570381,,,-0.6318,none
2017-03-10,3423.980,3436.240,3423.940,3427.890,70016199,,,0.0277,none
2017-03-13,3425.670,3458.100,3412.690,3458.100,91684124,,,0.8813,none
2017-03-14,3456.660,3465.390,3448.900,3456.690,77077963,,,-0.0408,none
2017-03-15,3452.210,3463.920,3445.270,3463.640,79104954,,,0.2011,none
2017-03-16,3472.270,3492.130,3472.270,3481.510,106333913,,,0.5159,none
2017-03-17,3485.310,3488.500,3441.470,3445.810,103755560,,,-1.0254,none
2017-03-20,3449.050,3454.060,3429.830,3449.610,88734322,,,0.1103,none
2017-03-21,3449.770,3466.700,3445.640,3466.350,87707855,,,0.4853,none
2017-03-22,3450.750,3464.330,3433.500,3450.050,104935894,,,-0.4702,none
2017-03-23,3452.410,3470.820,3435.690,3461.980,94318062,,,0.3458,none
2017-03-24,3464.200,3499.320,3461.110,3489.600,125645833,,,0.7978,none
2017-03-27,3488.760,3505.980,3474.520,3478.040,107015377,,,-0.3313,none
2017-03-28,3480.250,3482.290,3461.470,3469.810,84194820,,,-0.2366,none
2017-03-29,3472.970,3483.060,3455.550,3465.190,104851706,,,-0.1331,none
2017-03-30,3461.620,3467.300,3422.370,3436.760,116376922,,,-0.8204,none
2017-03-31,3434.820,3456.310,3430.820,3456.050,91577491,,,0.5613,none
2017-04-05,3476.420,3504.540,3475.150,3503.890,143399017,,,1.3842,none
2017-04-06,3507.990,3517.780,3495.720,3514.050,136767004,,,0.2900,none
2017-04-07,3514.450,3526.810,3506.390,3517.460,140293204,,,0.0970,none
2017-04-10,3519.460,3522.800,3502.080,3505.140,141887380,,,-0.3503,none
2017-04-11,3503.830,3520.130,3466.140,3517.330,165945832,,,0.3478,none
2017-04-12,3514.570,3523.100,3498.000,3509.440,181824537,,,-0.2243,none
2017-04-13,3500.280,3518.440,3496.570,3514.570,129981813,,,0.1462,none
2017-04-14,3516.810,3517.470,3476.950,3486.500,135474078,,,-0.7987,none
2017-04-17,3475.740,3480.570,3453.680,3479.940,117164961,,,-0.1882,none
2017-04-18,3474.890,3489.080,3462.630,3462.740,110927823,,,-0.4943,none
2017-04-19,3452.990,3459.350,3418.510,3445.880,121349264,,,-0.4869,none
2017-04-20,3444.520,3465.610,3440.720,3461.550,114184208,,,0.4547,none
2017-04-21,3461.390,3475.560,3449.540,3466.790,104419110,,,0.1514,none
2017-04-24,3458.230,3458.230,3403.980,3431.260,114660791,,,-1.0249,none
2017-04-25,3427.730,3449.670,3422.650,3440.970,94072148,,,0.2830,none
2017-04-26,3440.250,3466.570,3439.150,3445.180,111940029,,,0.1223,none
2017-04-27,3435.100,3449.270,3399.540,3446.720,123298425,,,0.0447,none
2017-04-28,3439.570,3439.900,3417.240,3439.750,101632351,,,-0.2022,none
2017-05-02,3427.920,3436.310,3418.670,3426.580,92797462,,,-0.3829,none
2017-05-03,3421.760,3432.220,3403.080,3413.130,91669624,,,-0.3925,none
2017-05-04,3404.940,3421.400,3391.280,3404.390,103482075,,,-0.2561,none
2017-05-05,3393.480,3395.450,3366.560,3382.550,109895333,,,-0.6415,none
2017-05-08,3369.110,3374.160,3339.570,3358.810,123749287,,,-0.7018,none
2017-05-09,3342.600,3358.050,3327.590,3352.530,76771668,,,-0.1870,none
2017-05-10,3350.650,3369.430,3336.000,3337.700,92082628,,,-0.4424,none
2017-05-11,3322.950,3359.600,3312.890,3356.650,109252890,,,0.5678,none
2017-05-12,3350.940,3387.270,3349.170,3385.380,93386466,,,0.8559,none
2017-05-15,3391.590,3406.580,3391.590,3399.190,82977611,,,0.4079,none
2017-05-16,3390.930,3428.850,3373.550,3428.650,105242416,,,0.8667,none
2017-05-17,3423.190,3433.970,3408.150,3409.970,99736837,,,-0.5448,none
2017-05-18,3387.670,3409.930,3383.940,3398.110,85759589,,,-0.3478,none
2017-05-19,3395.230,3405.940,3392.380,3403.850,71473525,,,0.1689,none
2017-05-22,3400.590,3424.180,3391.170,3411.240,92539559,,,0.2171,none
2017-05-23,3405.030,3434.770,3401.530,3424.190,116911033,,,0.3796,none
2017-05-24,3409.720,3424.170,3383.890,3424.170,83553161,,,-0.0006,none
2017-05-25,3414.400,3490.420,3413.220,3485.660,130721631,,,1.7958,none
2017-05-26,3479.620,3498.310,3473.040,3480.430,103241153,,,-0.1500,none
2017-05-31,3495.070,3515.080,3474.920,3492.880,104829744,,,0.3577,none
2017-06-01,3485.220,3499.810,3476.430,3497.740,103127724,,,0.1391,none
2017-06-02,3491.590,3498.120,3470.200,3486.510,82668010,,,-0.3211,none
2017-06-05,3480.170,3484.120,3462.310,3468.750,79738152,,,-0.5094,none
2017-06-06,3464.380,3492.880,3460.450,3492.880,64089388,,,0.6956,none
2017-06-07,3493.880,3537.090,3491.130,3533.870,104419968,,,1.1735,none
2017-06-08,3531.240,3562.270,3528.180,3560.980,90224905,,,0.7671,none
2017-06-09,3561.240,3590.890,3560.630,3576.170,101188265,,,0.4266,none
2017-06-12,3570.220,3603.690,3565.900,3574.390,90381167,,,-0.0498,none
2017-06-13,3569.160,3584.410,3559.210,3582.270,75177138,,,0.2205,none
2017-06-14,3571.250,3571.250,3530.270,3535.300,83810783,,,-1.3112,none
2017-06-15,3530.750,3542.280,3508.950,3528.790,82632535,,,-0.1841,none
2017-06-16,3522.970,3536.140,3514.390,3518.760,76452707,,,-0.2842,none
2017-06-19,3520.060,3554.910,3520.060,3553.670,79797141,,,0.9921,none
2017-06-20,3560.790,3563.700,3539.510,3546.490,80509559,,,-0.2020,none
2017-06-21,3567.130,3587.990,3545.570,3587.960,87859824,,,1.1693,none
2017-06-22,3583.560,3635.530,3581.340,3590.340,135526987,,,0.0663,none
2017-06-23,3583.440,3623.240,3569.320,3622.880,105129134,,,0.9063,none
2017-06-26,3627.020,3671.940,3627.020,3668.090,134637995,,,1.2479,none
2017-06-27,3665.580,3676.530,3648.760,3674.720,97558702,,,0.1807,none
2017-06-28,3664.160,3672.190,3644.030,3646.170,97920858,,,-0.7769,none
2017-06-29,3649.250,3669.130,3644.730,3668.830,85589498,,,0.6215,none
2017-06-30,3654.730,3669.760,3646.230,3666.800,81510028,,,-0.0553,none
2017-07-03,3667.230,3667.600,3633.780,3650.850,88820860,,,-0.4350,none
2017-07-04,3646.830,3646.850,3611.690,3619.980,95071413,,,-0.8456,none
2017-07-05,3611.900,3660.730,3610.460,3659.680,88232425,,,1.0967,none
2017-07-06,3654.560,3666.770,3629.560,3660.100,102379245,,,0.0115,none
2017-07-07,3647.640,3657.110,3631.870,3655.930,103735497,,,-0.1139,none
2017-07-10,3647.940,3667.850,3641.530,3653.690,120591910,,,-0.0613,none
2017-07-11,3646.880,3701.210,3645.990,3670.810,118760826,,,0.4686,none
2017-07-12,3672.630,3691.580,3640.590,3658.820,122287792,,,-0.3266,none
2017-07-13,3656.350,3690.480,3652.570,3686.920,125669549,,,0.7680,none
2017-07-14,3682.620,3703.090,3672.740,3703.090,105514005,,,0.4386,none
2017-07-17,3700.620,3716.470,3621.370,3663.560,178821600,,,-1.0675,none
2017-07-18,3648.490,3667.540,3622.040,3667.180,124622056,,,0.0988,none
2017-07-19,3660.870,3731.050,3658.200,3729.750,182477787,,,1.7062,none
2017-07-20,3725.140,3750.190,3723.070,3747.880,142410039,,,0.4861,none
2017-07-21,3738.180,3751.690,3722.070,3728.600,117941226,,,-0.5144,none
2017-07-24,3724.380,3755.190,3719.850,3743.470,134868722,,,0.3988,none
2017-07-25,3742.640,3752.160,3713.280,3719.560,121672059,,,-0.6387,none
2017-07-26,3722.880,3738.530,3684.180,3705.390,136325210,,,-0.3810,none
2017-07-27,3700.860,3716.690,3672.500,3712.190,145002904,,,0.1835,none
2017-07-28,3703.490,3725.540,3696.780,3721.890,111411392,,,0.2613,none
2017-07-31,3722.430,3746.520,3713.660,3737.870,148429039,,,0.4294,none
2017-08-01,3738.740,3770.400,3737.100,3770.380,152546539,,,0.8697,none
2017-08-02,3768.190,3784.350,3759.280,3760.850,172293383,,,-0.2528,none
2017-08-03,3755.110,3766.350,3718.440,3727.830,146153944,,,-0.8780,none
2017-08-04,3724.720,3738.730,3707.000,3707.580,157470060,,,-0.5432,none
2017-08-07,3701.220,3730.780,3689.960,3726.790,124231530,,,0.5181,none
2017-08-08,3724.330,3737.330,3718.810,3732.210,137241928,,,0.1454,none
2017-08-09,3728.030,3739.000,3713.570,3731.040,124679989,,,-0.0313,none
2017-08-10,3724.960,3746.860,3688.180,3715.920,130085128,,,-0.4052,none
2017-08-11,3687.930,3700.490,3645.090,3647.350,150387421,,,-1.8453,none
2017-08-14,3651.380,3698.370,3651.380,3694.680,115308451,,,1.2977,none
2017-08-15,3695.780,3719.290,3692.280,3706.060,106444857,,,0.3080,none
2017-08-16,3701.130,3707.140,3679.730,3701.420,104134141,,,-0.1252,none
2017-08-17,3707.070,3722.620,3704.410,3721.280,108656251,,,0.5366,none
2017-08-18,3707.190,3733.490,3700.410,3724.670,96561705,,,0.0911,none
2017-08-21,3731.840,3744.260,3728.620,3740.990,100313073,,,0.4382,none
2017-08-22,3745.750,3758.290,3734.560,3752.300,100292856,,,0.3023,none
2017-08-23,3747.610,3772.460,3741.720,3756.090,104961573,,,0.1010,none
2017-08-24,3755.890,3765.710,3729.090,3734.650,89947372,,,-0.5708,none
2017-08-25,3736.290,3795.970,3736.290,3795.750,129940900,,,1.6360,none
2017-08-28,3805.660,3866.940,3805.660,3842.710,185576325,,,1.2372,none
2017-08-29,3839.180,3847.930,3825.760,3834.540,128227070,,,-0.2126,none
2017-08-30,3834.270,3854.710,3827.860,3834.300,141352857,,,-0.0063,none
2017-08-31,3835.840,3840.200,3800.890,3822.090,132944935,,,-0.3184,none
2017-09-01,3825.340,3843.620,3818.160,3830.540,158645511,,,0.2211,none
2017-09-04,3828.540,3847.090,3813.550,3845.620,149566320,,,0.3937,none
2017-09-05,3845.550,3865.290,3841.950,3857.050,124964155,,,0.2972,none
2017-09-06,3846.750,3858.250,3831.380,3849.450,131398723,,,-0.1970,none
2017-09-07,3851.690,3858.160,3828.830,3829.870,123884181,,,-0.5086,none
2017-09-08,3830.070,3843.020,3813.980,3825.990,106036504,,,-0.1013,none
2017-09-11,3828.340,3850.740,3817.510,3825.650,123883997,,,-0.0089,none
2017-09-12,3832.240,3849.390,3822.000,3837.930,144190242,,,0.3210,none
2017-09-13,3835.550,3847.780,3822.940,3842.610,95410785,,,0.1219,none
2017-09-14,3843.570,3854.490,3820.090,3829.960,115358583,,,-0.3292,none
2017-09-15,3826.140,3843.300,3818.520,3831.300,122427006,,,0.0350,none
2017-09-18,3832.960,3862.360,3832.960,3843.140,117934405,,,0.3090,none
2017-09-19,3849.880,3857.300,3820.290,3832.120,112432987,,,-0.2867,none
2017-09-20,3830.150,3850.940,3827.890,3842.440,101129542,,,0.2693,none
2017-09-21,3843.260,3860.800,3837.380,3837.820,111098192,,,-0.1202,none
2017-09-22,3826.460,3842.250,3816.820,3837.730,100619802,,,-0.0023,none
2017-09-25,3829.220,3835.390,3811.120,3817.790,103948976,,,-0.5196,none
2017-09-26,3810.330,3821.690,3808.380,3820.780,81869407,,,0.0783,none
2017-09-27,3818.960,3832.570,3818.810,3821.200,85655811,,,0.0110,none
2017-09-28,3821.590,3827.330,3813.750,3822.540,93544069,,,0.0351,none
2017-09-29,3825.200,3852.220,3825.200,3836.500,93306028,,,0.3652,none
2017-10-09,3910.110,3918.840,3876.030,3882.210,135535851,,,1.1915,none
2017-10-10,3883.000,3900.740,3855.470,3889.860,112532586,,,0.1971,none
2017-10-11,3886.820,3913.070,3885.500,3902.690,104418151,,,0.3298,none
2017-10-12,3902.020,3917.440,3897.550,3912.950,94340921,,,0.2629,none
2017-10-13,3912.980,3927.170,3908.890,3921.000,90142068,,,0.2057,none
2017-10-16,3926.280,3947.420,3913.320,3913.450,121355033,,,-0.1926,none
2017-10-17,3910.790,3924.610,3900.480,3913.070,82241227,,,-0.0097,none
2017-10-18,3914.820,3944.410,3914.820,3944.160,100969841,,,0.7945,none
2017-10-19,3940.580,3944.030,3923.650,3931.250,106527252,,,-0.3273,none
2017-10-20,3918.530,3928.960,3910.200,3926.850,72980180,,,-0.1119,none
2017-10-23,3930.890,3936.270,3920.660,3930.800,81484980,,,0.1006,none
2017-10-24,3926.230,3959.500,3922.030,3959.400,93058154,,,0.7276,none
2017-10-25,3958.170,3978.090,3954.000,3976.950,88205458,,,0.4432,none
2017-10-26,3980.050,4013.600,3973.550,3993.580,129895465,,,0.4182,none
2017-10-27,3992.550,4024.460,3991.350,4021.970,126672846,,,0.7109,none
2017-10-30,4022.160,4033.340,3960.270,4009.720,157387603,,,-0.3046,none
2017-10-31,3995.390,4009.280,3983.260,4006.720,109178779,,,-0.0748,none
2017-11-01,4007.910,4032.460,3991.320,3996.620,130417380,,,-0.2521,none
2017-11-02,3994.090,3999.230,3971.380,3997.130,126100579,,,0.0128,none
2017-11-03,3992.350,3999.340,3963.030,3992.700,129404439,,,-0.1108,none
2017-11-06,3989.180,4021.640,3975.410,4020.890,122081159,,,0.7060,none
2017-11-07,4022.400,4064.220,4021.360,4054.250,152116663,,,0.8297,none
2017-11-08,4051.490,4089.150,4040.580,4048.010,150827719,,,-0.1539,none
2017-11-09,4043.070,4076.610,4038.400,4075.900,121056335,,,0.6890,none
2017-11-10,4070.280,4116.710,4067.660,4111.910,141817165,,,0.8835,none
2017-11-13,4115.550,4137.650,4115.550,4128.070,151446309,,,0.3930,none
2017-11-14,4129.270,4133.550,4086.890,4099.350,143236936,,,-0.6957,none
2017-11-15,4084.210,4102.810,4055.720,4073.670,120635696,,,-0.6264,none
2017-11-16,4063.490,4107.620,4062.270,4105.010,121384414,,,0.7693,none
2017-11-17,4094.080,4122.380,4081.370,4120.850,191784119,,,0.3859,none
2017-11-20,4093.730,4144.510,4060.960,4143.830,137447258,,,0.5577,none
2017-11-21,4131.850,4220.260,4129.980,4217.700,180350821,,,1.7827,none
2017-11-22,4228.370,4260.640,4191.150,4227.570,186477003,,,0.2340,none
2017-11-23,4213.380,4214.190,4086.900,4102.400,178147228,,,-2.9608,none
2017-11-24,4089.470,4116.590,4057.490,4104.200,130858040,,,0.0439,none
2017-11-27,4088.930,4088.930,4037.150,4049.950,143455268,,,-1.3218,none
2017-11-28,4034.210,4056.480,4010.300,4055.820,102058095,,,0.1449,none
2017-11-29,4061.350,4069.240,4004.690,4053.750,124553642,,,-0.0510,none
2017-11-30,4034.010,4052.800,3988.000,4006.100,107983345,,,-1.1755,none
2017-12-01,4003.560,4027.110,3984.380,3998.140,97386913,,,-0.1987,none
2017-12-04,3989.050,4032.990,3982.320,4018.860,102647219,,,0.5182,none
2017-12-05,4007.940,4045.930,4006.540,4040.170,154087076,,,0.5302,none
2017-12-06,4027.120,4031.750,3964.810,4015.820,109286205,,,-0.6027,none
2017-12-07,4003.580,4017.950,3955.990,3971.060,90254045,,,-1.1146,none
2017-12-08,3962.830,4014.140,3955.440,4003.380,89282861,,,0.8139,none
2017-12-11,4006.880,4069.500,4005.270,4069.500,97148946,,,1.6516,none
2017-12-12,4068.510,4070.150,4015.450,4016.020,84338718,,,-1.3142,none
2017-12-13,4013.830,4052.690,4004.740,4050.090,77546131,,,0.8484,none
2017-12-14,4050.900,4057.620,4013.850,4026.150,80768862,,,-0.5911,none
2017-12-15,4018.730,4020.270,3974.930,3980.860,89044389,,,-1.1249,none
2017-12-18,3983.300,4008.070,3967.930,3985.290,77853375,,,0.1113,none
2017-12-19,3985.820,4035.630,3985.820,4035.330,77528985,,,1.2556,none
2017-12-20,4036.020,4044.850,4015.630,4030.490,90604503,,,-0.1199,none
2017-12-21,4023.080,4080.780,4014.650,4067.850,96836089,,,0.9269,none
2017-12-22,4064.910,4076.800,4048.490,4054.600,73473684,,,-0.3257,none
2017-12-25,4057.420,4086.930,4026.450,4041.540,91926962,,,-0.3221,none
2017-12-26,4040.620,4056.860,4015.300,4053.620,91118790,,,0.2989,none
2017-12-27,4045.280,4047.740,3986.740,3991.210,105153577,,,-1.5396,none
2017-12-28,3993.000,4036.700,3980.240,4018.900,118542886,,,0.6938,none
2017-12-29,4022.880,4043.140,4012.880,4030.850,90486683,,,0.2973,none
2018-01-02,4045.210,4087.780,4045.210,4087.400,146935435,,,1.4029,none
2018-01-03,4091.460,4140.050,4088.730,4111.390,151852218,,,0.5869,none
2018-01-04,4114.120,4137.640,4105.890,4128.810,134543794,,,0.4237,none
2018-01-05,4133.340,4151.280,4123.280,4138.750,149009872,,,0.2407,none
2018-01-08,4140.850,4166.320,4127.310,4160.160,173877666,,,0.5173,none
2018-01-09,4157.540,4191.280,4153.500,4189.300,139034294,,,0.7005,none
2018-01-10,4187.200,4211.050,4175.140,4207.810,151121666,,,0.4418,none
2018-01-11,4197.110,4211.800,4181.960,4205.590,121578539,,,-0.0528,none
2018-01-12,4205.140,4227.390,4199.020,4225.000,111354794,,,0.4615,none
2018-01-15,4229.840,4262.930,4216.360,4225.240,170907897,,,0.0057,none
2018-01-16,4215.620,4260.210,4213.130,4258.470,161494963,,,0.7865,none
2018-01-17,4261.780,4283.340,4230.540,4248.120,214311032,,,-0.2430,none
2018-01-18,4259.380,4292.640,4246.680,4271.420,172032846,,,0.5485,none
2018-01-19,4281.940,4316.570,4269.620,4285.400,209490570,,,0.3273,none
2018-01-22,4276.480,4338.480,4275.900,4336.600,174643195,,,1.1948,none
2018-01-23,4346.890,4383.570,4346.790,4382.610,201867585,,,1.0610,none
2018-01-24,4389.450,4397.820,4349.090,4389.890,219818889,,,0.1661,none
2018-01-25,4381.980,4392.200,4336.240,4365.080,195374950,,,-0.5652,none
2018-01-26,4352.220,4403.340,4351.490,4381.300,177227237,,,0.3716,none
2018-01-29,4387.060,4395.910,4287.110,4302.020,191100354,,,-1.8095,none
2018-01-30,4286.680,4308.510,4251.570,4256.100,139034730,,,-1.0674,none
2018-01-31,4234.110,4287.860,4232.770,4275.900,145210164,,,0.4652,none
2018-02-01,4276.340,4287.390,4214.290,4245.900,190002934,,,-0.7016,none
2018-02-02,4213.940,4271.760,4181.780,4271.230,146066827,,,0.5966,none
2018-02-05,4204.460,4274.150,4200.140,4274.150,161347799,,,0.0684,none
2018-02-06,4182.330,4211.520,4131.560,4148.890,214910450,,,-2.9306,none
2018-02-07,4205.740,4212.570,4048.420,4050.500,203127493,,,-2.3715,none
2018-02-08,4022.880,4071.670,3974.680,4012.050,159269985,,,-0.9493,none
2018-02-09,3896.170,3911.290,3759.150,3840.650,206349828,,,-4.2721,none
2018-02-12,3846.270,3907.840,3828.070,3890.100,116182637,,,1.2875,none
2018-02-13,3925.600,3986.980,3925.600,3935.630,112565885,,,1.1704,none
2018-02-14,3945.090,3971.400,3923.130,3966.960,71081338,,,0.7961,none
2018-02-22,4020.970,4058.790,4009.920,4052.730,105811571,,,2.1621,none
2018-02-23,4061.750,4085.200,4035.230,4071.090,99458746,,,0.4530,none
2018-02-26,4093.400,4128.740,4048.980,4118.420,137881001,,,1.1626,none
2018-02-27,4120.870,4120.870,4051.810,4058.980,125934470,,,-1.4433,none
2018-02-28,4016.790,4051.710,3991.710,4023.640,109343593,,,-0.8707,none
2018-03-01,3994.870,4061.030,3986.890,4049.090,110199852,,,0.6325,none
2018-03-02,4014.950,4044.420,4006.940,4016.460,96165000,,,-0.8059,none
2018-03-05,4021.660,4042.830,3995.870,4018.100,87952548,,,0.0408,none
2018-03-06,4034.990,4067.550,3998.930,4066.560,138762444,,,1.2060,none
2018-03-07,4063.500,4089.700,4027.940,4036.650,106952426,,,-0.7355,none
2018-03-08,4038.950,4078.230,4029.710,4077.600,91155810,,,1.0145,none
2018-03-09,4088.070,4110.670,4076.450,4108.870,113701808,,,0.7669,none
2018-03-12,4130.710,4139.530,4112.770,4127.670,140906739,,,0.4575,none
2018-03-13,4124.330,4130.280,4087.560,4091.250,111766430,,,-0.8823,none
2018-03-14,4076.060,4089.090,4066.490,4073.340,99013409,,,-0.4378,none
2018-03-15,4058.710,4098.990,4058.710,4096.160,88161156,,,0.5602,none
2018-03-16,4096.890,4110.040,4055.820,4056.420,84896188,,,-0.9702,none
2018-03-19,4054.620,4074.520,4033.520,4074.250,81502882,,,0.4396,none
2018-03-20,4045.740,4080.190,4040.310,4077.700,80605280,,,0.0847,none
2018-03-21,4097.020,4110.120,4046.240,4061.050,97609488,,,-0.4083,none
2018-03-22,4062.070,4072.380,4003.720,4020.350,89095259,,,-1.0022,none
2018-03-23,3896.740,3928.510,3834.940,3904.940,180080449,,,-2.8706,none
2018-03-26,3862.690,3883.900,3829.920,3879.890,115139128,,,-0.6415,none
2018-03-27,3927.490,3936.780,3881.870,3913.270,113700711,,,0.8603,none
2018-03-28,3865.050,3907.280,3835.880,3842.720,101494908,,,-1.8028,none
2018-03-29,3854.590,3913.960,3794.260,3894.050,116629066,,,1.3358,none
2018-03-30,3893.750,3915.350,3879.210,3898.500,97512270,,,0.1143,none
2018-04-02,3897.010,3937.020,3882.890,3886.920,111242666,,,-0.2970,none
2018-04-03,3850.150,3878.150,3839.930,3862.480,95137369,,,-0.6288,none
2018-04-04,3873.630,3898.610,3852.500,3854.860,88730609,,,-0.1973,none
2018-04-09,3851.950,3870.670,3827.410,3852.930,84105462,,,-0.0501,none
2018-04-10,3860.720,3927.420,3851.800,3927.170,106173722,,,1.9268,none
2018-04-11,3934.170,3958.710,3924.960,3938.340,111933021,,,0.2844,none
2018-04-12,3935.670,3937.780,3896.180,3898.640,82699490,,,-1.0080,none
2018-04-13,3920.740,3929.950,3866.190,3871.140,71544203,,,-0.7054,none
2018-04-16,3862.470,3869.160,3789.610,3808.860,99217770,,,-1.6088,none
2018-04-17,3812.870,3822.630,3745.440,3748.640,90610790,,,-1.5811,none
2018-04-18,3785.310,3789.660,3708.110,3766.280,106676706,,,0.4706,none
2018-04-19,3774.780,3824.030,3767.800,3811.840,99054060,,,1.2097,none
2018-04-20,3801.210,3815.440,3750.100,3760.850,99282925,,,-1.3377,none
2018-04-23,3754.690,3787.400,3735.180,3766.330,90356291,,,0.1457,none
2018-04-24,3769.880,3854.430,3769.880,3843.490,114219525,,,2.0487,none
2018-04-25,3824.590,3838.690,3817.030,3828.700,78172612,,,-0.3848,none
2018-04-26,3823.390,3828.710,3744.890,3755.490,87150641,,,-1.9121,none
2018-04-27,3771.040,3776.980,3714.640,3756.880,89531726,,,0.0370,none
2018-05-02,3769.930,3787.300,3744.550,3763.650,83301035,,,0.1802,none
2018-05-03,3756.170,3797.530,3732.370,3793.000,93961118,,,0.7798,none
2018-05-04,3784.320,3801.520,3770.940,3774.600,71554288,,,-0.4851,none
2018-05-07,3782.540,3834.590,3776.030,3834.190,87286195,,,1.5787,none
2018-05-08,3834.610,3892.070,3833.730,3878.680,94215157,,,1.1603,none
2018-05-09,3876.130,3878.940,3855.740,3871.620,66712966,,,-0.1820,none
2018-05-10,3882.840,3894.490,3867.310,3893.060,70667809,,,0.5538,none
2018-05-11,3902.150,3903.340,3871.950,3872.840,73356604,,,-0.5194,none
2018-05-14,3886.870,3919.300,3886.870,3909.290,81975999,,,0.9412,none
2018-05-15,3920.140,3924.340,3892.920,3924.100,76049555,,,0.3788,none
2018-05-16,3909.820,3923.340,3889.190,3892.840,71913646,,,-0.7966,none
2018-05-17,3895.490,3899.510,3858.850,3864.050,59030123,,,-0.7396,none
2018-05-18,3860.160,3903.060,3841.900,3903.060,72613956,,,1.0096,none
2018-05-21,3925.540,3937.460,3913.600,3921.240,92641737,,,0.4658,none
2018-05-22,3918.820,3918.820,3881.170,3906.210,75368778,,,-0.3833,none
2018-05-23,3898.270,3898.270,3854.580,3854.580,83722319,,,-1.3217,none
2018-05-24,3853.290,3859.100,3823.920,3827.220,68345022,,,-0.7098,none
2018-05-25,3823.740,3841.120,3804.140,3816.500,70836386,,,-0.2801,none
2018-05-28,3816.260,3846.550,3799.320,3833.260,71521132,,,0.4391,none
2018-05-29,3824.190,3841.780,3800.670,3804.010,81552662,,,-0.7631,none
2018-05-30,3755.180,3767.890,3722.070,3723.370,87913285,,,-2.1199,none
2018-05-31,3749.300,3804.790,3742.530,3802.380,92666894,,,2.1220,none
2018-06-01,3789.670,3802.540,3753.840,3770.590,77821813,,,-0.8361,none
2018-06-04,3785.190,3813.410,3776.620,3807.580,76624341,,,0.9810,none
2018-06-05,3811.290,3845.560,3800.930,3845.320,78687360,,,0.9912,none
2018-06-06,3839.680,3848.330,3830.900,3837.350,73117237,,,-0.2073,none
2018-06-07,3846.940,3859.850,3827.690,3831.010,80256147,,,-0.1652,none
2018-06-08,3819.450,3819.460,3759.270,3779.620,83337335,,,-1.3414,none
2018-06-11,3770.210,3792.550,3756.510,3779.980,68709834,,,0.0095,none
2018-06-12,3783.190,3830.470,3765.260,3825.950,73206244,,,1.2161,none
2018-06-13,3814.620,3817.450,3782.070,3788.340,66377970,,,-0.9830,none
2018-06-14,3774.640,3808.160,3759.250,3773.370,68471322,,,-0.3952,none
2018-06-15,3763.040,3780.340,3737.430,3753.430,85488893,,,-0.5284,none
2018-06-19,3702.670,3712.820,3583.020,3621.120,160706542,,,-3.5250,none
2018-06-20,3602.550,3649.340,3578.170,3635.440,86718098,,,0.3955,none
2018-06-21,3633.560,3673.560,3589.490,3592.970,93908552,,,-1.1682,none
2018-06-22,3567.890,3609.080,3542.460,3608.900,75117864,,,0.4434,none
2018-06-25,3625.800,3631.030,3559.030,3560.480,79877078,,,-1.3417,none
2018-06-26,3521.590,3541.780,3478.210,3531.110,84985269,,,-0.8249,none
2018-06-27,3525.130,3537.660,3441.780,3459.260,81491817,,,-2.0348,none
2018-06-28,3434.940,3477.060,3416.950,3423.530,75918051,,,-1.0329,none
2018-06-29,3431.960,3512.380,3425.220,3510.980,77257031,,,2.5544,none
2018-07-02,3504.460,3506.900,3383.500,3407.960,84351449,,,-2.9342,none
2018-07-03,3410.480,3422.040,3319.290,3409.280,95278693,,,0.0387,none
2018-07-04,3398.780,3418.330,3359.090,3363.750,75157997,,,-1.3355,none
2018-07-05,3365.550,3398.490,3330.710,3342.440,81587981,,,-0.6335,none
2018-07-06,3347.060,3396.250,3295.730,3365.120,86097579,,,0.6785,none
2018-07-09,3378.910,3459.320,3378.910,3459.180,76601545,,,2.7951,none
2018-07-10,3464.910,3474.140,3437.270,3467.520,69548823,,,0.2411,none
2018-07-11,3398.930,3427.570,3375.140,3407.530,72040950,,,-1.7301,none
2018-07-12,3403.330,3499.100,3403.330,3481.060,96353564,,,2.1579,none
2018-07-13,3488.500,3499.760,3474.910,3492.690,72955897,,,0.3341,none
2018-07-16,3488.970,3506.240,3459.730,3472.090,68281999,,,-0.5898,none
2018-07-17,3466.420,3467.190,3420.970,3449.380,61983076,,,-0.6541,none
2018-07-18,3456.610,3479.260,3430.160,3431.320,66530330,,,-0.5236,none
2018-07-19,3444.800,3466.510,3417.960,3428.340,68477716,,,-0.0868,none
2018-07-20,3426.460,3505.930,3398.950,3492.890,101984727,,,1.8828,none
2018-07-23,3471.860,3527.530,3464.650,3525.750,119036627,,,0.9408,none
2018-07-24,3530.660,3596.510,3530.660,3581.710,156912435,,,1.5872,none
2018-07-25,3589.510,3589.980,3566.310,3577.750,96758501,,,-0.1106,none
2018-07-26,3583.320,3593.920,3528.640,3536.250,90349641,,,-1.1599,none
2018-07-27,3533.770,3545.410,3512.700,3521.230,70178104,,,-0.4247,none
2018-07-30,3520.850,3550.900,3489.550,3515.080,82116995,,,-0.1747,none
2018-07-31,3510.470,3528.150,3493.150,3517.660,67980817,,,0.0734,none
2018-08-01,3530.030,3543.610,3446.780,3447.390,90348617,,,-1.9976,none
2018-08-02,3434.350,3434.350,3322.100,3370.960,101308727,,,-2.2170,none
2018-08-03,3366.660,3381.340,3315.200,3315.280,70796910,,,-1.6518,none
2018-08-06,3312.820,3344.250,3257.690,3273.270,77975083,,,-1.2672,none
2018-08-07,3284.980,3368.960,3263.500,3368.870,91783916,,,2.9206,none
2018-08-08,3362.150,3368.160,3311.770,3314.510,79284865,,,-1.6136,none
2018-08-09,3303.480,3408.390,3299.620,3397.530,91957572,,,2.5047,none
2018-08-10,3398.410,3424.040,3380.570,3405.020,68967299,,,0.2205,none
2018-08-13,3369.980,3396.190,3336.700,3390.340,76191532,,,-0.4311,none
2018-08-14,3386.480,3391.730,3356.610,3372.910,60651446,,,-0.5141,none
2018-08-15,3371.960,3372.140,3288.710,3291.980,68174055,,,-2.3994,none
2018-08-16,3251.860,3315.200,3231.560,3276.730,76547366,,,-0.4632,none
2018-08-17,3305.900,3311.570,3224.100,3229.620,67395413,,,-1.4377,none
2018-08-20,3238.220,3267.250,3209.010,3267.250,70904228,,,1.1652,none
2018-08-21,3271.840,3331.710,3270.030,3326.650,75205583,,,1.8180,none
2018-08-22,3328.970,3328.970,3299.390,3307.950,50787057,,,-0.5621,none
2018-08-23,3308.460,3336.110,3285.810,3320.030,61112334,,,0.3652,none
2018-08-24,3308.480,3353.040,3291.870,3325.330,63765897,,,0.1596,none
2018-08-27,3339.390,3406.570,3339.260,3406.570,94270082,,,2.4431,none
2018-08-28,3408.150,3416.590,3388.810,3400.170,75445363,,,-0.1879,none
2018-08-29,3393.050,3398.710,3377.120,3386.570,67020404,,,-0.4000,none
2018-08-30,3385.810,3402.560,3349.470,3351.090,68385290,,,-1.0477,none
2018-08-31,3333.380,3356.580,3310.870,3334.500,76205630,,,-0.4951,none
2018-09-03,3320.690,3325.610,3291.780,3321.820,66429855,,,-0.3803,none
2018-09-04,3324.190,3370.960,3307.960,3363.900,67088807,,,1.2668,none
2018-09-05,3349.700,3354.200,3298.140,3298.140,64301888,,,-1.9549,none
2018-09-06,3286.660,3311.500,3253.760,3262.880,62300288,,,-1.0691,none
2018-09-07,3273.890,3316.610,3253.730,3277.640,63947408,,,0.4524,none
2018-09-10,3271.380,3277.880,3227.850,3230.070,63817051,,,-1.4513,none
2018-09-11,3229.710,3245.620,3209.110,3224.210,58491305,,,-0.1814,none
2018-09-12,3216.990,3225.600,3194.980,3202.020,54627899,,,-0.6882,none
2018-09-13,3239.690,3249.590,3191.400,3236.570,67290327,,,1.0790,none
2018-09-14,3242.830,3254.100,3227.940,3242.090,60130640,,,0.1706,none
2018-09-17,3224.930,3230.790,3200.510,3204.920,52259547,,,-1.1465,none
2018-09-18,3193.640,3270.110,3193.640,3269.430,70425035,,,2.0128,none
2018-09-19,3262.000,3335.990,3258.310,3312.480,89170666,,,1.3167,none
2018-09-20,3314.880,3332.310,3303.070,3310.130,64561057,,,-0.0709,none
2018-09-21,3320.700,3410.490,3307.770,3410.490,108416005,,,3.0319,none
2018-09-25,3375.970,3394.380,3367.030,3379.800,69054693,,,-0.8999,none
2018-09-26,3388.560,3448.260,3383.240,3417.240,93173343,,,1.1078,none
2018-09-27,3415.950,3423.710,3394.730,3403.590,69765241,,,-0.3994,none
2018-09-28,3409.960,3444.990,3404.700,3438.860,84377756,,,1.0363,none
2018-10-08,3361.560,3364.460,3285.250,3290.900,97888989,,,-4.3026,none
2018-10-09,3290.170,3309.800,3276.130,3288.690,66723274,,,-0.0672,none
2018-10-10,3295.430,3315.730,3256.580,3281.600,64492828,,,-0.2156,none
2018-10-11,3179.540,3209.520,3099.040,3124.110,120941342,,,-4.7992,none
2018-10-12,3123.370,3184.120,3094.970,3170.730,98611151,,,1.4923,none
2018-10-15,3173.850,3183.130,3120.230,3126.450,69605023,,,-1.3965,none
2018-10-16,3128.580,3166.090,3089.370,3100.970,68887721,,,-0.8150,none
2018-10-17,3140.680,3149.130,3062.550,3118.250,76837138,,,0.5572,none
2018-10-18,3097.790,3097.790,3043.380,3044.390,73771968,,,-2.3686,none
2018-10-19,3017.750,3137.750,3009.500,3134.950,98839688,,,2.9747,none
2018-10-22,3159.560,3297.380,3159.560,3270.270,145862045,,,4.3165,none
2018-10-23,3273.130,3276.020,3163.570,3183.430,121013241,,,-2.6554,none
2018-10-24,3169.460,3245.400,3164.290,3188.200,110909744,,,0.1498,none
2018-10-25,3107.840,3197.320,3099.890,3194.310,106951817,,,0.1916,none
2018-10-26,3204.280,3218.100,3151.920,3173.640,101299354,,,-0.6471,none
2018-10-29,3157.490,3158.810,3062.580,3076.890,91839789,,,-3.0485,none
2018-10-30,3061.930,3146.630,3050.770,3110.260,116070101,,,1.0845,none
2018-10-31,3116.660,3168.920,3106.030,3153.820,111207455,,,1.4005,none
2018-11-01,3185.200,3217.800,3173.100,3177.030,132653379,,,0.7359,none
2018-11-02,3258.610,3290.250,3222.440,3290.250,153466104,,,3.5637,none
2018-11-05,3269.470,3279.880,3230.360,3262.840,109706683,,,-0.8331,none
2018-11-06,3254.980,3254.980,3213.900,3243.150,83869138,,,-0.6035,none
2018-11-07,3243.880,3270.500,3218.420,3221.910,91615528,,,-0.6549,none
2018-11-08,3251.730,3253.570,3207.710,3212.770,76414540,,,-0.2837,none
2018-11-09,3193.300,3193.300,3166.310,3167.440,84282762,,,-1.4109,none
2018-11-12,3160.250,3206.510,3152.440,3205.140,88062391,,,1.1902,none
2018-11-13,3164.920,3254.770,3161.100,3237.380,126493464,,,1.0059,none
2018-11-14,3233.640,3239.240,3200.230,3204.940,113808659,,,-1.0020,none
2018-11-15,3201.280,3242.380,3198.780,3242.370,98558810,,,1.1679,none
2018-11-16,3242.880,3282.390,3223.720,3257.670,126876835,,,0.4719,none
2018-11-19,3258.790,3294.600,3251.070,3294.600,115956595,,,1.1336,none
2018-11-20,3268.080,3278.780,3213.680,3218.410,109361154,,,-2.3126,none
2018-11-21,3187.100,3230.260,3185.240,3226.490,84119726,,,0.2511,none
2018-11-22,3232.970,3235.450,3199.700,3214.430,65098291,,,-0.3738,none
2018-11-23,3208.590,3212.200,3139.390,3143.480,84638255,,,-2.2072,none
2018-11-26,3148.670,3169.440,3131.640,3141.240,59379140,,,-0.0713,none
2018-11-27,3152.770,3162.010,3126.290,3137.240,55407832,,,-0.1273,none
2018-11-28,3137.750,3179.410,3126.620,3178.930,74881955,,,1.3289,none
2018-11-29,3198.830,3204.860,3137.650,3137.650,80498466,,,-1.2986,none
2018-11-30,3136.200,3175.150,3132.420,3172.690,70921044,,,1.1168,none
2018-12-03,3260.690,3273.640,3228.360,3260.950,121487157,,,2.7819,none
2018-12-04,3256.230,3267.940,3243.700,3267.710,79415039,,,0.2073,none
2018-12-05,3224.260,3266.900,3219.980,3252.000,76153052,,,-0.4808,none
2018-12-06,3218.110,3223.520,3179.890,3181.670,76328771,,,-2.1627,none
2018-12-07,3187.490,3193.820,3176.710,3181.560,53361924,,,-0.0035,none
2018-12-10,3153.520,3170.150,3134.380,3144.760,63437273,,,-1.1567,none
2018-12-11,3148.230,3161.960,3143.610,3159.820,53223877,,,0.4789,none
2018-12-12,3181.570,3182.210,3160.280,3170.610,53309914,,,0.3415,none
2018-12-13,3178.890,3234.080,3169.420,3219.690,90442755,,,1.5480,none
2018-12-14,3207.350,3210.720,3165.910,3165.910,84301250,,,-1.6703,none
2018-12-17,3158.280,3167.510,3134.370,3161.200,66497007,,,-0.1488,none
2018-12-18,3139.950,3165.000,3114.470,3128.430,63820319,,,-1.0366,none
2018-12-19,3133.740,3137.010,3086.760,3091.130,55522299,,,-1.1923,none
2018-12-20,3083.540,3097.720,3044.290,3067.420,69749463,,,-0.7670,none
2018-12-21,3055.330,3057.400,3007.610,3029.400,76758101,,,-1.2395,none
2018-12-24,3015.500,3040.350,3007.330,3038.200,57299615,,,0.2905,none
2018-12-25,3006.880,3030.140,2964.880,3017.280,78689425,,,-0.6886,none
2018-12-26,3012.870,3029.060,2996.480,3002.030,55647032,,,-0.5054,none
2018-12-27,3042.950,3047.230,2990.510,2990.510,80541785,,,-0.3837,none
2018-12-28,2994.790,3024.350,2984.820,3010.650,71053779,,,0.6735,none
2019-01-02,3017.070,3018.780,2958.490,2969.540,68663021,,,-1.3655,none
2019-01-03,2963.020,3000.440,2953.250,2964.840,70867103,,,-0.1583,none
2019-01-04,2940.190,3036.810,2935.830,3035.870,103318972,,,2.3957,none
2019-01-07,3055.150,3061.750,3035.910,3054.300,101164359,,,0.6071,none
2019-01-08,3049.870,3055.510,3038.530,3047.700,86170585,,,-0.2161,none
2019-01-09,3065.230,3117.960,3062.850,3078.480,107364350,,,1.0099,none
2019-01-10,3077.480,3092.540,3062.570,3072.690,85271756,,,-0.1881,none
2019-01-11,3082.260,3102.830,3071.030,3094.780,71786424,,,0.7189,none
2019-01-14,3092.500,3097.410,3064.380,3067.780,66121702,,,-0.8724,none
2019-01-15,3071.520,3129.370,3064.670,3127.990,88772962,,,1.9627,none
2019-01-16,3126.130,3135.010,3117.290,3128.650,80214341,,,0.0211,none
2019-01-17,3132.630,3141.710,3110.060,3111.420,80174871,,,-0.5507,none
2019-01-18,3124.500,3171.690,3120.350,3168.170,103963834,,,1.8239,none
2019-01-21,3170.880,3199.210,3170.880,3185.640,93915022,,,0.5514,none
2019-01-22,3181.950,3181.950,3135.340,3143.320,72990528,,,-1.3285,none
2019-01-23,3136.100,3157.630,3131.870,3141.050,59870478,,,-0.0722,none
2019-01-24,3146.600,3165.630,3125.300,3158.780,72934636,,,0.5645,none
2019-01-25,3165.180,3203.170,3164.410,3184.470,83967729,,,0.8133,none
2019-01-28,3203.120,3228.870,3174.720,3183.780,82622431,,,-0.0217,none
2019-01-29,3177.260,3200.990,3148.230,3193.970,77658334,,,0.3201,none
2019-01-30,3181.660,3202.900,3167.890,3168.480,63746517,,,-0.7981,none
2019-01-31,3182.700,3216.070,3178.010,3201.630,86247839,,,1.0462,none
2019-02-01,3225.730,3247.500,3207.720,3247.400,82019641,,,1.4296,none
2019-02-11,3239.810,3307.060,3239.810,3306.470,98818434,,,1.8190,none
2019-02-12,3306.350,3335.360,3298.630,3330.340,122232462,,,0.7219,none
2019-02-13,3337.780,3405.580,3329.140,3397.030,163828332,,,2.0025,none
2019-02-14,3392.850,3415.400,3381.980,3402.140,151127290,,,0.1504,none
2019-02-15,3391.240,3395.030,3335.870,3338.700,143668603,,,-1.8647,none
2019-02-18,3366.420,3445.740,3366.420,3445.740,182886089,,,3.2060,none
2019-02-19,3454.720,3480.790,3419.070,3439.610,179083785,,,-0.1779,none
2019-02-20,3449.930,3463.770,3421.500,3451.930,147390311,,,0.3582,none
2019-02-21,3450.140,3500.250,3431.630,3442.710,180143287,,,-0.2671,none
2019-02-22,3439.380,3520.120,3417.980,3520.120,187237974,,,2.2485,none
2019-02-25,3575.850,3729.480,3574.690,3729.480,342557122,,,5.9475,none
2019-02-26,3734.710,3762.110,3679.270,3684.690,358038698,,,-1.2010,none
2019-02-27,3682.810,3737.630,3638.330,3678.390,286236007,,,-0.1710,none
2019-02-28,3675.260,3695.460,3650.050,3669.370,184810220,,,-0.2452,none
2019-03-01,3699.220,3749.710,3668.770,3749.710,204711004,,,2.1895,none
2019-03-04,3783.040,3886.580,3764.780,3794.100,323490126,,,1.1838,none
2019-03-05,3785.380,3816.160,3770.790,3816.010,230853166,,,0.5775,none
2019-03-06,3822.860,3855.160,3787.520,3848.090,318077371,,,0.8407,none
2019-03-07,3841.150,3845.180,3778.800,3808.850,329846548,,,-1.0197,none
2019-03-08,3721.400,3774.540,3656.190,3657.580,317990077,,,-3.9715,none
2019-03-11,3663.980,3731.910,3650.810,3729.950,230912865,,,1.9786,none
2019-03-12,3758.320,3804.720,3723.680,3755.350,274926382,,,0.6810,none
2019-03-13,3758.710,3763.090,3708.810,3724.190,233682248,,,-0.8297,none
2019-03-14,3710.290,3747.820,3673.850,3698.490,190817237,,,-0.6901,none
2019-03-15,3713.940,3782.240,3713.940,3745.000,175174544,,,1.2575,none
2019-03-18,3753.640,3851.750,3733.680,3851.750,216928060,,,2.8505,none
2019-03-19,3856.590,3868.330,3815.220,3833.960,181727110,,,-0.4619,none
2019-03-20,3825.340,3855.150,3790.510,3835.440,175632090,,,0.0386,none
2019-03-21,3840.280,3864.070,3823.470,3836.890,196310310,,,0.0378,none
2019-03-22,3838.130,3845.580,3786.590,3833.800,171356993,,,-0.0805,none
2019-03-25,3776.440,3807.180,3741.610,3742.830,198586329,,,-2.3728,none
2019-03-26,3766.530,3770.840,3687.550,3700.440,173046579,,,-1.1326,none
2019-03-27,3724.410,3750.260,3703.450,3743.390,138758454,,,1.1607,none
2019-03-28,3731.060,3755.720,3710.080,3728.400,133272129,,,-0.4004,none
2019-03-29,3739.770,3876.380,3739.770,3872.340,215639103,,,3.8606,none
2019-04-01,3901.170,3982.910,3901.170,3973.930,271382704,,,2.6235,none
2019-04-02,3986.340,3988.100,3956.510,3971.290,226000341,,,-0.0664,none
2019-04-03,3947.870,4026.500,3939.780,4022.160,231917368,,,1.2809,none
2019-04-04,4039.740,4072.110,4021.710,4062.230,260410939,,,0.9962,none
2019-04-08,4097.100,4122.600,4017.490,4057.230,267505576,,,-0.1231,none
2019-04-09,4063.810,4084.240,4038.280,4075.430,182956808,,,0.4486,none
2019-04-10,4062.440,4115.380,4035.470,4085.850,194687613,,,0.2557,none
2019-04-11,4083.460,4097.120,3990.240,3997.580,169049641,,,-2.1604,none
2019-04-12,3986.780,4006.930,3961.460,3988.620,135862118,,,-0.2241,none
2019-04-15,4056.490,4085.390,3974.230,3975.520,182645571,,,-0.3284,none
2019-04-16,3958.100,4085.790,3943.490,4085.790,202041966,,,2.7737,none
2019-04-17,4080.720,4106.620,4057.500,4087.240,180367117,,,0.0355,none
2019-04-18,4085.110,4094.050,4056.240,4072.080,146562123,,,-0.3709,none
2019-04-19,4076.300,4120.640,4046.200,4120.610,150794910,,,1.1918,none
2019-04-22,4125.970,4126.090,4015.470,4025.610,189353745,,,-2.3055,none
2019-04-23,4021.630,4061.090,4005.280,4019.010,155611650,,,-0.1640,none
2019-04-24,4033.630,4044.340,3967.810,4030.090,145498695,,,0.2757,none
2019-04-25,4013.600,4022.560,3938.330,3941.820,159722071,,,-2.1903,none
2019-04-26,3921.890,3943.830,3887.250,3889.270,142008068,,,-1.3331,none
2019-04-29,3896.580,3953.230,3875.450,3900.330,153870927,,,0.2844,none
2019-04-30,3887.180,3923.110,3885.150,3913.210,116233376,,,0.3302,none
2019-05-06,3775.080,3791.610,3647.140,3684.620,197472882,,,-5.8415,none
2019-05-07,3702.270,3738.180,3671.830,3720.670,132847654,,,0.9784,none
2019-05-08,3648.550,3722.930,3642.500,3667.460,112867355,,,-1.4301,none
2019-05-09,3637.350,3656.900,3584.820,3599.700,101037394,,,-1.8476,none
2019-05-10,3643.060,3732.920,3589.290,3730.450,148003847,,,3.6322,none
2019-05-13,3675.760,3702.900,3658.000,3668.730,103391860,,,-1.6545,none
2019-05-14,3630.440,3683.260,3630.440,3645.150,102313460,,,-0.6427,none
2019-05-15,3674.990,3741.040,3674.990,3727.090,110161769,,,2.2479,none
2019-05-16,3720.040,3745.140,3707.900,3743.960,116258274,,,0.4526,none
2019-05-17,3744.880,3745.360,3637.580,3648.760,128453245,,,-2.5428,none
2019-05-20,3635.740,3644.500,3583.830,3617.790,108963477,,,-0.8488,none
2019-05-21,3619.440,3690.090,3610.680,3666.780,111022920,,,1.3541,none
2019-05-22,3663.150,3679.270,3634.750,3649.380,98346128,,,-0.4745,none
2019-05-23,3629.530,3631.470,3578.110,3583.960,99897781,,,-1.7926,none
2019-05-24,3584.900,3623.390,3580.790,3593.910,80934048,,,0.2776,none
2019-05-27,3592.600,3648.030,3556.260,3637.200,108830871,,,1.2045,none
2019-05-28,3633.020,3683.230,3627.790,3672.260,117886240,,,0.9639,none
2019-05-29,3642.540,3693.230,3637.350,3663.910,93355441,,,-0.2274,none
2019-05-30,3648.850,3650.970,3612.620,3641.180,94202561,,,-0.6204,none
2019-05-31,3641.000,3668.180,3627.540,3629.790,89222267,,,-0.3128,none
2019-06-03,3640.610,3672.810,3613.130,3632.010,100723180,,,0.0612,none
2019-06-04,3632.560,3636.130,3584.460,3598.470,87097094,,,-0.9235,none
2019-06-05,3627.790,3634.450,3593.950,3597.100,88642020,,,-0.0381,none
2019-06-06,3601.040,3601.040,3557.020,3564.680,85534403,,,-0.9013,none
2019-06-10,3578.010,3623.730,3568.280,3610.740,92375061,,,1.2921,none
2019-06-11,3617.520,3723.140,3617.520,3719.280,143482806,,,3.0060,none
2019-06-12,3706.860,3711.880,3683.940,3691.100,119178853,,,-0.7577,none
2019-06-13,3689.580,3697.590,3654.270,3685.390,96331718,,,-0.1547,none
2019-06-14,3690.480,3709.650,3650.910,3654.880,101817004,,,-0.8279,none
2019-06-17,3654.440,3683.770,3645.500,3654.820,72976678,,,-0.0016,none
2019-06-18,3661.130,3675.650,3638.780,3667.620,70692266,,,0.3502,none
2019-06-19,3761.340,3771.350,3715.130,3715.940,125595715,,,1.3175,none
2019-06-20,3718.940,3845.790,3717.190,3828.520,168872073,,,3.0297,none
2019-06-21,3832.730,3856.090,3817.310,3833.940,153635155,,,0.1416,none
2019-06-24,3836.310,3853.550,3819.770,3841.270,100084621,,,0.1912,none
2019-06-25,3837.430,3838.060,3755.010,3801.310,124075912,,,-1.0403,none
2019-06-26,3779.510,3809.760,3771.720,3794.330,81820283,,,-0.1836,none
2019-06-27,3807.540,3854.080,3805.830,3834.820,105316358,,,1.0671,none
2019-06-28,3832.060,3835.230,3803.050,3825.590,84766139,,,-0.2407,none
2019-07-01,3899.330,3936.670,3886.910,3935.810,158370340,,,2.8811,none
2019-07-02,3931.050,3942.430,3918.940,3937.170,131863496,,,0.0346,none
2019-07-03,3927.440,3927.440,3878.840,3893.530,111992603,,,-1.1084,none
2019-07-04,3895.200,3906.890,3854.690,3873.100,99342256,,,-0.5247,none
2019-07-05,3875.370,3900.310,3857.930,3893.200,74006527,,,0.5190,none
2019-07-08,3875.750,3875.750,3775.030,3802.790,109539086,,,-2.3223,none
2019-07-09,3798.100,3811.100,3774.760,3793.130,74842732,,,-0.2540,none
2019-07-10,3807.950,3810.400,3774.230,3786.740,72833948,,,-0.1685,none
2019-07-11,3806.190,3830.740,3774.410,3785.220,75311965,,,-0.0401,none
2019-07-12,3783.070,3820.240,3774.520,3808.730,75465967,,,0.6211,none
2019-07-15,3792.640,3844.870,3745.850,3824.190,101205222,,,0.4059,none
2019-07-16,3819.250,3828.330,3799.870,3806.840,80730952,,,-0.4537,none
2019-07-17,3800.110,3820.270,3787.900,3804.640,95183885,,,-0.0578,none
2019-07-18,3793.190,3793.390,3768.000,3768.400,87496445,,,-0.9525,none
2019-07-19,3787.510,3828.150,3787.510,3807.960,88086149,,,1.0498,none
2019-07-22,3813.500,3816.540,3765.440,3781.680,92101377,,,-0.6901,none
2019-07-23,3783.540,3792.960,3768.760,3789.910,71313346,,,0.2176,none
2019-07-24,3803.590,3840.060,3803.570,3819.830,90940684,,,0.7895,none
2019-07-25,3821.390,3851.070,3812.950,3851.070,93740417,,,0.8178,none
2019-07-26,3835.230,3863.590,3832.520,3858.570,83259300,,,0.1948,none
2019-07-29,3857.940,3862.750,3842.430,3854.270,84814370,,,-0.1114,none
2019-07-30,3861.570,3890.730,3861.570,3870.320,94123955,,,0.4164,none
2019-07-31,3856.750,3856.750,3830.090,3835.360,82151155,,,-0.9033,none
2019-08-01,3819.320,3831.260,3791.550,3803.470,84114180,,,-0.8315,none
2019-08-02,3729.130,3754.530,3720.060,3747.440,108335897,,,-1.4731,none
2019-08-05,3724.410,3739.500,3675.690,3675.690,101325981,,,-1.9146,none
2019-08-06,3609.110,3649.900,3575.860,3636.330,129833871,,,-1.0708,none
2019-08-07,3654.630,3659.080,3621.430,3621.430,84238716,,,-0.4098,none
2019-08-08,3651.360,3675.460,3646.940,3669.290,88457707,,,1.3216,none
2019-08-09,3686.750,3689.180,3628.120,3633.530,85295580,,,-0.9746,none
2019-08-12,3647.870,3699.100,3643.320,3699.100,82083056,,,1.8046,none
2019-08-13,3675.590,3686.430,3658.010,3665.750,76500302,,,-0.9016,none
2019-08-14,3712.070,3717.560,3680.610,3682.400,91202590,,,0.4542,none
2019-08-15,3618.010,3694.300,3612.110,3694.000,88598832,,,0.3150,none
2019-08-16,3697.940,3738.100,3687.080,3710.540,88319169,,,0.4478,none
2019-08-19,3736.030,3791.090,3720.690,3791.090,139327013,,,2.1708,none
2019-08-20,3786.030,3799.900,3778.730,3787.730,108602088,,,-0.0886,none
2019-08-21,3778.310,3792.600,3775.450,3781.760,82299880,,,-0.1576,none
2019-08-22,3793.860,3797.330,3771.200,3793.510,85807792,,,0.3107,none
2019-08-23,3796.880,3829.360,3788.030,3820.860,87954583,,,0.7210,none
2019-08-26,3756.360,3778.870,3753.160,3765.910,93859269,,,-1.4382,none
2019-08-27,3791.460,3848.240,3790.870,3816.950,124731478,,,1.3553,none
2019-08-28,3818.810,3822.590,3790.140,3802.580,88750812,,,-0.3765,none
2019-08-29,3805.490,3808.600,3774.400,3790.190,84083387,,,-0.3258,none
2019-08-30,3816.680,3828.970,3778.920,3799.590,96695150,,,0.2480,none
2019-09-02,3803.690,3855.780,3799.820,3848.320,110289349,,,1.2825,none
2019-09-03,3852.580,3856.680,3833.760,3853.610,97714631,,,0.1375,none
2019-09-04,3848.650,3886.000,3846.420,3886.000,126628615,,,0.8405,none
2019-09-05,3909.210,3970.000,3909.210,3925.320,181656231,,,1.0118,none
2019-09-06,3946.690,3948.540,3922.340,3948.510,121882376,,,0.5908,none
2019-09-09,3980.960,3985.240,3954.880,3972.950,146809754,,,0.6190,none
2019-09-10,3976.870,3976.920,3938.740,3959.260,130889386,,,-0.3446,none
2019-09-11,3969.680,3971.220,3922.950,3930.100,131594875,,,-0.7365,none
2019-09-12,3944.690,3975.930,3933.440,3972.380,110241273,,,1.0758,none
2019-09-16,3981.360,3982.200,3943.370,3957.720,110259805,,,-0.3690,none
2019-09-17,3947.160,3947.160,3879.490,3891.220,113694317,,,-1.6803,none
2019-09-18,3902.990,3923.150,3902.510,3910.080,82056152,,,0.4847,none
2019-09-19,3923.960,3924.380,3897.070,3924.380,85984238,,,0.3657,none
2019-09-20,3933.460,3942.220,3921.410,3935.650,103455955,,,0.2872,none
2019-09-23,3925.190,3925.190,3868.210,3890.660,94036225,,,-1.1431,none
2019-09-24,3895.870,3927.010,3886.140,3901.080,87783230,,,0.2678,none
2019-09-25,3887.550,3889.840,3867.230,3870.980,89520835,,,-0.7716,none
2019-09-26,3884.700,3890.750,3840.250,3841.140,102698301,,,-0.7709,none
2019-09-27,3843.460,3859.500,3832.250,3852.650,74003947,,,0.2997,none
2019-09-30,3842.070,3857.230,3813.550,3814.530,65931313,,,-0.9894,none
2019-10-08,3818.590,3861.640,3818.590,3837.680,76657860,,,0.6069,none
2019-10-09,3822.610,3845.340,3805.070,3843.240,75854512,,,0.1449,none
2019-10-10,3838.490,3877.140,3829.430,3874.640,79222694,,,0.8170,none
2019-10-11,3885.520,3922.370,3868.840,3911.730,93412577,,,0.9573,none
2019-10-14,3944.860,3983.810,3934.730,3953.240,122393611,,,1.0612,none
2019-10-15,3953.160,3953.160,3928.150,3936.250,85273949,,,-0.4298,none
2019-10-16,3939.280,3964.050,3919.020,3922.690,83229707,,,-0.3445,none
2019-10-17,3929.390,3935.810,3913.920,3925.220,64863745,,,0.0645,none
2019-10-18,3935.420,3940.540,3864.970,3869.380,82321140,,,-1.4226,none
2019-10-21,3865.340,3884.740,3856.040,3880.840,74182918,,,0.2962,none
2019-10-22,3896.310,3897.440,3870.550,3895.880,68918566,,,0.3875,none
2019-10-23,3892.680,3901.420,3862.200,3871.080,70198625,,,-0.6366,none
2019-10-24,3877.920,3890.200,3852.580,3870.670,71334575,,,-0.0106,none
2019-10-25,3871.770,3899.720,3849.030,3896.790,77453620,,,0.6748,none
2019-10-28,3904.980,3927.800,3897.820,3926.580,97406020,,,0.7645,none
2019-10-29,3929.710,3932.370,3910.230,3910.230,82257075,,,-0.4164,none
2019-10-30,3904.720,3908.100,3883.450,3891.230,77872923,,,-0.4859,none
2019-10-31,3906.860,3907.150,3878.880,3886.750,86714539,,,-0.1151,none
2019-11-01,3883.810,3956.080,3876.420,3952.390,100689612,,,1.6888,none
2019-11-04,3964.010,3985.360,3964.010,3978.120,104193855,,,0.6510,none
2019-11-05,3982.120,4030.640,3970.870,4002.810,112911880,,,0.6206,none
2019-11-06,4006.330,4007.500,3973.780,3984.880,97312952,,,-0.4479,none
2019-11-07,3984.550,4005.380,3975.550,3991.880,87254898,,,0.1757,none
2019-11-08,4017.670,4022.040,3971.570,3973.010,97106948,,,-0.4727,none
2019-11-11,3948.620,3948.620,3897.550,3902.980,94155621,,,-1.7626,none
2019-11-12,3905.960,3914.880,3877.740,3903.690,76543069,,,0.0182,none
2019-11-13,3905.280,3908.420,3882.430,3899.980,76749078,,,-0.0950,none
2019-11-14,3905.930,3916.950,3895.140,3905.860,87008446,,,0.1508,none
2019-11-15,3908.490,3915.100,3877.090,3877.090,83730917,,,-0.7366,none
2019-11-18,3874.440,3913.100,3868.320,3907.930,76645993,,,0.7954,none
2019-11-19,3904.100,3947.040,3902.380,3947.040,82161025,,,1.0008,none
2019-11-20,3940.130,3943.230,3901.990,3907.860,76815333,,,-0.9926,none
2019-11-21,3894.540,3901.830,3875.970,3889.600,69130538,,,-0.4673,none
2019-11-22,3894.170,3918.840,3833.500,3849.990,91042639,,,-1.0184,none
2019-11-25,3850.970,3878.250,3839.420,3878.210,106066289,,,0.7330,none
2019-11-26,3893.430,3899.110,3869.590,3891.650,111513537,,,0.3466,none
2019-11-27,3883.430,3889.980,3862.700,3875.620,76437305,,,-0.4119,none
2019-11-28,3877.900,3887.690,3852.010,3862.300,65230119,,,-0.3437,none
2019-11-29,3857.190,3861.660,3804.830,3828.670,74144331,,,-0.8707,none
2019-12-02,3835.510,3854.750,3829.310,3836.060,77412173,,,0.1930,none
2019-12-03,3829.210,3851.120,3811.630,3851.090,73611240,,,0.3918,none
2019-12-04,3841.660,3852.990,3831.070,3849.820,79683385,,,-0.0330,none
2019-12-05,3863.610,3883.400,3859.820,3879.360,89051193,,,0.7673,none
2019-12-06,3885.060,3902.390,3878.700,3902.390,78648887,,,0.5937,none
2019-12-09,3909.530,3911.970,3885.250,3895.450,95353806,,,-0.1778,none
2019-12-10,3886.440,3900.960,3882.090,3900.380,86262928,,,0.1266,none
2019-12-11,3907.160,3909.390,3890.340,3902.750,99765480,,,0.0608,none
2019-12-12,3908.450,3908.450,3886.120,3891.020,84708330,,,-0.3006,none
2019-12-13,3928.000,3969.460,3925.280,3968.220,148571349,,,1.9841,none
2019-12-16,3970.710,3987.590,3953.510,3987.550,148486670,,,0.4871,none
2019-12-17,3987.740,4067.140,3984.520,4041.800,201162937,,,1.3605,none
2019-12-18,4039.720,4057.640,4025.340,4032.780,151351764,,,-0.2232,none
2019-12-19,4034.620,4038.540,4014.900,4027.150,117900558,,,-0.1396,none
2019-12-20,4032.150,4046.730,4014.930,4017.250,121267662,,,-0.2458,none
2019-12-23,4014.690,4032.170,3964.380,3967.100,122816246,,,-1.2484,none
2019-12-24,3971.560,3994.510,3963.670,3992.960,95989045,,,0.6519,none
2019-12-25,3988.660,4000.560,3976.360,3990.870,94938890,,,-0.0523,none
2019-12-26,3993.670,4025.990,3993.540,4025.990,108860640,,,0.8800,none
2019-12-27,4029.250,4066.800,4019.720,4022.030,150926411,,,-0.0984,none
2019-12-30,4015.520,4083.690,4001.500,4081.630,155971488,,,1.4818,none
2019-12-31,4077.750,4098.140,4069.010,4096.580,123264258,,,0.3663,none
2020-01-02,4121.350,4172.660,4121.350,4152.240,182116772,,,1.3587,none
2020-01-03,4161.220,4164.300,4131.860,4144.960,142826244,,,-0.1753,none
2020-01-06,4120.520,4170.640,4102.380,4129.300,175309953,,,-0.3778,none
2020-01-07,4137.400,4161.250,4135.100,4160.230,139489031,,,0.7490,none
2020-01-08,4139.630,4149.810,4101.980,4112.320,167585850,,,-1.1516,none
2020-01-09,4145.530,4165.660,4143.590,4164.370,136886324,,,1.2657,none
2020-01-10,4177.580,4180.980,4148.480,4163.190,113031719,,,-0.0283,none
2020-01-13,4166.930,4203.990,4148.600,4203.990,119691982,,,0.9800,none
2020-01-14,4215.160,4223.510,4188.080,4189.890,129320783,,,-0.3354,none
2020-01-15,4186.880,4193.870,4150.880,4166.730,104633136,,,-0.5528,none
2020-01-16,4174.820,4175.290,4142.180,4149.040,100267642,,,-0.4246,none
2020-01-17,4162.190,4177.030,4141.650,4154.850,98725682,,,0.1400,none
2020-01-20,4170.740,4185.960,4149.490,4185.830,122409147,,,0.7456,none
2020-01-21,4165.020,4165.020,4113.330,4114.310,130527507,,,-1.7086,none
2020-01-22,4093.800,4141.180,4046.490,4131.930,126758763,,,0.4283,none
2020-01-23,4093.320,4103.520,3972.390,4003.900,160357603,,,-3.0986,none
2020-02-03,3639.910,3732.160,3639.910,3688.360,157559647,,,-7.8808,none
2020-02-04,3652.000,3786.860,3652.000,3785.640,213933328,,,2.6375,none
2020-02-05,3801.100,3866.010,3781.610,3828.530,174925524,,,1.1330,none
2020-02-06,3841.750,3914.920,3806.960,3899.780,176462235,,,1.8610,none
2020-02-07,3879.550,3899.880,3849.710,3899.870,151731759,,,0.0023,none
2020-02-10,3872.370,3920.170,3861.010,3916.010,148406969,,,0.4139,none
2020-02-11,3926.420,3970.520,3915.710,3952.460,143441674,,,0.9308,none
2020-02-12,3945.670,3984.430,3940.670,3984.430,126710321,,,0.8089,none
2020-02-13,3985.880,3999.550,3950.140,3959.920,145001843,,,-0.6151,none
2020-02-14,3954.230,4001.560,3954.020,3987.730,143239803,,,0.7023,none
2020-02-17,3999.650,4077.450,3999.650,4077.420,182778969,,,2.2491,none
2020-02-18,4069.830,4076.390,4027.790,4057.510,163236220,,,-0.4883,none
2020-02-19,4049.590,4085.170,4042.850,4051.310,169046441,,,-0.1528,none
2020-02-20,4062.900,4148.530,4055.810,4144.660,212232624,,,2.3042,none
2020-02-21,4134.870,4184.440,4130.170,4149.490,217213604,,,0.1165,none
2020-02-24,4131.840,4149.010,4097.180,4132.840,212869303,,,-0.4013,none
2020-02-25,4066.300,4126.710,4020.910,4123.850,244167831,,,-0.2175,none
2020-02-26,4070.100,4132.780,4061.120,4073.020,261094061,,,-1.2326,none
2020-02-27,4084.080,4110.530,4067.440,4084.880,181290981,,,0.2912,none
2020-02-28,3988.730,4031.150,3928.070,3940.050,230275093,,,-3.5455,none
2020-03-02,3968.840,4092.540,3968.840,4069.670,219313559,,,3.2898,none
2020-03-03,4125.140,4147.650,4067.910,4091.360,219369777,,,0.5330,none
2020-03-04,4078.500,4115.260,4060.730,4115.050,182424730,,,0.5790,none
2020-03-05,4150.210,4215.850,4127.040,4206.730,231823115,,,2.2279,none
2020-03-06,4158.200,4181.310,4135.390,4138.510,172475717,,,-1.6217,none
2020-03-09,4063.080,4063.080,3995.130,3997.130,208102035,,,-3.4162,none
2020-03-10,3975.230,4093.000,3954.750,4082.730,197416402,,,2.1415,none
2020-03-11,4090.930,4091.270,4028.400,4028.430,161656111,,,-1.3300,none
2020-03-12,3976.110,3987.430,3926.270,3950.910,157060458,,,-1.9243,none
2020-03-13,3771.010,3937.180,3765.150,3895.310,188296722,,,-1.4073,none
2020-03-16,3899.860,3899.860,3720.510,3727.840,185968260,,,-4.2993,none
2020-03-17,3739.780,3786.890,3618.310,3709.680,166246129,,,-0.4871,none
2020-03-18,3729.690,3775.850,3636.260,3636.260,155037547,,,-1.9791,none
2020-03-19,3623.790,3647.990,3503.190,3589.090,180807407,,,-1.2972,none
2020-03-20,3629.510,3663.950,3588.780,3653.220,139603000,,,1.7868,none
2020-03-23,3542.680,3585.800,3523.790,3530.310,137108790,,,-3.3644,none
2020-03-24,3598.650,3627.760,3545.450,3625.110,143103021,,,2.6853,none
2020-03-25,3711.480,3732.650,3685.990,3722.520,153495958,,,2.6871,none
2020-03-26,3692.610,3736.250,3681.270,3698.050,112310665,,,-0.6574,none
2020-03-27,3746.390,3758.780,3709.920,3710.060,124060995,,,0.3248,none
2020-03-30,3657.460,3690.640,3637.590,3674.110,126876673,,,-0.9690,none
2020-03-31,3708.140,3716.070,3676.200,3686.160,111453025,,,0.3280,none
2020-04-01,3682.300,3731.780,3670.970,3675.080,119352620,,,-0.3006,none
2020-04-02,3656.320,3734.530,3652.320,3734.530,115168209,,,1.6177,none
2020-04-03,3721.480,3738.830,3698.980,3713.220,99825083,,,-0.5706,none
2020-04-07,3779.910,3803.630,3772.210,3798.020,142778030,,,2.2837,none
2020-04-08,3776.420,3793.000,3767.290,3780.340,111389513,,,-0.4655,none
2020-04-09,3798.490,3801.720,3785.310,3792.810,100485032,,,0.3299,none
2020-04-10,3794.840,3824.740,3758.960,3769.180,102444956,,,-0.6230,none
2020-04-13,3751.710,3769.880,3740.190,3753.260,79053343,,,-0.4224,none
2020-04-14,3777.830,3825.760,3764.980,3825.700,110637585,,,1.9301,none
2020-04-15,3820.850,3829.800,3793.440,3797.360,108461984,,,-0.7408,none
2020-04-16,3777.800,3807.360,3774.560,3802.380,95947965,,,0.1322,none
2020-04-17,3831.920,3863.450,3821.420,3839.490,132004301,,,0.9760,none
2020-04-20,3845.460,3853.800,3831.550,3853.460,100013115,,,0.3639,none
2020-04-21,3838.230,3838.230,3780.000,3808.050,102921888,,,-1.1784,none
2020-04-22,3789.130,3839.380,3782.210,3839.380,85899464,,,0.8227,none
2020-04-23,3851.910,3857.470,3826.560,3829.750,95508450,,,-0.2508,none
2020-04-24,3826.310,3827.210,3787.070,3796.970,94844135,,,-0.8559,none
2020-04-27,3808.020,3842.870,3793.770,3822.770,95462735,,,0.6795,none
2020-04-28,3835.350,3859.680,3768.200,3849.150,122093476,,,0.6901,none
2020-04-29,3837.510,3880.740,3833.720,3867.030,95854590,,,0.4645,none
2020-04-30,3880.410,3921.700,3880.410,3912.580,132917125,,,1.1779,none
2020-05-06,3867.260,3937.690,3865.990,3936.250,139855675,,,0.6050,none
2020-05-07,3937.590,3941.480,3915.900,3924.890,105514646,,,-0.2886,none
2020-05-08,3943.000,3979.660,3935.980,3963.620,116943341,,,0.9868,none
2020-05-11,3974.760,3998.100,3944.500,3960.180,122673803,,,-0.0868,none
2020-05-12,3961.340,3970.110,3930.210,3960.240,98250554,,,0.0015,none
2020-05-13,3946.640,3972.530,3932.570,3968.250,88190669,,,0.2023,none
2020-05-14,3952.200,3952.200,3924.050,3925.220,88530004,,,-1.0844,none
2020-05-15,3941.120,3945.200,3907.400,3912.820,92618382,,,-0.3159,none
2020-05-18,3914.660,3946.430,3898.400,3922.910,112801762,,,0.2579,none
2020-05-19,3963.780,3966.850,3944.070,3956.250,94015291,,,0.8499,none
2020-05-20,3955.710,3955.710,3923.920,3935.220,100791150,,,-0.5316,none
2020-05-21,3950.600,3951.740,3907.580,3913.790,94861033,,,-0.5446,none
2020-05-22,3907.580,3907.580,3818.150,3824.060,103378360,,,-2.2927,none
2020-05-25,3828.320,3835.630,3800.180,3829.320,79033326,,,0.1376,none
2020-05-26,3850.000,3874.750,3844.480,3872.770,77448076,,,1.1347,none
2020-05-27,3873.700,3873.700,3838.420,3845.610,83711831,,,-0.7013,none
2020-05-28,3848.490,3885.420,3818.430,3856.630,93064054,,,0.2866,none
2020-05-29,3838.380,3872.300,3830.420,3867.020,93813832,,,0.2694,none
2020-06-01,3901.730,3976.320,3901.730,3971.340,136456652,,,2.6977,none
2020-06-02,3969.950,3991.780,3958.980,3983.570,144303060,,,0.3080,none
2020-06-03,4001.170,4018.680,3982.930,3983.650,136597483,,,0.0020,none
2020-06-04,3998.160,3999.810,3968.570,3982.190,104277737,,,-0.0366,none
2020-06-05,3988.220,4001.250,3967.930,4001.250,102443942,,,0.4786,none
2020-06-08,4023.610,4050.220,4016.100,4021.950,137925813,,,0.5173,none
2020-06-09,4027.560,4052.160,4016.340,4047.030,115304479,,,0.6236,none
2020-06-10,4046.230,4046.230,4024.420,4039.710,112265728,,,-0.1809,none
2020-06-11,4031.740,4043.010,3979.750,3995.880,127308941,,,-1.0850,none
2020-06-12,3931.620,4011.060,3927.250,4003.080,134166649,,,0.1802,none
2020-06-15,3982.970,4007.140,3954.990,3954.990,131297860,,,-1.2013,none
2020-06-16,3995.580,4014.570,3987.860,4014.570,111051539,,,1.5065,none
2020-06-17,4018.610,4018.610,3992.130,4017.590,105605799,,,0.0752,none
2020-06-18,4009.780,4047.560,4000.900,4044.380,138148761,,,0.6668,none
2020-06-19,4047.050,4109.360,4043.490,4098.710,152946990,,,1.3433,none
2020-06-22,4097.510,4126.940,4088.780,4102.050,155829465,,,0.0815,none
2020-06-23,4098.040,4124.730,4080.750,4121.790,129229510,,,0.4812,none
2020-06-24,4128.100,4144.680,4123.360,4138.990,121712465,,,0.4173,none
2020-06-29,4127.930,4137.370,4092.540,4109.720,130865854,,,-0.7072,none
2020-06-30,4130.000,4174.420,4129.780,4163.960,125933521,,,1.3198,none
2020-07-01,4172.640,4247.780,4163.500,4247.780,169990456,,,2.0130,none
2020-07-02,4239.410,4340.100,4238.120,4335.840,252939368,,,2.0731,none
2020-07-03,4353.190,4419.600,4348.450,4419.600,290485539,,,1.9318,none
2020-07-06,4465.810,4678.110,4465.810,4670.090,405821025,,,5.6677,none
2020-07-07,4739.610,4796.320,4688.060,4698.130,406008553,,,0.6004,none
2020-07-08,4692.860,4803.360,4670.650,4774.000,348074847,,,1.6149,none
2020-07-09,4770.080,4854.120,4757.290,4840.770,351046893,,,1.3986,none
2020-07-10,4796.090,4821.370,4734.470,4753.130,316949651,,,-1.8105,none
2020-07-13,4742.370,4878.080,4741.870,4852.960,321645446,,,2.1003,none
2020-07-14,4836.170,4860.440,4729.930,4806.690,297241985,,,-0.9534,none
2020-07-15,4821.520,4837.480,4723.360,4744.470,272389006,,,-1.2944,none
2020-07-16,4741.530,4772.560,4513.650,4516.250,284657133,,,-4.8102,none
2020-07-17,4524.770,4601.370,4485.820,4544.700,207375563,,,0.6299,none
2020-07-20,4597.200,4681.940,4534.230,4680.300,246068914,,,2.9837,none
2020-07-21,4697.500,4714.290,4661.440,4691.040,200415659,,,0.2295,none
2020-07-22,4682.660,4790.450,4675.350,4714.450,224199211,,,0.4990,none
2020-07-23,4668.740,4731.400,4607.660,4712.440,234314569,,,-0.0426,none
2020-07-24,4679.030,4691.700,4479.390,4505.590,243905203,,,-4.3894,none
2020-07-27,4535.010,4558.120,4482.440,4528.450,171420551,,,0.5074,none
2020-07-28,4567.670,4590.250,4537.680,4568.260,162768498,,,0.8791,none
2020-07-29,4559.160,4680.560,4548.850,4679.010,186695305,,,2.4243,none
2020-07-30,4689.760,4704.630,4649.770,4656.150,166967566,,,-0.4886,none
2020-07-31,4652.180,4741.810,4621.960,4695.050,184839026,,,0.8355,none
2020-08-03,4735.900,4771.370,4720.030,4771.310,214776239,,,1.6243,none
2020-08-04,4778.490,4807.080,4747.770,4775.800,239974985,,,0.0941,none
2020-08-05,4761.760,4786.700,4711.270,4777.110,196700548,,,0.0274,none
2020-08-06,4779.240,4791.860,4691.160,4762.760,227854406,,,-0.3004,none
2020-08-07,4742.290,4749.020,4637.840,4707.930,213518216,,,-1.1512,none
2020-08-10,4681.760,4757.660,4646.290,4724.870,203788832,,,0.3598,none
2020-08-11,4730.370,4791.530,4674.860,4681.780,205546511,,,-0.9120,none
2020-08-12,4668.890,4681.620,4566.270,4647.640,202887239,,,-0.7292,none
2020-08-13,4666.490,4671.770,4626.100,4635.710,152550092,,,-0.2567,none
2020-08-14,4627.610,4708.070,4617.630,4704.630,147292921,,,1.4867,none
2020-08-17,4727.120,4838.090,4721.360,4815.230,268001556,,,2.3509,none
2020-08-18,4816.570,4825.390,4788.830,4812.760,189139854,,,-0.0513,none
2020-08-19,4804.670,4809.050,4738.010,4740.680,192442948,,,-1.4977,none
2020-08-20,4708.130,4721.440,4662.800,4679.150,158368639,,,-1.2979,none
2020-08-21,4717.790,4739.480,4684.810,4718.840,142657864,,,0.8482,none
2020-08-24,4746.400,4769.470,4716.610,4755.850,151143512,,,0.7843,none
2020-08-25,4769.210,4802.410,4746.310,4761.950,141701351,,,0.1283,none
2020-08-26,4761.720,4786.420,4689.880,4706.130,151305180,,,-1.1722,none
2020-08-27,4718.060,4731.940,4679.360,4731.350,119042850,,,0.5359,none
2020-08-28,4727.290,4850.490,4719.350,4844.270,159399765,,,2.3866,none
2020-08-31,4870.930,4901.210,4816.210,4816.220,202567029,,,-0.5790,none
2020-09-01,4803.390,4842.140,4791.780,4842.120,138395402,,,0.5378,none
2020-09-02,4859.080,4863.550,4797.520,4843.890,157989524,,,0.0366,none
2020-09-03,4841.500,4877.010,4800.060,4817.100,145671201,,,-0.5531,none
2020-09-04,4737.240,4778.200,4726.560,4770.220,120032796,,,-0.9732,none
2020-09-07,4759.520,4789.300,4655.560,4669.370,148607791,,,-2.1142,none
2020-09-08,4683.830,4707.900,4639.050,4694.390,139199227,,,0.5358,none
2020-09-09,4634.250,4645.200,4558.030,4584.590,162277107,,,-2.3390,none
2020-09-10,4632.100,4647.750,4572.210,4581.980,150652878,,,-0.0569,none
2020-09-11,4572.260,4630.880,4563.110,4627.280,115302424,,,0.9887,none
2020-09-14,4652.050,4666.990,4625.990,4651.050,107235179,,,0.5137,none
2020-09-15,4649.450,4691.500,4630.540,4688.480,101915925,,,0.8048,none
2020-09-16,4683.010,4690.680,4638.460,4657.360,108753641,,,-0.6638,none
2020-09-17,4642.050,4664.950,4601.640,4632.710,105983631,,,-0.5293,none
2020-09-18,4636.640,4737.800,4631.700,4737.090,160426475,,,2.2531,none
2020-09-21,4750.750,4752.980,4688.720,4691.430,124535827,,,-0.9639,none
2020-09-22,4654.220,4706.210,4622.110,4635.760,119672947,,,-1.1866,none
2020-09-23,4639.660,4665.960,4623.550,4652.330,95826528,,,0.3574,none
2020-09-24,4623.950,4631.950,4562.210,4563.070,112593683,,,-1.9186,none
2020-09-25,4582.480,4599.540,4554.720,4570.020,93015155,,,0.1523,none
2020-09-28,4582.650,4613.630,4571.150,4581.910,85048389,,,0.2602,none
2020-09-29,4608.290,4616.680,4586.350,4591.800,85993858,,,0.2158,none
2020-09-30,4607.580,4634.720,4563.410,4587.400,89081200,,,-0.0958,none
2020-10-09,4663.610,4695.400,4655.090,4681.140,111337512,,,2.0434,none
2020-10-12,4705.190,4823.270,4704.160,4823.160,155784558,,,3.0339,none
2020-10-13,4812.900,4845.920,4795.370,4839.200,116516338,,,0.3326,none
2020-10-14,4830.460,4830.460,4795.910,4807.100,111906923,,,-0.6633,none
2020-10-15,4810.780,4833.890,4796.260,4798.740,109964962,,,-0.1739,none
2020-10-16,4798.920,4825.550,4765.970,4791.680,116716102,,,-0.1471,none
2020-10-19,4823.490,4849.610,4747.340,4755.490,129246361,,,-0.7553,none
2020-10-20,4751.370,4793.470,4739.460,4793.470,98048156,,,0.7987,none
2020-10-21,4801.630,4801.630,4758.860,4792.830,103805703,,,-0.0134,none
2020-10-22,4780.600,4791.810,4725.500,4777.980,101350891,,,-0.3098,none
2020-10-23,4775.470,4802.460,4717.100,4718.490,106825184,,,-1.2451,none
2020-10-26,4684.050,4713.390,4639.300,4691.240,108343275,,,-0.5775,none
2020-10-27,4680.140,4708.460,4671.850,4699.280,92656304,,,0.1714,none
2020-10-28,4703.000,4753.310,4685.600,4737.270,108463402,,,0.8084,none
2020-10-29,4683.610,4803.030,4679.250,4772.920,117117250,,,0.7525,none
2020-10-30,4776.470,4778.510,4683.470,4695.330,139802303,,,-1.6256,none
2020-11-02,4702.750,4738.020,4695.440,4720.830,142867693,,,0.5431,none
2020-11-03,4743.170,4793.400,4734.170,4777.560,136055408,,,1.2017,none
2020-11-04,4781.450,4825.460,4770.560,4813.660,114661806,,,0.7556,none
2020-11-05,4861.340,4885.110,4838.000,4885.110,139244594,,,1.4843,none
2020-11-06,4897.630,4897.630,4845.430,4885.720,153639034,,,0.0125,none
2020-11-09,4918.860,4997.800,4918.860,4981.350,197131984,,,1.9573,none
2020-11-10,4995.410,4995.410,4928.930,4953.880,176267214,,,-0.5515,none
2020-11-11,4937.760,4957.580,4901.710,4904.900,164470515,,,-0.9887,none
2020-11-12,4916.770,4926.340,4891.510,4908.460,118114619,,,0.0726,none
2020-11-13,4886.980,4886.980,4825.760,4856.850,133693079,,,-1.0514,none
2020-11-16,4880.960,4904.170,4848.620,4904.170,148770980,,,0.9743,none
2020-11-17,4903.120,4909.290,4865.390,4894.790,151487464,,,-0.1913,none
2020-11-18,4889.670,4911.090,4870.720,4891.670,164216616,,,-0.0637,none
2020-11-19,4880.920,4939.790,4870.200,4927.990,133681378,,,0.7425,none
2020-11-20,4928.220,4947.430,4922.590,4943.290,129400341,,,0.3105,none
2020-11-23,4954.600,5029.650,4940.450,5005.030,205915187,,,1.2490,none
2020-11-24,4997.050,5001.060,4960.980,4974.290,156637911,,,-0.6142,none
2020-11-25,4992.750,5004.770,4910.700,4910.700,170340527,,,-1.2784,none
2020-11-26,4908.320,4925.290,4867.820,4919.590,137202338,,,0.1810,none
2020-11-27,4930.590,4980.770,4917.350,4980.770,162952922,,,1.2436,none
2020-11-30,4994.110,5055.190,4960.250,4960.250,262638950,,,-0.4120,none
2020-12-01,4963.130,5072.550,4963.130,5067.100,204065638,,,2.1541,none
2020-12-02,5072.980,5090.610,5043.310,5067.140,195435476,,,0.0008,none
2020-12-03,5065.450,5072.300,5033.790,5057.060,177865748,,,-0.1989,none
2020-12-04,5049.520,5072.390,5017.850,5065.920,144347167,,,0.1752,none
2020-12-07,5065.730,5067.870,5014.610,5022.240,139896217,,,-0.8622,none
2020-12-08,5029.110,5043.060,4998.920,5009.880,123073029,,,-0.2461,none
2020-12-09,5022.380,5033.640,4942.520,4942.700,138916965,,,-1.3410,none
2020-12-10,4931.290,4962.740,4919.770,4940.520,125914270,,,-0.0441,none
2020-12-11,4957.820,4957.820,4849.350,4889.630,159357697,,,-1.0301,none
2020-12-14,4903.630,4937.260,4887.660,4934.840,120801552,,,0.9246,none
2020-12-15,4931.600,4954.190,4904.790,4945.100,118342633,,,0.2079,none
2020-12-16,4957.300,4968.860,4938.190,4953.870,106778968,,,0.1773,none
2020-12-17,4960.730,5021.620,4950.370,5017.480,133385479,,,1.2840,none
2020-12-18,5014.320,5027.440,4979.010,4999.970,128049618,,,-0.3490,none
2020-12-21,4995.760,5048.510,4970.000,5046.840,140811782,,,0.9374,none
2020-12-22,5034.980,5055.130,4960.950,4964.770,162344970,,,-1.6262,none
2020-12-23,4977.300,5028.450,4968.150,5007.120,140292819,,,0.8530,none
2020-12-24,5006.010,5033.040,4979.240,5000.020,114418667,,,-0.1418,none
2020-12-25,4985.770,5042.100,4973.680,5042.010,121006979,,,0.8398,none
2020-12-28,5042.940,5089.340,5037.860,5064.410,136914407,,,0.4443,none
2020-12-29,5071.450,5077.420,5034.310,5042.940,141198662,,,-0.4239,none
2020-12-30,5037.980,5113.710,5036.630,5113.710,148626448,,,1.4033,none
2020-12-31,5122.480,5215.620,5122.480,5211.290,171602509,,,1.9082,none
2021-01-04,5212.930,5284.430,5190.940,5267.720,211711382,,,1.0828,none
2021-01-05,5245.840,5368.500,5234.380,5368.500,224931159,,,1.9132,none
2021-01-06,5386.510,5433.470,5341.430,5417.670,193773444,,,0.9159,none
2021-01-07,5428.390,5513.660,5413.350,5513.660,219872080,,,1.7718,none
2021-01-08,5526.290,5547.470,5442.690,5495.430,204324956,,,-0.3306,none
2021-01-11,5504.240,5555.690,5412.500,5441.160,231835983,,,-0.9875,none
2021-01-12,5419.500,5596.350,5417.630,5596.350,224220186,,,2.8521,none
2021-01-13,5609.260,5644.720,5535.140,5577.970,261569886,,,-0.3284,none
2021-01-14,5556.210,5568.020,5458.680,5470.460,243683380,,,-1.9274,none
2021-01-15,5471.390,5500.630,5390.270,5458.080,238637435,,,-0.2263,none
2021-01-18,5438.160,5541.460,5410.780,5518.520,207051869,,,1.1073,none
2021-01-19,5525.970,5532.480,5415.720,5437.520,211043425,,,-1.4678,none
2021-01-20,5439.910,5496.050,5426.540,5476.430,170913260,,,0.7156,none
2021-01-21,5492.960,5593.110,5490.560,5564.970,209950197,,,1.6167,none
2021-01-22,5562.380,5573.660,5513.880,5569.780,199300020,,,0.0864,none
2021-01-25,5564.120,5655.480,5543.270,5625.920,197047019,,,1.0079,none
2021-01-26,5600.900,5600.900,5506.000,5512.970,171904590,,,-2.0077,none
2021-01-27,5505.770,5534.990,5449.640,5528.000,160190841,,,0.2726,none
2021-01-28,5450.370,5462.240,5360.380,5377.140,170485585,,,-2.7290,none
2021-01-29,5413.970,5430.200,5288.100,5351.960,182178784,,,-0.4683,none
2021-02-01,5356.850,5422.300,5342.050,5417.650,166313706,,,1.2274,none
2021-02-02,5429.700,5503.210,5411.520,5501.090,165210565,,,1.5402,none
2021-02-03,5499.300,5532.890,5473.120,5485.200,188054317,,,-0.2889,none
2021-02-04,5453.980,5510.050,5411.570,5473.950,180575654,,,-0.2051,none
2021-02-05,5494.700,5550.770,5477.650,5483.410,189699598,,,0.1728,none
2021-02-08,5506.140,5576.490,5479.850,5564.560,164033775,,,1.4799,none
2021-02-09,5584.170,5686.250,5555.050,5686.250,164887260,,,2.1869,none
2021-02-10,5709.680,5823.420,5707.330,5807.720,170169786,,,2.1362,none
2021-02-18,5922.070,5930.910,5747.660,5768.380,218848686,,,-0.6774,none
2021-02-19,5734.020,5787.890,5667.320,5778.840,214475780,,,0.1813,none
2021-02-22,5785.510,5785.510,5597.330,5597.330,282124382,,,-3.1409,none
2021-02-23,5542.680,5644.760,5541.110,5579.670,233807727,,,-0.3155,none
2021-02-24,5591.480,5598.830,5379.730,5437.570,225428610,,,-2.5467,none
2021-02-25,5494.470,5527.630,5444.160,5469.560,230736028,,,0.5883,none
2021-02-26,5343.900,5416.320,5318.860,5336.760,212264543,,,-2.4280,none
2021-03-01,5389.250,5421.560,5345.940,5418.780,177463523,,,1.5369,none
2021-03-02,5453.280,5454.970,5305.050,5349.630,196511115,,,-1.2761,none
2021-03-03,5327.350,5452.400,5316.480,5452.210,194709054,,,1.9175,none
2021-03-04,5388.480,5392.370,5254.780,5280.710,212775211,,,-3.1455,none
2021-03-05,5191.970,5307.820,5174.250,5262.800,202627956,,,-0.3392,none
2021-03-08,5299.790,5326.260,5079.800,5080.020,230231635,,,-3.4731,none
2021-03-09,5066.150,5094.310,4917.910,4971.000,230711004,,,-2.1461,none
2021-03-10,5047.060,5055.280,4981.620,5003.610,169928490,,,0.6560,none
2021-03-11,5024.560,5138.410,5020.580,5128.220,189600766,,,2.4904,none
2021-03-12,5153.670,5153.670,5086.820,5146.380,201020589,,,0.3541,none
2021-03-15,5116.120,5120.880,4992.400,5035.540,204153084,,,-2.1537,none
2021-03-16,5054.410,5084.310,5009.950,5079.360,161390054,,,0.8702,none
2021-03-17,5062.770,5123.550,5020.130,5100.860,149162376,,,0.4233,none
2021-03-18,5114.590,5160.460,5111.130,5141.770,142901518,,,0.8020,none
2021-03-19,5068.530,5089.920,4980.760,5007.090,164174849,,,-2.6193,none
2021-03-22,5008.400,5071.340,4996.540,5057.150,167402632,,,0.9998,none
2021-03-23,5057.060,5064.020,4966.530,5009.250,158013967,,,-0.9472,none
2021-03-24,4985.400,5024.330,4919.890,4928.690,159385982,,,-1.6082,none
2021-03-25,4904.070,4950.760,4883.660,4926.350,132945189,,,-0.0475,none
2021-03-26,4953.950,5050.830,4953.950,5037.990,145926697,,,2.2662,none
2021-03-29,5052.260,5086.650,5010.390,5046.880,143388215,,,0.1765,none
2021-03-30,5043.100,5106.040,5032.800,5094.730,138618560,,,0.9481,none
2021-03-31,5085.950,5085.950,5015.610,5048.360,141335743,,,-0.9102,none
2021-04-01,5059.940,5115.430,5056.870,5110.780,120324890,,,1.2364,none
2021-04-02,5129.850,5169.830,5116.350,5161.560,127002254,,,0.9936,none
2021-04-06,5178.640,5181.150,5125.330,5140.340,109834210,,,-0.4111,none
2021-04-07,5141.660,5141.660,5065.190,5103.740,145763748,,,-0.7120,none
2021-04-08,5078.260,5129.130,5062.070,5112.210,141771047,,,0.1660,none
2021-04-09,5100.040,5100.040,5022.090,5035.340,128416509,,,-1.5037,none
2021-04-12,5026.980,5045.600,4933.010,4947.750,152644314,,,-1.7395,none
2021-04-13,4949.810,4994.540,4924.200,4939.640,132919358,,,-0.1639,none
2021-04-14,4945.690,4987.120,4940.270,4980.630,120860838,,,0.8298,none
2021-04-15,4969.910,4969.910,4900.300,4948.970,108829384,,,-0.6357,none
2021-04-16,4966.900,4979.170,4917.960,4966.180,111239924,,,0.3477,none
2021-04-19,4966.410,5088.210,4940.750,5087.020,154769824,,,2.4333,none
2021-04-20,5065.780,5119.860,5058.920,5083.370,136541700,,,-0.0718,none
2021-04-21,5055.240,5110.560,5047.990,5098.740,124637277,,,0.3024,none
2021-04-22,5114.280,5119.220,5067.140,5089.240,121167645,,,-0.1863,none
2021-04-23,5088.830,5149.980,5086.490,5135.450,122056991,,,0.9080,none
2021-04-26,5156.590,5181.110,5072.960,5077.240,151381967,,,-1.1335,none
2021-04-27,5076.640,5095.980,5042.610,5090.520,123961837,,,0.2616,none
2021-04-28,5073.970,5119.450,5059.260,5119.240,120620318,,,0.5642,none
2021-04-29,5128.280,5170.590,5113.650,5164.170,140092480,,,0.8777,none
2021-04-30,5156.360,5163.250,5094.930,5123.490,160121621,,,-0.7877,none
2021-05-06,5098.800,5132.900,5037.410,5061.120,158822630,,,-1.2173,none
2021-05-07,5073.460,5093.750,4996.040,4996.050,172258321,,,-1.2857,none
2021-05-10,5001.440,5019.390,4953.700,4992.420,170820585,,,-0.0727,none
2021-05-11,4956.080,5033.490,4925.920,5023.060,151526497,,,0.6137,none
2021-05-12,5003.820,5051.170,4995.400,5044.550,126619086,,,0.4278,none
2021-05-13,4992.350,5022.080,4975.450,4992.970,132279406,,,-1.0225,none
2021-05-14,5007.630,5112.980,4981.290,5110.590,159426180,,,2.3557,none
2021-05-17,5115.310,5206.690,5115.310,5184.990,153889634,,,1.4558,none
2021-05-18,5190.930,5201.670,5156.790,5187.600,118404261,,,0.0503,none
2021-05-19,5173.170,5193.560,5151.640,5172.270,118729983,,,-0.2955,none
2021-05-20,5167.050,5201.590,5152.040,5186.410,138454775,,,0.2734,none
2021-05-21,5199.130,5216.160,5123.120,5134.150,124768485,,,-1.0076,none
2021-05-24,5138.810,5155.590,5092.390,5155.590,126742336,,,0.4176,none
2021-05-25,5165.040,5324.360,5161.520,5318.480,182996839,,,3.1595,none
2021-05-26,5326.120,5344.280,5308.740,5320.590,169607096,,,0.0397,none
2021-05-27,5311.370,5378.480,5286.050,5338.230,148462855,,,0.3315,none
2021-05-28,5338.730,5360.280,5288.650,5321.090,164605806,,,-0.3211,none
2021-05-31,5318.080,5331.630,5281.690,5331.570,144603269,,,0.1970,none
2021-06-01,5320.470,5343.750,5269.260,5341.680,143831474,,,0.1896,none
2021-06-02,5348.340,5352.640,5266.790,5289.970,137754319,,,-0.9680,none
2021-06-03,5285.710,5314.370,5255.070,5255.290,141968878,,,-0.6556,none
2021-06-04,5228.280,5334.490,5221.230,5282.280,144732087,,,0.5136,none
2021-06-07,5284.890,5286.840,5242.950,5277.630,127704971,,,-0.0880,none
2021-06-08,5276.970,5319.040,5201.140,5232.120,130559532,,,-0.8623,none
2021-06-09,5224.950,5253.360,5215.350,5236.450,121820321,,,0.0828,none
2021-06-10,5236.470,5299.530,5229.520,5271.470,138991967,,,0.6688,none
2021-06-11,5275.750,5276.100,5213.600,5224.700,180807173,,,-0.8872,none
2021-06-15,5218.560,5225.500,5137.410,5166.560,142880058,,,-1.1128,none
2021-06-16,5163.250,5164.520,5076.020,5080.490,125147985,,,-1.6659,none
2021-06-17,5074.380,5123.370,5073.820,5101.890,120452518,,,0.4212,none
2021-06-18,5104.930,5128.030,5064.920,5102.470,148585805,,,0.0114,none
2021-06-21,5088.090,5123.780,5058.570,5090.390,132184516,,,-0.2367,none
2021-06-22,5106.070,5125.820,5086.280,5122.160,130416753,,,0.6241,none
2021-06-23,5127.190,5171.030,5109.760,5147.390,136356058,,,0.4926,none
2021-06-24,5156.560,5160.430,5120.580,5155.970,126685625,,,0.1667,none
2021-06-25,5159.800,5251.610,5157.480,5239.970,154931061,,,1.6292,none
2021-06-28,5253.610,5260.640,5226.220,5251.760,133193783,,,0.2250,none
2021-06-29,5248.520,5248.520,5182.680,5190.540,125162997,,,-1.1657,none
2021-06-30,5189.380,5231.430,5186.630,5224.040,103752671,,,0.6454,none
2021-07-01,5241.200,5252.260,5190.880,5229.660,127240620,,,0.1076,none
2021-07-02,5186.660,5186.660,5074.360,5081.120,130426424,,,-2.8403,none
2021-07-05,5073.780,5098.230,5048.000,5085.790,131211589,,,0.0919,none
2021-07-06,5089.780,5092.210,5028.510,5083.100,140655220,,,-0.0529,none
2021-07-07,5052.420,5152.770,5045.410,5140.490,148549060,,,1.1290,none
2021-07-08,5149.310,5151.220,5078.930,5088.260,173901008,,,-1.0161,none
2021-07-09,5063.150,5081.410,5006.410,5069.440,160653226,,,-0.3699,none
2021-07-12,5108.380,5159.410,5070.320,5132.710,206212039,,,1.2481,none
2021-07-13,5128.610,5154.050,5114.940,5142.100,166482209,,,0.1829,none
2021-07-14,5130.750,5130.750,5075.130,5083.080,188352720,,,-1.1478,none
2021-07-15,5073.260,5153.810,5067.680,5151.460,181077103,,,1.3452,none
2021-07-16,5140.900,5140.900,5090.630,5094.770,169955982,,,-1.1005,none
2021-07-19,5083.730,5120.820,5047.620,5113.490,153199589,,,0.3674,none
2021-07-20,5080.220,5114.000,5067.860,5108.990,129300044,,,-0.0880,none
2021-07-21,5122.780,5160.540,5122.300,5144.040,167976469,,,0.6860,none
2021-07-22,5150.390,5171.210,5137.880,5151.750,185556864,,,0.1499,none
2021-07-23,5145.430,5145.430,5080.000,5089.230,216536847,,,-1.2136,none
2021-07-26,5067.310,5067.310,4859.600,4925.300,228111710,,,-3.2211,none
2021-07-27,4924.280,4940.860,4749.030,4751.310,236631225,,,-3.5326,none
2021-07-28,4714.290,4785.660,4663.900,4760.480,192634393,,,0.1930,none
2021-07-29,4845.760,4857.970,4800.010,4850.270,173322054,,,1.8862,none
2021-07-30,4825.700,4825.700,4761.040,4811.170,182349776,,,-0.8061,none
2021-08-02,4794.820,4938.820,4761.460,4933.740,227194918,,,2.5476,none
2021-08-03,4909.230,4957.030,4890.850,4934.460,203533360,,,0.0146,none
2021-08-04,4927.740,4979.290,4919.660,4978.850,175466461,,,0.8996,none
2021-08-05,4946.170,4997.140,4921.940,4948.670,167381829,,,-0.6062,none
2021-08-06,4943.040,4944.350,4891.800,4921.560,154179688,,,-0.5478,none
2021-08-09,4890.260,5002.890,4884.040,4985.560,182436871,,,1.3004,none
2021-08-10,4977.820,5043.760,4941.240,5043.150,167051902,,,1.1551,none
2021-08-11,5037.080,5059.790,5009.980,5015.340,182266074,,,-0.5514,none
2021-08-12,4998.070,5016.260,4962.990,4973.350,168223733,,,-0.8372,none
2021-08-13,4958.760,4993.740,4921.280,4945.980,158314321,,,-0.5503,none
2021-08-16,4935.920,4973.380,4931.370,4941.070,161953373,,,-0.0993,none
2021-08-17,4935.000,4967.560,4823.390,4837.400,187573472,,,-2.0981,none
2021-08-18,4838.470,4909.540,4818.900,4894.240,197474378,,,1.1750,none
2021-08-19,4886.560,4893.470,4839.570,4862.140,201711719,,,-0.6559,none
2021-08-20,4817.490,4835.150,4720.830,4769.270,177635810,,,-1.9101,none
2021-08-23,4777.730,4843.820,4764.010,4835.880,167579093,,,1.3966,none
2021-08-24,4844.590,4906.200,4842.750,4888.390,197883163,,,1.0858,none
2021-08-25,4890.520,4899.770,4865.760,4898.160,189448016,,,0.1999,none
2021-08-26,4892.200,4892.200,4798.700,4801.610,197617387,,,-1.9711,none
2021-08-27,4794.970,4863.470,4793.590,4827.040,183310211,,,0.5296,none
2021-08-30,4847.030,4849.160,4787.200,4813.270,219635757,,,-0.2853,none
2021-08-31,4803.090,4821.760,4740.750,4805.610,235118658,,,-0.1591,none
2021-09-01,4804.690,4906.400,4763.300,4869.460,326721080,,,1.3287,none
2021-09-02,4865.820,4892.700,4845.620,4869.410,267858013,,,-0.0010,none
2021-09-03,4875.070,4886.550,4828.700,4843.060,268091896,,,-0.5411,none
2021-09-06,4841.060,4944.450,4837.790,4933.730,240507245,,,1.8722,none
2021-09-07,4932.980,5005.960,4915.610,4992.830,244178519,,,1.1979,none
2021-09-08,4986.800,5013.980,4955.890,4972.130,264615315,,,-0.4146,none
2021-09-09,4952.490,4970.150,4929.950,4970.010,256530217,,,-0.0426,none
2021-09-10,4967.980,5042.800,4962.370,5013.520,288304352,,,0.8755,none
2021-09-13,5006.770,5029.720,4964.960,4991.660,249915298,,,-0.4360,none
2021-09-14,4989.830,5000.980,4907.320,4917.160,245590402,,,-1.4925,none
2021-09-15,4903.850,4903.850,4843.120,4867.320,187984730,,,-1.0136,none
2021-09-16,4866.790,4879.530,4806.140,4807.700,216752099,,,-1.2249,none
2021-09-17,4797.110,4857.960,4786.090,4855.940,201958127,,,1.0034,none
2021-09-22,4770.730,4830.850,4765.230,4821.770,191220376,,,-0.7037,none
2021-09-23,4848.220,4877.340,4837.560,4853.200,228151064,,,0.6518,none
2021-09-24,4845.640,4897.060,4838.540,4849.430,207693290,,,-0.0777,none
2021-09-27,4870.850,4922.560,4852.200,4877.370,215967030,,,0.5762,none
2021-09-28,4869.080,4901.310,4846.630,4883.830,176890880,,,0.1324,none
2021-09-29,4846.020,4868.070,4799.880,4833.930,188171366,,,-1.0217,none
2021-09-30,4843.950,4876.070,4843.950,4866.380,146113896,,,0.6713,none
2021-10-08,4915.730,4937.090,4891.620,4929.940,168968077,,,1.3061,none
2021-10-11,4941.290,4983.730,4930.710,4936.190,163511624,,,0.1268,none
2021-10-12,4920.660,4925.490,4840.770,4883.840,168079337,,,-1.0605,none
2021-10-13,4880.140,4953.370,4869.830,4940.110,131142813,,,1.1522,none
2021-10-14,4934.260,4953.920,4903.250,4913.610,119557013,,,-0.5364,none
2021-10-15,4896.560,4939.820,4881.010,4932.110,142822001,,,0.3765,none
2021-10-18,4922.510,4922.510,4844.940,4874.780,141245199,,,-1.1624,none
2021-10-19,4869.390,4928.140,4868.810,4922.720,135266493,,,0.9834,none
2021-10-20,4926.770,4944.020,4898.370,4910.180,141533183,,,-0.2547,none
2021-10-21,4914.740,4946.180,4893.850,4928.020,148898154,,,0.3633,none
2021-10-22,4934.870,4989.890,4934.870,4959.730,143926228,,,0.6435,none
2021-10-25,4940.900,4981.650,4930.110,4979.520,141861490,,,0.3990,none
2021-10-26,4983.240,5002.570,4953.480,4963.100,140888943,,,-0.3298,none
2021-10-27,4949.230,4949.230,4884.940,4898.160,147111593,,,-1.3085,none
2021-10-28,4882.590,4898.660,4846.280,4864.140,156649472,,,-0.6945,none
2021-10-29,4861.270,4908.770,4855.760,4908.770,159887353,,,0.9175,none
2021-11-01,4878.130,4908.210,4858.250,4890.690,171583974,,,-0.3683,none
2021-11-02,4886.180,4911.230,4797.900,4839.850,185437688,,,-1.0395,none
2021-11-03,4835.810,4858.710,4804.370,4821.110,142763820,,,-0.3872,none
2021-11-04,4841.090,4873.940,4834.740,4868.740,132592970,,,0.9879,none
2021-11-05,4858.900,4889.680,4841.740,4842.350,147789359,,,-0.5420,none
2021-11-08,4841.150,4866.080,4827.690,4848.180,137398264,,,0.1204,none
2021-11-09,4858.250,4870.790,4818.540,4846.740,118375526,,,-0.0297,none
2021-11-10,4832.800,4832.800,4754.000,4821.190,135118179,,,-0.5272,none
2021-11-11,4814.770,4898.650,4809.110,4898.650,160484863,,,1.6067,none
2021-11-12,4902.930,4909.080,4875.350,4888.370,132662969,,,-0.2099,none
2021-11-15,4894.410,4906.330,4863.400,4882.380,121823149,,,-0.1225,none
2021-11-16,4880.900,4915.370,4876.500,4883.320,127254406,,,0.0193,none
2021-11-17,4883.250,4891.520,4864.520,4885.750,108459223,,,0.0498,none
2021-11-18,4871.420,4871.420,4830.410,4837.620,114480565,,,-0.9851,none
2021-11-19,4832.060,4892.810,4829.570,4890.060,127198312,,,1.0840,none
2021-11-22,4895.390,4919.000,4893.270,4912.400,138092836,,,0.4568,none
2021-11-23,4905.760,4927.520,4896.880,4913.350,154304411,,,0.0193,none
2021-11-24,4914.030,4935.490,4899.610,4916.660,137150673,,,0.0674,none
2021-11-25,4917.610,4921.330,4891.730,4896.440,115984031,,,-0.4113,none
2021-11-26,4886.950,4886.950,4850.810,4860.130,120368974,,,-0.7416,none
2021-11-29,4820.010,4858.530,4818.710,4851.420,133626862,,,-0.1792,none
2021-11-30,4857.180,4871.250,4810.220,4832.030,129630596,,,-0.3997,none
2021-12-01,4831.890,4844.520,4823.930,4843.850,123086789,,,0.2446,none
2021-12-02,4839.910,4866.850,4830.320,4856.160,148088521,,,0.2541,none
2021-12-03,4856.980,4901.020,4853.350,4901.020,144059626,,,0.9238,none
2021-12-06,4909.430,4943.900,4888.690,4892.620,173615683,,,-0.1714,none
2021-12-07,4930.830,4934.100,4895.220,4922.100,179053460,,,0.6025,none
2021-12-08,4934.410,4995.930,4915.790,4995.930,157490559,,,1.5000,none
2021-12-09,5000.690,5114.500,4999.410,5078.690,220568776,,,1.6565,none
2021-12-10,5046.270,5060.060,5035.810,5055.120,193695154,,,-0.4641,none
2021-12-13,5090.020,5143.840,5079.730,5083.800,211801596,,,0.5673,none
2021-12-14,5066.350,5075.210,5038.860,5049.700,159107790,,,-0.6708,none
2021-12-15,5036.280,5060.370,5003.780,5005.900,150529752,,,-0.8674,none
2021-12-16,5006.610,5034.730,4987.220,5034.730,144053867,,,0.5759,none
2021-12-17,5021.340,5022.110,4954.760,4954.760,149005399,,,-1.5884,none
2021-12-20,4934.970,4971.670,4872.680,4880.420,169675690,,,-1.5004,none
2021-12-21,4876.510,4917.800,4872.950,4913.490,143339898,,,0.6776,none
2021-12-22,4924.580,4936.670,4903.170,4914.450,133256740,,,0.0195,none
2021-12-23,4924.290,4948.740,4906.750,4948.740,139555406,,,0.6977,none
2021-12-24,4953.060,4964.910,4905.980,4921.340,142673323,,,-0.5537,none
2021-12-27,4918.150,4939.690,4894.160,4919.320,124100952,,,-0.0410,none
2021-12-28,4923.690,4959.140,4913.600,4955.960,130457757,,,0.7448,none
2021-12-29,4958.650,4958.650,4883.480,4883.480,113587002,,,-1.4625,none
2021-12-30,4882.160,4940.180,4878.650,4921.510,121617178,,,0.7787,none
2021-12-31,4937.460,4950.360,4923.140,4940.370,121313737,,,0.3832,none
2022-01-04,4957.980,4961.450,4874.530,4917.770,151534776,,,-0.4575,none
2022-01-05,4907.930,4916.280,4851.980,4868.120,178816100,,,-1.0096,none
2022-01-06,4842.160,4857.560,4786.430,4818.230,157665826,,,-1.0248,none
2022-01-07,4824.320,4856.650,4818.190,4822.370,187139413,,,0.0859,none
2022-01-10,4812.230,4844.390,4780.820,4844.050,156211696,,,0.4496,none
2022-01-11,4840.010,4850.880,4791.890,4797.770,146928004,,,-0.9554,none
2022-01-12,4818.890,4852.730,4810.920,4845.580,143200204,,,0.9965,none
2022-01-13,4853.030,4853.060,4765.240,4765.920,142519653,,,-1.6440,none
2022-01-14,4743.910,4764.050,4723.940,4726.730,146863126,,,-0.8223,none
2022-01-17,4728.760,4775.240,4726.710,4767.280,115295691,,,0.8579,none
2022-01-18,4766.780,4826.300,4747.920,4813.350,150870802,,,0.9664,none
2022-01-19,4815.810,4828.750,4755.930,4780.380,133927360,,,-0.6850,none
2022-01-20,4778.260,4845.000,4777.570,4823.510,164971315,,,0.9022,none
2022-01-21,4808.770,4818.310,4762.560,4779.310,138952585,,,-0.9163,none
2022-01-24,4753.940,4801.100,4746.450,4786.740,114463880,,,0.1555,none
2022-01-25,4761.950,4781.390,4678.250,4678.450,133667586,,,-2.2623,none
2022-01-26,4697.100,4718.990,4648.130,4712.310,107070842,,,0.7237,none
2022-01-27,4708.100,4708.440,4616.030,4619.880,121263804,,,-1.9615,none
2022-01-28,4641.810,4660.520,4559.830,4563.770,126480112,,,-1.2145,none
2022-02-07,4638.580,4672.650,4615.010,4634.090,144849720,,,1.5408,none
2022-02-08,4626.440,4626.440,4522.470,4608.770,155830708,,,-0.5464,none
2022-02-09,4608.150,4659.460,4595.280,4652.060,148335547,,,0.9393,none
2022-02-10,4657.210,4657.210,4608.090,4639.860,151576666,,,-0.2622,none
2022-02-11,4617.870,4662.600,4595.880,4601.400,155974584,,,-0.8289,none
2022-02-14,4579.420,4593.630,4530.060,4551.690,143673894,,,-1.0803,none
2022-02-15,4553.810,4601.450,4550.540,4600.100,115025600,,,1.0636,none
2022-02-16,4619.850,4643.100,4607.220,4617.990,107258955,,,0.3889,none
2022-02-17,4616.900,4650.160,4606.950,4629.160,110014643,,,0.2419,none
2022-02-18,4604.570,4651.340,4598.100,4651.240,104550228,,,0.4770,none
2022-02-21,4646.050,4646.670,4613.300,4634.310,112516512,,,-0.3640,none
2022-02-22,4601.920,4602.070,4550.800,4574.150,123317237,,,-1.2981,none
2022-02-23,4582.010,4625.300,4579.290,4623.050,122952916,,,1.0691,none
2022-02-24,4592.070,4610.880,4488.480,4529.320,184403058,,,-2.0274,none
2022-02-25,4564.630,4611.860,4561.900,4573.420,149722583,,,0.9737,none
2022-02-28,4563.740,4581.650,4530.680,4581.650,135406978,,,0.1800,none
2022-03-01,4597.860,4623.430,4583.920,4619.690,123139220,,,0.8303,none
2022-03-02,4594.020,4594.020,4558.440,4578.600,113298325,,,-0.8895,none
2022-03-03,4595.020,4599.400,4544.430,4551.630,138285877,,,-0.5890,none
2022-03-04,4513.360,4539.390,4481.490,4496.430,127266806,,,-1.2128,none
2022-03-07,4462.520,4462.520,4338.300,4352.780,162197706,,,-3.1948,none
2022-03-08,4361.640,4383.650,4252.540,4265.390,167863277,,,-2.0077,none
2022-03-09,4280.980,4304.480,4068.190,4226.350,194232900,,,-0.9153,none
2022-03-10,4326.200,4335.670,4288.510,4292.840,145266383,,,1.5732,none
2022-03-11,4231.200,4316.040,4176.450,4306.520,152399921,,,0.3187,none
2022-03-14,4248.150,4280.360,4174.760,4174.760,130187236,,,-3.0595,none
2022-03-15,4125.490,4163.420,3983.810,3983.810,202524699,,,-4.5739,none
2022-03-16,4053.100,4168.590,3942.860,4156.080,196021982,,,4.3243,none
2022-03-17,4237.670,4302.740,4217.800,4237.700,179407344,,,1.9639,none
2022-03-18,4218.470,4283.370,4194.940,4265.900,149458305,,,0.6655,none
2022-03-21,4280.140,4287.820,4223.020,4258.750,127036360,,,-0.1676,none
2022-03-22,4252.570,4283.330,4236.690,4255.300,126382470,,,-0.0810,none
2022-03-23,4269.610,4287.580,4241.960,4276.520,117089078,,,0.4987,none
2022-03-24,4249.530,4273.960,4216.850,4251.310,108918272,,,-0.5895,none
2022-03-25,4249.070,4254.840,4173.930,4174.570,108808046,,,-1.8051,none
2022-03-28,4128.840,4174.120,4091.300,4148.470,118449021,,,-0.6252,none
2022-03-29,4155.420,4177.210,4124.720,4134.140,100266972,,,-0.3454,none
2022-03-30,4162.170,4254.100,4160.740,4254.100,138346024,,,2.9017,none
2022-03-31,4234.720,4247.360,4214.540,4222.600,134029185,,,-0.7405,none
2022-04-01,4198.820,4290.670,4190.080,4276.160,133803053,,,1.2684,none
2022-04-06,4258.830,4277.520,4236.730,4263.840,159062195,,,-0.2881,none
2022-04-07,4240.020,4278.110,4205.740,4209.100,134880353,,,-1.2838,none
2022-04-08,4213.210,4237.810,4175.530,4230.770,142843793,,,0.5148,none
2022-04-11,4203.790,4203.790,4089.090,4100.070,148197071,,,-3.0893,none
2022-04-12,4102.970,4179.970,4075.800,4179.970,144285684,,,1.9487,none
2022-04-13,4154.410,4194.040,4139.740,4139.740,125097489,,,-0.9624,none
2022-04-14,4172.640,4217.060,4155.550,4191.570,124791316,,,1.2520,none
2022-04-15,4162.370,4211.320,4152.970,4188.750,124762263,,,-0.0673,none
2022-04-18,4152.930,4171.740,4119.990,4166.380,117504610,,,-0.5340,none
2022-04-19,4161.930,4186.940,4115.420,4134.900,110217471,,,-0.7556,none
2022-04-20,4130.540,4136.170,4060.500,4070.790,117331658,,,-1.5505,none
2022-04-21,4048.730,4086.440,3978.370,3995.830,132783828,,,-1.8414,none
2022-04-22,3967.200,4037.080,3953.720,4013.250,122101811,,,0.4360,none
2022-04-25,3933.450,3958.210,3814.910,3814.910,168364502,,,-4.9421,none
2022-04-26,3822.490,3871.850,3773.900,3784.120,157577611,,,-0.8071,none
2022-04-27,3758.080,3895.730,3757.090,3895.540,172734046,,,2.9444,none
2022-04-28,3883.420,3943.430,3873.580,3921.110,153056586,,,0.6564,none
2022-04-29,3939.620,4017.430,3898.570,4016.240,179458377,,,2.4261,none
2022-05-05,3995.350,4039.700,3988.930,4010.210,154170716,,,-0.1501,none
2022-05-06,3928.850,3947.240,3902.050,3908.820,123005551,,,-2.5283,none
2022-05-09,3883.950,3914.110,3854.940,3877.440,92936694,,,-0.8028,none
2022-05-10,3820.630,3932.680,3808.570,3919.870,136416918,,,1.0943,none
2022-05-11,3917.930,4033.300,3916.520,3976.420,165632256,,,1.4426,none
2022-05-12,3949.950,3985.930,3935.590,3958.740,113376066,,,-0.4446,none
2022-05-13,3983.820,4003.850,3957.140,3988.600,109968357,,,0.7543,none
2022-05-16,4015.000,4018.030,3947.750,3956.540,112425294,,,-0.8038,none
2022-05-17,3961.760,4005.890,3955.100,4005.890,109661454,,,1.2473,none
2022-05-18,4015.010,4017.340,3964.750,3991.910,108074233,,,-0.3490,none
2022-05-19,3938.300,3999.600,3933.750,3999.600,116293420,,,0.1926,none
2022-05-20,4020.820,4077.600,4020.820,4077.600,147069173,,,1.9502,none
2022-05-23,4080.970,4080.970,4029.080,4053.980,130477810,,,-0.5793,none
2022-05-24,4052.870,4055.780,3959.150,3959.150,145554336,,,-2.3392,none
2022-05-25,3959.770,3983.620,3946.810,3983.180,107734015,,,0.6069,none
2022-05-26,3987.680,4015.750,3938.240,3993.040,126263689,,,0.2475,none
2022-05-27,4022.710,4051.140,3983.380,4001.300,112769337,,,0.2069,none
2022-05-30,4020.860,4040.820,4003.380,4029.020,111152241,,,0.6928,none
2022-05-31,4031.760,4096.200,4020.380,4091.520,135415513,,,1.5512,none
2022-06-01,4086.620,4094.900,4058.850,4083.180,114850879,,,-0.2038,none
2022-06-02,4064.000,4091.150,4057.910,4089.570,113893638,,,0.1565,none
2022-06-06,4090.530,4166.620,4063.910,4166.090,167871011,,,1.8711,none
2022-06-07,4165.690,4198.090,4155.170,4179.130,142992881,,,0.3130,none
2022-06-08,4187.150,4224.810,4158.030,4219.810,157374057,,,0.9734,none
2022-06-09,4211.720,4227.450,4160.880,4175.670,168449154,,,-1.0460,none
2022-06-10,4145.650,4241.350,4140.220,4238.990,184796214,,,1.5164,none
2022-06-13,4194.460,4218.230,4156.710,4189.350,168475622,,,-1.1710,none
2022-06-14,4143.220,4224.090,4102.930,4222.310,171385904,,,0.7868,none
2022-06-15,4228.290,4348.420,4228.290,4278.220,257046590,,,1.3242,none
2022-06-16,4282.080,4302.920,4241.080,4250.060,184074416,,,-0.6582,none
2022-06-17,4219.230,4318.770,4218.680,4309.040,158649098,,,1.3877,none
2022-06-20,4322.830,4368.360,4297.890,4330.430,165666382,,,0.4964,none
2022-06-21,4327.920,4357.340,4287.140,4325.570,164667615,,,-0.1122,none
2022-06-22,4331.900,4333.180,4269.250,4270.620,158565854,,,-1.2704,none
2022-06-23,4277.960,4343.880,4260.900,4343.880,170882360,,,1.7154,none
2022-06-24,4354.550,4400.690,4346.120,4394.770,168972199,,,1.1715,none
2022-06-27,4414.330,4472.690,4414.330,4444.260,177385676,,,1.1261,none
2022-06-28,4442.580,4497.890,4407.350,4490.520,174756489,,,1.0409,none
2022-06-29,4472.730,4503.130,4414.000,4421.360,187276688,,,-1.5401,none
2022-06-30,4418.070,4515.000,4418.070,4485.010,156666289,,,1.4396,none
2022-07-01,4489.520,4500.990,4449.290,4466.720,144779599,,,-0.4078,none
2022-07-04,4447.220,4496.030,4427.820,4496.030,146345651,,,0.6562,none
2022-07-05,4505.460,4530.320,4439.450,4489.540,154962415,,,-0.1443,none
2022-07-06,4475.480,4484.360,4393.420,4423.970,149800235,,,-1.4605,none
2022-07-07,4425.280,4457.340,4391.190,4443.470,132660906,,,0.4408,none
2022-07-08,4468.060,4479.490,4426.890,4428.780,123195739,,,-0.3306,none
2022-07-11,4406.150,4406.150,4330.580,4354.620,134448578,,,-1.6745,none
2022-07-12,4352.650,4370.340,4296.620,4313.620,130187838,,,-0.9415,none
2022-07-13,4313.360,4341.470,4284.940,4321.460,131113179,,,0.1817,none
2022-07-14,4308.820,4352.100,4292.760,4322.070,145250926,,,0.0141,none
2022-07-15,4299.470,4344.860,4248.530,4248.530,150214453,,,-1.7015,none
2022-07-18,4262.150,4300.780,4217.510,4292.590,122601192,,,1.0371,none
2022-07-19,4288.440,4288.440,4238.820,4269.340,103805730,,,-0.5416,none
2022-07-20,4291.280,4303.370,4269.970,4283.800,94490144,,,0.3387,none
2022-07-21,4270.360,4283.150,4236.050,4236.060,117156344,,,-1.1144,none
2022-07-22,4251.790,4275.470,4207.310,4238.230,103840624,,,0.0512,none
2022-07-25,4233.930,4234.840,4201.920,4212.640,83636664,,,-0.6038,none
2022-07-26,4220.090,4259.990,4214.530,4245.980,85823274,,,0.7914,none
2022-07-27,4236.150,4242.100,4217.280,4225.040,78904940,,,-0.4932,none
2022-07-28,4242.270,4267.920,4223.030,4225.670,107531930,,,0.0149,none
2022-07-29,4226.420,4243.510,4160.870,4170.100,114179286,,,-1.3151,none
2022-08-01,4160.650,4196.570,4129.450,4188.680,107749029,,,0.4456,none
2022-08-02,4144.380,4144.380,4071.430,4107.020,142224425,,,-1.9495,none
2022-08-03,4114.830,4150.980,4058.180,4066.980,116666124,,,-0.9749,none
2022-08-04,4089.440,4108.160,4064.660,4101.540,89532644,,,0.8498,none
2022-08-05,4109.630,4159.490,4097.860,4156.910,102571004,,,1.3500,none
2022-08-08,4142.110,4155.730,4135.080,4148.070,90208138,,,-0.2127,none
2022-08-09,4143.670,4161.810,4131.430,4156.290,84136959,,,0.1982,none
2022-08-10,4149.210,4160.790,4092.550,4109.740,85565839,,,-1.1200,none
2022-08-11,4130.740,4193.810,4116.060,4193.540,121385051,,,2.0391,none
2022-08-12,4185.420,4202.470,4175.050,4191.150,106808295,,,-0.0570,none
2022-08-15,4180.000,4219.920,4174.300,4185.680,105898495,,,-0.1305,none
2022-08-16,4190.530,4208.800,4170.520,4177.840,93906139,,,-0.1873,none
2022-08-17,4182.570,4222.790,4155.170,4216.960,112864659,,,0.9364,none
2022-08-18,4205.790,4211.910,4173.540,4180.100,101052650,,,-0.8741,none
2022-08-19,4174.550,4185.660,4151.070,4151.070,117402978,,,-0.6945,none
2022-08-22,4135.160,4183.650,4134.200,4181.400,112442720,,,0.7307,none
2022-08-23,4175.530,4187.390,4147.410,4161.080,103153512,,,-0.4860,none
2022-08-24,4168.580,4174.160,4079.090,4082.420,119069679,,,-1.8904,none
2022-08-25,4093.290,4119.620,4058.750,4116.240,111320745,,,0.8284,none
2022-08-26,4127.810,4139.790,4102.680,4107.550,99000493,,,-0.2111,none
2022-08-29,4063.880,4092.950,4059.600,4089.520,94354432,,,-0.4389,none
2022-08-30,4088.530,4093.140,4048.520,4075.790,93301662,,,-0.3357,none
2022-08-31,4057.140,4112.850,4046.620,4078.840,132449765,,,0.0748,none
2022-09-01,4066.190,4090.890,4041.130,4043.740,97387071,,,-0.8605,none
2022-09-02,4054.840,4056.180,4004.910,4023.610,86789278,,,-0.4978,none
2022-09-05,4010.410,4017.000,3982.740,4015.430,93767109,,,-0.2033,none
2022-09-06,4024.470,4054.000,4009.580,4052.280,113506265,,,0.9177,none
2022-09-07,4032.720,4067.540,4028.370,4054.980,107678059,,,0.0666,none
2022-09-08,4059.170,4067.760,4036.020,4037.680,100886049,,,-0.4266,none
2022-09-09,4050.590,4099.010,4042.250,4093.790,118427114,,,1.3897,none
2022-09-13,4112.010,4128.110,4097.140,4111.110,111789737,,,0.4231,none
2022-09-14,4058.040,4089.060,4047.920,4065.360,90793681,,,-1.1128,none
2022-09-15,4078.650,4088.810,3998.860,4027.120,123951196,,,-0.9406,none
2022-09-16,4013.580,4019.410,3932.680,3932.680,137193655,,,-2.3451,none
2022-09-19,3928.420,3953.650,3910.310,3928.000,97719575,,,-0.1190,none
2022-09-20,3945.650,3957.550,3921.690,3932.840,84824134,,,0.1232,none
2022-09-21,3921.320,3924.390,3884.230,3903.730,86458391,,,-0.7402,none
2022-09-22,3875.180,3900.270,3860.230,3869.340,80946919,,,-0.8810,none
2022-09-23,3865.100,3888.400,3829.690,3856.020,94342462,,,-0.3442,none
2022-09-26,3829.600,3893.320,3827.950,3836.680,104526031,,,-0.5016,none
2022-09-27,3844.070,3893.030,3827.930,3892.300,88860160,,,1.4497,none
2022-09-28,3879.440,3879.440,3828.050,3828.710,86592213,,,-1.6337,none
2022-09-29,3864.320,3873.180,3808.650,3827.140,85654142,,,-0.0410,none
2022-09-30,3833.350,3848.600,3801.280,3804.890,78559966,,,-0.5814,none
2022-10-10,3806.560,3807.460,3715.710,3720.940,102647595,,,-2.2064,none
2022-10-11,3732.020,3739.810,3706.060,3727.690,83944625,,,0.1814,none
2022-10-12,3722.870,3784.310,3661.530,3784.310,108089319,,,1.5189,none
2022-10-13,3756.420,3783.600,3749.640,3752.670,99018915,,,-0.8361,none
2022-10-14,3783.320,3863.230,3780.840,3842.470,116242293,,,2.3930,none
2022-10-17,3822.240,3849.620,3809.120,3846.410,104192019,,,0.1025,none
2022-10-18,3865.830,3870.220,3831.170,3838.270,88346907,,,-0.2116,none
2022-10-19,3827.470,3840.490,3776.530,3776.530,81574844,,,-1.6085,none
2022-10-20,3746.580,3804.250,3726.790,3754.930,90290895,,,-0.5720,none
2022-10-21,3753.890,3768.690,3724.690,3742.890,98750038,,,-0.3206,none
2022-10-24,3727.920,3762.160,3619.990,3633.370,130056864,,,-2.9261,none
2022-10-25,3621.940,3670.730,3594.700,3627.450,110953882,,,-0.1629,none
2022-10-26,3633.310,3700.880,3633.310,3656.900,121301548,,,0.8119,none
2022-10-27,3667.660,3685.080,3631.060,3631.140,117998675,,,-0.7044,none
2022-10-28,3605.160,3618.860,3533.500,3541.330,118772162,,,-2.4733,none
2022-10-31,3504.510,3553.390,3495.950,3508.700,138465655,,,-0.9214,none
2022-11-01,3519.820,3634.170,3517.620,3634.170,149286698,,,3.5760,none
2022-11-02,3620.370,3703.470,3610.800,3677.810,141592919,,,1.2008,none
2022-11-03,3645.060,3670.160,3628.500,3647.900,110566035,,,-0.8133,none
2022-11-04,3646.770,3782.880,3646.770,3767.170,149734949,,,3.2696,none
2022-11-07,3754.520,3792.790,3746.370,3775.300,129826371,,,0.2158,none
2022-11-08,3773.660,3779.120,3723.340,3749.330,99016451,,,-0.6879,none
2022-11-09,3750.780,3760.410,3711.270,3714.270,89434525,,,-0.9351,none
2022-11-10,3685.830,3701.530,3665.060,3685.690,103509302,,,-0.7695,none
2022-11-11,3787.760,3828.900,3747.090,3788.440,189685586,,,2.7878,none
2022-11-14,3818.140,3848.410,3781.780,3794.020,169665048,,,0.1473,none
2022-11-15,3788.930,3871.640,3775.500,3865.970,151515650,,,1.8964,none
2022-11-16,3860.810,3877.680,3829.310,3834.390,120610964,,,-0.8169,none
2022-11-17,3821.270,3821.740,3776.570,3818.660,105940632,,,-0.4102,none
2022-11-18,3823.820,3840.300,3801.570,3801.570,115078777,,,-0.4475,none
2022-11-21,3769.630,3769.870,3734.000,3769.130,95866966,,,-0.8533,none
2022-11-22,3766.080,3809.860,3751.040,3769.570,144486334,,,0.0117,none
2022-11-23,3760.220,3791.180,3753.210,3773.530,144527911,,,0.1051,none
2022-11-24,3791.540,3804.900,3751.380,3756.810,101073447,,,-0.4431,none
2022-11-25,3751.280,3790.570,3743.410,3775.780,142929711,,,0.5049,none
2022-11-28,3701.900,3736.080,3672.130,3733.240,127825748,,,-1.1267,none
2022-11-29,3766.570,3854.770,3766.570,3848.420,178701392,,,3.0853,none
2022-11-30,3836.560,3867.660,3833.830,3853.040,157511400,,,0.1200,none
2022-12-01,3921.300,3944.560,3893.870,3894.770,169964585,,,1.0830,none
2022-12-02,3886.400,3898.110,3865.880,3870.950,116786350,,,-0.6116,none
2022-12-05,3907.640,3947.480,3900.670,3946.880,201747221,,,1.9615,none
2022-12-06,3929.010,3988.900,3923.000,3968.200,155108323,,,0.5402,none
2022-12-07,3956.670,3999.590,3944.180,3958.440,143001356,,,-0.2460,none
2022-12-08,3953.200,3971.490,3941.300,3959.180,115199986,,,0.0187,none
2022-12-09,3961.990,4003.320,3944.440,3998.240,153774954,,,0.9866,none
2022-12-12,3976.170,3983.430,3950.320,3953.440,125935368,,,-1.1205,none
2022-12-13,3953.550,3964.400,3939.980,3945.680,100994100,,,-0.1963,none
2022-12-14,3952.790,3972.740,3935.770,3954.890,98528006,,,0.2334,none
2022-12-15,3954.670,3963.500,3926.500,3951.990,88864725,,,-0.0733,none
2022-12-16,3931.230,3960.470,3929.490,3954.230,93178567,,,0.0567,none
2022-12-19,3952.770,3966.570,3878.440,3893.220,106919075,,,-1.5429,none
2022-12-20,3881.230,3881.270,3811.480,3829.020,83096822,,,-1.6490,none
2022-12-21,3839.000,3853.730,3821.400,3830.540,64839215,,,0.0397,none
2022-12-22,3859.200,3882.130,3821.340,3836.030,83705173,,,0.1433,none
2022-12-23,3811.620,3848.340,3805.950,3828.220,65278148,,,-0.2036,none
2022-12-26,3830.570,3856.810,3827.520,3843.490,73005712,,,0.3989,none
2022-12-27,3860.910,3891.850,3856.580,3887.850,77515350,,,1.1542,none
2022-12-28,3874.910,3884.720,3854.940,3871.260,84424656,,,-0.4267,none
2022-12-29,3854.240,3868.290,3838.480,3856.700,79394815,,,-0.3761,none
2022-12-30,3873.940,3887.550,3868.760,3871.630,78773272,,,0.3871,none
2023-01-03,3864.840,3893.990,3831.250,3887.900,115051875,,,0.4202,none
2023-01-04,3886.250,3905.900,3873.650,3892.950,110660743,,,0.1299,none
2023-01-05,3913.490,3974.880,3912.260,3968.580,116502395,,,1.9427,none
2023-01-06,3969.550,4000.410,3966.470,3980.890,110953038,,,0.3102,none
2023-01-09,3998.530,4023.090,3990.710,4013.120,117054425,,,0.8096,none
2023-01-10,4014.710,4030.460,4002.230,4017.470,101751141,,,0.1084,none
2023-01-11,4019.880,4043.400,4008.020,4010.030,99997889,,,-0.1852,none
2023-01-12,4021.750,4030.290,4003.510,4017.870,90552627,,,0.1955,none
2023-01-13,4032.290,4074.380,4027.890,4074.380,95871896,,,1.4065,none
2023-01-16,4077.880,4177.100,4076.640,4137.960,151395455,,,1.5605,none
2023-01-17,4138.840,4148.580,4118.160,4137.240,95479040,,,-0.0174,none
2023-01-18,4140.100,4151.460,4125.770,4130.310,84200645,,,-0.1675,none
2023-01-19,4125.580,4156.010,4105.980,4156.010,94608398,,,0.6222,none
2023-01-20,4166.840,4189.830,4161.670,4181.530,123553809,,,0.6141,none
2023-01-30,4267.620,4268.150,4197.860,4201.350,164607064,,,0.4740,none
2023-01-31,4200.580,4212.730,4153.050,4156.860,124550835,,,-1.0589,none
2023-02-01,4170.130,4195.930,4137.770,4195.930,141008954,,,0.9399,none
2023-02-02,4207.410,4207.410,4170.560,4181.150,133823736,,,-0.3522,none
2023-02-03,4162.030,4162.030,4103.170,4141.630,117041221,,,-0.9452,none
2023-02-06,4103.830,4105.940,4065.220,4086.880,110192717,,,-1.3219,none
2023-02-07,4098.310,4107.340,4077.960,4094.230,91360072,,,0.1798,none
2023-02-08,4099.860,4111.470,4072.650,4076.140,84786099,,,-0.4418,none
2023-02-09,4067.560,4130.860,4064.750,4130.860,102289961,,,1.3424,none
2023-02-10,4124.100,4125.290,4092.350,4106.310,96716733,,,-0.5943,none
2023-02-13,4098.880,4146.450,4092.270,4143.570,128892577,,,0.9074,none
2023-02-14,4151.250,4152.050,4125.260,4145.290,102499890,,,0.0415,none
2023-02-15,4146.850,4153.720,4115.970,4123.690,121664508,,,-0.5211,none
2023-02-16,4125.410,4167.900,4068.860,4093.490,159310585,,,-0.7324,none
2023-02-17,4086.220,4104.640,4032.930,4034.510,116142589,,,-1.4408,none
2023-02-20,4039.960,4134.860,4035.480,4133.490,161794481,,,2.4533,none
2023-02-21,4130.060,4151.800,4116.270,4144.350,145776173,,,0.2627,none
2023-02-22,4118.970,4134.880,4101.860,4106.950,104290295,,,-0.9024,none
2023-02-23,4106.210,4132.390,4088.210,4103.650,103564906,,,-0.0804,none
2023-02-24,4100.990,4102.610,4048.240,4061.050,100989425,,,-1.0381,none
2023-02-27,4040.460,4067.030,4034.520,4043.840,93787630,,,-0.4238,none
2023-02-28,4058.130,4074.260,4026.450,4069.460,110323591,,,0.6336,none
2023-03-01,4068.730,4135.480,4061.220,4126.940,156015794,,,1.4125,none
2023-03-02,4119.990,4137.250,4113.830,4117.740,148217637,,,-0.2229,none
2023-03-03,4126.020,4135.210,4100.380,4130.550,160331741,,,0.3111,none
2023-03-06,4131.150,4132.840,4088.450,4109.010,162971807,,,-0.5215,none
2023-03-07,4103.640,4124.960,4046.570,4048.850,195912068,,,-1.4641,none
2023-03-08,4030.740,4037.290,4011.520,4034.110,117936493,,,-0.3641,none
2023-03-09,4035.840,4043.850,4000.890,4019.850,116539629,,,-0.3535,none
2023-03-10,3991.800,4004.360,3966.430,3967.140,123855409,,,-1.3112,none
2023-03-13,3962.640,4008.690,3962.640,4008.690,143561370,,,1.0474,none
2023-03-14,3999.880,4001.940,3946.940,3984.700,150544174,,,-0.5984,none
2023-03-15,4011.840,4018.750,3986.900,3986.900,142026007,,,0.0552,none
2023-03-16,3958.200,3981.320,3936.480,3939.150,152515644,,,-1.1977,none
2023-03-17,3971.160,4004.220,3945.250,3958.820,177433818,,,0.4993,none
2023-03-20,3962.660,3979.550,3935.020,3939.080,205264970,,,-0.4986,none
2023-03-21,3948.160,3982.700,3948.160,3982.380,145090679,,,1.0992,none
2023-03-22,3993.780,4016.450,3986.710,3999.440,149228970,,,0.4284,none
2023-03-23,3985.990,4039.090,3984.000,4039.090,158887421,,,0.9914,none
2023-03-24,4035.160,4037.840,4017.000,4027.050,159442330,,,-0.2981,none
2023-03-27,4023.300,4023.300,3987.030,4012.480,168482279,,,-0.3618,none
2023-03-28,4015.700,4023.780,3994.600,3999.510,131895117,,,-0.3232,none
2023-03-29,4013.590,4017.760,3992.670,4006.140,133743510,,,0.1658,none
2023-03-30,4009.560,4040.500,3983.900,4038.530,149901037,,,0.8085,none
2023-03-31,4045.450,4063.570,4039.960,4050.930,138842546,,,0.3070,none
2023-04-03,4059.620,4094.940,4059.060,4090.570,182124313,,,0.9785,none
2023-04-04,4089.290,4103.160,4080.070,4103.110,197146631,,,0.3066,none
2023-04-06,4084.130,4098.830,4078.400,4096.640,150703374,,,-0.1577,none
2023-04-07,4096.900,4131.310,4092.180,4123.280,128676738,,,0.6503,none
2023-04-10,4132.010,4132.300,4099.050,4104.810,152453002,,,-0.4479,none
2023-04-11,4108.510,4116.120,4083.490,4100.150,153901333,,,-0.1135,none
2023-04-12,4102.400,4108.250,4090.280,4097.290,165965278,,,-0.0698,none
2023-04-13,4081.390,4088.880,4059.570,4068.980,156444295,,,-0.6909,none
2023-04-14,4078.970,4098.220,4075.200,4092.000,150695682,,,0.5657,none
2023-04-17,4090.070,4149.380,4089.510,4149.380,188773095,,,1.4022,none
2023-04-18,4139.310,4169.670,4138.460,4162.030,170184130,,,0.3049,none
2023-04-19,4159.390,4159.390,4118.630,4124.560,162554592,,,-0.9003,none
2023-04-20,4122.950,4125.820,4094.000,4113.020,162706677,,,-0.2798,none
2023-04-21,4114.260,4114.260,4031.910,4032.570,180802435,,,-1.9560,none
2023-04-24,4031.300,4033.640,3967.910,3982.640,170099217,,,-1.2382,none
2023-04-25,3985.110,3991.690,3925.440,3962.670,172555409,,,-0.5014,none
2023-04-26,3950.260,3975.660,3934.660,3959.230,162702006,,,-0.0868,none
2023-04-27,3948.030,3999.130,3942.820,3988.420,153828195,,,0.7373,none
2023-04-28,3993.260,4030.450,3993.260,4029.090,179508488,,,1.0197,none
2023-05-04,4013.470,4035.780,4001.130,4030.250,227582846,,,0.0288,none
2023-05-05,4031.090,4047.600,3998.390,4016.880,206626924,,,-0.3317,none
2023-05-08,4028.110,4070.770,4018.960,4062.660,255583085,,,1.1397,none
2023-05-09,4065.440,4092.850,4026.390,4027.880,279306048,,,-0.8561,none
2023-05-10,4017.940,4019.060,3984.630,3996.870,207552709,,,-0.7699,none
2023-05-11,4005.780,4018.060,3988.480,3990.660,144804619,,,-0.1554,none
2023-05-12,3987.770,3999.380,3937.530,3937.760,144421728,,,-1.3256,none
2023-05-15,3938.830,3998.890,3923.030,3998.890,176257362,,,1.5524,none
2023-05-16,4002.520,4005.020,3966.990,3978.210,136833271,,,-0.5171,none
2023-05-17,3971.700,3982.600,3945.710,3960.170,118448185,,,-0.4535,none
2023-05-18,3965.520,3982.720,3939.550,3956.070,136533947,,,-0.1035,none
2023-05-19,3946.220,3967.280,3928.320,3944.540,120212479,,,-0.2915,none
2023-05-22,3941.000,3985.400,3935.800,3969.330,109116605,,,0.6285,none
2023-05-23,3968.230,3971.940,3913.190,3913.190,118685077,,,-1.4143,none
2023-05-24,3903.780,3903.780,3859.090,3859.090,137258265,,,-1.3825,none
2023-05-25,3851.410,3861.380,3817.840,3850.500,124150770,,,-0.2226,none
2023-05-26,3848.420,3859.630,3815.570,3850.950,100326439,,,0.0117,none
2023-05-29,3862.080,3866.720,3819.180,3833.940,131859967,,,-0.4417,none
2023-05-30,3827.790,3844.010,3789.270,3837.750,137619629,,,0.0994,none
2023-05-31,3827.160,3827.160,3781.400,3798.540,126387368,,,-1.0217,none
2023-06-01,3788.590,3832.210,3786.730,3806.870,134561881,,,0.2193,none
2023-06-02,3821.620,3865.280,3821.620,3861.830,125015110,,,1.4437,none
2023-06-05,3860.560,3860.560,3832.460,3844.250,116163989,,,-0.4552,none
2023-06-06,3840.460,3867.850,3802.840,3808.160,125781258,,,-0.9388,none
2023-06-07,3815.480,3823.110,3780.100,3789.340,98862432,,,-0.4942,none
2023-06-08,3791.080,3834.390,3777.780,3820.190,118700934,,,0.8141,none
2023-06-09,3822.410,3836.700,3811.220,3836.700,134319863,,,0.4322,none
2023-06-12,3827.330,3859.720,3813.860,3844.430,126758543,,,0.2015,none
2023-06-13,3838.130,3867.300,3833.460,3864.910,110924946,,,0.5327,none
2023-06-14,3872.720,3891.670,3862.060,3864.020,124955759,,,-0.0230,none
2023-06-15,3871.770,3925.500,3871.770,3925.500,128369938,,,1.5911,none
2023-06-16,3932.210,3968.010,3928.540,3963.350,139760076,,,0.9642,none
2023-06-19,3957.030,3957.030,3922.470,3930.910,134905848,,,-0.8185,none
2023-06-20,3926.090,3937.490,3918.470,3924.240,122520318,,,-0.1697,none
2023-06-21,3909.100,3920.130,3864.030,3864.030,118346575,,,-1.5343,none
2023-06-26,3833.440,3841.290,3801.050,3809.700,133990419,,,-1.4060,none
2023-06-27,3811.690,3851.900,3806.320,3845.430,116992681,,,0.9379,none
2023-06-28,3836.610,3846.850,3808.160,3840.800,107021541,,,-0.1204,none
2023-06-29,3836.730,3840.710,3817.380,3821.840,98289274,,,-0.4936,none
2023-06-30,3816.330,3860.030,3813.550,3842.450,101268429,,,0.5393,none
2023-07-03,3853.290,3897.330,3853.290,3892.880,133158051,,,1.3124,none
2023-07-04,3888.030,3899.980,3878.400,3899.010,109494527,,,0.1575,none
2023-07-05,3895.190,3899.520,3864.130,3868.810,97636384,,,-0.7746,none
2023-07-06,3857.030,3876.890,3836.460,3842.750,100121842,,,-0.6736,none
2023-07-07,3831.600,3844.840,3819.080,3825.700,100906920,,,-0.4437,none
2023-07-10,3841.560,3865.460,3831.920,3844.330,92033441,,,0.4870,none
2023-07-11,3853.800,3870.650,3844.520,3869.490,86510716,,,0.6545,none
2023-07-12,3864.600,3874.040,3838.560,3843.440,111522024,,,-0.6732,none
2023-07-13,3855.660,3901.100,3855.660,3898.420,120300232,,,1.4305,none
2023-07-14,3904.600,3908.490,3893.790,3899.100,122364846,,,0.0174,none
2023-07-17,3881.620,3881.620,3852.260,3867.170,98340144,,,-0.8189,none
2023-07-18,3871.040,3871.040,3844.510,3854.940,91438615,,,-0.3163,none
2023-07-19,3848.480,3860.010,3830.410,3850.870,79585700,,,-0.1056,none
2023-07-20,3857.770,3875.620,3818.710,3823.690,92042076,,,-0.7058,none
2023-07-21,3816.980,3849.510,3808.800,3821.910,79507563,,,-0.0466,none
2023-07-24,3803.350,3828.790,3798.800,3805.220,75483545,,,-0.4367,none
2023-07-25,3866.640,3915.810,3866.640,3915.120,163066320,,,2.8881,none
2023-07-26,3908.170,3912.980,3893.400,3907.010,107881717,,,-0.2071,none
2023-07-27,3914.230,3935.360,3894.690,3902.350,110667109,,,-0.1193,none
2023-07-28,3889.790,4000.920,3886.550,3992.740,179735481,,,2.3163,none
2023-07-31,4018.890,4064.360,4002.080,4014.630,199606830,,,0.5482,none
2023-08-01,4009.180,4031.700,3983.030,3998.000,142286859,,,-0.4142,none
2023-08-02,3985.700,4008.330,3958.510,3969.900,125855690,,,-0.7029,none
2023-08-03,3962.130,4005.000,3962.130,4004.980,129006640,,,0.8836,none
2023-08-04,4033.720,4058.240,4011.620,4020.580,178267189,,,0.3895,none
2023-08-07,4002.970,4002.970,3977.020,3990.150,121310662,,,-0.7569,none
2023-08-08,3980.040,4002.290,3963.460,3979.730,109871699,,,-0.2611,none
2023-08-09,3967.360,3982.110,3961.840,3967.570,94640269,,,-0.3055,none
2023-08-10,3962.860,3976.460,3945.390,3975.720,97176849,,,0.2054,none
2023-08-11,3977.980,3977.980,3884.250,3884.250,126082931,,,-2.3007,none
2023-08-14,3840.890,3859.470,3814.070,3855.910,115966336,,,-0.7296,none
2023-08-15,3858.370,3865.280,3811.680,3846.540,103097111,,,-0.2430,none
2023-08-16,3830.830,3852.420,3817.630,3818.330,94616946,,,-0.7334,none
2023-08-17,3801.200,3836.150,3782.500,3831.100,98415493,,,0.3344,none
2023-08-18,3832.460,3844.200,3784.000,3784.000,95549638,,,-1.2294,none
2023-08-21,3773.230,3782.110,3729.560,3729.560,98708369,,,-1.4387,none
2023-08-22,3748.070,3770.060,3704.680,3758.230,120318327,,,0.7687,none
2023-08-23,3751.770,3756.170,3695.030,3696.630,97081638,,,-1.6391,none
2023-08-24,3711.540,3748.860,3701.570,3723.430,119614521,,,0.7250,none
2023-08-25,3703.510,3734.220,3695.840,3709.150,105182610,,,-0.3835,none
2023-08-28,3911.550,3911.550,3740.530,3752.620,197990379,,,1.1720,none
2023-08-29,3743.050,3810.380,3742.080,3790.110,152486146,,,0.9990,none
2023-08-30,3803.120,3813.700,3780.240,3788.510,129671661,,,-0.0422,none
2023-08-31,3786.930,3794.000,3762.000,3765.270,118961646,,,-0.6134,none
2023-09-01,3778.910,3808.530,3778.910,3791.490,105319045,,,0.6964,none
2023-09-04,3812.990,3854.260,3804.590,3848.950,142385201,,,1.5155,none
2023-09-05,3839.580,3839.580,3814.330,3820.320,104052333,,,-0.7438,none
2023-09-06,3808.100,3817.520,3790.890,3812.030,93442393,,,-0.2170,none
2023-09-07,3802.230,3802.230,3756.850,3758.470,95103903,,,-1.4050,none
2023-09-08,3747.650,3753.260,3724.990,3739.990,71638166,,,-0.4917,none
2023-09-11,3740.580,3788.320,3734.720,3767.540,105358016,,,0.7366,none
2023-09-12,3764.330,3775.090,3755.420,3760.600,79385378,,,-0.1842,none
2023-09-13,3759.610,3768.820,3719.110,3736.650,81576901,,,-0.6369,none
2023-09-14,3736.940,3748.820,3717.310,3733.510,100386075,,,-0.0840,none
2023-09-15,3740.790,3749.020,3699.380,3708.780,109395689,,,-0.6624,none
2023-09-18,3698.930,3737.530,3691.110,3727.710,86727741,,,0.5104,none
2023-09-19,3723.420,3724.070,3702.690,3720.500,83199038,,,-0.1934,none
2023-09-20,3715.960,3718.520,3705.130,3705.690,75448209,,,-0.3981,none
2023-09-21,3698.310,3708.460,3672.440,3672.440,83031005,,,-0.8973,none
2023-09-22,3672.640,3740.420,3664.770,3738.930,110231166,,,1.8105,none
2023-09-25,3738.060,3738.060,3711.200,3714.600,92596479,,,-0.6507,none
2023-09-26,3711.710,3723.850,3692.620,3692.890,78044525,,,-0.5845,none
2023-09-27,3694.960,3731.140,3694.390,3700.500,91629210,,,0.2061,none
2023-09-28,3711.210,3716.060,3685.300,3689.520,85221719,,,-0.2967,none
2023-10-09,3678.930,3694.170,3642.000,3684.730,102148058,,,-0.1298,none
2023-10-10,3696.250,3701.260,3655.590,3657.130,99163730,,,-0.7490,none
2023-10-11,3674.750,3689.530,3658.360,3667.550,102091587,,,0.2849,none
2023-10-12,3697.930,3711.500,3682.840,3702.380,114363225,,,0.9497,none
2023-10-13,3677.960,3678.190,3652.310,3663.410,98287987,,,-1.0526,none
2023-10-16,3664.040,3664.040,3615.770,3626.600,91853118,,,-1.0048,none
2023-10-17,3635.300,3645.570,3619.130,3639.400,90745188,,,0.3529,none
2023-10-18,3631.070,3632.060,3608.980,3610.580,94545879,,,-0.7919,none
2023-10-19,3588.520,3588.520,3532.310,3533.540,111737520,,,-2.1337,none
2023-10-20,3518.350,3535.660,3501.730,3510.590,98518605,,,-0.6495,none
2023-10-23,3500.200,3505.350,3450.650,3474.240,96561652,,,-1.0354,none
2023-10-24,3481.760,3495.000,3453.100,3487.130,115547289,,,0.3710,none
2023-10-25,3524.300,3531.830,3500.920,3504.460,128009617,,,0.4970,none
2023-10-26,3484.780,3515.570,3478.050,3514.140,105143566,,,0.2762,none
2023-10-27,3501.170,3576.590,3494.550,3562.390,120225108,,,1.3730,none
2023-10-30,3554.110,3592.720,3554.020,3583.770,144010426,,,0.6002,none
2023-10-31,3581.680,3581.680,3554.580,3572.510,112587267,,,-0.3142,none
2023-11-01,3605.760,3606.410,3564.640,3571.030,97645538,,,-0.0414,none
2023-11-02,3580.070,3597.170,3553.740,3554.190,90359643,,,-0.4716,none
2023-11-03,3558.530,3596.100,3558.530,3584.140,97542101,,,0.8427,none
2023-11-06,3608.320,3635.790,3600.630,3632.610,152982463,,,1.3523,none
2023-11-07,3623.780,3628.460,3606.300,3619.760,110288591,,,-0.3537,none
2023-11-08,3610.640,3627.050,3591.820,3611.070,110594230,,,-0.2401,none
2023-11-09,3603.110,3624.410,3601.370,3612.830,111872057,,,0.0487,none
2023-11-10,3596.070,3599.450,3576.100,3586.490,102107034,,,-0.7291,none
2023-11-13,3593.910,3599.390,3562.770,3579.410,96707649,,,-0.1974,none
2023-11-14,3581.100,3600.150,3568.880,3582.060,100884158,,,0.0740,none
2023-11-15,3616.880,3620.600,3596.920,3607.250,104929218,,,0.7032,none
2023-11-16,3600.980,3605.290,3572.360,3572.360,87464780,,,-0.9672,none
2023-11-17,3561.310,3573.680,3547.030,3568.070,87319207,,,-0.1201,none
2023-11-20,3569.730,3586.970,3545.100,3576.320,91080445,,,0.2312,none
2023-11-21,3587.880,3615.060,3575.680,3581.070,108594314,,,0.1328,none
2023-11-22,3569.440,3574.380,3544.420,3544.420,84784381,,,-1.0234,none
2023-11-23,3541.440,3562.070,3529.940,3561.520,84800167,,,0.4824,none
2023-11-24,3560.650,3560.650,3534.000,3538.010,85018403,,,-0.6601,none
2023-11-27,3534.440,3534.440,3492.860,3511.940,99102314,,,-0.7369,none
2023-11-28,3510.660,3521.050,3501.110,3518.520,89335789,,,0.1874,none
2023-11-29,3518.880,3519.200,3482.240,3488.310,98841412,,,-0.8586,none
2023-11-30,3485.520,3505.130,3481.450,3496.200,101350820,,,0.2262,none
2023-12-01,3494.220,3494.220,3452.170,3482.880,108530941,,,-0.3810,none
2023-12-04,3481.040,3488.130,3459.610,3460.140,97156826,,,-0.6529,none
2023-12-05,3450.090,3450.090,3393.810,3394.260,100472007,,,-1.9040,none
2023-12-06,3387.880,3420.280,3382.950,3399.600,105805519,,,0.1573,none
2023-12-07,3394.310,3404.410,3369.770,3391.280,97713248,,,-0.2447,none
2023-12-08,3391.860,3409.380,3383.450,3399.460,129522054,,,0.2412,none
2023-12-11,3378.050,3426.610,3346.890,3419.450,139626249,,,0.5880,none
2023-12-12,3410.000,3427.550,3406.100,3426.800,105590013,,,0.2149,none
2023-12-13,3418.640,3418.640,3369.610,3369.610,95285367,,,-1.6689,none
2023-12-14,3387.380,3399.140,3350.760,3351.960,83655135,,,-0.5238,none
2023-12-15,3365.940,3388.500,3339.520,3341.550,97787783,,,-0.3106,none
2023-12-18,3329.190,3352.350,3314.910,3329.370,90526826,,,-0.3645,none
2023-12-19,3325.660,3345.780,3313.190,3334.040,83808118,,,0.1403,none
2023-12-20,3334.330,3338.540,3297.370,3297.500,92412868,,,-1.0960,none
2023-12-21,3285.600,3339.360,3283.990,3330.870,102546198,,,1.0120,none
2023-12-22,3329.470,3359.060,3315.900,3337.230,105220133,,,0.1909,none
2023-12-25,3330.330,3348.880,3330.330,3347.450,74542693,,,0.3062,none
2023-12-26,3345.400,3345.420,3315.940,3324.790,74732935,,,-0.6769,none
2023-12-27,3326.930,3341.270,3309.670,3336.360,94403928,,,0.3480,none
2023-12-28,3335.560,3423.400,3331.210,3414.540,148064851,,,2.3433,none
2023-12-29,3411.110,3432.540,3409.580,3431.110,114928932,,,0.4853,none
2024-01-02,3426.270,3426.270,3386.350,3386.350,116180726,,,-1.3045,none
2024-01-03,3379.750,3392.850,3362.660,3378.300,105613851,,,-0.2377,none
2024-01-04,3375.020,3375.020,3323.860,3347.050,106721013,,,-0.9250,none
2024-01-05,3341.310,3372.540,3313.550,3329.110,126400574,,,-0.5360,none
2024-01-08,3322.610,3333.520,3283.340,3286.060,117429485,,,-1.2931,none
2024-01-09,3286.710,3304.600,3273.840,3292.500,109330465,,,0.1960,none
2024-01-10,3281.670,3312.920,3268.250,3277.130,94199366,,,-0.4668,none
2024-01-11,3275.310,3311.110,3266.790,3295.670,108789735,,,0.5657,none
2024-01-12,3284.360,3310.470,3279.700,3284.170,96853555,,,-0.3489,none
2024-01-15,3270.100,3306.920,3261.270,3280.920,88851530,,,-0.0990,none
2024-01-16,3272.570,3300.880,3260.440,3300.880,113276665,,,0.6084,none
2024-01-17,3291.140,3291.140,3229.080,3229.080,108769728,,,-2.1752,none
2024-01-18,3214.280,3279.250,3171.630,3274.730,174909168,,,1.4137,none
2024-01-19,3261.240,3286.940,3251.810,3269.780,118501408,,,-0.1512,none
2024-01-22,3262.470,3281.420,3193.180,3218.900,148705628,,,-1.5561,none
2024-01-23,3208.430,3249.530,3188.130,3231.930,122012000,,,0.4048,none
2024-01-24,3245.960,3281.490,3190.470,3277.110,154371954,,,1.3979,none
2024-01-25,3274.340,3344.240,3269.790,3342.920,196833614,,,2.0082,none
2024-01-26,3326.650,3351.970,3315.130,3333.820,180664005,,,-0.2722,none
2024-01-29,3335.390,3351.370,3303.960,3303.960,184164795,,,-0.8957,none
2024-01-30,3283.900,3300.200,3244.970,3245.040,143649350,,,-1.7833,none
2024-01-31,3231.540,3252.150,3201.930,3215.350,153143469,,,-0.9149,none
2024-02-01,3202.260,3251.760,3191.900,3217.710,145516792,,,0.0734,none
2024-02-02,3219.870,3235.410,3108.350,3179.630,173758089,,,-1.1835,none
2024-02-05,3164.250,3233.850,3111.520,3200.420,203042970,,,0.6538,none
2024-02-06,3185.250,3314.510,3182.820,3311.690,202713099,,,3.4767,none
2024-02-07,3314.030,3343.630,3289.670,3343.630,216647933,,,0.9645,none
2024-02-08,3351.410,3367.210,3336.980,3364.930,189977578,,,0.6370,none
2024-02-19,3393.190,3403.810,3364.140,3403.810,183319800,,,1.1554,none
2024-02-20,3395.190,3415.890,3380.100,3410.850,140734581,,,0.2068,none
2024-02-21,3390.360,3500.130,3383.690,3456.870,188879362,,,1.3492,none
2024-02-22,3450.350,3486.680,3448.410,3486.670,141020784,,,0.8621,none
2024-02-23,3491.340,3507.560,3472.970,3489.740,144821273,,,0.0880,none
2024-02-26,3485.540,3492.610,3445.390,3453.360,151248331,,,-1.0425,none
2024-02-27,3440.050,3494.790,3437.440,3494.790,139528246,,,1.1997,none
2024-02-28,3499.830,3521.660,3450.260,3450.260,189837548,,,-1.2742,none
2024-02-29,3437.900,3516.080,3437.900,3516.080,155944532,,,1.9077,none
2024-03-01,3515.060,3544.360,3503.460,3537.800,162709570,,,0.6177,none
2024-03-04,3538.370,3548.690,3519.760,3540.870,163244613,,,0.0868,none
2024-03-05,3524.960,3570.690,3519.080,3565.510,166422389,,,0.6959,none
2024-03-06,3556.530,3577.390,3545.100,3551.050,143076613,,,-0.4056,none
2024-03-07,3548.100,3569.920,3522.900,3529.720,148110510,,,-0.6007,none
2024-03-08,3529.550,3548.510,3511.580,3544.910,125792664,,,0.4303,none
2024-03-11,3545.940,3589.260,3542.280,3589.260,148202825,,,1.2511,none
2024-03-12,3592.580,3605.700,3574.210,3597.490,180685560,,,0.2293,none
2024-03-13,3594.420,3594.420,3563.370,3572.360,144590590,,,-0.6985,none
2024-03-14,3571.790,3597.460,3545.610,3562.220,140962722,,,-0.2838,none
2024-03-15,3554.910,3572.810,3533.680,3569.990,138316044,,,0.2181,none
2024-03-18,3577.060,3604.050,3573.400,3603.530,160379438,,,0.9395,none
2024-03-19,3593.340,3610.740,3577.190,3577.630,145571786,,,-0.7187,none
2024-03-20,3568.720,3589.550,3568.430,3585.380,129528966,,,0.2166,none
2024-03-21,3593.070,3601.110,3575.030,3581.090,130743377,,,-0.1197,none
2024-03-22,3571.270,3575.720,3522.840,3545.000,139227358,,,-1.0078,none
2024-03-25,3536.710,3564.960,3525.760,3525.760,137015724,,,-0.5427,none
2024-03-26,3526.680,3547.650,3518.600,3543.750,126209535,,,0.5102,none
2024-03-27,3538.720,3542.960,3502.790,3502.790,128626763,,,-1.1558,none
2024-03-28,3498.480,3551.210,3489.390,3520.960,143334717,,,0.5187,none
2024-03-29,3516.880,3538.240,3516.880,3537.480,128643290,,,0.4692,none
2024-04-01,3551.580,3600.920,3551.580,3595.650,162776561,,,1.6444,none
2024-04-02,3593.220,3596.190,3568.750,3580.680,141272972,,,-0.4163,none
2024-04-03,3578.680,3582.430,3558.870,3567.800,135592331,,,-0.3597,none
2024-04-08,3553.560,3567.820,3535.770,3536.410,155304283,,,-0.8798,none
2024-04-09,3533.380,3543.710,3518.860,3533.490,129670942,,,-0.0826,none
2024-04-10,3528.970,3531.230,3490.050,3504.710,128790274,,,-0.8145,none
2024-04-11,3485.030,3520.590,3484.930,3504.240,126534395,,,-0.0134,none
2024-04-12,3505.750,3516.700,3470.060,3475.840,128921116,,,-0.8104,none
2024-04-15,3473.500,3552.410,3473.500,3549.080,183941250,,,2.1071,none
2024-04-16,3533.360,3545.500,3503.620,3511.110,176153065,,,-1.0699,none
2024-04-17,3509.130,3565.940,3498.030,3565.400,168466398,,,1.5462,none
2024-04-18,3550.560,3602.790,3547.600,3569.800,178574105,,,0.1234,none
2024-04-19,3550.610,3560.950,3529.320,3541.660,147281505,,,-0.7883,none
2024-04-22,3536.180,3558.160,3528.020,3530.900,150579042,,,-0.3038,none
2024-04-23,3525.670,3533.760,3499.980,3506.220,143113504,,,-0.6990,none
2024-04-24,3514.010,3524.540,3495.650,3521.620,121739851,,,0.4392,none
2024-04-25,3510.640,3543.970,3505.200,3530.280,115187722,,,0.2459,none
2024-04-26,3531.960,3588.400,3531.960,3584.270,197216133,,,1.5293,none
2024-04-29,3584.540,3645.820,3578.760,3623.910,222721381,,,1.1059,none
2024-04-30,3619.260,3630.710,3604.390,3604.390,191296899,,,-0.5386,none
2024-05-06,3654.050,3668.260,3645.740,3657.880,208018007,,,1.4840,none
2024-05-07,3657.000,3665.680,3648.380,3659.010,164834286,,,0.0309,none
2024-05-08,3650.750,3650.940,3628.700,3630.220,130035336,,,-0.7868,none
2024-05-09,3630.410,3669.760,3630.410,3664.560,146559017,,,0.9459,none
2024-05-10,3669.090,3674.610,3641.760,3666.280,150720536,,,0.0469,none
2024-05-13,3646.350,3673.620,3634.600,3664.690,157267455,,,-0.0434,none
2024-05-14,3668.230,3675.780,3646.710,3657.050,133406490,,,-0.2085,none
2024-05-15,3651.050,3656.530,3624.000,3626.060,123522764,,,-0.8474,none
2024-05-16,3636.600,3657.480,3626.330,3640.360,154630503,,,0.3944,none
2024-05-17,3638.560,3677.970,3627.450,3677.970,164570417,,,1.0331,none
2024-05-20,3682.060,3703.030,3677.440,3690.960,184609423,,,0.3532,none
2024-05-21,3682.290,3684.610,3665.150,3676.160,130678283,,,-0.4010,none
2024-05-22,3675.650,3691.880,3667.090,3684.450,151914605,,,0.2255,none
2024-05-23,3672.840,3674.370,3633.510,3641.790,142572990,,,-1.1578,none
2024-05-24,3630.830,3650.870,3599.670,3601.480,124791177,,,-1.1069,none
2024-05-27,3606.650,3638.150,3603.710,3635.710,131272644,,,0.9504,none
2024-05-28,3633.250,3638.970,3605.920,3609.170,123532238,,,-0.7300,none
2024-05-29,3609.070,3633.200,3602.820,3613.520,115906321,,,0.1205,none
2024-05-30,3607.050,3624.040,3586.750,3594.310,122602995,,,-0.5316,none
2024-05-31,3599.820,3614.640,3579.920,3579.920,112462019,,,-0.4004,none
2024-06-03,3577.380,3600.600,3567.870,3588.750,141054591,,,0.2467,none
2024-06-04,3583.810,3622.500,3580.280,3615.670,124545096,,,0.7501,none
2024-06-05,3610.360,3623.320,3594.110,3594.790,110906766,,,-0.5775,none
2024-06-06,3602.160,3625.010,3584.170,3592.250,137893517,,,-0.0707,none
2024-06-07,3594.630,3603.070,3552.090,3574.110,131103026,,,-0.5050,none
2024-06-11,3555.820,3565.310,3525.890,3542.880,134522306,,,-0.8738,none
2024-06-12,3539.090,3551.170,3531.570,3544.120,122813729,,,0.0350,none
2024-06-13,3548.220,3551.080,3520.180,3526.130,123245462,,,-0.5076,none
2024-06-14,3514.800,3547.150,3503.520,3541.530,171516942,,,0.4367,none
2024-06-17,3521.440,3540.790,3520.740,3536.200,137433438,,,-0.1505,none
2024-06-18,3533.490,3551.710,3532.780,3545.590,123671838,,,0.2655,none
2024-06-19,3543.360,3543.360,3524.840,3528.750,106642797,,,-0.4750,none
2024-06-20,3525.170,3533.990,3500.130,3503.280,111617396,,,-0.7218,none
2024-06-21,3496.340,3505.510,3473.830,3495.620,109186615,,,-0.2187,none
2024-06-24,3473.640,3505.780,3471.220,3476.810,117990184,,,-0.5381,none
2024-06-25,3475.160,3483.220,3440.650,3457.900,118448118,,,-0.5439,none
2024-06-26,3451.540,3487.400,3442.300,3480.260,105898861,,,0.6466,none
2024-06-27,3467.290,3471.140,3452.580,3454.120,114918101,,,-0.7511,none
2024-06-28,3443.670,3484.680,3443.670,3461.660,135409153,,,0.2183,none
2024-07-01,3458.260,3479.950,3443.810,3478.180,121829770,,,0.4772,none
2024-07-02,3472.450,3488.320,3464.520,3471.790,121650121,,,-0.1837,none
2024-07-03,3471.560,3478.700,3454.990,3463.410,103857108,,,-0.2414,none
2024-07-04,3468.300,3483.310,3444.930,3445.810,104429909,,,-0.5082,none
2024-07-05,3443.360,3451.040,3399.670,3431.060,116609659,,,-0.4281,none
2024-07-08,3420.800,3428.040,3395.910,3401.760,115528218,,,-0.8540,none
2024-07-09,3396.800,3448.930,3384.810,3439.810,131629443,,,1.1185,none
2024-07-10,3425.880,3447.510,3423.650,3428.970,127203456,,,-0.3151,none
2024-07-11,3451.040,3473.980,3438.120,3468.170,145892466,,,1.1432,none
2024-07-12,3459.960,3479.100,3457.360,3472.400,130874589,,,0.1220,none
2024-07-15,3462.610,3481.460,3460.790,3476.250,118517083,,,0.1109,none
2024-07-16,3466.850,3500.290,3464.370,3498.280,120659017,,,0.6337,none
2024-07-17,3494.210,3514.480,3486.220,3501.580,131802062,,,0.0943,none
2024-07-18,3483.300,3522.800,3475.720,3520.930,123768199,,,0.5526,none
2024-07-19,3500.810,3545.340,3493.070,3539.020,132447975,,,0.5138,none
2024-07-22,3538.400,3540.190,3494.010,3514.920,132126337,,,-0.6810,none
2024-07-23,3509.790,3509.790,3439.880,3439.880,128897660,,,-2.1349,none
2024-07-24,3432.350,3451.420,3408.410,3418.170,127036263,,,-0.6311,none
2024-07-25,3404.610,3415.860,3383.800,3399.270,131022242,,,-0.5529,none
2024-07-26,3403.710,3420.820,3388.660,3409.290,124195558,,,0.2948,none
2024-07-29,3404.370,3408.500,3388.840,3390.740,109787786,,,-0.5441,none
2024-07-30,3380.690,3380.690,3352.800,3369.380,104952164,,,-0.6300,none
2024-07-31,3364.030,3445.000,3364.030,3442.080,171959177,,,2.1577,none
2024-08-01,3443.140,3448.340,3419.190,3419.270,136323464,,,-0.6627,none
2024-08-02,3393.920,3419.100,3380.960,3384.390,116615255,,,-1.0201,none
2024-08-05,3362.110,3409.030,3343.320,3343.320,142812516,,,-1.2135,none
2024-08-06,3367.350,3376.800,3318.630,3342.980,119340279,,,-0.0102,none
2024-08-07,3338.590,3362.380,3329.970,3341.490,95084377,,,-0.0446,none
2024-08-08,3332.430,3364.790,3320.840,3342.940,92495695,,,0.0434,none
2024-08-09,3358.130,3366.670,3331.630,3331.630,91511626,,,-0.3383,none
2024-08-12,3327.560,3338.080,3319.890,3325.860,79938754,,,-0.1732,none
2024-08-13,3328.010,3335.010,3310.190,3334.390,84489679,,,0.2565,none
2024-08-14,3332.790,3332.790,3309.100,3309.240,78742407,,,-0.7543,none
2024-08-15,3301.450,3356.760,3297.970,3341.950,104766399,,,0.9884,none
2024-08-16,3342.030,3356.910,3335.620,3345.630,96519083,,,0.1101,none
2024-08-19,3344.260,3375.960,3343.710,3356.970,105571110,,,0.3389,none
2024-08-20,3361.640,3362.330,3321.640,3332.700,101668331,,,-0.7230,none
2024-08-21,3322.910,3339.440,3307.990,3321.640,89954751,,,-0.3319,none
2024-08-22,3322.870,3327.700,3305.250,3313.140,100366504,,,-0.2559,none
2024-08-23,3305.930,3336.240,3305.640,3327.190,89525774,,,0.4241,none
2024-08-26,3330.720,3336.530,3311.570,3324.220,93990772,,,-0.0893,none
2024-08-27,3315.690,3320.570,3299.560,3305.330,95808157,,,-0.5683,none
2024-08-28,3298.910,3305.350,3274.590,3286.500,92696650,,,-0.5697,none
2024-08-29,3273.540,3290.790,3269.530,3277.680,130702333,,,-0.2684,none
2024-08-30,3273.750,3351.630,3273.650,3321.430,188695443,,,1.3348,none
2024-09-02,3307.540,3307.760,3264.760,3265.010,147612353,,,-1.6987,none
2024-09-03,3261.740,3281.590,3261.190,3273.430,122897306,,,0.2579,none
2024-09-04,3253.900,3272.990,3249.980,3252.160,104832482,,,-0.6498,none
2024-09-05,3252.960,3266.880,3247.170,3257.760,97109450,,,0.1722,none
2024-09-06,3261.150,3274.810,3231.070,3231.350,88400417,,,-0.8107,none
2024-09-09,3214.800,3222.930,3180.930,3192.950,108673069,,,-1.1884,none
2024-09-10,3193.460,3205.100,3171.790,3195.760,97290078,,,0.0880,none
2024-09-11,3187.050,3197.340,3174.030,3186.130,102482110,,,-0.3013,none
2024-09-12,3189.430,3201.550,3171.880,3172.470,92868657,,,-0.4287,none
2024-09-13,3174.030,3188.910,3159.250,3159.250,88336677,,,-0.4167,none
2024-09-18,3158.820,3179.900,3145.790,3171.010,84722814,,,0.3722,none
2024-09-19,3178.400,3213.840,3149.790,3196.040,125439272,,,0.7893,none
2024-09-20,3192.430,3207.990,3173.220,3201.050,118064098,,,0.1568,none
2024-09-23,3200.870,3230.160,3198.020,3212.760,95344855,,,0.3658,none
2024-09-24,3244.650,3351.970,3222.490,3351.910,204072217,,,4.3312,none
2024-09-25,3403.700,3465.490,3393.440,3401.530,241564255,,,1.4804,none
2024-09-26,3399.320,3545.320,3391.680,3545.320,243134010,,,4.2272,none
2024-09-27,3617.920,3708.500,3596.580,3703.680,265487774,,,4.4667,none
2024-09-30,3846.650,4038.700,3796.500,4017.850,510217707,,,8.4826,none
2024-10-08,4450.370,4450.370,4094.350,4256.100,589867894,,,5.9298,none
2024-10-09,4168.840,4197.600,3942.510,3955.980,482269295,,,-7.0515,none
2024-10-10,3979.610,4098.500,3912.770,3997.790,395053099,,,1.0569,none
2024-10-11,3969.760,3978.240,3847.120,3887.170,274096505,,,-2.7670,none
2024-10-14,3915.220,3979.540,3868.780,3961.340,307578993,,,1.9081,none
2024-10-15,3942.530,3967.870,3855.990,3855.990,242486448,,,-2.6595,none
2024-10-16,3806.140,3877.750,3805.090,3831.590,218866407,,,-0.6328,none
2024-10-17,3853.840,3882.070,3787.750,3788.220,212313820,,,-1.1319,none
2024-10-18,3780.310,3998.210,3765.160,3925.230,312958834,,,3.6167,none
2024-10-21,3946.900,3979.260,3896.170,3935.200,291185634,,,0.2540,none
2024-10-22,3923.740,3965.910,3917.520,3957.780,223433396,,,0.5738,none
2024-10-23,3955.320,4012.180,3939.100,3973.210,245873949,,,0.3899,none
2024-10-24,3950.900,3957.980,3914.090,3928.830,174724062,,,-1.1170,none
2024-10-25,3931.320,3992.890,3921.940,3956.420,210694885,,,0.7022,none
2024-10-28,3953.110,3964.160,3917.200,3964.160,216160415,,,0.1956,none
2024-10-29,3970.010,3991.310,3921.580,3924.650,217293984,,,-0.9967,none
2024-10-30,3904.160,3926.060,3864.310,3889.450,219436626,,,-0.8969,none
2024-10-31,3888.420,3923.900,3859.110,3891.040,300636718,,,0.0409,none
2024-11-01,3882.460,3933.220,3879.960,3890.020,307986481,,,-0.0262,none
2024-11-04,3897.710,3944.760,3891.210,3944.760,229239060,,,1.4072,none
2024-11-05,3937.620,4046.700,3925.410,4044.570,316862794,,,2.5302,none
2024-11-06,4051.290,4091.700,4002.500,4024.280,335807938,,,-0.5017,none
2024-11-07,3987.270,4146.150,3984.670,4145.700,341436414,,,3.0172,none
2024-11-08,4192.080,4200.910,4094.160,4104.050,332350385,,,-1.0047,none
2024-11-11,4066.930,4132.510,4048.040,4131.130,289594227,,,0.6598,none
2024-11-12,4133.350,4181.710,4060.790,4085.740,297778086,,,-1.0987,none
2024-11-13,4059.590,4121.070,4059.590,4110.890,240484099,,,0.6156,none
2024-11-14,4101.220,4118.170,4034.940,4039.620,230152784,,,-1.7337,none
2024-11-15,4025.650,4049.070,3968.830,3968.830,247399463,,,-1.7524,none
2024-11-18,3982.100,4034.060,3931.190,3950.380,306777946,,,-0.4649,none
2024-11-19,3954.600,3979.150,3896.750,3976.890,242946465,,,0.6711,none
2024-11-20,3966.120,4001.080,3958.340,3985.770,184599372,,,0.2233,none
2024-11-21,3979.460,3999.570,3966.070,3989.300,166125927,,,0.0886,none
2024-11-22,3984.240,3990.260,3865.700,3865.700,216285809,,,-3.0983,none
2024-11-25,3875.610,3889.710,3812.320,3848.090,190702953,,,-0.4555,none
2024-11-26,3836.260,3875.230,3833.280,3840.180,149892441,,,-0.2056,none
2024-11-27,3829.340,3907.160,3817.910,3907.040,174136096,,,1.7411,none
2024-11-28,3904.250,3908.390,3866.010,3872.550,150117291,,,-0.8828,none
2024-11-29,3869.890,3962.700,3869.890,3916.580,187656713,,,1.1370,none
2024-12-02,3909.700,3955.130,3902.170,3947.630,197289784,,,0.7928,none
2024-12-03,3946.700,3963.950,3922.840,3951.890,182496867,,,0.1079,none
2024-12-04,3948.130,3957.370,3917.750,3930.560,174626318,,,-0.5397,none
2024-12-05,3916.560,3936.340,3910.080,3921.590,138534038,,,-0.2282,none
2024-12-06,3923.900,3995.120,3923.900,3973.140,192057907,,,1.3145,none
2024-12-09,3970.660,3995.510,3948.420,3966.570,175959958,,,-0.1654,none
2024-12-10,4094.050,4098.380,3988.970,3995.640,253463795,,,0.7329,none
2024-12-11,3988.020,4005.330,3977.350,3988.830,177252846,,,-0.1704,none
2024-12-12,3987.150,4031.740,3981.350,4028.500,181621777,,,0.9945,none
2024-12-13,4000.990,4000.990,3931.740,3933.180,230353079,,,-2.3661,none
2024-12-16,3930.780,3938.760,3901.650,3911.840,178511251,,,-0.5426,none
2024-12-17,3908.130,3955.950,3908.130,3922.030,160939090,,,0.2605,none
2024-12-18,3934.540,3956.140,3933.970,3941.890,157738321,,,0.5064,none
2024-12-19,3911.890,3954.350,3899.750,3945.460,161081040,,,0.0906,none
2024-12-20,3937.470,3958.630,3923.260,3927.740,154986496,,,-0.4491,none
2024-12-23,3928.150,3965.850,3928.150,3933.570,190067362,,,0.1484,none
2024-12-24,3934.940,3985.860,3934.730,3983.690,161494589,,,1.2742,none
2024-12-25,3987.960,4007.760,3969.480,3985.630,159390747,,,0.0487,none
2024-12-26,3981.730,3991.530,3965.550,3987.480,143425286,,,0.0464,none
2024-12-27,3987.020,4007.130,3970.940,3981.030,169268666,,,-0.1618,none
2024-12-30,3976.700,4005.780,3976.700,3999.050,164612485,,,0.4526,none
2024-12-31,3995.870,4004.350,3934.910,3934.910,183928397,,,-1.6039,none
2025-01-02,3931.820,3934.200,3796.340,3820.400,217898724,,,-2.9101,none
2025-01-03,3825.240,3835.940,3767.670,3775.160,175342676,,,-1.1842,none
2025-01-06,3775.990,3788.850,3743.070,3768.970,150946670,,,-0.1640,none
2025-01-07,3760.870,3797.600,3749.060,3796.110,146455779,,,0.7201,none
2025-01-08,3781.260,3810.740,3731.190,3789.220,169166968,,,-0.1815,none
2025-01-09,3780.730,3795.260,3768.680,3779.880,129794002,,,-0.2465,none
2025-01-10,3778.890,3786.810,3732.480,3732.480,137523171,,,-1.2540,none
2025-01-13,3704.440,3737.890,3704.110,3722.510,136446199,,,-0.2671,none
2025-01-14,3728.560,3826.640,3718.880,3820.540,170664657,,,2.6334,none
2025-01-15,3810.040,3816.830,3790.170,3796.030,141475520,,,-0.6415,none
2025-01-16,3812.190,3842.950,3776.290,3800.380,144505871,,,0.1146,none
2025-01-17,3788.370,3831.640,3780.210,3812.340,126621961,,,0.3147,none
2025-01-20,3835.300,3858.670,3821.980,3829.680,139581277,,,0.4548,none
2025-01-21,3850.360,3850.910,3817.120,3832.610,141218406,,,0.0765,none
2025-01-22,3823.940,3823.940,3783.140,3797.020,137255062,,,-0.9286,none
2025-01-23,3829.050,3864.260,3801.850,3803.740,180569551,,,0.1770,none
2025-01-24,3793.850,3847.600,3793.480,3832.860,148971722,,,0.7656,none
2025-01-27,3836.960,3852.000,3817.080,3817.080,146670772,,,-0.4117,none
2025-02-05,3844.700,3844.700,3785.160,3795.080,157168308,,,-0.5764,none
2025-02-06,3789.610,3843.490,3788.320,3842.830,167288176,,,1.2582,none
2025-02-07,3844.060,3919.350,3833.870,3892.700,221857707,,,1.2977,none
2025-02-10,3898.100,3906.370,3878.830,3901.060,188903040,,,0.2148,none
2025-02-11,3905.160,3905.160,3872.910,3883.140,166574909,,,-0.4594,none
2025-02-12,3875.960,3920.720,3867.350,3919.860,164228540,,,0.9456,none
2025-02-13,3913.900,3939.200,3904.980,3905.140,172485874,,,-0.3755,none
2025-02-14,3900.830,3942.040,3900.830,3939.010,172976452,,,0.8673,none
2025-02-17,3954.410,3955.900,3921.700,3947.400,213588246,,,0.2130,none
2025-02-18,3942.580,3965.420,3901.870,3912.780,209425101,,,-0.8770,none
2025-02-19,3906.220,3943.670,3904.150,3940.160,182829517,,,0.6998,none
2025-02-20,3934.650,3940.680,3916.180,3928.900,163895236,,,-0.2858,none
2025-02-21,3938.050,3981.050,3927.790,3978.440,227400330,,,1.2609,none
2025-02-24,3972.480,3995.950,3949.230,3969.720,220810618,,,-0.2192,none
2025-02-25,3933.640,3955.430,3915.650,3925.650,178108580,,,-1.1102,none
2025-02-26,3931.840,3960.330,3925.370,3959.940,191062501,,,0.8735,none
2025-02-27,3961.060,3973.930,3933.460,3968.120,202887963,,,0.2066,none
2025-02-28,3950.190,3972.480,3886.400,3890.050,198104147,,,-1.9674,none
2025-03-03,3899.700,3930.000,3872.590,3888.470,177623166,,,-0.0406,none
2025-03-04,3865.990,3890.420,3855.730,3885.220,149850967,,,-0.0836,none
2025-03-05,3887.800,3906.420,3877.020,3902.570,158652751,,,0.4466,none
2025-03-06,3923.380,3964.490,3917.080,3956.240,193960915,,,1.3752,none
2025-03-07,3944.910,3967.070,3935.050,3944.010,166732375,,,-0.3091,none
2025-03-10,3945.580,3949.140,3905.130,3928.800,152765232,,,-0.3856,none
2025-03-11,3890.430,3941.420,3889.430,3941.420,144754402,,,0.3212,none
2025-03-12,3946.860,3953.610,3921.470,3927.230,156732190,,,-0.3600,none
2025-03-13,3925.740,3939.290,3897.380,3911.580,156536443,,,-0.3985,none
2025-03-14,3919.620,4014.160,3919.620,4006.560,216139003,,,2.4282,none
2025-03-17,4020.640,4021.730,3992.260,3996.790,162202911,,,-0.2439,none
2025-03-18,4011.780,4016.870,3995.960,4007.720,140208496,,,0.2735,none
2025-03-19,4004.830,4025.300,3989.510,4010.170,144419428,,,0.0611,none
2025-03-20,4011.060,4012.040,3969.930,3974.990,133754670,,,-0.8773,none
2025-03-21,3966.510,3983.150,3904.770,3914.700,165905294,,,-1.5167,none
2025-03-24,3916.110,3938.180,3907.200,3934.850,152234674,,,0.5147,none
2025-03-25,3937.900,3946.360,3921.530,3932.300,140475399,,,-0.0648,none
2025-03-26,3930.210,3942.030,3916.860,3919.360,131164187,,,-0.3291,none
2025-03-27,3911.380,3952.990,3903.650,3932.410,126793738,,,0.3330,none
2025-03-28,3930.780,3934.230,3907.380,3915.170,126356214,,,-0.4384,none
2025-03-31,3905.980,3928.450,3872.400,3887.310,166798523,,,-0.7116,none
2025-04-01,3892.780,3905.260,3882.400,3887.680,140380274,,,0.0095,none
2025-04-02,3884.420,3900.490,3877.160,3884.390,113043175,,,-0.0846,none
2025-04-03,3843.420,3883.700,3843.420,3861.500,142599789,,,-0.5893,none
2025-04-07,3675.200,3707.780,3514.120,3589.440,312578586,,,-7.0454,none
2025-04-08,3597.990,3650.760,3583.870,3650.760,280197312,,,1.7083,none
2025-04-09,3606.100,3686.790,3587.340,3686.790,262305708,,,0.9869,none
2025-04-10,3749.130,3756.140,3708.820,3735.120,227252227,,,1.3109,none
2025-04-11,3730.310,3762.370,3708.460,3750.520,168759691,,,0.4123,none
2025-04-14,3772.040,3776.630,3754.030,3759.140,164462403,,,0.2298,none
2025-04-15,3756.480,3764.490,3737.850,3761.230,134006040,,,0.0556,none
2025-04-16,3757.880,3775.170,3721.600,3772.820,156359006,,,0.3081,none
2025-04-17,3755.090,3779.130,3749.500,3772.220,122371002,,,-0.0159,none
2025-04-18,3760.040,3782.040,3754.410,3772.520,102948509,,,0.0080,none
2025-04-21,3768.140,3790.180,3763.140,3784.880,121355730,,,0.3276,none
2025-04-22,3780.110,3799.230,3778.080,3783.950,125688257,,,-0.0246,none
2025-04-23,3803.430,3807.950,3780.520,3786.880,131986870,,,0.0774,none
2025-04-24,3787.460,3807.260,3775.210,3784.360,117164560,,,-0.0665,none
2025-04-25,3792.080,3801.580,3780.780,3786.990,124591133,,,0.0695,none
2025-04-28,3786.390,3792.010,3772.800,3781.620,125145091,,,-0.1418,none
2025-04-29,3776.000,3785.320,3768.030,3775.080,111514694,,,-0.1729,none
2025-04-30,3775.830,3787.560,3768.760,3770.570,143681658,,,-0.1195,none
2025-05-06,3794.380,3809.090,3782.780,3808.540,158520459,,,1.0070,none
2025-05-07,3861.580,3863.680,3814.990,3831.630,161172299,,,0.6063,none
2025-05-08,3820.550,3867.330,3816.260,3852.900,124959833,,,0.5551,none
2025-05-09,3848.620,3853.660,3836.530,3846.160,119389526,,,-0.1749,none
2025-05-12,3866.530,3890.730,3859.030,3890.610,153332460,,,1.1557,none
2025-05-13,3915.590,3915.590,3890.690,3896.260,147320299,,,0.1452,none
2025-05-14,3894.840,3960.520,3890.650,3943.210,172033779,,,1.2050,none
2025-05-15,3934.030,3936.470,3904.910,3907.200,138081749,,,-0.9132,none
2025-05-16,3898.670,3903.850,3874.860,3889.090,118405345,,,-0.4635,none
2025-05-19,3882.570,3885.590,3866.570,3877.150,98643414,,,-0.3070,none
2025-05-20,3883.100,3911.470,3881.740,3898.170,104885234,,,0.5422,none
2025-05-21,3899.440,3928.630,3899.440,3916.380,109791343,,,0.4671,none
2025-05-22,3912.600,3923.020,3903.090,3913.870,107597052,,,-0.0641,none
2025-05-23,3910.370,3931.550,3882.270,3882.270,120277419,,,-0.8074,none
2025-05-26,3875.790,3884.540,3849.040,3860.110,109601207,,,-0.5708,none
2025-05-27,3857.630,3865.430,3834.850,3839.400,98572425,,,-0.5365,none
2025-05-28,3843.070,3849.740,3833.960,3836.240,89031026,,,-0.0823,none
2025-05-29,3838.010,3869.790,3831.460,3858.700,108471886,,,0.5855,none
2025-05-30,3850.490,3858.610,3829.250,3840.230,111672228,,,-0.4787,none
2025-06-03,3833.460,3863.300,3832.720,3852.010,131403090,,,0.3068,none
2025-06-04,3855.490,3875.860,3855.490,3868.740,116803873,,,0.4343,none
2025-06-05,3872.640,3883.130,3861.270,3877.560,122878184,,,0.2280,none
2025-06-06,3878.100,3889.460,3869.390,3873.980,110987971,,,-0.0923,none
2025-06-09,3877.800,3894.650,3871.990,3885.250,136306293,,,0.2909,none
2025-06-10,3887.550,3897.460,3850.470,3865.470,145563859,,,-0.5091,none
2025-06-11,3870.670,3911.610,3870.670,3894.630,142414772,,,0.7544,none
2025-06-12,3885.520,3900.040,3870.380,3892.200,133998697,,,-0.0624,none
2025-06-13,3881.490,3889.160,3853.820,3864.180,172539536,,,-0.7199,none
2025-06-16,3853.620,3876.170,3853.620,3873.800,137341835,,,0.2490,none
2025-06-17,3875.180,3880.420,3860.410,3870.380,122342526,,,-0.0883,none
2025-06-18,3871.650,3881.350,3854.660,3874.970,127528621,,,0.1186,none
2025-06-19,3870.050,3872.940,3834.950,3843.090,130280658,,,-0.8227,none
2025-06-20,3839.780,3856.480,3839.780,3846.640,118151020,,,0.0924,none
2025-06-23,3831.170,3867.590,3827.080,3857.900,133800892,,,0.2927,none
2025-06-24,3862.390,3914.160,3862.390,3904.030,163656188,,,1.1957,none
2025-06-25,3907.070,3963.040,3902.180,3960.070,187213671,,,1.4354,none
2025-06-26,3953.160,3964.480,3945.260,3946.020,165316263,,,-0.3548,none
2025-06-27,3949.790,3969.260,3918.200,3921.760,194557913,,,-0.6148,none
2025-06-30,3920.310,3940.360,3911.600,3936.080,145170236,,,0.3651,none
2025-07-01,3935.910,3946.250,3924.720,3942.760,128959362,,,0.1697,none
2025-07-02,3943.320,3952.140,3929.700,3943.680,147063062,,,0.0233,none
2025-07-03,3949.400,3971.620,3945.140,3968.070,141004006,,,0.6185,none
2025-07-04,3967.460,4013.850,3958.380,3982.200,157197133,,,0.3561,none
2025-07-07,3977.290,3979.750,3956.570,3965.170,131135273,,,-0.4277,none
2025-07-08,3965.430,4002.270,3965.430,3998.450,156402895,,,0.8393,none
2025-07-09,3997.500,4016.740,3987.430,3991.400,173293796,,,-0.1763,none
2025-07-10,3993.420,4032.980,3992.520,4010.020,209778904,,,0.4665,none
2025-07-11,4011.470,4065.940,4010.110,4014.810,262052773,,,0.1195,none
2025-07-14,4021.210,4034.920,4017.670,4017.670,207917175,,,0.0712,none
2025-07-15,4023.990,4042.660,3994.260,4019.060,191042931,,,0.0346,none
2025-07-16,4019.390,4027.860,3993.920,4007.200,151027308,,,-0.2951,none
2025-07-17,4005.070,4034.590,4005.070,4034.490,161249041,,,0.6810,none
2025-07-18,4039.870,4064.640,4039.320,4058.550,186211063,,,0.5964,none
2025-07-21,4069.770,4086.120,4063.440,4085.610,223268476,,,0.6667,none
2025-07-22,4087.340,4119.200,4068.340,4118.960,257596985,,,0.8163,none
2025-07-23,4129.150,4155.680,4113.910,4119.770,300506154,,,0.0197,none
2025-07-24,4116.830,4152.430,4111.880,4149.040,319632392,,,0.7105,none
2025-07-25,4145.320,4150.500,4117.800,4127.160,273594963,,,-0.5274,none
2025-07-28,4128.200,4146.120,4112.970,4135.820,222759815,,,0.2098,none
2025-07-29,4132.680,4153.330,4117.580,4152.020,230807880,,,0.3917,none
2025-07-30,4148.940,4185.210,4127.430,4151.240,249853048,,,-0.0188,none
2025-07-31,4141.560,4141.820,4063.670,4075.590,267087406,,,-1.8223,none
2025-08-01,4069.930,4085.350,4040.460,4054.930,196221826,,,-0.5069,none
2025-08-04,4037.940,4070.700,4037.940,4070.700,162275902,,,0.3889,none
2025-08-05,4080.390,4106.300,4075.580,4103.450,178851999,,,0.8045,none
2025-08-06,4100.430,4116.710,4098.350,4113.490,176676155,,,0.2447,none
2025-08-07,4120.280,4129.740,4094.820,4114.670,198641902,,,0.0287,none
2025-08-08,4109.270,4122.210,4097.420,4104.970,173171201,,,-0.2357,none
2025-08-11,4110.290,4134.250,4103.600,4122.510,190443716,,,0.4273,none
2025-08-12,4123.580,4153.290,4121.220,4143.830,177287823,,,0.5172,none
2025-08-13,4150.500,4186.750,4147.200,4176.580,213934999,,,0.7903,none
2025-08-14,4179.970,4220.310,4165.940,4173.310,221103595,,,-0.0783,none
2025-08-15,4162.420,4214.730,4157.500,4202.350,261327566,,,0.6959,none
2025-08-18,4218.250,4272.960,4203.420,4239.410,301479102,,,0.8819,none
2025-08-19,4241.770,4264.230,4215.210,4223.370,250818771,,,-0.3784,none
2025-08-20,4208.400,4272.150,4190.560,4271.400,246481773,,,1.1372,none
2025-08-21,4284.370,4308.450,4273.650,4288.070,259030014,,,0.3903,none
2025-08-22,4287.360,4378.390,4287.360,4378.000,290434897,,,2.0972,none
2025-08-25,4416.290,4472.650,4404.780,4469.220,358090006,,,2.0836,none
2025-08-26,4453.350,4476.800,4435.530,4452.590,270621395,,,-0.3721,none
2025-08-27,4458.840,4494.910,4386.130,4386.130,333133898,,,-1.4926,none
2025-08-28,4378.040,4464.800,4364.170,4463.780,296834536,,,1.7704,none
2025-08-29,4455.800,4516.840,4452.360,4496.760,351938947,,,0.7388,none
2025-09-01,4516.880,4528.130,4487.530,4523.710,320366708,,,0.5993,none
2025-09-02,4521.980,4548.890,4454.420,4490.450,303932566,,,-0.7352,none
2025-09-03,4501.340,4510.730,4427.520,4459.830,254320217,,,-0.6819,none
2025-09-04,4461.250,4465.500,4327.510,4365.210,307934609,,,-2.1216,none
2025-09-05,4365.610,4466.560,4350.300,4460.320,249625657,,,2.1788,none
2025-09-08,4467.170,4482.760,4438.070,4467.570,267638382,,,0.1625,none
2025-09-09,4448.740,4472.090,4412.690,4436.260,221375460,,,-0.7008,none
2025-09-10,4438.300,4466.630,4414.590,4445.360,203597646,,,0.2051,none
2025-09-11,4438.840,4548.030,4427.920,4548.030,253264051,,,2.3096,none
2025-09-12,4544.590,4564.670,4517.790,4522.000,266442003,,,-0.5723,none
2025-09-15,4534.890,4566.910,4522.500,4533.060,231885678,,,0.2446,none
2025-09-16,4539.920,4552.420,4494.790,4523.340,249269206,,,-0.2144,none
2025-09-17,4517.290,4556.030,4503.800,4551.020,235716472,,,0.6119,none
2025-09-18,4546.030,4573.830,4454.990,4498.110,309859826,,,-1.1626,none
2025-09-19,4499.090,4533.090,4491.840,4501.920,225044000,,,0.0847,none
2025-09-22,4512.030,4523.870,4487.130,4522.610,196459956,,,0.4596,none
2025-09-23,4536.760,4560.730,4459.730,4519.780,252827062,,,-0.0626,none
2025-09-24,4495.270,4567.490,4494.110,4566.070,220482608,,,1.0242,none
2025-09-25,4563.980,4613.950,4558.840,4593.490,229823333,,,0.6005,none
2025-09-26,4576.910,4597.850,4550.050,4550.050,208482114,,,-0.9457,none
2025-09-29,4555.030,4647.570,4541.430,4620.050,274358877,,,1.5384,none
2025-09-30,4629.900,4647.500,4616.220,4640.690,247980359,,,0.4467,none
2025-10-09,4662.110,4726.340,4651.990,4709.480,347678696,,,1.4823,none
2025-10-10,4679.500,4692.590,4600.960,4616.830,319020899,,,-1.9673,none
2025-10-13,4490.870,4601.810,4490.870,4593.980,315010354,,,-0.4949,none
2025-10-14,4634.050,4641.450,4520.930,4539.060,372954030,,,-1.1955,none
2025-10-15,4544.240,4608.820,4526.830,4606.290,284771855,,,1.4811,none
2025-10-16,4588.920,4645.100,4586.280,4618.420,248235518,,,0.2633,none
2025-10-17,4610.700,4618.560,4509.330,4514.230,256905617,,,-2.2560,none
2025-10-20,4558.240,4570.440,4520.500,4538.220,218420405,,,0.5314,none
2025-10-21,4556.120,4615.460,4547.930,4607.870,215711175,,,1.5347,none
2025-10-22,4576.030,4603.490,4567.240,4592.570,185333960,,,-0.3320,none
2025-10-23,4578.700,4611.340,4541.690,4606.340,200463917,,,0.2998,none
2025-10-24,4622.790,4660.680,4622.790,4660.680,208814483,,,1.1797,none
2025-10-27,4699.380,4720.430,4687.690,4716.020,262200674,,,1.1874,none
2025-10-28,4697.730,4734.320,4679.230,4691.970,220906645,,,-0.5100,none
2025-10-29,4701.040,4747.840,4697.270,4747.840,246211324,,,1.1908,none
2025-10-30,4735.980,4761.830,4706.450,4709.910,273289118,,,-0.7989,none
2025-10-31,4702.490,4706.140,4640.670,4640.670,281464740,,,-1.4701,none
2025-11-03,4636.730,4653.400,4595.730,4653.400,239869809,,,0.2743,none
2025-11-04,4649.350,4665.320,4595.070,4618.700,233224032,,,-0.7457,none
2025-11-05,4562.110,4642.610,4558.760,4627.260,203045871,,,0.1853,none
2025-11-06,4642.010,4698.090,4642.010,4693.400,224241008,,,1.4294,none
2025-11-07,4673.760,4701.370,4666.040,4678.790,212497377,,,-0.3113,none
2025-11-10,4688.120,4695.180,4654.210,4695.050,236026764,,,0.3475,none
2025-11-11,4706.340,4707.130,4648.490,4652.170,186638858,,,-0.9133,none
2025-11-12,4643.560,4669.610,4620.990,4645.910,209460592,,,-0.1346,none
2025-11-13,4643.790,4703.490,4643.790,4702.070,207367474,,,1.2088,none
2025-11-14,4663.320,4684.260,4628.020,4628.140,192092676,,,-1.5723,none
2025-11-17,4616.810,4624.900,4580.260,4598.050,188955466,,,-0.6502,none
2025-11-18,4584.790,4606.620,4552.800,4568.190,177713185,,,-0.6494,none
2025-11-19,4568.040,4607.860,4568.040,4588.290,172924974,,,0.4400,none
2025-11-20,4619.540,4620.650,4560.180,4564.950,194562593,,,-0.5087,none
2025-11-21,4513.390,4527.040,4453.180,4453.610,222851013,,,-2.4390,none
2025-11-24,4473.160,4478.810,4421.810,4448.050,185833729,,,-0.1248,none
2025-11-25,4475.840,4510.770,4467.350,4490.400,169571929,,,0.9521,none
2025-11-26,4490.200,4538.140,4485.700,4517.630,156200368,,,0.6064,none
2025-11-27,4520.010,4559.220,4509.860,4515.400,150311772,,,-0.0494,none
2025-11-28,4511.500,4531.720,4492.430,4526.660,142902096,,,0.2494,none
2025-12-01,4539.190,4576.970,4531.290,4576.490,200382317,,,1.1008,none
2025-12-02,4571.910,4575.490,4539.430,4554.330,148493132,,,-0.4842,none
2025-12-03,4554.590,4569.820,4523.500,4531.050,169762790,,,-0.5112,none
2025-12-04,4533.600,4557.420,4514.190,4546.570,147198110,,,0.3425,none
2025-12-05,4547.910,4593.830,4535.020,4584.540,196799968,,,0.8351,none
2025-12-08,4593.140,4640.630,4592.740,4621.750,199620990,,,0.8116,none
2025-12-09,4611.380,4628.700,4584.250,4598.220,184160344,,,-0.5091,none
2025-12-10,4586.250,4598.540,4549.080,4591.830,169111106,,,-0.1390,none
2025-12-11,4597.190,4610.280,4547.140,4552.180,168419405,,,-0.8635,none
2025-12-12,4558.740,4583.680,4530.780,4580.950,212826520,,,0.6320,none
2025-12-15,4550.000,4595.050,4548.440,4552.060,167589967,,,-0.6307,none
2025-12-16,4542.420,4553.080,4484.270,4497.550,165165201,,,-1.1975,none
2025-12-17,4499.770,4594.660,4498.930,4579.880,178424830,,,1.8306,none
2025-12-18,4553.980,4571.970,4544.140,4552.790,151681328,,,-0.5915,none
2025-12-19,4561.370,4591.090,4546.850,4568.180,154876220,,,0.3380,none
2025-12-22,4587.670,4615.870,4587.670,4611.620,165252856,,,0.9509,none
2025-12-23,4616.030,4644.530,4607.800,4620.730,169256412,,,0.1975,none
2025-12-24,4623.680,4639.430,4602.140,4634.060,153711241,,,0.2885,none
2025-12-25,4629.320,4651.150,4621.920,4642.540,139434186,,,0.1830,none
2025-12-26,4639.790,4676.130,4635.110,4657.240,175396565,,,0.3166,none
2025-12-29,4658.270,4672.040,4629.060,4639.370,200397133,,,-0.3837,none
2025-12-30,4617.320,4664.330,4616.630,4651.280,180374974,,,0.2567,none
2025-12-31,4656.480,4667.050,4622.100,4629.940,170760224,,,-0.4588,none
2026-01-05,4661.620,4721.640,4661.620,4717.750,234144839,,,1.8966,none
2026-01-06,4719.210,4790.690,4718.010,4790.690,296970686,,,1.5461,none
2026-01-07,4796.930,4802.600,4751.070,4776.670,259095564,,,-0.2927,none
2026-01-08,4761.010,4765.490,4717.010,4737.650,238804957,,,-0.8169,none
2026-01-09,4725.960,4771.430,4719.130,4758.920,254688038,,,0.4490,none
2026-01-12,4769.650,4795.930,4737.570,4789.920,294833165,,,0.6514,none
2026-01-13,4798.050,4836.950,4745.520,4761.030,301449497,,,-0.6031,none
2026-01-14,4767.700,4818.100,4720.250,4741.930,364951023,,,-0.4012,none
2026-01-15,4721.800,4769.550,4720.940,4751.430,254003636,,,0.2003,none
2026-01-16,4778.430,4792.550,4715.360,4731.870,325278929,,,-0.4117,none
2026-01-19,4720.190,4761.630,4715.090,4734.460,267612492,,,0.0547,none
2026-01-20,4736.910,4748.230,4684.970,4718.880,282719579,,,-0.3291,none
2026-01-21,4714.550,4758.280,4714.240,4723.070,266353332,,,0.0888,none
2026-01-22,4741.750,4757.760,4700.450,4723.710,274199932,,,0.0136,none
2026-01-23,4729.590,4734.790,4684.620,4702.500,314635445,,,-0.4490,none
2026-01-26,4715.380,4754.180,4693.160,4706.960,363004481,,,0.0948,none
2026-01-27,4705.170,4736.990,4675.640,4705.690,301475697,,,-0.0270,none
2026-01-28,4725.600,4739.630,4697.910,4717.990,382255602,,,0.2614,none
2026-01-29,4733.090,4770.960,4696.050,4753.870,415513055,,,0.7605,none
2026-01-30,4723.080,4738.870,4645.470,4706.340,319786531,,,-0.9998,none
2026-02-02,4674.280,4716.610,4601.760,4605.980,304773500,,,-2.1324,none
2026-02-03,4648.360,4662.130,4578.210,4660.110,265549405,,,1.1752,none
2026-02-04,4647.970,4701.480,4641.840,4698.680,264881032,,,0.8277,none
2026-02-05,4664.750,4687.020,4639.430,4670.420,237856351,,,-0.6014,none
2026-02-06,4622.970,4678.260,4606.640,4643.600,202716477,,,-0.5743,none
2026-02-09,4693.670,4719.960,4679.900,4719.060,207251938,,,1.6250,none
2026-02-10,4718.260,4732.090,4713.870,4724.300,187000958,,,0.1110,none
2026-02-11,4715.670,4723.700,4703.690,4713.820,173391681,,,-0.2218,none
2026-02-12,4720.010,4726.040,4707.740,4719.580,197841439,,,0.1222,none
2026-02-13,4693.410,4703.630,4658.400,4660.410,189167756,,,-1.2537,none
2026-02-24,4727.300,4727.370,4698.350,4707.540,218488890,,,1.0113,none
2026-02-25,4713.580,4766.560,4713.340,4735.890,284268354,,,0.6022,none
2026-02-26,4741.390,4742.150,4706.690,4726.870,234847644,,,-0.1905,none
2026-02-27,4698.300,4721.010,4692.890,4710.650,261420865,,,-0.3431,none
2026-03-02,4681.010,4735.410,4667.280,4728.670,349260752,,,0.3825,none
2026-03-03,4737.320,4744.600,4651.400,4655.900,370624272,,,-1.5389,none
2026-03-04,4609.190,4639.420,4575.820,4602.620,303035666,,,-1.1444,none
2026-03-05,4651.940,4671.530,4630.300,4647.690,259317825,,,0.9792,none
2026-03-06,4621.490,4671.710,4612.790,4660.440,238527926,,,0.2743,none
2026-03-09,4600.250,4625.980,4548.970,4615.460,322787617,,,-0.9651,none
2026-03-10,4648.790,4677.600,4648.790,4674.760,263903748,,,1.2848,none
2026-03-11,4681.030,4711.870,4674.710,4704.500,270175443,,,0.6362,none
2026-03-12,4700.720,4704.380,4654.310,4687.560,302986816,,,-0.3601,none
2026-03-13,4669.060,4707.420,4659.500,4669.140,310772009,,,-0.3930,none
2026-03-16,4669.220,4673.690,4621.810,4671.560,296215070,,,0.0518,none
2026-03-17,4685.570,4720.860,4637.370,4637.440,263021913,,,-0.7304,none
2026-03-18,4648.750,4662.290,4604.520,4658.330,234690705,,,0.4505,none
2026-03-19,4611.440,4634.550,4570.390,4583.250,254130449,,,-1.6117,none
2026-03-20,4602.820,4628.710,4563.070,4567.020,257873703,,,-0.3541,none
2026-03-23,4499.100,4514.720,4397.570,4418.000,328081945,,,-3.2630,none
2026-03-24,4458.910,4474.830,4394.290,4474.720,255532517,,,1.2838,none
2026-03-25,4506.620,4542.180,4502.030,4537.470,262639279,,,1.4023,none
2026-03-26,4525.330,4541.050,4468.960,4477.530,213736788,,,-1.3210,none
2026-03-27,4431.500,4519.890,4431.420,4502.570,192400388,,,0.5592,none
2026-03-30,4461.740,4496.410,4447.140,4491.950,209293092,,,-0.2359,none
2026-03-31,4491.920,4523.170,4450.050,4450.050,224541585,,,-0.9328,none
2026-04-01,4517.270,4532.110,4492.050,4526.070,216483196,,,1.7083,none
2026-04-02,4514.440,4519.690,4459.610,4478.910,190992161,,,-1.0420,none
2026-04-03,4492.850,4494.460,4437.600,4440.790,168321705,,,-0.8511,none
2026-04-07,4445.860,4458.930,4420.690,4440.620,162638787,,,-0.0038,none
2026-04-08,4517.340,4595.560,4513.770,4595.560,253339213,,,3.4892,none
2026-04-09,4562.670,4579.200,4552.420,4566.220,184939783,,,-0.6384,none
2026-04-10,4594.950,4655.100,4590.110,4636.570,208678605,,,1.5407,none
2026-04-13,4615.130,4653.400,4615.130,4646.150,196712277,,,0.2066,none
2026-04-14,4676.120,4701.280,4654.850,4701.280,204700332,,,1.1866,none
2026-04-15,4726.640,4731.270,4672.560,4685.250,201688500,,,-0.3410,none
2026-04-16,4694.430,4739.220,4689.410,4736.610,192057600,,,1.0962,none
2026-04-17,4729.000,4738.320,4714.470,4728.670,182915336,,,-0.1676,none
2026-04-20,4727.170,4763.040,4720.690,4757.440,221633494,,,0.6084,none
2026-04-21,4750.510,4776.830,4722.010,4768.000,205614058,,,0.2220,none
2026-04-22,4751.280,4801.450,4750.350,4799.630,204481830,,,0.6634,none
2026-04-23,4816.030,4823.470,4759.860,4786.330,232865736,,,-0.2771,none
2026-04-24,4771.730,4786.440,4735.610,4769.370,193798314,,,-0.3543,none
2026-04-27,4776.340,4795.170,4762.640,4770.950,192796550,,,0.0331,none
2026-04-28,4757.080,4778.190,4743.440,4758.210,216724233,,,-0.2670,none
2026-04-29,4737.580,4813.610,4737.110,4810.350,233298110,,,1.0958,none
2026-04-30,4820.970,4829.270,4797.540,4807.310,250633370,,,-0.0632,none
2026-05-06,4857.650,4892.800,4834.280,4877.090,274443880,,,1.4515,none
2026-05-07,4895.800,4901.860,4866.870,4900.510,257833972,,,0.4802,none
2026-05-08,4871.120,4887.210,4849.990,4871.910,251720996,,,-0.5836,none
2026-05-11,4902.280,4960.400,4889.570,4951.840,305734801,,,1.6406,none
2026-05-12,4965.020,4971.300,4926.790,4948.050,273812001,,,-0.0765,none
2026-05-13,4919.420,5001.120,4919.420,4998.340,268454537,,,1.0164,none
2026-05-14,5027.640,5030.520,4913.600,4914.600,280695379,,,-1.6754,none
2026-05-15,4911.620,4935.620,4832.690,4859.590,276967769,,,-1.1193,none
2026-05-18,4836.330,4868.600,4806.150,4833.520,239077587,,,-0.5365,none
2026-05-19,4818.710,4854.520,4773.530,4852.880,232280852,,,0.4005,none
2026-05-20,4829.610,4866.210,4825.640,4850.700,220023206,,,-0.0449,none
2026-05-21,4886.240,4937.930,4780.710,4783.100,287342507,,,-1.3936,none
2026-05-22,4818.840,4851.350,4785.350,4845.100,286940435,,,1.2962,none
2026-05-25,4873.200,4922.440,4857.130,4921.600,264743236,,,1.5789,none
2026-05-26,4900.120,4952.740,4892.680,4947.850,302799476,,,0.5334,none
2026-05-27,4940.950,4974.210,4891.340,4908.170,301709175,,,-0.8020,none
2026-05-28,4889.270,4922.330,4843.230,4914.210,267432731,,,0.1231,none
2026-05-29,4937.510,4954.070,4878.790,4892.120,332518610,,,-0.4495,none
2026-06-01,4897.900,4918.790,4836.690,4844.260,296134051,,,-0.9783,none
2026-06-02,4860.610,4930.280,4832.000,4914.560,281731662,,,1.4512,none
2026-06-03,4921.340,4991.850,4904.900,4938.810,304035947,,,0.4934,none
2026-06-04,4897.320,4938.780,4889.750,4904.750,264808910,,,-0.6896,none
2026-06-05,4886.960,4924.340,4798.910,4816.920,301929336,,,-1.7907,none
2026-06-08,4703.770,4779.860,4677.570,4713.640,299647565,,,-2.1441,none
2026-06-09,4743.450,4802.500,4715.390,4801.810,258391601,,,1.8705,none
2026-06-10,4753.120,4786.520,4718.990,4748.590,259297109,,,-1.1083,none
2026-06-11,4730.070,4766.170,4685.500,4722.410,247177059,,,-0.5513,none
2026-06-12,4784.640,4809.860,4757.560,4777.320,335922063,,,1.1628,none
2026-06-15,4829.290,4892.550,4803.180,4891.710,331316076,,,2.3944,none
2026-06-16,4894.880,4908.280,4866.060,4884.230,282584743,,,-0.1529,none
2026-06-17,4859.700,4933.930,4859.700,4931.390,276053950,,,0.9656,none
2026-06-18,4916.040,4976.890,4916.040,4941.600,334459902,,,0.2070,none
2026-06-22,4949.350,5061.510,4928.460,5059.660,375100124,,,2.3891,none
2026-06-23,5048.030,5064.270,4892.090,4919.390,342719336,,,-2.7723,none
2026-06-24,4900.380,4953.230,4892.270,4943.020,312249025,,,0.4803,none
2026-06-25,4950.980,5032.000,4944.880,5020.100,346664289,,,1.5594,none
2026-06-26,4981.830,4981.980,4845.190,4868.220,341179238,,,-3.0254,none
2026-06-29,4866.040,4928.600,4827.150,4926.920,323216134,,,1.2058,none
2026-06-30,4914.490,4987.560,4914.490,4979.430,306150226,,,1.0658,none
2026-07-01,4972.690,5017.380,4925.630,4958.980,342934747,,,-0.4107,none
2026-07-02,4865.170,4896.990,4800.480,4812.300,343243758,,,-2.9579,none
2026-07-03,4809.500,4890.970,4809.500,4842.170,301067568,,,0.6207,none
2026-07-06,4868.540,4878.320,4789.800,4842.000,294050543,,,-0.0035,none
2026-07-07,4813.870,4839.510,4756.730,4792.260,246305999,,,-1.0273,none
2026-07-08,4804.480,4830.050,4751.400,4755.530,243928749,,,-0.7664,none
2026-07-09,4774.400,4882.850,4734.870,4876.310,281627705,,,2.5398,none
2026-07-10,4887.540,4906.490,4780.750,4780.790,304130286,,,-1.9589,none
2026-07-13,4745.440,4775.240,4670.250,4695.380,278634853,,,-1.7865,none
2026-07-14,4691.120,4796.500,4649.040,4796.500,283250986,,,2.1536,none
2026-07-15,4797.940,4826.860,4772.040,4786.780,278692669,,,-0.2026,none
2026-07-16,4711.530,4771.060,4673.350,4698.430,251560977,,,-1.8457,none
2026-07-17,4661.620,4663.530,4492.090,4529.100,302629886,,,-3.6040,none
2026-07-20,4575.670,4628.800,4521.180,4598.320,333116058,,,1.5283,none
2026-07-21,4630.850,4739.230,4566.280,4739.230,345403590,,,3.0644,none
2026-07-22,4710.660,4772.080,4692.830,4717.240,285556357,,,-0.4640,none
2026-07-23,4735.170,4737.510,4698.870,4728.000,247331675,,,0.2281,none
2026-07-24,4685.410,4704.080,4642.940,4649.190,221261212,,,-1.6669,none
2026-07-27,4656.030,4702.520,4615.530,4702.430,204786941,,,1.1451,none
2026-07-28,4623.800,4646.490,4552.230,4569.520,215705045,,,-2.8264,none
2026-07-29,4582.090,4626.710,4516.320,4600.260,248082357,,,0.6727,none
2026-07-30,4566.050,4596.210,4478.210,4549.720,274651130,,,-1.0986,none
2026-07-31,4623.850,4635.590,4588.200,4588.200,279243698,,,0.8458,none
2026-08-03,4561.820,4572.590,4529.190,4543.180,232042584,,,-0.9812,none
2026-08-04,4566.940,4613.690,4555.250,4600.930,242073611,,,1.2711,none
2026-08-05,4550.190,4679.860,4550.190,4658.150,276921919,,,1.2437,none
2026-08-06,4621.800,4675.650,4611.070,4651.310,247510730,,,-0.1468,none
2026-08-07,4656.100,4706.730,4649.580,4694.440,239072020,,,0.9273,none
2026-08-10,4698.820,4714.460,4659.470,4702.020,213075996,,,0.1615,none
2026-08-11,4689.450,4715.880,4660.470,4663.790,209699098,,,-0.8131,none
2026-08-12,4660.470,4700.430,4657.690,4690.920,184939148,,,0.5817,none
2026-08-13,4716.970,4727.230,4661.880,4663.950,215499615,,,-0.5749,none
2026-08-14,4672.980,4676.710,4637.130,4665.880,178430696,,,0.0414,none
2026-08-17,4672.280,4742.400,4662.720,4741.100,190569286,,,1.6121,none
2026-08-18,4734.070,4744.010,4687.530,4725.810,204245514,,,-0.3225,none
2026-08-19,4660.060,4674.380,4568.070,4588.700,244070090,,,-2.9013,none
2026-08-20,4613.300,4631.130,4569.230,4592.750,200874189,,,0.0883,none
2026-08-21,4585.440,4629.000,4579.260,4618.900,171075891,,,0.5694,none
2026-08-24,4620.950,4621.390,4527.490,4563.130,206616872,,,-1.2074,none
2026-08-25,4542.240,4573.380,4523.020,4552.030,171510168,,,-0.2433,none
2026-08-26,4549.430,4612.040,4542.840,4590.790,184578169,,,0.8515,none
2026-08-27,4594.480,4631.350,4584.990,4630.280,202017250,,,0.8602,none
2026-08-28,4615.840,4643.340,4608.460,4609.180,180989495,,,-0.4557,none
2026-08-31,4561.990,4625.090,4557.350,4625.090,237447640,,,0.3452,none
2026-09-01,4618.730,4640.080,4604.770,4611.440,214869581,,,-0.2951,none
2026-09-02,4581.510,4583.270,4534.390,4547.960,186991888,,,-1.3766,none
2026-09-03,4570.910,4585.990,4536.920,4552.580,182244060,,,0.1016,none
2026-09-04,4575.320,4602.200,4530.760,4548.050,196997428,,,-0.0995,none
2026-09-07,4567.890,4580.700,4545.410,4575.020,183218470,,,0.5930,none
2026-09-08,4575.990,4587.730,4546.310,4558.740,173566694,,,-0.3558,none
2026-09-09,4578.510,4581.900,4548.360,4572.600,158004433,,,0.3040,none
2026-09-10,4550.190,4569.830,4533.660,4548.390,146922552,,,-0.5295,none
2026-09-11,4514.300,4520.170,4461.570,4510.160,204230027,,,-0.8405,none
2026-09-14,4474.950,4504.490,4473.270,4480.080,149488418,,,-0.6669,none
2026-09-15,4473.810,4496.960,4444.630,4450.040,142718095,,,-0.6705,none
2026-09-16,4449.880,4483.360,4417.600,4480.270,163494523,,,0.6793,none
2026-09-17,4463.620,4495.830,4453.920,4460.160,170025642,,,-0.4489,none
2026-09-18,4492.320,4523.090,4480.590,4507.390,189924166,,,1.0589,none
